signal_id,signal_time,entry_time,exit_time,year,trade_date,side,fib_entry,target_r,entry_price,stop_price,target_price,risk_points,result,pnl_points,bars_held,mfe_points,mae_points,exit_reason,orb_high,orb_low,signal_open,signal_high,signal_low,signal_close,signal_volume,body_pct,bias15
0,2018-02-05T14:05:00.000000,2018-02-05T14:10:00.000000,2018-02-05T15:05:00.000000,2018,2018-02-05,SHORT,fib382,1.0,6585.676,6726.5,6444.852000000001,140.82399999999961,WIN,140.82399999999961,12,195.67600000000039,-59.573999999999614,target,6726.5,6682.5,6603.25,6617.0,6535.0,6538.25,28429.0,79.26829268292683,-1
0,2018-02-05T14:05:00.000000,2018-02-05T14:10:00.000000,2018-02-05T17:20:00.000000,2018,2018-02-05,SHORT,fib382,1.5,6585.676,6726.5,6374.4400000000005,140.82399999999961,WIN,106.67600000000039,24,197.92600000000039,-59.573999999999614,time_exit,6726.5,6682.5,6603.25,6617.0,6535.0,6538.25,28429.0,79.26829268292683,-1
0,2018-02-05T14:05:00.000000,2018-02-05T14:10:00.000000,2018-02-05T17:20:00.000000,2018,2018-02-05,SHORT,fib382,2.0,6585.676,6726.5,6304.028000000001,140.82399999999961,WIN,106.67600000000039,24,197.92600000000039,-59.573999999999614,time_exit,6726.5,6682.5,6603.25,6617.0,6535.0,6538.25,28429.0,79.26829268292683,-1
0,2018-02-05T14:05:00.000000,2018-02-05T14:10:00.000000,2018-02-05T15:05:00.000000,2018,2018-02-05,SHORT,fib50,1.0,6576.0,6726.5,6425.5,150.5,WIN,150.5,12,186.0,-69.25,target,6726.5,6682.5,6603.25,6617.0,6535.0,6538.25,28429.0,79.26829268292683,-1
0,2018-02-05T14:05:00.000000,2018-02-05T14:10:00.000000,2018-02-05T17:20:00.000000,2018,2018-02-05,SHORT,fib50,1.5,6576.0,6726.5,6350.25,150.5,WIN,97.0,24,188.25,-69.25,time_exit,6726.5,6682.5,6603.25,6617.0,6535.0,6538.25,28429.0,79.26829268292683,-1
0,2018-02-05T14:05:00.000000,2018-02-05T14:10:00.000000,2018-02-05T17:20:00.000000,2018,2018-02-05,SHORT,fib50,2.0,6576.0,6726.5,6275.0,150.5,WIN,97.0,24,188.25,-69.25,time_exit,6726.5,6682.5,6603.25,6617.0,6535.0,6538.25,28429.0,79.26829268292683,-1
1,2018-04-26T14:00:00.000000,,,2018,2018-04-26,LONG,fib382,1.0,6680.6105,6626.25,6734.971,54.360499999999774,NO_ENTRY,0.0,0,0.0,0.0,no_entry_or_no_exit,6645.0,6626.25,6655.0,6731.75,6649.0,6723.0,17535.0,82.17522658610272,1
1,2018-04-26T14:00:00.000000,,,2018,2018-04-26,LONG,fib382,1.5,6680.6105,6626.25,6762.151249999999,54.360499999999774,NO_ENTRY,0.0,0,0.0,0.0,no_entry_or_no_exit,6645.0,6626.25,6655.0,6731.75,6649.0,6723.0,17535.0,82.17522658610272,1
1,2018-04-26T14:00:00.000000,,,2018,2018-04-26,LONG,fib382,2.0,6680.6105,6626.25,6789.331499999999,54.360499999999774,NO_ENTRY,0.0,0,0.0,0.0,no_entry_or_no_exit,6645.0,6626.25,6655.0,6731.75,6649.0,6723.0,17535.0,82.17522658610272,1
1,2018-04-26T14:00:00.000000,,,2018,2018-04-26,LONG,fib50,1.0,6690.375,6626.25,6754.5,64.125,NO_ENTRY,0.0,0,0.0,0.0,no_entry_or_no_exit,6645.0,6626.25,6655.0,6731.75,6649.0,6723.0,17535.0,82.17522658610272,1
1,2018-04-26T14:00:00.000000,,,2018,2018-04-26,LONG,fib50,1.5,6690.375,6626.25,6786.5625,64.125,NO_ENTRY,0.0,0,0.0,0.0,no_entry_or_no_exit,6645.0,6626.25,6655.0,6731.75,6649.0,6723.0,17535.0,82.17522658610272,1
1,2018-04-26T14:00:00.000000,,,2018,2018-04-26,LONG,fib50,2.0,6690.375,6626.25,6818.625,64.125,NO_ENTRY,0.0,0,0.0,0.0,no_entry_or_no_exit,6645.0,6626.25,6655.0,6731.75,6649.0,6723.0,17535.0,82.17522658610272,1
2,2018-10-25T14:00:00.000000,,,2018,2018-10-25,SHORT,fib382,1.0,6989.053,6997.75,6980.356,8.697000000000116,NO_ENTRY,0.0,0,0.0,0.0,no_entry_or_no_exit,6997.75,6962.75,7030.5,7030.5,6922.0,6933.25,23626.0,89.63133640552995,-1
2,2018-10-25T14:00:00.000000,,,2018,2018-10-25,SHORT,fib382,1.5,6989.053,6997.75,6976.0075,8.697000000000116,NO_ENTRY,0.0,0,0.0,0.0,no_entry_or_no_exit,6997.75,6962.75,7030.5,7030.5,6922.0,6933.25,23626.0,89.63133640552995,-1
2,2018-10-25T14:00:00.000000,,,2018,2018-10-25,SHORT,fib382,2.0,6989.053,6997.75,6971.659,8.697000000000116,NO_ENTRY,0.0,0,0.0,0.0,no_entry_or_no_exit,6997.75,6962.75,7030.5,7030.5,6922.0,6933.25,23626.0,89.63133640552995,-1
2,2018-10-25T14:00:00.000000,,,2018,2018-10-25,SHORT,fib50,1.0,6976.25,6997.75,6954.75,21.5,NO_ENTRY,0.0,0,0.0,0.0,no_entry_or_no_exit,6997.75,6962.75,7030.5,7030.5,6922.0,6933.25,23626.0,89.63133640552995,-1
2,2018-10-25T14:00:00.000000,,,2018,2018-10-25,SHORT,fib50,1.5,6976.25,6997.75,6944.0,21.5,NO_ENTRY,0.0,0,0.0,0.0,no_entry_or_no_exit,6997.75,6962.75,7030.5,7030.5,6922.0,6933.25,23626.0,89.63133640552995,-1
2,2018-10-25T14:00:00.000000,,,2018,2018-10-25,SHORT,fib50,2.0,6976.25,6997.75,6933.25,21.5,NO_ENTRY,0.0,0,0.0,0.0,no_entry_or_no_exit,6997.75,6962.75,7030.5,7030.5,6922.0,6933.25,23626.0,89.63133640552995,-1
4,2018-12-19T13:40:00.000000,,,2018,2018-12-19,SHORT,fib382,1.0,6494.3055,6541.5,6447.111000000001,47.19449999999961,NO_ENTRY,0.0,0,0.0,0.0,no_entry_or_no_exit,6541.5,6493.0,6530.5,6530.5,6435.75,6438.75,16660.0,96.83377308707124,-1
4,2018-12-19T13:40:00.000000,,,2018,2018-12-19,SHORT,fib382,1.5,6494.3055,6541.5,6423.513750000001,47.19449999999961,NO_ENTRY,0.0,0,0.0,0.0,no_entry_or_no_exit,6541.5,6493.0,6530.5,6530.5,6435.75,6438.75,16660.0,96.83377308707124,-1
4,2018-12-19T13:40:00.000000,,,2018,2018-12-19,SHORT,fib382,2.0,6494.3055,6541.5,6399.916500000001,47.19449999999961,NO_ENTRY,0.0,0,0.0,0.0,no_entry_or_no_exit,6541.5,6493.0,6530.5,6530.5,6435.75,6438.75,16660.0,96.83377308707124,-1
4,2018-12-19T13:40:00.000000,,,2018,2018-12-19,SHORT,fib50,1.0,6483.125,6541.5,6424.75,58.375,NO_ENTRY,0.0,0,0.0,0.0,no_entry_or_no_exit,6541.5,6493.0,6530.5,6530.5,6435.75,6438.75,16660.0,96.83377308707124,-1
4,2018-12-19T13:40:00.000000,,,2018,2018-12-19,SHORT,fib50,1.5,6483.125,6541.5,6395.5625,58.375,NO_ENTRY,0.0,0,0.0,0.0,no_entry_or_no_exit,6541.5,6493.0,6530.5,6530.5,6435.75,6438.75,16660.0,96.83377308707124,-1
4,2018-12-19T13:40:00.000000,,,2018,2018-12-19,SHORT,fib50,2.0,6483.125,6541.5,6366.375,58.375,NO_ENTRY,0.0,0,0.0,0.0,no_entry_or_no_exit,6541.5,6493.0,6530.5,6530.5,6435.75,6438.75,16660.0,96.83377308707124,-1
5,2018-12-19T14:00:00.000000,2018-12-19T14:10:00.000000,2018-12-19T17:20:00.000000,2018,2018-12-19,SHORT,fib382,1.0,6371.5325,6541.5,6201.5650000000005,169.96749999999975,WIN,10.282500000000255,24,49.782500000000255,-22.217499999999745,time_exit,6541.5,6493.0,6397.5,6398.75,6327.5,6329.0,18221.0,96.14035087719299,-1
5,2018-12-19T14:00:00.000000,2018-12-19T14:10:00.000000,2018-12-19T17:20:00.000000,2018,2018-12-19,SHORT,fib382,1.5,6371.5325,6541.5,6116.581250000001,169.96749999999975,WIN,10.282500000000255,24,49.782500000000255,-22.217499999999745,time_exit,6541.5,6493.0,6397.5,6398.75,6327.5,6329.0,18221.0,96.14035087719299,-1
5,2018-12-19T14:00:00.000000,2018-12-19T14:10:00.000000,2018-12-19T17:20:00.000000,2018,2018-12-19,SHORT,fib382,2.0,6371.5325,6541.5,6031.597500000001,169.96749999999975,WIN,10.282500000000255,24,49.782500000000255,-22.217499999999745,time_exit,6541.5,6493.0,6397.5,6398.75,6327.5,6329.0,18221.0,96.14035087719299,-1
5,2018-12-19T14:00:00.000000,2018-12-19T14:05:00.000000,2018-12-19T17:15:00.000000,2018,2018-12-19,SHORT,fib50,1.0,6363.125,6541.5,6184.75,178.375,WIN,4.125,24,61.875,-30.625,time_exit,6541.5,6493.0,6397.5,6398.75,6327.5,6329.0,18221.0,96.14035087719299,-1
5,2018-12-19T14:00:00.000000,2018-12-19T14:05:00.000000,2018-12-19T17:15:00.000000,2018,2018-12-19,SHORT,fib50,1.5,6363.125,6541.5,6095.5625,178.375,WIN,4.125,24,61.875,-30.625,time_exit,6541.5,6493.0,6397.5,6398.75,6327.5,6329.0,18221.0,96.14035087719299,-1
5,2018-12-19T14:00:00.000000,2018-12-19T14:05:00.000000,2018-12-19T17:15:00.000000,2018,2018-12-19,SHORT,fib50,2.0,6363.125,6541.5,6006.375,178.375,WIN,4.125,24,61.875,-30.625,time_exit,6541.5,6493.0,6397.5,6398.75,6327.5,6329.0,18221.0,96.14035087719299,-1
7,2019-08-01T11:25:00.000000,,,2019,2019-08-01,SHORT,fib382,1.0,7971.423,7978.5,7964.346,7.0770000000002256,NO_ENTRY,0.0,0,0.0,0.0,no_entry_or_no_exit,7978.5,7962.75,7998.5,7999.5,7926.0,7933.0,27917.0,89.1156462585034,-1
7,2019-08-01T11:25:00.000000,,,2019,2019-08-01,SHORT,fib382,1.5,7971.423,7978.5,7960.807499999999,7.0770000000002256,NO_ENTRY,0.0,0,0.0,0.0,no_entry_or_no_exit,7978.5,7962.75,7998.5,7999.5,7926.0,7933.0,27917.0,89.1156462585034,-1
7,2019-08-01T11:25:00.000000,,,2019,2019-08-01,SHORT,fib382,2.0,7971.423,7978.5,7957.268999999999,7.0770000000002256,NO_ENTRY,0.0,0,0.0,0.0,no_entry_or_no_exit,7978.5,7962.75,7998.5,7999.5,7926.0,7933.0,27917.0,89.1156462585034,-1
7,2019-08-01T11:25:00.000000,,,2019,2019-08-01,SHORT,fib50,1.0,7962.75,7978.5,7947.0,15.75,NO_ENTRY,0.0,0,0.0,0.0,no_entry_or_no_exit,7978.5,7962.75,7998.5,7999.5,7926.0,7933.0,27917.0,89.1156462585034,-1
7,2019-08-01T11:25:00.000000,,,2019,2019-08-01,SHORT,fib50,1.5,7962.75,7978.5,7939.125,15.75,NO_ENTRY,0.0,0,0.0,0.0,no_entry_or_no_exit,7978.5,7962.75,7998.5,7999.5,7926.0,7933.0,27917.0,89.1156462585034,-1
7,2019-08-01T11:25:00.000000,,,2019,2019-08-01,SHORT,fib50,2.0,7962.75,7978.5,7931.25,15.75,NO_ENTRY,0.0,0,0.0,0.0,no_entry_or_no_exit,7978.5,7962.75,7998.5,7999.5,7926.0,7933.0,27917.0,89.1156462585034,-1
8,2019-08-23T09:00:00.000000,,,2019,2019-08-23,SHORT,fib382,1.0,7672.3925,7731.75,7613.035,59.35750000000007,NO_ENTRY,0.0,0,0.0,0.0,no_entry_or_no_exit,7731.75,7676.5,7699.0,7707.25,7616.0,7633.5,26163.0,71.78082191780823,-1
8,2019-08-23T09:00:00.000000,,,2019,2019-08-23,SHORT,fib382,1.5,7672.3925,7731.75,7583.35625,59.35750000000007,NO_ENTRY,0.0,0,0.0,0.0,no_entry_or_no_exit,7731.75,7676.5,7699.0,7707.25,7616.0,7633.5,26163.0,71.78082191780823,-1
8,2019-08-23T09:00:00.000000,,,2019,2019-08-23,SHORT,fib382,2.0,7672.3925,7731.75,7553.6775,59.35750000000007,NO_ENTRY,0.0,0,0.0,0.0,no_entry_or_no_exit,7731.75,7676.5,7699.0,7707.25,7616.0,7633.5,26163.0,71.78082191780823,-1
8,2019-08-23T09:00:00.000000,,,2019,2019-08-23,SHORT,fib50,1.0,7661.625,7731.75,7591.5,70.125,NO_ENTRY,0.0,0,0.0,0.0,no_entry_or_no_exit,7731.75,7676.5,7699.0,7707.25,7616.0,7633.5,26163.0,71.78082191780823,-1
8,2019-08-23T09:00:00.000000,,,2019,2019-08-23,SHORT,fib50,1.5,7661.625,7731.75,7556.4375,70.125,NO_ENTRY,0.0,0,0.0,0.0,no_entry_or_no_exit,7731.75,7676.5,7699.0,7707.25,7616.0,7633.5,26163.0,71.78082191780823,-1
8,2019-08-23T09:00:00.000000,,,2019,2019-08-23,SHORT,fib50,2.0,7661.625,7731.75,7521.375,70.125,NO_ENTRY,0.0,0,0.0,0.0,no_entry_or_no_exit,7731.75,7676.5,7699.0,7707.25,7616.0,7633.5,26163.0,71.78082191780823,-1
9,2020-03-02T10:10:00.000000,2020-03-02T13:40:00.000000,2020-03-02T14:20:00.000000,2020,2020-03-02,LONG,fib382,1.0,8594.1865,8485.0,8703.373,109.1864999999998,WIN,109.1864999999998,9,110.3135000000002,-20.936499999999796,target,8596.0,8485.0,8566.75,8641.0,8565.25,8636.25,15367.0,91.74917491749174,1
9,2020-03-02T10:10:00.000000,2020-03-02T13:40:00.000000,2020-03-02T14:45:00.000000,2020,2020-03-02,LONG,fib382,1.5,8594.1865,8485.0,8757.96625,109.1864999999998,WIN,163.7797499999997,14,188.0635000000002,-20.936499999999796,target,8596.0,8485.0,8566.75,8641.0,8565.25,8636.25,15367.0,91.74917491749174,1
9,2020-03-02T10:10:00.000000,2020-03-02T13:40:00.000000,2020-03-02T14:50:00.000000,2020,2020-03-02,LONG,fib382,2.0,8594.1865,8485.0,8812.5595,109.1864999999998,WIN,218.3729999999996,15,260.0635000000002,-20.936499999999796,target,8596.0,8485.0,8566.75,8641.0,8565.25,8636.25,15367.0,91.74917491749174,1
9,2020-03-02T10:10:00.000000,2020-03-02T13:40:00.000000,2020-03-02T14:35:00.000000,2020,2020-03-02,LONG,fib50,1.0,8603.125,8485.0,8721.25,118.125,WIN,118.125,12,144.375,-29.875,target,8596.0,8485.0,8566.75,8641.0,8565.25,8636.25,15367.0,91.74917491749174,1
9,2020-03-02T10:10:00.000000,2020-03-02T13:40:00.000000,2020-03-02T14:45:00.000000,2020,2020-03-02,LONG,fib50,1.5,8603.125,8485.0,8780.3125,118.125,WIN,177.1875,14,179.125,-29.875,target,8596.0,8485.0,8566.75,8641.0,8565.25,8636.25,15367.0,91.74917491749174,1
9,2020-03-02T10:10:00.000000,2020-03-02T13:40:00.000000,2020-03-02T14:50:00.000000,2020,2020-03-02,LONG,fib50,2.0,8603.125,8485.0,8839.375,118.125,WIN,236.25,15,251.125,-29.875,target,8596.0,8485.0,8566.75,8641.0,8565.25,8636.25,15367.0,91.74917491749174,1
10,2020-03-02T14:50:00.000000,2020-03-02T15:10:00.000000,2020-03-02T18:20:00.000000,2020,2020-03-02,LONG,fib382,1.0,8808.3635,8485.0,9131.726999999999,323.3634999999995,WIN,61.136500000000524,24,83.38650000000052,-26.863499999999476,time_exit,8596.0,8485.0,8780.0,8854.25,8780.0,8852.25,19619.0,97.3063973063973,1
10,2020-03-02T14:50:00.000000,2020-03-02T15:10:00.000000,2020-03-02T18:20:00.000000,2020,2020-03-02,LONG,fib382,1.5,8808.3635,8485.0,9293.408749999999,323.3634999999995,WIN,61.136500000000524,24,83.38650000000052,-26.863499999999476,time_exit,8596.0,8485.0,8780.0,8854.25,8780.0,8852.25,19619.0,97.3063973063973,1
10,2020-03-02T14:50:00.000000,2020-03-02T15:10:00.000000,2020-03-02T18:20:00.000000,2020,2020-03-02,LONG,fib382,2.0,8808.3635,8485.0,9455.090499999998,323.3634999999995,WIN,61.136500000000524,24,83.38650000000052,-26.863499999999476,time_exit,8596.0,8485.0,8780.0,8854.25,8780.0,8852.25,19619.0,97.3063973063973,1
10,2020-03-02T14:50:00.000000,2020-03-02T15:10:00.000000,2020-03-02T18:20:00.000000,2020,2020-03-02,LONG,fib50,1.0,8817.125,8485.0,9149.25,332.125,WIN,52.375,24,74.625,-35.625,time_exit,8596.0,8485.0,8780.0,8854.25,8780.0,8852.25,19619.0,97.3063973063973,1
10,2020-03-02T14:50:00.000000,2020-03-02T15:10:00.000000,2020-03-02T18:20:00.000000,2020,2020-03-02,LONG,fib50,1.5,8817.125,8485.0,9315.3125,332.125,WIN,52.375,24,74.625,-35.625,time_exit,8596.0,8485.0,8780.0,8854.25,8780.0,8852.25,19619.0,97.3063973063973,1
10,2020-03-02T14:50:00.000000,2020-03-02T15:10:00.000000,2020-03-02T18:20:00.000000,2020,2020-03-02,LONG,fib50,2.0,8817.125,8485.0,9481.375,332.125,WIN,52.375,24,74.625,-35.625,time_exit,8596.0,8485.0,8780.0,8854.25,8780.0,8852.25,19619.0,97.3063973063973,1
11,2020-03-03T09:00:00.000000,2020-03-03T09:10:00.000000,2020-03-03T09:10:00.000000,2020,2020-03-03,LONG,fib382,1.0,8862.214,8801.5,8922.928,60.71399999999994,WIN,60.71399999999994,1,107.78600000000006,-5.213999999999942,target,8904.0,8801.5,8780.25,9002.5,8775.5,8978.5,25436.0,87.33480176211454,1
11,2020-03-03T09:00:00.000000,2020-03-03T09:10:00.000000,2020-03-03T09:10:00.000000,2020,2020-03-03,LONG,fib382,1.5,8862.214,8801.5,8953.285,60.71399999999994,WIN,91.07099999999991,1,107.78600000000006,-5.213999999999942,target,8904.0,8801.5,8780.25,9002.5,8775.5,8978.5,25436.0,87.33480176211454,1
11,2020-03-03T09:00:00.000000,2020-03-03T09:10:00.000000,2020-03-03T10:10:00.000000,2020,2020-03-03,LONG,fib382,2.0,8862.214,8801.5,8983.642,60.71399999999994,LOSS,-60.71399999999994,13,107.78600000000006,-76.46399999999994,stop,8904.0,8801.5,8780.25,9002.5,8775.5,8978.5,25436.0,87.33480176211454,1
11,2020-03-03T09:00:00.000000,2020-03-03T09:10:00.000000,2020-03-03T10:10:00.000000,2020,2020-03-03,LONG,fib50,1.0,8889.0,8801.5,8976.5,87.5,LOSS,-87.5,13,81.0,-103.25,stop,8904.0,8801.5,8780.25,9002.5,8775.5,8978.5,25436.0,87.33480176211454,1
11,2020-03-03T09:00:00.000000,2020-03-03T09:10:00.000000,2020-03-03T10:10:00.000000,2020,2020-03-03,LONG,fib50,1.5,8889.0,8801.5,9020.25,87.5,LOSS,-87.5,13,81.0,-103.25,stop,8904.0,8801.5,8780.25,9002.5,8775.5,8978.5,25436.0,87.33480176211454,1
11,2020-03-03T09:00:00.000000,2020-03-03T09:10:00.000000,2020-03-03T10:10:00.000000,2020,2020-03-03,LONG,fib50,2.0,8889.0,8801.5,9064.0,87.5,LOSS,-87.5,13,81.0,-103.25,stop,8904.0,8801.5,8780.25,9002.5,8775.5,8978.5,25436.0,87.33480176211454,1
12,2020-03-03T12:40:00.000000,2020-03-03T14:00:00.000000,2020-03-03T17:10:00.000000,2020,2020-03-03,SHORT,fib382,1.0,8662.2825,8904.0,8420.564999999999,241.71750000000065,WIN,138.53249999999935,24,154.03249999999935,-42.217500000000655,time_exit,8904.0,8801.5,8686.5,8689.5,8618.25,8620.0,11065.0,93.33333333333333,-1
12,2020-03-03T12:40:00.000000,2020-03-03T14:00:00.000000,2020-03-03T17:10:00.000000,2020,2020-03-03,SHORT,fib382,1.5,8662.2825,8904.0,8299.70625,241.71750000000065,WIN,138.53249999999935,24,154.03249999999935,-42.217500000000655,time_exit,8904.0,8801.5,8686.5,8689.5,8618.25,8620.0,11065.0,93.33333333333333,-1
12,2020-03-03T12:40:00.000000,2020-03-03T14:00:00.000000,2020-03-03T17:10:00.000000,2020,2020-03-03,SHORT,fib382,2.0,8662.2825,8904.0,8178.847499999998,241.71750000000065,WIN,138.53249999999935,24,154.03249999999935,-42.217500000000655,time_exit,8904.0,8801.5,8686.5,8689.5,8618.25,8620.0,11065.0,93.33333333333333,-1
12,2020-03-03T12:40:00.000000,2020-03-03T14:00:00.000000,2020-03-03T17:10:00.000000,2020,2020-03-03,SHORT,fib50,1.0,8653.875,8904.0,8403.75,250.125,WIN,130.125,24,145.625,-50.625,time_exit,8904.0,8801.5,8686.5,8689.5,8618.25,8620.0,11065.0,93.33333333333333,-1
12,2020-03-03T12:40:00.000000,2020-03-03T14:00:00.000000,2020-03-03T17:10:00.000000,2020,2020-03-03,SHORT,fib50,1.5,8653.875,8904.0,8278.6875,250.125,WIN,130.125,24,145.625,-50.625,time_exit,8904.0,8801.5,8686.5,8689.5,8618.25,8620.0,11065.0,93.33333333333333,-1
12,2020-03-03T12:40:00.000000,2020-03-03T14:00:00.000000,2020-03-03T17:10:00.000000,2020,2020-03-03,SHORT,fib50,2.0,8653.875,8904.0,8153.625,250.125,WIN,130.125,24,145.625,-50.625,time_exit,8904.0,8801.5,8686.5,8689.5,8618.25,8620.0,11065.0,93.33333333333333,-1
16,2020-03-09T13:55:00.000000,2020-03-09T16:55:00.000000,2020-03-09T17:50:00.000000,2020,2020-03-09,SHORT,fib382,1.0,8002.82,8134.5,7871.139999999999,131.6800000000003,LOSS,-131.6800000000003,12,30.56999999999971,-136.1800000000003,stop,8134.5,8076.75,8042.5,8046.75,7931.75,7933.25,13793.0,95.0,-1
16,2020-03-09T13:55:00.000000,2020-03-09T16:55:00.000000,2020-03-09T17:50:00.000000,2020,2020-03-09,SHORT,fib382,1.5,8002.82,8134.5,7805.299999999999,131.6800000000003,LOSS,-131.6800000000003,12,30.56999999999971,-136.1800000000003,stop,8134.5,8076.75,8042.5,8046.75,7931.75,7933.25,13793.0,95.0,-1
16,2020-03-09T13:55:00.000000,2020-03-09T16:55:00.000000,2020-03-09T17:50:00.000000,2020,2020-03-09,SHORT,fib382,2.0,8002.82,8134.5,7739.459999999999,131.6800000000003,LOSS,-131.6800000000003,12,30.56999999999971,-136.1800000000003,stop,8134.5,8076.75,8042.5,8046.75,7931.75,7933.25,13793.0,95.0,-1
16,2020-03-09T13:55:00.000000,2020-03-09T16:55:00.000000,2020-03-09T17:50:00.000000,2020,2020-03-09,SHORT,fib50,1.0,7989.25,8134.5,7844.0,145.25,LOSS,-145.25,12,17.0,-149.75,stop,8134.5,8076.75,8042.5,8046.75,7931.75,7933.25,13793.0,95.0,-1
16,2020-03-09T13:55:00.000000,2020-03-09T16:55:00.000000,2020-03-09T17:50:00.000000,2020,2020-03-09,SHORT,fib50,1.5,7989.25,8134.5,7771.375,145.25,LOSS,-145.25,12,17.0,-149.75,stop,8134.5,8076.75,8042.5,8046.75,7931.75,7933.25,13793.0,95.0,-1
16,2020-03-09T13:55:00.000000,2020-03-09T16:55:00.000000,2020-03-09T17:50:00.000000,2020,2020-03-09,SHORT,fib50,2.0,7989.25,8134.5,7698.75,145.25,LOSS,-145.25,12,17.0,-149.75,stop,8134.5,8076.75,8042.5,8046.75,7931.75,7933.25,13793.0,95.0,-1
18,2020-03-12T11:00:00.000000,2020-03-12T11:10:00.000000,2020-03-12T11:10:00.000000,2020,2020-03-12,LONG,fib382,1.0,7621.062,7511.25,7730.874,109.8119999999999,LOSS,-109.8119999999999,1,84.9380000000001,-113.8119999999999,stop,7581.5,7511.25,7592.0,7770.0,7529.0,7759.0,18691.0,69.29460580912863,1
18,2020-03-12T11:00:00.000000,2020-03-12T11:10:00.000000,2020-03-12T11:10:00.000000,2020,2020-03-12,LONG,fib382,1.5,7621.062,7511.25,7785.78,109.8119999999999,LOSS,-109.8119999999999,1,84.9380000000001,-113.8119999999999,stop,7581.5,7511.25,7592.0,7770.0,7529.0,7759.0,18691.0,69.29460580912863,1
18,2020-03-12T11:00:00.000000,2020-03-12T11:10:00.000000,2020-03-12T11:10:00.000000,2020,2020-03-12,LONG,fib382,2.0,7621.062,7511.25,7840.686,109.8119999999999,LOSS,-109.8119999999999,1,84.9380000000001,-113.8119999999999,stop,7581.5,7511.25,7592.0,7770.0,7529.0,7759.0,18691.0,69.29460580912863,1
18,2020-03-12T11:00:00.000000,2020-03-12T11:05:00.000000,2020-03-12T11:05:00.000000,2020,2020-03-12,LONG,fib50,1.0,7649.5,7511.25,7787.75,138.25,WIN,138.25,1,163.5,-6.75,target,7581.5,7511.25,7592.0,7770.0,7529.0,7759.0,18691.0,69.29460580912863,1
18,2020-03-12T11:00:00.000000,2020-03-12T11:05:00.000000,2020-03-12T11:10:00.000000,2020,2020-03-12,LONG,fib50,1.5,7649.5,7511.25,7856.875,138.25,LOSS,-138.25,2,163.5,-142.25,stop,7581.5,7511.25,7592.0,7770.0,7529.0,7759.0,18691.0,69.29460580912863,1
18,2020-03-12T11:00:00.000000,2020-03-12T11:05:00.000000,2020-03-12T11:10:00.000000,2020,2020-03-12,LONG,fib50,2.0,7649.5,7511.25,7926.0,138.25,LOSS,-138.25,2,163.5,-142.25,stop,7581.5,7511.25,7592.0,7770.0,7529.0,7759.0,18691.0,69.29460580912863,1
19,2020-03-12T11:35:00.000000,2020-03-12T11:45:00.000000,2020-03-12T12:00:00.000000,2020,2020-03-12,SHORT,fib382,1.0,7516.23,7581.5,7450.959999999999,65.27000000000044,LOSS,-65.27000000000044,4,64.72999999999956,-65.52000000000044,stop,7581.5,7511.25,7554.25,7558.25,7448.25,7452.25,10280.0,92.72727272727272,-1
19,2020-03-12T11:35:00.000000,2020-03-12T11:45:00.000000,2020-03-12T12:00:00.000000,2020,2020-03-12,SHORT,fib382,1.5,7516.23,7581.5,7418.324999999999,65.27000000000044,LOSS,-65.27000000000044,4,64.72999999999956,-65.52000000000044,stop,7581.5,7511.25,7554.25,7558.25,7448.25,7452.25,10280.0,92.72727272727272,-1
19,2020-03-12T11:35:00.000000,2020-03-12T11:45:00.000000,2020-03-12T12:00:00.000000,2020,2020-03-12,SHORT,fib382,2.0,7516.23,7581.5,7385.689999999999,65.27000000000044,LOSS,-65.27000000000044,4,64.72999999999956,-65.52000000000044,stop,7581.5,7511.25,7554.25,7558.25,7448.25,7452.25,10280.0,92.72727272727272,-1
19,2020-03-12T11:35:00.000000,2020-03-12T11:45:00.000000,2020-03-12T12:00:00.000000,2020,2020-03-12,SHORT,fib50,1.0,7503.25,7581.5,7425.0,78.25,LOSS,-78.25,4,51.75,-78.5,stop,7581.5,7511.25,7554.25,7558.25,7448.25,7452.25,10280.0,92.72727272727272,-1
19,2020-03-12T11:35:00.000000,2020-03-12T11:45:00.000000,2020-03-12T12:00:00.000000,2020,2020-03-12,SHORT,fib50,1.5,7503.25,7581.5,7385.875,78.25,LOSS,-78.25,4,51.75,-78.5,stop,7581.5,7511.25,7554.25,7558.25,7448.25,7452.25,10280.0,92.72727272727272,-1
19,2020-03-12T11:35:00.000000,2020-03-12T11:45:00.000000,2020-03-12T12:00:00.000000,2020,2020-03-12,SHORT,fib50,2.0,7503.25,7581.5,7346.75,78.25,LOSS,-78.25,4,51.75,-78.5,stop,7581.5,7511.25,7554.25,7558.25,7448.25,7452.25,10280.0,92.72727272727272,-1
20,2020-03-12T13:55:00.000000,,,2020,2020-03-12,SHORT,fib382,1.0,7327.781,7581.5,7074.062,253.71900000000005,NO_ENTRY,0.0,0,0.0,0.0,no_entry_or_no_exit,7581.5,7511.25,7377.25,7377.25,7247.75,7260.5,26886.0,90.15444015444015,-1
20,2020-03-12T13:55:00.000000,,,2020,2020-03-12,SHORT,fib382,1.5,7327.781,7581.5,6947.202499999999,253.71900000000005,NO_ENTRY,0.0,0,0.0,0.0,no_entry_or_no_exit,7581.5,7511.25,7377.25,7377.25,7247.75,7260.5,26886.0,90.15444015444015,-1
20,2020-03-12T13:55:00.000000,,,2020,2020-03-12,SHORT,fib382,2.0,7327.781,7581.5,6820.343,253.71900000000005,NO_ENTRY,0.0,0,0.0,0.0,no_entry_or_no_exit,7581.5,7511.25,7377.25,7377.25,7247.75,7260.5,26886.0,90.15444015444015,-1
20,2020-03-12T13:55:00.000000,,,2020,2020-03-12,SHORT,fib50,1.0,7312.5,7581.5,7043.5,269.0,NO_ENTRY,0.0,0,0.0,0.0,no_entry_or_no_exit,7581.5,7511.25,7377.25,7377.25,7247.75,7260.5,26886.0,90.15444015444015,-1
20,2020-03-12T13:55:00.000000,,,2020,2020-03-12,SHORT,fib50,1.5,7312.5,7581.5,6909.0,269.0,NO_ENTRY,0.0,0,0.0,0.0,no_entry_or_no_exit,7581.5,7511.25,7377.25,7377.25,7247.75,7260.5,26886.0,90.15444015444015,-1
20,2020-03-12T13:55:00.000000,,,2020,2020-03-12,SHORT,fib50,2.0,7312.5,7581.5,6774.5,269.0,NO_ENTRY,0.0,0,0.0,0.0,no_entry_or_no_exit,7581.5,7511.25,7377.25,7377.25,7247.75,7260.5,26886.0,90.15444015444015,-1
21,2020-03-13T08:55:00.000000,2020-03-13T09:00:00.000000,2020-03-13T09:30:00.000000,2020,2020-03-13,SHORT,fib382,1.0,7492.263,7601.75,7382.776,109.48700000000008,WIN,109.48700000000008,7,152.01299999999992,-32.73700000000008,target,7601.75,7500.75,7515.25,7522.25,7443.75,7445.5,5671.0,88.85350318471338,-1
21,2020-03-13T08:55:00.000000,2020-03-13T09:00:00.000000,2020-03-13T09:40:00.000000,2020,2020-03-13,SHORT,fib382,1.5,7492.263,7601.75,7328.032499999999,109.48700000000008,WIN,164.23050000000012,9,180.76299999999992,-32.73700000000008,target,7601.75,7500.75,7515.25,7522.25,7443.75,7445.5,5671.0,88.85350318471338,-1
21,2020-03-13T08:55:00.000000,2020-03-13T09:00:00.000000,2020-03-13T10:55:00.000000,2020,2020-03-13,SHORT,fib382,2.0,7492.263,7601.75,7273.289,109.48700000000008,WIN,24.01299999999992,24,210.26299999999992,-57.48700000000008,time_exit,7601.75,7500.75,7515.25,7522.25,7443.75,7445.5,5671.0,88.85350318471338,-1
21,2020-03-13T08:55:00.000000,2020-03-13T09:00:00.000000,2020-03-13T09:30:00.000000,2020,2020-03-13,SHORT,fib50,1.0,7483.0,7601.75,7364.25,118.75,WIN,118.75,7,142.75,-42.0,target,7601.75,7500.75,7515.25,7522.25,7443.75,7445.5,5671.0,88.85350318471338,-1
21,2020-03-13T08:55:00.000000,2020-03-13T09:00:00.000000,2020-03-13T09:45:00.000000,2020,2020-03-13,SHORT,fib50,1.5,7483.0,7601.75,7304.875,118.75,WIN,178.125,10,197.5,-42.0,target,7601.75,7500.75,7515.25,7522.25,7443.75,7445.5,5671.0,88.85350318471338,-1
21,2020-03-13T08:55:00.000000,2020-03-13T09:00:00.000000,2020-03-13T10:55:00.000000,2020,2020-03-13,SHORT,fib50,2.0,7483.0,7601.75,7245.5,118.75,WIN,14.75,24,201.0,-66.75,time_exit,7601.75,7500.75,7515.25,7522.25,7443.75,7445.5,5671.0,88.85350318471338,-1
22,2020-03-13T13:50:00.000000,,,2020,2020-03-13,LONG,fib382,1.0,7751.4915,7500.75,8002.233,250.7415000000001,NO_ENTRY,0.0,0,0.0,0.0,no_entry_or_no_exit,7601.75,7500.75,7704.75,7830.75,7702.5,7828.0,11647.0,96.10136452241716,1
22,2020-03-13T13:50:00.000000,,,2020,2020-03-13,LONG,fib382,1.5,7751.4915,7500.75,8127.60375,250.7415000000001,NO_ENTRY,0.0,0,0.0,0.0,no_entry_or_no_exit,7601.75,7500.75,7704.75,7830.75,7702.5,7828.0,11647.0,96.10136452241716,1
22,2020-03-13T13:50:00.000000,,,2020,2020-03-13,LONG,fib382,2.0,7751.4915,7500.75,8252.9745,250.7415000000001,NO_ENTRY,0.0,0,0.0,0.0,no_entry_or_no_exit,7601.75,7500.75,7704.75,7830.75,7702.5,7828.0,11647.0,96.10136452241716,1
22,2020-03-13T13:50:00.000000,,,2020,2020-03-13,LONG,fib50,1.0,7766.625,7500.75,8032.5,265.875,NO_ENTRY,0.0,0,0.0,0.0,no_entry_or_no_exit,7601.75,7500.75,7704.75,7830.75,7702.5,7828.0,11647.0,96.10136452241716,1
22,2020-03-13T13:50:00.000000,,,2020,2020-03-13,LONG,fib50,1.5,7766.625,7500.75,8165.4375,265.875,NO_ENTRY,0.0,0,0.0,0.0,no_entry_or_no_exit,7601.75,7500.75,7704.75,7830.75,7702.5,7828.0,11647.0,96.10136452241716,1
22,2020-03-13T13:50:00.000000,,,2020,2020-03-13,LONG,fib50,2.0,7766.625,7500.75,8298.375,265.875,NO_ENTRY,0.0,0,0.0,0.0,no_entry_or_no_exit,7601.75,7500.75,7704.75,7830.75,7702.5,7828.0,11647.0,96.10136452241716,1
23,2020-03-13T13:55:00.000000,,,2020,2020-03-13,LONG,fib382,1.0,7851.648,7500.75,8202.546,350.89800000000014,NO_ENTRY,0.0,0,0.0,0.0,no_entry_or_no_exit,7601.75,7500.75,7828.0,7953.0,7789.0,7932.0,22185.0,63.41463414634146,1
23,2020-03-13T13:55:00.000000,,,2020,2020-03-13,LONG,fib382,1.5,7851.648,7500.75,8377.995,350.89800000000014,NO_ENTRY,0.0,0,0.0,0.0,no_entry_or_no_exit,7601.75,7500.75,7828.0,7953.0,7789.0,7932.0,22185.0,63.41463414634146,1
23,2020-03-13T13:55:00.000000,,,2020,2020-03-13,LONG,fib382,2.0,7851.648,7500.75,8553.444,350.89800000000014,NO_ENTRY,0.0,0,0.0,0.0,no_entry_or_no_exit,7601.75,7500.75,7828.0,7953.0,7789.0,7932.0,22185.0,63.41463414634146,1
23,2020-03-13T13:55:00.000000,,,2020,2020-03-13,LONG,fib50,1.0,7871.0,7500.75,8241.25,370.25,NO_ENTRY,0.0,0,0.0,0.0,no_entry_or_no_exit,7601.75,7500.75,7828.0,7953.0,7789.0,7932.0,22185.0,63.41463414634146,1
23,2020-03-13T13:55:00.000000,,,2020,2020-03-13,LONG,fib50,1.5,7871.0,7500.75,8426.375,370.25,NO_ENTRY,0.0,0,0.0,0.0,no_entry_or_no_exit,7601.75,7500.75,7828.0,7953.0,7789.0,7932.0,22185.0,63.41463414634146,1
23,2020-03-13T13:55:00.000000,,,2020,2020-03-13,LONG,fib50,2.0,7871.0,7500.75,8611.5,370.25,NO_ENTRY,0.0,0,0.0,0.0,no_entry_or_no_exit,7601.75,7500.75,7828.0,7953.0,7789.0,7932.0,22185.0,63.41463414634146,1
24,2020-03-16T12:30:00.000000,2020-03-16T12:35:00.000000,2020-03-16T12:35:00.000000,2020,2020-03-16,LONG,fib382,1.0,7294.663,7242.0,7347.325999999999,52.662999999999556,WIN,52.662999999999556,1,94.08700000000044,-1.6629999999995562,target,7421.5,7242.0,7265.25,7369.75,7248.25,7361.25,5743.0,79.01234567901234,1
24,2020-03-16T12:30:00.000000,2020-03-16T12:35:00.000000,2020-03-16T12:35:00.000000,2020,2020-03-16,LONG,fib382,1.5,7294.663,7242.0,7373.657499999999,52.662999999999556,WIN,78.99449999999933,1,94.08700000000044,-1.6629999999995562,target,7421.5,7242.0,7265.25,7369.75,7248.25,7361.25,5743.0,79.01234567901234,1
24,2020-03-16T12:30:00.000000,2020-03-16T12:35:00.000000,2020-03-16T12:40:00.000000,2020,2020-03-16,LONG,fib382,2.0,7294.663,7242.0,7399.988999999999,52.662999999999556,LOSS,-52.662999999999556,2,94.08700000000044,-53.912999999999556,stop,7421.5,7242.0,7265.25,7369.75,7248.25,7361.25,5743.0,79.01234567901234,1
24,2020-03-16T12:30:00.000000,2020-03-16T12:35:00.000000,2020-03-16T12:35:00.000000,2020,2020-03-16,LONG,fib50,1.0,7309.0,7242.0,7376.0,67.0,WIN,67.0,1,79.75,-16.0,target,7421.5,7242.0,7265.25,7369.75,7248.25,7361.25,5743.0,79.01234567901234,1
24,2020-03-16T12:30:00.000000,2020-03-16T12:35:00.000000,2020-03-16T12:40:00.000000,2020,2020-03-16,LONG,fib50,1.5,7309.0,7242.0,7409.5,67.0,LOSS,-67.0,2,79.75,-68.25,stop,7421.5,7242.0,7265.25,7369.75,7248.25,7361.25,5743.0,79.01234567901234,1
24,2020-03-16T12:30:00.000000,2020-03-16T12:35:00.000000,2020-03-16T12:40:00.000000,2020,2020-03-16,LONG,fib50,2.0,7309.0,7242.0,7443.0,67.0,LOSS,-67.0,2,79.75,-68.25,stop,7421.5,7242.0,7265.25,7369.75,7248.25,7361.25,5743.0,79.01234567901234,1
25,2020-03-16T13:45:00.000000,2020-03-16T18:45:00.000000,2020-03-16T20:50:00.000000,2020,2020-03-16,SHORT,fib382,1.0,7234.634,7421.5,7047.768,186.86599999999999,LOSS,-42.615999999999985,24,30.384000000000015,-59.615999999999985,time_exit,7421.5,7242.0,7261.25,7268.25,7180.25,7191.0,5853.0,79.82954545454545,-1
25,2020-03-16T13:45:00.000000,2020-03-16T18:45:00.000000,2020-03-16T20:50:00.000000,2020,2020-03-16,SHORT,fib382,1.5,7234.634,7421.5,6954.335,186.86599999999999,LOSS,-42.615999999999985,24,30.384000000000015,-59.615999999999985,time_exit,7421.5,7242.0,7261.25,7268.25,7180.25,7191.0,5853.0,79.82954545454545,-1
25,2020-03-16T13:45:00.000000,2020-03-16T18:45:00.000000,2020-03-16T20:50:00.000000,2020,2020-03-16,SHORT,fib382,2.0,7234.634,7421.5,6860.902,186.86599999999999,LOSS,-42.615999999999985,24,30.384000000000015,-59.615999999999985,time_exit,7421.5,7242.0,7261.25,7268.25,7180.25,7191.0,5853.0,79.82954545454545,-1
25,2020-03-16T13:45:00.000000,2020-03-16T18:45:00.000000,2020-03-16T20:50:00.000000,2020,2020-03-16,SHORT,fib50,1.0,7224.25,7421.5,7027.0,197.25,LOSS,-53.0,24,20.0,-70.0,time_exit,7421.5,7242.0,7261.25,7268.25,7180.25,7191.0,5853.0,79.82954545454545,-1
25,2020-03-16T13:45:00.000000,2020-03-16T18:45:00.000000,2020-03-16T20:50:00.000000,2020,2020-03-16,SHORT,fib50,1.5,7224.25,7421.5,6928.375,197.25,LOSS,-53.0,24,20.0,-70.0,time_exit,7421.5,7242.0,7261.25,7268.25,7180.25,7191.0,5853.0,79.82954545454545,-1
25,2020-03-16T13:45:00.000000,2020-03-16T18:45:00.000000,2020-03-16T20:50:00.000000,2020,2020-03-16,SHORT,fib50,2.0,7224.25,7421.5,6829.75,197.25,LOSS,-53.0,24,20.0,-70.0,time_exit,7421.5,7242.0,7261.25,7268.25,7180.25,7191.0,5853.0,79.82954545454545,-1
26,2020-03-16T13:55:00.000000,2020-03-16T14:00:00.000000,2020-03-16T17:10:00.000000,2020,2020-03-16,SHORT,fib382,1.0,7030.9905,7421.5,6640.481,390.5095000000001,LOSS,-104.00950000000012,24,101.49049999999988,-121.75950000000012,time_exit,7421.5,7242.0,7106.25,7108.25,6906.0,6933.75,22867.0,85.29048207663782,-1
26,2020-03-16T13:55:00.000000,2020-03-16T14:00:00.000000,2020-03-16T17:10:00.000000,2020,2020-03-16,SHORT,fib382,1.5,7030.9905,7421.5,6445.22625,390.5095000000001,LOSS,-104.00950000000012,24,101.49049999999988,-121.75950000000012,time_exit,7421.5,7242.0,7106.25,7108.25,6906.0,6933.75,22867.0,85.29048207663782,-1
26,2020-03-16T13:55:00.000000,2020-03-16T14:00:00.000000,2020-03-16T17:10:00.000000,2020,2020-03-16,SHORT,fib382,2.0,7030.9905,7421.5,6249.9715,390.5095000000001,LOSS,-104.00950000000012,24,101.49049999999988,-121.75950000000012,time_exit,7421.5,7242.0,7106.25,7108.25,6906.0,6933.75,22867.0,85.29048207663782,-1
26,2020-03-16T13:55:00.000000,2020-03-16T14:00:00.000000,2020-03-16T17:10:00.000000,2020,2020-03-16,SHORT,fib50,1.0,7007.125,7421.5,6592.75,414.375,LOSS,-127.875,24,77.625,-145.625,time_exit,7421.5,7242.0,7106.25,7108.25,6906.0,6933.75,22867.0,85.29048207663782,-1
26,2020-03-16T13:55:00.000000,2020-03-16T14:00:00.000000,2020-03-16T17:10:00.000000,2020,2020-03-16,SHORT,fib50,1.5,7007.125,7421.5,6385.5625,414.375,LOSS,-127.875,24,77.625,-145.625,time_exit,7421.5,7242.0,7106.25,7108.25,6906.0,6933.75,22867.0,85.29048207663782,-1
26,2020-03-16T13:55:00.000000,2020-03-16T14:00:00.000000,2020-03-16T17:10:00.000000,2020,2020-03-16,SHORT,fib50,2.0,7007.125,7421.5,6178.375,414.375,LOSS,-127.875,24,77.625,-145.625,time_exit,7421.5,7242.0,7106.25,7108.25,6906.0,6933.75,22867.0,85.29048207663782,-1
27,2020-03-17T09:05:00.000000,2020-03-17T11:10:00.000000,2020-03-17T12:05:00.000000,2020,2020-03-17,LONG,fib382,1.0,7258.223,7106.0,7410.446,152.22299999999996,WIN,152.22299999999996,12,166.27700000000004,-42.972999999999956,target,7187.75,7106.0,7231.75,7305.5,7229.0,7304.0,9562.0,94.44444444444444,1
27,2020-03-17T09:05:00.000000,2020-03-17T11:10:00.000000,2020-03-17T12:35:00.000000,2020,2020-03-17,LONG,fib382,1.5,7258.223,7106.0,7486.5575,152.22299999999996,WIN,228.33449999999993,18,229.77700000000004,-42.972999999999956,target,7187.75,7106.0,7231.75,7305.5,7229.0,7304.0,9562.0,94.44444444444444,1
27,2020-03-17T09:05:00.000000,2020-03-17T11:10:00.000000,2020-03-17T13:05:00.000000,2020,2020-03-17,LONG,fib382,2.0,7258.223,7106.0,7562.669,152.22299999999996,WIN,104.27700000000004,24,229.77700000000004,-42.972999999999956,time_exit,7187.75,7106.0,7231.75,7305.5,7229.0,7304.0,9562.0,94.44444444444444,1
27,2020-03-17T09:05:00.000000,2020-03-17T09:35:00.000000,2020-03-17T10:00:00.000000,2020,2020-03-17,LONG,fib50,1.0,7267.25,7106.0,7428.5,161.25,WIN,161.25,6,165.0,-2.0,target,7187.75,7106.0,7231.75,7305.5,7229.0,7304.0,9562.0,94.44444444444444,1
27,2020-03-17T09:05:00.000000,2020-03-17T09:35:00.000000,2020-03-17T10:10:00.000000,2020,2020-03-17,LONG,fib50,1.5,7267.25,7106.0,7509.125,161.25,WIN,241.875,8,269.75,-2.0,target,7187.75,7106.0,7231.75,7305.5,7229.0,7304.0,9562.0,94.44444444444444,1
27,2020-03-17T09:05:00.000000,2020-03-17T09:35:00.000000,2020-03-17T11:30:00.000000,2020,2020-03-17,LONG,fib50,2.0,7267.25,7106.0,7589.75,161.25,WIN,65.75,24,269.75,-52.0,time_exit,7187.75,7106.0,7231.75,7305.5,7229.0,7304.0,9562.0,94.44444444444444,1
28,2020-03-17T10:05:00.000000,2020-03-17T10:15:00.000000,2020-03-17T12:10:00.000000,2020,2020-03-17,LONG,fib382,1.0,7460.546,7106.0,7815.092000000001,354.5460000000003,LOSS,-23.546000000000276,24,74.95399999999972,-245.29600000000028,time_exit,7187.75,7106.0,7432.75,7508.75,7430.75,7505.0,7255.0,92.62820512820514,1
28,2020-03-17T10:05:00.000000,2020-03-17T10:15:00.000000,2020-03-17T12:10:00.000000,2020,2020-03-17,LONG,fib382,1.5,7460.546,7106.0,7992.365000000001,354.5460000000003,LOSS,-23.546000000000276,24,74.95399999999972,-245.29600000000028,time_exit,7187.75,7106.0,7432.75,7508.75,7430.75,7505.0,7255.0,92.62820512820514,1
28,2020-03-17T10:05:00.000000,2020-03-17T10:15:00.000000,2020-03-17T12:10:00.000000,2020,2020-03-17,LONG,fib382,2.0,7460.546,7106.0,8169.638000000001,354.5460000000003,LOSS,-23.546000000000276,24,74.95399999999972,-245.29600000000028,time_exit,7187.75,7106.0,7432.75,7508.75,7430.75,7505.0,7255.0,92.62820512820514,1
28,2020-03-17T10:05:00.000000,2020-03-17T10:15:00.000000,2020-03-17T12:10:00.000000,2020,2020-03-17,LONG,fib50,1.0,7469.75,7106.0,7833.5,363.75,LOSS,-32.75,24,65.75,-254.5,time_exit,7187.75,7106.0,7432.75,7508.75,7430.75,7505.0,7255.0,92.62820512820514,1
28,2020-03-17T10:05:00.000000,2020-03-17T10:15:00.000000,2020-03-17T12:10:00.000000,2020,2020-03-17,LONG,fib50,1.5,7469.75,7106.0,8015.375,363.75,LOSS,-32.75,24,65.75,-254.5,time_exit,7187.75,7106.0,7432.75,7508.75,7430.75,7505.0,7255.0,92.62820512820514,1
28,2020-03-17T10:05:00.000000,2020-03-17T10:15:00.000000,2020-03-17T12:10:00.000000,2020,2020-03-17,LONG,fib50,2.0,7469.75,7106.0,8197.25,363.75,LOSS,-32.75,24,65.75,-254.5,time_exit,7187.75,7106.0,7432.75,7508.75,7430.75,7505.0,7255.0,92.62820512820514,1
29,2020-03-18T11:30:00.000000,2020-03-18T11:35:00.000000,2020-03-18T13:30:00.000000,2020,2020-03-18,SHORT,fib382,1.0,6907.921,7293.75,6522.092000000001,385.8289999999997,LOSS,-36.07899999999972,24,97.92100000000028,-139.32899999999972,time_exit,7293.75,7215.5,6949.5,6949.75,6840.25,6874.0,9121.0,68.94977168949772,-1
29,2020-03-18T11:30:00.000000,2020-03-18T11:35:00.000000,2020-03-18T13:30:00.000000,2020,2020-03-18,SHORT,fib382,1.5,6907.921,7293.75,6329.177500000001,385.8289999999997,LOSS,-36.07899999999972,24,97.92100000000028,-139.32899999999972,time_exit,7293.75,7215.5,6949.5,6949.75,6840.25,6874.0,9121.0,68.94977168949772,-1
29,2020-03-18T11:30:00.000000,2020-03-18T11:35:00.000000,2020-03-18T13:30:00.000000,2020,2020-03-18,SHORT,fib382,2.0,6907.921,7293.75,6136.263000000001,385.8289999999997,LOSS,-36.07899999999972,24,97.92100000000028,-139.32899999999972,time_exit,7293.75,7215.5,6949.5,6949.75,6840.25,6874.0,9121.0,68.94977168949772,-1
29,2020-03-18T11:30:00.000000,2020-03-18T11:35:00.000000,2020-03-18T13:30:00.000000,2020,2020-03-18,SHORT,fib50,1.0,6895.0,7293.75,6496.25,398.75,LOSS,-49.0,24,85.0,-152.25,time_exit,7293.75,7215.5,6949.5,6949.75,6840.25,6874.0,9121.0,68.94977168949772,-1
29,2020-03-18T11:30:00.000000,2020-03-18T11:35:00.000000,2020-03-18T13:30:00.000000,2020,2020-03-18,SHORT,fib50,1.5,6895.0,7293.75,6296.875,398.75,LOSS,-49.0,24,85.0,-152.25,time_exit,7293.75,7215.5,6949.5,6949.75,6840.25,6874.0,9121.0,68.94977168949772,-1
29,2020-03-18T11:30:00.000000,2020-03-18T11:35:00.000000,2020-03-18T13:30:00.000000,2020,2020-03-18,SHORT,fib50,2.0,6895.0,7293.75,6097.5,398.75,LOSS,-49.0,24,85.0,-152.25,time_exit,7293.75,7215.5,6949.5,6949.75,6840.25,6874.0,9121.0,68.94977168949772,-1
30,2020-03-18T13:00:00.000000,2020-03-18T13:05:00.000000,2020-03-18T16:15:00.000000,2020,2020-03-18,SHORT,fib382,1.0,7006.949,7293.75,6720.147999999999,286.8010000000004,LOSS,-175.55100000000039,24,124.44899999999961,-256.5510000000004,time_exit,7293.75,7215.5,7032.25,7047.25,6941.75,6956.25,5724.0,72.03791469194313,-1
30,2020-03-18T13:00:00.000000,2020-03-18T13:05:00.000000,2020-03-18T16:15:00.000000,2020,2020-03-18,SHORT,fib382,1.5,7006.949,7293.75,6576.7474999999995,286.8010000000004,LOSS,-175.55100000000039,24,124.44899999999961,-256.5510000000004,time_exit,7293.75,7215.5,7032.25,7047.25,6941.75,6956.25,5724.0,72.03791469194313,-1
30,2020-03-18T13:00:00.000000,2020-03-18T13:05:00.000000,2020-03-18T16:15:00.000000,2020,2020-03-18,SHORT,fib382,2.0,7006.949,7293.75,6433.346999999999,286.8010000000004,LOSS,-175.55100000000039,24,124.44899999999961,-256.5510000000004,time_exit,7293.75,7215.5,7032.25,7047.25,6941.75,6956.25,5724.0,72.03791469194313,-1
30,2020-03-18T13:00:00.000000,2020-03-18T13:05:00.000000,2020-03-18T16:15:00.000000,2020,2020-03-18,SHORT,fib50,1.0,6994.5,7293.75,6695.25,299.25,LOSS,-188.0,24,112.0,-269.0,time_exit,7293.75,7215.5,7032.25,7047.25,6941.75,6956.25,5724.0,72.03791469194313,-1
30,2020-03-18T13:00:00.000000,2020-03-18T13:05:00.000000,2020-03-18T16:15:00.000000,2020,2020-03-18,SHORT,fib50,1.5,6994.5,7293.75,6545.625,299.25,LOSS,-188.0,24,112.0,-269.0,time_exit,7293.75,7215.5,7032.25,7047.25,6941.75,6956.25,5724.0,72.03791469194313,-1
30,2020-03-18T13:00:00.000000,2020-03-18T13:05:00.000000,2020-03-18T16:15:00.000000,2020,2020-03-18,SHORT,fib50,2.0,6994.5,7293.75,6396.0,299.25,LOSS,-188.0,24,112.0,-269.0,time_exit,7293.75,7215.5,7032.25,7047.25,6941.75,6956.25,5724.0,72.03791469194313,-1
31,2020-03-18T13:20:00.000000,2020-03-18T13:30:00.000000,2020-03-18T16:40:00.000000,2020,2020-03-18,SHORT,fib382,1.0,6971.2435,7293.75,6648.736999999999,322.5065000000004,LOSS,-208.25650000000041,24,88.74349999999959,-292.2565000000004,time_exit,7293.75,7215.5,7002.25,7004.0,6918.25,6920.5,3894.0,95.33527696793003,-1
31,2020-03-18T13:20:00.000000,2020-03-18T13:30:00.000000,2020-03-18T16:40:00.000000,2020,2020-03-18,SHORT,fib382,1.5,6971.2435,7293.75,6487.483749999999,322.5065000000004,LOSS,-208.25650000000041,24,88.74349999999959,-292.2565000000004,time_exit,7293.75,7215.5,7002.25,7004.0,6918.25,6920.5,3894.0,95.33527696793003,-1
31,2020-03-18T13:20:00.000000,2020-03-18T13:30:00.000000,2020-03-18T16:40:00.000000,2020,2020-03-18,SHORT,fib382,2.0,6971.2435,7293.75,6326.230499999999,322.5065000000004,LOSS,-208.25650000000041,24,88.74349999999959,-292.2565000000004,time_exit,7293.75,7215.5,7002.25,7004.0,6918.25,6920.5,3894.0,95.33527696793003,-1
31,2020-03-18T13:20:00.000000,2020-03-18T13:30:00.000000,2020-03-18T16:40:00.000000,2020,2020-03-18,SHORT,fib50,1.0,6961.125,7293.75,6628.5,332.625,LOSS,-218.375,24,78.625,-302.375,time_exit,7293.75,7215.5,7002.25,7004.0,6918.25,6920.5,3894.0,95.33527696793003,-1
31,2020-03-18T13:20:00.000000,2020-03-18T13:30:00.000000,2020-03-18T16:40:00.000000,2020,2020-03-18,SHORT,fib50,1.5,6961.125,7293.75,6462.1875,332.625,LOSS,-218.375,24,78.625,-302.375,time_exit,7293.75,7215.5,7002.25,7004.0,6918.25,6920.5,3894.0,95.33527696793003,-1
31,2020-03-18T13:20:00.000000,2020-03-18T13:30:00.000000,2020-03-18T16:40:00.000000,2020,2020-03-18,SHORT,fib50,2.0,6961.125,7293.75,6295.875,332.625,LOSS,-218.375,24,78.625,-302.375,time_exit,7293.75,7215.5,7002.25,7004.0,6918.25,6920.5,3894.0,95.33527696793003,-1
32,2020-03-19T09:55:00.000000,2020-03-19T10:50:00.000000,2020-03-19T10:50:00.000000,2020,2020-03-19,SHORT,fib382,1.0,7375.0585,7377.5,7372.617,2.4414999999999054,LOSS,-2.4414999999999054,1,40.058500000000095,-21.941499999999905,both_same_bar_stop_first,7377.5,7220.0,7394.5,7414.5,7311.25,7322.5,6035.0,69.73365617433413,-1
32,2020-03-19T09:55:00.000000,2020-03-19T10:50:00.000000,2020-03-19T10:50:00.000000,2020,2020-03-19,SHORT,fib382,1.5,7375.0585,7377.5,7371.39625,2.4414999999999054,LOSS,-2.4414999999999054,1,40.058500000000095,-21.941499999999905,both_same_bar_stop_first,7377.5,7220.0,7394.5,7414.5,7311.25,7322.5,6035.0,69.73365617433413,-1
32,2020-03-19T09:55:00.000000,2020-03-19T10:50:00.000000,2020-03-19T10:50:00.000000,2020,2020-03-19,SHORT,fib382,2.0,7375.0585,7377.5,7370.1755,2.4414999999999054,LOSS,-2.4414999999999054,1,40.058500000000095,-21.941499999999905,both_same_bar_stop_first,7377.5,7220.0,7394.5,7414.5,7311.25,7322.5,6035.0,69.73365617433413,-1
32,2020-03-19T09:55:00.000000,2020-03-19T10:45:00.000000,2020-03-19T10:45:00.000000,2020,2020-03-19,SHORT,fib50,1.0,7362.875,7377.5,7348.25,14.625,WIN,14.625,1,41.125,-6.875,target,7377.5,7220.0,7394.5,7414.5,7311.25,7322.5,6035.0,69.73365617433413,-1
32,2020-03-19T09:55:00.000000,2020-03-19T10:45:00.000000,2020-03-19T10:45:00.000000,2020,2020-03-19,SHORT,fib50,1.5,7362.875,7377.5,7340.9375,14.625,WIN,21.9375,1,41.125,-6.875,target,7377.5,7220.0,7394.5,7414.5,7311.25,7322.5,6035.0,69.73365617433413,-1
32,2020-03-19T09:55:00.000000,2020-03-19T10:45:00.000000,2020-03-19T10:45:00.000000,2020,2020-03-19,SHORT,fib50,2.0,7362.875,7377.5,7333.625,14.625,WIN,29.25,1,41.125,-6.875,target,7377.5,7220.0,7394.5,7414.5,7311.25,7322.5,6035.0,69.73365617433413,-1
34,2020-03-20T09:20:00.000000,2020-03-20T09:25:00.000000,2020-03-20T10:05:00.000000,2020,2020-03-20,SHORT,fib382,1.0,7352.853,7462.25,7243.456,109.39699999999993,WIN,109.39699999999993,9,156.60300000000007,-21.396999999999935,target,7462.25,7406.0,7382.5,7384.75,7301.25,7302.5,10357.0,95.80838323353294,-1
34,2020-03-20T09:20:00.000000,2020-03-20T09:25:00.000000,2020-03-20T10:20:00.000000,2020,2020-03-20,SHORT,fib382,1.5,7352.853,7462.25,7188.7575,109.39699999999993,WIN,164.0954999999999,12,189.10300000000007,-21.396999999999935,target,7462.25,7406.0,7382.5,7384.75,7301.25,7302.5,10357.0,95.80838323353294,-1
34,2020-03-20T09:20:00.000000,2020-03-20T09:25:00.000000,2020-03-20T10:25:00.000000,2020,2020-03-20,SHORT,fib382,2.0,7352.853,7462.25,7134.059,109.39699999999993,WIN,218.79399999999987,13,220.85300000000007,-21.396999999999935,target,7462.25,7406.0,7382.5,7384.75,7301.25,7302.5,10357.0,95.80838323353294,-1
34,2020-03-20T09:20:00.000000,2020-03-20T09:25:00.000000,2020-03-20T10:05:00.000000,2020,2020-03-20,SHORT,fib50,1.0,7343.0,7462.25,7223.75,119.25,WIN,119.25,9,146.75,-31.25,target,7462.25,7406.0,7382.5,7384.75,7301.25,7302.5,10357.0,95.80838323353294,-1
34,2020-03-20T09:20:00.000000,2020-03-20T09:25:00.000000,2020-03-20T10:20:00.000000,2020,2020-03-20,SHORT,fib50,1.5,7343.0,7462.25,7164.125,119.25,WIN,178.875,12,179.25,-31.25,target,7462.25,7406.0,7382.5,7384.75,7301.25,7302.5,10357.0,95.80838323353294,-1
34,2020-03-20T09:20:00.000000,2020-03-20T09:25:00.000000,2020-03-20T11:20:00.000000,2020,2020-03-20,SHORT,fib50,2.0,7343.0,7462.25,7104.5,119.25,WIN,95.0,24,211.0,-31.25,time_exit,7462.25,7406.0,7382.5,7384.75,7301.25,7302.5,10357.0,95.80838323353294,-1
35,2020-03-20T10:05:00.000000,2020-03-20T10:10:00.000000,2020-03-20T12:05:00.000000,2020,2020-03-20,SHORT,fib382,1.0,7247.853,7462.25,7033.456,214.39699999999993,LOSS,-27.146999999999935,24,115.85300000000007,-72.14699999999993,time_exit,7462.25,7406.0,7277.25,7279.75,7196.25,7198.0,6707.0,94.91017964071857,-1
35,2020-03-20T10:05:00.000000,2020-03-20T10:10:00.000000,2020-03-20T12:05:00.000000,2020,2020-03-20,SHORT,fib382,1.5,7247.853,7462.25,6926.2575,214.39699999999993,LOSS,-27.146999999999935,24,115.85300000000007,-72.14699999999993,time_exit,7462.25,7406.0,7277.25,7279.75,7196.25,7198.0,6707.0,94.91017964071857,-1
35,2020-03-20T10:05:00.000000,2020-03-20T10:10:00.000000,2020-03-20T12:05:00.000000,2020,2020-03-20,SHORT,fib382,2.0,7247.853,7462.25,6819.059,214.39699999999993,LOSS,-27.146999999999935,24,115.85300000000007,-72.14699999999993,time_exit,7462.25,7406.0,7277.25,7279.75,7196.25,7198.0,6707.0,94.91017964071857,-1
35,2020-03-20T10:05:00.000000,2020-03-20T10:10:00.000000,2020-03-20T12:05:00.000000,2020,2020-03-20,SHORT,fib50,1.0,7238.0,7462.25,7013.75,224.25,LOSS,-37.0,24,106.0,-82.0,time_exit,7462.25,7406.0,7277.25,7279.75,7196.25,7198.0,6707.0,94.91017964071857,-1
35,2020-03-20T10:05:00.000000,2020-03-20T10:10:00.000000,2020-03-20T12:05:00.000000,2020,2020-03-20,SHORT,fib50,1.5,7238.0,7462.25,6901.625,224.25,LOSS,-37.0,24,106.0,-82.0,time_exit,7462.25,7406.0,7277.25,7279.75,7196.25,7198.0,6707.0,94.91017964071857,-1
35,2020-03-20T10:05:00.000000,2020-03-20T10:10:00.000000,2020-03-20T12:05:00.000000,2020,2020-03-20,SHORT,fib50,2.0,7238.0,7462.25,6789.5,224.25,LOSS,-37.0,24,106.0,-82.0,time_exit,7462.25,7406.0,7277.25,7279.75,7196.25,7198.0,6707.0,94.91017964071857,-1
38,2020-03-23T11:10:00.000000,2020-03-23T11:15:00.000000,2020-03-23T11:40:00.000000,2020,2020-03-23,LONG,fib382,1.0,7087.0935,6964.75,7209.437,122.34349999999995,LOSS,-122.34349999999995,6,42.40650000000005,-133.09349999999995,stop,7051.25,6964.75,7053.25,7142.25,7053.0,7124.25,4595.0,79.55182072829132,1
38,2020-03-23T11:10:00.000000,2020-03-23T11:15:00.000000,2020-03-23T11:40:00.000000,2020,2020-03-23,LONG,fib382,1.5,7087.0935,6964.75,7270.608749999999,122.34349999999995,LOSS,-122.34349999999995,6,42.40650000000005,-133.09349999999995,stop,7051.25,6964.75,7053.25,7142.25,7053.0,7124.25,4595.0,79.55182072829132,1
38,2020-03-23T11:10:00.000000,2020-03-23T11:15:00.000000,2020-03-23T11:40:00.000000,2020,2020-03-23,LONG,fib382,2.0,7087.0935,6964.75,7331.7805,122.34349999999995,LOSS,-122.34349999999995,6,42.40650000000005,-133.09349999999995,stop,7051.25,6964.75,7053.25,7142.25,7053.0,7124.25,4595.0,79.55182072829132,1
38,2020-03-23T11:10:00.000000,2020-03-23T11:15:00.000000,2020-03-23T11:40:00.000000,2020,2020-03-23,LONG,fib50,1.0,7097.625,6964.75,7230.5,132.875,LOSS,-132.875,6,31.875,-143.625,stop,7051.25,6964.75,7053.25,7142.25,7053.0,7124.25,4595.0,79.55182072829132,1
38,2020-03-23T11:10:00.000000,2020-03-23T11:15:00.000000,2020-03-23T11:40:00.000000,2020,2020-03-23,LONG,fib50,1.5,7097.625,6964.75,7296.9375,132.875,LOSS,-132.875,6,31.875,-143.625,stop,7051.25,6964.75,7053.25,7142.25,7053.0,7124.25,4595.0,79.55182072829132,1
38,2020-03-23T11:10:00.000000,2020-03-23T11:15:00.000000,2020-03-23T11:40:00.000000,2020,2020-03-23,LONG,fib50,2.0,7097.625,6964.75,7363.375,132.875,LOSS,-132.875,6,31.875,-143.625,stop,7051.25,6964.75,7053.25,7142.25,7053.0,7124.25,4595.0,79.55182072829132,1
40,2020-03-26T13:50:00.000000,2020-03-26T18:55:00.000000,2020-03-26T20:50:00.000000,2020,2020-03-26,LONG,fib382,1.0,7788.4655,7642.25,7934.6810000000005,146.21550000000025,LOSS,-56.21550000000025,24,34.28449999999975,-80.21550000000025,time_exit,7717.0,7642.25,7727.25,7887.5,7727.25,7884.0,18849.0,97.81591263650546,1
40,2020-03-26T13:50:00.000000,2020-03-26T18:55:00.000000,2020-03-26T20:50:00.000000,2020,2020-03-26,LONG,fib382,1.5,7788.4655,7642.25,8007.788750000001,146.21550000000025,LOSS,-56.21550000000025,24,34.28449999999975,-80.21550000000025,time_exit,7717.0,7642.25,7727.25,7887.5,7727.25,7884.0,18849.0,97.81591263650546,1
40,2020-03-26T13:50:00.000000,2020-03-26T18:55:00.000000,2020-03-26T20:50:00.000000,2020,2020-03-26,LONG,fib382,2.0,7788.4655,7642.25,8080.896500000001,146.21550000000025,LOSS,-56.21550000000025,24,34.28449999999975,-80.21550000000025,time_exit,7717.0,7642.25,7727.25,7887.5,7727.25,7884.0,18849.0,97.81591263650546,1
40,2020-03-26T13:50:00.000000,2020-03-26T18:55:00.000000,2020-03-26T20:50:00.000000,2020,2020-03-26,LONG,fib50,1.0,7807.375,7642.25,7972.5,165.125,LOSS,-75.125,24,15.375,-99.125,time_exit,7717.0,7642.25,7727.25,7887.5,7727.25,7884.0,18849.0,97.81591263650546,1
40,2020-03-26T13:50:00.000000,2020-03-26T18:55:00.000000,2020-03-26T20:50:00.000000,2020,2020-03-26,LONG,fib50,1.5,7807.375,7642.25,8055.0625,165.125,LOSS,-75.125,24,15.375,-99.125,time_exit,7717.0,7642.25,7727.25,7887.5,7727.25,7884.0,18849.0,97.81591263650546,1
40,2020-03-26T13:50:00.000000,2020-03-26T18:55:00.000000,2020-03-26T20:50:00.000000,2020,2020-03-26,LONG,fib50,2.0,7807.375,7642.25,8137.625,165.125,LOSS,-75.125,24,15.375,-99.125,time_exit,7717.0,7642.25,7727.25,7887.5,7727.25,7884.0,18849.0,97.81591263650546,1
41,2020-03-27T13:50:00.000000,,,2020,2020-03-27,SHORT,fib382,1.0,7613.0355,7625.25,7600.821,12.214500000000044,NO_ENTRY,0.0,0,0.0,0.0,no_entry_or_no_exit,7625.25,7585.75,7643.5,7643.5,7563.75,7564.75,11743.0,98.7460815047022,-1
41,2020-03-27T13:50:00.000000,,,2020,2020-03-27,SHORT,fib382,1.5,7613.0355,7625.25,7594.71375,12.214500000000044,NO_ENTRY,0.0,0,0.0,0.0,no_entry_or_no_exit,7625.25,7585.75,7643.5,7643.5,7563.75,7564.75,11743.0,98.7460815047022,-1
41,2020-03-27T13:50:00.000000,,,2020,2020-03-27,SHORT,fib382,2.0,7613.0355,7625.25,7588.6065,12.214500000000044,NO_ENTRY,0.0,0,0.0,0.0,no_entry_or_no_exit,7625.25,7585.75,7643.5,7643.5,7563.75,7564.75,11743.0,98.7460815047022,-1
41,2020-03-27T13:50:00.000000,,,2020,2020-03-27,SHORT,fib50,1.0,7603.625,7625.25,7582.0,21.625,NO_ENTRY,0.0,0,0.0,0.0,no_entry_or_no_exit,7625.25,7585.75,7643.5,7643.5,7563.75,7564.75,11743.0,98.7460815047022,-1
41,2020-03-27T13:50:00.000000,,,2020,2020-03-27,SHORT,fib50,1.5,7603.625,7625.25,7571.1875,21.625,NO_ENTRY,0.0,0,0.0,0.0,no_entry_or_no_exit,7625.25,7585.75,7643.5,7643.5,7563.75,7564.75,11743.0,98.7460815047022,-1
41,2020-03-27T13:50:00.000000,,,2020,2020-03-27,SHORT,fib50,2.0,7603.625,7625.25,7560.375,21.625,NO_ENTRY,0.0,0,0.0,0.0,no_entry_or_no_exit,7625.25,7585.75,7643.5,7643.5,7563.75,7564.75,11743.0,98.7460815047022,-1
42,2020-04-06T13:50:00.000000,2020-04-06T14:00:00.000000,2020-04-06T17:10:00.000000,2020,2020-04-06,LONG,fib382,1.0,8034.0515,7838.75,8229.353,195.30149999999958,LOSS,-23.551499999999578,24,19.198500000000422,-36.55149999999958,time_exit,7881.25,7838.75,8002.5,8085.5,8002.25,8084.5,15968.0,98.49849849849849,1
42,2020-04-06T13:50:00.000000,2020-04-06T14:00:00.000000,2020-04-06T17:10:00.000000,2020,2020-04-06,LONG,fib382,1.5,8034.0515,7838.75,8327.00375,195.30149999999958,LOSS,-23.551499999999578,24,19.198500000000422,-36.55149999999958,time_exit,7881.25,7838.75,8002.5,8085.5,8002.25,8084.5,15968.0,98.49849849849849,1
42,2020-04-06T13:50:00.000000,2020-04-06T14:00:00.000000,2020-04-06T17:10:00.000000,2020,2020-04-06,LONG,fib382,2.0,8034.0515,7838.75,8424.654499999999,195.30149999999958,LOSS,-23.551499999999578,24,19.198500000000422,-36.55149999999958,time_exit,7881.25,7838.75,8002.5,8085.5,8002.25,8084.5,15968.0,98.49849849849849,1
42,2020-04-06T13:50:00.000000,2020-04-06T14:00:00.000000,2020-04-06T17:10:00.000000,2020,2020-04-06,LONG,fib50,1.0,8043.875,7838.75,8249.0,205.125,LOSS,-33.375,24,9.375,-46.375,time_exit,7881.25,7838.75,8002.5,8085.5,8002.25,8084.5,15968.0,98.49849849849849,1
42,2020-04-06T13:50:00.000000,2020-04-06T14:00:00.000000,2020-04-06T17:10:00.000000,2020,2020-04-06,LONG,fib50,1.5,8043.875,7838.75,8351.5625,205.125,LOSS,-33.375,24,9.375,-46.375,time_exit,7881.25,7838.75,8002.5,8085.5,8002.25,8084.5,15968.0,98.49849849849849,1
42,2020-04-06T13:50:00.000000,2020-04-06T14:00:00.000000,2020-04-06T17:10:00.000000,2020,2020-04-06,LONG,fib50,2.0,8043.875,7838.75,8454.125,205.125,LOSS,-33.375,24,9.375,-46.375,time_exit,7881.25,7838.75,8002.5,8085.5,8002.25,8084.5,15968.0,98.49849849849849,1
43,2020-04-07T13:50:00.000000,,,2020,2020-04-07,SHORT,fib382,1.0,8113.135,8169.25,8057.02,56.11499999999978,NO_ENTRY,0.0,0,0.0,0.0,no_entry_or_no_exit,8169.25,8117.5,8160.0,8163.75,8031.25,8070.5,10920.0,67.54716981132076,-1
43,2020-04-07T13:50:00.000000,,,2020,2020-04-07,SHORT,fib382,1.5,8113.135,8169.25,8028.962500000001,56.11499999999978,NO_ENTRY,0.0,0,0.0,0.0,no_entry_or_no_exit,8169.25,8117.5,8160.0,8163.75,8031.25,8070.5,10920.0,67.54716981132076,-1
43,2020-04-07T13:50:00.000000,,,2020,2020-04-07,SHORT,fib382,2.0,8113.135,8169.25,8000.905000000001,56.11499999999978,NO_ENTRY,0.0,0,0.0,0.0,no_entry_or_no_exit,8169.25,8117.5,8160.0,8163.75,8031.25,8070.5,10920.0,67.54716981132076,-1
43,2020-04-07T13:50:00.000000,,,2020,2020-04-07,SHORT,fib50,1.0,8097.5,8169.25,8025.75,71.75,NO_ENTRY,0.0,0,0.0,0.0,no_entry_or_no_exit,8169.25,8117.5,8160.0,8163.75,8031.25,8070.5,10920.0,67.54716981132076,-1
43,2020-04-07T13:50:00.000000,,,2020,2020-04-07,SHORT,fib50,1.5,8097.5,8169.25,7989.875,71.75,NO_ENTRY,0.0,0,0.0,0.0,no_entry_or_no_exit,8169.25,8117.5,8160.0,8163.75,8031.25,8070.5,10920.0,67.54716981132076,-1
43,2020-04-07T13:50:00.000000,,,2020,2020-04-07,SHORT,fib50,2.0,8097.5,8169.25,7954.0,71.75,NO_ENTRY,0.0,0,0.0,0.0,no_entry_or_no_exit,8169.25,8117.5,8160.0,8163.75,8031.25,8070.5,10920.0,67.54716981132076,-1
44,2020-05-29T12:55:00.000000,,,2020,2020-05-29,LONG,fib382,1.0,9442.88,9397.0,9488.759999999998,45.8799999999992,NO_ENTRY,0.0,0,0.0,0.0,no_entry_or_no_exit,9433.0,9397.0,9425.5,9498.5,9408.5,9497.5,16784.0,80.0,1
44,2020-05-29T12:55:00.000000,,,2020,2020-05-29,LONG,fib382,1.5,9442.88,9397.0,9511.699999999997,45.8799999999992,NO_ENTRY,0.0,0,0.0,0.0,no_entry_or_no_exit,9433.0,9397.0,9425.5,9498.5,9408.5,9497.5,16784.0,80.0,1
44,2020-05-29T12:55:00.000000,,,2020,2020-05-29,LONG,fib382,2.0,9442.88,9397.0,9534.639999999998,45.8799999999992,NO_ENTRY,0.0,0,0.0,0.0,no_entry_or_no_exit,9433.0,9397.0,9425.5,9498.5,9408.5,9497.5,16784.0,80.0,1
44,2020-05-29T12:55:00.000000,,,2020,2020-05-29,LONG,fib50,1.0,9453.5,9397.0,9510.0,56.5,NO_ENTRY,0.0,0,0.0,0.0,no_entry_or_no_exit,9433.0,9397.0,9425.5,9498.5,9408.5,9497.5,16784.0,80.0,1
44,2020-05-29T12:55:00.000000,,,2020,2020-05-29,LONG,fib50,1.5,9453.5,9397.0,9538.25,56.5,NO_ENTRY,0.0,0,0.0,0.0,no_entry_or_no_exit,9433.0,9397.0,9425.5,9498.5,9408.5,9497.5,16784.0,80.0,1
44,2020-05-29T12:55:00.000000,,,2020,2020-05-29,LONG,fib50,2.0,9453.5,9397.0,9566.5,56.5,NO_ENTRY,0.0,0,0.0,0.0,no_entry_or_no_exit,9433.0,9397.0,9425.5,9498.5,9408.5,9497.5,16784.0,80.0,1
45,2020-07-13T13:00:00.000000,,,2020,2020-07-13,SHORT,fib382,1.0,10847.451,11014.25,10680.651999999998,166.7990000000009,NO_ENTRY,0.0,0,0.0,0.0,no_entry_or_no_exit,11014.25,10975.5,10870.5,10874.0,10804.5,10805.5,11380.0,93.5251798561151,-1
45,2020-07-13T13:00:00.000000,,,2020,2020-07-13,SHORT,fib382,1.5,10847.451,11014.25,10597.252499999999,166.7990000000009,NO_ENTRY,0.0,0,0.0,0.0,no_entry_or_no_exit,11014.25,10975.5,10870.5,10874.0,10804.5,10805.5,11380.0,93.5251798561151,-1
45,2020-07-13T13:00:00.000000,,,2020,2020-07-13,SHORT,fib382,2.0,10847.451,11014.25,10513.852999999997,166.7990000000009,NO_ENTRY,0.0,0,0.0,0.0,no_entry_or_no_exit,11014.25,10975.5,10870.5,10874.0,10804.5,10805.5,11380.0,93.5251798561151,-1
45,2020-07-13T13:00:00.000000,,,2020,2020-07-13,SHORT,fib50,1.0,10839.25,11014.25,10664.25,175.0,NO_ENTRY,0.0,0,0.0,0.0,no_entry_or_no_exit,11014.25,10975.5,10870.5,10874.0,10804.5,10805.5,11380.0,93.5251798561151,-1
45,2020-07-13T13:00:00.000000,,,2020,2020-07-13,SHORT,fib50,1.5,10839.25,11014.25,10576.75,175.0,NO_ENTRY,0.0,0,0.0,0.0,no_entry_or_no_exit,11014.25,10975.5,10870.5,10874.0,10804.5,10805.5,11380.0,93.5251798561151,-1
45,2020-07-13T13:00:00.000000,,,2020,2020-07-13,SHORT,fib50,2.0,10839.25,11014.25,10489.25,175.0,NO_ENTRY,0.0,0,0.0,0.0,no_entry_or_no_exit,11014.25,10975.5,10870.5,10874.0,10804.5,10805.5,11380.0,93.5251798561151,-1
46,2020-07-13T13:30:00.000000,2020-07-13T13:40:00.000000,2020-07-13T16:50:00.000000,2020,2020-07-13,SHORT,fib382,1.0,10675.244,11014.25,10336.238000000001,339.0059999999994,WIN,38.7440000000006,24,113.7440000000006,-24.255999999999403,time_exit,11014.25,10975.5,10703.5,10716.5,10608.5,10611.5,20908.0,85.18518518518519,-1
46,2020-07-13T13:30:00.000000,2020-07-13T13:40:00.000000,2020-07-13T16:50:00.000000,2020,2020-07-13,SHORT,fib382,1.5,10675.244,11014.25,10166.735,339.0059999999994,WIN,38.7440000000006,24,113.7440000000006,-24.255999999999403,time_exit,11014.25,10975.5,10703.5,10716.5,10608.5,10611.5,20908.0,85.18518518518519,-1
46,2020-07-13T13:30:00.000000,2020-07-13T13:40:00.000000,2020-07-13T16:50:00.000000,2020,2020-07-13,SHORT,fib382,2.0,10675.244,11014.25,9997.232000000002,339.0059999999994,WIN,38.7440000000006,24,113.7440000000006,-24.255999999999403,time_exit,11014.25,10975.5,10703.5,10716.5,10608.5,10611.5,20908.0,85.18518518518519,-1
46,2020-07-13T13:30:00.000000,2020-07-13T13:40:00.000000,2020-07-13T16:50:00.000000,2020,2020-07-13,SHORT,fib50,1.0,10662.5,11014.25,10310.75,351.75,WIN,26.0,24,101.0,-37.0,time_exit,11014.25,10975.5,10703.5,10716.5,10608.5,10611.5,20908.0,85.18518518518519,-1
46,2020-07-13T13:30:00.000000,2020-07-13T13:40:00.000000,2020-07-13T16:50:00.000000,2020,2020-07-13,SHORT,fib50,1.5,10662.5,11014.25,10134.875,351.75,WIN,26.0,24,101.0,-37.0,time_exit,11014.25,10975.5,10703.5,10716.5,10608.5,10611.5,20908.0,85.18518518518519,-1
46,2020-07-13T13:30:00.000000,2020-07-13T13:40:00.000000,2020-07-13T16:50:00.000000,2020,2020-07-13,SHORT,fib50,2.0,10662.5,11014.25,9959.0,351.75,WIN,26.0,24,101.0,-37.0,time_exit,11014.25,10975.5,10703.5,10716.5,10608.5,10611.5,20908.0,85.18518518518519,-1
48,2020-07-30T14:05:00.000000,,,2020,2020-07-30,LONG,fib382,1.0,10726.7395,10550.75,10902.729,175.98949999999968,NO_ENTRY,0.0,0,0.0,0.0,no_entry_or_no_exit,10599.0,10550.75,10697.75,10783.75,10691.5,10780.0,8972.0,89.15989159891599,1
48,2020-07-30T14:05:00.000000,,,2020,2020-07-30,LONG,fib382,1.5,10726.7395,10550.75,10990.72375,175.98949999999968,NO_ENTRY,0.0,0,0.0,0.0,no_entry_or_no_exit,10599.0,10550.75,10697.75,10783.75,10691.5,10780.0,8972.0,89.15989159891599,1
48,2020-07-30T14:05:00.000000,,,2020,2020-07-30,LONG,fib382,2.0,10726.7395,10550.75,11078.718499999999,175.98949999999968,NO_ENTRY,0.0,0,0.0,0.0,no_entry_or_no_exit,10599.0,10550.75,10697.75,10783.75,10691.5,10780.0,8972.0,89.15989159891599,1
48,2020-07-30T14:05:00.000000,,,2020,2020-07-30,LONG,fib50,1.0,10737.625,10550.75,10924.5,186.875,NO_ENTRY,0.0,0,0.0,0.0,no_entry_or_no_exit,10599.0,10550.75,10697.75,10783.75,10691.5,10780.0,8972.0,89.15989159891599,1
48,2020-07-30T14:05:00.000000,,,2020,2020-07-30,LONG,fib50,1.5,10737.625,10550.75,11017.9375,186.875,NO_ENTRY,0.0,0,0.0,0.0,no_entry_or_no_exit,10599.0,10550.75,10697.75,10783.75,10691.5,10780.0,8972.0,89.15989159891599,1
48,2020-07-30T14:05:00.000000,,,2020,2020-07-30,LONG,fib50,2.0,10737.625,10550.75,11111.375,186.875,NO_ENTRY,0.0,0,0.0,0.0,no_entry_or_no_exit,10599.0,10550.75,10697.75,10783.75,10691.5,10780.0,8972.0,89.15989159891599,1
49,2020-07-30T14:30:00.000000,,,2020,2020-07-30,LONG,fib382,1.0,10840.3635,10550.75,11129.976999999999,289.6134999999995,NO_ENTRY,0.0,0,0.0,0.0,no_entry_or_no_exit,10599.0,10550.75,10812.0,10886.25,10812.0,10885.0,5988.0,98.31649831649831,1
49,2020-07-30T14:30:00.000000,,,2020,2020-07-30,LONG,fib382,1.5,10840.3635,10550.75,11274.783749999999,289.6134999999995,NO_ENTRY,0.0,0,0.0,0.0,no_entry_or_no_exit,10599.0,10550.75,10812.0,10886.25,10812.0,10885.0,5988.0,98.31649831649831,1
49,2020-07-30T14:30:00.000000,,,2020,2020-07-30,LONG,fib382,2.0,10840.3635,10550.75,11419.590499999998,289.6134999999995,NO_ENTRY,0.0,0,0.0,0.0,no_entry_or_no_exit,10599.0,10550.75,10812.0,10886.25,10812.0,10885.0,5988.0,98.31649831649831,1
49,2020-07-30T14:30:00.000000,,,2020,2020-07-30,LONG,fib50,1.0,10849.125,10550.75,11147.5,298.375,NO_ENTRY,0.0,0,0.0,0.0,no_entry_or_no_exit,10599.0,10550.75,10812.0,10886.25,10812.0,10885.0,5988.0,98.31649831649831,1
49,2020-07-30T14:30:00.000000,,,2020,2020-07-30,LONG,fib50,1.5,10849.125,10550.75,11296.6875,298.375,NO_ENTRY,0.0,0,0.0,0.0,no_entry_or_no_exit,10599.0,10550.75,10812.0,10886.25,10812.0,10885.0,5988.0,98.31649831649831,1
49,2020-07-30T14:30:00.000000,,,2020,2020-07-30,LONG,fib50,2.0,10849.125,10550.75,11445.875,298.375,NO_ENTRY,0.0,0,0.0,0.0,no_entry_or_no_exit,10599.0,10550.75,10812.0,10886.25,10812.0,10885.0,5988.0,98.31649831649831,1
50,2020-09-02T09:35:00.000000,2020-09-02T09:45:00.000000,2020-09-02T11:10:00.000000,2020,2020-09-02,SHORT,fib382,1.0,12233.123,12354.5,12111.746,121.37700000000041,LOSS,-121.37700000000041,18,20.622999999999593,-135.1270000000004,stop,12354.5,12282.5,12265.75,12270.75,12172.25,12174.25,20227.0,92.89340101522842,-1
50,2020-09-02T09:35:00.000000,2020-09-02T09:45:00.000000,2020-09-02T11:10:00.000000,2020,2020-09-02,SHORT,fib382,1.5,12233.123,12354.5,12051.057499999999,121.37700000000041,LOSS,-121.37700000000041,18,20.622999999999593,-135.1270000000004,stop,12354.5,12282.5,12265.75,12270.75,12172.25,12174.25,20227.0,92.89340101522842,-1
50,2020-09-02T09:35:00.000000,2020-09-02T09:45:00.000000,2020-09-02T11:10:00.000000,2020,2020-09-02,SHORT,fib382,2.0,12233.123,12354.5,11990.368999999999,121.37700000000041,LOSS,-121.37700000000041,18,20.622999999999593,-135.1270000000004,stop,12354.5,12282.5,12265.75,12270.75,12172.25,12174.25,20227.0,92.89340101522842,-1
50,2020-09-02T09:35:00.000000,2020-09-02T09:40:00.000000,2020-09-02T11:10:00.000000,2020,2020-09-02,SHORT,fib50,1.0,12221.5,12354.5,12088.5,133.0,LOSS,-133.0,19,47.75,-146.75,stop,12354.5,12282.5,12265.75,12270.75,12172.25,12174.25,20227.0,92.89340101522842,-1
50,2020-09-02T09:35:00.000000,2020-09-02T09:40:00.000000,2020-09-02T11:10:00.000000,2020,2020-09-02,SHORT,fib50,1.5,12221.5,12354.5,12022.0,133.0,LOSS,-133.0,19,47.75,-146.75,stop,12354.5,12282.5,12265.75,12270.75,12172.25,12174.25,20227.0,92.89340101522842,-1
50,2020-09-02T09:35:00.000000,2020-09-02T09:40:00.000000,2020-09-02T11:10:00.000000,2020,2020-09-02,SHORT,fib50,2.0,12221.5,12354.5,11955.5,133.0,LOSS,-133.0,19,47.75,-146.75,stop,12354.5,12282.5,12265.75,12270.75,12172.25,12174.25,20227.0,92.89340101522842,-1
51,2020-09-03T09:15:00.000000,2020-09-03T09:25:00.000000,2020-09-03T11:20:00.000000,2020,2020-09-03,SHORT,fib382,1.0,11846.593,12075.0,11618.186000000002,228.40699999999924,WIN,40.34300000000076,24,124.09300000000076,-97.40699999999924,time_exit,12075.0,11967.25,11899.5,11899.5,11761.0,11769.25,19382.0,94.04332129963899,-1
51,2020-09-03T09:15:00.000000,2020-09-03T09:25:00.000000,2020-09-03T11:20:00.000000,2020,2020-09-03,SHORT,fib382,1.5,11846.593,12075.0,11503.982500000002,228.40699999999924,WIN,40.34300000000076,24,124.09300000000076,-97.40699999999924,time_exit,12075.0,11967.25,11899.5,11899.5,11761.0,11769.25,19382.0,94.04332129963899,-1
51,2020-09-03T09:15:00.000000,2020-09-03T09:25:00.000000,2020-09-03T11:20:00.000000,2020,2020-09-03,SHORT,fib382,2.0,11846.593,12075.0,11389.779000000002,228.40699999999924,WIN,40.34300000000076,24,124.09300000000076,-97.40699999999924,time_exit,12075.0,11967.25,11899.5,11899.5,11761.0,11769.25,19382.0,94.04332129963899,-1
51,2020-09-03T09:15:00.000000,2020-09-03T09:25:00.000000,2020-09-03T11:20:00.000000,2020,2020-09-03,SHORT,fib50,1.0,11830.25,12075.0,11585.5,244.75,WIN,24.0,24,107.75,-113.75,time_exit,12075.0,11967.25,11899.5,11899.5,11761.0,11769.25,19382.0,94.04332129963899,-1
51,2020-09-03T09:15:00.000000,2020-09-03T09:25:00.000000,2020-09-03T11:20:00.000000,2020,2020-09-03,SHORT,fib50,1.5,11830.25,12075.0,11463.125,244.75,WIN,24.0,24,107.75,-113.75,time_exit,12075.0,11967.25,11899.5,11899.5,11761.0,11769.25,19382.0,94.04332129963899,-1
51,2020-09-03T09:15:00.000000,2020-09-03T09:25:00.000000,2020-09-03T11:20:00.000000,2020,2020-09-03,SHORT,fib50,2.0,11830.25,12075.0,11340.75,244.75,WIN,24.0,24,107.75,-113.75,time_exit,12075.0,11967.25,11899.5,11899.5,11761.0,11769.25,19382.0,94.04332129963899,-1
52,2020-09-03T09:55:00.000000,,,2020,2020-09-03,SHORT,fib382,1.0,11910.3025,12075.0,11745.605,164.69750000000022,NO_ENTRY,0.0,0,0.0,0.0,no_entry_or_no_exit,12075.0,11967.25,11942.5,11943.25,11857.0,11869.25,10258.0,84.92753623188406,-1
52,2020-09-03T09:55:00.000000,,,2020,2020-09-03,SHORT,fib382,1.5,11910.3025,12075.0,11663.256249999999,164.69750000000022,NO_ENTRY,0.0,0,0.0,0.0,no_entry_or_no_exit,12075.0,11967.25,11942.5,11943.25,11857.0,11869.25,10258.0,84.92753623188406,-1
52,2020-09-03T09:55:00.000000,,,2020,2020-09-03,SHORT,fib382,2.0,11910.3025,12075.0,11580.9075,164.69750000000022,NO_ENTRY,0.0,0,0.0,0.0,no_entry_or_no_exit,12075.0,11967.25,11942.5,11943.25,11857.0,11869.25,10258.0,84.92753623188406,-1
52,2020-09-03T09:55:00.000000,2020-09-03T10:15:00.000000,2020-09-03T11:00:00.000000,2020,2020-09-03,SHORT,fib50,1.0,11900.125,12075.0,11725.25,174.875,WIN,174.875,10,177.625,-3.375,target,12075.0,11967.25,11942.5,11943.25,11857.0,11869.25,10258.0,84.92753623188406,-1
52,2020-09-03T09:55:00.000000,2020-09-03T10:15:00.000000,2020-09-03T12:10:00.000000,2020,2020-09-03,SHORT,fib50,1.5,11900.125,12075.0,11637.8125,174.875,WIN,106.875,24,177.625,-3.375,time_exit,12075.0,11967.25,11942.5,11943.25,11857.0,11869.25,10258.0,84.92753623188406,-1
52,2020-09-03T09:55:00.000000,2020-09-03T10:15:00.000000,2020-09-03T12:10:00.000000,2020,2020-09-03,SHORT,fib50,2.0,11900.125,12075.0,11550.375,174.875,WIN,106.875,24,177.625,-3.375,time_exit,12075.0,11967.25,11942.5,11943.25,11857.0,11869.25,10258.0,84.92753623188406,-1
53,2020-09-04T09:50:00.000000,2020-09-04T10:10:00.000000,2020-09-04T12:05:00.000000,2020,2020-09-04,LONG,fib382,1.0,11420.88,11142.0,11699.759999999998,278.8799999999992,WIN,49.3700000000008,24,161.3700000000008,-52.6299999999992,time_exit,11390.0,11142.0,11397.5,11476.5,11386.5,11472.25,13373.0,83.05555555555556,1
53,2020-09-04T09:50:00.000000,2020-09-04T10:10:00.000000,2020-09-04T12:05:00.000000,2020,2020-09-04,LONG,fib382,1.5,11420.88,11142.0,11839.199999999997,278.8799999999992,WIN,49.3700000000008,24,161.3700000000008,-52.6299999999992,time_exit,11390.0,11142.0,11397.5,11476.5,11386.5,11472.25,13373.0,83.05555555555556,1
53,2020-09-04T09:50:00.000000,2020-09-04T10:10:00.000000,2020-09-04T12:05:00.000000,2020,2020-09-04,LONG,fib382,2.0,11420.88,11142.0,11978.639999999998,278.8799999999992,WIN,49.3700000000008,24,161.3700000000008,-52.6299999999992,time_exit,11390.0,11142.0,11397.5,11476.5,11386.5,11472.25,13373.0,83.05555555555556,1
53,2020-09-04T09:50:00.000000,2020-09-04T09:55:00.000000,2020-09-04T11:50:00.000000,2020,2020-09-04,LONG,fib50,1.0,11431.5,11142.0,11721.0,289.5,WIN,40.75,24,150.75,-63.25,time_exit,11390.0,11142.0,11397.5,11476.5,11386.5,11472.25,13373.0,83.05555555555556,1
53,2020-09-04T09:50:00.000000,2020-09-04T09:55:00.000000,2020-09-04T11:50:00.000000,2020,2020-09-04,LONG,fib50,1.5,11431.5,11142.0,11865.75,289.5,WIN,40.75,24,150.75,-63.25,time_exit,11390.0,11142.0,11397.5,11476.5,11386.5,11472.25,13373.0,83.05555555555556,1
53,2020-09-04T09:50:00.000000,2020-09-04T09:55:00.000000,2020-09-04T11:50:00.000000,2020,2020-09-04,LONG,fib50,2.0,11431.5,11142.0,12010.5,289.5,WIN,40.75,24,150.75,-63.25,time_exit,11390.0,11142.0,11397.5,11476.5,11386.5,11472.25,13373.0,83.05555555555556,1
54,2020-09-04T12:35:00.000000,,,2020,2020-09-04,LONG,fib382,1.0,11551.7765,11142.0,11961.553,409.77649999999994,NO_ENTRY,0.0,0,0.0,0.0,no_entry_or_no_exit,11390.0,11142.0,11524.75,11595.5,11524.75,11590.25,9488.0,92.57950530035336,1
54,2020-09-04T12:35:00.000000,,,2020,2020-09-04,LONG,fib382,1.5,11551.7765,11142.0,12166.44125,409.77649999999994,NO_ENTRY,0.0,0,0.0,0.0,no_entry_or_no_exit,11390.0,11142.0,11524.75,11595.5,11524.75,11590.25,9488.0,92.57950530035336,1
54,2020-09-04T12:35:00.000000,,,2020,2020-09-04,LONG,fib382,2.0,11551.7765,11142.0,12371.3295,409.77649999999994,NO_ENTRY,0.0,0,0.0,0.0,no_entry_or_no_exit,11390.0,11142.0,11524.75,11595.5,11524.75,11590.25,9488.0,92.57950530035336,1
54,2020-09-04T12:35:00.000000,,,2020,2020-09-04,LONG,fib50,1.0,11560.125,11142.0,11978.25,418.125,NO_ENTRY,0.0,0,0.0,0.0,no_entry_or_no_exit,11390.0,11142.0,11524.75,11595.5,11524.75,11590.25,9488.0,92.57950530035336,1
54,2020-09-04T12:35:00.000000,,,2020,2020-09-04,LONG,fib50,1.5,11560.125,11142.0,12187.3125,418.125,NO_ENTRY,0.0,0,0.0,0.0,no_entry_or_no_exit,11390.0,11142.0,11524.75,11595.5,11524.75,11590.25,9488.0,92.57950530035336,1
54,2020-09-04T12:35:00.000000,,,2020,2020-09-04,LONG,fib50,2.0,11560.125,11142.0,12396.375,418.125,NO_ENTRY,0.0,0,0.0,0.0,no_entry_or_no_exit,11390.0,11142.0,11524.75,11595.5,11524.75,11590.25,9488.0,92.57950530035336,1
55,2020-09-10T08:55:00.000000,2020-09-10T09:05:00.000000,2020-09-10T11:00:00.000000,2020,2020-09-10,SHORT,fib382,1.0,11438.446,11557.5,11319.392,119.05400000000009,WIN,36.69599999999991,24,113.94599999999991,-59.55400000000009,time_exit,11557.5,11499.75,11468.5,11475.5,11378.5,11394.0,15765.0,76.80412371134021,-1
55,2020-09-10T08:55:00.000000,2020-09-10T09:05:00.000000,2020-09-10T11:00:00.000000,2020,2020-09-10,SHORT,fib382,1.5,11438.446,11557.5,11259.865,119.05400000000009,WIN,36.69599999999991,24,113.94599999999991,-59.55400000000009,time_exit,11557.5,11499.75,11468.5,11475.5,11378.5,11394.0,15765.0,76.80412371134021,-1
55,2020-09-10T08:55:00.000000,2020-09-10T09:05:00.000000,2020-09-10T11:00:00.000000,2020,2020-09-10,SHORT,fib382,2.0,11438.446,11557.5,11200.338,119.05400000000009,WIN,36.69599999999991,24,113.94599999999991,-59.55400000000009,time_exit,11557.5,11499.75,11468.5,11475.5,11378.5,11394.0,15765.0,76.80412371134021,-1
55,2020-09-10T08:55:00.000000,2020-09-10T09:05:00.000000,2020-09-10T11:00:00.000000,2020,2020-09-10,SHORT,fib50,1.0,11427.0,11557.5,11296.5,130.5,WIN,25.25,24,102.5,-71.0,time_exit,11557.5,11499.75,11468.5,11475.5,11378.5,11394.0,15765.0,76.80412371134021,-1
55,2020-09-10T08:55:00.000000,2020-09-10T09:05:00.000000,2020-09-10T11:00:00.000000,2020,2020-09-10,SHORT,fib50,1.5,11427.0,11557.5,11231.25,130.5,WIN,25.25,24,102.5,-71.0,time_exit,11557.5,11499.75,11468.5,11475.5,11378.5,11394.0,15765.0,76.80412371134021,-1
55,2020-09-10T08:55:00.000000,2020-09-10T09:05:00.000000,2020-09-10T11:00:00.000000,2020,2020-09-10,SHORT,fib50,2.0,11427.0,11557.5,11166.0,130.5,WIN,25.25,24,102.5,-71.0,time_exit,11557.5,11499.75,11468.5,11475.5,11378.5,11394.0,15765.0,76.80412371134021,-1
56,2020-10-06T12:50:00.000000,,,2020,2020-10-06,SHORT,fib382,1.0,11409.396,11497.75,11321.042000000001,88.35399999999936,NO_ENTRY,0.0,0,0.0,0.0,no_entry_or_no_exit,11497.75,11433.75,11454.25,11456.0,11334.0,11336.0,21818.0,96.92622950819673,-1
56,2020-10-06T12:50:00.000000,,,2020,2020-10-06,SHORT,fib382,1.5,11409.396,11497.75,11276.865000000002,88.35399999999936,NO_ENTRY,0.0,0,0.0,0.0,no_entry_or_no_exit,11497.75,11433.75,11454.25,11456.0,11334.0,11336.0,21818.0,96.92622950819673,-1
56,2020-10-06T12:50:00.000000,,,2020,2020-10-06,SHORT,fib382,2.0,11409.396,11497.75,11232.688000000002,88.35399999999936,NO_ENTRY,0.0,0,0.0,0.0,no_entry_or_no_exit,11497.75,11433.75,11454.25,11456.0,11334.0,11336.0,21818.0,96.92622950819673,-1
56,2020-10-06T12:50:00.000000,,,2020,2020-10-06,SHORT,fib50,1.0,11395.0,11497.75,11292.25,102.75,NO_ENTRY,0.0,0,0.0,0.0,no_entry_or_no_exit,11497.75,11433.75,11454.25,11456.0,11334.0,11336.0,21818.0,96.92622950819673,-1
56,2020-10-06T12:50:00.000000,,,2020,2020-10-06,SHORT,fib50,1.5,11395.0,11497.75,11240.875,102.75,NO_ENTRY,0.0,0,0.0,0.0,no_entry_or_no_exit,11497.75,11433.75,11454.25,11456.0,11334.0,11336.0,21818.0,96.92622950819673,-1
56,2020-10-06T12:50:00.000000,,,2020,2020-10-06,SHORT,fib50,2.0,11395.0,11497.75,11189.5,102.75,NO_ENTRY,0.0,0,0.0,0.0,no_entry_or_no_exit,11497.75,11433.75,11454.25,11456.0,11334.0,11336.0,21818.0,96.92622950819673,-1
58,2020-10-29T14:30:00.000000,,,2020,2020-10-29,SHORT,fib382,1.0,11293.851,11307.25,11280.452000000001,13.398999999999432,NO_ENTRY,0.0,0,0.0,0.0,no_entry_or_no_exit,11307.25,11265.25,11335.5,11339.5,11220.0,11249.0,6828.0,72.38493723849372,-1
58,2020-10-29T14:30:00.000000,,,2020,2020-10-29,SHORT,fib382,1.5,11293.851,11307.25,11273.752500000002,13.398999999999432,NO_ENTRY,0.0,0,0.0,0.0,no_entry_or_no_exit,11307.25,11265.25,11335.5,11339.5,11220.0,11249.0,6828.0,72.38493723849372,-1
58,2020-10-29T14:30:00.000000,,,2020,2020-10-29,SHORT,fib382,2.0,11293.851,11307.25,11267.053000000002,13.398999999999432,NO_ENTRY,0.0,0,0.0,0.0,no_entry_or_no_exit,11307.25,11265.25,11335.5,11339.5,11220.0,11249.0,6828.0,72.38493723849372,-1
58,2020-10-29T14:30:00.000000,,,2020,2020-10-29,SHORT,fib50,1.0,11279.75,11307.25,11252.25,27.5,NO_ENTRY,0.0,0,0.0,0.0,no_entry_or_no_exit,11307.25,11265.25,11335.5,11339.5,11220.0,11249.0,6828.0,72.38493723849372,-1
58,2020-10-29T14:30:00.000000,,,2020,2020-10-29,SHORT,fib50,1.5,11279.75,11307.25,11238.5,27.5,NO_ENTRY,0.0,0,0.0,0.0,no_entry_or_no_exit,11307.25,11265.25,11335.5,11339.5,11220.0,11249.0,6828.0,72.38493723849372,-1
58,2020-10-29T14:30:00.000000,,,2020,2020-10-29,SHORT,fib50,2.0,11279.75,11307.25,11224.75,27.5,NO_ENTRY,0.0,0,0.0,0.0,no_entry_or_no_exit,11307.25,11265.25,11335.5,11339.5,11220.0,11249.0,6828.0,72.38493723849372,-1
60,2020-11-09T09:00:00.000000,2020-11-09T09:45:00.000000,2020-11-09T11:40:00.000000,2020,2020-11-09,LONG,fib382,1.0,12149.9105,12042.0,12257.821,107.91049999999996,LOSS,-31.660499999999956,24,36.339500000000044,-83.91049999999996,time_exit,12212.0,12042.0,12112.0,12216.5,12108.75,12214.0,11882.0,94.66357308584686,1
60,2020-11-09T09:00:00.000000,2020-11-09T09:45:00.000000,2020-11-09T11:40:00.000000,2020,2020-11-09,LONG,fib382,1.5,12149.9105,12042.0,12311.776249999999,107.91049999999996,LOSS,-31.660499999999956,24,36.339500000000044,-83.91049999999996,time_exit,12212.0,12042.0,12112.0,12216.5,12108.75,12214.0,11882.0,94.66357308584686,1
60,2020-11-09T09:00:00.000000,2020-11-09T09:45:00.000000,2020-11-09T11:40:00.000000,2020,2020-11-09,LONG,fib382,2.0,12149.9105,12042.0,12365.7315,107.91049999999996,LOSS,-31.660499999999956,24,36.339500000000044,-83.91049999999996,time_exit,12212.0,12042.0,12112.0,12216.5,12108.75,12214.0,11882.0,94.66357308584686,1
60,2020-11-09T09:00:00.000000,2020-11-09T09:35:00.000000,2020-11-09T11:30:00.000000,2020,2020-11-09,LONG,fib50,1.0,12162.625,12042.0,12283.25,120.625,LOSS,-35.375,24,86.375,-96.625,time_exit,12212.0,12042.0,12112.0,12216.5,12108.75,12214.0,11882.0,94.66357308584686,1
60,2020-11-09T09:00:00.000000,2020-11-09T09:35:00.000000,2020-11-09T11:30:00.000000,2020,2020-11-09,LONG,fib50,1.5,12162.625,12042.0,12343.5625,120.625,LOSS,-35.375,24,86.375,-96.625,time_exit,12212.0,12042.0,12112.0,12216.5,12108.75,12214.0,11882.0,94.66357308584686,1
60,2020-11-09T09:00:00.000000,2020-11-09T09:35:00.000000,2020-11-09T11:30:00.000000,2020,2020-11-09,LONG,fib50,2.0,12162.625,12042.0,12403.875,120.625,LOSS,-35.375,24,86.375,-96.625,time_exit,12212.0,12042.0,12112.0,12216.5,12108.75,12214.0,11882.0,94.66357308584686,1
61,2021-02-10T09:20:00.000000,2021-02-10T09:25:00.000000,2021-02-10T11:20:00.000000,2021,2021-02-10,SHORT,fib382,1.0,13634.126,13762.0,13506.252,127.8739999999998,WIN,47.876000000000204,24,117.3760000000002,-7.373999999999796,time_exit,13762.0,13714.25,13674.75,13675.0,13568.0,13578.75,25739.0,89.7196261682243,-1
61,2021-02-10T09:20:00.000000,2021-02-10T09:25:00.000000,2021-02-10T11:20:00.000000,2021,2021-02-10,SHORT,fib382,1.5,13634.126,13762.0,13442.315,127.8739999999998,WIN,47.876000000000204,24,117.3760000000002,-7.373999999999796,time_exit,13762.0,13714.25,13674.75,13675.0,13568.0,13578.75,25739.0,89.7196261682243,-1
61,2021-02-10T09:20:00.000000,2021-02-10T09:25:00.000000,2021-02-10T11:20:00.000000,2021,2021-02-10,SHORT,fib382,2.0,13634.126,13762.0,13378.378,127.8739999999998,WIN,47.876000000000204,24,117.3760000000002,-7.373999999999796,time_exit,13762.0,13714.25,13674.75,13675.0,13568.0,13578.75,25739.0,89.7196261682243,-1
61,2021-02-10T09:20:00.000000,2021-02-10T09:25:00.000000,2021-02-10T11:20:00.000000,2021,2021-02-10,SHORT,fib50,1.0,13621.5,13762.0,13481.0,140.5,WIN,35.25,24,104.75,-20.0,time_exit,13762.0,13714.25,13674.75,13675.0,13568.0,13578.75,25739.0,89.7196261682243,-1
61,2021-02-10T09:20:00.000000,2021-02-10T09:25:00.000000,2021-02-10T11:20:00.000000,2021,2021-02-10,SHORT,fib50,1.5,13621.5,13762.0,13410.75,140.5,WIN,35.25,24,104.75,-20.0,time_exit,13762.0,13714.25,13674.75,13675.0,13568.0,13578.75,25739.0,89.7196261682243,-1
61,2021-02-10T09:20:00.000000,2021-02-10T09:25:00.000000,2021-02-10T11:20:00.000000,2021,2021-02-10,SHORT,fib50,2.0,13621.5,13762.0,13340.5,140.5,WIN,35.25,24,104.75,-20.0,time_exit,13762.0,13714.25,13674.75,13675.0,13568.0,13578.75,25739.0,89.7196261682243,-1
62,2021-02-10T09:40:00.000000,2021-02-10T09:50:00.000000,2021-02-10T11:45:00.000000,2021,2021-02-10,SHORT,fib382,1.0,13575.9235,13762.0,13389.847000000002,186.0764999999992,LOSS,-48.326499999999214,24,33.423500000000786,-65.57649999999921,time_exit,13762.0,13714.25,13599.25,13612.5,13516.75,13530.25,16306.0,72.0626631853786,-1
62,2021-02-10T09:40:00.000000,2021-02-10T09:50:00.000000,2021-02-10T11:45:00.000000,2021,2021-02-10,SHORT,fib382,1.5,13575.9235,13762.0,13296.808750000002,186.0764999999992,LOSS,-48.326499999999214,24,33.423500000000786,-65.57649999999921,time_exit,13762.0,13714.25,13599.25,13612.5,13516.75,13530.25,16306.0,72.0626631853786,-1
62,2021-02-10T09:40:00.000000,2021-02-10T09:50:00.000000,2021-02-10T11:45:00.000000,2021,2021-02-10,SHORT,fib382,2.0,13575.9235,13762.0,13203.770500000002,186.0764999999992,LOSS,-48.326499999999214,24,33.423500000000786,-65.57649999999921,time_exit,13762.0,13714.25,13599.25,13612.5,13516.75,13530.25,16306.0,72.0626631853786,-1
62,2021-02-10T09:40:00.000000,2021-02-10T09:50:00.000000,2021-02-10T11:45:00.000000,2021,2021-02-10,SHORT,fib50,1.0,13564.625,13762.0,13367.25,197.375,LOSS,-59.625,24,22.125,-76.875,time_exit,13762.0,13714.25,13599.25,13612.5,13516.75,13530.25,16306.0,72.0626631853786,-1
62,2021-02-10T09:40:00.000000,2021-02-10T09:50:00.000000,2021-02-10T11:45:00.000000,2021,2021-02-10,SHORT,fib50,1.5,13564.625,13762.0,13268.5625,197.375,LOSS,-59.625,24,22.125,-76.875,time_exit,13762.0,13714.25,13599.25,13612.5,13516.75,13530.25,16306.0,72.0626631853786,-1
62,2021-02-10T09:40:00.000000,2021-02-10T09:50:00.000000,2021-02-10T11:45:00.000000,2021,2021-02-10,SHORT,fib50,2.0,13564.625,13762.0,13169.875,197.375,LOSS,-59.625,24,22.125,-76.875,time_exit,13762.0,13714.25,13599.25,13612.5,13516.75,13530.25,16306.0,72.0626631853786,-1
63,2021-02-23T11:35:00.000000,2021-02-23T12:10:00.000000,2021-02-23T12:20:00.000000,2021,2021-02-23,SHORT,fib382,1.0,12968.1645,13016.25,12920.079000000002,48.08549999999923,LOSS,-48.08549999999923,3,19.66450000000077,-65.08549999999923,stop,13016.25,12824.5,12994.75,12995.0,12924.75,12929.25,8837.0,93.23843416370107,-1
63,2021-02-23T11:35:00.000000,2021-02-23T12:10:00.000000,2021-02-23T12:20:00.000000,2021,2021-02-23,SHORT,fib382,1.5,12968.1645,13016.25,12896.036250000001,48.08549999999923,LOSS,-48.08549999999923,3,19.66450000000077,-65.08549999999923,stop,13016.25,12824.5,12994.75,12995.0,12924.75,12929.25,8837.0,93.23843416370107,-1
63,2021-02-23T11:35:00.000000,2021-02-23T12:10:00.000000,2021-02-23T12:20:00.000000,2021,2021-02-23,SHORT,fib382,2.0,12968.1645,13016.25,12871.993500000002,48.08549999999923,LOSS,-48.08549999999923,3,19.66450000000077,-65.08549999999923,stop,13016.25,12824.5,12994.75,12995.0,12924.75,12929.25,8837.0,93.23843416370107,-1
63,2021-02-23T11:35:00.000000,2021-02-23T12:00:00.000000,2021-02-23T12:00:00.000000,2021,2021-02-23,SHORT,fib50,1.0,12959.875,13016.25,12903.5,56.375,WIN,56.375,1,74.875,-2.375,target,13016.25,12824.5,12994.75,12995.0,12924.75,12929.25,8837.0,93.23843416370107,-1
63,2021-02-23T11:35:00.000000,2021-02-23T12:00:00.000000,2021-02-23T12:20:00.000000,2021,2021-02-23,SHORT,fib50,1.5,12959.875,13016.25,12875.3125,56.375,LOSS,-56.375,5,74.875,-73.375,stop,13016.25,12824.5,12994.75,12995.0,12924.75,12929.25,8837.0,93.23843416370107,-1
63,2021-02-23T11:35:00.000000,2021-02-23T12:00:00.000000,2021-02-23T12:20:00.000000,2021,2021-02-23,SHORT,fib50,2.0,12959.875,13016.25,12847.125,56.375,LOSS,-56.375,5,74.875,-73.375,stop,13016.25,12824.5,12994.75,12995.0,12924.75,12929.25,8837.0,93.23843416370107,-1
64,2021-02-26T14:50:00.000000,,,2021,2021-02-26,SHORT,fib382,1.0,13016.376,13032.0,13000.752,15.623999999999796,NO_ENTRY,0.0,0,0.0,0.0,no_entry_or_no_exit,13032.0,12929.25,13056.5,13057.25,12950.25,12955.0,10524.0,94.85981308411215,-1
64,2021-02-26T14:50:00.000000,,,2021,2021-02-26,SHORT,fib382,1.5,13016.376,13032.0,12992.94,15.623999999999796,NO_ENTRY,0.0,0,0.0,0.0,no_entry_or_no_exit,13032.0,12929.25,13056.5,13057.25,12950.25,12955.0,10524.0,94.85981308411215,-1
64,2021-02-26T14:50:00.000000,,,2021,2021-02-26,SHORT,fib382,2.0,13016.376,13032.0,12985.128,15.623999999999796,NO_ENTRY,0.0,0,0.0,0.0,no_entry_or_no_exit,13032.0,12929.25,13056.5,13057.25,12950.25,12955.0,10524.0,94.85981308411215,-1
64,2021-02-26T14:50:00.000000,,,2021,2021-02-26,SHORT,fib50,1.0,13003.75,13032.0,12975.5,28.25,NO_ENTRY,0.0,0,0.0,0.0,no_entry_or_no_exit,13032.0,12929.25,13056.5,13057.25,12950.25,12955.0,10524.0,94.85981308411215,-1
64,2021-02-26T14:50:00.000000,,,2021,2021-02-26,SHORT,fib50,1.5,13003.75,13032.0,12961.375,28.25,NO_ENTRY,0.0,0,0.0,0.0,no_entry_or_no_exit,13032.0,12929.25,13056.5,13057.25,12950.25,12955.0,10524.0,94.85981308411215,-1
64,2021-02-26T14:50:00.000000,,,2021,2021-02-26,SHORT,fib50,2.0,13003.75,13032.0,12947.25,28.25,NO_ENTRY,0.0,0,0.0,0.0,no_entry_or_no_exit,13032.0,12929.25,13056.5,13057.25,12950.25,12955.0,10524.0,94.85981308411215,-1
65,2021-03-03T09:10:00.000000,2021-03-03T09:45:00.000000,2021-03-03T11:40:00.000000,2021,2021-03-03,SHORT,fib382,1.0,12889.6675,13052.0,12727.335,162.33250000000044,WIN,51.16749999999956,24,63.16749999999956,-80.58250000000044,time_exit,13052.0,12929.25,12915.75,12919.75,12841.0,12842.25,13351.0,93.33333333333333,-1
65,2021-03-03T09:10:00.000000,2021-03-03T09:45:00.000000,2021-03-03T11:40:00.000000,2021,2021-03-03,SHORT,fib382,1.5,12889.6675,13052.0,12646.168749999999,162.33250000000044,WIN,51.16749999999956,24,63.16749999999956,-80.58250000000044,time_exit,13052.0,12929.25,12915.75,12919.75,12841.0,12842.25,13351.0,93.33333333333333,-1
65,2021-03-03T09:10:00.000000,2021-03-03T09:45:00.000000,2021-03-03T11:40:00.000000,2021,2021-03-03,SHORT,fib382,2.0,12889.6675,13052.0,12565.002499999999,162.33250000000044,WIN,51.16749999999956,24,63.16749999999956,-80.58250000000044,time_exit,13052.0,12929.25,12915.75,12919.75,12841.0,12842.25,13351.0,93.33333333333333,-1
65,2021-03-03T09:10:00.000000,2021-03-03T09:25:00.000000,2021-03-03T11:20:00.000000,2021,2021-03-03,SHORT,fib50,1.0,12880.375,13052.0,12708.75,171.625,WIN,11.625,24,59.125,-89.875,time_exit,13052.0,12929.25,12915.75,12919.75,12841.0,12842.25,13351.0,93.33333333333333,-1
65,2021-03-03T09:10:00.000000,2021-03-03T09:25:00.000000,2021-03-03T11:20:00.000000,2021,2021-03-03,SHORT,fib50,1.5,12880.375,13052.0,12622.9375,171.625,WIN,11.625,24,59.125,-89.875,time_exit,13052.0,12929.25,12915.75,12919.75,12841.0,12842.25,13351.0,93.33333333333333,-1
65,2021-03-03T09:10:00.000000,2021-03-03T09:25:00.000000,2021-03-03T11:20:00.000000,2021,2021-03-03,SHORT,fib50,2.0,12880.375,13052.0,12537.125,171.625,WIN,11.625,24,59.125,-89.875,time_exit,13052.0,12929.25,12915.75,12919.75,12841.0,12842.25,13351.0,93.33333333333333,-1
66,2021-03-04T08:45:00.000000,2021-03-04T09:40:00.000000,2021-03-04T10:00:00.000000,2021,2021-03-04,SHORT,fib382,1.0,12682.4885,12765.0,12599.976999999999,82.51150000000052,LOSS,-82.51150000000052,5,21.988499999999476,-84.51150000000052,stop,12765.0,12649.25,12717.75,12725.75,12612.5,12614.75,19132.0,90.94922737306842,-1
66,2021-03-04T08:45:00.000000,2021-03-04T09:40:00.000000,2021-03-04T10:00:00.000000,2021,2021-03-04,SHORT,fib382,1.5,12682.4885,12765.0,12558.721249999999,82.51150000000052,LOSS,-82.51150000000052,5,21.988499999999476,-84.51150000000052,stop,12765.0,12649.25,12717.75,12725.75,12612.5,12614.75,19132.0,90.94922737306842,-1
66,2021-03-04T08:45:00.000000,2021-03-04T09:40:00.000000,2021-03-04T10:00:00.000000,2021,2021-03-04,SHORT,fib382,2.0,12682.4885,12765.0,12517.465499999998,82.51150000000052,LOSS,-82.51150000000052,5,21.988499999999476,-84.51150000000052,stop,12765.0,12649.25,12717.75,12725.75,12612.5,12614.75,19132.0,90.94922737306842,-1
66,2021-03-04T08:45:00.000000,2021-03-04T09:35:00.000000,2021-03-04T10:00:00.000000,2021,2021-03-04,SHORT,fib50,1.0,12669.125,12765.0,12573.25,95.875,LOSS,-95.875,6,43.875,-97.875,stop,12765.0,12649.25,12717.75,12725.75,12612.5,12614.75,19132.0,90.94922737306842,-1
66,2021-03-04T08:45:00.000000,2021-03-04T09:35:00.000000,2021-03-04T10:00:00.000000,2021,2021-03-04,SHORT,fib50,1.5,12669.125,12765.0,12525.3125,95.875,LOSS,-95.875,6,43.875,-97.875,stop,12765.0,12649.25,12717.75,12725.75,12612.5,12614.75,19132.0,90.94922737306842,-1
66,2021-03-04T08:45:00.000000,2021-03-04T09:35:00.000000,2021-03-04T10:00:00.000000,2021,2021-03-04,SHORT,fib50,2.0,12669.125,12765.0,12477.375,95.875,LOSS,-95.875,6,43.875,-97.875,stop,12765.0,12649.25,12717.75,12725.75,12612.5,12614.75,19132.0,90.94922737306842,-1
67,2021-03-04T11:10:00.000000,2021-03-04T11:15:00.000000,2021-03-04T11:15:00.000000,2021,2021-03-04,SHORT,fib382,1.0,12733.578,12765.0,12702.155999999999,31.42200000000048,WIN,31.42200000000048,1,57.32799999999952,-17.17200000000048,target,12765.0,12649.25,12770.25,12770.25,12674.25,12685.75,15079.0,88.02083333333334,-1
67,2021-03-04T11:10:00.000000,2021-03-04T11:15:00.000000,2021-03-04T11:15:00.000000,2021,2021-03-04,SHORT,fib382,1.5,12733.578,12765.0,12686.445,31.42200000000048,WIN,47.13300000000072,1,57.32799999999952,-17.17200000000048,target,12765.0,12649.25,12770.25,12770.25,12674.25,12685.75,15079.0,88.02083333333334,-1
67,2021-03-04T11:10:00.000000,2021-03-04T11:15:00.000000,2021-03-04T11:20:00.000000,2021,2021-03-04,SHORT,fib382,2.0,12733.578,12765.0,12670.733999999999,31.42200000000048,WIN,62.84400000000096,2,119.32799999999952,-17.17200000000048,target,12765.0,12649.25,12770.25,12770.25,12674.25,12685.75,15079.0,88.02083333333334,-1
67,2021-03-04T11:10:00.000000,2021-03-04T11:15:00.000000,2021-03-04T11:15:00.000000,2021,2021-03-04,SHORT,fib50,1.0,12722.25,12765.0,12679.5,42.75,WIN,42.75,1,46.0,-28.5,target,12765.0,12649.25,12770.25,12770.25,12674.25,12685.75,15079.0,88.02083333333334,-1
67,2021-03-04T11:10:00.000000,2021-03-04T11:15:00.000000,2021-03-04T11:20:00.000000,2021,2021-03-04,SHORT,fib50,1.5,12722.25,12765.0,12658.125,42.75,WIN,64.125,2,108.0,-28.5,target,12765.0,12649.25,12770.25,12770.25,12674.25,12685.75,15079.0,88.02083333333334,-1
67,2021-03-04T11:10:00.000000,2021-03-04T11:15:00.000000,2021-03-04T11:20:00.000000,2021,2021-03-04,SHORT,fib50,2.0,12722.25,12765.0,12636.75,42.75,WIN,85.5,2,108.0,-28.5,target,12765.0,12649.25,12770.25,12770.25,12674.25,12685.75,15079.0,88.02083333333334,-1
68,2021-03-04T11:20:00.000000,,,2021,2021-03-04,SHORT,fib382,1.0,12689.1825,12765.0,12613.365000000002,75.8174999999992,NO_ENTRY,0.0,0,0.0,0.0,no_entry_or_no_exit,12765.0,12649.25,12709.25,12735.5,12614.25,12622.5,17904.0,71.54639175257732,-1
68,2021-03-04T11:20:00.000000,,,2021,2021-03-04,SHORT,fib382,1.5,12689.1825,12765.0,12575.456250000003,75.8174999999992,NO_ENTRY,0.0,0,0.0,0.0,no_entry_or_no_exit,12765.0,12649.25,12709.25,12735.5,12614.25,12622.5,17904.0,71.54639175257732,-1
68,2021-03-04T11:20:00.000000,,,2021,2021-03-04,SHORT,fib382,2.0,12689.1825,12765.0,12537.547500000002,75.8174999999992,NO_ENTRY,0.0,0,0.0,0.0,no_entry_or_no_exit,12765.0,12649.25,12709.25,12735.5,12614.25,12622.5,17904.0,71.54639175257732,-1
68,2021-03-04T11:20:00.000000,,,2021,2021-03-04,SHORT,fib50,1.0,12674.875,12765.0,12584.75,90.125,NO_ENTRY,0.0,0,0.0,0.0,no_entry_or_no_exit,12765.0,12649.25,12709.25,12735.5,12614.25,12622.5,17904.0,71.54639175257732,-1
68,2021-03-04T11:20:00.000000,,,2021,2021-03-04,SHORT,fib50,1.5,12674.875,12765.0,12539.6875,90.125,NO_ENTRY,0.0,0,0.0,0.0,no_entry_or_no_exit,12765.0,12649.25,12709.25,12735.5,12614.25,12622.5,17904.0,71.54639175257732,-1
68,2021-03-04T11:20:00.000000,,,2021,2021-03-04,SHORT,fib50,2.0,12674.875,12765.0,12494.625,90.125,NO_ENTRY,0.0,0,0.0,0.0,no_entry_or_no_exit,12765.0,12649.25,12709.25,12735.5,12614.25,12622.5,17904.0,71.54639175257732,-1
70,2021-03-17T12:10:00.000000,2021-03-17T12:20:00.000000,2021-03-17T12:40:00.000000,2021,2021-03-17,LONG,fib382,1.0,13103.4055,13005.0,13201.811000000002,98.40550000000076,WIN,98.40550000000076,5,120.59449999999924,-38.90550000000076,target,13073.25,13005.0,13073.5,13153.0,13072.75,13140.0,11233.0,82.86604361370716,1
70,2021-03-17T12:10:00.000000,2021-03-17T12:20:00.000000,2021-03-17T13:00:00.000000,2021,2021-03-17,LONG,fib382,1.5,13103.4055,13005.0,13251.013750000002,98.40550000000076,WIN,147.60825000000114,9,159.34449999999924,-38.90550000000076,target,13073.25,13005.0,13073.5,13153.0,13072.75,13140.0,11233.0,82.86604361370716,1
70,2021-03-17T12:10:00.000000,2021-03-17T12:20:00.000000,2021-03-17T14:30:00.000000,2021,2021-03-17,LONG,fib382,2.0,13103.4055,13005.0,13300.216500000002,98.40550000000076,WIN,73.84449999999924,24,167.59449999999924,-38.90550000000076,time_exit,13073.25,13005.0,13073.5,13153.0,13072.75,13140.0,11233.0,82.86604361370716,1
70,2021-03-17T12:10:00.000000,2021-03-17T12:15:00.000000,2021-03-17T12:40:00.000000,2021,2021-03-17,LONG,fib50,1.0,13112.875,13005.0,13220.75,107.875,WIN,107.875,6,111.125,-48.375,target,13073.25,13005.0,13073.5,13153.0,13072.75,13140.0,11233.0,82.86604361370716,1
70,2021-03-17T12:10:00.000000,2021-03-17T12:15:00.000000,2021-03-17T14:10:00.000000,2021,2021-03-17,LONG,fib50,1.5,13112.875,13005.0,13274.6875,107.875,WIN,76.125,24,158.125,-48.375,time_exit,13073.25,13005.0,13073.5,13153.0,13072.75,13140.0,11233.0,82.86604361370716,1
70,2021-03-17T12:10:00.000000,2021-03-17T12:15:00.000000,2021-03-17T14:10:00.000000,2021,2021-03-17,LONG,fib50,2.0,13112.875,13005.0,13328.625,107.875,WIN,76.125,24,158.125,-48.375,time_exit,13073.25,13005.0,13073.5,13153.0,13072.75,13140.0,11233.0,82.86604361370716,1
71,2021-03-17T12:40:00.000000,2021-03-17T13:45:00.000000,2021-03-17T16:55:00.000000,2021,2021-03-17,LONG,fib382,1.0,13172.397,13005.0,13339.794000000002,167.39700000000084,WIN,17.102999999999156,24,38.352999999999156,-16.897000000000844,time_exit,13073.25,13005.0,13143.75,13224.0,13140.5,13219.0,11133.0,90.11976047904191,1
71,2021-03-17T12:40:00.000000,2021-03-17T13:45:00.000000,2021-03-17T16:55:00.000000,2021,2021-03-17,LONG,fib382,1.5,13172.397,13005.0,13423.492500000002,167.39700000000084,WIN,17.102999999999156,24,38.352999999999156,-16.897000000000844,time_exit,13073.25,13005.0,13143.75,13224.0,13140.5,13219.0,11133.0,90.11976047904191,1
71,2021-03-17T12:40:00.000000,2021-03-17T13:45:00.000000,2021-03-17T16:55:00.000000,2021,2021-03-17,LONG,fib382,2.0,13172.397,13005.0,13507.191000000003,167.39700000000084,WIN,17.102999999999156,24,38.352999999999156,-16.897000000000844,time_exit,13073.25,13005.0,13143.75,13224.0,13140.5,13219.0,11133.0,90.11976047904191,1
71,2021-03-17T12:40:00.000000,2021-03-17T13:40:00.000000,2021-03-17T16:50:00.000000,2021,2021-03-17,LONG,fib50,1.0,13182.25,13005.0,13359.5,177.25,WIN,5.5,24,33.5,-26.75,time_exit,13073.25,13005.0,13143.75,13224.0,13140.5,13219.0,11133.0,90.11976047904191,1
71,2021-03-17T12:40:00.000000,2021-03-17T13:40:00.000000,2021-03-17T16:50:00.000000,2021,2021-03-17,LONG,fib50,1.5,13182.25,13005.0,13448.125,177.25,WIN,5.5,24,33.5,-26.75,time_exit,13073.25,13005.0,13143.75,13224.0,13140.5,13219.0,11133.0,90.11976047904191,1
71,2021-03-17T12:40:00.000000,2021-03-17T13:40:00.000000,2021-03-17T16:50:00.000000,2021,2021-03-17,LONG,fib50,2.0,13182.25,13005.0,13536.75,177.25,WIN,5.5,24,33.5,-26.75,time_exit,13073.25,13005.0,13143.75,13224.0,13140.5,13219.0,11133.0,90.11976047904191,1
73,2021-05-19T12:20:00.000000,2021-05-19T12:35:00.000000,2021-05-19T14:45:00.000000,2021,2021-05-19,LONG,fib382,1.0,13172.5765,13044.0,13301.152999999998,128.5764999999992,WIN,40.173500000000786,24,66.42350000000079,-48.326499999999214,time_exit,13102.75,13044.0,13136.0,13231.75,13136.0,13214.75,13663.0,82.24543080939948,1
73,2021-05-19T12:20:00.000000,2021-05-19T12:35:00.000000,2021-05-19T14:45:00.000000,2021,2021-05-19,LONG,fib382,1.5,13172.5765,13044.0,13365.441249999998,128.5764999999992,WIN,40.173500000000786,24,66.42350000000079,-48.326499999999214,time_exit,13102.75,13044.0,13136.0,13231.75,13136.0,13214.75,13663.0,82.24543080939948,1
73,2021-05-19T12:20:00.000000,2021-05-19T12:35:00.000000,2021-05-19T14:45:00.000000,2021,2021-05-19,LONG,fib382,2.0,13172.5765,13044.0,13429.729499999998,128.5764999999992,WIN,40.173500000000786,24,66.42350000000079,-48.326499999999214,time_exit,13102.75,13044.0,13136.0,13231.75,13136.0,13214.75,13663.0,82.24543080939948,1
73,2021-05-19T12:20:00.000000,2021-05-19T12:35:00.000000,2021-05-19T14:45:00.000000,2021,2021-05-19,LONG,fib50,1.0,13183.875,13044.0,13323.75,139.875,WIN,28.875,24,55.125,-59.625,time_exit,13102.75,13044.0,13136.0,13231.75,13136.0,13214.75,13663.0,82.24543080939948,1
73,2021-05-19T12:20:00.000000,2021-05-19T12:35:00.000000,2021-05-19T14:45:00.000000,2021,2021-05-19,LONG,fib50,1.5,13183.875,13044.0,13393.6875,139.875,WIN,28.875,24,55.125,-59.625,time_exit,13102.75,13044.0,13136.0,13231.75,13136.0,13214.75,13663.0,82.24543080939948,1
73,2021-05-19T12:20:00.000000,2021-05-19T12:35:00.000000,2021-05-19T14:45:00.000000,2021,2021-05-19,LONG,fib50,2.0,13183.875,13044.0,13463.625,139.875,WIN,28.875,24,55.125,-59.625,time_exit,13102.75,13044.0,13136.0,13231.75,13136.0,13214.75,13663.0,82.24543080939948,1
74,2021-06-16T12:00:00.000000,2021-06-16T13:10:00.000000,2021-06-16T16:20:00.000000,2021,2021-06-16,SHORT,fib382,1.0,13963.003,14083.75,13842.256000000001,120.74699999999939,WIN,40.25300000000061,24,46.75300000000061,-67.74699999999939,time_exit,14083.75,14054.75,14014.0,14014.0,13880.5,13909.25,27657.0,78.46441947565543,-1
74,2021-06-16T12:00:00.000000,2021-06-16T13:10:00.000000,2021-06-16T16:20:00.000000,2021,2021-06-16,SHORT,fib382,1.5,13963.003,14083.75,13781.882500000002,120.74699999999939,WIN,40.25300000000061,24,46.75300000000061,-67.74699999999939,time_exit,14083.75,14054.75,14014.0,14014.0,13880.5,13909.25,27657.0,78.46441947565543,-1
74,2021-06-16T12:00:00.000000,2021-06-16T13:10:00.000000,2021-06-16T16:20:00.000000,2021,2021-06-16,SHORT,fib382,2.0,13963.003,14083.75,13721.509000000002,120.74699999999939,WIN,40.25300000000061,24,46.75300000000061,-67.74699999999939,time_exit,14083.75,14054.75,14014.0,14014.0,13880.5,13909.25,27657.0,78.46441947565543,-1
74,2021-06-16T12:00:00.000000,2021-06-16T12:05:00.000000,2021-06-16T14:00:00.000000,2021,2021-06-16,SHORT,fib50,1.0,13947.25,14083.75,13810.75,136.5,LOSS,-27.5,24,117.0,-83.5,time_exit,14083.75,14054.75,14014.0,14014.0,13880.5,13909.25,27657.0,78.46441947565543,-1
74,2021-06-16T12:00:00.000000,2021-06-16T12:05:00.000000,2021-06-16T14:00:00.000000,2021,2021-06-16,SHORT,fib50,1.5,13947.25,14083.75,13742.5,136.5,LOSS,-27.5,24,117.0,-83.5,time_exit,14083.75,14054.75,14014.0,14014.0,13880.5,13909.25,27657.0,78.46441947565543,-1
74,2021-06-16T12:00:00.000000,2021-06-16T12:05:00.000000,2021-06-16T14:00:00.000000,2021,2021-06-16,SHORT,fib50,2.0,13947.25,14083.75,13674.25,136.5,LOSS,-27.5,24,117.0,-83.5,time_exit,14083.75,14054.75,14014.0,14014.0,13880.5,13909.25,27657.0,78.46441947565543,-1
75,2021-10-01T09:10:00.000000,,,2021,2021-10-01,LONG,fib382,1.0,14616.001,14537.0,14695.002,79.0010000000002,NO_ENTRY,0.0,0,0.0,0.0,no_entry_or_no_exit,14582.25,14537.0,14585.25,14665.75,14585.25,14657.5,10641.0,89.75155279503106,1
75,2021-10-01T09:10:00.000000,,,2021,2021-10-01,LONG,fib382,1.5,14616.001,14537.0,14734.5025,79.0010000000002,NO_ENTRY,0.0,0,0.0,0.0,no_entry_or_no_exit,14582.25,14537.0,14585.25,14665.75,14585.25,14657.5,10641.0,89.75155279503106,1
75,2021-10-01T09:10:00.000000,,,2021,2021-10-01,LONG,fib382,2.0,14616.001,14537.0,14774.003,79.0010000000002,NO_ENTRY,0.0,0,0.0,0.0,no_entry_or_no_exit,14582.25,14537.0,14585.25,14665.75,14585.25,14657.5,10641.0,89.75155279503106,1
75,2021-10-01T09:10:00.000000,,,2021,2021-10-01,LONG,fib50,1.0,14625.5,14537.0,14714.0,88.5,NO_ENTRY,0.0,0,0.0,0.0,no_entry_or_no_exit,14582.25,14537.0,14585.25,14665.75,14585.25,14657.5,10641.0,89.75155279503106,1
75,2021-10-01T09:10:00.000000,,,2021,2021-10-01,LONG,fib50,1.5,14625.5,14537.0,14758.25,88.5,NO_ENTRY,0.0,0,0.0,0.0,no_entry_or_no_exit,14582.25,14537.0,14585.25,14665.75,14585.25,14657.5,10641.0,89.75155279503106,1
75,2021-10-01T09:10:00.000000,,,2021,2021-10-01,LONG,fib50,2.0,14625.5,14537.0,14802.5,88.5,NO_ENTRY,0.0,0,0.0,0.0,no_entry_or_no_exit,14582.25,14537.0,14585.25,14665.75,14585.25,14657.5,10641.0,89.75155279503106,1
76,2021-10-28T14:30:00.000000,2021-10-28T16:00:00.000000,2021-10-28T17:55:00.000000,2021,2021-10-28,SHORT,fib382,1.0,15680.752,15723.5,15638.004,42.74799999999959,WIN,8.252000000000407,24,15.002000000000407,-11.247999999999593,time_exit,15723.5,15695.5,15714.75,15714.75,15625.75,15643.75,7604.0,79.7752808988764,-1
76,2021-10-28T14:30:00.000000,2021-10-28T16:00:00.000000,2021-10-28T17:55:00.000000,2021,2021-10-28,SHORT,fib382,1.5,15680.752,15723.5,15616.630000000001,42.74799999999959,WIN,8.252000000000407,24,15.002000000000407,-11.247999999999593,time_exit,15723.5,15695.5,15714.75,15714.75,15625.75,15643.75,7604.0,79.7752808988764,-1
76,2021-10-28T14:30:00.000000,2021-10-28T16:00:00.000000,2021-10-28T17:55:00.000000,2021,2021-10-28,SHORT,fib382,2.0,15680.752,15723.5,15595.256000000001,42.74799999999959,WIN,8.252000000000407,24,15.002000000000407,-11.247999999999593,time_exit,15723.5,15695.5,15714.75,15714.75,15625.75,15643.75,7604.0,79.7752808988764,-1
76,2021-10-28T14:30:00.000000,2021-10-28T14:45:00.000000,2021-10-28T17:40:00.000000,2021,2021-10-28,SHORT,fib50,1.0,15670.25,15723.5,15617.0,53.25,LOSS,-0.5,24,12.25,-21.75,time_exit,15723.5,15695.5,15714.75,15714.75,15625.75,15643.75,7604.0,79.7752808988764,-1
76,2021-10-28T14:30:00.000000,2021-10-28T14:45:00.000000,2021-10-28T17:40:00.000000,2021,2021-10-28,SHORT,fib50,1.5,15670.25,15723.5,15590.375,53.25,LOSS,-0.5,24,12.25,-21.75,time_exit,15723.5,15695.5,15714.75,15714.75,15625.75,15643.75,7604.0,79.7752808988764,-1
76,2021-10-28T14:30:00.000000,2021-10-28T14:45:00.000000,2021-10-28T17:40:00.000000,2021,2021-10-28,SHORT,fib50,2.0,15670.25,15723.5,15563.75,53.25,LOSS,-0.5,24,12.25,-21.75,time_exit,15723.5,15695.5,15714.75,15714.75,15625.75,15643.75,7604.0,79.7752808988764,-1
77,2021-11-03T12:00:00.000000,2021-11-03T12:10:00.000000,2021-11-03T12:45:00.000000,2021,2021-11-03,LONG,fib382,1.0,15992.745,15939.5,16045.990000000002,53.2450000000008,WIN,53.2450000000008,8,79.0049999999992,-21.2450000000008,target,15966.75,15939.5,15968.5,16053.0,15955.5,16037.75,19928.0,71.02564102564102,1
77,2021-11-03T12:00:00.000000,2021-11-03T12:10:00.000000,2021-11-03T12:50:00.000000,2021,2021-11-03,LONG,fib382,1.5,15992.745,15939.5,16072.612500000003,53.2450000000008,WIN,79.8675000000012,9,90.2549999999992,-21.2450000000008,target,15966.75,15939.5,15968.5,16053.0,15955.5,16037.75,19928.0,71.02564102564102,1
77,2021-11-03T12:00:00.000000,2021-11-03T12:10:00.000000,2021-11-03T13:00:00.000000,2021,2021-11-03,LONG,fib382,2.0,15992.745,15939.5,16099.235000000002,53.2450000000008,WIN,106.4900000000016,11,110.0049999999992,-21.2450000000008,target,15966.75,15939.5,15968.5,16053.0,15955.5,16037.75,19928.0,71.02564102564102,1
77,2021-11-03T12:00:00.000000,2021-11-03T12:05:00.000000,2021-11-03T12:45:00.000000,2021,2021-11-03,LONG,fib50,1.0,16004.25,15939.5,16069.0,64.75,WIN,64.75,9,67.5,-32.75,target,15966.75,15939.5,15968.5,16053.0,15955.5,16037.75,19928.0,71.02564102564102,1
77,2021-11-03T12:00:00.000000,2021-11-03T12:05:00.000000,2021-11-03T13:00:00.000000,2021,2021-11-03,LONG,fib50,1.5,16004.25,15939.5,16101.375,64.75,WIN,97.125,12,98.5,-32.75,target,15966.75,15939.5,15968.5,16053.0,15955.5,16037.75,19928.0,71.02564102564102,1
77,2021-11-03T12:00:00.000000,2021-11-03T12:05:00.000000,2021-11-03T13:45:00.000000,2021,2021-11-03,LONG,fib50,2.0,16004.25,15939.5,16133.75,64.75,WIN,129.5,21,134.75,-32.75,target,15966.75,15939.5,15968.5,16053.0,15955.5,16037.75,19928.0,71.02564102564102,1
78,2021-11-09T08:55:00.000000,2021-11-09T09:30:00.000000,2021-11-09T11:25:00.000000,2021,2021-11-09,SHORT,fib382,1.0,16268.6655,16391.75,16145.580999999998,123.08450000000084,WIN,57.915499999999156,24,83.66549999999916,-17.834500000000844,time_exit,16391.75,16354.0,16300.0,16312.5,16197.75,16226.0,25585.0,64.4880174291939,-1
78,2021-11-09T08:55:00.000000,2021-11-09T09:30:00.000000,2021-11-09T11:25:00.000000,2021,2021-11-09,SHORT,fib382,1.5,16268.6655,16391.75,16084.038749999998,123.08450000000084,WIN,57.915499999999156,24,83.66549999999916,-17.834500000000844,time_exit,16391.75,16354.0,16300.0,16312.5,16197.75,16226.0,25585.0,64.4880174291939,-1
78,2021-11-09T08:55:00.000000,2021-11-09T09:30:00.000000,2021-11-09T11:25:00.000000,2021,2021-11-09,SHORT,fib382,2.0,16268.6655,16391.75,16022.496499999997,123.08450000000084,WIN,57.915499999999156,24,83.66549999999916,-17.834500000000844,time_exit,16391.75,16354.0,16300.0,16312.5,16197.75,16226.0,25585.0,64.4880174291939,-1
78,2021-11-09T08:55:00.000000,2021-11-09T09:15:00.000000,2021-11-09T11:10:00.000000,2021,2021-11-09,SHORT,fib50,1.0,16255.125,16391.75,16118.5,136.625,WIN,27.625,24,70.125,-31.375,time_exit,16391.75,16354.0,16300.0,16312.5,16197.75,16226.0,25585.0,64.4880174291939,-1
78,2021-11-09T08:55:00.000000,2021-11-09T09:15:00.000000,2021-11-09T11:10:00.000000,2021,2021-11-09,SHORT,fib50,1.5,16255.125,16391.75,16050.1875,136.625,WIN,27.625,24,70.125,-31.375,time_exit,16391.75,16354.0,16300.0,16312.5,16197.75,16226.0,25585.0,64.4880174291939,-1
78,2021-11-09T08:55:00.000000,2021-11-09T09:15:00.000000,2021-11-09T11:10:00.000000,2021,2021-11-09,SHORT,fib50,2.0,16255.125,16391.75,15981.875,136.625,WIN,27.625,24,70.125,-31.375,time_exit,16391.75,16354.0,16300.0,16312.5,16197.75,16226.0,25585.0,64.4880174291939,-1
79,2021-11-15T10:40:00.000000,2021-11-15T11:40:00.000000,2021-11-15T13:35:00.000000,2021,2021-11-15,SHORT,fib382,1.0,16148.1675,16254.25,16042.085,106.08250000000044,WIN,5.667499999999563,24,27.667499999999563,-13.582500000000437,time_exit,16254.25,16211.5,16174.75,16178.25,16099.5,16105.0,14746.0,88.57142857142857,-1
79,2021-11-15T10:40:00.000000,2021-11-15T11:40:00.000000,2021-11-15T13:35:00.000000,2021,2021-11-15,SHORT,fib382,1.5,16148.1675,16254.25,15989.043749999999,106.08250000000044,WIN,5.667499999999563,24,27.667499999999563,-13.582500000000437,time_exit,16254.25,16211.5,16174.75,16178.25,16099.5,16105.0,14746.0,88.57142857142857,-1
79,2021-11-15T10:40:00.000000,2021-11-15T11:40:00.000000,2021-11-15T13:35:00.000000,2021,2021-11-15,SHORT,fib382,2.0,16148.1675,16254.25,15936.002499999999,106.08250000000044,WIN,5.667499999999563,24,27.667499999999563,-13.582500000000437,time_exit,16254.25,16211.5,16174.75,16178.25,16099.5,16105.0,14746.0,88.57142857142857,-1
79,2021-11-15T10:40:00.000000,2021-11-15T11:00:00.000000,2021-11-15T12:55:00.000000,2021,2021-11-15,SHORT,fib50,1.0,16138.875,16254.25,16023.5,115.375,WIN,8.375,24,56.625,-22.875,time_exit,16254.25,16211.5,16174.75,16178.25,16099.5,16105.0,14746.0,88.57142857142857,-1
79,2021-11-15T10:40:00.000000,2021-11-15T11:00:00.000000,2021-11-15T12:55:00.000000,2021,2021-11-15,SHORT,fib50,1.5,16138.875,16254.25,15965.8125,115.375,WIN,8.375,24,56.625,-22.875,time_exit,16254.25,16211.5,16174.75,16178.25,16099.5,16105.0,14746.0,88.57142857142857,-1
79,2021-11-15T10:40:00.000000,2021-11-15T11:00:00.000000,2021-11-15T12:55:00.000000,2021,2021-11-15,SHORT,fib50,2.0,16138.875,16254.25,15908.125,115.375,WIN,8.375,24,56.625,-22.875,time_exit,16254.25,16211.5,16174.75,16178.25,16099.5,16105.0,14746.0,88.57142857142857,-1
80,2021-11-22T14:50:00.000000,,,2021,2021-11-22,SHORT,fib382,1.0,16451.496,16711.5,16191.491999999998,260.0040000000008,NO_ENTRY,0.0,0,0.0,0.0,no_entry_or_no_exit,16711.5,16638.25,16479.0,16479.0,16407.0,16411.5,18424.0,93.75,-1
80,2021-11-22T14:50:00.000000,,,2021,2021-11-22,SHORT,fib382,1.5,16451.496,16711.5,16061.489999999998,260.0040000000008,NO_ENTRY,0.0,0,0.0,0.0,no_entry_or_no_exit,16711.5,16638.25,16479.0,16479.0,16407.0,16411.5,18424.0,93.75,-1
80,2021-11-22T14:50:00.000000,,,2021,2021-11-22,SHORT,fib382,2.0,16451.496,16711.5,15931.487999999998,260.0040000000008,NO_ENTRY,0.0,0,0.0,0.0,no_entry_or_no_exit,16711.5,16638.25,16479.0,16479.0,16407.0,16411.5,18424.0,93.75,-1
80,2021-11-22T14:50:00.000000,,,2021,2021-11-22,SHORT,fib50,1.0,16443.0,16711.5,16174.5,268.5,NO_ENTRY,0.0,0,0.0,0.0,no_entry_or_no_exit,16711.5,16638.25,16479.0,16479.0,16407.0,16411.5,18424.0,93.75,-1
80,2021-11-22T14:50:00.000000,,,2021,2021-11-22,SHORT,fib50,1.5,16443.0,16711.5,16040.25,268.5,NO_ENTRY,0.0,0,0.0,0.0,no_entry_or_no_exit,16711.5,16638.25,16479.0,16479.0,16407.0,16411.5,18424.0,93.75,-1
80,2021-11-22T14:50:00.000000,,,2021,2021-11-22,SHORT,fib50,2.0,16443.0,16711.5,15906.0,268.5,NO_ENTRY,0.0,0,0.0,0.0,no_entry_or_no_exit,16711.5,16638.25,16479.0,16479.0,16407.0,16411.5,18424.0,93.75,-1
81,2021-11-30T09:45:00.000000,2021-11-30T21:00:00.000000,2021-11-30T22:40:00.000000,2021,2021-11-30,SHORT,fib382,1.0,16318.679,16372.25,16265.108,53.57099999999991,LOSS,-53.57099999999991,21,27.929000000000087,-58.07099999999991,stop,16372.25,16319.0,16349.25,16353.25,16262.75,16268.5,14833.0,89.22651933701657,-1
81,2021-11-30T09:45:00.000000,2021-11-30T21:00:00.000000,2021-11-30T22:40:00.000000,2021,2021-11-30,SHORT,fib382,1.5,16318.679,16372.25,16238.3225,53.57099999999991,LOSS,-53.57099999999991,21,27.929000000000087,-58.07099999999991,stop,16372.25,16319.0,16349.25,16353.25,16262.75,16268.5,14833.0,89.22651933701657,-1
81,2021-11-30T09:45:00.000000,2021-11-30T21:00:00.000000,2021-11-30T22:40:00.000000,2021,2021-11-30,SHORT,fib382,2.0,16318.679,16372.25,16211.537,53.57099999999991,LOSS,-53.57099999999991,21,27.929000000000087,-58.07099999999991,stop,16372.25,16319.0,16349.25,16353.25,16262.75,16268.5,14833.0,89.22651933701657,-1
81,2021-11-30T09:45:00.000000,2021-11-30T20:40:00.000000,2021-11-30T22:35:00.000000,2021,2021-11-30,SHORT,fib50,1.0,16308.0,16372.25,16243.75,64.25,LOSS,-43.75,24,17.25,-49.75,time_exit,16372.25,16319.0,16349.25,16353.25,16262.75,16268.5,14833.0,89.22651933701657,-1
81,2021-11-30T09:45:00.000000,2021-11-30T20:40:00.000000,2021-11-30T22:35:00.000000,2021,2021-11-30,SHORT,fib50,1.5,16308.0,16372.25,16211.625,64.25,LOSS,-43.75,24,17.25,-49.75,time_exit,16372.25,16319.0,16349.25,16353.25,16262.75,16268.5,14833.0,89.22651933701657,-1
81,2021-11-30T09:45:00.000000,2021-11-30T20:40:00.000000,2021-11-30T22:35:00.000000,2021,2021-11-30,SHORT,fib50,2.0,16308.0,16372.25,16179.5,64.25,LOSS,-43.75,24,17.25,-49.75,time_exit,16372.25,16319.0,16349.25,16353.25,16262.75,16268.5,14833.0,89.22651933701657,-1
82,2021-12-01T14:55:00.000000,2021-12-01T17:10:00.000000,2021-12-01T19:05:00.000000,2021,2021-12-01,SHORT,fib382,1.0,15923.8535,16353.75,15493.956999999999,429.89650000000074,LOSS,-10.896500000000742,24,56.35349999999926,-39.14650000000074,time_exit,16353.75,16270.5,15960.25,15964.25,15858.5,15874.75,25579.0,80.85106382978722,-1
82,2021-12-01T14:55:00.000000,2021-12-01T17:10:00.000000,2021-12-01T19:05:00.000000,2021,2021-12-01,SHORT,fib382,1.5,15923.8535,16353.75,15279.008749999997,429.89650000000074,LOSS,-10.896500000000742,24,56.35349999999926,-39.14650000000074,time_exit,16353.75,16270.5,15960.25,15964.25,15858.5,15874.75,25579.0,80.85106382978722,-1
82,2021-12-01T14:55:00.000000,2021-12-01T17:10:00.000000,2021-12-01T19:05:00.000000,2021,2021-12-01,SHORT,fib382,2.0,15923.8535,16353.75,15064.060499999998,429.89650000000074,LOSS,-10.896500000000742,24,56.35349999999926,-39.14650000000074,time_exit,16353.75,16270.5,15960.25,15964.25,15858.5,15874.75,25579.0,80.85106382978722,-1
82,2021-12-01T14:55:00.000000,2021-12-01T17:00:00.000000,2021-12-01T18:55:00.000000,2021,2021-12-01,SHORT,fib50,1.0,15911.375,16353.75,15469.0,442.375,LOSS,-16.125,24,43.875,-51.625,time_exit,16353.75,16270.5,15960.25,15964.25,15858.5,15874.75,25579.0,80.85106382978722,-1
82,2021-12-01T14:55:00.000000,2021-12-01T17:00:00.000000,2021-12-01T18:55:00.000000,2021,2021-12-01,SHORT,fib50,1.5,15911.375,16353.75,15247.8125,442.375,LOSS,-16.125,24,43.875,-51.625,time_exit,16353.75,16270.5,15960.25,15964.25,15858.5,15874.75,25579.0,80.85106382978722,-1
82,2021-12-01T14:55:00.000000,2021-12-01T17:00:00.000000,2021-12-01T18:55:00.000000,2021,2021-12-01,SHORT,fib50,2.0,15911.375,16353.75,15026.625,442.375,LOSS,-16.125,24,43.875,-51.625,time_exit,16353.75,16270.5,15960.25,15964.25,15858.5,15874.75,25579.0,80.85106382978722,-1
83,2021-12-02T09:55:00.000000,,,2021,2021-12-02,LONG,fib382,1.0,15840.6015,15788.5,15892.703000000001,52.10150000000067,NO_ENTRY,0.0,0,0.0,0.0,no_entry_or_no_exit,15978.75,15788.5,15801.25,15907.5,15799.25,15892.5,12929.0,84.29561200923787,1
83,2021-12-02T09:55:00.000000,,,2021,2021-12-02,LONG,fib382,1.5,15840.6015,15788.5,15918.753750000002,52.10150000000067,NO_ENTRY,0.0,0,0.0,0.0,no_entry_or_no_exit,15978.75,15788.5,15801.25,15907.5,15799.25,15892.5,12929.0,84.29561200923787,1
83,2021-12-02T09:55:00.000000,,,2021,2021-12-02,LONG,fib382,2.0,15840.6015,15788.5,15944.804500000002,52.10150000000067,NO_ENTRY,0.0,0,0.0,0.0,no_entry_or_no_exit,15978.75,15788.5,15801.25,15907.5,15799.25,15892.5,12929.0,84.29561200923787,1
83,2021-12-02T09:55:00.000000,,,2021,2021-12-02,LONG,fib50,1.0,15853.375,15788.5,15918.25,64.875,NO_ENTRY,0.0,0,0.0,0.0,no_entry_or_no_exit,15978.75,15788.5,15801.25,15907.5,15799.25,15892.5,12929.0,84.29561200923787,1
83,2021-12-02T09:55:00.000000,,,2021,2021-12-02,LONG,fib50,1.5,15853.375,15788.5,15950.6875,64.875,NO_ENTRY,0.0,0,0.0,0.0,no_entry_or_no_exit,15978.75,15788.5,15801.25,15907.5,15799.25,15892.5,12929.0,84.29561200923787,1
83,2021-12-02T09:55:00.000000,,,2021,2021-12-02,LONG,fib50,2.0,15853.375,15788.5,15983.125,64.875,NO_ENTRY,0.0,0,0.0,0.0,no_entry_or_no_exit,15978.75,15788.5,15801.25,15907.5,15799.25,15892.5,12929.0,84.29561200923787,1
84,2021-12-03T08:50:00.000000,,,2021,2021-12-03,SHORT,fib382,1.0,15901.6935,16090.5,15712.886999999999,188.8065000000006,NO_ENTRY,0.0,0,0.0,0.0,no_entry_or_no_exit,16090.5,15931.75,15917.5,15944.0,15833.25,15834.25,15849.0,75.16930022573364,-1
84,2021-12-03T08:50:00.000000,,,2021,2021-12-03,SHORT,fib382,1.5,15901.6935,16090.5,15618.48375,188.8065000000006,NO_ENTRY,0.0,0,0.0,0.0,no_entry_or_no_exit,16090.5,15931.75,15917.5,15944.0,15833.25,15834.25,15849.0,75.16930022573364,-1
84,2021-12-03T08:50:00.000000,,,2021,2021-12-03,SHORT,fib382,2.0,15901.6935,16090.5,15524.080499999998,188.8065000000006,NO_ENTRY,0.0,0,0.0,0.0,no_entry_or_no_exit,16090.5,15931.75,15917.5,15944.0,15833.25,15834.25,15849.0,75.16930022573364,-1
84,2021-12-03T08:50:00.000000,,,2021,2021-12-03,SHORT,fib50,1.0,15888.625,16090.5,15686.75,201.875,NO_ENTRY,0.0,0,0.0,0.0,no_entry_or_no_exit,16090.5,15931.75,15917.5,15944.0,15833.25,15834.25,15849.0,75.16930022573364,-1
84,2021-12-03T08:50:00.000000,,,2021,2021-12-03,SHORT,fib50,1.5,15888.625,16090.5,15585.8125,201.875,NO_ENTRY,0.0,0,0.0,0.0,no_entry_or_no_exit,16090.5,15931.75,15917.5,15944.0,15833.25,15834.25,15849.0,75.16930022573364,-1
84,2021-12-03T08:50:00.000000,,,2021,2021-12-03,SHORT,fib50,2.0,15888.625,16090.5,15484.875,201.875,NO_ENTRY,0.0,0,0.0,0.0,no_entry_or_no_exit,16090.5,15931.75,15917.5,15944.0,15833.25,15834.25,15849.0,75.16930022573364,-1
85,2021-12-15T13:35:00.000000,,,2021,2021-12-15,LONG,fib382,1.0,15919.4195,15859.5,15979.339,59.91949999999997,NO_ENTRY,0.0,0,0.0,0.0,no_entry_or_no_exit,15927.75,15859.5,15897.75,15970.25,15888.0,15964.75,10769.0,81.45896656534954,1
85,2021-12-15T13:35:00.000000,,,2021,2021-12-15,LONG,fib382,1.5,15919.4195,15859.5,16009.29875,59.91949999999997,NO_ENTRY,0.0,0,0.0,0.0,no_entry_or_no_exit,15927.75,15859.5,15897.75,15970.25,15888.0,15964.75,10769.0,81.45896656534954,1
85,2021-12-15T13:35:00.000000,,,2021,2021-12-15,LONG,fib382,2.0,15919.4195,15859.5,16039.2585,59.91949999999997,NO_ENTRY,0.0,0,0.0,0.0,no_entry_or_no_exit,15927.75,15859.5,15897.75,15970.25,15888.0,15964.75,10769.0,81.45896656534954,1
85,2021-12-15T13:35:00.000000,,,2021,2021-12-15,LONG,fib50,1.0,15929.125,15859.5,15998.75,69.625,NO_ENTRY,0.0,0,0.0,0.0,no_entry_or_no_exit,15927.75,15859.5,15897.75,15970.25,15888.0,15964.75,10769.0,81.45896656534954,1
85,2021-12-15T13:35:00.000000,,,2021,2021-12-15,LONG,fib50,1.5,15929.125,15859.5,16033.5625,69.625,NO_ENTRY,0.0,0,0.0,0.0,no_entry_or_no_exit,15927.75,15859.5,15897.75,15970.25,15888.0,15964.75,10769.0,81.45896656534954,1
85,2021-12-15T13:35:00.000000,,,2021,2021-12-15,LONG,fib50,2.0,15929.125,15859.5,16068.375,69.625,NO_ENTRY,0.0,0,0.0,0.0,no_entry_or_no_exit,15927.75,15859.5,15897.75,15970.25,15888.0,15964.75,10769.0,81.45896656534954,1
86,2021-12-15T14:05:00.000000,,,2021,2021-12-15,LONG,fib382,1.0,16058.6695,15859.5,16257.839,199.16949999999997,NO_ENTRY,0.0,0,0.0,0.0,no_entry_or_no_exit,15927.75,15859.5,16037.0,16109.5,16027.25,16106.5,12750.0,84.49848024316108,1
86,2021-12-15T14:05:00.000000,,,2021,2021-12-15,LONG,fib382,1.5,16058.6695,15859.5,16357.42375,199.16949999999997,NO_ENTRY,0.0,0,0.0,0.0,no_entry_or_no_exit,15927.75,15859.5,16037.0,16109.5,16027.25,16106.5,12750.0,84.49848024316108,1
86,2021-12-15T14:05:00.000000,,,2021,2021-12-15,LONG,fib382,2.0,16058.6695,15859.5,16457.0085,199.16949999999997,NO_ENTRY,0.0,0,0.0,0.0,no_entry_or_no_exit,15927.75,15859.5,16037.0,16109.5,16027.25,16106.5,12750.0,84.49848024316108,1
86,2021-12-15T14:05:00.000000,,,2021,2021-12-15,LONG,fib50,1.0,16068.375,15859.5,16277.25,208.875,NO_ENTRY,0.0,0,0.0,0.0,no_entry_or_no_exit,15927.75,15859.5,16037.0,16109.5,16027.25,16106.5,12750.0,84.49848024316108,1
86,2021-12-15T14:05:00.000000,,,2021,2021-12-15,LONG,fib50,1.5,16068.375,15859.5,16381.6875,208.875,NO_ENTRY,0.0,0,0.0,0.0,no_entry_or_no_exit,15927.75,15859.5,16037.0,16109.5,16027.25,16106.5,12750.0,84.49848024316108,1
86,2021-12-15T14:05:00.000000,,,2021,2021-12-15,LONG,fib50,2.0,16068.375,15859.5,16486.125,208.875,NO_ENTRY,0.0,0,0.0,0.0,no_entry_or_no_exit,15927.75,15859.5,16037.0,16109.5,16027.25,16106.5,12750.0,84.49848024316108,1
87,2021-12-15T14:50:00.000000,,,2021,2021-12-15,LONG,fib382,1.0,16219.5375,15859.5,16579.575,360.03750000000036,NO_ENTRY,0.0,0,0.0,0.0,no_entry_or_no_exit,15927.75,15859.5,16192.0,16269.75,16188.5,16263.0,14099.0,87.38461538461539,1
87,2021-12-15T14:50:00.000000,,,2021,2021-12-15,LONG,fib382,1.5,16219.5375,15859.5,16759.59375,360.03750000000036,NO_ENTRY,0.0,0,0.0,0.0,no_entry_or_no_exit,15927.75,15859.5,16192.0,16269.75,16188.5,16263.0,14099.0,87.38461538461539,1
87,2021-12-15T14:50:00.000000,,,2021,2021-12-15,LONG,fib382,2.0,16219.5375,15859.5,16939.612500000003,360.03750000000036,NO_ENTRY,0.0,0,0.0,0.0,no_entry_or_no_exit,15927.75,15859.5,16192.0,16269.75,16188.5,16263.0,14099.0,87.38461538461539,1
87,2021-12-15T14:50:00.000000,,,2021,2021-12-15,LONG,fib50,1.0,16229.125,15859.5,16598.75,369.625,NO_ENTRY,0.0,0,0.0,0.0,no_entry_or_no_exit,15927.75,15859.5,16192.0,16269.75,16188.5,16263.0,14099.0,87.38461538461539,1
87,2021-12-15T14:50:00.000000,,,2021,2021-12-15,LONG,fib50,1.5,16229.125,15859.5,16783.5625,369.625,NO_ENTRY,0.0,0,0.0,0.0,no_entry_or_no_exit,15927.75,15859.5,16192.0,16269.75,16188.5,16263.0,14099.0,87.38461538461539,1
87,2021-12-15T14:50:00.000000,,,2021,2021-12-15,LONG,fib50,2.0,16229.125,15859.5,16968.375,369.625,NO_ENTRY,0.0,0,0.0,0.0,no_entry_or_no_exit,15927.75,15859.5,16192.0,16269.75,16188.5,16263.0,14099.0,87.38461538461539,1
88,2021-12-16T10:00:00.000000,,,2021,2021-12-16,SHORT,fib382,1.0,16093.5415,16342.0,15845.082999999999,248.45850000000064,NO_ENTRY,0.0,0,0.0,0.0,no_entry_or_no_exit,16342.0,16212.25,16122.75,16130.5,16033.75,16046.75,13970.0,78.55297157622739,-1
88,2021-12-16T10:00:00.000000,,,2021,2021-12-16,SHORT,fib382,1.5,16093.5415,16342.0,15720.853749999998,248.45850000000064,NO_ENTRY,0.0,0,0.0,0.0,no_entry_or_no_exit,16342.0,16212.25,16122.75,16130.5,16033.75,16046.75,13970.0,78.55297157622739,-1
88,2021-12-16T10:00:00.000000,,,2021,2021-12-16,SHORT,fib382,2.0,16093.5415,16342.0,15596.624499999998,248.45850000000064,NO_ENTRY,0.0,0,0.0,0.0,no_entry_or_no_exit,16342.0,16212.25,16122.75,16130.5,16033.75,16046.75,13970.0,78.55297157622739,-1
88,2021-12-16T10:00:00.000000,,,2021,2021-12-16,SHORT,fib50,1.0,16082.125,16342.0,15822.25,259.875,NO_ENTRY,0.0,0,0.0,0.0,no_entry_or_no_exit,16342.0,16212.25,16122.75,16130.5,16033.75,16046.75,13970.0,78.55297157622739,-1
88,2021-12-16T10:00:00.000000,,,2021,2021-12-16,SHORT,fib50,1.5,16082.125,16342.0,15692.3125,259.875,NO_ENTRY,0.0,0,0.0,0.0,no_entry_or_no_exit,16342.0,16212.25,16122.75,16130.5,16033.75,16046.75,13970.0,78.55297157622739,-1
88,2021-12-16T10:00:00.000000,,,2021,2021-12-16,SHORT,fib50,2.0,16082.125,16342.0,15562.375,259.875,NO_ENTRY,0.0,0,0.0,0.0,no_entry_or_no_exit,16342.0,16212.25,16122.75,16130.5,16033.75,16046.75,13970.0,78.55297157622739,-1
89,2021-12-17T08:45:00.000000,2021-12-17T09:10:00.000000,2021-12-17T09:20:00.000000,2021,2021-12-17,LONG,fib382,1.0,15711.157,15657.0,15765.313999999998,54.15699999999924,LOSS,-54.15699999999924,3,49.84300000000076,-59.40699999999924,stop,15791.25,15657.0,15677.0,15796.75,15658.25,15795.5,17450.0,85.5595667870036,1
89,2021-12-17T08:45:00.000000,2021-12-17T09:10:00.000000,2021-12-17T09:20:00.000000,2021,2021-12-17,LONG,fib382,1.5,15711.157,15657.0,15792.392499999998,54.15699999999924,LOSS,-54.15699999999924,3,49.84300000000076,-59.40699999999924,stop,15791.25,15657.0,15677.0,15796.75,15658.25,15795.5,17450.0,85.5595667870036,1
89,2021-12-17T08:45:00.000000,2021-12-17T09:10:00.000000,2021-12-17T09:20:00.000000,2021,2021-12-17,LONG,fib382,2.0,15711.157,15657.0,15819.470999999998,54.15699999999924,LOSS,-54.15699999999924,3,49.84300000000076,-59.40699999999924,stop,15791.25,15657.0,15677.0,15796.75,15658.25,15795.5,17450.0,85.5595667870036,1
89,2021-12-17T08:45:00.000000,2021-12-17T09:05:00.000000,2021-12-17T09:20:00.000000,2021,2021-12-17,LONG,fib50,1.0,15727.5,15657.0,15798.0,70.5,LOSS,-70.5,4,48.75,-75.75,stop,15791.25,15657.0,15677.0,15796.75,15658.25,15795.5,17450.0,85.5595667870036,1
89,2021-12-17T08:45:00.000000,2021-12-17T09:05:00.000000,2021-12-17T09:20:00.000000,2021,2021-12-17,LONG,fib50,1.5,15727.5,15657.0,15833.25,70.5,LOSS,-70.5,4,48.75,-75.75,stop,15791.25,15657.0,15677.0,15796.75,15658.25,15795.5,17450.0,85.5595667870036,1
89,2021-12-17T08:45:00.000000,2021-12-17T09:05:00.000000,2021-12-17T09:20:00.000000,2021,2021-12-17,LONG,fib50,2.0,15727.5,15657.0,15868.5,70.5,LOSS,-70.5,4,48.75,-75.75,stop,15791.25,15657.0,15677.0,15796.75,15658.25,15795.5,17450.0,85.5595667870036,1
90,2021-12-17T09:25:00.000000,,,2021,2021-12-17,LONG,fib382,1.0,15693.2455,15657.0,15729.491000000002,36.2455000000009,NO_ENTRY,0.0,0,0.0,0.0,no_entry_or_no_exit,15791.25,15657.0,15665.0,15739.75,15664.5,15736.5,11174.0,95.01661129568106,1
90,2021-12-17T09:25:00.000000,,,2021,2021-12-17,LONG,fib382,1.5,15693.2455,15657.0,15747.613750000002,36.2455000000009,NO_ENTRY,0.0,0,0.0,0.0,no_entry_or_no_exit,15791.25,15657.0,15665.0,15739.75,15664.5,15736.5,11174.0,95.01661129568106,1
90,2021-12-17T09:25:00.000000,,,2021,2021-12-17,LONG,fib382,2.0,15693.2455,15657.0,15765.736500000003,36.2455000000009,NO_ENTRY,0.0,0,0.0,0.0,no_entry_or_no_exit,15791.25,15657.0,15665.0,15739.75,15664.5,15736.5,11174.0,95.01661129568106,1
90,2021-12-17T09:25:00.000000,,,2021,2021-12-17,LONG,fib50,1.0,15702.125,15657.0,15747.25,45.125,NO_ENTRY,0.0,0,0.0,0.0,no_entry_or_no_exit,15791.25,15657.0,15665.0,15739.75,15664.5,15736.5,11174.0,95.01661129568106,1
90,2021-12-17T09:25:00.000000,,,2021,2021-12-17,LONG,fib50,1.5,15702.125,15657.0,15769.8125,45.125,NO_ENTRY,0.0,0,0.0,0.0,no_entry_or_no_exit,15791.25,15657.0,15665.0,15739.75,15664.5,15736.5,11174.0,95.01661129568106,1
90,2021-12-17T09:25:00.000000,,,2021,2021-12-17,LONG,fib50,2.0,15702.125,15657.0,15792.375,45.125,NO_ENTRY,0.0,0,0.0,0.0,no_entry_or_no_exit,15791.25,15657.0,15665.0,15739.75,15664.5,15736.5,11174.0,95.01661129568106,1
91,2021-12-17T09:45:00.000000,2021-12-17T10:35:00.000000,2021-12-17T12:30:00.000000,2021,2021-12-17,LONG,fib382,1.0,15835.5545,15657.0,16014.109,178.5545000000002,WIN,41.94549999999981,24,55.94549999999981,-93.80450000000019,time_exit,15791.25,15657.0,15811.75,15881.75,15807.0,15881.5,13029.0,93.31103678929766,1
91,2021-12-17T09:45:00.000000,2021-12-17T10:35:00.000000,2021-12-17T12:30:00.000000,2021,2021-12-17,LONG,fib382,1.5,15835.5545,15657.0,16103.38625,178.5545000000002,WIN,41.94549999999981,24,55.94549999999981,-93.80450000000019,time_exit,15791.25,15657.0,15811.75,15881.75,15807.0,15881.5,13029.0,93.31103678929766,1
91,2021-12-17T09:45:00.000000,2021-12-17T10:35:00.000000,2021-12-17T12:30:00.000000,2021,2021-12-17,LONG,fib382,2.0,15835.5545,15657.0,16192.6635,178.5545000000002,WIN,41.94549999999981,24,55.94549999999981,-93.80450000000019,time_exit,15791.25,15657.0,15811.75,15881.75,15807.0,15881.5,13029.0,93.31103678929766,1
91,2021-12-17T09:45:00.000000,2021-12-17T10:30:00.000000,2021-12-17T12:25:00.000000,2021,2021-12-17,LONG,fib50,1.0,15844.375,15657.0,16031.75,187.375,WIN,35.625,24,86.625,-102.625,time_exit,15791.25,15657.0,15811.75,15881.75,15807.0,15881.5,13029.0,93.31103678929766,1
91,2021-12-17T09:45:00.000000,2021-12-17T10:30:00.000000,2021-12-17T12:25:00.000000,2021,2021-12-17,LONG,fib50,1.5,15844.375,15657.0,16125.4375,187.375,WIN,35.625,24,86.625,-102.625,time_exit,15791.25,15657.0,15811.75,15881.75,15807.0,15881.5,13029.0,93.31103678929766,1
91,2021-12-17T09:45:00.000000,2021-12-17T10:30:00.000000,2021-12-17T12:25:00.000000,2021,2021-12-17,LONG,fib50,2.0,15844.375,15657.0,16219.125,187.375,WIN,35.625,24,86.625,-102.625,time_exit,15791.25,15657.0,15811.75,15881.75,15807.0,15881.5,13029.0,93.31103678929766,1
92,2021-12-17T10:10:00.000000,2021-12-17T10:25:00.000000,2021-12-17T12:20:00.000000,2021,2021-12-17,LONG,fib382,1.0,15905.0515,15657.0,16153.103,248.05149999999958,LOSS,-61.80149999999958,24,25.948500000000422,-163.30149999999958,time_exit,15791.25,15657.0,15877.25,15956.5,15873.25,15949.75,11126.0,87.08708708708708,1
92,2021-12-17T10:10:00.000000,2021-12-17T10:25:00.000000,2021-12-17T12:20:00.000000,2021,2021-12-17,LONG,fib382,1.5,15905.0515,15657.0,16277.12875,248.05149999999958,LOSS,-61.80149999999958,24,25.948500000000422,-163.30149999999958,time_exit,15791.25,15657.0,15877.25,15956.5,15873.25,15949.75,11126.0,87.08708708708708,1
92,2021-12-17T10:10:00.000000,2021-12-17T10:25:00.000000,2021-12-17T12:20:00.000000,2021,2021-12-17,LONG,fib382,2.0,15905.0515,15657.0,16401.154499999997,248.05149999999958,LOSS,-61.80149999999958,24,25.948500000000422,-163.30149999999958,time_exit,15791.25,15657.0,15877.25,15956.5,15873.25,15949.75,11126.0,87.08708708708708,1
92,2021-12-17T10:10:00.000000,2021-12-17T10:15:00.000000,2021-12-17T12:10:00.000000,2021,2021-12-17,LONG,fib50,1.0,15914.875,15657.0,16172.75,257.875,LOSS,-104.875,24,37.625,-173.125,time_exit,15791.25,15657.0,15877.25,15956.5,15873.25,15949.75,11126.0,87.08708708708708,1
92,2021-12-17T10:10:00.000000,2021-12-17T10:15:00.000000,2021-12-17T12:10:00.000000,2021,2021-12-17,LONG,fib50,1.5,15914.875,15657.0,16301.6875,257.875,LOSS,-104.875,24,37.625,-173.125,time_exit,15791.25,15657.0,15877.25,15956.5,15873.25,15949.75,11126.0,87.08708708708708,1
92,2021-12-17T10:10:00.000000,2021-12-17T10:15:00.000000,2021-12-17T12:10:00.000000,2021,2021-12-17,LONG,fib50,2.0,15914.875,15657.0,16430.625,257.875,LOSS,-104.875,24,37.625,-173.125,time_exit,15791.25,15657.0,15877.25,15956.5,15873.25,15949.75,11126.0,87.08708708708708,1
93,2021-12-29T09:10:00.000000,2021-12-29T09:50:00.000000,2021-12-29T11:45:00.000000,2021,2021-12-29,SHORT,fib382,1.0,16470.5805,16549.5,16391.661,78.91949999999997,WIN,42.08050000000003,24,55.83050000000003,-15.919499999999971,time_exit,16549.5,16492.0,16495.0,16502.0,16419.75,16422.5,14388.0,88.14589665653494,-1
93,2021-12-29T09:10:00.000000,2021-12-29T09:50:00.000000,2021-12-29T11:45:00.000000,2021,2021-12-29,SHORT,fib382,1.5,16470.5805,16549.5,16352.20125,78.91949999999997,WIN,42.08050000000003,24,55.83050000000003,-15.919499999999971,time_exit,16549.5,16492.0,16495.0,16502.0,16419.75,16422.5,14388.0,88.14589665653494,-1
93,2021-12-29T09:10:00.000000,2021-12-29T09:50:00.000000,2021-12-29T11:45:00.000000,2021,2021-12-29,SHORT,fib382,2.0,16470.5805,16549.5,16312.7415,78.91949999999997,WIN,42.08050000000003,24,55.83050000000003,-15.919499999999971,time_exit,16549.5,16492.0,16495.0,16502.0,16419.75,16422.5,14388.0,88.14589665653494,-1
93,2021-12-29T09:10:00.000000,2021-12-29T09:40:00.000000,2021-12-29T11:35:00.000000,2021,2021-12-29,SHORT,fib50,1.0,16460.875,16549.5,16372.25,88.625,WIN,20.375,24,46.125,-25.625,time_exit,16549.5,16492.0,16495.0,16502.0,16419.75,16422.5,14388.0,88.14589665653494,-1
93,2021-12-29T09:10:00.000000,2021-12-29T09:40:00.000000,2021-12-29T11:35:00.000000,2021,2021-12-29,SHORT,fib50,1.5,16460.875,16549.5,16327.9375,88.625,WIN,20.375,24,46.125,-25.625,time_exit,16549.5,16492.0,16495.0,16502.0,16419.75,16422.5,14388.0,88.14589665653494,-1
93,2021-12-29T09:10:00.000000,2021-12-29T09:40:00.000000,2021-12-29T11:35:00.000000,2021,2021-12-29,SHORT,fib50,2.0,16460.875,16549.5,16283.625,88.625,WIN,20.375,24,46.125,-25.625,time_exit,16549.5,16492.0,16495.0,16502.0,16419.75,16422.5,14388.0,88.14589665653494,-1
94,2022-01-03T08:45:00.000000,2022-01-03T09:25:00.000000,2022-01-03T11:20:00.000000,2022,2022-01-03,SHORT,fib382,1.0,16406.455,16484.75,16328.160000000003,78.29499999999825,LOSS,-13.544999999998254,24,32.955000000001746,-37.544999999998254,time_exit,16484.75,16378.25,16444.5,16453.25,16330.75,16348.5,18928.0,78.36734693877551,-1
94,2022-01-03T08:45:00.000000,2022-01-03T09:25:00.000000,2022-01-03T11:20:00.000000,2022,2022-01-03,SHORT,fib382,1.5,16406.455,16484.75,16289.012500000004,78.29499999999825,LOSS,-13.544999999998254,24,32.955000000001746,-37.544999999998254,time_exit,16484.75,16378.25,16444.5,16453.25,16330.75,16348.5,18928.0,78.36734693877551,-1
94,2022-01-03T08:45:00.000000,2022-01-03T09:25:00.000000,2022-01-03T11:20:00.000000,2022,2022-01-03,SHORT,fib382,2.0,16406.455,16484.75,16249.865000000005,78.29499999999825,LOSS,-13.544999999998254,24,32.955000000001746,-37.544999999998254,time_exit,16484.75,16378.25,16444.5,16453.25,16330.75,16348.5,18928.0,78.36734693877551,-1
94,2022-01-03T08:45:00.000000,2022-01-03T09:10:00.000000,2022-01-03T11:05:00.000000,2022,2022-01-03,SHORT,fib50,1.0,16392.0,16484.75,16299.25,92.75,LOSS,-0.0,24,49.75,-52.0,time_exit,16484.75,16378.25,16444.5,16453.25,16330.75,16348.5,18928.0,78.36734693877551,-1
94,2022-01-03T08:45:00.000000,2022-01-03T09:10:00.000000,2022-01-03T11:05:00.000000,2022,2022-01-03,SHORT,fib50,1.5,16392.0,16484.75,16252.875,92.75,LOSS,-0.0,24,49.75,-52.0,time_exit,16484.75,16378.25,16444.5,16453.25,16330.75,16348.5,18928.0,78.36734693877551,-1
94,2022-01-03T08:45:00.000000,2022-01-03T09:10:00.000000,2022-01-03T11:05:00.000000,2022,2022-01-03,SHORT,fib50,2.0,16392.0,16484.75,16206.5,92.75,LOSS,-0.0,24,49.75,-52.0,time_exit,16484.75,16378.25,16444.5,16453.25,16330.75,16348.5,18928.0,78.36734693877551,-1
95,2022-01-06T09:00:00.000000,2022-01-06T09:15:00.000000,2022-01-06T09:55:00.000000,2022,2022-01-06,SHORT,fib382,1.0,15705.7385,15850.5,15560.976999999999,144.76150000000052,LOSS,-144.76150000000052,9,54.988499999999476,-166.26150000000052,stop,15850.5,15672.0,15718.5,15749.0,15635.75,15642.0,19546.0,67.54966887417218,-1
95,2022-01-06T09:00:00.000000,2022-01-06T09:15:00.000000,2022-01-06T09:55:00.000000,2022,2022-01-06,SHORT,fib382,1.5,15705.7385,15850.5,15488.596249999999,144.76150000000052,LOSS,-144.76150000000052,9,54.988499999999476,-166.26150000000052,stop,15850.5,15672.0,15718.5,15749.0,15635.75,15642.0,19546.0,67.54966887417218,-1
95,2022-01-06T09:00:00.000000,2022-01-06T09:15:00.000000,2022-01-06T09:55:00.000000,2022,2022-01-06,SHORT,fib382,2.0,15705.7385,15850.5,15416.215499999998,144.76150000000052,LOSS,-144.76150000000052,9,54.988499999999476,-166.26150000000052,stop,15850.5,15672.0,15718.5,15749.0,15635.75,15642.0,19546.0,67.54966887417218,-1
95,2022-01-06T09:00:00.000000,2022-01-06T09:15:00.000000,2022-01-06T09:55:00.000000,2022,2022-01-06,SHORT,fib50,1.0,15692.375,15850.5,15534.25,158.125,LOSS,-158.125,9,41.625,-179.625,stop,15850.5,15672.0,15718.5,15749.0,15635.75,15642.0,19546.0,67.54966887417218,-1
95,2022-01-06T09:00:00.000000,2022-01-06T09:15:00.000000,2022-01-06T09:55:00.000000,2022,2022-01-06,SHORT,fib50,1.5,15692.375,15850.5,15455.1875,158.125,LOSS,-158.125,9,41.625,-179.625,stop,15850.5,15672.0,15718.5,15749.0,15635.75,15642.0,19546.0,67.54966887417218,-1
95,2022-01-06T09:00:00.000000,2022-01-06T09:15:00.000000,2022-01-06T09:55:00.000000,2022,2022-01-06,SHORT,fib50,2.0,15692.375,15850.5,15376.125,158.125,LOSS,-158.125,9,41.625,-179.625,stop,15850.5,15672.0,15718.5,15749.0,15635.75,15642.0,19546.0,67.54966887417218,-1
96,2022-01-11T09:00:00.000000,2022-01-11T09:30:00.000000,2022-01-11T10:05:00.000000,2022,2022-01-11,LONG,fib382,1.0,15564.3575,15475.0,15653.715,89.35750000000007,WIN,89.35750000000007,8,89.89249999999993,-60.35750000000007,target,15593.5,15475.0,15549.25,15620.75,15529.5,15620.75,16400.0,78.35616438356165,1
96,2022-01-11T09:00:00.000000,2022-01-11T09:30:00.000000,2022-01-11T10:10:00.000000,2022,2022-01-11,LONG,fib382,1.5,15564.3575,15475.0,15698.39375,89.35750000000007,WIN,134.0362500000001,9,146.39249999999993,-60.35750000000007,target,15593.5,15475.0,15549.25,15620.75,15529.5,15620.75,16400.0,78.35616438356165,1
96,2022-01-11T09:00:00.000000,2022-01-11T09:30:00.000000,2022-01-11T10:15:00.000000,2022,2022-01-11,LONG,fib382,2.0,15564.3575,15475.0,15743.0725,89.35750000000007,WIN,178.71500000000015,10,189.64249999999993,-60.35750000000007,target,15593.5,15475.0,15549.25,15620.75,15529.5,15620.75,16400.0,78.35616438356165,1
96,2022-01-11T09:00:00.000000,2022-01-11T09:30:00.000000,2022-01-11T10:10:00.000000,2022,2022-01-11,LONG,fib50,1.0,15575.125,15475.0,15675.25,100.125,WIN,100.125,9,135.625,-71.125,target,15593.5,15475.0,15549.25,15620.75,15529.5,15620.75,16400.0,78.35616438356165,1
96,2022-01-11T09:00:00.000000,2022-01-11T09:30:00.000000,2022-01-11T10:15:00.000000,2022,2022-01-11,LONG,fib50,1.5,15575.125,15475.0,15725.3125,100.125,WIN,150.1875,10,178.875,-71.125,target,15593.5,15475.0,15549.25,15620.75,15529.5,15620.75,16400.0,78.35616438356165,1
96,2022-01-11T09:00:00.000000,2022-01-11T09:30:00.000000,2022-01-11T10:35:00.000000,2022,2022-01-11,LONG,fib50,2.0,15575.125,15475.0,15775.375,100.125,WIN,200.25,14,212.875,-71.125,target,15593.5,15475.0,15549.25,15620.75,15529.5,15620.75,16400.0,78.35616438356165,1
97,2022-01-11T10:10:00.000000,,,2022,2022-01-11,LONG,fib382,1.0,15658.838,15475.0,15842.676,183.83799999999974,NO_ENTRY,0.0,0,0.0,0.0,no_entry_or_no_exit,15593.5,15475.0,15627.0,15710.75,15626.75,15702.25,15282.0,89.58333333333334,1
97,2022-01-11T10:10:00.000000,,,2022,2022-01-11,LONG,fib382,1.5,15658.838,15475.0,15934.595,183.83799999999974,NO_ENTRY,0.0,0,0.0,0.0,no_entry_or_no_exit,15593.5,15475.0,15627.0,15710.75,15626.75,15702.25,15282.0,89.58333333333334,1
97,2022-01-11T10:10:00.000000,,,2022,2022-01-11,LONG,fib382,2.0,15658.838,15475.0,16026.514,183.83799999999974,NO_ENTRY,0.0,0,0.0,0.0,no_entry_or_no_exit,15593.5,15475.0,15627.0,15710.75,15626.75,15702.25,15282.0,89.58333333333334,1
97,2022-01-11T10:10:00.000000,,,2022,2022-01-11,LONG,fib50,1.0,15668.75,15475.0,15862.5,193.75,NO_ENTRY,0.0,0,0.0,0.0,no_entry_or_no_exit,15593.5,15475.0,15627.0,15710.75,15626.75,15702.25,15282.0,89.58333333333334,1
97,2022-01-11T10:10:00.000000,,,2022,2022-01-11,LONG,fib50,1.5,15668.75,15475.0,15959.375,193.75,NO_ENTRY,0.0,0,0.0,0.0,no_entry_or_no_exit,15593.5,15475.0,15627.0,15710.75,15626.75,15702.25,15282.0,89.58333333333334,1
97,2022-01-11T10:10:00.000000,,,2022,2022-01-11,LONG,fib50,2.0,15668.75,15475.0,16056.25,193.75,NO_ENTRY,0.0,0,0.0,0.0,no_entry_or_no_exit,15593.5,15475.0,15627.0,15710.75,15626.75,15702.25,15282.0,89.58333333333334,1
98,2022-01-13T11:15:00.000000,2022-01-13T13:00:00.000000,2022-01-13T14:55:00.000000,2022,2022-01-13,SHORT,fib382,1.0,15703.766,15979.75,15427.782,275.9840000000004,WIN,205.76599999999962,24,245.51599999999962,-9.984000000000378,time_exit,15979.75,15914.0,15736.25,15737.0,15650.0,15663.75,16606.0,83.33333333333334,-1
98,2022-01-13T11:15:00.000000,2022-01-13T13:00:00.000000,2022-01-13T14:55:00.000000,2022,2022-01-13,SHORT,fib382,1.5,15703.766,15979.75,15289.789999999999,275.9840000000004,WIN,205.76599999999962,24,245.51599999999962,-9.984000000000378,time_exit,15979.75,15914.0,15736.25,15737.0,15650.0,15663.75,16606.0,83.33333333333334,-1
98,2022-01-13T11:15:00.000000,2022-01-13T13:00:00.000000,2022-01-13T14:55:00.000000,2022,2022-01-13,SHORT,fib382,2.0,15703.766,15979.75,15151.797999999999,275.9840000000004,WIN,205.76599999999962,24,245.51599999999962,-9.984000000000378,time_exit,15979.75,15914.0,15736.25,15737.0,15650.0,15663.75,16606.0,83.33333333333334,-1
98,2022-01-13T11:15:00.000000,2022-01-13T12:05:00.000000,2022-01-13T14:00:00.000000,2022,2022-01-13,SHORT,fib50,1.0,15693.5,15979.75,15407.25,286.25,WIN,112.5,24,129.0,-20.25,time_exit,15979.75,15914.0,15736.25,15737.0,15650.0,15663.75,16606.0,83.33333333333334,-1
98,2022-01-13T11:15:00.000000,2022-01-13T12:05:00.000000,2022-01-13T14:00:00.000000,2022,2022-01-13,SHORT,fib50,1.5,15693.5,15979.75,15264.125,286.25,WIN,112.5,24,129.0,-20.25,time_exit,15979.75,15914.0,15736.25,15737.0,15650.0,15663.75,16606.0,83.33333333333334,-1
98,2022-01-13T11:15:00.000000,2022-01-13T12:05:00.000000,2022-01-13T14:00:00.000000,2022,2022-01-13,SHORT,fib50,2.0,15693.5,15979.75,15121.0,286.25,WIN,112.5,24,129.0,-20.25,time_exit,15979.75,15914.0,15736.25,15737.0,15650.0,15663.75,16606.0,83.33333333333334,-1
99,2022-01-18T09:05:00.000000,2022-01-18T09:30:00.000000,2022-01-18T10:30:00.000000,2022,2022-01-18,LONG,fib382,1.0,15367.1555,15271.75,15462.561000000002,95.40550000000076,LOSS,-95.40550000000076,13,53.84449999999924,-112.65550000000076,stop,15375.0,15271.75,15338.25,15416.75,15336.5,15408.0,13203.0,86.91588785046729,1
99,2022-01-18T09:05:00.000000,2022-01-18T09:30:00.000000,2022-01-18T10:30:00.000000,2022,2022-01-18,LONG,fib382,1.5,15367.1555,15271.75,15510.263750000002,95.40550000000076,LOSS,-95.40550000000076,13,53.84449999999924,-112.65550000000076,stop,15375.0,15271.75,15338.25,15416.75,15336.5,15408.0,13203.0,86.91588785046729,1
99,2022-01-18T09:05:00.000000,2022-01-18T09:30:00.000000,2022-01-18T10:30:00.000000,2022,2022-01-18,LONG,fib382,2.0,15367.1555,15271.75,15557.966500000002,95.40550000000076,LOSS,-95.40550000000076,13,53.84449999999924,-112.65550000000076,stop,15375.0,15271.75,15338.25,15416.75,15336.5,15408.0,13203.0,86.91588785046729,1
99,2022-01-18T09:05:00.000000,2022-01-18T09:30:00.000000,2022-01-18T10:30:00.000000,2022,2022-01-18,LONG,fib50,1.0,15376.625,15271.75,15481.5,104.875,LOSS,-104.875,13,44.375,-122.125,stop,15375.0,15271.75,15338.25,15416.75,15336.5,15408.0,13203.0,86.91588785046729,1
99,2022-01-18T09:05:00.000000,2022-01-18T09:30:00.000000,2022-01-18T10:30:00.000000,2022,2022-01-18,LONG,fib50,1.5,15376.625,15271.75,15533.9375,104.875,LOSS,-104.875,13,44.375,-122.125,stop,15375.0,15271.75,15338.25,15416.75,15336.5,15408.0,13203.0,86.91588785046729,1
99,2022-01-18T09:05:00.000000,2022-01-18T09:30:00.000000,2022-01-18T10:30:00.000000,2022,2022-01-18,LONG,fib50,2.0,15376.625,15271.75,15586.375,104.875,LOSS,-104.875,13,44.375,-122.125,stop,15375.0,15271.75,15338.25,15416.75,15336.5,15408.0,13203.0,86.91588785046729,1
100,2022-01-19T10:10:00.000000,2022-01-19T10:30:00.000000,2022-01-19T12:25:00.000000,2022,2022-01-19,SHORT,fib382,1.0,15169.965,15339.5,15000.43,169.53499999999985,LOSS,-87.78499999999985,24,58.465000000000146,-147.28499999999985,time_exit,15339.5,15251.25,15195.75,15195.75,15128.25,15129.5,11583.0,98.14814814814815,-1
100,2022-01-19T10:10:00.000000,2022-01-19T10:30:00.000000,2022-01-19T12:25:00.000000,2022,2022-01-19,SHORT,fib382,1.5,15169.965,15339.5,14915.6625,169.53499999999985,LOSS,-87.78499999999985,24,58.465000000000146,-147.28499999999985,time_exit,15339.5,15251.25,15195.75,15195.75,15128.25,15129.5,11583.0,98.14814814814815,-1
100,2022-01-19T10:10:00.000000,2022-01-19T10:30:00.000000,2022-01-19T12:25:00.000000,2022,2022-01-19,SHORT,fib382,2.0,15169.965,15339.5,14830.895,169.53499999999985,LOSS,-87.78499999999985,24,58.465000000000146,-147.28499999999985,time_exit,15339.5,15251.25,15195.75,15195.75,15128.25,15129.5,11583.0,98.14814814814815,-1
100,2022-01-19T10:10:00.000000,2022-01-19T10:30:00.000000,2022-01-19T12:25:00.000000,2022,2022-01-19,SHORT,fib50,1.0,15162.0,15339.5,14984.5,177.5,LOSS,-95.75,24,50.5,-155.25,time_exit,15339.5,15251.25,15195.75,15195.75,15128.25,15129.5,11583.0,98.14814814814815,-1
100,2022-01-19T10:10:00.000000,2022-01-19T10:30:00.000000,2022-01-19T12:25:00.000000,2022,2022-01-19,SHORT,fib50,1.5,15162.0,15339.5,14895.75,177.5,LOSS,-95.75,24,50.5,-155.25,time_exit,15339.5,15251.25,15195.75,15195.75,15128.25,15129.5,11583.0,98.14814814814815,-1
100,2022-01-19T10:10:00.000000,2022-01-19T10:30:00.000000,2022-01-19T12:25:00.000000,2022,2022-01-19,SHORT,fib50,2.0,15162.0,15339.5,14807.0,177.5,LOSS,-95.75,24,50.5,-155.25,time_exit,15339.5,15251.25,15195.75,15195.75,15128.25,15129.5,11583.0,98.14814814814815,-1
101,2022-01-20T13:10:00.000000,,,2022,2022-01-20,SHORT,fib382,1.0,15199.9345,15258.25,15141.618999999999,58.31550000000061,NO_ENTRY,0.0,0,0.0,0.0,no_entry_or_no_exit,15258.25,15160.25,15225.5,15232.5,15147.25,15153.0,9528.0,85.04398826979472,-1
101,2022-01-20T13:10:00.000000,,,2022,2022-01-20,SHORT,fib382,1.5,15199.9345,15258.25,15112.461249999998,58.31550000000061,NO_ENTRY,0.0,0,0.0,0.0,no_entry_or_no_exit,15258.25,15160.25,15225.5,15232.5,15147.25,15153.0,9528.0,85.04398826979472,-1
101,2022-01-20T13:10:00.000000,,,2022,2022-01-20,SHORT,fib382,2.0,15199.9345,15258.25,15083.303499999998,58.31550000000061,NO_ENTRY,0.0,0,0.0,0.0,no_entry_or_no_exit,15258.25,15160.25,15225.5,15232.5,15147.25,15153.0,9528.0,85.04398826979472,-1
101,2022-01-20T13:10:00.000000,,,2022,2022-01-20,SHORT,fib50,1.0,15189.875,15258.25,15121.5,68.375,NO_ENTRY,0.0,0,0.0,0.0,no_entry_or_no_exit,15258.25,15160.25,15225.5,15232.5,15147.25,15153.0,9528.0,85.04398826979472,-1
101,2022-01-20T13:10:00.000000,,,2022,2022-01-20,SHORT,fib50,1.5,15189.875,15258.25,15087.3125,68.375,NO_ENTRY,0.0,0,0.0,0.0,no_entry_or_no_exit,15258.25,15160.25,15225.5,15232.5,15147.25,15153.0,9528.0,85.04398826979472,-1
101,2022-01-20T13:10:00.000000,,,2022,2022-01-20,SHORT,fib50,2.0,15189.875,15258.25,15053.125,68.375,NO_ENTRY,0.0,0,0.0,0.0,no_entry_or_no_exit,15258.25,15160.25,15225.5,15232.5,15147.25,15153.0,9528.0,85.04398826979472,-1
102,2022-01-21T10:35:00.000000,,,2022,2022-01-21,SHORT,fib382,1.0,14780.182,14818.5,14741.864000000001,38.3179999999993,NO_ENTRY,0.0,0,0.0,0.0,no_entry_or_no_exit,14818.5,14668.25,14808.0,14818.0,14719.0,14728.0,10097.0,80.8080808080808,-1
102,2022-01-21T10:35:00.000000,,,2022,2022-01-21,SHORT,fib382,1.5,14780.182,14818.5,14722.705000000002,38.3179999999993,NO_ENTRY,0.0,0,0.0,0.0,no_entry_or_no_exit,14818.5,14668.25,14808.0,14818.0,14719.0,14728.0,10097.0,80.8080808080808,-1
102,2022-01-21T10:35:00.000000,,,2022,2022-01-21,SHORT,fib382,2.0,14780.182,14818.5,14703.546000000002,38.3179999999993,NO_ENTRY,0.0,0,0.0,0.0,no_entry_or_no_exit,14818.5,14668.25,14808.0,14818.0,14719.0,14728.0,10097.0,80.8080808080808,-1
102,2022-01-21T10:35:00.000000,,,2022,2022-01-21,SHORT,fib50,1.0,14768.5,14818.5,14718.5,50.0,NO_ENTRY,0.0,0,0.0,0.0,no_entry_or_no_exit,14818.5,14668.25,14808.0,14818.0,14719.0,14728.0,10097.0,80.8080808080808,-1
102,2022-01-21T10:35:00.000000,,,2022,2022-01-21,SHORT,fib50,1.5,14768.5,14818.5,14693.5,50.0,NO_ENTRY,0.0,0,0.0,0.0,no_entry_or_no_exit,14818.5,14668.25,14808.0,14818.0,14719.0,14728.0,10097.0,80.8080808080808,-1
102,2022-01-21T10:35:00.000000,,,2022,2022-01-21,SHORT,fib50,2.0,14768.5,14818.5,14668.5,50.0,NO_ENTRY,0.0,0,0.0,0.0,no_entry_or_no_exit,14818.5,14668.25,14808.0,14818.0,14719.0,14728.0,10097.0,80.8080808080808,-1
103,2022-01-21T13:25:00.000000,2022-01-21T13:40:00.000000,2022-01-21T15:35:00.000000,2022,2022-01-21,SHORT,fib382,1.0,14606.853,14818.5,14395.205999999998,211.64700000000084,WIN,187.85299999999916,24,198.35299999999916,-3.647000000000844,time_exit,14818.5,14668.25,14638.75,14638.75,14555.25,14561.25,7610.0,92.81437125748504,-1
103,2022-01-21T13:25:00.000000,2022-01-21T13:40:00.000000,2022-01-21T15:35:00.000000,2022,2022-01-21,SHORT,fib382,1.5,14606.853,14818.5,14289.382499999998,211.64700000000084,WIN,187.85299999999916,24,198.35299999999916,-3.647000000000844,time_exit,14818.5,14668.25,14638.75,14638.75,14555.25,14561.25,7610.0,92.81437125748504,-1
103,2022-01-21T13:25:00.000000,2022-01-21T13:40:00.000000,2022-01-21T15:35:00.000000,2022,2022-01-21,SHORT,fib382,2.0,14606.853,14818.5,14183.558999999997,211.64700000000084,WIN,187.85299999999916,24,198.35299999999916,-3.647000000000844,time_exit,14818.5,14668.25,14638.75,14638.75,14555.25,14561.25,7610.0,92.81437125748504,-1
103,2022-01-21T13:25:00.000000,2022-01-21T13:35:00.000000,2022-01-21T15:30:00.000000,2022,2022-01-21,SHORT,fib50,1.0,14597.0,14818.5,14375.5,221.5,WIN,180.75,24,188.5,-13.5,time_exit,14818.5,14668.25,14638.75,14638.75,14555.25,14561.25,7610.0,92.81437125748504,-1
103,2022-01-21T13:25:00.000000,2022-01-21T13:35:00.000000,2022-01-21T15:30:00.000000,2022,2022-01-21,SHORT,fib50,1.5,14597.0,14818.5,14264.75,221.5,WIN,180.75,24,188.5,-13.5,time_exit,14818.5,14668.25,14638.75,14638.75,14555.25,14561.25,7610.0,92.81437125748504,-1
103,2022-01-21T13:25:00.000000,2022-01-21T13:35:00.000000,2022-01-21T15:30:00.000000,2022,2022-01-21,SHORT,fib50,2.0,14597.0,14818.5,14154.0,221.5,WIN,180.75,24,188.5,-13.5,time_exit,14818.5,14668.25,14638.75,14638.75,14555.25,14561.25,7610.0,92.81437125748504,-1
104,2022-01-21T14:50:00.000000,,,2022,2022-01-21,SHORT,fib382,1.0,14479.252,14818.5,14140.004,339.2479999999996,NO_ENTRY,0.0,0,0.0,0.0,no_entry_or_no_exit,14818.5,14668.25,14513.0,14513.25,14424.25,14432.0,14646.0,91.01123595505618,-1
104,2022-01-21T14:50:00.000000,,,2022,2022-01-21,SHORT,fib382,1.5,14479.252,14818.5,13970.380000000001,339.2479999999996,NO_ENTRY,0.0,0,0.0,0.0,no_entry_or_no_exit,14818.5,14668.25,14513.0,14513.25,14424.25,14432.0,14646.0,91.01123595505618,-1
104,2022-01-21T14:50:00.000000,,,2022,2022-01-21,SHORT,fib382,2.0,14479.252,14818.5,13800.756000000001,339.2479999999996,NO_ENTRY,0.0,0,0.0,0.0,no_entry_or_no_exit,14818.5,14668.25,14513.0,14513.25,14424.25,14432.0,14646.0,91.01123595505618,-1
104,2022-01-21T14:50:00.000000,,,2022,2022-01-21,SHORT,fib50,1.0,14468.75,14818.5,14119.0,349.75,NO_ENTRY,0.0,0,0.0,0.0,no_entry_or_no_exit,14818.5,14668.25,14513.0,14513.25,14424.25,14432.0,14646.0,91.01123595505618,-1
104,2022-01-21T14:50:00.000000,,,2022,2022-01-21,SHORT,fib50,1.5,14468.75,14818.5,13944.125,349.75,NO_ENTRY,0.0,0,0.0,0.0,no_entry_or_no_exit,14818.5,14668.25,14513.0,14513.25,14424.25,14432.0,14646.0,91.01123595505618,-1
104,2022-01-21T14:50:00.000000,,,2022,2022-01-21,SHORT,fib50,2.0,14468.75,14818.5,13769.25,349.75,NO_ENTRY,0.0,0,0.0,0.0,no_entry_or_no_exit,14818.5,14668.25,14513.0,14513.25,14424.25,14432.0,14646.0,91.01123595505618,-1
105,2022-01-24T09:45:00.000000,2022-01-24T09:50:00.000000,2022-01-24T10:40:00.000000,2022,2022-01-24,SHORT,fib382,1.0,14094.576,14263.5,13925.651999999998,168.9240000000009,WIN,168.9240000000009,11,204.0759999999991,-51.42400000000089,target,14263.5,14117.25,14140.75,14145.0,14013.0,14043.75,14932.0,73.48484848484848,-1
105,2022-01-24T09:45:00.000000,2022-01-24T09:50:00.000000,2022-01-24T10:45:00.000000,2022,2022-01-24,SHORT,fib382,1.5,14094.576,14263.5,13841.189999999999,168.9240000000009,WIN,253.38600000000133,12,274.5759999999991,-51.42400000000089,target,14263.5,14117.25,14140.75,14145.0,14013.0,14043.75,14932.0,73.48484848484848,-1
105,2022-01-24T09:45:00.000000,2022-01-24T09:50:00.000000,2022-01-24T11:10:00.000000,2022,2022-01-24,SHORT,fib382,2.0,14094.576,14263.5,13756.727999999997,168.9240000000009,WIN,337.8480000000018,17,341.3259999999991,-51.42400000000089,target,14263.5,14117.25,14140.75,14145.0,14013.0,14043.75,14932.0,73.48484848484848,-1
105,2022-01-24T09:45:00.000000,2022-01-24T09:50:00.000000,2022-01-24T10:40:00.000000,2022,2022-01-24,SHORT,fib50,1.0,14079.0,14263.5,13894.5,184.5,WIN,184.5,11,188.5,-67.0,target,14263.5,14117.25,14140.75,14145.0,14013.0,14043.75,14932.0,73.48484848484848,-1
105,2022-01-24T09:45:00.000000,2022-01-24T09:50:00.000000,2022-01-24T11:10:00.000000,2022,2022-01-24,SHORT,fib50,1.5,14079.0,14263.5,13802.25,184.5,WIN,276.75,17,325.75,-67.0,target,14263.5,14117.25,14140.75,14145.0,14013.0,14043.75,14932.0,73.48484848484848,-1
105,2022-01-24T09:45:00.000000,2022-01-24T09:50:00.000000,2022-01-24T11:15:00.000000,2022,2022-01-24,SHORT,fib50,2.0,14079.0,14263.5,13710.0,184.5,WIN,369.0,18,373.0,-67.0,target,14263.5,14117.25,14140.75,14145.0,14013.0,14043.75,14932.0,73.48484848484848,-1
106,2022-01-24T13:20:00.000000,2022-01-24T13:30:00.000000,2022-01-24T13:35:00.000000,2022,2022-01-24,SHORT,fib382,1.0,14125.7275,14263.5,13987.955000000002,137.77249999999913,WIN,137.77249999999913,2,142.72750000000087,-5.522499999999127,target,14263.5,14117.25,14125.0,14173.0,14049.25,14050.5,12103.0,60.2020202020202,-1
106,2022-01-24T13:20:00.000000,2022-01-24T13:30:00.000000,2022-01-24T14:15:00.000000,2022,2022-01-24,SHORT,fib382,1.5,14125.7275,14263.5,13919.068750000002,137.77249999999913,LOSS,-137.77249999999913,10,151.47750000000087,-169.27249999999913,stop,14263.5,14117.25,14125.0,14173.0,14049.25,14050.5,12103.0,60.2020202020202,-1
106,2022-01-24T13:20:00.000000,2022-01-24T13:30:00.000000,2022-01-24T14:15:00.000000,2022,2022-01-24,SHORT,fib382,2.0,14125.7275,14263.5,13850.182500000003,137.77249999999913,LOSS,-137.77249999999913,10,151.47750000000087,-169.27249999999913,stop,14263.5,14117.25,14125.0,14173.0,14049.25,14050.5,12103.0,60.2020202020202,-1
106,2022-01-24T13:20:00.000000,2022-01-24T13:30:00.000000,2022-01-24T14:15:00.000000,2022,2022-01-24,SHORT,fib50,1.0,14111.125,14263.5,13958.75,152.375,LOSS,-152.375,10,136.875,-183.875,stop,14263.5,14117.25,14125.0,14173.0,14049.25,14050.5,12103.0,60.2020202020202,-1
106,2022-01-24T13:20:00.000000,2022-01-24T13:30:00.000000,2022-01-24T14:15:00.000000,2022,2022-01-24,SHORT,fib50,1.5,14111.125,14263.5,13882.5625,152.375,LOSS,-152.375,10,136.875,-183.875,stop,14263.5,14117.25,14125.0,14173.0,14049.25,14050.5,12103.0,60.2020202020202,-1
106,2022-01-24T13:20:00.000000,2022-01-24T13:30:00.000000,2022-01-24T14:15:00.000000,2022,2022-01-24,SHORT,fib50,2.0,14111.125,14263.5,13806.375,152.375,LOSS,-152.375,10,136.875,-183.875,stop,14263.5,14117.25,14125.0,14173.0,14049.25,14050.5,12103.0,60.2020202020202,-1
107,2022-01-24T14:30:00.000000,2022-01-24T20:20:00.000000,2022-01-24T22:15:00.000000,2022,2022-01-24,LONG,fib382,1.0,14283.881,14117.25,14450.511999999999,166.6309999999994,LOSS,-19.130999999999403,24,52.8690000000006,-50.1309999999994,time_exit,14263.5,14117.25,14261.75,14389.25,14218.75,14379.75,14247.0,69.20821114369502,1
107,2022-01-24T14:30:00.000000,2022-01-24T20:20:00.000000,2022-01-24T22:15:00.000000,2022,2022-01-24,LONG,fib382,1.5,14283.881,14117.25,14533.8275,166.6309999999994,LOSS,-19.130999999999403,24,52.8690000000006,-50.1309999999994,time_exit,14263.5,14117.25,14261.75,14389.25,14218.75,14379.75,14247.0,69.20821114369502,1
107,2022-01-24T14:30:00.000000,2022-01-24T20:20:00.000000,2022-01-24T22:15:00.000000,2022,2022-01-24,LONG,fib382,2.0,14283.881,14117.25,14617.142999999998,166.6309999999994,LOSS,-19.130999999999403,24,52.8690000000006,-50.1309999999994,time_exit,14263.5,14117.25,14261.75,14389.25,14218.75,14379.75,14247.0,69.20821114369502,1
107,2022-01-24T14:30:00.000000,2022-01-24T19:10:00.000000,2022-01-24T21:05:00.000000,2022,2022-01-24,LONG,fib50,1.0,14304.0,14117.25,14490.75,186.75,LOSS,-12.25,24,64.5,-22.0,time_exit,14263.5,14117.25,14261.75,14389.25,14218.75,14379.75,14247.0,69.20821114369502,1
107,2022-01-24T14:30:00.000000,2022-01-24T19:10:00.000000,2022-01-24T21:05:00.000000,2022,2022-01-24,LONG,fib50,1.5,14304.0,14117.25,14584.125,186.75,LOSS,-12.25,24,64.5,-22.0,time_exit,14263.5,14117.25,14261.75,14389.25,14218.75,14379.75,14247.0,69.20821114369502,1
107,2022-01-24T14:30:00.000000,2022-01-24T19:10:00.000000,2022-01-24T21:05:00.000000,2022,2022-01-24,LONG,fib50,2.0,14304.0,14117.25,14677.5,186.75,LOSS,-12.25,24,64.5,-22.0,time_exit,14263.5,14117.25,14261.75,14389.25,14218.75,14379.75,14247.0,69.20821114369502,1
108,2022-01-24T14:45:00.000000,2022-01-24T18:55:00.000000,2022-01-24T20:50:00.000000,2022,2022-01-24,LONG,fib382,1.0,14362.0625,14117.25,14606.875,244.8125,LOSS,-53.0625,24,13.9375,-80.0625,time_exit,14263.5,14117.25,14331.0,14420.0,14326.25,14416.0,12311.0,90.66666666666666,1
108,2022-01-24T14:45:00.000000,2022-01-24T18:55:00.000000,2022-01-24T20:50:00.000000,2022,2022-01-24,LONG,fib382,1.5,14362.0625,14117.25,14729.28125,244.8125,LOSS,-53.0625,24,13.9375,-80.0625,time_exit,14263.5,14117.25,14331.0,14420.0,14326.25,14416.0,12311.0,90.66666666666666,1
108,2022-01-24T14:45:00.000000,2022-01-24T18:55:00.000000,2022-01-24T20:50:00.000000,2022,2022-01-24,LONG,fib382,2.0,14362.0625,14117.25,14851.6875,244.8125,LOSS,-53.0625,24,13.9375,-80.0625,time_exit,14263.5,14117.25,14331.0,14420.0,14326.25,14416.0,12311.0,90.66666666666666,1
108,2022-01-24T14:45:00.000000,2022-01-24T18:50:00.000000,2022-01-24T20:45:00.000000,2022,2022-01-24,LONG,fib50,1.0,14373.125,14117.25,14629.0,255.875,LOSS,-68.625,24,30.875,-91.125,time_exit,14263.5,14117.25,14331.0,14420.0,14326.25,14416.0,12311.0,90.66666666666666,1
108,2022-01-24T14:45:00.000000,2022-01-24T18:50:00.000000,2022-01-24T20:45:00.000000,2022,2022-01-24,LONG,fib50,1.5,14373.125,14117.25,14756.9375,255.875,LOSS,-68.625,24,30.875,-91.125,time_exit,14263.5,14117.25,14331.0,14420.0,14326.25,14416.0,12311.0,90.66666666666666,1
108,2022-01-24T14:45:00.000000,2022-01-24T18:50:00.000000,2022-01-24T20:45:00.000000,2022,2022-01-24,LONG,fib50,2.0,14373.125,14117.25,14884.875,255.875,LOSS,-68.625,24,30.875,-91.125,time_exit,14263.5,14117.25,14331.0,14420.0,14326.25,14416.0,12311.0,90.66666666666666,1
109,2022-01-25T08:45:00.000000,2022-01-25T09:25:00.000000,2022-01-25T10:35:00.000000,2022,2022-01-25,SHORT,fib382,1.0,14174.9295,14304.75,14045.109,129.8204999999998,WIN,129.8204999999998,15,160.9295000000002,-68.32049999999981,target,14304.75,14184.25,14210.25,14218.0,14105.25,14117.75,17382.0,82.039911308204,-1
109,2022-01-25T08:45:00.000000,2022-01-25T09:25:00.000000,2022-01-25T11:20:00.000000,2022,2022-01-25,SHORT,fib382,1.5,14174.9295,14304.75,13980.19875,129.8204999999998,WIN,63.92950000000019,24,160.9295000000002,-68.32049999999981,time_exit,14304.75,14184.25,14210.25,14218.0,14105.25,14117.75,17382.0,82.039911308204,-1
109,2022-01-25T08:45:00.000000,2022-01-25T09:25:00.000000,2022-01-25T11:20:00.000000,2022,2022-01-25,SHORT,fib382,2.0,14174.9295,14304.75,13915.2885,129.8204999999998,WIN,63.92950000000019,24,160.9295000000002,-68.32049999999981,time_exit,14304.75,14184.25,14210.25,14218.0,14105.25,14117.75,17382.0,82.039911308204,-1
109,2022-01-25T08:45:00.000000,2022-01-25T09:25:00.000000,2022-01-25T10:35:00.000000,2022,2022-01-25,SHORT,fib50,1.0,14161.625,14304.75,14018.5,143.125,WIN,143.125,15,147.625,-81.625,target,14304.75,14184.25,14210.25,14218.0,14105.25,14117.75,17382.0,82.039911308204,-1
109,2022-01-25T08:45:00.000000,2022-01-25T09:25:00.000000,2022-01-25T11:20:00.000000,2022,2022-01-25,SHORT,fib50,1.5,14161.625,14304.75,13946.9375,143.125,WIN,50.625,24,147.625,-81.625,time_exit,14304.75,14184.25,14210.25,14218.0,14105.25,14117.75,17382.0,82.039911308204,-1
109,2022-01-25T08:45:00.000000,2022-01-25T09:25:00.000000,2022-01-25T11:20:00.000000,2022,2022-01-25,SHORT,fib50,2.0,14161.625,14304.75,13875.375,143.125,WIN,50.625,24,147.625,-81.625,time_exit,14304.75,14184.25,14210.25,14218.0,14105.25,14117.75,17382.0,82.039911308204,-1
110,2022-01-25T10:55:00.000000,2022-01-25T11:00:00.000000,2022-01-25T12:55:00.000000,2022,2022-01-25,SHORT,fib382,1.0,14072.249,14304.75,13839.748,232.5010000000002,LOSS,-199.7510000000002,24,50.748999999999796,-204.0010000000002,time_exit,14304.75,14184.25,14102.0,14103.0,14022.5,14031.0,8764.0,88.19875776397515,-1
110,2022-01-25T10:55:00.000000,2022-01-25T11:00:00.000000,2022-01-25T12:55:00.000000,2022,2022-01-25,SHORT,fib382,1.5,14072.249,14304.75,13723.4975,232.5010000000002,LOSS,-199.7510000000002,24,50.748999999999796,-204.0010000000002,time_exit,14304.75,14184.25,14102.0,14103.0,14022.5,14031.0,8764.0,88.19875776397515,-1
110,2022-01-25T10:55:00.000000,2022-01-25T11:00:00.000000,2022-01-25T12:55:00.000000,2022,2022-01-25,SHORT,fib382,2.0,14072.249,14304.75,13607.247,232.5010000000002,LOSS,-199.7510000000002,24,50.748999999999796,-204.0010000000002,time_exit,14304.75,14184.25,14102.0,14103.0,14022.5,14031.0,8764.0,88.19875776397515,-1
110,2022-01-25T10:55:00.000000,2022-01-25T11:00:00.000000,2022-01-25T12:55:00.000000,2022,2022-01-25,SHORT,fib50,1.0,14062.75,14304.75,13820.75,242.0,LOSS,-209.25,24,41.25,-213.5,time_exit,14304.75,14184.25,14102.0,14103.0,14022.5,14031.0,8764.0,88.19875776397515,-1
110,2022-01-25T10:55:00.000000,2022-01-25T11:00:00.000000,2022-01-25T12:55:00.000000,2022,2022-01-25,SHORT,fib50,1.5,14062.75,14304.75,13699.75,242.0,LOSS,-209.25,24,41.25,-213.5,time_exit,14304.75,14184.25,14102.0,14103.0,14022.5,14031.0,8764.0,88.19875776397515,-1
110,2022-01-25T10:55:00.000000,2022-01-25T11:00:00.000000,2022-01-25T12:55:00.000000,2022,2022-01-25,SHORT,fib50,2.0,14062.75,14304.75,13578.75,242.0,LOSS,-209.25,24,41.25,-213.5,time_exit,14304.75,14184.25,14102.0,14103.0,14022.5,14031.0,8764.0,88.19875776397515,-1
111,2022-01-25T14:50:00.000000,2022-01-25T15:00:00.000000,2022-01-25T15:20:00.000000,2022,2022-01-25,SHORT,fib382,1.0,14170.7155,14304.75,14036.681,134.03449999999975,WIN,134.03449999999975,5,147.71550000000025,-40.78449999999975,target,14304.75,14184.25,14203.75,14205.0,14115.25,14133.25,13016.0,78.55153203342618,-1
111,2022-01-25T14:50:00.000000,2022-01-25T15:00:00.000000,2022-01-25T15:40:00.000000,2022,2022-01-25,SHORT,fib382,1.5,14170.7155,14304.75,13969.66375,134.03449999999975,WIN,201.05174999999963,9,207.21550000000025,-40.78449999999975,target,14304.75,14184.25,14203.75,14205.0,14115.25,14133.25,13016.0,78.55153203342618,-1
111,2022-01-25T14:50:00.000000,2022-01-25T15:00:00.000000,2022-01-25T15:50:00.000000,2022,2022-01-25,SHORT,fib382,2.0,14170.7155,14304.75,13902.6465,134.03449999999975,WIN,268.0689999999995,11,280.71550000000025,-40.78449999999975,target,14304.75,14184.25,14203.75,14205.0,14115.25,14133.25,13016.0,78.55153203342618,-1
111,2022-01-25T14:50:00.000000,2022-01-25T14:55:00.000000,2022-01-25T15:25:00.000000,2022,2022-01-25,SHORT,fib50,1.0,14160.125,14304.75,14015.5,144.625,WIN,144.625,7,153.125,-51.375,target,14304.75,14184.25,14203.75,14205.0,14115.25,14133.25,13016.0,78.55153203342618,-1
111,2022-01-25T14:50:00.000000,2022-01-25T14:55:00.000000,2022-01-25T15:45:00.000000,2022,2022-01-25,SHORT,fib50,1.5,14160.125,14304.75,13943.1875,144.625,WIN,216.9375,11,238.125,-51.375,target,14304.75,14184.25,14203.75,14205.0,14115.25,14133.25,13016.0,78.55153203342618,-1
111,2022-01-25T14:50:00.000000,2022-01-25T14:55:00.000000,2022-01-25T17:50:00.000000,2022,2022-01-25,SHORT,fib50,2.0,14160.125,14304.75,13870.875,144.625,LOSS,-65.375,24,270.125,-91.875,time_exit,14304.75,14184.25,14203.75,14205.0,14115.25,14133.25,13016.0,78.55153203342618,-1
113,2022-01-26T13:30:00.000000,2022-01-26T13:35:00.000000,2022-01-26T13:35:00.000000,2022,2022-01-26,SHORT,fib382,1.0,14461.298,14498.0,14424.596000000001,36.701999999999316,LOSS,-36.701999999999316,1,91.54800000000068,-86.45199999999932,both_same_bar_stop_first,14498.0,14350.25,14508.0,14513.25,14377.25,14401.25,11333.0,78.49264705882352,-1
113,2022-01-26T13:30:00.000000,2022-01-26T13:35:00.000000,2022-01-26T13:35:00.000000,2022,2022-01-26,SHORT,fib382,1.5,14461.298,14498.0,14406.245000000003,36.701999999999316,LOSS,-36.701999999999316,1,91.54800000000068,-86.45199999999932,both_same_bar_stop_first,14498.0,14350.25,14508.0,14513.25,14377.25,14401.25,11333.0,78.49264705882352,-1
113,2022-01-26T13:30:00.000000,2022-01-26T13:35:00.000000,2022-01-26T13:35:00.000000,2022,2022-01-26,SHORT,fib382,2.0,14461.298,14498.0,14387.894000000002,36.701999999999316,LOSS,-36.701999999999316,1,91.54800000000068,-86.45199999999932,both_same_bar_stop_first,14498.0,14350.25,14508.0,14513.25,14377.25,14401.25,11333.0,78.49264705882352,-1
113,2022-01-26T13:30:00.000000,2022-01-26T13:35:00.000000,2022-01-26T13:35:00.000000,2022,2022-01-26,SHORT,fib50,1.0,14445.25,14498.0,14392.5,52.75,LOSS,-52.75,1,75.5,-102.5,both_same_bar_stop_first,14498.0,14350.25,14508.0,14513.25,14377.25,14401.25,11333.0,78.49264705882352,-1
113,2022-01-26T13:30:00.000000,2022-01-26T13:35:00.000000,2022-01-26T13:35:00.000000,2022,2022-01-26,SHORT,fib50,1.5,14445.25,14498.0,14366.125,52.75,LOSS,-52.75,1,75.5,-102.5,stop,14498.0,14350.25,14508.0,14513.25,14377.25,14401.25,11333.0,78.49264705882352,-1
113,2022-01-26T13:30:00.000000,2022-01-26T13:35:00.000000,2022-01-26T13:35:00.000000,2022,2022-01-26,SHORT,fib50,2.0,14445.25,14498.0,14339.75,52.75,LOSS,-52.75,1,75.5,-102.5,stop,14498.0,14350.25,14508.0,14513.25,14377.25,14401.25,11333.0,78.49264705882352,-1
114,2022-01-26T13:40:00.000000,,,2022,2022-01-26,SHORT,fib382,1.0,14452.799,14498.0,14407.598000000002,45.20099999999911,NO_ENTRY,0.0,0,0.0,0.0,no_entry_or_no_exit,14498.0,14350.25,14516.0,14521.75,14341.25,14343.75,22043.0,95.42936288088643,-1
114,2022-01-26T13:40:00.000000,,,2022,2022-01-26,SHORT,fib382,1.5,14452.799,14498.0,14384.997500000001,45.20099999999911,NO_ENTRY,0.0,0,0.0,0.0,no_entry_or_no_exit,14498.0,14350.25,14516.0,14521.75,14341.25,14343.75,22043.0,95.42936288088643,-1
114,2022-01-26T13:40:00.000000,,,2022,2022-01-26,SHORT,fib382,2.0,14452.799,14498.0,14362.397000000003,45.20099999999911,NO_ENTRY,0.0,0,0.0,0.0,no_entry_or_no_exit,14498.0,14350.25,14516.0,14521.75,14341.25,14343.75,22043.0,95.42936288088643,-1
114,2022-01-26T13:40:00.000000,,,2022,2022-01-26,SHORT,fib50,1.0,14431.5,14498.0,14365.0,66.5,NO_ENTRY,0.0,0,0.0,0.0,no_entry_or_no_exit,14498.0,14350.25,14516.0,14521.75,14341.25,14343.75,22043.0,95.42936288088643,-1
114,2022-01-26T13:40:00.000000,,,2022,2022-01-26,SHORT,fib50,1.5,14431.5,14498.0,14331.75,66.5,NO_ENTRY,0.0,0,0.0,0.0,no_entry_or_no_exit,14498.0,14350.25,14516.0,14521.75,14341.25,14343.75,22043.0,95.42936288088643,-1
114,2022-01-26T13:40:00.000000,,,2022,2022-01-26,SHORT,fib50,2.0,14431.5,14498.0,14298.5,66.5,NO_ENTRY,0.0,0,0.0,0.0,no_entry_or_no_exit,14498.0,14350.25,14516.0,14521.75,14341.25,14343.75,22043.0,95.42936288088643,-1
115,2022-01-26T13:45:00.000000,2022-01-26T13:50:00.000000,2022-01-26T14:00:00.000000,2022,2022-01-26,SHORT,fib382,1.0,14292.0795,14498.0,14086.159,205.92050000000017,WIN,205.92050000000017,3,219.82949999999983,-17.170500000000175,target,14498.0,14350.25,14343.0,14354.25,14191.5,14212.75,30984.0,80.03072196620585,-1
115,2022-01-26T13:45:00.000000,2022-01-26T13:50:00.000000,2022-01-26T14:20:00.000000,2022,2022-01-26,SHORT,fib382,1.5,14292.0795,14498.0,13983.19875,205.92050000000017,WIN,308.88075000000026,7,315.8294999999998,-17.170500000000175,target,14498.0,14350.25,14343.0,14354.25,14191.5,14212.75,30984.0,80.03072196620585,-1
115,2022-01-26T13:45:00.000000,2022-01-26T13:50:00.000000,2022-01-26T15:45:00.000000,2022,2022-01-26,SHORT,fib382,2.0,14292.0795,14498.0,13880.2385,205.92050000000017,WIN,145.32949999999983,24,315.8294999999998,-17.170500000000175,time_exit,14498.0,14350.25,14343.0,14354.25,14191.5,14212.75,30984.0,80.03072196620585,-1
115,2022-01-26T13:45:00.000000,2022-01-26T13:50:00.000000,2022-01-26T14:05:00.000000,2022,2022-01-26,SHORT,fib50,1.0,14272.875,14498.0,14047.75,225.125,WIN,225.125,4,272.875,-36.375,target,14498.0,14350.25,14343.0,14354.25,14191.5,14212.75,30984.0,80.03072196620585,-1
115,2022-01-26T13:45:00.000000,2022-01-26T13:50:00.000000,2022-01-26T15:45:00.000000,2022,2022-01-26,SHORT,fib50,1.5,14272.875,14498.0,13935.1875,225.125,WIN,126.125,24,296.625,-36.375,time_exit,14498.0,14350.25,14343.0,14354.25,14191.5,14212.75,30984.0,80.03072196620585,-1
115,2022-01-26T13:45:00.000000,2022-01-26T13:50:00.000000,2022-01-26T15:45:00.000000,2022,2022-01-26,SHORT,fib50,2.0,14272.875,14498.0,13822.625,225.125,WIN,126.125,24,296.625,-36.375,time_exit,14498.0,14350.25,14343.0,14354.25,14191.5,14212.75,30984.0,80.03072196620585,-1
116,2022-01-26T14:00:00.000000,2022-01-26T17:00:00.000000,2022-01-26T18:55:00.000000,2022,2022-01-26,SHORT,fib382,1.0,14189.5155,14498.0,13881.030999999999,308.4845000000005,WIN,31.01549999999952,24,36.26549999999952,-92.73450000000048,time_exit,14498.0,14350.25,14262.0,14262.0,14072.25,14101.5,14195.0,84.58498023715416,-1
116,2022-01-26T14:00:00.000000,2022-01-26T17:00:00.000000,2022-01-26T18:55:00.000000,2022,2022-01-26,SHORT,fib382,1.5,14189.5155,14498.0,13726.78875,308.4845000000005,WIN,31.01549999999952,24,36.26549999999952,-92.73450000000048,time_exit,14498.0,14350.25,14262.0,14262.0,14072.25,14101.5,14195.0,84.58498023715416,-1
116,2022-01-26T14:00:00.000000,2022-01-26T17:00:00.000000,2022-01-26T18:55:00.000000,2022,2022-01-26,SHORT,fib382,2.0,14189.5155,14498.0,13572.546499999999,308.4845000000005,WIN,31.01549999999952,24,36.26549999999952,-92.73450000000048,time_exit,14498.0,14350.25,14262.0,14262.0,14072.25,14101.5,14195.0,84.58498023715416,-1
116,2022-01-26T14:00:00.000000,2022-01-26T14:25:00.000000,2022-01-26T17:20:00.000000,2022,2022-01-26,SHORT,fib50,1.0,14167.125,14498.0,13836.25,330.875,LOSS,-86.625,24,160.125,-106.875,time_exit,14498.0,14350.25,14262.0,14262.0,14072.25,14101.5,14195.0,84.58498023715416,-1
116,2022-01-26T14:00:00.000000,2022-01-26T14:25:00.000000,2022-01-26T17:20:00.000000,2022,2022-01-26,SHORT,fib50,1.5,14167.125,14498.0,13670.8125,330.875,LOSS,-86.625,24,160.125,-106.875,time_exit,14498.0,14350.25,14262.0,14262.0,14072.25,14101.5,14195.0,84.58498023715416,-1
116,2022-01-26T14:00:00.000000,2022-01-26T14:25:00.000000,2022-01-26T17:20:00.000000,2022,2022-01-26,SHORT,fib50,2.0,14167.125,14498.0,13505.375,330.875,LOSS,-86.625,24,160.125,-106.875,time_exit,14498.0,14350.25,14262.0,14262.0,14072.25,14101.5,14195.0,84.58498023715416,-1
117,2022-01-26T14:05:00.000000,2022-01-26T14:10:00.000000,2022-01-26T17:05:00.000000,2022,2022-01-26,SHORT,fib382,1.0,14071.688,14498.0,13645.376,426.3119999999999,LOSS,-196.0619999999999,24,95.4380000000001,-196.3119999999999,time_exit,14498.0,14350.25,14098.5,14116.0,14000.0,14000.0,14420.0,84.91379310344827,-1
117,2022-01-26T14:05:00.000000,2022-01-26T14:10:00.000000,2022-01-26T17:05:00.000000,2022,2022-01-26,SHORT,fib382,1.5,14071.688,14498.0,13432.220000000001,426.3119999999999,LOSS,-196.0619999999999,24,95.4380000000001,-196.3119999999999,time_exit,14498.0,14350.25,14098.5,14116.0,14000.0,14000.0,14420.0,84.91379310344827,-1
117,2022-01-26T14:05:00.000000,2022-01-26T14:10:00.000000,2022-01-26T17:05:00.000000,2022,2022-01-26,SHORT,fib382,2.0,14071.688,14498.0,13219.064,426.3119999999999,LOSS,-196.0619999999999,24,95.4380000000001,-196.3119999999999,time_exit,14498.0,14350.25,14098.5,14116.0,14000.0,14000.0,14420.0,84.91379310344827,-1
117,2022-01-26T14:05:00.000000,2022-01-26T14:10:00.000000,2022-01-26T17:05:00.000000,2022,2022-01-26,SHORT,fib50,1.0,14058.0,14498.0,13618.0,440.0,LOSS,-209.75,24,81.75,-210.0,time_exit,14498.0,14350.25,14098.5,14116.0,14000.0,14000.0,14420.0,84.91379310344827,-1
117,2022-01-26T14:05:00.000000,2022-01-26T14:10:00.000000,2022-01-26T17:05:00.000000,2022,2022-01-26,SHORT,fib50,1.5,14058.0,14498.0,13398.0,440.0,LOSS,-209.75,24,81.75,-210.0,time_exit,14498.0,14350.25,14098.5,14116.0,14000.0,14000.0,14420.0,84.91379310344827,-1
117,2022-01-26T14:05:00.000000,2022-01-26T14:10:00.000000,2022-01-26T17:05:00.000000,2022,2022-01-26,SHORT,fib50,2.0,14058.0,14498.0,13178.0,440.0,LOSS,-209.75,24,81.75,-210.0,time_exit,14498.0,14350.25,14098.5,14116.0,14000.0,14000.0,14420.0,84.91379310344827,-1
120,2022-01-28T10:55:00.000000,2022-01-28T11:20:00.000000,2022-01-28T13:15:00.000000,2022,2022-01-28,LONG,fib382,1.0,14251.827,13892.75,14610.903999999999,359.0769999999993,LOSS,-133.32699999999932,24,46.673000000000684,-141.07699999999932,time_exit,14102.25,13892.75,14223.75,14297.25,14223.75,14288.75,8795.0,88.43537414965986,1
120,2022-01-28T10:55:00.000000,2022-01-28T11:20:00.000000,2022-01-28T13:15:00.000000,2022,2022-01-28,LONG,fib382,1.5,14251.827,13892.75,14790.442499999997,359.0769999999993,LOSS,-133.32699999999932,24,46.673000000000684,-141.07699999999932,time_exit,14102.25,13892.75,14223.75,14297.25,14223.75,14288.75,8795.0,88.43537414965986,1
120,2022-01-28T10:55:00.000000,2022-01-28T11:20:00.000000,2022-01-28T13:15:00.000000,2022,2022-01-28,LONG,fib382,2.0,14251.827,13892.75,14969.980999999998,359.0769999999993,LOSS,-133.32699999999932,24,46.673000000000684,-141.07699999999932,time_exit,14102.25,13892.75,14223.75,14297.25,14223.75,14288.75,8795.0,88.43537414965986,1
120,2022-01-28T10:55:00.000000,2022-01-28T11:10:00.000000,2022-01-28T13:05:00.000000,2022,2022-01-28,LONG,fib50,1.0,14260.5,13892.75,14628.25,367.75,LOSS,-97.25,24,47.0,-109.0,time_exit,14102.25,13892.75,14223.75,14297.25,14223.75,14288.75,8795.0,88.43537414965986,1
120,2022-01-28T10:55:00.000000,2022-01-28T11:10:00.000000,2022-01-28T13:05:00.000000,2022,2022-01-28,LONG,fib50,1.5,14260.5,13892.75,14812.125,367.75,LOSS,-97.25,24,47.0,-109.0,time_exit,14102.25,13892.75,14223.75,14297.25,14223.75,14288.75,8795.0,88.43537414965986,1
120,2022-01-28T10:55:00.000000,2022-01-28T11:10:00.000000,2022-01-28T13:05:00.000000,2022,2022-01-28,LONG,fib50,2.0,14260.5,13892.75,14996.0,367.75,LOSS,-97.25,24,47.0,-109.0,time_exit,14102.25,13892.75,14223.75,14297.25,14223.75,14288.75,8795.0,88.43537414965986,1
121,2022-01-31T08:50:00.000000,,,2022,2022-01-31,LONG,fib382,1.0,14550.6185,14416.25,14684.987000000001,134.3685000000005,NO_ENTRY,0.0,0,0.0,0.0,no_entry_or_no_exit,14583.75,14416.25,14542.5,14613.5,14511.75,14609.5,10730.0,65.84766584766585,1
121,2022-01-31T08:50:00.000000,,,2022,2022-01-31,LONG,fib382,1.5,14550.6185,14416.25,14752.171250000001,134.3685000000005,NO_ENTRY,0.0,0,0.0,0.0,no_entry_or_no_exit,14583.75,14416.25,14542.5,14613.5,14511.75,14609.5,10730.0,65.84766584766585,1
121,2022-01-31T08:50:00.000000,,,2022,2022-01-31,LONG,fib382,2.0,14550.6185,14416.25,14819.355500000001,134.3685000000005,NO_ENTRY,0.0,0,0.0,0.0,no_entry_or_no_exit,14583.75,14416.25,14542.5,14613.5,14511.75,14609.5,10730.0,65.84766584766585,1
121,2022-01-31T08:50:00.000000,,,2022,2022-01-31,LONG,fib50,1.0,14562.625,14416.25,14709.0,146.375,NO_ENTRY,0.0,0,0.0,0.0,no_entry_or_no_exit,14583.75,14416.25,14542.5,14613.5,14511.75,14609.5,10730.0,65.84766584766585,1
121,2022-01-31T08:50:00.000000,,,2022,2022-01-31,LONG,fib50,1.5,14562.625,14416.25,14782.1875,146.375,NO_ENTRY,0.0,0,0.0,0.0,no_entry_or_no_exit,14583.75,14416.25,14542.5,14613.5,14511.75,14609.5,10730.0,65.84766584766585,1
121,2022-01-31T08:50:00.000000,,,2022,2022-01-31,LONG,fib50,2.0,14562.625,14416.25,14855.375,146.375,NO_ENTRY,0.0,0,0.0,0.0,no_entry_or_no_exit,14583.75,14416.25,14542.5,14613.5,14511.75,14609.5,10730.0,65.84766584766585,1
122,2022-02-01T09:00:00.000000,2022-02-01T09:10:00.000000,2022-02-01T11:05:00.000000,2022,2022-02-01,SHORT,fib382,1.0,14811.755,14952.0,14671.509999999998,140.2450000000008,LOSS,-87.2450000000008,24,59.5049999999992,-130.7450000000008,time_exit,14952.0,14786.5,14841.75,14849.0,14751.5,14758.75,14815.0,85.12820512820512,-1
122,2022-02-01T09:00:00.000000,2022-02-01T09:10:00.000000,2022-02-01T11:05:00.000000,2022,2022-02-01,SHORT,fib382,1.5,14811.755,14952.0,14601.387499999997,140.2450000000008,LOSS,-87.2450000000008,24,59.5049999999992,-130.7450000000008,time_exit,14952.0,14786.5,14841.75,14849.0,14751.5,14758.75,14815.0,85.12820512820512,-1
122,2022-02-01T09:00:00.000000,2022-02-01T09:10:00.000000,2022-02-01T11:05:00.000000,2022,2022-02-01,SHORT,fib382,2.0,14811.755,14952.0,14531.264999999998,140.2450000000008,LOSS,-87.2450000000008,24,59.5049999999992,-130.7450000000008,time_exit,14952.0,14786.5,14841.75,14849.0,14751.5,14758.75,14815.0,85.12820512820512,-1
122,2022-02-01T09:00:00.000000,2022-02-01T09:10:00.000000,2022-02-01T11:05:00.000000,2022,2022-02-01,SHORT,fib50,1.0,14800.25,14952.0,14648.5,151.75,LOSS,-98.75,24,48.0,-142.25,time_exit,14952.0,14786.5,14841.75,14849.0,14751.5,14758.75,14815.0,85.12820512820512,-1
122,2022-02-01T09:00:00.000000,2022-02-01T09:10:00.000000,2022-02-01T11:05:00.000000,2022,2022-02-01,SHORT,fib50,1.5,14800.25,14952.0,14572.625,151.75,LOSS,-98.75,24,48.0,-142.25,time_exit,14952.0,14786.5,14841.75,14849.0,14751.5,14758.75,14815.0,85.12820512820512,-1
122,2022-02-01T09:00:00.000000,2022-02-01T09:10:00.000000,2022-02-01T11:05:00.000000,2022,2022-02-01,SHORT,fib50,2.0,14800.25,14952.0,14496.75,151.75,LOSS,-98.75,24,48.0,-142.25,time_exit,14952.0,14786.5,14841.75,14849.0,14751.5,14758.75,14815.0,85.12820512820512,-1
123,2022-02-07T08:50:00.000000,2022-02-07T08:55:00.000000,2022-02-07T10:05:00.000000,2022,2022-02-07,LONG,fib382,1.0,14759.24,14670.0,14848.48,89.23999999999978,LOSS,-89.23999999999978,15,47.01000000000022,-95.98999999999978,stop,14782.75,14670.0,14733.5,14802.5,14732.5,14800.0,11016.0,95.0,1
123,2022-02-07T08:50:00.000000,2022-02-07T08:55:00.000000,2022-02-07T10:05:00.000000,2022,2022-02-07,LONG,fib382,1.5,14759.24,14670.0,14893.099999999999,89.23999999999978,LOSS,-89.23999999999978,15,47.01000000000022,-95.98999999999978,stop,14782.75,14670.0,14733.5,14802.5,14732.5,14800.0,11016.0,95.0,1
123,2022-02-07T08:50:00.000000,2022-02-07T08:55:00.000000,2022-02-07T10:05:00.000000,2022,2022-02-07,LONG,fib382,2.0,14759.24,14670.0,14937.72,89.23999999999978,LOSS,-89.23999999999978,15,47.01000000000022,-95.98999999999978,stop,14782.75,14670.0,14733.5,14802.5,14732.5,14800.0,11016.0,95.0,1
123,2022-02-07T08:50:00.000000,2022-02-07T08:55:00.000000,2022-02-07T10:05:00.000000,2022,2022-02-07,LONG,fib50,1.0,14767.5,14670.0,14865.0,97.5,LOSS,-97.5,15,38.75,-104.25,stop,14782.75,14670.0,14733.5,14802.5,14732.5,14800.0,11016.0,95.0,1
123,2022-02-07T08:50:00.000000,2022-02-07T08:55:00.000000,2022-02-07T10:05:00.000000,2022,2022-02-07,LONG,fib50,1.5,14767.5,14670.0,14913.75,97.5,LOSS,-97.5,15,38.75,-104.25,stop,14782.75,14670.0,14733.5,14802.5,14732.5,14800.0,11016.0,95.0,1
123,2022-02-07T08:50:00.000000,2022-02-07T08:55:00.000000,2022-02-07T10:05:00.000000,2022,2022-02-07,LONG,fib50,2.0,14767.5,14670.0,14962.5,97.5,LOSS,-97.5,15,38.75,-104.25,stop,14782.75,14670.0,14733.5,14802.5,14732.5,14800.0,11016.0,95.0,1
124,2022-02-10T08:50:00.000000,2022-02-10T10:30:00.000000,2022-02-10T12:25:00.000000,2022,2022-02-10,LONG,fib382,1.0,14864.102,14735.0,14993.204000000002,129.10200000000077,LOSS,-85.10200000000077,24,114.39799999999923,-86.10200000000077,time_exit,14855.5,14735.0,14837.0,14917.25,14831.25,14912.25,16858.0,87.5,1
124,2022-02-10T08:50:00.000000,2022-02-10T10:30:00.000000,2022-02-10T12:25:00.000000,2022,2022-02-10,LONG,fib382,1.5,14864.102,14735.0,15057.755000000001,129.10200000000077,LOSS,-85.10200000000077,24,114.39799999999923,-86.10200000000077,time_exit,14855.5,14735.0,14837.0,14917.25,14831.25,14912.25,16858.0,87.5,1
124,2022-02-10T08:50:00.000000,2022-02-10T10:30:00.000000,2022-02-10T12:25:00.000000,2022,2022-02-10,LONG,fib382,2.0,14864.102,14735.0,15122.306000000002,129.10200000000077,LOSS,-85.10200000000077,24,114.39799999999923,-86.10200000000077,time_exit,14855.5,14735.0,14837.0,14917.25,14831.25,14912.25,16858.0,87.5,1
124,2022-02-10T08:50:00.000000,2022-02-10T10:30:00.000000,2022-02-10T12:25:00.000000,2022,2022-02-10,LONG,fib50,1.0,14874.25,14735.0,15013.5,139.25,LOSS,-95.25,24,104.25,-96.25,time_exit,14855.5,14735.0,14837.0,14917.25,14831.25,14912.25,16858.0,87.5,1
124,2022-02-10T08:50:00.000000,2022-02-10T10:30:00.000000,2022-02-10T12:25:00.000000,2022,2022-02-10,LONG,fib50,1.5,14874.25,14735.0,15083.125,139.25,LOSS,-95.25,24,104.25,-96.25,time_exit,14855.5,14735.0,14837.0,14917.25,14831.25,14912.25,16858.0,87.5,1
124,2022-02-10T08:50:00.000000,2022-02-10T10:30:00.000000,2022-02-10T12:25:00.000000,2022,2022-02-10,LONG,fib50,2.0,14874.25,14735.0,15152.75,139.25,LOSS,-95.25,24,104.25,-96.25,time_exit,14855.5,14735.0,14837.0,14917.25,14831.25,14912.25,16858.0,87.5,1
125,2022-02-11T08:55:00.000000,2022-02-11T09:05:00.000000,2022-02-11T09:10:00.000000,2022,2022-02-11,SHORT,fib382,1.0,14687.1315,14750.0,14624.262999999999,62.868500000000495,WIN,62.868500000000495,2,77.8814999999995,-37.868500000000495,target,14750.0,14656.0,14713.0,14726.0,14624.25,14639.0,13011.0,72.72727272727273,-1
125,2022-02-11T08:55:00.000000,2022-02-11T09:05:00.000000,2022-02-11T09:15:00.000000,2022,2022-02-11,SHORT,fib382,1.5,14687.1315,14750.0,14592.828749999999,62.868500000000495,WIN,94.30275000000074,3,97.1314999999995,-37.868500000000495,target,14750.0,14656.0,14713.0,14726.0,14624.25,14639.0,13011.0,72.72727272727273,-1
125,2022-02-11T08:55:00.000000,2022-02-11T09:05:00.000000,2022-02-11T10:15:00.000000,2022,2022-02-11,SHORT,fib382,2.0,14687.1315,14750.0,14561.394499999999,62.868500000000495,WIN,125.73700000000099,15,128.8814999999995,-37.868500000000495,target,14750.0,14656.0,14713.0,14726.0,14624.25,14639.0,13011.0,72.72727272727273,-1
125,2022-02-11T08:55:00.000000,2022-02-11T09:00:00.000000,2022-02-11T09:15:00.000000,2022,2022-02-11,SHORT,fib50,1.0,14675.125,14750.0,14600.25,74.875,WIN,74.875,4,85.125,-49.875,target,14750.0,14656.0,14713.0,14726.0,14624.25,14639.0,13011.0,72.72727272727273,-1
125,2022-02-11T08:55:00.000000,2022-02-11T09:00:00.000000,2022-02-11T10:15:00.000000,2022,2022-02-11,SHORT,fib50,1.5,14675.125,14750.0,14562.8125,74.875,WIN,112.3125,16,116.875,-49.875,target,14750.0,14656.0,14713.0,14726.0,14624.25,14639.0,13011.0,72.72727272727273,-1
125,2022-02-11T08:55:00.000000,2022-02-11T09:00:00.000000,2022-02-11T10:40:00.000000,2022,2022-02-11,SHORT,fib50,2.0,14675.125,14750.0,14525.375,74.875,WIN,149.75,21,150.125,-49.875,target,14750.0,14656.0,14713.0,14726.0,14624.25,14639.0,13011.0,72.72727272727273,-1
126,2022-02-14T10:15:00.000000,2022-02-14T12:20:00.000000,2022-02-14T12:50:00.000000,2022,2022-02-14,LONG,fib382,1.0,14299.4225,14182.0,14416.845000000001,117.42250000000058,LOSS,-117.42250000000058,7,52.57749999999942,-136.42250000000058,stop,14288.25,14182.0,14271.25,14345.0,14271.25,14338.0,9957.0,90.5084745762712,1
126,2022-02-14T10:15:00.000000,2022-02-14T12:20:00.000000,2022-02-14T12:50:00.000000,2022,2022-02-14,LONG,fib382,1.5,14299.4225,14182.0,14475.556250000001,117.42250000000058,LOSS,-117.42250000000058,7,52.57749999999942,-136.42250000000058,stop,14288.25,14182.0,14271.25,14345.0,14271.25,14338.0,9957.0,90.5084745762712,1
126,2022-02-14T10:15:00.000000,2022-02-14T12:20:00.000000,2022-02-14T12:50:00.000000,2022,2022-02-14,LONG,fib382,2.0,14299.4225,14182.0,14534.267500000002,117.42250000000058,LOSS,-117.42250000000058,7,52.57749999999942,-136.42250000000058,stop,14288.25,14182.0,14271.25,14345.0,14271.25,14338.0,9957.0,90.5084745762712,1
126,2022-02-14T10:15:00.000000,2022-02-14T12:20:00.000000,2022-02-14T12:50:00.000000,2022,2022-02-14,LONG,fib50,1.0,14308.125,14182.0,14434.25,126.125,LOSS,-126.125,7,43.875,-145.125,stop,14288.25,14182.0,14271.25,14345.0,14271.25,14338.0,9957.0,90.5084745762712,1
126,2022-02-14T10:15:00.000000,2022-02-14T12:20:00.000000,2022-02-14T12:50:00.000000,2022,2022-02-14,LONG,fib50,1.5,14308.125,14182.0,14497.3125,126.125,LOSS,-126.125,7,43.875,-145.125,stop,14288.25,14182.0,14271.25,14345.0,14271.25,14338.0,9957.0,90.5084745762712,1
126,2022-02-14T10:15:00.000000,2022-02-14T12:20:00.000000,2022-02-14T12:50:00.000000,2022,2022-02-14,LONG,fib50,2.0,14308.125,14182.0,14560.375,126.125,LOSS,-126.125,7,43.875,-145.125,stop,14288.25,14182.0,14271.25,14345.0,14271.25,14338.0,9957.0,90.5084745762712,1
127,2022-02-14T12:50:00.000000,2022-02-14T13:25:00.000000,2022-02-14T13:25:00.000000,2022,2022-02-14,SHORT,fib382,1.0,14219.7015,14288.25,14151.152999999998,68.54850000000079,WIN,68.54850000000079,1,98.95149999999921,-30.548500000000786,target,14288.25,14182.0,14251.5,14254.75,14163.0,14168.5,11822.0,90.46321525885558,-1
127,2022-02-14T12:50:00.000000,2022-02-14T13:25:00.000000,2022-02-14T14:30:00.000000,2022,2022-02-14,SHORT,fib382,1.5,14219.7015,14288.25,14116.878749999998,68.54850000000079,LOSS,-68.54850000000079,14,98.95149999999921,-74.54850000000079,stop,14288.25,14182.0,14251.5,14254.75,14163.0,14168.5,11822.0,90.46321525885558,-1
127,2022-02-14T12:50:00.000000,2022-02-14T13:25:00.000000,2022-02-14T14:30:00.000000,2022,2022-02-14,SHORT,fib382,2.0,14219.7015,14288.25,14082.604499999998,68.54850000000079,LOSS,-68.54850000000079,14,98.95149999999921,-74.54850000000079,stop,14288.25,14182.0,14251.5,14254.75,14163.0,14168.5,11822.0,90.46321525885558,-1
127,2022-02-14T12:50:00.000000,2022-02-14T13:25:00.000000,2022-02-14T13:25:00.000000,2022,2022-02-14,SHORT,fib50,1.0,14208.875,14288.25,14129.5,79.375,WIN,79.375,1,88.125,-41.375,target,14288.25,14182.0,14251.5,14254.75,14163.0,14168.5,11822.0,90.46321525885558,-1
127,2022-02-14T12:50:00.000000,2022-02-14T13:25:00.000000,2022-02-14T14:30:00.000000,2022,2022-02-14,SHORT,fib50,1.5,14208.875,14288.25,14089.8125,79.375,LOSS,-79.375,14,88.125,-85.375,stop,14288.25,14182.0,14251.5,14254.75,14163.0,14168.5,11822.0,90.46321525885558,-1
127,2022-02-14T12:50:00.000000,2022-02-14T13:25:00.000000,2022-02-14T14:30:00.000000,2022,2022-02-14,SHORT,fib50,2.0,14208.875,14288.25,14050.125,79.375,LOSS,-79.375,14,88.125,-85.375,stop,14288.25,14182.0,14251.5,14254.75,14163.0,14168.5,11822.0,90.46321525885558,-1
128,2022-02-16T13:20:00.000000,2022-02-16T22:00:00.000000,2022-02-16T23:55:00.000000,2022,2022-02-16,LONG,fib382,1.0,14509.796,14430.5,14589.092,79.29600000000028,WIN,10.453999999999724,24,27.703999999999724,-67.79600000000028,time_exit,14517.0,14430.5,14489.75,14558.0,14480.0,14557.0,11370.0,86.21794871794873,1
128,2022-02-16T13:20:00.000000,2022-02-16T22:00:00.000000,2022-02-16T23:55:00.000000,2022,2022-02-16,LONG,fib382,1.5,14509.796,14430.5,14628.740000000002,79.29600000000028,WIN,10.453999999999724,24,27.703999999999724,-67.79600000000028,time_exit,14517.0,14430.5,14489.75,14558.0,14480.0,14557.0,11370.0,86.21794871794873,1
128,2022-02-16T13:20:00.000000,2022-02-16T22:00:00.000000,2022-02-16T23:55:00.000000,2022,2022-02-16,LONG,fib382,2.0,14509.796,14430.5,14668.388,79.29600000000028,WIN,10.453999999999724,24,27.703999999999724,-67.79600000000028,time_exit,14517.0,14430.5,14489.75,14558.0,14480.0,14557.0,11370.0,86.21794871794873,1
128,2022-02-16T13:20:00.000000,2022-02-16T21:55:00.000000,2022-02-16T23:50:00.000000,2022,2022-02-16,LONG,fib50,1.0,14519.0,14430.5,14607.5,88.5,LOSS,-6.25,24,46.75,-77.0,time_exit,14517.0,14430.5,14489.75,14558.0,14480.0,14557.0,11370.0,86.21794871794873,1
128,2022-02-16T13:20:00.000000,2022-02-16T21:55:00.000000,2022-02-16T23:50:00.000000,2022,2022-02-16,LONG,fib50,1.5,14519.0,14430.5,14651.75,88.5,LOSS,-6.25,24,46.75,-77.0,time_exit,14517.0,14430.5,14489.75,14558.0,14480.0,14557.0,11370.0,86.21794871794873,1
128,2022-02-16T13:20:00.000000,2022-02-16T21:55:00.000000,2022-02-16T23:50:00.000000,2022,2022-02-16,LONG,fib50,2.0,14519.0,14430.5,14696.0,88.5,LOSS,-6.25,24,46.75,-77.0,time_exit,14517.0,14430.5,14489.75,14558.0,14480.0,14557.0,11370.0,86.21794871794873,1
130,2022-02-22T14:00:00.000000,2022-02-22T14:20:00.000000,2022-02-22T14:50:00.000000,2022,2022-02-22,LONG,fib382,1.0,13949.9505,13862.0,14037.901000000002,87.95050000000083,LOSS,-87.95050000000083,7,41.54949999999917,-138.45050000000083,stop,13986.75,13862.0,13926.5,13998.0,13920.25,13996.75,10028.0,90.35369774919614,1
130,2022-02-22T14:00:00.000000,2022-02-22T14:20:00.000000,2022-02-22T14:50:00.000000,2022,2022-02-22,LONG,fib382,1.5,13949.9505,13862.0,14081.876250000001,87.95050000000083,LOSS,-87.95050000000083,7,41.54949999999917,-138.45050000000083,stop,13986.75,13862.0,13926.5,13998.0,13920.25,13996.75,10028.0,90.35369774919614,1
130,2022-02-22T14:00:00.000000,2022-02-22T14:20:00.000000,2022-02-22T14:50:00.000000,2022,2022-02-22,LONG,fib382,2.0,13949.9505,13862.0,14125.851500000002,87.95050000000083,LOSS,-87.95050000000083,7,41.54949999999917,-138.45050000000083,stop,13986.75,13862.0,13926.5,13998.0,13920.25,13996.75,10028.0,90.35369774919614,1
130,2022-02-22T14:00:00.000000,2022-02-22T14:15:00.000000,2022-02-22T14:50:00.000000,2022,2022-02-22,LONG,fib50,1.0,13959.125,13862.0,14056.25,97.125,LOSS,-97.125,8,54.625,-147.625,stop,13986.75,13862.0,13926.5,13998.0,13920.25,13996.75,10028.0,90.35369774919614,1
130,2022-02-22T14:00:00.000000,2022-02-22T14:15:00.000000,2022-02-22T14:50:00.000000,2022,2022-02-22,LONG,fib50,1.5,13959.125,13862.0,14104.8125,97.125,LOSS,-97.125,8,54.625,-147.625,stop,13986.75,13862.0,13926.5,13998.0,13920.25,13996.75,10028.0,90.35369774919614,1
130,2022-02-22T14:00:00.000000,2022-02-22T14:15:00.000000,2022-02-22T14:50:00.000000,2022,2022-02-22,LONG,fib50,2.0,13959.125,13862.0,14153.375,97.125,LOSS,-97.125,8,54.625,-147.625,stop,13986.75,13862.0,13926.5,13998.0,13920.25,13996.75,10028.0,90.35369774919614,1
131,2022-02-24T09:05:00.000000,,,2022,2022-02-24,LONG,fib382,1.0,13282.158,13058.0,13506.315999999999,224.15799999999945,NO_ENTRY,0.0,0,0.0,0.0,no_entry_or_no_exit,13305.0,13058.0,13269.75,13340.25,13246.25,13335.0,11952.0,69.41489361702128,1
131,2022-02-24T09:05:00.000000,,,2022,2022-02-24,LONG,fib382,1.5,13282.158,13058.0,13618.394999999999,224.15799999999945,NO_ENTRY,0.0,0,0.0,0.0,no_entry_or_no_exit,13305.0,13058.0,13269.75,13340.25,13246.25,13335.0,11952.0,69.41489361702128,1
131,2022-02-24T09:05:00.000000,,,2022,2022-02-24,LONG,fib382,2.0,13282.158,13058.0,13730.473999999998,224.15799999999945,NO_ENTRY,0.0,0,0.0,0.0,no_entry_or_no_exit,13305.0,13058.0,13269.75,13340.25,13246.25,13335.0,11952.0,69.41489361702128,1
131,2022-02-24T09:05:00.000000,,,2022,2022-02-24,LONG,fib50,1.0,13293.25,13058.0,13528.5,235.25,NO_ENTRY,0.0,0,0.0,0.0,no_entry_or_no_exit,13305.0,13058.0,13269.75,13340.25,13246.25,13335.0,11952.0,69.41489361702128,1
131,2022-02-24T09:05:00.000000,,,2022,2022-02-24,LONG,fib50,1.5,13293.25,13058.0,13646.125,235.25,NO_ENTRY,0.0,0,0.0,0.0,no_entry_or_no_exit,13305.0,13058.0,13269.75,13340.25,13246.25,13335.0,11952.0,69.41489361702128,1
131,2022-02-24T09:05:00.000000,,,2022,2022-02-24,LONG,fib50,2.0,13293.25,13058.0,13763.75,235.25,NO_ENTRY,0.0,0,0.0,0.0,no_entry_or_no_exit,13305.0,13058.0,13269.75,13340.25,13246.25,13335.0,11952.0,69.41489361702128,1
132,2022-02-24T09:45:00.000000,2022-02-24T09:50:00.000000,2022-02-24T11:45:00.000000,2022,2022-02-24,LONG,fib382,1.0,13394.439,13058.0,13730.878,336.4390000000003,WIN,75.3109999999997,24,168.3109999999997,-6.189000000000306,time_exit,13305.0,13058.0,13364.0,13449.75,13360.25,13431.75,10276.0,75.69832402234637,1
132,2022-02-24T09:45:00.000000,2022-02-24T09:50:00.000000,2022-02-24T11:45:00.000000,2022,2022-02-24,LONG,fib382,1.5,13394.439,13058.0,13899.0975,336.4390000000003,WIN,75.3109999999997,24,168.3109999999997,-6.189000000000306,time_exit,13305.0,13058.0,13364.0,13449.75,13360.25,13431.75,10276.0,75.69832402234637,1
132,2022-02-24T09:45:00.000000,2022-02-24T09:50:00.000000,2022-02-24T11:45:00.000000,2022,2022-02-24,LONG,fib382,2.0,13394.439,13058.0,14067.317000000001,336.4390000000003,WIN,75.3109999999997,24,168.3109999999997,-6.189000000000306,time_exit,13305.0,13058.0,13364.0,13449.75,13360.25,13431.75,10276.0,75.69832402234637,1
132,2022-02-24T09:45:00.000000,2022-02-24T09:50:00.000000,2022-02-24T11:45:00.000000,2022,2022-02-24,LONG,fib50,1.0,13405.0,13058.0,13752.0,347.0,WIN,64.75,24,157.75,-16.75,time_exit,13305.0,13058.0,13364.0,13449.75,13360.25,13431.75,10276.0,75.69832402234637,1
132,2022-02-24T09:45:00.000000,2022-02-24T09:50:00.000000,2022-02-24T11:45:00.000000,2022,2022-02-24,LONG,fib50,1.5,13405.0,13058.0,13925.5,347.0,WIN,64.75,24,157.75,-16.75,time_exit,13305.0,13058.0,13364.0,13449.75,13360.25,13431.75,10276.0,75.69832402234637,1
132,2022-02-24T09:45:00.000000,2022-02-24T09:50:00.000000,2022-02-24T11:45:00.000000,2022,2022-02-24,LONG,fib50,2.0,13405.0,13058.0,14099.0,347.0,WIN,64.75,24,157.75,-16.75,time_exit,13305.0,13058.0,13364.0,13449.75,13360.25,13431.75,10276.0,75.69832402234637,1
133,2022-02-24T12:35:00.000000,,,2022,2022-02-24,LONG,fib382,1.0,13541.498,13058.0,14024.996,483.4979999999996,NO_ENTRY,0.0,0,0.0,0.0,no_entry_or_no_exit,13305.0,13058.0,13519.0,13596.5,13507.5,13592.75,7170.0,82.86516853932584,1
133,2022-02-24T12:35:00.000000,,,2022,2022-02-24,LONG,fib382,1.5,13541.498,13058.0,14266.744999999999,483.4979999999996,NO_ENTRY,0.0,0,0.0,0.0,no_entry_or_no_exit,13305.0,13058.0,13519.0,13596.5,13507.5,13592.75,7170.0,82.86516853932584,1
133,2022-02-24T12:35:00.000000,,,2022,2022-02-24,LONG,fib382,2.0,13541.498,13058.0,14508.493999999999,483.4979999999996,NO_ENTRY,0.0,0,0.0,0.0,no_entry_or_no_exit,13305.0,13058.0,13519.0,13596.5,13507.5,13592.75,7170.0,82.86516853932584,1
133,2022-02-24T12:35:00.000000,2022-02-24T12:45:00.000000,2022-02-24T14:40:00.000000,2022,2022-02-24,LONG,fib50,1.0,13552.0,13058.0,14046.0,494.0,WIN,350.5,24,389.5,-6.75,time_exit,13305.0,13058.0,13519.0,13596.5,13507.5,13592.75,7170.0,82.86516853932584,1
133,2022-02-24T12:35:00.000000,2022-02-24T12:45:00.000000,2022-02-24T14:40:00.000000,2022,2022-02-24,LONG,fib50,1.5,13552.0,13058.0,14293.0,494.0,WIN,350.5,24,389.5,-6.75,time_exit,13305.0,13058.0,13519.0,13596.5,13507.5,13592.75,7170.0,82.86516853932584,1
133,2022-02-24T12:35:00.000000,2022-02-24T12:45:00.000000,2022-02-24T14:40:00.000000,2022,2022-02-24,LONG,fib50,2.0,13552.0,13058.0,14540.0,494.0,WIN,350.5,24,389.5,-6.75,time_exit,13305.0,13058.0,13519.0,13596.5,13507.5,13592.75,7170.0,82.86516853932584,1
134,2022-02-24T12:45:00.000000,2022-02-24T12:55:00.000000,2022-02-24T14:50:00.000000,2022,2022-02-24,LONG,fib382,1.0,13598.157,13058.0,14138.313999999998,540.1569999999992,WIN,373.59300000000076,24,385.09300000000076,-39.65699999999924,time_exit,13305.0,13058.0,13567.5,13683.75,13545.25,13679.0,12383.0,80.50541516245488,1
134,2022-02-24T12:45:00.000000,2022-02-24T12:55:00.000000,2022-02-24T14:50:00.000000,2022,2022-02-24,LONG,fib382,1.5,13598.157,13058.0,14408.392499999998,540.1569999999992,WIN,373.59300000000076,24,385.09300000000076,-39.65699999999924,time_exit,13305.0,13058.0,13567.5,13683.75,13545.25,13679.0,12383.0,80.50541516245488,1
134,2022-02-24T12:45:00.000000,2022-02-24T12:55:00.000000,2022-02-24T14:50:00.000000,2022,2022-02-24,LONG,fib382,2.0,13598.157,13058.0,14678.470999999998,540.1569999999992,WIN,373.59300000000076,24,385.09300000000076,-39.65699999999924,time_exit,13305.0,13058.0,13567.5,13683.75,13545.25,13679.0,12383.0,80.50541516245488,1
134,2022-02-24T12:45:00.000000,2022-02-24T12:55:00.000000,2022-02-24T14:50:00.000000,2022,2022-02-24,LONG,fib50,1.0,13614.5,13058.0,14171.0,556.5,WIN,357.25,24,368.75,-56.0,time_exit,13305.0,13058.0,13567.5,13683.75,13545.25,13679.0,12383.0,80.50541516245488,1
134,2022-02-24T12:45:00.000000,2022-02-24T12:55:00.000000,2022-02-24T14:50:00.000000,2022,2022-02-24,LONG,fib50,1.5,13614.5,13058.0,14449.25,556.5,WIN,357.25,24,368.75,-56.0,time_exit,13305.0,13058.0,13567.5,13683.75,13545.25,13679.0,12383.0,80.50541516245488,1
134,2022-02-24T12:45:00.000000,2022-02-24T12:55:00.000000,2022-02-24T14:50:00.000000,2022,2022-02-24,LONG,fib50,2.0,13614.5,13058.0,14727.5,556.5,WIN,357.25,24,368.75,-56.0,time_exit,13305.0,13058.0,13567.5,13683.75,13545.25,13679.0,12383.0,80.50541516245488,1
135,2022-02-24T13:30:00.000000,,,2022,2022-02-24,LONG,fib382,1.0,13697.675,13058.0,14337.349999999999,639.6749999999993,NO_ENTRY,0.0,0,0.0,0.0,no_entry_or_no_exit,13305.0,13058.0,13665.5,13751.75,13664.25,13747.25,11240.0,93.42857142857143,1
135,2022-02-24T13:30:00.000000,,,2022,2022-02-24,LONG,fib382,1.5,13697.675,13058.0,14657.187499999998,639.6749999999993,NO_ENTRY,0.0,0,0.0,0.0,no_entry_or_no_exit,13305.0,13058.0,13665.5,13751.75,13664.25,13747.25,11240.0,93.42857142857143,1
135,2022-02-24T13:30:00.000000,,,2022,2022-02-24,LONG,fib382,2.0,13697.675,13058.0,14977.024999999998,639.6749999999993,NO_ENTRY,0.0,0,0.0,0.0,no_entry_or_no_exit,13305.0,13058.0,13665.5,13751.75,13664.25,13747.25,11240.0,93.42857142857143,1
135,2022-02-24T13:30:00.000000,,,2022,2022-02-24,LONG,fib50,1.0,13708.0,13058.0,14358.0,650.0,NO_ENTRY,0.0,0,0.0,0.0,no_entry_or_no_exit,13305.0,13058.0,13665.5,13751.75,13664.25,13747.25,11240.0,93.42857142857143,1
135,2022-02-24T13:30:00.000000,,,2022,2022-02-24,LONG,fib50,1.5,13708.0,13058.0,14683.0,650.0,NO_ENTRY,0.0,0,0.0,0.0,no_entry_or_no_exit,13305.0,13058.0,13665.5,13751.75,13664.25,13747.25,11240.0,93.42857142857143,1
135,2022-02-24T13:30:00.000000,,,2022,2022-02-24,LONG,fib50,2.0,13708.0,13058.0,15008.0,650.0,NO_ENTRY,0.0,0,0.0,0.0,no_entry_or_no_exit,13305.0,13058.0,13665.5,13751.75,13664.25,13747.25,11240.0,93.42857142857143,1
136,2022-02-24T14:30:00.000000,2022-02-24T17:25:00.000000,2022-02-24T19:20:00.000000,2022,2022-02-24,LONG,fib382,1.0,13853.5255,13058.0,14649.051,795.5254999999997,WIN,28.474500000000262,24,87.72450000000026,-17.275499999999738,time_exit,13305.0,13058.0,13813.0,13924.75,13809.5,13922.25,8439.0,94.79392624728851,1
136,2022-02-24T14:30:00.000000,2022-02-24T17:25:00.000000,2022-02-24T19:20:00.000000,2022,2022-02-24,LONG,fib382,1.5,13853.5255,13058.0,15046.81375,795.5254999999997,WIN,28.474500000000262,24,87.72450000000026,-17.275499999999738,time_exit,13305.0,13058.0,13813.0,13924.75,13809.5,13922.25,8439.0,94.79392624728851,1
136,2022-02-24T14:30:00.000000,2022-02-24T17:25:00.000000,2022-02-24T19:20:00.000000,2022,2022-02-24,LONG,fib382,2.0,13853.5255,13058.0,15444.5765,795.5254999999997,WIN,28.474500000000262,24,87.72450000000026,-17.275499999999738,time_exit,13305.0,13058.0,13813.0,13924.75,13809.5,13922.25,8439.0,94.79392624728851,1
136,2022-02-24T14:30:00.000000,2022-02-24T17:15:00.000000,2022-02-24T19:10:00.000000,2022,2022-02-24,LONG,fib50,1.0,13867.125,13058.0,14676.25,809.125,WIN,21.125,24,74.125,-30.875,time_exit,13305.0,13058.0,13813.0,13924.75,13809.5,13922.25,8439.0,94.79392624728851,1
136,2022-02-24T14:30:00.000000,2022-02-24T17:15:00.000000,2022-02-24T19:10:00.000000,2022,2022-02-24,LONG,fib50,1.5,13867.125,13058.0,15080.8125,809.125,WIN,21.125,24,74.125,-30.875,time_exit,13305.0,13058.0,13813.0,13924.75,13809.5,13922.25,8439.0,94.79392624728851,1
136,2022-02-24T14:30:00.000000,2022-02-24T17:15:00.000000,2022-02-24T19:10:00.000000,2022,2022-02-24,LONG,fib50,2.0,13867.125,13058.0,15485.375,809.125,WIN,21.125,24,74.125,-30.875,time_exit,13305.0,13058.0,13813.0,13924.75,13809.5,13922.25,8439.0,94.79392624728851,1
137,2022-02-24T14:50:00.000000,2022-02-24T15:05:00.000000,2022-02-24T18:00:00.000000,2022,2022-02-24,LONG,fib382,1.0,13931.647,13058.0,14805.294000000002,873.6470000000008,LOSS,-39.147000000000844,24,28.352999999999156,-95.39700000000084,time_exit,13305.0,13058.0,13902.0,13983.25,13899.75,13971.75,18150.0,83.53293413173652,1
137,2022-02-24T14:50:00.000000,2022-02-24T15:05:00.000000,2022-02-24T18:00:00.000000,2022,2022-02-24,LONG,fib382,1.5,13931.647,13058.0,15242.117500000002,873.6470000000008,LOSS,-39.147000000000844,24,28.352999999999156,-95.39700000000084,time_exit,13305.0,13058.0,13902.0,13983.25,13899.75,13971.75,18150.0,83.53293413173652,1
137,2022-02-24T14:50:00.000000,2022-02-24T15:05:00.000000,2022-02-24T18:00:00.000000,2022,2022-02-24,LONG,fib382,2.0,13931.647,13058.0,15678.941000000003,873.6470000000008,LOSS,-39.147000000000844,24,28.352999999999156,-95.39700000000084,time_exit,13305.0,13058.0,13902.0,13983.25,13899.75,13971.75,18150.0,83.53293413173652,1
137,2022-02-24T14:50:00.000000,2022-02-24T14:55:00.000000,2022-02-24T17:50:00.000000,2022,2022-02-24,LONG,fib50,1.0,13941.5,13058.0,14825.0,883.5,LOSS,-74.75,24,37.5,-105.25,time_exit,13305.0,13058.0,13902.0,13983.25,13899.75,13971.75,18150.0,83.53293413173652,1
137,2022-02-24T14:50:00.000000,2022-02-24T14:55:00.000000,2022-02-24T17:50:00.000000,2022,2022-02-24,LONG,fib50,1.5,13941.5,13058.0,15266.75,883.5,LOSS,-74.75,24,37.5,-105.25,time_exit,13305.0,13058.0,13902.0,13983.25,13899.75,13971.75,18150.0,83.53293413173652,1
137,2022-02-24T14:50:00.000000,2022-02-24T14:55:00.000000,2022-02-24T17:50:00.000000,2022,2022-02-24,LONG,fib50,2.0,13941.5,13058.0,15708.5,883.5,LOSS,-74.75,24,37.5,-105.25,time_exit,13305.0,13058.0,13902.0,13983.25,13899.75,13971.75,18150.0,83.53293413173652,1
138,2022-02-25T09:40:00.000000,,,2022,2022-02-25,LONG,fib382,1.0,13991.532,13872.0,14111.063999999998,119.53199999999924,NO_ENTRY,0.0,0,0.0,0.0,no_entry_or_no_exit,14013.5,13872.0,13962.5,14038.5,13962.5,14038.25,8261.0,99.67105263157895,1
138,2022-02-25T09:40:00.000000,,,2022,2022-02-25,LONG,fib382,1.5,13991.532,13872.0,14170.829999999998,119.53199999999924,NO_ENTRY,0.0,0,0.0,0.0,no_entry_or_no_exit,14013.5,13872.0,13962.5,14038.5,13962.5,14038.25,8261.0,99.67105263157895,1
138,2022-02-25T09:40:00.000000,,,2022,2022-02-25,LONG,fib382,2.0,13991.532,13872.0,14230.595999999998,119.53199999999924,NO_ENTRY,0.0,0,0.0,0.0,no_entry_or_no_exit,14013.5,13872.0,13962.5,14038.5,13962.5,14038.25,8261.0,99.67105263157895,1
138,2022-02-25T09:40:00.000000,,,2022,2022-02-25,LONG,fib50,1.0,14000.5,13872.0,14129.0,128.5,NO_ENTRY,0.0,0,0.0,0.0,no_entry_or_no_exit,14013.5,13872.0,13962.5,14038.5,13962.5,14038.25,8261.0,99.67105263157895,1
138,2022-02-25T09:40:00.000000,,,2022,2022-02-25,LONG,fib50,1.5,14000.5,13872.0,14193.25,128.5,NO_ENTRY,0.0,0,0.0,0.0,no_entry_or_no_exit,14013.5,13872.0,13962.5,14038.5,13962.5,14038.25,8261.0,99.67105263157895,1
138,2022-02-25T09:40:00.000000,,,2022,2022-02-25,LONG,fib50,2.0,14000.5,13872.0,14257.5,128.5,NO_ENTRY,0.0,0,0.0,0.0,no_entry_or_no_exit,14013.5,13872.0,13962.5,14038.5,13962.5,14038.25,8261.0,99.67105263157895,1
139,2022-03-02T09:05:00.000000,2022-03-02T09:25:00.000000,2022-03-02T09:25:00.000000,2022,2022-03-02,SHORT,fib382,1.0,14053.2755,14114.5,13992.051,61.22450000000026,WIN,61.22450000000026,1,102.27549999999974,-55.22450000000026,target,14114.5,14011.0,14097.25,14104.75,13970.0,13990.5,12720.0,79.22077922077922,-1
139,2022-03-02T09:05:00.000000,2022-03-02T09:25:00.000000,2022-03-02T09:25:00.000000,2022,2022-03-02,SHORT,fib382,1.5,14053.2755,14114.5,13961.43875,61.22450000000026,WIN,91.8367500000004,1,102.27549999999974,-55.22450000000026,target,14114.5,14011.0,14097.25,14104.75,13970.0,13990.5,12720.0,79.22077922077922,-1
139,2022-03-02T09:05:00.000000,2022-03-02T09:25:00.000000,2022-03-02T09:30:00.000000,2022,2022-03-02,SHORT,fib382,2.0,14053.2755,14114.5,13930.8265,61.22450000000026,LOSS,-61.22450000000026,2,102.27549999999974,-71.72450000000026,stop,14114.5,14011.0,14097.25,14104.75,13970.0,13990.5,12720.0,79.22077922077922,-1
139,2022-03-02T09:05:00.000000,2022-03-02T09:25:00.000000,2022-03-02T09:25:00.000000,2022,2022-03-02,SHORT,fib50,1.0,14037.375,14114.5,13960.25,77.125,WIN,77.125,1,86.375,-71.125,target,14114.5,14011.0,14097.25,14104.75,13970.0,13990.5,12720.0,79.22077922077922,-1
139,2022-03-02T09:05:00.000000,2022-03-02T09:25:00.000000,2022-03-02T09:30:00.000000,2022,2022-03-02,SHORT,fib50,1.5,14037.375,14114.5,13921.6875,77.125,LOSS,-77.125,2,86.375,-87.625,stop,14114.5,14011.0,14097.25,14104.75,13970.0,13990.5,12720.0,79.22077922077922,-1
139,2022-03-02T09:05:00.000000,2022-03-02T09:25:00.000000,2022-03-02T09:30:00.000000,2022,2022-03-02,SHORT,fib50,2.0,14037.375,14114.5,13883.125,77.125,LOSS,-77.125,2,86.375,-87.625,stop,14114.5,14011.0,14097.25,14104.75,13970.0,13990.5,12720.0,79.22077922077922,-1
140,2022-03-02T10:00:00.000000,,,2022,2022-03-02,LONG,fib382,1.0,14060.2135,14011.0,14109.427,49.21349999999984,NO_ENTRY,0.0,0,0.0,0.0,no_entry_or_no_exit,14114.5,14011.0,14048.0,14137.0,14012.75,14127.75,12232.0,64.1851106639839,1
140,2022-03-02T10:00:00.000000,,,2022,2022-03-02,LONG,fib382,1.5,14060.2135,14011.0,14134.033749999999,49.21349999999984,NO_ENTRY,0.0,0,0.0,0.0,no_entry_or_no_exit,14114.5,14011.0,14048.0,14137.0,14012.75,14127.75,12232.0,64.1851106639839,1
140,2022-03-02T10:00:00.000000,,,2022,2022-03-02,LONG,fib382,2.0,14060.2135,14011.0,14158.6405,49.21349999999984,NO_ENTRY,0.0,0,0.0,0.0,no_entry_or_no_exit,14114.5,14011.0,14048.0,14137.0,14012.75,14127.75,12232.0,64.1851106639839,1
140,2022-03-02T10:00:00.000000,,,2022,2022-03-02,LONG,fib50,1.0,14074.875,14011.0,14138.75,63.875,NO_ENTRY,0.0,0,0.0,0.0,no_entry_or_no_exit,14114.5,14011.0,14048.0,14137.0,14012.75,14127.75,12232.0,64.1851106639839,1
140,2022-03-02T10:00:00.000000,,,2022,2022-03-02,LONG,fib50,1.5,14074.875,14011.0,14170.6875,63.875,NO_ENTRY,0.0,0,0.0,0.0,no_entry_or_no_exit,14114.5,14011.0,14048.0,14137.0,14012.75,14127.75,12232.0,64.1851106639839,1
140,2022-03-02T10:00:00.000000,,,2022,2022-03-02,LONG,fib50,2.0,14074.875,14011.0,14202.625,63.875,NO_ENTRY,0.0,0,0.0,0.0,no_entry_or_no_exit,14114.5,14011.0,14048.0,14137.0,14012.75,14127.75,12232.0,64.1851106639839,1
141,2022-03-04T12:40:00.000000,,,2022,2022-03-04,SHORT,fib382,1.0,13885.392,13995.5,13775.284,110.10800000000017,NO_ENTRY,0.0,0,0.0,0.0,no_entry_or_no_exit,13995.5,13889.5,13911.75,13911.75,13842.75,13843.75,5958.0,98.55072463768117,-1
141,2022-03-04T12:40:00.000000,,,2022,2022-03-04,SHORT,fib382,1.5,13885.392,13995.5,13720.23,110.10800000000017,NO_ENTRY,0.0,0,0.0,0.0,no_entry_or_no_exit,13995.5,13889.5,13911.75,13911.75,13842.75,13843.75,5958.0,98.55072463768117,-1
141,2022-03-04T12:40:00.000000,,,2022,2022-03-04,SHORT,fib382,2.0,13885.392,13995.5,13665.176,110.10800000000017,NO_ENTRY,0.0,0,0.0,0.0,no_entry_or_no_exit,13995.5,13889.5,13911.75,13911.75,13842.75,13843.75,5958.0,98.55072463768117,-1
141,2022-03-04T12:40:00.000000,,,2022,2022-03-04,SHORT,fib50,1.0,13877.25,13995.5,13759.0,118.25,NO_ENTRY,0.0,0,0.0,0.0,no_entry_or_no_exit,13995.5,13889.5,13911.75,13911.75,13842.75,13843.75,5958.0,98.55072463768117,-1
141,2022-03-04T12:40:00.000000,,,2022,2022-03-04,SHORT,fib50,1.5,13877.25,13995.5,13699.875,118.25,NO_ENTRY,0.0,0,0.0,0.0,no_entry_or_no_exit,13995.5,13889.5,13911.75,13911.75,13842.75,13843.75,5958.0,98.55072463768117,-1
141,2022-03-04T12:40:00.000000,,,2022,2022-03-04,SHORT,fib50,2.0,13877.25,13995.5,13640.75,118.25,NO_ENTRY,0.0,0,0.0,0.0,no_entry_or_no_exit,13995.5,13889.5,13911.75,13911.75,13842.75,13843.75,5958.0,98.55072463768117,-1
142,2022-03-07T08:55:00.000000,,,2022,2022-03-07,SHORT,fib382,1.0,13730.8195,13879.75,13581.889,148.9305000000004,NO_ENTRY,0.0,0,0.0,0.0,no_entry_or_no_exit,13879.75,13744.0,13743.5,13766.25,13673.5,13674.0,11413.0,74.93261455525607,-1
142,2022-03-07T08:55:00.000000,,,2022,2022-03-07,SHORT,fib382,1.5,13730.8195,13879.75,13507.423749999998,148.9305000000004,NO_ENTRY,0.0,0,0.0,0.0,no_entry_or_no_exit,13879.75,13744.0,13743.5,13766.25,13673.5,13674.0,11413.0,74.93261455525607,-1
142,2022-03-07T08:55:00.000000,,,2022,2022-03-07,SHORT,fib382,2.0,13730.8195,13879.75,13432.958499999999,148.9305000000004,NO_ENTRY,0.0,0,0.0,0.0,no_entry_or_no_exit,13879.75,13744.0,13743.5,13766.25,13673.5,13674.0,11413.0,74.93261455525607,-1
142,2022-03-07T08:55:00.000000,,,2022,2022-03-07,SHORT,fib50,1.0,13719.875,13879.75,13560.0,159.875,NO_ENTRY,0.0,0,0.0,0.0,no_entry_or_no_exit,13879.75,13744.0,13743.5,13766.25,13673.5,13674.0,11413.0,74.93261455525607,-1
142,2022-03-07T08:55:00.000000,,,2022,2022-03-07,SHORT,fib50,1.5,13719.875,13879.75,13480.0625,159.875,NO_ENTRY,0.0,0,0.0,0.0,no_entry_or_no_exit,13879.75,13744.0,13743.5,13766.25,13673.5,13674.0,11413.0,74.93261455525607,-1
142,2022-03-07T08:55:00.000000,,,2022,2022-03-07,SHORT,fib50,2.0,13719.875,13879.75,13400.125,159.875,NO_ENTRY,0.0,0,0.0,0.0,no_entry_or_no_exit,13879.75,13744.0,13743.5,13766.25,13673.5,13674.0,11413.0,74.93261455525607,-1
143,2022-03-08T09:00:00.000000,2022-03-08T09:15:00.000000,2022-03-08T11:10:00.000000,2022,2022-03-08,SHORT,fib382,1.0,13222.763,13373.75,13071.776000000002,150.98699999999917,LOSS,-150.98699999999917,24,104.51300000000083,-236.23699999999917,stop,13373.75,13221.75,13252.75,13252.75,13174.25,13183.25,10201.0,88.53503184713377,-1
143,2022-03-08T09:00:00.000000,2022-03-08T09:15:00.000000,2022-03-08T11:10:00.000000,2022,2022-03-08,SHORT,fib382,1.5,13222.763,13373.75,12996.282500000001,150.98699999999917,LOSS,-150.98699999999917,24,104.51300000000083,-236.23699999999917,stop,13373.75,13221.75,13252.75,13252.75,13174.25,13183.25,10201.0,88.53503184713377,-1
143,2022-03-08T09:00:00.000000,2022-03-08T09:15:00.000000,2022-03-08T11:10:00.000000,2022,2022-03-08,SHORT,fib382,2.0,13222.763,13373.75,12920.789000000002,150.98699999999917,LOSS,-150.98699999999917,24,104.51300000000083,-236.23699999999917,stop,13373.75,13221.75,13252.75,13252.75,13174.25,13183.25,10201.0,88.53503184713377,-1
143,2022-03-08T09:00:00.000000,2022-03-08T09:15:00.000000,2022-03-08T11:10:00.000000,2022,2022-03-08,SHORT,fib50,1.0,13213.5,13373.75,13053.25,160.25,LOSS,-160.25,24,95.25,-245.5,stop,13373.75,13221.75,13252.75,13252.75,13174.25,13183.25,10201.0,88.53503184713377,-1
143,2022-03-08T09:00:00.000000,2022-03-08T09:15:00.000000,2022-03-08T11:10:00.000000,2022,2022-03-08,SHORT,fib50,1.5,13213.5,13373.75,12973.125,160.25,LOSS,-160.25,24,95.25,-245.5,stop,13373.75,13221.75,13252.75,13252.75,13174.25,13183.25,10201.0,88.53503184713377,-1
143,2022-03-08T09:00:00.000000,2022-03-08T09:15:00.000000,2022-03-08T11:10:00.000000,2022,2022-03-08,SHORT,fib50,2.0,13213.5,13373.75,12893.0,160.25,LOSS,-160.25,24,95.25,-245.5,stop,13373.75,13221.75,13252.75,13252.75,13174.25,13183.25,10201.0,88.53503184713377,-1
144,2022-03-08T11:10:00.000000,2022-03-08T12:50:00.000000,2022-03-08T14:45:00.000000,2022,2022-03-08,LONG,fib382,1.0,13389.784,13221.75,13557.818,168.03399999999965,LOSS,-104.78399999999965,24,121.21600000000035,-113.28399999999965,time_exit,13373.75,13221.75,13349.25,13459.0,13347.0,13458.25,11469.0,97.32142857142857,1
144,2022-03-08T11:10:00.000000,2022-03-08T12:50:00.000000,2022-03-08T14:45:00.000000,2022,2022-03-08,LONG,fib382,1.5,13389.784,13221.75,13641.835,168.03399999999965,LOSS,-104.78399999999965,24,121.21600000000035,-113.28399999999965,time_exit,13373.75,13221.75,13349.25,13459.0,13347.0,13458.25,11469.0,97.32142857142857,1
144,2022-03-08T11:10:00.000000,2022-03-08T12:50:00.000000,2022-03-08T14:45:00.000000,2022,2022-03-08,LONG,fib382,2.0,13389.784,13221.75,13725.851999999999,168.03399999999965,LOSS,-104.78399999999965,24,121.21600000000035,-113.28399999999965,time_exit,13373.75,13221.75,13349.25,13459.0,13347.0,13458.25,11469.0,97.32142857142857,1
144,2022-03-08T11:10:00.000000,2022-03-08T12:50:00.000000,2022-03-08T14:45:00.000000,2022,2022-03-08,LONG,fib50,1.0,13403.0,13221.75,13584.25,181.25,LOSS,-118.0,24,108.0,-126.5,time_exit,13373.75,13221.75,13349.25,13459.0,13347.0,13458.25,11469.0,97.32142857142857,1
144,2022-03-08T11:10:00.000000,2022-03-08T12:50:00.000000,2022-03-08T14:45:00.000000,2022,2022-03-08,LONG,fib50,1.5,13403.0,13221.75,13674.875,181.25,LOSS,-118.0,24,108.0,-126.5,time_exit,13373.75,13221.75,13349.25,13459.0,13347.0,13458.25,11469.0,97.32142857142857,1
144,2022-03-08T11:10:00.000000,2022-03-08T12:50:00.000000,2022-03-08T14:45:00.000000,2022,2022-03-08,LONG,fib50,2.0,13403.0,13221.75,13765.5,181.25,LOSS,-118.0,24,108.0,-126.5,time_exit,13373.75,13221.75,13349.25,13459.0,13347.0,13458.25,11469.0,97.32142857142857,1
145,2022-03-08T11:15:00.000000,2022-03-08T11:20:00.000000,2022-03-08T13:15:00.000000,2022,2022-03-08,LONG,fib382,1.0,13479.402,13221.75,13737.054,257.65200000000004,LOSS,-118.90200000000004,24,186.59799999999996,-188.40200000000004,time_exit,13373.75,13221.75,13458.0,13548.0,13437.0,13535.75,13748.0,70.04504504504504,1
145,2022-03-08T11:15:00.000000,2022-03-08T11:20:00.000000,2022-03-08T13:15:00.000000,2022,2022-03-08,LONG,fib382,1.5,13479.402,13221.75,13865.880000000001,257.65200000000004,LOSS,-118.90200000000004,24,186.59799999999996,-188.40200000000004,time_exit,13373.75,13221.75,13458.0,13548.0,13437.0,13535.75,13748.0,70.04504504504504,1
145,2022-03-08T11:15:00.000000,2022-03-08T11:20:00.000000,2022-03-08T13:15:00.000000,2022,2022-03-08,LONG,fib382,2.0,13479.402,13221.75,13994.706,257.65200000000004,LOSS,-118.90200000000004,24,186.59799999999996,-188.40200000000004,time_exit,13373.75,13221.75,13458.0,13548.0,13437.0,13535.75,13748.0,70.04504504504504,1
145,2022-03-08T11:15:00.000000,2022-03-08T11:20:00.000000,2022-03-08T13:15:00.000000,2022,2022-03-08,LONG,fib50,1.0,13492.5,13221.75,13763.25,270.75,LOSS,-132.0,24,173.5,-201.5,time_exit,13373.75,13221.75,13458.0,13548.0,13437.0,13535.75,13748.0,70.04504504504504,1
145,2022-03-08T11:15:00.000000,2022-03-08T11:20:00.000000,2022-03-08T13:15:00.000000,2022,2022-03-08,LONG,fib50,1.5,13492.5,13221.75,13898.625,270.75,LOSS,-132.0,24,173.5,-201.5,time_exit,13373.75,13221.75,13458.0,13548.0,13437.0,13535.75,13748.0,70.04504504504504,1
145,2022-03-08T11:15:00.000000,2022-03-08T11:20:00.000000,2022-03-08T13:15:00.000000,2022,2022-03-08,LONG,fib50,2.0,13492.5,13221.75,14034.0,270.75,LOSS,-132.0,24,173.5,-201.5,time_exit,13373.75,13221.75,13458.0,13548.0,13437.0,13535.75,13748.0,70.04504504504504,1
146,2022-03-08T14:00:00.000000,2022-03-08T14:10:00.000000,2022-03-08T15:00:00.000000,2022,2022-03-08,LONG,fib382,1.0,13449.509,13221.75,13677.268,227.75900000000001,LOSS,-227.75900000000001,11,39.740999999999985,-242.75900000000001,stop,13373.75,13221.75,13421.5,13511.0,13411.5,13500.5,5917.0,79.39698492462311,1
146,2022-03-08T14:00:00.000000,2022-03-08T14:10:00.000000,2022-03-08T15:00:00.000000,2022,2022-03-08,LONG,fib382,1.5,13449.509,13221.75,13791.1475,227.75900000000001,LOSS,-227.75900000000001,11,39.740999999999985,-242.75900000000001,stop,13373.75,13221.75,13421.5,13511.0,13411.5,13500.5,5917.0,79.39698492462311,1
146,2022-03-08T14:00:00.000000,2022-03-08T14:10:00.000000,2022-03-08T15:00:00.000000,2022,2022-03-08,LONG,fib382,2.0,13449.509,13221.75,13905.027,227.75900000000001,LOSS,-227.75900000000001,11,39.740999999999985,-242.75900000000001,stop,13373.75,13221.75,13421.5,13511.0,13411.5,13500.5,5917.0,79.39698492462311,1
146,2022-03-08T14:00:00.000000,2022-03-08T14:10:00.000000,2022-03-08T15:00:00.000000,2022,2022-03-08,LONG,fib50,1.0,13461.25,13221.75,13700.75,239.5,LOSS,-239.5,11,28.0,-254.5,stop,13373.75,13221.75,13421.5,13511.0,13411.5,13500.5,5917.0,79.39698492462311,1
146,2022-03-08T14:00:00.000000,2022-03-08T14:10:00.000000,2022-03-08T15:00:00.000000,2022,2022-03-08,LONG,fib50,1.5,13461.25,13221.75,13820.5,239.5,LOSS,-239.5,11,28.0,-254.5,stop,13373.75,13221.75,13421.5,13511.0,13411.5,13500.5,5917.0,79.39698492462311,1
146,2022-03-08T14:00:00.000000,2022-03-08T14:10:00.000000,2022-03-08T15:00:00.000000,2022,2022-03-08,LONG,fib50,2.0,13461.25,13221.75,13940.25,239.5,LOSS,-239.5,11,28.0,-254.5,stop,13373.75,13221.75,13421.5,13511.0,13411.5,13500.5,5917.0,79.39698492462311,1
148,2022-03-10T13:00:00.000000,2022-03-10T19:00:00.000000,2022-03-10T20:50:00.000000,2022,2022-03-10,LONG,fib382,1.0,13549.619,13486.25,13612.988000000001,63.3690000000006,LOSS,-63.3690000000006,23,12.380999999999403,-68.3690000000006,stop,13579.0,13486.25,13527.5,13598.75,13519.25,13597.75,6662.0,88.36477987421384,1
148,2022-03-10T13:00:00.000000,2022-03-10T19:00:00.000000,2022-03-10T20:50:00.000000,2022,2022-03-10,LONG,fib382,1.5,13549.619,13486.25,13644.6725,63.3690000000006,LOSS,-63.3690000000006,23,12.380999999999403,-68.3690000000006,stop,13579.0,13486.25,13527.5,13598.75,13519.25,13597.75,6662.0,88.36477987421384,1
148,2022-03-10T13:00:00.000000,2022-03-10T19:00:00.000000,2022-03-10T20:50:00.000000,2022,2022-03-10,LONG,fib382,2.0,13549.619,13486.25,13676.357000000002,63.3690000000006,LOSS,-63.3690000000006,23,12.380999999999403,-68.3690000000006,stop,13579.0,13486.25,13527.5,13598.75,13519.25,13597.75,6662.0,88.36477987421384,1
148,2022-03-10T13:00:00.000000,2022-03-10T13:10:00.000000,2022-03-10T13:50:00.000000,2022,2022-03-10,LONG,fib50,1.0,13559.0,13486.25,13631.75,72.75,WIN,72.75,9,77.0,-8.5,target,13579.0,13486.25,13527.5,13598.75,13519.25,13597.75,6662.0,88.36477987421384,1
148,2022-03-10T13:00:00.000000,2022-03-10T13:10:00.000000,2022-03-10T15:05:00.000000,2022,2022-03-10,LONG,fib50,1.5,13559.0,13486.25,13668.125,72.75,WIN,9.25,24,77.0,-8.5,time_exit,13579.0,13486.25,13527.5,13598.75,13519.25,13597.75,6662.0,88.36477987421384,1
148,2022-03-10T13:00:00.000000,2022-03-10T13:10:00.000000,2022-03-10T15:05:00.000000,2022,2022-03-10,LONG,fib50,2.0,13559.0,13486.25,13704.5,72.75,WIN,9.25,24,77.0,-8.5,time_exit,13579.0,13486.25,13527.5,13598.75,13519.25,13597.75,6662.0,88.36477987421384,1
149,2022-03-16T12:00:00.000000,2022-03-16T12:45:00.000000,2022-03-16T13:45:00.000000,2022,2022-03-16,SHORT,fib382,1.0,13698.9465,13866.5,13531.393,167.55349999999999,LOSS,-167.55349999999999,13,58.946500000000015,-195.05349999999999,stop,13866.5,13790.75,13744.5,13744.5,13625.25,13636.75,16712.0,90.35639412997904,-1
149,2022-03-16T12:00:00.000000,2022-03-16T12:45:00.000000,2022-03-16T13:45:00.000000,2022,2022-03-16,SHORT,fib382,1.5,13698.9465,13866.5,13447.61625,167.55349999999999,LOSS,-167.55349999999999,13,58.946500000000015,-195.05349999999999,stop,13866.5,13790.75,13744.5,13744.5,13625.25,13636.75,16712.0,90.35639412997904,-1
149,2022-03-16T12:00:00.000000,2022-03-16T12:45:00.000000,2022-03-16T13:45:00.000000,2022,2022-03-16,SHORT,fib382,2.0,13698.9465,13866.5,13363.8395,167.55349999999999,LOSS,-167.55349999999999,13,58.946500000000015,-195.05349999999999,stop,13866.5,13790.75,13744.5,13744.5,13625.25,13636.75,16712.0,90.35639412997904,-1
149,2022-03-16T12:00:00.000000,2022-03-16T12:45:00.000000,2022-03-16T13:45:00.000000,2022,2022-03-16,SHORT,fib50,1.0,13684.875,13866.5,13503.25,181.625,LOSS,-181.625,13,44.875,-209.125,stop,13866.5,13790.75,13744.5,13744.5,13625.25,13636.75,16712.0,90.35639412997904,-1
149,2022-03-16T12:00:00.000000,2022-03-16T12:45:00.000000,2022-03-16T13:45:00.000000,2022,2022-03-16,SHORT,fib50,1.5,13684.875,13866.5,13412.4375,181.625,LOSS,-181.625,13,44.875,-209.125,stop,13866.5,13790.75,13744.5,13744.5,13625.25,13636.75,16712.0,90.35639412997904,-1
149,2022-03-16T12:00:00.000000,2022-03-16T12:45:00.000000,2022-03-16T13:45:00.000000,2022,2022-03-16,SHORT,fib50,2.0,13684.875,13866.5,13321.625,181.625,LOSS,-181.625,13,44.875,-209.125,stop,13866.5,13790.75,13744.5,13744.5,13625.25,13636.75,16712.0,90.35639412997904,-1
150,2022-03-21T13:50:00.000000,2022-03-21T19:00:00.000000,2022-03-21T20:55:00.000000,2022,2022-03-21,LONG,fib382,1.0,14294.678,14229.25,14360.106,65.42799999999988,WIN,32.822000000000116,24,53.072000000000116,-1.1779999999998836,time_exit,14296.75,14229.25,14264.5,14343.5,14264.5,14339.75,9770.0,95.25316455696202,1
150,2022-03-21T13:50:00.000000,2022-03-21T19:00:00.000000,2022-03-21T20:55:00.000000,2022,2022-03-21,LONG,fib382,1.5,14294.678,14229.25,14392.82,65.42799999999988,WIN,32.822000000000116,24,53.072000000000116,-1.1779999999998836,time_exit,14296.75,14229.25,14264.5,14343.5,14264.5,14339.75,9770.0,95.25316455696202,1
150,2022-03-21T13:50:00.000000,2022-03-21T19:00:00.000000,2022-03-21T20:55:00.000000,2022,2022-03-21,LONG,fib382,2.0,14294.678,14229.25,14425.534,65.42799999999988,WIN,32.822000000000116,24,53.072000000000116,-1.1779999999998836,time_exit,14296.75,14229.25,14264.5,14343.5,14264.5,14339.75,9770.0,95.25316455696202,1
150,2022-03-21T13:50:00.000000,2022-03-21T19:00:00.000000,2022-03-21T20:55:00.000000,2022,2022-03-21,LONG,fib50,1.0,14304.0,14229.25,14378.75,74.75,WIN,23.5,24,43.75,-10.5,time_exit,14296.75,14229.25,14264.5,14343.5,14264.5,14339.75,9770.0,95.25316455696202,1
150,2022-03-21T13:50:00.000000,2022-03-21T19:00:00.000000,2022-03-21T20:55:00.000000,2022,2022-03-21,LONG,fib50,1.5,14304.0,14229.25,14416.125,74.75,WIN,23.5,24,43.75,-10.5,time_exit,14296.75,14229.25,14264.5,14343.5,14264.5,14339.75,9770.0,95.25316455696202,1
150,2022-03-21T13:50:00.000000,2022-03-21T19:00:00.000000,2022-03-21T20:55:00.000000,2022,2022-03-21,LONG,fib50,2.0,14304.0,14229.25,14453.5,74.75,WIN,23.5,24,43.75,-10.5,time_exit,14296.75,14229.25,14264.5,14343.5,14264.5,14339.75,9770.0,95.25316455696202,1
151,2022-03-31T13:50:00.000000,2022-03-31T21:00:00.000000,2022-03-31T22:55:00.000000,2022,2022-03-31,SHORT,fib382,1.0,14935.437,15059.25,14811.624,123.8130000000001,WIN,23.936999999999898,24,25.936999999999898,-3.313000000000102,time_exit,15059.25,15013.75,14958.0,14962.75,14891.25,14892.5,17682.0,91.6083916083916,-1
151,2022-03-31T13:50:00.000000,2022-03-31T21:00:00.000000,2022-03-31T22:55:00.000000,2022,2022-03-31,SHORT,fib382,1.5,14935.437,15059.25,14749.717499999999,123.8130000000001,WIN,23.936999999999898,24,25.936999999999898,-3.313000000000102,time_exit,15059.25,15013.75,14958.0,14962.75,14891.25,14892.5,17682.0,91.6083916083916,-1
151,2022-03-31T13:50:00.000000,2022-03-31T21:00:00.000000,2022-03-31T22:55:00.000000,2022,2022-03-31,SHORT,fib382,2.0,14935.437,15059.25,14687.811,123.8130000000001,WIN,23.936999999999898,24,25.936999999999898,-3.313000000000102,time_exit,15059.25,15013.75,14958.0,14962.75,14891.25,14892.5,17682.0,91.6083916083916,-1
151,2022-03-31T13:50:00.000000,2022-03-31T21:00:00.000000,2022-03-31T22:55:00.000000,2022,2022-03-31,SHORT,fib50,1.0,14927.0,15059.25,14794.75,132.25,WIN,15.5,24,17.5,-11.75,time_exit,15059.25,15013.75,14958.0,14962.75,14891.25,14892.5,17682.0,91.6083916083916,-1
151,2022-03-31T13:50:00.000000,2022-03-31T21:00:00.000000,2022-03-31T22:55:00.000000,2022,2022-03-31,SHORT,fib50,1.5,14927.0,15059.25,14728.625,132.25,WIN,15.5,24,17.5,-11.75,time_exit,15059.25,15013.75,14958.0,14962.75,14891.25,14892.5,17682.0,91.6083916083916,-1
151,2022-03-31T13:50:00.000000,2022-03-31T21:00:00.000000,2022-03-31T22:55:00.000000,2022,2022-03-31,SHORT,fib50,2.0,14927.0,15059.25,14662.5,132.25,WIN,15.5,24,17.5,-11.75,time_exit,15059.25,15013.75,14958.0,14962.75,14891.25,14892.5,17682.0,91.6083916083916,-1
153,2022-04-06T12:30:00.000000,2022-04-06T12:40:00.000000,2022-04-06T12:40:00.000000,2022,2022-04-06,LONG,fib382,1.0,14486.646,14456.25,14517.042000000001,30.39600000000064,WIN,30.39600000000064,1,55.60399999999936,-7.14600000000064,target,14512.75,14456.25,14440.0,14565.75,14437.75,14550.75,15472.0,86.5234375,1
153,2022-04-06T12:30:00.000000,2022-04-06T12:40:00.000000,2022-04-06T12:40:00.000000,2022,2022-04-06,LONG,fib382,1.5,14486.646,14456.25,14532.240000000002,30.39600000000064,WIN,45.59400000000096,1,55.60399999999936,-7.14600000000064,target,14512.75,14456.25,14440.0,14565.75,14437.75,14550.75,15472.0,86.5234375,1
153,2022-04-06T12:30:00.000000,2022-04-06T12:40:00.000000,2022-04-06T12:45:00.000000,2022,2022-04-06,LONG,fib382,2.0,14486.646,14456.25,14547.438000000002,30.39600000000064,WIN,60.79200000000128,2,67.85399999999936,-7.14600000000064,target,14512.75,14456.25,14440.0,14565.75,14437.75,14550.75,15472.0,86.5234375,1
153,2022-04-06T12:30:00.000000,2022-04-06T12:35:00.000000,2022-04-06T12:35:00.000000,2022,2022-04-06,LONG,fib50,1.0,14501.75,14456.25,14547.25,45.5,WIN,45.5,1,72.75,-7.5,target,14512.75,14456.25,14440.0,14565.75,14437.75,14550.75,15472.0,86.5234375,1
153,2022-04-06T12:30:00.000000,2022-04-06T12:35:00.000000,2022-04-06T12:35:00.000000,2022,2022-04-06,LONG,fib50,1.5,14501.75,14456.25,14570.0,45.5,WIN,68.25,1,72.75,-7.5,target,14512.75,14456.25,14440.0,14565.75,14437.75,14550.75,15472.0,86.5234375,1
153,2022-04-06T12:30:00.000000,2022-04-06T12:35:00.000000,2022-04-06T12:55:00.000000,2022,2022-04-06,LONG,fib50,2.0,14501.75,14456.25,14592.75,45.5,WIN,91.0,5,99.75,-22.25,target,14512.75,14456.25,14440.0,14565.75,14437.75,14550.75,15472.0,86.5234375,1
154,2022-04-08T08:50:00.000000,2022-04-08T09:35:00.000000,2022-04-08T09:35:00.000000,2022,2022-04-08,LONG,fib382,1.0,14393.3885,14382.75,14404.026999999998,10.638499999999112,WIN,10.638499999999112,1,41.86150000000089,-2.6384999999991123,target,14429.0,14382.75,14363.0,14447.0,14360.25,14437.0,12678.0,85.30259365994236,1
154,2022-04-08T08:50:00.000000,2022-04-08T09:35:00.000000,2022-04-08T09:35:00.000000,2022,2022-04-08,LONG,fib382,1.5,14393.3885,14382.75,14409.346249999999,10.638499999999112,WIN,15.957749999998668,1,41.86150000000089,-2.6384999999991123,target,14429.0,14382.75,14363.0,14447.0,14360.25,14437.0,12678.0,85.30259365994236,1
154,2022-04-08T08:50:00.000000,2022-04-08T09:35:00.000000,2022-04-08T09:35:00.000000,2022,2022-04-08,LONG,fib382,2.0,14393.3885,14382.75,14414.665499999997,10.638499999999112,WIN,21.276999999998225,1,41.86150000000089,-2.6384999999991123,target,14429.0,14382.75,14363.0,14447.0,14360.25,14437.0,12678.0,85.30259365994236,1
154,2022-04-08T08:50:00.000000,2022-04-08T09:35:00.000000,2022-04-08T09:35:00.000000,2022,2022-04-08,LONG,fib50,1.0,14403.625,14382.75,14424.5,20.875,WIN,20.875,1,31.625,-12.875,target,14429.0,14382.75,14363.0,14447.0,14360.25,14437.0,12678.0,85.30259365994236,1
154,2022-04-08T08:50:00.000000,2022-04-08T09:35:00.000000,2022-04-08T09:35:00.000000,2022,2022-04-08,LONG,fib50,1.5,14403.625,14382.75,14434.9375,20.875,WIN,31.3125,1,31.625,-12.875,target,14429.0,14382.75,14363.0,14447.0,14360.25,14437.0,12678.0,85.30259365994236,1
154,2022-04-08T08:50:00.000000,2022-04-08T09:35:00.000000,2022-04-08T09:45:00.000000,2022,2022-04-08,LONG,fib50,2.0,14403.625,14382.75,14445.375,20.875,WIN,41.75,3,54.375,-12.875,target,14429.0,14382.75,14363.0,14447.0,14360.25,14437.0,12678.0,85.30259365994236,1
155,2022-04-26T11:00:00.000000,2022-04-26T12:35:00.000000,2022-04-26T12:40:00.000000,2022,2022-04-26,SHORT,fib382,1.0,13190.659,13221.0,13160.318,30.34100000000035,WIN,30.34100000000035,2,50.65899999999965,-7.341000000000349,target,13221.0,13137.25,13218.0,13219.5,13144.0,13151.0,8242.0,88.74172185430463,-1
155,2022-04-26T11:00:00.000000,2022-04-26T12:35:00.000000,2022-04-26T12:40:00.000000,2022,2022-04-26,SHORT,fib382,1.5,13190.659,13221.0,13145.1475,30.34100000000035,WIN,45.511500000000524,2,50.65899999999965,-7.341000000000349,target,13221.0,13137.25,13218.0,13219.5,13144.0,13151.0,8242.0,88.74172185430463,-1
155,2022-04-26T11:00:00.000000,2022-04-26T12:35:00.000000,2022-04-26T12:45:00.000000,2022,2022-04-26,SHORT,fib382,2.0,13190.659,13221.0,13129.976999999999,30.34100000000035,WIN,60.6820000000007,3,61.90899999999965,-7.341000000000349,target,13221.0,13137.25,13218.0,13219.5,13144.0,13151.0,8242.0,88.74172185430463,-1
155,2022-04-26T11:00:00.000000,2022-04-26T12:20:00.000000,2022-04-26T12:20:00.000000,2022,2022-04-26,SHORT,fib50,1.0,13181.75,13221.0,13142.5,39.25,WIN,39.25,1,46.75,-5.25,target,13221.0,13137.25,13218.0,13219.5,13144.0,13151.0,8242.0,88.74172185430463,-1
155,2022-04-26T11:00:00.000000,2022-04-26T12:20:00.000000,2022-04-26T13:10:00.000000,2022,2022-04-26,SHORT,fib50,1.5,13181.75,13221.0,13122.875,39.25,WIN,58.875,11,79.25,-31.5,target,13221.0,13137.25,13218.0,13219.5,13144.0,13151.0,8242.0,88.74172185430463,-1
155,2022-04-26T11:00:00.000000,2022-04-26T12:20:00.000000,2022-04-26T13:10:00.000000,2022,2022-04-26,SHORT,fib50,2.0,13181.75,13221.0,13103.25,39.25,WIN,78.5,11,79.25,-31.5,target,13221.0,13137.25,13218.0,13219.5,13144.0,13151.0,8242.0,88.74172185430463,-1
156,2022-04-27T10:20:00.000000,2022-04-27T11:00:00.000000,2022-04-27T12:55:00.000000,2022,2022-04-27,LONG,fib382,1.0,13141.992,12930.25,13353.734,211.7420000000002,LOSS,-93.74200000000019,24,64.00799999999981,-108.49200000000019,time_exit,13076.0,12930.25,13114.0,13207.5,13101.5,13194.5,8846.0,75.94339622641509,1
156,2022-04-27T10:20:00.000000,2022-04-27T11:00:00.000000,2022-04-27T12:55:00.000000,2022,2022-04-27,LONG,fib382,1.5,13141.992,12930.25,13459.605,211.7420000000002,LOSS,-93.74200000000019,24,64.00799999999981,-108.49200000000019,time_exit,13076.0,12930.25,13114.0,13207.5,13101.5,13194.5,8846.0,75.94339622641509,1
156,2022-04-27T10:20:00.000000,2022-04-27T11:00:00.000000,2022-04-27T12:55:00.000000,2022,2022-04-27,LONG,fib382,2.0,13141.992,12930.25,13565.476,211.7420000000002,LOSS,-93.74200000000019,24,64.00799999999981,-108.49200000000019,time_exit,13076.0,12930.25,13114.0,13207.5,13101.5,13194.5,8846.0,75.94339622641509,1
156,2022-04-27T10:20:00.000000,2022-04-27T11:00:00.000000,2022-04-27T12:55:00.000000,2022,2022-04-27,LONG,fib50,1.0,13154.5,12930.25,13378.75,224.25,LOSS,-106.25,24,51.5,-121.0,time_exit,13076.0,12930.25,13114.0,13207.5,13101.5,13194.5,8846.0,75.94339622641509,1
156,2022-04-27T10:20:00.000000,2022-04-27T11:00:00.000000,2022-04-27T12:55:00.000000,2022,2022-04-27,LONG,fib50,1.5,13154.5,12930.25,13490.875,224.25,LOSS,-106.25,24,51.5,-121.0,time_exit,13076.0,12930.25,13114.0,13207.5,13101.5,13194.5,8846.0,75.94339622641509,1
156,2022-04-27T10:20:00.000000,2022-04-27T11:00:00.000000,2022-04-27T12:55:00.000000,2022,2022-04-27,LONG,fib50,2.0,13154.5,12930.25,13603.0,224.25,LOSS,-106.25,24,51.5,-121.0,time_exit,13076.0,12930.25,13114.0,13207.5,13101.5,13194.5,8846.0,75.94339622641509,1
157,2022-04-27T14:05:00.000000,,,2022,2022-04-27,LONG,fib382,1.0,13043.7445,12930.25,13157.239000000001,113.4945000000007,NO_ENTRY,0.0,0,0.0,0.0,no_entry_or_no_exit,13076.0,12930.25,13008.0,13117.75,12998.0,13090.5,14119.0,68.89352818371609,1
157,2022-04-27T14:05:00.000000,,,2022,2022-04-27,LONG,fib382,1.5,13043.7445,12930.25,13213.986250000002,113.4945000000007,NO_ENTRY,0.0,0,0.0,0.0,no_entry_or_no_exit,13076.0,12930.25,13008.0,13117.75,12998.0,13090.5,14119.0,68.89352818371609,1
157,2022-04-27T14:05:00.000000,,,2022,2022-04-27,LONG,fib382,2.0,13043.7445,12930.25,13270.733500000002,113.4945000000007,NO_ENTRY,0.0,0,0.0,0.0,no_entry_or_no_exit,13076.0,12930.25,13008.0,13117.75,12998.0,13090.5,14119.0,68.89352818371609,1
157,2022-04-27T14:05:00.000000,,,2022,2022-04-27,LONG,fib50,1.0,13057.875,12930.25,13185.5,127.625,NO_ENTRY,0.0,0,0.0,0.0,no_entry_or_no_exit,13076.0,12930.25,13008.0,13117.75,12998.0,13090.5,14119.0,68.89352818371609,1
157,2022-04-27T14:05:00.000000,,,2022,2022-04-27,LONG,fib50,1.5,13057.875,12930.25,13249.3125,127.625,NO_ENTRY,0.0,0,0.0,0.0,no_entry_or_no_exit,13076.0,12930.25,13008.0,13117.75,12998.0,13090.5,14119.0,68.89352818371609,1
157,2022-04-27T14:05:00.000000,,,2022,2022-04-27,LONG,fib50,2.0,13057.875,12930.25,13313.125,127.625,NO_ENTRY,0.0,0,0.0,0.0,no_entry_or_no_exit,13076.0,12930.25,13008.0,13117.75,12998.0,13090.5,14119.0,68.89352818371609,1
158,2022-05-02T09:15:00.000000,2022-05-02T09:30:00.000000,2022-05-02T11:25:00.000000,2022,2022-05-02,SHORT,fib382,1.0,12895.9715,13046.5,12745.443,150.52850000000035,WIN,98.97149999999965,24,118.97149999999965,-59.52850000000035,time_exit,13046.5,12962.5,12934.5,12936.75,12830.0,12841.0,7602.0,87.58782201405153,-1
158,2022-05-02T09:15:00.000000,2022-05-02T09:30:00.000000,2022-05-02T11:25:00.000000,2022,2022-05-02,SHORT,fib382,1.5,12895.9715,13046.5,12670.17875,150.52850000000035,WIN,98.97149999999965,24,118.97149999999965,-59.52850000000035,time_exit,13046.5,12962.5,12934.5,12936.75,12830.0,12841.0,7602.0,87.58782201405153,-1
158,2022-05-02T09:15:00.000000,2022-05-02T09:30:00.000000,2022-05-02T11:25:00.000000,2022,2022-05-02,SHORT,fib382,2.0,12895.9715,13046.5,12594.914499999999,150.52850000000035,WIN,98.97149999999965,24,118.97149999999965,-59.52850000000035,time_exit,13046.5,12962.5,12934.5,12936.75,12830.0,12841.0,7602.0,87.58782201405153,-1
158,2022-05-02T09:15:00.000000,2022-05-02T09:25:00.000000,2022-05-02T11:20:00.000000,2022,2022-05-02,SHORT,fib50,1.0,12883.375,13046.5,12720.25,163.125,WIN,91.375,24,106.375,-72.125,time_exit,13046.5,12962.5,12934.5,12936.75,12830.0,12841.0,7602.0,87.58782201405153,-1
158,2022-05-02T09:15:00.000000,2022-05-02T09:25:00.000000,2022-05-02T11:20:00.000000,2022,2022-05-02,SHORT,fib50,1.5,12883.375,13046.5,12638.6875,163.125,WIN,91.375,24,106.375,-72.125,time_exit,13046.5,12962.5,12934.5,12936.75,12830.0,12841.0,7602.0,87.58782201405153,-1
158,2022-05-02T09:15:00.000000,2022-05-02T09:25:00.000000,2022-05-02T11:20:00.000000,2022,2022-05-02,SHORT,fib50,2.0,12883.375,13046.5,12557.125,163.125,WIN,91.375,24,106.375,-72.125,time_exit,13046.5,12962.5,12934.5,12936.75,12830.0,12841.0,7602.0,87.58782201405153,-1
159,2022-05-04T12:40:00.000000,,,2022,2022-05-04,LONG,fib382,1.0,13079.083,12926.5,13231.666000000001,152.58300000000054,NO_ENTRY,0.0,0,0.0,0.0,no_entry_or_no_exit,12978.0,12926.5,13034.75,13191.25,13009.75,13152.25,18273.0,64.73829201101928,1
159,2022-05-04T12:40:00.000000,,,2022,2022-05-04,LONG,fib382,1.5,13079.083,12926.5,13307.9575,152.58300000000054,NO_ENTRY,0.0,0,0.0,0.0,no_entry_or_no_exit,12978.0,12926.5,13034.75,13191.25,13009.75,13152.25,18273.0,64.73829201101928,1
159,2022-05-04T12:40:00.000000,,,2022,2022-05-04,LONG,fib382,2.0,13079.083,12926.5,13384.249000000002,152.58300000000054,NO_ENTRY,0.0,0,0.0,0.0,no_entry_or_no_exit,12978.0,12926.5,13034.75,13191.25,13009.75,13152.25,18273.0,64.73829201101928,1
159,2022-05-04T12:40:00.000000,,,2022,2022-05-04,LONG,fib50,1.0,13100.5,12926.5,13274.5,174.0,NO_ENTRY,0.0,0,0.0,0.0,no_entry_or_no_exit,12978.0,12926.5,13034.75,13191.25,13009.75,13152.25,18273.0,64.73829201101928,1
159,2022-05-04T12:40:00.000000,,,2022,2022-05-04,LONG,fib50,1.5,13100.5,12926.5,13361.5,174.0,NO_ENTRY,0.0,0,0.0,0.0,no_entry_or_no_exit,12978.0,12926.5,13034.75,13191.25,13009.75,13152.25,18273.0,64.73829201101928,1
159,2022-05-04T12:40:00.000000,,,2022,2022-05-04,LONG,fib50,2.0,13100.5,12926.5,13448.5,174.0,NO_ENTRY,0.0,0,0.0,0.0,no_entry_or_no_exit,12978.0,12926.5,13034.75,13191.25,13009.75,13152.25,18273.0,64.73829201101928,1
160,2022-05-05T09:50:00.000000,2022-05-05T10:10:00.000000,2022-05-05T12:05:00.000000,2022,2022-05-05,SHORT,fib382,1.0,12892.8475,13028.25,12757.445,135.40250000000015,WIN,51.097499999999854,24,83.59749999999985,-73.15250000000015,time_exit,13028.25,12926.0,12921.75,12926.75,12838.0,12842.5,12646.0,89.29577464788733,-1
160,2022-05-05T09:50:00.000000,2022-05-05T10:10:00.000000,2022-05-05T12:05:00.000000,2022,2022-05-05,SHORT,fib382,1.5,12892.8475,13028.25,12689.74375,135.40250000000015,WIN,51.097499999999854,24,83.59749999999985,-73.15250000000015,time_exit,13028.25,12926.0,12921.75,12926.75,12838.0,12842.5,12646.0,89.29577464788733,-1
160,2022-05-05T09:50:00.000000,2022-05-05T10:10:00.000000,2022-05-05T12:05:00.000000,2022,2022-05-05,SHORT,fib382,2.0,12892.8475,13028.25,12622.0425,135.40250000000015,WIN,51.097499999999854,24,83.59749999999985,-73.15250000000015,time_exit,13028.25,12926.0,12921.75,12926.75,12838.0,12842.5,12646.0,89.29577464788733,-1
160,2022-05-05T09:50:00.000000,2022-05-05T10:10:00.000000,2022-05-05T12:05:00.000000,2022,2022-05-05,SHORT,fib50,1.0,12882.375,13028.25,12736.5,145.875,WIN,40.625,24,73.125,-83.625,time_exit,13028.25,12926.0,12921.75,12926.75,12838.0,12842.5,12646.0,89.29577464788733,-1
160,2022-05-05T09:50:00.000000,2022-05-05T10:10:00.000000,2022-05-05T12:05:00.000000,2022,2022-05-05,SHORT,fib50,1.5,12882.375,13028.25,12663.5625,145.875,WIN,40.625,24,73.125,-83.625,time_exit,13028.25,12926.0,12921.75,12926.75,12838.0,12842.5,12646.0,89.29577464788733,-1
160,2022-05-05T09:50:00.000000,2022-05-05T10:10:00.000000,2022-05-05T12:05:00.000000,2022,2022-05-05,SHORT,fib50,2.0,12882.375,13028.25,12590.625,145.875,WIN,40.625,24,73.125,-83.625,time_exit,13028.25,12926.0,12921.75,12926.75,12838.0,12842.5,12646.0,89.29577464788733,-1
161,2022-05-05T12:20:00.000000,2022-05-05T12:50:00.000000,2022-05-05T14:45:00.000000,2022,2022-05-05,SHORT,fib382,1.0,12863.6115,13028.25,12698.973000000002,164.6384999999991,LOSS,-39.13849999999911,24,158.3615000000009,-58.63849999999911,time_exit,13028.25,12926.0,12893.0,12896.75,12810.0,12818.0,6527.0,86.45533141210375,-1
161,2022-05-05T12:20:00.000000,2022-05-05T12:50:00.000000,2022-05-05T14:45:00.000000,2022,2022-05-05,SHORT,fib382,1.5,12863.6115,13028.25,12616.653750000001,164.6384999999991,LOSS,-39.13849999999911,24,158.3615000000009,-58.63849999999911,time_exit,13028.25,12926.0,12893.0,12896.75,12810.0,12818.0,6527.0,86.45533141210375,-1
161,2022-05-05T12:20:00.000000,2022-05-05T12:50:00.000000,2022-05-05T14:45:00.000000,2022,2022-05-05,SHORT,fib382,2.0,12863.6115,13028.25,12534.334500000003,164.6384999999991,LOSS,-39.13849999999911,24,158.3615000000009,-58.63849999999911,time_exit,13028.25,12926.0,12893.0,12896.75,12810.0,12818.0,6527.0,86.45533141210375,-1
161,2022-05-05T12:20:00.000000,2022-05-05T12:50:00.000000,2022-05-05T14:45:00.000000,2022,2022-05-05,SHORT,fib50,1.0,12853.375,13028.25,12678.5,174.875,LOSS,-49.375,24,148.125,-68.875,time_exit,13028.25,12926.0,12893.0,12896.75,12810.0,12818.0,6527.0,86.45533141210375,-1
161,2022-05-05T12:20:00.000000,2022-05-05T12:50:00.000000,2022-05-05T14:45:00.000000,2022,2022-05-05,SHORT,fib50,1.5,12853.375,13028.25,12591.0625,174.875,LOSS,-49.375,24,148.125,-68.875,time_exit,13028.25,12926.0,12893.0,12896.75,12810.0,12818.0,6527.0,86.45533141210375,-1
161,2022-05-05T12:20:00.000000,2022-05-05T12:50:00.000000,2022-05-05T14:45:00.000000,2022,2022-05-05,SHORT,fib50,2.0,12853.375,13028.25,12503.625,174.875,LOSS,-49.375,24,148.125,-68.875,time_exit,13028.25,12926.0,12893.0,12896.75,12810.0,12818.0,6527.0,86.45533141210375,-1
162,2022-05-06T08:45:00.000000,2022-05-06T09:35:00.000000,2022-05-06T10:05:00.000000,2022,2022-05-06,LONG,fib382,1.0,12738.716,12635.75,12841.682,102.96600000000035,WIN,102.96600000000035,7,109.28399999999965,-40.71600000000035,target,12767.0,12635.75,12697.5,12824.0,12686.0,12807.0,15877.0,79.34782608695652,1
162,2022-05-06T08:45:00.000000,2022-05-06T09:35:00.000000,2022-05-06T11:30:00.000000,2022,2022-05-06,LONG,fib382,1.5,12738.716,12635.75,12893.165,102.96600000000035,WIN,57.03399999999965,24,137.78399999999965,-40.71600000000035,time_exit,12767.0,12635.75,12697.5,12824.0,12686.0,12807.0,15877.0,79.34782608695652,1
162,2022-05-06T08:45:00.000000,2022-05-06T09:35:00.000000,2022-05-06T11:30:00.000000,2022,2022-05-06,LONG,fib382,2.0,12738.716,12635.75,12944.648000000001,102.96600000000035,WIN,57.03399999999965,24,137.78399999999965,-40.71600000000035,time_exit,12767.0,12635.75,12697.5,12824.0,12686.0,12807.0,15877.0,79.34782608695652,1
162,2022-05-06T08:45:00.000000,2022-05-06T09:10:00.000000,2022-05-06T09:15:00.000000,2022,2022-05-06,LONG,fib50,1.0,12755.0,12635.75,12874.25,119.25,WIN,119.25,2,122.0,0.0,target,12767.0,12635.75,12697.5,12824.0,12686.0,12807.0,15877.0,79.34782608695652,1
162,2022-05-06T08:45:00.000000,2022-05-06T09:10:00.000000,2022-05-06T11:05:00.000000,2022,2022-05-06,LONG,fib50,1.5,12755.0,12635.75,12933.875,119.25,WIN,78.25,24,173.75,-57.0,time_exit,12767.0,12635.75,12697.5,12824.0,12686.0,12807.0,15877.0,79.34782608695652,1
162,2022-05-06T08:45:00.000000,2022-05-06T09:10:00.000000,2022-05-06T11:05:00.000000,2022,2022-05-06,LONG,fib50,2.0,12755.0,12635.75,12993.5,119.25,WIN,78.25,24,173.75,-57.0,time_exit,12767.0,12635.75,12697.5,12824.0,12686.0,12807.0,15877.0,79.34782608695652,1
163,2022-05-06T10:00:00.000000,2022-05-06T10:10:00.000000,2022-05-06T10:50:00.000000,2022,2022-05-06,LONG,fib382,1.0,12734.026,12635.75,12832.302,98.27599999999984,WIN,98.27599999999984,9,108.47400000000016,-29.52599999999984,target,12767.0,12635.75,12712.5,12791.5,12698.5,12785.75,7539.0,78.76344086021506,1
163,2022-05-06T10:00:00.000000,2022-05-06T10:10:00.000000,2022-05-06T12:05:00.000000,2022,2022-05-06,LONG,fib382,1.5,12734.026,12635.75,12881.439999999999,98.27599999999984,LOSS,-98.27599999999984,24,142.47400000000016,-102.02599999999984,stop,12767.0,12635.75,12712.5,12791.5,12698.5,12785.75,7539.0,78.76344086021506,1
163,2022-05-06T10:00:00.000000,2022-05-06T10:10:00.000000,2022-05-06T12:05:00.000000,2022,2022-05-06,LONG,fib382,2.0,12734.026,12635.75,12930.578,98.27599999999984,LOSS,-98.27599999999984,24,142.47400000000016,-102.02599999999984,stop,12767.0,12635.75,12712.5,12791.5,12698.5,12785.75,7539.0,78.76344086021506,1
163,2022-05-06T10:00:00.000000,2022-05-06T10:10:00.000000,2022-05-06T10:55:00.000000,2022,2022-05-06,LONG,fib50,1.0,12745.0,12635.75,12854.25,109.25,WIN,109.25,10,120.5,-40.5,target,12767.0,12635.75,12712.5,12791.5,12698.5,12785.75,7539.0,78.76344086021506,1
163,2022-05-06T10:00:00.000000,2022-05-06T10:10:00.000000,2022-05-06T12:05:00.000000,2022,2022-05-06,LONG,fib50,1.5,12745.0,12635.75,12908.875,109.25,LOSS,-109.25,24,131.5,-113.0,stop,12767.0,12635.75,12712.5,12791.5,12698.5,12785.75,7539.0,78.76344086021506,1
163,2022-05-06T10:00:00.000000,2022-05-06T10:10:00.000000,2022-05-06T12:05:00.000000,2022,2022-05-06,LONG,fib50,2.0,12745.0,12635.75,12963.5,109.25,LOSS,-109.25,24,131.5,-113.0,stop,12767.0,12635.75,12712.5,12791.5,12698.5,12785.75,7539.0,78.76344086021506,1
164,2022-05-06T13:35:00.000000,2022-05-06T13:45:00.000000,2022-05-06T13:45:00.000000,2022,2022-05-06,LONG,fib382,1.0,12664.425,12635.75,12693.099999999999,28.674999999999272,WIN,28.674999999999272,1,69.57500000000073,-5.174999999999272,target,12767.0,12635.75,12633.75,12718.5,12631.0,12710.25,11463.0,87.42857142857143,1
164,2022-05-06T13:35:00.000000,2022-05-06T13:45:00.000000,2022-05-06T13:45:00.000000,2022,2022-05-06,LONG,fib382,1.5,12664.425,12635.75,12707.437499999998,28.674999999999272,WIN,43.01249999999891,1,69.57500000000073,-5.174999999999272,target,12767.0,12635.75,12633.75,12718.5,12631.0,12710.25,11463.0,87.42857142857143,1
164,2022-05-06T13:35:00.000000,2022-05-06T13:45:00.000000,2022-05-06T13:45:00.000000,2022,2022-05-06,LONG,fib382,2.0,12664.425,12635.75,12721.774999999998,28.674999999999272,WIN,57.349999999998545,1,69.57500000000073,-5.174999999999272,target,12767.0,12635.75,12633.75,12718.5,12631.0,12710.25,11463.0,87.42857142857143,1
164,2022-05-06T13:35:00.000000,2022-05-06T13:40:00.000000,2022-05-06T13:40:00.000000,2022,2022-05-06,LONG,fib50,1.0,12674.75,12635.75,12713.75,39.0,WIN,39.0,1,42.5,-7.75,target,12767.0,12635.75,12633.75,12718.5,12631.0,12710.25,11463.0,87.42857142857143,1
164,2022-05-06T13:35:00.000000,2022-05-06T13:40:00.000000,2022-05-06T13:45:00.000000,2022,2022-05-06,LONG,fib50,1.5,12674.75,12635.75,12733.25,39.0,WIN,58.5,2,59.25,-15.5,target,12767.0,12635.75,12633.75,12718.5,12631.0,12710.25,11463.0,87.42857142857143,1
164,2022-05-06T13:35:00.000000,2022-05-06T13:40:00.000000,2022-05-06T13:50:00.000000,2022,2022-05-06,LONG,fib50,2.0,12674.75,12635.75,12752.75,39.0,WIN,78.0,3,79.5,-15.5,target,12767.0,12635.75,12633.75,12718.5,12631.0,12710.25,11463.0,87.42857142857143,1
165,2022-05-09T10:05:00.000000,2022-05-09T10:40:00.000000,2022-05-09T10:55:00.000000,2022,2022-05-09,LONG,fib382,1.0,12317.568,12292.25,12342.885999999999,25.3179999999993,LOSS,-25.3179999999993,4,21.9320000000007,-31.8179999999993,stop,12347.25,12292.25,12286.0,12378.75,12279.75,12352.75,9777.0,67.42424242424242,1
165,2022-05-09T10:05:00.000000,2022-05-09T10:40:00.000000,2022-05-09T10:55:00.000000,2022,2022-05-09,LONG,fib382,1.5,12317.568,12292.25,12355.544999999998,25.3179999999993,LOSS,-25.3179999999993,4,21.9320000000007,-31.8179999999993,stop,12347.25,12292.25,12286.0,12378.75,12279.75,12352.75,9777.0,67.42424242424242,1
165,2022-05-09T10:05:00.000000,2022-05-09T10:40:00.000000,2022-05-09T10:55:00.000000,2022,2022-05-09,LONG,fib382,2.0,12317.568,12292.25,12368.203999999998,25.3179999999993,LOSS,-25.3179999999993,4,21.9320000000007,-31.8179999999993,stop,12347.25,12292.25,12286.0,12378.75,12279.75,12352.75,9777.0,67.42424242424242,1
165,2022-05-09T10:05:00.000000,2022-05-09T10:35:00.000000,2022-05-09T10:35:00.000000,2022,2022-05-09,LONG,fib50,1.0,12329.25,12292.25,12366.25,37.0,WIN,37.0,1,58.25,-7.0,target,12347.25,12292.25,12286.0,12378.75,12279.75,12352.75,9777.0,67.42424242424242,1
165,2022-05-09T10:05:00.000000,2022-05-09T10:35:00.000000,2022-05-09T10:35:00.000000,2022,2022-05-09,LONG,fib50,1.5,12329.25,12292.25,12384.75,37.0,WIN,55.5,1,58.25,-7.0,target,12347.25,12292.25,12286.0,12378.75,12279.75,12352.75,9777.0,67.42424242424242,1
165,2022-05-09T10:05:00.000000,2022-05-09T10:35:00.000000,2022-05-09T10:55:00.000000,2022,2022-05-09,LONG,fib50,2.0,12329.25,12292.25,12403.25,37.0,LOSS,-37.0,5,58.25,-43.5,stop,12347.25,12292.25,12286.0,12378.75,12279.75,12352.75,9777.0,67.42424242424242,1
166,2022-05-11T10:25:00.000000,,,2022,2022-05-11,SHORT,fib382,1.0,12265.185,12414.5,12115.869999999999,149.3150000000005,NO_ENTRY,0.0,0,0.0,0.0,no_entry_or_no_exit,12414.5,12315.75,12298.25,12306.25,12198.75,12205.0,8593.0,86.74418604651163,-1
166,2022-05-11T10:25:00.000000,,,2022,2022-05-11,SHORT,fib382,1.5,12265.185,12414.5,12041.212499999998,149.3150000000005,NO_ENTRY,0.0,0,0.0,0.0,no_entry_or_no_exit,12414.5,12315.75,12298.25,12306.25,12198.75,12205.0,8593.0,86.74418604651163,-1
166,2022-05-11T10:25:00.000000,,,2022,2022-05-11,SHORT,fib382,2.0,12265.185,12414.5,11966.554999999998,149.3150000000005,NO_ENTRY,0.0,0,0.0,0.0,no_entry_or_no_exit,12414.5,12315.75,12298.25,12306.25,12198.75,12205.0,8593.0,86.74418604651163,-1
166,2022-05-11T10:25:00.000000,,,2022,2022-05-11,SHORT,fib50,1.0,12252.5,12414.5,12090.5,162.0,NO_ENTRY,0.0,0,0.0,0.0,no_entry_or_no_exit,12414.5,12315.75,12298.25,12306.25,12198.75,12205.0,8593.0,86.74418604651163,-1
166,2022-05-11T10:25:00.000000,,,2022,2022-05-11,SHORT,fib50,1.5,12252.5,12414.5,12009.5,162.0,NO_ENTRY,0.0,0,0.0,0.0,no_entry_or_no_exit,12414.5,12315.75,12298.25,12306.25,12198.75,12205.0,8593.0,86.74418604651163,-1
166,2022-05-11T10:25:00.000000,,,2022,2022-05-11,SHORT,fib50,2.0,12252.5,12414.5,11928.5,162.0,NO_ENTRY,0.0,0,0.0,0.0,no_entry_or_no_exit,12414.5,12315.75,12298.25,12306.25,12198.75,12205.0,8593.0,86.74418604651163,-1
167,2022-05-12T08:50:00.000000,2022-05-12T09:30:00.000000,2022-05-12T09:45:00.000000,2022,2022-05-12,LONG,fib382,1.0,11994.796,11917.0,12072.592,77.79600000000028,LOSS,-77.79600000000028,4,58.70399999999972,-77.79600000000028,stop,12019.0,11917.0,11965.75,12043.0,11965.0,12042.0,8474.0,97.75641025641025,1
167,2022-05-12T08:50:00.000000,2022-05-12T09:30:00.000000,2022-05-12T09:45:00.000000,2022,2022-05-12,LONG,fib382,1.5,11994.796,11917.0,12111.490000000002,77.79600000000028,LOSS,-77.79600000000028,4,58.70399999999972,-77.79600000000028,stop,12019.0,11917.0,11965.75,12043.0,11965.0,12042.0,8474.0,97.75641025641025,1
167,2022-05-12T08:50:00.000000,2022-05-12T09:30:00.000000,2022-05-12T09:45:00.000000,2022,2022-05-12,LONG,fib382,2.0,11994.796,11917.0,12150.388,77.79600000000028,LOSS,-77.79600000000028,4,58.70399999999972,-77.79600000000028,stop,12019.0,11917.0,11965.75,12043.0,11965.0,12042.0,8474.0,97.75641025641025,1
167,2022-05-12T08:50:00.000000,2022-05-12T09:30:00.000000,2022-05-12T09:45:00.000000,2022,2022-05-12,LONG,fib50,1.0,12004.0,11917.0,12091.0,87.0,LOSS,-87.0,4,49.5,-87.0,stop,12019.0,11917.0,11965.75,12043.0,11965.0,12042.0,8474.0,97.75641025641025,1
167,2022-05-12T08:50:00.000000,2022-05-12T09:30:00.000000,2022-05-12T09:45:00.000000,2022,2022-05-12,LONG,fib50,1.5,12004.0,11917.0,12134.5,87.0,LOSS,-87.0,4,49.5,-87.0,stop,12019.0,11917.0,11965.75,12043.0,11965.0,12042.0,8474.0,97.75641025641025,1
167,2022-05-12T08:50:00.000000,2022-05-12T09:30:00.000000,2022-05-12T09:45:00.000000,2022,2022-05-12,LONG,fib50,2.0,12004.0,11917.0,12178.0,87.0,LOSS,-87.0,4,49.5,-87.0,stop,12019.0,11917.0,11965.75,12043.0,11965.0,12042.0,8474.0,97.75641025641025,1
168,2022-05-13T12:50:00.000000,,,2022,2022-05-13,LONG,fib382,1.0,12305.591,12294.75,12316.432,10.84100000000035,NO_ENTRY,0.0,0,0.0,0.0,no_entry_or_no_exit,12342.0,12294.75,12281.5,12352.25,12276.75,12349.75,6818.0,90.39735099337747,1
168,2022-05-13T12:50:00.000000,,,2022,2022-05-13,LONG,fib382,1.5,12305.591,12294.75,12321.8525,10.84100000000035,NO_ENTRY,0.0,0,0.0,0.0,no_entry_or_no_exit,12342.0,12294.75,12281.5,12352.25,12276.75,12349.75,6818.0,90.39735099337747,1
168,2022-05-13T12:50:00.000000,,,2022,2022-05-13,LONG,fib382,2.0,12305.591,12294.75,12327.273000000001,10.84100000000035,NO_ENTRY,0.0,0,0.0,0.0,no_entry_or_no_exit,12342.0,12294.75,12281.5,12352.25,12276.75,12349.75,6818.0,90.39735099337747,1
168,2022-05-13T12:50:00.000000,,,2022,2022-05-13,LONG,fib50,1.0,12314.5,12294.75,12334.25,19.75,NO_ENTRY,0.0,0,0.0,0.0,no_entry_or_no_exit,12342.0,12294.75,12281.5,12352.25,12276.75,12349.75,6818.0,90.39735099337747,1
168,2022-05-13T12:50:00.000000,,,2022,2022-05-13,LONG,fib50,1.5,12314.5,12294.75,12344.125,19.75,NO_ENTRY,0.0,0,0.0,0.0,no_entry_or_no_exit,12342.0,12294.75,12281.5,12352.25,12276.75,12349.75,6818.0,90.39735099337747,1
168,2022-05-13T12:50:00.000000,,,2022,2022-05-13,LONG,fib50,2.0,12314.5,12294.75,12354.0,19.75,NO_ENTRY,0.0,0,0.0,0.0,no_entry_or_no_exit,12342.0,12294.75,12281.5,12352.25,12276.75,12349.75,6818.0,90.39735099337747,1
169,2022-05-24T13:35:00.000000,2022-05-24T13:45:00.000000,2022-05-24T16:40:00.000000,2022,2022-05-24,LONG,fib382,1.0,11776.9025,11609.75,11944.055,167.15250000000015,WIN,68.84749999999985,24,79.84749999999985,-35.402500000000146,time_exit,11664.25,11609.75,11743.0,11831.75,11743.0,11809.75,14893.0,75.21126760563381,1
169,2022-05-24T13:35:00.000000,2022-05-24T13:45:00.000000,2022-05-24T16:40:00.000000,2022,2022-05-24,LONG,fib382,1.5,11776.9025,11609.75,12027.63125,167.15250000000015,WIN,68.84749999999985,24,79.84749999999985,-35.402500000000146,time_exit,11664.25,11609.75,11743.0,11831.75,11743.0,11809.75,14893.0,75.21126760563381,1
169,2022-05-24T13:35:00.000000,2022-05-24T13:45:00.000000,2022-05-24T16:40:00.000000,2022,2022-05-24,LONG,fib382,2.0,11776.9025,11609.75,12111.2075,167.15250000000015,WIN,68.84749999999985,24,79.84749999999985,-35.402500000000146,time_exit,11664.25,11609.75,11743.0,11831.75,11743.0,11809.75,14893.0,75.21126760563381,1
169,2022-05-24T13:35:00.000000,2022-05-24T13:40:00.000000,2022-05-24T16:35:00.000000,2022,2022-05-24,LONG,fib50,1.0,11787.375,11609.75,11965.0,177.625,WIN,63.625,24,69.375,-45.875,time_exit,11664.25,11609.75,11743.0,11831.75,11743.0,11809.75,14893.0,75.21126760563381,1
169,2022-05-24T13:35:00.000000,2022-05-24T13:40:00.000000,2022-05-24T16:35:00.000000,2022,2022-05-24,LONG,fib50,1.5,11787.375,11609.75,12053.8125,177.625,WIN,63.625,24,69.375,-45.875,time_exit,11664.25,11609.75,11743.0,11831.75,11743.0,11809.75,14893.0,75.21126760563381,1
169,2022-05-24T13:35:00.000000,2022-05-24T13:40:00.000000,2022-05-24T16:35:00.000000,2022,2022-05-24,LONG,fib50,2.0,11787.375,11609.75,12142.625,177.625,WIN,63.625,24,69.375,-45.875,time_exit,11664.25,11609.75,11743.0,11831.75,11743.0,11809.75,14893.0,75.21126760563381,1
170,2022-05-25T14:20:00.000000,2022-05-25T14:35:00.000000,2022-05-25T17:30:00.000000,2022,2022-05-25,SHORT,fib382,1.0,11888.4935,11930.0,11846.987000000001,41.506499999999505,LOSS,-21.756499999999505,24,25.743500000000495,-37.006499999999505,time_exit,11930.0,11865.0,11919.0,11921.25,11835.5,11837.0,7860.0,95.6268221574344,-1
170,2022-05-25T14:20:00.000000,2022-05-25T14:35:00.000000,2022-05-25T17:30:00.000000,2022,2022-05-25,SHORT,fib382,1.5,11888.4935,11930.0,11826.233750000001,41.506499999999505,LOSS,-21.756499999999505,24,25.743500000000495,-37.006499999999505,time_exit,11930.0,11865.0,11919.0,11921.25,11835.5,11837.0,7860.0,95.6268221574344,-1
170,2022-05-25T14:20:00.000000,2022-05-25T14:35:00.000000,2022-05-25T17:30:00.000000,2022,2022-05-25,SHORT,fib382,2.0,11888.4935,11930.0,11805.480500000001,41.506499999999505,LOSS,-21.756499999999505,24,25.743500000000495,-37.006499999999505,time_exit,11930.0,11865.0,11919.0,11921.25,11835.5,11837.0,7860.0,95.6268221574344,-1
170,2022-05-25T14:20:00.000000,2022-05-25T14:35:00.000000,2022-05-25T17:30:00.000000,2022,2022-05-25,SHORT,fib50,1.0,11878.375,11930.0,11826.75,51.625,LOSS,-31.875,24,15.625,-47.125,time_exit,11930.0,11865.0,11919.0,11921.25,11835.5,11837.0,7860.0,95.6268221574344,-1
170,2022-05-25T14:20:00.000000,2022-05-25T14:35:00.000000,2022-05-25T17:30:00.000000,2022,2022-05-25,SHORT,fib50,1.5,11878.375,11930.0,11800.9375,51.625,LOSS,-31.875,24,15.625,-47.125,time_exit,11930.0,11865.0,11919.0,11921.25,11835.5,11837.0,7860.0,95.6268221574344,-1
170,2022-05-25T14:20:00.000000,2022-05-25T14:35:00.000000,2022-05-25T17:30:00.000000,2022,2022-05-25,SHORT,fib50,2.0,11878.375,11930.0,11775.125,51.625,LOSS,-31.875,24,15.625,-47.125,time_exit,11930.0,11865.0,11919.0,11921.25,11835.5,11837.0,7860.0,95.6268221574344,-1
171,2022-06-06T10:00:00.000000,2022-06-06T11:35:00.000000,2022-06-06T13:30:00.000000,2022,2022-06-06,SHORT,fib382,1.0,12635.398,12804.5,12466.295999999998,169.10200000000077,WIN,67.89799999999923,24,94.39799999999923,-48.10200000000077,time_exit,12804.5,12766.25,12665.75,12668.25,12582.25,12593.25,9352.0,84.30232558139535,-1
171,2022-06-06T10:00:00.000000,2022-06-06T11:35:00.000000,2022-06-06T13:30:00.000000,2022,2022-06-06,SHORT,fib382,1.5,12635.398,12804.5,12381.744999999999,169.10200000000077,WIN,67.89799999999923,24,94.39799999999923,-48.10200000000077,time_exit,12804.5,12766.25,12665.75,12668.25,12582.25,12593.25,9352.0,84.30232558139535,-1
171,2022-06-06T10:00:00.000000,2022-06-06T11:35:00.000000,2022-06-06T13:30:00.000000,2022,2022-06-06,SHORT,fib382,2.0,12635.398,12804.5,12297.193999999998,169.10200000000077,WIN,67.89799999999923,24,94.39799999999923,-48.10200000000077,time_exit,12804.5,12766.25,12665.75,12668.25,12582.25,12593.25,9352.0,84.30232558139535,-1
171,2022-06-06T10:00:00.000000,2022-06-06T11:35:00.000000,2022-06-06T13:30:00.000000,2022,2022-06-06,SHORT,fib50,1.0,12625.25,12804.5,12446.0,179.25,WIN,57.75,24,84.25,-58.25,time_exit,12804.5,12766.25,12665.75,12668.25,12582.25,12593.25,9352.0,84.30232558139535,-1
171,2022-06-06T10:00:00.000000,2022-06-06T11:35:00.000000,2022-06-06T13:30:00.000000,2022,2022-06-06,SHORT,fib50,1.5,12625.25,12804.5,12356.375,179.25,WIN,57.75,24,84.25,-58.25,time_exit,12804.5,12766.25,12665.75,12668.25,12582.25,12593.25,9352.0,84.30232558139535,-1
171,2022-06-06T10:00:00.000000,2022-06-06T11:35:00.000000,2022-06-06T13:30:00.000000,2022,2022-06-06,SHORT,fib50,2.0,12625.25,12804.5,12266.75,179.25,WIN,57.75,24,84.25,-58.25,time_exit,12804.5,12766.25,12665.75,12668.25,12582.25,12593.25,9352.0,84.30232558139535,-1
172,2022-06-14T08:45:00.000000,2022-06-14T09:05:00.000000,2022-06-14T09:35:00.000000,2022,2022-06-14,LONG,fib382,1.0,11317.7705,11269.75,11365.791000000001,48.02050000000054,WIN,48.02050000000054,7,60.72949999999946,-32.52050000000054,target,11331.75,11269.75,11292.25,11372.0,11284.25,11371.75,8104.0,90.5982905982906,1
172,2022-06-14T08:45:00.000000,2022-06-14T09:05:00.000000,2022-06-14T09:55:00.000000,2022,2022-06-14,LONG,fib382,1.5,11317.7705,11269.75,11389.80125,48.02050000000054,WIN,72.03075000000081,11,74.22949999999946,-32.52050000000054,target,11331.75,11269.75,11292.25,11372.0,11284.25,11371.75,8104.0,90.5982905982906,1
172,2022-06-14T08:45:00.000000,2022-06-14T09:05:00.000000,2022-06-14T11:00:00.000000,2022,2022-06-14,LONG,fib382,2.0,11317.7705,11269.75,11413.811500000002,48.02050000000054,WIN,43.47949999999946,24,74.22949999999946,-32.52050000000054,time_exit,11331.75,11269.75,11292.25,11372.0,11284.25,11371.75,8104.0,90.5982905982906,1
172,2022-06-14T08:45:00.000000,2022-06-14T09:05:00.000000,2022-06-14T09:55:00.000000,2022,2022-06-14,LONG,fib50,1.0,11328.125,11269.75,11386.5,58.375,WIN,58.375,11,63.875,-42.875,target,11331.75,11269.75,11292.25,11372.0,11284.25,11371.75,8104.0,90.5982905982906,1
172,2022-06-14T08:45:00.000000,2022-06-14T09:05:00.000000,2022-06-14T11:00:00.000000,2022,2022-06-14,LONG,fib50,1.5,11328.125,11269.75,11415.6875,58.375,WIN,33.125,24,63.875,-42.875,time_exit,11331.75,11269.75,11292.25,11372.0,11284.25,11371.75,8104.0,90.5982905982906,1
172,2022-06-14T08:45:00.000000,2022-06-14T09:05:00.000000,2022-06-14T11:00:00.000000,2022,2022-06-14,LONG,fib50,2.0,11328.125,11269.75,11444.875,58.375,WIN,33.125,24,63.875,-42.875,time_exit,11331.75,11269.75,11292.25,11372.0,11284.25,11371.75,8104.0,90.5982905982906,1
173,2022-06-15T12:35:00.000000,,,2022,2022-06-15,LONG,fib382,1.0,11488.012,11480.0,11496.024000000001,8.012000000000626,NO_ENTRY,0.0,0,0.0,0.0,no_entry_or_no_exit,11530.75,11480.0,11421.5,11621.5,11405.5,11566.25,18756.0,67.01388888888889,1
173,2022-06-15T12:35:00.000000,,,2022,2022-06-15,LONG,fib382,1.5,11488.012,11480.0,11500.030000000002,8.012000000000626,NO_ENTRY,0.0,0,0.0,0.0,no_entry_or_no_exit,11530.75,11480.0,11421.5,11621.5,11405.5,11566.25,18756.0,67.01388888888889,1
173,2022-06-15T12:35:00.000000,,,2022,2022-06-15,LONG,fib382,2.0,11488.012,11480.0,11504.036000000002,8.012000000000626,NO_ENTRY,0.0,0,0.0,0.0,no_entry_or_no_exit,11530.75,11480.0,11421.5,11621.5,11405.5,11566.25,18756.0,67.01388888888889,1
173,2022-06-15T12:35:00.000000,,,2022,2022-06-15,LONG,fib50,1.0,11513.5,11480.0,11547.0,33.5,NO_ENTRY,0.0,0,0.0,0.0,no_entry_or_no_exit,11530.75,11480.0,11421.5,11621.5,11405.5,11566.25,18756.0,67.01388888888889,1
173,2022-06-15T12:35:00.000000,,,2022,2022-06-15,LONG,fib50,1.5,11513.5,11480.0,11563.75,33.5,NO_ENTRY,0.0,0,0.0,0.0,no_entry_or_no_exit,11530.75,11480.0,11421.5,11621.5,11405.5,11566.25,18756.0,67.01388888888889,1
173,2022-06-15T12:35:00.000000,,,2022,2022-06-15,LONG,fib50,2.0,11513.5,11480.0,11580.5,33.5,NO_ENTRY,0.0,0,0.0,0.0,no_entry_or_no_exit,11530.75,11480.0,11421.5,11621.5,11405.5,11566.25,18756.0,67.01388888888889,1
174,2022-06-15T12:40:00.000000,2022-06-15T12:50:00.000000,2022-06-15T13:30:00.000000,2022,2022-06-15,LONG,fib382,1.0,11614.8075,11480.0,11749.615000000002,134.8075000000008,WIN,134.8075000000008,9,177.4424999999992,-54.8075000000008,target,11530.75,11480.0,11566.25,11733.0,11541.75,11718.75,23644.0,79.73856209150327,1
174,2022-06-15T12:40:00.000000,2022-06-15T12:50:00.000000,2022-06-15T14:45:00.000000,2022,2022-06-15,LONG,fib382,1.5,11614.8075,11480.0,11817.018750000003,134.8075000000008,WIN,20.6924999999992,24,179.4424999999992,-54.8075000000008,time_exit,11530.75,11480.0,11566.25,11733.0,11541.75,11718.75,23644.0,79.73856209150327,1
174,2022-06-15T12:40:00.000000,2022-06-15T12:50:00.000000,2022-06-15T14:45:00.000000,2022,2022-06-15,LONG,fib382,2.0,11614.8075,11480.0,11884.422500000002,134.8075000000008,WIN,20.6924999999992,24,179.4424999999992,-54.8075000000008,time_exit,11530.75,11480.0,11566.25,11733.0,11541.75,11718.75,23644.0,79.73856209150327,1
174,2022-06-15T12:40:00.000000,2022-06-15T12:50:00.000000,2022-06-15T14:45:00.000000,2022,2022-06-15,LONG,fib50,1.0,11637.375,11480.0,11794.75,157.375,LOSS,-1.875,24,156.875,-77.375,time_exit,11530.75,11480.0,11566.25,11733.0,11541.75,11718.75,23644.0,79.73856209150327,1
174,2022-06-15T12:40:00.000000,2022-06-15T12:50:00.000000,2022-06-15T14:45:00.000000,2022,2022-06-15,LONG,fib50,1.5,11637.375,11480.0,11873.4375,157.375,LOSS,-1.875,24,156.875,-77.375,time_exit,11530.75,11480.0,11566.25,11733.0,11541.75,11718.75,23644.0,79.73856209150327,1
174,2022-06-15T12:40:00.000000,2022-06-15T12:50:00.000000,2022-06-15T14:45:00.000000,2022,2022-06-15,LONG,fib50,2.0,11637.375,11480.0,11952.125,157.375,LOSS,-1.875,24,156.875,-77.375,time_exit,11530.75,11480.0,11566.25,11733.0,11541.75,11718.75,23644.0,79.73856209150327,1
175,2022-06-15T13:20:00.000000,2022-06-15T13:40:00.000000,2022-06-15T16:35:00.000000,2022,2022-06-15,LONG,fib382,1.0,11663.1975,11480.0,11846.395,183.19750000000022,WIN,31.30249999999978,24,45.55249999999978,-68.19750000000022,time_exit,11530.75,11480.0,11630.5,11716.5,11630.25,11708.25,7067.0,90.14492753623189,1
175,2022-06-15T13:20:00.000000,2022-06-15T13:40:00.000000,2022-06-15T16:35:00.000000,2022,2022-06-15,LONG,fib382,1.5,11663.1975,11480.0,11937.993750000001,183.19750000000022,WIN,31.30249999999978,24,45.55249999999978,-68.19750000000022,time_exit,11530.75,11480.0,11630.5,11716.5,11630.25,11708.25,7067.0,90.14492753623189,1
175,2022-06-15T13:20:00.000000,2022-06-15T13:40:00.000000,2022-06-15T16:35:00.000000,2022,2022-06-15,LONG,fib382,2.0,11663.1975,11480.0,12029.5925,183.19750000000022,WIN,31.30249999999978,24,45.55249999999978,-68.19750000000022,time_exit,11530.75,11480.0,11630.5,11716.5,11630.25,11708.25,7067.0,90.14492753623189,1
175,2022-06-15T13:20:00.000000,2022-06-15T13:40:00.000000,2022-06-15T16:35:00.000000,2022,2022-06-15,LONG,fib50,1.0,11673.375,11480.0,11866.75,193.375,WIN,21.125,24,35.375,-78.375,time_exit,11530.75,11480.0,11630.5,11716.5,11630.25,11708.25,7067.0,90.14492753623189,1
175,2022-06-15T13:20:00.000000,2022-06-15T13:40:00.000000,2022-06-15T16:35:00.000000,2022,2022-06-15,LONG,fib50,1.5,11673.375,11480.0,11963.4375,193.375,WIN,21.125,24,35.375,-78.375,time_exit,11530.75,11480.0,11630.5,11716.5,11630.25,11708.25,7067.0,90.14492753623189,1
175,2022-06-15T13:20:00.000000,2022-06-15T13:40:00.000000,2022-06-15T16:35:00.000000,2022,2022-06-15,LONG,fib50,2.0,11673.375,11480.0,12060.125,193.375,WIN,21.125,24,35.375,-78.375,time_exit,11530.75,11480.0,11630.5,11716.5,11630.25,11708.25,7067.0,90.14492753623189,1
176,2022-07-27T12:35:00.000000,,,2022,2022-07-27,LONG,fib382,1.0,12462.4695,12387.5,12537.438999999998,74.96949999999924,NO_ENTRY,0.0,0,0.0,0.0,no_entry_or_no_exit,12418.0,12387.5,12422.75,12528.75,12421.5,12527.25,22432.0,97.43589743589743,1
176,2022-07-27T12:35:00.000000,,,2022,2022-07-27,LONG,fib382,1.5,12462.4695,12387.5,12574.923749999998,74.96949999999924,NO_ENTRY,0.0,0,0.0,0.0,no_entry_or_no_exit,12418.0,12387.5,12422.75,12528.75,12421.5,12527.25,22432.0,97.43589743589743,1
176,2022-07-27T12:35:00.000000,,,2022,2022-07-27,LONG,fib382,2.0,12462.4695,12387.5,12612.408499999998,74.96949999999924,NO_ENTRY,0.0,0,0.0,0.0,no_entry_or_no_exit,12418.0,12387.5,12422.75,12528.75,12421.5,12527.25,22432.0,97.43589743589743,1
176,2022-07-27T12:35:00.000000,,,2022,2022-07-27,LONG,fib50,1.0,12475.125,12387.5,12562.75,87.625,NO_ENTRY,0.0,0,0.0,0.0,no_entry_or_no_exit,12418.0,12387.5,12422.75,12528.75,12421.5,12527.25,22432.0,97.43589743589743,1
176,2022-07-27T12:35:00.000000,,,2022,2022-07-27,LONG,fib50,1.5,12475.125,12387.5,12606.5625,87.625,NO_ENTRY,0.0,0,0.0,0.0,no_entry_or_no_exit,12418.0,12387.5,12422.75,12528.75,12421.5,12527.25,22432.0,97.43589743589743,1
176,2022-07-27T12:35:00.000000,,,2022,2022-07-27,LONG,fib50,2.0,12475.125,12387.5,12650.375,87.625,NO_ENTRY,0.0,0,0.0,0.0,no_entry_or_no_exit,12418.0,12387.5,12422.75,12528.75,12421.5,12527.25,22432.0,97.43589743589743,1
177,2022-07-28T14:00:00.000000,,,2022,2022-07-28,LONG,fib382,1.0,12772.7785,12449.0,13096.557,323.77850000000035,NO_ENTRY,0.0,0,0.0,0.0,no_entry_or_no_exit,12516.25,12449.0,12738.25,12838.75,12732.0,12816.25,14488.0,73.06791569086651,1
177,2022-07-28T14:00:00.000000,,,2022,2022-07-28,LONG,fib382,1.5,12772.7785,12449.0,13258.44625,323.77850000000035,NO_ENTRY,0.0,0,0.0,0.0,no_entry_or_no_exit,12516.25,12449.0,12738.25,12838.75,12732.0,12816.25,14488.0,73.06791569086651,1
177,2022-07-28T14:00:00.000000,,,2022,2022-07-28,LONG,fib382,2.0,12772.7785,12449.0,13420.335500000001,323.77850000000035,NO_ENTRY,0.0,0,0.0,0.0,no_entry_or_no_exit,12516.25,12449.0,12738.25,12838.75,12732.0,12816.25,14488.0,73.06791569086651,1
177,2022-07-28T14:00:00.000000,2022-07-28T14:30:00.000000,2022-07-28T17:25:00.000000,2022,2022-07-28,LONG,fib50,1.0,12785.375,12449.0,13121.75,336.375,WIN,104.625,24,162.625,-1.375,time_exit,12516.25,12449.0,12738.25,12838.75,12732.0,12816.25,14488.0,73.06791569086651,1
177,2022-07-28T14:00:00.000000,2022-07-28T14:30:00.000000,2022-07-28T17:25:00.000000,2022,2022-07-28,LONG,fib50,1.5,12785.375,12449.0,13289.9375,336.375,WIN,104.625,24,162.625,-1.375,time_exit,12516.25,12449.0,12738.25,12838.75,12732.0,12816.25,14488.0,73.06791569086651,1
177,2022-07-28T14:00:00.000000,2022-07-28T14:30:00.000000,2022-07-28T17:25:00.000000,2022,2022-07-28,LONG,fib50,2.0,12785.375,12449.0,13458.125,336.375,WIN,104.625,24,162.625,-1.375,time_exit,12516.25,12449.0,12738.25,12838.75,12732.0,12816.25,14488.0,73.06791569086651,1
178,2022-09-08T10:00:00.000000,2022-09-08T11:35:00.000000,2022-09-08T11:55:00.000000,2022,2022-09-08,SHORT,fib382,1.0,12290.061,12316.5,12263.622,26.439000000000306,WIN,26.439000000000306,5,56.810999999999694,-12.189000000000306,target,12316.5,12235.75,12316.5,12324.25,12234.75,12235.0,12633.0,91.06145251396647,-1
178,2022-09-08T10:00:00.000000,2022-09-08T11:35:00.000000,2022-09-08T11:55:00.000000,2022,2022-09-08,SHORT,fib382,1.5,12290.061,12316.5,12250.4025,26.439000000000306,WIN,39.65850000000046,5,56.810999999999694,-12.189000000000306,target,12316.5,12235.75,12316.5,12324.25,12234.75,12235.0,12633.0,91.06145251396647,-1
178,2022-09-08T10:00:00.000000,2022-09-08T11:35:00.000000,2022-09-08T11:55:00.000000,2022,2022-09-08,SHORT,fib382,2.0,12290.061,12316.5,12237.182999999999,26.439000000000306,WIN,52.87800000000061,5,56.810999999999694,-12.189000000000306,target,12316.5,12235.75,12316.5,12324.25,12234.75,12235.0,12633.0,91.06145251396647,-1
178,2022-09-08T10:00:00.000000,2022-09-08T11:25:00.000000,2022-09-08T11:55:00.000000,2022,2022-09-08,SHORT,fib50,1.0,12279.5,12316.5,12242.5,37.0,WIN,37.0,7,46.25,-22.75,target,12316.5,12235.75,12316.5,12324.25,12234.75,12235.0,12633.0,91.06145251396647,-1
178,2022-09-08T10:00:00.000000,2022-09-08T11:25:00.000000,2022-09-08T13:20:00.000000,2022,2022-09-08,SHORT,fib50,1.5,12279.5,12316.5,12224.0,37.0,LOSS,-5.0,24,50.0,-22.75,time_exit,12316.5,12235.75,12316.5,12324.25,12234.75,12235.0,12633.0,91.06145251396647,-1
178,2022-09-08T10:00:00.000000,2022-09-08T11:25:00.000000,2022-09-08T13:20:00.000000,2022,2022-09-08,SHORT,fib50,2.0,12279.5,12316.5,12205.5,37.0,LOSS,-5.0,24,50.0,-22.75,time_exit,12316.5,12235.75,12316.5,12324.25,12234.75,12235.0,12633.0,91.06145251396647,-1
179,2022-09-12T09:50:00.000000,2022-09-12T09:55:00.000000,2022-09-12T10:00:00.000000,2022,2022-09-12,SHORT,fib382,1.0,12749.2385,12830.75,12667.726999999999,81.51150000000052,WIN,81.51150000000052,2,98.23849999999948,-13.011500000000524,target,12830.75,12790.25,12790.5,12792.5,12679.25,12684.75,3018.0,93.37748344370861,-1
179,2022-09-12T09:50:00.000000,2022-09-12T09:55:00.000000,2022-09-12T11:50:00.000000,2022,2022-09-12,SHORT,fib382,1.5,12749.2385,12830.75,12626.971249999999,81.51150000000052,LOSS,-76.51150000000052,24,98.23849999999948,-78.76150000000052,time_exit,12830.75,12790.25,12790.5,12792.5,12679.25,12684.75,3018.0,93.37748344370861,-1
179,2022-09-12T09:50:00.000000,2022-09-12T09:55:00.000000,2022-09-12T11:50:00.000000,2022,2022-09-12,SHORT,fib382,2.0,12749.2385,12830.75,12586.215499999998,81.51150000000052,LOSS,-76.51150000000052,24,98.23849999999948,-78.76150000000052,time_exit,12830.75,12790.25,12790.5,12792.5,12679.25,12684.75,3018.0,93.37748344370861,-1
179,2022-09-12T09:50:00.000000,2022-09-12T09:55:00.000000,2022-09-12T11:50:00.000000,2022,2022-09-12,SHORT,fib50,1.0,12735.875,12830.75,12641.0,94.875,LOSS,-89.875,24,84.875,-92.125,time_exit,12830.75,12790.25,12790.5,12792.5,12679.25,12684.75,3018.0,93.37748344370861,-1
179,2022-09-12T09:50:00.000000,2022-09-12T09:55:00.000000,2022-09-12T11:50:00.000000,2022,2022-09-12,SHORT,fib50,1.5,12735.875,12830.75,12593.5625,94.875,LOSS,-89.875,24,84.875,-92.125,time_exit,12830.75,12790.25,12790.5,12792.5,12679.25,12684.75,3018.0,93.37748344370861,-1
179,2022-09-12T09:50:00.000000,2022-09-12T09:55:00.000000,2022-09-12T11:50:00.000000,2022,2022-09-12,SHORT,fib50,2.0,12735.875,12830.75,12546.125,94.875,LOSS,-89.875,24,84.875,-92.125,time_exit,12830.75,12790.25,12790.5,12792.5,12679.25,12684.75,3018.0,93.37748344370861,-1
180,2022-09-12T11:30:00.000000,2022-09-12T11:35:00.000000,2022-09-12T11:45:00.000000,2022,2022-09-12,SHORT,fib382,1.0,12785.8335,12830.75,12740.917000000001,44.91649999999936,WIN,44.91649999999936,3,74.83350000000064,-34.66649999999936,target,12830.75,12790.25,12816.25,12820.5,12729.75,12736.5,2815.0,87.87878787878788,-1
180,2022-09-12T11:30:00.000000,2022-09-12T11:35:00.000000,2022-09-12T11:45:00.000000,2022,2022-09-12,SHORT,fib382,1.5,12785.8335,12830.75,12718.458750000002,44.91649999999936,WIN,67.37474999999904,3,74.83350000000064,-34.66649999999936,target,12830.75,12790.25,12816.25,12820.5,12729.75,12736.5,2815.0,87.87878787878788,-1
180,2022-09-12T11:30:00.000000,2022-09-12T11:35:00.000000,2022-09-12T12:25:00.000000,2022,2022-09-12,SHORT,fib382,2.0,12785.8335,12830.75,12696.000500000002,44.91649999999936,WIN,89.83299999999872,11,90.33350000000064,-42.16649999999936,target,12830.75,12790.25,12816.25,12820.5,12729.75,12736.5,2815.0,87.87878787878788,-1
180,2022-09-12T11:30:00.000000,2022-09-12T11:35:00.000000,2022-09-12T11:45:00.000000,2022,2022-09-12,SHORT,fib50,1.0,12775.125,12830.75,12719.5,55.625,WIN,55.625,3,64.125,-45.375,target,12830.75,12790.25,12816.25,12820.5,12729.75,12736.5,2815.0,87.87878787878788,-1
180,2022-09-12T11:30:00.000000,2022-09-12T11:35:00.000000,2022-09-12T13:30:00.000000,2022,2022-09-12,SHORT,fib50,1.5,12775.125,12830.75,12691.6875,55.625,LOSS,-18.625,24,79.625,-52.875,time_exit,12830.75,12790.25,12816.25,12820.5,12729.75,12736.5,2815.0,87.87878787878788,-1
180,2022-09-12T11:30:00.000000,2022-09-12T11:35:00.000000,2022-09-12T13:30:00.000000,2022,2022-09-12,SHORT,fib50,2.0,12775.125,12830.75,12663.875,55.625,LOSS,-18.625,24,79.625,-52.875,time_exit,12830.75,12790.25,12816.25,12820.5,12729.75,12736.5,2815.0,87.87878787878788,-1
181,2022-09-12T12:15:00.000000,2022-09-12T12:20:00.000000,2022-09-12T12:20:00.000000,2022,2022-09-12,SHORT,fib382,1.0,12774.646,12830.75,12718.542000000001,56.10399999999936,WIN,56.10399999999936,1,68.39600000000064,-29.60399999999936,target,12830.75,12790.25,12813.5,12821.25,12699.25,12707.75,3280.0,86.68032786885246,-1
181,2022-09-12T12:15:00.000000,2022-09-12T12:20:00.000000,2022-09-12T14:00:00.000000,2022,2022-09-12,SHORT,fib382,1.5,12774.646,12830.75,12690.490000000002,56.10399999999936,LOSS,-56.10399999999936,21,79.14600000000064,-72.10399999999936,stop,12830.75,12790.25,12813.5,12821.25,12699.25,12707.75,3280.0,86.68032786885246,-1
181,2022-09-12T12:15:00.000000,2022-09-12T12:20:00.000000,2022-09-12T14:00:00.000000,2022,2022-09-12,SHORT,fib382,2.0,12774.646,12830.75,12662.438000000002,56.10399999999936,LOSS,-56.10399999999936,21,79.14600000000064,-72.10399999999936,stop,12830.75,12790.25,12813.5,12821.25,12699.25,12707.75,3280.0,86.68032786885246,-1
181,2022-09-12T12:15:00.000000,2022-09-12T12:20:00.000000,2022-09-12T14:00:00.000000,2022,2022-09-12,SHORT,fib50,1.0,12760.25,12830.75,12689.75,70.5,LOSS,-70.5,21,64.75,-86.5,stop,12830.75,12790.25,12813.5,12821.25,12699.25,12707.75,3280.0,86.68032786885246,-1
181,2022-09-12T12:15:00.000000,2022-09-12T12:20:00.000000,2022-09-12T14:00:00.000000,2022,2022-09-12,SHORT,fib50,1.5,12760.25,12830.75,12654.5,70.5,LOSS,-70.5,21,64.75,-86.5,stop,12830.75,12790.25,12813.5,12821.25,12699.25,12707.75,3280.0,86.68032786885246,-1
181,2022-09-12T12:15:00.000000,2022-09-12T12:20:00.000000,2022-09-12T14:00:00.000000,2022,2022-09-12,SHORT,fib50,2.0,12760.25,12830.75,12619.25,70.5,LOSS,-70.5,21,64.75,-86.5,stop,12830.75,12790.25,12813.5,12821.25,12699.25,12707.75,3280.0,86.68032786885246,-1
182,2022-09-12T14:45:00.000000,2022-09-12T14:50:00.000000,2022-09-12T14:50:00.000000,2022,2022-09-12,LONG,fib382,1.0,12800.6975,12790.25,12811.145,10.447500000000218,LOSS,-10.447500000000218,1,54.30249999999978,-31.19750000000022,both_same_bar_stop_first,12830.75,12790.25,12768.0,12854.0,12767.75,12852.75,188.0,98.26086956521739,1
182,2022-09-12T14:45:00.000000,2022-09-12T14:50:00.000000,2022-09-12T14:50:00.000000,2022,2022-09-12,LONG,fib382,1.5,12800.6975,12790.25,12816.368750000001,10.447500000000218,LOSS,-10.447500000000218,1,54.30249999999978,-31.19750000000022,both_same_bar_stop_first,12830.75,12790.25,12768.0,12854.0,12767.75,12852.75,188.0,98.26086956521739,1
182,2022-09-12T14:45:00.000000,2022-09-12T14:50:00.000000,2022-09-12T14:50:00.000000,2022,2022-09-12,LONG,fib382,2.0,12800.6975,12790.25,12821.5925,10.447500000000218,LOSS,-10.447500000000218,1,54.30249999999978,-31.19750000000022,both_same_bar_stop_first,12830.75,12790.25,12768.0,12854.0,12767.75,12852.75,188.0,98.26086956521739,1
182,2022-09-12T14:45:00.000000,2022-09-12T14:50:00.000000,2022-09-12T14:50:00.000000,2022,2022-09-12,LONG,fib50,1.0,12810.875,12790.25,12831.5,20.625,LOSS,-20.625,1,44.125,-41.375,both_same_bar_stop_first,12830.75,12790.25,12768.0,12854.0,12767.75,12852.75,188.0,98.26086956521739,1
182,2022-09-12T14:45:00.000000,2022-09-12T14:50:00.000000,2022-09-12T14:50:00.000000,2022,2022-09-12,LONG,fib50,1.5,12810.875,12790.25,12841.8125,20.625,LOSS,-20.625,1,44.125,-41.375,both_same_bar_stop_first,12830.75,12790.25,12768.0,12854.0,12767.75,12852.75,188.0,98.26086956521739,1
182,2022-09-12T14:45:00.000000,2022-09-12T14:50:00.000000,2022-09-12T14:50:00.000000,2022,2022-09-12,LONG,fib50,2.0,12810.875,12790.25,12852.125,20.625,LOSS,-20.625,1,44.125,-41.375,both_same_bar_stop_first,12830.75,12790.25,12768.0,12854.0,12767.75,12852.75,188.0,98.26086956521739,1
183,2022-09-21T12:00:00.000000,2022-09-21T12:30:00.000000,2022-09-21T12:30:00.000000,2022,2022-09-21,SHORT,fib382,1.0,11946.1715,11999.75,11892.593,53.57849999999962,WIN,53.57849999999962,1,134.67150000000038,-45.07849999999962,target,11999.75,11952.0,12031.5,12044.25,11787.5,11790.25,36291.0,93.96299902629016,-1
183,2022-09-21T12:00:00.000000,2022-09-21T12:30:00.000000,2022-09-21T12:30:00.000000,2022,2022-09-21,SHORT,fib382,1.5,11946.1715,11999.75,11865.803750000001,53.57849999999962,WIN,80.36774999999943,1,134.67150000000038,-45.07849999999962,target,11999.75,11952.0,12031.5,12044.25,11787.5,11790.25,36291.0,93.96299902629016,-1
183,2022-09-21T12:00:00.000000,2022-09-21T12:30:00.000000,2022-09-21T12:30:00.000000,2022,2022-09-21,SHORT,fib382,2.0,11946.1715,11999.75,11839.014500000001,53.57849999999962,WIN,107.15699999999924,1,134.67150000000038,-45.07849999999962,target,11999.75,11952.0,12031.5,12044.25,11787.5,11790.25,36291.0,93.96299902629016,-1
183,2022-09-21T12:00:00.000000,2022-09-21T12:30:00.000000,2022-09-21T12:30:00.000000,2022,2022-09-21,SHORT,fib50,1.0,11915.875,11999.75,11832.0,83.875,WIN,83.875,1,104.375,-75.375,target,11999.75,11952.0,12031.5,12044.25,11787.5,11790.25,36291.0,93.96299902629016,-1
183,2022-09-21T12:00:00.000000,2022-09-21T12:30:00.000000,2022-09-21T12:40:00.000000,2022,2022-09-21,SHORT,fib50,1.5,11915.875,11999.75,11790.0625,83.875,LOSS,-83.875,3,104.375,-182.125,stop,11999.75,11952.0,12031.5,12044.25,11787.5,11790.25,36291.0,93.96299902629016,-1
183,2022-09-21T12:00:00.000000,2022-09-21T12:30:00.000000,2022-09-21T12:40:00.000000,2022,2022-09-21,SHORT,fib50,2.0,11915.875,11999.75,11748.125,83.875,LOSS,-83.875,3,104.375,-182.125,stop,11999.75,11952.0,12031.5,12044.25,11787.5,11790.25,36291.0,93.96299902629016,-1
185,2022-09-21T13:25:00.000000,,,2022,2022-09-21,SHORT,fib382,1.0,11909.4965,11999.75,11819.242999999999,90.25350000000071,NO_ENTRY,0.0,0,0.0,0.0,no_entry_or_no_exit,11999.75,11952.0,11944.75,11945.5,11851.25,11852.25,14480.0,98.14323607427056,-1
185,2022-09-21T13:25:00.000000,,,2022,2022-09-21,SHORT,fib382,1.5,11909.4965,11999.75,11774.11625,90.25350000000071,NO_ENTRY,0.0,0,0.0,0.0,no_entry_or_no_exit,11999.75,11952.0,11944.75,11945.5,11851.25,11852.25,14480.0,98.14323607427056,-1
185,2022-09-21T13:25:00.000000,,,2022,2022-09-21,SHORT,fib382,2.0,11909.4965,11999.75,11728.989499999998,90.25350000000071,NO_ENTRY,0.0,0,0.0,0.0,no_entry_or_no_exit,11999.75,11952.0,11944.75,11945.5,11851.25,11852.25,14480.0,98.14323607427056,-1
185,2022-09-21T13:25:00.000000,,,2022,2022-09-21,SHORT,fib50,1.0,11898.375,11999.75,11797.0,101.375,NO_ENTRY,0.0,0,0.0,0.0,no_entry_or_no_exit,11999.75,11952.0,11944.75,11945.5,11851.25,11852.25,14480.0,98.14323607427056,-1
185,2022-09-21T13:25:00.000000,,,2022,2022-09-21,SHORT,fib50,1.5,11898.375,11999.75,11746.3125,101.375,NO_ENTRY,0.0,0,0.0,0.0,no_entry_or_no_exit,11999.75,11952.0,11944.75,11945.5,11851.25,11852.25,14480.0,98.14323607427056,-1
185,2022-09-21T13:25:00.000000,,,2022,2022-09-21,SHORT,fib50,2.0,11898.375,11999.75,11695.625,101.375,NO_ENTRY,0.0,0,0.0,0.0,no_entry_or_no_exit,11999.75,11952.0,11944.75,11945.5,11851.25,11852.25,14480.0,98.14323607427056,-1
187,2022-10-11T09:00:00.000000,2022-10-11T09:05:00.000000,2022-10-11T09:35:00.000000,2022,2022-10-11,LONG,fib382,1.0,10873.7145,10808.75,10938.679,64.96450000000004,WIN,64.96450000000004,7,89.03549999999996,-1.7145000000000437,target,10901.5,10808.75,10847.25,10923.0,10843.25,10914.5,12846.0,84.32601880877742,1
187,2022-10-11T09:00:00.000000,2022-10-11T09:05:00.000000,2022-10-11T09:40:00.000000,2022,2022-10-11,LONG,fib382,1.5,10873.7145,10808.75,10971.161250000001,64.96450000000004,WIN,97.44675000000007,8,99.03549999999996,-1.7145000000000437,target,10901.5,10808.75,10847.25,10923.0,10843.25,10914.5,12846.0,84.32601880877742,1
187,2022-10-11T09:00:00.000000,2022-10-11T09:05:00.000000,2022-10-11T10:40:00.000000,2022,2022-10-11,LONG,fib382,2.0,10873.7145,10808.75,11003.6435,64.96450000000004,WIN,129.9290000000001,20,150.53549999999996,-1.7145000000000437,target,10901.5,10808.75,10847.25,10923.0,10843.25,10914.5,12846.0,84.32601880877742,1
187,2022-10-11T09:00:00.000000,2022-10-11T09:05:00.000000,2022-10-11T09:35:00.000000,2022,2022-10-11,LONG,fib50,1.0,10883.125,10808.75,10957.5,74.375,WIN,74.375,7,79.625,-11.125,target,10901.5,10808.75,10847.25,10923.0,10843.25,10914.5,12846.0,84.32601880877742,1
187,2022-10-11T09:00:00.000000,2022-10-11T09:05:00.000000,2022-10-11T09:45:00.000000,2022,2022-10-11,LONG,fib50,1.5,10883.125,10808.75,10994.6875,74.375,WIN,111.5625,9,112.125,-11.125,target,10901.5,10808.75,10847.25,10923.0,10843.25,10914.5,12846.0,84.32601880877742,1
187,2022-10-11T09:00:00.000000,2022-10-11T09:05:00.000000,2022-10-11T10:45:00.000000,2022,2022-10-11,LONG,fib50,2.0,10883.125,10808.75,11031.875,74.375,WIN,148.75,21,156.375,-11.125,target,10901.5,10808.75,10847.25,10923.0,10843.25,10914.5,12846.0,84.32601880877742,1
188,2022-10-13T09:05:00.000000,,,2022,2022-10-13,LONG,fib382,1.0,10717.7225,10604.25,10831.195,113.47249999999985,NO_ENTRY,0.0,0,0.0,0.0,no_entry_or_no_exit,10674.5,10604.25,10683.75,10778.75,10680.0,10769.25,19873.0,86.58227848101265,1
188,2022-10-13T09:05:00.000000,,,2022,2022-10-13,LONG,fib382,1.5,10717.7225,10604.25,10887.93125,113.47249999999985,NO_ENTRY,0.0,0,0.0,0.0,no_entry_or_no_exit,10674.5,10604.25,10683.75,10778.75,10680.0,10769.25,19873.0,86.58227848101265,1
188,2022-10-13T09:05:00.000000,,,2022,2022-10-13,LONG,fib382,2.0,10717.7225,10604.25,10944.6675,113.47249999999985,NO_ENTRY,0.0,0,0.0,0.0,no_entry_or_no_exit,10674.5,10604.25,10683.75,10778.75,10680.0,10769.25,19873.0,86.58227848101265,1
188,2022-10-13T09:05:00.000000,,,2022,2022-10-13,LONG,fib50,1.0,10729.375,10604.25,10854.5,125.125,NO_ENTRY,0.0,0,0.0,0.0,no_entry_or_no_exit,10674.5,10604.25,10683.75,10778.75,10680.0,10769.25,19873.0,86.58227848101265,1
188,2022-10-13T09:05:00.000000,,,2022,2022-10-13,LONG,fib50,1.5,10729.375,10604.25,10917.0625,125.125,NO_ENTRY,0.0,0,0.0,0.0,no_entry_or_no_exit,10674.5,10604.25,10683.75,10778.75,10680.0,10769.25,19873.0,86.58227848101265,1
188,2022-10-13T09:05:00.000000,,,2022,2022-10-13,LONG,fib50,2.0,10729.375,10604.25,10979.625,125.125,NO_ENTRY,0.0,0,0.0,0.0,no_entry_or_no_exit,10674.5,10604.25,10683.75,10778.75,10680.0,10769.25,19873.0,86.58227848101265,1
189,2022-10-13T09:35:00.000000,2022-10-13T09:45:00.000000,2022-10-13T11:40:00.000000,2022,2022-10-13,LONG,fib382,1.0,10985.3025,10604.25,11366.355,381.0524999999998,WIN,79.19750000000022,24,131.94750000000022,-71.05249999999978,time_exit,10674.5,10604.25,10923.25,11086.5,10922.75,11049.75,24047.0,77.25190839694656,1
189,2022-10-13T09:35:00.000000,2022-10-13T09:45:00.000000,2022-10-13T11:40:00.000000,2022,2022-10-13,LONG,fib382,1.5,10985.3025,10604.25,11556.881249999999,381.0524999999998,WIN,79.19750000000022,24,131.94750000000022,-71.05249999999978,time_exit,10674.5,10604.25,10923.25,11086.5,10922.75,11049.75,24047.0,77.25190839694656,1
189,2022-10-13T09:35:00.000000,2022-10-13T09:45:00.000000,2022-10-13T11:40:00.000000,2022,2022-10-13,LONG,fib382,2.0,10985.3025,10604.25,11747.4075,381.0524999999998,WIN,79.19750000000022,24,131.94750000000022,-71.05249999999978,time_exit,10674.5,10604.25,10923.25,11086.5,10922.75,11049.75,24047.0,77.25190839694656,1
189,2022-10-13T09:35:00.000000,2022-10-13T09:45:00.000000,2022-10-13T11:40:00.000000,2022,2022-10-13,LONG,fib50,1.0,11004.625,10604.25,11405.0,400.375,WIN,59.875,24,112.625,-90.375,time_exit,10674.5,10604.25,10923.25,11086.5,10922.75,11049.75,24047.0,77.25190839694656,1
189,2022-10-13T09:35:00.000000,2022-10-13T09:45:00.000000,2022-10-13T11:40:00.000000,2022,2022-10-13,LONG,fib50,1.5,11004.625,10604.25,11605.1875,400.375,WIN,59.875,24,112.625,-90.375,time_exit,10674.5,10604.25,10923.25,11086.5,10922.75,11049.75,24047.0,77.25190839694656,1
189,2022-10-13T09:35:00.000000,2022-10-13T09:45:00.000000,2022-10-13T11:40:00.000000,2022,2022-10-13,LONG,fib50,2.0,11004.625,10604.25,11805.375,400.375,WIN,59.875,24,112.625,-90.375,time_exit,10674.5,10604.25,10923.25,11086.5,10922.75,11049.75,24047.0,77.25190839694656,1
190,2022-10-14T10:05:00.000000,2022-10-14T10:30:00.000000,2022-10-14T12:25:00.000000,2022,2022-10-14,SHORT,fib382,1.0,10841.0465,10948.5,10733.593,107.45349999999962,WIN,50.54650000000038,24,70.54650000000038,-23.20349999999962,time_exit,10948.5,10856.25,10867.5,10867.5,10798.25,10800.0,9042.0,97.47292418772562,-1
190,2022-10-14T10:05:00.000000,2022-10-14T10:30:00.000000,2022-10-14T12:25:00.000000,2022,2022-10-14,SHORT,fib382,1.5,10841.0465,10948.5,10679.866250000001,107.45349999999962,WIN,50.54650000000038,24,70.54650000000038,-23.20349999999962,time_exit,10948.5,10856.25,10867.5,10867.5,10798.25,10800.0,9042.0,97.47292418772562,-1
190,2022-10-14T10:05:00.000000,2022-10-14T10:30:00.000000,2022-10-14T12:25:00.000000,2022,2022-10-14,SHORT,fib382,2.0,10841.0465,10948.5,10626.139500000001,107.45349999999962,WIN,50.54650000000038,24,70.54650000000038,-23.20349999999962,time_exit,10948.5,10856.25,10867.5,10867.5,10798.25,10800.0,9042.0,97.47292418772562,-1
190,2022-10-14T10:05:00.000000,2022-10-14T10:25:00.000000,2022-10-14T12:20:00.000000,2022,2022-10-14,SHORT,fib50,1.0,10832.875,10948.5,10717.25,115.625,WIN,49.625,24,60.625,-31.375,time_exit,10948.5,10856.25,10867.5,10867.5,10798.25,10800.0,9042.0,97.47292418772562,-1
190,2022-10-14T10:05:00.000000,2022-10-14T10:25:00.000000,2022-10-14T12:20:00.000000,2022,2022-10-14,SHORT,fib50,1.5,10832.875,10948.5,10659.4375,115.625,WIN,49.625,24,60.625,-31.375,time_exit,10948.5,10856.25,10867.5,10867.5,10798.25,10800.0,9042.0,97.47292418772562,-1
190,2022-10-14T10:05:00.000000,2022-10-14T10:25:00.000000,2022-10-14T12:20:00.000000,2022,2022-10-14,SHORT,fib50,2.0,10832.875,10948.5,10601.625,115.625,WIN,49.625,24,60.625,-31.375,time_exit,10948.5,10856.25,10867.5,10867.5,10798.25,10800.0,9042.0,97.47292418772562,-1
192,2022-10-27T14:00:00.000000,2022-10-27T16:10:00.000000,2022-10-27T18:05:00.000000,2022,2022-10-27,SHORT,fib382,1.0,11177.5605,11453.0,10902.121,275.4395000000004,WIN,43.06049999999959,24,50.31049999999959,-12.189500000000407,time_exit,11453.0,11341.25,11240.0,11251.0,11058.75,11086.5,25764.0,79.84395318595578,-1
192,2022-10-27T14:00:00.000000,2022-10-27T16:10:00.000000,2022-10-27T18:05:00.000000,2022,2022-10-27,SHORT,fib382,1.5,11177.5605,11453.0,10764.401249999999,275.4395000000004,WIN,43.06049999999959,24,50.31049999999959,-12.189500000000407,time_exit,11453.0,11341.25,11240.0,11251.0,11058.75,11086.5,25764.0,79.84395318595578,-1
192,2022-10-27T14:00:00.000000,2022-10-27T16:10:00.000000,2022-10-27T18:05:00.000000,2022,2022-10-27,SHORT,fib382,2.0,11177.5605,11453.0,10626.681499999999,275.4395000000004,WIN,43.06049999999959,24,50.31049999999959,-12.189500000000407,time_exit,11453.0,11341.25,11240.0,11251.0,11058.75,11086.5,25764.0,79.84395318595578,-1
192,2022-10-27T14:00:00.000000,2022-10-27T16:05:00.000000,2022-10-27T18:00:00.000000,2022,2022-10-27,SHORT,fib50,1.0,11154.875,11453.0,10856.75,298.125,WIN,16.375,24,27.625,-34.875,time_exit,11453.0,11341.25,11240.0,11251.0,11058.75,11086.5,25764.0,79.84395318595578,-1
192,2022-10-27T14:00:00.000000,2022-10-27T16:05:00.000000,2022-10-27T18:00:00.000000,2022,2022-10-27,SHORT,fib50,1.5,11154.875,11453.0,10707.6875,298.125,WIN,16.375,24,27.625,-34.875,time_exit,11453.0,11341.25,11240.0,11251.0,11058.75,11086.5,25764.0,79.84395318595578,-1
192,2022-10-27T14:00:00.000000,2022-10-27T16:05:00.000000,2022-10-27T18:00:00.000000,2022,2022-10-27,SHORT,fib50,2.0,11154.875,11453.0,10558.625,298.125,WIN,16.375,24,27.625,-34.875,time_exit,11453.0,11341.25,11240.0,11251.0,11058.75,11086.5,25764.0,79.84395318595578,-1
193,2022-11-02T12:00:00.000000,2022-11-02T12:35:00.000000,2022-11-02T12:35:00.000000,2022,2022-11-02,LONG,fib382,1.0,11289.1855,11254.0,11324.371,35.18549999999959,LOSS,-35.18549999999959,1,170.8145000000004,-71.18549999999959,both_same_bar_stop_first,11280.0,11254.0,11251.5,11440.75,11195.5,11401.75,35737.0,61.26401630988787,1
193,2022-11-02T12:00:00.000000,2022-11-02T12:35:00.000000,2022-11-02T12:35:00.000000,2022,2022-11-02,LONG,fib382,1.5,11289.1855,11254.0,11341.963749999999,35.18549999999959,LOSS,-35.18549999999959,1,170.8145000000004,-71.18549999999959,both_same_bar_stop_first,11280.0,11254.0,11251.5,11440.75,11195.5,11401.75,35737.0,61.26401630988787,1
193,2022-11-02T12:00:00.000000,2022-11-02T12:35:00.000000,2022-11-02T12:35:00.000000,2022,2022-11-02,LONG,fib382,2.0,11289.1855,11254.0,11359.556499999999,35.18549999999959,LOSS,-35.18549999999959,1,170.8145000000004,-71.18549999999959,both_same_bar_stop_first,11280.0,11254.0,11251.5,11440.75,11195.5,11401.75,35737.0,61.26401630988787,1
193,2022-11-02T12:00:00.000000,2022-11-02T12:35:00.000000,2022-11-02T12:35:00.000000,2022,2022-11-02,LONG,fib50,1.0,11318.125,11254.0,11382.25,64.125,LOSS,-64.125,1,141.875,-100.125,both_same_bar_stop_first,11280.0,11254.0,11251.5,11440.75,11195.5,11401.75,35737.0,61.26401630988787,1
193,2022-11-02T12:00:00.000000,2022-11-02T12:35:00.000000,2022-11-02T12:35:00.000000,2022,2022-11-02,LONG,fib50,1.5,11318.125,11254.0,11414.3125,64.125,LOSS,-64.125,1,141.875,-100.125,both_same_bar_stop_first,11280.0,11254.0,11251.5,11440.75,11195.5,11401.75,35737.0,61.26401630988787,1
193,2022-11-02T12:00:00.000000,2022-11-02T12:35:00.000000,2022-11-02T12:35:00.000000,2022,2022-11-02,LONG,fib50,2.0,11318.125,11254.0,11446.375,64.125,LOSS,-64.125,1,141.875,-100.125,both_same_bar_stop_first,11280.0,11254.0,11251.5,11440.75,11195.5,11401.75,35737.0,61.26401630988787,1
194,2022-11-02T12:50:00.000000,2022-11-02T13:05:00.000000,2022-11-02T13:05:00.000000,2022,2022-11-02,SHORT,fib382,1.0,11225.9955,11280.0,11171.991000000002,54.0044999999991,WIN,54.0044999999991,1,69.7455000000009,-17.754499999999098,target,11280.0,11254.0,11274.5,11292.75,11118.0,11161.25,27577.0,64.8068669527897,-1
194,2022-11-02T12:50:00.000000,2022-11-02T13:05:00.000000,2022-11-02T13:15:00.000000,2022,2022-11-02,SHORT,fib382,1.5,11225.9955,11280.0,11144.988750000002,54.0044999999991,WIN,81.00674999999865,3,118.9955000000009,-17.754499999999098,target,11280.0,11254.0,11274.5,11292.75,11118.0,11161.25,27577.0,64.8068669527897,-1
194,2022-11-02T12:50:00.000000,2022-11-02T13:05:00.000000,2022-11-02T13:15:00.000000,2022,2022-11-02,SHORT,fib382,2.0,11225.9955,11280.0,11117.986500000003,54.0044999999991,WIN,108.0089999999982,3,118.9955000000009,-17.754499999999098,target,11280.0,11254.0,11274.5,11292.75,11118.0,11161.25,27577.0,64.8068669527897,-1
194,2022-11-02T12:50:00.000000,2022-11-02T13:05:00.000000,2022-11-02T13:15:00.000000,2022,2022-11-02,SHORT,fib50,1.0,11205.375,11280.0,11130.75,74.625,WIN,74.625,3,98.375,-38.375,target,11280.0,11254.0,11274.5,11292.75,11118.0,11161.25,27577.0,64.8068669527897,-1
194,2022-11-02T12:50:00.000000,2022-11-02T13:05:00.000000,2022-11-02T13:20:00.000000,2022,2022-11-02,SHORT,fib50,1.5,11205.375,11280.0,11093.4375,74.625,WIN,111.9375,4,151.625,-38.375,target,11280.0,11254.0,11274.5,11292.75,11118.0,11161.25,27577.0,64.8068669527897,-1
194,2022-11-02T12:50:00.000000,2022-11-02T13:05:00.000000,2022-11-02T13:20:00.000000,2022,2022-11-02,SHORT,fib50,2.0,11205.375,11280.0,11056.125,74.625,WIN,149.25,4,151.625,-38.375,target,11280.0,11254.0,11274.5,11292.75,11118.0,11161.25,27577.0,64.8068669527897,-1
196,2022-11-23T13:00:00.000000,2022-11-23T13:10:00.000000,2022-11-23T15:05:00.000000,2022,2022-11-23,LONG,fib382,1.0,11820.787,11745.25,11896.324,75.53700000000026,WIN,53.96299999999974,24,71.96299999999974,-4.287000000000262,time_exit,11802.25,11745.25,11812.75,11884.75,11781.25,11879.0,16153.0,64.00966183574879,1
196,2022-11-23T13:00:00.000000,2022-11-23T13:10:00.000000,2022-11-23T15:05:00.000000,2022,2022-11-23,LONG,fib382,1.5,11820.787,11745.25,11934.0925,75.53700000000026,WIN,53.96299999999974,24,71.96299999999974,-4.287000000000262,time_exit,11802.25,11745.25,11812.75,11884.75,11781.25,11879.0,16153.0,64.00966183574879,1
196,2022-11-23T13:00:00.000000,2022-11-23T13:10:00.000000,2022-11-23T15:05:00.000000,2022,2022-11-23,LONG,fib382,2.0,11820.787,11745.25,11971.861,75.53700000000026,WIN,53.96299999999974,24,71.96299999999974,-4.287000000000262,time_exit,11802.25,11745.25,11812.75,11884.75,11781.25,11879.0,16153.0,64.00966183574879,1
196,2022-11-23T13:00:00.000000,2022-11-23T13:10:00.000000,2022-11-23T15:05:00.000000,2022,2022-11-23,LONG,fib50,1.0,11833.0,11745.25,11920.75,87.75,WIN,41.75,24,59.75,-16.5,time_exit,11802.25,11745.25,11812.75,11884.75,11781.25,11879.0,16153.0,64.00966183574879,1
196,2022-11-23T13:00:00.000000,2022-11-23T13:10:00.000000,2022-11-23T15:05:00.000000,2022,2022-11-23,LONG,fib50,1.5,11833.0,11745.25,11964.625,87.75,WIN,41.75,24,59.75,-16.5,time_exit,11802.25,11745.25,11812.75,11884.75,11781.25,11879.0,16153.0,64.00966183574879,1
196,2022-11-23T13:00:00.000000,2022-11-23T13:10:00.000000,2022-11-23T15:05:00.000000,2022,2022-11-23,LONG,fib50,2.0,11833.0,11745.25,12008.5,87.75,WIN,41.75,24,59.75,-16.5,time_exit,11802.25,11745.25,11812.75,11884.75,11781.25,11879.0,16153.0,64.00966183574879,1
197,2022-11-30T13:15:00.000000,2022-11-30T13:40:00.000000,2022-11-30T15:35:00.000000,2022,2022-11-30,LONG,fib382,1.0,11865.1835,11518.75,12211.616999999998,346.4334999999992,WIN,210.56650000000081,24,211.06650000000081,-3.933499999999185,time_exit,11581.5,11518.75,11834.25,11917.25,11833.0,11908.75,15978.0,88.4272997032641,1
197,2022-11-30T13:15:00.000000,2022-11-30T13:40:00.000000,2022-11-30T15:35:00.000000,2022,2022-11-30,LONG,fib382,1.5,11865.1835,11518.75,12384.833749999998,346.4334999999992,WIN,210.56650000000081,24,211.06650000000081,-3.933499999999185,time_exit,11581.5,11518.75,11834.25,11917.25,11833.0,11908.75,15978.0,88.4272997032641,1
197,2022-11-30T13:15:00.000000,2022-11-30T13:40:00.000000,2022-11-30T15:35:00.000000,2022,2022-11-30,LONG,fib382,2.0,11865.1835,11518.75,12558.050499999998,346.4334999999992,WIN,210.56650000000081,24,211.06650000000081,-3.933499999999185,time_exit,11581.5,11518.75,11834.25,11917.25,11833.0,11908.75,15978.0,88.4272997032641,1
197,2022-11-30T13:15:00.000000,2022-11-30T13:40:00.000000,2022-11-30T15:35:00.000000,2022,2022-11-30,LONG,fib50,1.0,11875.125,11518.75,12231.5,356.375,WIN,200.625,24,201.125,-13.875,time_exit,11581.5,11518.75,11834.25,11917.25,11833.0,11908.75,15978.0,88.4272997032641,1
197,2022-11-30T13:15:00.000000,2022-11-30T13:40:00.000000,2022-11-30T15:35:00.000000,2022,2022-11-30,LONG,fib50,1.5,11875.125,11518.75,12409.6875,356.375,WIN,200.625,24,201.125,-13.875,time_exit,11581.5,11518.75,11834.25,11917.25,11833.0,11908.75,15978.0,88.4272997032641,1
197,2022-11-30T13:15:00.000000,2022-11-30T13:40:00.000000,2022-11-30T15:35:00.000000,2022,2022-11-30,LONG,fib50,2.0,11875.125,11518.75,12587.875,356.375,WIN,200.625,24,201.125,-13.875,time_exit,11581.5,11518.75,11834.25,11917.25,11833.0,11908.75,15978.0,88.4272997032641,1
198,2022-12-12T10:30:00.000000,2022-12-12T10:35:00.000000,2022-12-12T10:35:00.000000,2022,2022-12-12,LONG,fib382,1.0,11622.6715,11557.5,11687.843,65.17150000000038,WIN,65.17150000000038,1,69.82849999999962,-56.92150000000038,target,11682.25,11557.5,11583.0,11695.75,11577.5,11684.75,2505.0,86.04651162790698,1
198,2022-12-12T10:30:00.000000,2022-12-12T10:35:00.000000,2022-12-12T12:00:00.000000,2022,2022-12-12,LONG,fib382,1.5,11622.6715,11557.5,11720.428750000001,65.17150000000038,WIN,97.75725000000057,18,119.82849999999962,-56.92150000000038,target,11682.25,11557.5,11583.0,11695.75,11577.5,11684.75,2505.0,86.04651162790698,1
198,2022-12-12T10:30:00.000000,2022-12-12T10:35:00.000000,2022-12-12T12:30:00.000000,2022,2022-12-12,LONG,fib382,2.0,11622.6715,11557.5,11753.014500000001,65.17150000000038,WIN,90.82849999999962,24,119.82849999999962,-56.92150000000038,time_exit,11682.25,11557.5,11583.0,11695.75,11577.5,11684.75,2505.0,86.04651162790698,1
198,2022-12-12T10:30:00.000000,2022-12-12T10:35:00.000000,2022-12-12T11:00:00.000000,2022,2022-12-12,LONG,fib50,1.0,11636.625,11557.5,11715.75,79.125,WIN,79.125,6,80.875,-70.875,target,11682.25,11557.5,11583.0,11695.75,11577.5,11684.75,2505.0,86.04651162790698,1
198,2022-12-12T10:30:00.000000,2022-12-12T10:35:00.000000,2022-12-12T12:30:00.000000,2022,2022-12-12,LONG,fib50,1.5,11636.625,11557.5,11755.3125,79.125,WIN,76.875,24,105.875,-70.875,time_exit,11682.25,11557.5,11583.0,11695.75,11577.5,11684.75,2505.0,86.04651162790698,1
198,2022-12-12T10:30:00.000000,2022-12-12T10:35:00.000000,2022-12-12T12:30:00.000000,2022,2022-12-12,LONG,fib50,2.0,11636.625,11557.5,11794.875,79.125,WIN,76.875,24,105.875,-70.875,time_exit,11682.25,11557.5,11583.0,11695.75,11577.5,11684.75,2505.0,86.04651162790698,1
199,2022-12-12T10:45:00.000000,2022-12-12T10:50:00.000000,2022-12-12T10:50:00.000000,2022,2022-12-12,LONG,fib382,1.0,11628.1655,11557.5,11698.830999999998,70.66549999999916,WIN,70.66549999999916,1,81.58450000000084,-47.165499999999156,target,11682.25,11557.5,11578.25,11711.75,11576.5,11704.5,2509.0,93.3456561922366,1
199,2022-12-12T10:45:00.000000,2022-12-12T10:50:00.000000,2022-12-12T12:00:00.000000,2022,2022-12-12,LONG,fib382,1.5,11628.1655,11557.5,11734.163749999998,70.66549999999916,WIN,105.99824999999873,15,114.33450000000084,-48.165499999999156,target,11682.25,11557.5,11578.25,11711.75,11576.5,11704.5,2509.0,93.3456561922366,1
199,2022-12-12T10:45:00.000000,2022-12-12T10:50:00.000000,2022-12-12T12:45:00.000000,2022,2022-12-12,LONG,fib382,2.0,11628.1655,11557.5,11769.496499999997,70.66549999999916,WIN,98.33450000000084,24,114.33450000000084,-48.915499999999156,time_exit,11682.25,11557.5,11578.25,11711.75,11576.5,11704.5,2509.0,93.3456561922366,1
199,2022-12-12T10:45:00.000000,2022-12-12T10:50:00.000000,2022-12-12T12:00:00.000000,2022,2022-12-12,LONG,fib50,1.0,11644.125,11557.5,11730.75,86.625,WIN,86.625,15,98.375,-64.125,target,11682.25,11557.5,11578.25,11711.75,11576.5,11704.5,2509.0,93.3456561922366,1
199,2022-12-12T10:45:00.000000,2022-12-12T10:50:00.000000,2022-12-12T12:45:00.000000,2022,2022-12-12,LONG,fib50,1.5,11644.125,11557.5,11774.0625,86.625,WIN,82.375,24,98.375,-64.875,time_exit,11682.25,11557.5,11578.25,11711.75,11576.5,11704.5,2509.0,93.3456561922366,1
199,2022-12-12T10:45:00.000000,2022-12-12T10:50:00.000000,2022-12-12T12:45:00.000000,2022,2022-12-12,LONG,fib50,2.0,11644.125,11557.5,11817.375,86.625,WIN,82.375,24,98.375,-64.875,time_exit,11682.25,11557.5,11578.25,11711.75,11576.5,11704.5,2509.0,93.3456561922366,1
200,2022-12-12T11:35:00.000000,2022-12-12T11:40:00.000000,2022-12-12T11:40:00.000000,2022,2022-12-12,LONG,fib382,1.0,11635.3735,11557.5,11713.247,77.8734999999997,WIN,77.8734999999997,1,83.1265000000003,-48.123499999999694,target,11682.25,11557.5,11593.0,11715.25,11586.0,11710.25,1809.0,90.71566731141199,1
200,2022-12-12T11:35:00.000000,2022-12-12T11:40:00.000000,2022-12-12T13:35:00.000000,2022,2022-12-12,LONG,fib382,1.5,11635.3735,11557.5,11752.18375,77.8734999999997,WIN,86.3765000000003,24,107.1265000000003,-56.123499999999694,time_exit,11682.25,11557.5,11593.0,11715.25,11586.0,11710.25,1809.0,90.71566731141199,1
200,2022-12-12T11:35:00.000000,2022-12-12T11:40:00.000000,2022-12-12T13:35:00.000000,2022,2022-12-12,LONG,fib382,2.0,11635.3735,11557.5,11791.120499999999,77.8734999999997,WIN,86.3765000000003,24,107.1265000000003,-56.123499999999694,time_exit,11682.25,11557.5,11593.0,11715.25,11586.0,11710.25,1809.0,90.71566731141199,1
200,2022-12-12T11:35:00.000000,2022-12-12T11:40:00.000000,2022-12-12T13:35:00.000000,2022,2022-12-12,LONG,fib50,1.0,11650.625,11557.5,11743.75,93.125,WIN,71.125,24,91.875,-71.375,time_exit,11682.25,11557.5,11593.0,11715.25,11586.0,11710.25,1809.0,90.71566731141199,1
200,2022-12-12T11:35:00.000000,2022-12-12T11:40:00.000000,2022-12-12T13:35:00.000000,2022,2022-12-12,LONG,fib50,1.5,11650.625,11557.5,11790.3125,93.125,WIN,71.125,24,91.875,-71.375,time_exit,11682.25,11557.5,11593.0,11715.25,11586.0,11710.25,1809.0,90.71566731141199,1
200,2022-12-12T11:35:00.000000,2022-12-12T11:40:00.000000,2022-12-12T13:35:00.000000,2022,2022-12-12,LONG,fib50,2.0,11650.625,11557.5,11836.875,93.125,WIN,71.125,24,91.875,-71.375,time_exit,11682.25,11557.5,11593.0,11715.25,11586.0,11710.25,1809.0,90.71566731141199,1
201,2022-12-12T12:00:00.000000,2022-12-12T12:05:00.000000,2022-12-12T13:50:00.000000,2022,2022-12-12,LONG,fib382,1.0,11652.1175,11557.5,11746.735,94.61750000000029,WIN,94.61750000000029,22,103.63249999999971,-72.86750000000029,target,11682.25,11557.5,11597.0,11742.5,11596.25,11702.25,7098.0,71.96581196581197,1
201,2022-12-12T12:00:00.000000,2022-12-12T12:05:00.000000,2022-12-12T14:00:00.000000,2022,2022-12-12,LONG,fib382,1.5,11652.1175,11557.5,11794.04375,94.61750000000029,WIN,113.63249999999971,24,118.63249999999971,-72.86750000000029,time_exit,11682.25,11557.5,11597.0,11742.5,11596.25,11702.25,7098.0,71.96581196581197,1
201,2022-12-12T12:00:00.000000,2022-12-12T12:05:00.000000,2022-12-12T14:00:00.000000,2022,2022-12-12,LONG,fib382,2.0,11652.1175,11557.5,11841.3525,94.61750000000029,WIN,113.63249999999971,24,118.63249999999971,-72.86750000000029,time_exit,11682.25,11557.5,11597.0,11742.5,11596.25,11702.25,7098.0,71.96581196581197,1
201,2022-12-12T12:00:00.000000,2022-12-12T12:05:00.000000,2022-12-12T14:00:00.000000,2022,2022-12-12,LONG,fib50,1.0,11669.375,11557.5,11781.25,111.875,WIN,96.375,24,101.375,-90.125,time_exit,11682.25,11557.5,11597.0,11742.5,11596.25,11702.25,7098.0,71.96581196581197,1
201,2022-12-12T12:00:00.000000,2022-12-12T12:05:00.000000,2022-12-12T14:00:00.000000,2022,2022-12-12,LONG,fib50,1.5,11669.375,11557.5,11837.1875,111.875,WIN,96.375,24,101.375,-90.125,time_exit,11682.25,11557.5,11597.0,11742.5,11596.25,11702.25,7098.0,71.96581196581197,1
201,2022-12-12T12:00:00.000000,2022-12-12T12:05:00.000000,2022-12-12T14:00:00.000000,2022,2022-12-12,LONG,fib50,2.0,11669.375,11557.5,11893.125,111.875,WIN,96.375,24,101.375,-90.125,time_exit,11682.25,11557.5,11597.0,11742.5,11596.25,11702.25,7098.0,71.96581196581197,1
202,2022-12-13T09:35:00.000000,2022-12-13T09:45:00.000000,2022-12-13T11:15:00.000000,2022,2022-12-13,SHORT,fib382,1.0,12103.474,12296.25,11910.698,192.77599999999984,WIN,192.77599999999984,19,227.22400000000016,-37.27599999999984,target,12296.25,12183.75,12139.0,12139.0,12046.0,12046.75,10013.0,99.19354838709677,-1
202,2022-12-13T09:35:00.000000,2022-12-13T09:45:00.000000,2022-12-13T11:40:00.000000,2022,2022-12-13,SHORT,fib382,1.5,12103.474,12296.25,11814.310000000001,192.77599999999984,WIN,201.72400000000016,24,256.47400000000016,-37.27599999999984,time_exit,12296.25,12183.75,12139.0,12139.0,12046.0,12046.75,10013.0,99.19354838709677,-1
202,2022-12-13T09:35:00.000000,2022-12-13T09:45:00.000000,2022-12-13T11:40:00.000000,2022,2022-12-13,SHORT,fib382,2.0,12103.474,12296.25,11717.922,192.77599999999984,WIN,201.72400000000016,24,256.47400000000016,-37.27599999999984,time_exit,12296.25,12183.75,12139.0,12139.0,12046.0,12046.75,10013.0,99.19354838709677,-1
202,2022-12-13T09:35:00.000000,2022-12-13T09:40:00.000000,2022-12-13T11:15:00.000000,2022,2022-12-13,SHORT,fib50,1.0,12092.5,12296.25,11888.75,203.75,WIN,203.75,20,216.25,-48.25,target,12296.25,12183.75,12139.0,12139.0,12046.0,12046.75,10013.0,99.19354838709677,-1
202,2022-12-13T09:35:00.000000,2022-12-13T09:40:00.000000,2022-12-13T11:35:00.000000,2022,2022-12-13,SHORT,fib50,1.5,12092.5,12296.25,11786.875,203.75,WIN,187.25,24,245.5,-48.25,time_exit,12296.25,12183.75,12139.0,12139.0,12046.0,12046.75,10013.0,99.19354838709677,-1
202,2022-12-13T09:35:00.000000,2022-12-13T09:40:00.000000,2022-12-13T11:35:00.000000,2022,2022-12-13,SHORT,fib50,2.0,12092.5,12296.25,11685.0,203.75,WIN,187.25,24,245.5,-48.25,time_exit,12296.25,12183.75,12139.0,12139.0,12046.0,12046.75,10013.0,99.19354838709677,-1
203,2022-12-13T10:45:00.000000,,,2022,2022-12-13,SHORT,fib382,1.0,12060.1735,12296.25,11824.097000000002,236.0764999999992,NO_ENTRY,0.0,0,0.0,0.0,no_entry_or_no_exit,12296.25,12183.75,12092.75,12096.75,12001.0,12015.75,9494.0,80.4177545691906,-1
203,2022-12-13T10:45:00.000000,,,2022,2022-12-13,SHORT,fib382,1.5,12060.1735,12296.25,11706.058750000002,236.0764999999992,NO_ENTRY,0.0,0,0.0,0.0,no_entry_or_no_exit,12296.25,12183.75,12092.75,12096.75,12001.0,12015.75,9494.0,80.4177545691906,-1
203,2022-12-13T10:45:00.000000,,,2022,2022-12-13,SHORT,fib382,2.0,12060.1735,12296.25,11588.020500000002,236.0764999999992,NO_ENTRY,0.0,0,0.0,0.0,no_entry_or_no_exit,12296.25,12183.75,12092.75,12096.75,12001.0,12015.75,9494.0,80.4177545691906,-1
203,2022-12-13T10:45:00.000000,,,2022,2022-12-13,SHORT,fib50,1.0,12048.875,12296.25,11801.5,247.375,NO_ENTRY,0.0,0,0.0,0.0,no_entry_or_no_exit,12296.25,12183.75,12092.75,12096.75,12001.0,12015.75,9494.0,80.4177545691906,-1
203,2022-12-13T10:45:00.000000,,,2022,2022-12-13,SHORT,fib50,1.5,12048.875,12296.25,11677.8125,247.375,NO_ENTRY,0.0,0,0.0,0.0,no_entry_or_no_exit,12296.25,12183.75,12092.75,12096.75,12001.0,12015.75,9494.0,80.4177545691906,-1
203,2022-12-13T10:45:00.000000,,,2022,2022-12-13,SHORT,fib50,2.0,12048.875,12296.25,11554.125,247.375,NO_ENTRY,0.0,0,0.0,0.0,no_entry_or_no_exit,12296.25,12183.75,12092.75,12096.75,12001.0,12015.75,9494.0,80.4177545691906,-1
204,2022-12-14T13:00:00.000000,2022-12-14T14:10:00.000000,2022-12-14T14:10:00.000000,2022,2022-12-14,SHORT,fib382,1.0,11974.1565,12003.25,11945.062999999998,29.09350000000086,LOSS,-29.09350000000086,1,83.40649999999914,-38.09350000000086,both_same_bar_stop_first,12003.25,11930.0,12054.25,12056.0,11841.75,11904.25,21422.0,70.01166861143524,-1
204,2022-12-14T13:00:00.000000,2022-12-14T14:10:00.000000,2022-12-14T14:10:00.000000,2022,2022-12-14,SHORT,fib382,1.5,11974.1565,12003.25,11930.516249999997,29.09350000000086,LOSS,-29.09350000000086,1,83.40649999999914,-38.09350000000086,both_same_bar_stop_first,12003.25,11930.0,12054.25,12056.0,11841.75,11904.25,21422.0,70.01166861143524,-1
204,2022-12-14T13:00:00.000000,2022-12-14T14:10:00.000000,2022-12-14T14:10:00.000000,2022,2022-12-14,SHORT,fib382,2.0,11974.1565,12003.25,11915.969499999997,29.09350000000086,LOSS,-29.09350000000086,1,83.40649999999914,-38.09350000000086,both_same_bar_stop_first,12003.25,11930.0,12054.25,12056.0,11841.75,11904.25,21422.0,70.01166861143524,-1
204,2022-12-14T13:00:00.000000,2022-12-14T14:10:00.000000,2022-12-14T14:10:00.000000,2022,2022-12-14,SHORT,fib50,1.0,11948.875,12003.25,11894.5,54.375,LOSS,-54.375,1,58.125,-63.375,both_same_bar_stop_first,12003.25,11930.0,12054.25,12056.0,11841.75,11904.25,21422.0,70.01166861143524,-1
204,2022-12-14T13:00:00.000000,2022-12-14T14:10:00.000000,2022-12-14T14:10:00.000000,2022,2022-12-14,SHORT,fib50,1.5,11948.875,12003.25,11867.3125,54.375,LOSS,-54.375,1,58.125,-63.375,stop,12003.25,11930.0,12054.25,12056.0,11841.75,11904.25,21422.0,70.01166861143524,-1
204,2022-12-14T13:00:00.000000,2022-12-14T14:10:00.000000,2022-12-14T14:10:00.000000,2022,2022-12-14,SHORT,fib50,2.0,11948.875,12003.25,11840.125,54.375,LOSS,-54.375,1,58.125,-63.375,stop,12003.25,11930.0,12054.25,12056.0,11841.75,11904.25,21422.0,70.01166861143524,-1
205,2022-12-14T13:30:00.000000,2022-12-14T13:40:00.000000,2022-12-14T14:10:00.000000,2022,2022-12-14,SHORT,fib382,1.0,11827.4445,12003.25,11651.639,175.8055000000004,LOSS,-175.8055000000004,7,60.44449999999961,-184.8055000000004,stop,12003.25,11930.0,11877.75,11886.75,11731.5,11734.75,19314.0,92.10950080515298,-1
205,2022-12-14T13:30:00.000000,2022-12-14T13:40:00.000000,2022-12-14T14:10:00.000000,2022,2022-12-14,SHORT,fib382,1.5,11827.4445,12003.25,11563.736249999998,175.8055000000004,LOSS,-175.8055000000004,7,60.44449999999961,-184.8055000000004,stop,12003.25,11930.0,11877.75,11886.75,11731.5,11734.75,19314.0,92.10950080515298,-1
205,2022-12-14T13:30:00.000000,2022-12-14T13:40:00.000000,2022-12-14T14:10:00.000000,2022,2022-12-14,SHORT,fib382,2.0,11827.4445,12003.25,11475.833499999999,175.8055000000004,LOSS,-175.8055000000004,7,60.44449999999961,-184.8055000000004,stop,12003.25,11930.0,11877.75,11886.75,11731.5,11734.75,19314.0,92.10950080515298,-1
205,2022-12-14T13:30:00.000000,2022-12-14T13:40:00.000000,2022-12-14T14:10:00.000000,2022,2022-12-14,SHORT,fib50,1.0,11809.125,12003.25,11615.0,194.125,LOSS,-194.125,7,42.125,-203.125,stop,12003.25,11930.0,11877.75,11886.75,11731.5,11734.75,19314.0,92.10950080515298,-1
205,2022-12-14T13:30:00.000000,2022-12-14T13:40:00.000000,2022-12-14T14:10:00.000000,2022,2022-12-14,SHORT,fib50,1.5,11809.125,12003.25,11517.9375,194.125,LOSS,-194.125,7,42.125,-203.125,stop,12003.25,11930.0,11877.75,11886.75,11731.5,11734.75,19314.0,92.10950080515298,-1
205,2022-12-14T13:30:00.000000,2022-12-14T13:40:00.000000,2022-12-14T14:10:00.000000,2022,2022-12-14,SHORT,fib50,2.0,11809.125,12003.25,11420.875,194.125,LOSS,-194.125,7,42.125,-203.125,stop,12003.25,11930.0,11877.75,11886.75,11731.5,11734.75,19314.0,92.10950080515298,-1
207,2022-12-14T14:10:00.000000,2022-12-14T14:15:00.000000,2022-12-14T14:15:00.000000,2022,2022-12-14,LONG,fib382,1.0,11937.163,11930.0,11944.326000000001,7.163000000000466,LOSS,-7.163000000000466,1,46.086999999999534,-36.413000000000466,both_same_bar_stop_first,12003.25,11930.0,11894.0,12012.25,11890.75,11978.5,16553.0,69.54732510288066,1
207,2022-12-14T14:10:00.000000,2022-12-14T14:15:00.000000,2022-12-14T14:15:00.000000,2022,2022-12-14,LONG,fib382,1.5,11937.163,11930.0,11947.907500000001,7.163000000000466,LOSS,-7.163000000000466,1,46.086999999999534,-36.413000000000466,both_same_bar_stop_first,12003.25,11930.0,11894.0,12012.25,11890.75,11978.5,16553.0,69.54732510288066,1
207,2022-12-14T14:10:00.000000,2022-12-14T14:15:00.000000,2022-12-14T14:15:00.000000,2022,2022-12-14,LONG,fib382,2.0,11937.163,11930.0,11951.489000000001,7.163000000000466,LOSS,-7.163000000000466,1,46.086999999999534,-36.413000000000466,both_same_bar_stop_first,12003.25,11930.0,11894.0,12012.25,11890.75,11978.5,16553.0,69.54732510288066,1
207,2022-12-14T14:10:00.000000,2022-12-14T14:15:00.000000,2022-12-14T14:15:00.000000,2022,2022-12-14,LONG,fib50,1.0,11951.5,11930.0,11973.0,21.5,LOSS,-21.5,1,31.75,-50.75,both_same_bar_stop_first,12003.25,11930.0,11894.0,12012.25,11890.75,11978.5,16553.0,69.54732510288066,1
207,2022-12-14T14:10:00.000000,2022-12-14T14:15:00.000000,2022-12-14T14:15:00.000000,2022,2022-12-14,LONG,fib50,1.5,11951.5,11930.0,11983.75,21.5,LOSS,-21.5,1,31.75,-50.75,stop,12003.25,11930.0,11894.0,12012.25,11890.75,11978.5,16553.0,69.54732510288066,1
207,2022-12-14T14:10:00.000000,2022-12-14T14:15:00.000000,2022-12-14T14:15:00.000000,2022,2022-12-14,LONG,fib50,2.0,11951.5,11930.0,11994.5,21.5,LOSS,-21.5,1,31.75,-50.75,stop,12003.25,11930.0,11894.0,12012.25,11890.75,11978.5,16553.0,69.54732510288066,1
208,2022-12-14T14:25:00.000000,2022-12-14T14:50:00.000000,2022-12-14T15:30:00.000000,2022,2022-12-14,SHORT,fib382,1.0,11898.4545,12003.25,11793.659,104.79550000000017,WIN,104.79550000000017,9,131.70449999999983,-17.045500000000175,target,12003.25,11930.0,11929.25,11936.75,11836.5,11836.5,8569.0,92.51870324189527,-1
208,2022-12-14T14:25:00.000000,2022-12-14T14:50:00.000000,2022-12-14T17:45:00.000000,2022,2022-12-14,SHORT,fib382,1.5,11898.4545,12003.25,11741.26125,104.79550000000017,WIN,9.204499999999825,24,131.70449999999983,-17.045500000000175,time_exit,12003.25,11930.0,11929.25,11936.75,11836.5,11836.5,8569.0,92.51870324189527,-1
208,2022-12-14T14:25:00.000000,2022-12-14T14:50:00.000000,2022-12-14T17:45:00.000000,2022,2022-12-14,SHORT,fib382,2.0,11898.4545,12003.25,11688.8635,104.79550000000017,WIN,9.204499999999825,24,131.70449999999983,-17.045500000000175,time_exit,12003.25,11930.0,11929.25,11936.75,11836.5,11836.5,8569.0,92.51870324189527,-1
208,2022-12-14T14:25:00.000000,2022-12-14T14:50:00.000000,2022-12-14T15:30:00.000000,2022,2022-12-14,SHORT,fib50,1.0,11886.625,12003.25,11770.0,116.625,WIN,116.625,9,119.875,-28.875,target,12003.25,11930.0,11929.25,11936.75,11836.5,11836.5,8569.0,92.51870324189527,-1
208,2022-12-14T14:25:00.000000,2022-12-14T14:50:00.000000,2022-12-14T17:45:00.000000,2022,2022-12-14,SHORT,fib50,1.5,11886.625,12003.25,11711.6875,116.625,LOSS,-2.625,24,119.875,-28.875,time_exit,12003.25,11930.0,11929.25,11936.75,11836.5,11836.5,8569.0,92.51870324189527,-1
208,2022-12-14T14:25:00.000000,2022-12-14T14:50:00.000000,2022-12-14T17:45:00.000000,2022,2022-12-14,SHORT,fib50,2.0,11886.625,12003.25,11653.375,116.625,LOSS,-2.625,24,119.875,-28.875,time_exit,12003.25,11930.0,11929.25,11936.75,11836.5,11836.5,8569.0,92.51870324189527,-1
209,2023-01-03T08:45:00.000000,,,2023,2023-01-03,SHORT,fib382,1.0,11112.752,11182.0,11043.504,69.24799999999959,NO_ENTRY,0.0,0,0.0,0.0,no_entry_or_no_exit,11182.0,11072.5,11138.0,11146.75,11057.75,11069.25,17013.0,77.24719101123596,-1
209,2023-01-03T08:45:00.000000,,,2023,2023-01-03,SHORT,fib382,1.5,11112.752,11182.0,11008.880000000001,69.24799999999959,NO_ENTRY,0.0,0,0.0,0.0,no_entry_or_no_exit,11182.0,11072.5,11138.0,11146.75,11057.75,11069.25,17013.0,77.24719101123596,-1
209,2023-01-03T08:45:00.000000,,,2023,2023-01-03,SHORT,fib382,2.0,11112.752,11182.0,10974.256000000001,69.24799999999959,NO_ENTRY,0.0,0,0.0,0.0,no_entry_or_no_exit,11182.0,11072.5,11138.0,11146.75,11057.75,11069.25,17013.0,77.24719101123596,-1
209,2023-01-03T08:45:00.000000,,,2023,2023-01-03,SHORT,fib50,1.0,11102.25,11182.0,11022.5,79.75,NO_ENTRY,0.0,0,0.0,0.0,no_entry_or_no_exit,11182.0,11072.5,11138.0,11146.75,11057.75,11069.25,17013.0,77.24719101123596,-1
209,2023-01-03T08:45:00.000000,,,2023,2023-01-03,SHORT,fib50,1.5,11102.25,11182.0,10982.625,79.75,NO_ENTRY,0.0,0,0.0,0.0,no_entry_or_no_exit,11182.0,11072.5,11138.0,11146.75,11057.75,11069.25,17013.0,77.24719101123596,-1
209,2023-01-03T08:45:00.000000,,,2023,2023-01-03,SHORT,fib50,2.0,11102.25,11182.0,10942.75,79.75,NO_ENTRY,0.0,0,0.0,0.0,no_entry_or_no_exit,11182.0,11072.5,11138.0,11146.75,11057.75,11069.25,17013.0,77.24719101123596,-1
210,2023-01-12T12:25:00.000000,2023-01-12T12:35:00.000000,2023-01-12T12:35:00.000000,2023,2023-01-12,SHORT,fib382,1.0,11518.0775,11518.75,11517.404999999999,0.6725000000005821,LOSS,-0.6725000000005821,1,29.827499999999418,-5.922500000000582,both_same_bar_stop_first,11518.75,11356.25,11546.0,11546.25,11472.5,11480.0,13192.0,89.49152542372882,-1
210,2023-01-12T12:25:00.000000,2023-01-12T12:35:00.000000,2023-01-12T12:35:00.000000,2023,2023-01-12,SHORT,fib382,1.5,11518.0775,11518.75,11517.068749999999,0.6725000000005821,LOSS,-0.6725000000005821,1,29.827499999999418,-5.922500000000582,both_same_bar_stop_first,11518.75,11356.25,11546.0,11546.25,11472.5,11480.0,13192.0,89.49152542372882,-1
210,2023-01-12T12:25:00.000000,2023-01-12T12:35:00.000000,2023-01-12T12:35:00.000000,2023,2023-01-12,SHORT,fib382,2.0,11518.0775,11518.75,11516.732499999998,0.6725000000005821,LOSS,-0.6725000000005821,1,29.827499999999418,-5.922500000000582,both_same_bar_stop_first,11518.75,11356.25,11546.0,11546.25,11472.5,11480.0,13192.0,89.49152542372882,-1
210,2023-01-12T12:25:00.000000,2023-01-12T12:35:00.000000,2023-01-12T12:35:00.000000,2023,2023-01-12,SHORT,fib50,1.0,11509.375,11518.75,11500.0,9.375,LOSS,-9.375,1,21.125,-14.625,both_same_bar_stop_first,11518.75,11356.25,11546.0,11546.25,11472.5,11480.0,13192.0,89.49152542372882,-1
210,2023-01-12T12:25:00.000000,2023-01-12T12:35:00.000000,2023-01-12T12:35:00.000000,2023,2023-01-12,SHORT,fib50,1.5,11509.375,11518.75,11495.3125,9.375,LOSS,-9.375,1,21.125,-14.625,both_same_bar_stop_first,11518.75,11356.25,11546.0,11546.25,11472.5,11480.0,13192.0,89.49152542372882,-1
210,2023-01-12T12:25:00.000000,2023-01-12T12:35:00.000000,2023-01-12T12:35:00.000000,2023,2023-01-12,SHORT,fib50,2.0,11509.375,11518.75,11490.625,9.375,LOSS,-9.375,1,21.125,-14.625,both_same_bar_stop_first,11518.75,11356.25,11546.0,11546.25,11472.5,11480.0,13192.0,89.49152542372882,-1
211,2023-02-01T13:35:00.000000,,,2023,2023-02-01,LONG,fib382,1.0,12150.707,12101.25,12200.164,49.457000000000335,NO_ENTRY,0.0,0,0.0,0.0,no_entry_or_no_exit,12156.0,12101.25,12099.0,12251.75,12088.25,12241.0,22042.0,86.85015290519877,1
211,2023-02-01T13:35:00.000000,,,2023,2023-02-01,LONG,fib382,1.5,12150.707,12101.25,12224.892500000002,49.457000000000335,NO_ENTRY,0.0,0,0.0,0.0,no_entry_or_no_exit,12156.0,12101.25,12099.0,12251.75,12088.25,12241.0,22042.0,86.85015290519877,1
211,2023-02-01T13:35:00.000000,,,2023,2023-02-01,LONG,fib382,2.0,12150.707,12101.25,12249.621000000001,49.457000000000335,NO_ENTRY,0.0,0,0.0,0.0,no_entry_or_no_exit,12156.0,12101.25,12099.0,12251.75,12088.25,12241.0,22042.0,86.85015290519877,1
211,2023-02-01T13:35:00.000000,,,2023,2023-02-01,LONG,fib50,1.0,12170.0,12101.25,12238.75,68.75,NO_ENTRY,0.0,0,0.0,0.0,no_entry_or_no_exit,12156.0,12101.25,12099.0,12251.75,12088.25,12241.0,22042.0,86.85015290519877,1
211,2023-02-01T13:35:00.000000,,,2023,2023-02-01,LONG,fib50,1.5,12170.0,12101.25,12273.125,68.75,NO_ENTRY,0.0,0,0.0,0.0,no_entry_or_no_exit,12156.0,12101.25,12099.0,12251.75,12088.25,12241.0,22042.0,86.85015290519877,1
211,2023-02-01T13:35:00.000000,,,2023,2023-02-01,LONG,fib50,2.0,12170.0,12101.25,12307.5,68.75,NO_ENTRY,0.0,0,0.0,0.0,no_entry_or_no_exit,12156.0,12101.25,12099.0,12251.75,12088.25,12241.0,22042.0,86.85015290519877,1
212,2023-02-01T13:40:00.000000,,,2023,2023-02-01,LONG,fib382,1.0,12266.2565,12101.25,12431.262999999999,165.0064999999995,NO_ENTRY,0.0,0,0.0,0.0,no_entry_or_no_exit,12156.0,12101.25,12241.5,12319.25,12233.5,12315.0,22355.0,85.71428571428571,1
212,2023-02-01T13:40:00.000000,,,2023,2023-02-01,LONG,fib382,1.5,12266.2565,12101.25,12513.766249999999,165.0064999999995,NO_ENTRY,0.0,0,0.0,0.0,no_entry_or_no_exit,12156.0,12101.25,12241.5,12319.25,12233.5,12315.0,22355.0,85.71428571428571,1
212,2023-02-01T13:40:00.000000,,,2023,2023-02-01,LONG,fib382,2.0,12266.2565,12101.25,12596.269499999999,165.0064999999995,NO_ENTRY,0.0,0,0.0,0.0,no_entry_or_no_exit,12156.0,12101.25,12241.5,12319.25,12233.5,12315.0,22355.0,85.71428571428571,1
212,2023-02-01T13:40:00.000000,,,2023,2023-02-01,LONG,fib50,1.0,12276.375,12101.25,12451.5,175.125,NO_ENTRY,0.0,0,0.0,0.0,no_entry_or_no_exit,12156.0,12101.25,12241.5,12319.25,12233.5,12315.0,22355.0,85.71428571428571,1
212,2023-02-01T13:40:00.000000,,,2023,2023-02-01,LONG,fib50,1.5,12276.375,12101.25,12539.0625,175.125,NO_ENTRY,0.0,0,0.0,0.0,no_entry_or_no_exit,12156.0,12101.25,12241.5,12319.25,12233.5,12315.0,22355.0,85.71428571428571,1
212,2023-02-01T13:40:00.000000,,,2023,2023-02-01,LONG,fib50,2.0,12276.375,12101.25,12626.625,175.125,NO_ENTRY,0.0,0,0.0,0.0,no_entry_or_no_exit,12156.0,12101.25,12241.5,12319.25,12233.5,12315.0,22355.0,85.71428571428571,1
213,2023-02-07T11:45:00.000000,2023-02-07T12:15:00.000000,2023-02-07T12:30:00.000000,2023,2023-02-07,LONG,fib382,1.0,12643.102,12488.75,12797.454000000002,154.35200000000077,LOSS,-154.35200000000077,4,18.39799999999923,-181.10200000000077,stop,12541.75,12488.75,12611.5,12696.25,12610.25,12696.25,22320.0,98.54651162790698,1
213,2023-02-07T11:45:00.000000,2023-02-07T12:15:00.000000,2023-02-07T12:30:00.000000,2023,2023-02-07,LONG,fib382,1.5,12643.102,12488.75,12874.630000000001,154.35200000000077,LOSS,-154.35200000000077,4,18.39799999999923,-181.10200000000077,stop,12541.75,12488.75,12611.5,12696.25,12610.25,12696.25,22320.0,98.54651162790698,1
213,2023-02-07T11:45:00.000000,2023-02-07T12:15:00.000000,2023-02-07T12:30:00.000000,2023,2023-02-07,LONG,fib382,2.0,12643.102,12488.75,12951.806000000002,154.35200000000077,LOSS,-154.35200000000077,4,18.39799999999923,-181.10200000000077,stop,12541.75,12488.75,12611.5,12696.25,12610.25,12696.25,22320.0,98.54651162790698,1
213,2023-02-07T11:45:00.000000,2023-02-07T12:10:00.000000,2023-02-07T12:30:00.000000,2023,2023-02-07,LONG,fib50,1.0,12653.25,12488.75,12817.75,164.5,LOSS,-164.5,5,51.5,-191.25,stop,12541.75,12488.75,12611.5,12696.25,12610.25,12696.25,22320.0,98.54651162790698,1
213,2023-02-07T11:45:00.000000,2023-02-07T12:10:00.000000,2023-02-07T12:30:00.000000,2023,2023-02-07,LONG,fib50,1.5,12653.25,12488.75,12900.0,164.5,LOSS,-164.5,5,51.5,-191.25,stop,12541.75,12488.75,12611.5,12696.25,12610.25,12696.25,22320.0,98.54651162790698,1
213,2023-02-07T11:45:00.000000,2023-02-07T12:10:00.000000,2023-02-07T12:30:00.000000,2023,2023-02-07,LONG,fib50,2.0,12653.25,12488.75,12982.25,164.5,LOSS,-164.5,5,51.5,-191.25,stop,12541.75,12488.75,12611.5,12696.25,12610.25,12696.25,22320.0,98.54651162790698,1
214,2023-02-07T12:30:00.000000,2023-02-07T12:40:00.000000,2023-02-07T12:40:00.000000,2023,2023-02-07,SHORT,fib382,1.0,12515.766,12541.75,12489.782,25.98400000000038,LOSS,-25.98400000000038,1,24.76599999999962,-29.98400000000038,stop,12541.75,12488.75,12548.0,12549.0,12462.0,12462.0,20266.0,98.85057471264368,-1
214,2023-02-07T12:30:00.000000,2023-02-07T12:40:00.000000,2023-02-07T12:40:00.000000,2023,2023-02-07,SHORT,fib382,1.5,12515.766,12541.75,12476.789999999999,25.98400000000038,LOSS,-25.98400000000038,1,24.76599999999962,-29.98400000000038,stop,12541.75,12488.75,12548.0,12549.0,12462.0,12462.0,20266.0,98.85057471264368,-1
214,2023-02-07T12:30:00.000000,2023-02-07T12:40:00.000000,2023-02-07T12:40:00.000000,2023,2023-02-07,SHORT,fib382,2.0,12515.766,12541.75,12463.797999999999,25.98400000000038,LOSS,-25.98400000000038,1,24.76599999999962,-29.98400000000038,stop,12541.75,12488.75,12548.0,12549.0,12462.0,12462.0,20266.0,98.85057471264368,-1
214,2023-02-07T12:30:00.000000,2023-02-07T12:35:00.000000,2023-02-07T12:35:00.000000,2023,2023-02-07,SHORT,fib50,1.0,12505.5,12541.75,12469.25,36.25,WIN,36.25,1,46.25,-9.25,target,12541.75,12488.75,12548.0,12549.0,12462.0,12462.0,20266.0,98.85057471264368,-1
214,2023-02-07T12:30:00.000000,2023-02-07T12:35:00.000000,2023-02-07T12:40:00.000000,2023,2023-02-07,SHORT,fib50,1.5,12505.5,12541.75,12451.125,36.25,LOSS,-36.25,2,46.25,-40.25,stop,12541.75,12488.75,12548.0,12549.0,12462.0,12462.0,20266.0,98.85057471264368,-1
214,2023-02-07T12:30:00.000000,2023-02-07T12:35:00.000000,2023-02-07T12:40:00.000000,2023,2023-02-07,SHORT,fib50,2.0,12505.5,12541.75,12433.0,36.25,LOSS,-36.25,2,46.25,-40.25,stop,12541.75,12488.75,12548.0,12549.0,12462.0,12462.0,20266.0,98.85057471264368,-1
215,2023-03-07T09:00:00.000000,2023-03-07T09:30:00.000000,2023-03-07T09:50:00.000000,2023,2023-03-07,SHORT,fib382,1.0,12293.772,12361.0,12226.544000000002,67.22799999999916,WIN,67.22799999999916,5,70.77200000000084,-24.977999999999156,target,12361.0,12313.0,12333.5,12333.5,12229.5,12230.0,29283.0,99.51923076923077,-1
215,2023-03-07T09:00:00.000000,2023-03-07T09:30:00.000000,2023-03-07T11:25:00.000000,2023,2023-03-07,SHORT,fib382,1.5,12293.772,12361.0,12192.930000000002,67.22799999999916,WIN,14.022000000000844,24,85.27200000000084,-24.977999999999156,time_exit,12361.0,12313.0,12333.5,12333.5,12229.5,12230.0,29283.0,99.51923076923077,-1
215,2023-03-07T09:00:00.000000,2023-03-07T09:30:00.000000,2023-03-07T11:25:00.000000,2023,2023-03-07,SHORT,fib382,2.0,12293.772,12361.0,12159.316000000003,67.22799999999916,WIN,14.022000000000844,24,85.27200000000084,-24.977999999999156,time_exit,12361.0,12313.0,12333.5,12333.5,12229.5,12230.0,29283.0,99.51923076923077,-1
215,2023-03-07T09:00:00.000000,2023-03-07T09:30:00.000000,2023-03-07T11:25:00.000000,2023,2023-03-07,SHORT,fib50,1.0,12281.5,12361.0,12202.0,79.5,WIN,1.75,24,73.0,-37.25,time_exit,12361.0,12313.0,12333.5,12333.5,12229.5,12230.0,29283.0,99.51923076923077,-1
215,2023-03-07T09:00:00.000000,2023-03-07T09:30:00.000000,2023-03-07T11:25:00.000000,2023,2023-03-07,SHORT,fib50,1.5,12281.5,12361.0,12162.25,79.5,WIN,1.75,24,73.0,-37.25,time_exit,12361.0,12313.0,12333.5,12333.5,12229.5,12230.0,29283.0,99.51923076923077,-1
215,2023-03-07T09:00:00.000000,2023-03-07T09:30:00.000000,2023-03-07T11:25:00.000000,2023,2023-03-07,SHORT,fib50,2.0,12281.5,12361.0,12122.5,79.5,WIN,1.75,24,73.0,-37.25,time_exit,12361.0,12313.0,12333.5,12333.5,12229.5,12230.0,29283.0,99.51923076923077,-1
216,2023-03-13T12:55:00.000000,2023-03-13T13:10:00.000000,2023-03-13T16:05:00.000000,2023,2023-03-13,LONG,fib382,1.0,12093.584,11852.25,12334.918000000001,241.33400000000074,LOSS,-25.334000000000742,24,88.41599999999926,-159.58400000000074,time_exit,12064.0,11852.25,12044.75,12178.25,12041.25,12172.0,2806.0,92.88321167883211,1
216,2023-03-13T12:55:00.000000,2023-03-13T13:10:00.000000,2023-03-13T16:05:00.000000,2023,2023-03-13,LONG,fib382,1.5,12093.584,11852.25,12455.585000000003,241.33400000000074,LOSS,-25.334000000000742,24,88.41599999999926,-159.58400000000074,time_exit,12064.0,11852.25,12044.75,12178.25,12041.25,12172.0,2806.0,92.88321167883211,1
216,2023-03-13T12:55:00.000000,2023-03-13T13:10:00.000000,2023-03-13T16:05:00.000000,2023,2023-03-13,LONG,fib382,2.0,12093.584,11852.25,12576.252000000002,241.33400000000074,LOSS,-25.334000000000742,24,88.41599999999926,-159.58400000000074,time_exit,12064.0,11852.25,12044.75,12178.25,12041.25,12172.0,2806.0,92.88321167883211,1
216,2023-03-13T12:55:00.000000,2023-03-13T13:10:00.000000,2023-03-13T16:05:00.000000,2023,2023-03-13,LONG,fib50,1.0,12109.75,11852.25,12367.25,257.5,LOSS,-41.5,24,72.25,-175.75,time_exit,12064.0,11852.25,12044.75,12178.25,12041.25,12172.0,2806.0,92.88321167883211,1
216,2023-03-13T12:55:00.000000,2023-03-13T13:10:00.000000,2023-03-13T16:05:00.000000,2023,2023-03-13,LONG,fib50,1.5,12109.75,11852.25,12496.0,257.5,LOSS,-41.5,24,72.25,-175.75,time_exit,12064.0,11852.25,12044.75,12178.25,12041.25,12172.0,2806.0,92.88321167883211,1
216,2023-03-13T12:55:00.000000,2023-03-13T13:10:00.000000,2023-03-13T16:05:00.000000,2023,2023-03-13,LONG,fib50,2.0,12109.75,11852.25,12624.75,257.5,LOSS,-41.5,24,72.25,-175.75,time_exit,12064.0,11852.25,12044.75,12178.25,12041.25,12172.0,2806.0,92.88321167883211,1
217,2023-03-13T14:40:00.000000,2023-03-13T14:50:00.000000,2023-03-13T17:45:00.000000,2023,2023-03-13,LONG,fib382,1.0,11989.91,11852.25,12127.57,137.65999999999985,WIN,97.84000000000015,24,108.59000000000015,-55.909999999999854,time_exit,12064.0,11852.25,11947.5,12070.25,11940.25,12062.0,454.0,88.07692307692308,1
217,2023-03-13T14:40:00.000000,2023-03-13T14:50:00.000000,2023-03-13T17:45:00.000000,2023,2023-03-13,LONG,fib382,1.5,11989.91,11852.25,12196.4,137.65999999999985,WIN,97.84000000000015,24,108.59000000000015,-55.909999999999854,time_exit,12064.0,11852.25,11947.5,12070.25,11940.25,12062.0,454.0,88.07692307692308,1
217,2023-03-13T14:40:00.000000,2023-03-13T14:50:00.000000,2023-03-13T17:45:00.000000,2023,2023-03-13,LONG,fib382,2.0,11989.91,11852.25,12265.23,137.65999999999985,WIN,97.84000000000015,24,108.59000000000015,-55.909999999999854,time_exit,12064.0,11852.25,11947.5,12070.25,11940.25,12062.0,454.0,88.07692307692308,1
217,2023-03-13T14:40:00.000000,2023-03-13T14:50:00.000000,2023-03-13T17:45:00.000000,2023,2023-03-13,LONG,fib50,1.0,12005.25,11852.25,12158.25,153.0,WIN,82.5,24,93.25,-71.25,time_exit,12064.0,11852.25,11947.5,12070.25,11940.25,12062.0,454.0,88.07692307692308,1
217,2023-03-13T14:40:00.000000,2023-03-13T14:50:00.000000,2023-03-13T17:45:00.000000,2023,2023-03-13,LONG,fib50,1.5,12005.25,11852.25,12234.75,153.0,WIN,82.5,24,93.25,-71.25,time_exit,12064.0,11852.25,11947.5,12070.25,11940.25,12062.0,454.0,88.07692307692308,1
217,2023-03-13T14:40:00.000000,2023-03-13T14:50:00.000000,2023-03-13T17:45:00.000000,2023,2023-03-13,LONG,fib50,2.0,12005.25,11852.25,12311.25,153.0,WIN,82.5,24,93.25,-71.25,time_exit,12064.0,11852.25,11947.5,12070.25,11940.25,12062.0,454.0,88.07692307692308,1
218,2023-03-15T13:55:00.000000,,,2023,2023-03-15,LONG,fib382,1.0,12341.838,12167.75,12515.926,174.08799999999974,NO_ENTRY,0.0,0,0.0,0.0,no_entry_or_no_exit,12227.5,12167.75,12310.0,12393.75,12309.75,12392.0,19260.0,97.61904761904762,1
218,2023-03-15T13:55:00.000000,,,2023,2023-03-15,LONG,fib382,1.5,12341.838,12167.75,12602.97,174.08799999999974,NO_ENTRY,0.0,0,0.0,0.0,no_entry_or_no_exit,12227.5,12167.75,12310.0,12393.75,12309.75,12392.0,19260.0,97.61904761904762,1
218,2023-03-15T13:55:00.000000,,,2023,2023-03-15,LONG,fib382,2.0,12341.838,12167.75,12690.014,174.08799999999974,NO_ENTRY,0.0,0,0.0,0.0,no_entry_or_no_exit,12227.5,12167.75,12310.0,12393.75,12309.75,12392.0,19260.0,97.61904761904762,1
218,2023-03-15T13:55:00.000000,,,2023,2023-03-15,LONG,fib50,1.0,12351.75,12167.75,12535.75,184.0,NO_ENTRY,0.0,0,0.0,0.0,no_entry_or_no_exit,12227.5,12167.75,12310.0,12393.75,12309.75,12392.0,19260.0,97.61904761904762,1
218,2023-03-15T13:55:00.000000,,,2023,2023-03-15,LONG,fib50,1.5,12351.75,12167.75,12627.75,184.0,NO_ENTRY,0.0,0,0.0,0.0,no_entry_or_no_exit,12227.5,12167.75,12310.0,12393.75,12309.75,12392.0,19260.0,97.61904761904762,1
218,2023-03-15T13:55:00.000000,,,2023,2023-03-15,LONG,fib50,2.0,12351.75,12167.75,12719.75,184.0,NO_ENTRY,0.0,0,0.0,0.0,no_entry_or_no_exit,12227.5,12167.75,12310.0,12393.75,12309.75,12392.0,19260.0,97.61904761904762,1
221,2023-04-27T14:00:00.000000,2023-04-27T16:00:00.000000,2023-04-27T17:55:00.000000,2023,2023-04-27,LONG,fib382,1.0,13251.424,13073.0,13429.848000000002,178.4240000000009,LOSS,-41.42400000000089,24,0.0,-59.42400000000089,time_exit,13118.5,13073.0,13231.25,13333.0,13201.0,13315.25,24648.0,63.63636363636363,1
221,2023-04-27T14:00:00.000000,2023-04-27T16:00:00.000000,2023-04-27T17:55:00.000000,2023,2023-04-27,LONG,fib382,1.5,13251.424,13073.0,13519.060000000001,178.4240000000009,LOSS,-41.42400000000089,24,0.0,-59.42400000000089,time_exit,13118.5,13073.0,13231.25,13333.0,13201.0,13315.25,24648.0,63.63636363636363,1
221,2023-04-27T14:00:00.000000,2023-04-27T16:00:00.000000,2023-04-27T17:55:00.000000,2023,2023-04-27,LONG,fib382,2.0,13251.424,13073.0,13608.272000000003,178.4240000000009,LOSS,-41.42400000000089,24,0.0,-59.42400000000089,time_exit,13118.5,13073.0,13231.25,13333.0,13201.0,13315.25,24648.0,63.63636363636363,1
221,2023-04-27T14:00:00.000000,2023-04-27T14:20:00.000000,2023-04-27T17:15:00.000000,2023,2023-04-27,LONG,fib50,1.0,13267.0,13073.0,13461.0,194.0,LOSS,-57.75,24,14.25,-75.0,time_exit,13118.5,13073.0,13231.25,13333.0,13201.0,13315.25,24648.0,63.63636363636363,1
221,2023-04-27T14:00:00.000000,2023-04-27T14:20:00.000000,2023-04-27T17:15:00.000000,2023,2023-04-27,LONG,fib50,1.5,13267.0,13073.0,13558.0,194.0,LOSS,-57.75,24,14.25,-75.0,time_exit,13118.5,13073.0,13231.25,13333.0,13201.0,13315.25,24648.0,63.63636363636363,1
221,2023-04-27T14:00:00.000000,2023-04-27T14:20:00.000000,2023-04-27T17:15:00.000000,2023,2023-04-27,LONG,fib50,2.0,13267.0,13073.0,13655.0,194.0,LOSS,-57.75,24,14.25,-75.0,time_exit,13118.5,13073.0,13231.25,13333.0,13201.0,13315.25,24648.0,63.63636363636363,1
222,2023-05-24T14:20:00.000000,,,2023,2023-05-24,LONG,fib382,1.0,13711.9265,13585.0,13838.853,126.92649999999958,NO_ENTRY,0.0,0,0.0,0.0,no_entry_or_no_exit,13606.75,13585.0,13657.0,13802.0,13656.25,13791.0,13364.0,91.93825042881647,1
222,2023-05-24T14:20:00.000000,,,2023,2023-05-24,LONG,fib382,1.5,13711.9265,13585.0,13902.31625,126.92649999999958,NO_ENTRY,0.0,0,0.0,0.0,no_entry_or_no_exit,13606.75,13585.0,13657.0,13802.0,13656.25,13791.0,13364.0,91.93825042881647,1
222,2023-05-24T14:20:00.000000,,,2023,2023-05-24,LONG,fib382,2.0,13711.9265,13585.0,13965.779499999999,126.92649999999958,NO_ENTRY,0.0,0,0.0,0.0,no_entry_or_no_exit,13606.75,13585.0,13657.0,13802.0,13656.25,13791.0,13364.0,91.93825042881647,1
222,2023-05-24T14:20:00.000000,,,2023,2023-05-24,LONG,fib50,1.0,13729.125,13585.0,13873.25,144.125,NO_ENTRY,0.0,0,0.0,0.0,no_entry_or_no_exit,13606.75,13585.0,13657.0,13802.0,13656.25,13791.0,13364.0,91.93825042881647,1
222,2023-05-24T14:20:00.000000,,,2023,2023-05-24,LONG,fib50,1.5,13729.125,13585.0,13945.3125,144.125,NO_ENTRY,0.0,0,0.0,0.0,no_entry_or_no_exit,13606.75,13585.0,13657.0,13802.0,13656.25,13791.0,13364.0,91.93825042881647,1
222,2023-05-24T14:20:00.000000,,,2023,2023-05-24,LONG,fib50,2.0,13729.125,13585.0,14017.375,144.125,NO_ENTRY,0.0,0,0.0,0.0,no_entry_or_no_exit,13606.75,13585.0,13657.0,13802.0,13656.25,13791.0,13364.0,91.93825042881647,1
223,2023-06-14T12:00:00.000000,2023-06-14T12:35:00.000000,2023-06-14T13:05:00.000000,2023,2023-06-14,SHORT,fib382,1.0,15097.3225,15177.75,15016.895,80.42749999999978,LOSS,-80.42749999999978,7,58.32250000000022,-114.67749999999978,stop,15177.75,15143.75,15134.75,15136.0,15034.75,15055.0,24224.0,78.76543209876543,-1
223,2023-06-14T12:00:00.000000,2023-06-14T12:35:00.000000,2023-06-14T13:05:00.000000,2023,2023-06-14,SHORT,fib382,1.5,15097.3225,15177.75,14976.681250000001,80.42749999999978,LOSS,-80.42749999999978,7,58.32250000000022,-114.67749999999978,stop,15177.75,15143.75,15134.75,15136.0,15034.75,15055.0,24224.0,78.76543209876543,-1
223,2023-06-14T12:00:00.000000,2023-06-14T12:35:00.000000,2023-06-14T13:05:00.000000,2023,2023-06-14,SHORT,fib382,2.0,15097.3225,15177.75,14936.4675,80.42749999999978,LOSS,-80.42749999999978,7,58.32250000000022,-114.67749999999978,stop,15177.75,15143.75,15134.75,15136.0,15034.75,15055.0,24224.0,78.76543209876543,-1
223,2023-06-14T12:00:00.000000,2023-06-14T12:35:00.000000,2023-06-14T13:05:00.000000,2023,2023-06-14,SHORT,fib50,1.0,15085.375,15177.75,14993.0,92.375,LOSS,-92.375,7,46.375,-126.625,stop,15177.75,15143.75,15134.75,15136.0,15034.75,15055.0,24224.0,78.76543209876543,-1
223,2023-06-14T12:00:00.000000,2023-06-14T12:35:00.000000,2023-06-14T13:05:00.000000,2023,2023-06-14,SHORT,fib50,1.5,15085.375,15177.75,14946.8125,92.375,LOSS,-92.375,7,46.375,-126.625,stop,15177.75,15143.75,15134.75,15136.0,15034.75,15055.0,24224.0,78.76543209876543,-1
223,2023-06-14T12:00:00.000000,2023-06-14T12:35:00.000000,2023-06-14T13:05:00.000000,2023,2023-06-14,SHORT,fib50,2.0,15085.375,15177.75,14900.625,92.375,LOSS,-92.375,7,46.375,-126.625,stop,15177.75,15143.75,15134.75,15136.0,15034.75,15055.0,24224.0,78.76543209876543,-1
224,2023-07-26T12:35:00.000000,2023-07-26T13:05:00.000000,2023-07-26T13:05:00.000000,2023,2023-07-26,LONG,fib382,1.0,15606.481,15596.75,15616.212,9.730999999999767,LOSS,-9.730999999999767,1,23.519000000000233,-73.73099999999977,both_same_bar_stop_first,15620.25,15596.75,15570.0,15665.5,15570.0,15659.0,21178.0,93.19371727748691,1
224,2023-07-26T12:35:00.000000,2023-07-26T13:05:00.000000,2023-07-26T13:05:00.000000,2023,2023-07-26,LONG,fib382,1.5,15606.481,15596.75,15621.0775,9.730999999999767,LOSS,-9.730999999999767,1,23.519000000000233,-73.73099999999977,both_same_bar_stop_first,15620.25,15596.75,15570.0,15665.5,15570.0,15659.0,21178.0,93.19371727748691,1
224,2023-07-26T12:35:00.000000,2023-07-26T13:05:00.000000,2023-07-26T13:05:00.000000,2023,2023-07-26,LONG,fib382,2.0,15606.481,15596.75,15625.943,9.730999999999767,LOSS,-9.730999999999767,1,23.519000000000233,-73.73099999999977,both_same_bar_stop_first,15620.25,15596.75,15570.0,15665.5,15570.0,15659.0,21178.0,93.19371727748691,1
224,2023-07-26T12:35:00.000000,2023-07-26T12:55:00.000000,2023-07-26T12:55:00.000000,2023,2023-07-26,LONG,fib50,1.0,15617.75,15596.75,15638.75,21.0,WIN,21.0,1,45.25,-2.5,target,15620.25,15596.75,15570.0,15665.5,15570.0,15659.0,21178.0,93.19371727748691,1
224,2023-07-26T12:35:00.000000,2023-07-26T12:55:00.000000,2023-07-26T12:55:00.000000,2023,2023-07-26,LONG,fib50,1.5,15617.75,15596.75,15649.25,21.0,WIN,31.5,1,45.25,-2.5,target,15620.25,15596.75,15570.0,15665.5,15570.0,15659.0,21178.0,93.19371727748691,1
224,2023-07-26T12:35:00.000000,2023-07-26T12:55:00.000000,2023-07-26T12:55:00.000000,2023,2023-07-26,LONG,fib50,2.0,15617.75,15596.75,15659.75,21.0,WIN,42.0,1,45.25,-2.5,target,15620.25,15596.75,15570.0,15665.5,15570.0,15659.0,21178.0,93.19371727748691,1
225,2023-07-26T13:05:00.000000,2023-07-26T13:35:00.000000,2023-07-26T13:40:00.000000,2023,2023-07-26,SHORT,fib382,1.0,15592.8505,15620.25,15565.451000000001,27.399499999999534,LOSS,-27.399499999999534,2,19.600500000000466,-39.899499999999534,stop,15620.25,15596.75,15623.25,15630.0,15532.75,15545.0,18104.0,80.46272493573264,-1
225,2023-07-26T13:05:00.000000,2023-07-26T13:35:00.000000,2023-07-26T13:40:00.000000,2023,2023-07-26,SHORT,fib382,1.5,15592.8505,15620.25,15551.751250000001,27.399499999999534,LOSS,-27.399499999999534,2,19.600500000000466,-39.899499999999534,stop,15620.25,15596.75,15623.25,15630.0,15532.75,15545.0,18104.0,80.46272493573264,-1
225,2023-07-26T13:05:00.000000,2023-07-26T13:35:00.000000,2023-07-26T13:40:00.000000,2023,2023-07-26,SHORT,fib382,2.0,15592.8505,15620.25,15538.051500000001,27.399499999999534,LOSS,-27.399499999999534,2,19.600500000000466,-39.899499999999534,stop,15620.25,15596.75,15623.25,15630.0,15532.75,15545.0,18104.0,80.46272493573264,-1
225,2023-07-26T13:05:00.000000,2023-07-26T13:20:00.000000,2023-07-26T13:40:00.000000,2023,2023-07-26,SHORT,fib50,1.0,15581.375,15620.25,15542.5,38.875,LOSS,-38.875,5,38.625,-51.375,stop,15620.25,15596.75,15623.25,15630.0,15532.75,15545.0,18104.0,80.46272493573264,-1
225,2023-07-26T13:05:00.000000,2023-07-26T13:20:00.000000,2023-07-26T13:40:00.000000,2023,2023-07-26,SHORT,fib50,1.5,15581.375,15620.25,15523.0625,38.875,LOSS,-38.875,5,38.625,-51.375,stop,15620.25,15596.75,15623.25,15630.0,15532.75,15545.0,18104.0,80.46272493573264,-1
225,2023-07-26T13:05:00.000000,2023-07-26T13:20:00.000000,2023-07-26T13:40:00.000000,2023,2023-07-26,SHORT,fib50,2.0,15581.375,15620.25,15503.625,38.875,LOSS,-38.875,5,38.625,-51.375,stop,15620.25,15596.75,15623.25,15630.0,15532.75,15545.0,18104.0,80.46272493573264,-1
226,2023-08-23T14:20:00.000000,,,2023,2023-08-23,LONG,fib382,1.0,15256.4465,15124.25,15388.643,132.19650000000001,NO_ENTRY,0.0,0,0.0,0.0,no_entry_or_no_exit,15163.75,15124.25,15213.75,15337.25,15206.5,15327.5,14033.0,86.9980879541109,1
226,2023-08-23T14:20:00.000000,,,2023,2023-08-23,LONG,fib382,1.5,15256.4465,15124.25,15454.74125,132.19650000000001,NO_ENTRY,0.0,0,0.0,0.0,no_entry_or_no_exit,15163.75,15124.25,15213.75,15337.25,15206.5,15327.5,14033.0,86.9980879541109,1
226,2023-08-23T14:20:00.000000,,,2023,2023-08-23,LONG,fib382,2.0,15256.4465,15124.25,15520.8395,132.19650000000001,NO_ENTRY,0.0,0,0.0,0.0,no_entry_or_no_exit,15163.75,15124.25,15213.75,15337.25,15206.5,15327.5,14033.0,86.9980879541109,1
226,2023-08-23T14:20:00.000000,,,2023,2023-08-23,LONG,fib50,1.0,15271.875,15124.25,15419.5,147.625,NO_ENTRY,0.0,0,0.0,0.0,no_entry_or_no_exit,15163.75,15124.25,15213.75,15337.25,15206.5,15327.5,14033.0,86.9980879541109,1
226,2023-08-23T14:20:00.000000,,,2023,2023-08-23,LONG,fib50,1.5,15271.875,15124.25,15493.3125,147.625,NO_ENTRY,0.0,0,0.0,0.0,no_entry_or_no_exit,15163.75,15124.25,15213.75,15337.25,15206.5,15327.5,14033.0,86.9980879541109,1
226,2023-08-23T14:20:00.000000,,,2023,2023-08-23,LONG,fib50,2.0,15271.875,15124.25,15567.125,147.625,NO_ENTRY,0.0,0,0.0,0.0,no_entry_or_no_exit,15163.75,15124.25,15213.75,15337.25,15206.5,15327.5,14033.0,86.9980879541109,1
228,2023-10-19T10:30:00.000000,2023-10-19T10:45:00.000000,2023-10-19T10:45:00.000000,2023,2023-10-19,SHORT,fib382,1.0,15011.429,15052.25,14970.608,40.82099999999991,WIN,40.82099999999991,1,55.67900000000009,-22.820999999999913,target,15052.25,14995.75,15037.0,15046.0,14955.5,14963.75,20777.0,80.93922651933701,-1
228,2023-10-19T10:30:00.000000,2023-10-19T10:45:00.000000,2023-10-19T10:50:00.000000,2023,2023-10-19,SHORT,fib382,1.5,15011.429,15052.25,14950.1975,40.82099999999991,LOSS,-40.82099999999991,2,55.67900000000009,-49.82099999999991,stop,15052.25,14995.75,15037.0,15046.0,14955.5,14963.75,20777.0,80.93922651933701,-1
228,2023-10-19T10:30:00.000000,2023-10-19T10:45:00.000000,2023-10-19T10:50:00.000000,2023,2023-10-19,SHORT,fib382,2.0,15011.429,15052.25,14929.787,40.82099999999991,LOSS,-40.82099999999991,2,55.67900000000009,-49.82099999999991,stop,15052.25,14995.75,15037.0,15046.0,14955.5,14963.75,20777.0,80.93922651933701,-1
228,2023-10-19T10:30:00.000000,2023-10-19T10:45:00.000000,2023-10-19T10:50:00.000000,2023,2023-10-19,SHORT,fib50,1.0,15000.75,15052.25,14949.25,51.5,LOSS,-51.5,2,45.0,-60.5,stop,15052.25,14995.75,15037.0,15046.0,14955.5,14963.75,20777.0,80.93922651933701,-1
228,2023-10-19T10:30:00.000000,2023-10-19T10:45:00.000000,2023-10-19T10:50:00.000000,2023,2023-10-19,SHORT,fib50,1.5,15000.75,15052.25,14923.5,51.5,LOSS,-51.5,2,45.0,-60.5,stop,15052.25,14995.75,15037.0,15046.0,14955.5,14963.75,20777.0,80.93922651933701,-1
228,2023-10-19T10:30:00.000000,2023-10-19T10:45:00.000000,2023-10-19T10:50:00.000000,2023,2023-10-19,SHORT,fib50,2.0,15000.75,15052.25,14897.75,51.5,LOSS,-51.5,2,45.0,-60.5,stop,15052.25,14995.75,15037.0,15046.0,14955.5,14963.75,20777.0,80.93922651933701,-1
229,2023-11-09T12:00:00.000000,2023-11-09T12:10:00.000000,2023-11-09T12:10:00.000000,2023,2023-11-09,SHORT,fib382,1.0,15380.05,15419.5,15340.599999999999,39.45000000000073,WIN,39.45000000000073,1,62.29999999999927,-0.2000000000007276,target,15419.5,15365.5,15415.5,15418.25,15318.25,15345.75,23465.0,69.75,-1
229,2023-11-09T12:00:00.000000,2023-11-09T12:10:00.000000,2023-11-09T12:10:00.000000,2023,2023-11-09,SHORT,fib382,1.5,15380.05,15419.5,15320.874999999998,39.45000000000073,WIN,59.17500000000109,1,62.29999999999927,-0.2000000000007276,target,15419.5,15365.5,15415.5,15418.25,15318.25,15345.75,23465.0,69.75,-1
229,2023-11-09T12:00:00.000000,2023-11-09T12:10:00.000000,2023-11-09T13:00:00.000000,2023,2023-11-09,SHORT,fib382,2.0,15380.05,15419.5,15301.149999999998,39.45000000000073,WIN,78.90000000000146,11,90.04999999999927,-16.450000000000728,target,15419.5,15365.5,15415.5,15418.25,15318.25,15345.75,23465.0,69.75,-1
229,2023-11-09T12:00:00.000000,2023-11-09T12:10:00.000000,2023-11-09T13:00:00.000000,2023,2023-11-09,SHORT,fib50,1.0,15368.25,15419.5,15317.0,51.25,WIN,51.25,11,78.25,-28.25,target,15419.5,15365.5,15415.5,15418.25,15318.25,15345.75,23465.0,69.75,-1
229,2023-11-09T12:00:00.000000,2023-11-09T12:10:00.000000,2023-11-09T13:00:00.000000,2023,2023-11-09,SHORT,fib50,1.5,15368.25,15419.5,15291.375,51.25,WIN,76.875,11,78.25,-28.25,target,15419.5,15365.5,15415.5,15418.25,15318.25,15345.75,23465.0,69.75,-1
229,2023-11-09T12:00:00.000000,2023-11-09T12:10:00.000000,2023-11-09T13:40:00.000000,2023,2023-11-09,SHORT,fib50,2.0,15368.25,15419.5,15265.75,51.25,WIN,102.5,19,106.25,-28.25,target,15419.5,15365.5,15415.5,15418.25,15318.25,15345.75,23465.0,69.75,-1
230,2023-11-22T08:50:00.000000,2023-11-22T11:10:00.000000,2023-11-22T13:05:00.000000,2023,2023-11-22,SHORT,fib382,1.0,16101.3895,16173.5,16029.278999999999,72.11050000000068,WIN,2.889499999999316,24,43.389499999999316,-3.110500000000684,time_exit,16173.5,16069.25,16128.75,16133.0,16050.25,16059.0,23989.0,84.29003021148036,-1
230,2023-11-22T08:50:00.000000,2023-11-22T11:10:00.000000,2023-11-22T13:05:00.000000,2023,2023-11-22,SHORT,fib382,1.5,16101.3895,16173.5,15993.223749999997,72.11050000000068,WIN,2.889499999999316,24,43.389499999999316,-3.110500000000684,time_exit,16173.5,16069.25,16128.75,16133.0,16050.25,16059.0,23989.0,84.29003021148036,-1
230,2023-11-22T08:50:00.000000,2023-11-22T11:10:00.000000,2023-11-22T13:05:00.000000,2023,2023-11-22,SHORT,fib382,2.0,16101.3895,16173.5,15957.168499999998,72.11050000000068,WIN,2.889499999999316,24,43.389499999999316,-3.110500000000684,time_exit,16173.5,16069.25,16128.75,16133.0,16050.25,16059.0,23989.0,84.29003021148036,-1
230,2023-11-22T08:50:00.000000,2023-11-22T09:35:00.000000,2023-11-22T11:30:00.000000,2023,2023-11-22,SHORT,fib50,1.0,16091.625,16173.5,16009.75,81.875,WIN,10.875,24,64.625,-10.375,time_exit,16173.5,16069.25,16128.75,16133.0,16050.25,16059.0,23989.0,84.29003021148036,-1
230,2023-11-22T08:50:00.000000,2023-11-22T09:35:00.000000,2023-11-22T11:30:00.000000,2023,2023-11-22,SHORT,fib50,1.5,16091.625,16173.5,15968.8125,81.875,WIN,10.875,24,64.625,-10.375,time_exit,16173.5,16069.25,16128.75,16133.0,16050.25,16059.0,23989.0,84.29003021148036,-1
230,2023-11-22T08:50:00.000000,2023-11-22T09:35:00.000000,2023-11-22T11:30:00.000000,2023,2023-11-22,SHORT,fib50,2.0,16091.625,16173.5,15927.875,81.875,WIN,10.875,24,64.625,-10.375,time_exit,16173.5,16069.25,16128.75,16133.0,16050.25,16059.0,23989.0,84.29003021148036,-1
231,2023-12-05T09:00:00.000000,2023-12-05T09:25:00.000000,2023-12-05T11:20:00.000000,2023,2023-12-05,LONG,fib382,1.0,15879.06,15783.25,15974.869999999999,95.80999999999949,LOSS,-13.30999999999949,24,81.94000000000051,-46.55999999999949,time_exit,15849.5,15783.25,15854.75,15928.5,15848.5,15925.5,28786.0,88.4375,1
231,2023-12-05T09:00:00.000000,2023-12-05T09:25:00.000000,2023-12-05T11:20:00.000000,2023,2023-12-05,LONG,fib382,1.5,15879.06,15783.25,16022.774999999998,95.80999999999949,LOSS,-13.30999999999949,24,81.94000000000051,-46.55999999999949,time_exit,15849.5,15783.25,15854.75,15928.5,15848.5,15925.5,28786.0,88.4375,1
231,2023-12-05T09:00:00.000000,2023-12-05T09:25:00.000000,2023-12-05T11:20:00.000000,2023,2023-12-05,LONG,fib382,2.0,15879.06,15783.25,16070.679999999998,95.80999999999949,LOSS,-13.30999999999949,24,81.94000000000051,-46.55999999999949,time_exit,15849.5,15783.25,15854.75,15928.5,15848.5,15925.5,28786.0,88.4375,1
231,2023-12-05T09:00:00.000000,2023-12-05T09:10:00.000000,2023-12-05T11:05:00.000000,2023,2023-12-05,LONG,fib50,1.0,15888.5,15783.25,15993.75,105.25,WIN,3.75,24,72.5,-56.0,time_exit,15849.5,15783.25,15854.75,15928.5,15848.5,15925.5,28786.0,88.4375,1
231,2023-12-05T09:00:00.000000,2023-12-05T09:10:00.000000,2023-12-05T11:05:00.000000,2023,2023-12-05,LONG,fib50,1.5,15888.5,15783.25,16046.375,105.25,WIN,3.75,24,72.5,-56.0,time_exit,15849.5,15783.25,15854.75,15928.5,15848.5,15925.5,28786.0,88.4375,1
231,2023-12-05T09:00:00.000000,2023-12-05T09:10:00.000000,2023-12-05T11:05:00.000000,2023,2023-12-05,LONG,fib50,2.0,15888.5,15783.25,16099.0,105.25,WIN,3.75,24,72.5,-56.0,time_exit,15849.5,15783.25,15854.75,15928.5,15848.5,15925.5,28786.0,88.4375,1
232,2023-12-11T12:20:00.000000,2023-12-11T15:20:00.000000,2023-12-11T15:20:00.000000,2023,2023-12-11,LONG,fib382,1.0,16303.3855,16281.5,16325.271,21.88550000000032,LOSS,-21.88550000000032,1,152.86449999999968,-62.38550000000032,both_same_bar_stop_first,16359.75,16281.5,16219.5,16439.5,16219.25,16435.5,2750.0,98.07037457434733,1
232,2023-12-11T12:20:00.000000,2023-12-11T15:20:00.000000,2023-12-11T15:20:00.000000,2023,2023-12-11,LONG,fib382,1.5,16303.3855,16281.5,16336.21375,21.88550000000032,LOSS,-21.88550000000032,1,152.86449999999968,-62.38550000000032,both_same_bar_stop_first,16359.75,16281.5,16219.5,16439.5,16219.25,16435.5,2750.0,98.07037457434733,1
232,2023-12-11T12:20:00.000000,2023-12-11T15:20:00.000000,2023-12-11T15:20:00.000000,2023,2023-12-11,LONG,fib382,2.0,16303.3855,16281.5,16347.156500000001,21.88550000000032,LOSS,-21.88550000000032,1,152.86449999999968,-62.38550000000032,both_same_bar_stop_first,16359.75,16281.5,16219.5,16439.5,16219.25,16435.5,2750.0,98.07037457434733,1
232,2023-12-11T12:20:00.000000,2023-12-11T15:20:00.000000,2023-12-11T15:20:00.000000,2023,2023-12-11,LONG,fib50,1.0,16329.375,16281.5,16377.25,47.875,LOSS,-47.875,1,126.875,-88.375,both_same_bar_stop_first,16359.75,16281.5,16219.5,16439.5,16219.25,16435.5,2750.0,98.07037457434733,1
232,2023-12-11T12:20:00.000000,2023-12-11T15:20:00.000000,2023-12-11T15:20:00.000000,2023,2023-12-11,LONG,fib50,1.5,16329.375,16281.5,16401.1875,47.875,LOSS,-47.875,1,126.875,-88.375,both_same_bar_stop_first,16359.75,16281.5,16219.5,16439.5,16219.25,16435.5,2750.0,98.07037457434733,1
232,2023-12-11T12:20:00.000000,2023-12-11T15:20:00.000000,2023-12-11T15:20:00.000000,2023,2023-12-11,LONG,fib50,2.0,16329.375,16281.5,16425.125,47.875,LOSS,-47.875,1,126.875,-88.375,both_same_bar_stop_first,16359.75,16281.5,16219.5,16439.5,16219.25,16435.5,2750.0,98.07037457434733,1
233,2023-12-13T13:00:00.000000,2023-12-13T17:30:00.000000,2023-12-13T17:30:00.000000,2023,2023-12-13,LONG,fib382,1.0,16620.4645,16606.0,16634.928999999996,14.464499999998225,LOSS,-14.464499999998225,1,181.53550000000178,-29.964499999998225,both_same_bar_stop_first,16657.25,16606.0,16591.75,16669.75,16590.0,16668.0,28827.0,95.61128526645768,1
233,2023-12-13T13:00:00.000000,2023-12-13T17:30:00.000000,2023-12-13T17:30:00.000000,2023,2023-12-13,LONG,fib382,1.5,16620.4645,16606.0,16642.161249999997,14.464499999998225,LOSS,-14.464499999998225,1,181.53550000000178,-29.964499999998225,both_same_bar_stop_first,16657.25,16606.0,16591.75,16669.75,16590.0,16668.0,28827.0,95.61128526645768,1
233,2023-12-13T13:00:00.000000,2023-12-13T17:30:00.000000,2023-12-13T17:30:00.000000,2023,2023-12-13,LONG,fib382,2.0,16620.4645,16606.0,16649.393499999995,14.464499999998225,LOSS,-14.464499999998225,1,181.53550000000178,-29.964499999998225,both_same_bar_stop_first,16657.25,16606.0,16591.75,16669.75,16590.0,16668.0,28827.0,95.61128526645768,1
233,2023-12-13T13:00:00.000000,2023-12-13T17:30:00.000000,2023-12-13T17:30:00.000000,2023,2023-12-13,LONG,fib50,1.0,16629.875,16606.0,16653.75,23.875,LOSS,-23.875,1,172.125,-39.375,both_same_bar_stop_first,16657.25,16606.0,16591.75,16669.75,16590.0,16668.0,28827.0,95.61128526645768,1
233,2023-12-13T13:00:00.000000,2023-12-13T17:30:00.000000,2023-12-13T17:30:00.000000,2023,2023-12-13,LONG,fib50,1.5,16629.875,16606.0,16665.6875,23.875,LOSS,-23.875,1,172.125,-39.375,both_same_bar_stop_first,16657.25,16606.0,16591.75,16669.75,16590.0,16668.0,28827.0,95.61128526645768,1
233,2023-12-13T13:00:00.000000,2023-12-13T17:30:00.000000,2023-12-13T17:30:00.000000,2023,2023-12-13,LONG,fib50,2.0,16629.875,16606.0,16677.625,23.875,LOSS,-23.875,1,172.125,-39.375,both_same_bar_stop_first,16657.25,16606.0,16591.75,16669.75,16590.0,16668.0,28827.0,95.61128526645768,1
234,2024-01-05T09:00:00.000000,2024-01-05T10:45:00.000000,2024-01-05T12:15:00.000000,2024,2024-01-05,LONG,fib382,1.0,16500.5405,16437.5,16563.581,63.040499999999156,LOSS,-63.040499999999156,19,22.709500000000844,-70.29049999999916,stop,16494.25,16437.5,16472.75,16545.5,16472.75,16540.25,19086.0,92.78350515463917,1
234,2024-01-05T09:00:00.000000,2024-01-05T10:45:00.000000,2024-01-05T12:15:00.000000,2024,2024-01-05,LONG,fib382,1.5,16500.5405,16437.5,16595.10125,63.040499999999156,LOSS,-63.040499999999156,19,22.709500000000844,-70.29049999999916,stop,16494.25,16437.5,16472.75,16545.5,16472.75,16540.25,19086.0,92.78350515463917,1
234,2024-01-05T09:00:00.000000,2024-01-05T10:45:00.000000,2024-01-05T12:15:00.000000,2024,2024-01-05,LONG,fib382,2.0,16500.5405,16437.5,16626.621499999997,63.040499999999156,LOSS,-63.040499999999156,19,22.709500000000844,-70.29049999999916,stop,16494.25,16437.5,16472.75,16545.5,16472.75,16540.25,19086.0,92.78350515463917,1
234,2024-01-05T09:00:00.000000,2024-01-05T10:40:00.000000,2024-01-05T12:15:00.000000,2024,2024-01-05,LONG,fib50,1.0,16509.125,16437.5,16580.75,71.625,LOSS,-71.625,20,15.875,-78.875,stop,16494.25,16437.5,16472.75,16545.5,16472.75,16540.25,19086.0,92.78350515463917,1
234,2024-01-05T09:00:00.000000,2024-01-05T10:40:00.000000,2024-01-05T12:15:00.000000,2024,2024-01-05,LONG,fib50,1.5,16509.125,16437.5,16616.5625,71.625,LOSS,-71.625,20,15.875,-78.875,stop,16494.25,16437.5,16472.75,16545.5,16472.75,16540.25,19086.0,92.78350515463917,1
234,2024-01-05T09:00:00.000000,2024-01-05T10:40:00.000000,2024-01-05T12:15:00.000000,2024,2024-01-05,LONG,fib50,2.0,16509.125,16437.5,16652.375,71.625,LOSS,-71.625,20,15.875,-78.875,stop,16494.25,16437.5,16472.75,16545.5,16472.75,16540.25,19086.0,92.78350515463917,1
235,2024-01-11T09:00:00.000000,2024-01-11T12:55:00.000000,2024-01-11T14:50:00.000000,2024,2024-01-11,SHORT,fib382,1.0,16931.895,17043.5,16820.29,111.60499999999956,LOSS,-23.354999999999563,24,26.395000000000437,-51.85499999999956,time_exit,17043.5,16975.0,16958.25,16961.5,16884.0,16891.0,15824.0,86.7741935483871,-1
235,2024-01-11T09:00:00.000000,2024-01-11T12:55:00.000000,2024-01-11T14:50:00.000000,2024,2024-01-11,SHORT,fib382,1.5,16931.895,17043.5,16764.487500000003,111.60499999999956,LOSS,-23.354999999999563,24,26.395000000000437,-51.85499999999956,time_exit,17043.5,16975.0,16958.25,16961.5,16884.0,16891.0,15824.0,86.7741935483871,-1
235,2024-01-11T09:00:00.000000,2024-01-11T12:55:00.000000,2024-01-11T14:50:00.000000,2024,2024-01-11,SHORT,fib382,2.0,16931.895,17043.5,16708.685,111.60499999999956,LOSS,-23.354999999999563,24,26.395000000000437,-51.85499999999956,time_exit,17043.5,16975.0,16958.25,16961.5,16884.0,16891.0,15824.0,86.7741935483871,-1
235,2024-01-11T09:00:00.000000,2024-01-11T09:30:00.000000,2024-01-11T10:10:00.000000,2024,2024-01-11,SHORT,fib50,1.0,16922.75,17043.5,16802.0,120.75,WIN,120.75,9,137.0,-4.0,target,17043.5,16975.0,16958.25,16961.5,16884.0,16891.0,15824.0,86.7741935483871,-1
235,2024-01-11T09:00:00.000000,2024-01-11T09:30:00.000000,2024-01-11T11:25:00.000000,2024,2024-01-11,SHORT,fib50,1.5,16922.75,17043.5,16741.625,120.75,WIN,138.75,24,169.75,-4.0,time_exit,17043.5,16975.0,16958.25,16961.5,16884.0,16891.0,15824.0,86.7741935483871,-1
235,2024-01-11T09:00:00.000000,2024-01-11T09:30:00.000000,2024-01-11T11:25:00.000000,2024,2024-01-11,SHORT,fib50,2.0,16922.75,17043.5,16681.25,120.75,WIN,138.75,24,169.75,-4.0,time_exit,17043.5,16975.0,16958.25,16961.5,16884.0,16891.0,15824.0,86.7741935483871,-1
236,2024-01-31T14:00:00.000000,,,2024,2024-01-31,SHORT,fib382,1.0,17341.6065,17426.5,17256.713000000003,84.89349999999831,NO_ENTRY,0.0,0,0.0,0.0,no_entry_or_no_exit,17426.5,17355.25,17379.25,17385.25,17271.0,17289.0,25529.0,78.99343544857767,-1
236,2024-01-31T14:00:00.000000,,,2024,2024-01-31,SHORT,fib382,1.5,17341.6065,17426.5,17214.266250000004,84.89349999999831,NO_ENTRY,0.0,0,0.0,0.0,no_entry_or_no_exit,17426.5,17355.25,17379.25,17385.25,17271.0,17289.0,25529.0,78.99343544857767,-1
236,2024-01-31T14:00:00.000000,,,2024,2024-01-31,SHORT,fib382,2.0,17341.6065,17426.5,17171.819500000005,84.89349999999831,NO_ENTRY,0.0,0,0.0,0.0,no_entry_or_no_exit,17426.5,17355.25,17379.25,17385.25,17271.0,17289.0,25529.0,78.99343544857767,-1
236,2024-01-31T14:00:00.000000,2024-01-31T14:20:00.000000,2024-01-31T15:00:00.000000,2024,2024-01-31,SHORT,fib50,1.0,17328.125,17426.5,17229.75,98.375,WIN,98.375,9,106.625,-1.125,target,17426.5,17355.25,17379.25,17385.25,17271.0,17289.0,25529.0,78.99343544857767,-1
236,2024-01-31T14:00:00.000000,2024-01-31T14:20:00.000000,2024-01-31T17:15:00.000000,2024,2024-01-31,SHORT,fib50,1.5,17328.125,17426.5,17180.5625,98.375,WIN,43.625,24,106.625,-1.125,time_exit,17426.5,17355.25,17379.25,17385.25,17271.0,17289.0,25529.0,78.99343544857767,-1
236,2024-01-31T14:00:00.000000,2024-01-31T14:20:00.000000,2024-01-31T17:15:00.000000,2024,2024-01-31,SHORT,fib50,2.0,17328.125,17426.5,17131.375,98.375,WIN,43.625,24,106.625,-1.125,time_exit,17426.5,17355.25,17379.25,17385.25,17271.0,17289.0,25529.0,78.99343544857767,-1
237,2024-02-16T08:50:00.000000,2024-02-16T10:00:00.000000,2024-02-16T11:55:00.000000,2024,2024-02-16,SHORT,fib382,1.0,17830.592,17930.0,17731.184,99.40799999999945,LOSS,-26.657999999999447,24,26.842000000000553,-61.65799999999945,time_exit,17930.0,17877.5,17862.75,17866.5,17772.5,17775.75,23126.0,92.5531914893617,-1
237,2024-02-16T08:50:00.000000,2024-02-16T10:00:00.000000,2024-02-16T11:55:00.000000,2024,2024-02-16,SHORT,fib382,1.5,17830.592,17930.0,17681.480000000003,99.40799999999945,LOSS,-26.657999999999447,24,26.842000000000553,-61.65799999999945,time_exit,17930.0,17877.5,17862.75,17866.5,17772.5,17775.75,23126.0,92.5531914893617,-1
237,2024-02-16T08:50:00.000000,2024-02-16T10:00:00.000000,2024-02-16T11:55:00.000000,2024,2024-02-16,SHORT,fib382,2.0,17830.592,17930.0,17631.776,99.40799999999945,LOSS,-26.657999999999447,24,26.842000000000553,-61.65799999999945,time_exit,17930.0,17877.5,17862.75,17866.5,17772.5,17775.75,23126.0,92.5531914893617,-1
237,2024-02-16T08:50:00.000000,2024-02-16T09:45:00.000000,2024-02-16T11:40:00.000000,2024,2024-02-16,SHORT,fib50,1.0,17819.5,17930.0,17709.0,110.5,LOSS,-41.0,24,35.75,-72.75,time_exit,17930.0,17877.5,17862.75,17866.5,17772.5,17775.75,23126.0,92.5531914893617,-1
237,2024-02-16T08:50:00.000000,2024-02-16T09:45:00.000000,2024-02-16T11:40:00.000000,2024,2024-02-16,SHORT,fib50,1.5,17819.5,17930.0,17653.75,110.5,LOSS,-41.0,24,35.75,-72.75,time_exit,17930.0,17877.5,17862.75,17866.5,17772.5,17775.75,23126.0,92.5531914893617,-1
237,2024-02-16T08:50:00.000000,2024-02-16T09:45:00.000000,2024-02-16T11:40:00.000000,2024,2024-02-16,SHORT,fib50,2.0,17819.5,17930.0,17598.5,110.5,LOSS,-41.0,24,35.75,-72.75,time_exit,17930.0,17877.5,17862.75,17866.5,17772.5,17775.75,23126.0,92.5531914893617,-1
238,2024-02-16T13:45:00.000000,,,2024,2024-02-16,SHORT,fib382,1.0,17831.2155,17930.0,17732.430999999997,98.78450000000157,NO_ENTRY,0.0,0,0.0,0.0,no_entry_or_no_exit,17930.0,17877.5,17864.5,17865.5,17775.75,17795.75,17640.0,76.6016713091922,-1
238,2024-02-16T13:45:00.000000,,,2024,2024-02-16,SHORT,fib382,1.5,17831.2155,17930.0,17683.038749999996,98.78450000000157,NO_ENTRY,0.0,0,0.0,0.0,no_entry_or_no_exit,17930.0,17877.5,17864.5,17865.5,17775.75,17795.75,17640.0,76.6016713091922,-1
238,2024-02-16T13:45:00.000000,,,2024,2024-02-16,SHORT,fib382,2.0,17831.2155,17930.0,17633.646499999995,98.78450000000157,NO_ENTRY,0.0,0,0.0,0.0,no_entry_or_no_exit,17930.0,17877.5,17864.5,17865.5,17775.75,17795.75,17640.0,76.6016713091922,-1
238,2024-02-16T13:45:00.000000,,,2024,2024-02-16,SHORT,fib50,1.0,17820.625,17930.0,17711.25,109.375,NO_ENTRY,0.0,0,0.0,0.0,no_entry_or_no_exit,17930.0,17877.5,17864.5,17865.5,17775.75,17795.75,17640.0,76.6016713091922,-1
238,2024-02-16T13:45:00.000000,,,2024,2024-02-16,SHORT,fib50,1.5,17820.625,17930.0,17656.5625,109.375,NO_ENTRY,0.0,0,0.0,0.0,no_entry_or_no_exit,17930.0,17877.5,17864.5,17865.5,17775.75,17795.75,17640.0,76.6016713091922,-1
238,2024-02-16T13:45:00.000000,,,2024,2024-02-16,SHORT,fib50,2.0,17820.625,17930.0,17601.875,109.375,NO_ENTRY,0.0,0,0.0,0.0,no_entry_or_no_exit,17930.0,17877.5,17864.5,17865.5,17775.75,17795.75,17640.0,76.6016713091922,-1
239,2024-03-06T12:45:00.000000,,,2024,2024-03-06,SHORT,fib382,1.0,18097.648,18126.5,18068.796000000002,28.851999999998952,NO_ENTRY,0.0,0,0.0,0.0,no_entry_or_no_exit,18126.5,18069.25,18124.5,18130.5,18044.5,18045.75,13956.0,91.56976744186046,-1
239,2024-03-06T12:45:00.000000,,,2024,2024-03-06,SHORT,fib382,1.5,18097.648,18126.5,18054.370000000003,28.851999999998952,NO_ENTRY,0.0,0,0.0,0.0,no_entry_or_no_exit,18126.5,18069.25,18124.5,18130.5,18044.5,18045.75,13956.0,91.56976744186046,-1
239,2024-03-06T12:45:00.000000,,,2024,2024-03-06,SHORT,fib382,2.0,18097.648,18126.5,18039.944000000003,28.851999999998952,NO_ENTRY,0.0,0,0.0,0.0,no_entry_or_no_exit,18126.5,18069.25,18124.5,18130.5,18044.5,18045.75,13956.0,91.56976744186046,-1
239,2024-03-06T12:45:00.000000,2024-03-06T12:55:00.000000,2024-03-06T12:55:00.000000,2024,2024-03-06,SHORT,fib50,1.0,18087.5,18126.5,18048.5,39.0,WIN,39.0,1,43.0,-1.25,target,18126.5,18069.25,18124.5,18130.5,18044.5,18045.75,13956.0,91.56976744186046,-1
239,2024-03-06T12:45:00.000000,2024-03-06T12:55:00.000000,2024-03-06T13:15:00.000000,2024,2024-03-06,SHORT,fib50,1.5,18087.5,18126.5,18029.0,39.0,WIN,58.5,5,81.5,-1.25,target,18126.5,18069.25,18124.5,18130.5,18044.5,18045.75,13956.0,91.56976744186046,-1
239,2024-03-06T12:45:00.000000,2024-03-06T12:55:00.000000,2024-03-06T13:15:00.000000,2024,2024-03-06,SHORT,fib50,2.0,18087.5,18126.5,18009.5,39.0,WIN,78.0,5,81.5,-1.25,target,18126.5,18069.25,18124.5,18130.5,18044.5,18045.75,13956.0,91.56976744186046,-1
241,2024-03-20T12:00:00.000000,2024-03-20T12:30:00.000000,2024-03-20T12:30:00.000000,2024,2024-03-20,LONG,fib382,1.0,18310.4135,18255.5,18365.326999999997,54.91349999999875,WIN,54.91349999999875,1,81.33650000000125,-14.163499999998749,target,18303.5,18255.5,18272.5,18371.75,18272.5,18361.75,23867.0,89.92443324937027,1
241,2024-03-20T12:00:00.000000,2024-03-20T12:30:00.000000,2024-03-20T12:40:00.000000,2024,2024-03-20,LONG,fib382,1.5,18310.4135,18255.5,18392.783749999995,54.91349999999875,WIN,82.37024999999812,3,92.33650000000125,-24.16349999999875,target,18303.5,18255.5,18272.5,18371.75,18272.5,18361.75,23867.0,89.92443324937027,1
241,2024-03-20T12:00:00.000000,2024-03-20T12:30:00.000000,2024-03-20T12:45:00.000000,2024,2024-03-20,LONG,fib382,2.0,18310.4135,18255.5,18420.240499999996,54.91349999999875,WIN,109.8269999999975,4,136.33650000000125,-24.16349999999875,target,18303.5,18255.5,18272.5,18371.75,18272.5,18361.75,23867.0,89.92443324937027,1
241,2024-03-20T12:00:00.000000,2024-03-20T12:15:00.000000,2024-03-20T12:30:00.000000,2024,2024-03-20,LONG,fib50,1.0,18322.125,18255.5,18388.75,66.625,WIN,66.625,4,69.625,-25.875,target,18303.5,18255.5,18272.5,18371.75,18272.5,18361.75,23867.0,89.92443324937027,1
241,2024-03-20T12:00:00.000000,2024-03-20T12:15:00.000000,2024-03-20T12:45:00.000000,2024,2024-03-20,LONG,fib50,1.5,18322.125,18255.5,18422.0625,66.625,WIN,99.9375,7,124.625,-35.875,target,18303.5,18255.5,18272.5,18371.75,18272.5,18361.75,23867.0,89.92443324937027,1
241,2024-03-20T12:00:00.000000,2024-03-20T12:15:00.000000,2024-03-20T13:05:00.000000,2024,2024-03-20,LONG,fib50,2.0,18322.125,18255.5,18455.375,66.625,WIN,133.25,11,149.625,-35.875,target,18303.5,18255.5,18272.5,18371.75,18272.5,18361.75,23867.0,89.92443324937027,1
242,2024-03-20T12:35:00.000000,,,2024,2024-03-20,LONG,fib382,1.0,18322.4445,18255.5,18389.389000000003,66.94450000000143,NO_ENTRY,0.0,0,0.0,0.0,no_entry_or_no_exit,18303.5,18255.5,18297.25,18381.0,18286.25,18366.75,20469.0,73.35092348284961,1
242,2024-03-20T12:35:00.000000,,,2024,2024-03-20,LONG,fib382,1.5,18322.4445,18255.5,18422.86125,66.94450000000143,NO_ENTRY,0.0,0,0.0,0.0,no_entry_or_no_exit,18303.5,18255.5,18297.25,18381.0,18286.25,18366.75,20469.0,73.35092348284961,1
242,2024-03-20T12:35:00.000000,,,2024,2024-03-20,LONG,fib382,2.0,18322.4445,18255.5,18456.333500000004,66.94450000000143,NO_ENTRY,0.0,0,0.0,0.0,no_entry_or_no_exit,18303.5,18255.5,18297.25,18381.0,18286.25,18366.75,20469.0,73.35092348284961,1
242,2024-03-20T12:35:00.000000,,,2024,2024-03-20,LONG,fib50,1.0,18333.625,18255.5,18411.75,78.125,NO_ENTRY,0.0,0,0.0,0.0,no_entry_or_no_exit,18303.5,18255.5,18297.25,18381.0,18286.25,18366.75,20469.0,73.35092348284961,1
242,2024-03-20T12:35:00.000000,,,2024,2024-03-20,LONG,fib50,1.5,18333.625,18255.5,18450.8125,78.125,NO_ENTRY,0.0,0,0.0,0.0,no_entry_or_no_exit,18303.5,18255.5,18297.25,18381.0,18286.25,18366.75,20469.0,73.35092348284961,1
242,2024-03-20T12:35:00.000000,,,2024,2024-03-20,LONG,fib50,2.0,18333.625,18255.5,18489.875,78.125,NO_ENTRY,0.0,0,0.0,0.0,no_entry_or_no_exit,18303.5,18255.5,18297.25,18381.0,18286.25,18366.75,20469.0,73.35092348284961,1
243,2024-04-04T12:25:00.000000,,,2024,2024-04-04,SHORT,fib382,1.0,18373.909,18513.75,18234.068,139.84100000000035,NO_ENTRY,0.0,0,0.0,0.0,no_entry_or_no_exit,18513.75,18487.75,18400.75,18402.75,18327.25,18334.0,16193.0,88.41059602649007,-1
243,2024-04-04T12:25:00.000000,,,2024,2024-04-04,SHORT,fib382,1.5,18373.909,18513.75,18164.1475,139.84100000000035,NO_ENTRY,0.0,0,0.0,0.0,no_entry_or_no_exit,18513.75,18487.75,18400.75,18402.75,18327.25,18334.0,16193.0,88.41059602649007,-1
243,2024-04-04T12:25:00.000000,,,2024,2024-04-04,SHORT,fib382,2.0,18373.909,18513.75,18094.227,139.84100000000035,NO_ENTRY,0.0,0,0.0,0.0,no_entry_or_no_exit,18513.75,18487.75,18400.75,18402.75,18327.25,18334.0,16193.0,88.41059602649007,-1
243,2024-04-04T12:25:00.000000,,,2024,2024-04-04,SHORT,fib50,1.0,18365.0,18513.75,18216.25,148.75,NO_ENTRY,0.0,0,0.0,0.0,no_entry_or_no_exit,18513.75,18487.75,18400.75,18402.75,18327.25,18334.0,16193.0,88.41059602649007,-1
243,2024-04-04T12:25:00.000000,,,2024,2024-04-04,SHORT,fib50,1.5,18365.0,18513.75,18141.875,148.75,NO_ENTRY,0.0,0,0.0,0.0,no_entry_or_no_exit,18513.75,18487.75,18400.75,18402.75,18327.25,18334.0,16193.0,88.41059602649007,-1
243,2024-04-04T12:25:00.000000,,,2024,2024-04-04,SHORT,fib50,2.0,18365.0,18513.75,18067.5,148.75,NO_ENTRY,0.0,0,0.0,0.0,no_entry_or_no_exit,18513.75,18487.75,18400.75,18402.75,18327.25,18334.0,16193.0,88.41059602649007,-1
244,2024-04-16T12:05:00.000000,2024-04-16T12:10:00.000000,2024-04-16T14:05:00.000000,2024,2024-04-16,LONG,fib382,1.0,17928.661,17834.5,18022.822,94.16100000000006,LOSS,-53.41100000000006,24,59.33899999999994,-82.66100000000006,time_exit,17878.5,17834.5,17904.75,17981.5,17896.0,17978.0,13289.0,85.67251461988305,1
244,2024-04-16T12:05:00.000000,2024-04-16T12:10:00.000000,2024-04-16T14:05:00.000000,2024,2024-04-16,LONG,fib382,1.5,17928.661,17834.5,18069.9025,94.16100000000006,LOSS,-53.41100000000006,24,59.33899999999994,-82.66100000000006,time_exit,17878.5,17834.5,17904.75,17981.5,17896.0,17978.0,13289.0,85.67251461988305,1
244,2024-04-16T12:05:00.000000,2024-04-16T12:10:00.000000,2024-04-16T14:05:00.000000,2024,2024-04-16,LONG,fib382,2.0,17928.661,17834.5,18116.983,94.16100000000006,LOSS,-53.41100000000006,24,59.33899999999994,-82.66100000000006,time_exit,17878.5,17834.5,17904.75,17981.5,17896.0,17978.0,13289.0,85.67251461988305,1
244,2024-04-16T12:05:00.000000,2024-04-16T12:10:00.000000,2024-04-16T14:05:00.000000,2024,2024-04-16,LONG,fib50,1.0,17938.75,17834.5,18043.0,104.25,LOSS,-63.5,24,49.25,-92.75,time_exit,17878.5,17834.5,17904.75,17981.5,17896.0,17978.0,13289.0,85.67251461988305,1
244,2024-04-16T12:05:00.000000,2024-04-16T12:10:00.000000,2024-04-16T14:05:00.000000,2024,2024-04-16,LONG,fib50,1.5,17938.75,17834.5,18095.125,104.25,LOSS,-63.5,24,49.25,-92.75,time_exit,17878.5,17834.5,17904.75,17981.5,17896.0,17978.0,13289.0,85.67251461988305,1
244,2024-04-16T12:05:00.000000,2024-04-16T12:10:00.000000,2024-04-16T14:05:00.000000,2024,2024-04-16,LONG,fib50,2.0,17938.75,17834.5,18147.25,104.25,LOSS,-63.5,24,49.25,-92.75,time_exit,17878.5,17834.5,17904.75,17981.5,17896.0,17978.0,13289.0,85.67251461988305,1
245,2024-04-17T08:50:00.000000,2024-04-17T09:00:00.000000,2024-04-17T09:15:00.000000,2024,2024-04-17,SHORT,fib382,1.0,17819.738,17857.5,17781.976000000002,37.76199999999881,WIN,37.76199999999881,4,40.73800000000119,-30.261999999998807,target,17857.5,17817.5,17854.25,17854.5,17763.5,17774.5,17226.0,87.63736263736264,-1
245,2024-04-17T08:50:00.000000,2024-04-17T09:00:00.000000,2024-04-17T09:30:00.000000,2024,2024-04-17,SHORT,fib382,1.5,17819.738,17857.5,17763.095,37.76199999999881,WIN,56.64299999999821,7,93.4880000000012,-30.261999999998807,target,17857.5,17817.5,17854.25,17854.5,17763.5,17774.5,17226.0,87.63736263736264,-1
245,2024-04-17T08:50:00.000000,2024-04-17T09:00:00.000000,2024-04-17T09:30:00.000000,2024,2024-04-17,SHORT,fib382,2.0,17819.738,17857.5,17744.214000000004,37.76199999999881,WIN,75.52399999999761,7,93.4880000000012,-30.261999999998807,target,17857.5,17817.5,17854.25,17854.5,17763.5,17774.5,17226.0,87.63736263736264,-1
245,2024-04-17T08:50:00.000000,2024-04-17T09:00:00.000000,2024-04-17T09:30:00.000000,2024,2024-04-17,SHORT,fib50,1.0,17809.0,17857.5,17760.5,48.5,WIN,48.5,7,82.75,-41.0,target,17857.5,17817.5,17854.25,17854.5,17763.5,17774.5,17226.0,87.63736263736264,-1
245,2024-04-17T08:50:00.000000,2024-04-17T09:00:00.000000,2024-04-17T09:30:00.000000,2024,2024-04-17,SHORT,fib50,1.5,17809.0,17857.5,17736.25,48.5,WIN,72.75,7,82.75,-41.0,target,17857.5,17817.5,17854.25,17854.5,17763.5,17774.5,17226.0,87.63736263736264,-1
245,2024-04-17T08:50:00.000000,2024-04-17T09:00:00.000000,2024-04-17T10:00:00.000000,2024,2024-04-17,SHORT,fib50,2.0,17809.0,17857.5,17712.0,48.5,WIN,97.0,13,103.0,-41.0,target,17857.5,17817.5,17854.25,17854.5,17763.5,17774.5,17226.0,87.63736263736264,-1
246,2024-04-24T14:05:00.000000,,,2024,2024-04-24,SHORT,fib382,1.0,17616.3235,17742.25,17490.396999999997,125.9265000000014,NO_ENTRY,0.0,0,0.0,0.0,no_entry_or_no_exit,17742.25,17695.25,17667.0,17672.0,17526.25,17561.5,13399.0,72.38421955403086,-1
246,2024-04-24T14:05:00.000000,,,2024,2024-04-24,SHORT,fib382,1.5,17616.3235,17742.25,17427.433749999997,125.9265000000014,NO_ENTRY,0.0,0,0.0,0.0,no_entry_or_no_exit,17742.25,17695.25,17667.0,17672.0,17526.25,17561.5,13399.0,72.38421955403086,-1
246,2024-04-24T14:05:00.000000,,,2024,2024-04-24,SHORT,fib382,2.0,17616.3235,17742.25,17364.470499999996,125.9265000000014,NO_ENTRY,0.0,0,0.0,0.0,no_entry_or_no_exit,17742.25,17695.25,17667.0,17672.0,17526.25,17561.5,13399.0,72.38421955403086,-1
246,2024-04-24T14:05:00.000000,,,2024,2024-04-24,SHORT,fib50,1.0,17599.125,17742.25,17456.0,143.125,NO_ENTRY,0.0,0,0.0,0.0,no_entry_or_no_exit,17742.25,17695.25,17667.0,17672.0,17526.25,17561.5,13399.0,72.38421955403086,-1
246,2024-04-24T14:05:00.000000,,,2024,2024-04-24,SHORT,fib50,1.5,17599.125,17742.25,17384.4375,143.125,NO_ENTRY,0.0,0,0.0,0.0,no_entry_or_no_exit,17742.25,17695.25,17667.0,17672.0,17526.25,17561.5,13399.0,72.38421955403086,-1
246,2024-04-24T14:05:00.000000,,,2024,2024-04-24,SHORT,fib50,2.0,17599.125,17742.25,17312.875,143.125,NO_ENTRY,0.0,0,0.0,0.0,no_entry_or_no_exit,17742.25,17695.25,17667.0,17672.0,17526.25,17561.5,13399.0,72.38421955403086,-1
247,2024-04-25T14:00:00.000000,,,2024,2024-04-25,LONG,fib382,1.0,17639.68,17357.0,17922.36,282.6800000000003,NO_ENTRY,0.0,0,0.0,0.0,no_entry_or_no_exit,17436.5,17357.0,17567.25,17788.0,17548.0,17782.25,22070.0,89.58333333333334,1
247,2024-04-25T14:00:00.000000,,,2024,2024-04-25,LONG,fib382,1.5,17639.68,17357.0,18063.7,282.6800000000003,NO_ENTRY,0.0,0,0.0,0.0,no_entry_or_no_exit,17436.5,17357.0,17567.25,17788.0,17548.0,17782.25,22070.0,89.58333333333334,1
247,2024-04-25T14:00:00.000000,,,2024,2024-04-25,LONG,fib382,2.0,17639.68,17357.0,18205.04,282.6800000000003,NO_ENTRY,0.0,0,0.0,0.0,no_entry_or_no_exit,17436.5,17357.0,17567.25,17788.0,17548.0,17782.25,22070.0,89.58333333333334,1
247,2024-04-25T14:00:00.000000,,,2024,2024-04-25,LONG,fib50,1.0,17668.0,17357.0,17979.0,311.0,NO_ENTRY,0.0,0,0.0,0.0,no_entry_or_no_exit,17436.5,17357.0,17567.25,17788.0,17548.0,17782.25,22070.0,89.58333333333334,1
247,2024-04-25T14:00:00.000000,,,2024,2024-04-25,LONG,fib50,1.5,17668.0,17357.0,18134.5,311.0,NO_ENTRY,0.0,0,0.0,0.0,no_entry_or_no_exit,17436.5,17357.0,17567.25,17788.0,17548.0,17782.25,22070.0,89.58333333333334,1
247,2024-04-25T14:00:00.000000,,,2024,2024-04-25,LONG,fib50,2.0,17668.0,17357.0,18290.0,311.0,NO_ENTRY,0.0,0,0.0,0.0,no_entry_or_no_exit,17436.5,17357.0,17567.25,17788.0,17548.0,17782.25,22070.0,89.58333333333334,1
248,2024-04-29T13:00:00.000000,2024-04-29T13:20:00.000000,2024-04-29T14:00:00.000000,2024,2024-04-29,SHORT,fib382,1.0,17854.707,17916.5,17792.913999999997,61.793000000001484,LOSS,-61.793000000001484,9,18.956999999998516,-77.29300000000148,stop,17916.5,17869.25,17887.75,17887.75,17801.25,17816.25,20082.0,82.65895953757226,-1
248,2024-04-29T13:00:00.000000,2024-04-29T13:20:00.000000,2024-04-29T14:00:00.000000,2024,2024-04-29,SHORT,fib382,1.5,17854.707,17916.5,17762.017499999994,61.793000000001484,LOSS,-61.793000000001484,9,18.956999999998516,-77.29300000000148,stop,17916.5,17869.25,17887.75,17887.75,17801.25,17816.25,20082.0,82.65895953757226,-1
248,2024-04-29T13:00:00.000000,2024-04-29T13:20:00.000000,2024-04-29T14:00:00.000000,2024,2024-04-29,SHORT,fib382,2.0,17854.707,17916.5,17731.120999999996,61.793000000001484,LOSS,-61.793000000001484,9,18.956999999998516,-77.29300000000148,stop,17916.5,17869.25,17887.75,17887.75,17801.25,17816.25,20082.0,82.65895953757226,-1
248,2024-04-29T13:00:00.000000,2024-04-29T13:15:00.000000,2024-04-29T14:00:00.000000,2024,2024-04-29,SHORT,fib50,1.0,17844.5,17916.5,17772.5,72.0,LOSS,-72.0,10,20.75,-87.5,stop,17916.5,17869.25,17887.75,17887.75,17801.25,17816.25,20082.0,82.65895953757226,-1
248,2024-04-29T13:00:00.000000,2024-04-29T13:15:00.000000,2024-04-29T14:00:00.000000,2024,2024-04-29,SHORT,fib50,1.5,17844.5,17916.5,17736.5,72.0,LOSS,-72.0,10,20.75,-87.5,stop,17916.5,17869.25,17887.75,17887.75,17801.25,17816.25,20082.0,82.65895953757226,-1
248,2024-04-29T13:00:00.000000,2024-04-29T13:15:00.000000,2024-04-29T14:00:00.000000,2024,2024-04-29,SHORT,fib50,2.0,17844.5,17916.5,17700.5,72.0,LOSS,-72.0,10,20.75,-87.5,stop,17916.5,17869.25,17887.75,17887.75,17801.25,17816.25,20082.0,82.65895953757226,-1
249,2024-04-30T13:50:00.000000,,,2024,2024-04-30,SHORT,fib382,1.0,17673.853,17865.75,17481.956,191.89700000000084,NO_ENTRY,0.0,0,0.0,0.0,no_entry_or_no_exit,17865.75,17818.0,17705.5,17705.75,17622.25,17629.25,18491.0,91.31736526946108,-1
249,2024-04-30T13:50:00.000000,,,2024,2024-04-30,SHORT,fib382,1.5,17673.853,17865.75,17386.0075,191.89700000000084,NO_ENTRY,0.0,0,0.0,0.0,no_entry_or_no_exit,17865.75,17818.0,17705.5,17705.75,17622.25,17629.25,18491.0,91.31736526946108,-1
249,2024-04-30T13:50:00.000000,,,2024,2024-04-30,SHORT,fib382,2.0,17673.853,17865.75,17290.058999999997,191.89700000000084,NO_ENTRY,0.0,0,0.0,0.0,no_entry_or_no_exit,17865.75,17818.0,17705.5,17705.75,17622.25,17629.25,18491.0,91.31736526946108,-1
249,2024-04-30T13:50:00.000000,,,2024,2024-04-30,SHORT,fib50,1.0,17664.0,17865.75,17462.25,201.75,NO_ENTRY,0.0,0,0.0,0.0,no_entry_or_no_exit,17865.75,17818.0,17705.5,17705.75,17622.25,17629.25,18491.0,91.31736526946108,-1
249,2024-04-30T13:50:00.000000,,,2024,2024-04-30,SHORT,fib50,1.5,17664.0,17865.75,17361.375,201.75,NO_ENTRY,0.0,0,0.0,0.0,no_entry_or_no_exit,17865.75,17818.0,17705.5,17705.75,17622.25,17629.25,18491.0,91.31736526946108,-1
249,2024-04-30T13:50:00.000000,,,2024,2024-04-30,SHORT,fib50,2.0,17664.0,17865.75,17260.5,201.75,NO_ENTRY,0.0,0,0.0,0.0,no_entry_or_no_exit,17865.75,17818.0,17705.5,17705.75,17622.25,17629.25,18491.0,91.31736526946108,-1
250,2024-04-30T13:55:00.000000,2024-04-30T14:00:00.000000,2024-04-30T16:55:00.000000,2024,2024-04-30,SHORT,fib382,1.0,17604.4425,17865.75,17343.135000000002,261.307499999999,WIN,108.94250000000102,24,150.69250000000102,-26.30749999999898,time_exit,17865.75,17818.0,17629.25,17629.75,17563.5,17563.5,35302.0,99.24528301886792,-1
250,2024-04-30T13:55:00.000000,2024-04-30T14:00:00.000000,2024-04-30T16:55:00.000000,2024,2024-04-30,SHORT,fib382,1.5,17604.4425,17865.75,17212.481250000004,261.307499999999,WIN,108.94250000000102,24,150.69250000000102,-26.30749999999898,time_exit,17865.75,17818.0,17629.25,17629.75,17563.5,17563.5,35302.0,99.24528301886792,-1
250,2024-04-30T13:55:00.000000,2024-04-30T14:00:00.000000,2024-04-30T16:55:00.000000,2024,2024-04-30,SHORT,fib382,2.0,17604.4425,17865.75,17081.827500000003,261.307499999999,WIN,108.94250000000102,24,150.69250000000102,-26.30749999999898,time_exit,17865.75,17818.0,17629.25,17629.75,17563.5,17563.5,35302.0,99.24528301886792,-1
250,2024-04-30T13:55:00.000000,2024-04-30T14:00:00.000000,2024-04-30T16:55:00.000000,2024,2024-04-30,SHORT,fib50,1.0,17596.625,17865.75,17327.5,269.125,WIN,101.125,24,142.875,-34.125,time_exit,17865.75,17818.0,17629.25,17629.75,17563.5,17563.5,35302.0,99.24528301886792,-1
250,2024-04-30T13:55:00.000000,2024-04-30T14:00:00.000000,2024-04-30T16:55:00.000000,2024,2024-04-30,SHORT,fib50,1.5,17596.625,17865.75,17192.9375,269.125,WIN,101.125,24,142.875,-34.125,time_exit,17865.75,17818.0,17629.25,17629.75,17563.5,17563.5,35302.0,99.24528301886792,-1
250,2024-04-30T13:55:00.000000,2024-04-30T14:00:00.000000,2024-04-30T16:55:00.000000,2024,2024-04-30,SHORT,fib50,2.0,17596.625,17865.75,17058.375,269.125,WIN,101.125,24,142.875,-34.125,time_exit,17865.75,17818.0,17629.25,17629.75,17563.5,17563.5,35302.0,99.24528301886792,-1
251,2024-05-01T12:40:00.000000,2024-05-01T13:30:00.000000,2024-05-01T13:55:00.000000,2024,2024-05-01,LONG,fib382,1.0,17641.306,17459.25,17823.362,182.0560000000005,LOSS,-182.0560000000005,6,76.4439999999995,-216.0560000000005,stop,17497.75,17459.25,17605.25,17723.5,17590.5,17721.75,27675.0,87.59398496240601,1
251,2024-05-01T12:40:00.000000,2024-05-01T13:30:00.000000,2024-05-01T13:55:00.000000,2024,2024-05-01,LONG,fib382,1.5,17641.306,17459.25,17914.39,182.0560000000005,LOSS,-182.0560000000005,6,76.4439999999995,-216.0560000000005,stop,17497.75,17459.25,17605.25,17723.5,17590.5,17721.75,27675.0,87.59398496240601,1
251,2024-05-01T12:40:00.000000,2024-05-01T13:30:00.000000,2024-05-01T13:55:00.000000,2024,2024-05-01,LONG,fib382,2.0,17641.306,17459.25,18005.418,182.0560000000005,LOSS,-182.0560000000005,6,76.4439999999995,-216.0560000000005,stop,17497.75,17459.25,17605.25,17723.5,17590.5,17721.75,27675.0,87.59398496240601,1
251,2024-05-01T12:40:00.000000,2024-05-01T12:45:00.000000,2024-05-01T13:55:00.000000,2024,2024-05-01,LONG,fib50,1.0,17657.0,17459.25,17854.75,197.75,LOSS,-197.75,15,136.25,-231.75,stop,17497.75,17459.25,17605.25,17723.5,17590.5,17721.75,27675.0,87.59398496240601,1
251,2024-05-01T12:40:00.000000,2024-05-01T12:45:00.000000,2024-05-01T13:55:00.000000,2024,2024-05-01,LONG,fib50,1.5,17657.0,17459.25,17953.625,197.75,LOSS,-197.75,15,136.25,-231.75,stop,17497.75,17459.25,17605.25,17723.5,17590.5,17721.75,27675.0,87.59398496240601,1
251,2024-05-01T12:40:00.000000,2024-05-01T12:45:00.000000,2024-05-01T13:55:00.000000,2024,2024-05-01,LONG,fib50,2.0,17657.0,17459.25,18052.5,197.75,LOSS,-197.75,15,136.25,-231.75,stop,17497.75,17459.25,17605.25,17723.5,17590.5,17721.75,27675.0,87.59398496240601,1
255,2024-06-12T14:15:00.000000,,,2024,2024-06-12,LONG,fib382,1.0,19509.2705,19496.25,19522.290999999997,13.02049999999872,NO_ENTRY,0.0,0,0.0,0.0,no_entry_or_no_exit,19546.75,19496.25,19478.5,19563.5,19475.75,19557.0,6293.0,89.45868945868945,1
255,2024-06-12T14:15:00.000000,,,2024,2024-06-12,LONG,fib382,1.5,19509.2705,19496.25,19528.801249999997,13.02049999999872,NO_ENTRY,0.0,0,0.0,0.0,no_entry_or_no_exit,19546.75,19496.25,19478.5,19563.5,19475.75,19557.0,6293.0,89.45868945868945,1
255,2024-06-12T14:15:00.000000,,,2024,2024-06-12,LONG,fib382,2.0,19509.2705,19496.25,19535.311499999996,13.02049999999872,NO_ENTRY,0.0,0,0.0,0.0,no_entry_or_no_exit,19546.75,19496.25,19478.5,19563.5,19475.75,19557.0,6293.0,89.45868945868945,1
255,2024-06-12T14:15:00.000000,,,2024,2024-06-12,LONG,fib50,1.0,19519.625,19496.25,19543.0,23.375,NO_ENTRY,0.0,0,0.0,0.0,no_entry_or_no_exit,19546.75,19496.25,19478.5,19563.5,19475.75,19557.0,6293.0,89.45868945868945,1
255,2024-06-12T14:15:00.000000,,,2024,2024-06-12,LONG,fib50,1.5,19519.625,19496.25,19554.6875,23.375,NO_ENTRY,0.0,0,0.0,0.0,no_entry_or_no_exit,19546.75,19496.25,19478.5,19563.5,19475.75,19557.0,6293.0,89.45868945868945,1
255,2024-06-12T14:15:00.000000,,,2024,2024-06-12,LONG,fib50,2.0,19519.625,19496.25,19566.375,23.375,NO_ENTRY,0.0,0,0.0,0.0,no_entry_or_no_exit,19546.75,19496.25,19478.5,19563.5,19475.75,19557.0,6293.0,89.45868945868945,1
256,2024-07-18T09:10:00.000000,2024-07-18T10:40:00.000000,2024-07-18T12:35:00.000000,2024,2024-07-18,SHORT,fib382,1.0,19902.937,20047.75,19758.124000000003,144.81299999999828,WIN,88.68700000000172,24,90.43700000000172,-43.31299999999828,time_exit,20047.75,19893.0,19927.25,19930.25,19858.75,19860.0,14994.0,94.05594405594405,-1
256,2024-07-18T09:10:00.000000,2024-07-18T10:40:00.000000,2024-07-18T12:35:00.000000,2024,2024-07-18,SHORT,fib382,1.5,19902.937,20047.75,19685.717500000006,144.81299999999828,WIN,88.68700000000172,24,90.43700000000172,-43.31299999999828,time_exit,20047.75,19893.0,19927.25,19930.25,19858.75,19860.0,14994.0,94.05594405594405,-1
256,2024-07-18T09:10:00.000000,2024-07-18T10:40:00.000000,2024-07-18T12:35:00.000000,2024,2024-07-18,SHORT,fib382,2.0,19902.937,20047.75,19613.311000000005,144.81299999999828,WIN,88.68700000000172,24,90.43700000000172,-43.31299999999828,time_exit,20047.75,19893.0,19927.25,19930.25,19858.75,19860.0,14994.0,94.05594405594405,-1
256,2024-07-18T09:10:00.000000,2024-07-18T10:35:00.000000,2024-07-18T12:30:00.000000,2024,2024-07-18,SHORT,fib50,1.0,19894.5,20047.75,19741.25,153.25,WIN,45.25,24,69.75,-51.75,time_exit,20047.75,19893.0,19927.25,19930.25,19858.75,19860.0,14994.0,94.05594405594405,-1
256,2024-07-18T09:10:00.000000,2024-07-18T10:35:00.000000,2024-07-18T12:30:00.000000,2024,2024-07-18,SHORT,fib50,1.5,19894.5,20047.75,19664.625,153.25,WIN,45.25,24,69.75,-51.75,time_exit,20047.75,19893.0,19927.25,19930.25,19858.75,19860.0,14994.0,94.05594405594405,-1
256,2024-07-18T09:10:00.000000,2024-07-18T10:35:00.000000,2024-07-18T12:30:00.000000,2024,2024-07-18,SHORT,fib50,2.0,19894.5,20047.75,19588.0,153.25,WIN,45.25,24,69.75,-51.75,time_exit,20047.75,19893.0,19927.25,19930.25,19858.75,19860.0,14994.0,94.05594405594405,-1
257,2024-07-18T13:50:00.000000,2024-07-18T13:55:00.000000,2024-07-18T16:50:00.000000,2024,2024-07-18,SHORT,fib382,1.0,19923.328,20047.75,19798.906000000003,124.42199999999866,LOSS,-35.42199999999866,24,58.07800000000134,-53.42199999999866,time_exit,20047.75,19893.0,19959.75,19960.0,19864.0,19866.0,16144.0,97.65625,-1
257,2024-07-18T13:50:00.000000,2024-07-18T13:55:00.000000,2024-07-18T16:50:00.000000,2024,2024-07-18,SHORT,fib382,1.5,19923.328,20047.75,19736.695000000003,124.42199999999866,LOSS,-35.42199999999866,24,58.07800000000134,-53.42199999999866,time_exit,20047.75,19893.0,19959.75,19960.0,19864.0,19866.0,16144.0,97.65625,-1
257,2024-07-18T13:50:00.000000,2024-07-18T13:55:00.000000,2024-07-18T16:50:00.000000,2024,2024-07-18,SHORT,fib382,2.0,19923.328,20047.75,19674.484000000004,124.42199999999866,LOSS,-35.42199999999866,24,58.07800000000134,-53.42199999999866,time_exit,20047.75,19893.0,19959.75,19960.0,19864.0,19866.0,16144.0,97.65625,-1
257,2024-07-18T13:50:00.000000,2024-07-18T13:55:00.000000,2024-07-18T16:50:00.000000,2024,2024-07-18,SHORT,fib50,1.0,19912.0,20047.75,19776.25,135.75,LOSS,-46.75,24,46.75,-64.75,time_exit,20047.75,19893.0,19959.75,19960.0,19864.0,19866.0,16144.0,97.65625,-1
257,2024-07-18T13:50:00.000000,2024-07-18T13:55:00.000000,2024-07-18T16:50:00.000000,2024,2024-07-18,SHORT,fib50,1.5,19912.0,20047.75,19708.375,135.75,LOSS,-46.75,24,46.75,-64.75,time_exit,20047.75,19893.0,19959.75,19960.0,19864.0,19866.0,16144.0,97.65625,-1
257,2024-07-18T13:50:00.000000,2024-07-18T13:55:00.000000,2024-07-18T16:50:00.000000,2024,2024-07-18,SHORT,fib50,2.0,19912.0,20047.75,19640.5,135.75,LOSS,-46.75,24,46.75,-64.75,time_exit,20047.75,19893.0,19959.75,19960.0,19864.0,19866.0,16144.0,97.65625,-1
258,2024-07-22T09:05:00.000000,2024-07-22T10:50:00.000000,2024-07-22T12:05:00.000000,2024,2024-07-22,SHORT,fib382,1.0,19958.272,20018.75,19897.794,60.477999999999156,LOSS,-60.477999999999156,16,27.772000000000844,-77.47799999999916,stop,20018.75,19929.5,19986.75,19998.0,19894.0,19894.75,10887.0,88.46153846153845,-1
258,2024-07-22T09:05:00.000000,2024-07-22T10:50:00.000000,2024-07-22T12:05:00.000000,2024,2024-07-22,SHORT,fib382,1.5,19958.272,20018.75,19867.555,60.477999999999156,LOSS,-60.477999999999156,16,27.772000000000844,-77.47799999999916,stop,20018.75,19929.5,19986.75,19998.0,19894.0,19894.75,10887.0,88.46153846153845,-1
258,2024-07-22T09:05:00.000000,2024-07-22T10:50:00.000000,2024-07-22T12:05:00.000000,2024,2024-07-22,SHORT,fib382,2.0,19958.272,20018.75,19837.316000000003,60.477999999999156,LOSS,-60.477999999999156,16,27.772000000000844,-77.47799999999916,stop,20018.75,19929.5,19986.75,19998.0,19894.0,19894.75,10887.0,88.46153846153845,-1
258,2024-07-22T09:05:00.000000,2024-07-22T10:50:00.000000,2024-07-22T12:05:00.000000,2024,2024-07-22,SHORT,fib50,1.0,19946.0,20018.75,19873.25,72.75,LOSS,-72.75,16,15.5,-89.75,stop,20018.75,19929.5,19986.75,19998.0,19894.0,19894.75,10887.0,88.46153846153845,-1
258,2024-07-22T09:05:00.000000,2024-07-22T10:50:00.000000,2024-07-22T12:05:00.000000,2024,2024-07-22,SHORT,fib50,1.5,19946.0,20018.75,19836.875,72.75,LOSS,-72.75,16,15.5,-89.75,stop,20018.75,19929.5,19986.75,19998.0,19894.0,19894.75,10887.0,88.46153846153845,-1
258,2024-07-22T09:05:00.000000,2024-07-22T10:50:00.000000,2024-07-22T12:05:00.000000,2024,2024-07-22,SHORT,fib50,2.0,19946.0,20018.75,19800.5,72.75,LOSS,-72.75,16,15.5,-89.75,stop,20018.75,19929.5,19986.75,19998.0,19894.0,19894.75,10887.0,88.46153846153845,-1
259,2024-07-24T13:50:00.000000,2024-07-24T14:05:00.000000,2024-07-24T17:00:00.000000,2024,2024-07-24,SHORT,fib382,1.0,19249.775,19498.0,19001.550000000003,248.22499999999854,LOSS,-16.224999999998545,24,42.525000000001455,-54.724999999998545,time_exit,19498.0,19444.25,19276.5,19292.75,19180.25,19181.75,19667.0,84.22222222222221,-1
259,2024-07-24T13:50:00.000000,2024-07-24T14:05:00.000000,2024-07-24T17:00:00.000000,2024,2024-07-24,SHORT,fib382,1.5,19249.775,19498.0,18877.437500000004,248.22499999999854,LOSS,-16.224999999998545,24,42.525000000001455,-54.724999999998545,time_exit,19498.0,19444.25,19276.5,19292.75,19180.25,19181.75,19667.0,84.22222222222221,-1
259,2024-07-24T13:50:00.000000,2024-07-24T14:05:00.000000,2024-07-24T17:00:00.000000,2024,2024-07-24,SHORT,fib382,2.0,19249.775,19498.0,18753.325000000004,248.22499999999854,LOSS,-16.224999999998545,24,42.525000000001455,-54.724999999998545,time_exit,19498.0,19444.25,19276.5,19292.75,19180.25,19181.75,19667.0,84.22222222222221,-1
259,2024-07-24T13:50:00.000000,2024-07-24T14:05:00.000000,2024-07-24T17:00:00.000000,2024,2024-07-24,SHORT,fib50,1.0,19236.5,19498.0,18975.0,261.5,LOSS,-29.5,24,29.25,-68.0,time_exit,19498.0,19444.25,19276.5,19292.75,19180.25,19181.75,19667.0,84.22222222222221,-1
259,2024-07-24T13:50:00.000000,2024-07-24T14:05:00.000000,2024-07-24T17:00:00.000000,2024,2024-07-24,SHORT,fib50,1.5,19236.5,19498.0,18844.25,261.5,LOSS,-29.5,24,29.25,-68.0,time_exit,19498.0,19444.25,19276.5,19292.75,19180.25,19181.75,19667.0,84.22222222222221,-1
259,2024-07-24T13:50:00.000000,2024-07-24T14:05:00.000000,2024-07-24T17:00:00.000000,2024,2024-07-24,SHORT,fib50,2.0,19236.5,19498.0,18713.5,261.5,LOSS,-29.5,24,29.25,-68.0,time_exit,19498.0,19444.25,19276.5,19292.75,19180.25,19181.75,19667.0,84.22222222222221,-1
260,2024-07-25T09:10:00.000000,2024-07-25T09:20:00.000000,2024-07-25T11:00:00.000000,2024,2024-07-25,LONG,fib382,1.0,19203.5545,19041.75,19365.358999999997,161.80449999999837,WIN,161.80449999999837,21,181.44550000000163,-61.05449999999837,target,19143.5,19041.75,19179.25,19249.75,19175.0,19246.75,11926.0,90.3010033444816,1
260,2024-07-25T09:10:00.000000,2024-07-25T09:20:00.000000,2024-07-25T11:15:00.000000,2024,2024-07-25,LONG,fib382,1.5,19203.5545,19041.75,19446.261249999996,161.80449999999837,WIN,92.19550000000163,24,186.94550000000163,-61.05449999999837,time_exit,19143.5,19041.75,19179.25,19249.75,19175.0,19246.75,11926.0,90.3010033444816,1
260,2024-07-25T09:10:00.000000,2024-07-25T09:20:00.000000,2024-07-25T11:15:00.000000,2024,2024-07-25,LONG,fib382,2.0,19203.5545,19041.75,19527.163499999995,161.80449999999837,WIN,92.19550000000163,24,186.94550000000163,-61.05449999999837,time_exit,19143.5,19041.75,19179.25,19249.75,19175.0,19246.75,11926.0,90.3010033444816,1
260,2024-07-25T09:10:00.000000,2024-07-25T09:20:00.000000,2024-07-25T11:00:00.000000,2024,2024-07-25,LONG,fib50,1.0,19212.375,19041.75,19383.0,170.625,WIN,170.625,21,172.625,-69.875,target,19143.5,19041.75,19179.25,19249.75,19175.0,19246.75,11926.0,90.3010033444816,1
260,2024-07-25T09:10:00.000000,2024-07-25T09:20:00.000000,2024-07-25T11:15:00.000000,2024,2024-07-25,LONG,fib50,1.5,19212.375,19041.75,19468.3125,170.625,WIN,83.375,24,178.125,-69.875,time_exit,19143.5,19041.75,19179.25,19249.75,19175.0,19246.75,11926.0,90.3010033444816,1
260,2024-07-25T09:10:00.000000,2024-07-25T09:20:00.000000,2024-07-25T11:15:00.000000,2024,2024-07-25,LONG,fib50,2.0,19212.375,19041.75,19553.625,170.625,WIN,83.375,24,178.125,-69.875,time_exit,19143.5,19041.75,19179.25,19249.75,19175.0,19246.75,11926.0,90.3010033444816,1
261,2024-07-25T13:50:00.000000,2024-07-25T19:35:00.000000,2024-07-25T21:30:00.000000,2024,2024-07-25,SHORT,fib382,1.0,19074.2325,19143.5,19004.964999999997,69.26750000000175,LOSS,-7.267500000001746,24,16.982499999998254,-17.517500000001746,time_exit,19143.5,19041.75,19110.75,19111.0,19014.75,19020.25,14237.0,94.02597402597402,-1
261,2024-07-25T13:50:00.000000,2024-07-25T19:35:00.000000,2024-07-25T21:30:00.000000,2024,2024-07-25,SHORT,fib382,1.5,19074.2325,19143.5,18970.331249999996,69.26750000000175,LOSS,-7.267500000001746,24,16.982499999998254,-17.517500000001746,time_exit,19143.5,19041.75,19110.75,19111.0,19014.75,19020.25,14237.0,94.02597402597402,-1
261,2024-07-25T13:50:00.000000,2024-07-25T19:35:00.000000,2024-07-25T21:30:00.000000,2024,2024-07-25,SHORT,fib382,2.0,19074.2325,19143.5,18935.697499999995,69.26750000000175,LOSS,-7.267500000001746,24,16.982499999998254,-17.517500000001746,time_exit,19143.5,19041.75,19110.75,19111.0,19014.75,19020.25,14237.0,94.02597402597402,-1
261,2024-07-25T13:50:00.000000,2024-07-25T18:10:00.000000,2024-07-25T20:05:00.000000,2024,2024-07-25,SHORT,fib50,1.0,19062.875,19143.5,18982.25,80.625,LOSS,-15.125,24,24.625,-21.625,time_exit,19143.5,19041.75,19110.75,19111.0,19014.75,19020.25,14237.0,94.02597402597402,-1
261,2024-07-25T13:50:00.000000,2024-07-25T18:10:00.000000,2024-07-25T20:05:00.000000,2024,2024-07-25,SHORT,fib50,1.5,19062.875,19143.5,18941.9375,80.625,LOSS,-15.125,24,24.625,-21.625,time_exit,19143.5,19041.75,19110.75,19111.0,19014.75,19020.25,14237.0,94.02597402597402,-1
261,2024-07-25T13:50:00.000000,2024-07-25T18:10:00.000000,2024-07-25T20:05:00.000000,2024,2024-07-25,SHORT,fib50,2.0,19062.875,19143.5,18901.625,80.625,LOSS,-15.125,24,24.625,-21.625,time_exit,19143.5,19041.75,19110.75,19111.0,19014.75,19020.25,14237.0,94.02597402597402,-1
262,2024-07-30T09:00:00.000000,2024-07-30T18:00:00.000000,2024-07-30T19:55:00.000000,2024,2024-07-30,SHORT,fib382,1.0,19075.2805,19178.0,18972.561,102.71949999999924,LOSS,-2.7194999999992433,24,59.78050000000076,-14.469499999999243,time_exit,19178.0,19106.75,19106.75,19116.25,19009.0,19013.0,17818.0,87.41258741258741,-1
262,2024-07-30T09:00:00.000000,2024-07-30T18:00:00.000000,2024-07-30T19:55:00.000000,2024,2024-07-30,SHORT,fib382,1.5,19075.2805,19178.0,18921.201250000002,102.71949999999924,LOSS,-2.7194999999992433,24,59.78050000000076,-14.469499999999243,time_exit,19178.0,19106.75,19106.75,19116.25,19009.0,19013.0,17818.0,87.41258741258741,-1
262,2024-07-30T09:00:00.000000,2024-07-30T18:00:00.000000,2024-07-30T19:55:00.000000,2024,2024-07-30,SHORT,fib382,2.0,19075.2805,19178.0,18869.841500000002,102.71949999999924,LOSS,-2.7194999999992433,24,59.78050000000076,-14.469499999999243,time_exit,19178.0,19106.75,19106.75,19116.25,19009.0,19013.0,17818.0,87.41258741258741,-1
262,2024-07-30T09:00:00.000000,2024-07-30T17:50:00.000000,2024-07-30T19:45:00.000000,2024,2024-07-30,SHORT,fib50,1.0,19062.625,19178.0,18947.25,115.375,LOSS,-13.125,24,47.125,-27.125,time_exit,19178.0,19106.75,19106.75,19116.25,19009.0,19013.0,17818.0,87.41258741258741,-1
262,2024-07-30T09:00:00.000000,2024-07-30T17:50:00.000000,2024-07-30T19:45:00.000000,2024,2024-07-30,SHORT,fib50,1.5,19062.625,19178.0,18889.5625,115.375,LOSS,-13.125,24,47.125,-27.125,time_exit,19178.0,19106.75,19106.75,19116.25,19009.0,19013.0,17818.0,87.41258741258741,-1
262,2024-07-30T09:00:00.000000,2024-07-30T17:50:00.000000,2024-07-30T19:45:00.000000,2024,2024-07-30,SHORT,fib50,2.0,19062.625,19178.0,18831.875,115.375,LOSS,-13.125,24,47.125,-27.125,time_exit,19178.0,19106.75,19106.75,19116.25,19009.0,19013.0,17818.0,87.41258741258741,-1
263,2024-07-30T14:00:00.000000,2024-07-30T14:35:00.000000,2024-07-30T17:30:00.000000,2024,2024-07-30,SHORT,fib382,1.0,18866.6765,19178.0,18555.353000000003,311.3234999999986,LOSS,-156.5734999999986,24,23.176500000001397,-161.3234999999986,time_exit,19178.0,19106.75,18939.5,18954.25,18725.0,18746.5,19112.0,84.18756815703381,-1
263,2024-07-30T14:00:00.000000,2024-07-30T14:35:00.000000,2024-07-30T17:30:00.000000,2024,2024-07-30,SHORT,fib382,1.5,18866.6765,19178.0,18399.691250000003,311.3234999999986,LOSS,-156.5734999999986,24,23.176500000001397,-161.3234999999986,time_exit,19178.0,19106.75,18939.5,18954.25,18725.0,18746.5,19112.0,84.18756815703381,-1
263,2024-07-30T14:00:00.000000,2024-07-30T14:35:00.000000,2024-07-30T17:30:00.000000,2024,2024-07-30,SHORT,fib382,2.0,18866.6765,19178.0,18244.029500000004,311.3234999999986,LOSS,-156.5734999999986,24,23.176500000001397,-161.3234999999986,time_exit,19178.0,19106.75,18939.5,18954.25,18725.0,18746.5,19112.0,84.18756815703381,-1
263,2024-07-30T14:00:00.000000,2024-07-30T14:15:00.000000,2024-07-30T17:10:00.000000,2024,2024-07-30,SHORT,fib50,1.0,18839.625,19178.0,18501.25,338.375,LOSS,-156.125,24,54.375,-158.375,time_exit,19178.0,19106.75,18939.5,18954.25,18725.0,18746.5,19112.0,84.18756815703381,-1
263,2024-07-30T14:00:00.000000,2024-07-30T14:15:00.000000,2024-07-30T17:10:00.000000,2024,2024-07-30,SHORT,fib50,1.5,18839.625,19178.0,18332.0625,338.375,LOSS,-156.125,24,54.375,-158.375,time_exit,19178.0,19106.75,18939.5,18954.25,18725.0,18746.5,19112.0,84.18756815703381,-1
263,2024-07-30T14:00:00.000000,2024-07-30T14:15:00.000000,2024-07-30T17:10:00.000000,2024,2024-07-30,SHORT,fib50,2.0,18839.625,19178.0,18162.875,338.375,LOSS,-156.125,24,54.375,-158.375,time_exit,19178.0,19106.75,18939.5,18954.25,18725.0,18746.5,19112.0,84.18756815703381,-1
264,2024-08-01T09:00:00.000000,,,2024,2024-08-01,SHORT,fib382,1.0,19325.544,19471.25,19179.838000000003,145.7059999999983,NO_ENTRY,0.0,0,0.0,0.0,no_entry_or_no_exit,19471.25,19390.25,19342.25,19357.25,19274.25,19275.5,11199.0,80.42168674698796,-1
264,2024-08-01T09:00:00.000000,,,2024,2024-08-01,SHORT,fib382,1.5,19325.544,19471.25,19106.985000000004,145.7059999999983,NO_ENTRY,0.0,0,0.0,0.0,no_entry_or_no_exit,19471.25,19390.25,19342.25,19357.25,19274.25,19275.5,11199.0,80.42168674698796,-1
264,2024-08-01T09:00:00.000000,,,2024,2024-08-01,SHORT,fib382,2.0,19325.544,19471.25,19034.132000000005,145.7059999999983,NO_ENTRY,0.0,0,0.0,0.0,no_entry_or_no_exit,19471.25,19390.25,19342.25,19357.25,19274.25,19275.5,11199.0,80.42168674698796,-1
264,2024-08-01T09:00:00.000000,,,2024,2024-08-01,SHORT,fib50,1.0,19315.75,19471.25,19160.25,155.5,NO_ENTRY,0.0,0,0.0,0.0,no_entry_or_no_exit,19471.25,19390.25,19342.25,19357.25,19274.25,19275.5,11199.0,80.42168674698796,-1
264,2024-08-01T09:00:00.000000,,,2024,2024-08-01,SHORT,fib50,1.5,19315.75,19471.25,19082.5,155.5,NO_ENTRY,0.0,0,0.0,0.0,no_entry_or_no_exit,19471.25,19390.25,19342.25,19357.25,19274.25,19275.5,11199.0,80.42168674698796,-1
264,2024-08-01T09:00:00.000000,,,2024,2024-08-01,SHORT,fib50,2.0,19315.75,19471.25,19004.75,155.5,NO_ENTRY,0.0,0,0.0,0.0,no_entry_or_no_exit,19471.25,19390.25,19342.25,19357.25,19274.25,19275.5,11199.0,80.42168674698796,-1
265,2024-08-05T09:05:00.000000,2024-08-05T12:00:00.000000,2024-08-05T13:55:00.000000,2024,2024-08-05,LONG,fib382,1.0,18011.0465,17850.75,18171.343,160.29650000000038,WIN,10.453499999999622,24,77.45349999999962,-118.79650000000038,time_exit,18037.5,17850.75,17942.0,18122.75,17942.0,18089.25,11325.0,81.46611341632088,1
265,2024-08-05T09:05:00.000000,2024-08-05T12:00:00.000000,2024-08-05T13:55:00.000000,2024,2024-08-05,LONG,fib382,1.5,18011.0465,17850.75,18251.49125,160.29650000000038,WIN,10.453499999999622,24,77.45349999999962,-118.79650000000038,time_exit,18037.5,17850.75,17942.0,18122.75,17942.0,18089.25,11325.0,81.46611341632088,1
265,2024-08-05T09:05:00.000000,2024-08-05T12:00:00.000000,2024-08-05T13:55:00.000000,2024,2024-08-05,LONG,fib382,2.0,18011.0465,17850.75,18331.6395,160.29650000000038,WIN,10.453499999999622,24,77.45349999999962,-118.79650000000038,time_exit,18037.5,17850.75,17942.0,18122.75,17942.0,18089.25,11325.0,81.46611341632088,1
265,2024-08-05T09:05:00.000000,2024-08-05T10:55:00.000000,2024-08-05T12:50:00.000000,2024,2024-08-05,LONG,fib50,1.0,18032.375,17850.75,18214.0,181.625,LOSS,-102.375,24,135.875,-135.375,time_exit,18037.5,17850.75,17942.0,18122.75,17942.0,18089.25,11325.0,81.46611341632088,1
265,2024-08-05T09:05:00.000000,2024-08-05T10:55:00.000000,2024-08-05T12:50:00.000000,2024,2024-08-05,LONG,fib50,1.5,18032.375,17850.75,18304.8125,181.625,LOSS,-102.375,24,135.875,-135.375,time_exit,18037.5,17850.75,17942.0,18122.75,17942.0,18089.25,11325.0,81.46611341632088,1
265,2024-08-05T09:05:00.000000,2024-08-05T10:55:00.000000,2024-08-05T12:50:00.000000,2024,2024-08-05,LONG,fib50,2.0,18032.375,17850.75,18395.625,181.625,LOSS,-102.375,24,135.875,-135.375,time_exit,18037.5,17850.75,17942.0,18122.75,17942.0,18089.25,11325.0,81.46611341632088,1
266,2024-08-05T13:00:00.000000,2024-08-05T13:05:00.000000,2024-08-05T14:00:00.000000,2024,2024-08-05,LONG,fib382,1.0,17942.144,17850.75,18033.538,91.39400000000023,WIN,91.39400000000023,12,170.10599999999977,-34.39400000000023,target,18037.5,17850.75,17907.0,17999.0,17907.0,17995.25,6288.0,95.92391304347827,1
266,2024-08-05T13:00:00.000000,2024-08-05T13:05:00.000000,2024-08-05T14:00:00.000000,2024,2024-08-05,LONG,fib382,1.5,17942.144,17850.75,18079.235,91.39400000000023,WIN,137.09100000000035,12,170.10599999999977,-34.39400000000023,target,18037.5,17850.75,17907.0,17999.0,17907.0,17995.25,6288.0,95.92391304347827,1
266,2024-08-05T13:00:00.000000,2024-08-05T13:05:00.000000,2024-08-05T14:05:00.000000,2024,2024-08-05,LONG,fib382,2.0,17942.144,17850.75,18124.932,91.39400000000023,WIN,182.78800000000047,13,227.85599999999977,-34.39400000000023,target,18037.5,17850.75,17907.0,17999.0,17907.0,17995.25,6288.0,95.92391304347827,1
266,2024-08-05T13:00:00.000000,2024-08-05T13:05:00.000000,2024-08-05T14:00:00.000000,2024,2024-08-05,LONG,fib50,1.0,17953.0,17850.75,18055.25,102.25,WIN,102.25,12,159.25,-45.25,target,18037.5,17850.75,17907.0,17999.0,17907.0,17995.25,6288.0,95.92391304347827,1
266,2024-08-05T13:00:00.000000,2024-08-05T13:05:00.000000,2024-08-05T14:00:00.000000,2024,2024-08-05,LONG,fib50,1.5,17953.0,17850.75,18106.375,102.25,WIN,153.375,12,159.25,-45.25,target,18037.5,17850.75,17907.0,17999.0,17907.0,17995.25,6288.0,95.92391304347827,1
266,2024-08-05T13:00:00.000000,2024-08-05T13:05:00.000000,2024-08-05T14:05:00.000000,2024,2024-08-05,LONG,fib50,2.0,17953.0,17850.75,18157.5,102.25,WIN,204.5,13,217.0,-45.25,target,18037.5,17850.75,17907.0,17999.0,17907.0,17995.25,6288.0,95.92391304347827,1
267,2024-08-05T13:55:00.000000,,,2024,2024-08-05,LONG,fib382,1.0,17980.5065,17850.75,18110.263,129.7564999999995,NO_ENTRY,0.0,0,0.0,0.0,no_entry_or_no_exit,18037.5,17850.75,17956.25,18033.5,17947.75,18021.5,24496.0,76.0932944606414,1
267,2024-08-05T13:55:00.000000,,,2024,2024-08-05,LONG,fib382,1.5,17980.5065,17850.75,18175.14125,129.7564999999995,NO_ENTRY,0.0,0,0.0,0.0,no_entry_or_no_exit,18037.5,17850.75,17956.25,18033.5,17947.75,18021.5,24496.0,76.0932944606414,1
267,2024-08-05T13:55:00.000000,,,2024,2024-08-05,LONG,fib382,2.0,17980.5065,17850.75,18240.0195,129.7564999999995,NO_ENTRY,0.0,0,0.0,0.0,no_entry_or_no_exit,18037.5,17850.75,17956.25,18033.5,17947.75,18021.5,24496.0,76.0932944606414,1
267,2024-08-05T13:55:00.000000,,,2024,2024-08-05,LONG,fib50,1.0,17990.625,17850.75,18130.5,139.875,NO_ENTRY,0.0,0,0.0,0.0,no_entry_or_no_exit,18037.5,17850.75,17956.25,18033.5,17947.75,18021.5,24496.0,76.0932944606414,1
267,2024-08-05T13:55:00.000000,,,2024,2024-08-05,LONG,fib50,1.5,17990.625,17850.75,18200.4375,139.875,NO_ENTRY,0.0,0,0.0,0.0,no_entry_or_no_exit,18037.5,17850.75,17956.25,18033.5,17947.75,18021.5,24496.0,76.0932944606414,1
267,2024-08-05T13:55:00.000000,,,2024,2024-08-05,LONG,fib50,2.0,17990.625,17850.75,18270.375,139.875,NO_ENTRY,0.0,0,0.0,0.0,no_entry_or_no_exit,18037.5,17850.75,17956.25,18033.5,17947.75,18021.5,24496.0,76.0932944606414,1
268,2024-08-06T08:45:00.000000,2024-08-06T08:55:00.000000,2024-08-06T10:50:00.000000,2024,2024-08-06,LONG,fib382,1.0,18281.422,18127.5,18435.343999999997,153.92199999999866,WIN,140.32800000000134,24,151.32800000000134,-99.42199999999866,time_exit,18264.25,18127.5,18254.0,18340.75,18244.75,18322.75,12715.0,71.61458333333334,1
268,2024-08-06T08:45:00.000000,2024-08-06T08:55:00.000000,2024-08-06T10:50:00.000000,2024,2024-08-06,LONG,fib382,1.5,18281.422,18127.5,18512.304999999997,153.92199999999866,WIN,140.32800000000134,24,151.32800000000134,-99.42199999999866,time_exit,18264.25,18127.5,18254.0,18340.75,18244.75,18322.75,12715.0,71.61458333333334,1
268,2024-08-06T08:45:00.000000,2024-08-06T08:55:00.000000,2024-08-06T10:50:00.000000,2024,2024-08-06,LONG,fib382,2.0,18281.422,18127.5,18589.265999999996,153.92199999999866,WIN,140.32800000000134,24,151.32800000000134,-99.42199999999866,time_exit,18264.25,18127.5,18254.0,18340.75,18244.75,18322.75,12715.0,71.61458333333334,1
268,2024-08-06T08:45:00.000000,2024-08-06T08:50:00.000000,2024-08-06T10:45:00.000000,2024,2024-08-06,LONG,fib50,1.0,18292.75,18127.5,18458.0,165.25,WIN,70.25,24,87.75,-110.75,time_exit,18264.25,18127.5,18254.0,18340.75,18244.75,18322.75,12715.0,71.61458333333334,1
268,2024-08-06T08:45:00.000000,2024-08-06T08:50:00.000000,2024-08-06T10:45:00.000000,2024,2024-08-06,LONG,fib50,1.5,18292.75,18127.5,18540.625,165.25,WIN,70.25,24,87.75,-110.75,time_exit,18264.25,18127.5,18254.0,18340.75,18244.75,18322.75,12715.0,71.61458333333334,1
268,2024-08-06T08:45:00.000000,2024-08-06T08:50:00.000000,2024-08-06T10:45:00.000000,2024,2024-08-06,LONG,fib50,2.0,18292.75,18127.5,18623.25,165.25,WIN,70.25,24,87.75,-110.75,time_exit,18264.25,18127.5,18254.0,18340.75,18244.75,18322.75,12715.0,71.61458333333334,1
269,2024-08-06T13:20:00.000000,2024-08-06T13:30:00.000000,2024-08-06T14:00:00.000000,2024,2024-08-06,LONG,fib382,1.0,18322.1835,18127.5,18516.867,194.68349999999919,LOSS,-194.68349999999919,7,34.316500000000815,-197.93349999999919,stop,18264.25,18127.5,18300.5,18374.25,18290.0,18372.0,6460.0,84.86646884272997,1
269,2024-08-06T13:20:00.000000,2024-08-06T13:30:00.000000,2024-08-06T14:00:00.000000,2024,2024-08-06,LONG,fib382,1.5,18322.1835,18127.5,18614.208749999998,194.68349999999919,LOSS,-194.68349999999919,7,34.316500000000815,-197.93349999999919,stop,18264.25,18127.5,18300.5,18374.25,18290.0,18372.0,6460.0,84.86646884272997,1
269,2024-08-06T13:20:00.000000,2024-08-06T13:30:00.000000,2024-08-06T14:00:00.000000,2024,2024-08-06,LONG,fib382,2.0,18322.1835,18127.5,18711.550499999998,194.68349999999919,LOSS,-194.68349999999919,7,34.316500000000815,-197.93349999999919,stop,18264.25,18127.5,18300.5,18374.25,18290.0,18372.0,6460.0,84.86646884272997,1
269,2024-08-06T13:20:00.000000,2024-08-06T13:25:00.000000,2024-08-06T14:00:00.000000,2024,2024-08-06,LONG,fib50,1.0,18332.125,18127.5,18536.75,204.625,LOSS,-204.625,8,44.875,-207.875,stop,18264.25,18127.5,18300.5,18374.25,18290.0,18372.0,6460.0,84.86646884272997,1
269,2024-08-06T13:20:00.000000,2024-08-06T13:25:00.000000,2024-08-06T14:00:00.000000,2024,2024-08-06,LONG,fib50,1.5,18332.125,18127.5,18639.0625,204.625,LOSS,-204.625,8,44.875,-207.875,stop,18264.25,18127.5,18300.5,18374.25,18290.0,18372.0,6460.0,84.86646884272997,1
269,2024-08-06T13:20:00.000000,2024-08-06T13:25:00.000000,2024-08-06T14:00:00.000000,2024,2024-08-06,LONG,fib50,2.0,18332.125,18127.5,18741.375,204.625,LOSS,-204.625,8,44.875,-207.875,stop,18264.25,18127.5,18300.5,18374.25,18290.0,18372.0,6460.0,84.86646884272997,1
270,2024-08-06T14:15:00.000000,2024-08-06T14:40:00.000000,2024-08-06T14:45:00.000000,2024,2024-08-06,LONG,fib382,1.0,18175.419,18127.5,18223.338000000003,47.91900000000169,LOSS,-47.91900000000169,2,20.330999999998312,-78.66900000000169,stop,18264.25,18127.5,18159.25,18240.0,18135.5,18239.5,5841.0,76.79425837320574,1
270,2024-08-06T14:15:00.000000,2024-08-06T14:40:00.000000,2024-08-06T14:45:00.000000,2024,2024-08-06,LONG,fib382,1.5,18175.419,18127.5,18247.297500000004,47.91900000000169,LOSS,-47.91900000000169,2,20.330999999998312,-78.66900000000169,stop,18264.25,18127.5,18159.25,18240.0,18135.5,18239.5,5841.0,76.79425837320574,1
270,2024-08-06T14:15:00.000000,2024-08-06T14:40:00.000000,2024-08-06T14:45:00.000000,2024,2024-08-06,LONG,fib382,2.0,18175.419,18127.5,18271.257000000005,47.91900000000169,LOSS,-47.91900000000169,2,20.330999999998312,-78.66900000000169,stop,18264.25,18127.5,18159.25,18240.0,18135.5,18239.5,5841.0,76.79425837320574,1
270,2024-08-06T14:15:00.000000,2024-08-06T14:30:00.000000,2024-08-06T14:45:00.000000,2024,2024-08-06,LONG,fib50,1.0,18187.75,18127.5,18248.0,60.25,LOSS,-60.25,4,23.25,-91.0,stop,18264.25,18127.5,18159.25,18240.0,18135.5,18239.5,5841.0,76.79425837320574,1
270,2024-08-06T14:15:00.000000,2024-08-06T14:30:00.000000,2024-08-06T14:45:00.000000,2024,2024-08-06,LONG,fib50,1.5,18187.75,18127.5,18278.125,60.25,LOSS,-60.25,4,23.25,-91.0,stop,18264.25,18127.5,18159.25,18240.0,18135.5,18239.5,5841.0,76.79425837320574,1
270,2024-08-06T14:15:00.000000,2024-08-06T14:30:00.000000,2024-08-06T14:45:00.000000,2024,2024-08-06,LONG,fib50,2.0,18187.75,18127.5,18308.25,60.25,LOSS,-60.25,4,23.25,-91.0,stop,18264.25,18127.5,18159.25,18240.0,18135.5,18239.5,5841.0,76.79425837320574,1
271,2024-08-06T14:45:00.000000,2024-08-06T16:20:00.000000,2024-08-06T18:15:00.000000,2024,2024-08-06,SHORT,fib382,1.0,18138.465,18264.25,18012.68,125.78499999999985,WIN,34.715000000000146,24,92.71500000000015,-2.0349999999998545,time_exit,18264.25,18127.5,18164.25,18164.25,18096.75,18097.0,1363.0,99.62962962962963,-1
271,2024-08-06T14:45:00.000000,2024-08-06T16:20:00.000000,2024-08-06T18:15:00.000000,2024,2024-08-06,SHORT,fib382,1.5,18138.465,18264.25,17949.7875,125.78499999999985,WIN,34.715000000000146,24,92.71500000000015,-2.0349999999998545,time_exit,18264.25,18127.5,18164.25,18164.25,18096.75,18097.0,1363.0,99.62962962962963,-1
271,2024-08-06T14:45:00.000000,2024-08-06T16:20:00.000000,2024-08-06T18:15:00.000000,2024,2024-08-06,SHORT,fib382,2.0,18138.465,18264.25,17886.895,125.78499999999985,WIN,34.715000000000146,24,92.71500000000015,-2.0349999999998545,time_exit,18264.25,18127.5,18164.25,18164.25,18096.75,18097.0,1363.0,99.62962962962963,-1
271,2024-08-06T14:45:00.000000,2024-08-06T16:20:00.000000,2024-08-06T18:15:00.000000,2024,2024-08-06,SHORT,fib50,1.0,18130.5,18264.25,17996.75,133.75,WIN,26.75,24,84.75,-10.0,time_exit,18264.25,18127.5,18164.25,18164.25,18096.75,18097.0,1363.0,99.62962962962963,-1
271,2024-08-06T14:45:00.000000,2024-08-06T16:20:00.000000,2024-08-06T18:15:00.000000,2024,2024-08-06,SHORT,fib50,1.5,18130.5,18264.25,17929.875,133.75,WIN,26.75,24,84.75,-10.0,time_exit,18264.25,18127.5,18164.25,18164.25,18096.75,18097.0,1363.0,99.62962962962963,-1
271,2024-08-06T14:45:00.000000,2024-08-06T16:20:00.000000,2024-08-06T18:15:00.000000,2024,2024-08-06,SHORT,fib50,2.0,18130.5,18264.25,17863.0,133.75,WIN,26.75,24,84.75,-10.0,time_exit,18264.25,18127.5,18164.25,18164.25,18096.75,18097.0,1363.0,99.62962962962963,-1
272,2024-08-07T10:00:00.000000,2024-08-07T10:10:00.000000,2024-08-07T11:10:00.000000,2024,2024-08-07,SHORT,fib382,1.0,18355.8005,18504.0,18207.601000000002,148.1994999999988,WIN,148.1994999999988,13,166.0505000000012,-48.94949999999881,target,18504.0,18415.0,18400.75,18402.5,18280.25,18300.75,10216.0,81.79959100204499,-1
272,2024-08-07T10:00:00.000000,2024-08-07T10:10:00.000000,2024-08-07T11:45:00.000000,2024,2024-08-07,SHORT,fib382,1.5,18355.8005,18504.0,18133.50125,148.1994999999988,WIN,222.2992499999982,20,228.8005000000012,-48.94949999999881,target,18504.0,18415.0,18400.75,18402.5,18280.25,18300.75,10216.0,81.79959100204499,-1
272,2024-08-07T10:00:00.000000,2024-08-07T10:10:00.000000,2024-08-07T12:05:00.000000,2024,2024-08-07,SHORT,fib382,2.0,18355.8005,18504.0,18059.401500000004,148.1994999999988,WIN,270.3005000000012,24,283.3005000000012,-48.94949999999881,time_exit,18504.0,18415.0,18400.75,18402.5,18280.25,18300.75,10216.0,81.79959100204499,-1
272,2024-08-07T10:00:00.000000,2024-08-07T10:10:00.000000,2024-08-07T11:15:00.000000,2024,2024-08-07,SHORT,fib50,1.0,18341.375,18504.0,18178.75,162.625,WIN,162.625,14,185.625,-63.375,target,18504.0,18415.0,18400.75,18402.5,18280.25,18300.75,10216.0,81.79959100204499,-1
272,2024-08-07T10:00:00.000000,2024-08-07T10:10:00.000000,2024-08-07T11:55:00.000000,2024,2024-08-07,SHORT,fib50,1.5,18341.375,18504.0,18097.4375,162.625,WIN,243.9375,22,246.375,-63.375,target,18504.0,18415.0,18400.75,18402.5,18280.25,18300.75,10216.0,81.79959100204499,-1
272,2024-08-07T10:00:00.000000,2024-08-07T10:10:00.000000,2024-08-07T12:05:00.000000,2024,2024-08-07,SHORT,fib50,2.0,18341.375,18504.0,18016.125,162.625,WIN,255.875,24,268.875,-63.375,time_exit,18504.0,18415.0,18400.75,18402.5,18280.25,18300.75,10216.0,81.79959100204499,-1
274,2024-08-07T13:50:00.000000,2024-08-07T21:20:00.000000,2024-08-07T23:15:00.000000,2024,2024-08-07,SHORT,fib382,1.0,18047.348,18504.0,17590.696000000004,456.6519999999982,WIN,56.848000000001775,24,83.34800000000178,-31.901999999998225,time_exit,18504.0,18415.0,18082.75,18089.75,17978.75,17993.75,12403.0,80.18018018018019,-1
274,2024-08-07T13:50:00.000000,2024-08-07T21:20:00.000000,2024-08-07T23:15:00.000000,2024,2024-08-07,SHORT,fib382,1.5,18047.348,18504.0,17362.370000000003,456.6519999999982,WIN,56.848000000001775,24,83.34800000000178,-31.901999999998225,time_exit,18504.0,18415.0,18082.75,18089.75,17978.75,17993.75,12403.0,80.18018018018019,-1
274,2024-08-07T13:50:00.000000,2024-08-07T21:20:00.000000,2024-08-07T23:15:00.000000,2024,2024-08-07,SHORT,fib382,2.0,18047.348,18504.0,17134.044000000005,456.6519999999982,WIN,56.848000000001775,24,83.34800000000178,-31.901999999998225,time_exit,18504.0,18415.0,18082.75,18089.75,17978.75,17993.75,12403.0,80.18018018018019,-1
274,2024-08-07T13:50:00.000000,2024-08-07T20:20:00.000000,2024-08-07T22:15:00.000000,2024,2024-08-07,SHORT,fib50,1.0,18034.25,18504.0,17564.5,469.75,WIN,9.0,24,62.5,-45.0,time_exit,18504.0,18415.0,18082.75,18089.75,17978.75,17993.75,12403.0,80.18018018018019,-1
274,2024-08-07T13:50:00.000000,2024-08-07T20:20:00.000000,2024-08-07T22:15:00.000000,2024,2024-08-07,SHORT,fib50,1.5,18034.25,18504.0,17329.625,469.75,WIN,9.0,24,62.5,-45.0,time_exit,18504.0,18415.0,18082.75,18089.75,17978.75,17993.75,12403.0,80.18018018018019,-1
274,2024-08-07T13:50:00.000000,2024-08-07T20:20:00.000000,2024-08-07T22:15:00.000000,2024,2024-08-07,SHORT,fib50,2.0,18034.25,18504.0,17094.75,469.75,WIN,9.0,24,62.5,-45.0,time_exit,18504.0,18415.0,18082.75,18089.75,17978.75,17993.75,12403.0,80.18018018018019,-1
275,2024-08-08T13:40:00.000000,2024-08-08T13:55:00.000000,2024-08-08T14:00:00.000000,2024,2024-08-08,LONG,fib382,1.0,18463.5685,18355.0,18572.137000000002,108.56850000000122,WIN,108.56850000000122,2,109.93149999999878,-6.568500000001222,target,18410.0,18355.0,18435.75,18511.0,18434.25,18506.25,6945.0,91.85667752442997,1
275,2024-08-08T13:40:00.000000,2024-08-08T13:55:00.000000,2024-08-08T16:50:00.000000,2024,2024-08-08,LONG,fib382,1.5,18463.5685,18355.0,18626.421250000003,108.56850000000122,WIN,79.93149999999878,24,129.93149999999878,-6.568500000001222,time_exit,18410.0,18355.0,18435.75,18511.0,18434.25,18506.25,6945.0,91.85667752442997,1
275,2024-08-08T13:40:00.000000,2024-08-08T13:55:00.000000,2024-08-08T16:50:00.000000,2024,2024-08-08,LONG,fib382,2.0,18463.5685,18355.0,18680.705500000004,108.56850000000122,WIN,79.93149999999878,24,129.93149999999878,-6.568500000001222,time_exit,18410.0,18355.0,18435.75,18511.0,18434.25,18506.25,6945.0,91.85667752442997,1
275,2024-08-08T13:40:00.000000,2024-08-08T13:45:00.000000,2024-08-08T14:25:00.000000,2024,2024-08-08,LONG,fib50,1.0,18472.625,18355.0,18590.25,117.625,WIN,117.625,9,120.875,-15.625,target,18410.0,18355.0,18435.75,18511.0,18434.25,18506.25,6945.0,91.85667752442997,1
275,2024-08-08T13:40:00.000000,2024-08-08T13:45:00.000000,2024-08-08T16:40:00.000000,2024,2024-08-08,LONG,fib50,1.5,18472.625,18355.0,18649.0625,117.625,WIN,76.875,24,120.875,-15.625,time_exit,18410.0,18355.0,18435.75,18511.0,18434.25,18506.25,6945.0,91.85667752442997,1
275,2024-08-08T13:40:00.000000,2024-08-08T13:45:00.000000,2024-08-08T16:40:00.000000,2024,2024-08-08,LONG,fib50,2.0,18472.625,18355.0,18707.875,117.625,WIN,76.875,24,120.875,-15.625,time_exit,18410.0,18355.0,18435.75,18511.0,18434.25,18506.25,6945.0,91.85667752442997,1
276,2024-08-12T09:20:00.000000,2024-08-12T09:50:00.000000,2024-08-12T10:55:00.000000,2024,2024-08-12,SHORT,fib382,1.0,18687.8885,18743.25,18632.527000000002,55.36149999999907,WIN,55.36149999999907,14,67.13850000000093,-43.86149999999907,target,18743.25,18691.0,18746.0,18750.25,18587.0,18589.5,11977.0,95.86523736600306,-1
276,2024-08-12T09:20:00.000000,2024-08-12T09:50:00.000000,2024-08-12T11:00:00.000000,2024,2024-08-12,SHORT,fib382,1.5,18687.8885,18743.25,18604.846250000002,55.36149999999907,WIN,83.0422499999986,15,91.63850000000093,-43.86149999999907,target,18743.25,18691.0,18746.0,18750.25,18587.0,18589.5,11977.0,95.86523736600306,-1
276,2024-08-12T09:20:00.000000,2024-08-12T09:50:00.000000,2024-08-12T11:45:00.000000,2024,2024-08-12,SHORT,fib382,2.0,18687.8885,18743.25,18577.165500000003,55.36149999999907,WIN,75.88850000000093,24,91.63850000000093,-43.86149999999907,time_exit,18743.25,18691.0,18746.0,18750.25,18587.0,18589.5,11977.0,95.86523736600306,-1
276,2024-08-12T09:20:00.000000,2024-08-12T09:50:00.000000,2024-08-12T11:45:00.000000,2024,2024-08-12,SHORT,fib50,1.0,18668.625,18743.25,18594.0,74.625,WIN,56.625,24,72.375,-63.125,time_exit,18743.25,18691.0,18746.0,18750.25,18587.0,18589.5,11977.0,95.86523736600306,-1
276,2024-08-12T09:20:00.000000,2024-08-12T09:50:00.000000,2024-08-12T11:45:00.000000,2024,2024-08-12,SHORT,fib50,1.5,18668.625,18743.25,18556.6875,74.625,WIN,56.625,24,72.375,-63.125,time_exit,18743.25,18691.0,18746.0,18750.25,18587.0,18589.5,11977.0,95.86523736600306,-1
276,2024-08-12T09:20:00.000000,2024-08-12T09:50:00.000000,2024-08-12T11:45:00.000000,2024,2024-08-12,SHORT,fib50,2.0,18668.625,18743.25,18519.375,74.625,WIN,56.625,24,72.375,-63.125,time_exit,18743.25,18691.0,18746.0,18750.25,18587.0,18589.5,11977.0,95.86523736600306,-1
277,2024-08-12T10:55:00.000000,2024-08-12T11:15:00.000000,2024-08-12T11:50:00.000000,2024,2024-08-12,SHORT,fib382,1.0,18665.246,18743.25,18587.242,78.00400000000081,WIN,78.00400000000081,8,79.24599999999919,-24.754000000000815,target,18743.25,18691.0,18688.0,18692.75,18620.75,18622.5,6446.0,90.97222222222221,-1
277,2024-08-12T10:55:00.000000,2024-08-12T11:15:00.000000,2024-08-12T13:10:00.000000,2024,2024-08-12,SHORT,fib382,1.5,18665.246,18743.25,18548.239999999998,78.00400000000081,WIN,45.745999999999185,24,79.24599999999919,-24.754000000000815,time_exit,18743.25,18691.0,18688.0,18692.75,18620.75,18622.5,6446.0,90.97222222222221,-1
277,2024-08-12T10:55:00.000000,2024-08-12T11:15:00.000000,2024-08-12T13:10:00.000000,2024,2024-08-12,SHORT,fib382,2.0,18665.246,18743.25,18509.237999999998,78.00400000000081,WIN,45.745999999999185,24,79.24599999999919,-24.754000000000815,time_exit,18743.25,18691.0,18688.0,18692.75,18620.75,18622.5,6446.0,90.97222222222221,-1
277,2024-08-12T10:55:00.000000,2024-08-12T11:15:00.000000,2024-08-12T13:10:00.000000,2024,2024-08-12,SHORT,fib50,1.0,18656.75,18743.25,18570.25,86.5,WIN,37.25,24,70.75,-33.25,time_exit,18743.25,18691.0,18688.0,18692.75,18620.75,18622.5,6446.0,90.97222222222221,-1
277,2024-08-12T10:55:00.000000,2024-08-12T11:15:00.000000,2024-08-12T13:10:00.000000,2024,2024-08-12,SHORT,fib50,1.5,18656.75,18743.25,18527.0,86.5,WIN,37.25,24,70.75,-33.25,time_exit,18743.25,18691.0,18688.0,18692.75,18620.75,18622.5,6446.0,90.97222222222221,-1
277,2024-08-12T10:55:00.000000,2024-08-12T11:15:00.000000,2024-08-12T13:10:00.000000,2024,2024-08-12,SHORT,fib50,2.0,18656.75,18743.25,18483.75,86.5,WIN,37.25,24,70.75,-33.25,time_exit,18743.25,18691.0,18688.0,18692.75,18620.75,18622.5,6446.0,90.97222222222221,-1
278,2024-08-19T13:50:00.000000,,,2024,2024-08-19,LONG,fib382,1.0,19798.6135,19592.75,20004.477,205.86349999999948,NO_ENTRY,0.0,0,0.0,0.0,no_entry_or_no_exit,19633.0,19592.75,19770.25,19844.5,19770.25,19838.25,11201.0,91.58249158249158,1
278,2024-08-19T13:50:00.000000,,,2024,2024-08-19,LONG,fib382,1.5,19798.6135,19592.75,20107.40875,205.86349999999948,NO_ENTRY,0.0,0,0.0,0.0,no_entry_or_no_exit,19633.0,19592.75,19770.25,19844.5,19770.25,19838.25,11201.0,91.58249158249158,1
278,2024-08-19T13:50:00.000000,,,2024,2024-08-19,LONG,fib382,2.0,19798.6135,19592.75,20210.3405,205.86349999999948,NO_ENTRY,0.0,0,0.0,0.0,no_entry_or_no_exit,19633.0,19592.75,19770.25,19844.5,19770.25,19838.25,11201.0,91.58249158249158,1
278,2024-08-19T13:50:00.000000,,,2024,2024-08-19,LONG,fib50,1.0,19807.375,19592.75,20022.0,214.625,NO_ENTRY,0.0,0,0.0,0.0,no_entry_or_no_exit,19633.0,19592.75,19770.25,19844.5,19770.25,19838.25,11201.0,91.58249158249158,1
278,2024-08-19T13:50:00.000000,,,2024,2024-08-19,LONG,fib50,1.5,19807.375,19592.75,20129.3125,214.625,NO_ENTRY,0.0,0,0.0,0.0,no_entry_or_no_exit,19633.0,19592.75,19770.25,19844.5,19770.25,19838.25,11201.0,91.58249158249158,1
278,2024-08-19T13:50:00.000000,,,2024,2024-08-19,LONG,fib50,2.0,19807.375,19592.75,20236.625,214.625,NO_ENTRY,0.0,0,0.0,0.0,no_entry_or_no_exit,19633.0,19592.75,19770.25,19844.5,19770.25,19838.25,11201.0,91.58249158249158,1
279,2024-08-21T08:50:00.000000,2024-08-21T09:10:00.000000,2024-08-21T11:05:00.000000,2024,2024-08-21,SHORT,fib382,1.0,19874.0165,19981.75,19766.283000000003,107.73349999999846,WIN,10.016500000001543,24,102.51650000000154,-20.483499999998457,time_exit,19981.75,19841.5,19910.75,19915.75,19806.5,19815.25,16158.0,87.4141876430206,-1
279,2024-08-21T08:50:00.000000,2024-08-21T09:10:00.000000,2024-08-21T11:05:00.000000,2024,2024-08-21,SHORT,fib382,1.5,19874.0165,19981.75,19712.416250000002,107.73349999999846,WIN,10.016500000001543,24,102.51650000000154,-20.483499999998457,time_exit,19981.75,19841.5,19910.75,19915.75,19806.5,19815.25,16158.0,87.4141876430206,-1
279,2024-08-21T08:50:00.000000,2024-08-21T09:10:00.000000,2024-08-21T11:05:00.000000,2024,2024-08-21,SHORT,fib382,2.0,19874.0165,19981.75,19658.549500000005,107.73349999999846,WIN,10.016500000001543,24,102.51650000000154,-20.483499999998457,time_exit,19981.75,19841.5,19910.75,19915.75,19806.5,19815.25,16158.0,87.4141876430206,-1
279,2024-08-21T08:50:00.000000,2024-08-21T09:05:00.000000,2024-08-21T11:00:00.000000,2024,2024-08-21,SHORT,fib50,1.0,19861.125,19981.75,19740.5,120.625,LOSS,-20.875,24,89.625,-33.375,time_exit,19981.75,19841.5,19910.75,19915.75,19806.5,19815.25,16158.0,87.4141876430206,-1
279,2024-08-21T08:50:00.000000,2024-08-21T09:05:00.000000,2024-08-21T11:00:00.000000,2024,2024-08-21,SHORT,fib50,1.5,19861.125,19981.75,19680.1875,120.625,LOSS,-20.875,24,89.625,-33.375,time_exit,19981.75,19841.5,19910.75,19915.75,19806.5,19815.25,16158.0,87.4141876430206,-1
279,2024-08-21T08:50:00.000000,2024-08-21T09:05:00.000000,2024-08-21T11:00:00.000000,2024,2024-08-21,SHORT,fib50,2.0,19861.125,19981.75,19619.875,120.625,LOSS,-20.875,24,89.625,-33.375,time_exit,19981.75,19841.5,19910.75,19915.75,19806.5,19815.25,16158.0,87.4141876430206,-1
280,2024-08-22T10:50:00.000000,,,2024,2024-08-22,SHORT,fib382,1.0,19765.5775,19916.5,19614.655,150.92250000000058,NO_ENTRY,0.0,0,0.0,0.0,no_entry_or_no_exit,19916.5,19869.25,19788.25,19793.75,19720.0,19722.75,8502.0,88.8135593220339,-1
280,2024-08-22T10:50:00.000000,,,2024,2024-08-22,SHORT,fib382,1.5,19765.5775,19916.5,19539.19375,150.92250000000058,NO_ENTRY,0.0,0,0.0,0.0,no_entry_or_no_exit,19916.5,19869.25,19788.25,19793.75,19720.0,19722.75,8502.0,88.8135593220339,-1
280,2024-08-22T10:50:00.000000,,,2024,2024-08-22,SHORT,fib382,2.0,19765.5775,19916.5,19463.7325,150.92250000000058,NO_ENTRY,0.0,0,0.0,0.0,no_entry_or_no_exit,19916.5,19869.25,19788.25,19793.75,19720.0,19722.75,8502.0,88.8135593220339,-1
280,2024-08-22T10:50:00.000000,,,2024,2024-08-22,SHORT,fib50,1.0,19756.875,19916.5,19597.25,159.625,NO_ENTRY,0.0,0,0.0,0.0,no_entry_or_no_exit,19916.5,19869.25,19788.25,19793.75,19720.0,19722.75,8502.0,88.8135593220339,-1
280,2024-08-22T10:50:00.000000,,,2024,2024-08-22,SHORT,fib50,1.5,19756.875,19916.5,19517.4375,159.625,NO_ENTRY,0.0,0,0.0,0.0,no_entry_or_no_exit,19916.5,19869.25,19788.25,19793.75,19720.0,19722.75,8502.0,88.8135593220339,-1
280,2024-08-22T10:50:00.000000,,,2024,2024-08-22,SHORT,fib50,2.0,19756.875,19916.5,19437.625,159.625,NO_ENTRY,0.0,0,0.0,0.0,no_entry_or_no_exit,19916.5,19869.25,19788.25,19793.75,19720.0,19722.75,8502.0,88.8135593220339,-1
281,2024-08-23T08:45:00.000000,2024-08-23T09:10:00.000000,2024-08-23T10:40:00.000000,2024,2024-08-23,SHORT,fib382,1.0,19757.684,19893.5,19621.868000000002,135.8159999999989,WIN,135.8159999999989,19,154.4340000000011,-60.565999999998894,target,19893.5,19795.5,19826.25,19829.5,19641.5,19677.25,20926.0,79.25531914893617,-1
281,2024-08-23T08:45:00.000000,2024-08-23T09:10:00.000000,2024-08-23T11:05:00.000000,2024,2024-08-23,SHORT,fib382,1.5,19757.684,19893.5,19553.960000000003,135.8159999999989,WIN,74.1840000000011,24,165.9340000000011,-60.565999999998894,time_exit,19893.5,19795.5,19826.25,19829.5,19641.5,19677.25,20926.0,79.25531914893617,-1
281,2024-08-23T08:45:00.000000,2024-08-23T09:10:00.000000,2024-08-23T11:05:00.000000,2024,2024-08-23,SHORT,fib382,2.0,19757.684,19893.5,19486.052000000003,135.8159999999989,WIN,74.1840000000011,24,165.9340000000011,-60.565999999998894,time_exit,19893.5,19795.5,19826.25,19829.5,19641.5,19677.25,20926.0,79.25531914893617,-1
281,2024-08-23T08:45:00.000000,2024-08-23T09:05:00.000000,2024-08-23T11:00:00.000000,2024,2024-08-23,SHORT,fib50,1.0,19735.5,19893.5,19577.5,158.0,WIN,56.0,24,143.75,-82.75,time_exit,19893.5,19795.5,19826.25,19829.5,19641.5,19677.25,20926.0,79.25531914893617,-1
281,2024-08-23T08:45:00.000000,2024-08-23T09:05:00.000000,2024-08-23T11:00:00.000000,2024,2024-08-23,SHORT,fib50,1.5,19735.5,19893.5,19498.5,158.0,WIN,56.0,24,143.75,-82.75,time_exit,19893.5,19795.5,19826.25,19829.5,19641.5,19677.25,20926.0,79.25531914893617,-1
281,2024-08-23T08:45:00.000000,2024-08-23T09:05:00.000000,2024-08-23T11:00:00.000000,2024,2024-08-23,SHORT,fib50,2.0,19735.5,19893.5,19419.5,158.0,WIN,56.0,24,143.75,-82.75,time_exit,19893.5,19795.5,19826.25,19829.5,19641.5,19677.25,20926.0,79.25531914893617,-1
282,2024-08-28T09:10:00.000000,2024-08-28T09:35:00.000000,2024-08-28T11:30:00.000000,2024,2024-08-28,SHORT,fib382,1.0,19406.131,19592.75,19219.512000000002,186.61899999999878,LOSS,-29.618999999998778,24,43.88100000000122,-62.61899999999878,time_exit,19592.75,19498.25,19435.5,19436.5,19357.0,19361.25,12763.0,93.39622641509435,-1
282,2024-08-28T09:10:00.000000,2024-08-28T09:35:00.000000,2024-08-28T11:30:00.000000,2024,2024-08-28,SHORT,fib382,1.5,19406.131,19592.75,19126.202500000003,186.61899999999878,LOSS,-29.618999999998778,24,43.88100000000122,-62.61899999999878,time_exit,19592.75,19498.25,19435.5,19436.5,19357.0,19361.25,12763.0,93.39622641509435,-1
282,2024-08-28T09:10:00.000000,2024-08-28T09:35:00.000000,2024-08-28T11:30:00.000000,2024,2024-08-28,SHORT,fib382,2.0,19406.131,19592.75,19032.893000000004,186.61899999999878,LOSS,-29.618999999998778,24,43.88100000000122,-62.61899999999878,time_exit,19592.75,19498.25,19435.5,19436.5,19357.0,19361.25,12763.0,93.39622641509435,-1
282,2024-08-28T09:10:00.000000,2024-08-28T09:35:00.000000,2024-08-28T11:30:00.000000,2024,2024-08-28,SHORT,fib50,1.0,19396.75,19592.75,19200.75,196.0,LOSS,-39.0,24,34.5,-72.0,time_exit,19592.75,19498.25,19435.5,19436.5,19357.0,19361.25,12763.0,93.39622641509435,-1
282,2024-08-28T09:10:00.000000,2024-08-28T09:35:00.000000,2024-08-28T11:30:00.000000,2024,2024-08-28,SHORT,fib50,1.5,19396.75,19592.75,19102.75,196.0,LOSS,-39.0,24,34.5,-72.0,time_exit,19592.75,19498.25,19435.5,19436.5,19357.0,19361.25,12763.0,93.39622641509435,-1
282,2024-08-28T09:10:00.000000,2024-08-28T09:35:00.000000,2024-08-28T11:30:00.000000,2024,2024-08-28,SHORT,fib50,2.0,19396.75,19592.75,19004.75,196.0,LOSS,-39.0,24,34.5,-72.0,time_exit,19592.75,19498.25,19435.5,19436.5,19357.0,19361.25,12763.0,93.39622641509435,-1
283,2024-08-28T14:20:00.000000,2024-08-28T14:25:00.000000,2024-08-28T16:40:00.000000,2024,2024-08-28,SHORT,fib382,1.0,19383.027,19592.75,19173.303999999996,209.72300000000178,WIN,209.72300000000178,16,222.02699999999822,-10.473000000001775,target,19592.75,19498.25,19444.25,19460.0,19258.5,19265.0,8866.0,88.95781637717121,-1
283,2024-08-28T14:20:00.000000,2024-08-28T14:25:00.000000,2024-08-28T17:20:00.000000,2024,2024-08-28,SHORT,fib382,1.5,19383.027,19592.75,19068.442499999997,209.72300000000178,WIN,207.27699999999822,24,242.77699999999822,-10.473000000001775,time_exit,19592.75,19498.25,19444.25,19460.0,19258.5,19265.0,8866.0,88.95781637717121,-1
283,2024-08-28T14:20:00.000000,2024-08-28T14:25:00.000000,2024-08-28T17:20:00.000000,2024,2024-08-28,SHORT,fib382,2.0,19383.027,19592.75,18963.580999999995,209.72300000000178,WIN,207.27699999999822,24,242.77699999999822,-10.473000000001775,time_exit,19592.75,19498.25,19444.25,19460.0,19258.5,19265.0,8866.0,88.95781637717121,-1
283,2024-08-28T14:20:00.000000,2024-08-28T14:25:00.000000,2024-08-28T17:20:00.000000,2024,2024-08-28,SHORT,fib50,1.0,19359.25,19592.75,19125.75,233.5,WIN,183.5,24,219.0,-34.25,time_exit,19592.75,19498.25,19444.25,19460.0,19258.5,19265.0,8866.0,88.95781637717121,-1
283,2024-08-28T14:20:00.000000,2024-08-28T14:25:00.000000,2024-08-28T17:20:00.000000,2024,2024-08-28,SHORT,fib50,1.5,19359.25,19592.75,19009.0,233.5,WIN,183.5,24,219.0,-34.25,time_exit,19592.75,19498.25,19444.25,19460.0,19258.5,19265.0,8866.0,88.95781637717121,-1
283,2024-08-28T14:20:00.000000,2024-08-28T14:25:00.000000,2024-08-28T17:20:00.000000,2024,2024-08-28,SHORT,fib50,2.0,19359.25,19592.75,18892.25,233.5,WIN,183.5,24,219.0,-34.25,time_exit,19592.75,19498.25,19444.25,19460.0,19258.5,19265.0,8866.0,88.95781637717121,-1
284,2024-08-29T12:25:00.000000,,,2024,2024-08-29,SHORT,fib382,1.0,19539.7885,19664.75,19414.826999999997,124.96150000000125,NO_ENTRY,0.0,0,0.0,0.0,no_entry_or_no_exit,19664.75,19597.0,19569.0,19573.5,19485.25,19498.0,8915.0,80.45325779036827,-1
284,2024-08-29T12:25:00.000000,,,2024,2024-08-29,SHORT,fib382,1.5,19539.7885,19664.75,19352.346249999995,124.96150000000125,NO_ENTRY,0.0,0,0.0,0.0,no_entry_or_no_exit,19664.75,19597.0,19569.0,19573.5,19485.25,19498.0,8915.0,80.45325779036827,-1
284,2024-08-29T12:25:00.000000,,,2024,2024-08-29,SHORT,fib382,2.0,19539.7885,19664.75,19289.865499999996,124.96150000000125,NO_ENTRY,0.0,0,0.0,0.0,no_entry_or_no_exit,19664.75,19597.0,19569.0,19573.5,19485.25,19498.0,8915.0,80.45325779036827,-1
284,2024-08-29T12:25:00.000000,,,2024,2024-08-29,SHORT,fib50,1.0,19529.375,19664.75,19394.0,135.375,NO_ENTRY,0.0,0,0.0,0.0,no_entry_or_no_exit,19664.75,19597.0,19569.0,19573.5,19485.25,19498.0,8915.0,80.45325779036827,-1
284,2024-08-29T12:25:00.000000,,,2024,2024-08-29,SHORT,fib50,1.5,19529.375,19664.75,19326.3125,135.375,NO_ENTRY,0.0,0,0.0,0.0,no_entry_or_no_exit,19664.75,19597.0,19569.0,19573.5,19485.25,19498.0,8915.0,80.45325779036827,-1
284,2024-08-29T12:25:00.000000,,,2024,2024-08-29,SHORT,fib50,2.0,19529.375,19664.75,19258.625,135.375,NO_ENTRY,0.0,0,0.0,0.0,no_entry_or_no_exit,19664.75,19597.0,19569.0,19573.5,19485.25,19498.0,8915.0,80.45325779036827,-1
285,2024-08-30T08:55:00.000000,2024-08-30T12:40:00.000000,2024-08-30T13:50:00.000000,2024,2024-08-30,SHORT,fib382,1.0,19517.2715,19604.5,19430.042999999998,87.22850000000108,LOSS,-87.22850000000108,15,24.021499999998923,-90.22850000000108,stop,19604.5,19540.25,19540.0,19548.5,19466.75,19468.75,11714.0,87.1559633027523,-1
285,2024-08-30T08:55:00.000000,2024-08-30T12:40:00.000000,2024-08-30T13:50:00.000000,2024,2024-08-30,SHORT,fib382,1.5,19517.2715,19604.5,19386.42875,87.22850000000108,LOSS,-87.22850000000108,15,24.021499999998923,-90.22850000000108,stop,19604.5,19540.25,19540.0,19548.5,19466.75,19468.75,11714.0,87.1559633027523,-1
285,2024-08-30T08:55:00.000000,2024-08-30T12:40:00.000000,2024-08-30T13:50:00.000000,2024,2024-08-30,SHORT,fib382,2.0,19517.2715,19604.5,19342.814499999997,87.22850000000108,LOSS,-87.22850000000108,15,24.021499999998923,-90.22850000000108,stop,19604.5,19540.25,19540.0,19548.5,19466.75,19468.75,11714.0,87.1559633027523,-1
285,2024-08-30T08:55:00.000000,2024-08-30T12:40:00.000000,2024-08-30T13:50:00.000000,2024,2024-08-30,SHORT,fib50,1.0,19507.625,19604.5,19410.75,96.875,LOSS,-96.875,15,14.375,-99.875,stop,19604.5,19540.25,19540.0,19548.5,19466.75,19468.75,11714.0,87.1559633027523,-1
285,2024-08-30T08:55:00.000000,2024-08-30T12:40:00.000000,2024-08-30T13:50:00.000000,2024,2024-08-30,SHORT,fib50,1.5,19507.625,19604.5,19362.3125,96.875,LOSS,-96.875,15,14.375,-99.875,stop,19604.5,19540.25,19540.0,19548.5,19466.75,19468.75,11714.0,87.1559633027523,-1
285,2024-08-30T08:55:00.000000,2024-08-30T12:40:00.000000,2024-08-30T13:50:00.000000,2024,2024-08-30,SHORT,fib50,2.0,19507.625,19604.5,19313.875,96.875,LOSS,-96.875,15,14.375,-99.875,stop,19604.5,19540.25,19540.0,19548.5,19466.75,19468.75,11714.0,87.1559633027523,-1
286,2024-09-11T09:35:00.000000,,,2024,2024-09-11,LONG,fib382,1.0,18720.414,18575.0,18865.828,145.41400000000067,NO_ENTRY,0.0,0,0.0,0.0,no_entry_or_no_exit,18657.0,18575.0,18693.75,18768.0,18691.0,18762.5,7733.0,89.28571428571429,1
286,2024-09-11T09:35:00.000000,,,2024,2024-09-11,LONG,fib382,1.5,18720.414,18575.0,18938.535000000003,145.41400000000067,NO_ENTRY,0.0,0,0.0,0.0,no_entry_or_no_exit,18657.0,18575.0,18693.75,18768.0,18691.0,18762.5,7733.0,89.28571428571429,1
286,2024-09-11T09:35:00.000000,,,2024,2024-09-11,LONG,fib382,2.0,18720.414,18575.0,19011.242000000002,145.41400000000067,NO_ENTRY,0.0,0,0.0,0.0,no_entry_or_no_exit,18657.0,18575.0,18693.75,18768.0,18691.0,18762.5,7733.0,89.28571428571429,1
286,2024-09-11T09:35:00.000000,2024-09-11T09:55:00.000000,2024-09-11T10:05:00.000000,2024,2024-09-11,LONG,fib50,1.0,18729.5,18575.0,18884.0,154.5,WIN,154.5,3,158.5,-6.25,target,18657.0,18575.0,18693.75,18768.0,18691.0,18762.5,7733.0,89.28571428571429,1
286,2024-09-11T09:35:00.000000,2024-09-11T09:55:00.000000,2024-09-11T11:05:00.000000,2024,2024-09-11,LONG,fib50,1.5,18729.5,18575.0,18961.25,154.5,WIN,231.75,15,252.25,-6.25,target,18657.0,18575.0,18693.75,18768.0,18691.0,18762.5,7733.0,89.28571428571429,1
286,2024-09-11T09:35:00.000000,2024-09-11T09:55:00.000000,2024-09-11T11:45:00.000000,2024,2024-09-11,LONG,fib50,2.0,18729.5,18575.0,19038.5,154.5,WIN,309.0,23,336.25,-6.25,target,18657.0,18575.0,18693.75,18768.0,18691.0,18762.5,7733.0,89.28571428571429,1
287,2024-09-16T09:10:00.000000,2024-09-16T09:15:00.000000,2024-09-16T09:15:00.000000,2024,2024-09-16,LONG,fib382,1.0,19443.5305,19328.0,19559.061,115.53050000000076,WIN,115.53050000000076,1,180.46949999999924,-62.53050000000076,target,19600.5,19328.0,19341.75,19609.0,19341.25,19606.75,2931.0,98.97292250233427,1
287,2024-09-16T09:10:00.000000,2024-09-16T09:15:00.000000,2024-09-16T09:15:00.000000,2024,2024-09-16,LONG,fib382,1.5,19443.5305,19328.0,19616.826250000002,115.53050000000076,WIN,173.29575000000114,1,180.46949999999924,-62.53050000000076,target,19600.5,19328.0,19341.75,19609.0,19341.25,19606.75,2931.0,98.97292250233427,1
287,2024-09-16T09:10:00.000000,2024-09-16T09:15:00.000000,2024-09-16T10:15:00.000000,2024,2024-09-16,LONG,fib382,2.0,19443.5305,19328.0,19674.591500000002,115.53050000000076,LOSS,-115.53050000000076,13,193.71949999999924,-119.53050000000076,stop,19600.5,19328.0,19341.75,19609.0,19341.25,19606.75,2931.0,98.97292250233427,1
287,2024-09-16T09:10:00.000000,2024-09-16T09:15:00.000000,2024-09-16T09:15:00.000000,2024,2024-09-16,LONG,fib50,1.0,19475.125,19328.0,19622.25,147.125,WIN,147.125,1,148.875,-94.125,target,19600.5,19328.0,19341.75,19609.0,19341.25,19606.75,2931.0,98.97292250233427,1
287,2024-09-16T09:10:00.000000,2024-09-16T09:15:00.000000,2024-09-16T10:15:00.000000,2024,2024-09-16,LONG,fib50,1.5,19475.125,19328.0,19695.8125,147.125,LOSS,-147.125,13,162.125,-151.125,stop,19600.5,19328.0,19341.75,19609.0,19341.25,19606.75,2931.0,98.97292250233427,1
287,2024-09-16T09:10:00.000000,2024-09-16T09:15:00.000000,2024-09-16T10:15:00.000000,2024,2024-09-16,LONG,fib50,2.0,19475.125,19328.0,19769.375,147.125,LOSS,-147.125,13,162.125,-151.125,stop,19600.5,19328.0,19341.75,19609.0,19341.25,19606.75,2931.0,98.97292250233427,1
288,2024-09-16T09:25:00.000000,2024-09-16T09:30:00.000000,2024-09-16T10:15:00.000000,2024,2024-09-16,LONG,fib382,1.0,19482.6435,19328.0,19637.286999999997,154.6434999999983,LOSS,-154.6434999999983,10,148.1065000000017,-158.6434999999983,stop,19600.5,19328.0,19404.75,19630.5,19391.25,19613.75,2513.0,87.35632183908046,1
288,2024-09-16T09:25:00.000000,2024-09-16T09:30:00.000000,2024-09-16T10:15:00.000000,2024,2024-09-16,LONG,fib382,1.5,19482.6435,19328.0,19714.608749999996,154.6434999999983,LOSS,-154.6434999999983,10,148.1065000000017,-158.6434999999983,stop,19600.5,19328.0,19404.75,19630.5,19391.25,19613.75,2513.0,87.35632183908046,1
288,2024-09-16T09:25:00.000000,2024-09-16T09:30:00.000000,2024-09-16T10:15:00.000000,2024,2024-09-16,LONG,fib382,2.0,19482.6435,19328.0,19791.930499999995,154.6434999999983,LOSS,-154.6434999999983,10,148.1065000000017,-158.6434999999983,stop,19600.5,19328.0,19404.75,19630.5,19391.25,19613.75,2513.0,87.35632183908046,1
288,2024-09-16T09:25:00.000000,2024-09-16T09:30:00.000000,2024-09-16T10:15:00.000000,2024,2024-09-16,LONG,fib50,1.0,19510.875,19328.0,19693.75,182.875,LOSS,-182.875,10,119.875,-186.875,stop,19600.5,19328.0,19404.75,19630.5,19391.25,19613.75,2513.0,87.35632183908046,1
288,2024-09-16T09:25:00.000000,2024-09-16T09:30:00.000000,2024-09-16T10:15:00.000000,2024,2024-09-16,LONG,fib50,1.5,19510.875,19328.0,19785.1875,182.875,LOSS,-182.875,10,119.875,-186.875,stop,19600.5,19328.0,19404.75,19630.5,19391.25,19613.75,2513.0,87.35632183908046,1
288,2024-09-16T09:25:00.000000,2024-09-16T09:30:00.000000,2024-09-16T10:15:00.000000,2024,2024-09-16,LONG,fib50,2.0,19510.875,19328.0,19876.625,182.875,LOSS,-182.875,10,119.875,-186.875,stop,19600.5,19328.0,19404.75,19630.5,19391.25,19613.75,2513.0,87.35632183908046,1
289,2024-09-16T09:45:00.000000,2024-09-16T09:50:00.000000,2024-09-16T09:50:00.000000,2024,2024-09-16,LONG,fib382,1.0,19424.191,19328.0,19520.381999999998,96.1909999999989,WIN,96.1909999999989,1,176.3090000000011,-81.6909999999989,target,19600.5,19328.0,19347.0,19579.0,19328.5,19577.25,2697.0,91.91616766467065,1
289,2024-09-16T09:45:00.000000,2024-09-16T09:50:00.000000,2024-09-16T09:50:00.000000,2024,2024-09-16,LONG,fib382,1.5,19424.191,19328.0,19568.477499999997,96.1909999999989,WIN,144.28649999999834,1,176.3090000000011,-81.6909999999989,target,19600.5,19328.0,19347.0,19579.0,19328.5,19577.25,2697.0,91.91616766467065,1
289,2024-09-16T09:45:00.000000,2024-09-16T09:50:00.000000,2024-09-16T10:15:00.000000,2024,2024-09-16,LONG,fib382,2.0,19424.191,19328.0,19616.572999999997,96.1909999999989,LOSS,-96.1909999999989,6,189.8090000000011,-100.1909999999989,stop,19600.5,19328.0,19347.0,19579.0,19328.5,19577.25,2697.0,91.91616766467065,1
289,2024-09-16T09:45:00.000000,2024-09-16T09:50:00.000000,2024-09-16T09:50:00.000000,2024,2024-09-16,LONG,fib50,1.0,19453.75,19328.0,19579.5,125.75,WIN,125.75,1,146.75,-111.25,target,19600.5,19328.0,19347.0,19579.0,19328.5,19577.25,2697.0,91.91616766467065,1
289,2024-09-16T09:45:00.000000,2024-09-16T09:50:00.000000,2024-09-16T10:15:00.000000,2024,2024-09-16,LONG,fib50,1.5,19453.75,19328.0,19642.375,125.75,LOSS,-125.75,6,160.25,-129.75,stop,19600.5,19328.0,19347.0,19579.0,19328.5,19577.25,2697.0,91.91616766467065,1
289,2024-09-16T09:45:00.000000,2024-09-16T09:50:00.000000,2024-09-16T10:15:00.000000,2024,2024-09-16,LONG,fib50,2.0,19453.75,19328.0,19705.25,125.75,LOSS,-125.75,6,160.25,-129.75,stop,19600.5,19328.0,19347.0,19579.0,19328.5,19577.25,2697.0,91.91616766467065,1
290,2024-09-16T12:05:00.000000,2024-09-16T12:10:00.000000,2024-09-16T12:25:00.000000,2024,2024-09-16,LONG,fib382,1.0,19499.4635,19328.0,19670.927000000003,171.46350000000166,WIN,171.46350000000166,4,172.03649999999834,-75.46350000000166,target,19600.5,19328.0,19410.5,19653.5,19404.25,19652.25,1973.0,96.99097291875627,1
290,2024-09-16T12:05:00.000000,2024-09-16T12:10:00.000000,2024-09-16T14:05:00.000000,2024,2024-09-16,LONG,fib382,1.5,19499.4635,19328.0,19756.658750000002,171.46350000000166,WIN,169.53649999999834,24,185.03649999999834,-100.96350000000166,time_exit,19600.5,19328.0,19410.5,19653.5,19404.25,19652.25,1973.0,96.99097291875627,1
290,2024-09-16T12:05:00.000000,2024-09-16T12:10:00.000000,2024-09-16T14:05:00.000000,2024,2024-09-16,LONG,fib382,2.0,19499.4635,19328.0,19842.390500000005,171.46350000000166,WIN,169.53649999999834,24,185.03649999999834,-100.96350000000166,time_exit,19600.5,19328.0,19410.5,19653.5,19404.25,19652.25,1973.0,96.99097291875627,1
290,2024-09-16T12:05:00.000000,2024-09-16T12:10:00.000000,2024-09-16T14:05:00.000000,2024,2024-09-16,LONG,fib50,1.0,19528.875,19328.0,19729.75,200.875,WIN,140.125,24,155.625,-130.375,time_exit,19600.5,19328.0,19410.5,19653.5,19404.25,19652.25,1973.0,96.99097291875627,1
290,2024-09-16T12:05:00.000000,2024-09-16T12:10:00.000000,2024-09-16T14:05:00.000000,2024,2024-09-16,LONG,fib50,1.5,19528.875,19328.0,19830.1875,200.875,WIN,140.125,24,155.625,-130.375,time_exit,19600.5,19328.0,19410.5,19653.5,19404.25,19652.25,1973.0,96.99097291875627,1
290,2024-09-16T12:05:00.000000,2024-09-16T12:10:00.000000,2024-09-16T14:05:00.000000,2024,2024-09-16,LONG,fib50,2.0,19528.875,19328.0,19930.625,200.875,WIN,140.125,24,155.625,-130.375,time_exit,19600.5,19328.0,19410.5,19653.5,19404.25,19652.25,1973.0,96.99097291875627,1
291,2024-09-16T14:20:00.000000,2024-09-16T14:40:00.000000,2024-09-16T17:35:00.000000,2024,2024-09-16,LONG,fib382,1.0,19522.944,19328.0,19717.888,194.9439999999995,WIN,153.3060000000005,24,172.5560000000005,-102.1939999999995,time_exit,19600.5,19328.0,19432.25,19672.5,19430.5,19671.75,390.0,98.96694214876032,1
291,2024-09-16T14:20:00.000000,2024-09-16T14:40:00.000000,2024-09-16T17:35:00.000000,2024,2024-09-16,LONG,fib382,1.5,19522.944,19328.0,19815.36,194.9439999999995,WIN,153.3060000000005,24,172.5560000000005,-102.1939999999995,time_exit,19600.5,19328.0,19432.25,19672.5,19430.5,19671.75,390.0,98.96694214876032,1
291,2024-09-16T14:20:00.000000,2024-09-16T14:40:00.000000,2024-09-16T17:35:00.000000,2024,2024-09-16,LONG,fib382,2.0,19522.944,19328.0,19912.832,194.9439999999995,WIN,153.3060000000005,24,172.5560000000005,-102.1939999999995,time_exit,19600.5,19328.0,19432.25,19672.5,19430.5,19671.75,390.0,98.96694214876032,1
291,2024-09-16T14:20:00.000000,2024-09-16T14:40:00.000000,2024-09-16T17:35:00.000000,2024,2024-09-16,LONG,fib50,1.0,19551.5,19328.0,19775.0,223.5,WIN,124.75,24,144.0,-130.75,time_exit,19600.5,19328.0,19432.25,19672.5,19430.5,19671.75,390.0,98.96694214876032,1
291,2024-09-16T14:20:00.000000,2024-09-16T14:40:00.000000,2024-09-16T17:35:00.000000,2024,2024-09-16,LONG,fib50,1.5,19551.5,19328.0,19886.75,223.5,WIN,124.75,24,144.0,-130.75,time_exit,19600.5,19328.0,19432.25,19672.5,19430.5,19671.75,390.0,98.96694214876032,1
291,2024-09-16T14:20:00.000000,2024-09-16T14:40:00.000000,2024-09-16T17:35:00.000000,2024,2024-09-16,LONG,fib50,2.0,19551.5,19328.0,19998.5,223.5,WIN,124.75,24,144.0,-130.75,time_exit,19600.5,19328.0,19432.25,19672.5,19430.5,19671.75,390.0,98.96694214876032,1
292,2024-09-16T14:45:00.000000,2024-09-16T16:05:00.000000,2024-09-16T18:00:00.000000,2024,2024-09-16,LONG,fib382,1.0,19512.43,19328.0,19696.86,184.4300000000003,WIN,162.8199999999997,24,183.0699999999997,-78.93000000000029,time_exit,19600.5,19328.0,19425.5,19660.75,19420.75,19657.25,331.0,96.5625,1
292,2024-09-16T14:45:00.000000,2024-09-16T16:05:00.000000,2024-09-16T18:00:00.000000,2024,2024-09-16,LONG,fib382,1.5,19512.43,19328.0,19789.075,184.4300000000003,WIN,162.8199999999997,24,183.0699999999997,-78.93000000000029,time_exit,19600.5,19328.0,19425.5,19660.75,19420.75,19657.25,331.0,96.5625,1
292,2024-09-16T14:45:00.000000,2024-09-16T16:05:00.000000,2024-09-16T18:00:00.000000,2024,2024-09-16,LONG,fib382,2.0,19512.43,19328.0,19881.29,184.4300000000003,WIN,162.8199999999997,24,183.0699999999997,-78.93000000000029,time_exit,19600.5,19328.0,19425.5,19660.75,19420.75,19657.25,331.0,96.5625,1
292,2024-09-16T14:45:00.000000,2024-09-16T16:05:00.000000,2024-09-16T18:00:00.000000,2024,2024-09-16,LONG,fib50,1.0,19540.75,19328.0,19753.5,212.75,WIN,134.5,24,154.75,-107.25,time_exit,19600.5,19328.0,19425.5,19660.75,19420.75,19657.25,331.0,96.5625,1
292,2024-09-16T14:45:00.000000,2024-09-16T16:05:00.000000,2024-09-16T18:00:00.000000,2024,2024-09-16,LONG,fib50,1.5,19540.75,19328.0,19859.875,212.75,WIN,134.5,24,154.75,-107.25,time_exit,19600.5,19328.0,19425.5,19660.75,19420.75,19657.25,331.0,96.5625,1
292,2024-09-16T14:45:00.000000,2024-09-16T16:05:00.000000,2024-09-16T18:00:00.000000,2024,2024-09-16,LONG,fib50,2.0,19540.75,19328.0,19966.25,212.75,WIN,134.5,24,154.75,-107.25,time_exit,19600.5,19328.0,19425.5,19660.75,19420.75,19657.25,331.0,96.5625,1
295,2024-10-31T13:50:00.000000,2024-10-31T14:00:00.000000,2024-10-31T14:00:00.000000,2024,2024-10-31,SHORT,fib382,1.0,20095.71,20157.0,20034.42,61.29000000000087,WIN,61.29000000000087,1,87.20999999999913,-0.040000000000873115,target,20157.0,20113.0,20122.5,20132.0,20037.0,20043.5,12931.0,83.15789473684211,-1
295,2024-10-31T13:50:00.000000,2024-10-31T14:00:00.000000,2024-10-31T16:55:00.000000,2024,2024-10-31,SHORT,fib382,1.5,20095.71,20157.0,20003.774999999998,61.29000000000087,WIN,4.459999999999127,24,87.20999999999913,-16.790000000000873,time_exit,20157.0,20113.0,20122.5,20132.0,20037.0,20043.5,12931.0,83.15789473684211,-1
295,2024-10-31T13:50:00.000000,2024-10-31T14:00:00.000000,2024-10-31T16:55:00.000000,2024,2024-10-31,SHORT,fib382,2.0,20095.71,20157.0,19973.129999999997,61.29000000000087,WIN,4.459999999999127,24,87.20999999999913,-16.790000000000873,time_exit,20157.0,20113.0,20122.5,20132.0,20037.0,20043.5,12931.0,83.15789473684211,-1
295,2024-10-31T13:50:00.000000,2024-10-31T14:00:00.000000,2024-10-31T14:00:00.000000,2024,2024-10-31,SHORT,fib50,1.0,20084.5,20157.0,20012.0,72.5,WIN,72.5,1,76.0,-11.25,target,20157.0,20113.0,20122.5,20132.0,20037.0,20043.5,12931.0,83.15789473684211,-1
295,2024-10-31T13:50:00.000000,2024-10-31T14:00:00.000000,2024-10-31T16:55:00.000000,2024,2024-10-31,SHORT,fib50,1.5,20084.5,20157.0,19975.75,72.5,LOSS,-6.75,24,76.0,-28.0,time_exit,20157.0,20113.0,20122.5,20132.0,20037.0,20043.5,12931.0,83.15789473684211,-1
295,2024-10-31T13:50:00.000000,2024-10-31T14:00:00.000000,2024-10-31T16:55:00.000000,2024,2024-10-31,SHORT,fib50,2.0,20084.5,20157.0,19939.5,72.5,LOSS,-6.75,24,76.0,-28.0,time_exit,20157.0,20113.0,20122.5,20132.0,20037.0,20043.5,12931.0,83.15789473684211,-1
296,2024-11-14T09:15:00.000000,2024-11-14T09:25:00.000000,2024-11-14T11:20:00.000000,2024,2024-11-14,SHORT,fib382,1.0,21082.833,21174.75,20990.915999999997,91.91700000000128,WIN,15.33299999999872,24,29.08299999999872,-57.41700000000128,time_exit,21174.75,21079.0,21106.5,21109.0,21040.5,21041.0,9732.0,95.62043795620438,-1
296,2024-11-14T09:15:00.000000,2024-11-14T09:25:00.000000,2024-11-14T11:20:00.000000,2024,2024-11-14,SHORT,fib382,1.5,21082.833,21174.75,20944.957499999997,91.91700000000128,WIN,15.33299999999872,24,29.08299999999872,-57.41700000000128,time_exit,21174.75,21079.0,21106.5,21109.0,21040.5,21041.0,9732.0,95.62043795620438,-1
296,2024-11-14T09:15:00.000000,2024-11-14T09:25:00.000000,2024-11-14T11:20:00.000000,2024,2024-11-14,SHORT,fib382,2.0,21082.833,21174.75,20898.998999999996,91.91700000000128,WIN,15.33299999999872,24,29.08299999999872,-57.41700000000128,time_exit,21174.75,21079.0,21106.5,21109.0,21040.5,21041.0,9732.0,95.62043795620438,-1
296,2024-11-14T09:15:00.000000,2024-11-14T09:25:00.000000,2024-11-14T11:20:00.000000,2024,2024-11-14,SHORT,fib50,1.0,21074.75,21174.75,20974.75,100.0,WIN,7.25,24,21.0,-65.5,time_exit,21174.75,21079.0,21106.5,21109.0,21040.5,21041.0,9732.0,95.62043795620438,-1
296,2024-11-14T09:15:00.000000,2024-11-14T09:25:00.000000,2024-11-14T11:20:00.000000,2024,2024-11-14,SHORT,fib50,1.5,21074.75,21174.75,20924.75,100.0,WIN,7.25,24,21.0,-65.5,time_exit,21174.75,21079.0,21106.5,21109.0,21040.5,21041.0,9732.0,95.62043795620438,-1
296,2024-11-14T09:15:00.000000,2024-11-14T09:25:00.000000,2024-11-14T11:20:00.000000,2024,2024-11-14,SHORT,fib50,2.0,21074.75,21174.75,20874.75,100.0,WIN,7.25,24,21.0,-65.5,time_exit,21174.75,21079.0,21106.5,21109.0,21040.5,21041.0,9732.0,95.62043795620438,-1
297,2024-11-21T09:20:00.000000,2024-11-21T09:50:00.000000,2024-11-21T11:45:00.000000,2024,2024-11-21,SHORT,fib382,1.0,20660.6065,20905.75,20415.463000000003,245.1434999999983,LOSS,-166.8934999999983,24,44.10650000000169,-196.3934999999983,time_exit,20905.75,20628.25,20684.75,20704.25,20590.0,20606.75,12737.0,68.27133479212254,-1
297,2024-11-21T09:20:00.000000,2024-11-21T09:50:00.000000,2024-11-21T11:45:00.000000,2024,2024-11-21,SHORT,fib382,1.5,20660.6065,20905.75,20292.891250000004,245.1434999999983,LOSS,-166.8934999999983,24,44.10650000000169,-196.3934999999983,time_exit,20905.75,20628.25,20684.75,20704.25,20590.0,20606.75,12737.0,68.27133479212254,-1
297,2024-11-21T09:20:00.000000,2024-11-21T09:50:00.000000,2024-11-21T11:45:00.000000,2024,2024-11-21,SHORT,fib382,2.0,20660.6065,20905.75,20170.319500000005,245.1434999999983,LOSS,-166.8934999999983,24,44.10650000000169,-196.3934999999983,time_exit,20905.75,20628.25,20684.75,20704.25,20590.0,20606.75,12737.0,68.27133479212254,-1
297,2024-11-21T09:20:00.000000,2024-11-21T09:50:00.000000,2024-11-21T11:45:00.000000,2024,2024-11-21,SHORT,fib50,1.0,20647.125,20905.75,20388.5,258.625,LOSS,-180.375,24,30.625,-209.875,time_exit,20905.75,20628.25,20684.75,20704.25,20590.0,20606.75,12737.0,68.27133479212254,-1
297,2024-11-21T09:20:00.000000,2024-11-21T09:50:00.000000,2024-11-21T11:45:00.000000,2024,2024-11-21,SHORT,fib50,1.5,20647.125,20905.75,20259.1875,258.625,LOSS,-180.375,24,30.625,-209.875,time_exit,20905.75,20628.25,20684.75,20704.25,20590.0,20606.75,12737.0,68.27133479212254,-1
297,2024-11-21T09:20:00.000000,2024-11-21T09:50:00.000000,2024-11-21T11:45:00.000000,2024,2024-11-21,SHORT,fib50,2.0,20647.125,20905.75,20129.875,258.625,LOSS,-180.375,24,30.625,-209.875,time_exit,20905.75,20628.25,20684.75,20704.25,20590.0,20606.75,12737.0,68.27133479212254,-1
298,2024-11-25T08:50:00.000000,,,2024,2024-11-25,SHORT,fib382,1.0,20988.1345,21081.0,20895.269,92.86549999999988,NO_ENTRY,0.0,0,0.0,0.0,no_entry_or_no_exit,21081.0,20956.25,21011.0,21030.25,20920.0,20930.25,20299.0,73.24263038548753,-1
298,2024-11-25T08:50:00.000000,,,2024,2024-11-25,SHORT,fib382,1.5,20988.1345,21081.0,20848.83625,92.86549999999988,NO_ENTRY,0.0,0,0.0,0.0,no_entry_or_no_exit,21081.0,20956.25,21011.0,21030.25,20920.0,20930.25,20299.0,73.24263038548753,-1
298,2024-11-25T08:50:00.000000,,,2024,2024-11-25,SHORT,fib382,2.0,20988.1345,21081.0,20802.4035,92.86549999999988,NO_ENTRY,0.0,0,0.0,0.0,no_entry_or_no_exit,21081.0,20956.25,21011.0,21030.25,20920.0,20930.25,20299.0,73.24263038548753,-1
298,2024-11-25T08:50:00.000000,,,2024,2024-11-25,SHORT,fib50,1.0,20975.125,21081.0,20869.25,105.875,NO_ENTRY,0.0,0,0.0,0.0,no_entry_or_no_exit,21081.0,20956.25,21011.0,21030.25,20920.0,20930.25,20299.0,73.24263038548753,-1
298,2024-11-25T08:50:00.000000,,,2024,2024-11-25,SHORT,fib50,1.5,20975.125,21081.0,20816.3125,105.875,NO_ENTRY,0.0,0,0.0,0.0,no_entry_or_no_exit,21081.0,20956.25,21011.0,21030.25,20920.0,20930.25,20299.0,73.24263038548753,-1
298,2024-11-25T08:50:00.000000,,,2024,2024-11-25,SHORT,fib50,2.0,20975.125,21081.0,20763.375,105.875,NO_ENTRY,0.0,0,0.0,0.0,no_entry_or_no_exit,21081.0,20956.25,21011.0,21030.25,20920.0,20930.25,20299.0,73.24263038548753,-1
299,2024-12-16T09:00:00.000000,2024-12-16T09:05:00.000000,2024-12-16T09:25:00.000000,2024,2024-12-16,LONG,fib382,1.0,22088.445,21903.0,22273.89,185.4449999999997,WIN,185.4449999999997,5,189.0550000000003,-159.1949999999997,target,22232.75,21903.0,21971.5,22287.75,21965.25,22285.25,6300.0,97.28682170542635,1
299,2024-12-16T09:00:00.000000,2024-12-16T09:05:00.000000,2024-12-16T11:00:00.000000,2024,2024-12-16,LONG,fib382,1.5,22088.445,21903.0,22366.6125,185.4449999999997,LOSS,-39.19499999999971,24,258.5550000000003,-159.1949999999997,time_exit,22232.75,21903.0,21971.5,22287.75,21965.25,22285.25,6300.0,97.28682170542635,1
299,2024-12-16T09:00:00.000000,2024-12-16T09:05:00.000000,2024-12-16T11:00:00.000000,2024,2024-12-16,LONG,fib382,2.0,22088.445,21903.0,22459.335,185.4449999999997,LOSS,-39.19499999999971,24,258.5550000000003,-159.1949999999997,time_exit,22232.75,21903.0,21971.5,22287.75,21965.25,22285.25,6300.0,97.28682170542635,1
299,2024-12-16T09:00:00.000000,2024-12-16T09:05:00.000000,2024-12-16T11:00:00.000000,2024,2024-12-16,LONG,fib50,1.0,22126.5,21903.0,22350.0,223.5,LOSS,-77.25,24,220.5,-197.25,time_exit,22232.75,21903.0,21971.5,22287.75,21965.25,22285.25,6300.0,97.28682170542635,1
299,2024-12-16T09:00:00.000000,2024-12-16T09:05:00.000000,2024-12-16T11:00:00.000000,2024,2024-12-16,LONG,fib50,1.5,22126.5,21903.0,22461.75,223.5,LOSS,-77.25,24,220.5,-197.25,time_exit,22232.75,21903.0,21971.5,22287.75,21965.25,22285.25,6300.0,97.28682170542635,1
299,2024-12-16T09:00:00.000000,2024-12-16T09:05:00.000000,2024-12-16T11:00:00.000000,2024,2024-12-16,LONG,fib50,2.0,22126.5,21903.0,22573.5,223.5,LOSS,-77.25,24,220.5,-197.25,time_exit,22232.75,21903.0,21971.5,22287.75,21965.25,22285.25,6300.0,97.28682170542635,1
300,2024-12-16T10:40:00.000000,2024-12-16T10:45:00.000000,2024-12-16T11:30:00.000000,2024,2024-12-16,LONG,fib382,1.0,22130.1895,21903.0,22357.379,227.1895000000004,WIN,227.1895000000004,10,230.8104999999996,-124.18950000000041,target,22232.75,21903.0,22030.75,22326.25,22009.0,22305.25,3322.0,86.52482269503547,1
300,2024-12-16T10:40:00.000000,2024-12-16T10:45:00.000000,2024-12-16T12:40:00.000000,2024,2024-12-16,LONG,fib382,1.5,22130.1895,21903.0,22470.97375,227.1895000000004,WIN,289.5604999999996,24,289.8104999999996,-124.18950000000041,time_exit,22232.75,21903.0,22030.75,22326.25,22009.0,22305.25,3322.0,86.52482269503547,1
300,2024-12-16T10:40:00.000000,2024-12-16T10:45:00.000000,2024-12-16T12:40:00.000000,2024,2024-12-16,LONG,fib382,2.0,22130.1895,21903.0,22584.5685,227.1895000000004,WIN,289.5604999999996,24,289.8104999999996,-124.18950000000041,time_exit,22232.75,21903.0,22030.75,22326.25,22009.0,22305.25,3322.0,86.52482269503547,1
300,2024-12-16T10:40:00.000000,2024-12-16T10:45:00.000000,2024-12-16T12:40:00.000000,2024,2024-12-16,LONG,fib50,1.0,22167.625,21903.0,22432.25,264.625,WIN,252.125,24,252.375,-161.625,time_exit,22232.75,21903.0,22030.75,22326.25,22009.0,22305.25,3322.0,86.52482269503547,1
300,2024-12-16T10:40:00.000000,2024-12-16T10:45:00.000000,2024-12-16T12:40:00.000000,2024,2024-12-16,LONG,fib50,1.5,22167.625,21903.0,22564.5625,264.625,WIN,252.125,24,252.375,-161.625,time_exit,22232.75,21903.0,22030.75,22326.25,22009.0,22305.25,3322.0,86.52482269503547,1
300,2024-12-16T10:40:00.000000,2024-12-16T10:45:00.000000,2024-12-16T12:40:00.000000,2024,2024-12-16,LONG,fib50,2.0,22167.625,21903.0,22696.875,264.625,WIN,252.125,24,252.375,-161.625,time_exit,22232.75,21903.0,22030.75,22326.25,22009.0,22305.25,3322.0,86.52482269503547,1
301,2024-12-16T11:30:00.000000,2024-12-16T11:35:00.000000,2024-12-16T13:30:00.000000,2024,2024-12-16,LONG,fib382,1.0,22174.364,21903.0,22445.728000000003,271.3640000000014,WIN,248.8859999999986,24,259.6359999999986,-110.8640000000014,time_exit,22232.75,21903.0,22060.75,22361.0,22059.0,22359.75,1981.0,99.00662251655629,1
301,2024-12-16T11:30:00.000000,2024-12-16T11:35:00.000000,2024-12-16T13:30:00.000000,2024,2024-12-16,LONG,fib382,1.5,22174.364,21903.0,22581.410000000003,271.3640000000014,WIN,248.8859999999986,24,259.6359999999986,-110.8640000000014,time_exit,22232.75,21903.0,22060.75,22361.0,22059.0,22359.75,1981.0,99.00662251655629,1
301,2024-12-16T11:30:00.000000,2024-12-16T11:35:00.000000,2024-12-16T13:30:00.000000,2024,2024-12-16,LONG,fib382,2.0,22174.364,21903.0,22717.092000000004,271.3640000000014,WIN,248.8859999999986,24,259.6359999999986,-110.8640000000014,time_exit,22232.75,21903.0,22060.75,22361.0,22059.0,22359.75,1981.0,99.00662251655629,1
301,2024-12-16T11:30:00.000000,2024-12-16T11:35:00.000000,2024-12-16T13:30:00.000000,2024,2024-12-16,LONG,fib50,1.0,22210.0,21903.0,22517.0,307.0,WIN,213.25,24,224.0,-146.5,time_exit,22232.75,21903.0,22060.75,22361.0,22059.0,22359.75,1981.0,99.00662251655629,1
301,2024-12-16T11:30:00.000000,2024-12-16T11:35:00.000000,2024-12-16T13:30:00.000000,2024,2024-12-16,LONG,fib50,1.5,22210.0,21903.0,22670.5,307.0,WIN,213.25,24,224.0,-146.5,time_exit,22232.75,21903.0,22060.75,22361.0,22059.0,22359.75,1981.0,99.00662251655629,1
301,2024-12-16T11:30:00.000000,2024-12-16T11:35:00.000000,2024-12-16T13:30:00.000000,2024,2024-12-16,LONG,fib50,2.0,22210.0,21903.0,22824.0,307.0,WIN,213.25,24,224.0,-146.5,time_exit,22232.75,21903.0,22060.75,22361.0,22059.0,22359.75,1981.0,99.00662251655629,1
302,2024-12-16T11:45:00.000000,2024-12-16T11:50:00.000000,2024-12-16T13:45:00.000000,2024,2024-12-16,LONG,fib382,1.0,22188.347,21903.0,22473.694000000003,285.3470000000016,LOSS,-50.59700000000157,24,247.65299999999843,-124.84700000000157,time_exit,22232.75,21903.0,22077.0,22379.0,22070.5,22376.0,2137.0,96.92058346839546,1
302,2024-12-16T11:45:00.000000,2024-12-16T11:50:00.000000,2024-12-16T13:45:00.000000,2024,2024-12-16,LONG,fib382,1.5,22188.347,21903.0,22616.367500000004,285.3470000000016,LOSS,-50.59700000000157,24,247.65299999999843,-124.84700000000157,time_exit,22232.75,21903.0,22077.0,22379.0,22070.5,22376.0,2137.0,96.92058346839546,1
302,2024-12-16T11:45:00.000000,2024-12-16T11:50:00.000000,2024-12-16T13:45:00.000000,2024,2024-12-16,LONG,fib382,2.0,22188.347,21903.0,22759.041000000005,285.3470000000016,LOSS,-50.59700000000157,24,247.65299999999843,-124.84700000000157,time_exit,22232.75,21903.0,22077.0,22379.0,22070.5,22376.0,2137.0,96.92058346839546,1
302,2024-12-16T11:45:00.000000,2024-12-16T11:50:00.000000,2024-12-16T13:45:00.000000,2024,2024-12-16,LONG,fib50,1.0,22224.75,21903.0,22546.5,321.75,LOSS,-87.0,24,211.25,-161.25,time_exit,22232.75,21903.0,22077.0,22379.0,22070.5,22376.0,2137.0,96.92058346839546,1
302,2024-12-16T11:45:00.000000,2024-12-16T11:50:00.000000,2024-12-16T13:45:00.000000,2024,2024-12-16,LONG,fib50,1.5,22224.75,21903.0,22707.375,321.75,LOSS,-87.0,24,211.25,-161.25,time_exit,22232.75,21903.0,22077.0,22379.0,22070.5,22376.0,2137.0,96.92058346839546,1
302,2024-12-16T11:45:00.000000,2024-12-16T11:50:00.000000,2024-12-16T13:45:00.000000,2024,2024-12-16,LONG,fib50,2.0,22224.75,21903.0,22868.25,321.75,LOSS,-87.0,24,211.25,-161.25,time_exit,22232.75,21903.0,22077.0,22379.0,22070.5,22376.0,2137.0,96.92058346839546,1
303,2024-12-16T12:05:00.000000,2024-12-16T12:10:00.000000,2024-12-16T14:05:00.000000,2024,2024-12-16,LONG,fib382,1.0,22207.524,21903.0,22512.048000000003,304.52400000000125,LOSS,-58.27400000000125,24,236.97599999999875,-114.02400000000125,time_exit,22232.75,21903.0,22092.0,22397.25,22090.25,22389.25,3520.0,96.82410423452768,1
303,2024-12-16T12:05:00.000000,2024-12-16T12:10:00.000000,2024-12-16T14:05:00.000000,2024,2024-12-16,LONG,fib382,1.5,22207.524,21903.0,22664.310000000005,304.52400000000125,LOSS,-58.27400000000125,24,236.97599999999875,-114.02400000000125,time_exit,22232.75,21903.0,22092.0,22397.25,22090.25,22389.25,3520.0,96.82410423452768,1
303,2024-12-16T12:05:00.000000,2024-12-16T12:10:00.000000,2024-12-16T14:05:00.000000,2024,2024-12-16,LONG,fib382,2.0,22207.524,21903.0,22816.572000000004,304.52400000000125,LOSS,-58.27400000000125,24,236.97599999999875,-114.02400000000125,time_exit,22232.75,21903.0,22092.0,22397.25,22090.25,22389.25,3520.0,96.82410423452768,1
303,2024-12-16T12:05:00.000000,2024-12-16T12:10:00.000000,2024-12-16T14:05:00.000000,2024,2024-12-16,LONG,fib50,1.0,22243.75,21903.0,22584.5,340.75,LOSS,-94.5,24,200.75,-150.25,time_exit,22232.75,21903.0,22092.0,22397.25,22090.25,22389.25,3520.0,96.82410423452768,1
303,2024-12-16T12:05:00.000000,2024-12-16T12:10:00.000000,2024-12-16T14:05:00.000000,2024,2024-12-16,LONG,fib50,1.5,22243.75,21903.0,22754.875,340.75,LOSS,-94.5,24,200.75,-150.25,time_exit,22232.75,21903.0,22092.0,22397.25,22090.25,22389.25,3520.0,96.82410423452768,1
303,2024-12-16T12:05:00.000000,2024-12-16T12:10:00.000000,2024-12-16T14:05:00.000000,2024,2024-12-16,LONG,fib50,2.0,22243.75,21903.0,22925.25,340.75,LOSS,-94.5,24,200.75,-150.25,time_exit,22232.75,21903.0,22092.0,22397.25,22090.25,22389.25,3520.0,96.82410423452768,1
304,2024-12-16T12:15:00.000000,2024-12-16T12:20:00.000000,2024-12-16T14:15:00.000000,2024,2024-12-16,LONG,fib382,1.0,22215.6785,21903.0,22528.357000000004,312.6785000000018,WIN,227.5714999999982,24,232.0714999999982,-110.9285000000018,time_exit,22232.75,21903.0,22100.0,22405.25,22098.5,22404.0,1721.0,99.10350448247759,1
304,2024-12-16T12:15:00.000000,2024-12-16T12:20:00.000000,2024-12-16T14:15:00.000000,2024,2024-12-16,LONG,fib382,1.5,22215.6785,21903.0,22684.696250000005,312.6785000000018,WIN,227.5714999999982,24,232.0714999999982,-110.9285000000018,time_exit,22232.75,21903.0,22100.0,22405.25,22098.5,22404.0,1721.0,99.10350448247759,1
304,2024-12-16T12:15:00.000000,2024-12-16T12:20:00.000000,2024-12-16T14:15:00.000000,2024,2024-12-16,LONG,fib382,2.0,22215.6785,21903.0,22841.035500000005,312.6785000000018,WIN,227.5714999999982,24,232.0714999999982,-110.9285000000018,time_exit,22232.75,21903.0,22100.0,22405.25,22098.5,22404.0,1721.0,99.10350448247759,1
304,2024-12-16T12:15:00.000000,2024-12-16T12:20:00.000000,2024-12-16T14:15:00.000000,2024,2024-12-16,LONG,fib50,1.0,22251.875,21903.0,22600.75,348.875,WIN,191.375,24,195.875,-147.125,time_exit,22232.75,21903.0,22100.0,22405.25,22098.5,22404.0,1721.0,99.10350448247759,1
304,2024-12-16T12:15:00.000000,2024-12-16T12:20:00.000000,2024-12-16T14:15:00.000000,2024,2024-12-16,LONG,fib50,1.5,22251.875,21903.0,22775.1875,348.875,WIN,191.375,24,195.875,-147.125,time_exit,22232.75,21903.0,22100.0,22405.25,22098.5,22404.0,1721.0,99.10350448247759,1
304,2024-12-16T12:15:00.000000,2024-12-16T12:20:00.000000,2024-12-16T14:15:00.000000,2024,2024-12-16,LONG,fib50,2.0,22251.875,21903.0,22949.625,348.875,WIN,191.375,24,195.875,-147.125,time_exit,22232.75,21903.0,22100.0,22405.25,22098.5,22404.0,1721.0,99.10350448247759,1
305,2024-12-16T12:40:00.000000,2024-12-16T12:45:00.000000,2024-12-16T14:40:00.000000,2024,2024-12-16,LONG,fib382,1.0,22230.333,21903.0,22557.665999999997,327.3329999999987,LOSS,-99.08299999999872,24,219.66700000000128,-125.58299999999872,time_exit,22232.75,21903.0,22118.0,22419.75,22113.25,22419.75,2110.0,98.45024469820555,1
305,2024-12-16T12:40:00.000000,2024-12-16T12:45:00.000000,2024-12-16T14:40:00.000000,2024,2024-12-16,LONG,fib382,1.5,22230.333,21903.0,22721.332499999997,327.3329999999987,LOSS,-99.08299999999872,24,219.66700000000128,-125.58299999999872,time_exit,22232.75,21903.0,22118.0,22419.75,22113.25,22419.75,2110.0,98.45024469820555,1
305,2024-12-16T12:40:00.000000,2024-12-16T12:45:00.000000,2024-12-16T14:40:00.000000,2024,2024-12-16,LONG,fib382,2.0,22230.333,21903.0,22884.998999999996,327.3329999999987,LOSS,-99.08299999999872,24,219.66700000000128,-125.58299999999872,time_exit,22232.75,21903.0,22118.0,22419.75,22113.25,22419.75,2110.0,98.45024469820555,1
305,2024-12-16T12:40:00.000000,2024-12-16T12:45:00.000000,2024-12-16T14:40:00.000000,2024,2024-12-16,LONG,fib50,1.0,22266.5,21903.0,22630.0,363.5,LOSS,-135.25,24,183.5,-161.75,time_exit,22232.75,21903.0,22118.0,22419.75,22113.25,22419.75,2110.0,98.45024469820555,1
305,2024-12-16T12:40:00.000000,2024-12-16T12:45:00.000000,2024-12-16T14:40:00.000000,2024,2024-12-16,LONG,fib50,1.5,22266.5,21903.0,22811.75,363.5,LOSS,-135.25,24,183.5,-161.75,time_exit,22232.75,21903.0,22118.0,22419.75,22113.25,22419.75,2110.0,98.45024469820555,1
305,2024-12-16T12:40:00.000000,2024-12-16T12:45:00.000000,2024-12-16T14:40:00.000000,2024,2024-12-16,LONG,fib50,2.0,22266.5,21903.0,22993.5,363.5,LOSS,-135.25,24,183.5,-161.75,time_exit,22232.75,21903.0,22118.0,22419.75,22113.25,22419.75,2110.0,98.45024469820555,1
306,2024-12-16T14:20:00.000000,2024-12-16T14:25:00.000000,2024-12-16T17:20:00.000000,2024,2024-12-16,LONG,fib382,1.0,22261.0465,21903.0,22619.093,358.0465000000004,WIN,131.20349999999962,24,188.95349999999962,-172.29650000000038,time_exit,22232.75,21903.0,22146.25,22450.0,22144.25,22435.5,2736.0,94.6034341782502,1
306,2024-12-16T14:20:00.000000,2024-12-16T14:25:00.000000,2024-12-16T17:20:00.000000,2024,2024-12-16,LONG,fib382,1.5,22261.0465,21903.0,22798.11625,358.0465000000004,WIN,131.20349999999962,24,188.95349999999962,-172.29650000000038,time_exit,22232.75,21903.0,22146.25,22450.0,22144.25,22435.5,2736.0,94.6034341782502,1
306,2024-12-16T14:20:00.000000,2024-12-16T14:25:00.000000,2024-12-16T17:20:00.000000,2024,2024-12-16,LONG,fib382,2.0,22261.0465,21903.0,22977.1395,358.0465000000004,WIN,131.20349999999962,24,188.95349999999962,-172.29650000000038,time_exit,22232.75,21903.0,22146.25,22450.0,22144.25,22435.5,2736.0,94.6034341782502,1
306,2024-12-16T14:20:00.000000,2024-12-16T14:25:00.000000,2024-12-16T17:20:00.000000,2024,2024-12-16,LONG,fib50,1.0,22297.125,21903.0,22691.25,394.125,WIN,95.125,24,152.875,-208.375,time_exit,22232.75,21903.0,22146.25,22450.0,22144.25,22435.5,2736.0,94.6034341782502,1
306,2024-12-16T14:20:00.000000,2024-12-16T14:25:00.000000,2024-12-16T17:20:00.000000,2024,2024-12-16,LONG,fib50,1.5,22297.125,21903.0,22888.3125,394.125,WIN,95.125,24,152.875,-208.375,time_exit,22232.75,21903.0,22146.25,22450.0,22144.25,22435.5,2736.0,94.6034341782502,1
306,2024-12-16T14:20:00.000000,2024-12-16T14:25:00.000000,2024-12-16T17:20:00.000000,2024,2024-12-16,LONG,fib50,2.0,22297.125,21903.0,23085.375,394.125,WIN,95.125,24,152.875,-208.375,time_exit,22232.75,21903.0,22146.25,22450.0,22144.25,22435.5,2736.0,94.6034341782502,1
307,2024-12-16T14:45:00.000000,2024-12-16T14:50:00.000000,2024-12-16T17:45:00.000000,2024,2024-12-16,LONG,fib382,1.0,22228.5325,21903.0,22554.065000000002,325.53250000000116,LOSS,-122.78250000000116,24,187.71749999999884,-139.78250000000116,time_exit,22232.75,21903.0,22131.25,22416.25,22112.5,22410.5,4188.0,91.93415637860082,1
307,2024-12-16T14:45:00.000000,2024-12-16T14:50:00.000000,2024-12-16T17:45:00.000000,2024,2024-12-16,LONG,fib382,1.5,22228.5325,21903.0,22716.831250000003,325.53250000000116,LOSS,-122.78250000000116,24,187.71749999999884,-139.78250000000116,time_exit,22232.75,21903.0,22131.25,22416.25,22112.5,22410.5,4188.0,91.93415637860082,1
307,2024-12-16T14:45:00.000000,2024-12-16T14:50:00.000000,2024-12-16T17:45:00.000000,2024,2024-12-16,LONG,fib382,2.0,22228.5325,21903.0,22879.597500000003,325.53250000000116,LOSS,-122.78250000000116,24,187.71749999999884,-139.78250000000116,time_exit,22232.75,21903.0,22131.25,22416.25,22112.5,22410.5,4188.0,91.93415637860082,1
307,2024-12-16T14:45:00.000000,2024-12-16T14:50:00.000000,2024-12-16T17:45:00.000000,2024,2024-12-16,LONG,fib50,1.0,22264.375,21903.0,22625.75,361.375,LOSS,-158.625,24,151.875,-175.625,time_exit,22232.75,21903.0,22131.25,22416.25,22112.5,22410.5,4188.0,91.93415637860082,1
307,2024-12-16T14:45:00.000000,2024-12-16T14:50:00.000000,2024-12-16T17:45:00.000000,2024,2024-12-16,LONG,fib50,1.5,22264.375,21903.0,22806.4375,361.375,LOSS,-158.625,24,151.875,-175.625,time_exit,22232.75,21903.0,22131.25,22416.25,22112.5,22410.5,4188.0,91.93415637860082,1
307,2024-12-16T14:45:00.000000,2024-12-16T14:50:00.000000,2024-12-16T17:45:00.000000,2024,2024-12-16,LONG,fib50,2.0,22264.375,21903.0,22987.125,361.375,LOSS,-158.625,24,151.875,-175.625,time_exit,22232.75,21903.0,22131.25,22416.25,22112.5,22410.5,4188.0,91.93415637860082,1
308,2024-12-16T14:50:00.000000,2024-12-16T14:55:00.000000,2024-12-16T17:50:00.000000,2024,2024-12-16,LONG,fib382,1.0,22221.67,21903.0,22540.339999999997,318.66999999999825,WIN,177.58000000000175,24,194.58000000000175,-132.91999999999825,time_exit,22232.75,21903.0,22112.75,22413.25,22103.25,22400.5,5663.0,92.8225806451613,1
308,2024-12-16T14:50:00.000000,2024-12-16T14:55:00.000000,2024-12-16T17:50:00.000000,2024,2024-12-16,LONG,fib382,1.5,22221.67,21903.0,22699.674999999996,318.66999999999825,WIN,177.58000000000175,24,194.58000000000175,-132.91999999999825,time_exit,22232.75,21903.0,22112.75,22413.25,22103.25,22400.5,5663.0,92.8225806451613,1
308,2024-12-16T14:50:00.000000,2024-12-16T14:55:00.000000,2024-12-16T17:50:00.000000,2024,2024-12-16,LONG,fib382,2.0,22221.67,21903.0,22859.009999999995,318.66999999999825,WIN,177.58000000000175,24,194.58000000000175,-132.91999999999825,time_exit,22232.75,21903.0,22112.75,22413.25,22103.25,22400.5,5663.0,92.8225806451613,1
308,2024-12-16T14:50:00.000000,2024-12-16T14:55:00.000000,2024-12-16T17:50:00.000000,2024,2024-12-16,LONG,fib50,1.0,22258.25,21903.0,22613.5,355.25,WIN,141.0,24,158.0,-169.5,time_exit,22232.75,21903.0,22112.75,22413.25,22103.25,22400.5,5663.0,92.8225806451613,1
308,2024-12-16T14:50:00.000000,2024-12-16T14:55:00.000000,2024-12-16T17:50:00.000000,2024,2024-12-16,LONG,fib50,1.5,22258.25,21903.0,22791.125,355.25,WIN,141.0,24,158.0,-169.5,time_exit,22232.75,21903.0,22112.75,22413.25,22103.25,22400.5,5663.0,92.8225806451613,1
308,2024-12-16T14:50:00.000000,2024-12-16T14:55:00.000000,2024-12-16T17:50:00.000000,2024,2024-12-16,LONG,fib50,2.0,22258.25,21903.0,22968.75,355.25,WIN,141.0,24,158.0,-169.5,time_exit,22232.75,21903.0,22112.75,22413.25,22103.25,22400.5,5663.0,92.8225806451613,1
309,2024-12-18T13:05:00.000000,,,2024,2024-12-18,SHORT,fib382,1.0,22174.152,22303.25,22045.053999999996,129.09800000000178,NO_ENTRY,0.0,0,0.0,0.0,no_entry_or_no_exit,22303.25,22211.25,22227.25,22227.25,22088.25,22106.25,14953.0,87.05035971223022,-1
309,2024-12-18T13:05:00.000000,,,2024,2024-12-18,SHORT,fib382,1.5,22174.152,22303.25,21980.504999999997,129.09800000000178,NO_ENTRY,0.0,0,0.0,0.0,no_entry_or_no_exit,22303.25,22211.25,22227.25,22227.25,22088.25,22106.25,14953.0,87.05035971223022,-1
309,2024-12-18T13:05:00.000000,,,2024,2024-12-18,SHORT,fib382,2.0,22174.152,22303.25,21915.955999999995,129.09800000000178,NO_ENTRY,0.0,0,0.0,0.0,no_entry_or_no_exit,22303.25,22211.25,22227.25,22227.25,22088.25,22106.25,14953.0,87.05035971223022,-1
309,2024-12-18T13:05:00.000000,2024-12-18T13:20:00.000000,2024-12-18T13:45:00.000000,2024,2024-12-18,SHORT,fib50,1.0,22157.75,22303.25,22012.25,145.5,WIN,145.5,6,191.25,-6.25,target,22303.25,22211.25,22227.25,22227.25,22088.25,22106.25,14953.0,87.05035971223022,-1
309,2024-12-18T13:05:00.000000,2024-12-18T13:20:00.000000,2024-12-18T13:55:00.000000,2024,2024-12-18,SHORT,fib50,1.5,22157.75,22303.25,21939.5,145.5,WIN,218.25,8,255.25,-6.25,target,22303.25,22211.25,22227.25,22227.25,22088.25,22106.25,14953.0,87.05035971223022,-1
309,2024-12-18T13:05:00.000000,2024-12-18T13:20:00.000000,2024-12-18T14:00:00.000000,2024,2024-12-18,SHORT,fib50,2.0,22157.75,22303.25,21866.75,145.5,WIN,291.0,9,347.0,-6.25,target,22303.25,22211.25,22227.25,22227.25,22088.25,22106.25,14953.0,87.05035971223022,-1
310,2024-12-18T14:00:00.000000,2024-12-18T14:05:00.000000,2024-12-18T14:40:00.000000,2024,2024-12-18,SHORT,fib382,1.0,21888.0,22303.25,21472.75,415.25,WIN,415.25,8,438.75,-7.25,target,22303.25,22211.25,21915.0,21935.75,21810.75,21816.0,11968.0,79.2,-1
310,2024-12-18T14:00:00.000000,2024-12-18T14:05:00.000000,2024-12-18T17:00:00.000000,2024,2024-12-18,SHORT,fib382,1.5,21888.0,22303.25,21265.125,415.25,WIN,373.25,24,577.0,-7.25,time_exit,22303.25,22211.25,21915.0,21935.75,21810.75,21816.0,11968.0,79.2,-1
310,2024-12-18T14:00:00.000000,2024-12-18T14:05:00.000000,2024-12-18T17:00:00.000000,2024,2024-12-18,SHORT,fib382,2.0,21888.0,22303.25,21057.5,415.25,WIN,373.25,24,577.0,-7.25,time_exit,22303.25,22211.25,21915.0,21935.75,21810.75,21816.0,11968.0,79.2,-1
310,2024-12-18T14:00:00.000000,2024-12-18T14:05:00.000000,2024-12-18T14:45:00.000000,2024,2024-12-18,SHORT,fib50,1.0,21873.25,22303.25,21443.25,430.0,WIN,430.0,9,443.25,-22.0,target,22303.25,22211.25,21915.0,21935.75,21810.75,21816.0,11968.0,79.2,-1
310,2024-12-18T14:00:00.000000,2024-12-18T14:05:00.000000,2024-12-18T17:00:00.000000,2024,2024-12-18,SHORT,fib50,1.5,21873.25,22303.25,21228.25,430.0,WIN,358.5,24,562.25,-22.0,time_exit,22303.25,22211.25,21915.0,21935.75,21810.75,21816.0,11968.0,79.2,-1
310,2024-12-18T14:00:00.000000,2024-12-18T14:05:00.000000,2024-12-18T17:00:00.000000,2024,2024-12-18,SHORT,fib50,2.0,21873.25,22303.25,21013.25,430.0,WIN,358.5,24,562.25,-22.0,time_exit,22303.25,22211.25,21915.0,21935.75,21810.75,21816.0,11968.0,79.2,-1
311,2024-12-18T14:25:00.000000,,,2024,2024-12-18,SHORT,fib382,1.0,21774.89,22303.25,21246.53,528.3600000000006,NO_ENTRY,0.0,0,0.0,0.0,no_entry_or_no_exit,22303.25,22211.25,21809.5,21815.0,21710.0,21722.25,11740.0,83.0952380952381,-1
311,2024-12-18T14:25:00.000000,,,2024,2024-12-18,SHORT,fib382,1.5,21774.89,22303.25,20982.35,528.3600000000006,NO_ENTRY,0.0,0,0.0,0.0,no_entry_or_no_exit,22303.25,22211.25,21809.5,21815.0,21710.0,21722.25,11740.0,83.0952380952381,-1
311,2024-12-18T14:25:00.000000,,,2024,2024-12-18,SHORT,fib382,2.0,21774.89,22303.25,20718.17,528.3600000000006,NO_ENTRY,0.0,0,0.0,0.0,no_entry_or_no_exit,22303.25,22211.25,21809.5,21815.0,21710.0,21722.25,11740.0,83.0952380952381,-1
311,2024-12-18T14:25:00.000000,2024-12-18T14:30:00.000000,2024-12-18T17:25:00.000000,2024,2024-12-18,SHORT,fib50,1.0,21762.5,22303.25,21221.75,540.75,WIN,219.0,24,451.5,-6.0,time_exit,22303.25,22211.25,21809.5,21815.0,21710.0,21722.25,11740.0,83.0952380952381,-1
311,2024-12-18T14:25:00.000000,2024-12-18T14:30:00.000000,2024-12-18T17:25:00.000000,2024,2024-12-18,SHORT,fib50,1.5,21762.5,22303.25,20951.375,540.75,WIN,219.0,24,451.5,-6.0,time_exit,22303.25,22211.25,21809.5,21815.0,21710.0,21722.25,11740.0,83.0952380952381,-1
311,2024-12-18T14:25:00.000000,2024-12-18T14:30:00.000000,2024-12-18T17:25:00.000000,2024,2024-12-18,SHORT,fib50,2.0,21762.5,22303.25,20681.0,540.75,WIN,219.0,24,451.5,-6.0,time_exit,22303.25,22211.25,21809.5,21815.0,21710.0,21722.25,11740.0,83.0952380952381,-1
312,2024-12-18T14:35:00.000000,2024-12-18T14:50:00.000000,2024-12-18T17:45:00.000000,2024,2024-12-18,SHORT,fib382,1.0,21634.731,22303.25,20966.212,668.5190000000002,WIN,154.73099999999977,24,323.73099999999977,-55.01900000000023,time_exit,22303.25,22211.25,21687.25,21693.75,21539.25,21546.0,15497.0,91.42394822006472,-1
312,2024-12-18T14:35:00.000000,2024-12-18T14:50:00.000000,2024-12-18T17:45:00.000000,2024,2024-12-18,SHORT,fib382,1.5,21634.731,22303.25,20631.9525,668.5190000000002,WIN,154.73099999999977,24,323.73099999999977,-55.01900000000023,time_exit,22303.25,22211.25,21687.25,21693.75,21539.25,21546.0,15497.0,91.42394822006472,-1
312,2024-12-18T14:35:00.000000,2024-12-18T14:50:00.000000,2024-12-18T17:45:00.000000,2024,2024-12-18,SHORT,fib382,2.0,21634.731,22303.25,20297.693,668.5190000000002,WIN,154.73099999999977,24,323.73099999999977,-55.01900000000023,time_exit,22303.25,22211.25,21687.25,21693.75,21539.25,21546.0,15497.0,91.42394822006472,-1
312,2024-12-18T14:35:00.000000,2024-12-18T14:45:00.000000,2024-12-18T17:40:00.000000,2024,2024-12-18,SHORT,fib50,1.0,21616.5,22303.25,20929.75,686.75,WIN,141.5,24,305.5,-73.25,time_exit,22303.25,22211.25,21687.25,21693.75,21539.25,21546.0,15497.0,91.42394822006472,-1
312,2024-12-18T14:35:00.000000,2024-12-18T14:45:00.000000,2024-12-18T17:40:00.000000,2024,2024-12-18,SHORT,fib50,1.5,21616.5,22303.25,20586.375,686.75,WIN,141.5,24,305.5,-73.25,time_exit,22303.25,22211.25,21687.25,21693.75,21539.25,21546.0,15497.0,91.42394822006472,-1
312,2024-12-18T14:35:00.000000,2024-12-18T14:45:00.000000,2024-12-18T17:40:00.000000,2024,2024-12-18,SHORT,fib50,2.0,21616.5,22303.25,20243.0,686.75,WIN,141.5,24,305.5,-73.25,time_exit,22303.25,22211.25,21687.25,21693.75,21539.25,21546.0,15497.0,91.42394822006472,-1
313,2024-12-18T14:40:00.000000,2024-12-18T14:45:00.000000,2024-12-18T17:40:00.000000,2024,2024-12-18,SHORT,fib382,1.0,21508.4235,22303.25,20713.597,794.8264999999992,WIN,33.423500000000786,24,197.4235000000008,-181.3264999999992,time_exit,22303.25,22211.25,21545.0,21545.0,21449.25,21459.25,18390.0,89.55613577023499,-1
313,2024-12-18T14:40:00.000000,2024-12-18T14:45:00.000000,2024-12-18T17:40:00.000000,2024,2024-12-18,SHORT,fib382,1.5,21508.4235,22303.25,20316.183750000004,794.8264999999992,WIN,33.423500000000786,24,197.4235000000008,-181.3264999999992,time_exit,22303.25,22211.25,21545.0,21545.0,21449.25,21459.25,18390.0,89.55613577023499,-1
313,2024-12-18T14:40:00.000000,2024-12-18T14:45:00.000000,2024-12-18T17:40:00.000000,2024,2024-12-18,SHORT,fib382,2.0,21508.4235,22303.25,19918.770500000002,794.8264999999992,WIN,33.423500000000786,24,197.4235000000008,-181.3264999999992,time_exit,22303.25,22211.25,21545.0,21545.0,21449.25,21459.25,18390.0,89.55613577023499,-1
313,2024-12-18T14:40:00.000000,2024-12-18T14:45:00.000000,2024-12-18T17:40:00.000000,2024,2024-12-18,SHORT,fib50,1.0,21497.125,22303.25,20691.0,806.125,WIN,22.125,24,186.125,-192.625,time_exit,22303.25,22211.25,21545.0,21545.0,21449.25,21459.25,18390.0,89.55613577023499,-1
313,2024-12-18T14:40:00.000000,2024-12-18T14:45:00.000000,2024-12-18T17:40:00.000000,2024,2024-12-18,SHORT,fib50,1.5,21497.125,22303.25,20287.9375,806.125,WIN,22.125,24,186.125,-192.625,time_exit,22303.25,22211.25,21545.0,21545.0,21449.25,21459.25,18390.0,89.55613577023499,-1
313,2024-12-18T14:40:00.000000,2024-12-18T14:45:00.000000,2024-12-18T17:40:00.000000,2024,2024-12-18,SHORT,fib50,2.0,21497.125,22303.25,19884.875,806.125,WIN,22.125,24,186.125,-192.625,time_exit,22303.25,22211.25,21545.0,21545.0,21449.25,21459.25,18390.0,89.55613577023499,-1
315,2024-12-19T09:20:00.000000,2024-12-19T10:20:00.000000,2024-12-19T11:20:00.000000,2024,2024-12-19,SHORT,fib382,1.0,21590.547,21697.75,21483.343999999997,107.20300000000134,WIN,107.20300000000134,13,121.79699999999866,-38.20300000000134,target,21697.75,21568.0,21616.25,21625.5,21534.0,21541.5,9192.0,81.69398907103826,-1
315,2024-12-19T09:20:00.000000,2024-12-19T10:20:00.000000,2024-12-19T12:15:00.000000,2024,2024-12-19,SHORT,fib382,1.5,21590.547,21697.75,21429.742499999997,107.20300000000134,WIN,86.79699999999866,24,158.04699999999866,-38.20300000000134,time_exit,21697.75,21568.0,21616.25,21625.5,21534.0,21541.5,9192.0,81.69398907103826,-1
315,2024-12-19T09:20:00.000000,2024-12-19T10:20:00.000000,2024-12-19T12:15:00.000000,2024,2024-12-19,SHORT,fib382,2.0,21590.547,21697.75,21376.140999999996,107.20300000000134,WIN,86.79699999999866,24,158.04699999999866,-38.20300000000134,time_exit,21697.75,21568.0,21616.25,21625.5,21534.0,21541.5,9192.0,81.69398907103826,-1
315,2024-12-19T09:20:00.000000,2024-12-19T09:25:00.000000,2024-12-19T10:05:00.000000,2024,2024-12-19,SHORT,fib50,1.0,21579.75,21697.75,21461.75,118.0,WIN,118.0,9,118.75,-4.25,target,21697.75,21568.0,21616.25,21625.5,21534.0,21541.5,9192.0,81.69398907103826,-1
315,2024-12-19T09:20:00.000000,2024-12-19T09:25:00.000000,2024-12-19T11:20:00.000000,2024,2024-12-19,SHORT,fib50,1.5,21579.75,21697.75,21402.75,118.0,WIN,94.0,24,118.75,-49.0,time_exit,21697.75,21568.0,21616.25,21625.5,21534.0,21541.5,9192.0,81.69398907103826,-1
315,2024-12-19T09:20:00.000000,2024-12-19T09:25:00.000000,2024-12-19T11:20:00.000000,2024,2024-12-19,SHORT,fib50,2.0,21579.75,21697.75,21343.75,118.0,WIN,94.0,24,118.75,-49.0,time_exit,21697.75,21568.0,21616.25,21625.5,21534.0,21541.5,9192.0,81.69398907103826,-1
316,2024-12-20T09:25:00.000000,,,2024,2024-12-20,LONG,fib382,1.0,21408.2565,21184.25,21632.263,224.0064999999995,NO_ENTRY,0.0,0,0.0,0.0,no_entry_or_no_exit,21309.0,21184.25,21387.0,21461.25,21375.5,21457.75,11373.0,82.5072886297376,1
316,2024-12-20T09:25:00.000000,,,2024,2024-12-20,LONG,fib382,1.5,21408.2565,21184.25,21744.26625,224.0064999999995,NO_ENTRY,0.0,0,0.0,0.0,no_entry_or_no_exit,21309.0,21184.25,21387.0,21461.25,21375.5,21457.75,11373.0,82.5072886297376,1
316,2024-12-20T09:25:00.000000,,,2024,2024-12-20,LONG,fib382,2.0,21408.2565,21184.25,21856.2695,224.0064999999995,NO_ENTRY,0.0,0,0.0,0.0,no_entry_or_no_exit,21309.0,21184.25,21387.0,21461.25,21375.5,21457.75,11373.0,82.5072886297376,1
316,2024-12-20T09:25:00.000000,,,2024,2024-12-20,LONG,fib50,1.0,21418.375,21184.25,21652.5,234.125,NO_ENTRY,0.0,0,0.0,0.0,no_entry_or_no_exit,21309.0,21184.25,21387.0,21461.25,21375.5,21457.75,11373.0,82.5072886297376,1
316,2024-12-20T09:25:00.000000,,,2024,2024-12-20,LONG,fib50,1.5,21418.375,21184.25,21769.5625,234.125,NO_ENTRY,0.0,0,0.0,0.0,no_entry_or_no_exit,21309.0,21184.25,21387.0,21461.25,21375.5,21457.75,11373.0,82.5072886297376,1
316,2024-12-20T09:25:00.000000,,,2024,2024-12-20,LONG,fib50,2.0,21418.375,21184.25,21886.625,234.125,NO_ENTRY,0.0,0,0.0,0.0,no_entry_or_no_exit,21309.0,21184.25,21387.0,21461.25,21375.5,21457.75,11373.0,82.5072886297376,1
317,2024-12-20T10:00:00.000000,,,2024,2024-12-20,LONG,fib382,1.0,21540.363,21184.25,21896.476000000002,356.1130000000012,NO_ENTRY,0.0,0,0.0,0.0,no_entry_or_no_exit,21309.0,21184.25,21513.75,21600.0,21503.5,21598.75,10399.0,88.08290155440415,1
317,2024-12-20T10:00:00.000000,,,2024,2024-12-20,LONG,fib382,1.5,21540.363,21184.25,22074.5325,356.1130000000012,NO_ENTRY,0.0,0,0.0,0.0,no_entry_or_no_exit,21309.0,21184.25,21513.75,21600.0,21503.5,21598.75,10399.0,88.08290155440415,1
317,2024-12-20T10:00:00.000000,,,2024,2024-12-20,LONG,fib382,2.0,21540.363,21184.25,22252.589000000004,356.1130000000012,NO_ENTRY,0.0,0,0.0,0.0,no_entry_or_no_exit,21309.0,21184.25,21513.75,21600.0,21503.5,21598.75,10399.0,88.08290155440415,1
317,2024-12-20T10:00:00.000000,,,2024,2024-12-20,LONG,fib50,1.0,21551.75,21184.25,21919.25,367.5,NO_ENTRY,0.0,0,0.0,0.0,no_entry_or_no_exit,21309.0,21184.25,21513.75,21600.0,21503.5,21598.75,10399.0,88.08290155440415,1
317,2024-12-20T10:00:00.000000,,,2024,2024-12-20,LONG,fib50,1.5,21551.75,21184.25,22103.0,367.5,NO_ENTRY,0.0,0,0.0,0.0,no_entry_or_no_exit,21309.0,21184.25,21513.75,21600.0,21503.5,21598.75,10399.0,88.08290155440415,1
317,2024-12-20T10:00:00.000000,,,2024,2024-12-20,LONG,fib50,2.0,21551.75,21184.25,22286.75,367.5,NO_ENTRY,0.0,0,0.0,0.0,no_entry_or_no_exit,21309.0,21184.25,21513.75,21600.0,21503.5,21598.75,10399.0,88.08290155440415,1
318,2024-12-20T10:35:00.000000,2024-12-20T10:50:00.000000,2024-12-20T12:45:00.000000,2024,2024-12-20,LONG,fib382,1.0,21708.4025,21184.25,22232.555,524.1525000000001,LOSS,-40.402500000000146,24,103.84749999999985,-45.402500000000146,time_exit,21309.0,21184.25,21677.75,21763.25,21674.5,21762.75,10042.0,95.77464788732394,1
318,2024-12-20T10:35:00.000000,2024-12-20T10:50:00.000000,2024-12-20T12:45:00.000000,2024,2024-12-20,LONG,fib382,1.5,21708.4025,21184.25,22494.63125,524.1525000000001,LOSS,-40.402500000000146,24,103.84749999999985,-45.402500000000146,time_exit,21309.0,21184.25,21677.75,21763.25,21674.5,21762.75,10042.0,95.77464788732394,1
318,2024-12-20T10:35:00.000000,2024-12-20T10:50:00.000000,2024-12-20T12:45:00.000000,2024,2024-12-20,LONG,fib382,2.0,21708.4025,21184.25,22756.7075,524.1525000000001,LOSS,-40.402500000000146,24,103.84749999999985,-45.402500000000146,time_exit,21309.0,21184.25,21677.75,21763.25,21674.5,21762.75,10042.0,95.77464788732394,1
318,2024-12-20T10:35:00.000000,2024-12-20T10:50:00.000000,2024-12-20T12:45:00.000000,2024,2024-12-20,LONG,fib50,1.0,21718.875,21184.25,22253.5,534.625,LOSS,-50.875,24,93.375,-55.875,time_exit,21309.0,21184.25,21677.75,21763.25,21674.5,21762.75,10042.0,95.77464788732394,1
318,2024-12-20T10:35:00.000000,2024-12-20T10:50:00.000000,2024-12-20T12:45:00.000000,2024,2024-12-20,LONG,fib50,1.5,21718.875,21184.25,22520.8125,534.625,LOSS,-50.875,24,93.375,-55.875,time_exit,21309.0,21184.25,21677.75,21763.25,21674.5,21762.75,10042.0,95.77464788732394,1
318,2024-12-20T10:35:00.000000,2024-12-20T10:50:00.000000,2024-12-20T12:45:00.000000,2024,2024-12-20,LONG,fib50,2.0,21718.875,21184.25,22788.125,534.625,LOSS,-50.875,24,93.375,-55.875,time_exit,21309.0,21184.25,21677.75,21763.25,21674.5,21762.75,10042.0,95.77464788732394,1
319,2024-12-23T09:05:00.000000,2024-12-23T09:15:00.000000,2024-12-23T10:40:00.000000,2024,2024-12-23,SHORT,fib382,1.0,21564.3895,21675.5,21453.279000000002,111.11049999999886,LOSS,-111.11049999999886,18,46.139500000001135,-116.86049999999886,stop,21675.5,21606.5,21587.25,21596.0,21513.25,21514.75,11163.0,87.61329305135952,-1
319,2024-12-23T09:05:00.000000,2024-12-23T09:15:00.000000,2024-12-23T10:40:00.000000,2024,2024-12-23,SHORT,fib382,1.5,21564.3895,21675.5,21397.723750000005,111.11049999999886,LOSS,-111.11049999999886,18,46.139500000001135,-116.86049999999886,stop,21675.5,21606.5,21587.25,21596.0,21513.25,21514.75,11163.0,87.61329305135952,-1
319,2024-12-23T09:05:00.000000,2024-12-23T09:15:00.000000,2024-12-23T10:40:00.000000,2024,2024-12-23,SHORT,fib382,2.0,21564.3895,21675.5,21342.168500000003,111.11049999999886,LOSS,-111.11049999999886,18,46.139500000001135,-116.86049999999886,stop,21675.5,21606.5,21587.25,21596.0,21513.25,21514.75,11163.0,87.61329305135952,-1
319,2024-12-23T09:05:00.000000,2024-12-23T09:15:00.000000,2024-12-23T10:40:00.000000,2024,2024-12-23,SHORT,fib50,1.0,21554.625,21675.5,21433.75,120.875,LOSS,-120.875,18,36.375,-126.625,stop,21675.5,21606.5,21587.25,21596.0,21513.25,21514.75,11163.0,87.61329305135952,-1
319,2024-12-23T09:05:00.000000,2024-12-23T09:15:00.000000,2024-12-23T10:40:00.000000,2024,2024-12-23,SHORT,fib50,1.5,21554.625,21675.5,21373.3125,120.875,LOSS,-120.875,18,36.375,-126.625,stop,21675.5,21606.5,21587.25,21596.0,21513.25,21514.75,11163.0,87.61329305135952,-1
319,2024-12-23T09:05:00.000000,2024-12-23T09:15:00.000000,2024-12-23T10:40:00.000000,2024,2024-12-23,SHORT,fib50,2.0,21554.625,21675.5,21312.875,120.875,LOSS,-120.875,18,36.375,-126.625,stop,21675.5,21606.5,21587.25,21596.0,21513.25,21514.75,11163.0,87.61329305135952,-1
320,2024-12-26T08:50:00.000000,2024-12-26T08:55:00.000000,2024-12-26T09:35:00.000000,2024,2024-12-26,SHORT,fib382,1.0,21923.398,22008.0,21838.796000000002,84.60199999999895,LOSS,-84.60199999999895,9,41.64800000000105,-87.60199999999895,stop,22008.0,21956.0,21953.75,21956.25,21870.25,21881.75,12356.0,83.72093023255815,-1
320,2024-12-26T08:50:00.000000,2024-12-26T08:55:00.000000,2024-12-26T09:35:00.000000,2024,2024-12-26,SHORT,fib382,1.5,21923.398,22008.0,21796.495000000003,84.60199999999895,LOSS,-84.60199999999895,9,41.64800000000105,-87.60199999999895,stop,22008.0,21956.0,21953.75,21956.25,21870.25,21881.75,12356.0,83.72093023255815,-1
320,2024-12-26T08:50:00.000000,2024-12-26T08:55:00.000000,2024-12-26T09:35:00.000000,2024,2024-12-26,SHORT,fib382,2.0,21923.398,22008.0,21754.194000000003,84.60199999999895,LOSS,-84.60199999999895,9,41.64800000000105,-87.60199999999895,stop,22008.0,21956.0,21953.75,21956.25,21870.25,21881.75,12356.0,83.72093023255815,-1
320,2024-12-26T08:50:00.000000,2024-12-26T08:55:00.000000,2024-12-26T09:35:00.000000,2024,2024-12-26,SHORT,fib50,1.0,21913.25,22008.0,21818.5,94.75,LOSS,-94.75,9,31.5,-97.75,stop,22008.0,21956.0,21953.75,21956.25,21870.25,21881.75,12356.0,83.72093023255815,-1
320,2024-12-26T08:50:00.000000,2024-12-26T08:55:00.000000,2024-12-26T09:35:00.000000,2024,2024-12-26,SHORT,fib50,1.5,21913.25,22008.0,21771.125,94.75,LOSS,-94.75,9,31.5,-97.75,stop,22008.0,21956.0,21953.75,21956.25,21870.25,21881.75,12356.0,83.72093023255815,-1
320,2024-12-26T08:50:00.000000,2024-12-26T08:55:00.000000,2024-12-26T09:35:00.000000,2024,2024-12-26,SHORT,fib50,2.0,21913.25,22008.0,21723.75,94.75,LOSS,-94.75,9,31.5,-97.75,stop,22008.0,21956.0,21953.75,21956.25,21870.25,21881.75,12356.0,83.72093023255815,-1
321,2024-12-27T09:00:00.000000,2024-12-27T12:50:00.000000,2024-12-27T14:45:00.000000,2024,2024-12-27,SHORT,fib382,1.0,21668.272,21863.0,21473.544,194.72799999999916,WIN,27.022000000000844,24,61.772000000000844,-48.227999999999156,time_exit,21863.0,21681.75,21695.25,21708.0,21604.0,21606.0,15524.0,85.8173076923077,-1
321,2024-12-27T09:00:00.000000,2024-12-27T12:50:00.000000,2024-12-27T14:45:00.000000,2024,2024-12-27,SHORT,fib382,1.5,21668.272,21863.0,21376.18,194.72799999999916,WIN,27.022000000000844,24,61.772000000000844,-48.227999999999156,time_exit,21863.0,21681.75,21695.25,21708.0,21604.0,21606.0,15524.0,85.8173076923077,-1
321,2024-12-27T09:00:00.000000,2024-12-27T12:50:00.000000,2024-12-27T14:45:00.000000,2024,2024-12-27,SHORT,fib382,2.0,21668.272,21863.0,21278.816000000003,194.72799999999916,WIN,27.022000000000844,24,61.772000000000844,-48.227999999999156,time_exit,21863.0,21681.75,21695.25,21708.0,21604.0,21606.0,15524.0,85.8173076923077,-1
321,2024-12-27T09:00:00.000000,2024-12-27T12:50:00.000000,2024-12-27T14:45:00.000000,2024,2024-12-27,SHORT,fib50,1.0,21656.0,21863.0,21449.0,207.0,WIN,14.75,24,49.5,-60.5,time_exit,21863.0,21681.75,21695.25,21708.0,21604.0,21606.0,15524.0,85.8173076923077,-1
321,2024-12-27T09:00:00.000000,2024-12-27T12:50:00.000000,2024-12-27T14:45:00.000000,2024,2024-12-27,SHORT,fib50,1.5,21656.0,21863.0,21345.5,207.0,WIN,14.75,24,49.5,-60.5,time_exit,21863.0,21681.75,21695.25,21708.0,21604.0,21606.0,15524.0,85.8173076923077,-1
321,2024-12-27T09:00:00.000000,2024-12-27T12:50:00.000000,2024-12-27T14:45:00.000000,2024,2024-12-27,SHORT,fib50,2.0,21656.0,21863.0,21242.0,207.0,WIN,14.75,24,49.5,-60.5,time_exit,21863.0,21681.75,21695.25,21708.0,21604.0,21606.0,15524.0,85.8173076923077,-1
322,2024-12-31T09:05:00.000000,2024-12-31T09:15:00.000000,2024-12-31T10:15:00.000000,2024,2024-12-31,SHORT,fib382,1.0,21399.839,21488.5,21311.178,88.66100000000006,WIN,88.66100000000006,13,93.83899999999994,-68.66100000000006,target,21488.5,21368.0,21419.25,21432.5,21347.0,21351.0,8393.0,79.82456140350878,-1
322,2024-12-31T09:05:00.000000,2024-12-31T09:15:00.000000,2024-12-31T11:10:00.000000,2024,2024-12-31,SHORT,fib382,1.5,21399.839,21488.5,21266.8475,88.66100000000006,WIN,83.33899999999994,24,112.83899999999994,-68.66100000000006,time_exit,21488.5,21368.0,21419.25,21432.5,21347.0,21351.0,8393.0,79.82456140350878,-1
322,2024-12-31T09:05:00.000000,2024-12-31T09:15:00.000000,2024-12-31T11:10:00.000000,2024,2024-12-31,SHORT,fib382,2.0,21399.839,21488.5,21222.517,88.66100000000006,WIN,83.33899999999994,24,112.83899999999994,-68.66100000000006,time_exit,21488.5,21368.0,21419.25,21432.5,21347.0,21351.0,8393.0,79.82456140350878,-1
322,2024-12-31T09:05:00.000000,2024-12-31T09:10:00.000000,2024-12-31T10:20:00.000000,2024,2024-12-31,SHORT,fib50,1.0,21389.75,21488.5,21291.0,98.75,WIN,98.75,15,98.75,-78.75,target,21488.5,21368.0,21419.25,21432.5,21347.0,21351.0,8393.0,79.82456140350878,-1
322,2024-12-31T09:05:00.000000,2024-12-31T09:10:00.000000,2024-12-31T11:05:00.000000,2024,2024-12-31,SHORT,fib50,1.5,21389.75,21488.5,21241.625,98.75,WIN,52.75,24,102.75,-78.75,time_exit,21488.5,21368.0,21419.25,21432.5,21347.0,21351.0,8393.0,79.82456140350878,-1
322,2024-12-31T09:05:00.000000,2024-12-31T09:10:00.000000,2024-12-31T11:05:00.000000,2024,2024-12-31,SHORT,fib50,2.0,21389.75,21488.5,21192.25,98.75,WIN,52.75,24,102.75,-78.75,time_exit,21488.5,21368.0,21419.25,21432.5,21347.0,21351.0,8393.0,79.82456140350878,-1
323,2024-12-31T14:50:00.000000,,,2024,2024-12-31,SHORT,fib382,1.0,21259.131,21488.5,21029.762000000002,229.36899999999878,NO_ENTRY,0.0,0,0.0,0.0,no_entry_or_no_exit,21488.5,21368.0,21289.0,21289.5,21210.0,21211.75,10012.0,97.16981132075472,-1
323,2024-12-31T14:50:00.000000,,,2024,2024-12-31,SHORT,fib382,1.5,21259.131,21488.5,20915.077500000003,229.36899999999878,NO_ENTRY,0.0,0,0.0,0.0,no_entry_or_no_exit,21488.5,21368.0,21289.0,21289.5,21210.0,21211.75,10012.0,97.16981132075472,-1
323,2024-12-31T14:50:00.000000,,,2024,2024-12-31,SHORT,fib382,2.0,21259.131,21488.5,20800.393000000004,229.36899999999878,NO_ENTRY,0.0,0,0.0,0.0,no_entry_or_no_exit,21488.5,21368.0,21289.0,21289.5,21210.0,21211.75,10012.0,97.16981132075472,-1
323,2024-12-31T14:50:00.000000,,,2024,2024-12-31,SHORT,fib50,1.0,21249.75,21488.5,21011.0,238.75,NO_ENTRY,0.0,0,0.0,0.0,no_entry_or_no_exit,21488.5,21368.0,21289.0,21289.5,21210.0,21211.75,10012.0,97.16981132075472,-1
323,2024-12-31T14:50:00.000000,,,2024,2024-12-31,SHORT,fib50,1.5,21249.75,21488.5,20891.625,238.75,NO_ENTRY,0.0,0,0.0,0.0,no_entry_or_no_exit,21488.5,21368.0,21289.0,21289.5,21210.0,21211.75,10012.0,97.16981132075472,-1
323,2024-12-31T14:50:00.000000,,,2024,2024-12-31,SHORT,fib50,2.0,21249.75,21488.5,20772.25,238.75,NO_ENTRY,0.0,0,0.0,0.0,no_entry_or_no_exit,21488.5,21368.0,21289.0,21289.5,21210.0,21211.75,10012.0,97.16981132075472,-1
324,2025-01-02T11:25:00.000000,2025-01-02T18:10:00.000000,2025-01-02T20:05:00.000000,2025,2025-01-02,SHORT,fib382,1.0,21206.536,21373.0,21040.072,166.46399999999994,LOSS,-20.213999999999942,24,14.536000000000058,-42.46399999999994,time_exit,21373.0,21166.5,21245.25,21245.5,21143.5,21151.5,10698.0,91.91176470588235,-1
324,2025-01-02T11:25:00.000000,2025-01-02T18:10:00.000000,2025-01-02T20:05:00.000000,2025,2025-01-02,SHORT,fib382,1.5,21206.536,21373.0,20956.84,166.46399999999994,LOSS,-20.213999999999942,24,14.536000000000058,-42.46399999999994,time_exit,21373.0,21166.5,21245.25,21245.5,21143.5,21151.5,10698.0,91.91176470588235,-1
324,2025-01-02T11:25:00.000000,2025-01-02T18:10:00.000000,2025-01-02T20:05:00.000000,2025,2025-01-02,SHORT,fib382,2.0,21206.536,21373.0,20873.608,166.46399999999994,LOSS,-20.213999999999942,24,14.536000000000058,-42.46399999999994,time_exit,21373.0,21166.5,21245.25,21245.5,21143.5,21151.5,10698.0,91.91176470588235,-1
324,2025-01-02T11:25:00.000000,2025-01-02T14:30:00.000000,2025-01-02T17:25:00.000000,2025,2025-01-02,SHORT,fib50,1.0,21194.5,21373.0,21016.0,178.5,WIN,34.5,24,74.25,-9.0,time_exit,21373.0,21166.5,21245.25,21245.5,21143.5,21151.5,10698.0,91.91176470588235,-1
324,2025-01-02T11:25:00.000000,2025-01-02T14:30:00.000000,2025-01-02T17:25:00.000000,2025,2025-01-02,SHORT,fib50,1.5,21194.5,21373.0,20926.75,178.5,WIN,34.5,24,74.25,-9.0,time_exit,21373.0,21166.5,21245.25,21245.5,21143.5,21151.5,10698.0,91.91176470588235,-1
324,2025-01-02T11:25:00.000000,2025-01-02T14:30:00.000000,2025-01-02T17:25:00.000000,2025,2025-01-02,SHORT,fib50,2.0,21194.5,21373.0,20837.5,178.5,WIN,34.5,24,74.25,-9.0,time_exit,21373.0,21166.5,21245.25,21245.5,21143.5,21151.5,10698.0,91.91176470588235,-1
325,2025-01-02T12:00:00.000000,2025-01-02T12:05:00.000000,2025-01-02T14:00:00.000000,2025,2025-01-02,SHORT,fib382,1.0,21046.3895,21373.0,20719.779000000002,326.61049999999886,LOSS,-82.61049999999886,24,58.639500000001135,-99.11049999999886,time_exit,21373.0,21166.5,21076.5,21078.0,20995.25,21008.25,7275.0,82.4773413897281,-1
325,2025-01-02T12:00:00.000000,2025-01-02T12:05:00.000000,2025-01-02T14:00:00.000000,2025,2025-01-02,SHORT,fib382,1.5,21046.3895,21373.0,20556.473750000005,326.61049999999886,LOSS,-82.61049999999886,24,58.639500000001135,-99.11049999999886,time_exit,21373.0,21166.5,21076.5,21078.0,20995.25,21008.25,7275.0,82.4773413897281,-1
325,2025-01-02T12:00:00.000000,2025-01-02T12:05:00.000000,2025-01-02T14:00:00.000000,2025,2025-01-02,SHORT,fib382,2.0,21046.3895,21373.0,20393.168500000003,326.61049999999886,LOSS,-82.61049999999886,24,58.639500000001135,-99.11049999999886,time_exit,21373.0,21166.5,21076.5,21078.0,20995.25,21008.25,7275.0,82.4773413897281,-1
325,2025-01-02T12:00:00.000000,2025-01-02T12:05:00.000000,2025-01-02T14:00:00.000000,2025,2025-01-02,SHORT,fib50,1.0,21036.625,21373.0,20700.25,336.375,LOSS,-92.375,24,48.875,-108.875,time_exit,21373.0,21166.5,21076.5,21078.0,20995.25,21008.25,7275.0,82.4773413897281,-1
325,2025-01-02T12:00:00.000000,2025-01-02T12:05:00.000000,2025-01-02T14:00:00.000000,2025,2025-01-02,SHORT,fib50,1.5,21036.625,21373.0,20532.0625,336.375,LOSS,-92.375,24,48.875,-108.875,time_exit,21373.0,21166.5,21076.5,21078.0,20995.25,21008.25,7275.0,82.4773413897281,-1
325,2025-01-02T12:00:00.000000,2025-01-02T12:05:00.000000,2025-01-02T14:00:00.000000,2025,2025-01-02,SHORT,fib50,2.0,21036.625,21373.0,20363.875,336.375,LOSS,-92.375,24,48.875,-108.875,time_exit,21373.0,21166.5,21076.5,21078.0,20995.25,21008.25,7275.0,82.4773413897281,-1
326,2025-01-07T09:00:00.000000,,,2025,2025-01-07,SHORT,fib382,1.0,21667.657,21806.0,21529.314,138.34300000000076,NO_ENTRY,0.0,0,0.0,0.0,no_entry_or_no_exit,21806.0,21695.25,21710.25,21710.25,21598.75,21602.75,22199.0,96.41255605381166,-1
326,2025-01-07T09:00:00.000000,,,2025,2025-01-07,SHORT,fib382,1.5,21667.657,21806.0,21460.142499999998,138.34300000000076,NO_ENTRY,0.0,0,0.0,0.0,no_entry_or_no_exit,21806.0,21695.25,21710.25,21710.25,21598.75,21602.75,22199.0,96.41255605381166,-1
326,2025-01-07T09:00:00.000000,,,2025,2025-01-07,SHORT,fib382,2.0,21667.657,21806.0,21390.970999999998,138.34300000000076,NO_ENTRY,0.0,0,0.0,0.0,no_entry_or_no_exit,21806.0,21695.25,21710.25,21710.25,21598.75,21602.75,22199.0,96.41255605381166,-1
326,2025-01-07T09:00:00.000000,,,2025,2025-01-07,SHORT,fib50,1.0,21654.5,21806.0,21503.0,151.5,NO_ENTRY,0.0,0,0.0,0.0,no_entry_or_no_exit,21806.0,21695.25,21710.25,21710.25,21598.75,21602.75,22199.0,96.41255605381166,-1
326,2025-01-07T09:00:00.000000,,,2025,2025-01-07,SHORT,fib50,1.5,21654.5,21806.0,21427.25,151.5,NO_ENTRY,0.0,0,0.0,0.0,no_entry_or_no_exit,21806.0,21695.25,21710.25,21710.25,21598.75,21602.75,22199.0,96.41255605381166,-1
326,2025-01-07T09:00:00.000000,,,2025,2025-01-07,SHORT,fib50,2.0,21654.5,21806.0,21351.5,151.5,NO_ENTRY,0.0,0,0.0,0.0,no_entry_or_no_exit,21806.0,21695.25,21710.25,21710.25,21598.75,21602.75,22199.0,96.41255605381166,-1
327,2025-01-07T09:30:00.000000,2025-01-07T09:55:00.000000,2025-01-07T11:50:00.000000,2025,2025-01-07,SHORT,fib382,1.0,21548.05,21806.0,21290.1,257.9500000000007,WIN,132.79999999999927,24,161.04999999999927,-25.200000000000728,time_exit,21806.0,21695.25,21577.0,21586.25,21486.25,21507.5,15221.0,69.5,-1
327,2025-01-07T09:30:00.000000,2025-01-07T09:55:00.000000,2025-01-07T11:50:00.000000,2025,2025-01-07,SHORT,fib382,1.5,21548.05,21806.0,21161.125,257.9500000000007,WIN,132.79999999999927,24,161.04999999999927,-25.200000000000728,time_exit,21806.0,21695.25,21577.0,21586.25,21486.25,21507.5,15221.0,69.5,-1
327,2025-01-07T09:30:00.000000,2025-01-07T09:55:00.000000,2025-01-07T11:50:00.000000,2025,2025-01-07,SHORT,fib382,2.0,21548.05,21806.0,21032.149999999998,257.9500000000007,WIN,132.79999999999927,24,161.04999999999927,-25.200000000000728,time_exit,21806.0,21695.25,21577.0,21586.25,21486.25,21507.5,15221.0,69.5,-1
327,2025-01-07T09:30:00.000000,2025-01-07T09:55:00.000000,2025-01-07T11:50:00.000000,2025,2025-01-07,SHORT,fib50,1.0,21536.25,21806.0,21266.5,269.75,WIN,121.0,24,149.25,-37.0,time_exit,21806.0,21695.25,21577.0,21586.25,21486.25,21507.5,15221.0,69.5,-1
327,2025-01-07T09:30:00.000000,2025-01-07T09:55:00.000000,2025-01-07T11:50:00.000000,2025,2025-01-07,SHORT,fib50,1.5,21536.25,21806.0,21131.625,269.75,WIN,121.0,24,149.25,-37.0,time_exit,21806.0,21695.25,21577.0,21586.25,21486.25,21507.5,15221.0,69.5,-1
327,2025-01-07T09:30:00.000000,2025-01-07T09:55:00.000000,2025-01-07T11:50:00.000000,2025,2025-01-07,SHORT,fib50,2.0,21536.25,21806.0,20996.75,269.75,WIN,121.0,24,149.25,-37.0,time_exit,21806.0,21695.25,21577.0,21586.25,21486.25,21507.5,15221.0,69.5,-1
328,2025-01-07T09:35:00.000000,2025-01-07T09:50:00.000000,2025-01-07T11:45:00.000000,2025,2025-01-07,SHORT,fib382,1.0,21481.5275,21806.0,21157.055,324.47249999999985,WIN,73.27750000000015,24,88.27750000000015,-91.72249999999985,time_exit,21806.0,21695.25,21508.0,21519.25,21420.5,21431.75,15490.0,77.21518987341773,-1
328,2025-01-07T09:35:00.000000,2025-01-07T09:50:00.000000,2025-01-07T11:45:00.000000,2025,2025-01-07,SHORT,fib382,1.5,21481.5275,21806.0,20994.81875,324.47249999999985,WIN,73.27750000000015,24,88.27750000000015,-91.72249999999985,time_exit,21806.0,21695.25,21508.0,21519.25,21420.5,21431.75,15490.0,77.21518987341773,-1
328,2025-01-07T09:35:00.000000,2025-01-07T09:50:00.000000,2025-01-07T11:45:00.000000,2025,2025-01-07,SHORT,fib382,2.0,21481.5275,21806.0,20832.5825,324.47249999999985,WIN,73.27750000000015,24,88.27750000000015,-91.72249999999985,time_exit,21806.0,21695.25,21508.0,21519.25,21420.5,21431.75,15490.0,77.21518987341773,-1
328,2025-01-07T09:35:00.000000,2025-01-07T09:50:00.000000,2025-01-07T11:45:00.000000,2025,2025-01-07,SHORT,fib50,1.0,21469.875,21806.0,21133.75,336.125,WIN,61.625,24,76.625,-103.375,time_exit,21806.0,21695.25,21508.0,21519.25,21420.5,21431.75,15490.0,77.21518987341773,-1
328,2025-01-07T09:35:00.000000,2025-01-07T09:50:00.000000,2025-01-07T11:45:00.000000,2025,2025-01-07,SHORT,fib50,1.5,21469.875,21806.0,20965.6875,336.125,WIN,61.625,24,76.625,-103.375,time_exit,21806.0,21695.25,21508.0,21519.25,21420.5,21431.75,15490.0,77.21518987341773,-1
328,2025-01-07T09:35:00.000000,2025-01-07T09:50:00.000000,2025-01-07T11:45:00.000000,2025,2025-01-07,SHORT,fib50,2.0,21469.875,21806.0,20797.625,336.125,WIN,61.625,24,76.625,-103.375,time_exit,21806.0,21695.25,21508.0,21519.25,21420.5,21431.75,15490.0,77.21518987341773,-1
329,2025-01-08T09:10:00.000000,2025-01-08T09:25:00.000000,2025-01-08T10:35:00.000000,2025,2025-01-08,SHORT,fib382,1.0,21318.0675,21384.75,21251.385000000002,66.68249999999898,LOSS,-66.68249999999898,15,44.31750000000102,-85.93249999999898,stop,21384.75,21289.75,21352.5,21367.25,21238.5,21244.25,13149.0,84.07766990291262,-1
329,2025-01-08T09:10:00.000000,2025-01-08T09:25:00.000000,2025-01-08T10:35:00.000000,2025,2025-01-08,SHORT,fib382,1.5,21318.0675,21384.75,21218.043750000004,66.68249999999898,LOSS,-66.68249999999898,15,44.31750000000102,-85.93249999999898,stop,21384.75,21289.75,21352.5,21367.25,21238.5,21244.25,13149.0,84.07766990291262,-1
329,2025-01-08T09:10:00.000000,2025-01-08T09:25:00.000000,2025-01-08T10:35:00.000000,2025,2025-01-08,SHORT,fib382,2.0,21318.0675,21384.75,21184.702500000003,66.68249999999898,LOSS,-66.68249999999898,15,44.31750000000102,-85.93249999999898,stop,21384.75,21289.75,21352.5,21367.25,21238.5,21244.25,13149.0,84.07766990291262,-1
329,2025-01-08T09:10:00.000000,2025-01-08T09:20:00.000000,2025-01-08T10:35:00.000000,2025,2025-01-08,SHORT,fib50,1.0,21302.875,21384.75,21221.0,81.875,LOSS,-81.875,16,62.625,-101.125,stop,21384.75,21289.75,21352.5,21367.25,21238.5,21244.25,13149.0,84.07766990291262,-1
329,2025-01-08T09:10:00.000000,2025-01-08T09:20:00.000000,2025-01-08T10:35:00.000000,2025,2025-01-08,SHORT,fib50,1.5,21302.875,21384.75,21180.0625,81.875,LOSS,-81.875,16,62.625,-101.125,stop,21384.75,21289.75,21352.5,21367.25,21238.5,21244.25,13149.0,84.07766990291262,-1
329,2025-01-08T09:10:00.000000,2025-01-08T09:20:00.000000,2025-01-08T10:35:00.000000,2025,2025-01-08,SHORT,fib50,2.0,21302.875,21384.75,21139.125,81.875,LOSS,-81.875,16,62.625,-101.125,stop,21384.75,21289.75,21352.5,21367.25,21238.5,21244.25,13149.0,84.07766990291262,-1
330,2025-01-08T13:05:00.000000,2025-01-08T13:10:00.000000,2025-01-08T13:20:00.000000,2025,2025-01-08,LONG,fib382,1.0,21344.7145,21289.75,21399.678999999996,54.964499999998225,WIN,54.964499999998225,3,55.285500000001775,-20.964499999998225,target,21384.75,21289.75,21314.25,21394.0,21314.25,21390.75,9500.0,95.92476489028213,1
330,2025-01-08T13:05:00.000000,2025-01-08T13:10:00.000000,2025-01-08T13:25:00.000000,2025,2025-01-08,LONG,fib382,1.5,21344.7145,21289.75,21427.161249999997,54.964499999998225,WIN,82.44674999999734,4,87.03550000000178,-20.964499999998225,target,21384.75,21289.75,21314.25,21394.0,21314.25,21390.75,9500.0,95.92476489028213,1
330,2025-01-08T13:05:00.000000,2025-01-08T13:10:00.000000,2025-01-08T15:05:00.000000,2025,2025-01-08,LONG,fib382,2.0,21344.7145,21289.75,21454.643499999995,54.964499999998225,WIN,16.035500000001775,24,87.03550000000178,-43.464499999998225,time_exit,21384.75,21289.75,21314.25,21394.0,21314.25,21390.75,9500.0,95.92476489028213,1
330,2025-01-08T13:05:00.000000,2025-01-08T13:10:00.000000,2025-01-08T13:25:00.000000,2025,2025-01-08,LONG,fib50,1.0,21354.125,21289.75,21418.5,64.375,WIN,64.375,4,77.625,-30.375,target,21384.75,21289.75,21314.25,21394.0,21314.25,21390.75,9500.0,95.92476489028213,1
330,2025-01-08T13:05:00.000000,2025-01-08T13:10:00.000000,2025-01-08T15:05:00.000000,2025,2025-01-08,LONG,fib50,1.5,21354.125,21289.75,21450.6875,64.375,WIN,6.625,24,77.625,-52.875,time_exit,21384.75,21289.75,21314.25,21394.0,21314.25,21390.75,9500.0,95.92476489028213,1
330,2025-01-08T13:05:00.000000,2025-01-08T13:10:00.000000,2025-01-08T15:05:00.000000,2025,2025-01-08,LONG,fib50,2.0,21354.125,21289.75,21482.875,64.375,WIN,6.625,24,77.625,-52.875,time_exit,21384.75,21289.75,21314.25,21394.0,21314.25,21390.75,9500.0,95.92476489028213,1
331,2025-01-10T08:45:00.000000,2025-01-10T09:45:00.000000,2025-01-10T10:00:00.000000,2025,2025-01-10,SHORT,fib382,1.0,21088.9495,21197.25,20980.648999999998,108.3005000000012,WIN,108.3005000000012,4,145.1994999999988,-34.55050000000119,target,21197.25,21067.75,21121.0,21137.75,21010.0,21035.25,14058.0,67.12328767123287,-1
331,2025-01-10T08:45:00.000000,2025-01-10T09:45:00.000000,2025-01-10T10:15:00.000000,2025,2025-01-10,SHORT,fib382,1.5,21088.9495,21197.25,20926.49875,108.3005000000012,WIN,162.4507500000018,7,164.9494999999988,-34.55050000000119,target,21197.25,21067.75,21121.0,21137.75,21010.0,21035.25,14058.0,67.12328767123287,-1
331,2025-01-10T08:45:00.000000,2025-01-10T09:45:00.000000,2025-01-10T11:40:00.000000,2025,2025-01-10,SHORT,fib382,2.0,21088.9495,21197.25,20872.348499999996,108.3005000000012,WIN,78.1994999999988,24,203.9494999999988,-34.55050000000119,time_exit,21197.25,21067.75,21121.0,21137.75,21010.0,21035.25,14058.0,67.12328767123287,-1
331,2025-01-10T08:45:00.000000,2025-01-10T09:35:00.000000,2025-01-10T10:00:00.000000,2025,2025-01-10,SHORT,fib50,1.0,21073.875,21197.25,20950.5,123.375,WIN,123.375,6,130.125,-49.625,target,21197.25,21067.75,21121.0,21137.75,21010.0,21035.25,14058.0,67.12328767123287,-1
331,2025-01-10T08:45:00.000000,2025-01-10T09:35:00.000000,2025-01-10T10:35:00.000000,2025,2025-01-10,SHORT,fib50,1.5,21073.875,21197.25,20888.8125,123.375,WIN,185.0625,13,188.875,-49.625,target,21197.25,21067.75,21121.0,21137.75,21010.0,21035.25,14058.0,67.12328767123287,-1
331,2025-01-10T08:45:00.000000,2025-01-10T09:35:00.000000,2025-01-10T11:30:00.000000,2025,2025-01-10,SHORT,fib50,2.0,21073.875,21197.25,20827.125,123.375,WIN,107.875,24,188.875,-49.625,time_exit,21197.25,21067.75,21121.0,21137.75,21010.0,21035.25,14058.0,67.12328767123287,-1
332,2025-01-10T09:00:00.000000,2025-01-10T09:25:00.000000,2025-01-10T11:20:00.000000,2025,2025-01-10,SHORT,fib382,1.0,21005.823,21197.25,20814.396,191.42699999999968,WIN,86.82300000000032,24,120.82300000000032,-117.67699999999968,time_exit,21197.25,21067.75,21053.0,21053.0,20929.5,20939.5,18266.0,91.90283400809717,-1
332,2025-01-10T09:00:00.000000,2025-01-10T09:25:00.000000,2025-01-10T11:20:00.000000,2025,2025-01-10,SHORT,fib382,1.5,21005.823,21197.25,20718.682500000003,191.42699999999968,WIN,86.82300000000032,24,120.82300000000032,-117.67699999999968,time_exit,21197.25,21067.75,21053.0,21053.0,20929.5,20939.5,18266.0,91.90283400809717,-1
332,2025-01-10T09:00:00.000000,2025-01-10T09:25:00.000000,2025-01-10T11:20:00.000000,2025,2025-01-10,SHORT,fib382,2.0,21005.823,21197.25,20622.969,191.42699999999968,WIN,86.82300000000032,24,120.82300000000032,-117.67699999999968,time_exit,21197.25,21067.75,21053.0,21053.0,20929.5,20939.5,18266.0,91.90283400809717,-1
332,2025-01-10T09:00:00.000000,2025-01-10T09:20:00.000000,2025-01-10T11:15:00.000000,2025,2025-01-10,SHORT,fib50,1.0,20991.25,21197.25,20785.25,206.0,WIN,61.25,24,106.25,-132.25,time_exit,21197.25,21067.75,21053.0,21053.0,20929.5,20939.5,18266.0,91.90283400809717,-1
332,2025-01-10T09:00:00.000000,2025-01-10T09:20:00.000000,2025-01-10T11:15:00.000000,2025,2025-01-10,SHORT,fib50,1.5,20991.25,21197.25,20682.25,206.0,WIN,61.25,24,106.25,-132.25,time_exit,21197.25,21067.75,21053.0,21053.0,20929.5,20939.5,18266.0,91.90283400809717,-1
332,2025-01-10T09:00:00.000000,2025-01-10T09:20:00.000000,2025-01-10T11:15:00.000000,2025,2025-01-10,SHORT,fib50,2.0,20991.25,21197.25,20579.25,206.0,WIN,61.25,24,106.25,-132.25,time_exit,21197.25,21067.75,21053.0,21053.0,20929.5,20939.5,18266.0,91.90283400809717,-1
333,2025-01-14T14:00:00.000000,2025-01-14T14:25:00.000000,2025-01-14T17:20:00.000000,2025,2025-01-14,SHORT,fib382,1.0,20838.7915,21129.75,20547.833,290.95850000000064,LOSS,-115.95850000000064,24,40.04149999999936,-154.95850000000064,time_exit,21129.75,21018.25,20861.25,20875.75,20779.0,20790.0,11905.0,73.64341085271317,-1
333,2025-01-14T14:00:00.000000,2025-01-14T14:25:00.000000,2025-01-14T17:20:00.000000,2025,2025-01-14,SHORT,fib382,1.5,20838.7915,21129.75,20402.35375,290.95850000000064,LOSS,-115.95850000000064,24,40.04149999999936,-154.95850000000064,time_exit,21129.75,21018.25,20861.25,20875.75,20779.0,20790.0,11905.0,73.64341085271317,-1
333,2025-01-14T14:00:00.000000,2025-01-14T14:25:00.000000,2025-01-14T17:20:00.000000,2025,2025-01-14,SHORT,fib382,2.0,20838.7915,21129.75,20256.874499999998,290.95850000000064,LOSS,-115.95850000000064,24,40.04149999999936,-154.95850000000064,time_exit,21129.75,21018.25,20861.25,20875.75,20779.0,20790.0,11905.0,73.64341085271317,-1
333,2025-01-14T14:00:00.000000,2025-01-14T14:20:00.000000,2025-01-14T17:15:00.000000,2025,2025-01-14,SHORT,fib50,1.0,20827.375,21129.75,20525.0,302.375,LOSS,-125.375,24,38.375,-166.375,time_exit,21129.75,21018.25,20861.25,20875.75,20779.0,20790.0,11905.0,73.64341085271317,-1
333,2025-01-14T14:00:00.000000,2025-01-14T14:20:00.000000,2025-01-14T17:15:00.000000,2025,2025-01-14,SHORT,fib50,1.5,20827.375,21129.75,20373.8125,302.375,LOSS,-125.375,24,38.375,-166.375,time_exit,21129.75,21018.25,20861.25,20875.75,20779.0,20790.0,11905.0,73.64341085271317,-1
333,2025-01-14T14:00:00.000000,2025-01-14T14:20:00.000000,2025-01-14T17:15:00.000000,2025,2025-01-14,SHORT,fib50,2.0,20827.375,21129.75,20222.625,302.375,LOSS,-125.375,24,38.375,-166.375,time_exit,21129.75,21018.25,20861.25,20875.75,20779.0,20790.0,11905.0,73.64341085271317,-1
334,2025-01-21T09:10:00.000000,2025-01-21T09:15:00.000000,2025-01-21T11:10:00.000000,2025,2025-01-21,SHORT,fib382,1.0,21589.592,21718.25,21460.934,128.65799999999945,LOSS,-83.40799999999945,24,63.84200000000055,-92.40799999999945,time_exit,21718.25,21589.5,21613.75,21625.5,21531.5,21539.0,10557.0,79.52127659574468,-1
334,2025-01-21T09:10:00.000000,2025-01-21T09:15:00.000000,2025-01-21T11:10:00.000000,2025,2025-01-21,SHORT,fib382,1.5,21589.592,21718.25,21396.605000000003,128.65799999999945,LOSS,-83.40799999999945,24,63.84200000000055,-92.40799999999945,time_exit,21718.25,21589.5,21613.75,21625.5,21531.5,21539.0,10557.0,79.52127659574468,-1
334,2025-01-21T09:10:00.000000,2025-01-21T09:15:00.000000,2025-01-21T11:10:00.000000,2025,2025-01-21,SHORT,fib382,2.0,21589.592,21718.25,21332.276,128.65799999999945,LOSS,-83.40799999999945,24,63.84200000000055,-92.40799999999945,time_exit,21718.25,21589.5,21613.75,21625.5,21531.5,21539.0,10557.0,79.52127659574468,-1
334,2025-01-21T09:10:00.000000,2025-01-21T09:15:00.000000,2025-01-21T11:10:00.000000,2025,2025-01-21,SHORT,fib50,1.0,21578.5,21718.25,21438.75,139.75,LOSS,-94.5,24,52.75,-103.5,time_exit,21718.25,21589.5,21613.75,21625.5,21531.5,21539.0,10557.0,79.52127659574468,-1
334,2025-01-21T09:10:00.000000,2025-01-21T09:15:00.000000,2025-01-21T11:10:00.000000,2025,2025-01-21,SHORT,fib50,1.5,21578.5,21718.25,21368.875,139.75,LOSS,-94.5,24,52.75,-103.5,time_exit,21718.25,21589.5,21613.75,21625.5,21531.5,21539.0,10557.0,79.52127659574468,-1
334,2025-01-21T09:10:00.000000,2025-01-21T09:15:00.000000,2025-01-21T11:10:00.000000,2025,2025-01-21,SHORT,fib50,2.0,21578.5,21718.25,21299.0,139.75,LOSS,-94.5,24,52.75,-103.5,time_exit,21718.25,21589.5,21613.75,21625.5,21531.5,21539.0,10557.0,79.52127659574468,-1
335,2025-01-27T09:20:00.000000,2025-01-27T10:05:00.000000,2025-01-27T12:00:00.000000,2025,2025-01-27,LONG,fib382,1.0,21266.9335,21109.0,21424.867,157.93349999999919,LOSS,-95.93349999999919,24,38.066500000000815,-128.18349999999919,time_exit,21303.0,21109.0,21235.75,21319.0,21234.75,21314.0,11836.0,92.87833827893175,1
335,2025-01-27T09:20:00.000000,2025-01-27T10:05:00.000000,2025-01-27T12:00:00.000000,2025,2025-01-27,LONG,fib382,1.5,21266.9335,21109.0,21503.833749999998,157.93349999999919,LOSS,-95.93349999999919,24,38.066500000000815,-128.18349999999919,time_exit,21303.0,21109.0,21235.75,21319.0,21234.75,21314.0,11836.0,92.87833827893175,1
335,2025-01-27T09:20:00.000000,2025-01-27T10:05:00.000000,2025-01-27T12:00:00.000000,2025,2025-01-27,LONG,fib382,2.0,21266.9335,21109.0,21582.800499999998,157.93349999999919,LOSS,-95.93349999999919,24,38.066500000000815,-128.18349999999919,time_exit,21303.0,21109.0,21235.75,21319.0,21234.75,21314.0,11836.0,92.87833827893175,1
335,2025-01-27T09:20:00.000000,2025-01-27T10:05:00.000000,2025-01-27T12:00:00.000000,2025,2025-01-27,LONG,fib50,1.0,21276.875,21109.0,21444.75,167.875,LOSS,-105.875,24,28.125,-138.125,time_exit,21303.0,21109.0,21235.75,21319.0,21234.75,21314.0,11836.0,92.87833827893175,1
335,2025-01-27T09:20:00.000000,2025-01-27T10:05:00.000000,2025-01-27T12:00:00.000000,2025,2025-01-27,LONG,fib50,1.5,21276.875,21109.0,21528.6875,167.875,LOSS,-105.875,24,28.125,-138.125,time_exit,21303.0,21109.0,21235.75,21319.0,21234.75,21314.0,11836.0,92.87833827893175,1
335,2025-01-27T09:20:00.000000,2025-01-27T10:05:00.000000,2025-01-27T12:00:00.000000,2025,2025-01-27,LONG,fib50,2.0,21276.875,21109.0,21612.625,167.875,LOSS,-105.875,24,28.125,-138.125,time_exit,21303.0,21109.0,21235.75,21319.0,21234.75,21314.0,11836.0,92.87833827893175,1
336,2025-01-28T09:00:00.000000,,,2025,2025-01-28,LONG,fib382,1.0,21312.133,21172.75,21451.516000000003,139.38300000000163,NO_ENTRY,0.0,0,0.0,0.0,no_entry_or_no_exit,21319.5,21172.75,21284.75,21362.5,21281.0,21356.5,15081.0,88.03680981595092,1
336,2025-01-28T09:00:00.000000,,,2025,2025-01-28,LONG,fib382,1.5,21312.133,21172.75,21521.207500000004,139.38300000000163,NO_ENTRY,0.0,0,0.0,0.0,no_entry_or_no_exit,21319.5,21172.75,21284.75,21362.5,21281.0,21356.5,15081.0,88.03680981595092,1
336,2025-01-28T09:00:00.000000,,,2025,2025-01-28,LONG,fib382,2.0,21312.133,21172.75,21590.899000000005,139.38300000000163,NO_ENTRY,0.0,0,0.0,0.0,no_entry_or_no_exit,21319.5,21172.75,21284.75,21362.5,21281.0,21356.5,15081.0,88.03680981595092,1
336,2025-01-28T09:00:00.000000,2025-01-28T09:05:00.000000,2025-01-28T09:25:00.000000,2025,2025-01-28,LONG,fib50,1.0,21321.75,21172.75,21470.75,149.0,WIN,149.0,5,160.0,-8.0,target,21319.5,21172.75,21284.75,21362.5,21281.0,21356.5,15081.0,88.03680981595092,1
336,2025-01-28T09:00:00.000000,2025-01-28T09:05:00.000000,2025-01-28T11:00:00.000000,2025,2025-01-28,LONG,fib50,1.5,21321.75,21172.75,21545.25,149.0,WIN,174.25,24,174.5,-8.0,time_exit,21319.5,21172.75,21284.75,21362.5,21281.0,21356.5,15081.0,88.03680981595092,1
336,2025-01-28T09:00:00.000000,2025-01-28T09:05:00.000000,2025-01-28T11:00:00.000000,2025,2025-01-28,LONG,fib50,2.0,21321.75,21172.75,21619.75,149.0,WIN,174.25,24,174.5,-8.0,time_exit,21319.5,21172.75,21284.75,21362.5,21281.0,21356.5,15081.0,88.03680981595092,1
337,2025-01-29T12:00:00.000000,2025-01-29T12:05:00.000000,2025-01-29T14:00:00.000000,2025,2025-01-29,SHORT,fib382,1.0,21446.413,21606.25,21286.576,159.83699999999953,LOSS,-50.086999999999534,24,69.66300000000047,-131.58699999999953,time_exit,21606.25,21498.75,21485.25,21495.5,21367.0,21384.0,17880.0,78.79377431906615,-1
337,2025-01-29T12:00:00.000000,2025-01-29T12:05:00.000000,2025-01-29T14:00:00.000000,2025,2025-01-29,SHORT,fib382,1.5,21446.413,21606.25,21206.6575,159.83699999999953,LOSS,-50.086999999999534,24,69.66300000000047,-131.58699999999953,time_exit,21606.25,21498.75,21485.25,21495.5,21367.0,21384.0,17880.0,78.79377431906615,-1
337,2025-01-29T12:00:00.000000,2025-01-29T12:05:00.000000,2025-01-29T14:00:00.000000,2025,2025-01-29,SHORT,fib382,2.0,21446.413,21606.25,21126.739,159.83699999999953,LOSS,-50.086999999999534,24,69.66300000000047,-131.58699999999953,time_exit,21606.25,21498.75,21485.25,21495.5,21367.0,21384.0,17880.0,78.79377431906615,-1
337,2025-01-29T12:00:00.000000,2025-01-29T12:05:00.000000,2025-01-29T14:00:00.000000,2025,2025-01-29,SHORT,fib50,1.0,21431.25,21606.25,21256.25,175.0,LOSS,-65.25,24,54.5,-146.75,time_exit,21606.25,21498.75,21485.25,21495.5,21367.0,21384.0,17880.0,78.79377431906615,-1
337,2025-01-29T12:00:00.000000,2025-01-29T12:05:00.000000,2025-01-29T14:00:00.000000,2025,2025-01-29,SHORT,fib50,1.5,21431.25,21606.25,21168.75,175.0,LOSS,-65.25,24,54.5,-146.75,time_exit,21606.25,21498.75,21485.25,21495.5,21367.0,21384.0,17880.0,78.79377431906615,-1
337,2025-01-29T12:00:00.000000,2025-01-29T12:05:00.000000,2025-01-29T14:00:00.000000,2025,2025-01-29,SHORT,fib50,2.0,21431.25,21606.25,21081.25,175.0,LOSS,-65.25,24,54.5,-146.75,time_exit,21606.25,21498.75,21485.25,21495.5,21367.0,21384.0,17880.0,78.79377431906615,-1
338,2025-01-30T08:45:00.000000,2025-01-30T08:55:00.000000,2025-01-30T09:00:00.000000,2025,2025-01-30,LONG,fib382,1.0,21677.259,21596.75,21757.767999999996,80.5089999999982,LOSS,-80.5089999999982,2,52.491000000001804,-113.5089999999982,stop,21668.75,21596.75,21647.75,21738.75,21639.25,21735.75,13851.0,88.44221105527639,1
338,2025-01-30T08:45:00.000000,2025-01-30T08:55:00.000000,2025-01-30T09:00:00.000000,2025,2025-01-30,LONG,fib382,1.5,21677.259,21596.75,21798.022499999995,80.5089999999982,LOSS,-80.5089999999982,2,52.491000000001804,-113.5089999999982,stop,21668.75,21596.75,21647.75,21738.75,21639.25,21735.75,13851.0,88.44221105527639,1
338,2025-01-30T08:45:00.000000,2025-01-30T08:55:00.000000,2025-01-30T09:00:00.000000,2025,2025-01-30,LONG,fib382,2.0,21677.259,21596.75,21838.276999999995,80.5089999999982,LOSS,-80.5089999999982,2,52.491000000001804,-113.5089999999982,stop,21668.75,21596.75,21647.75,21738.75,21639.25,21735.75,13851.0,88.44221105527639,1
338,2025-01-30T08:45:00.000000,2025-01-30T08:50:00.000000,2025-01-30T09:00:00.000000,2025,2025-01-30,LONG,fib50,1.0,21689.0,21596.75,21781.25,92.25,LOSS,-92.25,3,59.75,-125.25,stop,21668.75,21596.75,21647.75,21738.75,21639.25,21735.75,13851.0,88.44221105527639,1
338,2025-01-30T08:45:00.000000,2025-01-30T08:50:00.000000,2025-01-30T09:00:00.000000,2025,2025-01-30,LONG,fib50,1.5,21689.0,21596.75,21827.375,92.25,LOSS,-92.25,3,59.75,-125.25,stop,21668.75,21596.75,21647.75,21738.75,21639.25,21735.75,13851.0,88.44221105527639,1
338,2025-01-30T08:45:00.000000,2025-01-30T08:50:00.000000,2025-01-30T09:00:00.000000,2025,2025-01-30,LONG,fib50,2.0,21689.0,21596.75,21873.5,92.25,LOSS,-92.25,3,59.75,-125.25,stop,21668.75,21596.75,21647.75,21738.75,21639.25,21735.75,13851.0,88.44221105527639,1
339,2025-01-30T09:25:00.000000,2025-01-30T09:35:00.000000,2025-01-30T09:55:00.000000,2025,2025-01-30,SHORT,fib382,1.0,21571.749,21668.75,21474.748,97.0010000000002,WIN,97.0010000000002,5,110.4989999999998,-20.751000000000204,target,21668.75,21596.75,21601.0,21602.5,21522.0,21531.5,8629.0,86.33540372670807,-1
339,2025-01-30T09:25:00.000000,2025-01-30T09:35:00.000000,2025-01-30T10:10:00.000000,2025,2025-01-30,SHORT,fib382,1.5,21571.749,21668.75,21426.247499999998,97.0010000000002,WIN,145.5015000000003,8,152.2489999999998,-20.751000000000204,target,21668.75,21596.75,21601.0,21602.5,21522.0,21531.5,8629.0,86.33540372670807,-1
339,2025-01-30T09:25:00.000000,2025-01-30T09:35:00.000000,2025-01-30T11:30:00.000000,2025,2025-01-30,SHORT,fib382,2.0,21571.749,21668.75,21377.747,97.0010000000002,WIN,47.748999999999796,24,152.2489999999998,-54.001000000000204,time_exit,21668.75,21596.75,21601.0,21602.5,21522.0,21531.5,8629.0,86.33540372670807,-1
339,2025-01-30T09:25:00.000000,2025-01-30T09:35:00.000000,2025-01-30T10:00:00.000000,2025,2025-01-30,SHORT,fib50,1.0,21562.25,21668.75,21455.75,106.5,WIN,106.5,6,127.5,-30.25,target,21668.75,21596.75,21601.0,21602.5,21522.0,21531.5,8629.0,86.33540372670807,-1
339,2025-01-30T09:25:00.000000,2025-01-30T09:35:00.000000,2025-01-30T11:30:00.000000,2025,2025-01-30,SHORT,fib50,1.5,21562.25,21668.75,21402.5,106.5,WIN,38.25,24,142.75,-63.5,time_exit,21668.75,21596.75,21601.0,21602.5,21522.0,21531.5,8629.0,86.33540372670807,-1
339,2025-01-30T09:25:00.000000,2025-01-30T09:35:00.000000,2025-01-30T11:30:00.000000,2025,2025-01-30,SHORT,fib50,2.0,21562.25,21668.75,21349.25,106.5,WIN,38.25,24,142.75,-63.5,time_exit,21668.75,21596.75,21601.0,21602.5,21522.0,21531.5,8629.0,86.33540372670807,-1
340,2025-01-30T14:35:00.000000,2025-01-30T14:55:00.000000,2025-01-30T14:55:00.000000,2025,2025-01-30,SHORT,fib382,1.0,21651.7605,21668.75,21634.771,16.98949999999968,WIN,16.98949999999968,1,38.01050000000032,-5.23949999999968,target,21668.75,21596.75,21687.0,21687.0,21594.75,21597.75,17005.0,96.7479674796748,-1
340,2025-01-30T14:35:00.000000,2025-01-30T14:55:00.000000,2025-01-30T14:55:00.000000,2025,2025-01-30,SHORT,fib382,1.5,21651.7605,21668.75,21626.276250000003,16.98949999999968,WIN,25.48424999999952,1,38.01050000000032,-5.23949999999968,target,21668.75,21596.75,21687.0,21687.0,21594.75,21597.75,17005.0,96.7479674796748,-1
340,2025-01-30T14:35:00.000000,2025-01-30T14:55:00.000000,2025-01-30T14:55:00.000000,2025,2025-01-30,SHORT,fib382,2.0,21651.7605,21668.75,21617.7815,16.98949999999968,WIN,33.97899999999936,1,38.01050000000032,-5.23949999999968,target,21668.75,21596.75,21687.0,21687.0,21594.75,21597.75,17005.0,96.7479674796748,-1
340,2025-01-30T14:35:00.000000,2025-01-30T14:55:00.000000,2025-01-30T15:05:00.000000,2025,2025-01-30,SHORT,fib50,1.0,21640.875,21668.75,21613.0,27.875,LOSS,-27.875,3,27.125,-29.125,stop,21668.75,21596.75,21687.0,21687.0,21594.75,21597.75,17005.0,96.7479674796748,-1
340,2025-01-30T14:35:00.000000,2025-01-30T14:55:00.000000,2025-01-30T15:05:00.000000,2025,2025-01-30,SHORT,fib50,1.5,21640.875,21668.75,21599.0625,27.875,LOSS,-27.875,3,27.125,-29.125,stop,21668.75,21596.75,21687.0,21687.0,21594.75,21597.75,17005.0,96.7479674796748,-1
340,2025-01-30T14:35:00.000000,2025-01-30T14:55:00.000000,2025-01-30T15:05:00.000000,2025,2025-01-30,SHORT,fib50,2.0,21640.875,21668.75,21585.125,27.875,LOSS,-27.875,3,27.125,-29.125,stop,21668.75,21596.75,21687.0,21687.0,21594.75,21597.75,17005.0,96.7479674796748,-1
341,2025-01-31T12:30:00.000000,2025-01-31T12:40:00.000000,2025-01-31T12:40:00.000000,2025,2025-01-31,SHORT,fib382,1.0,21795.353,21838.5,21752.206,43.147000000000844,WIN,43.147000000000844,1,47.852999999999156,-16.397000000000844,target,21838.5,21765.0,21815.0,21827.25,21743.75,21745.75,12750.0,82.93413173652695,-1
341,2025-01-31T12:30:00.000000,2025-01-31T12:40:00.000000,2025-01-31T12:50:00.000000,2025,2025-01-31,SHORT,fib382,1.5,21795.353,21838.5,21730.6325,43.147000000000844,WIN,64.72050000000127,3,74.35299999999916,-16.397000000000844,target,21838.5,21765.0,21815.0,21827.25,21743.75,21745.75,12750.0,82.93413173652695,-1
341,2025-01-31T12:30:00.000000,2025-01-31T12:40:00.000000,2025-01-31T13:05:00.000000,2025,2025-01-31,SHORT,fib382,2.0,21795.353,21838.5,21709.058999999997,43.147000000000844,WIN,86.29400000000169,6,123.35299999999916,-16.397000000000844,target,21838.5,21765.0,21815.0,21827.25,21743.75,21745.75,12750.0,82.93413173652695,-1
341,2025-01-31T12:30:00.000000,2025-01-31T12:40:00.000000,2025-01-31T12:50:00.000000,2025,2025-01-31,SHORT,fib50,1.0,21785.5,21838.5,21732.5,53.0,WIN,53.0,3,64.5,-26.25,target,21838.5,21765.0,21815.0,21827.25,21743.75,21745.75,12750.0,82.93413173652695,-1
341,2025-01-31T12:30:00.000000,2025-01-31T12:40:00.000000,2025-01-31T13:05:00.000000,2025,2025-01-31,SHORT,fib50,1.5,21785.5,21838.5,21706.0,53.0,WIN,79.5,6,113.5,-26.25,target,21838.5,21765.0,21815.0,21827.25,21743.75,21745.75,12750.0,82.93413173652695,-1
341,2025-01-31T12:30:00.000000,2025-01-31T12:40:00.000000,2025-01-31T13:05:00.000000,2025,2025-01-31,SHORT,fib50,2.0,21785.5,21838.5,21679.5,53.0,WIN,106.0,6,113.5,-26.25,target,21838.5,21765.0,21815.0,21827.25,21743.75,21745.75,12750.0,82.93413173652695,-1
342,2025-01-31T13:35:00.000000,,,2025,2025-01-31,SHORT,fib382,1.0,21704.85,21838.5,21571.199999999997,133.65000000000146,NO_ENTRY,0.0,0,0.0,0.0,no_entry_or_no_exit,21838.5,21765.0,21730.5,21733.5,21658.5,21659.5,6765.0,94.66666666666667,-1
342,2025-01-31T13:35:00.000000,,,2025,2025-01-31,SHORT,fib382,1.5,21704.85,21838.5,21504.374999999996,133.65000000000146,NO_ENTRY,0.0,0,0.0,0.0,no_entry_or_no_exit,21838.5,21765.0,21730.5,21733.5,21658.5,21659.5,6765.0,94.66666666666667,-1
342,2025-01-31T13:35:00.000000,,,2025,2025-01-31,SHORT,fib382,2.0,21704.85,21838.5,21437.549999999996,133.65000000000146,NO_ENTRY,0.0,0,0.0,0.0,no_entry_or_no_exit,21838.5,21765.0,21730.5,21733.5,21658.5,21659.5,6765.0,94.66666666666667,-1
342,2025-01-31T13:35:00.000000,,,2025,2025-01-31,SHORT,fib50,1.0,21696.0,21838.5,21553.5,142.5,NO_ENTRY,0.0,0,0.0,0.0,no_entry_or_no_exit,21838.5,21765.0,21730.5,21733.5,21658.5,21659.5,6765.0,94.66666666666667,-1
342,2025-01-31T13:35:00.000000,,,2025,2025-01-31,SHORT,fib50,1.5,21696.0,21838.5,21482.25,142.5,NO_ENTRY,0.0,0,0.0,0.0,no_entry_or_no_exit,21838.5,21765.0,21730.5,21733.5,21658.5,21659.5,6765.0,94.66666666666667,-1
342,2025-01-31T13:35:00.000000,,,2025,2025-01-31,SHORT,fib50,2.0,21696.0,21838.5,21411.0,142.5,NO_ENTRY,0.0,0,0.0,0.0,no_entry_or_no_exit,21838.5,21765.0,21730.5,21733.5,21658.5,21659.5,6765.0,94.66666666666667,-1
343,2025-01-31T14:00:00.000000,,,2025,2025-01-31,SHORT,fib382,1.0,21624.3055,21838.5,21410.110999999997,214.19450000000143,NO_ENTRY,0.0,0,0.0,0.0,no_entry_or_no_exit,21838.5,21765.0,21660.5,21660.5,21565.75,21571.5,7924.0,93.93139841688655,-1
343,2025-01-31T14:00:00.000000,,,2025,2025-01-31,SHORT,fib382,1.5,21624.3055,21838.5,21303.01375,214.19450000000143,NO_ENTRY,0.0,0,0.0,0.0,no_entry_or_no_exit,21838.5,21765.0,21660.5,21660.5,21565.75,21571.5,7924.0,93.93139841688655,-1
343,2025-01-31T14:00:00.000000,,,2025,2025-01-31,SHORT,fib382,2.0,21624.3055,21838.5,21195.916499999996,214.19450000000143,NO_ENTRY,0.0,0,0.0,0.0,no_entry_or_no_exit,21838.5,21765.0,21660.5,21660.5,21565.75,21571.5,7924.0,93.93139841688655,-1
343,2025-01-31T14:00:00.000000,,,2025,2025-01-31,SHORT,fib50,1.0,21613.125,21838.5,21387.75,225.375,NO_ENTRY,0.0,0,0.0,0.0,no_entry_or_no_exit,21838.5,21765.0,21660.5,21660.5,21565.75,21571.5,7924.0,93.93139841688655,-1
343,2025-01-31T14:00:00.000000,,,2025,2025-01-31,SHORT,fib50,1.5,21613.125,21838.5,21275.0625,225.375,NO_ENTRY,0.0,0,0.0,0.0,no_entry_or_no_exit,21838.5,21765.0,21660.5,21660.5,21565.75,21571.5,7924.0,93.93139841688655,-1
343,2025-01-31T14:00:00.000000,,,2025,2025-01-31,SHORT,fib50,2.0,21613.125,21838.5,21162.375,225.375,NO_ENTRY,0.0,0,0.0,0.0,no_entry_or_no_exit,21838.5,21765.0,21660.5,21660.5,21565.75,21571.5,7924.0,93.93139841688655,-1
344,2025-02-03T09:10:00.000000,2025-02-03T09:20:00.000000,2025-02-03T09:20:00.000000,2025,2025-02-03,SHORT,fib382,1.0,21171.69,21314.5,21028.879999999997,142.8100000000013,LOSS,-142.8100000000013,1,58.18999999999869,-158.0600000000013,stop,21314.5,21177.5,21201.0,21202.25,21122.25,21129.25,11651.0,89.6875,-1
344,2025-02-03T09:10:00.000000,2025-02-03T09:20:00.000000,2025-02-03T09:20:00.000000,2025,2025-02-03,SHORT,fib382,1.5,21171.69,21314.5,20957.475,142.8100000000013,LOSS,-142.8100000000013,1,58.18999999999869,-158.0600000000013,stop,21314.5,21177.5,21201.0,21202.25,21122.25,21129.25,11651.0,89.6875,-1
344,2025-02-03T09:10:00.000000,2025-02-03T09:20:00.000000,2025-02-03T09:20:00.000000,2025,2025-02-03,SHORT,fib382,2.0,21171.69,21314.5,20886.069999999996,142.8100000000013,LOSS,-142.8100000000013,1,58.18999999999869,-158.0600000000013,stop,21314.5,21177.5,21201.0,21202.25,21122.25,21129.25,11651.0,89.6875,-1
344,2025-02-03T09:10:00.000000,2025-02-03T09:20:00.000000,2025-02-03T09:20:00.000000,2025,2025-02-03,SHORT,fib50,1.0,21162.25,21314.5,21010.0,152.25,LOSS,-152.25,1,48.75,-167.5,stop,21314.5,21177.5,21201.0,21202.25,21122.25,21129.25,11651.0,89.6875,-1
344,2025-02-03T09:10:00.000000,2025-02-03T09:20:00.000000,2025-02-03T09:20:00.000000,2025,2025-02-03,SHORT,fib50,1.5,21162.25,21314.5,20933.875,152.25,LOSS,-152.25,1,48.75,-167.5,stop,21314.5,21177.5,21201.0,21202.25,21122.25,21129.25,11651.0,89.6875,-1
344,2025-02-03T09:10:00.000000,2025-02-03T09:20:00.000000,2025-02-03T09:20:00.000000,2025,2025-02-03,SHORT,fib50,2.0,21162.25,21314.5,20857.75,152.25,LOSS,-152.25,1,48.75,-167.5,stop,21314.5,21177.5,21201.0,21202.25,21122.25,21129.25,11651.0,89.6875,-1
345,2025-02-03T09:40:00.000000,2025-02-03T10:00:00.000000,2025-02-03T11:55:00.000000,2025,2025-02-03,LONG,fib382,1.0,21382.8345,21177.5,21588.169,205.33450000000084,WIN,18.415499999999156,24,91.66549999999916,-42.084500000000844,time_exit,21314.5,21177.5,21361.5,21453.75,21339.0,21439.75,13363.0,68.1917211328976,1
345,2025-02-03T09:40:00.000000,2025-02-03T10:00:00.000000,2025-02-03T11:55:00.000000,2025,2025-02-03,LONG,fib382,1.5,21382.8345,21177.5,21690.83625,205.33450000000084,WIN,18.415499999999156,24,91.66549999999916,-42.084500000000844,time_exit,21314.5,21177.5,21361.5,21453.75,21339.0,21439.75,13363.0,68.1917211328976,1
345,2025-02-03T09:40:00.000000,2025-02-03T10:00:00.000000,2025-02-03T11:55:00.000000,2025,2025-02-03,LONG,fib382,2.0,21382.8345,21177.5,21793.503500000003,205.33450000000084,WIN,18.415499999999156,24,91.66549999999916,-42.084500000000844,time_exit,21314.5,21177.5,21361.5,21453.75,21339.0,21439.75,13363.0,68.1917211328976,1
345,2025-02-03T09:40:00.000000,2025-02-03T09:45:00.000000,2025-02-03T11:40:00.000000,2025,2025-02-03,LONG,fib50,1.0,21396.375,21177.5,21615.25,218.875,LOSS,-38.625,24,78.125,-55.625,time_exit,21314.5,21177.5,21361.5,21453.75,21339.0,21439.75,13363.0,68.1917211328976,1
345,2025-02-03T09:40:00.000000,2025-02-03T09:45:00.000000,2025-02-03T11:40:00.000000,2025,2025-02-03,LONG,fib50,1.5,21396.375,21177.5,21724.6875,218.875,LOSS,-38.625,24,78.125,-55.625,time_exit,21314.5,21177.5,21361.5,21453.75,21339.0,21439.75,13363.0,68.1917211328976,1
345,2025-02-03T09:40:00.000000,2025-02-03T09:45:00.000000,2025-02-03T11:40:00.000000,2025,2025-02-03,LONG,fib50,2.0,21396.375,21177.5,21834.125,218.875,LOSS,-38.625,24,78.125,-55.625,time_exit,21314.5,21177.5,21361.5,21453.75,21339.0,21439.75,13363.0,68.1917211328976,1
346,2025-02-06T13:30:00.000000,2025-02-06T13:50:00.000000,2025-02-06T13:55:00.000000,2025,2025-02-06,SHORT,fib382,1.0,21766.193,21789.5,21742.886,23.3070000000007,WIN,23.3070000000007,2,26.4429999999993,-6.0570000000006985,target,21789.5,21738.25,21798.0,21800.0,21711.5,21731.5,11323.0,75.14124293785311,-1
346,2025-02-06T13:30:00.000000,2025-02-06T13:50:00.000000,2025-02-06T14:20:00.000000,2025,2025-02-06,SHORT,fib382,1.5,21766.193,21789.5,21731.2325,23.3070000000007,LOSS,-23.3070000000007,7,30.9429999999993,-23.5570000000007,stop,21789.5,21738.25,21798.0,21800.0,21711.5,21731.5,11323.0,75.14124293785311,-1
346,2025-02-06T13:30:00.000000,2025-02-06T13:50:00.000000,2025-02-06T14:20:00.000000,2025,2025-02-06,SHORT,fib382,2.0,21766.193,21789.5,21719.578999999998,23.3070000000007,LOSS,-23.3070000000007,7,30.9429999999993,-23.5570000000007,stop,21789.5,21738.25,21798.0,21800.0,21711.5,21731.5,11323.0,75.14124293785311,-1
346,2025-02-06T13:30:00.000000,2025-02-06T13:35:00.000000,2025-02-06T14:20:00.000000,2025,2025-02-06,SHORT,fib50,1.0,21755.75,21789.5,21722.0,33.75,LOSS,-33.75,10,32.25,-34.0,stop,21789.5,21738.25,21798.0,21800.0,21711.5,21731.5,11323.0,75.14124293785311,-1
346,2025-02-06T13:30:00.000000,2025-02-06T13:35:00.000000,2025-02-06T14:20:00.000000,2025,2025-02-06,SHORT,fib50,1.5,21755.75,21789.5,21705.125,33.75,LOSS,-33.75,10,32.25,-34.0,stop,21789.5,21738.25,21798.0,21800.0,21711.5,21731.5,11323.0,75.14124293785311,-1
346,2025-02-06T13:30:00.000000,2025-02-06T13:35:00.000000,2025-02-06T14:20:00.000000,2025,2025-02-06,SHORT,fib50,2.0,21755.75,21789.5,21688.25,33.75,LOSS,-33.75,10,32.25,-34.0,stop,21789.5,21738.25,21798.0,21800.0,21711.5,21731.5,11323.0,75.14124293785311,-1
347,2025-02-07T09:00:00.000000,,,2025,2025-02-07,SHORT,fib382,1.0,21839.0095,21968.0,21710.019,128.99049999999988,NO_ENTRY,0.0,0,0.0,0.0,no_entry_or_no_exit,21968.0,21869.75,21904.0,21905.0,21732.25,21752.75,25378.0,87.55426917510853,-1
347,2025-02-07T09:00:00.000000,,,2025,2025-02-07,SHORT,fib382,1.5,21839.0095,21968.0,21645.52375,128.99049999999988,NO_ENTRY,0.0,0,0.0,0.0,no_entry_or_no_exit,21968.0,21869.75,21904.0,21905.0,21732.25,21752.75,25378.0,87.55426917510853,-1
347,2025-02-07T09:00:00.000000,,,2025,2025-02-07,SHORT,fib382,2.0,21839.0095,21968.0,21581.0285,128.99049999999988,NO_ENTRY,0.0,0,0.0,0.0,no_entry_or_no_exit,21968.0,21869.75,21904.0,21905.0,21732.25,21752.75,25378.0,87.55426917510853,-1
347,2025-02-07T09:00:00.000000,,,2025,2025-02-07,SHORT,fib50,1.0,21818.625,21968.0,21669.25,149.375,NO_ENTRY,0.0,0,0.0,0.0,no_entry_or_no_exit,21968.0,21869.75,21904.0,21905.0,21732.25,21752.75,25378.0,87.55426917510853,-1
347,2025-02-07T09:00:00.000000,,,2025,2025-02-07,SHORT,fib50,1.5,21818.625,21968.0,21594.5625,149.375,NO_ENTRY,0.0,0,0.0,0.0,no_entry_or_no_exit,21968.0,21869.75,21904.0,21905.0,21732.25,21752.75,25378.0,87.55426917510853,-1
347,2025-02-07T09:00:00.000000,,,2025,2025-02-07,SHORT,fib50,2.0,21818.625,21968.0,21519.875,149.375,NO_ENTRY,0.0,0,0.0,0.0,no_entry_or_no_exit,21968.0,21869.75,21904.0,21905.0,21732.25,21752.75,25378.0,87.55426917510853,-1
348,2025-02-07T09:50:00.000000,2025-02-07T10:15:00.000000,2025-02-07T12:10:00.000000,2025,2025-02-07,SHORT,fib382,1.0,21731.038,21968.0,21494.076,236.96199999999953,WIN,15.788000000000466,24,146.03800000000047,-28.211999999999534,time_exit,21968.0,21869.75,21777.0,21804.0,21613.0,21647.25,17762.0,67.93193717277487,-1
348,2025-02-07T09:50:00.000000,2025-02-07T10:15:00.000000,2025-02-07T12:10:00.000000,2025,2025-02-07,SHORT,fib382,1.5,21731.038,21968.0,21375.595,236.96199999999953,WIN,15.788000000000466,24,146.03800000000047,-28.211999999999534,time_exit,21968.0,21869.75,21777.0,21804.0,21613.0,21647.25,17762.0,67.93193717277487,-1
348,2025-02-07T09:50:00.000000,2025-02-07T10:15:00.000000,2025-02-07T12:10:00.000000,2025,2025-02-07,SHORT,fib382,2.0,21731.038,21968.0,21257.114,236.96199999999953,WIN,15.788000000000466,24,146.03800000000047,-28.211999999999534,time_exit,21968.0,21869.75,21777.0,21804.0,21613.0,21647.25,17762.0,67.93193717277487,-1
348,2025-02-07T09:50:00.000000,2025-02-07T09:55:00.000000,2025-02-07T11:50:00.000000,2025,2025-02-07,SHORT,fib50,1.0,21708.5,21968.0,21449.0,259.5,WIN,42.75,24,123.5,-50.75,time_exit,21968.0,21869.75,21777.0,21804.0,21613.0,21647.25,17762.0,67.93193717277487,-1
348,2025-02-07T09:50:00.000000,2025-02-07T09:55:00.000000,2025-02-07T11:50:00.000000,2025,2025-02-07,SHORT,fib50,1.5,21708.5,21968.0,21319.25,259.5,WIN,42.75,24,123.5,-50.75,time_exit,21968.0,21869.75,21777.0,21804.0,21613.0,21647.25,17762.0,67.93193717277487,-1
348,2025-02-07T09:50:00.000000,2025-02-07T09:55:00.000000,2025-02-07T11:50:00.000000,2025,2025-02-07,SHORT,fib50,2.0,21708.5,21968.0,21189.5,259.5,WIN,42.75,24,123.5,-50.75,time_exit,21968.0,21869.75,21777.0,21804.0,21613.0,21647.25,17762.0,67.93193717277487,-1
349,2025-02-12T09:15:00.000000,,,2025,2025-02-12,LONG,fib382,1.0,21620.175,21536.25,21704.1,83.92499999999927,NO_ENTRY,0.0,0,0.0,0.0,no_entry_or_no_exit,21667.75,21536.25,21593.75,21674.25,21586.75,21671.75,11546.0,89.14285714285714,1
349,2025-02-12T09:15:00.000000,,,2025,2025-02-12,LONG,fib382,1.5,21620.175,21536.25,21746.0625,83.92499999999927,NO_ENTRY,0.0,0,0.0,0.0,no_entry_or_no_exit,21667.75,21536.25,21593.75,21674.25,21586.75,21671.75,11546.0,89.14285714285714,1
349,2025-02-12T09:15:00.000000,,,2025,2025-02-12,LONG,fib382,2.0,21620.175,21536.25,21788.024999999998,83.92499999999927,NO_ENTRY,0.0,0,0.0,0.0,no_entry_or_no_exit,21667.75,21536.25,21593.75,21674.25,21586.75,21671.75,11546.0,89.14285714285714,1
349,2025-02-12T09:15:00.000000,,,2025,2025-02-12,LONG,fib50,1.0,21630.5,21536.25,21724.75,94.25,NO_ENTRY,0.0,0,0.0,0.0,no_entry_or_no_exit,21667.75,21536.25,21593.75,21674.25,21586.75,21671.75,11546.0,89.14285714285714,1
349,2025-02-12T09:15:00.000000,,,2025,2025-02-12,LONG,fib50,1.5,21630.5,21536.25,21771.875,94.25,NO_ENTRY,0.0,0,0.0,0.0,no_entry_or_no_exit,21667.75,21536.25,21593.75,21674.25,21586.75,21671.75,11546.0,89.14285714285714,1
349,2025-02-12T09:15:00.000000,,,2025,2025-02-12,LONG,fib50,2.0,21630.5,21536.25,21819.0,94.25,NO_ENTRY,0.0,0,0.0,0.0,no_entry_or_no_exit,21667.75,21536.25,21593.75,21674.25,21586.75,21671.75,11546.0,89.14285714285714,1
350,2025-02-20T08:50:00.000000,2025-02-20T09:20:00.000000,2025-02-20T09:55:00.000000,2025,2025-02-20,SHORT,fib382,1.0,22103.036,22225.5,21980.572,122.46399999999994,WIN,122.46399999999994,8,128.03600000000006,-4.463999999999942,target,22225.5,22164.5,22139.75,22142.0,22040.0,22069.5,22077.0,68.87254901960785,-1
350,2025-02-20T08:50:00.000000,2025-02-20T09:20:00.000000,2025-02-20T11:15:00.000000,2025,2025-02-20,SHORT,fib382,1.5,22103.036,22225.5,21919.34,122.46399999999994,WIN,22.286000000000058,24,128.03600000000006,-4.463999999999942,time_exit,22225.5,22164.5,22139.75,22142.0,22040.0,22069.5,22077.0,68.87254901960785,-1
350,2025-02-20T08:50:00.000000,2025-02-20T09:20:00.000000,2025-02-20T11:15:00.000000,2025,2025-02-20,SHORT,fib382,2.0,22103.036,22225.5,21858.108,122.46399999999994,WIN,22.286000000000058,24,128.03600000000006,-4.463999999999942,time_exit,22225.5,22164.5,22139.75,22142.0,22040.0,22069.5,22077.0,68.87254901960785,-1
350,2025-02-20T08:50:00.000000,2025-02-20T09:20:00.000000,2025-02-20T11:15:00.000000,2025,2025-02-20,SHORT,fib50,1.0,22091.0,22225.5,21956.5,134.5,WIN,10.25,24,116.0,-16.5,time_exit,22225.5,22164.5,22139.75,22142.0,22040.0,22069.5,22077.0,68.87254901960785,-1
350,2025-02-20T08:50:00.000000,2025-02-20T09:20:00.000000,2025-02-20T11:15:00.000000,2025,2025-02-20,SHORT,fib50,1.5,22091.0,22225.5,21889.25,134.5,WIN,10.25,24,116.0,-16.5,time_exit,22225.5,22164.5,22139.75,22142.0,22040.0,22069.5,22077.0,68.87254901960785,-1
350,2025-02-20T08:50:00.000000,2025-02-20T09:20:00.000000,2025-02-20T11:15:00.000000,2025,2025-02-20,SHORT,fib50,2.0,22091.0,22225.5,21822.0,134.5,WIN,10.25,24,116.0,-16.5,time_exit,22225.5,22164.5,22139.75,22142.0,22040.0,22069.5,22077.0,68.87254901960785,-1
351,2025-02-24T08:50:00.000000,2025-02-24T11:45:00.000000,2025-02-24T13:40:00.000000,2025,2025-02-24,SHORT,fib382,1.0,21655.058,21801.75,21508.366,146.6919999999991,WIN,88.8080000000009,24,98.8080000000009,-5.441999999999098,time_exit,21801.75,21684.0,21684.75,21686.0,21605.0,21612.5,14141.0,89.19753086419753,-1
351,2025-02-24T08:50:00.000000,2025-02-24T11:45:00.000000,2025-02-24T13:40:00.000000,2025,2025-02-24,SHORT,fib382,1.5,21655.058,21801.75,21435.020000000004,146.6919999999991,WIN,88.8080000000009,24,98.8080000000009,-5.441999999999098,time_exit,21801.75,21684.0,21684.75,21686.0,21605.0,21612.5,14141.0,89.19753086419753,-1
351,2025-02-24T08:50:00.000000,2025-02-24T11:45:00.000000,2025-02-24T13:40:00.000000,2025,2025-02-24,SHORT,fib382,2.0,21655.058,21801.75,21361.674000000003,146.6919999999991,WIN,88.8080000000009,24,98.8080000000009,-5.441999999999098,time_exit,21801.75,21684.0,21684.75,21686.0,21605.0,21612.5,14141.0,89.19753086419753,-1
351,2025-02-24T08:50:00.000000,2025-02-24T11:20:00.000000,2025-02-24T13:15:00.000000,2025,2025-02-24,SHORT,fib50,1.0,21645.5,21801.75,21489.25,156.25,WIN,66.0,24,71.25,-15.0,time_exit,21801.75,21684.0,21684.75,21686.0,21605.0,21612.5,14141.0,89.19753086419753,-1
351,2025-02-24T08:50:00.000000,2025-02-24T11:20:00.000000,2025-02-24T13:15:00.000000,2025,2025-02-24,SHORT,fib50,1.5,21645.5,21801.75,21411.125,156.25,WIN,66.0,24,71.25,-15.0,time_exit,21801.75,21684.0,21684.75,21686.0,21605.0,21612.5,14141.0,89.19753086419753,-1
351,2025-02-24T08:50:00.000000,2025-02-24T11:20:00.000000,2025-02-24T13:15:00.000000,2025,2025-02-24,SHORT,fib50,2.0,21645.5,21801.75,21333.0,156.25,WIN,66.0,24,71.25,-15.0,time_exit,21801.75,21684.0,21684.75,21686.0,21605.0,21612.5,14141.0,89.19753086419753,-1
352,2025-02-24T14:50:00.000000,,,2025,2025-02-24,SHORT,fib382,1.0,21491.676,21801.75,21181.602,310.0740000000005,NO_ENTRY,0.0,0,0.0,0.0,no_entry_or_no_exit,21801.75,21684.0,21519.5,21523.0,21441.0,21446.25,11354.0,89.32926829268293,-1
352,2025-02-24T14:50:00.000000,,,2025,2025-02-24,SHORT,fib382,1.5,21491.676,21801.75,21026.565,310.0740000000005,NO_ENTRY,0.0,0,0.0,0.0,no_entry_or_no_exit,21801.75,21684.0,21519.5,21523.0,21441.0,21446.25,11354.0,89.32926829268293,-1
352,2025-02-24T14:50:00.000000,,,2025,2025-02-24,SHORT,fib382,2.0,21491.676,21801.75,20871.528,310.0740000000005,NO_ENTRY,0.0,0,0.0,0.0,no_entry_or_no_exit,21801.75,21684.0,21519.5,21523.0,21441.0,21446.25,11354.0,89.32926829268293,-1
352,2025-02-24T14:50:00.000000,,,2025,2025-02-24,SHORT,fib50,1.0,21482.0,21801.75,21162.25,319.75,NO_ENTRY,0.0,0,0.0,0.0,no_entry_or_no_exit,21801.75,21684.0,21519.5,21523.0,21441.0,21446.25,11354.0,89.32926829268293,-1
352,2025-02-24T14:50:00.000000,,,2025,2025-02-24,SHORT,fib50,1.5,21482.0,21801.75,21002.375,319.75,NO_ENTRY,0.0,0,0.0,0.0,no_entry_or_no_exit,21801.75,21684.0,21519.5,21523.0,21441.0,21446.25,11354.0,89.32926829268293,-1
352,2025-02-24T14:50:00.000000,,,2025,2025-02-24,SHORT,fib50,2.0,21482.0,21801.75,20842.5,319.75,NO_ENTRY,0.0,0,0.0,0.0,no_entry_or_no_exit,21801.75,21684.0,21519.5,21523.0,21441.0,21446.25,11354.0,89.32926829268293,-1
353,2025-02-25T09:00:00.000000,2025-02-25T12:00:00.000000,2025-02-25T13:55:00.000000,2025,2025-02-25,SHORT,fib382,1.0,21233.28,21397.5,21069.059999999998,164.22000000000116,WIN,30.779999999998836,24,109.52999999999884,-47.970000000001164,time_exit,21397.5,21310.75,21259.75,21265.75,21180.75,21185.5,16837.0,87.3529411764706,-1
353,2025-02-25T09:00:00.000000,2025-02-25T12:00:00.000000,2025-02-25T13:55:00.000000,2025,2025-02-25,SHORT,fib382,1.5,21233.28,21397.5,20986.949999999997,164.22000000000116,WIN,30.779999999998836,24,109.52999999999884,-47.970000000001164,time_exit,21397.5,21310.75,21259.75,21265.75,21180.75,21185.5,16837.0,87.3529411764706,-1
353,2025-02-25T09:00:00.000000,2025-02-25T12:00:00.000000,2025-02-25T13:55:00.000000,2025,2025-02-25,SHORT,fib382,2.0,21233.28,21397.5,20904.839999999997,164.22000000000116,WIN,30.779999999998836,24,109.52999999999884,-47.970000000001164,time_exit,21397.5,21310.75,21259.75,21265.75,21180.75,21185.5,16837.0,87.3529411764706,-1
353,2025-02-25T09:00:00.000000,2025-02-25T09:10:00.000000,2025-02-25T09:20:00.000000,2025,2025-02-25,SHORT,fib50,1.0,21223.25,21397.5,21049.0,174.25,WIN,174.25,3,195.0,-0.5,target,21397.5,21310.75,21259.75,21265.75,21180.75,21185.5,16837.0,87.3529411764706,-1
353,2025-02-25T09:00:00.000000,2025-02-25T09:10:00.000000,2025-02-25T11:05:00.000000,2025,2025-02-25,SHORT,fib50,1.5,21223.25,21397.5,20961.875,174.25,WIN,75.75,24,233.25,-0.5,time_exit,21397.5,21310.75,21259.75,21265.75,21180.75,21185.5,16837.0,87.3529411764706,-1
353,2025-02-25T09:00:00.000000,2025-02-25T09:10:00.000000,2025-02-25T11:05:00.000000,2025,2025-02-25,SHORT,fib50,2.0,21223.25,21397.5,20874.75,174.25,WIN,75.75,24,233.25,-0.5,time_exit,21397.5,21310.75,21259.75,21265.75,21180.75,21185.5,16837.0,87.3529411764706,-1
354,2025-02-25T09:15:00.000000,2025-02-25T09:50:00.000000,2025-02-25T11:45:00.000000,2025,2025-02-25,SHORT,fib382,1.0,21128.6595,21397.5,20859.819000000003,268.8404999999984,LOSS,-68.84049999999843,24,138.65950000000157,-91.34049999999843,time_exit,21397.5,21310.75,21140.5,21166.0,21068.25,21069.75,14992.0,72.37851662404093,-1
354,2025-02-25T09:15:00.000000,2025-02-25T09:50:00.000000,2025-02-25T11:45:00.000000,2025,2025-02-25,SHORT,fib382,1.5,21128.6595,21397.5,20725.398750000004,268.8404999999984,LOSS,-68.84049999999843,24,138.65950000000157,-91.34049999999843,time_exit,21397.5,21310.75,21140.5,21166.0,21068.25,21069.75,14992.0,72.37851662404093,-1
354,2025-02-25T09:15:00.000000,2025-02-25T09:50:00.000000,2025-02-25T11:45:00.000000,2025,2025-02-25,SHORT,fib382,2.0,21128.6595,21397.5,20590.978500000005,268.8404999999984,LOSS,-68.84049999999843,24,138.65950000000157,-91.34049999999843,time_exit,21397.5,21310.75,21140.5,21166.0,21068.25,21069.75,14992.0,72.37851662404093,-1
354,2025-02-25T09:15:00.000000,2025-02-25T09:35:00.000000,2025-02-25T11:30:00.000000,2025,2025-02-25,SHORT,fib50,1.0,21117.125,21397.5,20836.75,280.375,LOSS,-64.125,24,127.125,-85.625,time_exit,21397.5,21310.75,21140.5,21166.0,21068.25,21069.75,14992.0,72.37851662404093,-1
354,2025-02-25T09:15:00.000000,2025-02-25T09:35:00.000000,2025-02-25T11:30:00.000000,2025,2025-02-25,SHORT,fib50,1.5,21117.125,21397.5,20696.5625,280.375,LOSS,-64.125,24,127.125,-85.625,time_exit,21397.5,21310.75,21140.5,21166.0,21068.25,21069.75,14992.0,72.37851662404093,-1
354,2025-02-25T09:15:00.000000,2025-02-25T09:35:00.000000,2025-02-25T11:30:00.000000,2025,2025-02-25,SHORT,fib50,2.0,21117.125,21397.5,20556.375,280.375,LOSS,-64.125,24,127.125,-85.625,time_exit,21397.5,21310.75,21140.5,21166.0,21068.25,21069.75,14992.0,72.37851662404093,-1
355,2025-02-27T08:50:00.000000,2025-02-27T09:20:00.000000,2025-02-27T11:15:00.000000,2025,2025-02-27,SHORT,fib382,1.0,21147.2585,21381.0,20913.517,233.7415000000001,WIN,173.2584999999999,24,179.2584999999999,-18.741500000000087,time_exit,21381.0,21170.25,21182.5,21196.25,21068.0,21073.25,17965.0,85.18518518518519,-1
355,2025-02-27T08:50:00.000000,2025-02-27T09:20:00.000000,2025-02-27T11:15:00.000000,2025,2025-02-27,SHORT,fib382,1.5,21147.2585,21381.0,20796.646249999998,233.7415000000001,WIN,173.2584999999999,24,179.2584999999999,-18.741500000000087,time_exit,21381.0,21170.25,21182.5,21196.25,21068.0,21073.25,17965.0,85.18518518518519,-1
355,2025-02-27T08:50:00.000000,2025-02-27T09:20:00.000000,2025-02-27T11:15:00.000000,2025,2025-02-27,SHORT,fib382,2.0,21147.2585,21381.0,20679.7755,233.7415000000001,WIN,173.2584999999999,24,179.2584999999999,-18.741500000000087,time_exit,21381.0,21170.25,21182.5,21196.25,21068.0,21073.25,17965.0,85.18518518518519,-1
355,2025-02-27T08:50:00.000000,2025-02-27T09:20:00.000000,2025-02-27T11:15:00.000000,2025,2025-02-27,SHORT,fib50,1.0,21132.125,21381.0,20883.25,248.875,WIN,158.125,24,164.125,-33.875,time_exit,21381.0,21170.25,21182.5,21196.25,21068.0,21073.25,17965.0,85.18518518518519,-1
355,2025-02-27T08:50:00.000000,2025-02-27T09:20:00.000000,2025-02-27T11:15:00.000000,2025,2025-02-27,SHORT,fib50,1.5,21132.125,21381.0,20758.8125,248.875,WIN,158.125,24,164.125,-33.875,time_exit,21381.0,21170.25,21182.5,21196.25,21068.0,21073.25,17965.0,85.18518518518519,-1
355,2025-02-27T08:50:00.000000,2025-02-27T09:20:00.000000,2025-02-27T11:15:00.000000,2025,2025-02-27,SHORT,fib50,2.0,21132.125,21381.0,20634.375,248.875,WIN,158.125,24,164.125,-33.875,time_exit,21381.0,21170.25,21182.5,21196.25,21068.0,21073.25,17965.0,85.18518518518519,-1
356,2025-02-27T14:00:00.000000,,,2025,2025-02-27,SHORT,fib382,1.0,20800.963,21381.0,20220.926,580.0370000000003,NO_ENTRY,0.0,0,0.0,0.0,no_entry_or_no_exit,21381.0,21170.25,20835.0,20840.5,20737.0,20757.75,13731.0,74.63768115942028,-1
356,2025-02-27T14:00:00.000000,,,2025,2025-02-27,SHORT,fib382,1.5,20800.963,21381.0,19930.9075,580.0370000000003,NO_ENTRY,0.0,0,0.0,0.0,no_entry_or_no_exit,21381.0,21170.25,20835.0,20840.5,20737.0,20757.75,13731.0,74.63768115942028,-1
356,2025-02-27T14:00:00.000000,,,2025,2025-02-27,SHORT,fib382,2.0,20800.963,21381.0,19640.889,580.0370000000003,NO_ENTRY,0.0,0,0.0,0.0,no_entry_or_no_exit,21381.0,21170.25,20835.0,20840.5,20737.0,20757.75,13731.0,74.63768115942028,-1
356,2025-02-27T14:00:00.000000,,,2025,2025-02-27,SHORT,fib50,1.0,20788.75,21381.0,20196.5,592.25,NO_ENTRY,0.0,0,0.0,0.0,no_entry_or_no_exit,21381.0,21170.25,20835.0,20840.5,20737.0,20757.75,13731.0,74.63768115942028,-1
356,2025-02-27T14:00:00.000000,,,2025,2025-02-27,SHORT,fib50,1.5,20788.75,21381.0,19900.375,592.25,NO_ENTRY,0.0,0,0.0,0.0,no_entry_or_no_exit,21381.0,21170.25,20835.0,20840.5,20737.0,20757.75,13731.0,74.63768115942028,-1
356,2025-02-27T14:00:00.000000,,,2025,2025-02-27,SHORT,fib50,2.0,20788.75,21381.0,19604.25,592.25,NO_ENTRY,0.0,0,0.0,0.0,no_entry_or_no_exit,21381.0,21170.25,20835.0,20840.5,20737.0,20757.75,13731.0,74.63768115942028,-1
357,2025-02-28T12:25:00.000000,,,2025,2025-02-28,LONG,fib382,1.0,20535.391,20460.5,20610.282,74.89099999999962,NO_ENTRY,0.0,0,0.0,0.0,no_entry_or_no_exit,20645.0,20460.5,20497.25,20597.5,20497.0,20592.75,9629.0,95.02487562189054,1
357,2025-02-28T12:25:00.000000,,,2025,2025-02-28,LONG,fib382,1.5,20535.391,20460.5,20647.7275,74.89099999999962,NO_ENTRY,0.0,0,0.0,0.0,no_entry_or_no_exit,20645.0,20460.5,20497.25,20597.5,20497.0,20592.75,9629.0,95.02487562189054,1
357,2025-02-28T12:25:00.000000,,,2025,2025-02-28,LONG,fib382,2.0,20535.391,20460.5,20685.173,74.89099999999962,NO_ENTRY,0.0,0,0.0,0.0,no_entry_or_no_exit,20645.0,20460.5,20497.25,20597.5,20497.0,20592.75,9629.0,95.02487562189054,1
357,2025-02-28T12:25:00.000000,2025-02-28T12:55:00.000000,2025-02-28T13:30:00.000000,2025,2025-02-28,LONG,fib50,1.0,20547.25,20460.5,20634.0,86.75,WIN,86.75,8,101.5,-9.5,target,20645.0,20460.5,20497.25,20597.5,20497.0,20592.75,9629.0,95.02487562189054,1
357,2025-02-28T12:25:00.000000,2025-02-28T12:55:00.000000,2025-02-28T13:35:00.000000,2025,2025-02-28,LONG,fib50,1.5,20547.25,20460.5,20677.375,86.75,WIN,130.125,9,140.0,-9.5,target,20645.0,20460.5,20497.25,20597.5,20497.0,20592.75,9629.0,95.02487562189054,1
357,2025-02-28T12:25:00.000000,2025-02-28T12:55:00.000000,2025-02-28T13:50:00.000000,2025,2025-02-28,LONG,fib50,2.0,20547.25,20460.5,20720.75,86.75,WIN,173.5,12,174.5,-9.5,target,20645.0,20460.5,20497.25,20597.5,20497.0,20592.75,9629.0,95.02487562189054,1
358,2025-02-28T14:50:00.000000,,,2025,2025-02-28,LONG,fib382,1.0,20815.655,20460.5,21170.809999999998,355.15499999999884,NO_ENTRY,0.0,0,0.0,0.0,no_entry_or_no_exit,20645.0,20460.5,20781.75,20879.0,20776.5,20876.0,18004.0,91.95121951219512,1
358,2025-02-28T14:50:00.000000,,,2025,2025-02-28,LONG,fib382,1.5,20815.655,20460.5,21348.387499999997,355.15499999999884,NO_ENTRY,0.0,0,0.0,0.0,no_entry_or_no_exit,20645.0,20460.5,20781.75,20879.0,20776.5,20876.0,18004.0,91.95121951219512,1
358,2025-02-28T14:50:00.000000,,,2025,2025-02-28,LONG,fib382,2.0,20815.655,20460.5,21525.964999999997,355.15499999999884,NO_ENTRY,0.0,0,0.0,0.0,no_entry_or_no_exit,20645.0,20460.5,20781.75,20879.0,20776.5,20876.0,18004.0,91.95121951219512,1
358,2025-02-28T14:50:00.000000,,,2025,2025-02-28,LONG,fib50,1.0,20827.75,20460.5,21195.0,367.25,NO_ENTRY,0.0,0,0.0,0.0,no_entry_or_no_exit,20645.0,20460.5,20781.75,20879.0,20776.5,20876.0,18004.0,91.95121951219512,1
358,2025-02-28T14:50:00.000000,,,2025,2025-02-28,LONG,fib50,1.5,20827.75,20460.5,21378.625,367.25,NO_ENTRY,0.0,0,0.0,0.0,no_entry_or_no_exit,20645.0,20460.5,20781.75,20879.0,20776.5,20876.0,18004.0,91.95121951219512,1
358,2025-02-28T14:50:00.000000,,,2025,2025-02-28,LONG,fib50,2.0,20827.75,20460.5,21562.25,367.25,NO_ENTRY,0.0,0,0.0,0.0,no_entry_or_no_exit,20645.0,20460.5,20781.75,20879.0,20776.5,20876.0,18004.0,91.95121951219512,1
359,2025-03-03T09:45:00.000000,2025-03-03T10:20:00.000000,2025-03-03T12:05:00.000000,2025,2025-03-03,SHORT,fib382,1.0,20946.2015,21121.0,20771.403,174.7985000000008,WIN,174.7985000000008,22,209.4514999999992,-38.798500000000786,target,21121.0,20942.75,20980.5,20981.25,20889.5,20908.5,8269.0,78.4741144414169,-1
359,2025-03-03T09:45:00.000000,2025-03-03T10:20:00.000000,2025-03-03T12:15:00.000000,2025,2025-03-03,SHORT,fib382,1.5,20946.2015,21121.0,20684.003749999996,174.7985000000008,WIN,202.9514999999992,24,241.4514999999992,-38.798500000000786,time_exit,21121.0,20942.75,20980.5,20981.25,20889.5,20908.5,8269.0,78.4741144414169,-1
359,2025-03-03T09:45:00.000000,2025-03-03T10:20:00.000000,2025-03-03T12:15:00.000000,2025,2025-03-03,SHORT,fib382,2.0,20946.2015,21121.0,20596.604499999998,174.7985000000008,WIN,202.9514999999992,24,241.4514999999992,-38.798500000000786,time_exit,21121.0,20942.75,20980.5,20981.25,20889.5,20908.5,8269.0,78.4741144414169,-1
359,2025-03-03T09:45:00.000000,2025-03-03T09:50:00.000000,2025-03-03T11:45:00.000000,2025,2025-03-03,SHORT,fib50,1.0,20935.375,21121.0,20749.75,185.625,WIN,26.875,24,104.375,-49.625,time_exit,21121.0,20942.75,20980.5,20981.25,20889.5,20908.5,8269.0,78.4741144414169,-1
359,2025-03-03T09:45:00.000000,2025-03-03T09:50:00.000000,2025-03-03T11:45:00.000000,2025,2025-03-03,SHORT,fib50,1.5,20935.375,21121.0,20656.9375,185.625,WIN,26.875,24,104.375,-49.625,time_exit,21121.0,20942.75,20980.5,20981.25,20889.5,20908.5,8269.0,78.4741144414169,-1
359,2025-03-03T09:45:00.000000,2025-03-03T09:50:00.000000,2025-03-03T11:45:00.000000,2025,2025-03-03,SHORT,fib50,2.0,20935.375,21121.0,20564.125,185.625,WIN,26.875,24,104.375,-49.625,time_exit,21121.0,20942.75,20980.5,20981.25,20889.5,20908.5,8269.0,78.4741144414169,-1
360,2025-03-03T09:55:00.000000,2025-03-03T10:00:00.000000,2025-03-03T11:55:00.000000,2025,2025-03-03,SHORT,fib382,1.0,20902.4795,21121.0,20683.959000000003,218.52049999999872,WIN,53.22950000000128,24,80.47950000000128,-82.52049999999872,time_exit,21121.0,20942.75,20928.75,20936.0,20848.25,20858.0,8589.0,80.62678062678063,-1
360,2025-03-03T09:55:00.000000,2025-03-03T10:00:00.000000,2025-03-03T11:55:00.000000,2025,2025-03-03,SHORT,fib382,1.5,20902.4795,21121.0,20574.698750000003,218.52049999999872,WIN,53.22950000000128,24,80.47950000000128,-82.52049999999872,time_exit,21121.0,20942.75,20928.75,20936.0,20848.25,20858.0,8589.0,80.62678062678063,-1
360,2025-03-03T09:55:00.000000,2025-03-03T10:00:00.000000,2025-03-03T11:55:00.000000,2025,2025-03-03,SHORT,fib382,2.0,20902.4795,21121.0,20465.438500000004,218.52049999999872,WIN,53.22950000000128,24,80.47950000000128,-82.52049999999872,time_exit,21121.0,20942.75,20928.75,20936.0,20848.25,20858.0,8589.0,80.62678062678063,-1
360,2025-03-03T09:55:00.000000,2025-03-03T10:00:00.000000,2025-03-03T11:55:00.000000,2025,2025-03-03,SHORT,fib50,1.0,20892.125,21121.0,20663.25,228.875,WIN,42.875,24,70.125,-92.875,time_exit,21121.0,20942.75,20928.75,20936.0,20848.25,20858.0,8589.0,80.62678062678063,-1
360,2025-03-03T09:55:00.000000,2025-03-03T10:00:00.000000,2025-03-03T11:55:00.000000,2025,2025-03-03,SHORT,fib50,1.5,20892.125,21121.0,20548.8125,228.875,WIN,42.875,24,70.125,-92.875,time_exit,21121.0,20942.75,20928.75,20936.0,20848.25,20858.0,8589.0,80.62678062678063,-1
360,2025-03-03T09:55:00.000000,2025-03-03T10:00:00.000000,2025-03-03T11:55:00.000000,2025,2025-03-03,SHORT,fib50,2.0,20892.125,21121.0,20434.375,228.875,WIN,42.875,24,70.125,-92.875,time_exit,21121.0,20942.75,20928.75,20936.0,20848.25,20858.0,8589.0,80.62678062678063,-1
361,2025-03-03T10:25:00.000000,2025-03-03T10:55:00.000000,2025-03-03T12:05:00.000000,2025,2025-03-03,SHORT,fib382,1.0,20942.974,21121.0,20764.947999999997,178.02600000000166,WIN,178.02600000000166,15,206.22399999999834,-21.52600000000166,target,21121.0,20942.75,20977.75,20978.5,20885.5,20886.0,8152.0,98.65591397849462,-1
361,2025-03-03T10:25:00.000000,2025-03-03T10:55:00.000000,2025-03-03T12:25:00.000000,2025,2025-03-03,SHORT,fib382,1.5,20942.974,21121.0,20675.934999999998,178.02600000000166,WIN,267.0390000000025,19,267.47399999999834,-21.52600000000166,target,21121.0,20942.75,20977.75,20978.5,20885.5,20886.0,8152.0,98.65591397849462,-1
361,2025-03-03T10:25:00.000000,2025-03-03T10:55:00.000000,2025-03-03T12:50:00.000000,2025,2025-03-03,SHORT,fib382,2.0,20942.974,21121.0,20586.921999999995,178.02600000000166,WIN,217.97399999999834,24,289.72399999999834,-21.52600000000166,time_exit,21121.0,20942.75,20977.75,20978.5,20885.5,20886.0,8152.0,98.65591397849462,-1
361,2025-03-03T10:25:00.000000,2025-03-03T10:50:00.000000,2025-03-03T12:05:00.000000,2025,2025-03-03,SHORT,fib50,1.0,20932.0,21121.0,20743.0,189.0,WIN,189.0,16,195.25,-32.5,target,21121.0,20942.75,20977.75,20978.5,20885.5,20886.0,8152.0,98.65591397849462,-1
361,2025-03-03T10:25:00.000000,2025-03-03T10:50:00.000000,2025-03-03T12:45:00.000000,2025,2025-03-03,SHORT,fib50,1.5,20932.0,21121.0,20648.5,189.0,WIN,218.25,24,278.75,-32.5,time_exit,21121.0,20942.75,20977.75,20978.5,20885.5,20886.0,8152.0,98.65591397849462,-1
361,2025-03-03T10:25:00.000000,2025-03-03T10:50:00.000000,2025-03-03T12:45:00.000000,2025,2025-03-03,SHORT,fib50,2.0,20932.0,21121.0,20554.0,189.0,WIN,218.25,24,278.75,-32.5,time_exit,21121.0,20942.75,20977.75,20978.5,20885.5,20886.0,8152.0,98.65591397849462,-1
362,2025-03-03T12:05:00.000000,2025-03-03T13:00:00.000000,2025-03-03T14:10:00.000000,2025,2025-03-03,SHORT,fib382,1.0,20787.5805,21121.0,20454.161,333.41949999999997,WIN,333.41949999999997,15,360.58050000000003,-32.16949999999997,target,21121.0,20942.75,20819.0,20819.0,20736.75,20745.0,9938.0,89.96960486322189,-1
362,2025-03-03T12:05:00.000000,2025-03-03T13:00:00.000000,2025-03-03T14:55:00.000000,2025,2025-03-03,SHORT,fib382,1.5,20787.5805,21121.0,20287.45125,333.41949999999997,WIN,314.58050000000003,24,470.83050000000003,-32.16949999999997,time_exit,21121.0,20942.75,20819.0,20819.0,20736.75,20745.0,9938.0,89.96960486322189,-1
362,2025-03-03T12:05:00.000000,2025-03-03T13:00:00.000000,2025-03-03T14:55:00.000000,2025,2025-03-03,SHORT,fib382,2.0,20787.5805,21121.0,20120.7415,333.41949999999997,WIN,314.58050000000003,24,470.83050000000003,-32.16949999999997,time_exit,21121.0,20942.75,20819.0,20819.0,20736.75,20745.0,9938.0,89.96960486322189,-1
362,2025-03-03T12:05:00.000000,2025-03-03T13:00:00.000000,2025-03-03T14:10:00.000000,2025,2025-03-03,SHORT,fib50,1.0,20777.875,21121.0,20434.75,343.125,WIN,343.125,15,350.875,-41.875,target,21121.0,20942.75,20819.0,20819.0,20736.75,20745.0,9938.0,89.96960486322189,-1
362,2025-03-03T12:05:00.000000,2025-03-03T13:00:00.000000,2025-03-03T14:55:00.000000,2025,2025-03-03,SHORT,fib50,1.5,20777.875,21121.0,20263.1875,343.125,WIN,304.875,24,461.125,-41.875,time_exit,21121.0,20942.75,20819.0,20819.0,20736.75,20745.0,9938.0,89.96960486322189,-1
362,2025-03-03T12:05:00.000000,2025-03-03T13:00:00.000000,2025-03-03T14:55:00.000000,2025,2025-03-03,SHORT,fib50,2.0,20777.875,21121.0,20091.625,343.125,WIN,304.875,24,461.125,-41.875,time_exit,21121.0,20942.75,20819.0,20819.0,20736.75,20745.0,9938.0,89.96960486322189,-1
363,2025-03-03T12:25:00.000000,2025-03-03T12:45:00.000000,2025-03-03T14:40:00.000000,2025,2025-03-03,SHORT,fib382,1.0,20726.176,21121.0,20331.352,394.8240000000005,WIN,394.8240000000005,24,409.4259999999995,-93.57400000000052,target,21121.0,20942.75,20756.75,20757.5,20675.5,20685.5,9483.0,86.89024390243902,-1
363,2025-03-03T12:25:00.000000,2025-03-03T12:45:00.000000,2025-03-03T14:40:00.000000,2025,2025-03-03,SHORT,fib382,1.5,20726.176,21121.0,20133.94,394.8240000000005,WIN,381.1759999999995,24,409.4259999999995,-93.57400000000052,time_exit,21121.0,20942.75,20756.75,20757.5,20675.5,20685.5,9483.0,86.89024390243902,-1
363,2025-03-03T12:25:00.000000,2025-03-03T12:45:00.000000,2025-03-03T14:40:00.000000,2025,2025-03-03,SHORT,fib382,2.0,20726.176,21121.0,19936.528,394.8240000000005,WIN,381.1759999999995,24,409.4259999999995,-93.57400000000052,time_exit,21121.0,20942.75,20756.75,20757.5,20675.5,20685.5,9483.0,86.89024390243902,-1
363,2025-03-03T12:25:00.000000,2025-03-03T12:45:00.000000,2025-03-03T14:40:00.000000,2025,2025-03-03,SHORT,fib50,1.0,20716.5,21121.0,20312.0,404.5,WIN,371.5,24,399.75,-103.25,time_exit,21121.0,20942.75,20756.75,20757.5,20675.5,20685.5,9483.0,86.89024390243902,-1
363,2025-03-03T12:25:00.000000,2025-03-03T12:45:00.000000,2025-03-03T14:40:00.000000,2025,2025-03-03,SHORT,fib50,1.5,20716.5,21121.0,20109.75,404.5,WIN,371.5,24,399.75,-103.25,time_exit,21121.0,20942.75,20756.75,20757.5,20675.5,20685.5,9483.0,86.89024390243902,-1
363,2025-03-03T12:25:00.000000,2025-03-03T12:45:00.000000,2025-03-03T14:40:00.000000,2025,2025-03-03,SHORT,fib50,2.0,20716.5,21121.0,19907.5,404.5,WIN,371.5,24,399.75,-103.25,time_exit,21121.0,20942.75,20756.75,20757.5,20675.5,20685.5,9483.0,86.89024390243902,-1
364,2025-03-03T13:50:00.000000,,,2025,2025-03-03,SHORT,fib382,1.0,20689.444,21121.0,20257.888,431.5560000000005,NO_ENTRY,0.0,0,0.0,0.0,no_entry_or_no_exit,21121.0,20942.75,20721.25,20740.25,20607.25,20638.75,15965.0,62.03007518796993,-1
364,2025-03-03T13:50:00.000000,,,2025,2025-03-03,SHORT,fib382,1.5,20689.444,21121.0,20042.11,431.5560000000005,NO_ENTRY,0.0,0,0.0,0.0,no_entry_or_no_exit,21121.0,20942.75,20721.25,20740.25,20607.25,20638.75,15965.0,62.03007518796993,-1
364,2025-03-03T13:50:00.000000,,,2025,2025-03-03,SHORT,fib382,2.0,20689.444,21121.0,19826.332,431.5560000000005,NO_ENTRY,0.0,0,0.0,0.0,no_entry_or_no_exit,21121.0,20942.75,20721.25,20740.25,20607.25,20638.75,15965.0,62.03007518796993,-1
364,2025-03-03T13:50:00.000000,2025-03-03T13:55:00.000000,2025-03-03T15:50:00.000000,2025,2025-03-03,SHORT,fib50,1.0,20673.75,21121.0,20226.5,447.25,WIN,154.0,24,357.0,-2.0,time_exit,21121.0,20942.75,20721.25,20740.25,20607.25,20638.75,15965.0,62.03007518796993,-1
364,2025-03-03T13:50:00.000000,2025-03-03T13:55:00.000000,2025-03-03T15:50:00.000000,2025,2025-03-03,SHORT,fib50,1.5,20673.75,21121.0,20002.875,447.25,WIN,154.0,24,357.0,-2.0,time_exit,21121.0,20942.75,20721.25,20740.25,20607.25,20638.75,15965.0,62.03007518796993,-1
364,2025-03-03T13:50:00.000000,2025-03-03T13:55:00.000000,2025-03-03T15:50:00.000000,2025,2025-03-03,SHORT,fib50,2.0,20673.75,21121.0,19779.25,447.25,WIN,154.0,24,357.0,-2.0,time_exit,21121.0,20942.75,20721.25,20740.25,20607.25,20638.75,15965.0,62.03007518796993,-1
365,2025-03-03T14:00:00.000000,2025-03-03T19:00:00.000000,2025-03-03T20:55:00.000000,2025,2025-03-03,SHORT,fib382,1.0,20566.3675,21121.0,20011.735,554.6324999999997,WIN,42.36750000000029,24,100.11750000000029,-4.632499999999709,time_exit,21121.0,20942.75,20604.25,20606.0,20502.25,20534.25,16043.0,67.46987951807229,-1
365,2025-03-03T14:00:00.000000,2025-03-03T19:00:00.000000,2025-03-03T20:55:00.000000,2025,2025-03-03,SHORT,fib382,1.5,20566.3675,21121.0,19734.41875,554.6324999999997,WIN,42.36750000000029,24,100.11750000000029,-4.632499999999709,time_exit,21121.0,20942.75,20604.25,20606.0,20502.25,20534.25,16043.0,67.46987951807229,-1
365,2025-03-03T14:00:00.000000,2025-03-03T19:00:00.000000,2025-03-03T20:55:00.000000,2025,2025-03-03,SHORT,fib382,2.0,20566.3675,21121.0,19457.1025,554.6324999999997,WIN,42.36750000000029,24,100.11750000000029,-4.632499999999709,time_exit,21121.0,20942.75,20604.25,20606.0,20502.25,20534.25,16043.0,67.46987951807229,-1
365,2025-03-03T14:00:00.000000,2025-03-03T14:05:00.000000,2025-03-03T17:00:00.000000,2025,2025-03-03,SHORT,fib50,1.0,20554.125,21121.0,19987.25,566.875,WIN,51.375,24,237.375,-3.875,time_exit,21121.0,20942.75,20604.25,20606.0,20502.25,20534.25,16043.0,67.46987951807229,-1
365,2025-03-03T14:00:00.000000,2025-03-03T14:05:00.000000,2025-03-03T17:00:00.000000,2025,2025-03-03,SHORT,fib50,1.5,20554.125,21121.0,19703.8125,566.875,WIN,51.375,24,237.375,-3.875,time_exit,21121.0,20942.75,20604.25,20606.0,20502.25,20534.25,16043.0,67.46987951807229,-1
365,2025-03-03T14:00:00.000000,2025-03-03T14:05:00.000000,2025-03-03T17:00:00.000000,2025,2025-03-03,SHORT,fib50,2.0,20554.125,21121.0,19420.375,566.875,WIN,51.375,24,237.375,-3.875,time_exit,21121.0,20942.75,20604.25,20606.0,20502.25,20534.25,16043.0,67.46987951807229,-1
366,2025-03-04T09:15:00.000000,2025-03-04T09:25:00.000000,2025-03-04T11:20:00.000000,2025,2025-03-04,SHORT,fib382,1.0,20161.879,20430.0,19893.758,268.1209999999992,LOSS,-188.87099999999919,24,66.37900000000081,-221.62099999999919,time_exit,20430.0,20260.0,20205.5,20206.0,20090.5,20104.25,15132.0,87.66233766233766,-1
366,2025-03-04T09:15:00.000000,2025-03-04T09:25:00.000000,2025-03-04T11:20:00.000000,2025,2025-03-04,SHORT,fib382,1.5,20161.879,20430.0,19759.697500000002,268.1209999999992,LOSS,-188.87099999999919,24,66.37900000000081,-221.62099999999919,time_exit,20430.0,20260.0,20205.5,20206.0,20090.5,20104.25,15132.0,87.66233766233766,-1
366,2025-03-04T09:15:00.000000,2025-03-04T09:25:00.000000,2025-03-04T11:20:00.000000,2025,2025-03-04,SHORT,fib382,2.0,20161.879,20430.0,19625.637000000002,268.1209999999992,LOSS,-188.87099999999919,24,66.37900000000081,-221.62099999999919,time_exit,20430.0,20260.0,20205.5,20206.0,20090.5,20104.25,15132.0,87.66233766233766,-1
366,2025-03-04T09:15:00.000000,2025-03-04T09:25:00.000000,2025-03-04T11:20:00.000000,2025,2025-03-04,SHORT,fib50,1.0,20148.25,20430.0,19866.5,281.75,LOSS,-202.5,24,52.75,-235.25,time_exit,20430.0,20260.0,20205.5,20206.0,20090.5,20104.25,15132.0,87.66233766233766,-1
366,2025-03-04T09:15:00.000000,2025-03-04T09:25:00.000000,2025-03-04T11:20:00.000000,2025,2025-03-04,SHORT,fib50,1.5,20148.25,20430.0,19725.625,281.75,LOSS,-202.5,24,52.75,-235.25,time_exit,20430.0,20260.0,20205.5,20206.0,20090.5,20104.25,15132.0,87.66233766233766,-1
366,2025-03-04T09:15:00.000000,2025-03-04T09:25:00.000000,2025-03-04T11:20:00.000000,2025,2025-03-04,SHORT,fib50,2.0,20148.25,20430.0,19584.75,281.75,LOSS,-202.5,24,52.75,-235.25,time_exit,20430.0,20260.0,20205.5,20206.0,20090.5,20104.25,15132.0,87.66233766233766,-1
369,2025-03-05T13:05:00.000000,2025-03-05T13:20:00.000000,2025-03-05T15:15:00.000000,2025,2025-03-05,LONG,fib382,1.0,20633.484,20313.75,20953.218,319.7340000000004,LOSS,-17.98400000000038,24,91.51599999999962,-55.98400000000038,time_exit,20455.75,20313.75,20613.0,20687.25,20600.25,20685.0,9423.0,82.75862068965517,1
369,2025-03-05T13:05:00.000000,2025-03-05T13:20:00.000000,2025-03-05T15:15:00.000000,2025,2025-03-05,LONG,fib382,1.5,20633.484,20313.75,21113.085,319.7340000000004,LOSS,-17.98400000000038,24,91.51599999999962,-55.98400000000038,time_exit,20455.75,20313.75,20613.0,20687.25,20600.25,20685.0,9423.0,82.75862068965517,1
369,2025-03-05T13:05:00.000000,2025-03-05T13:20:00.000000,2025-03-05T15:15:00.000000,2025,2025-03-05,LONG,fib382,2.0,20633.484,20313.75,21272.952,319.7340000000004,LOSS,-17.98400000000038,24,91.51599999999962,-55.98400000000038,time_exit,20455.75,20313.75,20613.0,20687.25,20600.25,20685.0,9423.0,82.75862068965517,1
369,2025-03-05T13:05:00.000000,2025-03-05T13:15:00.000000,2025-03-05T15:10:00.000000,2025,2025-03-05,LONG,fib50,1.0,20643.75,20313.75,20973.75,330.0,LOSS,-47.0,24,81.25,-66.25,time_exit,20455.75,20313.75,20613.0,20687.25,20600.25,20685.0,9423.0,82.75862068965517,1
369,2025-03-05T13:05:00.000000,2025-03-05T13:15:00.000000,2025-03-05T15:10:00.000000,2025,2025-03-05,LONG,fib50,1.5,20643.75,20313.75,21138.75,330.0,LOSS,-47.0,24,81.25,-66.25,time_exit,20455.75,20313.75,20613.0,20687.25,20600.25,20685.0,9423.0,82.75862068965517,1
369,2025-03-05T13:05:00.000000,2025-03-05T13:15:00.000000,2025-03-05T15:10:00.000000,2025,2025-03-05,LONG,fib50,2.0,20643.75,20313.75,21303.75,330.0,LOSS,-47.0,24,81.25,-66.25,time_exit,20455.75,20313.75,20613.0,20687.25,20600.25,20685.0,9423.0,82.75862068965517,1
370,2025-03-06T14:20:00.000000,2025-03-06T14:25:00.000000,2025-03-06T17:20:00.000000,2025,2025-03-06,SHORT,fib382,1.0,20097.904,20319.75,19876.057999999997,221.84600000000137,LOSS,-88.09600000000137,24,57.65399999999863,-127.84600000000137,time_exit,20319.75,20228.25,20124.0,20137.25,20034.25,20054.0,6407.0,67.96116504854369,-1
370,2025-03-06T14:20:00.000000,2025-03-06T14:25:00.000000,2025-03-06T17:20:00.000000,2025,2025-03-06,SHORT,fib382,1.5,20097.904,20319.75,19765.134999999995,221.84600000000137,LOSS,-88.09600000000137,24,57.65399999999863,-127.84600000000137,time_exit,20319.75,20228.25,20124.0,20137.25,20034.25,20054.0,6407.0,67.96116504854369,-1
370,2025-03-06T14:20:00.000000,2025-03-06T14:25:00.000000,2025-03-06T17:20:00.000000,2025,2025-03-06,SHORT,fib382,2.0,20097.904,20319.75,19654.211999999996,221.84600000000137,LOSS,-88.09600000000137,24,57.65399999999863,-127.84600000000137,time_exit,20319.75,20228.25,20124.0,20137.25,20034.25,20054.0,6407.0,67.96116504854369,-1
370,2025-03-06T14:20:00.000000,2025-03-06T14:25:00.000000,2025-03-06T17:20:00.000000,2025,2025-03-06,SHORT,fib50,1.0,20085.75,20319.75,19851.75,234.0,LOSS,-100.25,24,45.5,-140.0,time_exit,20319.75,20228.25,20124.0,20137.25,20034.25,20054.0,6407.0,67.96116504854369,-1
370,2025-03-06T14:20:00.000000,2025-03-06T14:25:00.000000,2025-03-06T17:20:00.000000,2025,2025-03-06,SHORT,fib50,1.5,20085.75,20319.75,19734.75,234.0,LOSS,-100.25,24,45.5,-140.0,time_exit,20319.75,20228.25,20124.0,20137.25,20034.25,20054.0,6407.0,67.96116504854369,-1
370,2025-03-06T14:20:00.000000,2025-03-06T14:25:00.000000,2025-03-06T17:20:00.000000,2025,2025-03-06,SHORT,fib50,2.0,20085.75,20319.75,19617.75,234.0,LOSS,-100.25,24,45.5,-140.0,time_exit,20319.75,20228.25,20124.0,20137.25,20034.25,20054.0,6407.0,67.96116504854369,-1
371,2025-03-07T09:30:00.000000,2025-03-07T09:45:00.000000,2025-03-07T10:35:00.000000,2025,2025-03-07,SHORT,fib382,1.0,20007.812,20191.25,19824.374000000003,183.43799999999828,WIN,183.43799999999828,11,185.31200000000172,-79.18799999999828,target,20191.25,20023.75,20059.0,20059.0,19925.0,19952.75,14945.0,79.2910447761194,-1
371,2025-03-07T09:30:00.000000,2025-03-07T09:45:00.000000,2025-03-07T11:40:00.000000,2025,2025-03-07,SHORT,fib382,1.5,20007.812,20191.25,19732.655000000006,183.43799999999828,WIN,6.312000000001717,24,242.31200000000172,-79.18799999999828,time_exit,20191.25,20023.75,20059.0,20059.0,19925.0,19952.75,14945.0,79.2910447761194,-1
371,2025-03-07T09:30:00.000000,2025-03-07T09:45:00.000000,2025-03-07T11:40:00.000000,2025,2025-03-07,SHORT,fib382,2.0,20007.812,20191.25,19640.936000000005,183.43799999999828,WIN,6.312000000001717,24,242.31200000000172,-79.18799999999828,time_exit,20191.25,20023.75,20059.0,20059.0,19925.0,19952.75,14945.0,79.2910447761194,-1
371,2025-03-07T09:30:00.000000,2025-03-07T09:45:00.000000,2025-03-07T10:40:00.000000,2025,2025-03-07,SHORT,fib50,1.0,19992.0,20191.25,19792.75,199.25,WIN,199.25,12,211.0,-95.0,target,20191.25,20023.75,20059.0,20059.0,19925.0,19952.75,14945.0,79.2910447761194,-1
371,2025-03-07T09:30:00.000000,2025-03-07T09:45:00.000000,2025-03-07T11:40:00.000000,2025,2025-03-07,SHORT,fib50,1.5,19992.0,20191.25,19693.125,199.25,LOSS,-9.5,24,226.5,-95.0,time_exit,20191.25,20023.75,20059.0,20059.0,19925.0,19952.75,14945.0,79.2910447761194,-1
371,2025-03-07T09:30:00.000000,2025-03-07T09:45:00.000000,2025-03-07T11:40:00.000000,2025,2025-03-07,SHORT,fib50,2.0,19992.0,20191.25,19593.5,199.25,LOSS,-9.5,24,226.5,-95.0,time_exit,20191.25,20023.75,20059.0,20059.0,19925.0,19952.75,14945.0,79.2910447761194,-1
373,2025-03-07T11:55:00.000000,2025-03-07T12:00:00.000000,2025-03-07T13:00:00.000000,2025,2025-03-07,SHORT,fib382,1.0,20022.2705,20191.25,19853.290999999997,168.97950000000128,LOSS,-168.97950000000128,13,79.27049999999872,-185.72950000000128,stop,20191.25,20023.75,20074.0,20084.25,19922.0,19945.75,11595.0,79.04468412942988,-1
373,2025-03-07T11:55:00.000000,2025-03-07T12:00:00.000000,2025-03-07T13:00:00.000000,2025,2025-03-07,SHORT,fib382,1.5,20022.2705,20191.25,19768.801249999997,168.97950000000128,LOSS,-168.97950000000128,13,79.27049999999872,-185.72950000000128,stop,20191.25,20023.75,20074.0,20084.25,19922.0,19945.75,11595.0,79.04468412942988,-1
373,2025-03-07T11:55:00.000000,2025-03-07T12:00:00.000000,2025-03-07T13:00:00.000000,2025,2025-03-07,SHORT,fib382,2.0,20022.2705,20191.25,19684.311499999996,168.97950000000128,LOSS,-168.97950000000128,13,79.27049999999872,-185.72950000000128,stop,20191.25,20023.75,20074.0,20084.25,19922.0,19945.75,11595.0,79.04468412942988,-1
373,2025-03-07T11:55:00.000000,2025-03-07T12:00:00.000000,2025-03-07T13:00:00.000000,2025,2025-03-07,SHORT,fib50,1.0,20003.125,20191.25,19815.0,188.125,LOSS,-188.125,13,60.125,-204.875,stop,20191.25,20023.75,20074.0,20084.25,19922.0,19945.75,11595.0,79.04468412942988,-1
373,2025-03-07T11:55:00.000000,2025-03-07T12:00:00.000000,2025-03-07T13:00:00.000000,2025,2025-03-07,SHORT,fib50,1.5,20003.125,20191.25,19720.9375,188.125,LOSS,-188.125,13,60.125,-204.875,stop,20191.25,20023.75,20074.0,20084.25,19922.0,19945.75,11595.0,79.04468412942988,-1
373,2025-03-07T11:55:00.000000,2025-03-07T12:00:00.000000,2025-03-07T13:00:00.000000,2025,2025-03-07,SHORT,fib50,2.0,20003.125,20191.25,19626.875,188.125,LOSS,-188.125,13,60.125,-204.875,stop,20191.25,20023.75,20074.0,20084.25,19922.0,19945.75,11595.0,79.04468412942988,-1
374,2025-03-07T12:35:00.000000,2025-03-07T12:40:00.000000,2025-03-07T12:50:00.000000,2025,2025-03-07,LONG,fib382,1.0,20095.97,20023.75,20168.190000000002,72.22000000000116,WIN,72.22000000000116,3,80.77999999999884,-2.970000000001164,target,20191.25,20023.75,20072.75,20148.5,20063.5,20139.75,6746.0,78.82352941176471,1
374,2025-03-07T12:35:00.000000,2025-03-07T12:40:00.000000,2025-03-07T13:00:00.000000,2025,2025-03-07,LONG,fib382,1.5,20095.97,20023.75,20204.300000000003,72.22000000000116,WIN,108.33000000000175,5,112.02999999999884,-2.970000000001164,target,20191.25,20023.75,20072.75,20148.5,20063.5,20139.75,6746.0,78.82352941176471,1
374,2025-03-07T12:35:00.000000,2025-03-07T12:40:00.000000,2025-03-07T13:20:00.000000,2025,2025-03-07,LONG,fib382,2.0,20095.97,20023.75,20240.410000000003,72.22000000000116,WIN,144.44000000000233,9,173.77999999999884,-2.970000000001164,target,20191.25,20023.75,20072.75,20148.5,20063.5,20139.75,6746.0,78.82352941176471,1
374,2025-03-07T12:35:00.000000,2025-03-07T12:40:00.000000,2025-03-07T13:00:00.000000,2025,2025-03-07,LONG,fib50,1.0,20106.0,20023.75,20188.25,82.25,WIN,82.25,5,102.0,-13.0,target,20191.25,20023.75,20072.75,20148.5,20063.5,20139.75,6746.0,78.82352941176471,1
374,2025-03-07T12:35:00.000000,2025-03-07T12:40:00.000000,2025-03-07T13:20:00.000000,2025,2025-03-07,LONG,fib50,1.5,20106.0,20023.75,20229.375,82.25,WIN,123.375,9,163.75,-13.0,target,20191.25,20023.75,20072.75,20148.5,20063.5,20139.75,6746.0,78.82352941176471,1
374,2025-03-07T12:35:00.000000,2025-03-07T12:40:00.000000,2025-03-07T13:25:00.000000,2025,2025-03-07,LONG,fib50,2.0,20106.0,20023.75,20270.5,82.25,WIN,164.5,10,168.0,-13.0,target,20191.25,20023.75,20072.75,20148.5,20063.5,20139.75,6746.0,78.82352941176471,1
376,2025-03-11T09:05:00.000000,2025-03-11T10:05:00.000000,2025-03-11T11:20:00.000000,2025,2025-03-11,LONG,fib382,1.0,19379.401,19264.5,19494.302000000003,114.90100000000166,LOSS,-114.90100000000166,16,54.34899999999834,-159.65100000000166,stop,19384.5,19264.5,19326.5,19475.5,19320.0,19468.75,9702.0,91.47909967845659,1
376,2025-03-11T09:05:00.000000,2025-03-11T10:05:00.000000,2025-03-11T11:20:00.000000,2025,2025-03-11,LONG,fib382,1.5,19379.401,19264.5,19551.752500000002,114.90100000000166,LOSS,-114.90100000000166,16,54.34899999999834,-159.65100000000166,stop,19384.5,19264.5,19326.5,19475.5,19320.0,19468.75,9702.0,91.47909967845659,1
376,2025-03-11T09:05:00.000000,2025-03-11T10:05:00.000000,2025-03-11T11:20:00.000000,2025,2025-03-11,LONG,fib382,2.0,19379.401,19264.5,19609.203000000005,114.90100000000166,LOSS,-114.90100000000166,16,54.34899999999834,-159.65100000000166,stop,19384.5,19264.5,19326.5,19475.5,19320.0,19468.75,9702.0,91.47909967845659,1
376,2025-03-11T09:05:00.000000,2025-03-11T10:00:00.000000,2025-03-11T11:20:00.000000,2025,2025-03-11,LONG,fib50,1.0,19397.75,19264.5,19531.0,133.25,LOSS,-133.25,17,48.25,-178.0,stop,19384.5,19264.5,19326.5,19475.5,19320.0,19468.75,9702.0,91.47909967845659,1
376,2025-03-11T09:05:00.000000,2025-03-11T10:00:00.000000,2025-03-11T11:20:00.000000,2025,2025-03-11,LONG,fib50,1.5,19397.75,19264.5,19597.625,133.25,LOSS,-133.25,17,48.25,-178.0,stop,19384.5,19264.5,19326.5,19475.5,19320.0,19468.75,9702.0,91.47909967845659,1
376,2025-03-11T09:05:00.000000,2025-03-11T10:00:00.000000,2025-03-11T11:20:00.000000,2025,2025-03-11,LONG,fib50,2.0,19397.75,19264.5,19664.25,133.25,LOSS,-133.25,17,48.25,-178.0,stop,19384.5,19264.5,19326.5,19475.5,19320.0,19468.75,9702.0,91.47909967845659,1
377,2025-03-11T12:00:00.000000,,,2025,2025-03-11,LONG,fib382,1.0,19366.2725,19264.5,19468.045,101.77249999999913,NO_ENTRY,0.0,0,0.0,0.0,no_entry_or_no_exit,19384.5,19264.5,19326.0,19442.75,19319.0,19421.5,10214.0,77.17171717171716,1
377,2025-03-11T12:00:00.000000,,,2025,2025-03-11,LONG,fib382,1.5,19366.2725,19264.5,19518.931249999998,101.77249999999913,NO_ENTRY,0.0,0,0.0,0.0,no_entry_or_no_exit,19384.5,19264.5,19326.0,19442.75,19319.0,19421.5,10214.0,77.17171717171716,1
377,2025-03-11T12:00:00.000000,,,2025,2025-03-11,LONG,fib382,2.0,19366.2725,19264.5,19569.817499999997,101.77249999999913,NO_ENTRY,0.0,0,0.0,0.0,no_entry_or_no_exit,19384.5,19264.5,19326.0,19442.75,19319.0,19421.5,10214.0,77.17171717171716,1
377,2025-03-11T12:00:00.000000,2025-03-11T14:35:00.000000,2025-03-11T17:30:00.000000,2025,2025-03-11,LONG,fib50,1.0,19380.875,19264.5,19497.25,116.375,WIN,56.625,24,98.875,-9.125,time_exit,19384.5,19264.5,19326.0,19442.75,19319.0,19421.5,10214.0,77.17171717171716,1
377,2025-03-11T12:00:00.000000,2025-03-11T14:35:00.000000,2025-03-11T17:30:00.000000,2025,2025-03-11,LONG,fib50,1.5,19380.875,19264.5,19555.4375,116.375,WIN,56.625,24,98.875,-9.125,time_exit,19384.5,19264.5,19326.0,19442.75,19319.0,19421.5,10214.0,77.17171717171716,1
377,2025-03-11T12:00:00.000000,2025-03-11T14:35:00.000000,2025-03-11T17:30:00.000000,2025,2025-03-11,LONG,fib50,2.0,19380.875,19264.5,19613.625,116.375,WIN,56.625,24,98.875,-9.125,time_exit,19384.5,19264.5,19326.0,19442.75,19319.0,19421.5,10214.0,77.17171717171716,1
378,2025-03-11T12:40:00.000000,2025-03-11T13:15:00.000000,2025-03-11T16:10:00.000000,2025,2025-03-11,LONG,fib382,1.0,19551.408,19264.5,19838.316,286.90799999999945,LOSS,-103.90799999999945,24,55.09200000000055,-179.65799999999945,time_exit,19384.5,19264.5,19524.0,19609.5,19515.5,19598.0,10481.0,78.72340425531915,1
378,2025-03-11T12:40:00.000000,2025-03-11T13:15:00.000000,2025-03-11T16:10:00.000000,2025,2025-03-11,LONG,fib382,1.5,19551.408,19264.5,19981.769999999997,286.90799999999945,LOSS,-103.90799999999945,24,55.09200000000055,-179.65799999999945,time_exit,19384.5,19264.5,19524.0,19609.5,19515.5,19598.0,10481.0,78.72340425531915,1
378,2025-03-11T12:40:00.000000,2025-03-11T13:15:00.000000,2025-03-11T16:10:00.000000,2025,2025-03-11,LONG,fib382,2.0,19551.408,19264.5,20125.224,286.90799999999945,LOSS,-103.90799999999945,24,55.09200000000055,-179.65799999999945,time_exit,19384.5,19264.5,19524.0,19609.5,19515.5,19598.0,10481.0,78.72340425531915,1
378,2025-03-11T12:40:00.000000,2025-03-11T13:00:00.000000,2025-03-11T14:55:00.000000,2025,2025-03-11,LONG,fib50,1.0,19562.5,19264.5,19860.5,298.0,LOSS,-161.25,24,115.0,-190.75,time_exit,19384.5,19264.5,19524.0,19609.5,19515.5,19598.0,10481.0,78.72340425531915,1
378,2025-03-11T12:40:00.000000,2025-03-11T13:00:00.000000,2025-03-11T14:55:00.000000,2025,2025-03-11,LONG,fib50,1.5,19562.5,19264.5,20009.5,298.0,LOSS,-161.25,24,115.0,-190.75,time_exit,19384.5,19264.5,19524.0,19609.5,19515.5,19598.0,10481.0,78.72340425531915,1
378,2025-03-11T12:40:00.000000,2025-03-11T13:00:00.000000,2025-03-11T14:55:00.000000,2025,2025-03-11,LONG,fib50,2.0,19562.5,19264.5,20158.5,298.0,LOSS,-161.25,24,115.0,-190.75,time_exit,19384.5,19264.5,19524.0,19609.5,19515.5,19598.0,10481.0,78.72340425531915,1
381,2025-03-12T08:55:00.000000,2025-03-12T09:25:00.000000,2025-03-12T10:05:00.000000,2025,2025-03-12,SHORT,fib382,1.0,19527.283,19644.5,19410.066,117.21700000000055,LOSS,-117.21700000000055,9,32.28299999999945,-134.71700000000055,stop,19644.5,19501.0,19562.0,19563.0,19469.5,19475.75,8541.0,92.24598930481284,-1
381,2025-03-12T08:55:00.000000,2025-03-12T09:25:00.000000,2025-03-12T10:05:00.000000,2025,2025-03-12,SHORT,fib382,1.5,19527.283,19644.5,19351.457499999997,117.21700000000055,LOSS,-117.21700000000055,9,32.28299999999945,-134.71700000000055,stop,19644.5,19501.0,19562.0,19563.0,19469.5,19475.75,8541.0,92.24598930481284,-1
381,2025-03-12T08:55:00.000000,2025-03-12T09:25:00.000000,2025-03-12T10:05:00.000000,2025,2025-03-12,SHORT,fib382,2.0,19527.283,19644.5,19292.849,117.21700000000055,LOSS,-117.21700000000055,9,32.28299999999945,-134.71700000000055,stop,19644.5,19501.0,19562.0,19563.0,19469.5,19475.75,8541.0,92.24598930481284,-1
381,2025-03-12T08:55:00.000000,2025-03-12T09:20:00.000000,2025-03-12T10:05:00.000000,2025,2025-03-12,SHORT,fib50,1.0,19516.25,19644.5,19388.0,128.25,LOSS,-128.25,10,65.0,-145.75,stop,19644.5,19501.0,19562.0,19563.0,19469.5,19475.75,8541.0,92.24598930481284,-1
381,2025-03-12T08:55:00.000000,2025-03-12T09:20:00.000000,2025-03-12T10:05:00.000000,2025,2025-03-12,SHORT,fib50,1.5,19516.25,19644.5,19323.875,128.25,LOSS,-128.25,10,65.0,-145.75,stop,19644.5,19501.0,19562.0,19563.0,19469.5,19475.75,8541.0,92.24598930481284,-1
381,2025-03-12T08:55:00.000000,2025-03-12T09:20:00.000000,2025-03-12T10:05:00.000000,2025,2025-03-12,SHORT,fib50,2.0,19516.25,19644.5,19259.75,128.25,LOSS,-128.25,10,65.0,-145.75,stop,19644.5,19501.0,19562.0,19563.0,19469.5,19475.75,8541.0,92.24598930481284,-1
383,2025-03-13T09:05:00.000000,2025-03-13T20:50:00.000000,2025-03-13T22:45:00.000000,2025,2025-03-13,SHORT,fib382,1.0,19439.2635,19531.25,19347.277000000002,91.98649999999907,WIN,3.5135000000009313,24,22.51350000000093,-20.73649999999907,time_exit,19531.25,19409.0,19461.5,19477.75,19377.0,19390.5,8278.0,70.47146401985111,-1
383,2025-03-13T09:05:00.000000,2025-03-13T20:50:00.000000,2025-03-13T22:45:00.000000,2025,2025-03-13,SHORT,fib382,1.5,19439.2635,19531.25,19301.283750000002,91.98649999999907,WIN,3.5135000000009313,24,22.51350000000093,-20.73649999999907,time_exit,19531.25,19409.0,19461.5,19477.75,19377.0,19390.5,8278.0,70.47146401985111,-1
383,2025-03-13T09:05:00.000000,2025-03-13T20:50:00.000000,2025-03-13T22:45:00.000000,2025,2025-03-13,SHORT,fib382,2.0,19439.2635,19531.25,19255.290500000003,91.98649999999907,WIN,3.5135000000009313,24,22.51350000000093,-20.73649999999907,time_exit,19531.25,19409.0,19461.5,19477.75,19377.0,19390.5,8278.0,70.47146401985111,-1
383,2025-03-13T09:05:00.000000,2025-03-13T19:40:00.000000,2025-03-13T21:35:00.000000,2025,2025-03-13,SHORT,fib50,1.0,19427.375,19531.25,19323.5,103.875,LOSS,-22.875,24,30.125,-32.625,time_exit,19531.25,19409.0,19461.5,19477.75,19377.0,19390.5,8278.0,70.47146401985111,-1
383,2025-03-13T09:05:00.000000,2025-03-13T19:40:00.000000,2025-03-13T21:35:00.000000,2025,2025-03-13,SHORT,fib50,1.5,19427.375,19531.25,19271.5625,103.875,LOSS,-22.875,24,30.125,-32.625,time_exit,19531.25,19409.0,19461.5,19477.75,19377.0,19390.5,8278.0,70.47146401985111,-1
383,2025-03-13T09:05:00.000000,2025-03-13T19:40:00.000000,2025-03-13T21:35:00.000000,2025,2025-03-13,SHORT,fib50,2.0,19427.375,19531.25,19219.625,103.875,LOSS,-22.875,24,30.125,-32.625,time_exit,19531.25,19409.0,19461.5,19477.75,19377.0,19390.5,8278.0,70.47146401985111,-1
384,2025-03-13T13:35:00.000000,2025-03-13T13:55:00.000000,2025-03-13T16:50:00.000000,2025,2025-03-13,SHORT,fib382,1.0,19249.569,19531.25,18967.888,281.6810000000005,LOSS,-127.6810000000005,24,33.068999999999505,-131.6810000000005,time_exit,19531.25,19409.0,19272.75,19276.5,19206.0,19207.5,5123.0,92.5531914893617,-1
384,2025-03-13T13:35:00.000000,2025-03-13T13:55:00.000000,2025-03-13T16:50:00.000000,2025,2025-03-13,SHORT,fib382,1.5,19249.569,19531.25,18827.0475,281.6810000000005,LOSS,-127.6810000000005,24,33.068999999999505,-131.6810000000005,time_exit,19531.25,19409.0,19272.75,19276.5,19206.0,19207.5,5123.0,92.5531914893617,-1
384,2025-03-13T13:35:00.000000,2025-03-13T13:55:00.000000,2025-03-13T16:50:00.000000,2025,2025-03-13,SHORT,fib382,2.0,19249.569,19531.25,18686.207,281.6810000000005,LOSS,-127.6810000000005,24,33.068999999999505,-131.6810000000005,time_exit,19531.25,19409.0,19272.75,19276.5,19206.0,19207.5,5123.0,92.5531914893617,-1
384,2025-03-13T13:35:00.000000,2025-03-13T13:45:00.000000,2025-03-13T16:40:00.000000,2025,2025-03-13,SHORT,fib50,1.0,19241.25,19531.25,18951.25,290.0,LOSS,-123.5,24,57.0,-132.75,time_exit,19531.25,19409.0,19272.75,19276.5,19206.0,19207.5,5123.0,92.5531914893617,-1
384,2025-03-13T13:35:00.000000,2025-03-13T13:45:00.000000,2025-03-13T16:40:00.000000,2025,2025-03-13,SHORT,fib50,1.5,19241.25,19531.25,18806.25,290.0,LOSS,-123.5,24,57.0,-132.75,time_exit,19531.25,19409.0,19272.75,19276.5,19206.0,19207.5,5123.0,92.5531914893617,-1
384,2025-03-13T13:35:00.000000,2025-03-13T13:45:00.000000,2025-03-13T16:40:00.000000,2025,2025-03-13,SHORT,fib50,2.0,19241.25,19531.25,18661.25,290.0,LOSS,-123.5,24,57.0,-132.75,time_exit,19531.25,19409.0,19272.75,19276.5,19206.0,19207.5,5123.0,92.5531914893617,-1
385,2025-03-17T09:30:00.000000,2025-03-17T09:35:00.000000,2025-03-17T11:25:00.000000,2025,2025-03-17,SHORT,fib382,1.0,19797.773,19965.5,19630.046000000002,167.72699999999895,LOSS,-167.72699999999895,23,162.27300000000105,-170.47699999999895,stop,19965.5,19676.0,19886.75,19902.25,19628.75,19645.25,4168.0,88.29981718464352,-1
385,2025-03-17T09:30:00.000000,2025-03-17T09:35:00.000000,2025-03-17T11:25:00.000000,2025,2025-03-17,SHORT,fib382,1.5,19797.773,19965.5,19546.182500000003,167.72699999999895,LOSS,-167.72699999999895,23,162.27300000000105,-170.47699999999895,stop,19965.5,19676.0,19886.75,19902.25,19628.75,19645.25,4168.0,88.29981718464352,-1
385,2025-03-17T09:30:00.000000,2025-03-17T09:35:00.000000,2025-03-17T11:25:00.000000,2025,2025-03-17,SHORT,fib382,2.0,19797.773,19965.5,19462.319000000003,167.72699999999895,LOSS,-167.72699999999895,23,162.27300000000105,-170.47699999999895,stop,19965.5,19676.0,19886.75,19902.25,19628.75,19645.25,4168.0,88.29981718464352,-1
385,2025-03-17T09:30:00.000000,2025-03-17T09:35:00.000000,2025-03-17T11:25:00.000000,2025,2025-03-17,SHORT,fib50,1.0,19765.5,19965.5,19565.5,200.0,LOSS,-200.0,23,130.0,-202.75,stop,19965.5,19676.0,19886.75,19902.25,19628.75,19645.25,4168.0,88.29981718464352,-1
385,2025-03-17T09:30:00.000000,2025-03-17T09:35:00.000000,2025-03-17T11:25:00.000000,2025,2025-03-17,SHORT,fib50,1.5,19765.5,19965.5,19465.5,200.0,LOSS,-200.0,23,130.0,-202.75,stop,19965.5,19676.0,19886.75,19902.25,19628.75,19645.25,4168.0,88.29981718464352,-1
385,2025-03-17T09:30:00.000000,2025-03-17T09:35:00.000000,2025-03-17T11:25:00.000000,2025,2025-03-17,SHORT,fib50,2.0,19765.5,19965.5,19365.5,200.0,LOSS,-200.0,23,130.0,-202.75,stop,19965.5,19676.0,19886.75,19902.25,19628.75,19645.25,4168.0,88.29981718464352,-1
386,2025-03-17T11:25:00.000000,2025-03-17T11:30:00.000000,2025-03-17T11:35:00.000000,2025,2025-03-17,LONG,fib382,1.0,19827.346,19676.0,19978.692000000003,151.34600000000137,WIN,151.34600000000137,2,179.40399999999863,-77.34600000000137,target,19965.5,19676.0,19742.5,19968.25,19740.25,19967.5,3394.0,98.68421052631578,1
386,2025-03-17T11:25:00.000000,2025-03-17T11:30:00.000000,2025-03-17T12:00:00.000000,2025,2025-03-17,LONG,fib382,1.5,19827.346,19676.0,20054.365000000005,151.34600000000137,WIN,227.01900000000205,7,236.15399999999863,-77.34600000000137,target,19965.5,19676.0,19742.5,19968.25,19740.25,19967.5,3394.0,98.68421052631578,1
386,2025-03-17T11:25:00.000000,2025-03-17T11:30:00.000000,2025-03-17T12:25:00.000000,2025,2025-03-17,LONG,fib382,2.0,19827.346,19676.0,20130.038000000004,151.34600000000137,WIN,302.69200000000274,12,305.65399999999863,-77.34600000000137,target,19965.5,19676.0,19742.5,19968.25,19740.25,19967.5,3394.0,98.68421052631578,1
386,2025-03-17T11:25:00.000000,2025-03-17T11:30:00.000000,2025-03-17T12:00:00.000000,2025,2025-03-17,LONG,fib50,1.0,19854.25,19676.0,20032.5,178.25,WIN,178.25,7,209.25,-104.25,target,19965.5,19676.0,19742.5,19968.25,19740.25,19967.5,3394.0,98.68421052631578,1
386,2025-03-17T11:25:00.000000,2025-03-17T11:30:00.000000,2025-03-17T12:25:00.000000,2025,2025-03-17,LONG,fib50,1.5,19854.25,19676.0,20121.625,178.25,WIN,267.375,12,278.75,-104.25,target,19965.5,19676.0,19742.5,19968.25,19740.25,19967.5,3394.0,98.68421052631578,1
386,2025-03-17T11:25:00.000000,2025-03-17T11:30:00.000000,2025-03-17T13:25:00.000000,2025,2025-03-17,LONG,fib50,2.0,19854.25,19676.0,20210.75,178.25,WIN,63.75,24,308.75,-104.25,time_exit,19965.5,19676.0,19742.5,19968.25,19740.25,19967.5,3394.0,98.68421052631578,1
390,2025-03-17T13:45:00.000000,2025-03-17T13:50:00.000000,2025-03-17T16:45:00.000000,2025,2025-03-17,LONG,fib382,1.0,19985.4135,19676.0,20294.826999999997,309.41349999999875,LOSS,-134.41349999999875,24,136.33650000000125,-180.66349999999875,time_exit,19965.5,19676.0,19914.0,20124.0,19899.75,20112.5,2727.0,88.51727982162765,1
390,2025-03-17T13:45:00.000000,2025-03-17T13:50:00.000000,2025-03-17T16:45:00.000000,2025,2025-03-17,LONG,fib382,1.5,19985.4135,19676.0,20449.533749999995,309.41349999999875,LOSS,-134.41349999999875,24,136.33650000000125,-180.66349999999875,time_exit,19965.5,19676.0,19914.0,20124.0,19899.75,20112.5,2727.0,88.51727982162765,1
390,2025-03-17T13:45:00.000000,2025-03-17T13:50:00.000000,2025-03-17T16:45:00.000000,2025,2025-03-17,LONG,fib382,2.0,19985.4135,19676.0,20604.240499999996,309.41349999999875,LOSS,-134.41349999999875,24,136.33650000000125,-180.66349999999875,time_exit,19965.5,19676.0,19914.0,20124.0,19899.75,20112.5,2727.0,88.51727982162765,1
390,2025-03-17T13:45:00.000000,2025-03-17T13:50:00.000000,2025-03-17T16:45:00.000000,2025,2025-03-17,LONG,fib50,1.0,20011.875,19676.0,20347.75,335.875,LOSS,-160.875,24,109.875,-207.125,time_exit,19965.5,19676.0,19914.0,20124.0,19899.75,20112.5,2727.0,88.51727982162765,1
390,2025-03-17T13:45:00.000000,2025-03-17T13:50:00.000000,2025-03-17T16:45:00.000000,2025,2025-03-17,LONG,fib50,1.5,20011.875,19676.0,20515.6875,335.875,LOSS,-160.875,24,109.875,-207.125,time_exit,19965.5,19676.0,19914.0,20124.0,19899.75,20112.5,2727.0,88.51727982162765,1
390,2025-03-17T13:45:00.000000,2025-03-17T13:50:00.000000,2025-03-17T16:45:00.000000,2025,2025-03-17,LONG,fib50,2.0,20011.875,19676.0,20683.625,335.875,LOSS,-160.875,24,109.875,-207.125,time_exit,19965.5,19676.0,19914.0,20124.0,19899.75,20112.5,2727.0,88.51727982162765,1
391,2025-03-17T13:55:00.000000,2025-03-17T14:00:00.000000,2025-03-17T16:55:00.000000,2025,2025-03-17,LONG,fib382,1.0,19916.961,19676.0,20157.922,240.96099999999933,WIN,141.28900000000067,24,148.53900000000067,-112.21099999999933,time_exit,19965.5,19676.0,19871.75,20062.5,19827.0,20038.75,15995.0,70.91295116772824,1
391,2025-03-17T13:55:00.000000,2025-03-17T14:00:00.000000,2025-03-17T16:55:00.000000,2025,2025-03-17,LONG,fib382,1.5,19916.961,19676.0,20278.402499999997,240.96099999999933,WIN,141.28900000000067,24,148.53900000000067,-112.21099999999933,time_exit,19965.5,19676.0,19871.75,20062.5,19827.0,20038.75,15995.0,70.91295116772824,1
391,2025-03-17T13:55:00.000000,2025-03-17T14:00:00.000000,2025-03-17T16:55:00.000000,2025,2025-03-17,LONG,fib382,2.0,19916.961,19676.0,20398.882999999998,240.96099999999933,WIN,141.28900000000067,24,148.53900000000067,-112.21099999999933,time_exit,19965.5,19676.0,19871.75,20062.5,19827.0,20038.75,15995.0,70.91295116772824,1
391,2025-03-17T13:55:00.000000,2025-03-17T14:00:00.000000,2025-03-17T16:55:00.000000,2025,2025-03-17,LONG,fib50,1.0,19944.75,19676.0,20213.5,268.75,WIN,113.5,24,120.75,-140.0,time_exit,19965.5,19676.0,19871.75,20062.5,19827.0,20038.75,15995.0,70.91295116772824,1
391,2025-03-17T13:55:00.000000,2025-03-17T14:00:00.000000,2025-03-17T16:55:00.000000,2025,2025-03-17,LONG,fib50,1.5,19944.75,19676.0,20347.875,268.75,WIN,113.5,24,120.75,-140.0,time_exit,19965.5,19676.0,19871.75,20062.5,19827.0,20038.75,15995.0,70.91295116772824,1
391,2025-03-17T13:55:00.000000,2025-03-17T14:00:00.000000,2025-03-17T16:55:00.000000,2025,2025-03-17,LONG,fib50,2.0,19944.75,19676.0,20482.25,268.75,WIN,113.5,24,120.75,-140.0,time_exit,19965.5,19676.0,19871.75,20062.5,19827.0,20038.75,15995.0,70.91295116772824,1
392,2025-03-17T14:45:00.000000,2025-03-17T14:55:00.000000,2025-03-17T14:55:00.000000,2025,2025-03-17,SHORT,fib382,1.0,19954.8895,19965.5,19944.279000000002,10.610499999998865,LOSS,-10.610499999998865,1,126.88950000000114,-83.86049999999886,both_same_bar_stop_first,19965.5,19676.0,20034.25,20034.25,19826.5,19830.75,411.0,97.95427196149218,-1
392,2025-03-17T14:45:00.000000,2025-03-17T14:55:00.000000,2025-03-17T14:55:00.000000,2025,2025-03-17,SHORT,fib382,1.5,19954.8895,19965.5,19938.973750000005,10.610499999998865,LOSS,-10.610499999998865,1,126.88950000000114,-83.86049999999886,both_same_bar_stop_first,19965.5,19676.0,20034.25,20034.25,19826.5,19830.75,411.0,97.95427196149218,-1
392,2025-03-17T14:45:00.000000,2025-03-17T14:55:00.000000,2025-03-17T14:55:00.000000,2025,2025-03-17,SHORT,fib382,2.0,19954.8895,19965.5,19933.668500000003,10.610499999998865,LOSS,-10.610499999998865,1,126.88950000000114,-83.86049999999886,both_same_bar_stop_first,19965.5,19676.0,20034.25,20034.25,19826.5,19830.75,411.0,97.95427196149218,-1
392,2025-03-17T14:45:00.000000,2025-03-17T14:55:00.000000,2025-03-17T14:55:00.000000,2025,2025-03-17,SHORT,fib50,1.0,19930.375,19965.5,19895.25,35.125,LOSS,-35.125,1,102.375,-108.375,both_same_bar_stop_first,19965.5,19676.0,20034.25,20034.25,19826.5,19830.75,411.0,97.95427196149218,-1
392,2025-03-17T14:45:00.000000,2025-03-17T14:55:00.000000,2025-03-17T14:55:00.000000,2025,2025-03-17,SHORT,fib50,1.5,19930.375,19965.5,19877.6875,35.125,LOSS,-35.125,1,102.375,-108.375,both_same_bar_stop_first,19965.5,19676.0,20034.25,20034.25,19826.5,19830.75,411.0,97.95427196149218,-1
392,2025-03-17T14:45:00.000000,2025-03-17T14:55:00.000000,2025-03-17T14:55:00.000000,2025,2025-03-17,SHORT,fib50,2.0,19930.375,19965.5,19860.125,35.125,LOSS,-35.125,1,102.375,-108.375,both_same_bar_stop_first,19965.5,19676.0,20034.25,20034.25,19826.5,19830.75,411.0,97.95427196149218,-1
393,2025-03-18T10:10:00.000000,2025-03-18T10:15:00.000000,2025-03-18T10:15:00.000000,2025,2025-03-18,SHORT,fib382,1.0,19642.3925,19733.75,19551.035000000003,91.35749999999825,WIN,91.35749999999825,1,123.39250000000175,-89.60749999999825,target,19733.75,19671.0,19686.5,19725.0,19508.75,19520.75,4733.0,76.64739884393063,-1
393,2025-03-18T10:10:00.000000,2025-03-18T10:15:00.000000,2025-03-18T10:25:00.000000,2025,2025-03-18,SHORT,fib382,1.5,19642.3925,19733.75,19505.356250000004,91.35749999999825,LOSS,-91.35749999999825,3,123.39250000000175,-107.35749999999825,stop,19733.75,19671.0,19686.5,19725.0,19508.75,19520.75,4733.0,76.64739884393063,-1
393,2025-03-18T10:10:00.000000,2025-03-18T10:15:00.000000,2025-03-18T10:25:00.000000,2025,2025-03-18,SHORT,fib382,2.0,19642.3925,19733.75,19459.677500000005,91.35749999999825,LOSS,-91.35749999999825,3,123.39250000000175,-107.35749999999825,stop,19733.75,19671.0,19686.5,19725.0,19508.75,19520.75,4733.0,76.64739884393063,-1
393,2025-03-18T10:10:00.000000,2025-03-18T10:15:00.000000,2025-03-18T10:25:00.000000,2025,2025-03-18,SHORT,fib50,1.0,19616.875,19733.75,19500.0,116.875,LOSS,-116.875,3,97.875,-132.875,stop,19733.75,19671.0,19686.5,19725.0,19508.75,19520.75,4733.0,76.64739884393063,-1
393,2025-03-18T10:10:00.000000,2025-03-18T10:15:00.000000,2025-03-18T10:25:00.000000,2025,2025-03-18,SHORT,fib50,1.5,19616.875,19733.75,19441.5625,116.875,LOSS,-116.875,3,97.875,-132.875,stop,19733.75,19671.0,19686.5,19725.0,19508.75,19520.75,4733.0,76.64739884393063,-1
393,2025-03-18T10:10:00.000000,2025-03-18T10:15:00.000000,2025-03-18T10:25:00.000000,2025,2025-03-18,SHORT,fib50,2.0,19616.875,19733.75,19383.125,116.875,LOSS,-116.875,3,97.875,-132.875,stop,19733.75,19671.0,19686.5,19725.0,19508.75,19520.75,4733.0,76.64739884393063,-1
394,2025-03-18T12:10:00.000000,2025-03-18T12:15:00.000000,2025-03-18T12:15:00.000000,2025,2025-03-18,SHORT,fib382,1.0,19601.1935,19733.75,19468.637000000002,132.55649999999878,WIN,132.55649999999878,1,146.44350000000122,-86.55649999999878,target,19733.75,19671.0,19691.25,19691.25,19455.5,19456.5,2644.0,99.57582184517497,-1
394,2025-03-18T12:10:00.000000,2025-03-18T12:15:00.000000,2025-03-18T12:35:00.000000,2025,2025-03-18,SHORT,fib382,1.5,19601.1935,19733.75,19402.358750000003,132.55649999999878,LOSS,-132.55649999999878,5,146.44350000000122,-134.30649999999878,stop,19733.75,19671.0,19691.25,19691.25,19455.5,19456.5,2644.0,99.57582184517497,-1
394,2025-03-18T12:10:00.000000,2025-03-18T12:15:00.000000,2025-03-18T12:35:00.000000,2025,2025-03-18,SHORT,fib382,2.0,19601.1935,19733.75,19336.080500000004,132.55649999999878,LOSS,-132.55649999999878,5,146.44350000000122,-134.30649999999878,stop,19733.75,19671.0,19691.25,19691.25,19455.5,19456.5,2644.0,99.57582184517497,-1
394,2025-03-18T12:10:00.000000,2025-03-18T12:15:00.000000,2025-03-18T12:35:00.000000,2025,2025-03-18,SHORT,fib50,1.0,19573.375,19733.75,19413.0,160.375,LOSS,-160.375,5,118.625,-162.125,stop,19733.75,19671.0,19691.25,19691.25,19455.5,19456.5,2644.0,99.57582184517497,-1
394,2025-03-18T12:10:00.000000,2025-03-18T12:15:00.000000,2025-03-18T12:35:00.000000,2025,2025-03-18,SHORT,fib50,1.5,19573.375,19733.75,19332.8125,160.375,LOSS,-160.375,5,118.625,-162.125,stop,19733.75,19671.0,19691.25,19691.25,19455.5,19456.5,2644.0,99.57582184517497,-1
394,2025-03-18T12:10:00.000000,2025-03-18T12:15:00.000000,2025-03-18T12:35:00.000000,2025,2025-03-18,SHORT,fib50,2.0,19573.375,19733.75,19252.625,160.375,LOSS,-160.375,5,118.625,-162.125,stop,19733.75,19671.0,19691.25,19691.25,19455.5,19456.5,2644.0,99.57582184517497,-1
397,2025-04-02T14:10:00.000000,2025-04-02T14:25:00.000000,2025-04-02T14:25:00.000000,2025,2025-04-02,LONG,fib382,1.0,19803.8165,19560.5,20047.133,243.31650000000081,LOSS,-243.31650000000081,1,175.93349999999919,-433.8165000000008,stop,19630.0,19560.5,19742.75,19983.5,19692.75,19948.0,12562.0,70.5932932072227,1
397,2025-04-02T14:10:00.000000,2025-04-02T14:25:00.000000,2025-04-02T14:25:00.000000,2025,2025-04-02,LONG,fib382,1.5,19803.8165,19560.5,20168.791250000002,243.31650000000081,LOSS,-243.31650000000081,1,175.93349999999919,-433.8165000000008,stop,19630.0,19560.5,19742.75,19983.5,19692.75,19948.0,12562.0,70.5932932072227,1
397,2025-04-02T14:10:00.000000,2025-04-02T14:25:00.000000,2025-04-02T14:25:00.000000,2025,2025-04-02,LONG,fib382,2.0,19803.8165,19560.5,20290.449500000002,243.31650000000081,LOSS,-243.31650000000081,1,175.93349999999919,-433.8165000000008,stop,19630.0,19560.5,19742.75,19983.5,19692.75,19948.0,12562.0,70.5932932072227,1
397,2025-04-02T14:10:00.000000,2025-04-02T14:25:00.000000,2025-04-02T14:25:00.000000,2025,2025-04-02,LONG,fib50,1.0,19838.125,19560.5,20115.75,277.625,LOSS,-277.625,1,141.625,-468.125,stop,19630.0,19560.5,19742.75,19983.5,19692.75,19948.0,12562.0,70.5932932072227,1
397,2025-04-02T14:10:00.000000,2025-04-02T14:25:00.000000,2025-04-02T14:25:00.000000,2025,2025-04-02,LONG,fib50,1.5,19838.125,19560.5,20254.5625,277.625,LOSS,-277.625,1,141.625,-468.125,stop,19630.0,19560.5,19742.75,19983.5,19692.75,19948.0,12562.0,70.5932932072227,1
397,2025-04-02T14:10:00.000000,2025-04-02T14:25:00.000000,2025-04-02T14:25:00.000000,2025,2025-04-02,LONG,fib50,2.0,19838.125,19560.5,20393.375,277.625,LOSS,-277.625,1,141.625,-468.125,stop,19630.0,19560.5,19742.75,19983.5,19692.75,19948.0,12562.0,70.5932932072227,1
400,2025-04-03T13:15:00.000000,,,2025,2025-04-03,SHORT,fib382,1.0,18784.446,18947.75,18621.142,163.3040000000001,NO_ENTRY,0.0,0,0.0,0.0,no_entry_or_no_exit,18947.75,18831.25,18819.75,18821.5,18724.5,18753.25,9292.0,68.55670103092784,-1
400,2025-04-03T13:15:00.000000,,,2025,2025-04-03,SHORT,fib382,1.5,18784.446,18947.75,18539.489999999998,163.3040000000001,NO_ENTRY,0.0,0,0.0,0.0,no_entry_or_no_exit,18947.75,18831.25,18819.75,18821.5,18724.5,18753.25,9292.0,68.55670103092784,-1
400,2025-04-03T13:15:00.000000,,,2025,2025-04-03,SHORT,fib382,2.0,18784.446,18947.75,18457.838,163.3040000000001,NO_ENTRY,0.0,0,0.0,0.0,no_entry_or_no_exit,18947.75,18831.25,18819.75,18821.5,18724.5,18753.25,9292.0,68.55670103092784,-1
400,2025-04-03T13:15:00.000000,2025-04-03T13:20:00.000000,2025-04-03T16:15:00.000000,2025,2025-04-03,SHORT,fib50,1.0,18773.0,18947.75,18598.25,174.75,WIN,129.25,24,159.0,-3.75,time_exit,18947.75,18831.25,18819.75,18821.5,18724.5,18753.25,9292.0,68.55670103092784,-1
400,2025-04-03T13:15:00.000000,2025-04-03T13:20:00.000000,2025-04-03T16:15:00.000000,2025,2025-04-03,SHORT,fib50,1.5,18773.0,18947.75,18510.875,174.75,WIN,129.25,24,159.0,-3.75,time_exit,18947.75,18831.25,18819.75,18821.5,18724.5,18753.25,9292.0,68.55670103092784,-1
400,2025-04-03T13:15:00.000000,2025-04-03T13:20:00.000000,2025-04-03T16:15:00.000000,2025,2025-04-03,SHORT,fib50,2.0,18773.0,18947.75,18423.5,174.75,WIN,129.25,24,159.0,-3.75,time_exit,18947.75,18831.25,18819.75,18821.5,18724.5,18753.25,9292.0,68.55670103092784,-1
401,2025-04-04T09:00:00.000000,2025-04-04T09:30:00.000000,2025-04-04T09:45:00.000000,2025,2025-04-04,LONG,fib382,1.0,17917.927,17834.0,18001.854,83.92699999999968,WIN,83.92699999999968,4,100.82300000000032,-73.92699999999968,target,17968.0,17834.0,17854.75,18071.5,17823.0,18049.0,21176.0,78.16901408450704,1
401,2025-04-04T09:00:00.000000,2025-04-04T09:30:00.000000,2025-04-04T10:15:00.000000,2025,2025-04-04,LONG,fib382,1.5,17917.927,17834.0,18043.817499999997,83.92699999999968,LOSS,-83.92699999999968,10,102.07300000000032,-121.17699999999968,stop,17968.0,17834.0,17854.75,18071.5,17823.0,18049.0,21176.0,78.16901408450704,1
401,2025-04-04T09:00:00.000000,2025-04-04T09:30:00.000000,2025-04-04T10:15:00.000000,2025,2025-04-04,LONG,fib382,2.0,17917.927,17834.0,18085.781,83.92699999999968,LOSS,-83.92699999999968,10,102.07300000000032,-121.17699999999968,stop,17968.0,17834.0,17854.75,18071.5,17823.0,18049.0,21176.0,78.16901408450704,1
401,2025-04-04T09:00:00.000000,2025-04-04T09:05:00.000000,2025-04-04T09:05:00.000000,2025,2025-04-04,LONG,fib50,1.0,17947.25,17834.0,18060.5,113.25,WIN,113.25,1,121.75,-28.25,target,17968.0,17834.0,17854.75,18071.5,17823.0,18049.0,21176.0,78.16901408450704,1
401,2025-04-04T09:00:00.000000,2025-04-04T09:05:00.000000,2025-04-04T09:10:00.000000,2025,2025-04-04,LONG,fib50,1.5,17947.25,17834.0,18117.125,113.25,WIN,169.875,2,180.75,-28.25,target,17968.0,17834.0,17854.75,18071.5,17823.0,18049.0,21176.0,78.16901408450704,1
401,2025-04-04T09:00:00.000000,2025-04-04T09:05:00.000000,2025-04-04T10:15:00.000000,2025,2025-04-04,LONG,fib50,2.0,17947.25,17834.0,18173.75,113.25,LOSS,-113.25,15,200.75,-150.5,stop,17968.0,17834.0,17854.75,18071.5,17823.0,18049.0,21176.0,78.16901408450704,1
402,2025-04-04T09:10:00.000000,2025-04-04T09:25:00.000000,2025-04-04T10:15:00.000000,2025,2025-04-04,LONG,fib382,1.0,18025.412,17834.0,18216.824,191.41200000000026,LOSS,-191.41200000000026,11,87.33799999999974,-228.66200000000026,stop,17968.0,17834.0,17970.5,18128.0,17962.0,18088.25,14938.0,70.93373493975903,1
402,2025-04-04T09:10:00.000000,2025-04-04T09:25:00.000000,2025-04-04T10:15:00.000000,2025,2025-04-04,LONG,fib382,1.5,18025.412,17834.0,18312.53,191.41200000000026,LOSS,-191.41200000000026,11,87.33799999999974,-228.66200000000026,stop,17968.0,17834.0,17970.5,18128.0,17962.0,18088.25,14938.0,70.93373493975903,1
402,2025-04-04T09:10:00.000000,2025-04-04T09:25:00.000000,2025-04-04T10:15:00.000000,2025,2025-04-04,LONG,fib382,2.0,18025.412,17834.0,18408.236,191.41200000000026,LOSS,-191.41200000000026,11,87.33799999999974,-228.66200000000026,stop,17968.0,17834.0,17970.5,18128.0,17962.0,18088.25,14938.0,70.93373493975903,1
402,2025-04-04T09:10:00.000000,2025-04-04T09:15:00.000000,2025-04-04T10:15:00.000000,2025,2025-04-04,LONG,fib50,1.0,18045.0,17834.0,18256.0,211.0,LOSS,-211.0,13,103.0,-248.25,stop,17968.0,17834.0,17970.5,18128.0,17962.0,18088.25,14938.0,70.93373493975903,1
402,2025-04-04T09:10:00.000000,2025-04-04T09:15:00.000000,2025-04-04T10:15:00.000000,2025,2025-04-04,LONG,fib50,1.5,18045.0,17834.0,18361.5,211.0,LOSS,-211.0,13,103.0,-248.25,stop,17968.0,17834.0,17970.5,18128.0,17962.0,18088.25,14938.0,70.93373493975903,1
402,2025-04-04T09:10:00.000000,2025-04-04T09:15:00.000000,2025-04-04T10:15:00.000000,2025,2025-04-04,LONG,fib50,2.0,18045.0,17834.0,18467.0,211.0,LOSS,-211.0,13,103.0,-248.25,stop,17968.0,17834.0,17970.5,18128.0,17962.0,18088.25,14938.0,70.93373493975903,1
404,2025-04-04T09:35:00.000000,2025-04-04T09:40:00.000000,2025-04-04T09:40:00.000000,2025,2025-04-04,SHORT,fib382,1.0,17914.143,17968.0,17860.286,53.85699999999997,WIN,53.85699999999997,1,56.14300000000003,-36.35699999999997,target,17968.0,17834.0,17937.25,17957.5,17844.0,17868.0,10533.0,61.013215859030836,-1
404,2025-04-04T09:35:00.000000,2025-04-04T09:40:00.000000,2025-04-04T09:45:00.000000,2025,2025-04-04,SHORT,fib382,1.5,17914.143,17968.0,17833.3575,53.85699999999997,LOSS,-53.85699999999997,2,56.14300000000003,-104.60699999999997,stop,17968.0,17834.0,17937.25,17957.5,17844.0,17868.0,10533.0,61.013215859030836,-1
404,2025-04-04T09:35:00.000000,2025-04-04T09:40:00.000000,2025-04-04T09:45:00.000000,2025,2025-04-04,SHORT,fib382,2.0,17914.143,17968.0,17806.429,53.85699999999997,LOSS,-53.85699999999997,2,56.14300000000003,-104.60699999999997,stop,17968.0,17834.0,17937.25,17957.5,17844.0,17868.0,10533.0,61.013215859030836,-1
404,2025-04-04T09:35:00.000000,2025-04-04T09:40:00.000000,2025-04-04T09:45:00.000000,2025,2025-04-04,SHORT,fib50,1.0,17900.75,17968.0,17833.5,67.25,LOSS,-67.25,2,42.75,-118.0,stop,17968.0,17834.0,17937.25,17957.5,17844.0,17868.0,10533.0,61.013215859030836,-1
404,2025-04-04T09:35:00.000000,2025-04-04T09:40:00.000000,2025-04-04T09:45:00.000000,2025,2025-04-04,SHORT,fib50,1.5,17900.75,17968.0,17799.875,67.25,LOSS,-67.25,2,42.75,-118.0,stop,17968.0,17834.0,17937.25,17957.5,17844.0,17868.0,10533.0,61.013215859030836,-1
404,2025-04-04T09:35:00.000000,2025-04-04T09:40:00.000000,2025-04-04T09:45:00.000000,2025,2025-04-04,SHORT,fib50,2.0,17900.75,17968.0,17766.25,67.25,LOSS,-67.25,2,42.75,-118.0,stop,17968.0,17834.0,17937.25,17957.5,17844.0,17868.0,10533.0,61.013215859030836,-1
405,2025-04-04T09:55:00.000000,2025-04-04T10:00:00.000000,2025-04-04T10:00:00.000000,2025,2025-04-04,SHORT,fib382,1.0,17950.132,17968.0,17932.264000000003,17.867999999998574,WIN,17.867999999998574,1,75.13200000000143,-3.117999999998574,target,17968.0,17834.0,17961.25,17997.5,17873.5,17880.75,8929.0,64.91935483870968,-1
405,2025-04-04T09:55:00.000000,2025-04-04T10:00:00.000000,2025-04-04T10:00:00.000000,2025,2025-04-04,SHORT,fib382,1.5,17950.132,17968.0,17923.33,17.867999999998574,WIN,26.80199999999786,1,75.13200000000143,-3.117999999998574,target,17968.0,17834.0,17961.25,17997.5,17873.5,17880.75,8929.0,64.91935483870968,-1
405,2025-04-04T09:55:00.000000,2025-04-04T10:00:00.000000,2025-04-04T10:00:00.000000,2025,2025-04-04,SHORT,fib382,2.0,17950.132,17968.0,17914.396000000004,17.867999999998574,WIN,35.73599999999715,1,75.13200000000143,-3.117999999998574,target,17968.0,17834.0,17961.25,17997.5,17873.5,17880.75,8929.0,64.91935483870968,-1
405,2025-04-04T09:55:00.000000,2025-04-04T10:00:00.000000,2025-04-04T10:00:00.000000,2025,2025-04-04,SHORT,fib50,1.0,17935.5,17968.0,17903.0,32.5,WIN,32.5,1,60.5,-17.75,target,17968.0,17834.0,17961.25,17997.5,17873.5,17880.75,8929.0,64.91935483870968,-1
405,2025-04-04T09:55:00.000000,2025-04-04T10:00:00.000000,2025-04-04T10:00:00.000000,2025,2025-04-04,SHORT,fib50,1.5,17935.5,17968.0,17886.75,32.5,WIN,48.75,1,60.5,-17.75,target,17968.0,17834.0,17961.25,17997.5,17873.5,17880.75,8929.0,64.91935483870968,-1
405,2025-04-04T09:55:00.000000,2025-04-04T10:00:00.000000,2025-04-04T10:05:00.000000,2025,2025-04-04,SHORT,fib50,2.0,17935.5,17968.0,17870.5,32.5,LOSS,-32.5,2,60.5,-43.0,stop,17968.0,17834.0,17961.25,17997.5,17873.5,17880.75,8929.0,64.91935483870968,-1
406,2025-04-04T10:15:00.000000,2025-04-04T12:00:00.000000,2025-04-04T12:05:00.000000,2025,2025-04-04,SHORT,fib382,1.0,17896.248,17968.0,17824.496,71.75200000000041,WIN,71.75200000000041,2,105.99799999999959,-16.752000000000407,target,17968.0,17834.0,17938.75,17957.75,17796.75,17805.75,10882.0,82.6086956521739,-1
406,2025-04-04T10:15:00.000000,2025-04-04T12:00:00.000000,2025-04-04T12:10:00.000000,2025,2025-04-04,SHORT,fib382,1.5,17896.248,17968.0,17788.62,71.75200000000041,WIN,107.62800000000061,3,143.2479999999996,-16.752000000000407,target,17968.0,17834.0,17938.75,17957.75,17796.75,17805.75,10882.0,82.6086956521739,-1
406,2025-04-04T10:15:00.000000,2025-04-04T12:00:00.000000,2025-04-04T12:15:00.000000,2025,2025-04-04,SHORT,fib382,2.0,17896.248,17968.0,17752.744,71.75200000000041,WIN,143.50400000000081,4,197.9979999999996,-16.752000000000407,target,17968.0,17834.0,17938.75,17957.75,17796.75,17805.75,10882.0,82.6086956521739,-1
406,2025-04-04T10:15:00.000000,2025-04-04T12:00:00.000000,2025-04-04T12:10:00.000000,2025,2025-04-04,SHORT,fib50,1.0,17877.25,17968.0,17786.5,90.75,WIN,90.75,3,124.25,-35.75,target,17968.0,17834.0,17938.75,17957.75,17796.75,17805.75,10882.0,82.6086956521739,-1
406,2025-04-04T10:15:00.000000,2025-04-04T12:00:00.000000,2025-04-04T12:15:00.000000,2025,2025-04-04,SHORT,fib50,1.5,17877.25,17968.0,17741.125,90.75,WIN,136.125,4,179.0,-35.75,target,17968.0,17834.0,17938.75,17957.75,17796.75,17805.75,10882.0,82.6086956521739,-1
406,2025-04-04T10:15:00.000000,2025-04-04T12:00:00.000000,2025-04-04T12:20:00.000000,2025,2025-04-04,SHORT,fib50,2.0,17877.25,17968.0,17695.75,90.75,WIN,181.5,5,202.5,-35.75,target,17968.0,17834.0,17938.75,17957.75,17796.75,17805.75,10882.0,82.6086956521739,-1
407,2025-04-04T11:10:00.000000,2025-04-04T11:20:00.000000,2025-04-04T13:15:00.000000,2025,2025-04-04,SHORT,fib382,1.0,17711.676,17968.0,17455.352,256.3240000000005,WIN,66.67599999999948,24,163.42599999999948,-201.32400000000052,time_exit,17968.0,17834.0,17739.0,17743.0,17661.0,17673.75,7267.0,79.57317073170732,-1
407,2025-04-04T11:10:00.000000,2025-04-04T11:20:00.000000,2025-04-04T13:15:00.000000,2025,2025-04-04,SHORT,fib382,1.5,17711.676,17968.0,17327.19,256.3240000000005,WIN,66.67599999999948,24,163.42599999999948,-201.32400000000052,time_exit,17968.0,17834.0,17739.0,17743.0,17661.0,17673.75,7267.0,79.57317073170732,-1
407,2025-04-04T11:10:00.000000,2025-04-04T11:20:00.000000,2025-04-04T13:15:00.000000,2025,2025-04-04,SHORT,fib382,2.0,17711.676,17968.0,17199.028,256.3240000000005,WIN,66.67599999999948,24,163.42599999999948,-201.32400000000052,time_exit,17968.0,17834.0,17739.0,17743.0,17661.0,17673.75,7267.0,79.57317073170732,-1
407,2025-04-04T11:10:00.000000,2025-04-04T11:20:00.000000,2025-04-04T13:15:00.000000,2025,2025-04-04,SHORT,fib50,1.0,17702.0,17968.0,17436.0,266.0,WIN,57.0,24,153.75,-211.0,time_exit,17968.0,17834.0,17739.0,17743.0,17661.0,17673.75,7267.0,79.57317073170732,-1
407,2025-04-04T11:10:00.000000,2025-04-04T11:20:00.000000,2025-04-04T13:15:00.000000,2025,2025-04-04,SHORT,fib50,1.5,17702.0,17968.0,17303.0,266.0,WIN,57.0,24,153.75,-211.0,time_exit,17968.0,17834.0,17739.0,17743.0,17661.0,17673.75,7267.0,79.57317073170732,-1
407,2025-04-04T11:10:00.000000,2025-04-04T11:20:00.000000,2025-04-04T13:15:00.000000,2025,2025-04-04,SHORT,fib50,2.0,17702.0,17968.0,17170.0,266.0,WIN,57.0,24,153.75,-211.0,time_exit,17968.0,17834.0,17739.0,17743.0,17661.0,17673.75,7267.0,79.57317073170732,-1
413,2025-04-04T13:45:00.000000,,,2025,2025-04-04,SHORT,fib382,1.0,17779.3965,17968.0,17590.792999999998,188.60350000000108,NO_ENTRY,0.0,0,0.0,0.0,no_entry_or_no_exit,17968.0,17834.0,17803.0,17834.5,17690.25,17703.75,12530.0,68.80415944540728,-1
413,2025-04-04T13:45:00.000000,,,2025,2025-04-04,SHORT,fib382,1.5,17779.3965,17968.0,17496.49125,188.60350000000108,NO_ENTRY,0.0,0,0.0,0.0,no_entry_or_no_exit,17968.0,17834.0,17803.0,17834.5,17690.25,17703.75,12530.0,68.80415944540728,-1
413,2025-04-04T13:45:00.000000,,,2025,2025-04-04,SHORT,fib382,2.0,17779.3965,17968.0,17402.189499999997,188.60350000000108,NO_ENTRY,0.0,0,0.0,0.0,no_entry_or_no_exit,17968.0,17834.0,17803.0,17834.5,17690.25,17703.75,12530.0,68.80415944540728,-1
413,2025-04-04T13:45:00.000000,,,2025,2025-04-04,SHORT,fib50,1.0,17762.375,17968.0,17556.75,205.625,NO_ENTRY,0.0,0,0.0,0.0,no_entry_or_no_exit,17968.0,17834.0,17803.0,17834.5,17690.25,17703.75,12530.0,68.80415944540728,-1
413,2025-04-04T13:45:00.000000,,,2025,2025-04-04,SHORT,fib50,1.5,17762.375,17968.0,17453.9375,205.625,NO_ENTRY,0.0,0,0.0,0.0,no_entry_or_no_exit,17968.0,17834.0,17803.0,17834.5,17690.25,17703.75,12530.0,68.80415944540728,-1
413,2025-04-04T13:45:00.000000,,,2025,2025-04-04,SHORT,fib50,2.0,17762.375,17968.0,17351.125,205.625,NO_ENTRY,0.0,0,0.0,0.0,no_entry_or_no_exit,17968.0,17834.0,17803.0,17834.5,17690.25,17703.75,12530.0,68.80415944540728,-1
414,2025-04-04T13:50:00.000000,,,2025,2025-04-04,SHORT,fib382,1.0,17656.323,17968.0,17344.646,311.6769999999997,NO_ENTRY,0.0,0,0.0,0.0,no_entry_or_no_exit,17968.0,17834.0,17703.5,17703.5,17580.0,17608.75,18684.0,76.72064777327935,-1
414,2025-04-04T13:50:00.000000,,,2025,2025-04-04,SHORT,fib382,1.5,17656.323,17968.0,17188.807500000003,311.6769999999997,NO_ENTRY,0.0,0,0.0,0.0,no_entry_or_no_exit,17968.0,17834.0,17703.5,17703.5,17580.0,17608.75,18684.0,76.72064777327935,-1
414,2025-04-04T13:50:00.000000,,,2025,2025-04-04,SHORT,fib382,2.0,17656.323,17968.0,17032.969,311.6769999999997,NO_ENTRY,0.0,0,0.0,0.0,no_entry_or_no_exit,17968.0,17834.0,17703.5,17703.5,17580.0,17608.75,18684.0,76.72064777327935,-1
414,2025-04-04T13:50:00.000000,,,2025,2025-04-04,SHORT,fib50,1.0,17641.75,17968.0,17315.5,326.25,NO_ENTRY,0.0,0,0.0,0.0,no_entry_or_no_exit,17968.0,17834.0,17703.5,17703.5,17580.0,17608.75,18684.0,76.72064777327935,-1
414,2025-04-04T13:50:00.000000,,,2025,2025-04-04,SHORT,fib50,1.5,17641.75,17968.0,17152.375,326.25,NO_ENTRY,0.0,0,0.0,0.0,no_entry_or_no_exit,17968.0,17834.0,17703.5,17703.5,17580.0,17608.75,18684.0,76.72064777327935,-1
414,2025-04-04T13:50:00.000000,,,2025,2025-04-04,SHORT,fib50,2.0,17641.75,17968.0,16989.25,326.25,NO_ENTRY,0.0,0,0.0,0.0,no_entry_or_no_exit,17968.0,17834.0,17703.5,17703.5,17580.0,17608.75,18684.0,76.72064777327935,-1
415,2025-04-04T13:55:00.000000,,,2025,2025-04-04,SHORT,fib382,1.0,17578.7125,17968.0,17189.425000000003,389.28749999999854,NO_ENTRY,0.0,0,0.0,0.0,no_entry_or_no_exit,17968.0,17834.0,17607.0,17609.75,17528.5,17534.75,35339.0,88.92307692307693,-1
415,2025-04-04T13:55:00.000000,,,2025,2025-04-04,SHORT,fib382,1.5,17578.7125,17968.0,16994.781250000004,389.28749999999854,NO_ENTRY,0.0,0,0.0,0.0,no_entry_or_no_exit,17968.0,17834.0,17607.0,17609.75,17528.5,17534.75,35339.0,88.92307692307693,-1
415,2025-04-04T13:55:00.000000,,,2025,2025-04-04,SHORT,fib382,2.0,17578.7125,17968.0,16800.137500000004,389.28749999999854,NO_ENTRY,0.0,0,0.0,0.0,no_entry_or_no_exit,17968.0,17834.0,17607.0,17609.75,17528.5,17534.75,35339.0,88.92307692307693,-1
415,2025-04-04T13:55:00.000000,,,2025,2025-04-04,SHORT,fib50,1.0,17569.125,17968.0,17170.25,398.875,NO_ENTRY,0.0,0,0.0,0.0,no_entry_or_no_exit,17968.0,17834.0,17607.0,17609.75,17528.5,17534.75,35339.0,88.92307692307693,-1
415,2025-04-04T13:55:00.000000,,,2025,2025-04-04,SHORT,fib50,1.5,17569.125,17968.0,16970.8125,398.875,NO_ENTRY,0.0,0,0.0,0.0,no_entry_or_no_exit,17968.0,17834.0,17607.0,17609.75,17528.5,17534.75,35339.0,88.92307692307693,-1
415,2025-04-04T13:55:00.000000,,,2025,2025-04-04,SHORT,fib50,2.0,17569.125,17968.0,16771.375,398.875,NO_ENTRY,0.0,0,0.0,0.0,no_entry_or_no_exit,17968.0,17834.0,17607.0,17609.75,17528.5,17534.75,35339.0,88.92307692307693,-1
416,2025-04-07T08:50:00.000000,2025-04-07T09:05:00.000000,2025-04-07T09:15:00.000000,2025,2025-04-07,LONG,fib382,1.0,17560.057,17163.0,17957.114,397.0570000000007,LOSS,-397.0570000000007,3,166.9429999999993,-410.3070000000007,stop,17695.0,17163.0,17447.0,17769.25,17430.75,17741.5,14305.0,87.00147710487445,1
416,2025-04-07T08:50:00.000000,2025-04-07T09:05:00.000000,2025-04-07T09:15:00.000000,2025,2025-04-07,LONG,fib382,1.5,17560.057,17163.0,18155.6425,397.0570000000007,LOSS,-397.0570000000007,3,166.9429999999993,-410.3070000000007,stop,17695.0,17163.0,17447.0,17769.25,17430.75,17741.5,14305.0,87.00147710487445,1
416,2025-04-07T08:50:00.000000,2025-04-07T09:05:00.000000,2025-04-07T09:15:00.000000,2025,2025-04-07,LONG,fib382,2.0,17560.057,17163.0,18354.171000000002,397.0570000000007,LOSS,-397.0570000000007,3,166.9429999999993,-410.3070000000007,stop,17695.0,17163.0,17447.0,17769.25,17430.75,17741.5,14305.0,87.00147710487445,1
416,2025-04-07T08:50:00.000000,2025-04-07T08:55:00.000000,2025-04-07T09:15:00.000000,2025,2025-04-07,LONG,fib50,1.0,17600.0,17163.0,18037.0,437.0,LOSS,-437.0,5,199.0,-450.25,stop,17695.0,17163.0,17447.0,17769.25,17430.75,17741.5,14305.0,87.00147710487445,1
416,2025-04-07T08:50:00.000000,2025-04-07T08:55:00.000000,2025-04-07T09:15:00.000000,2025,2025-04-07,LONG,fib50,1.5,17600.0,17163.0,18255.5,437.0,LOSS,-437.0,5,199.0,-450.25,stop,17695.0,17163.0,17447.0,17769.25,17430.75,17741.5,14305.0,87.00147710487445,1
416,2025-04-07T08:50:00.000000,2025-04-07T08:55:00.000000,2025-04-07T09:15:00.000000,2025,2025-04-07,LONG,fib50,2.0,17600.0,17163.0,18474.0,437.0,LOSS,-437.0,5,199.0,-450.25,stop,17695.0,17163.0,17447.0,17769.25,17430.75,17741.5,14305.0,87.00147710487445,1
417,2025-04-07T09:30:00.000000,2025-04-07T10:05:00.000000,2025-04-07T10:05:00.000000,2025,2025-04-07,LONG,fib382,1.0,17250.876,17163.0,17338.752,87.8760000000002,WIN,87.8760000000002,1,112.1239999999998,-4.126000000000204,target,17695.0,17163.0,17196.25,17339.25,17196.25,17300.0,7871.0,72.55244755244755,1
417,2025-04-07T09:30:00.000000,2025-04-07T10:05:00.000000,2025-04-07T10:25:00.000000,2025,2025-04-07,LONG,fib382,1.5,17250.876,17163.0,17382.690000000002,87.8760000000002,WIN,131.8140000000003,5,197.6239999999998,-30.376000000000204,target,17695.0,17163.0,17196.25,17339.25,17196.25,17300.0,7871.0,72.55244755244755,1
417,2025-04-07T09:30:00.000000,2025-04-07T10:05:00.000000,2025-04-07T10:25:00.000000,2025,2025-04-07,LONG,fib382,2.0,17250.876,17163.0,17426.628,87.8760000000002,WIN,175.7520000000004,5,197.6239999999998,-30.376000000000204,target,17695.0,17163.0,17196.25,17339.25,17196.25,17300.0,7871.0,72.55244755244755,1
417,2025-04-07T09:30:00.000000,2025-04-07T10:05:00.000000,2025-04-07T10:25:00.000000,2025,2025-04-07,LONG,fib50,1.0,17267.75,17163.0,17372.5,104.75,WIN,104.75,5,180.75,-47.25,target,17695.0,17163.0,17196.25,17339.25,17196.25,17300.0,7871.0,72.55244755244755,1
417,2025-04-07T09:30:00.000000,2025-04-07T10:05:00.000000,2025-04-07T10:25:00.000000,2025,2025-04-07,LONG,fib50,1.5,17267.75,17163.0,17424.875,104.75,WIN,157.125,5,180.75,-47.25,target,17695.0,17163.0,17196.25,17339.25,17196.25,17300.0,7871.0,72.55244755244755,1
417,2025-04-07T09:30:00.000000,2025-04-07T10:05:00.000000,2025-04-07T10:30:00.000000,2025,2025-04-07,LONG,fib50,2.0,17267.75,17163.0,17477.25,104.75,WIN,209.5,6,229.75,-47.25,target,17695.0,17163.0,17196.25,17339.25,17196.25,17300.0,7871.0,72.55244755244755,1
418,2025-04-07T11:10:00.000000,,,2025,2025-04-07,LONG,fib382,1.0,17360.293,17163.0,17557.586000000003,197.29300000000148,NO_ENTRY,0.0,0,0.0,0.0,no_entry_or_no_exit,17695.0,17163.0,17326.25,17491.0,17279.5,17481.75,4676.0,73.5224586288416,1
418,2025-04-07T11:10:00.000000,,,2025,2025-04-07,LONG,fib382,1.5,17360.293,17163.0,17656.232500000006,197.29300000000148,NO_ENTRY,0.0,0,0.0,0.0,no_entry_or_no_exit,17695.0,17163.0,17326.25,17491.0,17279.5,17481.75,4676.0,73.5224586288416,1
418,2025-04-07T11:10:00.000000,,,2025,2025-04-07,LONG,fib382,2.0,17360.293,17163.0,17754.879000000004,197.29300000000148,NO_ENTRY,0.0,0,0.0,0.0,no_entry_or_no_exit,17695.0,17163.0,17326.25,17491.0,17279.5,17481.75,4676.0,73.5224586288416,1
418,2025-04-07T11:10:00.000000,,,2025,2025-04-07,LONG,fib50,1.0,17385.25,17163.0,17607.5,222.25,NO_ENTRY,0.0,0,0.0,0.0,no_entry_or_no_exit,17695.0,17163.0,17326.25,17491.0,17279.5,17481.75,4676.0,73.5224586288416,1
418,2025-04-07T11:10:00.000000,,,2025,2025-04-07,LONG,fib50,1.5,17385.25,17163.0,17718.625,222.25,NO_ENTRY,0.0,0,0.0,0.0,no_entry_or_no_exit,17695.0,17163.0,17326.25,17491.0,17279.5,17481.75,4676.0,73.5224586288416,1
418,2025-04-07T11:10:00.000000,,,2025,2025-04-07,LONG,fib50,2.0,17385.25,17163.0,17829.75,222.25,NO_ENTRY,0.0,0,0.0,0.0,no_entry_or_no_exit,17695.0,17163.0,17326.25,17491.0,17279.5,17481.75,4676.0,73.5224586288416,1
419,2025-04-07T13:30:00.000000,2025-04-07T13:40:00.000000,2025-04-07T16:35:00.000000,2025,2025-04-07,LONG,fib382,1.0,17509.897,17163.0,17856.794,346.89700000000084,WIN,211.60299999999916,24,247.60299999999916,-86.64700000000084,time_exit,17695.0,17163.0,17431.25,17638.75,17430.25,17590.25,6581.0,76.2589928057554,1
419,2025-04-07T13:30:00.000000,2025-04-07T13:40:00.000000,2025-04-07T16:35:00.000000,2025,2025-04-07,LONG,fib382,1.5,17509.897,17163.0,18030.2425,346.89700000000084,WIN,211.60299999999916,24,247.60299999999916,-86.64700000000084,time_exit,17695.0,17163.0,17431.25,17638.75,17430.25,17590.25,6581.0,76.2589928057554,1
419,2025-04-07T13:30:00.000000,2025-04-07T13:40:00.000000,2025-04-07T16:35:00.000000,2025,2025-04-07,LONG,fib382,2.0,17509.897,17163.0,18203.691000000003,346.89700000000084,WIN,211.60299999999916,24,247.60299999999916,-86.64700000000084,time_exit,17695.0,17163.0,17431.25,17638.75,17430.25,17590.25,6581.0,76.2589928057554,1
419,2025-04-07T13:30:00.000000,2025-04-07T13:40:00.000000,2025-04-07T16:35:00.000000,2025,2025-04-07,LONG,fib50,1.0,17534.5,17163.0,17906.0,371.5,WIN,187.0,24,223.0,-111.25,time_exit,17695.0,17163.0,17431.25,17638.75,17430.25,17590.25,6581.0,76.2589928057554,1
419,2025-04-07T13:30:00.000000,2025-04-07T13:40:00.000000,2025-04-07T16:35:00.000000,2025,2025-04-07,LONG,fib50,1.5,17534.5,17163.0,18091.75,371.5,WIN,187.0,24,223.0,-111.25,time_exit,17695.0,17163.0,17431.25,17638.75,17430.25,17590.25,6581.0,76.2589928057554,1
419,2025-04-07T13:30:00.000000,2025-04-07T13:40:00.000000,2025-04-07T16:35:00.000000,2025,2025-04-07,LONG,fib50,2.0,17534.5,17163.0,18277.5,371.5,WIN,187.0,24,223.0,-111.25,time_exit,17695.0,17163.0,17431.25,17638.75,17430.25,17590.25,6581.0,76.2589928057554,1
420,2025-04-08T10:15:00.000000,,,2025,2025-04-08,SHORT,fib382,1.0,17967.525,18331.75,17603.300000000003,364.22499999999854,NO_ENTRY,0.0,0,0.0,0.0,no_entry_or_no_exit,18331.75,18226.25,18000.5,18010.5,17898.0,17910.75,7729.0,79.77777777777779,-1
420,2025-04-08T10:15:00.000000,,,2025,2025-04-08,SHORT,fib382,1.5,17967.525,18331.75,17421.187500000004,364.22499999999854,NO_ENTRY,0.0,0,0.0,0.0,no_entry_or_no_exit,18331.75,18226.25,18000.5,18010.5,17898.0,17910.75,7729.0,79.77777777777779,-1
420,2025-04-08T10:15:00.000000,,,2025,2025-04-08,SHORT,fib382,2.0,17967.525,18331.75,17239.075000000004,364.22499999999854,NO_ENTRY,0.0,0,0.0,0.0,no_entry_or_no_exit,18331.75,18226.25,18000.5,18010.5,17898.0,17910.75,7729.0,79.77777777777779,-1
420,2025-04-08T10:15:00.000000,,,2025,2025-04-08,SHORT,fib50,1.0,17954.25,18331.75,17576.75,377.5,NO_ENTRY,0.0,0,0.0,0.0,no_entry_or_no_exit,18331.75,18226.25,18000.5,18010.5,17898.0,17910.75,7729.0,79.77777777777779,-1
420,2025-04-08T10:15:00.000000,,,2025,2025-04-08,SHORT,fib50,1.5,17954.25,18331.75,17388.0,377.5,NO_ENTRY,0.0,0,0.0,0.0,no_entry_or_no_exit,18331.75,18226.25,18000.5,18010.5,17898.0,17910.75,7729.0,79.77777777777779,-1
420,2025-04-08T10:15:00.000000,,,2025,2025-04-08,SHORT,fib50,2.0,17954.25,18331.75,17199.25,377.5,NO_ENTRY,0.0,0,0.0,0.0,no_entry_or_no_exit,18331.75,18226.25,18000.5,18010.5,17898.0,17910.75,7729.0,79.77777777777779,-1
421,2025-04-08T10:30:00.000000,,,2025,2025-04-08,SHORT,fib382,1.0,17896.0395,18331.75,17460.328999999998,435.71050000000105,NO_ENTRY,0.0,0,0.0,0.0,no_entry_or_no_exit,18331.75,18226.25,17919.5,17946.75,17814.0,17830.75,12279.0,66.85499058380414,-1
421,2025-04-08T10:30:00.000000,,,2025,2025-04-08,SHORT,fib382,1.5,17896.0395,18331.75,17242.473749999997,435.71050000000105,NO_ENTRY,0.0,0,0.0,0.0,no_entry_or_no_exit,18331.75,18226.25,17919.5,17946.75,17814.0,17830.75,12279.0,66.85499058380414,-1
421,2025-04-08T10:30:00.000000,,,2025,2025-04-08,SHORT,fib382,2.0,17896.0395,18331.75,17024.618499999997,435.71050000000105,NO_ENTRY,0.0,0,0.0,0.0,no_entry_or_no_exit,18331.75,18226.25,17919.5,17946.75,17814.0,17830.75,12279.0,66.85499058380414,-1
421,2025-04-08T10:30:00.000000,,,2025,2025-04-08,SHORT,fib50,1.0,17880.375,18331.75,17429.0,451.375,NO_ENTRY,0.0,0,0.0,0.0,no_entry_or_no_exit,18331.75,18226.25,17919.5,17946.75,17814.0,17830.75,12279.0,66.85499058380414,-1
421,2025-04-08T10:30:00.000000,,,2025,2025-04-08,SHORT,fib50,1.5,17880.375,18331.75,17203.3125,451.375,NO_ENTRY,0.0,0,0.0,0.0,no_entry_or_no_exit,18331.75,18226.25,17919.5,17946.75,17814.0,17830.75,12279.0,66.85499058380414,-1
421,2025-04-08T10:30:00.000000,,,2025,2025-04-08,SHORT,fib50,2.0,17880.375,18331.75,16977.625,451.375,NO_ENTRY,0.0,0,0.0,0.0,no_entry_or_no_exit,18331.75,18226.25,17919.5,17946.75,17814.0,17830.75,12279.0,66.85499058380414,-1
422,2025-04-08T10:35:00.000000,2025-04-08T10:45:00.000000,2025-04-08T12:40:00.000000,2025,2025-04-08,SHORT,fib382,1.0,17805.1635,18331.75,17278.576999999997,526.5865000000013,WIN,355.16349999999875,24,359.91349999999875,-25.58650000000125,time_exit,18331.75,18226.25,17830.0,17862.75,17712.0,17731.75,13697.0,65.17412935323384,-1
422,2025-04-08T10:35:00.000000,2025-04-08T10:45:00.000000,2025-04-08T12:40:00.000000,2025,2025-04-08,SHORT,fib382,1.5,17805.1635,18331.75,17015.283749999995,526.5865000000013,WIN,355.16349999999875,24,359.91349999999875,-25.58650000000125,time_exit,18331.75,18226.25,17830.0,17862.75,17712.0,17731.75,13697.0,65.17412935323384,-1
422,2025-04-08T10:35:00.000000,2025-04-08T10:45:00.000000,2025-04-08T12:40:00.000000,2025,2025-04-08,SHORT,fib382,2.0,17805.1635,18331.75,16751.990499999996,526.5865000000013,WIN,355.16349999999875,24,359.91349999999875,-25.58650000000125,time_exit,18331.75,18226.25,17830.0,17862.75,17712.0,17731.75,13697.0,65.17412935323384,-1
422,2025-04-08T10:35:00.000000,2025-04-08T10:45:00.000000,2025-04-08T12:40:00.000000,2025,2025-04-08,SHORT,fib50,1.0,17787.375,18331.75,17243.0,544.375,WIN,337.375,24,342.125,-43.375,time_exit,18331.75,18226.25,17830.0,17862.75,17712.0,17731.75,13697.0,65.17412935323384,-1
422,2025-04-08T10:35:00.000000,2025-04-08T10:45:00.000000,2025-04-08T12:40:00.000000,2025,2025-04-08,SHORT,fib50,1.5,17787.375,18331.75,16970.8125,544.375,WIN,337.375,24,342.125,-43.375,time_exit,18331.75,18226.25,17830.0,17862.75,17712.0,17731.75,13697.0,65.17412935323384,-1
422,2025-04-08T10:35:00.000000,2025-04-08T10:45:00.000000,2025-04-08T12:40:00.000000,2025,2025-04-08,SHORT,fib50,2.0,17787.375,18331.75,16698.625,544.375,WIN,337.375,24,342.125,-43.375,time_exit,18331.75,18226.25,17830.0,17862.75,17712.0,17731.75,13697.0,65.17412935323384,-1
423,2025-04-08T11:05:00.000000,2025-04-08T11:15:00.000000,2025-04-08T13:10:00.000000,2025,2025-04-08,SHORT,fib382,1.0,17672.3435,18331.75,17012.936999999998,659.406500000001,WIN,446.59349999999904,24,456.34349999999904,-89.15650000000096,time_exit,18331.75,18226.25,17689.0,17733.75,17573.0,17582.75,10428.0,66.09642301710731,-1
423,2025-04-08T11:05:00.000000,2025-04-08T11:15:00.000000,2025-04-08T13:10:00.000000,2025,2025-04-08,SHORT,fib382,1.5,17672.3435,18331.75,16683.23375,659.406500000001,WIN,446.59349999999904,24,456.34349999999904,-89.15650000000096,time_exit,18331.75,18226.25,17689.0,17733.75,17573.0,17582.75,10428.0,66.09642301710731,-1
423,2025-04-08T11:05:00.000000,2025-04-08T11:15:00.000000,2025-04-08T13:10:00.000000,2025,2025-04-08,SHORT,fib382,2.0,17672.3435,18331.75,16353.530499999997,659.406500000001,WIN,446.59349999999904,24,456.34349999999904,-89.15650000000096,time_exit,18331.75,18226.25,17689.0,17733.75,17573.0,17582.75,10428.0,66.09642301710731,-1
423,2025-04-08T11:05:00.000000,2025-04-08T11:15:00.000000,2025-04-08T13:10:00.000000,2025,2025-04-08,SHORT,fib50,1.0,17653.375,18331.75,16975.0,678.375,WIN,427.625,24,437.375,-108.125,time_exit,18331.75,18226.25,17689.0,17733.75,17573.0,17582.75,10428.0,66.09642301710731,-1
423,2025-04-08T11:05:00.000000,2025-04-08T11:15:00.000000,2025-04-08T13:10:00.000000,2025,2025-04-08,SHORT,fib50,1.5,17653.375,18331.75,16635.8125,678.375,WIN,427.625,24,437.375,-108.125,time_exit,18331.75,18226.25,17689.0,17733.75,17573.0,17582.75,10428.0,66.09642301710731,-1
423,2025-04-08T11:05:00.000000,2025-04-08T11:15:00.000000,2025-04-08T13:10:00.000000,2025,2025-04-08,SHORT,fib50,2.0,17653.375,18331.75,16296.625,678.375,WIN,427.625,24,437.375,-108.125,time_exit,18331.75,18226.25,17689.0,17733.75,17573.0,17582.75,10428.0,66.09642301710731,-1
424,2025-04-08T11:25:00.000000,2025-04-08T11:35:00.000000,2025-04-08T13:30:00.000000,2025,2025-04-08,SHORT,fib382,1.0,17570.0755,18331.75,16808.400999999998,761.674500000001,WIN,380.075499999999,24,433.325499999999,-191.424500000001,time_exit,18331.75,18226.25,17590.25,17612.0,17502.25,17508.0,9576.0,74.94305239179954,-1
424,2025-04-08T11:25:00.000000,2025-04-08T11:35:00.000000,2025-04-08T13:30:00.000000,2025,2025-04-08,SHORT,fib382,1.5,17570.0755,18331.75,16427.563749999998,761.674500000001,WIN,380.075499999999,24,433.325499999999,-191.424500000001,time_exit,18331.75,18226.25,17590.25,17612.0,17502.25,17508.0,9576.0,74.94305239179954,-1
424,2025-04-08T11:25:00.000000,2025-04-08T11:35:00.000000,2025-04-08T13:30:00.000000,2025,2025-04-08,SHORT,fib382,2.0,17570.0755,18331.75,16046.726499999997,761.674500000001,WIN,380.075499999999,24,433.325499999999,-191.424500000001,time_exit,18331.75,18226.25,17590.25,17612.0,17502.25,17508.0,9576.0,74.94305239179954,-1
424,2025-04-08T11:25:00.000000,2025-04-08T11:35:00.000000,2025-04-08T13:30:00.000000,2025,2025-04-08,SHORT,fib50,1.0,17557.125,18331.75,16782.5,774.625,WIN,367.125,24,420.375,-204.375,time_exit,18331.75,18226.25,17590.25,17612.0,17502.25,17508.0,9576.0,74.94305239179954,-1
424,2025-04-08T11:25:00.000000,2025-04-08T11:35:00.000000,2025-04-08T13:30:00.000000,2025,2025-04-08,SHORT,fib50,1.5,17557.125,18331.75,16395.1875,774.625,WIN,367.125,24,420.375,-204.375,time_exit,18331.75,18226.25,17590.25,17612.0,17502.25,17508.0,9576.0,74.94305239179954,-1
424,2025-04-08T11:25:00.000000,2025-04-08T11:35:00.000000,2025-04-08T13:30:00.000000,2025,2025-04-08,SHORT,fib50,2.0,17557.125,18331.75,16007.875,774.625,WIN,367.125,24,420.375,-204.375,time_exit,18331.75,18226.25,17590.25,17612.0,17502.25,17508.0,9576.0,74.94305239179954,-1
425,2025-04-08T12:25:00.000000,2025-04-08T12:30:00.000000,2025-04-08T14:25:00.000000,2025,2025-04-08,SHORT,fib382,1.0,17561.244,18331.75,16790.737999999998,770.5060000000012,WIN,382.9939999999988,24,587.7439999999988,-142.25600000000122,time_exit,18331.75,18226.25,17599.25,17602.5,17494.5,17507.75,5616.0,84.72222222222221,-1
425,2025-04-08T12:25:00.000000,2025-04-08T12:30:00.000000,2025-04-08T14:25:00.000000,2025,2025-04-08,SHORT,fib382,1.5,17561.244,18331.75,16405.484999999997,770.5060000000012,WIN,382.9939999999988,24,587.7439999999988,-142.25600000000122,time_exit,18331.75,18226.25,17599.25,17602.5,17494.5,17507.75,5616.0,84.72222222222221,-1
425,2025-04-08T12:25:00.000000,2025-04-08T12:30:00.000000,2025-04-08T14:25:00.000000,2025,2025-04-08,SHORT,fib382,2.0,17561.244,18331.75,16020.231999999996,770.5060000000012,WIN,382.9939999999988,24,587.7439999999988,-142.25600000000122,time_exit,18331.75,18226.25,17599.25,17602.5,17494.5,17507.75,5616.0,84.72222222222221,-1
425,2025-04-08T12:25:00.000000,2025-04-08T12:30:00.000000,2025-04-08T14:25:00.000000,2025,2025-04-08,SHORT,fib50,1.0,17548.5,18331.75,16765.25,783.25,WIN,370.25,24,575.0,-155.0,time_exit,18331.75,18226.25,17599.25,17602.5,17494.5,17507.75,5616.0,84.72222222222221,-1
425,2025-04-08T12:25:00.000000,2025-04-08T12:30:00.000000,2025-04-08T14:25:00.000000,2025,2025-04-08,SHORT,fib50,1.5,17548.5,18331.75,16373.625,783.25,WIN,370.25,24,575.0,-155.0,time_exit,18331.75,18226.25,17599.25,17602.5,17494.5,17507.75,5616.0,84.72222222222221,-1
425,2025-04-08T12:25:00.000000,2025-04-08T12:30:00.000000,2025-04-08T14:25:00.000000,2025,2025-04-08,SHORT,fib50,2.0,17548.5,18331.75,15982.0,783.25,WIN,370.25,24,575.0,-155.0,time_exit,18331.75,18226.25,17599.25,17602.5,17494.5,17507.75,5616.0,84.72222222222221,-1
426,2025-04-08T13:00:00.000000,,,2025,2025-04-08,SHORT,fib382,1.0,17422.3675,18331.75,16512.985,909.3824999999997,NO_ENTRY,0.0,0,0.0,0.0,no_entry_or_no_exit,18331.75,18226.25,17441.0,17462.0,17358.25,17368.75,7443.0,69.63855421686746,-1
426,2025-04-08T13:00:00.000000,,,2025,2025-04-08,SHORT,fib382,1.5,17422.3675,18331.75,16058.29375,909.3824999999997,NO_ENTRY,0.0,0,0.0,0.0,no_entry_or_no_exit,18331.75,18226.25,17441.0,17462.0,17358.25,17368.75,7443.0,69.63855421686746,-1
426,2025-04-08T13:00:00.000000,,,2025,2025-04-08,SHORT,fib382,2.0,17422.3675,18331.75,15603.6025,909.3824999999997,NO_ENTRY,0.0,0,0.0,0.0,no_entry_or_no_exit,18331.75,18226.25,17441.0,17462.0,17358.25,17368.75,7443.0,69.63855421686746,-1
426,2025-04-08T13:00:00.000000,,,2025,2025-04-08,SHORT,fib50,1.0,17410.125,18331.75,16488.5,921.625,NO_ENTRY,0.0,0,0.0,0.0,no_entry_or_no_exit,18331.75,18226.25,17441.0,17462.0,17358.25,17368.75,7443.0,69.63855421686746,-1
426,2025-04-08T13:00:00.000000,,,2025,2025-04-08,SHORT,fib50,1.5,17410.125,18331.75,16027.6875,921.625,NO_ENTRY,0.0,0,0.0,0.0,no_entry_or_no_exit,18331.75,18226.25,17441.0,17462.0,17358.25,17368.75,7443.0,69.63855421686746,-1
426,2025-04-08T13:00:00.000000,,,2025,2025-04-08,SHORT,fib50,2.0,17410.125,18331.75,15566.875,921.625,NO_ENTRY,0.0,0,0.0,0.0,no_entry_or_no_exit,18331.75,18226.25,17441.0,17462.0,17358.25,17368.75,7443.0,69.63855421686746,-1
427,2025-04-08T13:05:00.000000,,,2025,2025-04-08,SHORT,fib382,1.0,17348.4885,18331.75,16365.226999999999,983.2615000000005,NO_ENTRY,0.0,0,0.0,0.0,no_entry_or_no_exit,18331.75,18226.25,17368.25,17391.75,17278.5,17285.0,9197.0,73.50993377483444,-1
427,2025-04-08T13:05:00.000000,,,2025,2025-04-08,SHORT,fib382,1.5,17348.4885,18331.75,15873.596249999999,983.2615000000005,NO_ENTRY,0.0,0,0.0,0.0,no_entry_or_no_exit,18331.75,18226.25,17368.25,17391.75,17278.5,17285.0,9197.0,73.50993377483444,-1
427,2025-04-08T13:05:00.000000,,,2025,2025-04-08,SHORT,fib382,2.0,17348.4885,18331.75,15381.965499999998,983.2615000000005,NO_ENTRY,0.0,0,0.0,0.0,no_entry_or_no_exit,18331.75,18226.25,17368.25,17391.75,17278.5,17285.0,9197.0,73.50993377483444,-1
427,2025-04-08T13:05:00.000000,,,2025,2025-04-08,SHORT,fib50,1.0,17335.125,18331.75,16338.5,996.625,NO_ENTRY,0.0,0,0.0,0.0,no_entry_or_no_exit,18331.75,18226.25,17368.25,17391.75,17278.5,17285.0,9197.0,73.50993377483444,-1
427,2025-04-08T13:05:00.000000,,,2025,2025-04-08,SHORT,fib50,1.5,17335.125,18331.75,15840.1875,996.625,NO_ENTRY,0.0,0,0.0,0.0,no_entry_or_no_exit,18331.75,18226.25,17368.25,17391.75,17278.5,17285.0,9197.0,73.50993377483444,-1
427,2025-04-08T13:05:00.000000,,,2025,2025-04-08,SHORT,fib50,2.0,17335.125,18331.75,15341.875,996.625,NO_ENTRY,0.0,0,0.0,0.0,no_entry_or_no_exit,18331.75,18226.25,17368.25,17391.75,17278.5,17285.0,9197.0,73.50993377483444,-1
428,2025-04-08T13:30:00.000000,2025-04-08T13:50:00.000000,2025-04-08T16:45:00.000000,2025,2025-04-08,SHORT,fib382,1.0,17235.3785,18331.75,16139.006999999998,1096.371500000001,WIN,175.6284999999989,24,264.6284999999989,-95.6215000000011,time_exit,18331.75,18226.25,17269.25,17271.0,17177.75,17190.0,8252.0,84.98659517426273,-1
428,2025-04-08T13:30:00.000000,2025-04-08T13:50:00.000000,2025-04-08T16:45:00.000000,2025,2025-04-08,SHORT,fib382,1.5,17235.3785,18331.75,15590.821249999997,1096.371500000001,WIN,175.6284999999989,24,264.6284999999989,-95.6215000000011,time_exit,18331.75,18226.25,17269.25,17271.0,17177.75,17190.0,8252.0,84.98659517426273,-1
428,2025-04-08T13:30:00.000000,2025-04-08T13:50:00.000000,2025-04-08T16:45:00.000000,2025,2025-04-08,SHORT,fib382,2.0,17235.3785,18331.75,15042.635499999997,1096.371500000001,WIN,175.6284999999989,24,264.6284999999989,-95.6215000000011,time_exit,18331.75,18226.25,17269.25,17271.0,17177.75,17190.0,8252.0,84.98659517426273,-1
428,2025-04-08T13:30:00.000000,2025-04-08T13:50:00.000000,2025-04-08T16:45:00.000000,2025,2025-04-08,SHORT,fib50,1.0,17224.375,18331.75,16117.0,1107.375,WIN,164.625,24,253.625,-106.625,time_exit,18331.75,18226.25,17269.25,17271.0,17177.75,17190.0,8252.0,84.98659517426273,-1
428,2025-04-08T13:30:00.000000,2025-04-08T13:50:00.000000,2025-04-08T16:45:00.000000,2025,2025-04-08,SHORT,fib50,1.5,17224.375,18331.75,15563.3125,1107.375,WIN,164.625,24,253.625,-106.625,time_exit,18331.75,18226.25,17269.25,17271.0,17177.75,17190.0,8252.0,84.98659517426273,-1
428,2025-04-08T13:30:00.000000,2025-04-08T13:50:00.000000,2025-04-08T16:45:00.000000,2025,2025-04-08,SHORT,fib50,2.0,17224.375,18331.75,15009.625,1107.375,WIN,164.625,24,253.625,-106.625,time_exit,18331.75,18226.25,17269.25,17271.0,17177.75,17190.0,8252.0,84.98659517426273,-1
429,2025-04-08T13:35:00.000000,2025-04-08T13:40:00.000000,2025-04-08T16:35:00.000000,2025,2025-04-08,SHORT,fib382,1.0,17131.3265,18331.75,15930.902999999998,1200.4235000000008,WIN,97.82649999999921,24,160.5764999999992,-199.6735000000008,time_exit,18331.75,18226.25,17189.75,17190.25,17036.0,17059.25,10167.0,84.60291734197732,-1
429,2025-04-08T13:35:00.000000,2025-04-08T13:40:00.000000,2025-04-08T16:35:00.000000,2025,2025-04-08,SHORT,fib382,1.5,17131.3265,18331.75,15330.691249999998,1200.4235000000008,WIN,97.82649999999921,24,160.5764999999992,-199.6735000000008,time_exit,18331.75,18226.25,17189.75,17190.25,17036.0,17059.25,10167.0,84.60291734197732,-1
429,2025-04-08T13:35:00.000000,2025-04-08T13:40:00.000000,2025-04-08T16:35:00.000000,2025,2025-04-08,SHORT,fib382,2.0,17131.3265,18331.75,14730.479499999998,1200.4235000000008,WIN,97.82649999999921,24,160.5764999999992,-199.6735000000008,time_exit,18331.75,18226.25,17189.75,17190.25,17036.0,17059.25,10167.0,84.60291734197732,-1
429,2025-04-08T13:35:00.000000,2025-04-08T13:40:00.000000,2025-04-08T16:35:00.000000,2025,2025-04-08,SHORT,fib50,1.0,17113.125,18331.75,15894.5,1218.625,WIN,79.625,24,142.375,-217.875,time_exit,18331.75,18226.25,17189.75,17190.25,17036.0,17059.25,10167.0,84.60291734197732,-1
429,2025-04-08T13:35:00.000000,2025-04-08T13:40:00.000000,2025-04-08T16:35:00.000000,2025,2025-04-08,SHORT,fib50,1.5,17113.125,18331.75,15285.1875,1218.625,WIN,79.625,24,142.375,-217.875,time_exit,18331.75,18226.25,17189.75,17190.25,17036.0,17059.25,10167.0,84.60291734197732,-1
429,2025-04-08T13:35:00.000000,2025-04-08T13:40:00.000000,2025-04-08T16:35:00.000000,2025,2025-04-08,SHORT,fib50,2.0,17113.125,18331.75,14675.875,1218.625,WIN,79.625,24,142.375,-217.875,time_exit,18331.75,18226.25,17189.75,17190.25,17036.0,17059.25,10167.0,84.60291734197732,-1
430,2025-04-08T14:20:00.000000,2025-04-08T14:30:00.000000,2025-04-08T17:25:00.000000,2025,2025-04-08,SHORT,fib382,1.0,17198.055,18331.75,16064.36,1133.6949999999997,WIN,310.3050000000003,24,321.5550000000003,-41.94499999999971,time_exit,18331.75,18226.25,17222.5,17225.75,17153.25,17155.75,2122.0,92.06896551724138,-1
430,2025-04-08T14:20:00.000000,2025-04-08T14:30:00.000000,2025-04-08T17:25:00.000000,2025,2025-04-08,SHORT,fib382,1.5,17198.055,18331.75,15497.5125,1133.6949999999997,WIN,310.3050000000003,24,321.5550000000003,-41.94499999999971,time_exit,18331.75,18226.25,17222.5,17225.75,17153.25,17155.75,2122.0,92.06896551724138,-1
430,2025-04-08T14:20:00.000000,2025-04-08T14:30:00.000000,2025-04-08T17:25:00.000000,2025,2025-04-08,SHORT,fib382,2.0,17198.055,18331.75,14930.665,1133.6949999999997,WIN,310.3050000000003,24,321.5550000000003,-41.94499999999971,time_exit,18331.75,18226.25,17222.5,17225.75,17153.25,17155.75,2122.0,92.06896551724138,-1
430,2025-04-08T14:20:00.000000,2025-04-08T14:25:00.000000,2025-04-08T17:20:00.000000,2025,2025-04-08,SHORT,fib50,1.0,17189.5,18331.75,16047.25,1142.25,WIN,265.75,24,289.5,-50.5,time_exit,18331.75,18226.25,17222.5,17225.75,17153.25,17155.75,2122.0,92.06896551724138,-1
430,2025-04-08T14:20:00.000000,2025-04-08T14:25:00.000000,2025-04-08T17:20:00.000000,2025,2025-04-08,SHORT,fib50,1.5,17189.5,18331.75,15476.125,1142.25,WIN,265.75,24,289.5,-50.5,time_exit,18331.75,18226.25,17222.5,17225.75,17153.25,17155.75,2122.0,92.06896551724138,-1
430,2025-04-08T14:20:00.000000,2025-04-08T14:25:00.000000,2025-04-08T17:20:00.000000,2025,2025-04-08,SHORT,fib50,2.0,17189.5,18331.75,14905.0,1142.25,WIN,265.75,24,289.5,-50.5,time_exit,18331.75,18226.25,17222.5,17225.75,17153.25,17155.75,2122.0,92.06896551724138,-1
431,2025-04-09T08:50:00.000000,2025-04-09T09:05:00.000000,2025-04-09T10:55:00.000000,2025,2025-04-09,SHORT,fib382,1.0,17336.8965,17553.25,17120.542999999998,216.35350000000108,LOSS,-216.35350000000108,23,71.64649999999892,-243.10350000000108,stop,17553.25,17397.5,17375.0,17392.0,17247.75,17273.75,9571.0,70.19064124783363,-1
431,2025-04-09T08:50:00.000000,2025-04-09T09:05:00.000000,2025-04-09T10:55:00.000000,2025,2025-04-09,SHORT,fib382,1.5,17336.8965,17553.25,17012.36625,216.35350000000108,LOSS,-216.35350000000108,23,71.64649999999892,-243.10350000000108,stop,17553.25,17397.5,17375.0,17392.0,17247.75,17273.75,9571.0,70.19064124783363,-1
431,2025-04-09T08:50:00.000000,2025-04-09T09:05:00.000000,2025-04-09T10:55:00.000000,2025,2025-04-09,SHORT,fib382,2.0,17336.8965,17553.25,16904.189499999997,216.35350000000108,LOSS,-216.35350000000108,23,71.64649999999892,-243.10350000000108,stop,17553.25,17397.5,17375.0,17392.0,17247.75,17273.75,9571.0,70.19064124783363,-1
431,2025-04-09T08:50:00.000000,2025-04-09T09:05:00.000000,2025-04-09T10:55:00.000000,2025,2025-04-09,SHORT,fib50,1.0,17319.875,17553.25,17086.5,233.375,LOSS,-233.375,23,54.625,-260.125,stop,17553.25,17397.5,17375.0,17392.0,17247.75,17273.75,9571.0,70.19064124783363,-1
431,2025-04-09T08:50:00.000000,2025-04-09T09:05:00.000000,2025-04-09T10:55:00.000000,2025,2025-04-09,SHORT,fib50,1.5,17319.875,17553.25,16969.8125,233.375,LOSS,-233.375,23,54.625,-260.125,stop,17553.25,17397.5,17375.0,17392.0,17247.75,17273.75,9571.0,70.19064124783363,-1
431,2025-04-09T08:50:00.000000,2025-04-09T09:05:00.000000,2025-04-09T10:55:00.000000,2025,2025-04-09,SHORT,fib50,2.0,17319.875,17553.25,16853.125,233.375,LOSS,-233.375,23,54.625,-260.125,stop,17553.25,17397.5,17375.0,17392.0,17247.75,17273.75,9571.0,70.19064124783363,-1
432,2025-04-09T11:00:00.000000,2025-04-09T11:05:00.000000,2025-04-09T11:15:00.000000,2025,2025-04-09,LONG,fib382,1.0,17596.583,17397.5,17795.665999999997,199.08299999999872,WIN,199.08299999999872,3,459.9170000000013,-176.08299999999872,target,17553.25,17397.5,17531.5,17708.75,17527.25,17693.5,9622.0,89.25619834710744,1
432,2025-04-09T11:00:00.000000,2025-04-09T11:05:00.000000,2025-04-09T11:15:00.000000,2025,2025-04-09,LONG,fib382,1.5,17596.583,17397.5,17895.207499999997,199.08299999999872,WIN,298.6244999999981,3,459.9170000000013,-176.08299999999872,target,17553.25,17397.5,17531.5,17708.75,17527.25,17693.5,9622.0,89.25619834710744,1
432,2025-04-09T11:00:00.000000,2025-04-09T11:05:00.000000,2025-04-09T11:15:00.000000,2025,2025-04-09,LONG,fib382,2.0,17596.583,17397.5,17994.748999999996,199.08299999999872,WIN,398.16599999999744,3,459.9170000000013,-176.08299999999872,target,17553.25,17397.5,17531.5,17708.75,17527.25,17693.5,9622.0,89.25619834710744,1
432,2025-04-09T11:00:00.000000,2025-04-09T11:05:00.000000,2025-04-09T11:15:00.000000,2025,2025-04-09,LONG,fib50,1.0,17618.0,17397.5,17838.5,220.5,WIN,220.5,3,438.5,-197.5,target,17553.25,17397.5,17531.5,17708.75,17527.25,17693.5,9622.0,89.25619834710744,1
432,2025-04-09T11:00:00.000000,2025-04-09T11:05:00.000000,2025-04-09T11:15:00.000000,2025,2025-04-09,LONG,fib50,1.5,17618.0,17397.5,17948.75,220.5,WIN,330.75,3,438.5,-197.5,target,17553.25,17397.5,17531.5,17708.75,17527.25,17693.5,9622.0,89.25619834710744,1
432,2025-04-09T11:00:00.000000,2025-04-09T11:05:00.000000,2025-04-09T11:20:00.000000,2025,2025-04-09,LONG,fib50,2.0,17618.0,17397.5,18059.0,220.5,WIN,441.0,4,817.25,-197.5,target,17553.25,17397.5,17531.5,17708.75,17527.25,17693.5,9622.0,89.25619834710744,1
435,2025-04-09T13:00:00.000000,,,2025,2025-04-09,LONG,fib382,1.0,18784.8585,17397.5,20172.216999999997,1387.3584999999985,NO_ENTRY,0.0,0,0.0,0.0,no_entry_or_no_exit,17553.25,17397.5,18776.75,18891.0,18719.25,18885.0,10620.0,63.02765647743813,1
435,2025-04-09T13:00:00.000000,,,2025,2025-04-09,LONG,fib382,1.5,18784.8585,17397.5,20865.896249999998,1387.3584999999985,NO_ENTRY,0.0,0,0.0,0.0,no_entry_or_no_exit,17553.25,17397.5,18776.75,18891.0,18719.25,18885.0,10620.0,63.02765647743813,1
435,2025-04-09T13:00:00.000000,,,2025,2025-04-09,LONG,fib382,2.0,18784.8585,17397.5,21559.575499999995,1387.3584999999985,NO_ENTRY,0.0,0,0.0,0.0,no_entry_or_no_exit,17553.25,17397.5,18776.75,18891.0,18719.25,18885.0,10620.0,63.02765647743813,1
435,2025-04-09T13:00:00.000000,,,2025,2025-04-09,LONG,fib50,1.0,18805.125,17397.5,20212.75,1407.625,NO_ENTRY,0.0,0,0.0,0.0,no_entry_or_no_exit,17553.25,17397.5,18776.75,18891.0,18719.25,18885.0,10620.0,63.02765647743813,1
435,2025-04-09T13:00:00.000000,,,2025,2025-04-09,LONG,fib50,1.5,18805.125,17397.5,20916.5625,1407.625,NO_ENTRY,0.0,0,0.0,0.0,no_entry_or_no_exit,17553.25,17397.5,18776.75,18891.0,18719.25,18885.0,10620.0,63.02765647743813,1
435,2025-04-09T13:00:00.000000,,,2025,2025-04-09,LONG,fib50,2.0,18805.125,17397.5,21620.375,1407.625,NO_ENTRY,0.0,0,0.0,0.0,no_entry_or_no_exit,17553.25,17397.5,18776.75,18891.0,18719.25,18885.0,10620.0,63.02765647743813,1
436,2025-04-09T13:10:00.000000,2025-04-09T13:15:00.000000,2025-04-09T16:10:00.000000,2025,2025-04-09,LONG,fib382,1.0,18957.896,17397.5,20518.292,1560.3960000000006,WIN,357.35399999999936,24,428.85399999999936,-0.3960000000006403,time_exit,17553.25,17397.5,18913.25,19037.0,18909.0,19030.75,8145.0,91.796875,1
436,2025-04-09T13:10:00.000000,2025-04-09T13:15:00.000000,2025-04-09T16:10:00.000000,2025,2025-04-09,LONG,fib382,1.5,18957.896,17397.5,21298.49,1560.3960000000006,WIN,357.35399999999936,24,428.85399999999936,-0.3960000000006403,time_exit,17553.25,17397.5,18913.25,19037.0,18909.0,19030.75,8145.0,91.796875,1
436,2025-04-09T13:10:00.000000,2025-04-09T13:15:00.000000,2025-04-09T16:10:00.000000,2025,2025-04-09,LONG,fib382,2.0,18957.896,17397.5,22078.688000000002,1560.3960000000006,WIN,357.35399999999936,24,428.85399999999936,-0.3960000000006403,time_exit,17553.25,17397.5,18913.25,19037.0,18909.0,19030.75,8145.0,91.796875,1
436,2025-04-09T13:10:00.000000,2025-04-09T13:15:00.000000,2025-04-09T16:10:00.000000,2025,2025-04-09,LONG,fib50,1.0,18973.0,17397.5,20548.5,1575.5,WIN,342.25,24,413.75,-15.5,time_exit,17553.25,17397.5,18913.25,19037.0,18909.0,19030.75,8145.0,91.796875,1
436,2025-04-09T13:10:00.000000,2025-04-09T13:15:00.000000,2025-04-09T16:10:00.000000,2025,2025-04-09,LONG,fib50,1.5,18973.0,17397.5,21336.25,1575.5,WIN,342.25,24,413.75,-15.5,time_exit,17553.25,17397.5,18913.25,19037.0,18909.0,19030.75,8145.0,91.796875,1
436,2025-04-09T13:10:00.000000,2025-04-09T13:15:00.000000,2025-04-09T16:10:00.000000,2025,2025-04-09,LONG,fib50,2.0,18973.0,17397.5,22124.0,1575.5,WIN,342.25,24,413.75,-15.5,time_exit,17553.25,17397.5,18913.25,19037.0,18909.0,19030.75,8145.0,91.796875,1
437,2025-04-09T13:20:00.000000,2025-04-09T20:55:00.000000,2025-04-09T22:50:00.000000,2025,2025-04-09,LONG,fib382,1.0,19106.5005,17397.5,20815.500999999997,1709.0004999999983,LOSS,-44.00049999999828,24,35.49950000000172,-137.25049999999828,time_exit,17553.25,17397.5,19077.75,19170.0,19067.25,19150.75,8665.0,71.04622871046229,1
437,2025-04-09T13:20:00.000000,2025-04-09T20:55:00.000000,2025-04-09T22:50:00.000000,2025,2025-04-09,LONG,fib382,1.5,19106.5005,17397.5,21670.001249999994,1709.0004999999983,LOSS,-44.00049999999828,24,35.49950000000172,-137.25049999999828,time_exit,17553.25,17397.5,19077.75,19170.0,19067.25,19150.75,8665.0,71.04622871046229,1
437,2025-04-09T13:20:00.000000,2025-04-09T20:55:00.000000,2025-04-09T22:50:00.000000,2025,2025-04-09,LONG,fib382,2.0,19106.5005,17397.5,22524.501499999995,1709.0004999999983,LOSS,-44.00049999999828,24,35.49950000000172,-137.25049999999828,time_exit,17553.25,17397.5,19077.75,19170.0,19067.25,19150.75,8665.0,71.04622871046229,1
437,2025-04-09T13:20:00.000000,2025-04-09T13:25:00.000000,2025-04-09T16:20:00.000000,2025,2025-04-09,LONG,fib50,1.0,19118.625,17397.5,20839.75,1721.125,WIN,196.875,24,268.125,-0.125,time_exit,17553.25,17397.5,19077.75,19170.0,19067.25,19150.75,8665.0,71.04622871046229,1
437,2025-04-09T13:20:00.000000,2025-04-09T13:25:00.000000,2025-04-09T16:20:00.000000,2025,2025-04-09,LONG,fib50,1.5,19118.625,17397.5,21700.3125,1721.125,WIN,196.875,24,268.125,-0.125,time_exit,17553.25,17397.5,19077.75,19170.0,19067.25,19150.75,8665.0,71.04622871046229,1
437,2025-04-09T13:20:00.000000,2025-04-09T13:25:00.000000,2025-04-09T16:20:00.000000,2025,2025-04-09,LONG,fib50,2.0,19118.625,17397.5,22560.875,1721.125,WIN,196.875,24,268.125,-0.125,time_exit,17553.25,17397.5,19077.75,19170.0,19067.25,19150.75,8665.0,71.04622871046229,1
438,2025-04-09T13:30:00.000000,2025-04-09T13:35:00.000000,2025-04-09T16:30:00.000000,2025,2025-04-09,LONG,fib382,1.0,19194.677,17397.5,20991.854,1797.1769999999997,WIN,127.82300000000032,24,192.07300000000032,-74.92699999999968,time_exit,17553.25,17397.5,19149.75,19271.0,19147.5,19233.0,10269.0,67.4089068825911,1
438,2025-04-09T13:30:00.000000,2025-04-09T13:35:00.000000,2025-04-09T16:30:00.000000,2025,2025-04-09,LONG,fib382,1.5,19194.677,17397.5,21890.442499999997,1797.1769999999997,WIN,127.82300000000032,24,192.07300000000032,-74.92699999999968,time_exit,17553.25,17397.5,19149.75,19271.0,19147.5,19233.0,10269.0,67.4089068825911,1
438,2025-04-09T13:30:00.000000,2025-04-09T13:35:00.000000,2025-04-09T16:30:00.000000,2025,2025-04-09,LONG,fib382,2.0,19194.677,17397.5,22789.031,1797.1769999999997,WIN,127.82300000000032,24,192.07300000000032,-74.92699999999968,time_exit,17553.25,17397.5,19149.75,19271.0,19147.5,19233.0,10269.0,67.4089068825911,1
438,2025-04-09T13:30:00.000000,2025-04-09T13:35:00.000000,2025-04-09T16:30:00.000000,2025,2025-04-09,LONG,fib50,1.0,19209.25,17397.5,21021.0,1811.75,WIN,113.25,24,177.5,-89.5,time_exit,17553.25,17397.5,19149.75,19271.0,19147.5,19233.0,10269.0,67.4089068825911,1
438,2025-04-09T13:30:00.000000,2025-04-09T13:35:00.000000,2025-04-09T16:30:00.000000,2025,2025-04-09,LONG,fib50,1.5,19209.25,17397.5,21926.875,1811.75,WIN,113.25,24,177.5,-89.5,time_exit,17553.25,17397.5,19149.75,19271.0,19147.5,19233.0,10269.0,67.4089068825911,1
438,2025-04-09T13:30:00.000000,2025-04-09T13:35:00.000000,2025-04-09T16:30:00.000000,2025,2025-04-09,LONG,fib50,2.0,19209.25,17397.5,22832.75,1811.75,WIN,113.25,24,177.5,-89.5,time_exit,17553.25,17397.5,19149.75,19271.0,19147.5,19233.0,10269.0,67.4089068825911,1
439,2025-04-09T13:50:00.000000,2025-04-09T13:55:00.000000,2025-04-09T16:50:00.000000,2025,2025-04-09,LONG,fib382,1.0,19301.517,17397.5,21205.534,1904.0169999999998,WIN,30.233000000000175,24,85.23300000000017,-72.51699999999983,time_exit,17553.25,17397.5,19256.25,19374.75,19256.25,19330.0,14873.0,62.236286919831215,1
439,2025-04-09T13:50:00.000000,2025-04-09T13:55:00.000000,2025-04-09T16:50:00.000000,2025,2025-04-09,LONG,fib382,1.5,19301.517,17397.5,22157.5425,1904.0169999999998,WIN,30.233000000000175,24,85.23300000000017,-72.51699999999983,time_exit,17553.25,17397.5,19256.25,19374.75,19256.25,19330.0,14873.0,62.236286919831215,1
439,2025-04-09T13:50:00.000000,2025-04-09T13:55:00.000000,2025-04-09T16:50:00.000000,2025,2025-04-09,LONG,fib382,2.0,19301.517,17397.5,23109.551,1904.0169999999998,WIN,30.233000000000175,24,85.23300000000017,-72.51699999999983,time_exit,17553.25,17397.5,19256.25,19374.75,19256.25,19330.0,14873.0,62.236286919831215,1
439,2025-04-09T13:50:00.000000,2025-04-09T13:55:00.000000,2025-04-09T16:50:00.000000,2025,2025-04-09,LONG,fib50,1.0,19315.5,17397.5,21233.5,1918.0,WIN,16.25,24,71.25,-86.5,time_exit,17553.25,17397.5,19256.25,19374.75,19256.25,19330.0,14873.0,62.236286919831215,1
439,2025-04-09T13:50:00.000000,2025-04-09T13:55:00.000000,2025-04-09T16:50:00.000000,2025,2025-04-09,LONG,fib50,1.5,19315.5,17397.5,22192.5,1918.0,WIN,16.25,24,71.25,-86.5,time_exit,17553.25,17397.5,19256.25,19374.75,19256.25,19330.0,14873.0,62.236286919831215,1
439,2025-04-09T13:50:00.000000,2025-04-09T13:55:00.000000,2025-04-09T16:50:00.000000,2025,2025-04-09,LONG,fib50,2.0,19315.5,17397.5,23151.5,1918.0,WIN,16.25,24,71.25,-86.5,time_exit,17553.25,17397.5,19256.25,19374.75,19256.25,19330.0,14873.0,62.236286919831215,1
440,2025-04-10T10:00:00.000000,2025-04-10T10:05:00.000000,2025-04-10T12:00:00.000000,2025,2025-04-10,SHORT,fib382,1.0,18279.3825,18801.0,17757.765,521.6175000000003,LOSS,-290.3675000000003,24,360.3824999999997,-317.6175000000003,time_exit,18801.0,18643.75,18278.25,18335.25,18189.0,18190.5,12171.0,60.0,-1
440,2025-04-10T10:00:00.000000,2025-04-10T10:05:00.000000,2025-04-10T12:00:00.000000,2025,2025-04-10,SHORT,fib382,1.5,18279.3825,18801.0,17496.95625,521.6175000000003,LOSS,-290.3675000000003,24,360.3824999999997,-317.6175000000003,time_exit,18801.0,18643.75,18278.25,18335.25,18189.0,18190.5,12171.0,60.0,-1
440,2025-04-10T10:00:00.000000,2025-04-10T10:05:00.000000,2025-04-10T12:00:00.000000,2025,2025-04-10,SHORT,fib382,2.0,18279.3825,18801.0,17236.1475,521.6175000000003,LOSS,-290.3675000000003,24,360.3824999999997,-317.6175000000003,time_exit,18801.0,18643.75,18278.25,18335.25,18189.0,18190.5,12171.0,60.0,-1
440,2025-04-10T10:00:00.000000,2025-04-10T10:05:00.000000,2025-04-10T12:00:00.000000,2025,2025-04-10,SHORT,fib50,1.0,18262.125,18801.0,17723.25,538.875,LOSS,-307.625,24,343.125,-334.875,time_exit,18801.0,18643.75,18278.25,18335.25,18189.0,18190.5,12171.0,60.0,-1
440,2025-04-10T10:00:00.000000,2025-04-10T10:05:00.000000,2025-04-10T12:00:00.000000,2025,2025-04-10,SHORT,fib50,1.5,18262.125,18801.0,17453.8125,538.875,LOSS,-307.625,24,343.125,-334.875,time_exit,18801.0,18643.75,18278.25,18335.25,18189.0,18190.5,12171.0,60.0,-1
440,2025-04-10T10:00:00.000000,2025-04-10T10:05:00.000000,2025-04-10T12:00:00.000000,2025,2025-04-10,SHORT,fib50,2.0,18262.125,18801.0,17184.375,538.875,LOSS,-307.625,24,343.125,-334.875,time_exit,18801.0,18643.75,18278.25,18335.25,18189.0,18190.5,12171.0,60.0,-1
441,2025-04-10T10:15:00.000000,2025-04-10T10:30:00.000000,2025-04-10T12:25:00.000000,2025,2025-04-10,SHORT,fib382,1.0,18143.07,18801.0,17485.14,657.9300000000003,LOSS,-471.6800000000003,24,147.5699999999997,-489.9300000000003,time_exit,18801.0,18643.75,18179.25,18187.0,18072.0,18109.0,11375.0,61.08695652173913,-1
441,2025-04-10T10:15:00.000000,2025-04-10T10:30:00.000000,2025-04-10T12:25:00.000000,2025,2025-04-10,SHORT,fib382,1.5,18143.07,18801.0,17156.175,657.9300000000003,LOSS,-471.6800000000003,24,147.5699999999997,-489.9300000000003,time_exit,18801.0,18643.75,18179.25,18187.0,18072.0,18109.0,11375.0,61.08695652173913,-1
441,2025-04-10T10:15:00.000000,2025-04-10T10:30:00.000000,2025-04-10T12:25:00.000000,2025,2025-04-10,SHORT,fib382,2.0,18143.07,18801.0,16827.21,657.9300000000003,LOSS,-471.6800000000003,24,147.5699999999997,-489.9300000000003,time_exit,18801.0,18643.75,18179.25,18187.0,18072.0,18109.0,11375.0,61.08695652173913,-1
441,2025-04-10T10:15:00.000000,2025-04-10T10:30:00.000000,2025-04-10T12:25:00.000000,2025,2025-04-10,SHORT,fib50,1.0,18129.5,18801.0,17458.0,671.5,LOSS,-485.25,24,134.0,-503.5,time_exit,18801.0,18643.75,18179.25,18187.0,18072.0,18109.0,11375.0,61.08695652173913,-1
441,2025-04-10T10:15:00.000000,2025-04-10T10:30:00.000000,2025-04-10T12:25:00.000000,2025,2025-04-10,SHORT,fib50,1.5,18129.5,18801.0,17122.25,671.5,LOSS,-485.25,24,134.0,-503.5,time_exit,18801.0,18643.75,18179.25,18187.0,18072.0,18109.0,11375.0,61.08695652173913,-1
441,2025-04-10T10:15:00.000000,2025-04-10T10:30:00.000000,2025-04-10T12:25:00.000000,2025,2025-04-10,SHORT,fib50,2.0,18129.5,18801.0,16786.5,671.5,LOSS,-485.25,24,134.0,-503.5,time_exit,18801.0,18643.75,18179.25,18187.0,18072.0,18109.0,11375.0,61.08695652173913,-1
442,2025-04-10T11:10:00.000000,2025-04-10T11:25:00.000000,2025-04-10T13:20:00.000000,2025,2025-04-10,SHORT,fib382,1.0,18184.7535,18801.0,17568.506999999998,616.2465000000011,LOSS,-319.2465000000011,24,39.503499999998894,-489.9965000000011,time_exit,18801.0,18643.75,18230.0,18244.25,18088.5,18120.0,9420.0,70.62600321027287,-1
442,2025-04-10T11:10:00.000000,2025-04-10T11:25:00.000000,2025-04-10T13:20:00.000000,2025,2025-04-10,SHORT,fib382,1.5,18184.7535,18801.0,17260.383749999997,616.2465000000011,LOSS,-319.2465000000011,24,39.503499999998894,-489.9965000000011,time_exit,18801.0,18643.75,18230.0,18244.25,18088.5,18120.0,9420.0,70.62600321027287,-1
442,2025-04-10T11:10:00.000000,2025-04-10T11:25:00.000000,2025-04-10T13:20:00.000000,2025,2025-04-10,SHORT,fib382,2.0,18184.7535,18801.0,16952.260499999997,616.2465000000011,LOSS,-319.2465000000011,24,39.503499999998894,-489.9965000000011,time_exit,18801.0,18643.75,18230.0,18244.25,18088.5,18120.0,9420.0,70.62600321027287,-1
442,2025-04-10T11:10:00.000000,2025-04-10T11:20:00.000000,2025-04-10T13:15:00.000000,2025,2025-04-10,SHORT,fib50,1.0,18166.375,18801.0,17531.75,634.625,LOSS,-377.375,24,136.125,-508.375,time_exit,18801.0,18643.75,18230.0,18244.25,18088.5,18120.0,9420.0,70.62600321027287,-1
442,2025-04-10T11:10:00.000000,2025-04-10T11:20:00.000000,2025-04-10T13:15:00.000000,2025,2025-04-10,SHORT,fib50,1.5,18166.375,18801.0,17214.4375,634.625,LOSS,-377.375,24,136.125,-508.375,time_exit,18801.0,18643.75,18230.0,18244.25,18088.5,18120.0,9420.0,70.62600321027287,-1
442,2025-04-10T11:10:00.000000,2025-04-10T11:20:00.000000,2025-04-10T13:15:00.000000,2025,2025-04-10,SHORT,fib50,2.0,18166.375,18801.0,16897.125,634.625,LOSS,-377.375,24,136.125,-508.375,time_exit,18801.0,18643.75,18230.0,18244.25,18088.5,18120.0,9420.0,70.62600321027287,-1
443,2025-04-10T12:05:00.000000,2025-04-10T12:20:00.000000,2025-04-10T14:15:00.000000,2025,2025-04-10,SHORT,fib382,1.0,18510.342,18801.0,18219.684,290.65799999999945,LOSS,-2.157999999999447,24,269.59200000000055,-164.40799999999945,time_exit,18801.0,18643.75,18569.5,18594.0,18375.0,18392.5,10658.0,80.82191780821918,-1
443,2025-04-10T12:05:00.000000,2025-04-10T12:20:00.000000,2025-04-10T14:15:00.000000,2025,2025-04-10,SHORT,fib382,1.5,18510.342,18801.0,18074.355000000003,290.65799999999945,LOSS,-2.157999999999447,24,269.59200000000055,-164.40799999999945,time_exit,18801.0,18643.75,18569.5,18594.0,18375.0,18392.5,10658.0,80.82191780821918,-1
443,2025-04-10T12:05:00.000000,2025-04-10T12:20:00.000000,2025-04-10T14:15:00.000000,2025,2025-04-10,SHORT,fib382,2.0,18510.342,18801.0,17929.026,290.65799999999945,LOSS,-2.157999999999447,24,269.59200000000055,-164.40799999999945,time_exit,18801.0,18643.75,18569.5,18594.0,18375.0,18392.5,10658.0,80.82191780821918,-1
443,2025-04-10T12:05:00.000000,2025-04-10T12:20:00.000000,2025-04-10T14:15:00.000000,2025,2025-04-10,SHORT,fib50,1.0,18484.5,18801.0,18168.0,316.5,LOSS,-28.0,24,243.75,-190.25,time_exit,18801.0,18643.75,18569.5,18594.0,18375.0,18392.5,10658.0,80.82191780821918,-1
443,2025-04-10T12:05:00.000000,2025-04-10T12:20:00.000000,2025-04-10T14:15:00.000000,2025,2025-04-10,SHORT,fib50,1.5,18484.5,18801.0,18009.75,316.5,LOSS,-28.0,24,243.75,-190.25,time_exit,18801.0,18643.75,18569.5,18594.0,18375.0,18392.5,10658.0,80.82191780821918,-1
443,2025-04-10T12:05:00.000000,2025-04-10T12:20:00.000000,2025-04-10T14:15:00.000000,2025,2025-04-10,SHORT,fib50,2.0,18484.5,18801.0,17851.5,316.5,LOSS,-28.0,24,243.75,-190.25,time_exit,18801.0,18643.75,18569.5,18594.0,18375.0,18392.5,10658.0,80.82191780821918,-1
444,2025-04-10T12:45:00.000000,2025-04-10T12:50:00.000000,2025-04-10T13:25:00.000000,2025,2025-04-10,SHORT,fib382,1.0,18601.7955,18801.0,18402.591,199.20449999999983,WIN,199.20449999999983,8,219.54550000000017,-55.954499999999825,target,18801.0,18643.75,18654.25,18659.0,18509.25,18550.25,7269.0,69.44908180300501,-1
444,2025-04-10T12:45:00.000000,2025-04-10T12:50:00.000000,2025-04-10T13:40:00.000000,2025,2025-04-10,SHORT,fib382,1.5,18601.7955,18801.0,18302.98875,199.20449999999983,WIN,298.80674999999974,11,361.0455000000002,-55.954499999999825,target,18801.0,18643.75,18654.25,18659.0,18509.25,18550.25,7269.0,69.44908180300501,-1
444,2025-04-10T12:45:00.000000,2025-04-10T12:50:00.000000,2025-04-10T14:45:00.000000,2025,2025-04-10,SHORT,fib382,2.0,18601.7955,18801.0,18203.3865,199.20449999999983,WIN,131.29550000000017,24,361.0455000000002,-55.954499999999825,time_exit,18801.0,18643.75,18654.25,18659.0,18509.25,18550.25,7269.0,69.44908180300501,-1
444,2025-04-10T12:45:00.000000,2025-04-10T12:50:00.000000,2025-04-10T13:40:00.000000,2025,2025-04-10,SHORT,fib50,1.0,18584.125,18801.0,18367.25,216.875,WIN,216.875,11,343.375,-73.625,target,18801.0,18643.75,18654.25,18659.0,18509.25,18550.25,7269.0,69.44908180300501,-1
444,2025-04-10T12:45:00.000000,2025-04-10T12:50:00.000000,2025-04-10T13:40:00.000000,2025,2025-04-10,SHORT,fib50,1.5,18584.125,18801.0,18258.8125,216.875,WIN,325.3125,11,343.375,-73.625,target,18801.0,18643.75,18654.25,18659.0,18509.25,18550.25,7269.0,69.44908180300501,-1
444,2025-04-10T12:45:00.000000,2025-04-10T12:50:00.000000,2025-04-10T14:45:00.000000,2025,2025-04-10,SHORT,fib50,2.0,18584.125,18801.0,18150.375,216.875,WIN,113.625,24,343.375,-73.625,time_exit,18801.0,18643.75,18654.25,18659.0,18509.25,18550.25,7269.0,69.44908180300501,-1
445,2025-04-10T13:25:00.000000,2025-04-10T13:30:00.000000,2025-04-10T16:25:00.000000,2025,2025-04-10,SHORT,fib382,1.0,18493.799,18801.0,18186.597999999998,307.20100000000093,LOSS,-23.20100000000093,24,253.04899999999907,-79.95100000000093,time_exit,18801.0,18643.75,18503.25,18562.75,18382.25,18386.5,7236.0,64.6814404432133,-1
445,2025-04-10T13:25:00.000000,2025-04-10T13:30:00.000000,2025-04-10T16:25:00.000000,2025,2025-04-10,SHORT,fib382,1.5,18493.799,18801.0,18032.997499999998,307.20100000000093,LOSS,-23.20100000000093,24,253.04899999999907,-79.95100000000093,time_exit,18801.0,18643.75,18503.25,18562.75,18382.25,18386.5,7236.0,64.6814404432133,-1
445,2025-04-10T13:25:00.000000,2025-04-10T13:30:00.000000,2025-04-10T16:25:00.000000,2025,2025-04-10,SHORT,fib382,2.0,18493.799,18801.0,17879.396999999997,307.20100000000093,LOSS,-23.20100000000093,24,253.04899999999907,-79.95100000000093,time_exit,18801.0,18643.75,18503.25,18562.75,18382.25,18386.5,7236.0,64.6814404432133,-1
445,2025-04-10T13:25:00.000000,2025-04-10T13:30:00.000000,2025-04-10T16:25:00.000000,2025,2025-04-10,SHORT,fib50,1.0,18472.5,18801.0,18144.0,328.5,LOSS,-44.5,24,231.75,-101.25,time_exit,18801.0,18643.75,18503.25,18562.75,18382.25,18386.5,7236.0,64.6814404432133,-1
445,2025-04-10T13:25:00.000000,2025-04-10T13:30:00.000000,2025-04-10T16:25:00.000000,2025,2025-04-10,SHORT,fib50,1.5,18472.5,18801.0,17979.75,328.5,LOSS,-44.5,24,231.75,-101.25,time_exit,18801.0,18643.75,18503.25,18562.75,18382.25,18386.5,7236.0,64.6814404432133,-1
445,2025-04-10T13:25:00.000000,2025-04-10T13:30:00.000000,2025-04-10T16:25:00.000000,2025,2025-04-10,SHORT,fib50,2.0,18472.5,18801.0,17815.5,328.5,LOSS,-44.5,24,231.75,-101.25,time_exit,18801.0,18643.75,18503.25,18562.75,18382.25,18386.5,7236.0,64.6814404432133,-1
446,2025-04-10T13:40:00.000000,2025-04-10T13:45:00.000000,2025-04-10T16:40:00.000000,2025,2025-04-10,SHORT,fib382,1.0,18341.484,18801.0,17881.968,459.5159999999996,LOSS,-238.51599999999962,24,100.23400000000038,-243.51599999999962,time_exit,18801.0,18643.75,18376.75,18403.75,18240.75,18265.25,10485.0,68.40490797546013,-1
446,2025-04-10T13:40:00.000000,2025-04-10T13:45:00.000000,2025-04-10T16:40:00.000000,2025,2025-04-10,SHORT,fib382,1.5,18341.484,18801.0,17652.21,459.5159999999996,LOSS,-238.51599999999962,24,100.23400000000038,-243.51599999999962,time_exit,18801.0,18643.75,18376.75,18403.75,18240.75,18265.25,10485.0,68.40490797546013,-1
446,2025-04-10T13:40:00.000000,2025-04-10T13:45:00.000000,2025-04-10T16:40:00.000000,2025,2025-04-10,SHORT,fib382,2.0,18341.484,18801.0,17422.452,459.5159999999996,LOSS,-238.51599999999962,24,100.23400000000038,-243.51599999999962,time_exit,18801.0,18643.75,18376.75,18403.75,18240.75,18265.25,10485.0,68.40490797546013,-1
446,2025-04-10T13:40:00.000000,2025-04-10T13:45:00.000000,2025-04-10T16:40:00.000000,2025,2025-04-10,SHORT,fib50,1.0,18322.25,18801.0,17843.5,478.75,LOSS,-257.75,24,81.0,-262.75,time_exit,18801.0,18643.75,18376.75,18403.75,18240.75,18265.25,10485.0,68.40490797546013,-1
446,2025-04-10T13:40:00.000000,2025-04-10T13:45:00.000000,2025-04-10T16:40:00.000000,2025,2025-04-10,SHORT,fib50,1.5,18322.25,18801.0,17604.125,478.75,LOSS,-257.75,24,81.0,-262.75,time_exit,18801.0,18643.75,18376.75,18403.75,18240.75,18265.25,10485.0,68.40490797546013,-1
446,2025-04-10T13:40:00.000000,2025-04-10T13:45:00.000000,2025-04-10T16:40:00.000000,2025,2025-04-10,SHORT,fib50,2.0,18322.25,18801.0,17364.75,478.75,LOSS,-257.75,24,81.0,-262.75,time_exit,18801.0,18643.75,18376.75,18403.75,18240.75,18265.25,10485.0,68.40490797546013,-1
447,2025-04-11T09:25:00.000000,,,2025,2025-04-11,LONG,fib382,1.0,18378.6075,18270.0,18487.214999999997,108.60749999999825,NO_ENTRY,0.0,0,0.0,0.0,no_entry_or_no_exit,18505.75,18270.0,18348.5,18435.0,18343.75,18416.5,5173.0,74.52054794520548,1
447,2025-04-11T09:25:00.000000,,,2025,2025-04-11,LONG,fib382,1.5,18378.6075,18270.0,18541.518749999996,108.60749999999825,NO_ENTRY,0.0,0,0.0,0.0,no_entry_or_no_exit,18505.75,18270.0,18348.5,18435.0,18343.75,18416.5,5173.0,74.52054794520548,1
447,2025-04-11T09:25:00.000000,,,2025,2025-04-11,LONG,fib382,2.0,18378.6075,18270.0,18595.822499999995,108.60749999999825,NO_ENTRY,0.0,0,0.0,0.0,no_entry_or_no_exit,18505.75,18270.0,18348.5,18435.0,18343.75,18416.5,5173.0,74.52054794520548,1
447,2025-04-11T09:25:00.000000,2025-04-11T09:30:00.000000,2025-04-11T09:35:00.000000,2025,2025-04-11,LONG,fib50,1.0,18389.375,18270.0,18508.75,119.375,WIN,119.375,2,151.375,-3.875,target,18505.75,18270.0,18348.5,18435.0,18343.75,18416.5,5173.0,74.52054794520548,1
447,2025-04-11T09:25:00.000000,2025-04-11T09:30:00.000000,2025-04-11T09:55:00.000000,2025,2025-04-11,LONG,fib50,1.5,18389.375,18270.0,18568.4375,119.375,WIN,179.0625,6,186.625,-3.875,target,18505.75,18270.0,18348.5,18435.0,18343.75,18416.5,5173.0,74.52054794520548,1
447,2025-04-11T09:25:00.000000,2025-04-11T09:30:00.000000,2025-04-11T10:05:00.000000,2025,2025-04-11,LONG,fib50,2.0,18389.375,18270.0,18628.125,119.375,WIN,238.75,8,248.875,-3.875,target,18505.75,18270.0,18348.5,18435.0,18343.75,18416.5,5173.0,74.52054794520548,1
448,2025-04-11T09:35:00.000000,,,2025,2025-04-11,LONG,fib382,1.0,18465.663,18270.0,18661.326,195.66300000000047,NO_ENTRY,0.0,0,0.0,0.0,no_entry_or_no_exit,18505.75,18270.0,18444.25,18540.75,18419.25,18540.25,5544.0,79.01234567901234,1
448,2025-04-11T09:35:00.000000,,,2025,2025-04-11,LONG,fib382,1.5,18465.663,18270.0,18759.1575,195.66300000000047,NO_ENTRY,0.0,0,0.0,0.0,no_entry_or_no_exit,18505.75,18270.0,18444.25,18540.75,18419.25,18540.25,5544.0,79.01234567901234,1
448,2025-04-11T09:35:00.000000,,,2025,2025-04-11,LONG,fib382,2.0,18465.663,18270.0,18856.989,195.66300000000047,NO_ENTRY,0.0,0,0.0,0.0,no_entry_or_no_exit,18505.75,18270.0,18444.25,18540.75,18419.25,18540.25,5544.0,79.01234567901234,1
448,2025-04-11T09:35:00.000000,2025-04-11T09:40:00.000000,2025-04-11T10:35:00.000000,2025,2025-04-11,LONG,fib50,1.0,18480.0,18270.0,18690.0,210.0,WIN,210.0,12,279.0,-11.75,target,18505.75,18270.0,18444.25,18540.75,18419.25,18540.25,5544.0,79.01234567901234,1
448,2025-04-11T09:35:00.000000,2025-04-11T09:40:00.000000,2025-04-11T11:35:00.000000,2025,2025-04-11,LONG,fib50,1.5,18480.0,18270.0,18795.0,210.0,WIN,258.0,24,310.0,-11.75,time_exit,18505.75,18270.0,18444.25,18540.75,18419.25,18540.25,5544.0,79.01234567901234,1
448,2025-04-11T09:35:00.000000,2025-04-11T09:40:00.000000,2025-04-11T11:35:00.000000,2025,2025-04-11,LONG,fib50,2.0,18480.0,18270.0,18900.0,210.0,WIN,258.0,24,310.0,-11.75,time_exit,18505.75,18270.0,18444.25,18540.75,18419.25,18540.25,5544.0,79.01234567901234,1
449,2025-04-11T10:30:00.000000,2025-04-11T11:30:00.000000,2025-04-11T13:25:00.000000,2025,2025-04-11,LONG,fib382,1.0,18614.2305,18270.0,18958.461000000003,344.2305000000015,WIN,215.51949999999852,24,259.2694999999985,-19.480500000001484,time_exit,18505.75,18270.0,18569.25,18687.0,18569.25,18665.0,5630.0,81.31634819532908,1
449,2025-04-11T10:30:00.000000,2025-04-11T11:30:00.000000,2025-04-11T13:25:00.000000,2025,2025-04-11,LONG,fib382,1.5,18614.2305,18270.0,19130.576250000006,344.2305000000015,WIN,215.51949999999852,24,259.2694999999985,-19.480500000001484,time_exit,18505.75,18270.0,18569.25,18687.0,18569.25,18665.0,5630.0,81.31634819532908,1
449,2025-04-11T10:30:00.000000,2025-04-11T11:30:00.000000,2025-04-11T13:25:00.000000,2025,2025-04-11,LONG,fib382,2.0,18614.2305,18270.0,19302.691500000004,344.2305000000015,WIN,215.51949999999852,24,259.2694999999985,-19.480500000001484,time_exit,18505.75,18270.0,18569.25,18687.0,18569.25,18665.0,5630.0,81.31634819532908,1
449,2025-04-11T10:30:00.000000,2025-04-11T11:30:00.000000,2025-04-11T13:25:00.000000,2025,2025-04-11,LONG,fib50,1.0,18628.125,18270.0,18986.25,358.125,WIN,201.625,24,245.375,-33.375,time_exit,18505.75,18270.0,18569.25,18687.0,18569.25,18665.0,5630.0,81.31634819532908,1
449,2025-04-11T10:30:00.000000,2025-04-11T11:30:00.000000,2025-04-11T13:25:00.000000,2025,2025-04-11,LONG,fib50,1.5,18628.125,18270.0,19165.3125,358.125,WIN,201.625,24,245.375,-33.375,time_exit,18505.75,18270.0,18569.25,18687.0,18569.25,18665.0,5630.0,81.31634819532908,1
449,2025-04-11T10:30:00.000000,2025-04-11T11:30:00.000000,2025-04-11T13:25:00.000000,2025,2025-04-11,LONG,fib50,2.0,18628.125,18270.0,19344.375,358.125,WIN,201.625,24,245.375,-33.375,time_exit,18505.75,18270.0,18569.25,18687.0,18569.25,18665.0,5630.0,81.31634819532908,1
450,2025-04-11T11:35:00.000000,,,2025,2025-04-11,LONG,fib382,1.0,18663.598,18270.0,19057.196000000004,393.5980000000018,NO_ENTRY,0.0,0,0.0,0.0,no_entry_or_no_exit,18505.75,18270.0,18641.25,18749.5,18610.5,18738.0,5281.0,69.60431654676259,1
450,2025-04-11T11:35:00.000000,,,2025,2025-04-11,LONG,fib382,1.5,18663.598,18270.0,19253.995000000003,393.5980000000018,NO_ENTRY,0.0,0,0.0,0.0,no_entry_or_no_exit,18505.75,18270.0,18641.25,18749.5,18610.5,18738.0,5281.0,69.60431654676259,1
450,2025-04-11T11:35:00.000000,,,2025,2025-04-11,LONG,fib382,2.0,18663.598,18270.0,19450.794000000005,393.5980000000018,NO_ENTRY,0.0,0,0.0,0.0,no_entry_or_no_exit,18505.75,18270.0,18641.25,18749.5,18610.5,18738.0,5281.0,69.60431654676259,1
450,2025-04-11T11:35:00.000000,,,2025,2025-04-11,LONG,fib50,1.0,18680.0,18270.0,19090.0,410.0,NO_ENTRY,0.0,0,0.0,0.0,no_entry_or_no_exit,18505.75,18270.0,18641.25,18749.5,18610.5,18738.0,5281.0,69.60431654676259,1
450,2025-04-11T11:35:00.000000,,,2025,2025-04-11,LONG,fib50,1.5,18680.0,18270.0,19295.0,410.0,NO_ENTRY,0.0,0,0.0,0.0,no_entry_or_no_exit,18505.75,18270.0,18641.25,18749.5,18610.5,18738.0,5281.0,69.60431654676259,1
450,2025-04-11T11:35:00.000000,,,2025,2025-04-11,LONG,fib50,2.0,18680.0,18270.0,19500.0,410.0,NO_ENTRY,0.0,0,0.0,0.0,no_entry_or_no_exit,18505.75,18270.0,18641.25,18749.5,18610.5,18738.0,5281.0,69.60431654676259,1
451,2025-04-11T11:40:00.000000,2025-04-11T11:45:00.000000,2025-04-11T13:40:00.000000,2025,2025-04-11,LONG,fib382,1.0,18776.1265,18270.0,19282.252999999997,506.1264999999985,WIN,64.87350000000151,24,97.37350000000151,-62.87649999999849,time_exit,18505.75,18270.0,18736.75,18850.75,18730.0,18823.75,10119.0,72.04968944099379,1
451,2025-04-11T11:40:00.000000,2025-04-11T11:45:00.000000,2025-04-11T13:40:00.000000,2025,2025-04-11,LONG,fib382,1.5,18776.1265,18270.0,19535.316249999996,506.1264999999985,WIN,64.87350000000151,24,97.37350000000151,-62.87649999999849,time_exit,18505.75,18270.0,18736.75,18850.75,18730.0,18823.75,10119.0,72.04968944099379,1
451,2025-04-11T11:40:00.000000,2025-04-11T11:45:00.000000,2025-04-11T13:40:00.000000,2025,2025-04-11,LONG,fib382,2.0,18776.1265,18270.0,19788.379499999995,506.1264999999985,WIN,64.87350000000151,24,97.37350000000151,-62.87649999999849,time_exit,18505.75,18270.0,18736.75,18850.75,18730.0,18823.75,10119.0,72.04968944099379,1
451,2025-04-11T11:40:00.000000,2025-04-11T11:45:00.000000,2025-04-11T13:40:00.000000,2025,2025-04-11,LONG,fib50,1.0,18790.375,18270.0,19310.75,520.375,WIN,50.625,24,83.125,-77.125,time_exit,18505.75,18270.0,18736.75,18850.75,18730.0,18823.75,10119.0,72.04968944099379,1
451,2025-04-11T11:40:00.000000,2025-04-11T11:45:00.000000,2025-04-11T13:40:00.000000,2025,2025-04-11,LONG,fib50,1.5,18790.375,18270.0,19570.9375,520.375,WIN,50.625,24,83.125,-77.125,time_exit,18505.75,18270.0,18736.75,18850.75,18730.0,18823.75,10119.0,72.04968944099379,1
451,2025-04-11T11:40:00.000000,2025-04-11T11:45:00.000000,2025-04-11T13:40:00.000000,2025,2025-04-11,LONG,fib50,2.0,18790.375,18270.0,19831.125,520.375,WIN,50.625,24,83.125,-77.125,time_exit,18505.75,18270.0,18736.75,18850.75,18730.0,18823.75,10119.0,72.04968944099379,1
452,2025-04-14T09:25:00.000000,2025-04-14T12:20:00.000000,2025-04-14T14:15:00.000000,2025,2025-04-14,SHORT,fib382,1.0,18994.089,19177.5,18810.678,183.41100000000006,WIN,108.83899999999994,24,116.58899999999994,-100.91100000000006,time_exit,19177.5,19114.0,19023.0,19026.75,18941.25,18945.5,7254.0,90.64327485380117,-1
452,2025-04-14T09:25:00.000000,2025-04-14T12:20:00.000000,2025-04-14T14:15:00.000000,2025,2025-04-14,SHORT,fib382,1.5,18994.089,19177.5,18718.9725,183.41100000000006,WIN,108.83899999999994,24,116.58899999999994,-100.91100000000006,time_exit,19177.5,19114.0,19023.0,19026.75,18941.25,18945.5,7254.0,90.64327485380117,-1
452,2025-04-14T09:25:00.000000,2025-04-14T12:20:00.000000,2025-04-14T14:15:00.000000,2025,2025-04-14,SHORT,fib382,2.0,18994.089,19177.5,18627.267,183.41100000000006,WIN,108.83899999999994,24,116.58899999999994,-100.91100000000006,time_exit,19177.5,19114.0,19023.0,19026.75,18941.25,18945.5,7254.0,90.64327485380117,-1
452,2025-04-14T09:25:00.000000,2025-04-14T09:30:00.000000,2025-04-14T10:10:00.000000,2025,2025-04-14,SHORT,fib50,1.0,18984.0,19177.5,18790.5,193.5,WIN,193.5,9,246.5,-8.25,target,19177.5,19114.0,19023.0,19026.75,18941.25,18945.5,7254.0,90.64327485380117,-1
452,2025-04-14T09:25:00.000000,2025-04-14T09:30:00.000000,2025-04-14T11:25:00.000000,2025,2025-04-14,SHORT,fib50,1.5,18984.0,19177.5,18693.75,193.5,WIN,119.5,24,246.5,-8.25,time_exit,19177.5,19114.0,19023.0,19026.75,18941.25,18945.5,7254.0,90.64327485380117,-1
452,2025-04-14T09:25:00.000000,2025-04-14T09:30:00.000000,2025-04-14T11:25:00.000000,2025,2025-04-14,SHORT,fib50,2.0,18984.0,19177.5,18597.0,193.5,WIN,119.5,24,246.5,-8.25,time_exit,19177.5,19114.0,19023.0,19026.75,18941.25,18945.5,7254.0,90.64327485380117,-1
453,2025-04-14T09:45:00.000000,2025-04-14T10:15:00.000000,2025-04-14T12:10:00.000000,2025,2025-04-14,SHORT,fib382,1.0,18886.525,19177.5,18595.550000000003,290.97499999999854,LOSS,-71.22499999999854,24,114.52500000000146,-95.72499999999854,time_exit,19177.5,19114.0,18927.0,18929.5,18817.0,18823.75,7773.0,91.77777777777779,-1
453,2025-04-14T09:45:00.000000,2025-04-14T10:15:00.000000,2025-04-14T12:10:00.000000,2025,2025-04-14,SHORT,fib382,1.5,18886.525,19177.5,18450.062500000004,290.97499999999854,LOSS,-71.22499999999854,24,114.52500000000146,-95.72499999999854,time_exit,19177.5,19114.0,18927.0,18929.5,18817.0,18823.75,7773.0,91.77777777777779,-1
453,2025-04-14T09:45:00.000000,2025-04-14T10:15:00.000000,2025-04-14T12:10:00.000000,2025,2025-04-14,SHORT,fib382,2.0,18886.525,19177.5,18304.575000000004,290.97499999999854,LOSS,-71.22499999999854,24,114.52500000000146,-95.72499999999854,time_exit,19177.5,19114.0,18927.0,18929.5,18817.0,18823.75,7773.0,91.77777777777779,-1
453,2025-04-14T09:45:00.000000,2025-04-14T09:55:00.000000,2025-04-14T11:50:00.000000,2025,2025-04-14,SHORT,fib50,1.0,18873.25,19177.5,18569.0,304.25,LOSS,-56.5,24,135.75,-78.5,time_exit,19177.5,19114.0,18927.0,18929.5,18817.0,18823.75,7773.0,91.77777777777779,-1
453,2025-04-14T09:45:00.000000,2025-04-14T09:55:00.000000,2025-04-14T11:50:00.000000,2025,2025-04-14,SHORT,fib50,1.5,18873.25,19177.5,18416.875,304.25,LOSS,-56.5,24,135.75,-78.5,time_exit,19177.5,19114.0,18927.0,18929.5,18817.0,18823.75,7773.0,91.77777777777779,-1
453,2025-04-14T09:45:00.000000,2025-04-14T09:55:00.000000,2025-04-14T11:50:00.000000,2025,2025-04-14,SHORT,fib50,2.0,18873.25,19177.5,18264.75,304.25,LOSS,-56.5,24,135.75,-78.5,time_exit,19177.5,19114.0,18927.0,18929.5,18817.0,18823.75,7773.0,91.77777777777779,-1
454,2025-04-16T09:20:00.000000,2025-04-16T09:40:00.000000,2025-04-16T09:55:00.000000,2025,2025-04-16,LONG,fib382,1.0,18644.728,18595.5,18693.956,49.227999999999156,LOSS,-49.227999999999156,4,32.272000000000844,-68.47799999999916,stop,18669.5,18595.5,18615.75,18709.0,18605.0,18704.5,7691.0,85.33653846153845,1
454,2025-04-16T09:20:00.000000,2025-04-16T09:40:00.000000,2025-04-16T09:55:00.000000,2025,2025-04-16,LONG,fib382,1.5,18644.728,18595.5,18718.57,49.227999999999156,LOSS,-49.227999999999156,4,32.272000000000844,-68.47799999999916,stop,18669.5,18595.5,18615.75,18709.0,18605.0,18704.5,7691.0,85.33653846153845,1
454,2025-04-16T09:20:00.000000,2025-04-16T09:40:00.000000,2025-04-16T09:55:00.000000,2025,2025-04-16,LONG,fib382,2.0,18644.728,18595.5,18743.183999999997,49.227999999999156,LOSS,-49.227999999999156,4,32.272000000000844,-68.47799999999916,stop,18669.5,18595.5,18615.75,18709.0,18605.0,18704.5,7691.0,85.33653846153845,1
454,2025-04-16T09:20:00.000000,2025-04-16T09:40:00.000000,2025-04-16T09:55:00.000000,2025,2025-04-16,LONG,fib50,1.0,18657.0,18595.5,18718.5,61.5,LOSS,-61.5,4,20.0,-80.75,stop,18669.5,18595.5,18615.75,18709.0,18605.0,18704.5,7691.0,85.33653846153845,1
454,2025-04-16T09:20:00.000000,2025-04-16T09:40:00.000000,2025-04-16T09:55:00.000000,2025,2025-04-16,LONG,fib50,1.5,18657.0,18595.5,18749.25,61.5,LOSS,-61.5,4,20.0,-80.75,stop,18669.5,18595.5,18615.75,18709.0,18605.0,18704.5,7691.0,85.33653846153845,1
454,2025-04-16T09:20:00.000000,2025-04-16T09:40:00.000000,2025-04-16T09:55:00.000000,2025,2025-04-16,LONG,fib50,2.0,18657.0,18595.5,18780.0,61.5,LOSS,-61.5,4,20.0,-80.75,stop,18669.5,18595.5,18615.75,18709.0,18605.0,18704.5,7691.0,85.33653846153845,1
455,2025-04-16T11:30:00.000000,,,2025,2025-04-16,SHORT,fib382,1.0,18544.18,18669.5,18418.86,125.31999999999971,NO_ENTRY,0.0,0,0.0,0.0,no_entry_or_no_exit,18669.5,18595.5,18592.0,18595.75,18460.75,18469.25,11045.0,90.92592592592592,-1
455,2025-04-16T11:30:00.000000,,,2025,2025-04-16,SHORT,fib382,1.5,18544.18,18669.5,18356.2,125.31999999999971,NO_ENTRY,0.0,0,0.0,0.0,no_entry_or_no_exit,18669.5,18595.5,18592.0,18595.75,18460.75,18469.25,11045.0,90.92592592592592,-1
455,2025-04-16T11:30:00.000000,,,2025,2025-04-16,SHORT,fib382,2.0,18544.18,18669.5,18293.54,125.31999999999971,NO_ENTRY,0.0,0,0.0,0.0,no_entry_or_no_exit,18669.5,18595.5,18592.0,18595.75,18460.75,18469.25,11045.0,90.92592592592592,-1
455,2025-04-16T11:30:00.000000,2025-04-16T21:55:00.000000,2025-04-16T23:50:00.000000,2025,2025-04-16,SHORT,fib50,1.0,18528.25,18669.5,18387.0,141.25,LOSS,-16.5,24,11.0,-50.0,time_exit,18669.5,18595.5,18592.0,18595.75,18460.75,18469.25,11045.0,90.92592592592592,-1
455,2025-04-16T11:30:00.000000,2025-04-16T21:55:00.000000,2025-04-16T23:50:00.000000,2025,2025-04-16,SHORT,fib50,1.5,18528.25,18669.5,18316.375,141.25,LOSS,-16.5,24,11.0,-50.0,time_exit,18669.5,18595.5,18592.0,18595.75,18460.75,18469.25,11045.0,90.92592592592592,-1
455,2025-04-16T11:30:00.000000,2025-04-16T21:55:00.000000,2025-04-16T23:50:00.000000,2025,2025-04-16,SHORT,fib50,2.0,18528.25,18669.5,18245.75,141.25,LOSS,-16.5,24,11.0,-50.0,time_exit,18669.5,18595.5,18592.0,18595.75,18460.75,18469.25,11045.0,90.92592592592592,-1
457,2025-04-17T09:05:00.000000,2025-04-17T09:25:00.000000,2025-04-17T10:15:00.000000,2025,2025-04-17,LONG,fib382,1.0,18351.638,18261.5,18441.775999999998,90.13799999999901,WIN,90.13799999999901,11,99.61200000000099,-34.63799999999901,target,18356.0,18261.5,18315.25,18419.0,18310.0,18384.25,10990.0,63.30275229357798,1
457,2025-04-17T09:05:00.000000,2025-04-17T09:25:00.000000,2025-04-17T11:20:00.000000,2025,2025-04-17,LONG,fib382,1.5,18351.638,18261.5,18486.844999999998,90.13799999999901,WIN,34.36200000000099,24,127.11200000000099,-34.63799999999901,time_exit,18356.0,18261.5,18315.25,18419.0,18310.0,18384.25,10990.0,63.30275229357798,1
457,2025-04-17T09:05:00.000000,2025-04-17T09:25:00.000000,2025-04-17T11:20:00.000000,2025,2025-04-17,LONG,fib382,2.0,18351.638,18261.5,18531.913999999997,90.13799999999901,WIN,34.36200000000099,24,127.11200000000099,-34.63799999999901,time_exit,18356.0,18261.5,18315.25,18419.0,18310.0,18384.25,10990.0,63.30275229357798,1
457,2025-04-17T09:05:00.000000,2025-04-17T09:25:00.000000,2025-04-17T10:30:00.000000,2025,2025-04-17,LONG,fib50,1.0,18364.5,18261.5,18467.5,103.0,WIN,103.0,14,107.5,-47.5,target,18356.0,18261.5,18315.25,18419.0,18310.0,18384.25,10990.0,63.30275229357798,1
457,2025-04-17T09:05:00.000000,2025-04-17T09:25:00.000000,2025-04-17T11:20:00.000000,2025,2025-04-17,LONG,fib50,1.5,18364.5,18261.5,18519.0,103.0,WIN,21.5,24,114.25,-47.5,time_exit,18356.0,18261.5,18315.25,18419.0,18310.0,18384.25,10990.0,63.30275229357798,1
457,2025-04-17T09:05:00.000000,2025-04-17T09:25:00.000000,2025-04-17T11:20:00.000000,2025,2025-04-17,LONG,fib50,2.0,18364.5,18261.5,18570.5,103.0,WIN,21.5,24,114.25,-47.5,time_exit,18356.0,18261.5,18315.25,18419.0,18310.0,18384.25,10990.0,63.30275229357798,1
458,2025-04-17T10:05:00.000000,2025-04-17T10:10:00.000000,2025-04-17T10:25:00.000000,2025,2025-04-17,LONG,fib382,1.0,18360.548,18261.5,18459.595999999998,99.04799999999886,WIN,99.04799999999886,4,105.20200000000114,-37.047999999998865,target,18356.0,18261.5,18327.25,18431.0,18317.0,18410.0,12356.0,72.58771929824562,1
458,2025-04-17T10:05:00.000000,2025-04-17T10:10:00.000000,2025-04-17T12:05:00.000000,2025,2025-04-17,LONG,fib382,1.5,18360.548,18261.5,18509.119999999995,99.04799999999886,WIN,137.45200000000114,24,145.45200000000114,-37.047999999998865,time_exit,18356.0,18261.5,18327.25,18431.0,18317.0,18410.0,12356.0,72.58771929824562,1
458,2025-04-17T10:05:00.000000,2025-04-17T10:10:00.000000,2025-04-17T12:05:00.000000,2025,2025-04-17,LONG,fib382,2.0,18360.548,18261.5,18558.643999999997,99.04799999999886,WIN,137.45200000000114,24,145.45200000000114,-37.047999999998865,time_exit,18356.0,18261.5,18327.25,18431.0,18317.0,18410.0,12356.0,72.58771929824562,1
458,2025-04-17T10:05:00.000000,2025-04-17T10:10:00.000000,2025-04-17T11:55:00.000000,2025,2025-04-17,LONG,fib50,1.0,18374.0,18261.5,18486.5,112.5,WIN,112.5,22,113.5,-50.5,target,18356.0,18261.5,18327.25,18431.0,18317.0,18410.0,12356.0,72.58771929824562,1
458,2025-04-17T10:05:00.000000,2025-04-17T10:10:00.000000,2025-04-17T12:05:00.000000,2025,2025-04-17,LONG,fib50,1.5,18374.0,18261.5,18542.75,112.5,WIN,124.0,24,132.0,-50.5,time_exit,18356.0,18261.5,18327.25,18431.0,18317.0,18410.0,12356.0,72.58771929824562,1
458,2025-04-17T10:05:00.000000,2025-04-17T10:10:00.000000,2025-04-17T12:05:00.000000,2025,2025-04-17,LONG,fib50,2.0,18374.0,18261.5,18599.0,112.5,WIN,124.0,24,132.0,-50.5,time_exit,18356.0,18261.5,18327.25,18431.0,18317.0,18410.0,12356.0,72.58771929824562,1
459,2025-04-22T13:40:00.000000,,,2025,2025-04-22,LONG,fib382,1.0,18277.936,18244.0,18311.872000000003,33.93600000000151,NO_ENTRY,0.0,0,0.0,0.0,no_entry_or_no_exit,18319.25,18244.0,18244.75,18338.5,18240.5,18324.5,6303.0,81.37755102040816,1
459,2025-04-22T13:40:00.000000,,,2025,2025-04-22,LONG,fib382,1.5,18277.936,18244.0,18328.840000000004,33.93600000000151,NO_ENTRY,0.0,0,0.0,0.0,no_entry_or_no_exit,18319.25,18244.0,18244.75,18338.5,18240.5,18324.5,6303.0,81.37755102040816,1
459,2025-04-22T13:40:00.000000,,,2025,2025-04-22,LONG,fib382,2.0,18277.936,18244.0,18345.808000000005,33.93600000000151,NO_ENTRY,0.0,0,0.0,0.0,no_entry_or_no_exit,18319.25,18244.0,18244.75,18338.5,18240.5,18324.5,6303.0,81.37755102040816,1
459,2025-04-22T13:40:00.000000,,,2025,2025-04-22,LONG,fib50,1.0,18289.5,18244.0,18335.0,45.5,NO_ENTRY,0.0,0,0.0,0.0,no_entry_or_no_exit,18319.25,18244.0,18244.75,18338.5,18240.5,18324.5,6303.0,81.37755102040816,1
459,2025-04-22T13:40:00.000000,,,2025,2025-04-22,LONG,fib50,1.5,18289.5,18244.0,18357.75,45.5,NO_ENTRY,0.0,0,0.0,0.0,no_entry_or_no_exit,18319.25,18244.0,18244.75,18338.5,18240.5,18324.5,6303.0,81.37755102040816,1
459,2025-04-22T13:40:00.000000,,,2025,2025-04-22,LONG,fib50,2.0,18289.5,18244.0,18380.5,45.5,NO_ENTRY,0.0,0,0.0,0.0,no_entry_or_no_exit,18319.25,18244.0,18244.75,18338.5,18240.5,18324.5,6303.0,81.37755102040816,1
460,2025-04-23T09:45:00.000000,2025-04-23T09:55:00.000000,2025-04-23T11:50:00.000000,2025,2025-04-23,SHORT,fib382,1.0,18872.165,19165.5,18578.83,293.3349999999991,LOSS,-53.08499999999913,24,125.16500000000087,-94.08499999999913,time_exit,19165.5,19085.75,18888.5,18907.5,18815.0,18815.25,9242.0,79.1891891891892,-1
460,2025-04-23T09:45:00.000000,2025-04-23T09:55:00.000000,2025-04-23T11:50:00.000000,2025,2025-04-23,SHORT,fib382,1.5,18872.165,19165.5,18432.162500000002,293.3349999999991,LOSS,-53.08499999999913,24,125.16500000000087,-94.08499999999913,time_exit,19165.5,19085.75,18888.5,18907.5,18815.0,18815.25,9242.0,79.1891891891892,-1
460,2025-04-23T09:45:00.000000,2025-04-23T09:55:00.000000,2025-04-23T11:50:00.000000,2025,2025-04-23,SHORT,fib382,2.0,18872.165,19165.5,18285.495000000003,293.3349999999991,LOSS,-53.08499999999913,24,125.16500000000087,-94.08499999999913,time_exit,19165.5,19085.75,18888.5,18907.5,18815.0,18815.25,9242.0,79.1891891891892,-1
460,2025-04-23T09:45:00.000000,2025-04-23T09:55:00.000000,2025-04-23T11:50:00.000000,2025,2025-04-23,SHORT,fib50,1.0,18861.25,19165.5,18557.0,304.25,LOSS,-64.0,24,114.25,-105.0,time_exit,19165.5,19085.75,18888.5,18907.5,18815.0,18815.25,9242.0,79.1891891891892,-1
460,2025-04-23T09:45:00.000000,2025-04-23T09:55:00.000000,2025-04-23T11:50:00.000000,2025,2025-04-23,SHORT,fib50,1.5,18861.25,19165.5,18404.875,304.25,LOSS,-64.0,24,114.25,-105.0,time_exit,19165.5,19085.75,18888.5,18907.5,18815.0,18815.25,9242.0,79.1891891891892,-1
460,2025-04-23T09:45:00.000000,2025-04-23T09:55:00.000000,2025-04-23T11:50:00.000000,2025,2025-04-23,SHORT,fib50,2.0,18861.25,19165.5,18252.75,304.25,LOSS,-64.0,24,114.25,-105.0,time_exit,19165.5,19085.75,18888.5,18907.5,18815.0,18815.25,9242.0,79.1891891891892,-1
461,2025-04-30T13:50:00.000000,2025-04-30T14:00:00.000000,2025-04-30T16:55:00.000000,2025,2025-04-30,LONG,fib382,1.0,19612.6605,19275.75,19949.571000000004,336.9105000000018,WIN,290.5894999999982,24,323.3394999999982,-21.410500000001775,time_exit,19355.0,19275.75,19576.75,19679.25,19571.5,19658.25,18069.0,75.63805104408353,1
461,2025-04-30T13:50:00.000000,2025-04-30T14:00:00.000000,2025-04-30T16:55:00.000000,2025,2025-04-30,LONG,fib382,1.5,19612.6605,19275.75,20118.026250000003,336.9105000000018,WIN,290.5894999999982,24,323.3394999999982,-21.410500000001775,time_exit,19355.0,19275.75,19576.75,19679.25,19571.5,19658.25,18069.0,75.63805104408353,1
461,2025-04-30T13:50:00.000000,2025-04-30T14:00:00.000000,2025-04-30T16:55:00.000000,2025,2025-04-30,LONG,fib382,2.0,19612.6605,19275.75,20286.481500000005,336.9105000000018,WIN,290.5894999999982,24,323.3394999999982,-21.410500000001775,time_exit,19355.0,19275.75,19576.75,19679.25,19571.5,19658.25,18069.0,75.63805104408353,1
461,2025-04-30T13:50:00.000000,2025-04-30T14:00:00.000000,2025-04-30T16:55:00.000000,2025,2025-04-30,LONG,fib50,1.0,19625.375,19275.75,19975.0,349.625,WIN,277.875,24,310.625,-34.125,time_exit,19355.0,19275.75,19576.75,19679.25,19571.5,19658.25,18069.0,75.63805104408353,1
461,2025-04-30T13:50:00.000000,2025-04-30T14:00:00.000000,2025-04-30T16:55:00.000000,2025,2025-04-30,LONG,fib50,1.5,19625.375,19275.75,20149.8125,349.625,WIN,277.875,24,310.625,-34.125,time_exit,19355.0,19275.75,19576.75,19679.25,19571.5,19658.25,18069.0,75.63805104408353,1
461,2025-04-30T13:50:00.000000,2025-04-30T14:00:00.000000,2025-04-30T16:55:00.000000,2025,2025-04-30,LONG,fib50,2.0,19625.375,19275.75,20324.625,349.625,WIN,277.875,24,310.625,-34.125,time_exit,19355.0,19275.75,19576.75,19679.25,19571.5,19658.25,18069.0,75.63805104408353,1
462,2025-05-01T13:55:00.000000,2025-05-01T14:00:00.000000,2025-05-01T14:00:00.000000,2025,2025-05-01,SHORT,fib382,1.0,19916.6145,20046.75,19786.479,130.13550000000032,WIN,130.13550000000032,1,140.11449999999968,-6.38550000000032,target,20046.75,19975.5,19945.25,19953.0,19857.75,19877.75,19438.0,70.86614173228347,-1
462,2025-05-01T13:55:00.000000,2025-05-01T14:00:00.000000,2025-05-01T16:55:00.000000,2025,2025-05-01,SHORT,fib382,1.5,19916.6145,20046.75,19721.411249999997,130.13550000000032,WIN,128.11449999999968,24,167.11449999999968,-6.38550000000032,time_exit,20046.75,19975.5,19945.25,19953.0,19857.75,19877.75,19438.0,70.86614173228347,-1
462,2025-05-01T13:55:00.000000,2025-05-01T14:00:00.000000,2025-05-01T16:55:00.000000,2025,2025-05-01,SHORT,fib382,2.0,19916.6145,20046.75,19656.3435,130.13550000000032,WIN,128.11449999999968,24,167.11449999999968,-6.38550000000032,time_exit,20046.75,19975.5,19945.25,19953.0,19857.75,19877.75,19438.0,70.86614173228347,-1
462,2025-05-01T13:55:00.000000,2025-05-01T14:00:00.000000,2025-05-01T14:05:00.000000,2025,2025-05-01,SHORT,fib50,1.0,19905.375,20046.75,19764.0,141.375,WIN,141.375,2,148.125,-17.625,target,20046.75,19975.5,19945.25,19953.0,19857.75,19877.75,19438.0,70.86614173228347,-1
462,2025-05-01T13:55:00.000000,2025-05-01T14:00:00.000000,2025-05-01T16:55:00.000000,2025,2025-05-01,SHORT,fib50,1.5,19905.375,20046.75,19693.3125,141.375,WIN,116.875,24,155.875,-17.625,time_exit,20046.75,19975.5,19945.25,19953.0,19857.75,19877.75,19438.0,70.86614173228347,-1
462,2025-05-01T13:55:00.000000,2025-05-01T14:00:00.000000,2025-05-01T16:55:00.000000,2025,2025-05-01,SHORT,fib50,2.0,19905.375,20046.75,19622.625,141.375,WIN,116.875,24,155.875,-17.625,time_exit,20046.75,19975.5,19945.25,19953.0,19857.75,19877.75,19438.0,70.86614173228347,-1
463,2025-05-06T10:10:00.000000,2025-05-06T10:20:00.000000,2025-05-06T10:50:00.000000,2025,2025-05-06,LONG,fib382,1.0,19939.112,19881.25,19996.974000000002,57.86200000000099,LOSS,-57.86200000000099,7,44.63799999999901,-69.11200000000099,stop,19923.0,19881.25,19887.0,20026.25,19885.25,20005.75,13882.0,84.21985815602837,1
463,2025-05-06T10:10:00.000000,2025-05-06T10:20:00.000000,2025-05-06T10:50:00.000000,2025,2025-05-06,LONG,fib382,1.5,19939.112,19881.25,20025.905000000002,57.86200000000099,LOSS,-57.86200000000099,7,44.63799999999901,-69.11200000000099,stop,19923.0,19881.25,19887.0,20026.25,19885.25,20005.75,13882.0,84.21985815602837,1
463,2025-05-06T10:10:00.000000,2025-05-06T10:20:00.000000,2025-05-06T10:50:00.000000,2025,2025-05-06,LONG,fib382,2.0,19939.112,19881.25,20054.836000000003,57.86200000000099,LOSS,-57.86200000000099,7,44.63799999999901,-69.11200000000099,stop,19923.0,19881.25,19887.0,20026.25,19885.25,20005.75,13882.0,84.21985815602837,1
463,2025-05-06T10:10:00.000000,2025-05-06T10:20:00.000000,2025-05-06T10:50:00.000000,2025,2025-05-06,LONG,fib50,1.0,19955.75,19881.25,20030.25,74.5,LOSS,-74.5,7,28.0,-85.75,stop,19923.0,19881.25,19887.0,20026.25,19885.25,20005.75,13882.0,84.21985815602837,1
463,2025-05-06T10:10:00.000000,2025-05-06T10:20:00.000000,2025-05-06T10:50:00.000000,2025,2025-05-06,LONG,fib50,1.5,19955.75,19881.25,20067.5,74.5,LOSS,-74.5,7,28.0,-85.75,stop,19923.0,19881.25,19887.0,20026.25,19885.25,20005.75,13882.0,84.21985815602837,1
463,2025-05-06T10:10:00.000000,2025-05-06T10:20:00.000000,2025-05-06T10:50:00.000000,2025,2025-05-06,LONG,fib50,2.0,19955.75,19881.25,20104.75,74.5,LOSS,-74.5,7,28.0,-85.75,stop,19923.0,19881.25,19887.0,20026.25,19885.25,20005.75,13882.0,84.21985815602837,1
464,2025-05-07T08:50:00.000000,2025-05-07T10:50:00.000000,2025-05-07T11:50:00.000000,2025,2025-05-07,SHORT,fib382,1.0,19893.8165,19977.25,19810.383,83.43349999999919,WIN,83.43349999999919,13,85.81650000000081,-31.933499999999185,target,19977.25,19950.25,19919.0,19926.0,19841.75,19848.75,9911.0,83.38278931750742,-1
464,2025-05-07T08:50:00.000000,2025-05-07T10:50:00.000000,2025-05-07T12:05:00.000000,2025,2025-05-07,SHORT,fib382,1.5,19893.8165,19977.25,19768.666250000002,83.43349999999919,WIN,125.15024999999878,16,207.81650000000081,-31.933499999999185,target,19977.25,19950.25,19919.0,19926.0,19841.75,19848.75,9911.0,83.38278931750742,-1
464,2025-05-07T08:50:00.000000,2025-05-07T10:50:00.000000,2025-05-07T12:05:00.000000,2025,2025-05-07,SHORT,fib382,2.0,19893.8165,19977.25,19726.949500000002,83.43349999999919,WIN,166.86699999999837,16,207.81650000000081,-31.933499999999185,target,19977.25,19950.25,19919.0,19926.0,19841.75,19848.75,9911.0,83.38278931750742,-1
464,2025-05-07T08:50:00.000000,2025-05-07T10:50:00.000000,2025-05-07T12:05:00.000000,2025,2025-05-07,SHORT,fib50,1.0,19883.875,19977.25,19790.5,93.375,WIN,93.375,16,197.875,-41.875,target,19977.25,19950.25,19919.0,19926.0,19841.75,19848.75,9911.0,83.38278931750742,-1
464,2025-05-07T08:50:00.000000,2025-05-07T10:50:00.000000,2025-05-07T12:05:00.000000,2025,2025-05-07,SHORT,fib50,1.5,19883.875,19977.25,19743.8125,93.375,WIN,140.0625,16,197.875,-41.875,target,19977.25,19950.25,19919.0,19926.0,19841.75,19848.75,9911.0,83.38278931750742,-1
464,2025-05-07T08:50:00.000000,2025-05-07T10:50:00.000000,2025-05-07T12:05:00.000000,2025,2025-05-07,SHORT,fib50,2.0,19883.875,19977.25,19697.125,93.375,WIN,186.75,16,197.875,-41.875,target,19977.25,19950.25,19919.0,19926.0,19841.75,19848.75,9911.0,83.38278931750742,-1
465,2025-05-07T12:05:00.000000,2025-05-07T12:25:00.000000,2025-05-07T13:40:00.000000,2025,2025-05-07,SHORT,fib382,1.0,19773.756,19977.25,19570.262000000002,203.49399999999878,LOSS,-203.49399999999878,16,32.00600000000122,-279.7439999999988,stop,19977.25,19950.25,19824.25,19828.0,19686.0,19704.5,13457.0,84.33098591549296,-1
465,2025-05-07T12:05:00.000000,2025-05-07T12:25:00.000000,2025-05-07T13:40:00.000000,2025,2025-05-07,SHORT,fib382,1.5,19773.756,19977.25,19468.515000000003,203.49399999999878,LOSS,-203.49399999999878,16,32.00600000000122,-279.7439999999988,stop,19977.25,19950.25,19824.25,19828.0,19686.0,19704.5,13457.0,84.33098591549296,-1
465,2025-05-07T12:05:00.000000,2025-05-07T12:25:00.000000,2025-05-07T13:40:00.000000,2025,2025-05-07,SHORT,fib382,2.0,19773.756,19977.25,19366.768000000004,203.49399999999878,LOSS,-203.49399999999878,16,32.00600000000122,-279.7439999999988,stop,19977.25,19950.25,19824.25,19828.0,19686.0,19704.5,13457.0,84.33098591549296,-1
465,2025-05-07T12:05:00.000000,2025-05-07T12:20:00.000000,2025-05-07T13:40:00.000000,2025,2025-05-07,SHORT,fib50,1.0,19757.0,19977.25,19536.75,220.25,LOSS,-220.25,17,34.75,-296.5,stop,19977.25,19950.25,19824.25,19828.0,19686.0,19704.5,13457.0,84.33098591549296,-1
465,2025-05-07T12:05:00.000000,2025-05-07T12:20:00.000000,2025-05-07T13:40:00.000000,2025,2025-05-07,SHORT,fib50,1.5,19757.0,19977.25,19426.625,220.25,LOSS,-220.25,17,34.75,-296.5,stop,19977.25,19950.25,19824.25,19828.0,19686.0,19704.5,13457.0,84.33098591549296,-1
465,2025-05-07T12:05:00.000000,2025-05-07T12:20:00.000000,2025-05-07T13:40:00.000000,2025,2025-05-07,SHORT,fib50,2.0,19757.0,19977.25,19316.5,220.25,LOSS,-220.25,17,34.75,-296.5,stop,19977.25,19950.25,19824.25,19828.0,19686.0,19704.5,13457.0,84.33098591549296,-1
467,2025-05-08T09:40:00.000000,2025-05-08T11:55:00.000000,2025-05-08T13:50:00.000000,2025,2025-05-08,LONG,fib382,1.0,20250.557,20037.75,20463.364,212.8070000000007,LOSS,-70.3070000000007,24,80.6929999999993,-75.0570000000007,time_exit,20117.75,20037.75,20217.5,20305.25,20216.75,20292.25,15046.0,84.4632768361582,1
467,2025-05-08T09:40:00.000000,2025-05-08T11:55:00.000000,2025-05-08T13:50:00.000000,2025,2025-05-08,LONG,fib382,1.5,20250.557,20037.75,20569.7675,212.8070000000007,LOSS,-70.3070000000007,24,80.6929999999993,-75.0570000000007,time_exit,20117.75,20037.75,20217.5,20305.25,20216.75,20292.25,15046.0,84.4632768361582,1
467,2025-05-08T09:40:00.000000,2025-05-08T11:55:00.000000,2025-05-08T13:50:00.000000,2025,2025-05-08,LONG,fib382,2.0,20250.557,20037.75,20676.171000000002,212.8070000000007,LOSS,-70.3070000000007,24,80.6929999999993,-75.0570000000007,time_exit,20117.75,20037.75,20217.5,20305.25,20216.75,20292.25,15046.0,84.4632768361582,1
467,2025-05-08T09:40:00.000000,2025-05-08T09:55:00.000000,2025-05-08T11:50:00.000000,2025,2025-05-08,LONG,fib50,1.0,20261.0,20037.75,20484.25,223.25,WIN,28.75,24,76.25,-4.25,time_exit,20117.75,20037.75,20217.5,20305.25,20216.75,20292.25,15046.0,84.4632768361582,1
467,2025-05-08T09:40:00.000000,2025-05-08T09:55:00.000000,2025-05-08T11:50:00.000000,2025,2025-05-08,LONG,fib50,1.5,20261.0,20037.75,20595.875,223.25,WIN,28.75,24,76.25,-4.25,time_exit,20117.75,20037.75,20217.5,20305.25,20216.75,20292.25,15046.0,84.4632768361582,1
467,2025-05-08T09:40:00.000000,2025-05-08T09:55:00.000000,2025-05-08T11:50:00.000000,2025,2025-05-08,LONG,fib50,2.0,20261.0,20037.75,20707.5,223.25,WIN,28.75,24,76.25,-4.25,time_exit,20117.75,20037.75,20217.5,20305.25,20216.75,20292.25,15046.0,84.4632768361582,1
468,2025-05-21T11:20:00.000000,,,2025,2025-05-21,SHORT,fib382,1.0,21334.556,21417.0,21252.112,82.4439999999995,NO_ENTRY,0.0,0,0.0,0.0,no_entry_or_no_exit,21417.0,21372.0,21376.25,21379.25,21262.25,21271.5,16238.0,89.52991452991454,-1
468,2025-05-21T11:20:00.000000,,,2025,2025-05-21,SHORT,fib382,1.5,21334.556,21417.0,21210.89,82.4439999999995,NO_ENTRY,0.0,0,0.0,0.0,no_entry_or_no_exit,21417.0,21372.0,21376.25,21379.25,21262.25,21271.5,16238.0,89.52991452991454,-1
468,2025-05-21T11:20:00.000000,,,2025,2025-05-21,SHORT,fib382,2.0,21334.556,21417.0,21169.668,82.4439999999995,NO_ENTRY,0.0,0,0.0,0.0,no_entry_or_no_exit,21417.0,21372.0,21376.25,21379.25,21262.25,21271.5,16238.0,89.52991452991454,-1
468,2025-05-21T11:20:00.000000,2025-05-21T11:35:00.000000,2025-05-21T11:35:00.000000,2025,2025-05-21,SHORT,fib50,1.0,21320.75,21417.0,21224.5,96.25,WIN,96.25,1,101.5,-7.25,target,21417.0,21372.0,21376.25,21379.25,21262.25,21271.5,16238.0,89.52991452991454,-1
468,2025-05-21T11:20:00.000000,2025-05-21T11:35:00.000000,2025-05-21T12:55:00.000000,2025,2025-05-21,SHORT,fib50,1.5,21320.75,21417.0,21176.375,96.25,WIN,144.375,17,153.75,-7.25,target,21417.0,21372.0,21376.25,21379.25,21262.25,21271.5,16238.0,89.52991452991454,-1
468,2025-05-21T11:20:00.000000,2025-05-21T11:35:00.000000,2025-05-21T13:05:00.000000,2025,2025-05-21,SHORT,fib50,2.0,21320.75,21417.0,21128.25,96.25,WIN,192.5,19,209.75,-7.25,target,21417.0,21372.0,21376.25,21379.25,21262.25,21271.5,16238.0,89.52991452991454,-1
469,2025-05-21T11:25:00.000000,2025-05-21T11:30:00.000000,2025-05-21T13:25:00.000000,2025,2025-05-21,SHORT,fib382,1.0,21246.8165,21417.0,21076.633,170.18349999999919,WIN,170.18349999999919,24,174.06650000000081,-81.18349999999919,target,21417.0,21372.0,21271.25,21279.0,21194.75,21203.5,16553.0,80.41543026706232,-1
469,2025-05-21T11:25:00.000000,2025-05-21T11:30:00.000000,2025-05-21T13:25:00.000000,2025,2025-05-21,SHORT,fib382,1.5,21246.8165,21417.0,20991.541250000002,170.18349999999919,WIN,149.56650000000081,24,174.06650000000081,-81.18349999999919,time_exit,21417.0,21372.0,21271.25,21279.0,21194.75,21203.5,16553.0,80.41543026706232,-1
469,2025-05-21T11:25:00.000000,2025-05-21T11:30:00.000000,2025-05-21T13:25:00.000000,2025,2025-05-21,SHORT,fib382,2.0,21246.8165,21417.0,20906.449500000002,170.18349999999919,WIN,149.56650000000081,24,174.06650000000081,-81.18349999999919,time_exit,21417.0,21372.0,21271.25,21279.0,21194.75,21203.5,16553.0,80.41543026706232,-1
469,2025-05-21T11:25:00.000000,2025-05-21T11:30:00.000000,2025-05-21T13:25:00.000000,2025,2025-05-21,SHORT,fib50,1.0,21236.875,21417.0,21056.75,180.125,WIN,139.625,24,164.125,-91.125,time_exit,21417.0,21372.0,21271.25,21279.0,21194.75,21203.5,16553.0,80.41543026706232,-1
469,2025-05-21T11:25:00.000000,2025-05-21T11:30:00.000000,2025-05-21T13:25:00.000000,2025,2025-05-21,SHORT,fib50,1.5,21236.875,21417.0,20966.6875,180.125,WIN,139.625,24,164.125,-91.125,time_exit,21417.0,21372.0,21271.25,21279.0,21194.75,21203.5,16553.0,80.41543026706232,-1
469,2025-05-21T11:25:00.000000,2025-05-21T11:30:00.000000,2025-05-21T13:25:00.000000,2025,2025-05-21,SHORT,fib50,2.0,21236.875,21417.0,20876.625,180.125,WIN,139.625,24,164.125,-91.125,time_exit,21417.0,21372.0,21271.25,21279.0,21194.75,21203.5,16553.0,80.41543026706232,-1
470,2025-05-21T13:05:00.000000,2025-05-21T13:35:00.000000,2025-05-21T16:30:00.000000,2025,2025-05-21,SHORT,fib382,1.0,21164.6115,21417.0,20912.222999999998,252.38850000000093,WIN,13.111499999999069,24,53.36149999999907,-56.38850000000093,time_exit,21417.0,21372.0,21182.5,21197.75,21111.0,21113.75,7381.0,79.2507204610951,-1
470,2025-05-21T13:05:00.000000,2025-05-21T13:35:00.000000,2025-05-21T16:30:00.000000,2025,2025-05-21,SHORT,fib382,1.5,21164.6115,21417.0,20786.028749999998,252.38850000000093,WIN,13.111499999999069,24,53.36149999999907,-56.38850000000093,time_exit,21417.0,21372.0,21182.5,21197.75,21111.0,21113.75,7381.0,79.2507204610951,-1
470,2025-05-21T13:05:00.000000,2025-05-21T13:35:00.000000,2025-05-21T16:30:00.000000,2025,2025-05-21,SHORT,fib382,2.0,21164.6115,21417.0,20659.834499999997,252.38850000000093,WIN,13.111499999999069,24,53.36149999999907,-56.38850000000093,time_exit,21417.0,21372.0,21182.5,21197.75,21111.0,21113.75,7381.0,79.2507204610951,-1
470,2025-05-21T13:05:00.000000,2025-05-21T13:30:00.000000,2025-05-21T16:25:00.000000,2025,2025-05-21,SHORT,fib50,1.0,21154.375,21417.0,20891.75,262.625,WIN,9.375,24,57.375,-66.625,time_exit,21417.0,21372.0,21182.5,21197.75,21111.0,21113.75,7381.0,79.2507204610951,-1
470,2025-05-21T13:05:00.000000,2025-05-21T13:30:00.000000,2025-05-21T16:25:00.000000,2025,2025-05-21,SHORT,fib50,1.5,21154.375,21417.0,20760.4375,262.625,WIN,9.375,24,57.375,-66.625,time_exit,21417.0,21372.0,21182.5,21197.75,21111.0,21113.75,7381.0,79.2507204610951,-1
470,2025-05-21T13:05:00.000000,2025-05-21T13:30:00.000000,2025-05-21T16:25:00.000000,2025,2025-05-21,SHORT,fib50,2.0,21154.375,21417.0,20629.125,262.625,WIN,9.375,24,57.375,-66.625,time_exit,21417.0,21372.0,21182.5,21197.75,21111.0,21113.75,7381.0,79.2507204610951,-1
471,2025-05-29T09:55:00.000000,2025-05-29T10:10:00.000000,2025-05-29T11:00:00.000000,2025,2025-05-29,SHORT,fib382,1.0,21398.2695,21475.0,21321.538999999997,76.73050000000148,LOSS,-76.73050000000148,11,34.769499999998516,-86.73050000000148,stop,21475.0,21430.0,21442.0,21443.25,21325.5,21348.75,9562.0,79.19320594479831,-1
471,2025-05-29T09:55:00.000000,2025-05-29T10:10:00.000000,2025-05-29T11:00:00.000000,2025,2025-05-29,SHORT,fib382,1.5,21398.2695,21475.0,21283.173749999994,76.73050000000148,LOSS,-76.73050000000148,11,34.769499999998516,-86.73050000000148,stop,21475.0,21430.0,21442.0,21443.25,21325.5,21348.75,9562.0,79.19320594479831,-1
471,2025-05-29T09:55:00.000000,2025-05-29T10:10:00.000000,2025-05-29T11:00:00.000000,2025,2025-05-29,SHORT,fib382,2.0,21398.2695,21475.0,21244.808499999996,76.73050000000148,LOSS,-76.73050000000148,11,34.769499999998516,-86.73050000000148,stop,21475.0,21430.0,21442.0,21443.25,21325.5,21348.75,9562.0,79.19320594479831,-1
471,2025-05-29T09:55:00.000000,2025-05-29T10:10:00.000000,2025-05-29T11:00:00.000000,2025,2025-05-29,SHORT,fib50,1.0,21384.375,21475.0,21293.75,90.625,LOSS,-90.625,11,20.875,-100.625,stop,21475.0,21430.0,21442.0,21443.25,21325.5,21348.75,9562.0,79.19320594479831,-1
471,2025-05-29T09:55:00.000000,2025-05-29T10:10:00.000000,2025-05-29T11:00:00.000000,2025,2025-05-29,SHORT,fib50,1.5,21384.375,21475.0,21248.4375,90.625,LOSS,-90.625,11,20.875,-100.625,stop,21475.0,21430.0,21442.0,21443.25,21325.5,21348.75,9562.0,79.19320594479831,-1
471,2025-05-29T09:55:00.000000,2025-05-29T10:10:00.000000,2025-05-29T11:00:00.000000,2025,2025-05-29,SHORT,fib50,2.0,21384.375,21475.0,21203.125,90.625,LOSS,-90.625,11,20.875,-100.625,stop,21475.0,21430.0,21442.0,21443.25,21325.5,21348.75,9562.0,79.19320594479831,-1
472,2025-05-30T10:25:00.000000,2025-05-30T12:05:00.000000,2025-05-30T13:35:00.000000,2025,2025-05-30,SHORT,fib382,1.0,21222.654,21399.5,21045.807999999997,176.84600000000137,LOSS,-176.84600000000137,19,33.40399999999863,-184.84600000000137,stop,21399.5,21359.25,21255.25,21262.0,21159.0,21175.5,13160.0,77.42718446601941,-1
472,2025-05-30T10:25:00.000000,2025-05-30T12:05:00.000000,2025-05-30T13:35:00.000000,2025,2025-05-30,SHORT,fib382,1.5,21222.654,21399.5,20957.384999999995,176.84600000000137,LOSS,-176.84600000000137,19,33.40399999999863,-184.84600000000137,stop,21399.5,21359.25,21255.25,21262.0,21159.0,21175.5,13160.0,77.42718446601941,-1
472,2025-05-30T10:25:00.000000,2025-05-30T12:05:00.000000,2025-05-30T13:35:00.000000,2025,2025-05-30,SHORT,fib382,2.0,21222.654,21399.5,20868.961999999996,176.84600000000137,LOSS,-176.84600000000137,19,33.40399999999863,-184.84600000000137,stop,21399.5,21359.25,21255.25,21262.0,21159.0,21175.5,13160.0,77.42718446601941,-1
472,2025-05-30T10:25:00.000000,2025-05-30T11:50:00.000000,2025-05-30T13:35:00.000000,2025,2025-05-30,SHORT,fib50,1.0,21210.5,21399.5,21021.5,189.0,LOSS,-189.0,22,37.5,-197.0,stop,21399.5,21359.25,21255.25,21262.0,21159.0,21175.5,13160.0,77.42718446601941,-1
472,2025-05-30T10:25:00.000000,2025-05-30T11:50:00.000000,2025-05-30T13:35:00.000000,2025,2025-05-30,SHORT,fib50,1.5,21210.5,21399.5,20927.0,189.0,LOSS,-189.0,22,37.5,-197.0,stop,21399.5,21359.25,21255.25,21262.0,21159.0,21175.5,13160.0,77.42718446601941,-1
472,2025-05-30T10:25:00.000000,2025-05-30T11:50:00.000000,2025-05-30T13:35:00.000000,2025,2025-05-30,SHORT,fib50,2.0,21210.5,21399.5,20832.5,189.0,LOSS,-189.0,22,37.5,-197.0,stop,21399.5,21359.25,21255.25,21262.0,21159.0,21175.5,13160.0,77.42718446601941,-1
473,2025-06-10T09:30:00.000000,2025-06-10T09:35:00.000000,2025-06-10T10:00:00.000000,2025,2025-06-10,SHORT,fib382,1.0,21813.82,21886.0,21741.64,72.18000000000029,LOSS,-72.18000000000029,6,41.56999999999971,-88.43000000000029,stop,21886.0,21860.25,21857.75,21857.75,21742.75,21778.0,16248.0,69.34782608695652,-1
473,2025-06-10T09:30:00.000000,2025-06-10T09:35:00.000000,2025-06-10T10:00:00.000000,2025,2025-06-10,SHORT,fib382,1.5,21813.82,21886.0,21705.55,72.18000000000029,LOSS,-72.18000000000029,6,41.56999999999971,-88.43000000000029,stop,21886.0,21860.25,21857.75,21857.75,21742.75,21778.0,16248.0,69.34782608695652,-1
473,2025-06-10T09:30:00.000000,2025-06-10T09:35:00.000000,2025-06-10T10:00:00.000000,2025,2025-06-10,SHORT,fib382,2.0,21813.82,21886.0,21669.46,72.18000000000029,LOSS,-72.18000000000029,6,41.56999999999971,-88.43000000000029,stop,21886.0,21860.25,21857.75,21857.75,21742.75,21778.0,16248.0,69.34782608695652,-1
473,2025-06-10T09:30:00.000000,2025-06-10T09:35:00.000000,2025-06-10T10:00:00.000000,2025,2025-06-10,SHORT,fib50,1.0,21800.25,21886.0,21714.5,85.75,LOSS,-85.75,6,28.0,-102.0,stop,21886.0,21860.25,21857.75,21857.75,21742.75,21778.0,16248.0,69.34782608695652,-1
473,2025-06-10T09:30:00.000000,2025-06-10T09:35:00.000000,2025-06-10T10:00:00.000000,2025,2025-06-10,SHORT,fib50,1.5,21800.25,21886.0,21671.625,85.75,LOSS,-85.75,6,28.0,-102.0,stop,21886.0,21860.25,21857.75,21857.75,21742.75,21778.0,16248.0,69.34782608695652,-1
473,2025-06-10T09:30:00.000000,2025-06-10T09:35:00.000000,2025-06-10T10:00:00.000000,2025,2025-06-10,SHORT,fib50,2.0,21800.25,21886.0,21628.75,85.75,LOSS,-85.75,6,28.0,-102.0,stop,21886.0,21860.25,21857.75,21857.75,21742.75,21778.0,16248.0,69.34782608695652,-1
474,2025-06-11T09:05:00.000000,2025-06-11T09:15:00.000000,2025-06-11T09:15:00.000000,2025,2025-06-11,SHORT,fib382,1.0,22039.656,22050.75,22028.561999999998,11.09400000000096,WIN,11.09400000000096,1,17.90599999999904,-7.59400000000096,target,22050.75,22025.25,22065.25,22065.25,21998.25,21999.25,8960.0,98.50746268656717,-1
474,2025-06-11T09:05:00.000000,2025-06-11T09:15:00.000000,2025-06-11T09:15:00.000000,2025,2025-06-11,SHORT,fib382,1.5,22039.656,22050.75,22023.015,11.09400000000096,WIN,16.64100000000144,1,17.90599999999904,-7.59400000000096,target,22050.75,22025.25,22065.25,22065.25,21998.25,21999.25,8960.0,98.50746268656717,-1
474,2025-06-11T09:05:00.000000,2025-06-11T09:15:00.000000,2025-06-11T09:25:00.000000,2025,2025-06-11,SHORT,fib382,2.0,22039.656,22050.75,22017.467999999997,11.09400000000096,WIN,22.18800000000192,3,26.15599999999904,-7.59400000000096,target,22050.75,22025.25,22065.25,22065.25,21998.25,21999.25,8960.0,98.50746268656717,-1
474,2025-06-11T09:05:00.000000,2025-06-11T09:10:00.000000,2025-06-11T09:10:00.000000,2025,2025-06-11,SHORT,fib50,1.0,22031.75,22050.75,22012.75,19.0,WIN,19.0,1,45.5,-3.75,target,22050.75,22025.25,22065.25,22065.25,21998.25,21999.25,8960.0,98.50746268656717,-1
474,2025-06-11T09:05:00.000000,2025-06-11T09:10:00.000000,2025-06-11T09:10:00.000000,2025,2025-06-11,SHORT,fib50,1.5,22031.75,22050.75,22003.25,19.0,WIN,28.5,1,45.5,-3.75,target,22050.75,22025.25,22065.25,22065.25,21998.25,21999.25,8960.0,98.50746268656717,-1
474,2025-06-11T09:05:00.000000,2025-06-11T09:10:00.000000,2025-06-11T09:10:00.000000,2025,2025-06-11,SHORT,fib50,2.0,22031.75,22050.75,21993.75,19.0,WIN,38.0,1,45.5,-3.75,target,22050.75,22025.25,22065.25,22065.25,21998.25,21999.25,8960.0,98.50746268656717,-1
475,2025-06-18T13:25:00.000000,2025-06-18T13:35:00.000000,2025-06-18T16:30:00.000000,2025,2025-06-18,SHORT,fib382,1.0,21967.204,22097.75,21836.658000000003,130.54599999999846,WIN,49.20400000000154,24,51.70400000000154,-38.79599999999846,time_exit,22097.75,22065.25,21994.75,21997.0,21919.0,21922.25,6282.0,92.94871794871796,-1
475,2025-06-18T13:25:00.000000,2025-06-18T13:35:00.000000,2025-06-18T16:30:00.000000,2025,2025-06-18,SHORT,fib382,1.5,21967.204,22097.75,21771.385000000002,130.54599999999846,WIN,49.20400000000154,24,51.70400000000154,-38.79599999999846,time_exit,22097.75,22065.25,21994.75,21997.0,21919.0,21922.25,6282.0,92.94871794871796,-1
475,2025-06-18T13:25:00.000000,2025-06-18T13:35:00.000000,2025-06-18T16:30:00.000000,2025,2025-06-18,SHORT,fib382,2.0,21967.204,22097.75,21706.112000000005,130.54599999999846,WIN,49.20400000000154,24,51.70400000000154,-38.79599999999846,time_exit,22097.75,22065.25,21994.75,21997.0,21919.0,21922.25,6282.0,92.94871794871796,-1
475,2025-06-18T13:25:00.000000,2025-06-18T13:30:00.000000,2025-06-18T16:25:00.000000,2025,2025-06-18,SHORT,fib50,1.0,21958.0,22097.75,21818.25,139.75,WIN,27.5,24,48.0,-48.0,time_exit,22097.75,22065.25,21994.75,21997.0,21919.0,21922.25,6282.0,92.94871794871796,-1
475,2025-06-18T13:25:00.000000,2025-06-18T13:30:00.000000,2025-06-18T16:25:00.000000,2025,2025-06-18,SHORT,fib50,1.5,21958.0,22097.75,21748.375,139.75,WIN,27.5,24,48.0,-48.0,time_exit,22097.75,22065.25,21994.75,21997.0,21919.0,21922.25,6282.0,92.94871794871796,-1
475,2025-06-18T13:25:00.000000,2025-06-18T13:30:00.000000,2025-06-18T16:25:00.000000,2025,2025-06-18,SHORT,fib50,2.0,21958.0,22097.75,21678.5,139.75,WIN,27.5,24,48.0,-48.0,time_exit,22097.75,22065.25,21994.75,21997.0,21919.0,21922.25,6282.0,92.94871794871796,-1
476,2025-07-01T09:05:00.000000,2025-07-01T09:25:00.000000,2025-07-01T11:20:00.000000,2025,2025-07-01,SHORT,fib382,1.0,22682.474,22783.5,22581.447999999997,101.02600000000166,LOSS,-51.77600000000166,24,65.47399999999834,-62.02600000000166,time_exit,22783.5,22702.0,22714.75,22718.0,22625.0,22638.5,10909.0,81.98924731182797,-1
476,2025-07-01T09:05:00.000000,2025-07-01T09:25:00.000000,2025-07-01T11:20:00.000000,2025,2025-07-01,SHORT,fib382,1.5,22682.474,22783.5,22530.934999999998,101.02600000000166,LOSS,-51.77600000000166,24,65.47399999999834,-62.02600000000166,time_exit,22783.5,22702.0,22714.75,22718.0,22625.0,22638.5,10909.0,81.98924731182797,-1
476,2025-07-01T09:05:00.000000,2025-07-01T09:25:00.000000,2025-07-01T11:20:00.000000,2025,2025-07-01,SHORT,fib382,2.0,22682.474,22783.5,22480.421999999995,101.02600000000166,LOSS,-51.77600000000166,24,65.47399999999834,-62.02600000000166,time_exit,22783.5,22702.0,22714.75,22718.0,22625.0,22638.5,10909.0,81.98924731182797,-1
476,2025-07-01T09:05:00.000000,2025-07-01T09:25:00.000000,2025-07-01T11:20:00.000000,2025,2025-07-01,SHORT,fib50,1.0,22671.5,22783.5,22559.5,112.0,LOSS,-62.75,24,54.5,-73.0,time_exit,22783.5,22702.0,22714.75,22718.0,22625.0,22638.5,10909.0,81.98924731182797,-1
476,2025-07-01T09:05:00.000000,2025-07-01T09:25:00.000000,2025-07-01T11:20:00.000000,2025,2025-07-01,SHORT,fib50,1.5,22671.5,22783.5,22503.5,112.0,LOSS,-62.75,24,54.5,-73.0,time_exit,22783.5,22702.0,22714.75,22718.0,22625.0,22638.5,10909.0,81.98924731182797,-1
476,2025-07-01T09:05:00.000000,2025-07-01T09:25:00.000000,2025-07-01T11:20:00.000000,2025,2025-07-01,SHORT,fib50,2.0,22671.5,22783.5,22447.5,112.0,LOSS,-62.75,24,54.5,-73.0,time_exit,22783.5,22702.0,22714.75,22718.0,22625.0,22638.5,10909.0,81.98924731182797,-1
477,2025-07-16T09:15:00.000000,2025-07-16T09:55:00.000000,2025-07-16T09:55:00.000000,2025,2025-07-16,SHORT,fib382,1.0,23003.8255,23031.5,22976.150999999998,27.67450000000099,WIN,27.67450000000099,1,60.32549999999901,-20.42450000000099,target,23031.5,22988.5,23041.5,23045.75,22936.0,22941.0,19995.0,91.57175398633257,-1
477,2025-07-16T09:15:00.000000,2025-07-16T09:55:00.000000,2025-07-16T09:55:00.000000,2025,2025-07-16,SHORT,fib382,1.5,23003.8255,23031.5,22962.313749999998,27.67450000000099,WIN,41.511750000001484,1,60.32549999999901,-20.42450000000099,target,23031.5,22988.5,23041.5,23045.75,22936.0,22941.0,19995.0,91.57175398633257,-1
477,2025-07-16T09:15:00.000000,2025-07-16T09:55:00.000000,2025-07-16T09:55:00.000000,2025,2025-07-16,SHORT,fib382,2.0,23003.8255,23031.5,22948.476499999997,27.67450000000099,WIN,55.34900000000198,1,60.32549999999901,-20.42450000000099,target,23031.5,22988.5,23041.5,23045.75,22936.0,22941.0,19995.0,91.57175398633257,-1
477,2025-07-16T09:15:00.000000,2025-07-16T09:25:00.000000,2025-07-16T09:25:00.000000,2025,2025-07-16,SHORT,fib50,1.0,22990.875,23031.5,22950.25,40.625,WIN,40.625,1,77.875,-3.375,target,23031.5,22988.5,23041.5,23045.75,22936.0,22941.0,19995.0,91.57175398633257,-1
477,2025-07-16T09:15:00.000000,2025-07-16T09:25:00.000000,2025-07-16T09:25:00.000000,2025,2025-07-16,SHORT,fib50,1.5,22990.875,23031.5,22929.9375,40.625,WIN,60.9375,1,77.875,-3.375,target,23031.5,22988.5,23041.5,23045.75,22936.0,22941.0,19995.0,91.57175398633257,-1
477,2025-07-16T09:15:00.000000,2025-07-16T09:25:00.000000,2025-07-16T09:30:00.000000,2025,2025-07-16,SHORT,fib50,2.0,22990.875,23031.5,22909.625,40.625,WIN,81.25,2,102.875,-3.375,target,23031.5,22988.5,23041.5,23045.75,22936.0,22941.0,19995.0,91.57175398633257,-1
478,2025-07-16T09:30:00.000000,2025-07-16T09:45:00.000000,2025-07-16T10:50:00.000000,2025,2025-07-16,SHORT,fib382,1.0,22947.946,23031.5,22864.392,83.55400000000009,LOSS,-83.55400000000009,14,34.69599999999991,-86.55400000000009,stop,23031.5,22988.5,22981.25,22985.0,22888.0,22897.25,14539.0,86.5979381443299,-1
478,2025-07-16T09:30:00.000000,2025-07-16T09:45:00.000000,2025-07-16T10:50:00.000000,2025,2025-07-16,SHORT,fib382,1.5,22947.946,23031.5,22822.614999999998,83.55400000000009,LOSS,-83.55400000000009,14,34.69599999999991,-86.55400000000009,stop,23031.5,22988.5,22981.25,22985.0,22888.0,22897.25,14539.0,86.5979381443299,-1
478,2025-07-16T09:30:00.000000,2025-07-16T09:45:00.000000,2025-07-16T10:50:00.000000,2025,2025-07-16,SHORT,fib382,2.0,22947.946,23031.5,22780.838,83.55400000000009,LOSS,-83.55400000000009,14,34.69599999999991,-86.55400000000009,stop,23031.5,22988.5,22981.25,22985.0,22888.0,22897.25,14539.0,86.5979381443299,-1
478,2025-07-16T09:30:00.000000,2025-07-16T09:40:00.000000,2025-07-16T10:50:00.000000,2025,2025-07-16,SHORT,fib50,1.0,22936.5,23031.5,22841.5,95.0,LOSS,-95.0,15,79.0,-98.0,stop,23031.5,22988.5,22981.25,22985.0,22888.0,22897.25,14539.0,86.5979381443299,-1
478,2025-07-16T09:30:00.000000,2025-07-16T09:40:00.000000,2025-07-16T10:50:00.000000,2025,2025-07-16,SHORT,fib50,1.5,22936.5,23031.5,22794.0,95.0,LOSS,-95.0,15,79.0,-98.0,stop,23031.5,22988.5,22981.25,22985.0,22888.0,22897.25,14539.0,86.5979381443299,-1
478,2025-07-16T09:30:00.000000,2025-07-16T09:40:00.000000,2025-07-16T10:50:00.000000,2025,2025-07-16,SHORT,fib50,2.0,22936.5,23031.5,22746.5,95.0,LOSS,-95.0,15,79.0,-98.0,stop,23031.5,22988.5,22981.25,22985.0,22888.0,22897.25,14539.0,86.5979381443299,-1
479,2025-07-30T12:55:00.000000,2025-07-30T13:10:00.000000,2025-07-30T13:10:00.000000,2025,2025-07-30,SHORT,fib382,1.0,23461.123,23529.0,23393.246,67.87700000000041,WIN,67.87700000000041,1,68.87299999999959,-6.8770000000004075,target,23529.0,23504.0,23483.5,23498.75,23400.25,23412.75,17688.0,71.8274111675127,-1
479,2025-07-30T12:55:00.000000,2025-07-30T13:10:00.000000,2025-07-30T14:00:00.000000,2025,2025-07-30,SHORT,fib382,1.5,23461.123,23529.0,23359.3075,67.87700000000041,LOSS,-67.87700000000041,11,84.12299999999959,-154.1270000000004,stop,23529.0,23504.0,23483.5,23498.75,23400.25,23412.75,17688.0,71.8274111675127,-1
479,2025-07-30T12:55:00.000000,2025-07-30T13:10:00.000000,2025-07-30T14:00:00.000000,2025,2025-07-30,SHORT,fib382,2.0,23461.123,23529.0,23325.369,67.87700000000041,LOSS,-67.87700000000041,11,84.12299999999959,-154.1270000000004,stop,23529.0,23504.0,23483.5,23498.75,23400.25,23412.75,17688.0,71.8274111675127,-1
479,2025-07-30T12:55:00.000000,2025-07-30T13:10:00.000000,2025-07-30T14:00:00.000000,2025,2025-07-30,SHORT,fib50,1.0,23449.5,23529.0,23370.0,79.5,LOSS,-79.5,11,72.5,-165.75,stop,23529.0,23504.0,23483.5,23498.75,23400.25,23412.75,17688.0,71.8274111675127,-1
479,2025-07-30T12:55:00.000000,2025-07-30T13:10:00.000000,2025-07-30T14:00:00.000000,2025,2025-07-30,SHORT,fib50,1.5,23449.5,23529.0,23330.25,79.5,LOSS,-79.5,11,72.5,-165.75,stop,23529.0,23504.0,23483.5,23498.75,23400.25,23412.75,17688.0,71.8274111675127,-1
479,2025-07-30T12:55:00.000000,2025-07-30T13:10:00.000000,2025-07-30T14:00:00.000000,2025,2025-07-30,SHORT,fib50,2.0,23449.5,23529.0,23290.5,79.5,LOSS,-79.5,11,72.5,-165.75,stop,23529.0,23504.0,23483.5,23498.75,23400.25,23412.75,17688.0,71.8274111675127,-1
480,2025-09-02T14:05:00.000000,2025-09-02T21:40:00.000000,2025-09-02T23:35:00.000000,2025,2025-09-02,LONG,fib382,1.0,23307.922,23178.25,23437.593999999997,129.67199999999866,WIN,21.82800000000134,24,28.82800000000134,-9.671999999998661,time_exit,23261.25,23178.25,23271.25,23367.25,23271.25,23364.0,11249.0,96.61458333333334,1
480,2025-09-02T14:05:00.000000,2025-09-02T21:40:00.000000,2025-09-02T23:35:00.000000,2025,2025-09-02,LONG,fib382,1.5,23307.922,23178.25,23502.429999999997,129.67199999999866,WIN,21.82800000000134,24,28.82800000000134,-9.671999999998661,time_exit,23261.25,23178.25,23271.25,23367.25,23271.25,23364.0,11249.0,96.61458333333334,1
480,2025-09-02T14:05:00.000000,2025-09-02T21:40:00.000000,2025-09-02T23:35:00.000000,2025,2025-09-02,LONG,fib382,2.0,23307.922,23178.25,23567.265999999996,129.67199999999866,WIN,21.82800000000134,24,28.82800000000134,-9.671999999998661,time_exit,23261.25,23178.25,23271.25,23367.25,23271.25,23364.0,11249.0,96.61458333333334,1
480,2025-09-02T14:05:00.000000,2025-09-02T18:50:00.000000,2025-09-02T20:45:00.000000,2025,2025-09-02,LONG,fib50,1.0,23319.25,23178.25,23460.25,141.0,WIN,6.25,24,21.0,-8.0,time_exit,23261.25,23178.25,23271.25,23367.25,23271.25,23364.0,11249.0,96.61458333333334,1
480,2025-09-02T14:05:00.000000,2025-09-02T18:50:00.000000,2025-09-02T20:45:00.000000,2025,2025-09-02,LONG,fib50,1.5,23319.25,23178.25,23530.75,141.0,WIN,6.25,24,21.0,-8.0,time_exit,23261.25,23178.25,23271.25,23367.25,23271.25,23364.0,11249.0,96.61458333333334,1
480,2025-09-02T14:05:00.000000,2025-09-02T18:50:00.000000,2025-09-02T20:45:00.000000,2025,2025-09-02,LONG,fib50,2.0,23319.25,23178.25,23601.25,141.0,WIN,6.25,24,21.0,-8.0,time_exit,23261.25,23178.25,23271.25,23367.25,23271.25,23364.0,11249.0,96.61458333333334,1
481,2025-09-05T08:55:00.000000,2025-09-05T09:20:00.000000,2025-09-05T09:40:00.000000,2025,2025-09-05,SHORT,fib382,1.0,23602.0695,23666.0,23538.139000000003,63.930499999998574,LOSS,-63.930499999998574,5,29.819500000001426,-66.93049999999857,stop,23666.0,23589.75,23632.75,23637.5,23544.75,23548.0,12948.0,91.37466307277629,-1
481,2025-09-05T08:55:00.000000,2025-09-05T09:20:00.000000,2025-09-05T09:40:00.000000,2025,2025-09-05,SHORT,fib382,1.5,23602.0695,23666.0,23506.17375,63.930499999998574,LOSS,-63.930499999998574,5,29.819500000001426,-66.93049999999857,stop,23666.0,23589.75,23632.75,23637.5,23544.75,23548.0,12948.0,91.37466307277629,-1
481,2025-09-05T08:55:00.000000,2025-09-05T09:20:00.000000,2025-09-05T09:40:00.000000,2025,2025-09-05,SHORT,fib382,2.0,23602.0695,23666.0,23474.208500000004,63.930499999998574,LOSS,-63.930499999998574,5,29.819500000001426,-66.93049999999857,stop,23666.0,23589.75,23632.75,23637.5,23544.75,23548.0,12948.0,91.37466307277629,-1
481,2025-09-05T08:55:00.000000,2025-09-05T09:15:00.000000,2025-09-05T09:40:00.000000,2025,2025-09-05,SHORT,fib50,1.0,23591.125,23666.0,23516.25,74.875,LOSS,-74.875,6,29.875,-77.875,stop,23666.0,23589.75,23632.75,23637.5,23544.75,23548.0,12948.0,91.37466307277629,-1
481,2025-09-05T08:55:00.000000,2025-09-05T09:15:00.000000,2025-09-05T09:40:00.000000,2025,2025-09-05,SHORT,fib50,1.5,23591.125,23666.0,23478.8125,74.875,LOSS,-74.875,6,29.875,-77.875,stop,23666.0,23589.75,23632.75,23637.5,23544.75,23548.0,12948.0,91.37466307277629,-1
481,2025-09-05T08:55:00.000000,2025-09-05T09:15:00.000000,2025-09-05T09:40:00.000000,2025,2025-09-05,SHORT,fib50,2.0,23591.125,23666.0,23441.375,74.875,LOSS,-74.875,6,29.875,-77.875,stop,23666.0,23589.75,23632.75,23637.5,23544.75,23548.0,12948.0,91.37466307277629,-1
482,2025-09-15T09:50:00.000000,2025-09-15T09:55:00.000000,2025-09-15T09:55:00.000000,2025,2025-09-15,LONG,fib382,1.0,24369.0365,24237.5,24500.572999999997,131.53649999999834,WIN,131.53649999999834,1,156.96350000000166,-89.28649999999834,target,24501.5,24237.5,24277.25,24524.0,24273.25,24523.25,2170.0,98.10568295114656,1
482,2025-09-15T09:50:00.000000,2025-09-15T09:55:00.000000,2025-09-15T11:50:00.000000,2025,2025-09-15,LONG,fib382,1.5,24369.0365,24237.5,24566.341249999998,131.53649999999834,WIN,148.71350000000166,24,159.96350000000166,-120.28649999999834,time_exit,24501.5,24237.5,24277.25,24524.0,24273.25,24523.25,2170.0,98.10568295114656,1
482,2025-09-15T09:50:00.000000,2025-09-15T09:55:00.000000,2025-09-15T11:50:00.000000,2025,2025-09-15,LONG,fib382,2.0,24369.0365,24237.5,24632.109499999995,131.53649999999834,WIN,148.71350000000166,24,159.96350000000166,-120.28649999999834,time_exit,24501.5,24237.5,24277.25,24524.0,24273.25,24523.25,2170.0,98.10568295114656,1
482,2025-09-15T09:50:00.000000,2025-09-15T09:55:00.000000,2025-09-15T11:50:00.000000,2025,2025-09-15,LONG,fib50,1.0,24398.625,24237.5,24559.75,161.125,WIN,119.125,24,130.375,-149.875,time_exit,24501.5,24237.5,24277.25,24524.0,24273.25,24523.25,2170.0,98.10568295114656,1
482,2025-09-15T09:50:00.000000,2025-09-15T09:55:00.000000,2025-09-15T11:50:00.000000,2025,2025-09-15,LONG,fib50,1.5,24398.625,24237.5,24640.3125,161.125,WIN,119.125,24,130.375,-149.875,time_exit,24501.5,24237.5,24277.25,24524.0,24273.25,24523.25,2170.0,98.10568295114656,1
482,2025-09-15T09:50:00.000000,2025-09-15T09:55:00.000000,2025-09-15T11:50:00.000000,2025,2025-09-15,LONG,fib50,2.0,24398.625,24237.5,24720.875,161.125,WIN,119.125,24,130.375,-149.875,time_exit,24501.5,24237.5,24277.25,24524.0,24273.25,24523.25,2170.0,98.10568295114656,1
483,2025-09-15T10:40:00.000000,2025-09-15T10:45:00.000000,2025-09-15T10:45:00.000000,2025,2025-09-15,LONG,fib382,1.0,24373.132,24237.5,24508.764000000003,135.63200000000143,WIN,135.63200000000143,1,145.86799999999857,-101.13200000000143,target,24501.5,24237.5,24284.5,24528.25,24277.25,24525.5,1108.0,96.01593625498009,1
483,2025-09-15T10:40:00.000000,2025-09-15T10:45:00.000000,2025-09-15T12:40:00.000000,2025,2025-09-15,LONG,fib382,1.5,24373.132,24237.5,24576.58,135.63200000000143,LOSS,-121.38200000000143,24,159.36799999999857,-126.38200000000143,time_exit,24501.5,24237.5,24284.5,24528.25,24277.25,24525.5,1108.0,96.01593625498009,1
483,2025-09-15T10:40:00.000000,2025-09-15T10:45:00.000000,2025-09-15T12:40:00.000000,2025,2025-09-15,LONG,fib382,2.0,24373.132,24237.5,24644.396000000004,135.63200000000143,LOSS,-121.38200000000143,24,159.36799999999857,-126.38200000000143,time_exit,24501.5,24237.5,24284.5,24528.25,24277.25,24525.5,1108.0,96.01593625498009,1
483,2025-09-15T10:40:00.000000,2025-09-15T10:45:00.000000,2025-09-15T12:40:00.000000,2025,2025-09-15,LONG,fib50,1.0,24402.75,24237.5,24568.0,165.25,LOSS,-151.0,24,129.75,-156.0,time_exit,24501.5,24237.5,24284.5,24528.25,24277.25,24525.5,1108.0,96.01593625498009,1
483,2025-09-15T10:40:00.000000,2025-09-15T10:45:00.000000,2025-09-15T12:40:00.000000,2025,2025-09-15,LONG,fib50,1.5,24402.75,24237.5,24650.625,165.25,LOSS,-151.0,24,129.75,-156.0,time_exit,24501.5,24237.5,24284.5,24528.25,24277.25,24525.5,1108.0,96.01593625498009,1
483,2025-09-15T10:40:00.000000,2025-09-15T10:45:00.000000,2025-09-15T12:40:00.000000,2025,2025-09-15,LONG,fib50,2.0,24402.75,24237.5,24733.25,165.25,LOSS,-151.0,24,129.75,-156.0,time_exit,24501.5,24237.5,24284.5,24528.25,24277.25,24525.5,1108.0,96.01593625498009,1
484,2025-09-15T13:00:00.000000,2025-09-15T13:05:00.000000,2025-09-15T13:05:00.000000,2025,2025-09-15,LONG,fib382,1.0,24365.309,24237.5,24493.118000000002,127.8090000000011,WIN,127.8090000000011,1,149.9409999999989,-102.8090000000011,target,24501.5,24237.5,24271.25,24519.5,24270.0,24509.25,1637.0,95.39078156312625,1
484,2025-09-15T13:00:00.000000,2025-09-15T13:05:00.000000,2025-09-15T16:00:00.000000,2025,2025-09-15,LONG,fib382,1.5,24365.309,24237.5,24557.022500000003,127.8090000000011,LOSS,-76.0590000000011,24,191.4409999999989,-102.8090000000011,time_exit,24501.5,24237.5,24271.25,24519.5,24270.0,24509.25,1637.0,95.39078156312625,1
484,2025-09-15T13:00:00.000000,2025-09-15T13:05:00.000000,2025-09-15T16:00:00.000000,2025,2025-09-15,LONG,fib382,2.0,24365.309,24237.5,24620.927000000003,127.8090000000011,LOSS,-76.0590000000011,24,191.4409999999989,-102.8090000000011,time_exit,24501.5,24237.5,24271.25,24519.5,24270.0,24509.25,1637.0,95.39078156312625,1
484,2025-09-15T13:00:00.000000,2025-09-15T13:05:00.000000,2025-09-15T13:55:00.000000,2025,2025-09-15,LONG,fib50,1.0,24394.75,24237.5,24552.0,157.25,WIN,157.25,11,162.0,-132.25,target,24501.5,24237.5,24271.25,24519.5,24270.0,24509.25,1637.0,95.39078156312625,1
484,2025-09-15T13:00:00.000000,2025-09-15T13:05:00.000000,2025-09-15T16:00:00.000000,2025,2025-09-15,LONG,fib50,1.5,24394.75,24237.5,24630.625,157.25,LOSS,-105.5,24,162.0,-132.25,time_exit,24501.5,24237.5,24271.25,24519.5,24270.0,24509.25,1637.0,95.39078156312625,1
484,2025-09-15T13:00:00.000000,2025-09-15T13:05:00.000000,2025-09-15T16:00:00.000000,2025,2025-09-15,LONG,fib50,2.0,24394.75,24237.5,24709.25,157.25,LOSS,-105.5,24,162.0,-132.25,time_exit,24501.5,24237.5,24271.25,24519.5,24270.0,24509.25,1637.0,95.39078156312625,1
485,2025-09-15T13:35:00.000000,2025-09-15T13:40:00.000000,2025-09-15T13:40:00.000000,2025,2025-09-15,LONG,fib382,1.0,24370.868,24237.5,24504.235999999997,133.36799999999857,WIN,133.36799999999857,1,153.63200000000143,-90.11799999999857,target,24501.5,24237.5,24277.75,24524.75,24275.75,24521.5,1547.0,97.89156626506023,1
485,2025-09-15T13:35:00.000000,2025-09-15T13:40:00.000000,2025-09-15T16:35:00.000000,2025,2025-09-15,LONG,fib382,1.5,24370.868,24237.5,24570.92,133.36799999999857,WIN,158.88200000000143,24,185.88200000000143,-90.11799999999857,time_exit,24501.5,24237.5,24277.75,24524.75,24275.75,24521.5,1547.0,97.89156626506023,1
485,2025-09-15T13:35:00.000000,2025-09-15T13:40:00.000000,2025-09-15T16:35:00.000000,2025,2025-09-15,LONG,fib382,2.0,24370.868,24237.5,24637.603999999996,133.36799999999857,WIN,158.88200000000143,24,185.88200000000143,-90.11799999999857,time_exit,24501.5,24237.5,24277.75,24524.75,24275.75,24521.5,1547.0,97.89156626506023,1
485,2025-09-15T13:35:00.000000,2025-09-15T13:40:00.000000,2025-09-15T16:35:00.000000,2025,2025-09-15,LONG,fib50,1.0,24400.25,24237.5,24563.0,162.75,WIN,129.5,24,156.5,-119.5,time_exit,24501.5,24237.5,24277.75,24524.75,24275.75,24521.5,1547.0,97.89156626506023,1
485,2025-09-15T13:35:00.000000,2025-09-15T13:40:00.000000,2025-09-15T16:35:00.000000,2025,2025-09-15,LONG,fib50,1.5,24400.25,24237.5,24644.375,162.75,WIN,129.5,24,156.5,-119.5,time_exit,24501.5,24237.5,24277.75,24524.75,24275.75,24521.5,1547.0,97.89156626506023,1
485,2025-09-15T13:35:00.000000,2025-09-15T13:40:00.000000,2025-09-15T16:35:00.000000,2025,2025-09-15,LONG,fib50,2.0,24400.25,24237.5,24725.75,162.75,WIN,129.5,24,156.5,-119.5,time_exit,24501.5,24237.5,24277.75,24524.75,24275.75,24521.5,1547.0,97.89156626506023,1
486,2025-09-15T14:25:00.000000,2025-09-15T14:30:00.000000,2025-09-15T14:30:00.000000,2025,2025-09-15,LONG,fib382,1.0,24382.694,24237.5,24527.888,145.1939999999995,WIN,145.1939999999995,1,152.5560000000005,-91.6939999999995,target,24501.5,24237.5,24295.75,24532.25,24290.25,24531.0,320.0,97.21074380165288,1
486,2025-09-15T14:25:00.000000,2025-09-15T14:30:00.000000,2025-09-15T17:25:00.000000,2025,2025-09-15,LONG,fib382,1.5,24382.694,24237.5,24600.485,145.1939999999995,WIN,164.3060000000005,24,166.5560000000005,-94.6939999999995,time_exit,24501.5,24237.5,24295.75,24532.25,24290.25,24531.0,320.0,97.21074380165288,1
486,2025-09-15T14:25:00.000000,2025-09-15T14:30:00.000000,2025-09-15T17:25:00.000000,2025,2025-09-15,LONG,fib382,2.0,24382.694,24237.5,24673.082,145.1939999999995,WIN,164.3060000000005,24,166.5560000000005,-94.6939999999995,time_exit,24501.5,24237.5,24295.75,24532.25,24290.25,24531.0,320.0,97.21074380165288,1
486,2025-09-15T14:25:00.000000,2025-09-15T14:30:00.000000,2025-09-15T17:25:00.000000,2025,2025-09-15,LONG,fib50,1.0,24411.25,24237.5,24585.0,173.75,WIN,135.75,24,138.0,-123.25,time_exit,24501.5,24237.5,24295.75,24532.25,24290.25,24531.0,320.0,97.21074380165288,1
486,2025-09-15T14:25:00.000000,2025-09-15T14:30:00.000000,2025-09-15T17:25:00.000000,2025,2025-09-15,LONG,fib50,1.5,24411.25,24237.5,24671.875,173.75,WIN,135.75,24,138.0,-123.25,time_exit,24501.5,24237.5,24295.75,24532.25,24290.25,24531.0,320.0,97.21074380165288,1
486,2025-09-15T14:25:00.000000,2025-09-15T14:30:00.000000,2025-09-15T17:25:00.000000,2025,2025-09-15,LONG,fib50,2.0,24411.25,24237.5,24758.75,173.75,WIN,135.75,24,138.0,-123.25,time_exit,24501.5,24237.5,24295.75,24532.25,24290.25,24531.0,320.0,97.21074380165288,1
487,2025-09-17T12:10:00.000000,2025-09-17T12:20:00.000000,2025-09-17T12:20:00.000000,2025,2025-09-17,SHORT,fib382,1.0,24402.972,24459.75,24346.194000000003,56.77799999999843,WIN,56.77799999999843,1,69.72200000000157,-21.77799999999843,target,24459.75,24423.5,24441.0,24452.25,24323.25,24324.0,15110.0,90.69767441860465,-1
487,2025-09-17T12:10:00.000000,2025-09-17T12:20:00.000000,2025-09-17T12:40:00.000000,2025,2025-09-17,SHORT,fib382,1.5,24402.972,24459.75,24317.805000000004,56.77799999999843,WIN,85.16699999999764,5,114.47200000000157,-50.52799999999843,target,24459.75,24423.5,24441.0,24452.25,24323.25,24324.0,15110.0,90.69767441860465,-1
487,2025-09-17T12:10:00.000000,2025-09-17T12:20:00.000000,2025-09-17T12:40:00.000000,2025,2025-09-17,SHORT,fib382,2.0,24402.972,24459.75,24289.416000000005,56.77799999999843,WIN,113.55599999999686,5,114.47200000000157,-50.52799999999843,target,24459.75,24423.5,24441.0,24452.25,24323.25,24324.0,15110.0,90.69767441860465,-1
487,2025-09-17T12:10:00.000000,2025-09-17T12:15:00.000000,2025-09-17T12:15:00.000000,2025,2025-09-17,SHORT,fib50,1.0,24387.75,24459.75,24315.75,72.0,WIN,72.0,1,96.0,-1.0,target,24459.75,24423.5,24441.0,24452.25,24323.25,24324.0,15110.0,90.69767441860465,-1
487,2025-09-17T12:10:00.000000,2025-09-17T12:15:00.000000,2025-09-17T12:45:00.000000,2025,2025-09-17,SHORT,fib50,1.5,24387.75,24459.75,24279.75,72.0,WIN,108.0,7,123.0,-65.75,target,24459.75,24423.5,24441.0,24452.25,24323.25,24324.0,15110.0,90.69767441860465,-1
487,2025-09-17T12:10:00.000000,2025-09-17T12:15:00.000000,2025-09-17T12:50:00.000000,2025,2025-09-17,SHORT,fib50,2.0,24387.75,24459.75,24243.75,72.0,WIN,144.0,8,145.75,-65.75,target,24459.75,24423.5,24441.0,24452.25,24323.25,24324.0,15110.0,90.69767441860465,-1
488,2025-09-17T12:30:00.000000,2025-09-17T12:35:00.000000,2025-09-17T12:35:00.000000,2025,2025-09-17,SHORT,fib382,1.0,24412.9125,24459.75,24366.074999999997,46.837500000001455,WIN,46.837500000001455,1,89.66249999999854,-1.3375000000014552,target,24459.75,24423.5,24442.25,24453.5,24347.25,24366.75,12266.0,71.05882352941177,-1
488,2025-09-17T12:30:00.000000,2025-09-17T12:35:00.000000,2025-09-17T12:35:00.000000,2025,2025-09-17,SHORT,fib382,1.5,24412.9125,24459.75,24342.656249999996,46.837500000001455,WIN,70.25625000000218,1,89.66249999999854,-1.3375000000014552,target,24459.75,24423.5,24442.25,24453.5,24347.25,24366.75,12266.0,71.05882352941177,-1
488,2025-09-17T12:30:00.000000,2025-09-17T12:35:00.000000,2025-09-17T12:40:00.000000,2025,2025-09-17,SHORT,fib382,2.0,24412.9125,24459.75,24319.237499999996,46.837500000001455,WIN,93.67500000000291,2,124.41249999999854,-1.3375000000014552,target,24459.75,24423.5,24442.25,24453.5,24347.25,24366.75,12266.0,71.05882352941177,-1
488,2025-09-17T12:30:00.000000,2025-09-17T12:35:00.000000,2025-09-17T12:35:00.000000,2025,2025-09-17,SHORT,fib50,1.0,24400.375,24459.75,24341.0,59.375,WIN,59.375,1,77.125,-13.875,target,24459.75,24423.5,24442.25,24453.5,24347.25,24366.75,12266.0,71.05882352941177,-1
488,2025-09-17T12:30:00.000000,2025-09-17T12:35:00.000000,2025-09-17T12:40:00.000000,2025,2025-09-17,SHORT,fib50,1.5,24400.375,24459.75,24311.3125,59.375,WIN,89.0625,2,111.875,-13.875,target,24459.75,24423.5,24442.25,24453.5,24347.25,24366.75,12266.0,71.05882352941177,-1
488,2025-09-17T12:30:00.000000,2025-09-17T12:35:00.000000,2025-09-17T12:45:00.000000,2025,2025-09-17,SHORT,fib50,2.0,24400.375,24459.75,24281.625,59.375,WIN,118.75,3,135.625,-13.875,target,24459.75,24423.5,24442.25,24453.5,24347.25,24366.75,12266.0,71.05882352941177,-1
489,2025-10-03T11:00:00.000000,2025-10-03T11:10:00.000000,2025-10-03T11:20:00.000000,2025,2025-10-03,SHORT,fib382,1.0,25084.3615,25128.75,25039.972999999998,44.38850000000093,WIN,44.38850000000093,3,56.36149999999907,-10.388500000000931,target,25128.75,25078.75,25117.5,25117.5,25030.75,25051.0,13050.0,76.657060518732,-1
489,2025-10-03T11:00:00.000000,2025-10-03T11:10:00.000000,2025-10-03T11:30:00.000000,2025,2025-10-03,SHORT,fib382,1.5,25084.3615,25128.75,25017.778749999998,44.38850000000093,WIN,66.5827500000014,5,69.86149999999907,-10.388500000000931,target,25128.75,25078.75,25117.5,25117.5,25030.75,25051.0,13050.0,76.657060518732,-1
489,2025-10-03T11:00:00.000000,2025-10-03T11:10:00.000000,2025-10-03T11:45:00.000000,2025,2025-10-03,SHORT,fib382,2.0,25084.3615,25128.75,24995.584499999997,44.38850000000093,WIN,88.77700000000186,8,105.61149999999907,-10.388500000000931,target,25128.75,25078.75,25117.5,25117.5,25030.75,25051.0,13050.0,76.657060518732,-1
489,2025-10-03T11:00:00.000000,2025-10-03T11:10:00.000000,2025-10-03T11:30:00.000000,2025,2025-10-03,SHORT,fib50,1.0,25074.125,25128.75,25019.5,54.625,WIN,54.625,5,59.625,-20.625,target,25128.75,25078.75,25117.5,25117.5,25030.75,25051.0,13050.0,76.657060518732,-1
489,2025-10-03T11:00:00.000000,2025-10-03T11:10:00.000000,2025-10-03T11:45:00.000000,2025,2025-10-03,SHORT,fib50,1.5,25074.125,25128.75,24992.1875,54.625,WIN,81.9375,8,95.375,-20.625,target,25128.75,25078.75,25117.5,25117.5,25030.75,25051.0,13050.0,76.657060518732,-1
489,2025-10-03T11:00:00.000000,2025-10-03T11:10:00.000000,2025-10-03T11:50:00.000000,2025,2025-10-03,SHORT,fib50,2.0,25074.125,25128.75,24964.875,54.625,WIN,109.25,9,150.375,-20.625,target,25128.75,25078.75,25117.5,25117.5,25030.75,25051.0,13050.0,76.657060518732,-1
490,2025-10-07T09:05:00.000000,2025-10-07T09:10:00.000000,2025-10-07T09:45:00.000000,2025,2025-10-07,SHORT,fib382,1.0,25111.2465,25231.25,24991.243000000002,120.0034999999989,WIN,120.0034999999989,8,121.7465000000011,-14.753499999998894,target,25231.25,25186.75,25144.25,25147.25,25053.0,25061.25,22530.0,88.06366047745358,-1
490,2025-10-07T09:05:00.000000,2025-10-07T09:10:00.000000,2025-10-07T11:05:00.000000,2025,2025-10-07,SHORT,fib382,1.5,25111.2465,25231.25,24931.241250000003,120.0034999999989,WIN,63.246500000001106,24,126.4965000000011,-14.753499999998894,time_exit,25231.25,25186.75,25144.25,25147.25,25053.0,25061.25,22530.0,88.06366047745358,-1
490,2025-10-07T09:05:00.000000,2025-10-07T09:10:00.000000,2025-10-07T11:05:00.000000,2025,2025-10-07,SHORT,fib382,2.0,25111.2465,25231.25,24871.239500000003,120.0034999999989,WIN,63.246500000001106,24,126.4965000000011,-14.753499999998894,time_exit,25231.25,25186.75,25144.25,25147.25,25053.0,25061.25,22530.0,88.06366047745358,-1
490,2025-10-07T09:05:00.000000,2025-10-07T09:10:00.000000,2025-10-07T11:05:00.000000,2025,2025-10-07,SHORT,fib50,1.0,25100.125,25231.25,24969.0,131.125,WIN,52.125,24,115.375,-25.875,time_exit,25231.25,25186.75,25144.25,25147.25,25053.0,25061.25,22530.0,88.06366047745358,-1
490,2025-10-07T09:05:00.000000,2025-10-07T09:10:00.000000,2025-10-07T11:05:00.000000,2025,2025-10-07,SHORT,fib50,1.5,25100.125,25231.25,24903.4375,131.125,WIN,52.125,24,115.375,-25.875,time_exit,25231.25,25186.75,25144.25,25147.25,25053.0,25061.25,22530.0,88.06366047745358,-1
490,2025-10-07T09:05:00.000000,2025-10-07T09:10:00.000000,2025-10-07T11:05:00.000000,2025,2025-10-07,SHORT,fib50,2.0,25100.125,25231.25,24837.875,131.125,WIN,52.125,24,115.375,-25.875,time_exit,25231.25,25186.75,25144.25,25147.25,25053.0,25061.25,22530.0,88.06366047745358,-1
491,2025-10-10T08:55:00.000000,,,2025,2025-10-10,SHORT,fib382,1.0,25262.6285,25348.0,25177.256999999998,85.3715000000011,NO_ENTRY,0.0,0,0.0,0.0,no_entry_or_no_exit,25348.0,25316.0,25340.25,25346.0,25127.75,25194.5,27165.0,66.7812142038946,-1
491,2025-10-10T08:55:00.000000,,,2025,2025-10-10,SHORT,fib382,1.5,25262.6285,25348.0,25134.571249999997,85.3715000000011,NO_ENTRY,0.0,0,0.0,0.0,no_entry_or_no_exit,25348.0,25316.0,25340.25,25346.0,25127.75,25194.5,27165.0,66.7812142038946,-1
491,2025-10-10T08:55:00.000000,,,2025,2025-10-10,SHORT,fib382,2.0,25262.6285,25348.0,25091.885499999997,85.3715000000011,NO_ENTRY,0.0,0,0.0,0.0,no_entry_or_no_exit,25348.0,25316.0,25340.25,25346.0,25127.75,25194.5,27165.0,66.7812142038946,-1
491,2025-10-10T08:55:00.000000,,,2025,2025-10-10,SHORT,fib50,1.0,25236.875,25348.0,25125.75,111.125,NO_ENTRY,0.0,0,0.0,0.0,no_entry_or_no_exit,25348.0,25316.0,25340.25,25346.0,25127.75,25194.5,27165.0,66.7812142038946,-1
491,2025-10-10T08:55:00.000000,,,2025,2025-10-10,SHORT,fib50,1.5,25236.875,25348.0,25070.1875,111.125,NO_ENTRY,0.0,0,0.0,0.0,no_entry_or_no_exit,25348.0,25316.0,25340.25,25346.0,25127.75,25194.5,27165.0,66.7812142038946,-1
491,2025-10-10T08:55:00.000000,,,2025,2025-10-10,SHORT,fib50,2.0,25236.875,25348.0,25014.625,111.125,NO_ENTRY,0.0,0,0.0,0.0,no_entry_or_no_exit,25348.0,25316.0,25340.25,25346.0,25127.75,25194.5,27165.0,66.7812142038946,-1
492,2025-10-10T09:00:00.000000,,,2025,2025-10-10,SHORT,fib382,1.0,25118.263,25348.0,24888.525999999998,229.737000000001,NO_ENTRY,0.0,0,0.0,0.0,no_entry_or_no_exit,25348.0,25316.0,25193.0,25196.0,24992.5,25029.25,31588.0,80.46683046683046,-1
492,2025-10-10T09:00:00.000000,,,2025,2025-10-10,SHORT,fib382,1.5,25118.263,25348.0,24773.657499999998,229.737000000001,NO_ENTRY,0.0,0,0.0,0.0,no_entry_or_no_exit,25348.0,25316.0,25193.0,25196.0,24992.5,25029.25,31588.0,80.46683046683046,-1
492,2025-10-10T09:00:00.000000,,,2025,2025-10-10,SHORT,fib382,2.0,25118.263,25348.0,24658.788999999997,229.737000000001,NO_ENTRY,0.0,0,0.0,0.0,no_entry_or_no_exit,25348.0,25316.0,25193.0,25196.0,24992.5,25029.25,31588.0,80.46683046683046,-1
492,2025-10-10T09:00:00.000000,2025-10-10T09:05:00.000000,2025-10-10T09:20:00.000000,2025,2025-10-10,SHORT,fib50,1.0,25094.25,25348.0,24840.5,253.75,WIN,253.75,4,276.75,-7.25,target,25348.0,25316.0,25193.0,25196.0,24992.5,25029.25,31588.0,80.46683046683046,-1
492,2025-10-10T09:00:00.000000,2025-10-10T09:05:00.000000,2025-10-10T09:30:00.000000,2025,2025-10-10,SHORT,fib50,1.5,25094.25,25348.0,24713.625,253.75,WIN,380.625,6,423.5,-7.25,target,25348.0,25316.0,25193.0,25196.0,24992.5,25029.25,31588.0,80.46683046683046,-1
492,2025-10-10T09:00:00.000000,2025-10-10T09:05:00.000000,2025-10-10T11:00:00.000000,2025,2025-10-10,SHORT,fib50,2.0,25094.25,25348.0,24586.75,253.75,WIN,470.5,24,477.5,-7.25,time_exit,25348.0,25316.0,25193.0,25196.0,24992.5,25029.25,31588.0,80.46683046683046,-1
493,2025-10-10T09:15:00.000000,,,2025,2025-10-10,SHORT,fib382,1.0,25013.3465,25348.0,24678.693,334.65350000000035,NO_ENTRY,0.0,0,0.0,0.0,no_entry_or_no_exit,25348.0,25316.0,25062.25,25078.0,24908.75,24951.25,17035.0,65.58345642540621,-1
493,2025-10-10T09:15:00.000000,,,2025,2025-10-10,SHORT,fib382,1.5,25013.3465,25348.0,24511.36625,334.65350000000035,NO_ENTRY,0.0,0,0.0,0.0,no_entry_or_no_exit,25348.0,25316.0,25062.25,25078.0,24908.75,24951.25,17035.0,65.58345642540621,-1
493,2025-10-10T09:15:00.000000,,,2025,2025-10-10,SHORT,fib382,2.0,25013.3465,25348.0,24344.0395,334.65350000000035,NO_ENTRY,0.0,0,0.0,0.0,no_entry_or_no_exit,25348.0,25316.0,25062.25,25078.0,24908.75,24951.25,17035.0,65.58345642540621,-1
493,2025-10-10T09:15:00.000000,,,2025,2025-10-10,SHORT,fib50,1.0,24993.375,25348.0,24638.75,354.625,NO_ENTRY,0.0,0,0.0,0.0,no_entry_or_no_exit,25348.0,25316.0,25062.25,25078.0,24908.75,24951.25,17035.0,65.58345642540621,-1
493,2025-10-10T09:15:00.000000,,,2025,2025-10-10,SHORT,fib50,1.5,24993.375,25348.0,24461.4375,354.625,NO_ENTRY,0.0,0,0.0,0.0,no_entry_or_no_exit,25348.0,25316.0,25062.25,25078.0,24908.75,24951.25,17035.0,65.58345642540621,-1
493,2025-10-10T09:15:00.000000,,,2025,2025-10-10,SHORT,fib50,2.0,24993.375,25348.0,24284.125,354.625,NO_ENTRY,0.0,0,0.0,0.0,no_entry_or_no_exit,25348.0,25316.0,25062.25,25078.0,24908.75,24951.25,17035.0,65.58345642540621,-1
494,2025-10-10T09:20:00.000000,,,2025,2025-10-10,SHORT,fib382,1.0,24910.0455,25348.0,24472.091,437.9544999999998,NO_ENTRY,0.0,0,0.0,0.0,no_entry_or_no_exit,25348.0,25316.0,24951.25,24967.25,24817.5,24823.0,23307.0,85.64273789649415,-1
494,2025-10-10T09:20:00.000000,,,2025,2025-10-10,SHORT,fib382,1.5,24910.0455,25348.0,24253.11375,437.9544999999998,NO_ENTRY,0.0,0,0.0,0.0,no_entry_or_no_exit,25348.0,25316.0,24951.25,24967.25,24817.5,24823.0,23307.0,85.64273789649415,-1
494,2025-10-10T09:20:00.000000,,,2025,2025-10-10,SHORT,fib382,2.0,24910.0455,25348.0,24034.1365,437.9544999999998,NO_ENTRY,0.0,0,0.0,0.0,no_entry_or_no_exit,25348.0,25316.0,24951.25,24967.25,24817.5,24823.0,23307.0,85.64273789649415,-1
494,2025-10-10T09:20:00.000000,2025-10-10T09:25:00.000000,2025-10-10T11:20:00.000000,2025,2025-10-10,SHORT,fib50,1.0,24892.375,25348.0,24436.75,455.625,WIN,219.375,24,288.375,-15.875,time_exit,25348.0,25316.0,24951.25,24967.25,24817.5,24823.0,23307.0,85.64273789649415,-1
494,2025-10-10T09:20:00.000000,2025-10-10T09:25:00.000000,2025-10-10T11:20:00.000000,2025,2025-10-10,SHORT,fib50,1.5,24892.375,25348.0,24208.9375,455.625,WIN,219.375,24,288.375,-15.875,time_exit,25348.0,25316.0,24951.25,24967.25,24817.5,24823.0,23307.0,85.64273789649415,-1
494,2025-10-10T09:20:00.000000,2025-10-10T09:25:00.000000,2025-10-10T11:20:00.000000,2025,2025-10-10,SHORT,fib50,2.0,24892.375,25348.0,23981.125,455.625,WIN,219.375,24,288.375,-15.875,time_exit,25348.0,25316.0,24951.25,24967.25,24817.5,24823.0,23307.0,85.64273789649415,-1
497,2025-10-10T13:50:00.000000,,,2025,2025-10-10,SHORT,fib382,1.0,24492.1765,25348.0,23636.353000000003,855.8234999999986,NO_ENTRY,0.0,0,0.0,0.0,no_entry_or_no_exit,25348.0,25316.0,24527.0,24532.0,24427.75,24428.0,15796.0,94.96402877697841,-1
497,2025-10-10T13:50:00.000000,,,2025,2025-10-10,SHORT,fib382,1.5,24492.1765,25348.0,23208.441250000003,855.8234999999986,NO_ENTRY,0.0,0,0.0,0.0,no_entry_or_no_exit,25348.0,25316.0,24527.0,24532.0,24427.75,24428.0,15796.0,94.96402877697841,-1
497,2025-10-10T13:50:00.000000,,,2025,2025-10-10,SHORT,fib382,2.0,24492.1765,25348.0,22780.529500000004,855.8234999999986,NO_ENTRY,0.0,0,0.0,0.0,no_entry_or_no_exit,25348.0,25316.0,24527.0,24532.0,24427.75,24428.0,15796.0,94.96402877697841,-1
497,2025-10-10T13:50:00.000000,,,2025,2025-10-10,SHORT,fib50,1.0,24479.875,25348.0,23611.75,868.125,NO_ENTRY,0.0,0,0.0,0.0,no_entry_or_no_exit,25348.0,25316.0,24527.0,24532.0,24427.75,24428.0,15796.0,94.96402877697841,-1
497,2025-10-10T13:50:00.000000,,,2025,2025-10-10,SHORT,fib50,1.5,24479.875,25348.0,23177.6875,868.125,NO_ENTRY,0.0,0,0.0,0.0,no_entry_or_no_exit,25348.0,25316.0,24527.0,24532.0,24427.75,24428.0,15796.0,94.96402877697841,-1
497,2025-10-10T13:50:00.000000,,,2025,2025-10-10,SHORT,fib50,2.0,24479.875,25348.0,22743.625,868.125,NO_ENTRY,0.0,0,0.0,0.0,no_entry_or_no_exit,25348.0,25316.0,24527.0,24532.0,24427.75,24428.0,15796.0,94.96402877697841,-1
498,2025-10-10T14:50:00.000000,,,2025,2025-10-10,SHORT,fib382,1.0,24331.657,25348.0,23315.314,1016.3430000000008,NO_ENTRY,0.0,0,0.0,0.0,no_entry_or_no_exit,25348.0,25316.0,24421.25,24422.0,24185.5,24210.75,10792.0,89.00634249471459,-1
498,2025-10-10T14:50:00.000000,,,2025,2025-10-10,SHORT,fib382,1.5,24331.657,25348.0,22807.142499999998,1016.3430000000008,NO_ENTRY,0.0,0,0.0,0.0,no_entry_or_no_exit,25348.0,25316.0,24421.25,24422.0,24185.5,24210.75,10792.0,89.00634249471459,-1
498,2025-10-10T14:50:00.000000,,,2025,2025-10-10,SHORT,fib382,2.0,24331.657,25348.0,22298.970999999998,1016.3430000000008,NO_ENTRY,0.0,0,0.0,0.0,no_entry_or_no_exit,25348.0,25316.0,24421.25,24422.0,24185.5,24210.75,10792.0,89.00634249471459,-1
498,2025-10-10T14:50:00.000000,,,2025,2025-10-10,SHORT,fib50,1.0,24303.75,25348.0,23259.5,1044.25,NO_ENTRY,0.0,0,0.0,0.0,no_entry_or_no_exit,25348.0,25316.0,24421.25,24422.0,24185.5,24210.75,10792.0,89.00634249471459,-1
498,2025-10-10T14:50:00.000000,,,2025,2025-10-10,SHORT,fib50,1.5,24303.75,25348.0,22737.375,1044.25,NO_ENTRY,0.0,0,0.0,0.0,no_entry_or_no_exit,25348.0,25316.0,24421.25,24422.0,24185.5,24210.75,10792.0,89.00634249471459,-1
498,2025-10-10T14:50:00.000000,,,2025,2025-10-10,SHORT,fib50,2.0,24303.75,25348.0,22215.25,1044.25,NO_ENTRY,0.0,0,0.0,0.0,no_entry_or_no_exit,25348.0,25316.0,24421.25,24422.0,24185.5,24210.75,10792.0,89.00634249471459,-1
499,2025-10-15T11:10:00.000000,2025-10-15T11:20:00.000000,2025-10-15T13:15:00.000000,2025,2025-10-15,SHORT,fib382,1.0,24759.2465,25115.0,24403.493000000002,355.7534999999989,LOSS,-186.7534999999989,24,52.996500000001106,-199.7534999999989,time_exit,25115.0,25079.25,24791.0,24795.25,24701.0,24703.0,13021.0,93.36870026525199,-1
499,2025-10-15T11:10:00.000000,2025-10-15T11:20:00.000000,2025-10-15T13:15:00.000000,2025,2025-10-15,SHORT,fib382,1.5,24759.2465,25115.0,24225.616250000003,355.7534999999989,LOSS,-186.7534999999989,24,52.996500000001106,-199.7534999999989,time_exit,25115.0,25079.25,24791.0,24795.25,24701.0,24703.0,13021.0,93.36870026525199,-1
499,2025-10-15T11:10:00.000000,2025-10-15T11:20:00.000000,2025-10-15T13:15:00.000000,2025,2025-10-15,SHORT,fib382,2.0,24759.2465,25115.0,24047.739500000003,355.7534999999989,LOSS,-186.7534999999989,24,52.996500000001106,-199.7534999999989,time_exit,25115.0,25079.25,24791.0,24795.25,24701.0,24703.0,13021.0,93.36870026525199,-1
499,2025-10-15T11:10:00.000000,2025-10-15T11:15:00.000000,2025-10-15T13:10:00.000000,2025,2025-10-15,SHORT,fib50,1.0,24748.125,25115.0,24381.25,366.875,LOSS,-176.625,24,84.875,-210.875,time_exit,25115.0,25079.25,24791.0,24795.25,24701.0,24703.0,13021.0,93.36870026525199,-1
499,2025-10-15T11:10:00.000000,2025-10-15T11:15:00.000000,2025-10-15T13:10:00.000000,2025,2025-10-15,SHORT,fib50,1.5,24748.125,25115.0,24197.8125,366.875,LOSS,-176.625,24,84.875,-210.875,time_exit,25115.0,25079.25,24791.0,24795.25,24701.0,24703.0,13021.0,93.36870026525199,-1
499,2025-10-15T11:10:00.000000,2025-10-15T11:15:00.000000,2025-10-15T13:10:00.000000,2025,2025-10-15,SHORT,fib50,2.0,24748.125,25115.0,24014.375,366.875,LOSS,-176.625,24,84.875,-210.875,time_exit,25115.0,25079.25,24791.0,24795.25,24701.0,24703.0,13021.0,93.36870026525199,-1
500,2025-10-16T10:15:00.000000,2025-10-16T11:15:00.000000,2025-10-16T12:10:00.000000,2025,2025-10-16,SHORT,fib382,1.0,24961.106,25179.0,24743.212,217.89400000000023,WIN,217.89400000000023,12,264.85599999999977,-5.894000000000233,target,25179.0,25081.5,24979.25,24996.25,24904.25,24912.5,10989.0,72.55434782608695,-1
500,2025-10-16T10:15:00.000000,2025-10-16T11:15:00.000000,2025-10-16T13:10:00.000000,2025,2025-10-16,SHORT,fib382,1.5,24961.106,25179.0,24634.265,217.89400000000023,WIN,204.60599999999977,24,317.60599999999977,-5.894000000000233,time_exit,25179.0,25081.5,24979.25,24996.25,24904.25,24912.5,10989.0,72.55434782608695,-1
500,2025-10-16T10:15:00.000000,2025-10-16T11:15:00.000000,2025-10-16T13:10:00.000000,2025,2025-10-16,SHORT,fib382,2.0,24961.106,25179.0,24525.318,217.89400000000023,WIN,204.60599999999977,24,317.60599999999977,-5.894000000000233,time_exit,25179.0,25081.5,24979.25,24996.25,24904.25,24912.5,10989.0,72.55434782608695,-1
500,2025-10-16T10:15:00.000000,2025-10-16T11:15:00.000000,2025-10-16T12:10:00.000000,2025,2025-10-16,SHORT,fib50,1.0,24950.25,25179.0,24721.5,228.75,WIN,228.75,12,254.0,-16.75,target,25179.0,25081.5,24979.25,24996.25,24904.25,24912.5,10989.0,72.55434782608695,-1
500,2025-10-16T10:15:00.000000,2025-10-16T11:15:00.000000,2025-10-16T13:10:00.000000,2025,2025-10-16,SHORT,fib50,1.5,24950.25,25179.0,24607.125,228.75,WIN,193.75,24,306.75,-16.75,time_exit,25179.0,25081.5,24979.25,24996.25,24904.25,24912.5,10989.0,72.55434782608695,-1
500,2025-10-16T10:15:00.000000,2025-10-16T11:15:00.000000,2025-10-16T13:10:00.000000,2025,2025-10-16,SHORT,fib50,2.0,24950.25,25179.0,24492.75,228.75,WIN,193.75,24,306.75,-16.75,time_exit,25179.0,25081.5,24979.25,24996.25,24904.25,24912.5,10989.0,72.55434782608695,-1
501,2025-10-16T10:30:00.000000,2025-10-16T10:40:00.000000,2025-10-16T12:35:00.000000,2025,2025-10-16,SHORT,fib382,1.0,24830.573,25179.0,24482.146,348.4269999999997,WIN,125.32300000000032,24,187.07300000000032,-136.42699999999968,time_exit,25179.0,25081.5,24876.75,24877.75,24754.25,24766.75,16083.0,89.06882591093117,-1
501,2025-10-16T10:30:00.000000,2025-10-16T10:40:00.000000,2025-10-16T12:35:00.000000,2025,2025-10-16,SHORT,fib382,1.5,24830.573,25179.0,24307.932500000003,348.4269999999997,WIN,125.32300000000032,24,187.07300000000032,-136.42699999999968,time_exit,25179.0,25081.5,24876.75,24877.75,24754.25,24766.75,16083.0,89.06882591093117,-1
501,2025-10-16T10:30:00.000000,2025-10-16T10:40:00.000000,2025-10-16T12:35:00.000000,2025,2025-10-16,SHORT,fib382,2.0,24830.573,25179.0,24133.719,348.4269999999997,WIN,125.32300000000032,24,187.07300000000032,-136.42699999999968,time_exit,25179.0,25081.5,24876.75,24877.75,24754.25,24766.75,16083.0,89.06882591093117,-1
501,2025-10-16T10:30:00.000000,2025-10-16T10:35:00.000000,2025-10-16T12:30:00.000000,2025,2025-10-16,SHORT,fib50,1.0,24816.0,25179.0,24453.0,363.0,WIN,161.5,24,172.5,-151.0,time_exit,25179.0,25081.5,24876.75,24877.75,24754.25,24766.75,16083.0,89.06882591093117,-1
501,2025-10-16T10:30:00.000000,2025-10-16T10:35:00.000000,2025-10-16T12:30:00.000000,2025,2025-10-16,SHORT,fib50,1.5,24816.0,25179.0,24271.5,363.0,WIN,161.5,24,172.5,-151.0,time_exit,25179.0,25081.5,24876.75,24877.75,24754.25,24766.75,16083.0,89.06882591093117,-1
501,2025-10-16T10:30:00.000000,2025-10-16T10:35:00.000000,2025-10-16T12:30:00.000000,2025,2025-10-16,SHORT,fib50,2.0,24816.0,25179.0,24090.0,363.0,WIN,161.5,24,172.5,-151.0,time_exit,25179.0,25081.5,24876.75,24877.75,24754.25,24766.75,16083.0,89.06882591093117,-1
502,2025-10-16T11:00:00.000000,2025-10-16T11:05:00.000000,2025-10-16T13:00:00.000000,2025,2025-10-16,SHORT,fib382,1.0,24902.1285,25179.0,24625.256999999998,276.8715000000011,WIN,113.6284999999989,24,258.6284999999989,-64.8715000000011,time_exit,25179.0,25081.5,24927.25,24937.75,24844.5,24860.25,10322.0,71.84986595174263,-1
502,2025-10-16T11:00:00.000000,2025-10-16T11:05:00.000000,2025-10-16T13:00:00.000000,2025,2025-10-16,SHORT,fib382,1.5,24902.1285,25179.0,24486.821249999997,276.8715000000011,WIN,113.6284999999989,24,258.6284999999989,-64.8715000000011,time_exit,25179.0,25081.5,24927.25,24937.75,24844.5,24860.25,10322.0,71.84986595174263,-1
502,2025-10-16T11:00:00.000000,2025-10-16T11:05:00.000000,2025-10-16T13:00:00.000000,2025,2025-10-16,SHORT,fib382,2.0,24902.1285,25179.0,24348.385499999997,276.8715000000011,WIN,113.6284999999989,24,258.6284999999989,-64.8715000000011,time_exit,25179.0,25081.5,24927.25,24937.75,24844.5,24860.25,10322.0,71.84986595174263,-1
502,2025-10-16T11:00:00.000000,2025-10-16T11:05:00.000000,2025-10-16T13:00:00.000000,2025,2025-10-16,SHORT,fib50,1.0,24891.125,25179.0,24603.25,287.875,WIN,102.625,24,247.625,-75.875,time_exit,25179.0,25081.5,24927.25,24937.75,24844.5,24860.25,10322.0,71.84986595174263,-1
502,2025-10-16T11:00:00.000000,2025-10-16T11:05:00.000000,2025-10-16T13:00:00.000000,2025,2025-10-16,SHORT,fib50,1.5,24891.125,25179.0,24459.3125,287.875,WIN,102.625,24,247.625,-75.875,time_exit,25179.0,25081.5,24927.25,24937.75,24844.5,24860.25,10322.0,71.84986595174263,-1
502,2025-10-16T11:00:00.000000,2025-10-16T11:05:00.000000,2025-10-16T13:00:00.000000,2025,2025-10-16,SHORT,fib50,2.0,24891.125,25179.0,24315.375,287.875,WIN,102.625,24,247.625,-75.875,time_exit,25179.0,25081.5,24927.25,24937.75,24844.5,24860.25,10322.0,71.84986595174263,-1
503,2025-10-16T12:00:00.000000,2025-10-16T13:55:00.000000,2025-10-16T16:50:00.000000,2025,2025-10-16,SHORT,fib382,1.0,24841.9905,25179.0,24504.981,337.0095000000001,WIN,68.99049999999988,24,96.49049999999988,-16.509500000000116,time_exit,25179.0,25081.5,24864.5,24871.5,24794.25,24794.5,5968.0,90.61488673139159,-1
503,2025-10-16T12:00:00.000000,2025-10-16T13:55:00.000000,2025-10-16T16:50:00.000000,2025,2025-10-16,SHORT,fib382,1.5,24841.9905,25179.0,24336.47625,337.0095000000001,WIN,68.99049999999988,24,96.49049999999988,-16.509500000000116,time_exit,25179.0,25081.5,24864.5,24871.5,24794.25,24794.5,5968.0,90.61488673139159,-1
503,2025-10-16T12:00:00.000000,2025-10-16T13:55:00.000000,2025-10-16T16:50:00.000000,2025,2025-10-16,SHORT,fib382,2.0,24841.9905,25179.0,24167.9715,337.0095000000001,WIN,68.99049999999988,24,96.49049999999988,-16.509500000000116,time_exit,25179.0,25081.5,24864.5,24871.5,24794.25,24794.5,5968.0,90.61488673139159,-1
503,2025-10-16T12:00:00.000000,2025-10-16T13:50:00.000000,2025-10-16T16:45:00.000000,2025,2025-10-16,SHORT,fib50,1.0,24832.875,25179.0,24486.75,346.125,WIN,37.875,24,87.375,-25.625,time_exit,25179.0,25081.5,24864.5,24871.5,24794.25,24794.5,5968.0,90.61488673139159,-1
503,2025-10-16T12:00:00.000000,2025-10-16T13:50:00.000000,2025-10-16T16:45:00.000000,2025,2025-10-16,SHORT,fib50,1.5,24832.875,25179.0,24313.6875,346.125,WIN,37.875,24,87.375,-25.625,time_exit,25179.0,25081.5,24864.5,24871.5,24794.25,24794.5,5968.0,90.61488673139159,-1
503,2025-10-16T12:00:00.000000,2025-10-16T13:50:00.000000,2025-10-16T16:45:00.000000,2025,2025-10-16,SHORT,fib50,2.0,24832.875,25179.0,24140.625,346.125,WIN,37.875,24,87.375,-25.625,time_exit,25179.0,25081.5,24864.5,24871.5,24794.25,24794.5,5968.0,90.61488673139159,-1
504,2025-10-17T09:10:00.000000,2025-10-17T09:45:00.000000,2025-10-17T10:00:00.000000,2025,2025-10-17,SHORT,fib382,1.0,24804.595,24914.5,24694.690000000002,109.90499999999884,LOSS,-109.90499999999884,4,25.595000000001164,-112.40499999999884,stop,24914.5,24783.25,24809.0,24843.75,24741.25,24742.0,7375.0,65.3658536585366,-1
504,2025-10-17T09:10:00.000000,2025-10-17T09:45:00.000000,2025-10-17T10:00:00.000000,2025,2025-10-17,SHORT,fib382,1.5,24804.595,24914.5,24639.737500000003,109.90499999999884,LOSS,-109.90499999999884,4,25.595000000001164,-112.40499999999884,stop,24914.5,24783.25,24809.0,24843.75,24741.25,24742.0,7375.0,65.3658536585366,-1
504,2025-10-17T09:10:00.000000,2025-10-17T09:45:00.000000,2025-10-17T10:00:00.000000,2025,2025-10-17,SHORT,fib382,2.0,24804.595,24914.5,24584.785000000003,109.90499999999884,LOSS,-109.90499999999884,4,25.595000000001164,-112.40499999999884,stop,24914.5,24783.25,24809.0,24843.75,24741.25,24742.0,7375.0,65.3658536585366,-1
504,2025-10-17T09:10:00.000000,2025-10-17T09:40:00.000000,2025-10-17T10:00:00.000000,2025,2025-10-17,SHORT,fib50,1.0,24792.5,24914.5,24670.5,122.0,LOSS,-122.0,5,44.0,-124.5,stop,24914.5,24783.25,24809.0,24843.75,24741.25,24742.0,7375.0,65.3658536585366,-1
504,2025-10-17T09:10:00.000000,2025-10-17T09:40:00.000000,2025-10-17T10:00:00.000000,2025,2025-10-17,SHORT,fib50,1.5,24792.5,24914.5,24609.5,122.0,LOSS,-122.0,5,44.0,-124.5,stop,24914.5,24783.25,24809.0,24843.75,24741.25,24742.0,7375.0,65.3658536585366,-1
504,2025-10-17T09:10:00.000000,2025-10-17T09:40:00.000000,2025-10-17T10:00:00.000000,2025,2025-10-17,SHORT,fib50,2.0,24792.5,24914.5,24548.5,122.0,LOSS,-122.0,5,44.0,-124.5,stop,24914.5,24783.25,24809.0,24843.75,24741.25,24742.0,7375.0,65.3658536585366,-1
506,2025-10-29T12:35:00.000000,2025-10-29T12:50:00.000000,2025-10-29T14:00:00.000000,2025,2025-10-29,SHORT,fib382,1.0,26198.069,26308.5,26087.638,110.4310000000005,LOSS,-110.4310000000005,15,86.3189999999995,-181.6810000000005,stop,26308.5,26271.75,26269.75,26272.75,26077.25,26081.5,21523.0,96.29156010230179,-1
506,2025-10-29T12:35:00.000000,2025-10-29T12:50:00.000000,2025-10-29T14:00:00.000000,2025,2025-10-29,SHORT,fib382,1.5,26198.069,26308.5,26032.4225,110.4310000000005,LOSS,-110.4310000000005,15,86.3189999999995,-181.6810000000005,stop,26308.5,26271.75,26269.75,26272.75,26077.25,26081.5,21523.0,96.29156010230179,-1
506,2025-10-29T12:35:00.000000,2025-10-29T12:50:00.000000,2025-10-29T14:00:00.000000,2025,2025-10-29,SHORT,fib382,2.0,26198.069,26308.5,25977.207,110.4310000000005,LOSS,-110.4310000000005,15,86.3189999999995,-181.6810000000005,stop,26308.5,26271.75,26269.75,26272.75,26077.25,26081.5,21523.0,96.29156010230179,-1
506,2025-10-29T12:35:00.000000,2025-10-29T12:50:00.000000,2025-10-29T14:00:00.000000,2025,2025-10-29,SHORT,fib50,1.0,26175.0,26308.5,26041.5,133.5,LOSS,-133.5,15,63.25,-204.75,stop,26308.5,26271.75,26269.75,26272.75,26077.25,26081.5,21523.0,96.29156010230179,-1
506,2025-10-29T12:35:00.000000,2025-10-29T12:50:00.000000,2025-10-29T14:00:00.000000,2025,2025-10-29,SHORT,fib50,1.5,26175.0,26308.5,25974.75,133.5,LOSS,-133.5,15,63.25,-204.75,stop,26308.5,26271.75,26269.75,26272.75,26077.25,26081.5,21523.0,96.29156010230179,-1
506,2025-10-29T12:35:00.000000,2025-10-29T12:50:00.000000,2025-10-29T14:00:00.000000,2025,2025-10-29,SHORT,fib50,2.0,26175.0,26308.5,25908.0,133.5,LOSS,-133.5,15,63.25,-204.75,stop,26308.5,26271.75,26269.75,26272.75,26077.25,26081.5,21523.0,96.29156010230179,-1
507,2025-11-04T08:50:00.000000,2025-11-04T09:55:00.000000,2025-11-04T11:15:00.000000,2025,2025-11-04,LONG,fib382,1.0,25800.5935,25663.0,25938.186999999998,137.59349999999904,LOSS,-137.59349999999904,17,22.15650000000096,-146.59349999999904,stop,25782.25,25663.0,25776.25,25855.75,25766.5,25852.25,12473.0,85.15406162464986,1
507,2025-11-04T08:50:00.000000,2025-11-04T09:55:00.000000,2025-11-04T11:15:00.000000,2025,2025-11-04,LONG,fib382,1.5,25800.5935,25663.0,26006.98375,137.59349999999904,LOSS,-137.59349999999904,17,22.15650000000096,-146.59349999999904,stop,25782.25,25663.0,25776.25,25855.75,25766.5,25852.25,12473.0,85.15406162464986,1
507,2025-11-04T08:50:00.000000,2025-11-04T09:55:00.000000,2025-11-04T11:15:00.000000,2025,2025-11-04,LONG,fib382,2.0,25800.5935,25663.0,26075.780499999997,137.59349999999904,LOSS,-137.59349999999904,17,22.15650000000096,-146.59349999999904,stop,25782.25,25663.0,25776.25,25855.75,25766.5,25852.25,12473.0,85.15406162464986,1
507,2025-11-04T08:50:00.000000,2025-11-04T09:50:00.000000,2025-11-04T11:15:00.000000,2025,2025-11-04,LONG,fib50,1.0,25811.125,25663.0,25959.25,148.125,LOSS,-148.125,18,29.875,-157.125,stop,25782.25,25663.0,25776.25,25855.75,25766.5,25852.25,12473.0,85.15406162464986,1
507,2025-11-04T08:50:00.000000,2025-11-04T09:50:00.000000,2025-11-04T11:15:00.000000,2025,2025-11-04,LONG,fib50,1.5,25811.125,25663.0,26033.3125,148.125,LOSS,-148.125,18,29.875,-157.125,stop,25782.25,25663.0,25776.25,25855.75,25766.5,25852.25,12473.0,85.15406162464986,1
507,2025-11-04T08:50:00.000000,2025-11-04T09:50:00.000000,2025-11-04T11:15:00.000000,2025,2025-11-04,LONG,fib50,2.0,25811.125,25663.0,26107.375,148.125,LOSS,-148.125,18,29.875,-157.125,stop,25782.25,25663.0,25776.25,25855.75,25766.5,25852.25,12473.0,85.15406162464986,1
508,2025-11-05T08:45:00.000000,,,2025,2025-11-05,LONG,fib382,1.0,25559.627,25488.0,25631.254,71.62700000000041,NO_ENTRY,0.0,0,0.0,0.0,no_entry_or_no_exit,25576.5,25488.0,25528.25,25620.5,25522.0,25608.5,14176.0,81.47208121827411,1
508,2025-11-05T08:45:00.000000,,,2025,2025-11-05,LONG,fib382,1.5,25559.627,25488.0,25667.0675,71.62700000000041,NO_ENTRY,0.0,0,0.0,0.0,no_entry_or_no_exit,25576.5,25488.0,25528.25,25620.5,25522.0,25608.5,14176.0,81.47208121827411,1
508,2025-11-05T08:45:00.000000,,,2025,2025-11-05,LONG,fib382,2.0,25559.627,25488.0,25702.881,71.62700000000041,NO_ENTRY,0.0,0,0.0,0.0,no_entry_or_no_exit,25576.5,25488.0,25528.25,25620.5,25522.0,25608.5,14176.0,81.47208121827411,1
508,2025-11-05T08:45:00.000000,,,2025,2025-11-05,LONG,fib50,1.0,25571.25,25488.0,25654.5,83.25,NO_ENTRY,0.0,0,0.0,0.0,no_entry_or_no_exit,25576.5,25488.0,25528.25,25620.5,25522.0,25608.5,14176.0,81.47208121827411,1
508,2025-11-05T08:45:00.000000,,,2025,2025-11-05,LONG,fib50,1.5,25571.25,25488.0,25696.125,83.25,NO_ENTRY,0.0,0,0.0,0.0,no_entry_or_no_exit,25576.5,25488.0,25528.25,25620.5,25522.0,25608.5,14176.0,81.47208121827411,1
508,2025-11-05T08:45:00.000000,,,2025,2025-11-05,LONG,fib50,2.0,25571.25,25488.0,25737.75,83.25,NO_ENTRY,0.0,0,0.0,0.0,no_entry_or_no_exit,25576.5,25488.0,25528.25,25620.5,25522.0,25608.5,14176.0,81.47208121827411,1
509,2025-11-06T08:50:00.000000,,,2025,2025-11-06,SHORT,fib382,1.0,25614.7185,25685.75,25543.686999999998,71.03150000000096,NO_ENTRY,0.0,0,0.0,0.0,no_entry_or_no_exit,25685.75,25586.0,25628.5,25652.25,25554.0,25554.5,15985.0,75.31806615776081,-1
509,2025-11-06T08:50:00.000000,,,2025,2025-11-06,SHORT,fib382,1.5,25614.7185,25685.75,25508.17125,71.03150000000096,NO_ENTRY,0.0,0,0.0,0.0,no_entry_or_no_exit,25685.75,25586.0,25628.5,25652.25,25554.0,25554.5,15985.0,75.31806615776081,-1
509,2025-11-06T08:50:00.000000,,,2025,2025-11-06,SHORT,fib382,2.0,25614.7185,25685.75,25472.655499999997,71.03150000000096,NO_ENTRY,0.0,0,0.0,0.0,no_entry_or_no_exit,25685.75,25586.0,25628.5,25652.25,25554.0,25554.5,15985.0,75.31806615776081,-1
509,2025-11-06T08:50:00.000000,,,2025,2025-11-06,SHORT,fib50,1.0,25603.125,25685.75,25520.5,82.625,NO_ENTRY,0.0,0,0.0,0.0,no_entry_or_no_exit,25685.75,25586.0,25628.5,25652.25,25554.0,25554.5,15985.0,75.31806615776081,-1
509,2025-11-06T08:50:00.000000,,,2025,2025-11-06,SHORT,fib50,1.5,25603.125,25685.75,25479.1875,82.625,NO_ENTRY,0.0,0,0.0,0.0,no_entry_or_no_exit,25685.75,25586.0,25628.5,25652.25,25554.0,25554.5,15985.0,75.31806615776081,-1
509,2025-11-06T08:50:00.000000,,,2025,2025-11-06,SHORT,fib50,2.0,25603.125,25685.75,25437.875,82.625,NO_ENTRY,0.0,0,0.0,0.0,no_entry_or_no_exit,25685.75,25586.0,25628.5,25652.25,25554.0,25554.5,15985.0,75.31806615776081,-1
510,2025-11-06T09:00:00.000000,2025-11-06T09:10:00.000000,2025-11-06T10:35:00.000000,2025,2025-11-06,SHORT,fib382,1.0,25475.05,25685.75,25264.35,210.70000000000073,WIN,210.70000000000073,18,235.04999999999927,-71.95000000000073,target,25685.75,25586.0,25513.25,25513.25,25413.25,25416.25,19558.0,97.0,-1
510,2025-11-06T09:00:00.000000,2025-11-06T09:10:00.000000,2025-11-06T11:05:00.000000,2025,2025-11-06,SHORT,fib382,1.5,25475.05,25685.75,25159.0,210.70000000000073,WIN,198.54999999999927,24,273.7999999999993,-71.95000000000073,time_exit,25685.75,25586.0,25513.25,25513.25,25413.25,25416.25,19558.0,97.0,-1
510,2025-11-06T09:00:00.000000,2025-11-06T09:10:00.000000,2025-11-06T11:05:00.000000,2025,2025-11-06,SHORT,fib382,2.0,25475.05,25685.75,25053.649999999998,210.70000000000073,WIN,198.54999999999927,24,273.7999999999993,-71.95000000000073,time_exit,25685.75,25586.0,25513.25,25513.25,25413.25,25416.25,19558.0,97.0,-1
510,2025-11-06T09:00:00.000000,2025-11-06T09:05:00.000000,2025-11-06T10:35:00.000000,2025,2025-11-06,SHORT,fib50,1.0,25463.25,25685.75,25240.75,222.5,WIN,222.5,19,223.25,-83.75,target,25685.75,25586.0,25513.25,25513.25,25413.25,25416.25,19558.0,97.0,-1
510,2025-11-06T09:00:00.000000,2025-11-06T09:05:00.000000,2025-11-06T11:00:00.000000,2025,2025-11-06,SHORT,fib50,1.5,25463.25,25685.75,25129.5,222.5,WIN,196.5,24,262.0,-83.75,time_exit,25685.75,25586.0,25513.25,25513.25,25413.25,25416.25,19558.0,97.0,-1
510,2025-11-06T09:00:00.000000,2025-11-06T09:05:00.000000,2025-11-06T11:00:00.000000,2025,2025-11-06,SHORT,fib50,2.0,25463.25,25685.75,25018.25,222.5,WIN,196.5,24,262.0,-83.75,time_exit,25685.75,25586.0,25513.25,25513.25,25413.25,25416.25,19558.0,97.0,-1
511,2025-11-06T09:35:00.000000,2025-11-06T13:05:00.000000,2025-11-06T15:00:00.000000,2025,2025-11-06,SHORT,fib382,1.0,25409.491,25685.75,25133.232000000004,276.2589999999982,WIN,143.4910000000018,24,182.9910000000018,-29.008999999998196,time_exit,25685.75,25586.0,25447.5,25447.5,25348.0,25361.25,14241.0,86.68341708542714,-1
511,2025-11-06T09:35:00.000000,2025-11-06T13:05:00.000000,2025-11-06T15:00:00.000000,2025,2025-11-06,SHORT,fib382,1.5,25409.491,25685.75,24995.102500000005,276.2589999999982,WIN,143.4910000000018,24,182.9910000000018,-29.008999999998196,time_exit,25685.75,25586.0,25447.5,25447.5,25348.0,25361.25,14241.0,86.68341708542714,-1
511,2025-11-06T09:35:00.000000,2025-11-06T13:05:00.000000,2025-11-06T15:00:00.000000,2025,2025-11-06,SHORT,fib382,2.0,25409.491,25685.75,24856.973000000005,276.2589999999982,WIN,143.4910000000018,24,182.9910000000018,-29.008999999998196,time_exit,25685.75,25586.0,25447.5,25447.5,25348.0,25361.25,14241.0,86.68341708542714,-1
511,2025-11-06T09:35:00.000000,2025-11-06T13:05:00.000000,2025-11-06T15:00:00.000000,2025,2025-11-06,SHORT,fib50,1.0,25397.75,25685.75,25109.75,288.0,WIN,131.75,24,171.25,-40.75,time_exit,25685.75,25586.0,25447.5,25447.5,25348.0,25361.25,14241.0,86.68341708542714,-1
511,2025-11-06T09:35:00.000000,2025-11-06T13:05:00.000000,2025-11-06T15:00:00.000000,2025,2025-11-06,SHORT,fib50,1.5,25397.75,25685.75,24965.75,288.0,WIN,131.75,24,171.25,-40.75,time_exit,25685.75,25586.0,25447.5,25447.5,25348.0,25361.25,14241.0,86.68341708542714,-1
511,2025-11-06T09:35:00.000000,2025-11-06T13:05:00.000000,2025-11-06T15:00:00.000000,2025,2025-11-06,SHORT,fib50,2.0,25397.75,25685.75,24821.75,288.0,WIN,131.75,24,171.25,-40.75,time_exit,25685.75,25586.0,25447.5,25447.5,25348.0,25361.25,14241.0,86.68341708542714,-1
512,2025-11-11T10:25:00.000000,2025-11-11T11:05:00.000000,2025-11-11T12:15:00.000000,2025,2025-11-11,SHORT,fib382,1.0,25556.0495,25646.0,25466.099000000002,89.95049999999901,LOSS,-89.95049999999901,15,18.54950000000099,-101.95049999999901,stop,25646.0,25588.5,25582.75,25585.75,25508.0,25511.5,9245.0,91.63987138263666,-1
512,2025-11-11T10:25:00.000000,2025-11-11T11:05:00.000000,2025-11-11T12:15:00.000000,2025,2025-11-11,SHORT,fib382,1.5,25556.0495,25646.0,25421.123750000002,89.95049999999901,LOSS,-89.95049999999901,15,18.54950000000099,-101.95049999999901,stop,25646.0,25588.5,25582.75,25585.75,25508.0,25511.5,9245.0,91.63987138263666,-1
512,2025-11-11T10:25:00.000000,2025-11-11T11:05:00.000000,2025-11-11T12:15:00.000000,2025,2025-11-11,SHORT,fib382,2.0,25556.0495,25646.0,25376.148500000003,89.95049999999901,LOSS,-89.95049999999901,15,18.54950000000099,-101.95049999999901,stop,25646.0,25588.5,25582.75,25585.75,25508.0,25511.5,9245.0,91.63987138263666,-1
512,2025-11-11T10:25:00.000000,2025-11-11T11:05:00.000000,2025-11-11T12:15:00.000000,2025,2025-11-11,SHORT,fib50,1.0,25546.875,25646.0,25447.75,99.125,LOSS,-99.125,15,9.375,-111.125,stop,25646.0,25588.5,25582.75,25585.75,25508.0,25511.5,9245.0,91.63987138263666,-1
512,2025-11-11T10:25:00.000000,2025-11-11T11:05:00.000000,2025-11-11T12:15:00.000000,2025,2025-11-11,SHORT,fib50,1.5,25546.875,25646.0,25398.1875,99.125,LOSS,-99.125,15,9.375,-111.125,stop,25646.0,25588.5,25582.75,25585.75,25508.0,25511.5,9245.0,91.63987138263666,-1
512,2025-11-11T10:25:00.000000,2025-11-11T11:05:00.000000,2025-11-11T12:15:00.000000,2025,2025-11-11,SHORT,fib50,2.0,25546.875,25646.0,25348.625,99.125,LOSS,-99.125,15,9.375,-111.125,stop,25646.0,25588.5,25582.75,25585.75,25508.0,25511.5,9245.0,91.63987138263666,-1
513,2025-11-12T08:45:00.000000,2025-11-12T09:00:00.000000,2025-11-12T10:55:00.000000,2025,2025-11-12,SHORT,fib382,1.0,25624.8025,25780.75,25468.855000000003,155.9474999999984,WIN,92.8025000000016,24,136.0525000000016,-35.1974999999984,time_exit,25780.75,25637.25,25644.75,25657.75,25571.5,25577.25,15160.0,78.26086956521739,-1
513,2025-11-12T08:45:00.000000,2025-11-12T09:00:00.000000,2025-11-12T10:55:00.000000,2025,2025-11-12,SHORT,fib382,1.5,25624.8025,25780.75,25390.881250000006,155.9474999999984,WIN,92.8025000000016,24,136.0525000000016,-35.1974999999984,time_exit,25780.75,25637.25,25644.75,25657.75,25571.5,25577.25,15160.0,78.26086956521739,-1
513,2025-11-12T08:45:00.000000,2025-11-12T09:00:00.000000,2025-11-12T10:55:00.000000,2025,2025-11-12,SHORT,fib382,2.0,25624.8025,25780.75,25312.907500000005,155.9474999999984,WIN,92.8025000000016,24,136.0525000000016,-35.1974999999984,time_exit,25780.75,25637.25,25644.75,25657.75,25571.5,25577.25,15160.0,78.26086956521739,-1
513,2025-11-12T08:45:00.000000,2025-11-12T08:50:00.000000,2025-11-12T10:45:00.000000,2025,2025-11-12,SHORT,fib50,1.0,25614.625,25780.75,25448.5,166.125,WIN,106.125,24,125.875,-45.375,time_exit,25780.75,25637.25,25644.75,25657.75,25571.5,25577.25,15160.0,78.26086956521739,-1
513,2025-11-12T08:45:00.000000,2025-11-12T08:50:00.000000,2025-11-12T10:45:00.000000,2025,2025-11-12,SHORT,fib50,1.5,25614.625,25780.75,25365.4375,166.125,WIN,106.125,24,125.875,-45.375,time_exit,25780.75,25637.25,25644.75,25657.75,25571.5,25577.25,15160.0,78.26086956521739,-1
513,2025-11-12T08:45:00.000000,2025-11-12T08:50:00.000000,2025-11-12T10:45:00.000000,2025,2025-11-12,SHORT,fib50,2.0,25614.625,25780.75,25282.375,166.125,WIN,106.125,24,125.875,-45.375,time_exit,25780.75,25637.25,25644.75,25657.75,25571.5,25577.25,15160.0,78.26086956521739,-1
514,2025-11-13T10:35:00.000000,2025-11-13T11:05:00.000000,2025-11-13T13:00:00.000000,2025,2025-11-13,SHORT,fib382,1.0,25229.9205,25502.0,24957.841,272.0794999999998,WIN,190.42050000000017,24,217.17050000000017,-24.829499999999825,time_exit,25502.0,25287.25,25249.5,25263.25,25176.0,25179.0,9156.0,80.80229226361033,-1
514,2025-11-13T10:35:00.000000,2025-11-13T11:05:00.000000,2025-11-13T13:00:00.000000,2025,2025-11-13,SHORT,fib382,1.5,25229.9205,25502.0,24821.80125,272.0794999999998,WIN,190.42050000000017,24,217.17050000000017,-24.829499999999825,time_exit,25502.0,25287.25,25249.5,25263.25,25176.0,25179.0,9156.0,80.80229226361033,-1
514,2025-11-13T10:35:00.000000,2025-11-13T11:05:00.000000,2025-11-13T13:00:00.000000,2025,2025-11-13,SHORT,fib382,2.0,25229.9205,25502.0,24685.7615,272.0794999999998,WIN,190.42050000000017,24,217.17050000000017,-24.829499999999825,time_exit,25502.0,25287.25,25249.5,25263.25,25176.0,25179.0,9156.0,80.80229226361033,-1
514,2025-11-13T10:35:00.000000,2025-11-13T10:50:00.000000,2025-11-13T12:45:00.000000,2025,2025-11-13,SHORT,fib50,1.0,25219.625,25502.0,24937.25,282.375,WIN,169.375,24,206.875,-35.125,time_exit,25502.0,25287.25,25249.5,25263.25,25176.0,25179.0,9156.0,80.80229226361033,-1
514,2025-11-13T10:35:00.000000,2025-11-13T10:50:00.000000,2025-11-13T12:45:00.000000,2025,2025-11-13,SHORT,fib50,1.5,25219.625,25502.0,24796.0625,282.375,WIN,169.375,24,206.875,-35.125,time_exit,25502.0,25287.25,25249.5,25263.25,25176.0,25179.0,9156.0,80.80229226361033,-1
514,2025-11-13T10:35:00.000000,2025-11-13T10:50:00.000000,2025-11-13T12:45:00.000000,2025,2025-11-13,SHORT,fib50,2.0,25219.625,25502.0,24654.875,282.375,WIN,169.375,24,206.875,-35.125,time_exit,25502.0,25287.25,25249.5,25263.25,25176.0,25179.0,9156.0,80.80229226361033,-1
515,2025-11-14T09:25:00.000000,,,2025,2025-11-14,LONG,fib382,1.0,24950.323,24626.0,25274.646,324.3230000000003,NO_ENTRY,0.0,0,0.0,0.0,no_entry_or_no_exit,24844.75,24626.0,24930.0,25028.5,24902.0,25009.5,13993.0,62.845849802371546,1
515,2025-11-14T09:25:00.000000,,,2025,2025-11-14,LONG,fib382,1.5,24950.323,24626.0,25436.807500000003,324.3230000000003,NO_ENTRY,0.0,0,0.0,0.0,no_entry_or_no_exit,24844.75,24626.0,24930.0,25028.5,24902.0,25009.5,13993.0,62.845849802371546,1
515,2025-11-14T09:25:00.000000,,,2025,2025-11-14,LONG,fib382,2.0,24950.323,24626.0,25598.969,324.3230000000003,NO_ENTRY,0.0,0,0.0,0.0,no_entry_or_no_exit,24844.75,24626.0,24930.0,25028.5,24902.0,25009.5,13993.0,62.845849802371546,1
515,2025-11-14T09:25:00.000000,,,2025,2025-11-14,LONG,fib50,1.0,24965.25,24626.0,25304.5,339.25,NO_ENTRY,0.0,0,0.0,0.0,no_entry_or_no_exit,24844.75,24626.0,24930.0,25028.5,24902.0,25009.5,13993.0,62.845849802371546,1
515,2025-11-14T09:25:00.000000,,,2025,2025-11-14,LONG,fib50,1.5,24965.25,24626.0,25474.125,339.25,NO_ENTRY,0.0,0,0.0,0.0,no_entry_or_no_exit,24844.75,24626.0,24930.0,25028.5,24902.0,25009.5,13993.0,62.845849802371546,1
515,2025-11-14T09:25:00.000000,,,2025,2025-11-14,LONG,fib50,2.0,24965.25,24626.0,25643.75,339.25,NO_ENTRY,0.0,0,0.0,0.0,no_entry_or_no_exit,24844.75,24626.0,24930.0,25028.5,24902.0,25009.5,13993.0,62.845849802371546,1
516,2025-11-14T09:35:00.000000,,,2025,2025-11-14,LONG,fib382,1.0,25029.692,24626.0,25433.384,403.6919999999991,NO_ENTRY,0.0,0,0.0,0.0,no_entry_or_no_exit,24844.75,24626.0,25009.25,25079.75,24998.75,25075.5,13190.0,81.79012345679013,1
516,2025-11-14T09:35:00.000000,,,2025,2025-11-14,LONG,fib382,1.5,25029.692,24626.0,25635.229999999996,403.6919999999991,NO_ENTRY,0.0,0,0.0,0.0,no_entry_or_no_exit,24844.75,24626.0,25009.25,25079.75,24998.75,25075.5,13190.0,81.79012345679013,1
516,2025-11-14T09:35:00.000000,,,2025,2025-11-14,LONG,fib382,2.0,25029.692,24626.0,25837.075999999997,403.6919999999991,NO_ENTRY,0.0,0,0.0,0.0,no_entry_or_no_exit,24844.75,24626.0,25009.25,25079.75,24998.75,25075.5,13190.0,81.79012345679013,1
516,2025-11-14T09:35:00.000000,,,2025,2025-11-14,LONG,fib50,1.0,25039.25,24626.0,25452.5,413.25,NO_ENTRY,0.0,0,0.0,0.0,no_entry_or_no_exit,24844.75,24626.0,25009.25,25079.75,24998.75,25075.5,13190.0,81.79012345679013,1
516,2025-11-14T09:35:00.000000,,,2025,2025-11-14,LONG,fib50,1.5,25039.25,24626.0,25659.125,413.25,NO_ENTRY,0.0,0,0.0,0.0,no_entry_or_no_exit,24844.75,24626.0,25009.25,25079.75,24998.75,25075.5,13190.0,81.79012345679013,1
516,2025-11-14T09:35:00.000000,,,2025,2025-11-14,LONG,fib50,2.0,25039.25,24626.0,25865.75,413.25,NO_ENTRY,0.0,0,0.0,0.0,no_entry_or_no_exit,24844.75,24626.0,25009.25,25079.75,24998.75,25075.5,13190.0,81.79012345679013,1
517,2025-11-14T12:50:00.000000,2025-11-14T13:05:00.000000,2025-11-14T15:00:00.000000,2025,2025-11-14,LONG,fib382,1.0,25140.1555,24626.0,25654.311,514.1555000000008,LOSS,-42.15550000000076,24,111.09449999999924,-68.90550000000076,time_exit,24844.75,24626.0,25109.5,25189.75,25109.5,25186.0,6972.0,95.32710280373831,1
517,2025-11-14T12:50:00.000000,2025-11-14T13:05:00.000000,2025-11-14T15:00:00.000000,2025,2025-11-14,LONG,fib382,1.5,25140.1555,24626.0,25911.388750000002,514.1555000000008,LOSS,-42.15550000000076,24,111.09449999999924,-68.90550000000076,time_exit,24844.75,24626.0,25109.5,25189.75,25109.5,25186.0,6972.0,95.32710280373831,1
517,2025-11-14T12:50:00.000000,2025-11-14T13:05:00.000000,2025-11-14T15:00:00.000000,2025,2025-11-14,LONG,fib382,2.0,25140.1555,24626.0,26168.466500000002,514.1555000000008,LOSS,-42.15550000000076,24,111.09449999999924,-68.90550000000076,time_exit,24844.75,24626.0,25109.5,25189.75,25109.5,25186.0,6972.0,95.32710280373831,1
517,2025-11-14T12:50:00.000000,2025-11-14T13:00:00.000000,2025-11-14T14:55:00.000000,2025,2025-11-14,LONG,fib50,1.0,25149.625,24626.0,25673.25,523.625,LOSS,-44.375,24,101.625,-78.375,time_exit,24844.75,24626.0,25109.5,25189.75,25109.5,25186.0,6972.0,95.32710280373831,1
517,2025-11-14T12:50:00.000000,2025-11-14T13:00:00.000000,2025-11-14T14:55:00.000000,2025,2025-11-14,LONG,fib50,1.5,25149.625,24626.0,25935.0625,523.625,LOSS,-44.375,24,101.625,-78.375,time_exit,24844.75,24626.0,25109.5,25189.75,25109.5,25186.0,6972.0,95.32710280373831,1
517,2025-11-14T12:50:00.000000,2025-11-14T13:00:00.000000,2025-11-14T14:55:00.000000,2025,2025-11-14,LONG,fib50,2.0,25149.625,24626.0,26196.875,523.625,LOSS,-44.375,24,101.625,-78.375,time_exit,24844.75,24626.0,25109.5,25189.75,25109.5,25186.0,6972.0,95.32710280373831,1
518,2025-11-17T10:25:00.000000,2025-11-17T11:55:00.000000,2025-11-17T12:05:00.000000,2025,2025-11-17,LONG,fib382,1.0,25008.2505,24955.0,25061.500999999997,53.25049999999828,LOSS,-53.25049999999828,3,24.249500000001717,-54.25049999999828,stop,25199.75,24955.0,24987.5,25071.75,24969.0,25070.0,8445.0,80.2919708029197,1
518,2025-11-17T10:25:00.000000,2025-11-17T11:55:00.000000,2025-11-17T12:05:00.000000,2025,2025-11-17,LONG,fib382,1.5,25008.2505,24955.0,25088.126249999994,53.25049999999828,LOSS,-53.25049999999828,3,24.249500000001717,-54.25049999999828,stop,25199.75,24955.0,24987.5,25071.75,24969.0,25070.0,8445.0,80.2919708029197,1
518,2025-11-17T10:25:00.000000,2025-11-17T11:55:00.000000,2025-11-17T12:05:00.000000,2025,2025-11-17,LONG,fib382,2.0,25008.2505,24955.0,25114.751499999995,53.25049999999828,LOSS,-53.25049999999828,3,24.249500000001717,-54.25049999999828,stop,25199.75,24955.0,24987.5,25071.75,24969.0,25070.0,8445.0,80.2919708029197,1
518,2025-11-17T10:25:00.000000,2025-11-17T11:50:00.000000,2025-11-17T12:05:00.000000,2025,2025-11-17,LONG,fib50,1.0,25020.375,24955.0,25085.75,65.375,LOSS,-65.375,4,53.375,-66.375,stop,25199.75,24955.0,24987.5,25071.75,24969.0,25070.0,8445.0,80.2919708029197,1
518,2025-11-17T10:25:00.000000,2025-11-17T11:50:00.000000,2025-11-17T12:05:00.000000,2025,2025-11-17,LONG,fib50,1.5,25020.375,24955.0,25118.4375,65.375,LOSS,-65.375,4,53.375,-66.375,stop,25199.75,24955.0,24987.5,25071.75,24969.0,25070.0,8445.0,80.2919708029197,1
518,2025-11-17T10:25:00.000000,2025-11-17T11:50:00.000000,2025-11-17T12:05:00.000000,2025,2025-11-17,LONG,fib50,2.0,25020.375,24955.0,25151.125,65.375,LOSS,-65.375,4,53.375,-66.375,stop,25199.75,24955.0,24987.5,25071.75,24969.0,25070.0,8445.0,80.2919708029197,1
519,2025-11-17T12:55:00.000000,2025-11-17T17:00:00.000000,2025-11-17T18:55:00.000000,2025,2025-11-17,SHORT,fib382,1.0,24935.572,25199.75,24671.394,264.1779999999999,WIN,84.07200000000012,24,105.32200000000012,-18.927999999999884,time_exit,25199.75,24955.0,24965.75,24965.75,24886.75,24895.25,9357.0,89.24050632911393,-1
519,2025-11-17T12:55:00.000000,2025-11-17T17:00:00.000000,2025-11-17T18:55:00.000000,2025,2025-11-17,SHORT,fib382,1.5,24935.572,25199.75,24539.305,264.1779999999999,WIN,84.07200000000012,24,105.32200000000012,-18.927999999999884,time_exit,25199.75,24955.0,24965.75,24965.75,24886.75,24895.25,9357.0,89.24050632911393,-1
519,2025-11-17T12:55:00.000000,2025-11-17T17:00:00.000000,2025-11-17T18:55:00.000000,2025,2025-11-17,SHORT,fib382,2.0,24935.572,25199.75,24407.216,264.1779999999999,WIN,84.07200000000012,24,105.32200000000012,-18.927999999999884,time_exit,25199.75,24955.0,24965.75,24965.75,24886.75,24895.25,9357.0,89.24050632911393,-1
519,2025-11-17T12:55:00.000000,2025-11-17T15:10:00.000000,2025-11-17T18:05:00.000000,2025,2025-11-17,SHORT,fib50,1.0,24926.25,25199.75,24652.75,273.5,LOSS,-3.25,24,49.0,-28.25,time_exit,25199.75,24955.0,24965.75,24965.75,24886.75,24895.25,9357.0,89.24050632911393,-1
519,2025-11-17T12:55:00.000000,2025-11-17T15:10:00.000000,2025-11-17T18:05:00.000000,2025,2025-11-17,SHORT,fib50,1.5,24926.25,25199.75,24516.0,273.5,LOSS,-3.25,24,49.0,-28.25,time_exit,25199.75,24955.0,24965.75,24965.75,24886.75,24895.25,9357.0,89.24050632911393,-1
519,2025-11-17T12:55:00.000000,2025-11-17T15:10:00.000000,2025-11-17T18:05:00.000000,2025,2025-11-17,SHORT,fib50,2.0,24926.25,25199.75,24379.25,273.5,LOSS,-3.25,24,49.0,-28.25,time_exit,25199.75,24955.0,24965.75,24965.75,24886.75,24895.25,9357.0,89.24050632911393,-1
520,2025-11-18T12:55:00.000000,2025-11-18T13:00:00.000000,2025-11-18T14:25:00.000000,2025,2025-11-18,SHORT,fib382,1.0,24745.148,24832.0,24658.296000000002,86.85199999999895,WIN,86.85199999999895,18,99.39800000000105,-65.10199999999895,target,24832.0,24645.5,24776.5,24778.0,24692.0,24710.25,7377.0,77.03488372093024,-1
520,2025-11-18T12:55:00.000000,2025-11-18T13:00:00.000000,2025-11-18T14:55:00.000000,2025,2025-11-18,SHORT,fib382,1.5,24745.148,24832.0,24614.870000000003,86.85199999999895,WIN,130.27799999999843,24,167.14800000000105,-65.10199999999895,target,24832.0,24645.5,24776.5,24778.0,24692.0,24710.25,7377.0,77.03488372093024,-1
520,2025-11-18T12:55:00.000000,2025-11-18T13:00:00.000000,2025-11-18T14:55:00.000000,2025,2025-11-18,SHORT,fib382,2.0,24745.148,24832.0,24571.444000000003,86.85199999999895,WIN,160.14800000000105,24,167.14800000000105,-65.10199999999895,time_exit,24832.0,24645.5,24776.5,24778.0,24692.0,24710.25,7377.0,77.03488372093024,-1
520,2025-11-18T12:55:00.000000,2025-11-18T13:00:00.000000,2025-11-18T14:45:00.000000,2025,2025-11-18,SHORT,fib50,1.0,24735.0,24832.0,24638.0,97.0,WIN,97.0,22,112.25,-75.25,target,24832.0,24645.5,24776.5,24778.0,24692.0,24710.25,7377.0,77.03488372093024,-1
520,2025-11-18T12:55:00.000000,2025-11-18T13:00:00.000000,2025-11-18T14:55:00.000000,2025,2025-11-18,SHORT,fib50,1.5,24735.0,24832.0,24589.5,97.0,WIN,145.5,24,157.0,-75.25,target,24832.0,24645.5,24776.5,24778.0,24692.0,24710.25,7377.0,77.03488372093024,-1
520,2025-11-18T12:55:00.000000,2025-11-18T13:00:00.000000,2025-11-18T14:55:00.000000,2025,2025-11-18,SHORT,fib50,2.0,24735.0,24832.0,24541.0,97.0,WIN,150.0,24,157.0,-75.25,time_exit,24832.0,24645.5,24776.5,24778.0,24692.0,24710.25,7377.0,77.03488372093024,-1
521,2025-11-19T08:50:00.000000,2025-11-19T09:55:00.000000,2025-11-19T11:30:00.000000,2025,2025-11-19,LONG,fib382,1.0,24781.8095,24572.5,24991.119,209.3094999999994,LOSS,-209.3094999999994,20,38.44050000000061,-217.8094999999994,stop,24758.75,24572.5,24769.0,24845.0,24742.75,24840.0,12735.0,69.43765281173594,1
521,2025-11-19T08:50:00.000000,2025-11-19T09:55:00.000000,2025-11-19T11:30:00.000000,2025,2025-11-19,LONG,fib382,1.5,24781.8095,24572.5,25095.77375,209.3094999999994,LOSS,-209.3094999999994,20,38.44050000000061,-217.8094999999994,stop,24758.75,24572.5,24769.0,24845.0,24742.75,24840.0,12735.0,69.43765281173594,1
521,2025-11-19T08:50:00.000000,2025-11-19T09:55:00.000000,2025-11-19T11:30:00.000000,2025,2025-11-19,LONG,fib382,2.0,24781.8095,24572.5,25200.428499999998,209.3094999999994,LOSS,-209.3094999999994,20,38.44050000000061,-217.8094999999994,stop,24758.75,24572.5,24769.0,24845.0,24742.75,24840.0,12735.0,69.43765281173594,1
521,2025-11-19T08:50:00.000000,2025-11-19T09:55:00.000000,2025-11-19T11:30:00.000000,2025,2025-11-19,LONG,fib50,1.0,24793.875,24572.5,25015.25,221.375,LOSS,-221.375,20,26.375,-229.875,stop,24758.75,24572.5,24769.0,24845.0,24742.75,24840.0,12735.0,69.43765281173594,1
521,2025-11-19T08:50:00.000000,2025-11-19T09:55:00.000000,2025-11-19T11:30:00.000000,2025,2025-11-19,LONG,fib50,1.5,24793.875,24572.5,25125.9375,221.375,LOSS,-221.375,20,26.375,-229.875,stop,24758.75,24572.5,24769.0,24845.0,24742.75,24840.0,12735.0,69.43765281173594,1
521,2025-11-19T08:50:00.000000,2025-11-19T09:55:00.000000,2025-11-19T11:30:00.000000,2025,2025-11-19,LONG,fib50,2.0,24793.875,24572.5,25236.625,221.375,LOSS,-221.375,20,26.375,-229.875,stop,24758.75,24572.5,24769.0,24845.0,24742.75,24840.0,12735.0,69.43765281173594,1
522,2025-11-19T13:50:00.000000,,,2025,2025-11-19,LONG,fib382,1.0,24634.1415,24572.5,24695.783000000003,61.64150000000154,NO_ENTRY,0.0,0,0.0,0.0,no_entry_or_no_exit,24758.75,24572.5,24605.75,24682.5,24604.25,24675.0,5028.0,88.49840255591054,1
522,2025-11-19T13:50:00.000000,,,2025,2025-11-19,LONG,fib382,1.5,24634.1415,24572.5,24726.603750000002,61.64150000000154,NO_ENTRY,0.0,0,0.0,0.0,no_entry_or_no_exit,24758.75,24572.5,24605.75,24682.5,24604.25,24675.0,5028.0,88.49840255591054,1
522,2025-11-19T13:50:00.000000,,,2025,2025-11-19,LONG,fib382,2.0,24634.1415,24572.5,24757.424500000005,61.64150000000154,NO_ENTRY,0.0,0,0.0,0.0,no_entry_or_no_exit,24758.75,24572.5,24605.75,24682.5,24604.25,24675.0,5028.0,88.49840255591054,1
522,2025-11-19T13:50:00.000000,2025-11-19T13:55:00.000000,2025-11-19T14:15:00.000000,2025,2025-11-19,LONG,fib50,1.0,24643.375,24572.5,24714.25,70.875,WIN,70.875,5,153.875,-8.875,target,24758.75,24572.5,24605.75,24682.5,24604.25,24675.0,5028.0,88.49840255591054,1
522,2025-11-19T13:50:00.000000,2025-11-19T13:55:00.000000,2025-11-19T14:15:00.000000,2025,2025-11-19,LONG,fib50,1.5,24643.375,24572.5,24749.6875,70.875,WIN,106.3125,5,153.875,-8.875,target,24758.75,24572.5,24605.75,24682.5,24604.25,24675.0,5028.0,88.49840255591054,1
522,2025-11-19T13:50:00.000000,2025-11-19T13:55:00.000000,2025-11-19T14:15:00.000000,2025,2025-11-19,LONG,fib50,2.0,24643.375,24572.5,24785.125,70.875,WIN,141.75,5,153.875,-8.875,target,24758.75,24572.5,24605.75,24682.5,24604.25,24675.0,5028.0,88.49840255591054,1
523,2025-11-19T14:15:00.000000,2025-11-19T14:20:00.000000,2025-11-19T15:20:00.000000,2025,2025-11-19,LONG,fib382,1.0,24741.012,24572.5,24909.523999999998,168.5119999999988,WIN,168.5119999999988,13,168.9880000000012,-65.2619999999988,target,24758.75,24572.5,24706.25,24797.25,24706.25,24787.0,7914.0,88.73626373626374,1
523,2025-11-19T14:15:00.000000,2025-11-19T14:20:00.000000,2025-11-19T17:00:00.000000,2025,2025-11-19,LONG,fib382,1.5,24741.012,24572.5,24993.78,168.5119999999988,WIN,252.7679999999982,21,287.9880000000012,-65.2619999999988,target,24758.75,24572.5,24706.25,24797.25,24706.25,24787.0,7914.0,88.73626373626374,1
523,2025-11-19T14:15:00.000000,2025-11-19T14:20:00.000000,2025-11-19T17:10:00.000000,2025,2025-11-19,LONG,fib382,2.0,24741.012,24572.5,25078.035999999996,168.5119999999988,WIN,337.0239999999976,23,343.4880000000012,-65.2619999999988,target,24758.75,24572.5,24706.25,24797.25,24706.25,24787.0,7914.0,88.73626373626374,1
523,2025-11-19T14:15:00.000000,2025-11-19T14:20:00.000000,2025-11-19T15:30:00.000000,2025,2025-11-19,LONG,fib50,1.0,24751.75,24572.5,24931.0,179.25,WIN,179.25,15,214.5,-76.0,target,24758.75,24572.5,24706.25,24797.25,24706.25,24787.0,7914.0,88.73626373626374,1
523,2025-11-19T14:15:00.000000,2025-11-19T14:20:00.000000,2025-11-19T17:00:00.000000,2025,2025-11-19,LONG,fib50,1.5,24751.75,24572.5,25020.625,179.25,WIN,268.875,21,277.25,-76.0,target,24758.75,24572.5,24706.25,24797.25,24706.25,24787.0,7914.0,88.73626373626374,1
523,2025-11-19T14:15:00.000000,2025-11-19T14:20:00.000000,2025-11-19T17:15:00.000000,2025,2025-11-19,LONG,fib50,2.0,24751.75,24572.5,25110.25,179.25,WIN,308.5,24,343.25,-76.0,time_exit,24758.75,24572.5,24706.25,24797.25,24706.25,24787.0,7914.0,88.73626373626374,1
524,2025-11-20T10:15:00.000000,2025-11-20T10:25:00.000000,2025-11-20T10:45:00.000000,2025,2025-11-20,SHORT,fib382,1.0,24976.5695,25249.0,24704.139000000003,272.4304999999986,WIN,272.4304999999986,5,276.0695000000014,-0.4304999999985739,target,25249.0,25146.0,25011.0,25012.0,24919.25,24939.5,19301.0,77.088948787062,-1
524,2025-11-20T10:15:00.000000,2025-11-20T10:25:00.000000,2025-11-20T10:55:00.000000,2025,2025-11-20,SHORT,fib382,1.5,24976.5695,25249.0,24567.92375,272.4304999999986,WIN,408.64574999999786,7,464.5695000000014,-0.4304999999985739,target,25249.0,25146.0,25011.0,25012.0,24919.25,24939.5,19301.0,77.088948787062,-1
524,2025-11-20T10:15:00.000000,2025-11-20T10:25:00.000000,2025-11-20T11:10:00.000000,2025,2025-11-20,SHORT,fib382,2.0,24976.5695,25249.0,24431.708500000004,272.4304999999986,WIN,544.8609999999971,10,548.0695000000014,-0.4304999999985739,target,25249.0,25146.0,25011.0,25012.0,24919.25,24939.5,19301.0,77.088948787062,-1
524,2025-11-20T10:15:00.000000,2025-11-20T10:20:00.000000,2025-11-20T10:50:00.000000,2025,2025-11-20,SHORT,fib50,1.0,24965.625,25249.0,24682.25,283.375,WIN,283.375,7,335.625,-11.375,target,25249.0,25146.0,25011.0,25012.0,24919.25,24939.5,19301.0,77.088948787062,-1
524,2025-11-20T10:15:00.000000,2025-11-20T10:20:00.000000,2025-11-20T10:55:00.000000,2025,2025-11-20,SHORT,fib50,1.5,24965.625,25249.0,24540.5625,283.375,WIN,425.0625,8,453.625,-11.375,target,25249.0,25146.0,25011.0,25012.0,24919.25,24939.5,19301.0,77.088948787062,-1
524,2025-11-20T10:15:00.000000,2025-11-20T10:20:00.000000,2025-11-20T11:15:00.000000,2025,2025-11-20,SHORT,fib50,2.0,24965.625,25249.0,24398.875,283.375,WIN,566.75,12,580.625,-11.375,target,25249.0,25146.0,25011.0,25012.0,24919.25,24939.5,19301.0,77.088948787062,-1
525,2025-11-20T10:55:00.000000,2025-11-20T11:00:00.000000,2025-11-20T12:55:00.000000,2025,2025-11-20,SHORT,fib382,1.0,24603.155,25249.0,23957.309999999998,645.8450000000012,WIN,324.40499999999884,24,367.65499999999884,-38.345000000001164,time_exit,25249.0,25146.0,24651.25,24659.5,24512.0,24554.75,19352.0,65.42372881355932,-1
525,2025-11-20T10:55:00.000000,2025-11-20T11:00:00.000000,2025-11-20T12:55:00.000000,2025,2025-11-20,SHORT,fib382,1.5,24603.155,25249.0,23634.387499999997,645.8450000000012,WIN,324.40499999999884,24,367.65499999999884,-38.345000000001164,time_exit,25249.0,25146.0,24651.25,24659.5,24512.0,24554.75,19352.0,65.42372881355932,-1
525,2025-11-20T10:55:00.000000,2025-11-20T11:00:00.000000,2025-11-20T12:55:00.000000,2025,2025-11-20,SHORT,fib382,2.0,24603.155,25249.0,23311.464999999997,645.8450000000012,WIN,324.40499999999884,24,367.65499999999884,-38.345000000001164,time_exit,25249.0,25146.0,24651.25,24659.5,24512.0,24554.75,19352.0,65.42372881355932,-1
525,2025-11-20T10:55:00.000000,2025-11-20T11:00:00.000000,2025-11-20T12:55:00.000000,2025,2025-11-20,SHORT,fib50,1.0,24585.75,25249.0,23922.5,663.25,WIN,307.0,24,350.25,-55.75,time_exit,25249.0,25146.0,24651.25,24659.5,24512.0,24554.75,19352.0,65.42372881355932,-1
525,2025-11-20T10:55:00.000000,2025-11-20T11:00:00.000000,2025-11-20T12:55:00.000000,2025,2025-11-20,SHORT,fib50,1.5,24585.75,25249.0,23590.875,663.25,WIN,307.0,24,350.25,-55.75,time_exit,25249.0,25146.0,24651.25,24659.5,24512.0,24554.75,19352.0,65.42372881355932,-1
525,2025-11-20T10:55:00.000000,2025-11-20T11:00:00.000000,2025-11-20T12:55:00.000000,2025,2025-11-20,SHORT,fib50,2.0,24585.75,25249.0,23259.25,663.25,WIN,307.0,24,350.25,-55.75,time_exit,25249.0,25146.0,24651.25,24659.5,24512.0,24554.75,19352.0,65.42372881355932,-1
527,2025-11-20T12:15:00.000000,2025-11-20T12:20:00.000000,2025-11-20T14:15:00.000000,2025,2025-11-20,SHORT,fib382,1.0,24547.944,25249.0,23846.888,701.0560000000005,WIN,240.6939999999995,24,342.9439999999995,-4.056000000000495,time_exit,25249.0,25146.0,24591.75,24598.75,24465.75,24510.0,11581.0,61.46616541353384,-1
527,2025-11-20T12:15:00.000000,2025-11-20T12:20:00.000000,2025-11-20T14:15:00.000000,2025,2025-11-20,SHORT,fib382,1.5,24547.944,25249.0,23496.36,701.0560000000005,WIN,240.6939999999995,24,342.9439999999995,-4.056000000000495,time_exit,25249.0,25146.0,24591.75,24598.75,24465.75,24510.0,11581.0,61.46616541353384,-1
527,2025-11-20T12:15:00.000000,2025-11-20T12:20:00.000000,2025-11-20T14:15:00.000000,2025,2025-11-20,SHORT,fib382,2.0,24547.944,25249.0,23145.832,701.0560000000005,WIN,240.6939999999995,24,342.9439999999995,-4.056000000000495,time_exit,25249.0,25146.0,24591.75,24598.75,24465.75,24510.0,11581.0,61.46616541353384,-1
527,2025-11-20T12:15:00.000000,2025-11-20T12:20:00.000000,2025-11-20T14:15:00.000000,2025,2025-11-20,SHORT,fib50,1.0,24532.25,25249.0,23815.5,716.75,WIN,225.0,24,327.25,-19.75,time_exit,25249.0,25146.0,24591.75,24598.75,24465.75,24510.0,11581.0,61.46616541353384,-1
527,2025-11-20T12:15:00.000000,2025-11-20T12:20:00.000000,2025-11-20T14:15:00.000000,2025,2025-11-20,SHORT,fib50,1.5,24532.25,25249.0,23457.125,716.75,WIN,225.0,24,327.25,-19.75,time_exit,25249.0,25146.0,24591.75,24598.75,24465.75,24510.0,11581.0,61.46616541353384,-1
527,2025-11-20T12:15:00.000000,2025-11-20T12:20:00.000000,2025-11-20T14:15:00.000000,2025,2025-11-20,SHORT,fib50,2.0,24532.25,25249.0,23098.75,716.75,WIN,225.0,24,327.25,-19.75,time_exit,25249.0,25146.0,24591.75,24598.75,24465.75,24510.0,11581.0,61.46616541353384,-1
529,2025-11-20T14:00:00.000000,,,2025,2025-11-20,SHORT,fib382,1.0,24354.1345,25249.0,23459.269,894.8654999999999,NO_ENTRY,0.0,0,0.0,0.0,no_entry_or_no_exit,25249.0,25146.0,24396.25,24396.25,24286.0,24294.5,8585.0,92.29024943310658,-1
529,2025-11-20T14:00:00.000000,,,2025,2025-11-20,SHORT,fib382,1.5,24354.1345,25249.0,23011.83625,894.8654999999999,NO_ENTRY,0.0,0,0.0,0.0,no_entry_or_no_exit,25249.0,25146.0,24396.25,24396.25,24286.0,24294.5,8585.0,92.29024943310658,-1
529,2025-11-20T14:00:00.000000,,,2025,2025-11-20,SHORT,fib382,2.0,24354.1345,25249.0,22564.4035,894.8654999999999,NO_ENTRY,0.0,0,0.0,0.0,no_entry_or_no_exit,25249.0,25146.0,24396.25,24396.25,24286.0,24294.5,8585.0,92.29024943310658,-1
529,2025-11-20T14:00:00.000000,2025-11-20T14:05:00.000000,2025-11-20T17:00:00.000000,2025,2025-11-20,SHORT,fib50,1.0,24341.125,25249.0,23433.25,907.875,WIN,256.875,24,295.125,-6.875,time_exit,25249.0,25146.0,24396.25,24396.25,24286.0,24294.5,8585.0,92.29024943310658,-1
529,2025-11-20T14:00:00.000000,2025-11-20T14:05:00.000000,2025-11-20T17:00:00.000000,2025,2025-11-20,SHORT,fib50,1.5,24341.125,25249.0,22979.3125,907.875,WIN,256.875,24,295.125,-6.875,time_exit,25249.0,25146.0,24396.25,24396.25,24286.0,24294.5,8585.0,92.29024943310658,-1
529,2025-11-20T14:00:00.000000,2025-11-20T14:05:00.000000,2025-11-20T17:00:00.000000,2025,2025-11-20,SHORT,fib50,2.0,24341.125,25249.0,22525.375,907.875,WIN,256.875,24,295.125,-6.875,time_exit,25249.0,25146.0,24396.25,24396.25,24286.0,24294.5,8585.0,92.29024943310658,-1
530,2025-11-20T14:35:00.000000,2025-11-20T19:25:00.000000,2025-11-20T21:20:00.000000,2025,2025-11-20,SHORT,fib382,1.0,24227.985,25249.0,23206.97,1021.0149999999994,WIN,50.98500000000058,24,72.23500000000058,-7.264999999999418,time_exit,25249.0,25146.0,24250.25,24259.5,24177.0,24184.25,7236.0,80.0,-1
530,2025-11-20T14:35:00.000000,2025-11-20T19:25:00.000000,2025-11-20T21:20:00.000000,2025,2025-11-20,SHORT,fib382,1.5,24227.985,25249.0,22696.4625,1021.0149999999994,WIN,50.98500000000058,24,72.23500000000058,-7.264999999999418,time_exit,25249.0,25146.0,24250.25,24259.5,24177.0,24184.25,7236.0,80.0,-1
530,2025-11-20T14:35:00.000000,2025-11-20T19:25:00.000000,2025-11-20T21:20:00.000000,2025,2025-11-20,SHORT,fib382,2.0,24227.985,25249.0,22185.955,1021.0149999999994,WIN,50.98500000000058,24,72.23500000000058,-7.264999999999418,time_exit,25249.0,25146.0,24250.25,24259.5,24177.0,24184.25,7236.0,80.0,-1
530,2025-11-20T14:35:00.000000,2025-11-20T19:20:00.000000,2025-11-20T21:15:00.000000,2025,2025-11-20,SHORT,fib50,1.0,24218.25,25249.0,23187.5,1030.75,WIN,53.0,24,62.5,-17.0,time_exit,25249.0,25146.0,24250.25,24259.5,24177.0,24184.25,7236.0,80.0,-1
530,2025-11-20T14:35:00.000000,2025-11-20T19:20:00.000000,2025-11-20T21:15:00.000000,2025,2025-11-20,SHORT,fib50,1.5,24218.25,25249.0,22672.125,1030.75,WIN,53.0,24,62.5,-17.0,time_exit,25249.0,25146.0,24250.25,24259.5,24177.0,24184.25,7236.0,80.0,-1
530,2025-11-20T14:35:00.000000,2025-11-20T19:20:00.000000,2025-11-20T21:15:00.000000,2025,2025-11-20,SHORT,fib50,2.0,24218.25,25249.0,22156.75,1030.75,WIN,53.0,24,62.5,-17.0,time_exit,25249.0,25146.0,24250.25,24259.5,24177.0,24184.25,7236.0,80.0,-1
531,2025-11-21T09:35:00.000000,2025-11-21T09:40:00.000000,2025-11-21T10:50:00.000000,2025,2025-11-21,SHORT,fib382,1.0,23987.0415,24279.25,23694.833,292.20850000000064,LOSS,-292.20850000000064,15,57.04149999999936,-306.95850000000064,stop,24279.25,24153.0,24021.25,24024.0,23927.25,23951.75,15047.0,71.83462532299741,-1
531,2025-11-21T09:35:00.000000,2025-11-21T09:40:00.000000,2025-11-21T10:50:00.000000,2025,2025-11-21,SHORT,fib382,1.5,23987.0415,24279.25,23548.72875,292.20850000000064,LOSS,-292.20850000000064,15,57.04149999999936,-306.95850000000064,stop,24279.25,24153.0,24021.25,24024.0,23927.25,23951.75,15047.0,71.83462532299741,-1
531,2025-11-21T09:35:00.000000,2025-11-21T09:40:00.000000,2025-11-21T10:50:00.000000,2025,2025-11-21,SHORT,fib382,2.0,23987.0415,24279.25,23402.624499999998,292.20850000000064,LOSS,-292.20850000000064,15,57.04149999999936,-306.95850000000064,stop,24279.25,24153.0,24021.25,24024.0,23927.25,23951.75,15047.0,71.83462532299741,-1
531,2025-11-21T09:35:00.000000,2025-11-21T09:40:00.000000,2025-11-21T10:50:00.000000,2025,2025-11-21,SHORT,fib50,1.0,23975.625,24279.25,23672.0,303.625,LOSS,-303.625,15,45.625,-318.375,stop,24279.25,24153.0,24021.25,24024.0,23927.25,23951.75,15047.0,71.83462532299741,-1
531,2025-11-21T09:35:00.000000,2025-11-21T09:40:00.000000,2025-11-21T10:50:00.000000,2025,2025-11-21,SHORT,fib50,1.5,23975.625,24279.25,23520.1875,303.625,LOSS,-303.625,15,45.625,-318.375,stop,24279.25,24153.0,24021.25,24024.0,23927.25,23951.75,15047.0,71.83462532299741,-1
531,2025-11-21T09:35:00.000000,2025-11-21T09:40:00.000000,2025-11-21T10:50:00.000000,2025,2025-11-21,SHORT,fib50,2.0,23975.625,24279.25,23368.375,303.625,LOSS,-303.625,15,45.625,-318.375,stop,24279.25,24153.0,24021.25,24024.0,23927.25,23951.75,15047.0,71.83462532299741,-1
533,2025-11-21T10:55:00.000000,2025-11-21T11:20:00.000000,2025-11-21T12:45:00.000000,2025,2025-11-21,LONG,fib382,1.0,24311.6045,24153.0,24470.209000000003,158.60450000000128,WIN,158.60450000000128,18,221.39549999999872,-108.10450000000128,target,24279.25,24153.0,24274.75,24373.25,24273.5,24372.25,10092.0,97.74436090225564,1
533,2025-11-21T10:55:00.000000,2025-11-21T11:20:00.000000,2025-11-21T12:50:00.000000,2025,2025-11-21,LONG,fib382,1.5,24311.6045,24153.0,24549.511250000003,158.60450000000128,WIN,237.90675000000192,19,247.89549999999872,-108.10450000000128,target,24279.25,24153.0,24274.75,24373.25,24273.5,24372.25,10092.0,97.74436090225564,1
533,2025-11-21T10:55:00.000000,2025-11-21T11:20:00.000000,2025-11-21T13:15:00.000000,2025,2025-11-21,LONG,fib382,2.0,24311.6045,24153.0,24628.813500000004,158.60450000000128,WIN,240.14549999999872,24,254.64549999999872,-108.10450000000128,time_exit,24279.25,24153.0,24274.75,24373.25,24273.5,24372.25,10092.0,97.74436090225564,1
533,2025-11-21T10:55:00.000000,2025-11-21T11:00:00.000000,2025-11-21T12:45:00.000000,2025,2025-11-21,LONG,fib50,1.0,24323.375,24153.0,24493.75,170.375,WIN,170.375,22,209.625,-119.875,target,24279.25,24153.0,24274.75,24373.25,24273.5,24372.25,10092.0,97.74436090225564,1
533,2025-11-21T10:55:00.000000,2025-11-21T11:00:00.000000,2025-11-21T12:55:00.000000,2025,2025-11-21,LONG,fib50,1.5,24323.375,24153.0,24578.9375,170.375,WIN,153.875,24,236.125,-119.875,time_exit,24279.25,24153.0,24274.75,24373.25,24273.5,24372.25,10092.0,97.74436090225564,1
533,2025-11-21T10:55:00.000000,2025-11-21T11:00:00.000000,2025-11-21T12:55:00.000000,2025,2025-11-21,LONG,fib50,2.0,24323.375,24153.0,24664.125,170.375,WIN,153.875,24,236.125,-119.875,time_exit,24279.25,24153.0,24274.75,24373.25,24273.5,24372.25,10092.0,97.74436090225564,1
535,2025-11-21T12:45:00.000000,2025-11-21T13:50:00.000000,2025-11-21T15:45:00.000000,2025,2025-11-21,LONG,fib382,1.0,24429.9485,24153.0,24706.896999999997,276.9484999999986,LOSS,-94.1984999999986,24,80.8015000000014,-144.9484999999986,time_exit,24279.25,24153.0,24385.25,24533.0,24366.25,24510.0,13432.0,74.81259370314842,1
535,2025-11-21T12:45:00.000000,2025-11-21T13:50:00.000000,2025-11-21T15:45:00.000000,2025,2025-11-21,LONG,fib382,1.5,24429.9485,24153.0,24845.371249999997,276.9484999999986,LOSS,-94.1984999999986,24,80.8015000000014,-144.9484999999986,time_exit,24279.25,24153.0,24385.25,24533.0,24366.25,24510.0,13432.0,74.81259370314842,1
535,2025-11-21T12:45:00.000000,2025-11-21T13:50:00.000000,2025-11-21T15:45:00.000000,2025,2025-11-21,LONG,fib382,2.0,24429.9485,24153.0,24983.845499999996,276.9484999999986,LOSS,-94.1984999999986,24,80.8015000000014,-144.9484999999986,time_exit,24279.25,24153.0,24385.25,24533.0,24366.25,24510.0,13432.0,74.81259370314842,1
535,2025-11-21T12:45:00.000000,2025-11-21T12:55:00.000000,2025-11-21T14:50:00.000000,2025,2025-11-21,LONG,fib50,1.0,24449.625,24153.0,24746.25,296.625,LOSS,-124.125,24,146.625,-127.875,time_exit,24279.25,24153.0,24385.25,24533.0,24366.25,24510.0,13432.0,74.81259370314842,1
535,2025-11-21T12:45:00.000000,2025-11-21T12:55:00.000000,2025-11-21T14:50:00.000000,2025,2025-11-21,LONG,fib50,1.5,24449.625,24153.0,24894.5625,296.625,LOSS,-124.125,24,146.625,-127.875,time_exit,24279.25,24153.0,24385.25,24533.0,24366.25,24510.0,13432.0,74.81259370314842,1
535,2025-11-21T12:45:00.000000,2025-11-21T12:55:00.000000,2025-11-21T14:50:00.000000,2025,2025-11-21,LONG,fib50,2.0,24449.625,24153.0,25042.875,296.625,LOSS,-124.125,24,146.625,-127.875,time_exit,24279.25,24153.0,24385.25,24533.0,24366.25,24510.0,13432.0,74.81259370314842,1
537,2025-11-25T09:00:00.000000,2025-11-25T09:05:00.000000,2025-11-25T10:20:00.000000,2025,2025-11-25,SHORT,fib382,1.0,24758.397,24879.5,24637.294,121.10299999999916,LOSS,-121.10299999999916,16,94.64700000000084,-124.85299999999916,stop,24879.5,24719.0,24819.0,24822.0,24655.5,24687.75,17923.0,78.82882882882883,-1
537,2025-11-25T09:00:00.000000,2025-11-25T09:05:00.000000,2025-11-25T10:20:00.000000,2025,2025-11-25,SHORT,fib382,1.5,24758.397,24879.5,24576.7425,121.10299999999916,LOSS,-121.10299999999916,16,94.64700000000084,-124.85299999999916,stop,24879.5,24719.0,24819.0,24822.0,24655.5,24687.75,17923.0,78.82882882882883,-1
537,2025-11-25T09:00:00.000000,2025-11-25T09:05:00.000000,2025-11-25T10:20:00.000000,2025,2025-11-25,SHORT,fib382,2.0,24758.397,24879.5,24516.191000000003,121.10299999999916,LOSS,-121.10299999999916,16,94.64700000000084,-124.85299999999916,stop,24879.5,24719.0,24819.0,24822.0,24655.5,24687.75,17923.0,78.82882882882883,-1
537,2025-11-25T09:00:00.000000,2025-11-25T09:05:00.000000,2025-11-25T10:20:00.000000,2025,2025-11-25,SHORT,fib50,1.0,24738.75,24879.5,24598.0,140.75,LOSS,-140.75,16,75.0,-144.5,stop,24879.5,24719.0,24819.0,24822.0,24655.5,24687.75,17923.0,78.82882882882883,-1
537,2025-11-25T09:00:00.000000,2025-11-25T09:05:00.000000,2025-11-25T10:20:00.000000,2025,2025-11-25,SHORT,fib50,1.5,24738.75,24879.5,24527.625,140.75,LOSS,-140.75,16,75.0,-144.5,stop,24879.5,24719.0,24819.0,24822.0,24655.5,24687.75,17923.0,78.82882882882883,-1
537,2025-11-25T09:00:00.000000,2025-11-25T09:05:00.000000,2025-11-25T10:20:00.000000,2025,2025-11-25,SHORT,fib50,2.0,24738.75,24879.5,24457.25,140.75,LOSS,-140.75,16,75.0,-144.5,stop,24879.5,24719.0,24819.0,24822.0,24655.5,24687.75,17923.0,78.82882882882883,-1
538,2025-12-01T09:50:00.000000,2025-12-01T10:05:00.000000,2025-12-01T12:00:00.000000,2025,2025-12-01,LONG,fib382,1.0,25368.8185,25209.25,25528.387000000002,159.56850000000122,WIN,96.93149999999878,24,126.93149999999878,-46.31850000000122,time_exit,25322.0,25209.25,25342.25,25416.25,25339.5,25409.75,9442.0,87.94788273615634,1
538,2025-12-01T09:50:00.000000,2025-12-01T10:05:00.000000,2025-12-01T12:00:00.000000,2025,2025-12-01,LONG,fib382,1.5,25368.8185,25209.25,25608.171250000003,159.56850000000122,WIN,96.93149999999878,24,126.93149999999878,-46.31850000000122,time_exit,25322.0,25209.25,25342.25,25416.25,25339.5,25409.75,9442.0,87.94788273615634,1
538,2025-12-01T09:50:00.000000,2025-12-01T10:05:00.000000,2025-12-01T12:00:00.000000,2025,2025-12-01,LONG,fib382,2.0,25368.8185,25209.25,25687.955500000004,159.56850000000122,WIN,96.93149999999878,24,126.93149999999878,-46.31850000000122,time_exit,25322.0,25209.25,25342.25,25416.25,25339.5,25409.75,9442.0,87.94788273615634,1
538,2025-12-01T09:50:00.000000,2025-12-01T10:05:00.000000,2025-12-01T12:00:00.000000,2025,2025-12-01,LONG,fib50,1.0,25377.875,25209.25,25546.5,168.625,WIN,87.875,24,117.875,-55.375,time_exit,25322.0,25209.25,25342.25,25416.25,25339.5,25409.75,9442.0,87.94788273615634,1
538,2025-12-01T09:50:00.000000,2025-12-01T10:05:00.000000,2025-12-01T12:00:00.000000,2025,2025-12-01,LONG,fib50,1.5,25377.875,25209.25,25630.8125,168.625,WIN,87.875,24,117.875,-55.375,time_exit,25322.0,25209.25,25342.25,25416.25,25339.5,25409.75,9442.0,87.94788273615634,1
538,2025-12-01T09:50:00.000000,2025-12-01T10:05:00.000000,2025-12-01T12:00:00.000000,2025,2025-12-01,LONG,fib50,2.0,25377.875,25209.25,25715.125,168.625,WIN,87.875,24,117.875,-55.375,time_exit,25322.0,25209.25,25342.25,25416.25,25339.5,25409.75,9442.0,87.94788273615634,1
539,2025-12-02T10:20:00.000000,2025-12-02T10:40:00.000000,2025-12-02T11:25:00.000000,2025,2025-12-02,SHORT,fib382,1.0,25510.912,25613.0,25408.824,102.08799999999974,LOSS,-102.08799999999974,10,33.16200000000026,-102.83799999999974,stop,25613.0,25471.25,25529.5,25543.0,25459.0,25462.5,10924.0,79.76190476190477,-1
539,2025-12-02T10:20:00.000000,2025-12-02T10:40:00.000000,2025-12-02T11:25:00.000000,2025,2025-12-02,SHORT,fib382,1.5,25510.912,25613.0,25357.78,102.08799999999974,LOSS,-102.08799999999974,10,33.16200000000026,-102.83799999999974,stop,25613.0,25471.25,25529.5,25543.0,25459.0,25462.5,10924.0,79.76190476190477,-1
539,2025-12-02T10:20:00.000000,2025-12-02T10:40:00.000000,2025-12-02T11:25:00.000000,2025,2025-12-02,SHORT,fib382,2.0,25510.912,25613.0,25306.736,102.08799999999974,LOSS,-102.08799999999974,10,33.16200000000026,-102.83799999999974,stop,25613.0,25471.25,25529.5,25543.0,25459.0,25462.5,10924.0,79.76190476190477,-1
539,2025-12-02T10:20:00.000000,2025-12-02T10:35:00.000000,2025-12-02T11:25:00.000000,2025,2025-12-02,SHORT,fib50,1.0,25501.0,25613.0,25389.0,112.0,LOSS,-112.0,11,56.0,-112.75,stop,25613.0,25471.25,25529.5,25543.0,25459.0,25462.5,10924.0,79.76190476190477,-1
539,2025-12-02T10:20:00.000000,2025-12-02T10:35:00.000000,2025-12-02T11:25:00.000000,2025,2025-12-02,SHORT,fib50,1.5,25501.0,25613.0,25333.0,112.0,LOSS,-112.0,11,56.0,-112.75,stop,25613.0,25471.25,25529.5,25543.0,25459.0,25462.5,10924.0,79.76190476190477,-1
539,2025-12-02T10:20:00.000000,2025-12-02T10:35:00.000000,2025-12-02T11:25:00.000000,2025,2025-12-02,SHORT,fib50,2.0,25501.0,25613.0,25277.0,112.0,LOSS,-112.0,11,56.0,-112.75,stop,25613.0,25471.25,25529.5,25543.0,25459.0,25462.5,10924.0,79.76190476190477,-1
540,2025-12-03T09:00:00.000000,2025-12-03T09:05:00.000000,2025-12-03T09:30:00.000000,2025,2025-12-03,LONG,fib382,1.0,25517.203,25453.0,25581.406000000003,64.20300000000134,WIN,64.20300000000134,6,65.54699999999866,-18.95300000000134,target,25538.0,25453.0,25497.5,25573.75,25482.25,25570.0,12892.0,79.23497267759562,1
540,2025-12-03T09:00:00.000000,2025-12-03T09:05:00.000000,2025-12-03T10:30:00.000000,2025,2025-12-03,LONG,fib382,1.5,25517.203,25453.0,25613.507500000003,64.20300000000134,WIN,96.30450000000201,18,97.04699999999866,-18.95300000000134,target,25538.0,25453.0,25497.5,25573.75,25482.25,25570.0,12892.0,79.23497267759562,1
540,2025-12-03T09:00:00.000000,2025-12-03T09:05:00.000000,2025-12-03T11:00:00.000000,2025,2025-12-03,LONG,fib382,2.0,25517.203,25453.0,25645.609000000004,64.20300000000134,WIN,74.29699999999866,24,104.29699999999866,-18.95300000000134,time_exit,25538.0,25453.0,25497.5,25573.75,25482.25,25570.0,12892.0,79.23497267759562,1
540,2025-12-03T09:00:00.000000,2025-12-03T09:05:00.000000,2025-12-03T09:45:00.000000,2025,2025-12-03,LONG,fib50,1.0,25528.0,25453.0,25603.0,75.0,WIN,75.0,9,77.5,-29.75,target,25538.0,25453.0,25497.5,25573.75,25482.25,25570.0,12892.0,79.23497267759562,1
540,2025-12-03T09:00:00.000000,2025-12-03T09:05:00.000000,2025-12-03T11:00:00.000000,2025,2025-12-03,LONG,fib50,1.5,25528.0,25453.0,25640.5,75.0,WIN,63.5,24,93.5,-29.75,time_exit,25538.0,25453.0,25497.5,25573.75,25482.25,25570.0,12892.0,79.23497267759562,1
540,2025-12-03T09:00:00.000000,2025-12-03T09:05:00.000000,2025-12-03T11:00:00.000000,2025,2025-12-03,LONG,fib50,2.0,25528.0,25453.0,25678.0,75.0,WIN,63.5,24,93.5,-29.75,time_exit,25538.0,25453.0,25497.5,25573.75,25482.25,25570.0,12892.0,79.23497267759562,1
541,2025-12-10T13:50:00.000000,2025-12-10T17:10:00.000000,2025-12-10T19:05:00.000000,2025,2025-12-10,LONG,fib382,1.0,25736.711,25567.0,25906.422,169.71099999999933,LOSS,-62.96099999999933,24,30.78900000000067,-77.21099999999933,time_exit,25663.75,25567.0,25709.0,25805.0,25694.5,25784.75,11767.0,68.55203619909503,1
541,2025-12-10T13:50:00.000000,2025-12-10T17:10:00.000000,2025-12-10T19:05:00.000000,2025,2025-12-10,LONG,fib382,1.5,25736.711,25567.0,25991.277499999997,169.71099999999933,LOSS,-62.96099999999933,24,30.78900000000067,-77.21099999999933,time_exit,25663.75,25567.0,25709.0,25805.0,25694.5,25784.75,11767.0,68.55203619909503,1
541,2025-12-10T13:50:00.000000,2025-12-10T17:10:00.000000,2025-12-10T19:05:00.000000,2025,2025-12-10,LONG,fib382,2.0,25736.711,25567.0,26076.132999999998,169.71099999999933,LOSS,-62.96099999999933,24,30.78900000000067,-77.21099999999933,time_exit,25663.75,25567.0,25709.0,25805.0,25694.5,25784.75,11767.0,68.55203619909503,1
541,2025-12-10T13:50:00.000000,2025-12-10T17:10:00.000000,2025-12-10T19:05:00.000000,2025,2025-12-10,LONG,fib50,1.0,25749.75,25567.0,25932.5,182.75,LOSS,-76.0,24,17.75,-90.25,time_exit,25663.75,25567.0,25709.0,25805.0,25694.5,25784.75,11767.0,68.55203619909503,1
541,2025-12-10T13:50:00.000000,2025-12-10T17:10:00.000000,2025-12-10T19:05:00.000000,2025,2025-12-10,LONG,fib50,1.5,25749.75,25567.0,26023.875,182.75,LOSS,-76.0,24,17.75,-90.25,time_exit,25663.75,25567.0,25709.0,25805.0,25694.5,25784.75,11767.0,68.55203619909503,1
541,2025-12-10T13:50:00.000000,2025-12-10T17:10:00.000000,2025-12-10T19:05:00.000000,2025,2025-12-10,LONG,fib50,2.0,25749.75,25567.0,26115.25,182.75,LOSS,-76.0,24,17.75,-90.25,time_exit,25663.75,25567.0,25709.0,25805.0,25694.5,25784.75,11767.0,68.55203619909503,1
542,2025-12-11T08:45:00.000000,2025-12-11T09:10:00.000000,2025-12-11T11:05:00.000000,2025,2025-12-11,SHORT,fib382,1.0,25549.8395,25650.25,25449.428999999996,100.41050000000178,WIN,22.589499999998225,24,94.33949999999822,-79.41050000000178,time_exit,25650.25,25556.0,25586.25,25591.0,25483.25,25487.0,16389.0,92.11136890951276,-1
542,2025-12-11T08:45:00.000000,2025-12-11T09:10:00.000000,2025-12-11T11:05:00.000000,2025,2025-12-11,SHORT,fib382,1.5,25549.8395,25650.25,25399.223749999997,100.41050000000178,WIN,22.589499999998225,24,94.33949999999822,-79.41050000000178,time_exit,25650.25,25556.0,25586.25,25591.0,25483.25,25487.0,16389.0,92.11136890951276,-1
542,2025-12-11T08:45:00.000000,2025-12-11T09:10:00.000000,2025-12-11T11:05:00.000000,2025,2025-12-11,SHORT,fib382,2.0,25549.8395,25650.25,25349.018499999995,100.41050000000178,WIN,22.589499999998225,24,94.33949999999822,-79.41050000000178,time_exit,25650.25,25556.0,25586.25,25591.0,25483.25,25487.0,16389.0,92.11136890951276,-1
542,2025-12-11T08:45:00.000000,2025-12-11T09:05:00.000000,2025-12-11T11:00:00.000000,2025,2025-12-11,SHORT,fib50,1.0,25537.125,25650.25,25424.0,113.125,WIN,7.625,24,89.125,-92.125,time_exit,25650.25,25556.0,25586.25,25591.0,25483.25,25487.0,16389.0,92.11136890951276,-1
542,2025-12-11T08:45:00.000000,2025-12-11T09:05:00.000000,2025-12-11T11:00:00.000000,2025,2025-12-11,SHORT,fib50,1.5,25537.125,25650.25,25367.4375,113.125,WIN,7.625,24,89.125,-92.125,time_exit,25650.25,25556.0,25586.25,25591.0,25483.25,25487.0,16389.0,92.11136890951276,-1
542,2025-12-11T08:45:00.000000,2025-12-11T09:05:00.000000,2025-12-11T11:00:00.000000,2025,2025-12-11,SHORT,fib50,2.0,25537.125,25650.25,25310.875,113.125,WIN,7.625,24,89.125,-92.125,time_exit,25650.25,25556.0,25586.25,25591.0,25483.25,25487.0,16389.0,92.11136890951276,-1
543,2025-12-12T09:00:00.000000,,,2025,2025-12-12,SHORT,fib382,1.0,25528.5355,25619.5,25437.571000000004,90.96449999999822,NO_ENTRY,0.0,0,0.0,0.0,no_entry_or_no_exit,25619.5,25528.5,25558.25,25559.0,25479.25,25486.0,13502.0,90.59561128526646,-1
543,2025-12-12T09:00:00.000000,,,2025,2025-12-12,SHORT,fib382,1.5,25528.5355,25619.5,25392.088750000003,90.96449999999822,NO_ENTRY,0.0,0,0.0,0.0,no_entry_or_no_exit,25619.5,25528.5,25558.25,25559.0,25479.25,25486.0,13502.0,90.59561128526646,-1
543,2025-12-12T09:00:00.000000,,,2025,2025-12-12,SHORT,fib382,2.0,25528.5355,25619.5,25346.606500000005,90.96449999999822,NO_ENTRY,0.0,0,0.0,0.0,no_entry_or_no_exit,25619.5,25528.5,25558.25,25559.0,25479.25,25486.0,13502.0,90.59561128526646,-1
543,2025-12-12T09:00:00.000000,,,2025,2025-12-12,SHORT,fib50,1.0,25519.125,25619.5,25418.75,100.375,NO_ENTRY,0.0,0,0.0,0.0,no_entry_or_no_exit,25619.5,25528.5,25558.25,25559.0,25479.25,25486.0,13502.0,90.59561128526646,-1
543,2025-12-12T09:00:00.000000,,,2025,2025-12-12,SHORT,fib50,1.5,25519.125,25619.5,25368.5625,100.375,NO_ENTRY,0.0,0,0.0,0.0,no_entry_or_no_exit,25619.5,25528.5,25558.25,25559.0,25479.25,25486.0,13502.0,90.59561128526646,-1
543,2025-12-12T09:00:00.000000,,,2025,2025-12-12,SHORT,fib50,2.0,25519.125,25619.5,25318.375,100.375,NO_ENTRY,0.0,0,0.0,0.0,no_entry_or_no_exit,25619.5,25528.5,25558.25,25559.0,25479.25,25486.0,13502.0,90.59561128526646,-1
544,2025-12-12T09:55:00.000000,2025-12-12T11:15:00.000000,2025-12-12T13:10:00.000000,2025,2025-12-12,SHORT,fib382,1.0,25289.264,25619.5,24959.028,330.2360000000008,WIN,49.513999999999214,24,96.51399999999921,-83.23600000000079,time_exit,25619.5,25528.5,25330.0,25336.25,25213.25,25240.5,22327.0,72.76422764227642,-1
544,2025-12-12T09:55:00.000000,2025-12-12T11:15:00.000000,2025-12-12T13:10:00.000000,2025,2025-12-12,SHORT,fib382,1.5,25289.264,25619.5,24793.909999999996,330.2360000000008,WIN,49.513999999999214,24,96.51399999999921,-83.23600000000079,time_exit,25619.5,25528.5,25330.0,25336.25,25213.25,25240.5,22327.0,72.76422764227642,-1
544,2025-12-12T09:55:00.000000,2025-12-12T11:15:00.000000,2025-12-12T13:10:00.000000,2025,2025-12-12,SHORT,fib382,2.0,25289.264,25619.5,24628.791999999998,330.2360000000008,WIN,49.513999999999214,24,96.51399999999921,-83.23600000000079,time_exit,25619.5,25528.5,25330.0,25336.25,25213.25,25240.5,22327.0,72.76422764227642,-1
544,2025-12-12T09:55:00.000000,2025-12-12T10:00:00.000000,2025-12-12T11:55:00.000000,2025,2025-12-12,SHORT,fib50,1.0,25274.75,25619.5,24930.0,344.75,LOSS,-1.75,24,156.75,-36.75,time_exit,25619.5,25528.5,25330.0,25336.25,25213.25,25240.5,22327.0,72.76422764227642,-1
544,2025-12-12T09:55:00.000000,2025-12-12T10:00:00.000000,2025-12-12T11:55:00.000000,2025,2025-12-12,SHORT,fib50,1.5,25274.75,25619.5,24757.625,344.75,LOSS,-1.75,24,156.75,-36.75,time_exit,25619.5,25528.5,25330.0,25336.25,25213.25,25240.5,22327.0,72.76422764227642,-1
544,2025-12-12T09:55:00.000000,2025-12-12T10:00:00.000000,2025-12-12T11:55:00.000000,2025,2025-12-12,SHORT,fib50,2.0,25274.75,25619.5,24585.25,344.75,LOSS,-1.75,24,156.75,-36.75,time_exit,25619.5,25528.5,25330.0,25336.25,25213.25,25240.5,22327.0,72.76422764227642,-1
545,2025-12-15T13:00:00.000000,2025-12-15T13:05:00.000000,2025-12-15T15:00:00.000000,2025,2025-12-15,SHORT,fib382,1.0,25322.9385,25668.0,24977.877,345.0614999999998,LOSS,-13.311499999999796,24,221.9385000000002,-110.5614999999998,time_exit,25668.0,25314.5,25402.5,25423.5,25160.25,25173.0,2347.0,87.17948717948718,-1
545,2025-12-15T13:00:00.000000,2025-12-15T13:05:00.000000,2025-12-15T15:00:00.000000,2025,2025-12-15,SHORT,fib382,1.5,25322.9385,25668.0,24805.346250000002,345.0614999999998,LOSS,-13.311499999999796,24,221.9385000000002,-110.5614999999998,time_exit,25668.0,25314.5,25402.5,25423.5,25160.25,25173.0,2347.0,87.17948717948718,-1
545,2025-12-15T13:00:00.000000,2025-12-15T13:05:00.000000,2025-12-15T15:00:00.000000,2025,2025-12-15,SHORT,fib382,2.0,25322.9385,25668.0,24632.8155,345.0614999999998,LOSS,-13.311499999999796,24,221.9385000000002,-110.5614999999998,time_exit,25668.0,25314.5,25402.5,25423.5,25160.25,25173.0,2347.0,87.17948717948718,-1
545,2025-12-15T13:00:00.000000,2025-12-15T13:05:00.000000,2025-12-15T15:00:00.000000,2025,2025-12-15,SHORT,fib50,1.0,25291.875,25668.0,24915.75,376.125,LOSS,-44.375,24,190.875,-141.625,time_exit,25668.0,25314.5,25402.5,25423.5,25160.25,25173.0,2347.0,87.17948717948718,-1
545,2025-12-15T13:00:00.000000,2025-12-15T13:05:00.000000,2025-12-15T15:00:00.000000,2025,2025-12-15,SHORT,fib50,1.5,25291.875,25668.0,24727.6875,376.125,LOSS,-44.375,24,190.875,-141.625,time_exit,25668.0,25314.5,25402.5,25423.5,25160.25,25173.0,2347.0,87.17948717948718,-1
545,2025-12-15T13:00:00.000000,2025-12-15T13:05:00.000000,2025-12-15T15:00:00.000000,2025,2025-12-15,SHORT,fib50,2.0,25291.875,25668.0,24539.625,376.125,LOSS,-44.375,24,190.875,-141.625,time_exit,25668.0,25314.5,25402.5,25423.5,25160.25,25173.0,2347.0,87.17948717948718,-1
546,2025-12-17T09:35:00.000000,,,2025,2025-12-17,SHORT,fib382,1.0,25234.0215,25447.75,25020.292999999998,213.72850000000108,NO_ENTRY,0.0,0,0.0,0.0,no_entry_or_no_exit,25447.75,25296.75,25257.25,25265.25,25183.5,25192.25,14004.0,79.51070336391437,-1
546,2025-12-17T09:35:00.000000,,,2025,2025-12-17,SHORT,fib382,1.5,25234.0215,25447.75,24913.42875,213.72850000000108,NO_ENTRY,0.0,0,0.0,0.0,no_entry_or_no_exit,25447.75,25296.75,25257.25,25265.25,25183.5,25192.25,14004.0,79.51070336391437,-1
546,2025-12-17T09:35:00.000000,,,2025,2025-12-17,SHORT,fib382,2.0,25234.0215,25447.75,24806.564499999997,213.72850000000108,NO_ENTRY,0.0,0,0.0,0.0,no_entry_or_no_exit,25447.75,25296.75,25257.25,25265.25,25183.5,25192.25,14004.0,79.51070336391437,-1
546,2025-12-17T09:35:00.000000,,,2025,2025-12-17,SHORT,fib50,1.0,25224.375,25447.75,25001.0,223.375,NO_ENTRY,0.0,0,0.0,0.0,no_entry_or_no_exit,25447.75,25296.75,25257.25,25265.25,25183.5,25192.25,14004.0,79.51070336391437,-1
546,2025-12-17T09:35:00.000000,,,2025,2025-12-17,SHORT,fib50,1.5,25224.375,25447.75,24889.3125,223.375,NO_ENTRY,0.0,0,0.0,0.0,no_entry_or_no_exit,25447.75,25296.75,25257.25,25265.25,25183.5,25192.25,14004.0,79.51070336391437,-1
546,2025-12-17T09:35:00.000000,,,2025,2025-12-17,SHORT,fib50,2.0,25224.375,25447.75,24777.625,223.375,NO_ENTRY,0.0,0,0.0,0.0,no_entry_or_no_exit,25447.75,25296.75,25257.25,25265.25,25183.5,25192.25,14004.0,79.51070336391437,-1
547,2025-12-17T10:10:00.000000,2025-12-17T10:25:00.000000,2025-12-17T12:20:00.000000,2025,2025-12-17,SHORT,fib382,1.0,25084.873,25447.75,24721.996,362.8770000000004,WIN,67.37299999999959,24,103.12299999999959,-14.377000000000407,time_exit,25447.75,25296.75,25103.75,25122.5,25024.0,25026.0,10689.0,78.93401015228426,-1
547,2025-12-17T10:10:00.000000,2025-12-17T10:25:00.000000,2025-12-17T12:20:00.000000,2025,2025-12-17,SHORT,fib382,1.5,25084.873,25447.75,24540.5575,362.8770000000004,WIN,67.37299999999959,24,103.12299999999959,-14.377000000000407,time_exit,25447.75,25296.75,25103.75,25122.5,25024.0,25026.0,10689.0,78.93401015228426,-1
547,2025-12-17T10:10:00.000000,2025-12-17T10:25:00.000000,2025-12-17T12:20:00.000000,2025,2025-12-17,SHORT,fib382,2.0,25084.873,25447.75,24359.119,362.8770000000004,WIN,67.37299999999959,24,103.12299999999959,-14.377000000000407,time_exit,25447.75,25296.75,25103.75,25122.5,25024.0,25026.0,10689.0,78.93401015228426,-1
547,2025-12-17T10:10:00.000000,2025-12-17T10:20:00.000000,2025-12-17T12:15:00.000000,2025,2025-12-17,SHORT,fib50,1.0,25073.25,25447.75,24698.75,374.5,WIN,71.75,24,91.5,-26.0,time_exit,25447.75,25296.75,25103.75,25122.5,25024.0,25026.0,10689.0,78.93401015228426,-1
547,2025-12-17T10:10:00.000000,2025-12-17T10:20:00.000000,2025-12-17T12:15:00.000000,2025,2025-12-17,SHORT,fib50,1.5,25073.25,25447.75,24511.5,374.5,WIN,71.75,24,91.5,-26.0,time_exit,25447.75,25296.75,25103.75,25122.5,25024.0,25026.0,10689.0,78.93401015228426,-1
547,2025-12-17T10:10:00.000000,2025-12-17T10:20:00.000000,2025-12-17T12:15:00.000000,2025,2025-12-17,SHORT,fib50,2.0,25073.25,25447.75,24324.25,374.5,WIN,71.75,24,91.5,-26.0,time_exit,25447.75,25296.75,25103.75,25122.5,25024.0,25026.0,10689.0,78.93401015228426,-1
548,2026-01-02T09:10:00.000000,,,2026,2026-01-02,SHORT,fib382,1.0,25663.4885,25733.5,25593.477,70.01150000000052,NO_ENTRY,0.0,0,0.0,0.0,no_entry_or_no_exit,25733.5,25638.25,25699.25,25706.75,25593.5,25604.0,13924.0,84.10596026490066,-1
548,2026-01-02T09:10:00.000000,,,2026,2026-01-02,SHORT,fib382,1.5,25663.4885,25733.5,25558.47125,70.01150000000052,NO_ENTRY,0.0,0,0.0,0.0,no_entry_or_no_exit,25733.5,25638.25,25699.25,25706.75,25593.5,25604.0,13924.0,84.10596026490066,-1
548,2026-01-02T09:10:00.000000,,,2026,2026-01-02,SHORT,fib382,2.0,25663.4885,25733.5,25523.4655,70.01150000000052,NO_ENTRY,0.0,0,0.0,0.0,no_entry_or_no_exit,25733.5,25638.25,25699.25,25706.75,25593.5,25604.0,13924.0,84.10596026490066,-1
548,2026-01-02T09:10:00.000000,,,2026,2026-01-02,SHORT,fib50,1.0,25650.125,25733.5,25566.75,83.375,NO_ENTRY,0.0,0,0.0,0.0,no_entry_or_no_exit,25733.5,25638.25,25699.25,25706.75,25593.5,25604.0,13924.0,84.10596026490066,-1
548,2026-01-02T09:10:00.000000,,,2026,2026-01-02,SHORT,fib50,1.5,25650.125,25733.5,25525.0625,83.375,NO_ENTRY,0.0,0,0.0,0.0,no_entry_or_no_exit,25733.5,25638.25,25699.25,25706.75,25593.5,25604.0,13924.0,84.10596026490066,-1
548,2026-01-02T09:10:00.000000,,,2026,2026-01-02,SHORT,fib50,2.0,25650.125,25733.5,25483.375,83.375,NO_ENTRY,0.0,0,0.0,0.0,no_entry_or_no_exit,25733.5,25638.25,25699.25,25706.75,25593.5,25604.0,13924.0,84.10596026490066,-1
549,2026-01-02T09:55:00.000000,2026-01-02T13:30:00.000000,2026-01-02T15:25:00.000000,2026,2026-01-02,SHORT,fib382,1.0,25442.8485,25733.5,25152.197,290.65149999999994,WIN,47.84850000000006,24,80.84850000000006,-14.151499999999942,time_exit,25733.5,25638.25,25478.5,25493.75,25360.5,25375.0,12424.0,77.6735459662289,-1
549,2026-01-02T09:55:00.000000,2026-01-02T13:30:00.000000,2026-01-02T15:25:00.000000,2026,2026-01-02,SHORT,fib382,1.5,25442.8485,25733.5,25006.87125,290.65149999999994,WIN,47.84850000000006,24,80.84850000000006,-14.151499999999942,time_exit,25733.5,25638.25,25478.5,25493.75,25360.5,25375.0,12424.0,77.6735459662289,-1
549,2026-01-02T09:55:00.000000,2026-01-02T13:30:00.000000,2026-01-02T15:25:00.000000,2026,2026-01-02,SHORT,fib382,2.0,25442.8485,25733.5,24861.5455,290.65149999999994,WIN,47.84850000000006,24,80.84850000000006,-14.151499999999942,time_exit,25733.5,25638.25,25478.5,25493.75,25360.5,25375.0,12424.0,77.6735459662289,-1
549,2026-01-02T09:55:00.000000,2026-01-02T10:30:00.000000,2026-01-02T12:25:00.000000,2026,2026-01-02,SHORT,fib50,1.0,25427.125,25733.5,25120.75,306.375,WIN,94.625,24,123.625,-0.125,time_exit,25733.5,25638.25,25478.5,25493.75,25360.5,25375.0,12424.0,77.6735459662289,-1
549,2026-01-02T09:55:00.000000,2026-01-02T10:30:00.000000,2026-01-02T12:25:00.000000,2026,2026-01-02,SHORT,fib50,1.5,25427.125,25733.5,24967.5625,306.375,WIN,94.625,24,123.625,-0.125,time_exit,25733.5,25638.25,25478.5,25493.75,25360.5,25375.0,12424.0,77.6735459662289,-1
549,2026-01-02T09:55:00.000000,2026-01-02T10:30:00.000000,2026-01-02T12:25:00.000000,2026,2026-01-02,SHORT,fib50,2.0,25427.125,25733.5,24814.375,306.375,WIN,94.625,24,123.625,-0.125,time_exit,25733.5,25638.25,25478.5,25493.75,25360.5,25375.0,12424.0,77.6735459662289,-1
550,2026-01-14T09:45:00.000000,2026-01-14T10:05:00.000000,2026-01-14T12:00:00.000000,2026,2026-01-14,SHORT,fib382,1.0,25536.0245,25790.25,25281.799,254.22550000000047,WIN,57.524499999999534,24,102.77449999999953,-56.225500000000466,time_exit,25790.25,25620.75,25557.75,25570.5,25480.25,25483.0,13119.0,82.82548476454294,-1
550,2026-01-14T09:45:00.000000,2026-01-14T10:05:00.000000,2026-01-14T12:00:00.000000,2026,2026-01-14,SHORT,fib382,1.5,25536.0245,25790.25,25154.68625,254.22550000000047,WIN,57.524499999999534,24,102.77449999999953,-56.225500000000466,time_exit,25790.25,25620.75,25557.75,25570.5,25480.25,25483.0,13119.0,82.82548476454294,-1
550,2026-01-14T09:45:00.000000,2026-01-14T10:05:00.000000,2026-01-14T12:00:00.000000,2026,2026-01-14,SHORT,fib382,2.0,25536.0245,25790.25,25027.5735,254.22550000000047,WIN,57.524499999999534,24,102.77449999999953,-56.225500000000466,time_exit,25790.25,25620.75,25557.75,25570.5,25480.25,25483.0,13119.0,82.82548476454294,-1
550,2026-01-14T09:45:00.000000,2026-01-14T10:00:00.000000,2026-01-14T11:55:00.000000,2026,2026-01-14,SHORT,fib50,1.0,25525.375,25790.25,25260.5,264.875,WIN,75.625,24,92.125,-66.875,time_exit,25790.25,25620.75,25557.75,25570.5,25480.25,25483.0,13119.0,82.82548476454294,-1
550,2026-01-14T09:45:00.000000,2026-01-14T10:00:00.000000,2026-01-14T11:55:00.000000,2026,2026-01-14,SHORT,fib50,1.5,25525.375,25790.25,25128.0625,264.875,WIN,75.625,24,92.125,-66.875,time_exit,25790.25,25620.75,25557.75,25570.5,25480.25,25483.0,13119.0,82.82548476454294,-1
550,2026-01-14T09:45:00.000000,2026-01-14T10:00:00.000000,2026-01-14T11:55:00.000000,2026,2026-01-14,SHORT,fib50,2.0,25525.375,25790.25,24995.625,264.875,WIN,75.625,24,92.125,-66.875,time_exit,25790.25,25620.75,25557.75,25570.5,25480.25,25483.0,13119.0,82.82548476454294,-1
551,2026-01-21T13:25:00.000000,,,2026,2026-01-21,LONG,fib382,1.0,25326.911,25127.5,25526.322,199.41100000000006,NO_ENTRY,0.0,0,0.0,0.0,no_entry_or_no_exit,25223.25,25127.5,25273.0,25457.0,25246.5,25429.5,18132.0,74.34679334916865,1
551,2026-01-21T13:25:00.000000,,,2026,2026-01-21,LONG,fib382,1.5,25326.911,25127.5,25626.0275,199.41100000000006,NO_ENTRY,0.0,0,0.0,0.0,no_entry_or_no_exit,25223.25,25127.5,25273.0,25457.0,25246.5,25429.5,18132.0,74.34679334916865,1
551,2026-01-21T13:25:00.000000,,,2026,2026-01-21,LONG,fib382,2.0,25326.911,25127.5,25725.733,199.41100000000006,NO_ENTRY,0.0,0,0.0,0.0,no_entry_or_no_exit,25223.25,25127.5,25273.0,25457.0,25246.5,25429.5,18132.0,74.34679334916865,1
551,2026-01-21T13:25:00.000000,,,2026,2026-01-21,LONG,fib50,1.0,25351.75,25127.5,25576.0,224.25,NO_ENTRY,0.0,0,0.0,0.0,no_entry_or_no_exit,25223.25,25127.5,25273.0,25457.0,25246.5,25429.5,18132.0,74.34679334916865,1
551,2026-01-21T13:25:00.000000,,,2026,2026-01-21,LONG,fib50,1.5,25351.75,25127.5,25688.125,224.25,NO_ENTRY,0.0,0,0.0,0.0,no_entry_or_no_exit,25223.25,25127.5,25273.0,25457.0,25246.5,25429.5,18132.0,74.34679334916865,1
551,2026-01-21T13:25:00.000000,,,2026,2026-01-21,LONG,fib50,2.0,25351.75,25127.5,25800.25,224.25,NO_ENTRY,0.0,0,0.0,0.0,no_entry_or_no_exit,25223.25,25127.5,25273.0,25457.0,25246.5,25429.5,18132.0,74.34679334916865,1
552,2026-01-22T08:45:00.000000,2026-01-22T08:50:00.000000,2026-01-22T10:45:00.000000,2026,2026-01-22,SHORT,fib382,1.0,25618.418,25731.75,25505.086000000003,113.33199999999852,LOSS,-68.83199999999852,24,81.66800000000148,-75.08199999999852,time_exit,25731.75,25612.5,25646.5,25657.0,25556.0,25575.0,15377.0,70.79207920792079,-1
552,2026-01-22T08:45:00.000000,2026-01-22T08:50:00.000000,2026-01-22T10:45:00.000000,2026,2026-01-22,SHORT,fib382,1.5,25618.418,25731.75,25448.420000000006,113.33199999999852,LOSS,-68.83199999999852,24,81.66800000000148,-75.08199999999852,time_exit,25731.75,25612.5,25646.5,25657.0,25556.0,25575.0,15377.0,70.79207920792079,-1
552,2026-01-22T08:45:00.000000,2026-01-22T08:50:00.000000,2026-01-22T10:45:00.000000,2026,2026-01-22,SHORT,fib382,2.0,25618.418,25731.75,25391.754000000004,113.33199999999852,LOSS,-68.83199999999852,24,81.66800000000148,-75.08199999999852,time_exit,25731.75,25612.5,25646.5,25657.0,25556.0,25575.0,15377.0,70.79207920792079,-1
552,2026-01-22T08:45:00.000000,2026-01-22T08:50:00.000000,2026-01-22T10:45:00.000000,2026,2026-01-22,SHORT,fib50,1.0,25606.5,25731.75,25481.25,125.25,LOSS,-80.75,24,69.75,-87.0,time_exit,25731.75,25612.5,25646.5,25657.0,25556.0,25575.0,15377.0,70.79207920792079,-1
552,2026-01-22T08:45:00.000000,2026-01-22T08:50:00.000000,2026-01-22T10:45:00.000000,2026,2026-01-22,SHORT,fib50,1.5,25606.5,25731.75,25418.625,125.25,LOSS,-80.75,24,69.75,-87.0,time_exit,25731.75,25612.5,25646.5,25657.0,25556.0,25575.0,15377.0,70.79207920792079,-1
552,2026-01-22T08:45:00.000000,2026-01-22T08:50:00.000000,2026-01-22T10:45:00.000000,2026,2026-01-22,SHORT,fib50,2.0,25606.5,25731.75,25356.0,125.25,LOSS,-80.75,24,69.75,-87.0,time_exit,25731.75,25612.5,25646.5,25657.0,25556.0,25575.0,15377.0,70.79207920792079,-1
553,2026-01-30T12:30:00.000000,2026-01-30T12:45:00.000000,2026-01-30T14:40:00.000000,2026,2026-01-30,SHORT,fib382,1.0,25650.089,25940.0,25360.178,289.91100000000006,WIN,0.8389999999999418,24,78.83899999999994,-131.41100000000006,time_exit,25940.0,25813.5,25671.5,25682.75,25597.25,25604.5,6743.0,78.3625730994152,-1
553,2026-01-30T12:30:00.000000,2026-01-30T12:45:00.000000,2026-01-30T14:40:00.000000,2026,2026-01-30,SHORT,fib382,1.5,25650.089,25940.0,25215.2225,289.91100000000006,WIN,0.8389999999999418,24,78.83899999999994,-131.41100000000006,time_exit,25940.0,25813.5,25671.5,25682.75,25597.25,25604.5,6743.0,78.3625730994152,-1
553,2026-01-30T12:30:00.000000,2026-01-30T12:45:00.000000,2026-01-30T14:40:00.000000,2026,2026-01-30,SHORT,fib382,2.0,25650.089,25940.0,25070.267,289.91100000000006,WIN,0.8389999999999418,24,78.83899999999994,-131.41100000000006,time_exit,25940.0,25813.5,25671.5,25682.75,25597.25,25604.5,6743.0,78.3625730994152,-1
553,2026-01-30T12:30:00.000000,2026-01-30T12:35:00.000000,2026-01-30T14:30:00.000000,2026,2026-01-30,SHORT,fib50,1.0,25640.0,25940.0,25340.0,300.0,WIN,17.5,24,68.75,-141.5,time_exit,25940.0,25813.5,25671.5,25682.75,25597.25,25604.5,6743.0,78.3625730994152,-1
553,2026-01-30T12:30:00.000000,2026-01-30T12:35:00.000000,2026-01-30T14:30:00.000000,2026,2026-01-30,SHORT,fib50,1.5,25640.0,25940.0,25190.0,300.0,WIN,17.5,24,68.75,-141.5,time_exit,25940.0,25813.5,25671.5,25682.75,25597.25,25604.5,6743.0,78.3625730994152,-1
553,2026-01-30T12:30:00.000000,2026-01-30T12:35:00.000000,2026-01-30T14:30:00.000000,2026,2026-01-30,SHORT,fib50,2.0,25640.0,25940.0,25040.0,300.0,WIN,17.5,24,68.75,-141.5,time_exit,25940.0,25813.5,25671.5,25682.75,25597.25,25604.5,6743.0,78.3625730994152,-1
554,2026-02-03T08:55:00.000000,,,2026,2026-02-03,SHORT,fib382,1.0,25688.2945,25952.25,25424.339,263.95550000000003,NO_ENTRY,0.0,0,0.0,0.0,no_entry_or_no_exit,25952.25,25723.0,25719.75,25728.5,25623.25,25633.0,15601.0,82.42280285035629,-1
554,2026-02-03T08:55:00.000000,,,2026,2026-02-03,SHORT,fib382,1.5,25688.2945,25952.25,25292.36125,263.95550000000003,NO_ENTRY,0.0,0,0.0,0.0,no_entry_or_no_exit,25952.25,25723.0,25719.75,25728.5,25623.25,25633.0,15601.0,82.42280285035629,-1
554,2026-02-03T08:55:00.000000,,,2026,2026-02-03,SHORT,fib382,2.0,25688.2945,25952.25,25160.3835,263.95550000000003,NO_ENTRY,0.0,0,0.0,0.0,no_entry_or_no_exit,25952.25,25723.0,25719.75,25728.5,25623.25,25633.0,15601.0,82.42280285035629,-1
554,2026-02-03T08:55:00.000000,,,2026,2026-02-03,SHORT,fib50,1.0,25675.875,25952.25,25399.5,276.375,NO_ENTRY,0.0,0,0.0,0.0,no_entry_or_no_exit,25952.25,25723.0,25719.75,25728.5,25623.25,25633.0,15601.0,82.42280285035629,-1
554,2026-02-03T08:55:00.000000,,,2026,2026-02-03,SHORT,fib50,1.5,25675.875,25952.25,25261.3125,276.375,NO_ENTRY,0.0,0,0.0,0.0,no_entry_or_no_exit,25952.25,25723.0,25719.75,25728.5,25623.25,25633.0,15601.0,82.42280285035629,-1
554,2026-02-03T08:55:00.000000,,,2026,2026-02-03,SHORT,fib50,2.0,25675.875,25952.25,25123.125,276.375,NO_ENTRY,0.0,0,0.0,0.0,no_entry_or_no_exit,25952.25,25723.0,25719.75,25728.5,25623.25,25633.0,15601.0,82.42280285035629,-1
555,2026-02-03T09:20:00.000000,2026-02-03T09:25:00.000000,2026-02-03T11:20:00.000000,2026,2026-02-03,SHORT,fib382,1.0,25556.104,25952.25,25159.958,396.14600000000064,WIN,105.10399999999936,24,154.85399999999936,-75.39600000000064,time_exit,25952.25,25723.0,25575.0,25605.0,25477.0,25479.75,15241.0,74.4140625,-1
555,2026-02-03T09:20:00.000000,2026-02-03T09:25:00.000000,2026-02-03T11:20:00.000000,2026,2026-02-03,SHORT,fib382,1.5,25556.104,25952.25,24961.885,396.14600000000064,WIN,105.10399999999936,24,154.85399999999936,-75.39600000000064,time_exit,25952.25,25723.0,25575.0,25605.0,25477.0,25479.75,15241.0,74.4140625,-1
555,2026-02-03T09:20:00.000000,2026-02-03T09:25:00.000000,2026-02-03T11:20:00.000000,2026,2026-02-03,SHORT,fib382,2.0,25556.104,25952.25,24763.811999999998,396.14600000000064,WIN,105.10399999999936,24,154.85399999999936,-75.39600000000064,time_exit,25952.25,25723.0,25575.0,25605.0,25477.0,25479.75,15241.0,74.4140625,-1
555,2026-02-03T09:20:00.000000,2026-02-03T09:25:00.000000,2026-02-03T11:20:00.000000,2026,2026-02-03,SHORT,fib50,1.0,25541.0,25952.25,25129.75,411.25,WIN,90.0,24,139.75,-90.5,time_exit,25952.25,25723.0,25575.0,25605.0,25477.0,25479.75,15241.0,74.4140625,-1
555,2026-02-03T09:20:00.000000,2026-02-03T09:25:00.000000,2026-02-03T11:20:00.000000,2026,2026-02-03,SHORT,fib50,1.5,25541.0,25952.25,24924.125,411.25,WIN,90.0,24,139.75,-90.5,time_exit,25952.25,25723.0,25575.0,25605.0,25477.0,25479.75,15241.0,74.4140625,-1
555,2026-02-03T09:20:00.000000,2026-02-03T09:25:00.000000,2026-02-03T11:20:00.000000,2026,2026-02-03,SHORT,fib50,2.0,25541.0,25952.25,24718.5,411.25,WIN,90.0,24,139.75,-90.5,time_exit,25952.25,25723.0,25575.0,25605.0,25477.0,25479.75,15241.0,74.4140625,-1
556,2026-02-03T11:10:00.000000,2026-02-03T11:25:00.000000,2026-02-03T13:20:00.000000,2026,2026-02-03,SHORT,fib382,1.0,25463.8225,25952.25,24975.394999999997,488.4275000000016,WIN,141.0724999999984,24,244.8224999999984,-2.1775000000016007,time_exit,25952.25,25723.0,25493.5,25502.5,25401.25,25419.25,11967.0,73.33333333333333,-1
556,2026-02-03T11:10:00.000000,2026-02-03T11:25:00.000000,2026-02-03T13:20:00.000000,2026,2026-02-03,SHORT,fib382,1.5,25463.8225,25952.25,24731.181249999994,488.4275000000016,WIN,141.0724999999984,24,244.8224999999984,-2.1775000000016007,time_exit,25952.25,25723.0,25493.5,25502.5,25401.25,25419.25,11967.0,73.33333333333333,-1
556,2026-02-03T11:10:00.000000,2026-02-03T11:25:00.000000,2026-02-03T13:20:00.000000,2026,2026-02-03,SHORT,fib382,2.0,25463.8225,25952.25,24486.967499999995,488.4275000000016,WIN,141.0724999999984,24,244.8224999999984,-2.1775000000016007,time_exit,25952.25,25723.0,25493.5,25502.5,25401.25,25419.25,11967.0,73.33333333333333,-1
556,2026-02-03T11:10:00.000000,2026-02-03T11:15:00.000000,2026-02-03T13:10:00.000000,2026,2026-02-03,SHORT,fib50,1.0,25451.875,25952.25,24951.5,500.375,WIN,129.125,24,232.875,-14.125,time_exit,25952.25,25723.0,25493.5,25502.5,25401.25,25419.25,11967.0,73.33333333333333,-1
556,2026-02-03T11:10:00.000000,2026-02-03T11:15:00.000000,2026-02-03T13:10:00.000000,2026,2026-02-03,SHORT,fib50,1.5,25451.875,25952.25,24701.3125,500.375,WIN,129.125,24,232.875,-14.125,time_exit,25952.25,25723.0,25493.5,25502.5,25401.25,25419.25,11967.0,73.33333333333333,-1
556,2026-02-03T11:10:00.000000,2026-02-03T11:15:00.000000,2026-02-03T13:10:00.000000,2026,2026-02-03,SHORT,fib50,2.0,25451.875,25952.25,24451.125,500.375,WIN,129.125,24,232.875,-14.125,time_exit,25952.25,25723.0,25493.5,25502.5,25401.25,25419.25,11967.0,73.33333333333333,-1
557,2026-02-04T09:30:00.000000,2026-02-04T09:35:00.000000,2026-02-04T10:05:00.000000,2026,2026-02-04,SHORT,fib382,1.0,25223.1735,25390.0,25056.347,166.8264999999992,WIN,166.8264999999992,7,170.6735000000008,-47.826499999999214,target,25390.0,25230.0,25248.0,25259.75,25164.0,25175.25,10013.0,75.97911227154047,-1
557,2026-02-04T09:30:00.000000,2026-02-04T09:35:00.000000,2026-02-04T10:45:00.000000,2026,2026-02-04,SHORT,fib382,1.5,25223.1735,25390.0,24972.933750000004,166.8264999999992,WIN,250.23974999999882,15,282.9235000000008,-47.826499999999214,target,25390.0,25230.0,25248.0,25259.75,25164.0,25175.25,10013.0,75.97911227154047,-1
557,2026-02-04T09:30:00.000000,2026-02-04T09:35:00.000000,2026-02-04T11:25:00.000000,2026,2026-02-04,SHORT,fib382,2.0,25223.1735,25390.0,24889.520500000002,166.8264999999992,WIN,333.6529999999984,23,349.1735000000008,-47.826499999999214,target,25390.0,25230.0,25248.0,25259.75,25164.0,25175.25,10013.0,75.97911227154047,-1
557,2026-02-04T09:30:00.000000,2026-02-04T09:35:00.000000,2026-02-04T10:40:00.000000,2026,2026-02-04,SHORT,fib50,1.0,25211.875,25390.0,25033.75,178.125,WIN,178.125,14,236.875,-59.125,target,25390.0,25230.0,25248.0,25259.75,25164.0,25175.25,10013.0,75.97911227154047,-1
557,2026-02-04T09:30:00.000000,2026-02-04T09:35:00.000000,2026-02-04T10:45:00.000000,2026,2026-02-04,SHORT,fib50,1.5,25211.875,25390.0,24944.6875,178.125,WIN,267.1875,15,271.625,-59.125,target,25390.0,25230.0,25248.0,25259.75,25164.0,25175.25,10013.0,75.97911227154047,-1
557,2026-02-04T09:30:00.000000,2026-02-04T09:35:00.000000,2026-02-04T11:30:00.000000,2026,2026-02-04,SHORT,fib50,2.0,25211.875,25390.0,24855.625,178.125,WIN,327.875,24,345.125,-59.125,time_exit,25390.0,25230.0,25248.0,25259.75,25164.0,25175.25,10013.0,75.97911227154047,-1
558,2026-02-04T10:00:00.000000,2026-02-04T10:10:00.000000,2026-02-04T11:25:00.000000,2026,2026-02-04,SHORT,fib382,1.0,25133.491,25390.0,24876.982000000004,256.5089999999982,WIN,256.5089999999982,16,259.4910000000018,-8.508999999998196,target,25390.0,25230.0,25152.25,25171.5,25072.0,25072.75,10686.0,79.89949748743719,-1
558,2026-02-04T10:00:00.000000,2026-02-04T10:10:00.000000,2026-02-04T12:05:00.000000,2026,2026-02-04,SHORT,fib382,1.5,25133.491,25390.0,24748.727500000005,256.5089999999982,WIN,311.2410000000018,24,349.9910000000018,-8.508999999998196,time_exit,25390.0,25230.0,25152.25,25171.5,25072.0,25072.75,10686.0,79.89949748743719,-1
558,2026-02-04T10:00:00.000000,2026-02-04T10:10:00.000000,2026-02-04T12:05:00.000000,2026,2026-02-04,SHORT,fib382,2.0,25133.491,25390.0,24620.473000000005,256.5089999999982,WIN,311.2410000000018,24,349.9910000000018,-8.508999999998196,time_exit,25390.0,25230.0,25152.25,25171.5,25072.0,25072.75,10686.0,79.89949748743719,-1
558,2026-02-04T10:00:00.000000,2026-02-04T10:10:00.000000,2026-02-04T11:35:00.000000,2026,2026-02-04,SHORT,fib50,1.0,25121.75,25390.0,24853.5,268.25,WIN,268.25,18,306.5,-20.25,target,25390.0,25230.0,25152.25,25171.5,25072.0,25072.75,10686.0,79.89949748743719,-1
558,2026-02-04T10:00:00.000000,2026-02-04T10:10:00.000000,2026-02-04T12:05:00.000000,2026,2026-02-04,SHORT,fib50,1.5,25121.75,25390.0,24719.375,268.25,WIN,299.5,24,338.25,-20.25,time_exit,25390.0,25230.0,25152.25,25171.5,25072.0,25072.75,10686.0,79.89949748743719,-1
558,2026-02-04T10:00:00.000000,2026-02-04T10:10:00.000000,2026-02-04T12:05:00.000000,2026,2026-02-04,SHORT,fib50,2.0,25121.75,25390.0,24585.25,268.25,WIN,299.5,24,338.25,-20.25,time_exit,25390.0,25230.0,25152.25,25171.5,25072.0,25072.75,10686.0,79.89949748743719,-1
559,2026-02-04T10:30:00.000000,2026-02-04T13:45:00.000000,2026-02-04T15:40:00.000000,2026,2026-02-04,SHORT,fib382,1.0,25108.1,25390.0,24826.199999999997,281.90000000000146,LOSS,-45.650000000001455,24,232.09999999999854,-73.15000000000146,time_exit,25390.0,25230.0,25130.75,25136.75,25061.75,25064.25,6449.0,88.66666666666667,-1
559,2026-02-04T10:30:00.000000,2026-02-04T13:45:00.000000,2026-02-04T15:40:00.000000,2026,2026-02-04,SHORT,fib382,1.5,25108.1,25390.0,24685.249999999996,281.90000000000146,LOSS,-45.650000000001455,24,232.09999999999854,-73.15000000000146,time_exit,25390.0,25230.0,25130.75,25136.75,25061.75,25064.25,6449.0,88.66666666666667,-1
559,2026-02-04T10:30:00.000000,2026-02-04T13:45:00.000000,2026-02-04T15:40:00.000000,2026,2026-02-04,SHORT,fib382,2.0,25108.1,25390.0,24544.299999999996,281.90000000000146,LOSS,-45.650000000001455,24,232.09999999999854,-73.15000000000146,time_exit,25390.0,25230.0,25130.75,25136.75,25061.75,25064.25,6449.0,88.66666666666667,-1
559,2026-02-04T10:30:00.000000,2026-02-04T13:45:00.000000,2026-02-04T15:40:00.000000,2026,2026-02-04,SHORT,fib50,1.0,25099.25,25390.0,24808.5,290.75,LOSS,-54.5,24,223.25,-82.0,time_exit,25390.0,25230.0,25130.75,25136.75,25061.75,25064.25,6449.0,88.66666666666667,-1
559,2026-02-04T10:30:00.000000,2026-02-04T13:45:00.000000,2026-02-04T15:40:00.000000,2026,2026-02-04,SHORT,fib50,1.5,25099.25,25390.0,24663.125,290.75,LOSS,-54.5,24,223.25,-82.0,time_exit,25390.0,25230.0,25130.75,25136.75,25061.75,25064.25,6449.0,88.66666666666667,-1
559,2026-02-04T10:30:00.000000,2026-02-04T13:45:00.000000,2026-02-04T15:40:00.000000,2026,2026-02-04,SHORT,fib50,2.0,25099.25,25390.0,24517.75,290.75,LOSS,-54.5,24,223.25,-82.0,time_exit,25390.0,25230.0,25130.75,25136.75,25061.75,25064.25,6449.0,88.66666666666667,-1
560,2026-02-04T11:25:00.000000,2026-02-04T11:30:00.000000,2026-02-04T13:25:00.000000,2026,2026-02-04,SHORT,fib382,1.0,24941.671,25390.0,24493.341999999997,448.32900000000154,LOSS,-21.829000000001543,24,158.17099999999846,-26.079000000001543,time_exit,25390.0,25230.0,24974.0,24983.5,24874.0,24889.5,12154.0,77.1689497716895,-1
560,2026-02-04T11:25:00.000000,2026-02-04T11:30:00.000000,2026-02-04T13:25:00.000000,2026,2026-02-04,SHORT,fib382,1.5,24941.671,25390.0,24269.177499999998,448.32900000000154,LOSS,-21.829000000001543,24,158.17099999999846,-26.079000000001543,time_exit,25390.0,25230.0,24974.0,24983.5,24874.0,24889.5,12154.0,77.1689497716895,-1
560,2026-02-04T11:25:00.000000,2026-02-04T11:30:00.000000,2026-02-04T13:25:00.000000,2026,2026-02-04,SHORT,fib382,2.0,24941.671,25390.0,24045.012999999995,448.32900000000154,LOSS,-21.829000000001543,24,158.17099999999846,-26.079000000001543,time_exit,25390.0,25230.0,24974.0,24983.5,24874.0,24889.5,12154.0,77.1689497716895,-1
560,2026-02-04T11:25:00.000000,2026-02-04T11:30:00.000000,2026-02-04T13:25:00.000000,2026,2026-02-04,SHORT,fib50,1.0,24928.75,25390.0,24467.5,461.25,LOSS,-34.75,24,145.25,-39.0,time_exit,25390.0,25230.0,24974.0,24983.5,24874.0,24889.5,12154.0,77.1689497716895,-1
560,2026-02-04T11:25:00.000000,2026-02-04T11:30:00.000000,2026-02-04T13:25:00.000000,2026,2026-02-04,SHORT,fib50,1.5,24928.75,25390.0,24236.875,461.25,LOSS,-34.75,24,145.25,-39.0,time_exit,25390.0,25230.0,24974.0,24983.5,24874.0,24889.5,12154.0,77.1689497716895,-1
560,2026-02-04T11:25:00.000000,2026-02-04T11:30:00.000000,2026-02-04T13:25:00.000000,2026,2026-02-04,SHORT,fib50,2.0,24928.75,25390.0,24006.25,461.25,LOSS,-34.75,24,145.25,-39.0,time_exit,25390.0,25230.0,24974.0,24983.5,24874.0,24889.5,12154.0,77.1689497716895,-1
561,2026-02-04T12:30:00.000000,2026-02-04T12:40:00.000000,2026-02-04T14:35:00.000000,2026,2026-02-04,SHORT,fib382,1.0,24909.106,25390.0,24428.212,480.89400000000023,LOSS,-176.89400000000023,24,75.35599999999977,-214.64400000000023,time_exit,25390.0,25230.0,24942.0,24944.25,24852.25,24874.25,7766.0,73.6413043478261,-1
561,2026-02-04T12:30:00.000000,2026-02-04T12:40:00.000000,2026-02-04T14:35:00.000000,2026,2026-02-04,SHORT,fib382,1.5,24909.106,25390.0,24187.765,480.89400000000023,LOSS,-176.89400000000023,24,75.35599999999977,-214.64400000000023,time_exit,25390.0,25230.0,24942.0,24944.25,24852.25,24874.25,7766.0,73.6413043478261,-1
561,2026-02-04T12:30:00.000000,2026-02-04T12:40:00.000000,2026-02-04T14:35:00.000000,2026,2026-02-04,SHORT,fib382,2.0,24909.106,25390.0,23947.318,480.89400000000023,LOSS,-176.89400000000023,24,75.35599999999977,-214.64400000000023,time_exit,25390.0,25230.0,24942.0,24944.25,24852.25,24874.25,7766.0,73.6413043478261,-1
561,2026-02-04T12:30:00.000000,2026-02-04T12:35:00.000000,2026-02-04T14:30:00.000000,2026,2026-02-04,SHORT,fib50,1.0,24898.25,25390.0,24406.5,491.75,LOSS,-167.25,24,64.5,-225.5,time_exit,25390.0,25230.0,24942.0,24944.25,24852.25,24874.25,7766.0,73.6413043478261,-1
561,2026-02-04T12:30:00.000000,2026-02-04T12:35:00.000000,2026-02-04T14:30:00.000000,2026,2026-02-04,SHORT,fib50,1.5,24898.25,25390.0,24160.625,491.75,LOSS,-167.25,24,64.5,-225.5,time_exit,25390.0,25230.0,24942.0,24944.25,24852.25,24874.25,7766.0,73.6413043478261,-1
561,2026-02-04T12:30:00.000000,2026-02-04T12:35:00.000000,2026-02-04T14:30:00.000000,2026,2026-02-04,SHORT,fib50,2.0,24898.25,25390.0,23914.75,491.75,LOSS,-167.25,24,64.5,-225.5,time_exit,25390.0,25230.0,24942.0,24944.25,24852.25,24874.25,7766.0,73.6413043478261,-1
562,2026-02-04T14:50:00.000000,2026-02-04T15:00:00.000000,2026-02-04T17:55:00.000000,2026,2026-02-04,SHORT,fib382,1.0,25056.1735,25390.0,24722.347,333.8264999999992,LOSS,-10.826499999999214,24,180.1735000000008,-125.07649999999921,time_exit,25390.0,25230.0,25088.0,25092.75,24997.0,25003.5,6617.0,88.25065274151436,-1
562,2026-02-04T14:50:00.000000,2026-02-04T15:00:00.000000,2026-02-04T17:55:00.000000,2026,2026-02-04,SHORT,fib382,1.5,25056.1735,25390.0,24555.433750000004,333.8264999999992,LOSS,-10.826499999999214,24,180.1735000000008,-125.07649999999921,time_exit,25390.0,25230.0,25088.0,25092.75,24997.0,25003.5,6617.0,88.25065274151436,-1
562,2026-02-04T14:50:00.000000,2026-02-04T15:00:00.000000,2026-02-04T17:55:00.000000,2026,2026-02-04,SHORT,fib382,2.0,25056.1735,25390.0,24388.520500000002,333.8264999999992,LOSS,-10.826499999999214,24,180.1735000000008,-125.07649999999921,time_exit,25390.0,25230.0,25088.0,25092.75,24997.0,25003.5,6617.0,88.25065274151436,-1
562,2026-02-04T14:50:00.000000,2026-02-04T15:00:00.000000,2026-02-04T17:55:00.000000,2026,2026-02-04,SHORT,fib50,1.0,25044.875,25390.0,24699.75,345.125,LOSS,-22.125,24,168.875,-136.375,time_exit,25390.0,25230.0,25088.0,25092.75,24997.0,25003.5,6617.0,88.25065274151436,-1
562,2026-02-04T14:50:00.000000,2026-02-04T15:00:00.000000,2026-02-04T17:55:00.000000,2026,2026-02-04,SHORT,fib50,1.5,25044.875,25390.0,24527.1875,345.125,LOSS,-22.125,24,168.875,-136.375,time_exit,25390.0,25230.0,25088.0,25092.75,24997.0,25003.5,6617.0,88.25065274151436,-1
562,2026-02-04T14:50:00.000000,2026-02-04T15:00:00.000000,2026-02-04T17:55:00.000000,2026,2026-02-04,SHORT,fib50,2.0,25044.875,25390.0,24354.625,345.125,LOSS,-22.125,24,168.875,-136.375,time_exit,25390.0,25230.0,25088.0,25092.75,24997.0,25003.5,6617.0,88.25065274151436,-1
563,2026-02-05T09:10:00.000000,2026-02-05T09:15:00.000000,2026-02-05T11:10:00.000000,2026,2026-02-05,SHORT,fib382,1.0,24645.4695,24936.0,24354.939,290.53050000000076,LOSS,-126.78050000000076,24,102.21949999999924,-211.03050000000076,time_exit,24936.0,24652.0,24674.5,24700.0,24557.25,24559.75,13623.0,80.38528896672504,-1
563,2026-02-05T09:10:00.000000,2026-02-05T09:15:00.000000,2026-02-05T11:10:00.000000,2026,2026-02-05,SHORT,fib382,1.5,24645.4695,24936.0,24209.673749999998,290.53050000000076,LOSS,-126.78050000000076,24,102.21949999999924,-211.03050000000076,time_exit,24936.0,24652.0,24674.5,24700.0,24557.25,24559.75,13623.0,80.38528896672504,-1
563,2026-02-05T09:10:00.000000,2026-02-05T09:15:00.000000,2026-02-05T11:10:00.000000,2026,2026-02-05,SHORT,fib382,2.0,24645.4695,24936.0,24064.408499999998,290.53050000000076,LOSS,-126.78050000000076,24,102.21949999999924,-211.03050000000076,time_exit,24936.0,24652.0,24674.5,24700.0,24557.25,24559.75,13623.0,80.38528896672504,-1
563,2026-02-05T09:10:00.000000,2026-02-05T09:15:00.000000,2026-02-05T11:10:00.000000,2026,2026-02-05,SHORT,fib50,1.0,24628.625,24936.0,24321.25,307.375,LOSS,-143.625,24,85.375,-227.875,time_exit,24936.0,24652.0,24674.5,24700.0,24557.25,24559.75,13623.0,80.38528896672504,-1
563,2026-02-05T09:10:00.000000,2026-02-05T09:15:00.000000,2026-02-05T11:10:00.000000,2026,2026-02-05,SHORT,fib50,1.5,24628.625,24936.0,24167.5625,307.375,LOSS,-143.625,24,85.375,-227.875,time_exit,24936.0,24652.0,24674.5,24700.0,24557.25,24559.75,13623.0,80.38528896672504,-1
563,2026-02-05T09:10:00.000000,2026-02-05T09:15:00.000000,2026-02-05T11:10:00.000000,2026,2026-02-05,SHORT,fib50,2.0,24628.625,24936.0,24013.875,307.375,LOSS,-143.625,24,85.375,-227.875,time_exit,24936.0,24652.0,24674.5,24700.0,24557.25,24559.75,13623.0,80.38528896672504,-1
564,2026-02-11T08:55:00.000000,2026-02-11T13:25:00.000000,2026-02-11T15:20:00.000000,2026,2026-02-11,SHORT,fib382,1.0,25355.817,25465.25,25246.384,109.4330000000009,WIN,76.5669999999991,24,87.8169999999991,-4.683000000000902,time_exit,25465.25,25339.25,25377.0,25396.5,25290.0,25305.25,9713.0,67.37089201877934,-1
564,2026-02-11T08:55:00.000000,2026-02-11T13:25:00.000000,2026-02-11T15:20:00.000000,2026,2026-02-11,SHORT,fib382,1.5,25355.817,25465.25,25191.667499999996,109.4330000000009,WIN,76.5669999999991,24,87.8169999999991,-4.683000000000902,time_exit,25465.25,25339.25,25377.0,25396.5,25290.0,25305.25,9713.0,67.37089201877934,-1
564,2026-02-11T08:55:00.000000,2026-02-11T13:25:00.000000,2026-02-11T15:20:00.000000,2026,2026-02-11,SHORT,fib382,2.0,25355.817,25465.25,25136.950999999997,109.4330000000009,WIN,76.5669999999991,24,87.8169999999991,-4.683000000000902,time_exit,25465.25,25339.25,25377.0,25396.5,25290.0,25305.25,9713.0,67.37089201877934,-1
564,2026-02-11T08:55:00.000000,2026-02-11T09:00:00.000000,2026-02-11T09:10:00.000000,2026,2026-02-11,SHORT,fib50,1.0,25343.25,25465.25,25221.25,122.0,WIN,122.0,3,201.5,0.0,target,25465.25,25339.25,25377.0,25396.5,25290.0,25305.25,9713.0,67.37089201877934,-1
564,2026-02-11T08:55:00.000000,2026-02-11T09:00:00.000000,2026-02-11T09:10:00.000000,2026,2026-02-11,SHORT,fib50,1.5,25343.25,25465.25,25160.25,122.0,WIN,183.0,3,201.5,0.0,target,25465.25,25339.25,25377.0,25396.5,25290.0,25305.25,9713.0,67.37089201877934,-1
564,2026-02-11T08:55:00.000000,2026-02-11T09:00:00.000000,2026-02-11T09:20:00.000000,2026,2026-02-11,SHORT,fib50,2.0,25343.25,25465.25,25099.25,122.0,WIN,244.0,5,277.75,0.0,target,25465.25,25339.25,25377.0,25396.5,25290.0,25305.25,9713.0,67.37089201877934,-1
565,2026-02-11T10:25:00.000000,2026-02-11T10:40:00.000000,2026-02-11T12:35:00.000000,2026,2026-02-11,SHORT,fib382,1.0,25241.572,25465.25,25017.894,223.67799999999988,LOSS,-37.677999999999884,24,99.82200000000012,-83.42799999999988,time_exit,25465.25,25339.25,25265.25,25271.75,25192.75,25193.0,5385.0,91.45569620253164,-1
565,2026-02-11T10:25:00.000000,2026-02-11T10:40:00.000000,2026-02-11T12:35:00.000000,2026,2026-02-11,SHORT,fib382,1.5,25241.572,25465.25,24906.055,223.67799999999988,LOSS,-37.677999999999884,24,99.82200000000012,-83.42799999999988,time_exit,25465.25,25339.25,25265.25,25271.75,25192.75,25193.0,5385.0,91.45569620253164,-1
565,2026-02-11T10:25:00.000000,2026-02-11T10:40:00.000000,2026-02-11T12:35:00.000000,2026,2026-02-11,SHORT,fib382,2.0,25241.572,25465.25,24794.216,223.67799999999988,LOSS,-37.677999999999884,24,99.82200000000012,-83.42799999999988,time_exit,25465.25,25339.25,25265.25,25271.75,25192.75,25193.0,5385.0,91.45569620253164,-1
565,2026-02-11T10:25:00.000000,2026-02-11T10:40:00.000000,2026-02-11T12:35:00.000000,2026,2026-02-11,SHORT,fib50,1.0,25232.25,25465.25,24999.25,233.0,LOSS,-47.0,24,90.5,-92.75,time_exit,25465.25,25339.25,25265.25,25271.75,25192.75,25193.0,5385.0,91.45569620253164,-1
565,2026-02-11T10:25:00.000000,2026-02-11T10:40:00.000000,2026-02-11T12:35:00.000000,2026,2026-02-11,SHORT,fib50,1.5,25232.25,25465.25,24882.75,233.0,LOSS,-47.0,24,90.5,-92.75,time_exit,25465.25,25339.25,25265.25,25271.75,25192.75,25193.0,5385.0,91.45569620253164,-1
565,2026-02-11T10:25:00.000000,2026-02-11T10:40:00.000000,2026-02-11T12:35:00.000000,2026,2026-02-11,SHORT,fib50,2.0,25232.25,25465.25,24766.25,233.0,LOSS,-47.0,24,90.5,-92.75,time_exit,25465.25,25339.25,25265.25,25271.75,25192.75,25193.0,5385.0,91.45569620253164,-1
566,2026-02-12T08:55:00.000000,2026-02-12T09:00:00.000000,2026-02-12T09:40:00.000000,2026,2026-02-12,SHORT,fib382,1.0,25240.7885,25392.5,25089.076999999997,151.71150000000125,WIN,151.71150000000125,9,158.78849999999875,-19.46150000000125,target,25392.5,25304.0,25273.25,25274.5,25186.25,25208.25,10479.0,73.65439093484419,-1
566,2026-02-12T08:55:00.000000,2026-02-12T09:00:00.000000,2026-02-12T09:55:00.000000,2026,2026-02-12,SHORT,fib382,1.5,25240.7885,25392.5,25013.221249999995,151.71150000000125,WIN,227.56725000000188,12,234.28849999999875,-19.46150000000125,target,25392.5,25304.0,25273.25,25274.5,25186.25,25208.25,10479.0,73.65439093484419,-1
566,2026-02-12T08:55:00.000000,2026-02-12T09:00:00.000000,2026-02-12T10:10:00.000000,2026,2026-02-12,SHORT,fib382,2.0,25240.7885,25392.5,24937.365499999996,151.71150000000125,WIN,303.4230000000025,15,312.53849999999875,-19.46150000000125,target,25392.5,25304.0,25273.25,25274.5,25186.25,25208.25,10479.0,73.65439093484419,-1
566,2026-02-12T08:55:00.000000,2026-02-12T09:00:00.000000,2026-02-12T09:50:00.000000,2026,2026-02-12,SHORT,fib50,1.0,25230.375,25392.5,25068.25,162.125,WIN,162.125,11,178.375,-29.875,target,25392.5,25304.0,25273.25,25274.5,25186.25,25208.25,10479.0,73.65439093484419,-1
566,2026-02-12T08:55:00.000000,2026-02-12T09:00:00.000000,2026-02-12T10:00:00.000000,2026,2026-02-12,SHORT,fib50,1.5,25230.375,25392.5,24987.1875,162.125,WIN,243.1875,13,243.875,-29.875,target,25392.5,25304.0,25273.25,25274.5,25186.25,25208.25,10479.0,73.65439093484419,-1
566,2026-02-12T08:55:00.000000,2026-02-12T09:00:00.000000,2026-02-12T10:15:00.000000,2026,2026-02-12,SHORT,fib50,2.0,25230.375,25392.5,24906.125,162.125,WIN,324.25,16,344.875,-29.875,target,25392.5,25304.0,25273.25,25274.5,25186.25,25208.25,10479.0,73.65439093484419,-1
567,2026-02-13T09:25:00.000000,2026-02-13T09:40:00.000000,2026-02-13T11:35:00.000000,2026,2026-02-13,LONG,fib382,1.0,24809.4725,24578.75,25040.195,230.72249999999985,WIN,170.02750000000015,24,176.27750000000015,-88.47249999999985,time_exit,24799.75,24578.75,24776.75,24870.5,24771.75,24848.5,10112.0,72.65822784810126,1
567,2026-02-13T09:25:00.000000,2026-02-13T09:40:00.000000,2026-02-13T11:35:00.000000,2026,2026-02-13,LONG,fib382,1.5,24809.4725,24578.75,25155.55625,230.72249999999985,WIN,170.02750000000015,24,176.27750000000015,-88.47249999999985,time_exit,24799.75,24578.75,24776.75,24870.5,24771.75,24848.5,10112.0,72.65822784810126,1
567,2026-02-13T09:25:00.000000,2026-02-13T09:40:00.000000,2026-02-13T11:35:00.000000,2026,2026-02-13,LONG,fib382,2.0,24809.4725,24578.75,25270.9175,230.72249999999985,WIN,170.02750000000015,24,176.27750000000015,-88.47249999999985,time_exit,24799.75,24578.75,24776.75,24870.5,24771.75,24848.5,10112.0,72.65822784810126,1
567,2026-02-13T09:25:00.000000,2026-02-13T09:40:00.000000,2026-02-13T11:35:00.000000,2026,2026-02-13,LONG,fib50,1.0,24821.125,24578.75,25063.5,242.375,WIN,158.375,24,164.625,-100.125,time_exit,24799.75,24578.75,24776.75,24870.5,24771.75,24848.5,10112.0,72.65822784810126,1
567,2026-02-13T09:25:00.000000,2026-02-13T09:40:00.000000,2026-02-13T11:35:00.000000,2026,2026-02-13,LONG,fib50,1.5,24821.125,24578.75,25184.6875,242.375,WIN,158.375,24,164.625,-100.125,time_exit,24799.75,24578.75,24776.75,24870.5,24771.75,24848.5,10112.0,72.65822784810126,1
567,2026-02-13T09:25:00.000000,2026-02-13T09:40:00.000000,2026-02-13T11:35:00.000000,2026,2026-02-13,LONG,fib50,2.0,24821.125,24578.75,25305.875,242.375,WIN,158.375,24,164.625,-100.125,time_exit,24799.75,24578.75,24776.75,24870.5,24771.75,24848.5,10112.0,72.65822784810126,1
568,2026-02-17T08:50:00.000000,2026-02-17T09:15:00.000000,2026-02-17T11:10:00.000000,2026,2026-02-17,SHORT,fib382,1.0,24618.8995,24815.75,24422.049,196.85050000000047,LOSS,-83.85050000000047,24,169.64949999999953,-177.85050000000047,time_exit,24815.75,24605.75,24661.0,24677.25,24524.5,24531.5,16931.0,84.77905073649754,-1
568,2026-02-17T08:50:00.000000,2026-02-17T09:15:00.000000,2026-02-17T11:10:00.000000,2026,2026-02-17,SHORT,fib382,1.5,24618.8995,24815.75,24323.62375,196.85050000000047,LOSS,-83.85050000000047,24,169.64949999999953,-177.85050000000047,time_exit,24815.75,24605.75,24661.0,24677.25,24524.5,24531.5,16931.0,84.77905073649754,-1
568,2026-02-17T08:50:00.000000,2026-02-17T09:15:00.000000,2026-02-17T11:10:00.000000,2026,2026-02-17,SHORT,fib382,2.0,24618.8995,24815.75,24225.1985,196.85050000000047,LOSS,-83.85050000000047,24,169.64949999999953,-177.85050000000047,time_exit,24815.75,24605.75,24661.0,24677.25,24524.5,24531.5,16931.0,84.77905073649754,-1
568,2026-02-17T08:50:00.000000,2026-02-17T09:15:00.000000,2026-02-17T11:10:00.000000,2026,2026-02-17,SHORT,fib50,1.0,24600.875,24815.75,24386.0,214.875,LOSS,-101.875,24,151.625,-195.875,time_exit,24815.75,24605.75,24661.0,24677.25,24524.5,24531.5,16931.0,84.77905073649754,-1
568,2026-02-17T08:50:00.000000,2026-02-17T09:15:00.000000,2026-02-17T11:10:00.000000,2026,2026-02-17,SHORT,fib50,1.5,24600.875,24815.75,24278.5625,214.875,LOSS,-101.875,24,151.625,-195.875,time_exit,24815.75,24605.75,24661.0,24677.25,24524.5,24531.5,16931.0,84.77905073649754,-1
568,2026-02-17T08:50:00.000000,2026-02-17T09:15:00.000000,2026-02-17T11:10:00.000000,2026,2026-02-17,SHORT,fib50,2.0,24600.875,24815.75,24171.125,214.875,LOSS,-101.875,24,151.625,-195.875,time_exit,24815.75,24605.75,24661.0,24677.25,24524.5,24531.5,16931.0,84.77905073649754,-1
569,2026-02-17T11:40:00.000000,2026-02-17T11:55:00.000000,2026-02-17T12:35:00.000000,2026,2026-02-17,SHORT,fib382,1.0,24691.923,24815.75,24568.095999999998,123.82700000000114,LOSS,-123.82700000000114,9,77.42299999999886,-127.82700000000114,stop,24815.75,24605.75,24719.75,24720.0,24646.5,24649.5,4730.0,95.578231292517,-1
569,2026-02-17T11:40:00.000000,2026-02-17T11:55:00.000000,2026-02-17T12:35:00.000000,2026,2026-02-17,SHORT,fib382,1.5,24691.923,24815.75,24506.182499999995,123.82700000000114,LOSS,-123.82700000000114,9,77.42299999999886,-127.82700000000114,stop,24815.75,24605.75,24719.75,24720.0,24646.5,24649.5,4730.0,95.578231292517,-1
569,2026-02-17T11:40:00.000000,2026-02-17T11:55:00.000000,2026-02-17T12:35:00.000000,2026,2026-02-17,SHORT,fib382,2.0,24691.923,24815.75,24444.268999999997,123.82700000000114,LOSS,-123.82700000000114,9,77.42299999999886,-127.82700000000114,stop,24815.75,24605.75,24719.75,24720.0,24646.5,24649.5,4730.0,95.578231292517,-1
569,2026-02-17T11:40:00.000000,2026-02-17T11:50:00.000000,2026-02-17T12:35:00.000000,2026,2026-02-17,SHORT,fib50,1.0,24683.25,24815.75,24550.75,132.5,LOSS,-132.5,10,74.5,-136.5,stop,24815.75,24605.75,24719.75,24720.0,24646.5,24649.5,4730.0,95.578231292517,-1
569,2026-02-17T11:40:00.000000,2026-02-17T11:50:00.000000,2026-02-17T12:35:00.000000,2026,2026-02-17,SHORT,fib50,1.5,24683.25,24815.75,24484.5,132.5,LOSS,-132.5,10,74.5,-136.5,stop,24815.75,24605.75,24719.75,24720.0,24646.5,24649.5,4730.0,95.578231292517,-1
569,2026-02-17T11:40:00.000000,2026-02-17T11:50:00.000000,2026-02-17T12:35:00.000000,2026,2026-02-17,SHORT,fib50,2.0,24683.25,24815.75,24418.25,132.5,LOSS,-132.5,10,74.5,-136.5,stop,24815.75,24605.75,24719.75,24720.0,24646.5,24649.5,4730.0,95.578231292517,-1
570,2026-02-19T09:30:00.000000,2026-02-19T09:50:00.000000,2026-02-19T11:45:00.000000,2026,2026-02-19,LONG,fib382,1.0,24884.144,24763.0,25005.288,121.14400000000023,LOSS,-87.39400000000023,24,75.35599999999977,-101.64400000000023,time_exit,24883.5,24763.0,24858.5,24941.0,24849.0,24938.25,7929.0,86.68478260869566,1
570,2026-02-19T09:30:00.000000,2026-02-19T09:50:00.000000,2026-02-19T11:45:00.000000,2026,2026-02-19,LONG,fib382,1.5,24884.144,24763.0,25065.86,121.14400000000023,LOSS,-87.39400000000023,24,75.35599999999977,-101.64400000000023,time_exit,24883.5,24763.0,24858.5,24941.0,24849.0,24938.25,7929.0,86.68478260869566,1
570,2026-02-19T09:30:00.000000,2026-02-19T09:50:00.000000,2026-02-19T11:45:00.000000,2026,2026-02-19,LONG,fib382,2.0,24884.144,24763.0,25126.432,121.14400000000023,LOSS,-87.39400000000023,24,75.35599999999977,-101.64400000000023,time_exit,24883.5,24763.0,24858.5,24941.0,24849.0,24938.25,7929.0,86.68478260869566,1
570,2026-02-19T09:30:00.000000,2026-02-19T09:50:00.000000,2026-02-19T11:45:00.000000,2026,2026-02-19,LONG,fib50,1.0,24895.0,24763.0,25027.0,132.0,LOSS,-98.25,24,64.5,-112.5,time_exit,24883.5,24763.0,24858.5,24941.0,24849.0,24938.25,7929.0,86.68478260869566,1
570,2026-02-19T09:30:00.000000,2026-02-19T09:50:00.000000,2026-02-19T11:45:00.000000,2026,2026-02-19,LONG,fib50,1.5,24895.0,24763.0,25093.0,132.0,LOSS,-98.25,24,64.5,-112.5,time_exit,24883.5,24763.0,24858.5,24941.0,24849.0,24938.25,7929.0,86.68478260869566,1
570,2026-02-19T09:30:00.000000,2026-02-19T09:50:00.000000,2026-02-19T11:45:00.000000,2026,2026-02-19,LONG,fib50,2.0,24895.0,24763.0,25159.0,132.0,LOSS,-98.25,24,64.5,-112.5,time_exit,24883.5,24763.0,24858.5,24941.0,24849.0,24938.25,7929.0,86.68478260869566,1
571,2026-02-26T09:10:00.000000,,,2026,2026-02-26,SHORT,fib382,1.0,25131.98,25342.0,24921.96,210.02000000000044,NO_ENTRY,0.0,0,0.0,0.0,no_entry_or_no_exit,25342.0,25224.5,25145.75,25174.0,25064.0,25066.25,13134.0,72.27272727272728,-1
571,2026-02-26T09:10:00.000000,,,2026,2026-02-26,SHORT,fib382,1.5,25131.98,25342.0,24816.949999999997,210.02000000000044,NO_ENTRY,0.0,0,0.0,0.0,no_entry_or_no_exit,25342.0,25224.5,25145.75,25174.0,25064.0,25066.25,13134.0,72.27272727272728,-1
571,2026-02-26T09:10:00.000000,,,2026,2026-02-26,SHORT,fib382,2.0,25131.98,25342.0,24711.94,210.02000000000044,NO_ENTRY,0.0,0,0.0,0.0,no_entry_or_no_exit,25342.0,25224.5,25145.75,25174.0,25064.0,25066.25,13134.0,72.27272727272728,-1
571,2026-02-26T09:10:00.000000,,,2026,2026-02-26,SHORT,fib50,1.0,25119.0,25342.0,24896.0,223.0,NO_ENTRY,0.0,0,0.0,0.0,no_entry_or_no_exit,25342.0,25224.5,25145.75,25174.0,25064.0,25066.25,13134.0,72.27272727272728,-1
571,2026-02-26T09:10:00.000000,,,2026,2026-02-26,SHORT,fib50,1.5,25119.0,25342.0,24784.5,223.0,NO_ENTRY,0.0,0,0.0,0.0,no_entry_or_no_exit,25342.0,25224.5,25145.75,25174.0,25064.0,25066.25,13134.0,72.27272727272728,-1
571,2026-02-26T09:10:00.000000,,,2026,2026-02-26,SHORT,fib50,2.0,25119.0,25342.0,24673.0,223.0,NO_ENTRY,0.0,0,0.0,0.0,no_entry_or_no_exit,25342.0,25224.5,25145.75,25174.0,25064.0,25066.25,13134.0,72.27272727272728,-1
572,2026-02-26T09:15:00.000000,2026-02-26T09:45:00.000000,2026-02-26T11:40:00.000000,2026,2026-02-26,SHORT,fib382,1.0,25021.219,25342.0,24700.438000000002,320.78099999999904,WIN,76.71900000000096,24,78.96900000000096,-64.28099999999904,time_exit,25342.0,25224.5,25067.0,25067.25,24946.75,24955.0,17189.0,92.9460580912863,-1
572,2026-02-26T09:15:00.000000,2026-02-26T09:45:00.000000,2026-02-26T11:40:00.000000,2026,2026-02-26,SHORT,fib382,1.5,25021.219,25342.0,24540.0475,320.78099999999904,WIN,76.71900000000096,24,78.96900000000096,-64.28099999999904,time_exit,25342.0,25224.5,25067.0,25067.25,24946.75,24955.0,17189.0,92.9460580912863,-1
572,2026-02-26T09:15:00.000000,2026-02-26T09:45:00.000000,2026-02-26T11:40:00.000000,2026,2026-02-26,SHORT,fib382,2.0,25021.219,25342.0,24379.657000000003,320.78099999999904,WIN,76.71900000000096,24,78.96900000000096,-64.28099999999904,time_exit,25342.0,25224.5,25067.0,25067.25,24946.75,24955.0,17189.0,92.9460580912863,-1
572,2026-02-26T09:15:00.000000,2026-02-26T09:45:00.000000,2026-02-26T11:40:00.000000,2026,2026-02-26,SHORT,fib50,1.0,25007.0,25342.0,24672.0,335.0,WIN,62.5,24,64.75,-78.5,time_exit,25342.0,25224.5,25067.0,25067.25,24946.75,24955.0,17189.0,92.9460580912863,-1
572,2026-02-26T09:15:00.000000,2026-02-26T09:45:00.000000,2026-02-26T11:40:00.000000,2026,2026-02-26,SHORT,fib50,1.5,25007.0,25342.0,24504.5,335.0,WIN,62.5,24,64.75,-78.5,time_exit,25342.0,25224.5,25067.0,25067.25,24946.75,24955.0,17189.0,92.9460580912863,-1
572,2026-02-26T09:15:00.000000,2026-02-26T09:45:00.000000,2026-02-26T11:40:00.000000,2026,2026-02-26,SHORT,fib50,2.0,25007.0,25342.0,24337.0,335.0,WIN,62.5,24,64.75,-78.5,time_exit,25342.0,25224.5,25067.0,25067.25,24946.75,24955.0,17189.0,92.9460580912863,-1
573,2026-02-27T08:45:00.000000,2026-02-27T08:55:00.000000,2026-02-27T09:00:00.000000,2026,2026-02-27,LONG,fib382,1.0,24862.9495,24782.0,24943.898999999998,80.9494999999988,WIN,80.9494999999988,2,90.5505000000012,-12.949499999998807,target,24909.0,24782.0,24845.25,24938.5,24816.25,24926.75,13606.0,66.66666666666666,1
573,2026-02-27T08:45:00.000000,2026-02-27T08:55:00.000000,2026-02-27T09:10:00.000000,2026,2026-02-27,LONG,fib382,1.5,24862.9495,24782.0,24984.37375,80.9494999999988,WIN,121.42424999999821,4,130.5505000000012,-12.949499999998807,target,24909.0,24782.0,24845.25,24938.5,24816.25,24926.75,13606.0,66.66666666666666,1
573,2026-02-27T08:45:00.000000,2026-02-27T08:55:00.000000,2026-02-27T10:50:00.000000,2026,2026-02-27,LONG,fib382,2.0,24862.9495,24782.0,25024.848499999996,80.9494999999988,WIN,124.0505000000012,24,158.5505000000012,-12.949499999998807,time_exit,24909.0,24782.0,24845.25,24938.5,24816.25,24926.75,13606.0,66.66666666666666,1
573,2026-02-27T08:45:00.000000,2026-02-27T08:50:00.000000,2026-02-27T09:05:00.000000,2026,2026-02-27,LONG,fib50,1.0,24877.375,24782.0,24972.75,95.375,WIN,95.375,4,102.875,-27.375,target,24909.0,24782.0,24845.25,24938.5,24816.25,24926.75,13606.0,66.66666666666666,1
573,2026-02-27T08:45:00.000000,2026-02-27T08:50:00.000000,2026-02-27T10:00:00.000000,2026,2026-02-27,LONG,fib50,1.5,24877.375,24782.0,25020.4375,95.375,WIN,143.0625,15,144.125,-27.375,target,24909.0,24782.0,24845.25,24938.5,24816.25,24926.75,13606.0,66.66666666666666,1
573,2026-02-27T08:45:00.000000,2026-02-27T08:50:00.000000,2026-02-27T10:45:00.000000,2026,2026-02-27,LONG,fib50,2.0,24877.375,24782.0,25068.125,95.375,WIN,59.125,24,144.125,-27.375,time_exit,24909.0,24782.0,24845.25,24938.5,24816.25,24926.75,13606.0,66.66666666666666,1
574,2026-03-03T09:15:00.000000,2026-03-03T10:00:00.000000,2026-03-03T10:45:00.000000,2026,2026-03-03,SHORT,fib382,1.0,24483.738,24661.25,24306.226000000002,177.5119999999988,LOSS,-177.5119999999988,10,47.23800000000119,-241.0119999999988,stop,24661.25,24502.5,24501.0,24518.5,24427.5,24434.75,8887.0,72.8021978021978,-1
574,2026-03-03T09:15:00.000000,2026-03-03T10:00:00.000000,2026-03-03T10:45:00.000000,2026,2026-03-03,SHORT,fib382,1.5,24483.738,24661.25,24217.47,177.5119999999988,LOSS,-177.5119999999988,10,47.23800000000119,-241.0119999999988,stop,24661.25,24502.5,24501.0,24518.5,24427.5,24434.75,8887.0,72.8021978021978,-1
574,2026-03-03T09:15:00.000000,2026-03-03T10:00:00.000000,2026-03-03T10:45:00.000000,2026,2026-03-03,SHORT,fib382,2.0,24483.738,24661.25,24128.714000000004,177.5119999999988,LOSS,-177.5119999999988,10,47.23800000000119,-241.0119999999988,stop,24661.25,24502.5,24501.0,24518.5,24427.5,24434.75,8887.0,72.8021978021978,-1
574,2026-03-03T09:15:00.000000,2026-03-03T10:00:00.000000,2026-03-03T10:45:00.000000,2026,2026-03-03,SHORT,fib50,1.0,24473.0,24661.25,24284.75,188.25,LOSS,-188.25,10,36.5,-251.75,stop,24661.25,24502.5,24501.0,24518.5,24427.5,24434.75,8887.0,72.8021978021978,-1
574,2026-03-03T09:15:00.000000,2026-03-03T10:00:00.000000,2026-03-03T10:45:00.000000,2026,2026-03-03,SHORT,fib50,1.5,24473.0,24661.25,24190.625,188.25,LOSS,-188.25,10,36.5,-251.75,stop,24661.25,24502.5,24501.0,24518.5,24427.5,24434.75,8887.0,72.8021978021978,-1
574,2026-03-03T09:15:00.000000,2026-03-03T10:00:00.000000,2026-03-03T10:45:00.000000,2026,2026-03-03,SHORT,fib50,2.0,24473.0,24661.25,24096.5,188.25,LOSS,-188.25,10,36.5,-251.75,stop,24661.25,24502.5,24501.0,24518.5,24427.5,24434.75,8887.0,72.8021978021978,-1
576,2026-03-05T11:05:00.000000,2026-03-05T18:10:00.000000,2026-03-05T19:20:00.000000,2026,2026-03-05,SHORT,fib382,1.0,25092.822,25125.25,25060.394,32.427999999999884,WIN,32.427999999999884,15,37.322000000000116,-5.177999999999884,target,25125.25,24985.25,25110.75,25123.0,25044.0,25045.0,7609.0,83.22784810126582,-1
576,2026-03-05T11:05:00.000000,2026-03-05T18:10:00.000000,2026-03-05T19:25:00.000000,2026,2026-03-05,SHORT,fib382,1.5,25092.822,25125.25,25044.18,32.427999999999884,WIN,48.641999999999825,16,54.822000000000116,-5.177999999999884,target,25125.25,24985.25,25110.75,25123.0,25044.0,25045.0,7609.0,83.22784810126582,-1
576,2026-03-05T11:05:00.000000,2026-03-05T18:10:00.000000,2026-03-05T20:05:00.000000,2026,2026-03-05,SHORT,fib382,2.0,25092.822,25125.25,25027.966,32.427999999999884,WIN,15.322000000000116,24,54.822000000000116,-5.177999999999884,time_exit,25125.25,24985.25,25110.75,25123.0,25044.0,25045.0,7609.0,83.22784810126582,-1
576,2026-03-05T11:05:00.000000,2026-03-05T18:00:00.000000,2026-03-05T19:25:00.000000,2026,2026-03-05,SHORT,fib50,1.0,25083.5,25125.25,25041.75,41.75,WIN,41.75,18,45.5,-14.5,target,25125.25,24985.25,25110.75,25123.0,25044.0,25045.0,7609.0,83.22784810126582,-1
576,2026-03-05T11:05:00.000000,2026-03-05T18:00:00.000000,2026-03-05T19:55:00.000000,2026,2026-03-05,SHORT,fib50,1.5,25083.5,25125.25,25020.875,41.75,WIN,17.5,24,45.5,-14.5,time_exit,25125.25,24985.25,25110.75,25123.0,25044.0,25045.0,7609.0,83.22784810126582,-1
576,2026-03-05T11:05:00.000000,2026-03-05T18:00:00.000000,2026-03-05T19:55:00.000000,2026,2026-03-05,SHORT,fib50,2.0,25083.5,25125.25,25000.0,41.75,WIN,17.5,24,45.5,-14.5,time_exit,25125.25,24985.25,25110.75,25123.0,25044.0,25045.0,7609.0,83.22784810126582,-1
577,2026-03-05T12:15:00.000000,2026-03-05T12:40:00.000000,2026-03-05T14:35:00.000000,2026,2026-03-05,SHORT,fib382,1.0,24855.8025,25125.25,24586.355000000003,269.4474999999984,LOSS,-123.6974999999984,24,80.5525000000016,-143.6974999999984,time_exit,25125.25,24985.25,24875.5,24888.75,24802.5,24805.5,4558.0,81.15942028985508,-1
577,2026-03-05T12:15:00.000000,2026-03-05T12:40:00.000000,2026-03-05T14:35:00.000000,2026,2026-03-05,SHORT,fib382,1.5,24855.8025,25125.25,24451.631250000006,269.4474999999984,LOSS,-123.6974999999984,24,80.5525000000016,-143.6974999999984,time_exit,25125.25,24985.25,24875.5,24888.75,24802.5,24805.5,4558.0,81.15942028985508,-1
577,2026-03-05T12:15:00.000000,2026-03-05T12:40:00.000000,2026-03-05T14:35:00.000000,2026,2026-03-05,SHORT,fib382,2.0,24855.8025,25125.25,24316.907500000005,269.4474999999984,LOSS,-123.6974999999984,24,80.5525000000016,-143.6974999999984,time_exit,25125.25,24985.25,24875.5,24888.75,24802.5,24805.5,4558.0,81.15942028985508,-1
577,2026-03-05T12:15:00.000000,2026-03-05T12:20:00.000000,2026-03-05T14:15:00.000000,2026,2026-03-05,SHORT,fib50,1.0,24845.625,25125.25,24566.0,279.625,LOSS,-86.125,24,73.125,-100.875,time_exit,25125.25,24985.25,24875.5,24888.75,24802.5,24805.5,4558.0,81.15942028985508,-1
577,2026-03-05T12:15:00.000000,2026-03-05T12:20:00.000000,2026-03-05T14:15:00.000000,2026,2026-03-05,SHORT,fib50,1.5,24845.625,25125.25,24426.1875,279.625,LOSS,-86.125,24,73.125,-100.875,time_exit,25125.25,24985.25,24875.5,24888.75,24802.5,24805.5,4558.0,81.15942028985508,-1
577,2026-03-05T12:15:00.000000,2026-03-05T12:20:00.000000,2026-03-05T14:15:00.000000,2026,2026-03-05,SHORT,fib50,2.0,24845.625,25125.25,24286.375,279.625,LOSS,-86.125,24,73.125,-100.875,time_exit,25125.25,24985.25,24875.5,24888.75,24802.5,24805.5,4558.0,81.15942028985508,-1
578,2026-03-06T09:00:00.000000,2026-03-06T09:05:00.000000,2026-03-06T09:30:00.000000,2026,2026-03-06,LONG,fib382,1.0,24721.939,24608.75,24835.127999999997,113.18899999999849,WIN,113.18899999999849,6,142.3110000000015,-57.43899999999849,target,24732.5,24608.75,24691.5,24777.25,24687.75,24764.25,11820.0,81.28491620111731,1
578,2026-03-06T09:00:00.000000,2026-03-06T09:05:00.000000,2026-03-06T09:35:00.000000,2026,2026-03-06,LONG,fib382,1.5,24721.939,24608.75,24891.722499999996,113.18899999999849,WIN,169.78349999999773,7,171.3110000000015,-57.43899999999849,target,24732.5,24608.75,24691.5,24777.25,24687.75,24764.25,11820.0,81.28491620111731,1
578,2026-03-06T09:00:00.000000,2026-03-06T09:05:00.000000,2026-03-06T11:00:00.000000,2026,2026-03-06,LONG,fib382,2.0,24721.939,24608.75,24948.316999999995,113.18899999999849,WIN,174.0610000000015,24,204.3110000000015,-57.43899999999849,time_exit,24732.5,24608.75,24691.5,24777.25,24687.75,24764.25,11820.0,81.28491620111731,1
578,2026-03-06T09:00:00.000000,2026-03-06T09:05:00.000000,2026-03-06T09:30:00.000000,2026,2026-03-06,LONG,fib50,1.0,24732.5,24608.75,24856.25,123.75,WIN,123.75,6,131.75,-68.0,target,24732.5,24608.75,24691.5,24777.25,24687.75,24764.25,11820.0,81.28491620111731,1
578,2026-03-06T09:00:00.000000,2026-03-06T09:05:00.000000,2026-03-06T11:00:00.000000,2026,2026-03-06,LONG,fib50,1.5,24732.5,24608.75,24918.125,123.75,WIN,185.625,24,193.75,-68.0,target,24732.5,24608.75,24691.5,24777.25,24687.75,24764.25,11820.0,81.28491620111731,1
578,2026-03-06T09:00:00.000000,2026-03-06T09:05:00.000000,2026-03-06T11:00:00.000000,2026,2026-03-06,LONG,fib50,2.0,24732.5,24608.75,24980.0,123.75,WIN,163.5,24,193.75,-68.0,time_exit,24732.5,24608.75,24691.5,24777.25,24687.75,24764.25,11820.0,81.28491620111731,1
579,2026-03-06T09:10:00.000000,2026-03-06T14:20:00.000000,2026-03-06T14:35:00.000000,2026,2026-03-06,LONG,fib382,1.0,24714.6375,24608.75,24820.525,105.88750000000073,LOSS,-105.88750000000073,4,34.86249999999927,-113.63750000000073,stop,24732.5,24608.75,24675.75,24795.75,24664.5,24790.5,10014.0,87.42857142857143,1
579,2026-03-06T09:10:00.000000,2026-03-06T14:20:00.000000,2026-03-06T14:35:00.000000,2026,2026-03-06,LONG,fib382,1.5,24714.6375,24608.75,24873.46875,105.88750000000073,LOSS,-105.88750000000073,4,34.86249999999927,-113.63750000000073,stop,24732.5,24608.75,24675.75,24795.75,24664.5,24790.5,10014.0,87.42857142857143,1
579,2026-03-06T09:10:00.000000,2026-03-06T14:20:00.000000,2026-03-06T14:35:00.000000,2026,2026-03-06,LONG,fib382,2.0,24714.6375,24608.75,24926.412500000002,105.88750000000073,LOSS,-105.88750000000073,4,34.86249999999927,-113.63750000000073,stop,24732.5,24608.75,24675.75,24795.75,24664.5,24790.5,10014.0,87.42857142857143,1
579,2026-03-06T09:10:00.000000,2026-03-06T14:10:00.000000,2026-03-06T14:35:00.000000,2026,2026-03-06,LONG,fib50,1.0,24730.125,24608.75,24851.5,121.375,LOSS,-121.375,6,76.375,-129.125,stop,24732.5,24608.75,24675.75,24795.75,24664.5,24790.5,10014.0,87.42857142857143,1
579,2026-03-06T09:10:00.000000,2026-03-06T14:10:00.000000,2026-03-06T14:35:00.000000,2026,2026-03-06,LONG,fib50,1.5,24730.125,24608.75,24912.1875,121.375,LOSS,-121.375,6,76.375,-129.125,stop,24732.5,24608.75,24675.75,24795.75,24664.5,24790.5,10014.0,87.42857142857143,1
579,2026-03-06T09:10:00.000000,2026-03-06T14:10:00.000000,2026-03-06T14:35:00.000000,2026,2026-03-06,LONG,fib50,2.0,24730.125,24608.75,24972.875,121.375,LOSS,-121.375,6,76.375,-129.125,stop,24732.5,24608.75,24675.75,24795.75,24664.5,24790.5,10014.0,87.42857142857143,1
580,2026-03-06T09:55:00.000000,2026-03-06T10:10:00.000000,2026-03-06T12:05:00.000000,2026,2026-03-06,LONG,fib382,1.0,24825.4445,24608.75,25042.139000000003,216.69450000000143,LOSS,-5.694500000001426,24,100.80549999999857,-81.19450000000143,time_exit,24732.5,24608.75,24789.25,24884.0,24789.25,24858.5,8604.0,73.08707124010554,1
580,2026-03-06T09:55:00.000000,2026-03-06T10:10:00.000000,2026-03-06T12:05:00.000000,2026,2026-03-06,LONG,fib382,1.5,24825.4445,24608.75,25150.48625,216.69450000000143,LOSS,-5.694500000001426,24,100.80549999999857,-81.19450000000143,time_exit,24732.5,24608.75,24789.25,24884.0,24789.25,24858.5,8604.0,73.08707124010554,1
580,2026-03-06T09:55:00.000000,2026-03-06T10:10:00.000000,2026-03-06T12:05:00.000000,2026,2026-03-06,LONG,fib382,2.0,24825.4445,24608.75,25258.833500000004,216.69450000000143,LOSS,-5.694500000001426,24,100.80549999999857,-81.19450000000143,time_exit,24732.5,24608.75,24789.25,24884.0,24789.25,24858.5,8604.0,73.08707124010554,1
580,2026-03-06T09:55:00.000000,2026-03-06T10:10:00.000000,2026-03-06T12:05:00.000000,2026,2026-03-06,LONG,fib50,1.0,24836.625,24608.75,25064.5,227.875,LOSS,-16.875,24,89.625,-92.375,time_exit,24732.5,24608.75,24789.25,24884.0,24789.25,24858.5,8604.0,73.08707124010554,1
580,2026-03-06T09:55:00.000000,2026-03-06T10:10:00.000000,2026-03-06T12:05:00.000000,2026,2026-03-06,LONG,fib50,1.5,24836.625,24608.75,25178.4375,227.875,LOSS,-16.875,24,89.625,-92.375,time_exit,24732.5,24608.75,24789.25,24884.0,24789.25,24858.5,8604.0,73.08707124010554,1
580,2026-03-06T09:55:00.000000,2026-03-06T10:10:00.000000,2026-03-06T12:05:00.000000,2026,2026-03-06,LONG,fib50,2.0,24836.625,24608.75,25292.375,227.875,LOSS,-16.875,24,89.625,-92.375,time_exit,24732.5,24608.75,24789.25,24884.0,24789.25,24858.5,8604.0,73.08707124010554,1
581,2026-03-06T12:10:00.000000,2026-03-06T12:25:00.000000,2026-03-06T14:20:00.000000,2026,2026-03-06,LONG,fib382,1.0,24840.189,24608.75,25071.627999999997,231.4389999999985,LOSS,-151.1889999999985,24,26.311000000001513,-153.4389999999985,time_exit,24732.5,24608.75,24819.25,24895.5,24806.0,24888.75,6380.0,77.6536312849162,1
581,2026-03-06T12:10:00.000000,2026-03-06T12:25:00.000000,2026-03-06T14:20:00.000000,2026,2026-03-06,LONG,fib382,1.5,24840.189,24608.75,25187.347499999996,231.4389999999985,LOSS,-151.1889999999985,24,26.311000000001513,-153.4389999999985,time_exit,24732.5,24608.75,24819.25,24895.5,24806.0,24888.75,6380.0,77.6536312849162,1
581,2026-03-06T12:10:00.000000,2026-03-06T12:25:00.000000,2026-03-06T14:20:00.000000,2026,2026-03-06,LONG,fib382,2.0,24840.189,24608.75,25303.066999999995,231.4389999999985,LOSS,-151.1889999999985,24,26.311000000001513,-153.4389999999985,time_exit,24732.5,24608.75,24819.25,24895.5,24806.0,24888.75,6380.0,77.6536312849162,1
581,2026-03-06T12:10:00.000000,2026-03-06T12:20:00.000000,2026-03-06T14:15:00.000000,2026,2026-03-06,LONG,fib50,1.0,24850.75,24608.75,25092.75,242.0,LOSS,-105.75,24,38.25,-126.5,time_exit,24732.5,24608.75,24819.25,24895.5,24806.0,24888.75,6380.0,77.6536312849162,1
581,2026-03-06T12:10:00.000000,2026-03-06T12:20:00.000000,2026-03-06T14:15:00.000000,2026,2026-03-06,LONG,fib50,1.5,24850.75,24608.75,25213.75,242.0,LOSS,-105.75,24,38.25,-126.5,time_exit,24732.5,24608.75,24819.25,24895.5,24806.0,24888.75,6380.0,77.6536312849162,1
581,2026-03-06T12:10:00.000000,2026-03-06T12:20:00.000000,2026-03-06T14:15:00.000000,2026,2026-03-06,LONG,fib50,2.0,24850.75,24608.75,25334.75,242.0,LOSS,-105.75,24,38.25,-126.5,time_exit,24732.5,24608.75,24819.25,24895.5,24806.0,24888.75,6380.0,77.6536312849162,1
582,2026-03-09T13:15:00.000000,,,2026,2026-03-09,LONG,fib382,1.0,24714.084,24398.25,25029.917999999998,315.8339999999989,NO_ENTRY,0.0,0,0.0,0.0,no_entry_or_no_exit,24536.0,24398.25,24667.25,24798.75,24661.75,24792.5,8728.0,91.42335766423358,1
582,2026-03-09T13:15:00.000000,,,2026,2026-03-09,LONG,fib382,1.5,24714.084,24398.25,25187.835,315.8339999999989,NO_ENTRY,0.0,0,0.0,0.0,no_entry_or_no_exit,24536.0,24398.25,24667.25,24798.75,24661.75,24792.5,8728.0,91.42335766423358,1
582,2026-03-09T13:15:00.000000,,,2026,2026-03-09,LONG,fib382,2.0,24714.084,24398.25,25345.751999999997,315.8339999999989,NO_ENTRY,0.0,0,0.0,0.0,no_entry_or_no_exit,24536.0,24398.25,24667.25,24798.75,24661.75,24792.5,8728.0,91.42335766423358,1
582,2026-03-09T13:15:00.000000,,,2026,2026-03-09,LONG,fib50,1.0,24730.25,24398.25,25062.25,332.0,NO_ENTRY,0.0,0,0.0,0.0,no_entry_or_no_exit,24536.0,24398.25,24667.25,24798.75,24661.75,24792.5,8728.0,91.42335766423358,1
582,2026-03-09T13:15:00.000000,,,2026,2026-03-09,LONG,fib50,1.5,24730.25,24398.25,25228.25,332.0,NO_ENTRY,0.0,0,0.0,0.0,no_entry_or_no_exit,24536.0,24398.25,24667.25,24798.75,24661.75,24792.5,8728.0,91.42335766423358,1
582,2026-03-09T13:15:00.000000,,,2026,2026-03-09,LONG,fib50,2.0,24730.25,24398.25,25394.25,332.0,NO_ENTRY,0.0,0,0.0,0.0,no_entry_or_no_exit,24536.0,24398.25,24667.25,24798.75,24661.75,24792.5,8728.0,91.42335766423358,1
583,2026-03-09T13:20:00.000000,,,2026,2026-03-09,LONG,fib382,1.0,24818.1575,24398.25,25238.065000000002,419.90750000000116,NO_ENTRY,0.0,0,0.0,0.0,no_entry_or_no_exit,24536.0,24398.25,24792.75,24890.0,24773.75,24868.25,15128.0,64.94623655913978,1
583,2026-03-09T13:20:00.000000,,,2026,2026-03-09,LONG,fib382,1.5,24818.1575,24398.25,25448.018750000003,419.90750000000116,NO_ENTRY,0.0,0,0.0,0.0,no_entry_or_no_exit,24536.0,24398.25,24792.75,24890.0,24773.75,24868.25,15128.0,64.94623655913978,1
583,2026-03-09T13:20:00.000000,,,2026,2026-03-09,LONG,fib382,2.0,24818.1575,24398.25,25657.972500000003,419.90750000000116,NO_ENTRY,0.0,0,0.0,0.0,no_entry_or_no_exit,24536.0,24398.25,24792.75,24890.0,24773.75,24868.25,15128.0,64.94623655913978,1
583,2026-03-09T13:20:00.000000,2026-03-09T18:10:00.000000,2026-03-09T20:05:00.000000,2026,2026-03-09,LONG,fib50,1.0,24831.875,24398.25,25265.5,433.625,WIN,141.125,24,167.125,-1.875,time_exit,24536.0,24398.25,24792.75,24890.0,24773.75,24868.25,15128.0,64.94623655913978,1
583,2026-03-09T13:20:00.000000,2026-03-09T18:10:00.000000,2026-03-09T20:05:00.000000,2026,2026-03-09,LONG,fib50,1.5,24831.875,24398.25,25482.3125,433.625,WIN,141.125,24,167.125,-1.875,time_exit,24536.0,24398.25,24792.75,24890.0,24773.75,24868.25,15128.0,64.94623655913978,1
583,2026-03-09T13:20:00.000000,2026-03-09T18:10:00.000000,2026-03-09T20:05:00.000000,2026,2026-03-09,LONG,fib50,2.0,24831.875,24398.25,25699.125,433.625,WIN,141.125,24,167.125,-1.875,time_exit,24536.0,24398.25,24792.75,24890.0,24773.75,24868.25,15128.0,64.94623655913978,1
584,2026-03-11T09:25:00.000000,2026-03-11T10:30:00.000000,2026-03-11T11:35:00.000000,2026,2026-03-11,SHORT,fib382,1.0,24985.839,25053.0,24918.678,67.16100000000006,WIN,67.16100000000006,14,112.33899999999994,-40.66100000000006,target,25053.0,24958.25,25002.25,25018.5,24933.0,24935.25,5564.0,78.3625730994152,-1
584,2026-03-11T09:25:00.000000,2026-03-11T10:30:00.000000,2026-03-11T11:35:00.000000,2026,2026-03-11,SHORT,fib382,1.5,24985.839,25053.0,24885.0975,67.16100000000006,WIN,100.74150000000009,14,112.33899999999994,-40.66100000000006,target,25053.0,24958.25,25002.25,25018.5,24933.0,24935.25,5564.0,78.3625730994152,-1
584,2026-03-11T09:25:00.000000,2026-03-11T10:30:00.000000,2026-03-11T12:25:00.000000,2026,2026-03-11,SHORT,fib382,2.0,24985.839,25053.0,24851.517,67.16100000000006,WIN,38.83899999999994,24,112.33899999999994,-40.66100000000006,time_exit,25053.0,24958.25,25002.25,25018.5,24933.0,24935.25,5564.0,78.3625730994152,-1
584,2026-03-11T09:25:00.000000,2026-03-11T10:30:00.000000,2026-03-11T11:35:00.000000,2026,2026-03-11,SHORT,fib50,1.0,24975.75,25053.0,24898.5,77.25,WIN,77.25,14,102.25,-50.75,target,25053.0,24958.25,25002.25,25018.5,24933.0,24935.25,5564.0,78.3625730994152,-1
584,2026-03-11T09:25:00.000000,2026-03-11T10:30:00.000000,2026-03-11T12:25:00.000000,2026,2026-03-11,SHORT,fib50,1.5,24975.75,25053.0,24859.875,77.25,WIN,28.75,24,102.25,-50.75,time_exit,25053.0,24958.25,25002.25,25018.5,24933.0,24935.25,5564.0,78.3625730994152,-1
584,2026-03-11T09:25:00.000000,2026-03-11T10:30:00.000000,2026-03-11T12:25:00.000000,2026,2026-03-11,SHORT,fib50,2.0,24975.75,25053.0,24821.25,77.25,WIN,28.75,24,102.25,-50.75,time_exit,25053.0,24958.25,25002.25,25018.5,24933.0,24935.25,5564.0,78.3625730994152,-1
585,2026-03-12T09:35:00.000000,2026-03-12T09:45:00.000000,2026-03-12T09:45:00.000000,2026,2026-03-12,LONG,fib382,1.0,24624.458,24572.5,24676.415999999997,51.95799999999872,WIN,51.95799999999872,1,73.04200000000128,-0.45799999999871943,target,24649.25,24572.5,24608.75,24698.0,24579.0,24693.0,8439.0,70.7983193277311,1
585,2026-03-12T09:35:00.000000,2026-03-12T09:45:00.000000,2026-03-12T10:05:00.000000,2026,2026-03-12,LONG,fib382,1.5,24624.458,24572.5,24702.394999999997,51.95799999999872,WIN,77.93699999999808,5,81.79200000000128,-36.70799999999872,target,24649.25,24572.5,24608.75,24698.0,24579.0,24693.0,8439.0,70.7983193277311,1
585,2026-03-12T09:35:00.000000,2026-03-12T09:45:00.000000,2026-03-12T10:20:00.000000,2026,2026-03-12,LONG,fib382,2.0,24624.458,24572.5,24728.373999999996,51.95799999999872,WIN,103.91599999999744,8,110.79200000000128,-36.70799999999872,target,24649.25,24572.5,24608.75,24698.0,24579.0,24693.0,8439.0,70.7983193277311,1
585,2026-03-12T09:35:00.000000,2026-03-12T09:45:00.000000,2026-03-12T10:05:00.000000,2026,2026-03-12,LONG,fib50,1.0,24638.5,24572.5,24704.5,66.0,WIN,66.0,5,67.75,-50.75,target,24649.25,24572.5,24608.75,24698.0,24579.0,24693.0,8439.0,70.7983193277311,1
585,2026-03-12T09:35:00.000000,2026-03-12T09:45:00.000000,2026-03-12T11:40:00.000000,2026,2026-03-12,LONG,fib50,1.5,24638.5,24572.5,24737.5,66.0,WIN,8.25,24,96.75,-50.75,time_exit,24649.25,24572.5,24608.75,24698.0,24579.0,24693.0,8439.0,70.7983193277311,1
585,2026-03-12T09:35:00.000000,2026-03-12T09:45:00.000000,2026-03-12T11:40:00.000000,2026,2026-03-12,LONG,fib50,2.0,24638.5,24572.5,24770.5,66.0,WIN,8.25,24,96.75,-50.75,time_exit,24649.25,24572.5,24608.75,24698.0,24579.0,24693.0,8439.0,70.7983193277311,1
586,2026-03-13T10:55:00.000000,2026-03-13T11:10:00.000000,2026-03-13T13:05:00.000000,2026,2026-03-13,SHORT,fib382,1.0,24438.547,24728.25,24148.843999999997,289.70300000000134,WIN,16.29699999999866,24,85.54699999999866,-35.20300000000134,time_exit,24728.25,24594.25,24469.25,24473.5,24382.0,24397.25,6074.0,78.68852459016394,-1
586,2026-03-13T10:55:00.000000,2026-03-13T11:10:00.000000,2026-03-13T13:05:00.000000,2026,2026-03-13,SHORT,fib382,1.5,24438.547,24728.25,24003.992499999997,289.70300000000134,WIN,16.29699999999866,24,85.54699999999866,-35.20300000000134,time_exit,24728.25,24594.25,24469.25,24473.5,24382.0,24397.25,6074.0,78.68852459016394,-1
586,2026-03-13T10:55:00.000000,2026-03-13T11:10:00.000000,2026-03-13T13:05:00.000000,2026,2026-03-13,SHORT,fib382,2.0,24438.547,24728.25,23859.140999999996,289.70300000000134,WIN,16.29699999999866,24,85.54699999999866,-35.20300000000134,time_exit,24728.25,24594.25,24469.25,24473.5,24382.0,24397.25,6074.0,78.68852459016394,-1
586,2026-03-13T10:55:00.000000,2026-03-13T11:05:00.000000,2026-03-13T13:00:00.000000,2026,2026-03-13,SHORT,fib50,1.0,24427.75,24728.25,24127.25,300.5,WIN,9.0,24,74.75,-46.0,time_exit,24728.25,24594.25,24469.25,24473.5,24382.0,24397.25,6074.0,78.68852459016394,-1
586,2026-03-13T10:55:00.000000,2026-03-13T11:05:00.000000,2026-03-13T13:00:00.000000,2026,2026-03-13,SHORT,fib50,1.5,24427.75,24728.25,23977.0,300.5,WIN,9.0,24,74.75,-46.0,time_exit,24728.25,24594.25,24469.25,24473.5,24382.0,24397.25,6074.0,78.68852459016394,-1
586,2026-03-13T10:55:00.000000,2026-03-13T11:05:00.000000,2026-03-13T13:00:00.000000,2026,2026-03-13,SHORT,fib50,2.0,24427.75,24728.25,23826.75,300.5,WIN,9.0,24,74.75,-46.0,time_exit,24728.25,24594.25,24469.25,24473.5,24382.0,24397.25,6074.0,78.68852459016394,-1
587,2026-03-16T10:45:00.000000,2026-03-16T10:50:00.000000,2026-03-16T10:50:00.000000,2026,2026-03-16,LONG,fib382,1.0,24756.107,24636.0,24876.214,120.10699999999997,WIN,120.10699999999997,1,157.39300000000003,-76.85699999999997,target,24936.0,24636.0,24681.25,24903.5,24665.0,24891.25,1942.0,88.0503144654088,1
587,2026-03-16T10:45:00.000000,2026-03-16T10:50:00.000000,2026-03-16T11:00:00.000000,2026,2026-03-16,LONG,fib382,1.5,24756.107,24636.0,24936.2675,120.10699999999997,WIN,180.16049999999996,3,180.64300000000003,-76.85699999999997,target,24936.0,24636.0,24681.25,24903.5,24665.0,24891.25,1942.0,88.0503144654088,1
587,2026-03-16T10:45:00.000000,2026-03-16T10:50:00.000000,2026-03-16T12:45:00.000000,2026,2026-03-16,LONG,fib382,2.0,24756.107,24636.0,24996.321,120.10699999999997,WIN,185.39300000000003,24,193.64300000000003,-96.10699999999997,time_exit,24936.0,24636.0,24681.25,24903.5,24665.0,24891.25,1942.0,88.0503144654088,1
587,2026-03-16T10:45:00.000000,2026-03-16T10:50:00.000000,2026-03-16T11:00:00.000000,2026,2026-03-16,LONG,fib50,1.0,24784.25,24636.0,24932.5,148.25,WIN,148.25,3,152.5,-105.0,target,24936.0,24636.0,24681.25,24903.5,24665.0,24891.25,1942.0,88.0503144654088,1
587,2026-03-16T10:45:00.000000,2026-03-16T10:50:00.000000,2026-03-16T12:45:00.000000,2026,2026-03-16,LONG,fib50,1.5,24784.25,24636.0,25006.625,148.25,WIN,157.25,24,165.5,-124.25,time_exit,24936.0,24636.0,24681.25,24903.5,24665.0,24891.25,1942.0,88.0503144654088,1
587,2026-03-16T10:45:00.000000,2026-03-16T10:50:00.000000,2026-03-16T12:45:00.000000,2026,2026-03-16,LONG,fib50,2.0,24784.25,24636.0,25080.75,148.25,WIN,157.25,24,165.5,-124.25,time_exit,24936.0,24636.0,24681.25,24903.5,24665.0,24891.25,1942.0,88.0503144654088,1
588,2026-03-16T12:05:00.000000,2026-03-16T12:10:00.000000,2026-03-16T12:15:00.000000,2026,2026-03-16,LONG,fib382,1.0,24786.1715,24636.0,24936.343,150.17150000000038,WIN,150.17150000000038,2,152.57849999999962,-86.67150000000038,target,24936.0,24636.0,24699.0,24936.5,24693.25,24925.5,2755.0,93.11408016443987,1
588,2026-03-16T12:05:00.000000,2026-03-16T12:10:00.000000,2026-03-16T13:10:00.000000,2026,2026-03-16,LONG,fib382,1.5,24786.1715,24636.0,25011.42875,150.17150000000038,WIN,225.25725000000057,13,248.82849999999962,-86.67150000000038,target,24936.0,24636.0,24699.0,24936.5,24693.25,24925.5,2755.0,93.11408016443987,1
588,2026-03-16T12:05:00.000000,2026-03-16T12:10:00.000000,2026-03-16T14:05:00.000000,2026,2026-03-16,LONG,fib382,2.0,24786.1715,24636.0,25086.5145,150.17150000000038,WIN,105.07849999999962,24,248.82849999999962,-135.42150000000038,time_exit,24936.0,24636.0,24699.0,24936.5,24693.25,24925.5,2755.0,93.11408016443987,1
588,2026-03-16T12:05:00.000000,2026-03-16T12:10:00.000000,2026-03-16T13:05:00.000000,2026,2026-03-16,LONG,fib50,1.0,24814.875,24636.0,24993.75,178.875,WIN,178.875,12,189.625,-115.375,target,24936.0,24636.0,24699.0,24936.5,24693.25,24925.5,2755.0,93.11408016443987,1
588,2026-03-16T12:05:00.000000,2026-03-16T12:10:00.000000,2026-03-16T14:05:00.000000,2026,2026-03-16,LONG,fib50,1.5,24814.875,24636.0,25083.1875,178.875,WIN,76.375,24,220.125,-164.125,time_exit,24936.0,24636.0,24699.0,24936.5,24693.25,24925.5,2755.0,93.11408016443987,1
588,2026-03-16T12:05:00.000000,2026-03-16T12:10:00.000000,2026-03-16T14:05:00.000000,2026,2026-03-16,LONG,fib50,2.0,24814.875,24636.0,25172.625,178.875,WIN,76.375,24,220.125,-164.125,time_exit,24936.0,24636.0,24699.0,24936.5,24693.25,24925.5,2755.0,93.11408016443987,1
589,2026-03-16T12:15:00.000000,2026-03-16T12:20:00.000000,2026-03-16T12:40:00.000000,2026,2026-03-16,LONG,fib382,1.0,24791.5115,24636.0,24947.023,155.51150000000052,WIN,155.51150000000052,5,155.98849999999948,-84.01150000000052,target,24936.0,24636.0,24706.5,24938.75,24700.5,24930.75,1901.0,94.12381951731375,1
589,2026-03-16T12:15:00.000000,2026-03-16T12:20:00.000000,2026-03-16T13:10:00.000000,2026,2026-03-16,LONG,fib382,1.5,24791.5115,24636.0,25024.77875,155.51150000000052,WIN,233.2672500000008,11,243.48849999999948,-84.01150000000052,target,24936.0,24636.0,24706.5,24938.75,24700.5,24930.75,1901.0,94.12381951731375,1
589,2026-03-16T12:15:00.000000,2026-03-16T12:20:00.000000,2026-03-16T14:15:00.000000,2026,2026-03-16,LONG,fib382,2.0,24791.5115,24636.0,25102.5345,155.51150000000052,WIN,92.23849999999948,24,243.48849999999948,-140.76150000000052,time_exit,24936.0,24636.0,24706.5,24938.75,24700.5,24930.75,1901.0,94.12381951731375,1
589,2026-03-16T12:15:00.000000,2026-03-16T12:20:00.000000,2026-03-16T13:05:00.000000,2026,2026-03-16,LONG,fib50,1.0,24819.625,24636.0,25003.25,183.625,WIN,183.625,10,184.875,-112.125,target,24936.0,24636.0,24706.5,24938.75,24700.5,24930.75,1901.0,94.12381951731375,1
589,2026-03-16T12:15:00.000000,2026-03-16T12:20:00.000000,2026-03-16T14:15:00.000000,2026,2026-03-16,LONG,fib50,1.5,24819.625,24636.0,25095.0625,183.625,WIN,64.125,24,215.375,-168.875,time_exit,24936.0,24636.0,24706.5,24938.75,24700.5,24930.75,1901.0,94.12381951731375,1
589,2026-03-16T12:15:00.000000,2026-03-16T12:20:00.000000,2026-03-16T14:15:00.000000,2026,2026-03-16,LONG,fib50,2.0,24819.625,24636.0,25186.875,183.625,WIN,64.125,24,215.375,-168.875,time_exit,24936.0,24636.0,24706.5,24938.75,24700.5,24930.75,1901.0,94.12381951731375,1
590,2026-03-16T12:25:00.000000,2026-03-16T12:30:00.000000,2026-03-16T13:05:00.000000,2026,2026-03-16,LONG,fib382,1.0,24800.051,24636.0,24964.102,164.05099999999948,WIN,164.05099999999948,8,204.44900000000052,-92.55099999999948,target,24936.0,24636.0,24718.75,24942.5,24712.0,24934.75,1745.0,93.70932754880694,1
590,2026-03-16T12:25:00.000000,2026-03-16T12:30:00.000000,2026-03-16T14:25:00.000000,2026,2026-03-16,LONG,fib382,1.5,24800.051,24636.0,25046.1275,164.05099999999948,WIN,65.44900000000052,24,234.94900000000052,-149.30099999999948,time_exit,24936.0,24636.0,24718.75,24942.5,24712.0,24934.75,1745.0,93.70932754880694,1
590,2026-03-16T12:25:00.000000,2026-03-16T12:30:00.000000,2026-03-16T14:25:00.000000,2026,2026-03-16,LONG,fib382,2.0,24800.051,24636.0,25128.153,164.05099999999948,WIN,65.44900000000052,24,234.94900000000052,-149.30099999999948,time_exit,24936.0,24636.0,24718.75,24942.5,24712.0,24934.75,1745.0,93.70932754880694,1
590,2026-03-16T12:25:00.000000,2026-03-16T12:30:00.000000,2026-03-16T13:10:00.000000,2026,2026-03-16,LONG,fib50,1.0,24827.25,24636.0,25018.5,191.25,WIN,191.25,9,207.75,-119.75,target,24936.0,24636.0,24718.75,24942.5,24712.0,24934.75,1745.0,93.70932754880694,1
590,2026-03-16T12:25:00.000000,2026-03-16T12:30:00.000000,2026-03-16T14:25:00.000000,2026,2026-03-16,LONG,fib50,1.5,24827.25,24636.0,25114.125,191.25,WIN,38.25,24,207.75,-176.5,time_exit,24936.0,24636.0,24718.75,24942.5,24712.0,24934.75,1745.0,93.70932754880694,1
590,2026-03-16T12:25:00.000000,2026-03-16T12:30:00.000000,2026-03-16T14:25:00.000000,2026,2026-03-16,LONG,fib50,2.0,24827.25,24636.0,25209.75,191.25,WIN,38.25,24,207.75,-176.5,time_exit,24936.0,24636.0,24718.75,24942.5,24712.0,24934.75,1745.0,93.70932754880694,1
591,2026-03-16T13:05:00.000000,2026-03-16T13:10:00.000000,2026-03-16T16:05:00.000000,2026,2026-03-16,LONG,fib382,1.0,24942.391,24636.0,25248.782,306.3909999999996,LOSS,-92.39099999999962,24,92.60900000000038,-298.8909999999996,time_exit,24936.0,24636.0,24916.5,25004.5,24904.0,25001.75,4407.0,84.82587064676616,1
591,2026-03-16T13:05:00.000000,2026-03-16T13:10:00.000000,2026-03-16T16:05:00.000000,2026,2026-03-16,LONG,fib382,1.5,24942.391,24636.0,25401.9775,306.3909999999996,LOSS,-92.39099999999962,24,92.60900000000038,-298.8909999999996,time_exit,24936.0,24636.0,24916.5,25004.5,24904.0,25001.75,4407.0,84.82587064676616,1
591,2026-03-16T13:05:00.000000,2026-03-16T13:10:00.000000,2026-03-16T16:05:00.000000,2026,2026-03-16,LONG,fib382,2.0,24942.391,24636.0,25555.173,306.3909999999996,LOSS,-92.39099999999962,24,92.60900000000038,-298.8909999999996,time_exit,24936.0,24636.0,24916.5,25004.5,24904.0,25001.75,4407.0,84.82587064676616,1
591,2026-03-16T13:05:00.000000,2026-03-16T13:10:00.000000,2026-03-16T16:05:00.000000,2026,2026-03-16,LONG,fib50,1.0,24954.25,24636.0,25272.5,318.25,LOSS,-104.25,24,80.75,-310.75,time_exit,24936.0,24636.0,24916.5,25004.5,24904.0,25001.75,4407.0,84.82587064676616,1
591,2026-03-16T13:05:00.000000,2026-03-16T13:10:00.000000,2026-03-16T16:05:00.000000,2026,2026-03-16,LONG,fib50,1.5,24954.25,24636.0,25431.625,318.25,LOSS,-104.25,24,80.75,-310.75,time_exit,24936.0,24636.0,24916.5,25004.5,24904.0,25001.75,4407.0,84.82587064676616,1
591,2026-03-16T13:05:00.000000,2026-03-16T13:10:00.000000,2026-03-16T16:05:00.000000,2026,2026-03-16,LONG,fib50,2.0,24954.25,24636.0,25590.75,318.25,LOSS,-104.25,24,80.75,-310.75,time_exit,24936.0,24636.0,24916.5,25004.5,24904.0,25001.75,4407.0,84.82587064676616,1
592,2026-03-16T14:55:00.000000,2026-03-16T16:20:00.000000,2026-03-16T16:20:00.000000,2026,2026-03-16,LONG,fib382,1.0,24738.3545,24636.0,24840.709000000003,102.35450000000128,LOSS,-102.35450000000128,1,127.14549999999872,-111.35450000000128,both_same_bar_stop_first,24936.0,24636.0,24657.0,24877.25,24652.5,24872.25,569.0,95.77308120133482,1
592,2026-03-16T14:55:00.000000,2026-03-16T16:20:00.000000,2026-03-16T16:20:00.000000,2026,2026-03-16,LONG,fib382,1.5,24738.3545,24636.0,24891.886250000003,102.35450000000128,LOSS,-102.35450000000128,1,127.14549999999872,-111.35450000000128,stop,24936.0,24636.0,24657.0,24877.25,24652.5,24872.25,569.0,95.77308120133482,1
592,2026-03-16T14:55:00.000000,2026-03-16T16:20:00.000000,2026-03-16T16:20:00.000000,2026,2026-03-16,LONG,fib382,2.0,24738.3545,24636.0,24943.063500000004,102.35450000000128,LOSS,-102.35450000000128,1,127.14549999999872,-111.35450000000128,stop,24936.0,24636.0,24657.0,24877.25,24652.5,24872.25,569.0,95.77308120133482,1
592,2026-03-16T14:55:00.000000,2026-03-16T16:20:00.000000,2026-03-16T16:20:00.000000,2026,2026-03-16,LONG,fib50,1.0,24764.875,24636.0,24893.75,128.875,LOSS,-128.875,1,100.625,-137.875,stop,24936.0,24636.0,24657.0,24877.25,24652.5,24872.25,569.0,95.77308120133482,1
592,2026-03-16T14:55:00.000000,2026-03-16T16:20:00.000000,2026-03-16T16:20:00.000000,2026,2026-03-16,LONG,fib50,1.5,24764.875,24636.0,24958.1875,128.875,LOSS,-128.875,1,100.625,-137.875,stop,24936.0,24636.0,24657.0,24877.25,24652.5,24872.25,569.0,95.77308120133482,1
592,2026-03-16T14:55:00.000000,2026-03-16T16:20:00.000000,2026-03-16T16:20:00.000000,2026,2026-03-16,LONG,fib50,2.0,24764.875,24636.0,25022.625,128.875,LOSS,-128.875,1,100.625,-137.875,stop,24936.0,24636.0,24657.0,24877.25,24652.5,24872.25,569.0,95.77308120133482,1
593,2026-03-19T12:55:00.000000,2026-03-19T21:50:00.000000,2026-03-19T21:50:00.000000,2026,2026-03-19,LONG,fib382,1.0,24471.1975,24422.5,24519.894999999997,48.6974999999984,LOSS,-48.6974999999984,1,142.3025000000016,-71.6974999999984,both_same_bar_stop_first,24540.5,24422.5,24444.75,24524.5,24438.25,24509.75,7104.0,75.36231884057972,1
593,2026-03-19T12:55:00.000000,2026-03-19T21:50:00.000000,2026-03-19T21:50:00.000000,2026,2026-03-19,LONG,fib382,1.5,24471.1975,24422.5,24544.243749999994,48.6974999999984,LOSS,-48.6974999999984,1,142.3025000000016,-71.6974999999984,both_same_bar_stop_first,24540.5,24422.5,24444.75,24524.5,24438.25,24509.75,7104.0,75.36231884057972,1
593,2026-03-19T12:55:00.000000,2026-03-19T21:50:00.000000,2026-03-19T21:50:00.000000,2026,2026-03-19,LONG,fib382,2.0,24471.1975,24422.5,24568.592499999995,48.6974999999984,LOSS,-48.6974999999984,1,142.3025000000016,-71.6974999999984,both_same_bar_stop_first,24540.5,24422.5,24444.75,24524.5,24438.25,24509.75,7104.0,75.36231884057972,1
593,2026-03-19T12:55:00.000000,2026-03-19T21:50:00.000000,2026-03-19T21:50:00.000000,2026,2026-03-19,LONG,fib50,1.0,24481.375,24422.5,24540.25,58.875,LOSS,-58.875,1,132.125,-81.875,both_same_bar_stop_first,24540.5,24422.5,24444.75,24524.5,24438.25,24509.75,7104.0,75.36231884057972,1
593,2026-03-19T12:55:00.000000,2026-03-19T21:50:00.000000,2026-03-19T21:50:00.000000,2026,2026-03-19,LONG,fib50,1.5,24481.375,24422.5,24569.6875,58.875,LOSS,-58.875,1,132.125,-81.875,both_same_bar_stop_first,24540.5,24422.5,24444.75,24524.5,24438.25,24509.75,7104.0,75.36231884057972,1
593,2026-03-19T12:55:00.000000,2026-03-19T21:50:00.000000,2026-03-19T21:50:00.000000,2026,2026-03-19,LONG,fib50,2.0,24481.375,24422.5,24599.125,58.875,LOSS,-58.875,1,132.125,-81.875,both_same_bar_stop_first,24540.5,24422.5,24444.75,24524.5,24438.25,24509.75,7104.0,75.36231884057972,1
594,2026-03-19T13:00:00.000000,2026-03-19T21:50:00.000000,2026-03-19T21:50:00.000000,2026,2026-03-19,LONG,fib382,1.0,24540.189,24422.5,24657.877999999997,117.68899999999849,LOSS,-117.68899999999849,1,73.31100000000151,-140.6889999999985,stop,24540.5,24422.5,24508.75,24595.5,24506.0,24584.25,10666.0,84.35754189944134,1
594,2026-03-19T13:00:00.000000,2026-03-19T21:50:00.000000,2026-03-19T21:50:00.000000,2026,2026-03-19,LONG,fib382,1.5,24540.189,24422.5,24716.722499999996,117.68899999999849,LOSS,-117.68899999999849,1,73.31100000000151,-140.6889999999985,stop,24540.5,24422.5,24508.75,24595.5,24506.0,24584.25,10666.0,84.35754189944134,1
594,2026-03-19T13:00:00.000000,2026-03-19T21:50:00.000000,2026-03-19T21:50:00.000000,2026,2026-03-19,LONG,fib382,2.0,24540.189,24422.5,24775.566999999995,117.68899999999849,LOSS,-117.68899999999849,1,73.31100000000151,-140.6889999999985,stop,24540.5,24422.5,24508.75,24595.5,24506.0,24584.25,10666.0,84.35754189944134,1
594,2026-03-19T13:00:00.000000,2026-03-19T13:35:00.000000,2026-03-19T16:30:00.000000,2026,2026-03-19,LONG,fib50,1.0,24550.75,24422.5,24679.0,128.25,WIN,90.75,24,107.75,-6.75,time_exit,24540.5,24422.5,24508.75,24595.5,24506.0,24584.25,10666.0,84.35754189944134,1
594,2026-03-19T13:00:00.000000,2026-03-19T13:35:00.000000,2026-03-19T16:30:00.000000,2026,2026-03-19,LONG,fib50,1.5,24550.75,24422.5,24743.125,128.25,WIN,90.75,24,107.75,-6.75,time_exit,24540.5,24422.5,24508.75,24595.5,24506.0,24584.25,10666.0,84.35754189944134,1
594,2026-03-19T13:00:00.000000,2026-03-19T13:35:00.000000,2026-03-19T16:30:00.000000,2026,2026-03-19,LONG,fib50,2.0,24550.75,24422.5,24807.25,128.25,WIN,90.75,24,107.75,-6.75,time_exit,24540.5,24422.5,24508.75,24595.5,24506.0,24584.25,10666.0,84.35754189944134,1
595,2026-03-23T10:25:00.000000,2026-03-23T10:30:00.000000,2026-03-23T12:25:00.000000,2026,2026-03-23,SHORT,fib382,1.0,24357.322,24654.25,24060.394,296.9279999999999,LOSS,-89.17799999999988,24,46.072000000000116,-131.67799999999988,time_exit,24654.25,24596.0,24387.25,24387.5,24308.5,24317.5,7690.0,88.29113924050634,-1
595,2026-03-23T10:25:00.000000,2026-03-23T10:30:00.000000,2026-03-23T12:25:00.000000,2026,2026-03-23,SHORT,fib382,1.5,24357.322,24654.25,23911.93,296.9279999999999,LOSS,-89.17799999999988,24,46.072000000000116,-131.67799999999988,time_exit,24654.25,24596.0,24387.25,24387.5,24308.5,24317.5,7690.0,88.29113924050634,-1
595,2026-03-23T10:25:00.000000,2026-03-23T10:30:00.000000,2026-03-23T12:25:00.000000,2026,2026-03-23,SHORT,fib382,2.0,24357.322,24654.25,23763.466,296.9279999999999,LOSS,-89.17799999999988,24,46.072000000000116,-131.67799999999988,time_exit,24654.25,24596.0,24387.25,24387.5,24308.5,24317.5,7690.0,88.29113924050634,-1
595,2026-03-23T10:25:00.000000,2026-03-23T10:30:00.000000,2026-03-23T12:25:00.000000,2026,2026-03-23,SHORT,fib50,1.0,24348.0,24654.25,24041.75,306.25,LOSS,-98.5,24,36.75,-141.0,time_exit,24654.25,24596.0,24387.25,24387.5,24308.5,24317.5,7690.0,88.29113924050634,-1
595,2026-03-23T10:25:00.000000,2026-03-23T10:30:00.000000,2026-03-23T12:25:00.000000,2026,2026-03-23,SHORT,fib50,1.5,24348.0,24654.25,23888.625,306.25,LOSS,-98.5,24,36.75,-141.0,time_exit,24654.25,24596.0,24387.25,24387.5,24308.5,24317.5,7690.0,88.29113924050634,-1
595,2026-03-23T10:25:00.000000,2026-03-23T10:30:00.000000,2026-03-23T12:25:00.000000,2026,2026-03-23,SHORT,fib50,2.0,24348.0,24654.25,23735.5,306.25,LOSS,-98.5,24,36.75,-141.0,time_exit,24654.25,24596.0,24387.25,24387.5,24308.5,24317.5,7690.0,88.29113924050634,-1
597,2026-03-24T12:35:00.000000,2026-03-24T12:40:00.000000,2026-03-24T14:20:00.000000,2026,2026-03-24,LONG,fib382,1.0,24305.8215,24182.75,24428.892999999996,123.0714999999982,WIN,123.0714999999982,21,190.1785000000018,-117.3214999999982,target,24251.75,24182.75,24280.25,24348.0,24279.75,24345.25,5010.0,95.23809523809523,1
597,2026-03-24T12:35:00.000000,2026-03-24T12:40:00.000000,2026-03-24T14:20:00.000000,2026,2026-03-24,LONG,fib382,1.5,24305.8215,24182.75,24490.428749999995,123.0714999999982,WIN,184.6072499999973,21,190.1785000000018,-117.3214999999982,target,24251.75,24182.75,24280.25,24348.0,24279.75,24345.25,5010.0,95.23809523809523,1
597,2026-03-24T12:35:00.000000,2026-03-24T12:40:00.000000,2026-03-24T14:35:00.000000,2026,2026-03-24,LONG,fib382,2.0,24305.8215,24182.75,24551.964499999995,123.0714999999982,WIN,218.9285000000018,24,244.1785000000018,-117.3214999999982,time_exit,24251.75,24182.75,24280.25,24348.0,24279.75,24345.25,5010.0,95.23809523809523,1
597,2026-03-24T12:35:00.000000,2026-03-24T12:40:00.000000,2026-03-24T14:20:00.000000,2026,2026-03-24,LONG,fib50,1.0,24313.875,24182.75,24445.0,131.125,WIN,131.125,21,182.125,-125.375,target,24251.75,24182.75,24280.25,24348.0,24279.75,24345.25,5010.0,95.23809523809523,1
597,2026-03-24T12:35:00.000000,2026-03-24T12:40:00.000000,2026-03-24T14:25:00.000000,2026,2026-03-24,LONG,fib50,1.5,24313.875,24182.75,24510.5625,131.125,WIN,196.6875,22,236.125,-125.375,target,24251.75,24182.75,24280.25,24348.0,24279.75,24345.25,5010.0,95.23809523809523,1
597,2026-03-24T12:35:00.000000,2026-03-24T12:40:00.000000,2026-03-24T14:35:00.000000,2026,2026-03-24,LONG,fib50,2.0,24313.875,24182.75,24576.125,131.125,WIN,210.875,24,236.125,-125.375,time_exit,24251.75,24182.75,24280.25,24348.0,24279.75,24345.25,5010.0,95.23809523809523,1
598,2026-03-24T14:20:00.000000,2026-03-24T20:55:00.000000,2026-03-24T22:50:00.000000,2026,2026-03-24,LONG,fib382,1.0,24347.8345,24182.75,24512.919,165.08450000000084,WIN,52.165499999999156,24,73.66549999999916,-27.334500000000844,time_exit,24251.75,24182.75,24257.0,24496.0,24256.25,24490.75,9482.0,97.49739311783108,1
598,2026-03-24T14:20:00.000000,2026-03-24T20:55:00.000000,2026-03-24T22:50:00.000000,2026,2026-03-24,LONG,fib382,1.5,24347.8345,24182.75,24595.46125,165.08450000000084,WIN,52.165499999999156,24,73.66549999999916,-27.334500000000844,time_exit,24251.75,24182.75,24257.0,24496.0,24256.25,24490.75,9482.0,97.49739311783108,1
598,2026-03-24T14:20:00.000000,2026-03-24T20:55:00.000000,2026-03-24T22:50:00.000000,2026,2026-03-24,LONG,fib382,2.0,24347.8345,24182.75,24678.003500000003,165.08450000000084,WIN,52.165499999999156,24,73.66549999999916,-27.334500000000844,time_exit,24251.75,24182.75,24257.0,24496.0,24256.25,24490.75,9482.0,97.49739311783108,1
598,2026-03-24T14:20:00.000000,2026-03-24T14:45:00.000000,2026-03-24T17:40:00.000000,2026,2026-03-24,LONG,fib50,1.0,24376.125,24182.75,24569.5,193.375,WIN,39.125,24,82.375,-1.625,time_exit,24251.75,24182.75,24257.0,24496.0,24256.25,24490.75,9482.0,97.49739311783108,1
598,2026-03-24T14:20:00.000000,2026-03-24T14:45:00.000000,2026-03-24T17:40:00.000000,2026,2026-03-24,LONG,fib50,1.5,24376.125,24182.75,24666.1875,193.375,WIN,39.125,24,82.375,-1.625,time_exit,24251.75,24182.75,24257.0,24496.0,24256.25,24490.75,9482.0,97.49739311783108,1
598,2026-03-24T14:20:00.000000,2026-03-24T14:45:00.000000,2026-03-24T17:40:00.000000,2026,2026-03-24,LONG,fib50,2.0,24376.125,24182.75,24762.875,193.375,WIN,39.125,24,82.375,-1.625,time_exit,24251.75,24182.75,24257.0,24496.0,24256.25,24490.75,9482.0,97.49739311783108,1
599,2026-03-24T14:35:00.000000,2026-03-24T14:40:00.000000,2026-03-24T17:35:00.000000,2026,2026-03-24,LONG,fib382,1.0,24472.02,24182.75,24761.29,289.27000000000044,LOSS,-38.77000000000044,24,51.22999999999956,-97.52000000000044,time_exit,24251.75,24182.75,24434.25,24540.0,24430.0,24524.75,3588.0,82.27272727272728,1
599,2026-03-24T14:35:00.000000,2026-03-24T14:40:00.000000,2026-03-24T17:35:00.000000,2026,2026-03-24,LONG,fib382,1.5,24472.02,24182.75,24905.925000000003,289.27000000000044,LOSS,-38.77000000000044,24,51.22999999999956,-97.52000000000044,time_exit,24251.75,24182.75,24434.25,24540.0,24430.0,24524.75,3588.0,82.27272727272728,1
599,2026-03-24T14:35:00.000000,2026-03-24T14:40:00.000000,2026-03-24T17:35:00.000000,2026,2026-03-24,LONG,fib382,2.0,24472.02,24182.75,25050.56,289.27000000000044,LOSS,-38.77000000000044,24,51.22999999999956,-97.52000000000044,time_exit,24251.75,24182.75,24434.25,24540.0,24430.0,24524.75,3588.0,82.27272727272728,1
599,2026-03-24T14:35:00.000000,2026-03-24T14:40:00.000000,2026-03-24T17:35:00.000000,2026,2026-03-24,LONG,fib50,1.0,24485.0,24182.75,24787.25,302.25,LOSS,-51.75,24,38.25,-110.5,time_exit,24251.75,24182.75,24434.25,24540.0,24430.0,24524.75,3588.0,82.27272727272728,1
599,2026-03-24T14:35:00.000000,2026-03-24T14:40:00.000000,2026-03-24T17:35:00.000000,2026,2026-03-24,LONG,fib50,1.5,24485.0,24182.75,24938.375,302.25,LOSS,-51.75,24,38.25,-110.5,time_exit,24251.75,24182.75,24434.25,24540.0,24430.0,24524.75,3588.0,82.27272727272728,1
599,2026-03-24T14:35:00.000000,2026-03-24T14:40:00.000000,2026-03-24T17:35:00.000000,2026,2026-03-24,LONG,fib50,2.0,24485.0,24182.75,25089.5,302.25,LOSS,-51.75,24,38.25,-110.5,time_exit,24251.75,24182.75,24434.25,24540.0,24430.0,24524.75,3588.0,82.27272727272728,1
600,2026-03-31T10:35:00.000000,,,2026,2026-03-31,LONG,fib382,1.0,23584.348,23476.75,23691.946000000004,107.59800000000178,NO_ENTRY,0.0,0,0.0,0.0,no_entry_or_no_exit,23587.75,23476.75,23544.75,23670.25,23531.25,23668.75,10221.0,89.20863309352518,1
600,2026-03-31T10:35:00.000000,,,2026,2026-03-31,LONG,fib382,1.5,23584.348,23476.75,23745.745000000003,107.59800000000178,NO_ENTRY,0.0,0,0.0,0.0,no_entry_or_no_exit,23587.75,23476.75,23544.75,23670.25,23531.25,23668.75,10221.0,89.20863309352518,1
600,2026-03-31T10:35:00.000000,,,2026,2026-03-31,LONG,fib382,2.0,23584.348,23476.75,23799.544000000005,107.59800000000178,NO_ENTRY,0.0,0,0.0,0.0,no_entry_or_no_exit,23587.75,23476.75,23544.75,23670.25,23531.25,23668.75,10221.0,89.20863309352518,1
600,2026-03-31T10:35:00.000000,,,2026,2026-03-31,LONG,fib50,1.0,23600.75,23476.75,23724.75,124.0,NO_ENTRY,0.0,0,0.0,0.0,no_entry_or_no_exit,23587.75,23476.75,23544.75,23670.25,23531.25,23668.75,10221.0,89.20863309352518,1
600,2026-03-31T10:35:00.000000,,,2026,2026-03-31,LONG,fib50,1.5,23600.75,23476.75,23786.75,124.0,NO_ENTRY,0.0,0,0.0,0.0,no_entry_or_no_exit,23587.75,23476.75,23544.75,23670.25,23531.25,23668.75,10221.0,89.20863309352518,1
600,2026-03-31T10:35:00.000000,,,2026,2026-03-31,LONG,fib50,2.0,23600.75,23476.75,23848.75,124.0,NO_ENTRY,0.0,0,0.0,0.0,no_entry_or_no_exit,23587.75,23476.75,23544.75,23670.25,23531.25,23668.75,10221.0,89.20863309352518,1
601,2026-03-31T11:00:00.000000,2026-03-31T11:05:00.000000,2026-03-31T13:00:00.000000,2026,2026-03-31,LONG,fib382,1.0,23806.2395,23476.75,24135.729,329.4894999999997,WIN,62.76050000000032,24,72.76050000000032,-58.73949999999968,time_exit,23587.75,23476.75,23775.75,23863.25,23771.0,23840.75,11079.0,70.46070460704607,1
601,2026-03-31T11:00:00.000000,2026-03-31T11:05:00.000000,2026-03-31T13:00:00.000000,2026,2026-03-31,LONG,fib382,1.5,23806.2395,23476.75,24300.473749999997,329.4894999999997,WIN,62.76050000000032,24,72.76050000000032,-58.73949999999968,time_exit,23587.75,23476.75,23775.75,23863.25,23771.0,23840.75,11079.0,70.46070460704607,1
601,2026-03-31T11:00:00.000000,2026-03-31T11:05:00.000000,2026-03-31T13:00:00.000000,2026,2026-03-31,LONG,fib382,2.0,23806.2395,23476.75,24465.2185,329.4894999999997,WIN,62.76050000000032,24,72.76050000000032,-58.73949999999968,time_exit,23587.75,23476.75,23775.75,23863.25,23771.0,23840.75,11079.0,70.46070460704607,1
601,2026-03-31T11:00:00.000000,2026-03-31T11:05:00.000000,2026-03-31T13:00:00.000000,2026,2026-03-31,LONG,fib50,1.0,23817.125,23476.75,24157.5,340.375,WIN,51.875,24,61.875,-69.625,time_exit,23587.75,23476.75,23775.75,23863.25,23771.0,23840.75,11079.0,70.46070460704607,1
601,2026-03-31T11:00:00.000000,2026-03-31T11:05:00.000000,2026-03-31T13:00:00.000000,2026,2026-03-31,LONG,fib50,1.5,23817.125,23476.75,24327.6875,340.375,WIN,51.875,24,61.875,-69.625,time_exit,23587.75,23476.75,23775.75,23863.25,23771.0,23840.75,11079.0,70.46070460704607,1
601,2026-03-31T11:00:00.000000,2026-03-31T11:05:00.000000,2026-03-31T13:00:00.000000,2026,2026-03-31,LONG,fib50,2.0,23817.125,23476.75,24497.875,340.375,WIN,51.875,24,61.875,-69.625,time_exit,23587.75,23476.75,23775.75,23863.25,23771.0,23840.75,11079.0,70.46070460704607,1
602,2026-04-07T13:15:00.000000,,,2026,2026-04-07,LONG,fib382,1.0,24181.0445,24059.25,24302.839,121.79449999999997,NO_ENTRY,0.0,0,0.0,0.0,no_entry_or_no_exit,24144.5,24059.25,24133.0,24270.5,24125.75,24251.75,11088.0,82.03799654576856,1
602,2026-04-07T13:15:00.000000,,,2026,2026-04-07,LONG,fib382,1.5,24181.0445,24059.25,24363.73625,121.79449999999997,NO_ENTRY,0.0,0,0.0,0.0,no_entry_or_no_exit,24144.5,24059.25,24133.0,24270.5,24125.75,24251.75,11088.0,82.03799654576856,1
602,2026-04-07T13:15:00.000000,,,2026,2026-04-07,LONG,fib382,2.0,24181.0445,24059.25,24424.6335,121.79449999999997,NO_ENTRY,0.0,0,0.0,0.0,no_entry_or_no_exit,24144.5,24059.25,24133.0,24270.5,24125.75,24251.75,11088.0,82.03799654576856,1
602,2026-04-07T13:15:00.000000,2026-04-07T13:20:00.000000,2026-04-07T13:45:00.000000,2026,2026-04-07,LONG,fib50,1.0,24198.125,24059.25,24337.0,138.875,WIN,138.875,6,143.875,-7.875,target,24144.5,24059.25,24133.0,24270.5,24125.75,24251.75,11088.0,82.03799654576856,1
602,2026-04-07T13:15:00.000000,2026-04-07T13:20:00.000000,2026-04-07T14:15:00.000000,2026,2026-04-07,LONG,fib50,1.5,24198.125,24059.25,24406.4375,138.875,WIN,208.3125,12,217.875,-7.875,target,24144.5,24059.25,24133.0,24270.5,24125.75,24251.75,11088.0,82.03799654576856,1
602,2026-04-07T13:15:00.000000,2026-04-07T13:20:00.000000,2026-04-07T16:00:00.000000,2026,2026-04-07,LONG,fib50,2.0,24198.125,24059.25,24475.875,138.875,WIN,277.75,21,467.875,-7.875,target,24144.5,24059.25,24133.0,24270.5,24125.75,24251.75,11088.0,82.03799654576856,1
604,2026-04-21T13:40:00.000000,2026-04-21T14:05:00.000000,2026-04-21T17:00:00.000000,2026,2026-04-21,SHORT,fib382,1.0,26659.1275,26859.5,26458.754999999997,200.3725000000013,LOSS,-86.62250000000131,24,57.37749999999869,-135.1225000000013,time_exit,26859.5,26818.0,26722.5,26725.5,26551.75,26573.25,16836.0,85.89928057553958,-1
604,2026-04-21T13:40:00.000000,2026-04-21T14:05:00.000000,2026-04-21T17:00:00.000000,2026,2026-04-21,SHORT,fib382,1.5,26659.1275,26859.5,26358.56875,200.3725000000013,LOSS,-86.62250000000131,24,57.37749999999869,-135.1225000000013,time_exit,26859.5,26818.0,26722.5,26725.5,26551.75,26573.25,16836.0,85.89928057553958,-1
604,2026-04-21T13:40:00.000000,2026-04-21T14:05:00.000000,2026-04-21T17:00:00.000000,2026,2026-04-21,SHORT,fib382,2.0,26659.1275,26859.5,26258.382499999996,200.3725000000013,LOSS,-86.62250000000131,24,57.37749999999869,-135.1225000000013,time_exit,26859.5,26818.0,26722.5,26725.5,26551.75,26573.25,16836.0,85.89928057553958,-1
604,2026-04-21T13:40:00.000000,2026-04-21T13:50:00.000000,2026-04-21T16:45:00.000000,2026,2026-04-21,SHORT,fib50,1.0,26638.625,26859.5,26417.75,220.875,LOSS,-109.125,24,53.125,-155.625,time_exit,26859.5,26818.0,26722.5,26725.5,26551.75,26573.25,16836.0,85.89928057553958,-1
604,2026-04-21T13:40:00.000000,2026-04-21T13:50:00.000000,2026-04-21T16:45:00.000000,2026,2026-04-21,SHORT,fib50,1.5,26638.625,26859.5,26307.3125,220.875,LOSS,-109.125,24,53.125,-155.625,time_exit,26859.5,26818.0,26722.5,26725.5,26551.75,26573.25,16836.0,85.89928057553958,-1
604,2026-04-21T13:40:00.000000,2026-04-21T13:50:00.000000,2026-04-21T16:45:00.000000,2026,2026-04-21,SHORT,fib50,2.0,26638.625,26859.5,26196.875,220.875,LOSS,-109.125,24,53.125,-155.625,time_exit,26859.5,26818.0,26722.5,26725.5,26551.75,26573.25,16836.0,85.89928057553958,-1
605,2026-04-23T11:35:00.000000,2026-04-23T12:00:00.000000,2026-04-23T13:55:00.000000,2026,2026-04-23,SHORT,fib382,1.0,26911.022,27059.0,26763.044,147.97799999999916,LOSS,-15.227999999999156,24,70.77200000000084,-71.22799999999916,time_exit,27059.0,27004.75,26931.0,26950.75,26846.75,26860.75,11319.0,67.54807692307693,-1
605,2026-04-23T11:35:00.000000,2026-04-23T12:00:00.000000,2026-04-23T13:55:00.000000,2026,2026-04-23,SHORT,fib382,1.5,26911.022,27059.0,26689.055,147.97799999999916,LOSS,-15.227999999999156,24,70.77200000000084,-71.22799999999916,time_exit,27059.0,27004.75,26931.0,26950.75,26846.75,26860.75,11319.0,67.54807692307693,-1
605,2026-04-23T11:35:00.000000,2026-04-23T12:00:00.000000,2026-04-23T13:55:00.000000,2026,2026-04-23,SHORT,fib382,2.0,26911.022,27059.0,26615.066000000003,147.97799999999916,LOSS,-15.227999999999156,24,70.77200000000084,-71.22799999999916,time_exit,27059.0,27004.75,26931.0,26950.75,26846.75,26860.75,11319.0,67.54807692307693,-1
605,2026-04-23T11:35:00.000000,2026-04-23T12:00:00.000000,2026-04-23T13:55:00.000000,2026,2026-04-23,SHORT,fib50,1.0,26898.75,27059.0,26738.5,160.25,LOSS,-27.5,24,58.5,-83.5,time_exit,27059.0,27004.75,26931.0,26950.75,26846.75,26860.75,11319.0,67.54807692307693,-1
605,2026-04-23T11:35:00.000000,2026-04-23T12:00:00.000000,2026-04-23T13:55:00.000000,2026,2026-04-23,SHORT,fib50,1.5,26898.75,27059.0,26658.375,160.25,LOSS,-27.5,24,58.5,-83.5,time_exit,27059.0,27004.75,26931.0,26950.75,26846.75,26860.75,11319.0,67.54807692307693,-1
605,2026-04-23T11:35:00.000000,2026-04-23T12:00:00.000000,2026-04-23T13:55:00.000000,2026,2026-04-23,SHORT,fib50,2.0,26898.75,27059.0,26578.25,160.25,LOSS,-27.5,24,58.5,-83.5,time_exit,27059.0,27004.75,26931.0,26950.75,26846.75,26860.75,11319.0,67.54807692307693,-1
606,2026-04-23T11:40:00.000000,2026-04-23T11:50:00.000000,2026-04-23T13:45:00.000000,2026,2026-04-23,SHORT,fib382,1.0,26818.351,27059.0,26577.701999999997,240.64900000000125,LOSS,-85.39900000000125,24,111.10099999999875,-163.89900000000125,time_exit,27059.0,27004.75,26860.75,26864.0,26744.5,26761.0,13601.0,83.47280334728033,-1
606,2026-04-23T11:40:00.000000,2026-04-23T11:50:00.000000,2026-04-23T13:45:00.000000,2026,2026-04-23,SHORT,fib382,1.5,26818.351,27059.0,26457.377499999995,240.64900000000125,LOSS,-85.39900000000125,24,111.10099999999875,-163.89900000000125,time_exit,27059.0,27004.75,26860.75,26864.0,26744.5,26761.0,13601.0,83.47280334728033,-1
606,2026-04-23T11:40:00.000000,2026-04-23T11:50:00.000000,2026-04-23T13:45:00.000000,2026,2026-04-23,SHORT,fib382,2.0,26818.351,27059.0,26337.052999999996,240.64900000000125,LOSS,-85.39900000000125,24,111.10099999999875,-163.89900000000125,time_exit,27059.0,27004.75,26860.75,26864.0,26744.5,26761.0,13601.0,83.47280334728033,-1
606,2026-04-23T11:40:00.000000,2026-04-23T11:50:00.000000,2026-04-23T13:45:00.000000,2026,2026-04-23,SHORT,fib50,1.0,26804.25,27059.0,26549.5,254.75,LOSS,-99.5,24,97.0,-178.0,time_exit,27059.0,27004.75,26860.75,26864.0,26744.5,26761.0,13601.0,83.47280334728033,-1
606,2026-04-23T11:40:00.000000,2026-04-23T11:50:00.000000,2026-04-23T13:45:00.000000,2026,2026-04-23,SHORT,fib50,1.5,26804.25,27059.0,26422.125,254.75,LOSS,-99.5,24,97.0,-178.0,time_exit,27059.0,27004.75,26860.75,26864.0,26744.5,26761.0,13601.0,83.47280334728033,-1
606,2026-04-23T11:40:00.000000,2026-04-23T11:50:00.000000,2026-04-23T13:45:00.000000,2026,2026-04-23,SHORT,fib50,2.0,26804.25,27059.0,26294.75,254.75,LOSS,-99.5,24,97.0,-178.0,time_exit,27059.0,27004.75,26860.75,26864.0,26744.5,26761.0,13601.0,83.47280334728033,-1
607,2026-04-24T09:40:00.000000,,,2026,2026-04-24,LONG,fib382,1.0,27341.4785,27167.75,27515.207000000002,173.72850000000108,NO_ENTRY,0.0,0,0.0,0.0,no_entry_or_no_exit,27258.25,27167.75,27313.5,27392.0,27310.25,27387.75,9801.0,90.82568807339449,1
607,2026-04-24T09:40:00.000000,,,2026,2026-04-24,LONG,fib382,1.5,27341.4785,27167.75,27602.07125,173.72850000000108,NO_ENTRY,0.0,0,0.0,0.0,no_entry_or_no_exit,27258.25,27167.75,27313.5,27392.0,27310.25,27387.75,9801.0,90.82568807339449,1
607,2026-04-24T09:40:00.000000,,,2026,2026-04-24,LONG,fib382,2.0,27341.4785,27167.75,27688.935500000003,173.72850000000108,NO_ENTRY,0.0,0,0.0,0.0,no_entry_or_no_exit,27258.25,27167.75,27313.5,27392.0,27310.25,27387.75,9801.0,90.82568807339449,1
607,2026-04-24T09:40:00.000000,2026-04-24T09:45:00.000000,2026-04-24T11:40:00.000000,2026,2026-04-24,LONG,fib50,1.0,27351.125,27167.75,27534.5,183.375,WIN,63.875,24,79.375,-9.625,time_exit,27258.25,27167.75,27313.5,27392.0,27310.25,27387.75,9801.0,90.82568807339449,1
607,2026-04-24T09:40:00.000000,2026-04-24T09:45:00.000000,2026-04-24T11:40:00.000000,2026,2026-04-24,LONG,fib50,1.5,27351.125,27167.75,27626.1875,183.375,WIN,63.875,24,79.375,-9.625,time_exit,27258.25,27167.75,27313.5,27392.0,27310.25,27387.75,9801.0,90.82568807339449,1
607,2026-04-24T09:40:00.000000,2026-04-24T09:45:00.000000,2026-04-24T11:40:00.000000,2026,2026-04-24,LONG,fib50,2.0,27351.125,27167.75,27717.875,183.375,WIN,63.875,24,79.375,-9.625,time_exit,27258.25,27167.75,27313.5,27392.0,27310.25,27387.75,9801.0,90.82568807339449,1
608,2026-04-29T09:50:00.000000,2026-04-29T10:00:00.000000,2026-04-29T10:30:00.000000,2026,2026-04-29,SHORT,fib382,1.0,27255.9515,27315.5,27196.403,59.548500000000786,WIN,59.548500000000786,7,102.45149999999921,-17.548500000000786,target,27315.5,27248.5,27286.5,27291.0,27199.25,27219.0,11932.0,73.56948228882834,-1
608,2026-04-29T09:50:00.000000,2026-04-29T10:00:00.000000,2026-04-29T10:30:00.000000,2026,2026-04-29,SHORT,fib382,1.5,27255.9515,27315.5,27166.628749999996,59.548500000000786,WIN,89.32275000000118,7,102.45149999999921,-17.548500000000786,target,27315.5,27248.5,27286.5,27291.0,27199.25,27219.0,11932.0,73.56948228882834,-1
608,2026-04-29T09:50:00.000000,2026-04-29T10:00:00.000000,2026-04-29T11:55:00.000000,2026,2026-04-29,SHORT,fib382,2.0,27255.9515,27315.5,27136.854499999998,59.548500000000786,WIN,6.451499999999214,24,102.45149999999921,-17.548500000000786,time_exit,27315.5,27248.5,27286.5,27291.0,27199.25,27219.0,11932.0,73.56948228882834,-1
608,2026-04-29T09:50:00.000000,2026-04-29T09:55:00.000000,2026-04-29T10:30:00.000000,2026,2026-04-29,SHORT,fib50,1.0,27245.125,27315.5,27174.75,70.375,WIN,70.375,8,91.625,-28.375,target,27315.5,27248.5,27286.5,27291.0,27199.25,27219.0,11932.0,73.56948228882834,-1
608,2026-04-29T09:50:00.000000,2026-04-29T09:55:00.000000,2026-04-29T11:50:00.000000,2026,2026-04-29,SHORT,fib50,1.5,27245.125,27315.5,27139.5625,70.375,WIN,11.375,24,91.625,-28.375,time_exit,27315.5,27248.5,27286.5,27291.0,27199.25,27219.0,11932.0,73.56948228882834,-1
608,2026-04-29T09:50:00.000000,2026-04-29T09:55:00.000000,2026-04-29T11:50:00.000000,2026,2026-04-29,SHORT,fib50,2.0,27245.125,27315.5,27104.375,70.375,WIN,11.375,24,91.625,-28.375,time_exit,27315.5,27248.5,27286.5,27291.0,27199.25,27219.0,11932.0,73.56948228882834,-1
609,2026-04-29T14:10:00.000000,2026-04-29T14:20:00.000000,2026-04-29T16:05:00.000000,2026,2026-04-29,SHORT,fib382,1.0,27227.7905,27315.5,27140.081,87.70950000000084,LOSS,-87.70950000000084,10,79.29049999999916,-156.20950000000084,stop,27315.5,27248.5,27287.5,27295.5,27118.25,27131.25,8615.0,88.15232722143864,-1
609,2026-04-29T14:10:00.000000,2026-04-29T14:20:00.000000,2026-04-29T16:05:00.000000,2026,2026-04-29,SHORT,fib382,1.5,27227.7905,27315.5,27096.22625,87.70950000000084,LOSS,-87.70950000000084,10,79.29049999999916,-156.20950000000084,stop,27315.5,27248.5,27287.5,27295.5,27118.25,27131.25,8615.0,88.15232722143864,-1
609,2026-04-29T14:10:00.000000,2026-04-29T14:20:00.000000,2026-04-29T16:05:00.000000,2026,2026-04-29,SHORT,fib382,2.0,27227.7905,27315.5,27052.371499999997,87.70950000000084,LOSS,-87.70950000000084,10,79.29049999999916,-156.20950000000084,stop,27315.5,27248.5,27287.5,27295.5,27118.25,27131.25,8615.0,88.15232722143864,-1
609,2026-04-29T14:10:00.000000,2026-04-29T14:20:00.000000,2026-04-29T16:05:00.000000,2026,2026-04-29,SHORT,fib50,1.0,27206.875,27315.5,27098.25,108.625,LOSS,-108.625,10,58.375,-177.125,stop,27315.5,27248.5,27287.5,27295.5,27118.25,27131.25,8615.0,88.15232722143864,-1
609,2026-04-29T14:10:00.000000,2026-04-29T14:20:00.000000,2026-04-29T16:05:00.000000,2026,2026-04-29,SHORT,fib50,1.5,27206.875,27315.5,27043.9375,108.625,LOSS,-108.625,10,58.375,-177.125,stop,27315.5,27248.5,27287.5,27295.5,27118.25,27131.25,8615.0,88.15232722143864,-1
609,2026-04-29T14:10:00.000000,2026-04-29T14:20:00.000000,2026-04-29T16:05:00.000000,2026,2026-04-29,SHORT,fib50,2.0,27206.875,27315.5,26989.625,108.625,LOSS,-108.625,10,58.375,-177.125,stop,27315.5,27248.5,27287.5,27295.5,27118.25,27131.25,8615.0,88.15232722143864,-1
610,2026-05-04T09:15:00.000000,2026-05-04T19:35:00.000000,2026-05-04T21:30:00.000000,2026,2026-05-04,SHORT,fib382,1.0,27830.2185,27930.0,27730.436999999998,99.78150000000096,LOSS,-7.78150000000096,24,33.96849999999904,-18.28150000000096,time_exit,27930.0,27864.0,27854.25,27867.75,27769.5,27782.75,9736.0,72.7735368956743,-1
610,2026-05-04T09:15:00.000000,2026-05-04T19:35:00.000000,2026-05-04T21:30:00.000000,2026,2026-05-04,SHORT,fib382,1.5,27830.2185,27930.0,27680.54625,99.78150000000096,LOSS,-7.78150000000096,24,33.96849999999904,-18.28150000000096,time_exit,27930.0,27864.0,27854.25,27867.75,27769.5,27782.75,9736.0,72.7735368956743,-1
610,2026-05-04T09:15:00.000000,2026-05-04T19:35:00.000000,2026-05-04T21:30:00.000000,2026,2026-05-04,SHORT,fib382,2.0,27830.2185,27930.0,27630.655499999997,99.78150000000096,LOSS,-7.78150000000096,24,33.96849999999904,-18.28150000000096,time_exit,27930.0,27864.0,27854.25,27867.75,27769.5,27782.75,9736.0,72.7735368956743,-1
610,2026-05-04T09:15:00.000000,2026-05-04T12:05:00.000000,2026-05-04T14:00:00.000000,2026,2026-05-04,SHORT,fib50,1.0,27818.625,27930.0,27707.25,111.375,WIN,59.125,24,100.625,-0.125,time_exit,27930.0,27864.0,27854.25,27867.75,27769.5,27782.75,9736.0,72.7735368956743,-1
610,2026-05-04T09:15:00.000000,2026-05-04T12:05:00.000000,2026-05-04T14:00:00.000000,2026,2026-05-04,SHORT,fib50,1.5,27818.625,27930.0,27651.5625,111.375,WIN,59.125,24,100.625,-0.125,time_exit,27930.0,27864.0,27854.25,27867.75,27769.5,27782.75,9736.0,72.7735368956743,-1
610,2026-05-04T09:15:00.000000,2026-05-04T12:05:00.000000,2026-05-04T14:00:00.000000,2026,2026-05-04,SHORT,fib50,2.0,27818.625,27930.0,27595.875,111.375,WIN,59.125,24,100.625,-0.125,time_exit,27930.0,27864.0,27854.25,27867.75,27769.5,27782.75,9736.0,72.7735368956743,-1
