date,day_high,day_low,day_open,day_close,pdh,pdl,pdc
2018-01-01,6417.25,6401.5,6405.0,6417.0,,,
2018-01-02,6523.25,6397.75,6416.75,6516.75,6417.25,6401.5,6417.0
2018-01-03,6591.25,6516.25,6516.5,6584.75,6523.25,6397.75,6516.75
2018-01-04,6617.5,6580.75,6584.5,6604.75,6591.25,6516.25,6584.75
2018-01-05,6671.0,6599.75,6605.0,6665.75,6617.5,6580.75,6604.75
2018-01-07,6681.25,6666.0,6667.75,6673.5,6671.0,6599.75,6665.75
2018-01-08,6693.25,6653.25,6673.5,6691.75,6681.25,6666.0,6673.5
2018-01-09,6707.25,6667.25,6691.75,6684.25,6693.25,6653.25,6691.75
2018-01-10,6686.0,6628.25,6684.5,6674.75,6707.25,6667.25,6684.25
2018-01-11,6728.75,6664.25,6675.0,6719.75,6686.0,6628.25,6674.75
2018-01-12,6777.75,6703.25,6719.5,6772.0,6728.75,6664.25,6719.75
2018-01-14,6789.0,6776.0,6781.5,6787.25,6777.75,6703.25,6772.0
2018-01-15,6798.5,6773.0,6786.75,6778.75,6789.0,6776.0,6787.25
2018-01-16,6845.75,6729.25,6779.0,6751.25,6798.5,6773.0,6778.75
2018-01-17,6834.25,6749.25,6751.5,6830.75,6845.75,6729.25,6751.25
2018-01-18,6838.0,6796.0,6831.0,6821.25,6834.25,6749.25,6830.75
2018-01-19,6857.0,6801.5,6821.25,6850.0,6838.0,6796.0,6821.25
2018-01-21,6843.5,6824.25,6830.75,6838.0,6857.0,6801.5,6850.0
2018-01-22,6941.25,6831.0,6837.75,6930.75,6843.5,6824.25,6838.0
2018-01-23,6981.25,6919.75,6930.75,6959.75,6941.25,6831.0,6930.75
2018-01-24,7004.25,6888.25,6960.0,6929.25,6981.25,6919.75,6959.75
2018-01-25,6987.25,6902.0,6929.25,6942.0,7004.25,6888.25,6929.25
2018-01-26,7034.5,6939.0,6942.0,7031.5,6987.25,6902.0,6942.0
2018-01-28,7043.5,7030.0,7030.0,7041.25,7034.5,6939.0,7031.5
2018-01-29,7047.25,6980.0,7041.25,7004.5,7043.5,7030.0,7041.25
2018-01-30,7006.5,6902.75,7004.25,6941.25,7047.25,6980.0,7004.5
2018-01-31,6991.0,6921.5,6941.5,6970.5,7006.5,6902.75,6941.25
2018-02-01,6987.75,6884.75,6970.0,6953.75,6991.0,6921.5,6970.5
2018-02-02,6955.0,6752.25,6953.5,6753.25,6987.75,6884.75,6953.75
2018-02-04,6759.25,6710.0,6752.25,6727.0,6955.0,6752.25,6753.25
2018-02-05,6813.5,6387.75,6727.0,6450.75,6759.25,6710.0,6727.0
2018-02-06,6677.5,6260.25,6449.75,6640.5,6813.5,6387.75,6450.75
2018-02-07,6717.75,6490.25,6641.25,6498.5,6677.5,6260.25,6640.5
2018-02-08,6618.5,6297.0,6499.25,6313.25,6717.75,6490.25,6498.5
2018-02-09,6455.5,6164.0,6313.25,6425.75,6618.5,6297.0,6313.25
2018-02-11,6442.75,6414.25,6434.5,6439.75,6455.5,6164.0,6425.75
2018-02-12,6567.5,6425.0,6440.0,6527.0,6442.75,6414.25,6439.75
2018-02-13,6571.0,6470.75,6528.0,6563.25,6567.5,6425.0,6527.0
2018-02-14,6692.75,6456.25,6563.25,6679.0,6571.0,6470.75,6563.25
2018-02-15,6828.25,6669.75,6678.5,6823.5,6692.75,6456.25,6679.0
2018-02-16,6859.75,6762.0,6823.25,6781.5,6828.25,6669.75,6823.5
2018-02-18,6806.0,6782.25,6783.25,6802.5,6859.75,6762.0,6781.5
2018-02-19,6819.5,6758.25,6802.25,6787.0,6806.0,6782.25,6802.5
2018-02-20,6843.75,6723.25,6787.0,6802.75,6819.5,6758.25,6787.0
2018-02-21,6885.5,6717.0,6802.5,6722.0,6843.75,6723.25,6802.75
2018-02-22,6831.5,6694.75,6722.5,6791.0,6885.5,6717.0,6722.0
2018-02-23,6913.75,6782.75,6791.5,6902.5,6831.5,6694.75,6791.0
2018-02-25,6928.75,6913.0,6918.25,6914.75,6913.75,6782.75,6902.5
2018-02-26,7007.5,6890.0,6914.75,7001.0,6928.75,6913.0,6914.75
2018-02-27,7009.0,6904.0,7001.0,6927.0,7007.5,6890.0,7001.0
2018-02-28,6970.5,6857.75,6927.0,6882.25,7009.0,6904.0,6927.0
2018-03-01,6898.75,6689.0,6882.0,6770.0,6970.5,6857.75,6882.25
2018-03-02,6823.25,6646.0,6770.25,6808.5,6898.75,6689.0,6770.0
2018-03-04,6802.0,6779.0,6795.75,6793.25,6823.25,6646.0,6808.5
2018-03-05,6904.5,6742.5,6793.25,6881.5,6802.0,6779.0,6793.25
2018-03-06,6939.25,6818.5,6881.75,6826.0,6904.5,6742.5,6881.5
2018-03-07,6937.0,6798.25,6825.75,6920.25,6939.25,6818.5,6826.0
2018-03-08,6983.5,6914.25,6920.5,6976.0,6937.0,6798.25,6920.25
2018-03-09,7129.5,6987.75,7001.75,7124.0,6983.5,6914.25,6976.0
2018-03-11,7149.75,7124.0,7132.75,7146.75,7129.5,6987.75,7124.0
2018-03-12,7185.0,7135.25,7147.0,7156.75,7149.75,7124.0,7146.75
2018-03-13,7214.5,7047.0,7156.5,7064.5,7185.0,7135.25,7156.75
2018-03-14,7121.5,7036.5,7064.5,7063.25,7214.5,7047.0,7064.5
2018-03-15,7100.0,7027.25,7063.0,7080.25,7121.5,7036.5,7063.25
2018-03-16,7084.75,7033.0,7080.0,7045.5,7100.0,7027.25,7080.25
2018-03-18,7043.0,7031.25,7043.0,7037.0,7084.75,7033.0,7045.5
2018-03-19,7041.5,6821.25,7037.25,6885.25,7043.0,7031.25,7037.0
2018-03-20,6927.75,6863.0,6885.5,6912.75,7041.5,6821.25,6885.25
2018-03-21,6951.0,6842.25,6913.0,6884.5,6927.75,6863.0,6912.75
2018-03-22,6915.0,6634.5,6884.25,6635.75,6951.0,6842.25,6884.5
2018-03-23,6721.25,6519.0,6635.5,6548.0,6915.0,6634.5,6635.75
2018-03-25,6574.75,6525.0,6549.75,6569.25,6721.25,6519.0,6548.0
2018-03-26,6786.75,6552.25,6569.0,6786.25,6574.75,6525.0,6569.25
2018-03-27,6849.25,6490.0,6786.25,6550.0,6786.75,6552.25,6786.25
2018-03-28,6582.25,6421.0,6549.75,6492.0,6849.25,6490.0,6550.0
2018-03-29,6653.75,6443.75,6492.0,6570.5,6582.25,6421.0,6492.0
2018-04-01,6588.5,6548.25,6557.0,6559.0,6653.75,6443.75,6570.5
2018-04-02,6576.5,6326.5,6559.25,6412.5,6588.5,6548.25,6559.0
2018-04-03,6496.75,6351.25,6413.0,6455.0,6576.5,6326.5,6412.5
2018-04-04,6602.75,6306.75,6455.75,6599.25,6496.75,6351.25,6455.0
2018-04-05,6654.5,6490.25,6599.75,6524.75,6602.75,6306.75,6599.25
2018-04-06,6599.25,6408.5,6525.5,6456.5,6654.5,6490.25,6524.75
2018-04-08,6485.0,6460.0,6463.0,6479.75,6599.25,6408.5,6456.5
2018-04-09,6618.0,6469.0,6479.0,6483.5,6485.0,6460.0,6479.75
2018-04-10,6651.75,6471.75,6483.0,6611.75,6618.0,6469.0,6483.5
2018-04-11,6663.25,6550.75,6612.0,6612.75,6651.75,6471.75,6611.75
2018-04-12,6693.75,6589.75,6612.5,6655.75,6663.25,6550.75,6612.75
2018-04-13,6713.0,6606.25,6655.0,6642.25,6693.75,6589.75,6655.75
2018-04-15,6698.0,6672.5,6674.25,6688.75,6713.0,6606.25,6642.25
2018-04-16,6722.0,6639.25,6688.5,6704.0,6698.0,6672.5,6688.75
2018-04-17,6844.75,6703.5,6704.5,6831.75,6722.0,6639.25,6704.0
2018-04-18,6867.0,6796.75,6831.75,6863.0,6844.75,6703.5,6831.75
2018-04-19,6866.25,6755.25,6862.75,6778.0,6867.0,6796.75,6863.0
2018-04-20,6790.25,6646.0,6778.0,6675.75,6866.25,6755.25,6778.0
2018-04-22,6720.0,6682.5,6705.5,6695.75,6790.25,6646.0,6675.75
2018-04-23,6728.0,6616.75,6695.25,6671.5,6720.0,6682.5,6695.75
2018-04-24,6717.75,6467.25,6670.75,6532.5,6728.0,6616.75,6671.5
2018-04-25,6604.0,6429.25,6532.0,6597.75,6717.75,6467.25,6532.5
2018-04-26,6754.5,6559.25,6598.0,6749.5,6604.0,6429.25,6597.75
2018-04-27,6772.0,6623.0,6749.5,6672.0,6754.5,6559.25,6749.5
2018-04-29,6693.0,6666.25,6668.0,6676.25,6772.0,6623.0,6672.0
2018-04-30,6718.0,6595.5,6676.5,6619.25,6693.0,6666.25,6676.25
2018-05-01,6740.0,6578.75,6619.25,6722.0,6718.0,6595.5,6619.25
2018-05-02,6729.5,6625.25,6722.0,6633.75,6740.0,6578.75,6722.0
2018-05-03,6673.0,6538.0,6633.75,6647.5,6729.5,6625.25,6633.75
2018-05-04,6788.5,6610.5,6647.5,6779.25,6673.0,6538.0,6647.5
2018-05-06,6804.75,6772.25,6779.0,6797.0,6788.5,6610.5,6779.25
2018-05-07,6851.25,6790.0,6796.75,6818.5,6804.75,6772.25,6797.0
2018-05-08,6837.5,6771.0,6818.75,6815.5,6851.25,6790.0,6818.5
2018-05-09,6904.0,6808.25,6815.75,6895.5,6837.5,6771.0,6815.5
2018-05-10,6971.25,6892.25,6895.75,6962.75,6904.0,6808.25,6895.5
2018-05-11,6979.5,6928.25,6963.0,6957.0,6971.25,6892.25,6962.75
2018-05-13,6984.0,6957.75,6958.25,6982.5,6979.5,6928.25,6957.0
2018-05-14,7013.5,6955.5,6982.75,6972.25,6984.0,6957.75,6982.5
2018-05-15,6976.75,6854.25,6972.25,6882.75,7013.5,6955.5,6972.25
2018-05-16,6953.5,6882.0,6883.0,6942.25,6976.75,6854.25,6882.75
2018-05-17,6962.0,6875.0,6942.25,6914.25,6953.5,6882.0,6942.25
2018-05-18,6936.25,6862.25,6913.75,6873.75,6962.0,6875.0,6914.25
2018-05-20,6947.75,6919.0,6919.0,6931.5,6936.25,6862.25,6873.75
2018-05-21,6957.0,6881.5,6931.0,6911.0,6947.75,6919.0,6931.5
2018-05-22,6954.75,6890.0,6911.25,6901.5,6957.0,6881.5,6911.0
2018-05-23,6961.5,6829.75,6901.5,6950.0,6954.75,6890.0,6901.5
2018-05-24,6975.0,6885.25,6950.25,6963.75,6961.5,6829.75,6950.0
2018-05-25,7003.75,6942.5,6963.5,6965.25,6975.0,6885.25,6963.75
2018-05-27,7000.0,6979.25,6989.0,6991.25,7003.75,6942.5,6965.25
2018-05-28,7007.0,6969.75,6991.0,6988.5,7000.0,6979.25,6991.25
2018-05-29,6989.5,6890.5,6988.0,6933.0,7007.0,6969.75,6988.5
2018-05-30,6994.75,6918.5,6933.0,6977.0,6989.5,6890.5,6933.0
2018-05-31,7023.5,6958.25,6977.0,6983.25,6994.75,6918.5,6977.0
2018-06-01,7090.5,6979.0,6983.5,7085.75,7023.5,6958.25,6983.25
2018-06-03,7088.25,7071.75,7079.75,7087.5,7090.5,6979.0,7085.75
2018-06-04,7151.5,7085.5,7087.5,7147.25,7088.25,7071.75,7087.5
2018-06-05,7187.5,7137.5,7147.75,7181.25,7151.5,7085.5,7147.25
2018-06-06,7222.25,7142.25,7181.5,7213.5,7187.5,7137.5,7181.25
2018-06-07,7234.25,7116.75,7213.25,7156.0,7222.25,7142.25,7213.5
2018-06-08,7187.75,7101.5,7180.25,7175.0,7234.25,7116.75,7156.0
2018-06-10,7168.75,7150.75,7168.75,7163.5,7187.75,7101.5,7175.0
2018-06-11,7214.75,7158.0,7163.0,7200.75,7168.75,7150.75,7163.5
2018-06-12,7250.0,7181.0,7200.75,7247.25,7214.75,7158.0,7200.75
2018-06-13,7290.0,7219.25,7247.25,7234.75,7250.0,7181.0,7247.25
2018-06-14,7321.0,7205.25,7234.75,7310.75,7290.0,7219.25,7234.75
2018-06-15,7318.75,7245.0,7310.5,7277.0,7321.0,7205.25,7310.75
2018-06-17,7289.25,7274.0,7276.0,7282.75,7318.75,7245.0,7277.0
2018-06-18,7282.75,7208.75,7282.25,7232.75,7289.25,7274.0,7282.75
2018-06-19,7262.0,7157.5,7233.0,7260.75,7282.75,7208.75,7232.75
2018-06-20,7336.5,7226.75,7260.75,7322.0,7262.0,7157.5,7260.75
2018-06-21,7358.5,7222.0,7321.75,7231.0,7336.5,7226.75,7322.0
2018-06-22,7274.0,7198.25,7231.25,7219.0,7358.5,7222.0,7231.0
2018-06-24,7222.75,7205.25,7222.75,7220.75,7274.0,7198.25,7219.0
2018-06-25,7222.75,6995.5,7221.0,7062.25,7222.75,7205.25,7220.75
2018-06-26,7130.0,7040.5,7062.5,7104.5,7222.75,6995.5,7062.25
2018-06-27,7151.5,6988.0,7104.75,7010.25,7130.0,7040.5,7104.5
2018-06-28,7076.5,6956.0,7011.0,7061.25,7151.5,6988.0,7010.25
2018-06-29,7123.75,7045.0,7061.25,7067.75,7076.5,6956.0,7061.25
2018-07-01,7080.75,7045.0,7068.25,7071.25,7123.75,7045.0,7067.75
2018-07-02,7119.75,6987.5,7071.25,7115.5,7080.75,7045.0,7071.25
2018-07-03,7165.0,7015.0,7115.5,7026.25,7119.75,6987.5,7115.5
2018-07-04,7052.75,7023.75,7026.5,7039.25,7165.0,7015.0,7026.25
2018-07-05,7128.0,7017.25,7039.0,7103.0,7052.75,7023.75,7039.25
2018-07-06,7237.75,7101.25,7103.0,7231.0,7128.0,7017.25,7103.0
2018-07-08,7242.75,7232.25,7232.5,7239.0,7237.75,7101.25,7231.0
2018-07-09,7316.5,7237.5,7238.75,7312.75,7242.75,7232.25,7239.0
2018-07-10,7335.5,7241.0,7313.0,7244.0,7316.5,7237.5,7312.75
2018-07-11,7290.0,7204.5,7243.75,7259.0,7335.5,7241.0,7244.0
2018-07-12,7399.25,7255.5,7258.75,7394.25,7290.0,7204.5,7259.0
2018-07-13,7414.25,7367.0,7394.5,7397.75,7399.25,7255.5,7394.25
2018-07-15,7413.75,7398.5,7399.5,7407.5,7414.25,7367.0,7397.75
2018-07-16,7413.5,7316.0,7407.75,7329.5,7413.75,7398.5,7407.5
2018-07-17,7436.0,7292.5,7329.0,7431.5,7413.5,7316.0,7329.5
2018-07-18,7437.75,7381.5,7431.75,7407.0,7436.0,7292.5,7431.5
2018-07-19,7416.0,7354.75,7406.75,7387.5,7437.75,7381.5,7407.0
2018-07-20,7413.75,7350.75,7386.75,7366.0,7416.0,7354.75,7387.5
2018-07-22,7377.5,7362.5,7368.0,7363.75,7413.75,7350.75,7366.0
2018-07-23,7442.5,7311.5,7363.75,7437.25,7377.5,7362.5,7363.75
2018-07-24,7489.75,7386.75,7437.25,7413.5,7442.5,7311.5,7437.25
2018-07-25,7530.0,7388.5,7413.5,7413.5,7489.75,7386.75,7413.5
2018-07-26,7450.0,7362.0,7413.25,7433.75,7530.0,7388.5,7413.5
2018-07-27,7467.0,7263.5,7434.25,7299.75,7450.0,7362.0,7433.75
2018-07-29,7299.75,7289.5,7293.0,7291.5,7467.0,7263.5,7299.75
2018-07-30,7309.25,7166.75,7291.75,7210.75,7299.75,7289.5,7291.5
2018-07-31,7298.0,7189.25,7211.25,7273.0,7309.25,7166.75,7210.75
2018-08-01,7303.75,7241.0,7273.25,7287.75,7298.0,7189.25,7273.0
2018-08-02,7395.25,7214.25,7287.75,7388.5,7303.75,7241.0,7287.75
2018-08-03,7415.0,7362.25,7388.75,7406.0,7395.25,7214.25,7388.5
2018-08-05,7415.75,7402.75,7404.25,7404.5,7415.0,7362.25,7406.0
2018-08-06,7449.75,7387.5,7404.5,7444.75,7415.75,7402.75,7404.5
2018-08-07,7486.75,7443.25,7444.25,7474.25,7449.75,7387.5,7444.75
2018-08-08,7496.0,7442.5,7474.75,7468.5,7486.75,7443.25,7474.25
2018-08-09,7505.5,7458.75,7468.5,7466.0,7496.0,7442.5,7468.5
2018-08-10,7468.0,7390.75,7466.5,7432.25,7505.5,7458.75,7466.0
2018-08-12,7427.5,7400.25,7425.5,7411.5,7468.0,7390.75,7432.25
2018-08-13,7479.0,7378.25,7412.25,7424.0,7427.5,7400.25,7411.5
2018-08-14,7465.0,7397.0,7423.75,7460.5,7479.0,7378.25,7424.0
2018-08-15,7464.75,7316.5,7460.5,7371.5,7465.0,7397.0,7460.5
2018-08-16,7434.5,7363.25,7371.5,7375.0,7464.75,7316.5,7371.5
2018-08-17,7407.0,7321.75,7375.25,7390.5,7434.5,7363.25,7375.0
2018-08-19,7400.0,7387.5,7390.5,7394.75,7407.0,7321.75,7390.5
2018-08-20,7420.75,7351.5,7395.0,7378.25,7400.0,7387.5,7394.75
2018-08-21,7452.25,7352.0,7378.5,7360.25,7420.75,7351.5,7378.25
2018-08-22,7444.75,7355.0,7360.0,7436.5,7452.25,7352.0,7360.25
2018-08-23,7475.0,7411.25,7436.75,7427.75,7444.75,7355.0,7436.5
2018-08-24,7499.5,7424.5,7427.5,7496.5,7475.0,7411.25,7427.75
2018-08-26,7524.75,7498.75,7499.0,7524.5,7499.5,7424.5,7496.5
2018-08-27,7582.0,7516.5,7524.25,7581.5,7524.75,7498.75,7524.5
2018-08-28,7597.25,7564.25,7581.5,7586.75,7582.0,7516.5,7581.5
2018-08-29,7674.5,7581.5,7586.5,7669.25,7597.25,7564.25,7586.75
2018-08-30,7697.0,7626.25,7669.25,7640.5,7674.5,7581.5,7669.25
2018-08-31,7682.25,7633.25,7640.75,7674.0,7697.0,7626.25,7640.5
2018-09-02,7676.25,7664.5,7670.0,7673.5,7682.25,7633.25,7674.0
2018-09-03,7687.0,7658.5,7673.25,7673.75,7676.25,7664.5,7673.5
2018-09-04,7693.75,7586.75,7673.75,7634.0,7687.0,7658.5,7673.75
2018-09-05,7643.25,7503.25,7633.75,7526.75,7693.75,7586.75,7634.0
2018-09-06,7544.5,7407.75,7527.0,7451.0,7643.25,7503.25,7526.75
2018-09-07,7494.75,7393.0,7450.5,7434.0,7544.5,7407.75,7451.0
2018-09-09,7448.5,7432.0,7433.0,7441.75,7494.75,7393.0,7434.0
2018-09-10,7483.5,7414.0,7442.0,7464.75,7448.5,7432.0,7441.75
2018-09-11,7524.75,7404.5,7464.5,7517.75,7483.5,7414.0,7464.75
2018-09-12,7541.0,7425.0,7517.75,7482.75,7524.75,7404.5,7517.75
2018-09-13,7583.25,7470.0,7482.5,7570.5,7541.0,7425.0,7482.75
2018-09-14,7627.0,7544.25,7599.25,7574.0,7583.25,7470.0,7570.5
2018-09-16,7566.5,7551.5,7566.25,7556.75,7627.0,7544.25,7574.0
2018-09-17,7575.0,7422.25,7556.75,7424.0,7566.5,7551.5,7556.75
2018-09-18,7564.25,7422.75,7424.5,7527.25,7575.0,7422.25,7424.0
2018-09-19,7546.0,7470.75,7527.0,7535.0,7564.25,7422.75,7527.25
2018-09-20,7616.75,7514.0,7534.75,7610.0,7546.0,7470.75,7535.0
2018-09-21,7637.5,7547.5,7609.75,7547.5,7616.75,7514.0,7610.0
2018-09-23,7540.5,7510.75,7539.75,7524.5,7637.5,7547.5,7547.5
2018-09-24,7594.0,7473.75,7524.5,7585.25,7540.5,7510.75,7524.5
2018-09-25,7606.0,7550.5,7585.25,7604.0,7594.0,7473.75,7585.25
2018-09-26,7668.0,7577.5,7603.75,7604.0,7606.0,7550.5,7604.0
2018-09-27,7686.25,7586.0,7603.75,7661.75,7668.0,7577.5,7604.0
2018-09-28,7677.0,7617.0,7661.5,7668.25,7686.25,7586.0,7661.75
2018-09-30,7695.75,7670.75,7672.0,7687.0,7677.0,7617.0,7668.25
2018-10-01,7728.75,7652.0,7687.25,7676.0,7695.75,7670.75,7687.0
2018-10-02,7712.75,7630.25,7676.0,7651.75,7728.75,7652.0,7676.0
2018-10-03,7703.75,7641.5,7652.0,7645.75,7712.75,7630.25,7651.75
2018-10-04,7647.75,7456.5,7645.75,7520.0,7703.75,7641.5,7645.75
2018-10-05,7540.0,7347.0,7520.25,7438.25,7647.75,7456.5,7520.0
2018-10-07,7453.25,7412.75,7443.25,7423.25,7540.0,7347.0,7438.25
2018-10-08,7445.75,7286.5,7423.0,7385.25,7453.25,7412.75,7423.25
2018-10-09,7455.75,7337.0,7385.0,7403.0,7445.75,7286.5,7385.25
2018-10-10,7412.0,7000.0,7403.0,7015.75,7455.75,7337.0,7403.0
2018-10-11,7138.0,6907.75,7015.0,7072.0,7412.0,7000.0,7015.75
2018-10-12,7197.75,7035.0,7072.0,7184.75,7138.0,6907.75,7072.0
2018-10-14,7179.0,7135.5,7176.75,7166.5,7197.75,7035.0,7184.75
2018-10-15,7172.0,7060.75,7166.25,7099.5,7179.0,7135.5,7166.5
2018-10-16,7357.5,7092.75,7100.0,7345.75,7172.0,7060.75,7099.5
2018-10-17,7368.5,7221.5,7346.0,7282.25,7357.5,7092.75,7345.75
2018-10-18,7305.0,7094.5,7282.25,7142.25,7368.5,7221.5,7282.25
2018-10-19,7244.25,7092.75,7142.75,7104.5,7305.0,7094.5,7142.25
2018-10-21,7091.0,7062.25,7085.75,7082.5,7244.25,7092.75,7104.5
2018-10-22,7210.5,7057.0,7082.5,7140.0,7091.0,7062.25,7082.5
2018-10-23,7164.0,6944.0,7140.25,7137.0,7210.5,7057.0,7140.0
2018-10-24,7175.0,6785.75,7136.5,6833.0,7164.0,6944.0,7137.0
2018-10-25,7075.75,6832.5,6833.25,6885.0,7175.0,6785.75,6833.0
2018-10-26,6986.5,6734.25,6885.75,6868.5,7075.75,6832.5,6885.0
2018-10-28,6949.25,6880.0,6898.0,6921.0,6986.5,6734.25,6868.5
2018-10-29,6991.5,6580.5,6920.25,6728.5,6949.25,6880.0,6921.0
2018-10-30,6867.25,6661.0,6727.75,6836.75,6991.5,6580.5,6728.5
2018-10-31,7039.25,6816.75,6836.25,6974.5,6867.25,6661.0,6836.75
2018-11-01,7079.75,6936.75,6974.0,7016.5,7039.25,6816.75,6974.5
2018-11-02,7143.25,6911.25,7016.25,6975.75,7079.75,6936.75,7016.5
2018-11-04,6975.75,6952.5,6972.75,6957.5,7143.25,6911.25,6975.75
2018-11-05,6998.5,6865.0,6958.0,6952.0,6975.75,6952.5,6957.5
2018-11-06,7034.75,6906.75,6952.25,6999.25,6998.5,6865.0,6952.0
2018-11-07,7225.0,6971.5,6998.5,7211.75,7034.75,6906.75,6999.25
2018-11-08,7231.0,7132.0,7211.5,7156.75,7225.0,6971.5,7211.75
2018-11-09,7166.25,6989.0,7156.0,7029.0,7231.0,7132.0,7156.75
2018-11-11,7037.5,7012.5,7026.25,7033.25,7166.25,6989.0,7029.0
2018-11-12,7103.75,6825.75,7033.0,6834.75,7037.5,7012.5,7033.25
2018-11-13,6962.0,6801.25,6834.5,6880.25,7103.75,6825.75,6834.75
2018-11-14,6929.5,6746.0,6879.75,6774.5,6962.0,6801.25,6880.25
2018-11-15,6920.5,6712.25,6774.75,6871.0,6929.5,6746.0,6774.5
2018-11-16,6915.0,6806.25,6871.25,6897.25,6920.5,6712.25,6871.0
2018-11-18,6877.0,6853.75,6875.0,6868.0,6915.0,6806.25,6897.25
2018-11-19,6934.5,6632.25,6868.25,6654.25,6877.0,6853.75,6868.0
2018-11-20,6663.5,6449.5,6653.5,6518.75,6934.5,6632.25,6654.25
2018-11-21,6647.75,6517.5,6518.5,6586.25,6663.5,6449.5,6518.75
2018-11-22,6598.0,6506.5,6585.25,6544.0,6647.75,6517.5,6586.25
2018-11-23,6601.5,6495.0,6544.0,6530.5,6598.0,6506.5,6544.0
2018-11-25,6557.25,6530.5,6537.5,6553.75,6601.5,6495.0,6530.5
2018-11-26,6696.5,6550.0,6553.75,6642.5,6557.25,6530.5,6553.75
2018-11-27,6735.25,6613.25,6642.5,6722.0,6696.5,6550.0,6642.5
2018-11-28,6923.5,6709.25,6721.5,6911.0,6735.25,6613.25,6722.0
2018-11-29,6943.75,6843.0,6910.75,6903.0,6923.5,6709.25,6911.0
2018-11-30,6967.25,6871.5,6903.0,6966.25,6943.75,6843.0,6903.0
2018-12-02,7103.25,7041.0,7041.0,7084.0,6967.25,6871.5,6966.25
2018-12-03,7139.0,7015.25,7084.25,7045.25,7103.25,7041.0,7084.0
2018-12-04,7052.0,6783.0,7045.25,6824.25,7139.0,7015.25,7045.25
2018-12-05,6861.75,6641.0,6824.0,6746.25,7052.0,6783.0,6824.25
2018-12-06,6854.25,6630.25,6746.25,6847.0,6861.75,6641.0,6746.25
2018-12-07,6856.5,6594.75,6846.75,6631.5,6854.25,6630.25,6847.0
2018-12-09,6609.75,6557.75,6596.25,6571.25,6856.5,6594.75,6631.5
2018-12-10,6714.5,6535.25,6571.75,6679.75,6609.75,6557.75,6571.25
2018-12-11,6808.75,6651.25,6680.0,6705.5,6714.5,6535.25,6679.75
2018-12-12,6872.0,6693.25,6706.0,6792.0,6808.75,6651.25,6705.5
2018-12-13,6838.5,6723.0,6791.5,6751.75,6872.0,6693.25,6792.0
2018-12-14,6786.25,6607.25,6777.5,6607.25,6838.5,6723.0,6751.75
2018-12-16,6635.25,6598.0,6599.25,6635.25,6786.25,6607.25,6607.25
2018-12-17,6656.0,6423.25,6634.75,6513.75,6635.25,6598.0,6635.25
2018-12-18,6577.5,6457.0,6514.5,6492.5,6656.0,6423.25,6513.75
2018-12-19,6610.0,6301.25,6492.0,6373.75,6577.5,6457.0,6492.5
2018-12-20,6404.5,6180.0,6373.75,6308.75,6610.0,6301.25,6373.75
2018-12-21,6338.0,6030.0,6308.5,6080.75,6404.5,6180.0,6308.75
2018-12-23,6074.25,6015.5,6049.75,6063.75,6338.0,6030.0,6080.75
2018-12-24,6123.0,5888.75,6063.25,5894.0,6074.25,6015.5,6063.75
2018-12-25,5916.25,5820.5,5902.0,5902.25,6123.0,5888.75,5894.0
2018-12-26,6310.0,5837.5,5903.0,6259.75,5916.25,5820.5,5902.25
2018-12-27,6333.0,6053.25,6259.75,6288.25,6310.0,5837.5,6259.75
2018-12-28,6402.5,6243.75,6287.75,6296.25,6333.0,6053.25,6288.25
2018-12-30,6356.5,6311.5,6312.25,6342.75,6402.5,6243.75,6296.25
2018-12-31,6376.75,6283.0,6342.25,6352.25,6356.5,6311.5,6342.75
2019-01-01,6379.75,6344.0,6349.5,6373.0,6376.75,6283.0,6352.25
2019-01-02,6409.25,6154.0,6372.5,6218.5,6379.75,6344.0,6373.0
2019-01-03,6304.25,6148.5,6218.75,6168.0,6409.25,6154.0,6218.5
2019-01-04,6462.0,6136.5,6167.25,6431.75,6304.25,6148.5,6168.0
2019-01-06,6455.0,6439.75,6451.25,6451.25,6462.0,6136.5,6431.75
2019-01-07,6535.75,6402.5,6451.5,6496.0,6455.0,6439.75,6451.25
2019-01-08,6586.25,6467.25,6496.25,6569.75,6535.75,6402.5,6496.0
2019-01-09,6645.0,6560.25,6569.75,6592.75,6586.25,6467.25,6569.75
2019-01-10,6641.75,6527.5,6593.0,6616.0,6645.0,6560.25,6592.75
2019-01-11,6632.5,6572.0,6616.5,6615.5,6641.75,6527.5,6616.0
2019-01-13,6602.5,6578.0,6599.0,6578.75,6632.5,6572.0,6615.5
2019-01-14,6584.5,6521.5,6578.75,6551.5,6602.5,6578.0,6578.75
2019-01-15,6692.0,6551.25,6551.75,6690.75,6584.5,6521.5,6551.5
2019-01-16,6737.25,6659.5,6691.25,6660.0,6692.0,6551.25,6690.75
2019-01-17,6760.0,6612.25,6660.0,6715.5,6737.25,6659.5,6660.0
2019-01-18,6828.25,6713.0,6715.5,6805.5,6760.0,6612.25,6715.5
2019-01-20,6794.5,6777.25,6794.5,6780.5,6828.25,6713.0,6805.5
2019-01-21,6785.25,6741.25,6779.5,6770.0,6794.5,6777.25,6780.5
2019-01-22,6778.25,6611.5,6770.5,6653.75,6785.25,6741.25,6770.0
2019-01-23,6724.25,6592.25,6653.5,6660.75,6778.25,6611.5,6653.75
2019-01-24,6718.5,6653.0,6660.75,6686.75,6724.25,6592.25,6660.75
2019-01-25,6810.5,6682.25,6687.0,6795.25,6718.5,6653.0,6686.75
2019-01-27,6791.0,6773.25,6784.25,6774.5,6810.5,6682.25,6795.25
2019-01-28,6785.25,6648.25,6774.5,6680.75,6791.0,6773.25,6774.5
2019-01-29,6721.0,6616.75,6680.75,6679.25,6785.25,6648.25,6680.75
2019-01-30,6865.5,6657.75,6679.25,6864.25,6721.0,6616.75,6679.25
2019-01-31,6943.0,6839.25,6864.5,6891.0,6865.5,6657.75,6864.25
2019-02-01,6927.5,6860.5,6890.75,6880.25,6943.0,6839.25,6891.0
2019-02-03,6880.75,6858.25,6863.75,6877.75,6927.5,6860.5,6880.25
2019-02-04,6983.0,6865.0,6877.5,6937.25,6880.75,6858.25,6877.75
2019-02-05,7033.75,6928.25,6937.5,7014.0,6983.0,6865.0,6937.25
2019-02-06,7038.75,6972.25,7013.5,6992.75,7033.75,6928.25,7014.0
2019-02-07,6994.75,6856.25,6993.0,6885.0,7038.75,6972.25,6992.75
2019-02-08,6926.25,6841.0,6885.0,6924.0,6994.75,6856.25,6885.0
2019-02-10,6940.0,6913.0,6921.75,6913.75,6926.25,6841.0,6924.0
2019-02-11,6969.5,6896.25,6913.75,6914.25,6940.0,6913.0,6913.75
2019-02-12,7028.5,6912.0,6914.25,7025.75,6969.5,6896.25,6914.25
2019-02-13,7069.75,7011.25,7026.0,7020.5,7028.5,6912.0,7025.75
2019-02-14,7057.5,6972.0,7020.75,7020.0,7069.75,7011.25,7020.5
2019-02-15,7095.25,6975.25,7020.0,7064.5,7057.5,6972.0,7020.0
2019-02-17,7079.0,7058.5,7063.75,7066.5,7095.25,6975.25,7064.5
2019-02-18,7082.75,7055.75,7066.5,7074.25,7079.0,7058.5,7066.5
2019-02-19,7094.75,7035.25,7074.5,7069.25,7082.75,7055.75,7074.25
2019-02-20,7105.0,7032.25,7069.0,7069.0,7094.75,7035.25,7069.25
2019-02-21,7113.75,7005.0,7069.0,7032.25,7105.0,7032.25,7069.0
2019-02-22,7101.25,7019.25,7032.25,7100.5,7113.75,7005.0,7032.25
2019-02-24,7127.75,7108.5,7108.5,7119.5,7101.25,7019.25,7100.5
2019-02-25,7168.5,7102.0,7119.25,7113.25,7127.75,7108.5,7119.5
2019-02-26,7151.0,7073.25,7113.0,7113.0,7168.5,7102.0,7113.25
2019-02-27,7131.75,7048.0,7113.25,7119.25,7151.0,7073.25,7113.0
2019-02-28,7130.75,7072.5,7119.25,7105.5,7131.75,7048.0,7119.25
2019-03-01,7164.5,7103.75,7105.5,7159.25,7130.75,7072.5,7105.5
2019-03-03,7206.25,7174.25,7177.0,7202.25,7164.5,7103.75,7159.25
2019-03-04,7211.5,7074.5,7202.5,7141.75,7206.25,7174.25,7202.25
2019-03-05,7182.0,7124.25,7141.75,7153.0,7211.5,7074.5,7141.75
2019-03-06,7171.25,7100.0,7152.5,7103.25,7182.0,7124.25,7153.0
2019-03-07,7123.25,7003.25,7103.25,7033.5,7171.25,7100.0,7103.25
2019-03-08,7062.5,6965.75,7061.5,7058.0,7123.25,7003.25,7033.5
2019-03-10,7059.75,7038.25,7049.0,7045.0,7062.5,6965.75,7058.0
2019-03-11,7224.5,7024.75,7045.0,7219.0,7059.75,7038.25,7045.0
2019-03-12,7250.5,7188.0,7219.0,7231.0,7224.5,7024.75,7219.0
2019-03-13,7324.25,7211.0,7231.0,7297.75,7250.5,7188.0,7231.0
2019-03-14,7318.5,7265.75,7298.25,7275.5,7324.25,7211.0,7297.75
2019-03-15,7361.0,7275.5,7275.5,7346.0,7318.5,7265.75,7275.5
2019-03-17,7342.5,7331.0,7338.0,7337.5,7361.0,7275.5,7346.0
2019-03-18,7379.5,7321.75,7337.75,7363.0,7342.5,7331.0,7337.5
2019-03-19,7421.25,7351.25,7363.0,7372.25,7379.5,7321.75,7363.0
2019-03-20,7458.0,7349.5,7372.5,7418.0,7421.25,7351.25,7372.25
2019-03-21,7541.0,7367.75,7418.0,7535.0,7458.0,7349.5,7418.0
2019-03-22,7544.75,7353.0,7534.75,7358.5,7541.0,7367.75,7535.0
2019-03-24,7390.5,7360.0,7372.25,7364.5,7544.75,7353.0,7358.5
2019-03-25,7371.5,7290.0,7363.75,7365.0,7390.5,7360.0,7364.5
2019-03-26,7447.5,7340.5,7364.75,7378.75,7371.5,7290.0,7365.0
2019-03-27,7404.75,7276.0,7378.5,7320.25,7447.5,7340.5,7378.75
2019-03-28,7379.75,7289.5,7320.0,7371.75,7404.75,7276.0,7320.25
2019-03-29,7414.5,7355.5,7371.75,7412.75,7379.75,7289.5,7371.75
2019-03-31,7457.25,7428.5,7430.0,7455.75,7414.5,7355.5,7412.75
2019-04-01,7506.75,7445.0,7455.5,7505.0,7457.25,7428.5,7455.75
2019-04-02,7532.5,7483.75,7505.25,7517.75,7506.75,7445.0,7505.0
2019-04-03,7616.25,7513.25,7517.5,7577.75,7532.5,7483.75,7517.75
2019-04-04,7598.0,7522.0,7577.75,7557.0,7616.25,7513.25,7577.75
2019-04-05,7612.75,7556.0,7556.75,7612.75,7598.0,7522.0,7557.0
2019-04-07,7619.75,7605.0,7607.75,7613.25,7612.75,7556.0,7612.75
2019-04-08,7629.5,7561.25,7613.25,7624.5,7619.75,7605.0,7613.25
2019-04-09,7633.75,7578.75,7624.5,7587.25,7629.5,7561.25,7624.5
2019-04-10,7658.25,7575.75,7587.5,7652.0,7633.75,7578.75,7587.25
2019-04-11,7661.0,7601.5,7652.0,7620.5,7658.25,7575.75,7652.0
2019-04-12,7665.0,7611.0,7620.5,7654.0,7661.0,7601.5,7620.5
2019-04-14,7657.0,7646.25,7654.0,7650.0,7665.0,7611.0,7654.0
2019-04-15,7659.0,7598.75,7649.5,7650.25,7657.0,7646.25,7650.0
2019-04-16,7695.0,7649.75,7650.0,7677.25,7659.0,7598.75,7650.25
2019-04-17,7733.5,7673.5,7677.25,7695.5,7695.0,7649.75,7677.25
2019-04-18,7723.0,7660.25,7695.25,7715.75,7733.5,7673.5,7695.5
2019-04-21,7727.0,7709.0,7715.25,7717.0,7723.0,7660.25,7715.75
2019-04-22,7746.75,7669.75,7717.25,7739.75,7727.0,7709.0,7717.0
2019-04-23,7843.75,7724.5,7740.0,7835.5,7746.75,7669.75,7739.75
2019-04-24,7861.75,7802.25,7835.5,7859.75,7843.75,7724.5,7835.5
2019-04-25,7879.5,7790.5,7859.75,7799.0,7861.75,7802.25,7859.75
2019-04-26,7845.5,7755.5,7799.25,7837.25,7879.5,7790.5,7799.0
2019-04-28,7844.75,7835.0,7837.25,7836.0,7845.5,7755.5,7837.25
2019-04-29,7867.75,7801.5,7836.0,7802.75,7844.75,7835.0,7836.0
2019-04-30,7857.0,7740.0,7802.75,7845.25,7867.75,7801.5,7802.75
2019-05-01,7867.25,7732.0,7845.5,7749.5,7857.0,7740.0,7845.25
2019-05-02,7805.0,7682.25,7749.25,7743.25,7867.25,7732.0,7749.5
2019-05-03,7872.5,7736.25,7743.0,7872.5,7805.0,7682.25,7743.25
2019-05-05,7810.0,7699.0,7810.0,7706.5,7872.5,7736.25,7872.5
2019-05-06,7817.5,7667.5,7706.25,7762.75,7810.0,7699.0,7706.5
2019-05-07,7804.0,7581.25,7763.0,7652.5,7817.5,7667.5,7762.75
2019-05-08,7698.0,7600.0,7652.75,7632.75,7804.0,7581.25,7652.5
2019-05-09,7642.0,7481.0,7632.75,7596.75,7698.0,7600.0,7632.75
2019-05-10,7654.5,7435.75,7597.0,7611.25,7642.0,7481.0,7596.75
2019-05-12,7551.5,7518.0,7534.25,7518.25,7654.5,7435.75,7611.25
2019-05-13,7533.25,7290.0,7518.25,7307.0,7551.5,7518.0,7518.25
2019-05-14,7459.5,7305.75,7306.75,7432.75,7533.25,7290.0,7307.0
2019-05-15,7538.5,7353.75,7432.75,7518.0,7459.5,7305.75,7432.75
2019-05-16,7641.0,7473.5,7518.25,7607.75,7538.5,7353.75,7518.0
2019-05-17,7620.0,7506.5,7608.0,7512.25,7641.0,7473.5,7607.75
2019-05-19,7547.25,7512.0,7514.75,7541.5,7620.0,7506.5,7512.25
2019-05-20,7559.25,7361.5,7541.5,7415.5,7547.25,7512.0,7541.5
2019-05-21,7485.25,7400.75,7416.0,7470.75,7559.25,7361.5,7415.5
2019-05-22,7474.5,7391.25,7471.0,7417.25,7485.25,7400.75,7470.75
2019-05-23,7421.0,7268.0,7417.5,7324.75,7474.5,7391.25,7417.25
2019-05-24,7379.75,7300.5,7325.0,7312.5,7421.0,7268.0,7324.75
2019-05-26,7321.75,7308.0,7315.5,7310.0,7379.75,7300.5,7312.5
2019-05-27,7338.5,7293.0,7309.75,7323.5,7321.75,7308.0,7310.0
2019-05-28,7371.75,7280.25,7323.75,7288.75,7338.5,7293.0,7323.5
2019-05-29,7291.0,7183.25,7288.75,7222.5,7371.75,7280.25,7288.75
2019-05-30,7271.25,7182.75,7222.75,7187.25,7291.0,7183.25,7222.5
2019-05-31,7216.75,7129.25,7187.0,7137.5,7271.25,7182.75,7187.25
2019-06-02,7110.5,7076.25,7110.0,7082.0,7216.75,7129.25,7137.5
2019-06-03,7132.5,6941.25,7081.75,7001.25,7110.5,7076.25,7082.0
2019-06-04,7210.75,6981.75,7001.25,7204.75,7132.5,6941.25,7001.25
2019-06-05,7245.25,7150.25,7204.75,7213.0,7210.75,6981.75,7204.75
2019-06-06,7299.25,7204.0,7213.0,7275.25,7245.25,7150.25,7213.0
2019-06-07,7453.0,7264.5,7276.0,7429.25,7299.25,7204.0,7275.25
2019-06-09,7484.75,7455.25,7469.0,7456.25,7453.0,7264.5,7429.25
2019-06-10,7578.5,7431.25,7456.0,7508.5,7484.75,7455.25,7456.25
2019-06-11,7600.75,7492.75,7508.5,7513.5,7578.5,7431.25,7508.5
2019-06-12,7531.0,7461.0,7514.0,7490.0,7600.75,7492.75,7513.5
2019-06-13,7536.0,7421.0,7490.25,7495.5,7531.0,7461.0,7490.0
2019-06-14,7547.25,7477.75,7522.0,7511.0,7536.0,7421.0,7495.5
2019-06-16,7530.25,7507.0,7508.0,7525.25,7547.25,7477.75,7511.0
2019-06-17,7577.5,7509.25,7524.5,7563.25,7530.25,7507.0,7525.25
2019-06-18,7721.75,7541.75,7563.75,7686.25,7577.5,7509.25,7563.25
2019-06-19,7732.25,7630.0,7685.75,7727.25,7721.75,7541.75,7686.25
2019-06-20,7821.0,7706.5,7727.5,7763.75,7732.25,7630.0,7727.25
2019-06-21,7803.5,7726.0,7764.0,7746.75,7821.0,7706.5,7763.75
2019-06-23,7773.5,7731.75,7744.5,7770.25,7803.5,7726.0,7746.75
2019-06-24,7794.25,7749.25,7770.25,7759.75,7773.5,7731.75,7770.25
2019-06-25,7779.5,7609.5,7760.0,7626.5,7794.25,7749.25,7759.75
2019-06-26,7719.0,7621.75,7625.75,7653.75,7779.5,7609.5,7626.5
2019-06-27,7716.5,7650.25,7654.0,7696.0,7719.0,7621.75,7653.75
2019-06-28,7726.0,7664.0,7696.25,7723.25,7716.5,7650.25,7696.0
2019-06-30,7824.5,7781.5,7781.5,7802.5,7726.0,7664.0,7723.25
2019-07-01,7849.75,7759.0,7802.5,7777.5,7824.5,7781.5,7802.5
2019-07-02,7843.25,7763.0,7777.5,7835.25,7849.75,7759.0,7777.5
2019-07-03,7901.0,7824.5,7835.25,7890.0,7843.25,7763.0,7835.25
2019-07-04,7909.75,7881.25,7890.0,7904.25,7901.0,7824.5,7890.0
2019-07-05,7908.25,7797.25,7904.5,7855.0,7909.75,7881.25,7904.25
2019-07-07,7863.5,7842.5,7855.0,7842.75,7908.25,7797.25,7855.0
2019-07-08,7846.0,7777.5,7843.0,7793.25,7863.5,7842.5,7842.75
2019-07-09,7858.75,7743.0,7793.75,7847.0,7846.0,7777.5,7793.25
2019-07-10,7949.5,7811.25,7847.0,7927.75,7858.75,7743.0,7847.0
2019-07-11,7963.25,7894.25,7927.75,7921.75,7949.5,7811.25,7927.75
2019-07-12,7967.5,7918.5,7921.5,7958.5,7963.25,7894.25,7921.75
2019-07-14,7966.75,7950.25,7958.25,7951.75,7967.5,7918.5,7958.5
2019-07-15,7999.0,7941.25,7951.75,7994.5,7966.75,7950.25,7951.75
2019-07-16,8001.5,7924.0,7994.25,7941.5,7999.0,7941.25,7994.5
2019-07-17,7966.25,7868.0,7941.5,7873.0,8001.5,7924.0,7941.5
2019-07-18,7975.0,7833.0,7873.25,7945.75,7966.25,7868.0,7873.0
2019-07-19,7980.75,7815.25,7945.5,7820.0,7975.0,7833.0,7945.75
2019-07-21,7854.25,7826.25,7830.0,7850.75,7980.75,7815.25,7820.0
2019-07-22,7936.5,7832.75,7851.0,7929.0,7854.25,7826.25,7850.75
2019-07-23,7985.75,7908.0,7928.75,7953.75,7936.5,7832.75,7929.0
2019-07-24,8051.75,7925.25,7953.75,8017.0,7985.75,7908.0,7953.75
2019-07-25,8034.5,7917.25,8017.25,7992.75,8051.75,7925.25,8017.0
2019-07-26,8040.75,7990.5,7993.25,8015.25,8034.5,7917.25,7992.75
2019-07-28,8026.75,8016.25,8017.5,8018.0,8040.75,7990.5,8015.25
2019-07-29,8031.75,7951.75,8018.0,8010.0,8026.75,8016.25,8018.0
2019-07-30,8020.0,7928.25,8010.0,7989.5,8031.75,7951.75,8010.0
2019-07-31,8001.25,7782.25,7989.5,7837.75,8020.0,7928.25,7989.5
2019-08-01,8014.5,7774.0,7838.0,7785.5,8001.25,7782.25,7837.75
2019-08-02,7805.0,7650.25,7785.75,7708.0,8014.5,7774.0,7785.5
2019-08-04,7701.75,7674.5,7701.75,7681.75,7805.0,7650.25,7708.0
2019-08-05,7705.5,7224.5,7681.75,7243.75,7701.75,7674.5,7681.75
2019-08-06,7549.0,7236.5,7244.25,7502.0,7705.5,7224.5,7243.75
2019-08-07,7577.5,7387.5,7501.75,7537.5,7549.0,7236.5,7502.0
2019-08-08,7738.5,7526.0,7538.0,7714.25,7577.5,7387.5,7537.5
2019-08-09,7724.0,7596.75,7714.0,7669.25,7738.5,7526.0,7714.25
2019-08-11,7679.75,7638.5,7654.5,7642.0,7724.0,7596.75,7669.25
2019-08-12,7710.0,7534.75,7642.25,7583.25,7679.75,7638.5,7642.0
2019-08-13,7789.5,7514.0,7583.0,7755.0,7710.0,7534.75,7583.25
2019-08-14,7767.5,7466.5,7755.5,7503.75,7789.5,7514.0,7755.0
2019-08-15,7572.75,7388.25,7503.75,7515.5,7767.5,7466.5,7503.75
2019-08-16,7632.5,7502.5,7515.0,7610.5,7572.75,7388.25,7515.5
2019-08-18,7656.5,7616.0,7617.25,7651.75,7632.5,7502.5,7610.5
2019-08-19,7750.0,7636.25,7651.5,7711.5,7656.5,7616.0,7651.75
2019-08-20,7752.0,7652.25,7711.5,7672.0,7750.0,7636.25,7711.5
2019-08-21,7782.25,7671.75,7672.25,7770.0,7752.0,7652.25,7672.0
2019-08-22,7774.0,7654.0,7770.25,7712.5,7782.25,7671.75,7770.0
2019-08-23,7762.0,7447.75,7712.75,7490.0,7774.0,7654.0,7712.5
2019-08-25,7435.0,7353.25,7435.0,7410.75,7762.0,7447.75,7490.0
2019-08-26,7626.0,7403.25,7411.25,7573.0,7435.0,7353.25,7410.75
2019-08-27,7648.5,7537.0,7573.0,7588.0,7626.0,7403.25,7573.0
2019-08-28,7605.75,7504.25,7588.0,7582.25,7648.5,7537.0,7588.0
2019-08-29,7730.25,7548.5,7582.25,7699.75,7605.75,7504.25,7582.25
2019-08-30,7770.5,7646.0,7700.0,7675.5,7730.25,7548.5,7699.75
2019-09-01,7632.5,7593.0,7628.25,7630.25,7770.5,7646.0,7675.5
2019-09-02,7695.5,7580.75,7630.25,7624.75,7632.5,7593.0,7630.25
2019-09-03,7676.75,7587.5,7625.25,7612.0,7695.5,7580.75,7624.75
2019-09-04,7730.0,7610.5,7612.25,7723.5,7676.75,7587.5,7612.0
2019-09-05,7886.75,7721.5,7723.5,7873.0,7730.0,7610.5,7723.5
2019-09-06,7895.0,7838.25,7873.25,7865.0,7886.75,7721.5,7873.0
2019-09-08,7874.75,7853.5,7857.0,7864.0,7895.0,7838.25,7865.0
2019-09-09,7887.0,7798.5,7864.0,7844.0,7874.75,7853.5,7864.0
2019-09-10,7857.75,7744.25,7844.0,7810.5,7887.0,7798.5,7844.0
2019-09-11,7962.0,7786.5,7810.25,7953.0,7857.75,7744.25,7810.5
2019-09-12,7982.75,7906.25,7952.75,7932.75,7962.0,7786.5,7953.0
2019-09-13,7978.5,7904.0,7953.75,7910.75,7982.75,7906.25,7932.75
2019-09-15,7878.5,7827.75,7878.5,7839.75,7978.5,7904.0,7910.75
2019-09-16,7898.5,7798.25,7839.5,7885.75,7878.5,7827.75,7839.75
2019-09-17,7921.5,7850.75,7885.75,7912.5,7898.5,7798.25,7885.75
2019-09-18,7929.5,7813.5,7912.5,7906.75,7921.5,7850.75,7912.5
2019-09-19,7973.75,7852.5,7907.0,7927.5,7929.5,7813.5,7906.75
2019-09-20,7952.25,7810.75,7927.75,7831.75,7973.75,7852.5,7927.5
2019-09-22,7897.5,7839.25,7839.25,7876.75,7952.25,7810.75,7831.75
2019-09-23,7904.75,7807.75,7876.5,7884.75,7897.5,7839.25,7876.75
2019-09-24,7894.0,7701.75,7885.25,7752.5,7904.75,7807.75,7884.75
2019-09-25,7844.25,7663.0,7753.0,7816.5,7894.0,7701.75,7752.5
2019-09-26,7842.75,7734.75,7817.0,7777.75,7844.25,7663.0,7816.5
2019-09-27,7822.0,7641.0,7777.75,7717.25,7842.75,7734.75,7777.75
2019-09-29,7759.0,7705.75,7735.5,7724.0,7822.0,7641.0,7717.25
2019-09-30,7791.5,7707.5,7724.25,7781.75,7759.0,7705.75,7724.0
2019-10-01,7841.5,7691.0,7781.75,7722.25,7791.5,7707.5,7781.75
2019-10-02,7730.5,7525.5,7721.75,7559.5,7841.5,7691.0,7722.25
2019-10-03,7661.5,7474.25,7559.75,7643.5,7730.5,7525.5,7559.5
2019-10-04,7773.75,7624.0,7643.5,7769.75,7661.5,7474.25,7643.5
2019-10-06,7747.25,7682.5,7712.5,7737.75,7773.75,7624.0,7769.75
2019-10-07,7799.75,7721.0,7737.75,7743.0,7747.25,7682.5,7737.75
2019-10-08,7784.5,7604.5,7743.0,7616.75,7799.75,7721.0,7743.0
2019-10-09,7732.0,7583.25,7617.0,7637.25,7784.5,7604.5,7616.75
2019-10-10,7813.25,7611.25,7637.25,7783.0,7732.0,7583.25,7637.25
2019-10-11,7918.5,7767.0,7782.5,7858.5,7813.25,7611.25,7783.0
2019-10-13,7893.25,7850.0,7850.25,7892.75,7918.5,7767.0,7858.5
2019-10-14,7894.75,7807.0,7892.75,7878.25,7893.25,7850.0,7892.75
2019-10-15,7971.75,7861.5,7878.0,7951.75,7894.75,7807.0,7878.25
2019-10-16,7959.0,7907.5,7951.75,7939.25,7971.75,7861.5,7951.75
2019-10-17,7994.75,7922.0,7939.5,7947.75,7959.0,7907.5,7939.25
2019-10-18,7958.5,7835.75,7948.25,7883.0,7994.75,7922.0,7947.75
2019-10-20,7894.5,7865.75,7874.25,7894.25,7958.5,7835.75,7883.0
2019-10-21,7951.75,7886.25,7894.25,7945.75,7894.5,7865.75,7894.25
2019-10-22,7988.75,7837.25,7945.75,7844.0,7951.75,7886.25,7945.75
2019-10-23,7933.0,7810.25,7844.25,7925.5,7988.75,7837.25,7844.0
2019-10-24,7984.0,7913.25,7925.25,7924.25,7933.0,7810.25,7925.5
2019-10-25,8041.5,7921.0,7924.0,8036.5,7984.0,7913.25,7924.25
2019-10-27,8062.75,8048.0,8048.0,8057.0,8041.5,7921.0,8036.5
2019-10-28,8127.5,8049.75,8057.25,8113.0,8062.75,8048.0,8057.0
2019-10-29,8118.75,8050.75,8112.75,8058.75,8127.5,8049.75,8113.0
2019-10-30,8141.0,8020.5,8058.75,8123.0,8118.75,8050.75,8058.75
2019-10-31,8139.0,8046.0,8123.5,8089.25,8141.0,8020.5,8123.0
2019-11-01,8168.0,8089.5,8089.75,8163.5,8139.0,8046.0,8089.25
2019-11-03,8181.0,8164.0,8165.0,8176.75,8168.0,8089.5,8163.5
2019-11-04,8248.0,8173.25,8176.75,8239.75,8181.0,8164.0,8176.75
2019-11-05,8248.0,8193.25,8239.5,8213.5,8248.0,8173.25,8239.75
2019-11-06,8228.25,8161.0,8213.75,8203.0,8248.0,8193.25,8213.5
2019-11-07,8282.25,8190.0,8202.75,8237.25,8228.25,8161.0,8203.0
2019-11-08,8264.25,8190.0,8237.25,8260.5,8282.25,8190.0,8237.25
2019-11-10,8261.75,8251.5,8257.25,8252.5,8264.25,8190.0,8260.5
2019-11-11,8259.5,8206.5,8252.0,8244.0,8261.75,8251.5,8252.5
2019-11-12,8300.25,8228.5,8244.25,8264.5,8259.5,8206.5,8244.0
2019-11-13,8281.5,8220.0,8264.75,8264.25,8300.25,8228.5,8264.5
2019-11-14,8285.5,8216.25,8264.25,8271.5,8281.5,8220.0,8264.25
2019-11-15,8324.0,8265.0,8271.25,8323.25,8285.5,8216.25,8271.5
2019-11-17,8323.0,8307.25,8318.75,8310.5,8324.0,8265.0,8323.25
2019-11-18,8367.0,8279.25,8310.5,8327.75,8323.0,8307.25,8310.5
2019-11-19,8379.0,8312.5,8328.0,8317.75,8367.0,8279.25,8327.75
2019-11-20,8348.0,8231.0,8318.0,8270.0,8379.0,8312.5,8317.75
2019-11-21,8308.0,8240.0,8269.75,8270.25,8348.0,8231.0,8270.0
2019-11-22,8313.5,8233.25,8270.25,8283.0,8308.0,8240.0,8270.25
2019-11-24,8311.75,8296.5,8303.25,8306.75,8313.5,8233.25,8283.0
2019-11-25,8379.25,8301.25,8306.5,8375.25,8311.75,8296.5,8306.75
2019-11-26,8422.0,8366.25,8375.5,8401.5,8379.25,8301.25,8375.25
2019-11-27,8458.75,8397.25,8401.25,8425.5,8422.0,8366.25,8401.5
2019-11-28,8449.75,8413.75,8425.5,8449.5,8458.75,8397.25,8425.5
2019-11-29,8451.0,8406.5,8449.0,8422.5,8449.75,8413.75,8449.5
2019-12-01,8435.25,8422.5,8424.5,8431.0,8451.0,8406.5,8422.5
2019-12-02,8457.25,8276.5,8430.75,8304.5,8435.25,8422.5,8431.0
2019-12-03,8337.5,8168.25,8304.0,8261.75,8457.25,8276.5,8304.5
2019-12-04,8319.25,8220.5,8261.75,8291.0,8337.5,8168.25,8261.75
2019-12-05,8340.0,8273.25,8290.75,8314.75,8319.25,8220.5,8291.0
2019-12-06,8409.5,8314.75,8314.75,8405.0,8340.0,8273.25,8314.75
2019-12-08,8415.0,8401.0,8401.5,8404.25,8409.5,8314.75,8405.0
2019-12-09,8427.25,8347.0,8403.75,8358.25,8415.0,8401.0,8404.25
2019-12-10,8398.0,8297.0,8358.25,8361.0,8427.25,8347.0,8358.25
2019-12-11,8415.5,8345.0,8361.0,8414.75,8398.0,8297.0,8361.0
2019-12-12,8508.0,8381.0,8414.5,8502.5,8415.5,8345.0,8414.75
2019-12-13,8549.0,8461.75,8527.25,8521.25,8508.0,8381.0,8502.5
2019-12-15,8540.0,8530.0,8534.0,8535.5,8549.0,8461.75,8521.25
2019-12-16,8617.5,8535.25,8535.5,8598.75,8540.0,8530.0,8535.5
2019-12-17,8626.5,8592.75,8598.75,8603.25,8617.5,8535.25,8598.75
2019-12-18,8641.25,8595.25,8603.5,8622.0,8626.5,8592.75,8603.25
2019-12-19,8682.5,8608.75,8621.75,8680.0,8641.25,8595.25,8622.0
2019-12-20,8724.75,8665.25,8680.0,8710.25,8682.5,8608.75,8680.0
2019-12-22,8723.5,8707.5,8710.75,8722.25,8724.75,8665.25,8710.25
2019-12-23,8743.25,8712.5,8722.25,8729.0,8723.5,8707.5,8722.25
2019-12-24,8736.0,8707.0,8728.75,8729.75,8743.25,8712.5,8729.0
2019-12-25,8733.0,8729.0,8730.25,8730.5,8736.0,8707.0,8729.75
2019-12-26,8809.75,8729.25,8730.25,8807.75,8733.0,8729.0,8730.5
2019-12-27,8843.5,8769.0,8808.0,8779.25,8809.75,8729.25,8807.75
2019-12-29,8799.5,8783.0,8783.5,8797.75,8843.5,8769.0,8779.25
2019-12-30,8809.75,8691.25,8797.75,8735.0,8799.5,8783.0,8797.75
2019-12-31,8772.25,8692.25,8735.25,8772.0,8809.75,8691.25,8735.0
2020-01-01,8783.75,8769.5,8776.75,8776.5,8772.25,8692.25,8772.0
2020-01-02,8907.25,8772.5,8776.5,8898.25,8783.75,8769.5,8776.5
2020-01-03,8906.5,8735.25,8898.25,8811.75,8907.25,8772.5,8898.25
2020-01-05,8779.25,8747.75,8772.25,8777.5,8906.5,8735.25,8811.75
2020-01-06,8873.0,8723.0,8778.0,8849.0,8779.25,8747.75,8777.5
2020-01-07,8894.75,8727.0,8849.0,8752.0,8873.0,8723.0,8849.0
2020-01-08,8972.25,8678.0,8752.25,8952.25,8894.75,8727.0,8752.0
2020-01-09,9022.25,8932.5,8952.25,9015.5,8972.25,8678.0,8952.25
2020-01-10,9055.5,8966.25,9015.75,8978.25,9022.25,8932.5,9015.5
2020-01-12,8999.5,8979.0,8979.0,8987.5,9055.5,8966.25,8978.25
2020-01-13,9107.75,8985.25,8987.75,9105.0,8999.5,8979.0,8987.5
2020-01-14,9114.75,9029.5,9105.0,9030.75,9107.75,8985.25,9105.0
2020-01-15,9096.0,9023.0,9031.25,9074.0,9114.75,9029.5,9030.75
2020-01-16,9158.0,9063.75,9074.0,9145.75,9096.0,9023.0,9074.0
2020-01-17,9189.25,9130.0,9145.5,9171.75,9158.0,9063.75,9145.75
2020-01-19,9184.75,9168.0,9174.0,9184.5,9189.25,9130.0,9171.75
2020-01-20,9187.0,9160.0,9184.75,9170.0,9184.75,9168.0,9184.5
2020-01-21,9199.75,9114.75,9170.25,9178.0,9187.0,9160.0,9170.0
2020-01-22,9254.0,9177.5,9178.25,9182.0,9199.75,9114.75,9178.0
2020-01-23,9272.5,9151.75,9182.25,9270.0,9254.0,9177.5,9182.0
2020-01-24,9287.25,9109.5,9270.0,9136.75,9272.5,9151.75,9270.0
2020-01-26,9077.0,8994.0,9077.0,9014.5,9287.25,9109.5,9136.75
2020-01-27,9054.0,8925.5,9015.0,8978.5,9077.0,8994.0,9014.5
2020-01-28,9136.25,8964.75,8979.0,9099.5,9054.0,8925.5,8978.5
2020-01-29,9158.75,9072.25,9100.0,9121.5,9136.25,8964.75,9099.5
2020-01-30,9240.0,9003.5,9122.0,9218.5,9158.75,9072.25,9121.5
2020-01-31,9248.75,8966.0,9218.0,9013.25,9240.0,9003.5,9218.5
2020-02-02,9038.25,8975.0,8982.75,9020.75,9248.75,8966.0,9013.25
2020-02-03,9155.75,9011.25,9020.0,9089.5,9038.25,8975.0,9020.75
2020-02-04,9369.25,9087.0,9090.25,9338.25,9155.75,9011.25,9089.5
2020-02-05,9462.75,9317.75,9338.0,9381.25,9369.25,9087.0,9338.25
2020-02-06,9471.0,9362.5,9381.0,9466.75,9462.75,9317.75,9381.25
2020-02-07,9470.0,9385.0,9466.75,9400.5,9471.0,9362.5,9466.75
2020-02-09,9424.0,9330.75,9401.5,9356.75,9470.0,9385.0,9400.5
2020-02-10,9531.5,9356.5,9356.5,9525.5,9424.0,9330.75,9356.75
2020-02-11,9609.5,9501.25,9525.25,9541.0,9531.5,9356.5,9525.5
2020-02-12,9628.25,9523.75,9541.25,9576.75,9609.5,9501.25,9541.0
2020-02-13,9644.75,9511.25,9577.0,9609.75,9628.25,9523.75,9576.75
2020-02-14,9659.25,9588.0,9609.75,9630.25,9644.75,9511.25,9609.75
2020-02-16,9668.75,9634.25,9635.0,9663.75,9659.25,9588.0,9630.25
2020-02-17,9687.5,9579.5,9663.5,9603.0,9668.75,9634.25,9663.75
2020-02-18,9664.75,9534.25,9602.5,9664.0,9687.5,9579.5,9603.0
2020-02-19,9748.75,9647.5,9664.25,9744.5,9664.75,9534.25,9664.0
2020-02-20,9763.0,9517.0,9744.75,9572.75,9748.75,9647.5,9744.5
2020-02-21,9612.25,9411.5,9573.0,9455.0,9763.0,9517.0,9572.75
2020-02-23,9365.0,9289.0,9355.25,9309.5,9612.25,9411.5,9455.0
2020-02-24,9323.75,9041.25,9310.0,9140.75,9365.0,9289.0,9309.5
2020-02-25,9224.25,8810.0,9141.0,8921.25,9323.75,9041.25,9140.75
2020-02-26,9037.5,8709.5,8921.5,8832.25,9224.25,8810.0,8921.25
2020-02-27,8852.75,8311.5,8832.0,8414.0,9037.5,8709.5,8832.25
2020-02-28,8447.25,8126.25,8413.25,8270.5,8852.75,8311.5,8414.0
2020-03-01,8386.0,8224.25,8349.25,8355.75,8447.25,8126.25,8270.5
2020-03-02,8883.25,8316.25,8355.5,8859.75,8386.0,8224.25,8355.75
2020-03-03,9002.5,8508.25,8858.75,8562.75,8883.25,8316.25,8859.75
2020-03-04,8950.0,8556.75,8561.75,8882.75,9002.5,8508.25,8562.75
2020-03-05,8887.5,8610.75,8883.25,8693.5,8950.0,8556.75,8882.75
2020-03-06,8726.5,8310.5,8694.0,8501.75,8887.5,8610.75,8693.5
2020-03-08,8375.0,8102.0,8369.0,8115.25,8726.5,8310.5,8501.75
2020-03-09,8240.25,7814.25,8114.25,8109.25,8375.0,8102.0,8115.25
2020-03-10,8378.75,7931.25,8110.25,8212.0,8240.25,7814.25,8109.25
2020-03-11,8250.0,7892.75,8211.0,7995.0,8378.75,7931.25,8212.0
2020-03-12,8019.0,7060.5,7995.25,7116.75,8250.0,7892.75,7995.0
2020-03-13,7978.0,6942.5,7115.0,7823.0,8019.0,7060.5,7116.75
2020-03-15,7920.0,7541.0,7919.75,7541.0,7978.0,6942.5,7823.0
2020-03-16,7541.0,6906.0,7541.0,7138.0,7920.0,7541.0,7541.0
2020-03-17,7537.0,6931.25,7136.0,7174.0,7541.0,6906.0,7138.0
2020-03-18,7424.0,6810.0,7173.75,7363.5,7537.0,6931.25,7174.0
2020-03-19,7502.5,6874.25,7366.0,7195.5,7424.0,6810.0,7363.5
2020-03-20,7629.0,6891.0,7195.25,6920.25,7502.5,6874.25,7195.5
2020-03-22,6798.0,6628.75,6798.0,6684.25,7629.0,6891.0,6920.25
2020-03-23,7316.25,6628.75,6685.5,7082.5,6798.0,6628.75,6684.25
2020-03-24,7634.0,7035.0,7081.5,7498.0,7316.25,6628.75,7082.5
2020-03-25,7761.0,7371.5,7495.25,7479.25,7634.0,7035.0,7498.0
2020-03-26,7893.5,7310.25,7478.0,7878.0,7761.0,7371.5,7479.25
2020-03-27,7893.25,7551.25,7878.75,7561.0,7893.5,7310.25,7878.0
2020-03-29,7507.25,7365.0,7395.75,7465.0,7893.25,7551.25,7561.0
2020-03-30,7885.0,7455.75,7467.0,7875.75,7507.25,7365.0,7465.0
2020-03-31,7995.0,7705.0,7876.0,7712.5,7885.0,7455.75,7875.75
2020-04-01,7744.75,7404.25,7710.75,7507.0,7995.0,7705.0,7712.5
2020-04-02,7656.25,7376.0,7506.5,7591.75,7744.75,7404.25,7507.0
2020-04-03,7660.25,7423.5,7591.25,7522.0,7656.25,7376.0,7591.75
2020-04-05,7657.0,7535.5,7535.75,7653.5,7660.25,7423.5,7522.0
2020-04-06,8099.0,7651.0,7655.0,8080.75,7657.0,7535.5,7653.5
2020-04-07,8303.25,7948.0,8082.0,8043.0,8099.0,7651.0,8080.75
2020-04-08,8242.0,7953.25,8041.5,8225.5,8303.25,7948.0,8043.0
2020-04-09,8326.25,8101.75,8225.75,8238.75,8242.0,7953.25,8225.5
2020-04-12,8327.5,8073.25,8296.0,8119.75,8326.25,8101.75,8238.75
2020-04-13,8373.5,8085.25,8120.5,8366.0,8327.5,8073.25,8119.75
2020-04-14,8710.0,8319.0,8365.75,8673.75,8373.5,8085.25,8366.0
2020-04-15,8681.75,8486.5,8674.25,8533.0,8710.0,8319.0,8673.75
2020-04-16,8966.75,8500.5,8532.5,8933.5,8681.75,8486.5,8533.0
2020-04-17,8952.5,8689.5,8933.75,8812.0,8966.75,8500.5,8933.5
2020-04-19,8799.5,8733.0,8799.5,8747.25,8952.5,8689.5,8812.0
2020-04-20,8846.0,8687.0,8747.75,8730.25,8799.5,8733.0,8747.25
2020-04-21,8763.0,8342.0,8730.5,8458.25,8846.0,8687.0,8730.25
2020-04-22,8700.0,8400.0,8457.75,8616.25,8763.0,8342.0,8458.25
2020-04-23,8786.5,8532.0,8617.0,8552.5,8700.0,8400.0,8616.25
2020-04-24,8780.25,8498.25,8553.25,8763.75,8786.5,8532.0,8552.5
2020-04-26,8814.75,8730.0,8766.0,8753.25,8780.25,8498.25,8763.75
2020-04-27,8898.0,8738.25,8754.0,8823.25,8814.75,8730.0,8753.25
2020-04-28,8945.75,8654.5,8823.0,8767.25,8898.0,8738.25,8823.25
2020-04-29,9118.75,8765.0,8768.5,9091.75,8945.75,8654.5,8767.25
2020-04-30,9144.75,8805.0,9090.5,8838.5,9118.75,8765.0,9091.75
2020-05-01,8879.0,8672.0,8838.75,8702.0,9144.75,8805.0,8838.5
2020-05-03,8642.25,8562.0,8624.0,8582.5,8879.0,8672.0,8702.0
2020-05-04,8828.5,8556.25,8583.25,8823.75,8642.25,8562.0,8582.5
2020-05-05,9020.0,8818.25,8823.75,8956.25,8828.5,8556.25,8823.75
2020-05-06,9056.5,8877.75,8956.0,8965.5,9020.0,8818.25,8956.25
2020-05-07,9143.5,8965.0,8965.0,9141.5,9056.5,8877.75,8965.5
2020-05-08,9238.0,9116.0,9141.75,9222.5,9143.5,8965.0,9141.5
2020-05-10,9257.25,9174.75,9194.75,9253.75,9238.0,9116.0,9222.5
2020-05-11,9339.0,9118.5,9253.75,9276.75,9257.25,9174.75,9253.75
2020-05-12,9345.5,9006.75,9276.75,9013.75,9339.0,9118.5,9276.75
2020-05-13,9202.75,8878.25,9014.75,9011.5,9345.5,9006.75,9013.75
2020-05-14,9111.5,8847.0,9011.75,9108.0,9202.75,8878.25,9011.5
2020-05-15,9148.5,8925.5,9107.25,9117.5,9111.5,8847.0,9108.0
2020-05-17,9179.0,9110.25,9135.0,9165.0,9148.5,8925.5,9117.5
2020-05-18,9361.5,9155.5,9166.25,9344.0,9179.0,9110.25,9165.0
2020-05-19,9417.25,9273.0,9344.25,9317.25,9361.5,9155.5,9344.0
2020-05-20,9503.25,9310.25,9318.5,9485.25,9417.25,9273.0,9317.25
2020-05-21,9510.75,9348.25,9485.75,9402.75,9503.25,9310.25,9485.25
2020-05-22,9422.5,9241.5,9403.25,9421.5,9510.75,9348.25,9402.75
2020-05-24,9465.0,9391.5,9396.25,9455.5,9422.5,9241.5,9421.5
2020-05-25,9536.5,9416.5,9456.25,9509.75,9465.0,9391.5,9455.5
2020-05-26,9604.0,9373.0,9510.25,9394.25,9536.5,9416.5,9509.75
2020-05-27,9508.0,9172.5,9395.5,9442.5,9604.0,9373.0,9394.25
2020-05-28,9565.5,9320.5,9441.75,9418.0,9508.0,9172.5,9442.5
2020-05-29,9590.5,9372.0,9418.5,9586.75,9565.5,9320.5,9418.0
2020-05-31,9524.5,9450.25,9513.0,9506.25,9590.5,9372.0,9586.75
2020-06-01,9605.75,9481.25,9507.0,9565.5,9524.5,9450.25,9506.25
2020-06-02,9677.25,9504.75,9566.25,9675.25,9605.75,9481.25,9565.5
2020-06-03,9728.25,9640.75,9675.5,9697.0,9677.25,9504.75,9675.25
2020-06-04,9742.5,9572.25,9696.5,9619.25,9728.25,9640.75,9697.0
2020-06-05,9846.25,9601.75,9619.0,9807.75,9742.5,9572.25,9619.25
2020-06-07,9875.5,9808.25,9819.0,9871.75,9846.25,9601.75,9807.75
2020-06-08,9901.0,9747.0,9872.0,9880.0,9875.5,9808.25,9871.75
2020-06-09,10005.25,9811.5,9879.75,9989.0,9901.0,9747.0,9880.0
2020-06-10,10155.5,9958.5,9989.25,10043.0,10005.25,9811.5,9989.0
2020-06-11,10095.5,9584.5,10043.5,9678.0,10155.5,9958.5,10043.0
2020-06-12,9849.25,9494.75,9678.75,9645.0,10095.5,9584.5,9678.0
2020-06-14,9573.0,9492.0,9527.0,9539.75,9849.25,9494.75,9645.0
2020-06-15,9867.75,9368.25,9539.25,9865.0,9573.0,9492.0,9539.75
2020-06-16,10001.75,9786.5,9864.25,9984.0,9867.75,9368.25,9865.0
2020-06-17,10047.5,9915.25,9984.0,9949.5,10001.75,9786.5,9984.0
2020-06-18,10029.0,9866.5,9950.0,10020.75,10047.5,9915.25,9949.5
2020-06-19,10112.5,9916.0,10019.5,9925.0,10029.0,9866.5,10020.75
2020-06-21,9908.0,9843.5,9868.0,9905.25,10112.5,9916.0,9925.0
2020-06-22,10158.25,9895.0,9906.0,10150.25,9908.0,9843.5,9905.25
2020-06-23,10296.25,9972.25,10149.5,10180.75,10158.25,9895.0,10150.25
2020-06-24,10242.0,9927.25,10180.25,9973.75,10296.25,9972.25,10180.75
2020-06-25,10120.5,9885.5,9974.25,10105.75,10242.0,9927.25,9973.75
2020-06-26,10120.0,9824.25,10105.5,9844.75,10120.5,9885.5,10105.75
2020-06-28,9840.0,9780.25,9785.5,9826.75,10120.0,9824.25,9844.75
2020-06-29,10008.5,9728.75,9827.75,9994.0,9840.0,9780.25,9826.75
2020-06-30,10043.0,9940.25,9993.5,10034.75,10008.5,9728.75,9994.0
2020-07-01,10310.0,10076.0,10130.0,10269.0,10043.0,9940.25,10034.75
2020-07-02,10422.25,10252.75,10269.0,10350.25,10310.0,10076.0,10269.0
2020-07-03,10389.75,10308.75,10349.75,10326.0,10422.25,10252.75,10350.25
2020-07-05,10399.75,10341.5,10347.25,10393.25,10389.75,10308.75,10326.0
2020-07-06,10649.0,10391.25,10393.25,10640.0,10399.75,10341.5,10393.25
2020-07-07,10694.5,10505.75,10639.75,10550.25,10649.0,10391.25,10640.0
2020-07-08,10691.25,10505.25,10550.0,10682.25,10694.5,10505.75,10550.25
2020-07-09,10774.25,10560.0,10682.25,10754.25,10691.25,10505.25,10682.25
2020-07-10,10847.5,10625.5,10754.5,10843.75,10774.25,10560.0,10754.25
2020-07-12,10909.5,10847.75,10848.25,10876.5,10847.5,10625.5,10843.75
2020-07-13,11058.5,10561.5,10877.0,10646.0,10909.5,10847.75,10876.5
2020-07-14,10739.5,10358.75,10645.25,10717.0,11058.5,10561.5,10646.0
2020-07-15,10766.5,10551.25,10717.25,10647.25,10739.5,10358.75,10717.0
2020-07-16,10647.75,10475.5,10646.25,10567.0,10766.5,10551.25,10647.25
2020-07-17,10669.75,10537.5,10567.75,10622.5,10647.75,10475.5,10567.0
2020-07-19,10657.0,10613.25,10621.25,10647.5,10669.75,10537.5,10622.5
2020-07-20,10973.75,10546.25,10647.25,10949.25,10657.0,10613.25,10647.5
2020-07-21,11058.0,10784.75,10949.75,10873.25,10973.75,10546.25,10949.25
2020-07-22,10916.25,10761.25,10873.75,10823.0,11058.0,10784.75,10873.25
2020-07-23,10938.5,10514.5,10822.0,10581.75,10916.25,10761.25,10823.0
2020-07-24,10597.0,10301.0,10581.75,10460.75,10938.5,10514.5,10581.75
2020-07-26,10517.5,10401.0,10490.0,10440.25,10597.0,10301.0,10460.75
2020-07-27,10707.0,10433.25,10440.25,10698.25,10517.5,10401.0,10440.25
2020-07-28,10758.5,10514.0,10699.0,10563.5,10707.0,10433.25,10698.25
2020-07-29,10702.0,10512.25,10563.25,10679.5,10758.5,10514.0,10563.5
2020-07-30,10927.0,10502.75,10679.5,10905.75,10702.0,10512.25,10679.5
2020-07-31,10939.0,10691.0,10905.25,10914.25,10927.0,10502.75,10905.75
2020-08-02,10942.0,10876.25,10933.25,10912.5,10939.0,10691.0,10914.25
2020-08-03,11073.0,10893.25,10913.25,11036.5,10942.0,10876.25,10912.5
2020-08-04,11094.75,10983.0,11035.5,11073.25,11073.0,10893.25,11036.5
2020-08-05,11144.0,11055.75,11073.25,11089.5,11094.75,10983.0,11073.25
2020-08-06,11271.75,11051.25,11088.5,11252.25,11144.0,11055.75,11089.5
2020-08-07,11283.25,11035.25,11252.5,11131.5,11271.75,11051.25,11252.25
2020-08-09,11156.5,11073.0,11140.25,11107.75,11283.25,11035.25,11131.5
2020-08-10,11146.75,10928.25,11107.0,11073.75,11156.5,11073.0,11107.75
2020-08-11,11157.75,10845.5,11073.25,10922.75,11146.75,10928.25,11073.75
2020-08-12,11185.75,10878.5,10922.5,11132.25,11157.75,10845.5,10922.75
2020-08-13,11266.0,11094.25,11131.5,11205.75,11185.75,10878.5,11132.25
2020-08-14,11237.75,11096.0,11205.75,11147.25,11266.0,11094.25,11205.75
2020-08-16,11164.25,11142.25,11145.0,11161.5,11237.75,11096.0,11147.25
2020-08-17,11309.0,11153.25,11161.0,11305.0,11164.25,11142.25,11161.5
2020-08-18,11437.0,11268.0,11305.25,11416.5,11309.0,11153.25,11305.0
2020-08-19,11438.0,11284.0,11416.25,11289.75,11437.0,11268.0,11416.5
2020-08-20,11502.25,11221.5,11290.25,11499.5,11438.0,11284.0,11289.75
2020-08-21,11573.5,11407.0,11499.75,11561.75,11502.25,11221.5,11499.5
2020-08-23,11592.75,11571.75,11581.0,11583.75,11573.5,11407.0,11561.75
2020-08-24,11722.5,11528.25,11583.25,11647.0,11592.75,11571.75,11583.75
2020-08-25,11754.0,11574.75,11647.25,11747.0,11722.5,11528.25,11647.0
2020-08-26,12001.5,11726.75,11747.0,11967.5,11754.0,11574.75,11747.0
2020-08-27,12046.0,11834.75,11967.0,11969.5,12001.5,11726.75,11967.5
2020-08-28,12018.25,11920.5,11969.0,12002.0,12046.0,11834.75,11969.5
2020-08-30,12049.0,11998.0,12002.75,12048.0,12018.25,11920.5,12002.0
2020-08-31,12165.0,11988.25,12048.5,12125.5,12049.0,11998.0,12048.0
2020-09-01,12362.5,12125.0,12126.0,12360.75,12165.0,11988.25,12125.5
2020-09-02,12465.25,12172.25,12360.5,12421.75,12362.5,12125.0,12360.75
2020-09-03,12421.75,11582.5,12421.5,11602.0,12465.25,12172.25,12421.75
2020-09-04,11843.0,11142.0,11601.25,11538.25,12421.75,11582.5,11602.0
2020-09-06,11548.25,11307.25,11531.0,11416.5,11843.0,11142.0,11538.25
2020-09-07,11585.0,11371.25,11418.25,11560.0,11548.25,11307.25,11416.5
2020-09-08,11577.0,10935.25,11559.25,11041.5,11585.0,11371.25,11560.0
2020-09-09,11478.75,11037.25,11040.25,11443.75,11577.0,10935.25,11041.5
2020-09-10,11566.75,11088.0,11443.5,11202.75,11478.75,11037.25,11443.75
2020-09-11,11356.25,10937.5,11203.0,11071.0,11566.75,11088.0,11202.75
2020-09-13,11180.5,11089.5,11089.5,11173.5,11356.25,10937.5,11071.0
2020-09-14,11349.25,11150.5,11172.75,11284.5,11180.5,11089.5,11173.5
2020-09-15,11481.75,11233.0,11285.0,11421.0,11349.25,11150.5,11284.5
2020-09-16,11539.0,11223.75,11421.25,11268.0,11481.75,11233.0,11421.0
2020-09-17,11273.25,10904.25,11268.75,11069.75,11539.0,11223.75,11268.0
2020-09-18,11163.0,10742.0,11069.75,10938.5,11273.25,10904.25,11069.75
2020-09-20,10966.0,10852.25,10920.0,10931.5,11163.0,10742.0,10938.5
2020-09-21,11017.0,10656.5,10931.0,11012.75,10966.0,10852.25,10931.5
2020-09-22,11191.0,10897.5,11012.25,11121.0,11017.0,10656.5,11012.75
2020-09-23,11222.0,10725.0,11120.25,10749.5,11191.0,10897.5,11121.0
2020-09-24,11011.75,10660.25,10749.75,10951.5,11222.0,10725.0,10749.5
2020-09-25,11166.25,10813.75,10950.0,11135.0,11011.75,10660.25,10951.5
2020-09-27,11181.0,11145.0,11145.0,11159.0,11166.25,10813.75,11135.0
2020-09-28,11423.0,11140.25,11159.0,11418.5,11181.0,11145.0,11159.0
2020-09-29,11448.75,11289.5,11418.0,11340.25,11423.0,11140.25,11418.5
2020-09-30,11526.0,11167.0,11339.75,11443.25,11448.75,11289.5,11340.25
2020-10-01,11604.75,11409.75,11444.0,11571.5,11526.0,11167.0,11443.25
2020-10-02,11591.0,11204.5,11570.75,11251.5,11604.75,11409.75,11571.5
2020-10-04,11337.0,11280.25,11308.5,11331.25,11591.0,11204.5,11251.5
2020-10-05,11497.5,11267.5,11332.5,11434.75,11337.0,11280.25,11331.25
2020-10-06,11524.5,11197.5,11435.5,11256.25,11497.5,11267.5,11434.75
2020-10-07,11506.5,11243.25,11256.25,11500.75,11524.5,11197.5,11256.25
2020-10-08,11584.75,11473.5,11500.5,11579.25,11506.5,11243.25,11500.75
2020-10-09,11739.0,11552.5,11579.0,11727.75,11584.75,11473.5,11579.25
2020-10-11,11756.25,11687.75,11722.75,11743.5,11739.0,11552.5,11727.75
2020-10-12,12197.0,11717.75,11744.0,12109.0,11756.25,11687.75,11743.5
2020-10-13,12249.0,12019.0,12109.0,12115.0,12197.0,11717.75,12109.0
2020-10-14,12178.0,11901.75,12115.0,11961.75,12249.0,12019.0,12115.0
2020-10-15,11968.75,11736.5,11960.75,11915.5,12178.0,11901.75,11961.75
2020-10-16,12022.0,11792.0,11916.25,11795.25,11968.75,11736.5,11915.5
2020-10-18,11889.0,11816.75,11816.75,11873.5,12022.0,11792.0,11795.25
2020-10-19,11950.5,11591.25,11873.0,11715.0,11889.0,11816.75,11873.5
2020-10-20,11792.0,11598.5,11714.5,11704.0,11950.5,11591.25,11715.0
2020-10-21,11779.25,11585.0,11705.0,11625.75,11792.0,11598.5,11704.0
2020-10-22,11724.0,11511.0,11625.25,11664.0,11779.25,11585.0,11625.75
2020-10-23,11691.75,11551.0,11664.0,11669.25,11724.0,11511.0,11664.0
2020-10-25,11640.0,11572.5,11634.0,11627.25,11691.75,11551.0,11669.25
2020-10-26,11695.5,11343.25,11626.5,11489.25,11640.0,11572.5,11627.25
2020-10-27,11623.0,11483.25,11489.25,11538.25,11695.5,11343.25,11489.25
2020-10-28,11566.75,11123.75,11538.5,11189.5,11623.0,11483.25,11538.25
2020-10-29,11457.75,11145.0,11189.0,11214.0,11566.75,11123.75,11189.5
2020-10-30,11281.25,10944.5,11214.5,11089.0,11457.75,11145.0,11214.0
2020-11-01,11069.0,10981.75,11034.5,10999.5,11281.25,10944.5,11089.0
2020-11-02,11212.0,10942.25,10998.5,11087.75,11069.0,10981.75,10999.5
2020-11-03,11347.0,11066.5,11088.5,11317.0,11212.0,10942.25,11087.75
2020-11-04,11843.75,11230.25,11317.5,11795.0,11347.0,11066.5,11317.0
2020-11-05,12119.5,11771.25,11796.5,12068.5,11843.75,11230.25,11795.0
2020-11-06,12109.0,11868.25,12066.75,12094.5,12119.5,11771.25,12068.5
2020-11-08,12257.75,12122.0,12139.25,12233.5,12109.0,11868.25,12094.5
2020-11-09,12408.75,11812.25,12233.5,11854.75,12257.75,12122.0,12233.5
2020-11-10,11893.75,11503.25,11855.5,11598.75,12408.75,11812.25,11854.75
2020-11-11,11917.75,11575.25,11598.0,11896.75,11893.75,11503.25,11598.75
2020-11-12,11975.75,11775.75,11896.5,11852.0,11917.75,11575.25,11896.75
2020-11-13,11952.75,11801.75,11853.0,11945.25,11975.75,11775.75,11852.0
2020-11-15,12065.0,11957.25,11957.25,12046.75,11952.75,11801.75,11945.25
2020-11-16,12096.25,11851.75,12047.0,12049.75,12065.0,11957.25,12046.75
2020-11-17,12058.5,11953.75,12049.5,11979.75,12096.25,11851.75,12049.75
2020-11-18,12027.5,11861.5,11980.25,11880.25,12058.5,11953.75,11979.75
2020-11-19,12000.0,11804.5,11881.75,11938.75,12027.5,11861.5,11880.25
2020-11-20,12021.0,11873.5,11938.0,11908.0,12000.0,11804.5,11938.75
2020-11-22,11936.0,11891.5,11894.0,11932.25,12021.0,11873.5,11908.0
2020-11-23,12001.75,11808.25,11931.75,11952.5,11936.0,11891.5,11932.25
2020-11-24,12128.0,11872.75,11952.5,12126.75,12001.75,11808.25,11952.5
2020-11-25,12187.0,12077.5,12126.5,12180.25,12128.0,11872.75,12126.75
2020-11-26,12223.5,12127.0,12180.75,12155.25,12187.0,12077.5,12180.25
2020-11-27,12307.5,12136.75,12155.75,12273.25,12223.5,12127.0,12155.25
2020-11-29,12337.25,12286.25,12286.5,12317.25,12307.5,12136.75,12273.25
2020-11-30,12350.25,12086.0,12318.0,12350.25,12337.25,12286.25,12317.25
2020-12-01,12512.25,12334.25,12350.25,12451.75,12350.25,12086.0,12350.25
2020-12-02,12486.25,12312.5,12452.0,12467.5,12512.25,12334.25,12451.75
2020-12-03,12540.25,12444.0,12466.5,12485.75,12486.25,12312.5,12467.5
2020-12-04,12535.75,12448.5,12486.5,12509.25,12540.25,12444.0,12485.75
2020-12-06,12572.5,12523.5,12525.0,12545.0,12535.75,12448.5,12509.25
2020-12-07,12612.25,12474.75,12544.75,12575.75,12572.5,12523.5,12545.0
2020-12-08,12675.0,12502.0,12575.5,12648.0,12612.25,12474.75,12575.75
2020-12-09,12665.5,12306.75,12647.5,12363.0,12675.0,12502.0,12648.0
2020-12-10,12449.0,12218.25,12363.75,12403.5,12665.5,12306.75,12363.0
2020-12-11,12414.25,12234.25,12403.75,12365.5,12449.0,12218.25,12403.5
2020-12-13,12444.0,12403.25,12414.0,12416.75,12414.25,12234.25,12365.5
2020-12-14,12549.5,12388.0,12417.75,12480.25,12444.0,12403.25,12416.75
2020-12-15,12609.5,12423.0,12481.25,12595.75,12549.5,12388.0,12480.25
2020-12-16,12704.75,12572.0,12595.5,12683.5,12609.5,12423.0,12595.75
2020-12-17,12766.75,12672.0,12683.25,12750.5,12704.75,12572.0,12683.5
2020-12-18,12789.75,12610.0,12750.75,12748.5,12766.75,12672.0,12750.5
2020-12-20,12782.5,12724.75,12760.0,12749.5,12789.75,12610.0,12748.5
2020-12-21,12775.5,12461.0,12749.5,12702.0,12782.5,12724.75,12749.5
2020-12-22,12760.0,12593.5,12702.25,12720.75,12775.5,12461.0,12702.0
2020-12-23,12738.75,12623.5,12720.75,12655.5,12760.0,12593.5,12720.75
2020-12-24,12724.0,12631.5,12655.25,12703.0,12738.75,12623.5,12655.5
2020-12-27,12751.0,12655.25,12676.25,12735.0,12724.0,12631.5,12703.0
2020-12-28,12855.5,12725.5,12735.25,12852.75,12751.0,12655.25,12735.0
2020-12-29,12918.25,12808.25,12852.75,12845.5,12855.5,12725.5,12852.75
2020-12-30,12909.75,12820.5,12845.25,12849.75,12918.25,12808.25,12845.5
2021-01-03,12905.0,12852.75,12889.0,12864.0,12909.75,12820.5,12849.75
2021-01-04,12959.75,12522.5,12864.5,12675.5,12905.0,12852.75,12864.0
2021-01-05,12809.5,12612.0,12675.75,12795.0,12959.75,12522.5,12675.5
2021-01-06,12844.25,12491.25,12795.25,12673.25,12809.5,12612.0,12795.0
2021-01-07,12959.0,12656.75,12673.5,12939.0,12844.25,12491.25,12673.25
2021-01-08,13125.0,12927.25,12940.0,13123.25,12959.0,12656.75,12939.0
2021-01-10,13105.25,13070.5,13093.25,13083.0,13125.0,12927.25,13123.25
2021-01-11,13096.0,12871.75,13082.75,12923.0,13105.25,13070.5,13083.0
2021-01-12,12959.0,12767.25,12922.5,12896.5,13096.0,12871.75,12923.0
2021-01-13,13003.0,12820.75,12898.0,12971.0,12959.0,12767.25,12896.5
2021-01-14,13028.75,12881.0,12971.25,12918.25,13003.0,12820.75,12971.0
2021-01-15,12931.25,12743.5,12917.5,12759.0,13028.75,12881.0,12918.25
2021-01-17,12796.0,12733.0,12774.25,12747.0,12931.25,12743.5,12759.0
2021-01-18,12835.5,12727.0,12745.75,12832.25,12796.0,12733.0,12747.0
2021-01-19,13054.5,12831.75,12831.75,13050.25,12835.5,12727.0,12832.25
2021-01-20,13327.0,13017.0,13050.5,13314.75,13054.5,12831.75,13050.25
2021-01-21,13423.5,13283.25,13315.0,13384.0,13327.0,13017.0,13314.75
2021-01-22,13397.0,13300.25,13384.5,13355.25,13423.5,13283.25,13384.0
2021-01-24,13408.5,13368.75,13370.0,13398.25,13397.0,13300.25,13355.25
2021-01-25,13554.5,13189.0,13398.25,13463.0,13408.5,13368.75,13398.25
2021-01-26,13599.75,13380.25,13462.75,13558.5,13554.5,13189.0,13463.0
2021-01-27,13573.0,12884.75,13560.75,12978.5,13599.75,13380.25,13558.5
2021-01-28,13394.0,12906.25,12979.0,13135.25,13573.0,12884.75,12978.5
2021-01-29,13167.0,12829.0,13137.0,12870.5,13394.0,12906.25,13135.25
2021-01-31,12861.5,12727.25,12849.0,12794.5,13167.0,12829.0,12870.5
2021-02-01,13276.25,12784.5,12793.5,13262.0,12861.5,12727.25,12794.5
2021-02-02,13510.0,13231.75,13261.5,13488.5,13276.25,12784.5,13262.0
2021-02-03,13584.5,13386.75,13489.0,13444.25,13510.0,13231.75,13488.5
2021-02-04,13568.75,13345.25,13443.25,13553.0,13584.5,13386.75,13444.25
2021-02-05,13638.5,13519.5,13553.5,13603.5,13568.75,13345.25,13553.0
2021-02-07,13647.75,13605.25,13623.75,13639.25,13638.5,13519.5,13603.5
2021-02-08,13698.0,13596.0,13638.0,13681.5,13647.75,13605.25,13639.25
2021-02-09,13735.25,13634.0,13681.5,13687.75,13698.0,13596.0,13681.5
2021-02-10,13769.25,13516.75,13688.0,13653.25,13735.25,13634.0,13687.75
2021-02-11,13743.75,13612.5,13653.75,13731.25,13769.25,13516.75,13653.25
2021-02-12,13820.75,13646.0,13731.75,13820.75,13743.75,13612.5,13731.25
2021-02-14,13844.0,13810.0,13829.5,13826.0,13820.75,13646.0,13820.75
2021-02-15,13878.25,13823.0,13825.5,13858.25,13844.0,13810.0,13826.0
2021-02-16,13900.5,13716.0,13858.0,13731.5,13878.25,13823.0,13858.25
2021-02-17,13785.0,13543.0,13731.5,13703.0,13900.5,13716.0,13731.5
2021-02-18,13723.25,13468.0,13703.75,13616.5,13785.0,13543.0,13703.0
2021-02-19,13729.0,13534.75,13615.25,13573.0,13723.25,13468.0,13616.5
2021-02-21,13619.25,13548.0,13585.0,13592.0,13729.0,13534.75,13573.0
2021-02-22,13629.0,13215.0,13592.25,13228.5,13619.25,13548.0,13592.0
2021-02-23,13335.75,12757.25,13228.25,13169.25,13629.0,13215.0,13228.5
2021-02-24,13340.25,12958.0,13169.25,13328.0,13335.75,12757.25,13169.25
2021-02-25,13353.75,12756.75,13328.0,12779.0,13340.25,12958.0,13328.0
2021-02-26,13089.5,12662.25,12777.75,12905.75,13353.75,12756.75,12779.0
2021-02-28,13008.0,12946.25,12957.5,13004.0,13089.5,12662.25,12905.75
2021-03-01,13328.25,12997.75,13005.0,13318.5,13008.0,12946.25,13004.0
2021-03-02,13326.0,13048.25,13318.5,13094.25,13328.25,12997.75,13318.5
2021-03-03,13192.0,12587.5,13094.75,12594.0,13326.0,13048.25,13094.25
2021-03-04,12797.0,12306.5,12592.75,12406.75,13192.0,12587.5,12594.0
2021-03-05,12697.75,12207.25,12406.0,12652.5,12797.0,12306.5,12406.75
2021-03-07,12761.25,12656.75,12715.0,12669.25,12697.75,12207.25,12652.5
2021-03-08,12715.75,12281.75,12670.0,12371.5,12761.25,12656.75,12669.25
2021-03-09,12867.5,12326.0,12370.5,12810.25,12715.75,12281.75,12371.5
2021-03-10,12993.25,12703.0,12809.25,12771.0,12867.5,12326.0,12810.25
2021-03-11,13119.25,12724.25,12770.0,13070.0,12993.25,12703.0,12771.0
2021-03-12,13095.0,12768.25,13069.5,12936.25,13119.25,12724.25,13070.0
2021-03-14,12967.0,12915.0,12933.5,12951.25,13095.0,12768.25,12936.25
2021-03-15,13089.25,12862.5,12951.25,13055.0,12967.0,12915.0,12951.25
2021-03-16,13287.25,13048.25,13055.5,13148.0,13089.25,12862.5,13055.0
2021-03-17,13271.0,12934.25,13148.0,13222.5,13287.25,13048.25,13148.0
2021-03-18,13267.0,12762.0,13222.75,12784.25,13271.0,12934.25,13222.5
2021-03-19,12898.25,12681.75,12783.0,12825.5,13267.0,12762.0,12784.25
2021-03-21,12870.5,12788.5,12807.0,12862.0,12898.25,12681.75,12825.5
2021-03-22,13157.0,12819.5,12862.25,13086.0,12870.5,12788.5,12862.0
2021-03-23,13172.0,12979.0,13086.5,13028.75,13157.0,12819.5,13086.0
2021-03-24,13145.25,12781.25,13029.5,12805.5,13172.0,12979.0,13028.75
2021-03-25,12859.5,12609.75,12805.5,12801.25,13145.25,12781.25,12805.5
2021-03-26,12988.5,12676.25,12800.5,12959.0,12859.5,12609.75,12801.25
2021-03-28,12975.75,12915.25,12975.75,12920.5,12988.5,12676.25,12959.0
2021-03-29,13003.0,12807.5,12920.75,12978.5,12975.75,12915.25,12920.5
2021-03-30,12978.5,12776.5,12978.5,12895.0,13003.0,12807.5,12978.5
2021-03-31,13158.0,12860.25,12895.0,13121.5,12978.5,12776.5,12895.0
2021-04-01,13349.5,13104.25,13121.5,13345.5,13158.0,12860.25,13121.5
2021-04-02,13393.0,13340.75,13346.25,13344.25,13349.5,13104.25,13345.5
2021-04-04,13356.0,13304.25,13339.0,13351.5,13393.0,13340.75,13344.25
2021-04-05,13622.25,13311.25,13351.5,13616.25,13356.0,13304.25,13351.5
2021-04-06,13655.0,13524.25,13616.0,13594.75,13622.25,13311.25,13616.25
2021-04-07,13653.5,13512.5,13594.0,13638.5,13655.0,13524.25,13594.75
2021-04-08,13802.5,13628.75,13638.75,13802.25,13653.5,13512.5,13638.5
2021-04-09,13841.75,13648.25,13802.25,13811.0,13802.5,13628.75,13802.25
2021-04-11,13832.25,13774.5,13817.75,13779.0,13841.75,13648.25,13811.0
2021-04-12,13833.75,13732.0,13778.75,13817.25,13832.25,13774.5,13779.0
2021-04-13,13994.0,13772.75,13817.75,13966.75,13833.75,13732.0,13817.25
2021-04-14,14029.0,13772.75,13967.0,13811.0,13994.0,13772.75,13966.75
2021-04-15,14034.25,13789.25,13812.25,14010.25,14029.0,13772.75,13811.0
2021-04-16,14059.5,13952.75,14010.25,14024.0,14034.25,13789.25,14010.25
2021-04-18,14006.0,13973.25,13989.0,13991.75,14059.5,13952.75,14024.0
2021-04-19,14052.25,13821.0,13990.75,13917.0,14006.0,13973.25,13991.75
2021-04-20,13933.75,13719.25,13917.5,13745.75,14052.25,13821.0,13917.0
2021-04-21,13926.5,13700.5,13746.0,13883.5,13933.75,13719.25,13745.75
2021-04-22,13944.75,13701.75,13884.0,13759.0,13926.5,13700.5,13883.5
2021-04-23,13981.0,13737.0,13759.75,13903.5,13944.75,13701.75,13759.0
2021-04-25,13927.5,13906.5,13919.75,13910.5,13981.0,13737.0,13903.5
2021-04-26,14039.25,13865.5,13911.0,14027.25,13927.5,13906.5,13910.5
2021-04-27,14050.0,13912.5,14027.0,13963.0,14039.25,13865.5,14027.25
2021-04-28,13993.5,13878.0,13963.25,13971.75,14050.0,13912.5,13963.0
2021-04-29,14064.0,13818.5,13971.75,13915.75,13993.5,13878.0,13971.75
2021-04-30,13956.75,13819.75,13915.5,13865.25,14064.0,13818.5,13915.75
2021-05-02,13888.75,13870.0,13880.25,13879.75,13956.75,13819.75,13865.25
2021-05-03,13947.5,13762.0,13880.25,13769.5,13888.75,13870.0,13879.75
2021-05-04,13777.5,13380.75,13769.25,13525.25,13947.5,13762.0,13769.5
2021-05-05,13665.5,13462.75,13525.25,13500.0,13777.5,13380.75,13525.25
2021-05-06,13621.25,13388.75,13500.0,13612.25,13665.5,13462.75,13500.0
2021-05-07,13818.0,13588.25,13612.25,13715.5,13621.25,13388.75,13612.25
2021-05-09,13746.0,13711.0,13718.0,13739.0,13818.0,13588.25,13715.5
2021-05-10,13752.0,13305.5,13738.75,13334.25,13746.0,13711.0,13739.0
2021-05-11,13375.75,13065.25,13334.0,13337.5,13752.0,13305.5,13334.25
2021-05-12,13351.75,12959.75,13338.75,13015.75,13375.75,13065.25,13337.5
2021-05-13,13223.75,12915.0,13016.0,13112.0,13351.75,12959.75,13015.75
2021-05-14,13426.25,13104.0,13112.0,13398.0,13223.75,12915.0,13112.0
2021-05-16,13448.5,13377.0,13380.25,13394.0,13426.25,13104.0,13398.0
2021-05-17,13398.5,13182.75,13393.75,13329.5,13448.5,13377.0,13394.0
2021-05-18,13432.25,13166.5,13329.75,13170.0,13398.5,13182.75,13329.5
2021-05-19,13243.0,12954.25,13172.25,13185.5,13432.25,13166.5,13170.0
2021-05-20,13522.75,13150.75,13185.75,13519.25,13243.0,12954.25,13185.5
2021-05-21,13570.0,13395.75,13520.75,13414.0,13522.75,13150.75,13519.25
2021-05-23,13396.75,13356.5,13383.25,13366.75,13570.0,13395.75,13414.0
2021-05-24,13686.0,13360.5,13367.0,13656.75,13396.75,13356.5,13366.75
2021-05-25,13738.75,13606.75,13656.5,13695.0,13686.0,13360.5,13656.75
2021-05-26,13728.5,13656.0,13694.25,13707.75,13738.75,13606.75,13695.0
2021-05-27,13720.75,13620.25,13707.5,13703.0,13728.5,13656.0,13707.75
2021-05-28,13763.5,13662.75,13703.25,13686.5,13720.75,13620.25,13703.0
2021-05-30,13719.5,13695.5,13699.0,13712.5,13763.5,13662.75,13686.5
2021-05-31,13718.25,13651.5,13712.75,13686.25,13719.5,13695.5,13712.5
2021-06-01,13773.0,13592.25,13686.0,13634.75,13718.25,13651.5,13686.25
2021-06-02,13712.75,13603.25,13634.75,13686.5,13773.0,13592.25,13634.75
2021-06-03,13707.75,13462.25,13687.0,13503.5,13712.75,13603.25,13686.5
2021-06-04,13783.75,13467.75,13504.0,13763.25,13707.75,13462.25,13503.5
2021-06-06,13784.75,13766.0,13773.25,13767.5,13783.75,13467.75,13763.25
2021-06-07,13834.5,13691.5,13766.75,13822.25,13784.75,13766.0,13767.5
2021-06-08,13917.25,13741.75,13822.75,13817.5,13834.5,13691.5,13822.25
2021-06-09,13904.25,13806.0,13817.5,13815.25,13917.25,13741.75,13817.5
2021-06-10,13978.5,13726.0,13815.0,13967.5,13904.25,13806.0,13815.25
2021-06-11,13997.75,13932.25,13967.75,13992.75,13978.5,13726.0,13967.5
2021-06-13,14017.0,13990.0,13991.0,14010.75,13997.75,13932.25,13992.75
2021-06-14,14126.0,13957.0,14010.0,14106.5,14017.0,13990.0,14010.75
2021-06-15,14155.25,14000.75,14107.0,14031.75,14126.0,13957.0,14106.5
2021-06-16,14095.75,13830.25,14031.75,13886.5,14155.25,14000.75,14031.75
2021-06-17,14199.0,13841.75,13887.0,14176.25,14095.75,13830.25,13886.5
2021-06-18,14204.75,14010.0,14176.25,14017.75,14199.0,13841.75,14176.25
2021-06-20,14047.25,14010.0,14022.75,14038.0,14204.75,14010.0,14017.75
2021-06-21,14148.75,13958.5,14038.0,14134.75,14047.25,14010.0,14038.0
2021-06-22,14279.25,14066.5,14134.5,14272.25,14148.75,13958.5,14134.75
2021-06-23,14315.75,14231.75,14272.5,14286.5,14279.25,14066.5,14272.25
2021-06-24,14422.0,14285.0,14286.25,14346.75,14315.75,14231.75,14286.5
2021-06-25,14394.25,14313.25,14347.25,14331.0,14422.0,14285.0,14346.75
2021-06-27,14366.75,14337.0,14350.0,14354.75,14394.25,14313.25,14331.0
2021-06-28,14519.75,14333.25,14355.0,14491.5,14366.75,14337.0,14354.75
2021-06-29,14590.25,14468.75,14491.75,14587.5,14519.75,14333.25,14491.5
2021-06-30,14598.5,14518.25,14587.75,14560.5,14590.25,14468.75,14587.5
2021-07-01,14606.25,14471.0,14560.5,14533.0,14598.5,14518.25,14560.5
2021-07-02,14729.0,14513.25,14533.0,14701.0,14606.25,14471.0,14533.0
2021-07-04,14721.75,14701.0,14704.25,14714.75,14729.0,14513.25,14701.0
2021-07-05,14718.75,14674.5,14715.0,14714.25,14721.75,14701.0,14714.75
2021-07-06,14790.0,14625.25,14714.5,14764.75,14718.75,14674.5,14714.25
2021-07-07,14883.75,14726.25,14764.5,14810.5,14790.0,14625.25,14764.75
2021-07-08,14822.0,14540.5,14811.0,14692.0,14883.75,14726.25,14810.5
2021-07-09,14832.0,14640.75,14691.5,14814.25,14822.0,14540.5,14692.0
2021-07-11,14843.0,14822.25,14824.0,14829.5,14832.0,14640.75,14814.25
2021-07-12,14888.5,14785.0,14828.75,14880.0,14843.0,14822.25,14829.5
2021-07-13,14994.75,14794.5,14879.75,14844.5,14888.5,14785.0,14880.0
2021-07-14,14996.0,14841.25,14843.75,14904.75,14994.75,14794.5,14844.5
2021-07-15,14962.75,14708.25,14903.5,14756.25,14996.0,14841.25,14904.75
2021-07-16,14869.5,14656.0,14757.0,14668.5,14962.75,14708.25,14756.25
2021-07-18,14682.5,14611.75,14675.0,14643.25,14869.5,14656.0,14668.5
2021-07-19,14667.5,14445.0,14643.5,14591.25,14682.5,14611.75,14643.25
2021-07-20,14782.5,14516.75,14590.5,14743.75,14667.5,14445.0,14591.25
2021-07-21,14845.75,14668.25,14743.25,14836.75,14782.5,14516.75,14743.75
2021-07-22,14984.75,14829.25,14836.0,14971.5,14845.75,14668.25,14836.75
2021-07-23,15117.25,14934.25,14971.75,15091.25,14984.75,14829.25,14971.5
2021-07-25,15126.25,15092.5,15098.0,15121.5,15117.25,14934.25,15091.25
2021-07-26,15134.0,15038.75,15121.75,15112.25,15126.25,15092.5,15121.5
2021-07-27,15131.5,14774.25,15112.0,14920.75,15134.0,15038.75,15112.25
2021-07-28,15074.5,14893.25,14920.75,14989.0,15131.5,14774.25,14920.75
2021-07-29,15084.0,14862.25,14988.75,14871.0,15074.5,14893.25,14989.0
2021-07-30,14980.0,14811.25,14870.75,14966.5,15084.0,14862.25,14871.0
2021-08-01,15011.5,14969.0,14972.75,15001.75,14980.0,14811.25,14966.5
2021-08-02,15056.25,14932.25,15002.0,14961.25,15011.5,14969.0,15001.75
2021-08-03,15050.0,14849.0,14961.5,15031.25,15056.25,14932.25,14961.25
2021-08-04,15108.0,14997.0,15030.25,15083.75,15050.0,14849.0,15031.25
2021-08-05,15172.5,15069.25,15083.5,15160.5,15108.0,14997.0,15083.75
2021-08-06,15169.75,15047.25,15160.5,15092.75,15172.5,15069.25,15160.5
2021-08-08,15095.25,15003.25,15090.25,15021.5,15169.75,15047.25,15092.75
2021-08-09,15145.5,15012.5,15021.75,15118.5,15095.25,15003.25,15021.5
2021-08-10,15157.25,14994.5,15118.25,15035.5,15145.5,15012.5,15118.5
2021-08-11,15119.0,14963.0,15035.25,14995.75,15157.25,14994.5,15035.5
2021-08-12,15090.5,14941.25,14995.75,15067.75,15119.0,14963.0,14995.75
2021-08-13,15141.75,15055.25,15068.25,15122.0,15090.5,14941.25,15067.75
2021-08-15,15123.0,15106.0,15119.25,15113.75,15141.75,15055.25,15122.0
2021-08-16,15139.0,14917.25,15114.0,15130.0,15123.0,15106.0,15113.75
2021-08-17,15132.0,14897.0,15130.0,14956.5,15139.0,14917.25,15130.0
2021-08-18,15037.25,14806.5,14957.0,14845.5,15132.0,14897.0,14956.5
2021-08-19,14999.0,14710.5,14845.75,14916.75,15037.25,14806.5,14845.5
2021-08-20,15100.0,14851.0,14917.25,15095.0,14999.0,14710.5,14916.75
2021-08-22,15120.5,15086.5,15090.0,15107.25,15100.0,14851.0,15095.0
2021-08-23,15337.5,15103.25,15107.25,15330.0,15120.5,15086.5,15107.25
2021-08-24,15384.0,15309.5,15329.75,15358.0,15337.5,15103.25,15330.0
2021-08-25,15397.0,15333.0,15357.75,15361.75,15384.0,15309.5,15358.0
2021-08-26,15365.0,15255.25,15361.75,15278.25,15397.0,15333.0,15361.75
2021-08-27,15443.75,15265.5,15277.75,15428.25,15365.0,15255.25,15278.25
2021-08-29,15455.5,15425.5,15432.75,15452.25,15443.75,15265.5,15428.25
2021-08-30,15617.75,15420.0,15452.5,15598.75,15455.5,15425.5,15452.25
2021-08-31,15677.25,15517.75,15598.75,15597.0,15617.75,15420.0,15598.75
2021-09-01,15699.0,15578.5,15596.75,15619.0,15677.25,15517.75,15597.0
2021-09-02,15682.0,15551.75,15618.75,15597.25,15699.0,15578.5,15619.0
2021-09-03,15677.5,15552.25,15597.0,15655.0,15682.0,15551.75,15597.25
2021-09-05,15663.75,15649.0,15656.0,15650.5,15677.5,15552.25,15655.0
2021-09-06,15708.75,15642.5,15650.5,15689.0,15663.75,15649.0,15650.5
2021-09-07,15701.5,15606.75,15688.75,15662.5,15708.75,15642.5,15689.0
2021-09-08,15691.0,15523.75,15662.0,15600.0,15701.5,15606.75,15662.5
2021-09-09,15675.75,15545.75,15600.0,15563.75,15691.0,15523.75,15600.0
2021-09-10,15668.0,15433.5,15563.5,15447.75,15675.75,15545.75,15563.75
2021-09-12,15488.0,15438.5,15443.0,15484.75,15668.0,15433.5,15447.75
2021-09-13,15557.5,15342.75,15484.75,15445.0,15488.0,15438.5,15484.75
2021-09-14,15524.25,15344.5,15444.75,15407.0,15557.5,15342.75,15445.0
2021-09-15,15514.5,15307.75,15407.5,15502.0,15524.25,15344.5,15407.0
2021-09-16,15532.5,15358.75,15501.75,15481.25,15514.5,15307.75,15502.0
2021-09-17,15528.25,15276.25,15481.5,15282.75,15532.5,15358.75,15481.25
2021-09-19,15328.5,15283.25,15284.0,15325.75,15528.25,15276.25,15282.75
2021-09-20,15338.25,14807.5,15325.5,15028.75,15328.5,15283.25,15325.75
2021-09-21,15163.25,14963.25,15029.0,14972.75,15338.25,14807.5,15028.75
2021-09-22,15227.0,14930.5,14972.75,15191.75,15163.25,14963.25,14972.75
2021-09-23,15347.0,15175.25,15192.0,15304.25,15227.0,14930.5,15191.75
2021-09-24,15334.25,15176.75,15305.0,15319.0,15347.0,15175.25,15304.25
2021-09-26,15330.0,15301.25,15319.0,15318.0,15334.25,15176.75,15319.0
2021-09-27,15399.25,15084.0,15318.0,15168.75,15330.0,15301.25,15318.0
2021-09-28,15192.25,14740.75,15168.75,14802.0,15399.25,15084.0,15168.75
2021-09-29,14926.0,14711.0,14801.5,14789.0,15192.25,14740.75,14802.0
2021-09-30,14883.5,14670.25,14788.5,14714.5,14926.0,14711.0,14789.0
2021-10-01,14818.0,14537.0,14713.25,14777.25,14883.5,14670.25,14714.5
2021-10-03,14835.0,14773.75,14785.0,14814.25,14818.0,14537.0,14777.25
2021-10-04,14818.5,14367.75,14815.0,14486.25,14835.0,14773.75,14814.25
2021-10-05,14754.75,14410.5,14486.75,14637.25,14818.5,14367.75,14486.25
2021-10-06,14829.75,14422.5,14638.25,14809.25,14754.75,14410.5,14637.25
2021-10-07,15001.25,14798.25,14809.25,14924.5,14829.75,14422.5,14809.25
2021-10-08,14996.0,14790.75,14924.25,14805.5,15001.25,14798.25,14924.5
2021-10-10,14829.0,14704.0,14810.25,14716.75,14996.0,14790.75,14805.5
2021-10-11,14897.25,14664.0,14716.5,14684.75,14829.0,14704.0,14716.75
2021-10-12,14783.25,14585.5,14684.75,14605.25,14897.25,14664.0,14684.75
2021-10-13,14809.75,14591.5,14605.5,14804.25,14783.25,14585.5,14605.25
2021-10-14,15077.5,14802.25,14802.75,15071.5,14809.75,14591.5,14804.25
2021-10-15,15145.0,15020.75,15070.25,15144.25,15077.5,14802.25,15071.5
2021-10-17,15163.5,15076.5,15145.0,15081.75,15145.0,15020.75,15144.25
2021-10-18,15297.25,15038.75,15082.0,15292.0,15163.5,15076.5,15081.75
2021-10-19,15428.25,15275.25,15292.5,15409.25,15297.25,15038.75,15292.0
2021-10-20,15446.5,15319.0,15409.25,15335.75,15428.25,15275.25,15409.25
2021-10-21,15483.75,15301.0,15335.25,15391.75,15446.5,15319.0,15335.75
2021-10-22,15463.5,15273.75,15391.5,15324.0,15483.75,15301.0,15391.75
2021-10-24,15337.25,15295.75,15324.25,15305.25,15463.5,15273.75,15324.0
2021-10-25,15546.0,15305.0,15306.0,15539.0,15337.25,15295.75,15305.25
2021-10-26,15701.0,15503.0,15539.75,15560.5,15546.0,15305.0,15539.0
2021-10-27,15717.5,15507.25,15560.25,15626.0,15701.0,15503.0,15560.5
2021-10-28,15777.0,15591.75,15626.5,15672.5,15717.5,15507.25,15626.0
2021-10-29,15864.75,15595.5,15672.0,15864.0,15777.0,15591.75,15672.5
2021-10-31,15898.25,15855.0,15885.25,15879.75,15864.75,15595.5,15864.0
2021-11-01,15914.75,15768.5,15882.25,15876.5,15898.25,15855.0,15879.75
2021-11-02,15980.25,15849.5,15876.75,15943.0,15914.75,15768.5,15876.5
2021-11-03,16187.0,15935.25,15942.5,16186.0,15980.25,15849.5,15943.0
2021-11-04,16376.0,16152.5,16185.0,16340.0,16187.0,15935.25,16186.0
2021-11-05,16448.5,16292.0,16340.0,16344.75,16376.0,16152.5,16340.0
2021-11-07,16334.75,16256.0,16293.0,16312.5,16448.5,16292.0,16344.75
2021-11-08,16394.0,16272.25,16312.5,16310.5,16334.75,16256.0,16312.5
2021-11-09,16391.75,16160.0,16310.25,16186.0,16394.0,16272.25,16310.5
2021-11-10,16243.0,15896.5,16185.25,15990.5,16391.75,16160.0,16186.0
2021-11-11,16114.0,15980.25,15991.0,16064.75,16243.0,15896.5,15990.5
2021-11-12,16213.25,16001.75,16064.5,16200.0,16114.0,15980.25,16064.75
2021-11-14,16241.0,16210.25,16212.25,16226.25,16213.25,16001.75,16200.0
2021-11-15,16276.5,16082.25,16227.0,16189.75,16241.0,16210.25,16226.25
2021-11-16,16323.75,16142.0,16190.25,16304.75,16276.5,16082.25,16189.75
2021-11-17,16396.5,16270.0,16305.25,16329.5,16323.75,16142.0,16304.75
2021-11-18,16508.0,16303.5,16329.25,16496.0,16396.5,16270.0,16329.5
2021-11-19,16628.5,16493.25,16496.25,16588.25,16508.0,16303.5,16496.0
2021-11-21,16619.25,16587.75,16600.25,16588.75,16628.5,16493.25,16588.25
2021-11-22,16767.5,16364.5,16588.75,16397.25,16619.25,16587.75,16588.75
2021-11-23,16418.75,16118.5,16397.75,16287.0,16767.5,16364.5,16397.25
2021-11-24,16368.5,16102.0,16287.0,16358.5,16418.75,16118.5,16287.0
2021-11-25,16436.0,16356.75,16357.5,16370.75,16368.5,16102.0,16358.5
2021-11-26,16373.75,15988.0,16370.0,16043.5,16436.0,16356.75,16370.75
2021-11-28,16178.5,16038.0,16046.5,16169.0,16373.75,15988.0,16043.5
2021-11-29,16441.0,16166.5,16169.5,16431.0,16178.5,16038.0,16169.0
2021-11-30,16456.25,16068.75,16431.0,16223.75,16441.0,16166.5,16431.0
2021-12-01,16427.5,15825.25,16223.75,15948.25,16456.25,16068.75,16223.75
2021-12-02,16066.25,15762.75,15949.0,15937.75,16427.5,15825.25,15948.25
2021-12-03,16121.75,15538.0,15937.0,15687.5,16066.25,15762.75,15937.75
2021-12-05,15752.25,15680.75,15716.25,15739.0,16121.75,15538.0,15687.5
2021-12-06,15897.25,15559.25,15739.0,15842.25,15752.25,15680.75,15739.0
2021-12-07,16374.5,15824.5,15842.75,16343.0,15897.25,15559.25,15842.25
2021-12-08,16436.75,16251.5,16343.25,16376.5,16374.5,15824.5,16343.0
2021-12-09,16420.0,16120.25,16377.75,16175.5,16436.75,16251.5,16376.5
2021-12-10,16337.5,16136.0,16177.75,16324.0,16420.0,16120.25,16175.5
2021-12-12,16367.75,16322.5,16324.0,16361.5,16337.5,16136.0,16324.0
2021-12-13,16413.0,16063.75,16361.5,16091.0,16367.75,16322.5,16361.5
2021-12-14,16132.75,15734.0,16090.75,15914.5,16413.0,16063.75,16091.0
2021-12-15,16337.75,15740.25,15915.0,16322.5,16132.75,15734.0,15914.5
2021-12-16,16457.0,15793.0,16323.25,15839.0,16337.75,15740.25,16322.5
2021-12-17,15956.5,15651.75,15838.5,15828.5,16457.0,15793.0,15839.0
2021-12-19,15851.75,15695.0,15809.5,15707.5,15956.5,15651.75,15828.5
2021-12-20,15733.0,15492.0,15707.75,15720.25,15851.75,15695.0,15707.5
2021-12-21,15987.25,15605.0,15720.0,15960.75,15733.0,15492.0,15720.25
2021-12-22,16195.0,15881.5,15960.5,16185.75,15987.25,15605.0,15960.75
2021-12-23,16356.0,16145.25,16185.0,16303.0,16195.0,15881.5,16185.75
2021-12-26,16349.0,16304.25,16304.25,16342.25,16356.0,16145.25,16303.0
2021-12-27,16580.75,16304.5,16342.0,16554.75,16349.0,16304.25,16342.25
2021-12-28,16659.5,16452.25,16554.75,16539.25,16580.75,16304.5,16554.75
2021-12-29,16564.25,16387.5,16538.25,16463.5,16659.5,16452.25,16539.25
2021-12-30,16567.5,16411.25,16463.75,16437.75,16564.25,16387.5,16463.5
2021-12-31,16464.0,16313.75,16437.75,16331.5,16567.5,16411.25,16437.75
2022-01-02,16421.25,16356.0,16356.0,16383.75,16464.0,16313.75,16331.5
2022-01-03,16510.0,16292.0,16384.25,16484.0,16421.25,16356.0,16383.75
2022-01-04,16564.0,16139.5,16484.0,16232.25,16510.0,16292.0,16484.0
2022-01-05,16259.25,15710.25,16232.5,15784.75,16564.0,16139.5,16232.25
2022-01-06,15895.75,15598.5,15784.25,15817.75,16259.25,15710.25,15784.75
2022-01-07,15852.75,15510.0,15817.75,15570.25,15895.75,15598.5,15817.75
2022-01-09,15610.75,15515.0,15590.0,15558.75,15852.75,15510.0,15570.25
2022-01-10,15669.0,15152.5,15560.25,15627.75,15610.75,15515.0,15558.75
2022-01-11,15841.5,15475.0,15627.75,15820.75,15669.0,15152.5,15627.75
2022-01-12,16009.25,15762.5,15820.75,15893.0,15841.5,15475.0,15820.75
2022-01-13,15979.75,15458.25,15892.75,15498.25,16009.25,15762.5,15893.0
2022-01-14,15621.0,15312.5,15497.5,15616.75,15979.75,15458.25,15498.25
2022-01-16,15653.25,15567.5,15616.75,15582.0,15621.0,15312.5,15616.75
2022-01-17,15636.25,15507.25,15583.25,15587.5,15653.25,15567.5,15582.0
2022-01-18,15603.25,15170.75,15587.75,15193.75,15636.25,15507.25,15587.5
2022-01-19,15372.0,14993.75,15193.75,15005.25,15603.25,15170.75,15193.75
2022-01-20,15340.25,14646.75,15004.25,14744.25,15372.0,14993.75,15005.25
2022-01-21,14858.5,14408.5,14743.75,14411.0,15340.25,14646.75,14744.25
2022-01-23,14563.25,14378.75,14410.0,14549.75,14858.5,14408.5,14411.0
2022-01-24,14582.0,13706.0,14550.0,14480.25,14563.25,14378.75,14549.75
2022-01-25,14489.5,13890.0,14482.25,14192.25,14582.0,13706.0,14480.25
2022-01-26,14639.75,13976.25,14192.0,14267.25,14489.5,13890.0,14192.25
2022-01-27,14409.25,13844.5,14267.0,14097.0,14639.75,13976.25,14267.25
2022-01-28,14442.0,13831.0,14096.0,14430.25,14409.25,13844.5,14097.0
2022-01-30,14475.75,14353.25,14454.0,14397.0,14442.0,13831.0,14430.25
2022-01-31,14914.75,14366.75,14397.75,14868.5,14475.75,14353.25,14397.0
2022-02-01,15137.0,14729.25,14870.25,15121.0,14914.75,14366.75,14868.5
2022-02-02,15260.0,14755.0,15121.0,14766.0,15137.0,14729.25,15121.0
2022-02-03,14870.0,14456.25,14766.5,14761.75,15260.0,14755.0,14766.0
2022-02-04,14825.75,14362.75,14763.0,14645.0,14870.0,14456.25,14761.75
2022-02-06,14717.5,14634.25,14682.5,14711.0,14825.75,14362.75,14645.0
2022-02-07,14806.25,14511.5,14709.75,14611.25,14717.5,14634.25,14711.0
2022-02-08,14787.75,14467.5,14611.75,14778.0,14806.25,14511.5,14611.25
2022-02-09,15068.0,14745.75,14777.75,15043.25,14787.75,14467.5,14778.0
2022-02-10,15052.5,14622.0,15043.0,14661.0,15068.0,14745.75,15043.25
2022-02-11,14766.75,14181.0,14661.25,14256.75,15052.5,14622.0,14661.0
2022-02-13,14263.0,14184.25,14250.0,14246.75,14766.75,14181.0,14256.75
2022-02-14,14394.0,14031.0,14247.5,14297.5,14263.0,14184.25,14246.75
2022-02-15,14614.75,14223.25,14297.5,14563.25,14394.0,14031.0,14297.5
2022-02-16,14668.5,14381.0,14563.0,14572.0,14614.75,14223.25,14563.25
2022-02-17,14601.5,14131.5,14573.0,14174.25,14668.5,14381.0,14572.0
2022-02-18,14299.0,13906.25,14173.25,13993.75,14601.5,14131.5,14174.25
2022-02-20,13955.75,13837.0,13952.75,13851.75,14299.0,13906.25,13993.75
2022-02-21,14157.5,13580.25,13851.75,13680.0,13955.75,13837.0,13851.75
2022-02-22,14108.25,13613.5,13679.75,13972.75,14157.5,13580.25,13680.0
2022-02-23,14068.75,13457.5,13973.5,13500.25,14108.25,13613.5,13972.75
2022-02-24,13983.25,13025.75,13499.75,13860.25,14068.75,13457.5,13500.25
2022-02-25,14196.25,13760.25,13860.25,14187.75,13983.25,13025.75,13860.25
2022-02-27,13900.25,13683.0,13900.25,13854.25,14196.25,13760.25,14187.75
2022-02-28,14292.25,13755.0,13853.75,14256.25,13900.25,13683.0,13854.25
2022-03-01,14327.75,13900.0,14258.25,14052.5,14292.25,13755.0,14256.25
2022-03-02,14290.0,13911.5,14052.75,14206.0,14327.75,13900.0,14052.5
2022-03-03,14391.0,13955.0,14205.75,14079.5,14290.0,13911.5,14206.0
2022-03-04,14086.5,13733.75,14082.0,13798.75,14391.0,13955.0,14079.5
2022-03-06,13763.5,13563.0,13763.5,13583.75,14086.5,13733.75,13798.75
2022-03-07,13879.75,13250.25,13583.5,13269.25,13763.5,13563.0,13583.75
2022-03-08,13666.0,13103.25,13270.25,13251.0,13879.75,13250.25,13269.25
2022-03-09,13821.75,13222.0,13249.75,13746.75,13666.0,13103.25,13251.0
2022-03-10,13764.0,13396.25,13746.75,13596.25,13821.75,13222.0,13746.75
2022-03-11,13860.75,13281.75,13596.25,13301.75,13764.0,13396.25,13596.25
2022-03-13,13399.0,13328.0,13334.5,13367.75,13860.75,13281.75,13301.75
2022-03-14,13441.5,13015.5,13367.25,13105.25,13399.0,13328.0,13367.75
2022-03-15,13486.5,12942.5,13106.0,13454.5,13441.5,13015.5,13105.25
2022-03-16,14025.75,13417.25,13453.75,13978.25,13486.5,12942.5,13454.5
2022-03-17,14132.5,13819.0,13977.25,14023.75,14025.75,13417.25,13978.25
2022-03-18,14442.75,13966.5,14023.75,14435.25,14132.5,13819.0,14023.75
2022-03-20,14435.0,14402.25,14404.0,14404.5,14442.75,13966.5,14435.25
2022-03-21,14466.75,14183.75,14405.0,14341.5,14435.0,14402.25,14404.5
2022-03-22,14690.75,14293.5,14340.75,14666.5,14466.75,14183.75,14341.5
2022-03-23,14682.25,14441.0,14666.0,14474.5,14690.75,14293.5,14666.5
2022-03-24,14775.75,14433.5,14474.75,14749.75,14682.25,14441.0,14474.5
2022-03-25,14840.5,14572.5,14750.5,14752.5,14775.75,14433.5,14749.75
2022-03-27,14779.5,14720.0,14756.0,14721.75,14840.5,14572.5,14752.5
2022-03-28,14997.0,14658.75,14720.0,14972.75,14779.5,14720.0,14721.75
2022-03-29,15268.75,14956.5,14973.75,15222.25,14997.0,14658.75,14972.75
2022-03-30,15262.25,15012.25,15221.25,15103.75,15268.75,14956.5,15222.25
2022-03-31,15180.75,14855.5,15104.0,14912.0,15262.25,15012.25,15103.75
2022-04-01,14960.0,14725.0,14912.75,14852.25,15180.75,14855.5,14912.0
2022-04-03,14861.0,14809.75,14846.0,14818.0,14960.0,14725.0,14852.25
2022-04-04,15174.5,14801.0,14819.25,15152.0,14861.0,14809.75,14818.0
2022-04-05,15198.0,14780.25,15152.0,14834.75,15174.5,14801.0,15152.0
2022-04-06,14844.25,14394.75,14835.5,14449.0,15198.0,14780.25,14834.75
2022-04-07,14633.75,14317.0,14448.0,14565.75,14844.25,14394.75,14449.0
2022-04-08,14642.25,14310.5,14566.5,14328.0,14633.75,14317.0,14565.75
2022-04-10,14382.0,14313.75,14345.0,14314.5,14642.25,14310.5,14328.0
2022-04-11,14313.0,13974.25,14313.0,13983.25,14382.0,14313.75,14314.5
2022-04-12,14284.25,13881.25,13982.25,13996.75,14313.0,13974.25,13983.25
2022-04-13,14266.5,13921.0,13996.25,14215.0,14284.25,13881.25,13996.75
2022-04-14,14296.25,13876.5,14217.25,13892.25,14266.5,13921.0,14215.0
2022-04-17,13903.75,13729.5,13892.0,13735.75,14296.25,13876.5,13892.25
2022-04-18,14019.0,13732.5,13736.75,14016.5,13903.75,13729.5,13735.75
2022-04-19,14242.0,13828.0,14016.5,14079.0,14019.0,13732.5,14016.5
2022-04-20,14298.0,13956.5,14079.0,14083.5,14242.0,13828.0,14079.0
2022-04-21,14283.0,13667.5,14083.0,13681.75,14298.0,13956.5,14083.5
2022-04-22,13781.0,13297.0,13682.75,13315.5,14283.0,13667.5,13681.75
2022-04-24,13360.0,13289.25,13334.25,13327.5,13781.0,13297.0,13315.5
2022-04-25,13549.75,13184.0,13328.0,13524.5,13360.0,13289.25,13327.5
2022-04-26,13583.75,12801.5,13524.0,12996.75,13549.75,13184.0,13524.5
2022-04-27,13255.25,12930.25,12997.25,13172.25,13583.75,12801.5,12996.75
2022-04-28,13542.0,13033.0,13173.75,13248.5,13255.25,12930.25,13172.25
2022-04-29,13433.0,12831.75,13246.5,12890.5,13542.0,13033.0,13248.5
2022-05-01,12924.75,12806.0,12892.25,12882.0,13433.0,12831.75,12890.5
2022-05-02,13084.5,12709.75,12880.5,13056.25,12924.75,12806.0,12882.0
2022-05-03,13183.75,12968.5,13056.25,13120.0,13084.5,12709.75,13056.25
2022-05-04,13555.25,12883.0,13118.5,13512.0,13183.75,12968.5,13120.0
2022-05-05,13548.0,12705.25,13512.25,12884.5,13555.25,12883.0,13512.0
2022-05-06,12928.75,12519.0,12884.75,12663.5,13548.0,12705.25,12884.5
2022-05-08,12637.25,12551.75,12605.0,12575.75,12928.75,12519.0,12663.5
2022-05-09,12624.0,12135.25,12578.0,12235.5,12637.25,12551.75,12575.75
2022-05-10,12547.0,12102.25,12235.0,12338.75,12624.0,12135.25,12235.5
2022-05-11,12553.25,11938.5,12338.75,12008.75,12547.0,12102.25,12338.75
2022-05-12,12132.75,11689.0,12007.75,12023.0,12553.25,11938.5,12008.75
2022-05-13,12432.0,12006.75,12022.75,12364.0,12132.75,11689.0,12023.0
2022-05-15,12498.75,12389.5,12409.0,12468.75,12432.0,12006.75,12364.0
2022-05-16,12471.75,12190.25,12468.0,12267.75,12498.75,12389.5,12468.75
2022-05-17,12594.0,12252.5,12268.0,12563.0,12471.75,12190.25,12267.75
2022-05-18,12573.25,11822.25,12562.25,11826.5,12594.0,12252.5,12563.0
2022-05-19,12076.75,11704.0,11826.25,11933.5,12573.25,11822.25,11826.5
2022-05-20,12096.75,11491.25,11935.25,11838.0,12076.75,11704.0,11933.5
2022-05-22,11988.0,11858.0,11866.0,11972.25,12096.75,11491.25,11838.0
2022-05-23,12075.5,11783.75,11971.75,11888.5,11988.0,11858.0,11972.25
2022-05-24,11898.0,11576.25,11887.75,11854.25,12075.5,11783.75,11888.5
2022-05-25,12036.0,11672.0,11854.0,11892.75,11898.0,11576.25,11854.25
2022-05-26,12343.0,11848.25,11892.0,12290.25,12036.0,11672.0,11892.75
2022-05-27,12720.25,12222.0,12290.25,12717.5,12343.0,11848.25,12290.25
2022-05-29,12757.0,12672.75,12705.25,12737.75,12720.25,12222.0,12717.5
2022-05-30,12883.0,12720.25,12736.75,12815.25,12757.0,12672.75,12737.75
2022-05-31,12822.75,12480.0,12815.5,12704.5,12883.0,12720.25,12815.25
2022-06-01,12823.5,12454.75,12704.75,12509.0,12822.75,12480.0,12704.5
2022-06-02,12945.25,12442.5,12509.5,12922.25,12823.5,12454.75,12509.0
2022-06-03,12926.75,12503.0,12920.75,12549.5,12945.25,12442.5,12922.25
2022-06-05,12589.5,12527.0,12549.75,12550.5,12926.75,12503.0,12549.5
2022-06-06,12810.0,12531.0,12549.25,12603.0,12589.5,12527.0,12550.5
2022-06-07,12740.25,12412.5,12603.5,12671.0,12810.0,12531.0,12603.0
2022-06-08,12783.0,12579.25,12671.25,12624.25,12740.25,12412.5,12671.0
2022-06-09,12726.0,12255.25,12624.75,12288.25,12783.0,12579.25,12624.25
2022-06-10,12338.75,11823.0,12288.25,11858.75,12726.0,12255.25,12288.25
2022-06-12,11772.5,11648.25,11768.0,11667.0,12338.75,11823.0,11858.75
2022-06-13,11695.75,11285.25,11693.0,11371.25,11772.5,11648.25,11667.0
2022-06-14,11534.5,11236.0,11370.75,11431.0,11695.75,11285.25,11371.25
2022-06-15,11794.25,11358.5,11431.25,11726.0,11534.5,11236.0,11431.0
2022-06-16,11774.25,11068.5,11725.25,11193.5,11794.25,11358.5,11726.0
2022-06-17,11396.0,11119.0,11192.0,11307.75,11774.25,11068.5,11193.5
2022-06-19,11437.5,11313.5,11332.5,11429.75,11396.0,11119.0,11307.75
2022-06-20,11443.75,11273.75,11428.0,11424.25,11437.5,11313.5,11429.75
2022-06-21,11678.25,11410.5,11424.0,11575.0,11443.75,11273.75,11424.25
2022-06-22,11745.75,11320.5,11576.25,11486.25,11678.25,11410.5,11575.0
2022-06-23,11766.75,11482.75,11484.75,11695.75,11745.75,11320.5,11486.25
2022-06-24,12148.5,11684.75,11695.5,12132.75,11766.75,11482.75,11695.75
2022-06-26,12164.5,12091.0,12137.5,12094.25,12148.5,11684.75,12132.75
2022-06-27,12262.0,11994.25,12093.0,12067.5,12164.5,12091.0,12094.25
2022-06-28,12174.25,11661.5,12066.75,11688.5,12262.0,11994.25,12067.5
2022-06-29,11749.0,11564.5,11686.0,11677.5,12174.25,11661.5,11688.5
2022-06-30,11688.25,11351.0,11677.0,11544.5,11749.0,11564.5,11677.5
2022-07-01,11629.75,11381.75,11545.0,11610.5,11688.25,11351.0,11544.5
2022-07-03,11618.75,11560.5,11606.0,11571.0,11629.75,11381.75,11610.5
2022-07-04,11749.0,11500.0,11570.25,11696.5,11618.75,11560.5,11571.0
2022-07-05,11838.0,11389.25,11695.5,11783.75,11749.0,11500.0,11696.5
2022-07-06,11974.25,11727.75,11783.75,11898.25,11838.0,11389.25,11783.75
2022-07-07,12168.5,11836.5,11897.5,12104.75,11974.25,11727.75,11898.25
2022-07-08,12211.0,11952.5,12104.5,12160.25,12168.5,11836.5,12104.75
2022-07-10,12149.75,12092.25,12149.75,12117.25,12211.0,11952.5,12160.25
2022-07-11,12123.75,11853.0,12117.25,11903.5,12149.75,12092.25,12117.25
2022-07-12,12025.5,11712.0,11903.75,11772.75,12123.75,11853.0,11903.5
2022-07-13,11970.0,11479.25,11773.75,11675.75,12025.5,11712.0,11772.75
2022-07-14,11866.5,11511.25,11675.0,11862.25,11970.0,11479.25,11675.75
2022-07-15,12021.5,11740.25,11862.0,12019.25,11866.5,11511.25,11862.25
2022-07-17,12078.0,12040.0,12043.5,12059.75,12021.5,11740.25,12019.25
2022-07-18,12186.5,11857.0,12058.75,11940.0,12078.0,12040.0,12059.75
2022-07-19,12338.0,11889.5,11940.0,12313.0,12186.5,11857.0,11940.0
2022-07-20,12517.5,12235.75,12312.75,12435.5,12338.0,11889.5,12313.0
2022-07-21,12655.25,12373.5,12435.25,12547.75,12517.5,12235.75,12435.5
2022-07-22,12698.5,12343.75,12548.0,12429.0,12655.25,12373.5,12547.75
2022-07-24,12455.75,12400.5,12444.5,12403.5,12698.5,12343.75,12429.0
2022-07-25,12498.5,12266.5,12404.0,12298.5,12455.75,12400.5,12403.5
2022-07-26,12334.0,12072.0,12298.75,12280.25,12498.5,12266.5,12298.5
2022-07-27,12690.0,12257.25,12280.5,12576.75,12334.0,12072.0,12280.25
2022-07-28,12948.0,12449.0,12576.5,12893.0,12690.0,12257.25,12576.75
2022-07-29,13012.0,12744.25,12892.5,12977.0,12948.0,12449.0,12893.0
2022-07-31,12998.75,12912.0,12981.0,12920.0,13012.0,12744.25,12977.0
2022-08-01,13108.75,12851.75,12919.5,12952.0,12998.75,12912.0,12920.0
2022-08-02,13097.0,12814.75,12951.5,12903.25,13108.75,12851.75,12952.0
2022-08-03,13310.25,12867.25,12902.75,13234.25,13097.0,12814.75,12903.25
2022-08-04,13356.0,13184.75,13234.0,13333.5,13310.25,12867.25,13234.25
2022-08-05,13384.5,13085.0,13333.5,13216.5,13356.0,13184.75,13333.5
2022-08-07,13292.0,13167.75,13227.75,13178.0,13384.5,13085.0,13216.5
2022-08-08,13419.25,13120.5,13177.75,13220.75,13292.0,13167.75,13178.0
2022-08-09,13226.5,12963.25,13219.75,13053.0,13419.25,13120.5,13220.75
2022-08-10,13408.0,12982.0,13052.25,13399.25,13226.5,12963.25,13053.0
2022-08-11,13575.0,13285.0,13399.0,13335.25,13408.0,12982.0,13399.25
2022-08-12,13583.25,13312.0,13336.0,13580.0,13575.0,13285.0,13335.25
2022-08-14,13574.5,13538.5,13571.5,13540.25,13583.25,13312.0,13580.0
2022-08-15,13706.0,13495.25,13541.0,13681.5,13574.5,13538.5,13540.25
2022-08-16,13740.75,13522.75,13680.75,13651.5,13706.0,13495.25,13681.5
2022-08-17,13672.0,13406.25,13651.5,13455.25,13740.75,13522.75,13651.5
2022-08-18,13575.5,13410.75,13455.0,13527.25,13672.0,13406.25,13455.25
2022-08-19,13532.5,13228.75,13527.75,13250.0,13575.5,13410.75,13527.25
2022-08-21,13226.5,13177.0,13226.5,13187.25,13532.5,13228.75,13250.0
2022-08-22,13222.75,12874.5,13187.75,12955.5,13226.5,13177.0,13187.25
2022-08-23,13018.5,12823.5,12955.5,12895.25,13222.75,12874.5,12955.5
2022-08-24,13011.25,12825.75,12895.0,12934.5,13018.5,12823.5,12895.25
2022-08-25,13168.75,12925.0,12934.5,13144.75,13011.25,12825.75,12934.5
2022-08-26,13220.0,12557.5,13145.25,12559.0,13168.75,12925.0,13144.75
2022-08-28,12513.5,12411.75,12485.0,12419.75,13220.0,12557.5,12559.0
2022-08-29,12610.25,12401.5,12419.5,12532.5,12513.5,12411.75,12419.75
2022-08-30,12658.25,12247.5,12533.25,12366.0,12610.25,12401.5,12532.5
2022-08-31,12513.0,12152.5,12365.75,12177.75,12658.25,12247.5,12366.0
2022-09-01,12320.5,12017.75,12177.75,12298.75,12513.0,12152.5,12177.75
2022-09-02,12461.5,12040.25,12299.0,12130.25,12320.5,12017.75,12298.75
2022-09-04,12131.0,12054.75,12110.5,12123.5,12461.5,12040.25,12130.25
2022-09-05,12182.5,12054.0,12123.25,12147.75,12131.0,12054.75,12123.5
2022-09-06,12244.5,11930.0,12148.5,12006.25,12182.5,12054.0,12147.75
2022-09-07,12306.25,11921.5,12006.0,12258.25,12244.5,11930.0,12006.25
2022-09-08,12379.5,12115.75,12258.25,12350.75,12306.25,11921.5,12258.25
2022-09-09,12613.75,12345.75,12350.75,12590.5,12379.5,12115.75,12350.75
2022-09-11,12679.25,12626.0,12626.0,12632.0,12613.75,12345.75,12590.5
2022-09-12,12865.0,12648.0,12708.25,12846.0,12679.25,12626.0,12632.0
2022-09-13,12987.0,12082.25,12844.75,12139.0,12865.0,12648.0,12846.0
2022-09-14,12268.75,12080.25,12139.25,12248.0,12987.0,12082.25,12139.0
2022-09-15,12260.5,11890.75,12247.5,11915.75,12268.75,12080.25,12248.0
2022-09-16,11961.25,11778.5,11916.0,11960.75,12260.5,11890.75,11915.75
2022-09-18,11944.0,11881.5,11920.0,11930.25,11961.25,11778.5,11960.75
2022-09-19,12078.25,11792.25,11930.75,12078.0,11944.0,11881.5,11930.25
2022-09-20,12092.5,11828.25,12077.5,11926.75,12078.25,11792.25,12078.0
2022-09-21,12140.5,11606.5,11926.5,11612.25,12092.5,11828.25,11926.75
2022-09-22,11796.0,11510.0,11612.75,11587.5,12140.5,11606.5,11612.25
2022-09-23,11600.25,11229.0,11587.5,11388.0,11796.0,11510.0,11587.5
2022-09-25,11397.0,11309.5,11362.5,11346.0,11600.25,11229.0,11388.0
2022-09-26,11537.75,11256.5,11344.75,11349.0,11397.0,11309.5,11346.0
2022-09-27,11568.25,11233.5,11349.75,11347.75,11537.75,11256.5,11349.0
2022-09-28,11613.5,11141.5,11347.5,11533.0,11568.25,11233.5,11347.75
2022-09-29,11567.25,11091.5,11534.0,11265.0,11613.5,11141.5,11533.0
2022-09-30,11357.25,11024.25,11265.75,11058.25,11567.25,11091.5,11265.0
2022-10-02,11050.25,10930.0,11030.0,10943.5,11357.25,11024.25,11058.25
2022-10-03,11358.25,10890.75,10944.0,11344.5,11050.25,10930.0,10943.5
2022-10-04,11675.0,11335.0,11344.5,11620.75,11358.25,10890.75,11344.5
2022-10-05,11711.0,11366.5,11620.5,11699.0,11675.0,11335.0,11620.75
2022-10-06,11729.75,11476.5,11699.0,11498.75,11711.0,11366.5,11699.0
2022-10-07,11564.5,11043.25,11498.5,11096.25,11729.75,11476.5,11498.75
2022-10-09,11068.25,10986.0,11067.75,11035.5,11564.5,11043.25,11096.25
2022-10-10,11136.5,10876.75,11036.5,11014.25,11068.25,10986.0,11035.5
2022-10-11,11039.5,10767.25,11014.25,10864.75,11136.5,10876.75,11014.25
2022-10-12,10976.75,10805.5,10865.25,10869.0,11039.5,10767.25,10864.75
2022-10-13,11142.75,10484.75,10868.5,11064.5,10976.75,10805.5,10869.0
2022-10-14,11253.5,10726.75,11064.25,10746.25,11142.75,10484.75,11064.5
2022-10-16,10803.0,10713.0,10720.0,10792.25,11253.5,10726.75,10746.25
2022-10-17,11218.75,10762.0,10792.5,11211.25,10803.0,10713.0,10792.25
2022-10-18,11431.75,11081.5,11211.0,11344.5,11218.75,10762.0,11211.25
2022-10-19,11377.5,11049.0,11343.0,11088.5,11431.75,11081.5,11344.5
2022-10-20,11328.75,10995.75,11087.75,11020.0,11377.5,11049.0,11088.5
2022-10-21,11386.25,10935.5,11021.0,11378.0,11328.75,10995.75,11020.0
2022-10-23,11530.25,11388.0,11393.75,11451.75,11386.25,10935.5,11378.0
2022-10-24,11515.75,11207.75,11451.75,11475.5,11530.25,11388.0,11451.75
2022-10-25,11734.0,11430.25,11475.5,11468.75,11515.75,11207.75,11475.5
2022-10-26,11703.5,11415.0,11469.5,11498.25,11734.0,11430.25,11468.75
2022-10-27,11537.5,10921.5,11498.0,11135.0,11703.5,11415.0,11498.25
2022-10-28,11626.0,11062.0,11136.25,11625.5,11537.5,10921.5,11135.0
2022-10-30,11595.0,11545.5,11592.5,11557.5,11626.0,11062.0,11625.5
2022-10-31,11581.75,11367.25,11557.5,11468.75,11595.0,11545.5,11557.5
2022-11-01,11619.0,11288.75,11469.25,11332.25,11581.75,11367.25,11468.75
2022-11-02,11460.0,10901.25,11333.0,10919.75,11619.0,11288.75,11332.25
2022-11-03,10996.0,10692.75,10919.25,10710.5,11460.0,10901.25,10919.75
2022-11-04,10974.25,10636.0,10710.75,10871.25,10996.0,10692.75,10710.5
2022-11-06,10817.5,10751.0,10786.5,10796.25,10974.25,10636.0,10871.25
2022-11-07,11038.5,10785.0,10796.5,11024.75,10817.5,10751.0,10796.25
2022-11-08,11231.25,10928.75,11025.0,11125.25,11038.5,10785.0,11024.75
2022-11-09,11164.25,10822.25,11125.75,10845.0,11231.25,10928.75,11125.25
2022-11-10,11685.0,10808.0,10844.0,11675.5,11164.25,10822.25,10845.0
2022-11-11,11876.75,11569.25,11675.25,11836.25,11685.0,10808.0,11675.5
2022-11-13,11818.5,11766.25,11791.0,11810.5,11876.75,11569.25,11836.25
2022-11-14,11898.5,11702.0,11810.5,11766.75,11818.5,11766.25,11810.5
2022-11-15,12118.75,11761.75,11767.0,11898.75,11898.5,11702.0,11766.75
2022-11-16,11963.0,11706.5,11898.5,11780.0,12118.75,11761.75,11898.75
2022-11-17,11827.5,11528.25,11780.25,11719.5,11963.0,11706.5,11780.0
2022-11-18,11843.0,11607.0,11720.25,11711.0,11827.5,11528.25,11719.5
2022-11-20,11756.0,11701.75,11723.0,11708.0,11843.0,11607.0,11711.0
2022-11-21,11714.5,11553.0,11709.25,11593.75,11756.0,11701.75,11708.0
2022-11-22,11759.25,11526.5,11594.25,11744.75,11714.5,11553.0,11593.75
2022-11-23,11892.75,11720.0,11745.25,11888.5,11759.25,11526.5,11744.75
2022-11-24,11933.0,11874.0,11888.75,11917.5,11892.75,11720.0,11888.5
2022-11-25,11920.0,11766.25,11918.0,11786.75,11933.0,11874.0,11917.5
2022-11-27,11747.0,11717.25,11731.25,11727.0,11920.0,11766.25,11786.75
2022-11-28,11788.5,11575.25,11727.0,11618.25,11747.0,11717.25,11727.0
2022-11-29,11704.5,11465.0,11618.75,11503.5,11788.5,11575.25,11618.25
2022-11-30,12086.0,11498.0,11504.0,12073.5,11704.5,11465.0,11503.5
2022-12-01,12145.0,11943.25,12072.75,12040.25,12086.0,11498.0,12073.5
2022-12-02,12067.75,11740.5,12039.25,11979.0,12145.0,11943.25,12040.25
2022-12-04,12015.75,11981.25,12000.5,12001.5,12067.75,11740.5,11979.0
2022-12-05,12009.5,11745.5,12001.75,11820.0,12015.75,11981.25,12001.5
2022-12-06,11846.25,11502.0,11820.0,11578.75,12009.5,11745.5,11820.0
2022-12-07,11596.25,11422.5,11578.75,11510.5,11846.25,11502.0,11578.75
2022-12-08,11685.75,11433.0,11511.0,11637.5,11596.25,11422.5,11510.5
2022-12-09,11748.0,11517.0,11637.25,11553.0,11685.75,11433.0,11637.5
2022-12-11,11572.5,11527.75,11553.0,11536.0,11748.0,11517.0,11553.0
2022-12-12,11834.5,11635.75,11650.25,11827.5,11572.5,11527.75,11536.0
2022-12-13,12339.0,11797.25,11828.0,11959.75,11834.5,11635.75,11827.5
2022-12-14,12069.5,11729.0,11959.25,11883.0,12339.0,11797.25,11959.75
2022-12-15,11898.0,11404.0,11883.5,11458.5,12069.5,11729.0,11883.0
2022-12-16,11491.5,11275.5,11458.5,11320.0,11898.0,11404.0,11458.5
2022-12-18,11366.25,11320.5,11328.75,11352.5,11491.5,11275.5,11320.0
2022-12-19,11411.0,11131.75,11352.75,11213.75,11366.25,11320.5,11352.5
2022-12-20,11247.0,11043.5,11213.25,11223.25,11411.0,11131.75,11213.75
2022-12-21,11389.75,11181.0,11223.25,11352.25,11247.0,11043.5,11223.25
2022-12-22,11384.75,10870.5,11353.0,11049.0,11389.75,11181.0,11352.25
2022-12-23,11143.0,10916.25,11048.5,11067.0,11384.75,10870.5,11049.0
2022-12-26,11163.5,11104.0,11104.0,11157.0,11143.0,10916.25,11067.0
2022-12-27,11183.75,10896.0,11157.0,10913.0,11163.5,11104.0,11157.0
2022-12-28,10996.5,10758.75,10913.5,10793.25,11183.75,10896.0,10913.0
2022-12-29,11071.5,10777.5,10793.5,11022.5,10996.5,10758.75,10793.25
2022-12-30,11051.5,10855.5,11022.75,11041.75,11071.5,10777.5,11022.5
2023-01-02,11150.0,11037.5,11122.5,11052.25,11051.5,10855.5,11041.75
2023-01-03,11182.0,10844.75,11052.25,10949.5,11150.0,11037.5,11052.25
2023-01-04,11068.5,10863.5,10949.5,10996.25,11182.0,10844.75,10949.5
2023-01-05,11046.75,10805.0,10996.25,10839.25,11068.5,10863.5,10996.25
2023-01-06,11165.75,10751.0,10839.5,11108.75,11046.75,10805.0,10839.25
2023-01-08,11160.75,11123.25,11126.5,11142.75,11165.75,10751.0,11108.75
2023-01-09,11385.5,11120.25,11143.25,11173.75,11160.75,11123.25,11142.75
2023-01-10,11288.75,11094.0,11174.25,11285.0,11385.5,11120.25,11173.75
2023-01-11,11479.5,11239.75,11285.0,11474.5,11288.75,11094.0,11285.0
2023-01-12,11579.75,11291.0,11475.0,11524.75,11479.5,11239.75,11474.5
2023-01-13,11619.5,11389.0,11524.0,11601.5,11579.75,11291.0,11524.75
2023-01-15,11619.75,11582.5,11613.5,11586.75,11619.5,11389.0,11601.5
2023-01-16,11638.75,11510.25,11587.25,11585.25,11619.75,11582.5,11586.75
2023-01-17,11685.0,11530.5,11585.0,11594.5,11638.75,11510.25,11585.25
2023-01-18,11759.5,11466.5,11594.25,11479.5,11685.0,11530.5,11594.5
2023-01-19,11486.75,11308.5,11479.75,11383.75,11759.5,11466.5,11479.5
2023-01-20,11686.75,11365.25,11384.0,11677.75,11486.75,11308.5,11383.75
2023-01-22,11685.25,11650.5,11676.75,11658.0,11686.75,11365.25,11677.75
2023-01-23,11983.0,11650.75,11658.0,11918.25,11685.25,11650.5,11658.0
2023-01-24,12010.5,11821.25,11918.5,11839.75,11983.0,11650.75,11918.25
2023-01-25,11917.0,11604.5,11840.5,11907.25,12010.5,11821.25,11839.75
2023-01-26,12113.0,11879.25,11907.5,12039.5,11917.0,11604.5,11907.25
2023-01-27,12308.5,12016.0,12039.5,12221.0,12113.0,11879.25,12039.5
2023-01-29,12252.0,12190.75,12212.5,12205.5,12308.5,12016.0,12221.0
2023-01-30,12224.0,11960.0,12205.5,12002.5,12252.0,12190.75,12205.5
2023-01-31,12156.0,11871.0,12002.5,12103.25,12224.0,11960.0,12002.5
2023-02-01,12559.75,12055.25,12103.0,12544.75,12156.0,11871.0,12103.25
2023-02-02,12949.75,12501.75,12544.75,12664.0,12559.75,12055.25,12544.75
2023-02-03,12878.0,12551.25,12664.25,12616.5,12949.75,12501.75,12664.0
2023-02-05,12605.5,12550.0,12572.0,12590.75,12878.0,12551.25,12616.5
2023-02-06,12608.5,12455.75,12590.5,12536.0,12605.5,12550.0,12590.75
2023-02-07,12818.5,12459.25,12535.5,12749.75,12608.5,12455.75,12536.0
2023-02-08,12808.5,12512.75,12750.5,12561.25,12818.5,12459.25,12749.75
2023-02-09,12728.5,12366.5,12561.75,12434.75,12808.5,12512.75,12561.25
2023-02-10,12446.25,12243.25,12435.25,12342.0,12728.5,12366.5,12434.75
2023-02-12,12367.0,12294.25,12357.5,12306.75,12446.25,12243.25,12342.0
2023-02-13,12567.0,12265.25,12306.75,12539.25,12367.0,12294.25,12306.75
2023-02-14,12687.0,12390.5,12539.5,12608.0,12567.0,12265.25,12539.25
2023-02-15,12756.5,12524.25,12607.75,12747.0,12687.0,12390.5,12608.0
2023-02-16,12792.75,12421.0,12746.5,12428.25,12756.5,12524.25,12747.0
2023-02-17,12449.5,12265.75,12428.0,12384.0,12792.75,12421.0,12428.25
2023-02-19,12383.25,12346.5,12380.0,12359.75,12449.5,12265.75,12384.0
2023-02-20,12417.75,12346.75,12359.25,12378.25,12383.25,12346.5,12359.75
2023-02-21,12379.5,12090.25,12378.75,12114.25,12417.75,12346.75,12378.25
2023-02-22,12190.5,12034.0,12113.5,12167.5,12379.5,12090.25,12114.25
2023-02-23,12261.0,12028.5,12167.0,12173.75,12190.5,12034.0,12167.5
2023-02-24,12214.5,11923.0,12173.5,11999.75,12261.0,12028.5,12173.75
2023-02-26,12025.5,11990.0,12003.0,12017.25,12214.5,11923.0,11999.75
2023-02-27,12189.5,12004.0,12017.5,12093.75,12025.5,11990.0,12017.25
2023-02-28,12172.75,12013.25,12093.5,12022.5,12189.5,12004.0,12093.75
2023-03-01,12141.75,11924.75,12022.25,11971.25,12172.75,12013.25,12022.5
2023-03-02,12096.25,11832.5,11971.5,12037.5,12141.75,11924.75,11971.25
2023-03-03,12329.0,12012.0,12036.75,12324.5,12096.25,11832.5,12037.5
2023-03-05,12317.75,12276.25,12306.25,12292.0,12329.0,12012.0,12324.5
2023-03-06,12486.25,12283.5,12292.0,12330.5,12317.75,12276.25,12292.0
2023-03-07,12381.25,12142.25,12330.5,12176.25,12486.25,12283.5,12330.5
2023-03-08,12254.5,12108.25,12176.75,12224.75,12381.25,12142.25,12176.25
2023-03-09,12353.5,11955.75,12225.25,11986.25,12254.5,12108.25,12224.75
2023-03-10,12109.0,11795.0,11985.75,11892.5,12353.5,11955.75,11986.25
2023-03-12,12045.0,11850.0,11894.75,11990.5,12109.0,11795.0,11892.5
2023-03-13,12222.75,11806.25,12111.75,12070.5,12045.0,11850.0,11990.5
2023-03-14,12356.5,12032.25,12070.75,12327.0,12222.75,11806.25,12070.5
2023-03-15,12429.0,12096.75,12326.0,12404.0,12356.5,12032.25,12327.0
2023-03-16,12735.75,12314.0,12403.25,12723.25,12429.0,12096.75,12404.0
2023-03-17,12811.25,12569.5,12723.0,12648.5,12735.75,12314.0,12723.25
2023-03-19,12750.0,12662.75,12690.0,12706.25,12811.25,12569.5,12648.5
2023-03-20,12727.5,12525.25,12706.25,12692.5,12750.0,12662.75,12706.25
2023-03-21,12898.25,12676.5,12692.25,12868.75,12727.5,12525.25,12692.5
2023-03-22,13082.0,12678.0,12868.25,12719.0,12898.25,12676.5,12868.75
2023-03-23,13031.0,12705.25,12718.5,12864.75,13082.0,12678.0,12719.0
2023-03-24,12924.75,12728.0,12865.0,12922.75,13031.0,12705.25,12864.75
2023-03-26,12960.25,12902.5,12916.0,12947.75,12924.75,12728.0,12922.75
2023-03-27,12984.5,12765.5,12948.25,12822.75,12960.25,12902.5,12947.75
2023-03-28,12833.5,12634.25,12822.75,12759.5,12984.5,12765.5,12822.75
2023-03-29,12994.0,12758.5,12760.0,12943.0,12833.5,12634.25,12759.5
2023-03-30,13111.75,12931.5,12943.5,13096.5,12994.0,12758.5,12943.0
2023-03-31,13311.5,13057.5,13095.75,13308.0,13111.75,12931.5,13096.5
2023-04-02,13275.5,13235.0,13262.0,13239.75,13311.5,13057.5,13308.0
2023-04-03,13278.75,13154.0,13239.75,13247.5,13275.5,13235.0,13239.75
2023-04-04,13348.75,13168.25,13247.75,13241.0,13278.75,13154.0,13247.5
2023-04-05,13247.25,13006.0,13240.5,13057.25,13348.75,13168.25,13241.0
2023-04-06,13191.0,12953.25,13056.75,13159.75,13247.25,13006.0,13057.25
2023-04-07,13192.25,13122.0,13159.5,13184.25,13191.0,12953.25,13159.75
2023-04-09,13203.25,13151.5,13179.75,13156.5,13192.25,13122.0,13184.25
2023-04-10,13174.5,12967.5,13156.75,13172.25,13203.25,13151.5,13156.5
2023-04-11,13208.75,13053.5,13172.0,13089.5,13174.5,12967.5,13172.25
2023-04-12,13241.75,12925.5,13089.5,12931.25,13208.75,13053.5,13089.5
2023-04-13,13228.0,12930.0,12932.0,13191.75,13241.75,12925.5,12931.25
2023-04-14,13255.0,13058.0,13191.75,13199.5,13228.0,12930.0,13191.75
2023-04-16,13214.75,13177.25,13212.5,13186.75,13255.0,13058.0,13199.5
2023-04-17,13218.0,13076.75,13186.5,13178.75,13214.75,13177.25,13186.75
2023-04-18,13298.75,13138.0,13178.25,13175.0,13218.0,13076.75,13178.75
2023-04-19,13226.75,13065.0,13174.25,13127.75,13298.75,13138.0,13175.0
2023-04-20,13200.0,13021.75,13127.75,13082.75,13226.75,13065.0,13127.75
2023-04-21,13122.0,12982.5,13081.75,13076.0,13200.0,13021.75,13082.75
2023-04-23,13074.75,13060.5,13070.0,13068.75,13122.0,12982.5,13076.0
2023-04-24,13134.0,12967.25,13068.0,13049.5,13074.75,13060.5,13068.75
2023-04-25,13059.5,12800.0,13049.5,12960.25,13134.0,12967.25,13049.5
2023-04-26,13012.25,12863.75,12960.0,12956.5,13059.5,12800.0,12960.25
2023-04-27,13333.0,12936.0,12957.25,13210.0,13012.25,12863.75,12956.5
2023-04-28,13336.0,13169.0,13209.5,13325.75,13333.0,12936.0,13210.0
2023-04-30,13327.0,13303.75,13317.0,13307.5,13336.0,13169.0,13325.75
2023-05-01,13370.25,13258.75,13307.0,13285.75,13327.0,13303.75,13307.5
2023-05-02,13334.75,13110.25,13285.25,13181.75,13370.25,13258.75,13285.75
2023-05-03,13314.0,13044.25,13182.0,13098.25,13334.75,13110.25,13181.75
2023-05-04,13173.0,13001.75,13098.25,13093.75,13314.0,13044.25,13098.25
2023-05-05,13359.0,13076.25,13093.75,13310.5,13173.0,13001.75,13093.75
2023-05-07,13332.75,13301.25,13316.0,13303.5,13359.0,13076.25,13310.5
2023-05-08,13368.0,13254.5,13304.25,13337.5,13332.75,13301.25,13303.5
2023-05-09,13347.0,13250.5,13337.0,13274.75,13368.0,13254.5,13337.5
2023-05-10,13446.75,13202.75,13274.75,13422.0,13347.0,13250.5,13274.75
2023-05-11,13470.25,13361.5,13422.25,13455.0,13446.75,13202.75,13422.0
2023-05-12,13494.25,13310.5,13454.25,13370.5,13470.25,13361.5,13455.0
2023-05-14,13378.75,13356.0,13378.75,13366.5,13494.25,13310.5,13370.5
2023-05-15,13480.0,13350.0,13366.25,13458.0,13378.75,13356.0,13366.5
2023-05-16,13554.5,13426.25,13458.0,13499.5,13480.0,13350.0,13458.0
2023-05-17,13669.0,13474.25,13499.75,13643.5,13554.5,13426.25,13499.5
2023-05-18,13960.25,13628.25,13643.25,13929.5,13669.0,13474.25,13643.5
2023-05-19,13942.75,13814.25,13929.75,13841.0,13960.25,13628.25,13929.5
2023-05-21,13856.0,13794.25,13805.5,13853.25,13942.75,13814.25,13841.0
2023-05-22,13951.75,13824.5,13853.25,13942.75,13856.0,13794.25,13853.25
2023-05-23,13979.25,13710.0,13942.5,13748.25,13951.75,13824.5,13942.75
2023-05-24,13883.75,13566.5,13747.25,13847.0,13979.25,13710.0,13748.25
2023-05-25,14031.25,13823.5,13847.0,13965.5,13883.75,13566.5,13847.0
2023-05-26,14369.0,13924.5,13965.5,14367.25,14031.25,13823.5,13965.5
2023-05-28,14459.75,14400.0,14437.5,14416.75,14369.0,13924.5,14367.25
2023-05-29,14446.0,14367.5,14417.0,14386.25,14459.75,14400.0,14416.75
2023-05-30,14570.0,14336.75,14386.25,14422.25,14446.0,14367.5,14386.25
2023-05-31,14424.75,14251.25,14422.75,14310.25,14570.0,14336.75,14422.25
2023-06-01,14528.25,14248.25,14310.5,14483.25,14424.75,14251.25,14310.25
2023-06-02,14627.75,14468.25,14483.5,14587.75,14528.25,14248.25,14483.25
2023-06-04,14579.5,14522.75,14577.0,14536.75,14627.75,14468.25,14587.75
2023-06-05,14694.75,14512.75,14537.25,14566.0,14579.5,14522.75,14536.75
2023-06-06,14623.75,14504.5,14566.75,14595.5,14694.75,14512.75,14566.0
2023-06-07,14675.0,14305.5,14595.0,14330.0,14623.75,14504.5,14595.5
2023-06-08,14526.75,14256.75,14329.5,14500.5,14675.0,14305.5,14330.0
2023-06-09,14687.5,14460.25,14500.5,14566.25,14526.75,14256.75,14500.5
2023-06-11,14608.5,14554.25,14560.25,14591.5,14687.5,14460.25,14566.25
2023-06-12,15025.5,14753.0,14769.75,15003.5,14608.5,14554.25,14591.5
2023-06-13,15151.25,14963.0,15003.25,15105.5,15025.5,14753.0,15003.5
2023-06-14,15243.5,14976.0,15105.25,15214.25,15151.25,14963.0,15105.5
2023-06-15,15441.0,15066.0,15214.25,15359.25,15243.5,14976.0,15214.25
2023-06-16,15475.5,15258.5,15359.5,15300.75,15441.0,15066.0,15359.25
2023-06-18,15322.5,15300.75,15303.25,15303.25,15475.5,15258.5,15300.75
2023-06-19,15305.75,15230.5,15302.25,15248.5,15322.5,15300.75,15303.25
2023-06-20,15310.75,15126.5,15248.25,15261.75,15305.75,15230.5,15248.5
2023-06-21,15273.25,15002.25,15261.25,15041.0,15310.75,15126.5,15261.75
2023-06-22,15238.0,14964.0,15041.25,15222.0,15273.25,15002.25,15041.0
2023-06-23,15222.75,14985.25,15221.75,15053.25,15238.0,14964.0,15222.0
2023-06-25,15104.25,15054.25,15057.75,15100.25,15222.75,14985.25,15053.25
2023-06-26,15152.5,14853.5,15100.5,14893.0,15104.25,15054.25,15100.25
2023-06-27,15139.25,14863.0,14892.75,15059.75,15152.5,14853.5,14893.0
2023-06-28,15219.0,15021.25,15059.75,15172.25,15139.25,14863.0,15059.75
2023-06-29,15202.75,15028.5,15172.5,15117.0,15219.0,15021.25,15172.25
2023-06-30,15376.75,15099.25,15116.75,15316.5,15202.75,15028.5,15117.0
2023-07-02,15362.5,15330.5,15331.0,15350.5,15376.75,15099.25,15316.5
2023-07-03,15392.0,15308.0,15350.75,15337.25,15362.5,15330.5,15350.5
2023-07-04,15368.5,15334.25,15337.5,15340.75,15392.0,15308.0,15337.25
2023-07-05,15432.0,15255.25,15341.25,15358.0,15368.5,15334.25,15340.75
2023-07-06,15359.5,15111.5,15358.5,15226.5,15432.0,15255.25,15358.0
2023-07-07,15359.75,15172.25,15226.25,15192.5,15359.5,15111.5,15226.5
2023-07-09,15198.5,15152.75,15198.5,15181.5,15359.75,15172.25,15192.5
2023-07-10,15218.25,15063.25,15181.25,15192.25,15198.5,15152.75,15181.5
2023-07-11,15280.75,15109.5,15192.0,15264.25,15218.25,15063.25,15192.25
2023-07-12,15507.75,15254.5,15264.25,15471.5,15280.75,15109.5,15264.25
2023-07-13,15741.25,15470.0,15471.5,15712.25,15507.75,15254.5,15471.5
2023-07-14,15857.25,15663.0,15712.5,15693.75,15741.25,15470.0,15712.25
2023-07-16,15690.25,15661.5,15690.0,15666.75,15857.25,15663.0,15693.75
2023-07-17,15882.75,15662.5,15666.75,15818.75,15690.25,15661.5,15666.75
2023-07-18,16029.75,15733.0,15818.5,15961.75,15882.75,15662.5,15818.75
2023-07-19,16062.75,15842.25,15961.0,15857.0,16029.75,15733.0,15961.75
2023-07-20,15904.25,15547.0,15857.0,15580.0,16062.75,15842.25,15857.0
2023-07-21,15719.25,15522.25,15580.5,15555.0,15904.25,15547.0,15580.0
2023-07-23,15571.0,15540.0,15556.0,15549.75,15719.25,15522.25,15555.0
2023-07-24,15618.75,15483.75,15549.0,15567.25,15571.0,15540.0,15549.75
2023-07-25,15739.25,15549.25,15567.5,15637.5,15618.75,15483.75,15567.25
2023-07-26,15710.5,15515.0,15638.0,15653.75,15739.25,15549.25,15637.5
2023-07-27,15904.0,15511.25,15653.75,15587.0,15710.5,15515.0,15653.75
2023-07-28,15896.0,15546.25,15587.0,15846.0,15904.0,15511.25,15587.0
2023-07-30,15917.0,15841.0,15850.0,15887.5,15896.0,15546.25,15846.0
2023-07-31,15905.0,15791.25,15887.0,15860.25,15917.0,15841.0,15887.5
2023-08-01,15889.25,15684.0,15860.25,15753.0,15905.0,15791.25,15860.25
2023-08-02,15789.75,15414.0,15753.25,15491.75,15889.25,15684.0,15753.0
2023-08-03,15551.75,15339.5,15491.5,15481.25,15789.75,15414.0,15491.75
2023-08-04,15610.25,15336.5,15480.75,15362.75,15551.75,15339.5,15481.25
2023-08-06,15403.0,15357.75,15370.5,15401.25,15610.25,15336.5,15362.75
2023-08-07,15497.75,15334.25,15401.75,15487.75,15403.0,15357.75,15401.25
2023-08-08,15491.75,15218.0,15487.75,15353.25,15497.75,15334.25,15487.75
2023-08-09,15432.5,15146.5,15352.75,15218.75,15491.75,15218.0,15353.25
2023-08-10,15442.25,15136.0,15218.75,15239.75,15432.5,15146.5,15218.75
2023-08-11,15266.75,15037.25,15240.0,15103.75,15442.25,15136.0,15239.75
2023-08-13,15146.25,15100.25,15104.0,15138.0,15266.75,15037.25,15103.75
2023-08-14,15316.25,15020.75,15138.0,15300.75,15146.25,15100.25,15138.0
2023-08-15,15335.0,15074.75,15300.75,15121.75,15316.25,15020.75,15300.75
2023-08-16,15166.0,14921.5,15122.5,14930.5,15335.0,15074.75,15121.75
2023-08-17,15018.25,14731.5,14929.75,14754.75,15166.0,14921.5,14930.5
2023-08-18,14802.75,14609.25,14754.25,14744.0,15018.25,14731.5,14754.75
2023-08-20,14788.0,14752.0,14762.5,14779.0,14802.75,14609.25,14744.0
2023-08-21,15013.75,14720.5,14779.0,14954.5,14788.0,14752.0,14779.0
2023-08-22,15118.25,14932.0,14954.25,14964.5,15013.75,14720.5,14954.5
2023-08-23,15356.75,14957.25,14964.5,15334.75,15118.25,14932.0,14964.5
2023-08-24,15418.0,14817.0,15334.75,14852.5,15356.75,14957.25,15334.75
2023-08-25,15048.75,14751.75,14853.0,14972.25,15418.0,14817.0,14852.5
2023-08-27,15029.75,14986.0,14991.0,15010.25,15048.75,14751.75,14972.25
2023-08-28,15126.5,14973.5,15010.25,15096.75,15029.75,14986.0,15010.25
2023-08-29,15443.75,15049.75,15096.5,15434.5,15126.5,14973.5,15096.75
2023-08-30,15522.75,15361.5,15434.5,15502.75,15443.75,15049.75,15434.5
2023-08-31,15606.75,15460.0,15503.0,15536.5,15522.75,15361.5,15502.75
2023-09-01,15661.25,15454.0,15537.0,15511.25,15606.75,15460.0,15536.5
2023-09-03,15525.75,15500.5,15517.0,15516.5,15661.25,15454.0,15511.25
2023-09-04,15578.75,15511.0,15516.75,15526.0,15525.75,15500.5,15516.5
2023-09-05,15586.75,15418.25,15525.75,15521.75,15578.75,15511.0,15526.0
2023-09-06,15533.0,15310.5,15522.0,15390.5,15586.75,15418.25,15521.75
2023-09-07,15395.75,15157.5,15390.25,15280.75,15533.0,15310.5,15390.5
2023-09-08,15390.75,15223.0,15281.0,15313.0,15395.75,15157.5,15280.75
2023-09-10,15325.25,15298.75,15308.0,15322.25,15390.75,15223.0,15313.0
2023-09-11,15696.0,15492.75,15520.0,15658.5,15325.25,15298.75,15322.25
2023-09-12,15680.0,15483.75,15658.25,15505.75,15696.0,15492.75,15658.5
2023-09-13,15619.75,15406.0,15505.5,15579.5,15680.0,15483.75,15505.75
2023-09-14,15714.5,15531.0,15579.25,15677.25,15619.75,15406.0,15579.5
2023-09-15,15719.75,15356.75,15677.75,15383.0,15714.5,15531.0,15677.25
2023-09-17,15415.0,15379.5,15382.25,15413.0,15719.75,15356.75,15383.0
2023-09-18,15461.0,15330.5,15413.25,15424.5,15415.0,15379.5,15413.0
2023-09-19,15442.25,15248.5,15424.75,15384.0,15461.0,15330.5,15424.5
2023-09-20,15436.25,15109.0,15383.75,15114.0,15442.25,15248.5,15384.0
2023-09-21,15134.75,14841.0,15113.75,14851.25,15436.25,15109.0,15114.0
2023-09-22,15027.5,14836.25,14851.5,14876.25,15134.75,14841.0,14851.25
2023-09-24,14915.0,14880.25,14880.25,14898.5,15027.5,14836.25,14876.25
2023-09-25,14955.75,14782.25,14897.75,14931.75,14915.0,14880.25,14898.5
2023-09-26,14933.25,14666.25,14931.75,14739.0,14955.75,14782.25,14931.75
2023-09-27,14821.5,14586.0,14738.5,14774.75,14933.25,14666.25,14739.0
2023-09-28,14947.5,14658.0,14774.5,14867.5,14821.5,14586.0,14774.75
2023-09-29,15060.75,14811.0,14867.75,14891.5,14947.5,14658.0,14867.5
2023-10-01,15010.0,14934.25,14965.0,14953.25,15060.75,14811.0,14891.5
2023-10-02,15046.0,14826.0,14953.5,14994.0,15010.0,14934.25,14953.25
2023-10-03,15031.0,14651.5,14994.0,14716.25,15046.0,14826.0,14994.0
2023-10-04,14956.0,14589.0,14716.5,14914.25,15031.0,14651.5,14716.25
2023-10-05,14958.75,14716.25,14914.25,14852.0,14956.0,14589.0,14914.25
2023-10-06,15160.25,14660.0,14852.0,15139.5,14958.75,14716.25,14852.0
2023-10-08,15040.5,14991.75,15040.25,15027.75,15160.25,14660.0,15139.5
2023-10-09,15212.75,14949.5,15028.0,15200.0,15040.5,14991.75,15027.75
2023-10-10,15383.5,15171.75,15199.5,15287.5,15212.75,14949.5,15200.0
2023-10-11,15416.75,15253.0,15287.75,15415.0,15383.5,15171.75,15287.5
2023-10-12,15468.75,15216.25,15414.75,15330.0,15416.75,15253.0,15415.0
2023-10-13,15366.75,15062.25,15330.5,15107.5,15468.75,15216.25,15330.0
2023-10-15,15166.5,15120.0,15120.0,15166.25,15366.75,15062.25,15107.5
2023-10-16,15336.75,15083.0,15166.25,15290.25,15166.5,15120.0,15166.25
2023-10-17,15309.25,15050.25,15290.5,15211.5,15336.75,15083.0,15290.25
2023-10-18,15228.5,14979.25,15210.0,15037.5,15309.25,15050.25,15211.5
2023-10-19,15138.25,14821.0,15038.0,14843.5,15228.5,14979.25,15037.5
2023-10-20,14887.5,14645.0,14843.5,14649.0,15138.25,14821.0,14843.5
2023-10-22,14710.75,14662.5,14680.0,14709.75,14887.5,14645.0,14649.0
2023-10-23,14853.75,14514.25,14709.75,14762.75,14710.75,14662.5,14709.75
2023-10-24,14948.75,14706.0,14761.75,14815.0,14853.75,14514.25,14762.75
2023-10-25,14816.75,14332.0,14815.0,14350.25,14948.75,14706.0,14815.0
2023-10-26,14459.0,14140.25,14350.0,14315.25,14816.75,14332.0,14350.25
2023-10-27,14407.75,14209.75,14314.75,14270.0,14459.0,14140.25,14315.25
2023-10-29,14345.5,14303.0,14336.0,14332.0,14407.75,14209.75,14270.0
2023-10-30,14476.5,14306.25,14332.0,14398.5,14345.5,14303.0,14332.0
2023-10-31,14503.75,14311.25,14398.0,14453.25,14476.5,14306.25,14398.5
2023-11-01,14796.0,14410.75,14453.0,14792.75,14503.75,14311.25,14453.25
2023-11-02,15017.25,14777.0,14792.75,14943.25,14796.0,14410.75,14792.75
2023-11-03,15228.5,14931.5,14944.0,15186.25,15017.25,14777.0,14943.25
2023-11-05,15202.5,15172.0,15187.0,15175.75,15228.5,14931.5,15186.25
2023-11-06,15257.5,15138.0,15175.75,15208.75,15202.5,15172.0,15175.75
2023-11-07,15412.25,15176.0,15208.75,15368.5,15257.5,15138.0,15208.75
2023-11-08,15417.5,15286.75,15368.5,15358.0,15412.25,15176.0,15368.5
2023-11-09,15453.75,15223.75,15357.75,15232.75,15417.5,15286.75,15358.0
2023-11-10,15612.75,15207.25,15232.5,15583.0,15453.75,15223.75,15232.75
2023-11-12,15601.25,15548.0,15586.25,15561.0,15612.75,15207.25,15583.0
2023-11-13,15589.5,15465.25,15560.75,15558.25,15601.25,15548.0,15561.0
2023-11-14,15918.75,15552.0,15558.25,15904.75,15589.5,15465.25,15558.25
2023-11-15,16049.5,15832.25,15905.0,15864.75,15918.75,15552.0,15904.75
2023-11-16,15906.75,15796.75,15864.75,15885.75,16049.5,15832.25,15864.75
2023-11-17,15940.0,15825.0,15886.0,15874.25,15906.75,15796.75,15885.75
2023-11-19,15903.75,15848.25,15895.0,15864.25,15940.0,15825.0,15874.25
2023-11-20,16116.75,15837.25,15864.25,16101.0,15903.75,15848.25,15864.25
2023-11-21,16122.5,15912.0,16100.5,15954.75,16116.75,15837.25,16101.0
2023-11-22,16173.5,15942.75,15954.5,16045.5,16122.5,15912.0,15954.75
2023-11-23,16086.5,16038.5,16045.75,16065.0,16173.5,15942.75,16045.5
2023-11-24,16071.5,15981.75,16064.5,16011.0,16086.5,16038.5,16065.0
2023-11-26,16009.0,15982.75,16008.0,15986.5,16071.5,15981.75,16011.0
2023-11-27,16089.25,15938.75,15986.75,16009.5,16009.0,15982.75,15986.5
2023-11-28,16071.5,15945.25,16009.75,16053.0,16089.25,15938.75,16009.5
2023-11-29,16208.5,16013.5,16052.5,16047.0,16071.5,15945.25,16053.0
2023-11-30,16098.5,15856.0,16047.25,15964.0,16208.5,16013.5,16047.0
2023-12-01,16050.0,15864.0,15964.25,16030.25,16098.5,15856.0,15964.0
2023-12-03,16026.0,15988.25,16022.0,15991.75,16050.0,15864.0,16030.25
2023-12-04,16003.5,15721.25,15992.0,15849.75,16026.0,15988.25,15991.75
2023-12-05,15961.0,15761.25,15849.75,15928.25,16003.5,15721.25,15849.75
2023-12-06,16037.75,15800.75,15927.75,15817.0,15961.0,15761.25,15928.25
2023-12-07,16066.0,15791.0,15816.25,16019.5,16037.75,15800.75,15817.0
2023-12-08,16118.75,15888.25,16020.0,16094.0,16066.0,15791.0,16019.5
2023-12-10,16114.5,16082.25,16093.0,16104.25,16118.75,15888.25,16094.0
2023-12-11,16460.0,16256.25,16313.5,16454.25,16114.5,16082.25,16104.25
2023-12-12,16613.25,16396.5,16454.5,16609.5,16460.0,16256.25,16454.25
2023-12-13,16817.75,16576.0,16609.25,16816.25,16613.25,16396.5,16609.5
2023-12-14,16885.0,16628.0,16816.0,16760.75,16817.75,16576.0,16816.25
2023-12-15,16887.25,16747.25,16761.0,16815.0,16885.0,16628.0,16760.75
2023-12-17,16846.0,16802.25,16820.25,16823.5,16887.25,16747.25,16815.0
2023-12-18,16974.0,16808.0,16823.5,16924.75,16846.0,16802.25,16823.5
2023-12-19,17033.25,16910.75,16924.25,17027.5,16974.0,16808.0,16924.75
2023-12-20,17073.5,16758.5,17027.5,16811.75,17033.25,16910.75,17027.5
2023-12-21,16970.25,16800.75,16811.5,16942.0,17073.5,16758.5,16811.75
2023-12-22,17041.5,16891.5,16941.75,16962.5,16970.25,16800.75,16942.0
2023-12-25,17011.0,16964.5,16964.5,17004.0,17041.5,16891.5,16962.5
2023-12-26,17111.25,16984.75,17003.5,17089.0,17011.0,16964.5,17004.0
2023-12-27,17133.0,17055.5,17089.5,17121.5,17111.25,16984.75,17089.0
2023-12-28,17165.25,17077.75,17121.75,17100.5,17133.0,17055.5,17121.5
2023-12-29,17131.0,16938.25,17100.5,17003.75,17165.25,17077.75,17100.5
2024-01-01,17037.0,17013.75,17019.0,17029.5,17131.0,16938.25,17003.75
2024-01-02,17038.5,16622.5,17030.0,16724.75,17037.0,17013.75,17029.5
2024-01-03,16729.5,16522.0,16724.5,16549.5,17038.5,16622.5,16724.75
2024-01-04,16587.25,16436.0,16549.25,16456.5,16729.5,16522.0,16549.5
2024-01-05,16577.25,16334.25,16456.5,16465.0,16587.25,16436.0,16456.5
2024-01-07,16490.0,16458.75,16470.0,16482.75,16577.25,16334.25,16465.0
2024-01-08,16811.25,16378.25,16482.25,16785.25,16490.0,16458.75,16482.75
2024-01-09,16868.5,16657.75,16785.25,16837.75,16811.25,16378.25,16785.25
2024-01-10,16983.0,16801.5,16838.0,16960.75,16868.5,16657.75,16837.75
2024-01-11,17057.0,16753.0,16960.5,16951.75,16983.0,16801.5,16960.75
2024-01-12,17042.5,16866.5,16951.5,16955.25,17057.0,16753.0,16951.75
2024-01-14,16964.0,16938.75,16961.75,16945.25,17042.5,16866.5,16955.25
2024-01-15,17024.25,16933.5,16945.5,16935.25,16964.0,16938.75,16945.25
2024-01-16,17033.75,16811.75,16935.75,16979.5,17024.25,16933.5,16935.25
2024-01-17,16981.25,16689.25,16979.25,16853.75,17033.75,16811.75,16979.5
2024-01-18,17152.0,16839.25,16854.25,17149.25,16981.25,16689.25,16853.75
2024-01-19,17471.25,17131.25,17149.0,17462.75,17152.0,16839.25,17149.25
2024-01-21,17499.5,17466.0,17466.0,17484.0,17471.25,17131.25,17462.75
2024-01-22,17585.0,17434.0,17484.5,17464.5,17499.5,17466.0,17484.0
2024-01-23,17577.75,17409.5,17464.25,17576.25,17585.0,17434.0,17464.5
2024-01-24,17793.5,17568.75,17575.75,17616.75,17577.75,17409.5,17576.25
2024-01-25,17752.0,17530.5,17616.5,17542.5,17793.5,17568.75,17616.75
2024-01-26,17632.0,17466.0,17542.75,17504.75,17752.0,17530.5,17542.5
2024-01-28,17502.0,17457.5,17502.0,17479.75,17632.0,17466.0,17504.75
2024-01-29,17732.75,17479.25,17480.0,17722.0,17502.0,17457.5,17479.75
2024-01-30,17735.75,17410.0,17721.75,17448.25,17732.75,17479.25,17722.0
2024-01-31,17484.0,17221.5,17448.0,17282.75,17735.75,17410.0,17448.25
2024-02-01,17646.75,17262.75,17282.5,17593.5,17484.0,17221.5,17282.75
2024-02-02,17775.5,17465.5,17593.0,17687.0,17646.75,17262.75,17593.5
2024-02-04,17723.0,17690.75,17696.0,17707.5,17775.5,17465.5,17687.0
2024-02-05,17745.5,17554.25,17706.75,17696.5,17723.0,17690.75,17707.5
2024-02-06,17769.0,17560.75,17696.5,17652.25,17745.5,17554.25,17696.5
2024-02-07,17875.5,17629.75,17652.75,17842.75,17769.0,17560.75,17652.25
2024-02-08,17896.5,17792.25,17842.25,17867.25,17875.5,17629.75,17842.75
2024-02-09,18071.0,17852.25,17867.0,18038.25,17896.5,17792.25,17867.25
2024-02-11,18043.75,18003.0,18040.0,18034.25,18071.0,17852.25,18038.25
2024-02-12,18121.5,17911.25,18034.75,17938.25,18043.75,18003.0,18034.25
2024-02-13,17963.25,17542.0,17938.0,17691.0,18121.5,17911.25,17938.25
2024-02-14,17887.0,17669.25,17690.5,17879.0,17963.25,17542.0,17691.0
2024-02-15,17968.25,17780.5,17878.5,17952.5,17887.0,17669.25,17879.0
2024-02-16,18026.0,17715.0,17952.5,17721.5,17968.25,17780.5,17952.5
2024-02-18,17792.75,17726.25,17729.25,17777.0,18026.0,17715.0,17721.5
2024-02-19,17807.5,17738.75,17777.75,17748.25,17792.75,17726.25,17777.0
2024-02-20,17753.0,17452.5,17747.75,17568.25,17807.5,17738.75,17748.25
2024-02-21,17723.0,17372.75,17568.75,17703.5,17753.0,17452.5,17568.25
2024-02-22,18087.0,17702.25,17703.5,18041.25,17723.0,17372.75,17703.5
2024-02-23,18144.75,17946.0,18040.5,17960.75,18087.0,17702.25,18041.25
2024-02-25,17988.25,17942.5,17961.5,17982.5,18144.75,17946.0,17960.75
2024-02-26,18059.5,17922.0,17982.25,17963.25,17988.25,17942.5,17982.5
2024-02-27,18040.25,17908.75,17963.0,18005.0,18059.5,17922.0,17963.25
2024-02-28,18017.0,17846.25,18005.25,17869.75,18040.25,17908.75,18005.0
2024-02-29,18109.5,17826.0,17869.75,18059.5,18017.0,17846.25,17869.75
2024-03-01,18372.75,18029.5,18060.0,18321.0,18109.5,17826.0,18059.5
2024-03-03,18365.5,18327.75,18336.0,18343.0,18372.75,18029.5,18321.0
2024-03-04,18377.75,18217.0,18344.5,18223.5,18365.5,18327.75,18343.0
2024-03-05,18238.75,17832.5,18223.0,17962.5,18377.75,18217.0,18223.5
2024-03-06,18174.25,17942.5,17962.25,18018.25,18238.75,17832.5,17962.5
2024-03-07,18360.0,17915.75,18018.75,18266.0,18174.25,17942.5,18018.25
2024-03-08,18436.5,18012.5,18266.5,18056.0,18360.0,17915.75,18266.0
2024-03-10,18068.25,17975.25,18056.0,18042.5,18436.5,18012.5,18056.0
2024-03-11,18304.0,18138.0,18290.0,18294.0,18068.25,17975.25,18042.5
2024-03-12,18491.0,18174.0,18293.5,18478.25,18304.0,18138.0,18294.0
2024-03-13,18506.75,18281.75,18478.5,18372.5,18491.0,18174.0,18478.25
2024-03-14,18428.25,18161.25,18373.25,18238.5,18506.75,18281.75,18372.5
2024-03-15,18322.75,18006.25,18238.25,18063.5,18428.25,18161.25,18238.5
2024-03-17,18103.0,18062.25,18073.5,18079.25,18322.75,18006.25,18063.5
2024-03-18,18381.0,18063.5,18079.0,18192.0,18103.0,18062.25,18079.25
2024-03-19,18289.25,18053.25,18192.0,18268.5,18381.0,18063.5,18192.0
2024-03-20,18589.0,18227.5,18268.5,18578.5,18289.25,18053.25,18268.5
2024-03-21,18709.0,18552.5,18578.25,18588.75,18589.0,18227.5,18578.5
2024-03-22,18626.0,18492.0,18588.75,18563.75,18709.0,18552.5,18588.75
2024-03-24,18588.0,18552.75,18567.0,18585.5,18626.0,18492.0,18563.75
2024-03-25,18601.25,18414.75,18586.25,18541.0,18588.0,18552.75,18585.5
2024-03-26,18619.0,18439.25,18540.25,18489.75,18601.25,18414.75,18541.0
2024-03-27,18571.75,18378.5,18489.5,18480.25,18619.0,18439.25,18489.75
2024-03-28,18538.75,18447.5,18480.25,18465.0,18571.75,18378.5,18480.25
2024-03-31,18612.0,18500.5,18503.0,18608.5,18538.75,18447.5,18465.0
2024-04-01,18611.0,18414.5,18608.75,18470.25,18612.0,18500.5,18608.5
2024-04-02,18511.0,18201.5,18470.5,18328.5,18611.0,18414.5,18470.25
2024-04-03,18485.0,18232.5,18327.75,18446.5,18511.0,18201.5,18328.5
2024-04-04,18568.0,18055.25,18445.5,18091.5,18485.0,18232.5,18446.5
2024-04-05,18408.25,18051.5,18091.75,18311.0,18568.0,18055.25,18091.5
2024-04-07,18372.25,18305.5,18348.25,18318.5,18408.25,18051.5,18311.0
2024-04-08,18376.0,18237.5,18319.5,18302.25,18372.25,18305.5,18318.5
2024-04-09,18407.25,18160.75,18301.5,18368.5,18376.0,18237.5,18302.25
2024-04-10,18474.25,18053.5,18369.0,18158.75,18407.25,18160.75,18368.5
2024-04-11,18518.75,18088.0,18159.25,18490.0,18474.25,18053.5,18158.75
2024-04-12,18507.75,18120.25,18491.0,18172.5,18518.75,18088.0,18490.0
2024-04-14,18255.0,18146.75,18151.0,18237.5,18507.75,18120.25,18172.5
2024-04-15,18350.75,17841.5,18237.5,17870.75,18255.0,18146.75,18237.5
2024-04-16,17988.0,17792.0,17872.0,17935.75,18350.75,17841.5,17870.75
2024-04-17,17968.5,17615.25,17936.25,17685.5,17988.0,17792.0,17935.75
2024-04-18,17770.75,17474.25,17686.0,17489.5,17968.5,17615.25,17685.5
2024-04-19,17553.25,17113.25,17489.5,17179.25,17770.75,17474.25,17489.5
2024-04-21,17273.0,17195.75,17228.25,17269.75,17553.25,17113.25,17179.25
2024-04-22,17448.0,17148.5,17269.75,17322.5,17273.0,17195.75,17269.75
2024-04-23,17717.25,17291.5,17322.25,17700.25,17448.0,17148.5,17322.5
2024-04-24,17795.5,17437.5,17700.0,17463.75,17717.25,17291.5,17700.25
2024-04-25,17827.5,17308.25,17464.0,17759.5,17795.5,17437.5,17463.75
2024-04-26,17901.5,17668.25,17759.25,17836.75,17827.5,17308.25,17759.5
2024-04-28,17890.0,17853.25,17864.75,17886.5,17901.5,17668.25,17836.75
2024-04-29,17949.0,17791.25,17886.5,17909.0,17890.0,17853.25,17886.5
2024-04-30,17920.25,17453.75,17908.75,17507.0,17949.0,17791.25,17909.0
2024-05-01,17793.25,17399.25,17508.0,17530.0,17920.25,17453.75,17507.0
2024-05-02,17808.25,17386.25,17530.25,17754.5,17793.25,17399.25,17530.0
2024-05-03,18050.25,17719.5,17753.75,18025.5,17808.25,17386.25,17754.5
2024-05-05,18063.75,18000.75,18047.5,18005.0,18050.25,17719.5,18025.5
2024-05-06,18201.25,17983.75,18005.0,18184.25,18063.75,18000.75,18005.0
2024-05-07,18266.25,18151.0,18184.0,18204.5,18201.25,17983.75,18184.25
2024-05-08,18242.25,18072.5,18204.5,18161.5,18266.25,18151.0,18204.5
2024-05-09,18244.75,18103.75,18162.0,18231.0,18242.25,18072.5,18161.5
2024-05-10,18348.0,18188.5,18231.25,18239.25,18244.75,18103.75,18231.0
2024-05-12,18254.75,18228.75,18238.0,18245.75,18348.0,18188.5,18239.25
2024-05-13,18336.25,18235.0,18245.5,18283.75,18254.75,18228.75,18245.75
2024-05-14,18433.0,18165.5,18284.0,18417.25,18336.25,18235.0,18283.75
2024-05-15,18727.75,18393.0,18417.0,18721.0,18433.0,18165.5,18417.25
2024-05-16,18760.75,18633.25,18721.25,18651.0,18727.75,18393.0,18721.0
2024-05-17,18686.75,18545.0,18651.25,18633.75,18760.75,18633.25,18651.0
2024-05-19,18671.25,18633.0,18633.5,18666.75,18686.75,18545.0,18633.75
2024-05-20,18794.5,18635.25,18667.75,18751.75,18671.25,18633.0,18666.75
2024-05-21,18815.75,18678.0,18751.5,18813.5,18794.5,18635.25,18751.75
2024-05-22,18891.0,18684.25,18813.5,18875.0,18815.75,18678.0,18813.5
2024-05-23,19023.25,18621.5,18875.5,18700.5,18891.0,18684.25,18875.0
2024-05-24,18926.0,18682.75,18700.0,18870.75,19023.25,18621.5,18700.5
2024-05-26,18886.5,18836.25,18874.75,18836.5,18926.0,18682.75,18870.75
2024-05-27,18956.0,18833.5,18836.75,18907.75,18886.5,18836.25,18836.5
2024-05-28,18980.5,18819.5,18907.75,18930.0,18956.0,18833.5,18907.75
2024-05-29,18935.0,18705.0,18930.25,18723.5,18980.5,18819.5,18930.0
2024-05-30,18787.0,18546.25,18723.5,18558.75,18935.0,18705.0,18723.5
2024-05-31,18668.25,18241.25,18558.5,18570.75,18787.0,18546.25,18558.75
2024-06-02,18599.0,18539.25,18590.25,18592.0,18668.25,18241.25,18570.75
2024-06-03,18755.5,18435.75,18591.75,18650.5,18599.0,18539.25,18592.0
2024-06-04,18753.25,18511.25,18650.0,18737.5,18755.5,18435.75,18650.5
2024-06-05,19108.0,18703.0,18737.75,19091.0,18753.25,18511.25,18737.5
2024-06-06,19124.5,19017.25,19091.25,19075.0,19108.0,18703.0,19091.0
2024-06-07,19155.0,18940.0,19075.25,19030.25,19124.5,19017.25,19075.0
2024-06-09,19059.75,19009.0,19025.0,19027.0,19155.0,18940.0,19030.25
2024-06-10,19129.75,18974.25,19027.5,19085.0,19059.75,19009.0,19027.0
2024-06-11,19269.75,18994.5,19084.25,19256.5,19129.75,18974.25,19085.0
2024-06-12,19612.25,19238.0,19256.75,19600.5,19269.75,18994.5,19256.5
2024-06-13,19691.0,19500.0,19600.0,19618.75,19612.25,19238.0,19600.5
2024-06-14,19699.5,19501.5,19619.0,19696.25,19691.0,19500.0,19618.75
2024-06-16,19725.5,19670.0,19695.0,19711.25,19699.5,19501.5,19696.25
2024-06-17,20271.25,19904.0,19972.5,20204.5,19725.5,19670.0,19711.25
2024-06-18,20270.5,20127.0,20204.5,20223.75,20271.25,19904.0,20204.5
2024-06-19,20252.5,20208.75,20223.25,20236.0,20270.5,20127.0,20223.75
2024-06-20,20371.0,19958.25,20236.0,20070.25,20252.5,20208.75,20236.0
2024-06-21,20086.0,19914.25,20069.25,20009.75,20371.0,19958.25,20070.25
2024-06-23,20030.25,20000.5,20014.75,20008.75,20086.0,19914.25,20009.75
2024-06-24,20030.0,19728.0,20008.75,19771.75,20030.25,20000.5,20008.75
2024-06-25,19987.75,19726.0,19771.75,19966.25,20030.0,19728.0,19771.75
2024-06-26,20070.5,19901.0,19966.75,19918.75,19987.75,19726.0,19966.25
2024-06-27,20116.75,19874.25,19918.75,20095.0,20070.5,19901.0,19918.75
2024-06-28,20273.25,19906.25,20096.0,19966.5,20116.75,19874.25,20095.0
2024-06-30,19984.5,19934.25,19970.0,19946.0,20273.25,19906.25,19966.5
2024-07-01,20074.0,19811.75,19946.25,20019.5,19984.5,19934.25,19946.0
2024-07-02,20259.25,19910.0,20019.5,20237.25,20074.0,19811.75,20019.5
2024-07-03,20435.25,20205.0,20237.75,20402.75,20259.25,19910.0,20237.25
2024-07-04,20417.25,20361.0,20403.0,20390.5,20435.25,20205.0,20402.75
2024-07-05,20639.5,20373.0,20391.0,20591.5,20417.25,20361.0,20390.5
2024-07-07,20618.0,20581.25,20591.5,20590.75,20639.5,20373.0,20591.5
2024-07-08,20740.0,20579.25,20590.5,20738.5,20618.0,20581.25,20590.75
2024-07-09,20771.75,20615.75,20738.0,20697.75,20740.0,20579.25,20738.5
2024-07-10,20916.75,20696.25,20697.5,20881.25,20771.75,20615.75,20697.75
2024-07-11,20983.75,20377.25,20881.25,20414.5,20916.75,20696.25,20881.25
2024-07-12,20741.0,20335.0,20415.0,20539.75,20983.75,20377.25,20414.5
2024-07-14,20590.0,20508.0,20580.0,20560.0,20741.0,20335.0,20539.75
2024-07-15,20797.0,20506.25,20560.75,20631.75,20590.0,20508.0,20560.0
2024-07-16,20684.5,20464.5,20632.0,20565.25,20797.0,20506.25,20631.75
2024-07-17,20579.25,19965.75,20565.5,20058.5,20684.5,20464.5,20565.25
2024-07-18,20162.5,19758.75,20058.0,19945.75,20579.25,19965.75,20058.5
2024-07-19,19979.75,19654.0,19945.75,19701.5,20162.5,19758.75,19945.75
2024-07-21,19842.0,19727.25,19749.0,19817.0,19979.75,19654.0,19701.5
2024-07-22,20044.75,19718.75,19816.75,19954.75,19842.0,19727.25,19817.0
2024-07-23,20084.75,19786.25,19955.25,19792.25,20044.75,19718.75,19954.75
2024-07-24,19838.25,19168.75,19792.75,19271.25,20084.75,19786.25,19792.25
2024-07-25,19390.5,18883.25,19270.75,19023.5,19838.25,19168.75,19271.25
2024-07-26,19297.75,19018.75,19022.25,19175.75,19390.5,18883.25,19023.5
2024-07-28,19253.75,19167.75,19171.75,19241.0,19297.75,19018.75,19175.75
2024-07-29,19377.25,19113.25,19242.5,19132.75,19253.75,19167.75,19241.0
2024-07-30,19319.75,18725.0,19132.25,19060.75,19377.25,19113.25,19132.75
2024-07-31,19686.25,19015.5,19060.25,19674.5,19319.75,18725.0,19060.75
2024-08-01,19717.0,18841.75,19674.5,18913.5,19686.25,19015.5,19674.5
2024-08-02,18934.0,18385.75,18913.0,18513.25,19717.0,18841.75,18913.5
2024-08-04,18390.0,18213.5,18390.0,18262.75,18934.0,18385.75,18513.25
2024-08-05,18289.0,17351.0,18263.0,18284.5,18390.0,18213.5,18262.75
2024-08-06,18483.25,17966.0,18287.75,18055.75,18289.0,17351.0,18284.5
2024-08-07,18558.5,17741.75,18054.5,17843.25,18483.25,17966.0,18055.75
2024-08-08,18617.0,17825.0,17846.5,18602.0,18558.5,17741.75,17843.25
2024-08-09,18674.5,18383.0,18599.75,18602.5,18617.0,17825.0,18602.0
2024-08-11,18659.0,18515.0,18590.0,18626.75,18674.5,18383.0,18602.5
2024-08-12,18765.25,18523.5,18629.0,18654.75,18659.0,18515.0,18626.75
2024-08-13,19128.0,18637.0,18654.25,19116.75,18765.25,18523.5,18654.75
2024-08-14,19203.5,18925.5,19117.25,19106.5,19128.0,18637.0,19116.75
2024-08-15,19640.75,19104.75,19108.5,19613.5,19203.5,18925.5,19106.5
2024-08-16,19683.0,19447.5,19614.0,19604.0,19640.75,19104.75,19613.5
2024-08-18,19673.75,19614.5,19629.0,19647.75,19683.0,19447.5,19604.0
2024-08-19,19883.0,19525.25,19649.0,19860.0,19673.75,19614.5,19647.75
2024-08-20,19931.0,19743.0,19861.5,19790.0,19883.0,19525.25,19860.0
2024-08-21,19981.75,19771.5,19789.75,19936.25,19931.0,19743.0,19790.0
2024-08-22,20025.25,19542.0,19936.0,19638.25,19981.75,19771.5,19936.25
2024-08-23,19904.25,19591.75,19638.75,19776.75,20025.25,19542.0,19638.25
2024-08-25,19832.5,19716.25,19787.75,19762.75,19904.25,19591.75,19776.75
2024-08-26,19846.25,19505.5,19764.0,19570.75,19832.5,19716.25,19762.75
2024-08-27,19694.25,19441.5,19570.75,19587.0,19846.25,19505.5,19570.75
2024-08-28,19691.0,19140.25,19587.75,19194.5,19694.25,19441.5,19587.0
2024-08-29,19693.5,19191.5,19193.5,19430.5,19691.0,19140.25,19194.5
2024-08-30,19632.75,19370.5,19430.25,19594.5,19693.5,19191.5,19430.5
2024-09-01,19628.0,19569.0,19599.0,19586.25,19632.75,19370.5,19594.5
2024-09-02,19683.0,19511.0,19586.25,19580.0,19628.0,19569.0,19586.25
2024-09-03,19644.75,18911.0,19580.75,18957.5,19683.0,19511.0,19580.0
2024-09-04,19114.75,18825.75,18958.0,18930.25,19644.75,18911.0,18957.5
2024-09-05,19150.5,18827.25,18930.75,18912.25,19114.75,18825.75,18930.25
2024-09-06,18972.25,18339.75,18910.25,18377.5,19150.5,18827.25,18912.25
2024-09-08,18461.75,18386.0,18400.0,18444.5,18972.25,18339.75,18377.5
2024-09-09,18741.0,18442.5,18448.0,18713.75,18461.75,18386.0,18444.5
2024-09-10,18878.5,18582.25,18711.75,18836.75,18741.0,18442.5,18713.75
2024-09-11,19293.5,18547.0,18837.5,19244.0,18878.5,18582.25,18836.75
2024-09-12,19483.5,19185.0,19244.5,19453.75,19293.5,18547.0,19244.0
2024-09-13,19577.25,19398.25,19454.25,19503.5,19483.5,19185.0,19453.75
2024-09-15,19546.5,19479.0,19498.0,19539.0,19577.25,19398.25,19503.5
2024-09-16,19781.5,19529.0,19777.25,19672.75,19546.5,19479.0,19539.0
2024-09-17,19850.25,19574.5,19673.25,19706.25,19781.5,19529.0,19672.75
2024-09-18,19900.0,19558.0,19705.75,19763.0,19850.25,19574.5,19706.25
2024-09-19,20203.0,19678.0,19764.0,20048.75,19900.0,19558.0,19763.0
2024-09-20,20084.0,19860.0,20047.5,20015.5,20203.0,19678.0,20048.75
2024-09-22,20066.5,19996.25,20040.0,20062.25,20084.0,19860.0,20015.5
2024-09-23,20164.0,19955.25,20063.0,20069.0,20066.5,19996.25,20062.25
2024-09-24,20214.75,19953.0,20068.25,20179.75,20164.0,19955.25,20069.0
2024-09-25,20284.0,20064.25,20180.25,20277.25,20214.75,19953.0,20179.75
2024-09-26,20538.0,20188.0,20276.75,20343.75,20284.0,20064.25,20277.25
2024-09-27,20395.75,20173.0,20344.25,20193.0,20538.0,20188.0,20343.75
2024-09-29,20282.5,20158.0,20198.5,20273.75,20395.75,20173.0,20193.0
2024-09-30,20287.0,20056.0,20276.25,20247.0,20282.5,20158.0,20273.75
2024-10-01,20331.75,19818.0,20247.0,19932.75,20287.0,20056.0,20247.0
2024-10-02,20090.25,19833.5,19933.25,20055.25,20331.75,19818.0,19932.75
2024-10-03,20113.75,19852.0,20054.5,19983.5,20090.25,19833.5,20055.25
2024-10-04,20263.75,19948.25,19982.5,20202.25,20113.75,19852.0,19983.5
2024-10-06,20267.25,20208.0,20220.0,20231.0,20263.75,19948.25,20202.25
2024-10-07,20263.75,19902.5,20230.0,19983.0,20267.25,20208.0,20231.0
2024-10-08,20329.5,19942.5,19984.0,20274.0,20263.75,19902.5,19983.0
2024-10-09,20482.75,20196.0,20274.5,20450.0,20329.5,19942.5,20274.0
2024-10-10,20508.25,20301.5,20450.75,20452.25,20482.75,20196.0,20450.0
2024-10-11,20494.25,20314.75,20452.25,20413.25,20508.25,20301.5,20452.25
2024-10-13,20450.75,20407.5,20432.5,20426.5,20494.25,20314.75,20413.25
2024-10-14,20680.0,20383.25,20427.25,20632.0,20450.75,20407.5,20426.5
2024-10-15,20659.25,20254.0,20632.0,20351.75,20680.0,20383.25,20632.0
2024-10-16,20398.5,20206.25,20352.0,20314.0,20659.25,20254.0,20351.75
2024-10-17,20594.75,20276.75,20313.25,20405.25,20398.5,20206.25,20314.0
2024-10-18,20529.75,20320.75,20406.0,20484.25,20594.75,20276.75,20405.25
2024-10-20,20526.0,20496.0,20496.25,20513.75,20529.75,20320.75,20484.25
2024-10-21,20554.5,20343.75,20514.5,20516.0,20526.0,20496.0,20513.75
2024-10-22,20602.25,20360.25,20516.0,20529.5,20554.5,20343.75,20516.0
2024-10-23,20542.5,20079.0,20530.5,20290.0,20602.25,20360.25,20529.5
2024-10-24,20428.5,20261.75,20290.25,20380.75,20542.5,20079.0,20290.0
2024-10-25,20707.25,20364.75,20381.75,20476.0,20428.5,20261.75,20380.75
2024-10-27,20622.25,20525.25,20525.5,20598.25,20707.25,20364.75,20476.0
2024-10-28,20676.5,20486.0,20597.75,20507.0,20622.25,20525.25,20598.25
2024-10-29,20763.0,20432.25,20508.0,20749.0,20676.5,20486.0,20507.0
2024-10-30,20788.5,20423.0,20748.75,20426.5,20763.0,20432.25,20749.0
2024-10-31,20463.75,20008.5,20425.0,20073.75,20788.5,20423.0,20426.5
2024-11-01,20288.0,20017.0,20074.0,20170.25,20463.75,20008.5,20073.75
2024-11-03,20158.0,20070.5,20138.0,20135.0,20288.0,20017.0,20170.25
2024-11-04,20248.5,20013.0,20135.0,20088.0,20158.0,20070.5,20135.0
2024-11-05,20385.5,20041.75,20087.5,20343.5,20248.5,20013.0,20088.0
2024-11-06,20935.25,20323.5,20343.0,20890.75,20385.5,20041.75,20343.5
2024-11-07,21253.0,20861.5,20891.5,21227.25,20935.25,20323.5,20890.75
2024-11-08,21265.0,21121.75,21227.0,21226.75,21253.0,20861.5,21227.25
2024-11-10,21320.0,21249.0,21249.75,21304.5,21265.0,21121.75,21226.75
2024-11-11,21340.75,21098.25,21304.0,21216.5,21320.0,21249.0,21304.5
2024-11-12,21251.75,21054.75,21215.25,21160.75,21340.75,21098.25,21216.5
2024-11-13,21268.5,21056.5,21161.5,21166.5,21251.75,21054.75,21160.75
2024-11-14,21190.25,20937.0,21166.5,20950.25,21268.5,21056.5,21166.5
2024-11-15,20956.5,20405.25,20949.75,20503.25,21190.25,20937.0,20950.25
2024-11-17,20568.75,20476.0,20504.0,20568.25,20956.5,20405.25,20503.25
2024-11-18,20724.25,20481.5,20567.5,20622.75,20568.75,20476.0,20568.25
2024-11-19,20792.5,20382.5,20623.25,20782.75,20724.25,20481.5,20622.75
2024-11-20,20843.25,20477.0,20783.0,20752.5,20792.5,20382.5,20782.75
2024-11-21,20905.75,20514.25,20753.75,20773.5,20843.25,20477.0,20752.5
2024-11-22,20880.0,20693.25,20774.0,20878.75,20905.75,20514.25,20773.5
2024-11-24,20954.25,20928.5,20935.0,20935.5,20880.0,20693.25,20878.75
2024-11-25,21081.0,20780.25,20935.75,20833.25,20954.25,20928.5,20935.5
2024-11-26,21024.75,20755.0,20835.0,20985.75,21081.0,20780.25,20833.25
2024-11-27,21019.0,20675.0,20986.75,20823.5,21024.75,20755.0,20985.75
2024-11-28,20909.5,20823.75,20825.75,20887.75,21019.0,20675.0,20823.5
2024-11-29,21017.5,20805.5,20887.5,20991.25,20909.5,20823.75,20887.75
2024-12-01,21004.0,20952.5,20995.25,20964.5,21017.5,20805.5,20991.25
2024-12-02,21259.75,20940.0,20966.0,21214.0,21004.0,20952.5,20964.5
2024-12-03,21336.5,21134.25,21215.25,21332.75,21259.75,20940.0,21214.0
2024-12-04,21548.5,21316.25,21333.0,21510.75,21336.5,21134.25,21332.75
2024-12-05,21567.25,21424.75,21510.0,21455.25,21548.5,21316.25,21510.75
2024-12-06,21669.25,21440.25,21455.75,21634.0,21567.25,21424.75,21455.25
2024-12-08,21670.75,21626.75,21649.0,21657.5,21669.25,21440.25,21634.0
2024-12-09,21706.25,21436.0,21657.25,21465.0,21670.75,21626.75,21657.5
2024-12-10,21606.75,21352.75,21465.0,21428.75,21706.25,21436.0,21465.0
2024-12-11,21820.0,21405.75,21428.0,21758.0,21606.75,21352.75,21428.75
2024-12-12,21772.5,21604.25,21758.0,21744.75,21820.0,21405.75,21758.0
2024-12-13,21908.0,21666.5,21744.25,21760.5,21772.5,21604.25,21744.75
2024-12-15,21800.0,21762.0,21780.25,21789.0,21908.0,21666.5,21760.5
2024-12-16,22152.5,21783.25,21790.0,22099.25,21800.0,21762.0,21789.0
2024-12-17,22425.75,22206.0,22396.0,22274.25,22152.5,21783.25,22099.25
2024-12-18,22387.75,21311.0,22274.25,21472.0,22425.75,22206.0,22274.25
2024-12-19,21697.75,21345.75,21472.25,21374.25,22387.75,21311.0,21472.0
2024-12-20,21812.25,21006.5,21375.0,21552.5,21697.75,21345.75,21374.25
2024-12-22,21683.0,21565.75,21566.0,21656.0,21812.25,21006.5,21552.5
2024-12-23,21776.75,21476.75,21657.25,21737.0,21683.0,21565.75,21656.0
2024-12-24,22049.75,21709.0,21737.75,22046.5,21776.75,21476.75,21737.0
2024-12-25,22084.5,22046.75,22049.5,22059.25,22049.75,21709.0,22046.5
2024-12-26,22111.25,21870.25,22058.75,22005.75,22084.5,22046.75,22059.25
2024-12-27,22008.0,21498.75,22006.0,21719.75,22111.25,21870.25,22005.75
2024-12-29,21742.75,21670.5,21711.0,21703.0,22008.0,21498.75,21719.75
2024-12-30,21721.75,21253.0,21701.0,21391.25,21742.75,21670.5,21703.0
2024-12-31,21524.75,21182.0,21392.0,21234.25,21721.75,21253.0,21391.25
2025-01-01,21320.5,21243.75,21269.0,21268.0,21524.75,21182.0,21234.25
2025-01-02,21490.5,20983.75,21266.5,21163.5,21320.5,21243.75,21268.0
2025-01-03,21559.25,21153.25,21162.75,21493.0,21490.5,20983.75,21163.5
2025-01-05,21544.75,21501.75,21532.25,21524.25,21559.25,21153.25,21493.0
2025-01-06,21896.75,21478.25,21525.75,21771.75,21544.75,21501.75,21524.25
2025-01-07,21806.0,21279.5,21770.25,21392.25,21896.75,21478.25,21771.75
2025-01-08,21448.25,21166.25,21393.5,21315.0,21806.0,21279.5,21392.25
2025-01-09,21347.25,21211.25,21316.5,21237.5,21448.25,21166.25,21315.0
2025-01-10,21372.5,20874.75,21237.0,20997.75,21347.25,21211.25,21237.5
2025-01-12,21027.75,20942.5,21027.5,21001.0,21372.5,20874.75,20997.75
2025-01-13,21088.5,20694.0,20997.0,21046.0,21027.75,20942.5,21001.0
2025-01-14,21143.75,20773.5,21046.25,20948.0,21088.5,20694.0,21046.0
2025-01-15,21452.75,20909.0,20947.75,21415.25,21143.75,20773.5,20948.0
2025-01-16,21567.25,21172.25,21415.25,21235.0,21452.75,20909.0,21415.25
2025-01-17,21682.5,21227.0,21233.5,21589.0,21567.25,21172.25,21235.0
2025-01-19,21618.0,21526.5,21600.0,21545.0,21682.5,21227.0,21589.0
2025-01-20,21778.75,21535.75,21546.0,21730.5,21618.0,21526.5,21545.0
2025-01-21,21820.25,21377.75,21731.75,21810.25,21778.75,21535.75,21730.5
2025-01-22,22093.5,21804.25,21810.25,21965.5,21820.25,21377.75,21810.25
2025-01-23,22050.5,21855.5,21965.5,22010.25,22093.5,21804.25,21965.5
2025-01-24,22078.25,21844.0,22011.25,21907.75,22050.5,21855.5,22010.25
2025-01-26,21771.0,21633.0,21771.0,21665.75,22078.25,21844.0,21907.75
2025-01-27,21673.25,20763.75,21665.5,21326.75,21771.0,21633.0,21665.75
2025-01-28,21626.0,21159.5,21327.0,21545.5,21673.25,20763.75,21326.75
2025-01-29,21697.0,21367.0,21546.0,21539.0,21626.0,21159.5,21545.5
2025-01-30,21748.75,21419.5,21538.5,21698.0,21697.0,21367.0,21539.0
2025-01-31,21966.0,21533.75,21698.0,21571.0,21748.75,21419.5,21698.0
2025-02-02,21200.0,20943.0,21200.0,21115.0,21966.0,21533.75,21571.0
2025-02-03,21600.0,20976.5,21114.0,21571.5,21200.0,20943.0,21115.0
2025-02-04,21694.0,21242.5,21571.25,21566.5,21600.0,20976.5,21571.5
2025-02-05,21795.0,21429.75,21568.25,21773.0,21694.0,21242.5,21566.5
2025-02-06,21882.25,21705.75,21772.25,21854.0,21795.0,21429.75,21773.0
2025-02-07,21968.0,21552.75,21853.0,21575.25,21882.25,21705.75,21854.0
2025-02-09,21657.0,21418.0,21463.25,21644.75,21968.0,21552.75,21575.25
2025-02-10,21894.0,21642.25,21645.25,21795.75,21657.0,21418.0,21644.75
2025-02-11,21871.5,21669.5,21796.0,21810.5,21894.0,21642.25,21795.75
2025-02-12,21898.5,21510.75,21810.5,21888.25,21871.5,21669.5,21810.5
2025-02-13,22124.0,21753.0,21888.0,22083.0,21898.5,21510.75,21888.25
2025-02-14,22225.0,22042.5,22084.75,22203.5,22124.0,21753.0,22083.0
2025-02-16,22237.75,22196.25,22235.75,22211.5,22225.0,22042.5,22203.5
2025-02-17,22281.75,22192.5,22211.25,22220.5,22237.75,22196.25,22211.5
2025-02-18,22319.75,22102.75,22220.0,22250.0,22281.75,22192.5,22220.5
2025-02-19,22299.75,22118.0,22250.5,22217.75,22319.75,22102.75,22250.0
2025-02-20,22230.0,21951.0,22217.75,22161.5,22299.75,22118.0,22217.75
2025-02-21,22245.5,21652.75,22161.0,21660.0,22230.0,21951.0,22161.5
2025-02-23,21774.5,21676.75,21700.75,21758.0,22245.5,21652.75,21660.0
2025-02-24,21813.0,21366.5,21758.25,21385.25,21774.5,21676.75,21758.0
2025-02-25,21453.75,20990.0,21385.5,21225.75,21813.0,21366.5,21385.25
2025-02-26,21409.25,21055.0,21225.0,21213.25,21453.75,20990.0,21225.75
2025-02-27,21386.5,20583.25,21213.25,20673.75,21409.25,21055.0,21213.25
2025-02-28,20944.25,20460.5,20672.5,20909.0,21386.5,20583.25,20673.75
2025-03-02,21036.25,20949.0,21005.25,20968.5,20944.25,20460.5,20909.0
2025-03-03,21121.0,20316.75,20969.5,20515.75,21036.25,20949.0,20968.5
2025-03-04,20732.5,20075.25,20514.75,20578.0,21121.0,20316.75,20515.75
2025-03-05,20725.0,20215.0,20579.5,20605.0,20732.5,20075.25,20578.0
2025-03-06,20647.5,20003.0,20604.5,20187.0,20725.0,20215.0,20605.0
2025-03-07,20286.25,19765.5,20187.5,20207.25,20647.5,20003.0,20187.0
2025-03-09,20147.0,19932.25,20147.0,20034.5,20286.25,19765.5,20207.25
2025-03-10,20156.5,19229.25,20033.25,19304.25,20147.0,19932.25,20034.5
2025-03-11,19686.75,19139.25,19306.5,19476.75,20156.5,19229.25,19304.25
2025-03-12,19788.75,19387.0,19478.0,19685.25,19686.75,19139.25,19476.75
2025-03-13,19694.0,19170.0,19683.75,19356.25,19788.75,19387.0,19685.25
2025-03-14,19742.5,19335.0,19358.25,19667.5,19694.0,19170.0,19356.25
2025-03-16,19686.25,19550.5,19668.25,19584.0,19742.5,19335.0,19667.5
2025-03-17,19959.25,19554.75,19586.0,19820.75,19686.25,19550.5,19584.0
2025-03-18,20038.5,19604.25,20028.5,19709.5,19959.25,19554.75,19820.75
2025-03-19,20143.0,19660.0,19708.5,20032.5,20038.5,19604.25,19709.5
2025-03-20,20105.0,19735.25,20031.5,19886.25,20143.0,19660.0,20032.5
2025-03-21,19977.5,19602.25,19885.75,19970.75,20105.0,19735.25,19886.25
2025-03-23,20114.25,20050.5,20050.5,20107.5,19977.5,19602.25,19970.75
2025-03-24,20409.5,20096.0,20109.75,20355.0,20114.25,20050.5,20107.5
2025-03-25,20534.0,20293.0,20354.75,20523.5,20409.5,20096.0,20355.0
2025-03-26,20536.75,20003.25,20524.0,20059.75,20534.0,20293.0,20523.5
2025-03-27,20199.5,19937.25,20059.5,19964.75,20536.75,20003.25,20059.75
2025-03-28,20008.75,19357.5,19965.0,19361.0,20199.5,19937.25,19964.75
2025-03-30,19365.0,19215.5,19319.75,19258.5,20008.75,19357.5,19361.0
2025-03-31,19489.75,18976.75,19256.5,19358.25,19365.0,19215.5,19258.5
2025-04-01,19697.0,19261.25,19359.0,19644.75,19489.75,18976.75,19358.25
2025-04-02,20044.25,18819.0,19643.75,18877.25,19697.0,19261.25,19644.75
2025-04-03,19177.0,18588.5,18879.75,18654.25,20044.25,18819.0,18877.25
2025-04-04,18713.0,17387.5,18654.0,17483.25,19177.0,18588.5,18654.25
2025-04-06,17100.0,16460.0,17100.0,16718.75,18713.0,17387.5,17483.25
2025-04-07,18361.5,16480.0,16721.25,17763.75,17100.0,16460.0,16718.75
2025-04-08,18357.25,16876.5,17763.75,16994.0,18361.5,16480.0,17763.75
2025-04-09,19386.75,16735.0,16995.5,19313.5,18357.25,16876.5,16994.0
2025-04-10,19336.0,17919.0,19312.25,18357.0,19386.75,16735.0,19313.5
2025-04-11,18873.5,18067.0,18352.75,18820.5,19336.0,17919.0,18357.0
2025-04-13,19250.0,18931.5,19225.0,19013.25,18873.5,18067.0,18820.5
2025-04-14,19256.0,18737.5,19011.5,18850.75,19250.0,18931.5,19013.25
2025-04-15,19144.75,18692.75,18849.5,18729.0,19256.0,18737.5,18850.75
2025-04-16,18861.25,18116.25,18728.25,18402.0,19144.75,18692.75,18729.0
2025-04-17,18652.75,18261.5,18403.5,18427.75,18861.25,18116.25,18402.0
2025-04-20,18383.5,18231.25,18306.25,18314.75,18652.75,18261.5,18427.75
2025-04-21,18378.25,17700.0,18313.25,18003.5,18383.5,18231.25,18314.75
2025-04-22,18802.75,17946.25,18003.5,18760.75,18378.25,17700.0,18003.5
2025-04-23,19165.5,18623.75,18761.75,18839.5,18802.75,17946.25,18760.75
2025-04-24,19435.5,18594.75,18840.0,19412.5,19165.5,18623.75,18839.5
2025-04-25,19589.0,19216.25,19412.75,19554.75,19435.5,18594.75,19412.5
2025-04-27,19524.5,19435.25,19524.5,19454.75,19589.0,19216.25,19554.75
2025-04-28,19623.0,19257.25,19457.0,19528.5,19524.5,19435.25,19454.75
2025-04-29,19688.5,19378.0,19528.25,19563.0,19623.0,19257.25,19528.5
2025-04-30,19936.0,19103.75,19562.5,19917.25,19688.5,19378.0,19563.0
2025-05-01,20125.75,19749.5,19917.75,19789.5,19936.0,19103.75,19917.25
2025-05-02,20276.75,19755.0,19790.0,20204.5,20125.75,19749.5,19789.5
2025-05-04,20201.75,20052.5,20181.5,20085.0,20276.75,19755.0,20204.5
2025-05-05,20191.5,19966.0,20084.75,20008.25,20201.75,20052.5,20085.0
2025-05-06,20133.75,19739.0,20008.75,20068.0,20191.5,19966.0,20008.25
2025-05-07,20108.0,19678.75,20067.25,19953.0,20133.75,19739.0,20068.0
2025-05-08,20337.25,19925.5,19952.75,20139.25,20108.0,19678.75,19953.0
2025-05-09,20288.75,20058.0,20138.25,20146.5,20337.25,19925.5,20139.25
2025-05-11,20503.25,20376.75,20398.5,20453.5,20288.75,20058.0,20146.5
2025-05-12,20996.0,20441.0,20452.25,20908.75,20503.25,20376.75,20453.5
2025-05-13,21346.5,20818.0,20908.5,21292.5,20996.0,20441.0,20908.75
2025-05-14,21419.5,21238.25,21292.25,21375.25,21346.5,20818.0,21292.5
2025-05-15,21529.75,21192.0,21375.5,21414.25,21419.5,21238.25,21375.25
2025-05-16,21512.0,21320.25,21415.0,21400.25,21529.75,21192.0,21414.25
2025-05-18,21418.0,21283.75,21310.75,21381.25,21512.0,21320.25,21400.25
2025-05-19,21562.0,21112.5,21381.75,21539.25,21418.0,21283.75,21381.25
2025-05-20,21562.25,21298.0,21539.0,21431.5,21562.0,21112.5,21539.25
2025-05-21,21558.5,21072.75,21431.75,21145.75,21562.25,21298.0,21431.5
2025-05-22,21337.5,21040.0,21147.5,21178.75,21558.5,21072.75,21145.75
2025-05-23,21231.0,20727.0,21179.25,20953.25,21337.5,21040.0,21178.75
2025-05-25,21229.25,20954.25,20978.0,21188.75,21231.0,20727.0,20953.25
2025-05-26,21307.75,21168.0,21187.5,21235.25,21229.25,20954.25,21188.75
2025-05-27,21488.5,21141.5,21236.25,21470.75,21307.75,21168.0,21235.25
2025-05-28,21777.0,21321.25,21470.25,21766.25,21488.5,21141.5,21470.75
2025-05-29,21858.75,21301.0,21766.5,21317.0,21777.0,21321.25,21766.25
2025-05-30,21433.5,21071.5,21317.25,21369.0,21858.75,21301.0,21317.0
2025-06-01,21348.5,21277.0,21303.75,21304.75,21433.5,21071.5,21369.0
2025-06-02,21576.25,21163.0,21304.75,21494.25,21348.5,21277.0,21304.75
2025-06-03,21759.75,21399.25,21495.0,21705.0,21576.25,21163.0,21494.25
2025-06-04,21803.0,21641.0,21705.25,21741.0,21759.75,21399.25,21705.0
2025-06-05,21935.0,21471.0,21742.0,21545.5,21803.0,21641.0,21741.0
2025-06-06,21873.5,21544.0,21545.25,21809.5,21935.0,21471.0,21545.5
2025-06-08,21820.75,21726.0,21799.25,21762.0,21873.5,21544.0,21809.5
2025-06-09,21890.75,21716.0,21763.5,21832.5,21820.75,21726.0,21762.0
2025-06-10,22002.75,21732.0,21833.0,21953.75,21890.75,21716.0,21832.5
2025-06-11,22106.0,21790.75,21954.0,21837.75,22002.75,21732.0,21953.75
2025-06-12,21977.25,21713.25,21838.75,21786.75,22106.0,21790.75,21837.75
2025-06-13,21854.75,21471.0,21786.0,21652.0,21977.25,21713.25,21786.75
2025-06-15,21710.0,21501.75,21554.0,21689.5,21854.75,21471.0,21652.0
2025-06-16,22222.0,21877.0,21903.25,22016.5,21710.0,21501.75,21689.5
2025-06-17,22135.0,21862.25,22017.0,21905.25,22222.0,21877.0,22016.5
2025-06-18,22097.75,21882.25,21905.5,21948.0,22135.0,21862.25,21905.25
2025-06-19,21952.75,21650.25,21949.25,21886.5,22097.75,21882.25,21948.0
2025-06-20,22130.5,21765.0,21887.5,21874.0,21952.75,21650.25,21886.5
2025-06-22,21787.0,21566.75,21648.25,21760.5,22130.5,21765.0,21874.0
2025-06-23,22255.0,21707.0,21761.0,22237.25,21787.0,21566.75,21760.5
2025-06-24,22448.25,22194.0,22237.25,22424.5,22255.0,21707.0,22237.25
2025-06-25,22548.25,22388.5,22425.25,22464.75,22448.25,22194.0,22424.5
2025-06-26,22713.5,22456.75,22464.75,22678.5,22548.25,22388.5,22464.75
2025-06-27,22825.5,22600.0,22678.5,22740.25,22713.5,22456.75,22678.5
2025-06-29,22847.0,22751.5,22751.5,22817.75,22825.5,22600.0,22740.25
2025-06-30,22934.75,22781.0,22817.25,22880.75,22847.0,22751.5,22817.75
2025-07-01,22914.75,22594.5,22882.0,22708.5,22934.75,22781.0,22880.75
2025-07-02,22863.25,22582.0,22709.75,22848.75,22914.75,22594.5,22708.5
2025-07-03,23102.5,22827.0,22848.0,23034.75,22863.25,22582.0,22848.75
2025-07-04,23049.75,22882.0,23034.75,22906.75,23102.5,22827.0,23034.75
2025-07-06,23028.5,22943.0,22970.0,22983.5,23049.75,22882.0,22906.75
2025-07-07,23001.75,22779.75,22983.75,22874.25,23028.5,22943.0,22983.5
2025-07-08,22972.75,22841.0,22873.5,22901.75,23001.75,22779.75,22874.25
2025-07-09,23112.0,22843.5,22900.5,23034.25,22972.75,22841.0,22901.75
2025-07-10,23090.0,22901.25,23035.0,23044.25,23112.0,22843.5,23034.25
2025-07-11,23046.0,22831.5,23044.25,22938.0,23090.0,22901.25,23044.25
2025-07-13,22890.5,22803.0,22860.75,22866.75,23046.0,22831.5,22938.0
2025-07-14,23066.5,22804.25,22867.0,23011.5,22890.5,22803.0,22866.75
2025-07-15,23222.75,22973.75,23011.75,23014.25,23066.5,22804.25,23011.5
2025-07-16,23100.0,22835.5,23014.0,23040.5,23222.75,22973.75,23014.25
2025-07-17,23288.75,23017.0,23040.0,23280.75,23100.0,22835.5,23040.5
2025-07-18,23320.75,23169.5,23280.5,23228.5,23288.75,23017.0,23280.75
2025-07-20,23262.75,23203.75,23232.5,23260.25,23320.75,23169.5,23228.5
2025-07-21,23424.75,23223.75,23260.5,23346.75,23262.75,23203.75,23260.25
2025-07-22,23367.0,23108.0,23346.5,23261.75,23424.75,23223.75,23346.75
2025-07-23,23418.0,23146.75,23261.75,23401.0,23367.0,23108.0,23261.75
2025-07-24,23424.5,23298.25,23400.25,23406.25,23418.0,23146.75,23401.0
2025-07-25,23476.0,23330.75,23406.5,23447.75,23424.5,23298.25,23406.25
2025-07-27,23558.25,23504.0,23520.0,23533.75,23476.0,23330.75,23447.75
2025-07-28,23585.25,23436.75,23534.0,23528.25,23558.25,23504.0,23533.75
2025-07-29,23652.5,23421.25,23528.75,23475.0,23585.25,23436.75,23528.25
2025-07-30,23744.25,23356.5,23474.75,23725.0,23652.5,23421.25,23475.0
2025-07-31,23845.0,23241.75,23725.5,23297.5,23744.25,23356.5,23725.0
2025-08-01,23342.5,22775.0,23297.5,22870.0,23845.0,23241.75,23297.5
2025-08-03,22931.5,22821.75,22850.0,22927.25,23342.5,22775.0,22870.0
2025-08-04,23360.0,22916.5,22927.5,23334.75,22931.5,22821.75,22927.25
2025-08-05,23404.25,23045.5,23334.0,23053.0,23360.0,22916.5,23334.75
2025-08-06,23481.0,23049.75,23052.25,23452.0,23404.25,23045.5,23053.0
2025-08-07,23671.0,23329.0,23451.75,23539.25,23481.0,23049.75,23452.0
2025-08-08,23767.75,23503.0,23540.5,23765.5,23671.0,23329.0,23539.25
2025-08-10,23770.75,23701.0,23764.0,23708.0,23767.75,23503.0,23765.5
2025-08-11,23804.5,23587.5,23707.75,23636.25,23770.75,23701.0,23708.0
2025-08-12,23970.0,23596.0,23636.0,23960.25,23804.5,23587.5,23636.25
2025-08-13,24068.5,23886.0,23959.5,23949.25,23970.0,23596.0,23960.25
2025-08-14,24007.75,23793.25,23950.0,23888.5,24068.5,23886.0,23949.25
2025-08-15,23963.0,23734.5,23889.25,23796.75,24007.75,23793.25,23888.5
2025-08-17,23860.0,23795.0,23795.0,23851.0,23963.0,23734.5,23796.75
2025-08-18,23881.75,23719.0,23850.75,23804.75,23860.0,23795.0,23851.0
2025-08-19,23805.5,23413.5,23805.5,23422.0,23881.75,23719.0,23804.75
2025-08-20,23452.0,23035.0,23423.25,23318.5,23805.5,23413.5,23422.0
2025-08-21,23369.25,23119.0,23318.5,23248.25,23452.0,23035.0,23318.5
2025-08-22,23650.0,23076.75,23249.5,23582.75,23369.25,23119.0,23248.25
2025-08-24,23607.5,23545.0,23602.0,23574.75,23650.0,23076.75,23582.75
2025-08-25,23616.25,23443.25,23575.25,23496.5,23607.5,23545.0,23574.75
2025-08-26,23624.25,23371.5,23496.0,23614.0,23616.25,23443.25,23496.5
2025-08-27,23689.0,23434.75,23614.5,23508.5,23624.25,23371.5,23614.0
2025-08-28,23803.75,23487.5,23507.75,23747.25,23689.0,23434.75,23508.5
2025-08-29,23755.75,23397.5,23747.5,23454.5,23803.75,23487.5,23747.25
2025-08-31,23546.25,23464.0,23479.0,23538.5,23755.75,23397.5,23454.5
2025-09-01,23552.5,23370.5,23538.5,23444.5,23546.25,23464.0,23538.5
2025-09-02,23484.5,23025.25,23446.0,23334.0,23552.5,23370.5,23444.5
2025-09-03,23525.25,23298.25,23333.75,23438.5,23484.5,23025.25,23334.0
2025-09-04,23716.25,23410.0,23437.5,23706.75,23525.25,23298.25,23438.5
2025-09-05,23902.0,23505.0,23706.0,23673.25,23716.25,23410.0,23706.75
2025-09-07,23784.25,23650.25,23673.5,23778.0,23902.0,23505.0,23673.25
2025-09-08,23888.0,23724.5,23778.25,23808.0,23784.25,23650.25,23778.0
2025-09-09,23921.25,23726.0,23807.5,23885.75,23888.0,23724.5,23808.0
2025-09-10,24044.25,23785.0,23884.75,23901.0,23921.25,23726.0,23885.75
2025-09-11,24046.0,23838.0,23900.25,24020.25,24044.25,23785.0,23901.0
2025-09-12,24159.0,23969.0,24019.75,24115.25,24046.0,23838.0,24020.25
2025-09-14,24129.5,24099.75,24115.25,24110.75,24159.0,23969.0,24115.25
2025-09-15,24556.75,24317.75,24348.0,24546.25,24129.5,24099.75,24110.75
2025-09-16,24647.25,24499.25,24546.75,24543.5,24556.75,24317.75,24546.25
2025-09-17,24589.0,24242.0,24543.0,24583.5,24647.25,24499.25,24543.5
2025-09-18,24816.0,24560.0,24584.25,24740.0,24589.0,24242.0,24583.5
2025-09-19,24888.0,24655.0,24739.5,24861.0,24816.0,24560.0,24740.0
2025-09-21,24867.0,24826.75,24850.0,24850.75,24888.0,24655.0,24861.0
2025-09-22,25027.25,24748.75,24851.0,24997.25,24867.0,24826.75,24850.75
2025-09-23,25026.0,24780.5,24998.5,24841.25,25027.25,24748.75,24997.25
2025-09-24,24913.5,24627.0,24841.5,24755.75,25026.0,24780.5,24841.25
2025-09-25,24793.5,24422.5,24756.0,24616.75,24913.5,24627.0,24755.75
2025-09-26,24747.5,24520.0,24616.75,24726.5,24793.5,24422.5,24616.75
2025-09-28,24777.75,24721.75,24726.5,24771.75,24747.5,24520.0,24726.5
2025-09-29,24975.5,24765.0,24772.5,24824.0,24777.75,24721.75,24771.75
2025-09-30,24913.75,24722.25,24822.5,24830.25,24975.5,24765.0,24824.0
2025-10-01,25036.75,24633.25,24830.75,25022.25,24913.75,24722.25,24830.25
2025-10-02,25180.0,24993.75,25022.0,25123.25,25036.75,24633.25,25022.25
2025-10-03,25196.5,24923.25,25124.5,24982.0,25180.0,24993.75,25123.25
2025-10-05,25086.75,24995.0,25000.0,25066.75,25196.5,24923.25,24982.0
2025-10-06,25252.75,25045.5,25066.5,25142.0,25086.75,24995.0,25066.75
2025-10-07,25275.0,24984.75,25141.25,25033.75,25252.75,25045.5,25142.0
2025-10-08,25394.0,25026.25,25033.25,25378.75,25275.0,24984.75,25033.75
2025-10-09,25379.0,25160.75,25379.0,25335.0,25394.0,25026.25,25378.75
2025-10-10,25388.0,24158.5,25335.0,24188.0,25379.0,25160.75,25335.0
2025-10-12,24794.0,24542.0,24542.0,24785.75,25388.0,24158.5,24188.0
2025-10-13,24965.0,24724.5,24786.75,24912.25,24794.0,24542.0,24785.75
2025-10-14,25044.25,24421.0,24911.5,24773.25,24965.0,24724.5,24912.25
2025-10-15,25115.0,24663.25,24772.0,24943.25,25044.25,24421.0,24773.25
2025-10-16,25179.5,24643.5,24943.0,24758.25,25115.0,24663.25,24943.25
2025-10-17,25055.75,24410.0,24759.25,25033.5,25179.5,24643.5,24758.25
2025-10-19,25099.25,24987.25,25065.75,25012.0,25055.75,24410.0,25033.5
2025-10-20,25354.5,24955.75,25011.75,25323.25,25099.25,24987.25,25012.0
2025-10-21,25368.0,25203.25,25323.5,25245.75,25354.5,24955.75,25323.25
2025-10-22,25338.25,24804.75,25246.5,24997.0,25368.0,25203.25,25245.75
2025-10-23,25304.5,24937.0,24996.0,25297.25,25338.25,24804.75,24997.0
2025-10-24,25570.75,25284.75,25298.25,25510.25,25304.5,24937.0,25297.25
2025-10-26,25768.25,25700.0,25723.5,25717.75,25570.75,25284.75,25510.25
2025-10-27,26018.75,25706.75,25717.0,25995.0,25768.25,25700.0,25717.75
2025-10-28,26231.5,25943.0,25994.0,26183.5,26018.75,25706.75,25995.0
2025-10-29,26379.75,26049.25,26184.25,26234.75,26231.5,25943.0,26183.5
2025-10-30,26399.0,25853.0,26236.25,26170.25,26379.75,26049.25,26234.75
2025-10-31,26274.0,25888.75,26171.25,25983.0,26399.0,25853.0,26170.25
2025-11-02,26092.75,26012.75,26028.25,26080.75,26274.0,25888.75,25983.0
2025-11-03,26266.0,26015.5,26081.75,26069.75,26092.75,26012.75,26080.75
2025-11-04,26068.0,25501.75,26068.0,25504.25,26266.0,26015.5,26069.75
2025-11-05,25880.0,25282.0,25503.25,25772.75,26068.0,25501.75,25504.25
2025-11-06,25822.25,25197.75,25773.0,25316.75,25880.0,25282.0,25772.75
2025-11-07,25354.75,24709.25,25317.0,25226.75,25822.25,25197.75,25316.75
2025-11-09,25391.5,25297.5,25320.75,25335.25,25354.75,24709.25,25226.75
2025-11-10,25760.5,25269.0,25336.0,25742.0,25391.5,25297.5,25335.25
2025-11-11,25768.75,25478.5,25741.75,25650.25,25760.5,25269.0,25742.0
2025-11-12,25830.0,25488.75,25650.5,25542.0,25768.75,25478.5,25650.25
2025-11-13,25721.5,25002.5,25542.0,25108.75,25830.0,25488.75,25542.0
2025-11-14,25293.25,24626.0,25108.25,25147.5,25721.5,25002.5,25108.75
2025-11-16,25188.25,25022.0,25142.25,25170.75,25293.25,24626.0,25147.5
2025-11-17,25361.25,24731.75,25169.25,24920.5,25188.25,25022.0,25170.75
2025-11-18,24959.5,24376.25,24920.75,24590.5,25361.25,24731.75,24920.5
2025-11-19,25110.75,24445.0,24588.5,25108.75,24959.5,24376.25,24590.5
2025-11-20,25310.0,24018.0,25107.75,24136.75,25110.75,24445.0,25108.75
2025-11-21,24596.25,23904.5,24133.75,24349.0,25310.0,24018.0,24136.75
2025-11-23,24555.25,24455.25,24455.75,24471.5,24596.25,23904.5,24349.0
2025-11-24,24993.5,24361.75,24470.25,24960.0,24555.25,24455.25,24471.5
2025-11-25,25135.25,24602.0,24959.25,25086.25,24993.5,24361.75,24960.0
2025-11-26,25376.0,25066.5,25085.75,25323.75,25135.25,24602.0,25086.25
2025-11-27,25339.25,25285.75,25323.5,25329.25,25376.0,25066.5,25323.75
2025-11-28,25499.75,25324.75,25329.0,25484.5,25339.25,25285.75,25329.25
2025-11-30,25546.0,25442.75,25482.5,25466.25,25499.75,25324.75,25484.5
2025-12-01,25495.75,25193.25,25467.5,25398.75,25546.0,25442.75,25466.25
2025-12-02,25670.0,25324.75,25399.0,25623.75,25495.75,25193.25,25398.75
2025-12-03,25685.25,25421.5,25624.75,25647.5,25670.0,25324.75,25623.75
2025-12-04,25732.5,25488.75,25647.5,25621.0,25685.25,25421.5,25647.5
2025-12-05,25868.0,25579.75,25620.75,25735.0,25732.5,25488.75,25621.0
2025-12-07,25770.0,25719.5,25750.0,25746.5,25868.0,25579.75,25735.0
2025-12-08,25860.75,25564.75,25746.25,25726.25,25770.0,25719.5,25746.5
2025-12-09,25735.75,25560.0,25727.25,25671.5,25860.75,25564.75,25726.25
2025-12-10,25870.75,25528.75,25671.75,25730.5,25735.75,25560.0,25671.5
2025-12-11,25861.5,25383.0,25730.25,25671.75,25870.75,25528.75,25730.5
2025-12-12,25704.25,25118.0,25670.75,25202.5,25861.5,25383.0,25671.75
2025-12-14,25245.25,25132.5,25223.5,25194.0,25704.25,25118.0,25202.5
2025-12-15,25668.0,25280.25,25446.75,25306.25,25245.25,25132.5,25194.0
2025-12-16,25444.0,25073.25,25307.25,25316.0,25668.0,25280.25,25306.25
2025-12-17,25508.5,24887.75,25315.0,24932.0,25444.0,25073.25,25316.0
2025-12-18,25412.5,24901.25,24933.5,25257.0,25508.5,24887.75,24932.0
2025-12-19,25600.25,25211.25,25257.25,25597.5,25412.5,24901.25,25257.0
2025-12-21,25675.0,25632.25,25635.25,25668.5,25600.25,25211.25,25597.5
2025-12-22,25794.75,25628.0,25669.5,25714.25,25675.0,25632.25,25668.5
2025-12-23,25822.5,25608.25,25713.5,25809.75,25794.75,25628.0,25714.25
2025-12-24,25892.0,25777.5,25810.0,25864.75,25822.5,25608.25,25809.75
2025-12-25,25898.25,25864.75,25868.0,25887.75,25892.0,25777.5,25864.75
2025-12-26,25935.25,25834.25,25886.75,25856.0,25898.25,25864.75,25887.75
2025-12-28,25879.0,25843.0,25863.25,25870.5,25935.25,25834.25,25856.0
2025-12-29,25893.75,25648.0,25870.0,25707.25,25879.0,25843.0,25870.5
2025-12-30,25793.75,25643.75,25707.5,25657.0,25893.75,25648.0,25707.25
2025-12-31,25716.75,25429.0,25656.75,25434.75,25793.75,25643.75,25657.0
2026-01-01,25504.0,25448.5,25478.5,25497.0,25716.75,25429.0,25434.75
2026-01-02,25803.75,25265.25,25497.0,25394.5,25504.0,25448.5,25497.0
2026-01-04,25463.25,25406.5,25431.75,25457.0,25803.75,25265.25,25394.5
2026-01-05,25708.0,25434.75,25459.25,25565.5,25463.25,25406.5,25457.0
2026-01-06,25844.75,25527.5,25566.0,25824.75,25708.0,25434.75,25565.5
2026-01-07,25996.25,25727.0,25825.25,25822.75,25844.75,25527.5,25824.75
2026-01-08,25844.5,25569.0,25822.75,25675.75,25996.25,25727.0,25822.75
2026-01-09,25985.5,25615.5,25675.25,25931.75,25844.5,25569.0,25675.75
2026-01-11,25960.0,25870.0,25949.0,25894.25,25985.5,25615.5,25931.75
2026-01-12,26020.5,25632.75,25893.25,25895.5,25960.0,25870.0,25894.25
2026-01-13,26045.5,25803.25,25895.25,25891.0,26020.5,25632.75,25895.5
2026-01-14,25925.75,25420.75,25891.0,25605.25,26045.5,25803.25,25891.0
2026-01-15,25952.75,25562.5,25605.0,25741.5,25925.75,25420.75,25605.25
2026-01-16,25891.0,25591.5,25741.0,25681.25,25952.75,25562.5,25741.5
2026-01-18,25472.0,25396.0,25471.0,25466.75,25891.0,25591.5,25681.25
2026-01-19,25470.0,25236.5,25466.25,25378.0,25472.0,25396.0,25466.75
2026-01-20,25439.75,25095.25,25379.0,25116.5,25470.0,25236.5,25378.0
2026-01-21,25653.5,25025.0,25117.25,25552.5,25439.75,25095.25,25116.5
2026-01-22,25739.75,25483.75,25553.0,25617.75,25653.5,25025.0,25552.5
2026-01-23,25845.75,25540.25,25616.75,25680.5,25739.75,25483.75,25617.75
2026-01-25,25585.5,25365.25,25585.5,25559.0,25845.75,25540.25,25680.5
2026-01-26,25936.5,25544.75,25559.75,25890.5,25585.5,25365.25,25559.0
2026-01-27,26148.0,25875.0,25890.5,26137.5,25936.5,25544.75,25890.5
2026-01-28,26349.0,25993.25,26138.25,26170.25,26148.0,25875.0,26137.5
2026-01-29,26280.5,25536.0,26173.25,25972.25,26349.0,25993.25,26170.25
2026-01-30,25993.75,25568.75,25972.5,25639.25,26280.5,25536.0,25972.25
2026-02-01,25571.75,25373.75,25530.0,25532.75,25993.75,25568.75,25639.25
2026-02-02,25977.0,25180.25,25532.5,25948.25,25571.75,25373.75,25532.75
2026-02-03,26027.75,25219.0,25947.75,25428.0,25977.0,25180.25,25948.25
2026-02-04,25514.25,24783.5,25427.75,25067.0,26027.75,25219.0,25428.0
2026-02-05,25169.0,24294.0,25067.5,24336.0,25514.25,24783.5,25067.0
2026-02-06,25222.0,24239.75,24334.75,25107.75,25169.0,24294.0,24336.0
2026-02-08,25294.5,25153.75,25153.75,25276.75,25222.0,24239.75,25107.75
2026-02-09,25428.75,24955.5,25275.0,25344.25,25294.5,25153.75,25276.75
2026-02-10,25447.25,25198.25,25344.75,25272.75,25428.75,24955.5,25344.25
2026-02-11,25465.25,25058.25,25273.5,25235.25,25447.25,25198.25,25272.75
2026-02-12,25419.75,24721.5,25233.25,24824.0,25465.25,25058.25,25235.25
2026-02-13,24995.5,24578.75,24820.0,24773.5,25419.75,24721.5,24824.0
2026-02-15,24838.75,24754.5,24789.75,24836.25,24995.5,24578.75,24773.5
2026-02-16,24922.25,24670.75,24831.75,24817.75,24838.75,24754.5,24836.25
2026-02-17,24889.75,24449.25,24818.75,24711.0,24922.25,24670.75,24817.75
2026-02-18,25128.25,24708.5,24711.25,24964.5,24889.75,24449.25,24711.0
2026-02-19,25054.0,24749.0,24964.5,24877.25,25128.25,24708.5,24964.5
2026-02-20,25139.5,24678.5,24878.25,25077.5,25054.0,24749.0,24877.25
2026-02-22,25059.75,24936.5,25033.75,24971.0,25139.5,24678.5,25077.5
2026-02-23,25040.0,24668.0,24970.0,24788.0,25059.75,24936.5,24971.0
2026-02-24,25078.75,24694.5,24789.0,25043.5,25040.0,24668.0,24788.0
2026-02-25,25494.75,24994.0,25044.5,25317.25,25078.75,24694.5,25043.5
2026-02-26,25415.25,24861.75,25315.75,24995.25,25494.75,24994.0,25317.25
2026-02-27,25098.75,24782.0,24995.0,24952.75,25415.25,24861.75,24995.25
2026-03-01,24815.0,24635.5,24682.5,24742.0,25098.75,24782.0,24952.75
2026-03-02,25101.0,24477.0,24739.25,24971.0,24815.0,24635.5,24742.0
2026-03-03,24982.25,24352.0,24972.5,24703.0,25101.0,24477.0,24971.0
2026-03-04,25217.75,24499.0,24702.0,25171.75,24982.25,24352.0,24703.0
2026-03-05,25250.0,24772.5,25171.0,25060.0,25217.75,24499.0,25171.75
2026-03-06,25141.5,24601.0,25059.75,24661.25,25250.0,24772.5,25060.0
2026-03-08,24473.0,24168.25,24435.25,24215.25,25141.5,24601.0,24661.25
2026-03-09,25058.0,24000.0,24215.5,24883.25,24473.0,24168.25,24215.25
2026-03-10,25217.5,24830.0,24881.0,25016.0,25058.0,24000.0,24883.25
2026-03-11,25180.0,24733.25,25019.5,24787.75,25217.5,24830.0,25016.0
2026-03-12,24928.0,24517.75,24788.0,24528.0,25180.0,24733.25,24787.75
2026-03-13,24805.25,24333.75,24529.0,24335.25,24928.0,24517.75,24528.0
2026-03-15,24496.75,24278.0,24285.0,24439.5,24805.25,24333.75,24335.25
2026-03-16,25035.0,24647.0,24650.5,24881.75,24496.75,24278.0,24439.5
2026-03-17,25117.0,24728.25,24880.25,25003.5,25035.0,24647.0,24881.75
2026-03-18,25210.5,24562.25,25003.25,24616.75,25117.0,24728.25,25003.5
2026-03-19,24725.25,24326.75,24618.25,24620.0,25210.5,24562.25,24616.75
2026-03-20,24660.5,23971.25,24619.5,24217.25,24725.25,24326.75,24620.0
2026-03-22,24095.0,23890.0,23902.0,24007.25,24660.5,23971.25,24217.25
2026-03-23,24763.0,23772.5,24008.0,24455.5,24095.0,23890.0,24007.25
2026-03-24,24550.0,24134.0,24454.75,24411.75,24763.0,23772.5,24455.5
2026-03-25,24539.75,24283.25,24412.0,24323.75,24550.0,24134.0,24411.75
2026-03-26,24421.25,23763.25,24323.5,23876.75,24539.75,24283.25,24323.75
2026-03-27,23976.0,23232.5,23877.0,23254.25,24421.25,23763.25,23876.75
2026-03-29,23242.25,23108.5,23189.5,23127.5,23976.0,23232.5,23254.25
2026-03-30,23574.0,23021.25,23128.25,23046.0,23242.25,23108.5,23127.5
2026-03-31,24045.75,22961.5,23045.5,24038.0,23574.0,23021.25,23046.0
2026-04-01,24348.25,23956.25,24036.25,24183.5,24045.75,22961.5,24038.0
2026-04-02,24266.75,23666.0,24183.0,24213.25,24348.25,23956.25,24183.5
2026-04-03,24255.0,24106.0,24214.75,24129.75,24266.75,23666.0,24213.25
2026-04-05,24097.0,23981.5,24093.5,24091.75,24255.0,24106.0,24129.75
2026-04-06,24452.25,24087.75,24091.5,24299.5,24097.0,23981.5,24091.75
2026-04-07,25086.0,23941.5,24299.25,25050.75,24452.25,24087.75,24299.5
2026-04-08,25257.0,24926.5,25049.75,25026.0,25086.0,23941.5,25050.75
2026-04-09,25269.75,24953.0,25026.5,25224.0,25257.0,24926.5,25026.0
2026-04-10,25393.0,25202.75,25224.0,25333.0,25269.75,24953.0,25224.0
2026-04-12,25019.25,24904.5,24980.0,24984.0,25393.0,25202.75,25333.0
2026-04-13,25619.25,24950.0,24984.0,25585.25,25019.25,24904.5,24984.0
2026-04-14,26035.5,25560.0,25585.0,26018.25,25619.25,24950.0,25585.25
2026-04-15,26419.0,25933.75,26017.5,26407.0,26035.5,25560.0,26018.25
2026-04-16,26564.0,26275.5,26408.0,26479.5,26419.0,25933.75,26407.0
2026-04-17,26884.75,26440.0,26479.75,26840.75,26564.0,26275.5,26479.5
2026-04-19,26682.0,26535.0,26599.75,26659.75,26884.75,26440.0,26840.75
2026-04-20,26827.75,26568.75,26658.25,26796.75,26682.0,26535.0,26659.75
2026-04-21,26901.75,26551.75,26796.75,26773.5,26827.75,26568.75,26796.75
2026-04-22,27136.0,26765.5,26774.75,27096.0,26901.75,26551.75,26773.5
2026-04-23,27155.75,26681.75,27095.5,27080.25,27136.0,26765.5,27096.0
2026-04-24,27462.5,27016.25,27081.0,27440.25,27155.75,26681.75,27080.25
2026-04-26,27421.75,27344.25,27403.25,27384.0,27462.5,27016.25,27440.25
2026-04-27,27542.5,27298.5,27385.0,27490.0,27421.75,27344.25,27384.0
2026-04-28,27512.0,27009.5,27490.25,27247.5,27542.5,27298.5,27490.0
2026-04-29,27557.5,27094.0,27246.25,27550.5,27512.0,27009.5,27247.5
2026-04-30,27646.5,27163.25,27551.75,27594.25,27557.5,27094.0,27550.5
2026-05-01,27917.0,27536.25,27594.5,27783.25,27646.5,27163.25,27594.25
2026-05-03,27926.0,27815.0,27890.0,27825.0,27917.0,27536.25,27783.25
2026-05-04,27965.75,27613.0,27823.25,27745.5,27926.0,27815.0,27825.0
2026-05-05,28422.0,27739.75,27747.0,28370.0,27965.75,27613.0,27745.5
2026-05-06,28800.0,28248.0,28369.5,28670.25,28422.0,27739.75,28370.0
2026-05-07,28944.75,28541.0,28669.5,28679.5,28800.0,28248.0,28670.25
