ts,symbol,close,prev_symbol,prev_close,gap_minutes,close_change,symbol_changed
2018-01-02T21:30:00.000000,NQH8,6515.5,NQH8,6514.0,16.0,1.5,false
2018-01-02T23:00:00.000000,NQH8,6513.5,NQH8,6515.25,61.0,-1.75,false
2018-01-03T21:30:00.000000,NQH8,6584.5,NQH8,6583.0,16.0,1.5,false
2018-01-03T23:00:00.000000,NQH8,6584.75,NQH8,6583.75,61.0,1.0,false
2018-01-04T21:30:00.000000,NQH8,6605.25,NQH8,6604.0,16.0,1.25,false
2018-01-04T23:00:00.000000,NQH8,6607.25,NQH8,6606.75,61.0,0.5,false
2018-01-05T21:30:00.000000,NQH8,6668.25,NQH8,6668.25,16.0,0.0,false
2018-01-07T23:00:00.000000,NQH8,6672.75,NQH8,6665.75,2941.0,7.0,false
2018-01-08T21:30:00.000000,NQH8,6689.5,NQH8,6688.25,16.0,1.25,false
2018-01-08T23:00:00.000000,NQH8,6688.5,NQH8,6689.0,61.0,-0.5,false
2018-01-09T21:30:00.000000,NQH8,6684.75,NQH8,6687.0,16.0,-2.25,false
2018-01-09T23:00:00.000000,NQH8,6679.0,NQH8,6680.75,61.0,-1.75,false
2018-01-10T21:30:00.000000,NQH8,6676.0,NQH8,6677.25,16.0,-1.25,false
2018-01-10T23:00:00.000000,NQH8,6673.75,NQH8,6676.25,61.0,-2.5,false
2018-01-11T21:30:00.000000,NQH8,6726.75,NQH8,6726.75,16.0,0.0,false
2018-01-11T23:00:00.000000,NQH8,6724.0,NQH8,6723.5,61.0,0.5,false
2018-01-12T21:30:00.000000,NQH8,6776.25,NQH8,6774.75,16.0,1.5,false
2018-01-14T23:00:00.000000,NQH8,6785.75,NQH8,6772.0,2941.0,13.75,false
2018-01-15T23:00:00.000000,NQH8,6782.5,NQH8,6780.25,301.0,2.25,false
2018-01-16T21:30:00.000000,NQH8,6763.75,NQH8,6763.25,16.0,0.5,false
2018-01-16T23:00:00.000000,NQH8,6761.75,NQH8,6761.0,61.0,0.75,false
2018-01-17T21:30:00.000000,NQH8,6824.5,NQH8,6824.5,16.0,0.0,false
2018-01-17T23:00:00.000000,NQH8,6820.0,NQH8,6819.5,61.0,0.5,false
2018-01-18T21:30:00.000000,NQH8,6814.25,NQH8,6812.25,16.0,2.0,false
2018-01-18T23:00:00.000000,NQH8,6822.0,NQH8,6816.0,61.0,6.0,false
2018-01-19T21:30:00.000000,NQH8,6845.5,NQH8,6845.75,16.0,-0.25,false
2018-01-21T23:00:00.000000,NQH8,6825.0,NQH8,6850.0,2941.0,-25.0,false
2018-01-22T21:30:00.000000,NQH8,6934.75,NQH8,6931.0,16.0,3.75,false
2018-01-22T23:00:00.000000,NQH8,6930.5,NQH8,6931.75,61.0,-1.25,false
2018-01-23T21:30:00.000000,NQH8,6964.5,NQH8,6965.5,16.0,-1.0,false
2018-01-23T23:00:00.000000,NQH8,6957.25,NQH8,6960.0,61.0,-2.75,false
2018-01-24T21:30:00.000000,NQH8,6932.75,NQH8,6932.5,16.0,0.25,false
2018-01-24T23:00:00.000000,NQH8,6931.0,NQH8,6935.75,61.0,-4.75,false
2018-01-25T21:30:00.000000,NQH8,6933.25,NQH8,6930.75,16.0,2.5,false
2018-01-25T23:00:00.000000,NQH8,6936.75,NQH8,6938.5,61.0,-1.75,false
2018-01-26T21:30:00.000000,NQH8,7029.0,NQH8,7029.75,16.0,-0.75,false
2018-01-28T23:00:00.000000,NQH8,7032.0,NQH8,7031.5,2941.0,0.5,false
2018-01-29T21:30:00.000000,NQH8,6992.25,NQH8,6992.5,16.0,-0.25,false
2018-01-29T23:00:00.000000,NQH8,6996.75,NQH8,6995.0,61.0,1.75,false
2018-01-30T21:30:00.000000,NQH8,6942.0,NQH8,6940.75,16.0,1.25,false
2018-01-30T23:00:00.000000,NQH8,6940.75,NQH8,6939.75,61.0,1.0,false
2018-01-31T21:30:00.000000,NQH8,6935.5,NQH8,6950.75,16.0,-15.25,false
2018-01-31T23:00:00.000000,NQH8,6980.25,NQH8,6928.5,61.0,51.75,false
2018-02-01T21:30:00.000000,NQH8,6892.75,NQH8,6896.25,16.0,-3.5,false
2018-02-01T23:00:00.000000,NQH8,6955.25,NQH8,6935.75,61.0,19.5,false
2018-02-02T21:30:00.000000,NQH8,6760.75,NQH8,6756.0,16.0,4.75,false
2018-02-04T23:00:00.000000,NQH8,6730.0,NQH8,6753.25,2941.0,-23.25,false
2018-02-05T21:30:00.000000,NQH8,6397.5,NQH8,6431.5,16.0,-34.0,false
2018-02-05T23:00:00.000000,NQH8,6481.5,NQH8,6467.25,61.0,14.25,false
2018-02-06T21:30:00.000000,NQH8,6647.0,NQH8,6646.0,16.0,1.0,false
2018-02-06T23:00:00.000000,NQH8,6660.0,NQH8,6635.75,61.0,24.25,false
2018-02-07T21:30:00.000000,NQH8,6552.25,NQH8,6555.25,16.0,-3.0,false
2018-02-07T23:00:00.000000,NQH8,6550.0,NQH8,6545.25,61.0,4.75,false
2018-02-08T21:30:00.000000,NQH8,6321.0,NQH8,6310.25,16.0,10.75,false
2018-02-08T23:00:00.000000,NQH8,6332.5,NQH8,6336.25,61.0,-3.75,false
2018-02-09T21:30:00.000000,NQH8,6417.0,NQH8,6414.0,16.0,3.0,false
2018-02-11T23:00:00.000000,NQH8,6442.5,NQH8,6425.75,2941.0,16.75,false
2018-02-12T21:30:00.000000,NQH8,6533.5,NQH8,6531.75,16.0,1.75,false
2018-02-12T23:00:00.000000,NQH8,6529.25,NQH8,6526.0,61.0,3.25,false
2018-02-13T21:30:00.000000,NQH8,6562.0,NQH8,6562.0,16.0,0.0,false
2018-02-13T23:00:00.000000,NQH8,6557.75,NQH8,6561.5,61.0,-3.75,false
2018-02-14T21:30:00.000000,NQH8,6687.75,NQH8,6690.5,16.0,-2.75,false
2018-02-14T23:00:00.000000,NQH8,6681.0,NQH8,6676.5,61.0,4.5,false
2018-02-15T21:30:00.000000,NQH8,6814.0,NQH8,6815.5,16.0,-1.5,false
2018-02-15T23:00:00.000000,NQH8,6817.5,NQH8,6820.75,61.0,-3.25,false
2018-02-16T21:30:00.000000,NQH8,6786.75,NQH8,6787.25,16.0,-0.5,false
2018-02-18T23:00:00.000000,NQH8,6792.25,NQH8,6781.5,2941.0,10.75,false
2018-02-19T23:00:00.000000,NQH8,6785.5,NQH8,6779.75,301.0,5.75,false
2018-02-20T21:30:00.000000,NQH8,6793.5,NQH8,6789.75,16.0,3.75,false
2018-02-20T23:00:00.000000,NQH8,6789.0,NQH8,6792.0,61.0,-3.0,false
2018-02-21T21:30:00.000000,NQH8,6759.0,NQH8,6760.0,16.0,-1.0,false
2018-02-21T23:00:00.000000,NQH8,6752.25,NQH8,6755.0,61.0,-2.75,false
2018-02-22T21:30:00.000000,NQH8,6789.25,NQH8,6789.25,16.0,0.0,false
2018-02-22T23:00:00.000000,NQH8,6791.75,NQH8,6796.0,61.0,-4.25,false
2018-02-23T21:30:00.000000,NQH8,6908.25,NQH8,6909.0,16.0,-0.75,false
2018-02-25T23:00:00.000000,NQH8,6921.75,NQH8,6902.5,2941.0,19.25,false
2018-02-26T21:30:00.000000,NQH8,7000.5,NQH8,7000.25,16.0,0.25,false
2018-02-26T23:00:00.000000,NQH8,7002.5,NQH8,7003.5,61.0,-1.0,false
2018-02-27T21:30:00.000000,NQH8,6915.5,NQH8,6917.5,16.0,-2.0,false
2018-02-27T23:00:00.000000,NQH8,6917.25,NQH8,6913.75,61.0,3.5,false
2018-02-28T21:30:00.000000,NQH8,6875.75,NQH8,6881.0,16.0,-5.25,false
2018-02-28T23:00:00.000000,NQH8,6879.75,NQH8,6879.5,61.0,0.25,false
2018-03-01T21:30:00.000000,NQH8,6755.75,NQH8,6760.5,16.0,-4.75,false
2018-03-01T23:00:00.000000,NQH8,6768.5,NQH8,6765.75,61.0,2.75,false
2018-03-02T21:30:00.000000,NQH8,6806.75,NQH8,6805.5,16.0,1.25,false
2018-03-04T23:00:00.000000,NQH8,6789.25,NQH8,6808.5,2941.0,-19.25,false
2018-03-05T21:30:00.000000,NQH8,6877.0,NQH8,6877.0,16.0,0.0,false
2018-03-05T23:00:00.000000,NQH8,6883.5,NQH8,6881.5,61.0,2.0,false
2018-03-06T21:30:00.000000,NQH8,6907.75,NQH8,6906.0,16.0,1.75,false
2018-03-06T23:00:00.000000,NQH8,6839.25,NQH8,6910.0,61.0,-70.75,false
2018-03-07T21:30:00.000000,NQH8,6925.75,NQH8,6923.0,16.0,2.75,false
2018-03-07T23:00:00.000000,NQH8,6921.5,NQH8,6923.5,61.0,-2.0,false
2018-03-08T21:30:00.000000,NQH8,6973.75,NQH8,6974.5,16.0,-0.75,false
2018-03-08T23:00:00.000000,NQH8,6970.0,NQH8,6972.25,61.0,-2.25,false
2018-03-09T21:30:00.000000,NQM8,7123.5,NQM8,7123.0,16.0,0.5,false
2018-03-11T22:00:00.000000,NQM8,7128.75,NQM8,7124.0,2881.0,4.75,false
2018-03-12T20:30:00.000000,NQM8,7164.75,NQM8,7164.25,16.0,0.5,false
2018-03-12T22:00:00.000000,NQM8,7161.75,NQM8,7161.75,61.0,0.0,false
2018-03-13T20:30:00.000000,NQM8,7081.75,NQM8,7082.75,16.0,-1.0,false
2018-03-13T22:00:00.000000,NQM8,7060.75,NQM8,7070.75,61.0,-10.0,false
2018-03-14T20:30:00.000000,NQM8,7060.0,NQM8,7058.0,16.0,2.0,false
2018-03-14T22:00:00.000000,NQM8,7062.75,NQM8,7060.25,61.0,2.5,false
2018-03-15T20:30:00.000000,NQM8,7072.25,NQM8,7070.75,16.0,1.5,false
2018-03-15T22:00:00.000000,NQM8,7072.25,NQM8,7076.25,61.0,-4.0,false
2018-03-16T20:30:00.000000,NQM8,7043.75,NQM8,7043.75,16.0,0.0,false
2018-03-18T22:00:00.000000,NQM8,7041.0,NQM8,7045.5,2941.0,-4.5,false
2018-03-19T20:30:00.000000,NQM8,6912.0,NQM8,6915.5,16.0,-3.5,false
2018-03-19T22:00:00.000000,NQM8,6908.5,NQM8,6915.75,61.0,-7.25,false
2018-03-20T20:30:00.000000,NQM8,6918.0,NQM8,6917.75,16.0,0.25,false
2018-03-20T22:00:00.000000,NQM8,6913.5,NQM8,6917.75,61.0,-4.25,false
2018-03-21T20:30:00.000000,NQM8,6876.75,NQM8,6883.75,16.0,-7.0,false
2018-03-21T22:00:00.000000,NQM8,6883.5,NQM8,6882.75,61.0,0.75,false
2018-03-22T20:30:00.000000,NQM8,6687.75,NQM8,6691.75,16.0,-4.0,false
2018-03-22T22:00:00.000000,NQM8,6689.75,NQM8,6694.75,61.0,-5.0,false
2018-03-23T20:30:00.000000,NQM8,6553.75,NQM8,6551.75,16.0,2.0,false
2018-03-25T22:00:00.000000,NQM8,6535.25,NQM8,6548.0,2941.0,-12.75,false
2018-03-26T20:30:00.000000,NQM8,6776.0,NQM8,6774.75,16.0,1.25,false
2018-03-26T22:00:00.000000,NQM8,6776.25,NQM8,6776.0,61.0,0.25,false
2018-03-27T20:30:00.000000,NQM8,6552.75,NQM8,6559.75,16.0,-7.0,false
2018-03-27T22:00:00.000000,NQM8,6544.25,NQM8,6552.25,61.0,-8.0,false
2018-03-28T20:30:00.000000,NQM8,6478.75,NQM8,6478.5,16.0,0.25,false
2018-03-28T22:00:00.000000,NQM8,6487.25,NQM8,6488.5,61.0,-1.25,false
2018-03-29T20:30:00.000000,NQM8,6570.5,NQM8,6570.5,16.0,0.0,false
2018-04-01T22:00:00.000000,NQM8,6573.25,NQM8,6570.5,4381.0,2.75,false
2018-04-02T20:30:00.000000,NQM8,6398.5,NQM8,6394.75,16.0,3.75,false
2018-04-02T22:00:00.000000,NQM8,6410.75,NQM8,6412.25,61.0,-1.5,false
2018-04-03T20:30:00.000000,NQM8,6467.5,NQM8,6469.0,16.0,-1.5,false
2018-04-03T22:00:00.000000,NQM8,6464.5,NQM8,6471.25,61.0,-6.75,false
2018-04-04T20:30:00.000000,NQM8,6585.75,NQM8,6585.0,16.0,0.75,false
2018-04-04T22:00:00.000000,NQM8,6587.0,NQM8,6581.25,61.0,5.75,false
2018-04-05T20:30:00.000000,NQM8,6606.0,NQM8,6604.0,16.0,2.0,false
2018-04-05T22:00:00.000000,NQM8,6604.25,NQM8,6606.0,61.0,-1.75,false
2018-04-06T20:30:00.000000,NQM8,6445.75,NQM8,6451.5,16.0,-5.75,false
2018-04-08T22:00:00.000000,NQM8,6472.5,NQM8,6456.5,2941.0,16.0,false
2018-04-09T20:30:00.000000,NQM8,6500.75,NQM8,6496.75,16.0,4.0,false
2018-04-09T22:00:00.000000,NQM8,6488.75,NQM8,6493.5,61.0,-4.75,false
2018-04-10T20:30:00.000000,NQM8,6623.75,NQM8,6624.0,15.0,-0.25,false
2018-04-10T22:00:00.000000,NQM8,6626.25,NQM8,6624.5,61.0,1.75,false
2018-04-11T20:30:00.000000,NQM8,6593.0,NQM8,6592.0,16.0,1.0,false
2018-04-11T22:00:00.000000,NQM8,6595.25,NQM8,6595.5,61.0,-0.25,false
2018-04-12T20:30:00.000000,NQM8,6670.5,NQM8,6670.0,16.0,0.5,false
2018-04-12T22:00:00.000000,NQM8,6657.0,NQM8,6673.5,61.0,-16.5,false
2018-04-13T20:30:00.000000,NQM8,6641.5,NQM8,6639.5,16.0,2.0,false
2018-04-15T22:00:00.000000,NQM8,6677.0,NQM8,6642.25,2941.0,34.75,false
2018-04-16T20:30:00.000000,NQM8,6710.5,NQM8,6712.75,16.0,-2.25,false
2018-04-16T22:00:00.000000,NQM8,6704.0,NQM8,6703.5,61.0,0.5,false
2018-04-17T20:30:00.000000,NQM8,6828.25,NQM8,6828.5,16.0,-0.25,false
2018-04-17T22:00:00.000000,NQM8,6822.0,NQM8,6825.5,61.0,-3.5,false
2018-04-18T20:30:00.000000,NQM8,6843.5,NQM8,6843.0,16.0,0.5,false
2018-04-18T22:00:00.000000,NQM8,6854.25,NQM8,6846.75,61.0,7.5,false
2018-04-19T20:30:00.000000,NQM8,6778.0,NQM8,6777.0,16.0,1.0,false
2018-04-19T22:00:00.000000,NQM8,6779.25,NQM8,6777.0,61.0,2.25,false
2018-04-20T20:30:00.000000,NQM8,6676.5,NQM8,6676.75,16.0,-0.25,false
2018-04-22T22:00:00.000000,NQM8,6710.0,NQM8,6675.75,2941.0,34.25,false
2018-04-23T20:30:00.000000,NQM8,6663.5,NQM8,6665.5,16.0,-2.0,false
2018-04-23T22:00:00.000000,NQM8,6661.5,NQM8,6662.5,61.0,-1.0,false
2018-04-24T20:30:00.000000,NQM8,6526.75,NQM8,6525.0,16.0,1.75,false
2018-04-24T22:00:00.000000,NQM8,6526.5,NQM8,6526.5,61.0,0.0,false
2018-04-25T20:30:00.000000,NQM8,6570.25,NQM8,6554.75,16.0,15.5,false
2018-04-25T22:00:00.000000,NQM8,6601.25,NQM8,6573.0,61.0,28.25,false
2018-04-26T20:30:00.000000,NQM8,6741.75,NQM8,6736.25,16.0,5.5,false
2018-04-26T22:00:00.000000,NQM8,6741.25,NQM8,6742.25,61.0,-1.0,false
2018-04-27T20:30:00.000000,NQM8,6669.25,NQM8,6668.5,16.0,0.75,false
2018-04-29T22:30:00.000000,NQM8,6673.5,NQM8,6672.0,2971.0,1.5,false
2018-04-30T20:30:00.000000,NQM8,6612.0,NQM8,6612.75,16.0,-0.75,false
2018-04-30T22:00:00.000000,NQM8,6608.0,NQM8,6603.25,61.0,4.75,false
2018-05-01T20:30:00.000000,NQM8,6737.25,NQM8,6692.0,16.0,45.25,false
2018-05-01T22:00:00.000000,NQM8,6716.75,NQM8,6718.25,61.0,-1.5,false
2018-05-02T20:30:00.000000,NQM8,6637.5,NQM8,6632.5,16.0,5.0,false
2018-05-02T22:00:00.000000,NQM8,6628.0,NQM8,6628.75,61.0,-0.75,false
2018-05-03T20:30:00.000000,NQM8,6661.75,NQM8,6664.25,16.0,-2.5,false
2018-05-03T22:00:00.000000,NQM8,6669.0,NQM8,6666.0,61.0,3.0,false
2018-05-04T20:30:00.000000,NQM8,6776.25,NQM8,6776.0,16.0,0.25,false
2018-05-06T22:00:00.000000,NQM8,6774.0,NQM8,6779.25,2941.0,-5.25,false
2018-05-07T20:30:00.000000,NQM8,6825.25,NQM8,6825.25,15.0,0.0,false
2018-05-07T22:00:00.000000,NQM8,6816.75,NQM8,6818.5,61.0,-1.75,false
2018-05-08T20:30:00.000000,NQM8,6820.25,NQM8,6821.5,15.0,-1.25,false
2018-05-08T22:00:00.000000,NQM8,6825.25,NQM8,6822.0,61.0,3.25,false
2018-05-09T20:30:00.000000,NQM8,6897.75,NQM8,6896.0,15.0,1.75,false
2018-05-09T22:00:00.000000,NQM8,6896.75,NQM8,6897.0,61.0,-0.25,false
2018-05-10T20:30:00.000000,NQM8,6957.75,NQM8,6964.75,15.0,-7.0,false
2018-05-10T22:00:00.000000,NQM8,6953.25,NQM8,6952.5,60.0,0.75,false
2018-05-11T20:30:00.000000,NQM8,6960.75,NQM8,6960.25,15.0,0.5,false
2018-05-13T22:00:00.000000,NQM8,6977.25,NQM8,6957.0,2941.0,20.25,false
2018-05-14T20:30:00.000000,NQM8,6973.75,NQM8,6973.25,15.0,0.5,false
2018-05-14T22:00:00.000000,NQM8,6972.5,NQM8,6969.25,61.0,3.25,false
2018-05-15T20:30:00.000000,NQM8,6892.0,NQM8,6890.5,15.0,1.5,false
2018-05-15T22:00:00.000000,NQM8,6892.25,NQM8,6891.5,61.0,0.75,false
2018-05-16T20:30:00.000000,NQM8,6936.0,NQM8,6937.5,15.0,-1.5,false
2018-05-16T22:00:00.000000,NQM8,6936.75,NQM8,6934.25,60.0,2.5,false
2018-05-17T20:30:00.000000,NQM8,6906.5,NQM8,6905.5,15.0,1.0,false
2018-05-17T22:00:00.000000,NQM8,6904.5,NQM8,6904.25,61.0,0.25,false
2018-05-18T20:30:00.000000,NQM8,6873.75,NQM8,6874.25,15.0,-0.5,false
2018-05-20T22:00:00.000000,NQM8,6937.75,NQM8,6873.75,2941.0,64.0,false
2018-05-21T20:30:00.000000,NQM8,6914.75,NQM8,6915.25,15.0,-0.5,false
2018-05-21T22:00:00.000000,NQM8,6913.25,NQM8,6914.0,60.0,-0.75,false
2018-05-22T20:30:00.000000,NQM8,6909.75,NQM8,6909.25,15.0,0.5,false
2018-05-22T22:00:00.000000,NQM8,6906.0,NQM8,6908.5,60.0,-2.5,false
2018-05-23T20:30:00.000000,NQM8,6955.75,NQM8,6957.0,15.0,-1.25,false
2018-05-23T22:00:00.000000,NQM8,6957.25,NQM8,6957.0,61.0,0.25,false
2018-05-24T20:30:00.000000,NQM8,6954.75,NQM8,6956.5,15.0,-1.75,false
2018-05-24T22:00:00.000000,NQM8,6958.0,NQM8,6955.25,61.0,2.75,false
2018-05-25T20:30:00.000000,NQM8,6958.5,NQM8,6958.25,15.0,0.25,false
2018-05-27T22:00:00.000000,NQM8,6982.75,NQM8,6965.25,2940.0,17.5,false
2018-05-28T22:00:00.000000,NQM8,6992.5,NQM8,6992.5,301.0,0.0,false
2018-05-29T20:30:00.000000,NQM8,6944.5,NQM8,6944.25,15.0,0.25,false
2018-05-29T22:00:00.000000,NQM8,6944.5,NQM8,6948.0,60.0,-3.5,false
2018-05-30T20:30:00.000000,NQM8,6989.0,NQM8,6988.25,15.0,0.75,false
2018-05-30T22:00:00.000000,NQM8,6972.75,NQM8,6984.0,60.0,-11.25,false
2018-05-31T20:30:00.000000,NQM8,6979.75,NQM8,6978.5,15.0,1.25,false
2018-05-31T22:00:00.000000,NQM8,6978.75,NQM8,6983.0,61.0,-4.25,false
2018-06-01T20:30:00.000000,NQM8,7081.25,NQM8,7082.25,15.0,-1.0,false
2018-06-03T22:00:00.000000,NQM8,7078.25,NQM8,7085.75,2941.0,-7.5,false
2018-06-04T20:30:00.000000,NQM8,7148.5,NQM8,7148.25,15.0,0.25,false
2018-06-04T22:00:00.000000,NQM8,7149.0,NQM8,7149.25,61.0,-0.25,false
2018-06-05T20:30:00.000000,NQM8,7178.25,NQM8,7179.75,15.0,-1.5,false
2018-06-05T22:00:00.000000,NQM8,7181.25,NQM8,7183.25,61.0,-2.0,false
2018-06-06T20:30:00.000000,NQM8,7215.25,NQM8,7215.0,15.0,0.25,false
2018-06-06T22:00:00.000000,NQM8,7215.5,NQM8,7217.25,61.0,-1.75,false
2018-06-07T20:30:00.000000,NQM8,7157.5,NQM8,7161.0,15.0,-3.5,false
2018-06-07T22:00:00.000000,NQM8,7158.75,NQM8,7161.75,60.0,-3.0,false
2018-06-08T20:30:00.000000,NQU8,7177.25,NQU8,7175.75,15.0,1.5,false
2018-06-10T22:00:00.000000,NQU8,7160.25,NQU8,7175.0,2940.0,-14.75,false
2018-06-11T20:30:00.000000,NQU8,7196.25,NQU8,7195.0,15.0,1.25,false
2018-06-11T22:00:00.000000,NQU8,7194.5,NQU8,7190.5,61.0,4.0,false
2018-06-12T20:30:00.000000,NQU8,7227.5,NQU8,7225.75,15.0,1.75,false
2018-06-12T22:00:00.000000,NQU8,7241.0,NQU8,7241.75,60.0,-0.75,false
2018-06-13T20:30:00.000000,NQU8,7232.0,NQU8,7230.25,15.0,1.75,false
2018-06-13T22:00:00.000000,NQU8,7235.25,NQU8,7232.75,60.0,2.5,false
2018-06-14T20:30:00.000000,NQU8,7310.0,NQU8,7312.0,15.0,-2.0,false
2018-06-14T22:00:00.000000,NQU8,7304.5,NQU8,7311.75,61.0,-7.25,false
2018-06-15T20:30:00.000000,NQU8,7282.75,NQU8,7280.75,15.0,2.0,false
2018-06-17T22:00:00.000000,NQU8,7277.25,NQU8,7277.0,2940.0,0.25,false
2018-06-18T20:30:00.000000,NQU8,7274.75,NQU8,7275.5,16.0,-0.75,false
2018-06-18T22:00:00.000000,NQU8,7276.25,NQU8,7273.5,60.0,2.75,false
2018-06-19T20:30:00.000000,NQU8,7252.5,NQU8,7252.5,15.0,0.0,false
2018-06-19T22:00:00.000000,NQU8,7253.75,NQU8,7255.25,61.0,-1.5,false
2018-06-20T20:30:00.000000,NQU8,7314.25,NQU8,7312.0,15.0,2.25,false
2018-06-20T22:00:00.000000,NQU8,7312.75,NQU8,7313.75,61.0,-1.0,false
2018-06-21T20:30:00.000000,NQU8,7234.75,NQU8,7236.75,15.0,-2.0,false
2018-06-21T22:00:00.000000,NQU8,7227.0,NQU8,7228.25,60.0,-1.25,false
2018-06-22T20:30:00.000000,NQU8,7224.5,NQU8,7223.5,15.0,1.0,false
2018-06-24T22:00:00.000000,NQU8,7219.75,NQU8,7219.0,2940.0,0.75,false
2018-06-25T20:30:00.000000,NQU8,7070.75,NQU8,7072.5,15.0,-1.75,false
2018-06-25T22:00:00.000000,NQU8,7069.75,NQU8,7069.5,61.0,0.25,false
2018-06-26T20:30:00.000000,NQU8,7102.25,NQU8,7104.75,15.0,-2.5,false
2018-06-26T22:00:00.000000,NQU8,7100.25,NQU8,7092.75,60.0,7.5,false
2018-06-27T20:30:00.000000,NQU8,6998.0,NQU8,7000.75,15.0,-2.75,false
2018-06-27T22:00:00.000000,NQU8,6992.75,NQU8,6999.25,61.0,-6.5,false
2018-06-28T20:30:00.000000,NQU8,7058.0,NQU8,7060.0,15.0,-2.0,false
2018-06-28T22:00:00.000000,NQU8,7058.5,NQU8,7057.0,60.0,1.5,false
2018-06-29T20:30:00.000000,NQU8,7072.0,NQU8,7073.0,15.0,-1.0,false
2018-07-01T22:00:00.000000,NQU8,7078.25,NQU8,7067.75,2940.0,10.5,false
2018-07-02T20:30:00.000000,NQU8,7117.75,NQU8,7117.0,15.0,0.75,false
2018-07-02T22:00:00.000000,NQU8,7112.0,NQU8,7115.75,61.0,-3.75,false
2018-07-03T22:00:00.000000,NQU8,7017.5,NQU8,7023.0,286.0,-5.5,false
2018-07-04T22:00:00.000000,NQU8,7041.0,NQU8,7042.5,300.0,-1.5,false
2018-07-05T20:30:00.000000,NQU8,7125.25,NQU8,7125.75,15.0,-0.5,false
2018-07-05T22:00:00.000000,NQU8,7117.75,NQU8,7125.75,61.0,-8.0,false
2018-07-06T20:30:00.000000,NQU8,7232.0,NQU8,7232.0,15.0,0.0,false
2018-07-08T22:00:00.000000,NQU8,7236.0,NQU8,7231.0,2940.0,5.0,false
2018-07-09T20:30:00.000000,NQU8,7302.0,NQU8,7301.0,15.0,1.0,false
2018-07-09T22:00:00.000000,NQU8,7298.25,NQU8,7303.0,60.0,-4.75,false
2018-07-10T20:30:00.000000,NQU8,7301.75,NQU8,7301.25,15.0,0.5,false
2018-07-10T22:00:00.000000,NQU8,7268.25,NQU8,7273.0,61.0,-4.75,false
2018-07-11T20:30:00.000000,NQU8,7251.0,NQU8,7252.25,15.0,-1.25,false
2018-07-11T22:00:00.000000,NQU8,7257.0,NQU8,7255.0,61.0,2.0,false
2018-07-12T20:30:00.000000,NQU8,7381.5,NQU8,7382.25,15.0,-0.75,false
2018-07-12T22:00:00.000000,NQU8,7380.5,NQU8,7383.5,60.0,-3.0,false
2018-07-13T20:30:00.000000,NQU8,7392.75,NQU8,7392.0,15.0,0.75,false
2018-07-15T22:00:00.000000,NQU8,7401.5,NQU8,7397.75,2940.0,3.75,false
2018-07-16T20:30:00.000000,NQU8,7321.25,NQU8,7323.75,15.0,-2.5,false
2018-07-16T22:00:00.000000,NQU8,7318.5,NQU8,7321.5,60.0,-3.0,false
2018-07-17T20:30:00.000000,NQU8,7423.75,NQU8,7420.75,15.0,3.0,false
2018-07-17T22:00:00.000000,NQU8,7426.0,NQU8,7425.0,61.0,1.0,false
2018-07-18T20:30:00.000000,NQU8,7401.75,NQU8,7403.5,15.0,-1.75,false
2018-07-18T22:00:00.000000,NQU8,7400.75,NQU8,7398.25,60.0,2.5,false
2018-07-19T20:30:00.000000,NQU8,7369.75,NQU8,7368.25,15.0,1.5,false
2018-07-19T22:00:00.000000,NQU8,7385.25,NQU8,7366.25,60.0,19.0,false
2018-07-20T20:30:00.000000,NQU8,7360.5,NQU8,7359.25,15.0,1.25,false
2018-07-22T22:00:00.000000,NQU8,7373.5,NQU8,7366.0,2941.0,7.5,false
2018-07-23T20:30:00.000000,NQU8,7424.75,NQU8,7430.0,15.0,-5.25,false
2018-07-23T22:00:00.000000,NQU8,7418.75,NQU8,7420.25,60.0,-1.5,false
2018-07-24T20:30:00.000000,NQU8,7414.0,NQU8,7415.25,15.0,-1.25,false
2018-07-24T22:00:00.000000,NQU8,7411.5,NQU8,7411.75,60.0,-0.25,false
2018-07-25T20:30:00.000000,NQU8,7476.75,NQU8,7471.25,15.0,5.5,false
2018-07-25T22:00:00.000000,NQU8,7406.75,NQU8,7484.0,60.0,-77.25,false
2018-07-26T20:30:00.000000,NQU8,7420.0,NQU8,7430.75,15.0,-10.75,false
2018-07-26T22:00:00.000000,NQU8,7432.25,NQU8,7426.0,60.0,6.25,false
2018-07-27T20:30:00.000000,NQU8,7299.25,NQU8,7300.75,15.0,-1.5,false
2018-07-29T22:00:00.000000,NQU8,7296.75,NQU8,7299.75,2940.0,-3.0,false
2018-07-30T20:30:00.000000,NQU8,7202.25,NQU8,7200.0,15.0,2.25,false
2018-07-30T22:00:00.000000,NQU8,7210.0,NQU8,7208.0,60.0,2.0,false
2018-07-31T20:30:00.000000,NQU8,7287.25,NQU8,7262.75,15.0,24.5,false
2018-07-31T22:00:00.000000,NQU8,7291.75,NQU8,7292.5,61.0,-0.75,false
2018-08-01T20:30:00.000000,NQU8,7278.0,NQU8,7276.5,15.0,1.5,false
2018-08-01T22:00:00.000000,NQU8,7290.25,NQU8,7286.0,60.0,4.25,false
2018-08-02T20:30:00.000000,NQU8,7385.0,NQU8,7385.5,15.0,-0.5,false
2018-08-02T22:00:00.000000,NQU8,7388.5,NQU8,7392.75,60.0,-4.25,false
2018-08-03T20:30:00.000000,NQU8,7402.25,NQU8,7402.25,15.0,0.0,false
2018-08-05T21:59:00.000000,NQU8,7406.0,NQU8,7406.0,2939.0,0.0,false
2018-08-06T20:30:00.000000,NQU8,7445.25,NQU8,7444.0,16.0,1.25,false
2018-08-06T22:00:00.000000,NQU8,7442.0,NQU8,7442.5,61.0,-0.5,false
2018-08-07T20:30:00.000000,NQU8,7476.25,NQU8,7477.75,16.0,-1.5,false
2018-08-07T22:00:00.000000,NQU8,7474.25,NQU8,7480.5,61.0,-6.25,false
2018-08-08T20:30:00.000000,NQU8,7468.75,NQU8,7471.0,16.0,-2.25,false
2018-08-08T22:00:00.000000,NQU8,7464.5,NQU8,7462.75,61.0,1.75,false
2018-08-09T20:30:00.000000,NQU8,7474.25,NQU8,7475.75,16.0,-1.5,false
2018-08-09T22:00:00.000000,NQU8,7470.75,NQU8,7469.5,61.0,1.25,false
2018-08-10T20:30:00.000000,NQU8,7430.5,NQU8,7428.0,16.0,2.5,false
2018-08-12T22:00:00.000000,NQU8,7414.0,NQU8,7432.25,2941.0,-18.25,false
2018-08-13T20:30:00.000000,NQU8,7420.25,NQU8,7416.25,16.0,4.0,false
2018-08-13T22:00:00.000000,NQU8,7419.75,NQU8,7418.5,61.0,1.25,false
2018-08-14T20:30:00.000000,NQU8,7459.25,NQU8,7458.25,16.0,1.0,false
2018-08-14T22:00:00.000000,NQU8,7461.25,NQU8,7462.0,61.0,-0.75,false
2018-08-15T20:30:00.000000,NQU8,7377.25,NQU8,7375.0,16.0,2.25,false
2018-08-15T22:00:00.000000,NQU8,7378.5,NQU8,7380.0,61.0,-1.5,false
2018-08-16T20:30:00.000000,NQU8,7383.5,NQU8,7391.0,16.0,-7.5,false
2018-08-16T22:00:00.000000,NQU8,7380.0,NQU8,7381.25,61.0,-1.25,false
2018-08-17T20:30:00.000000,NQU8,7388.5,NQU8,7388.0,16.0,0.5,false
2018-08-19T22:00:00.000000,NQU8,7393.75,NQU8,7390.5,2941.0,3.25,false
2018-08-20T20:30:00.000000,NQU8,7384.5,NQU8,7387.5,16.0,-3.0,false
2018-08-20T22:00:00.000000,NQU8,7378.75,NQU8,7380.25,61.0,-1.5,false
2018-08-21T20:30:00.000000,NQU8,7397.25,NQU8,7396.0,16.0,1.25,false
2018-08-21T22:00:00.000000,NQU8,7375.0,NQU8,7377.0,61.0,-2.0,false
2018-08-22T20:30:00.000000,NQU8,7432.25,NQU8,7432.0,16.0,0.25,false
2018-08-22T22:00:00.000000,NQU8,7436.5,NQU8,7434.25,61.0,2.25,false
2018-08-23T20:30:00.000000,NQU8,7424.0,NQU8,7424.75,16.0,-0.75,false
2018-08-23T22:00:00.000000,NQU8,7425.5,NQU8,7425.5,61.0,0.0,false
2018-08-24T20:30:00.000000,NQU8,7495.75,NQU8,7495.75,16.0,0.0,false
2018-08-26T22:00:00.000000,NQU8,7498.75,NQU8,7496.5,2941.0,2.25,false
2018-08-27T20:30:00.000000,NQU8,7568.75,NQU8,7568.25,16.0,0.5,false
2018-08-27T22:00:00.000000,NQU8,7573.5,NQU8,7568.25,61.0,5.25,false
2018-08-28T20:30:00.000000,NQU8,7580.0,NQU8,7578.75,16.0,1.25,false
2018-08-28T22:00:00.000000,NQU8,7582.0,NQU8,7580.75,61.0,1.25,false
2018-08-29T20:30:00.000000,NQU8,7670.25,NQU8,7669.25,16.0,1.0,false
2018-08-29T22:00:00.000000,NQU8,7672.25,NQU8,7672.5,61.0,-0.25,false
2018-08-30T20:30:00.000000,NQU8,7647.75,NQU8,7648.75,16.0,-1.0,false
2018-08-30T22:00:00.000000,NQU8,7642.0,NQU8,7642.5,61.0,-0.5,false
2018-08-31T20:30:00.000000,NQU8,7666.25,NQU8,7668.25,16.0,-2.0,false
2018-09-02T22:00:00.000000,NQU8,7671.5,NQU8,7674.0,2941.0,-2.5,false
2018-09-03T22:00:00.000000,NQU8,7679.0,NQU8,7681.25,301.0,-2.25,false
2018-09-04T20:30:00.000000,NQU8,7640.75,NQU8,7640.0,16.0,0.75,false
2018-09-04T22:00:00.000000,NQU8,7639.5,NQU8,7642.0,61.0,-2.5,false
2018-09-05T20:30:00.000000,NQU8,7533.5,NQU8,7531.75,16.0,1.75,false
2018-09-05T22:00:00.000000,NQU8,7533.0,NQU8,7536.0,61.0,-3.0,false
2018-09-06T20:30:00.000000,NQU8,7458.25,NQU8,7456.5,16.0,1.75,false
2018-09-06T22:00:00.000000,NQU8,7454.5,NQU8,7455.5,61.0,-1.0,false
2018-09-07T20:30:00.000000,NQU8,7435.5,NQU8,7439.75,16.0,-4.25,false
2018-09-09T22:00:00.000000,NQU8,7435.0,NQU8,7434.0,2941.0,1.0,false
2018-09-10T20:30:00.000000,NQU8,7460.5,NQU8,7460.75,16.0,-0.25,false
2018-09-10T22:00:00.000000,NQU8,7461.25,NQU8,7460.5,61.0,0.75,false
2018-09-11T20:30:00.000000,NQU8,7514.0,NQU8,7511.75,16.0,2.25,false
2018-09-11T22:00:00.000000,NQU8,7517.25,NQU8,7514.5,61.0,2.75,false
2018-09-12T20:30:00.000000,NQU8,7484.5,NQU8,7485.75,16.0,-1.25,false
2018-09-12T22:00:00.000000,NQU8,7479.75,NQU8,7482.0,61.0,-2.25,false
2018-09-13T20:30:00.000000,NQU8,7566.0,NQU8,7565.0,16.0,1.0,false
2018-09-13T22:00:00.000000,NQU8,7561.75,NQU8,7565.5,61.0,-3.75,false
2018-09-14T20:30:00.000000,NQZ8,7575.0,NQZ8,7574.0,16.0,1.0,false
2018-09-16T22:00:00.000000,NQZ8,7563.0,NQZ8,7574.0,2941.0,-11.0,false
2018-09-17T20:30:00.000000,NQZ8,7466.75,NQZ8,7464.5,16.0,2.25,false
2018-09-17T22:00:00.000000,NQZ8,7463.25,NQZ8,7464.75,61.0,-1.5,false
2018-09-18T20:30:00.000000,NQZ8,7525.25,NQZ8,7525.0,16.0,0.25,false
2018-09-18T22:00:00.000000,NQZ8,7531.0,NQZ8,7529.25,61.0,1.75,false
2018-09-19T20:30:00.000000,NQZ8,7527.25,NQZ8,7526.0,16.0,1.25,false
2018-09-19T22:00:00.000000,NQZ8,7528.75,NQZ8,7529.0,61.0,-0.25,false
2018-09-20T20:30:00.000000,NQZ8,7610.75,NQZ8,7609.5,16.0,1.25,false
2018-09-20T22:00:00.000000,NQZ8,7601.75,NQZ8,7613.25,61.0,-11.5,false
2018-09-21T20:30:00.000000,NQZ8,7551.75,NQZ8,7551.75,16.0,0.0,false
2018-09-23T22:00:00.000000,NQZ8,7532.5,NQZ8,7547.5,2941.0,-15.0,false
2018-09-24T20:30:00.000000,NQZ8,7587.25,NQZ8,7585.75,16.0,1.5,false
2018-09-24T22:00:00.000000,NQZ8,7591.75,NQZ8,7591.0,61.0,0.75,false
2018-09-25T20:30:00.000000,NQZ8,7596.0,NQZ8,7595.5,16.0,0.5,false
2018-09-25T22:00:00.000000,NQZ8,7599.0,NQZ8,7598.5,61.0,0.5,false
2018-09-26T20:30:00.000000,NQZ8,7591.75,NQZ8,7590.5,16.0,1.25,false
2018-09-26T22:00:00.000000,NQZ8,7592.25,NQZ8,7590.25,61.0,2.0,false
2018-09-27T20:30:00.000000,NQZ8,7655.0,NQZ8,7658.0,16.0,-3.0,false
2018-09-27T22:00:00.000000,NQZ8,7664.0,NQZ8,7665.0,61.0,-1.0,false
2018-09-28T20:30:00.000000,NQZ8,7664.25,NQZ8,7663.75,16.0,0.5,false
2018-09-30T22:00:00.000000,NQZ8,7678.75,NQZ8,7668.25,2941.0,10.5,false
2018-10-01T20:30:00.000000,NQZ8,7678.0,NQZ8,7674.0,16.0,4.0,false
2018-10-01T22:00:00.000000,NQZ8,7672.25,NQZ8,7674.75,61.0,-2.5,false
2018-10-02T20:30:00.000000,NQZ8,7653.75,NQZ8,7653.25,16.0,0.5,false
2018-10-02T22:00:00.000000,NQZ8,7655.75,NQZ8,7658.25,61.0,-2.5,false
2018-10-03T20:30:00.000000,NQZ8,7665.0,NQZ8,7665.5,16.0,-0.5,false
2018-10-03T22:00:00.000000,NQZ8,7643.0,NQZ8,7651.5,61.0,-8.5,false
2018-10-04T20:30:00.000000,NQZ8,7510.0,NQZ8,7513.0,16.0,-3.0,false
2018-10-04T22:00:00.000000,NQZ8,7519.25,NQZ8,7523.5,61.0,-4.25,false
2018-10-05T20:30:00.000000,NQZ8,7434.5,NQZ8,7436.25,16.0,-1.75,false
2018-10-07T22:00:00.000000,NQZ8,7450.75,NQZ8,7438.25,2941.0,12.5,false
2018-10-08T20:30:00.000000,NQZ8,7391.75,NQZ8,7392.5,16.0,-0.75,false
2018-10-08T22:00:00.000000,NQZ8,7390.75,NQZ8,7392.0,61.0,-1.25,false
2018-10-09T20:30:00.000000,NQZ8,7400.0,NQZ8,7397.75,16.0,2.25,false
2018-10-09T22:00:00.000000,NQZ8,7393.75,NQZ8,7394.75,61.0,-1.0,false
2018-10-10T20:30:00.000000,NQZ8,7036.25,NQZ8,7030.0,16.0,6.25,false
2018-10-10T22:00:00.000000,NQZ8,7016.75,NQZ8,7003.25,61.0,13.5,false
2018-10-11T20:30:00.000000,NQZ8,7048.0,NQZ8,7033.0,16.0,15.0,false
2018-10-11T22:00:00.000000,NQZ8,7044.75,NQZ8,7043.0,61.0,1.75,false
2018-10-12T20:30:00.000000,NQZ8,7172.5,NQZ8,7173.25,16.0,-0.75,false
2018-10-14T22:00:00.000000,NQZ8,7165.0,NQZ8,7184.75,2941.0,-19.75,false
2018-10-15T20:30:00.000000,NQZ8,7076.0,NQZ8,7076.25,16.0,-0.25,false
2018-10-15T22:00:00.000000,NQZ8,7074.5,NQZ8,7069.75,61.0,4.75,false
2018-10-16T20:30:00.000000,NQZ8,7344.5,NQZ8,7357.5,16.0,-13.0,false
2018-10-16T22:00:00.000000,NQZ8,7339.75,NQZ8,7340.5,61.0,-0.75,false
2018-10-17T20:30:00.000000,NQZ8,7314.0,NQZ8,7313.0,16.0,1.0,false
2018-10-17T22:00:00.000000,NQZ8,7305.5,NQZ8,7314.75,61.0,-9.25,false
2018-10-18T20:30:00.000000,NQZ8,7140.5,NQZ8,7139.25,16.0,1.25,false
2018-10-18T22:00:00.000000,NQZ8,7153.25,NQZ8,7156.0,61.0,-2.75,false
2018-10-19T20:30:00.000000,NQZ8,7107.75,NQZ8,7107.75,16.0,0.0,false
2018-10-21T22:00:00.000000,NQZ8,7084.0,NQZ8,7104.5,2941.0,-20.5,false
2018-10-22T20:30:00.000000,NQZ8,7152.0,NQZ8,7154.75,16.0,-2.75,false
2018-10-22T22:00:00.000000,NQZ8,7153.75,NQZ8,7159.0,61.0,-5.25,false
2018-10-23T20:30:00.000000,NQZ8,7140.5,NQZ8,7141.0,16.0,-0.5,false
2018-10-23T22:00:00.000000,NQZ8,7137.75,NQZ8,7141.75,61.0,-4.0,false
2018-10-24T20:30:00.000000,NQZ8,6859.5,NQZ8,6838.5,16.0,21.0,false
2018-10-24T22:00:00.000000,NQZ8,6871.25,NQZ8,6876.25,61.0,-5.0,false
2018-10-25T20:30:00.000000,NQZ8,6931.5,NQZ8,6921.25,16.0,10.25,false
2018-10-25T22:00:00.000000,NQZ8,6875.0,NQZ8,6890.0,61.0,-15.0,false
2018-10-26T20:30:00.000000,NQZ8,6884.25,NQZ8,6893.5,16.0,-9.25,false
2018-10-28T22:00:00.000000,NQZ8,6895.0,NQZ8,6868.5,2941.0,26.5,false
2018-10-29T20:30:00.000000,NQZ8,6729.25,NQZ8,6733.25,16.0,-4.0,false
2018-10-29T22:00:00.000000,NQZ8,6717.75,NQZ8,6722.0,61.0,-4.25,false
2018-10-30T20:30:00.000000,NQZ8,6831.75,NQZ8,6814.0,16.0,17.75,false
2018-10-30T22:00:00.000000,NQZ8,6853.25,NQZ8,6843.75,61.0,9.5,false
2018-10-31T20:30:00.000000,NQZ8,6962.5,NQZ8,6957.0,16.0,5.5,false
2018-10-31T22:00:00.000000,NQZ8,6963.75,NQZ8,6959.0,61.0,4.75,false
2018-11-01T20:30:00.000000,NQZ8,7032.5,NQZ8,7077.25,16.0,-44.75,false
2018-11-01T22:00:00.000000,NQZ8,6985.5,NQZ8,7029.0,61.0,-43.5,false
2018-11-02T20:30:00.000000,NQZ8,6976.5,NQZ8,6979.0,16.0,-2.5,false
2018-11-04T23:00:00.000000,NQZ8,6972.0,NQZ8,6975.75,3001.0,-3.75,false
2018-11-05T21:30:00.000000,NQZ8,6949.5,NQZ8,6947.0,16.0,2.5,false
2018-11-05T23:00:00.000000,NQZ8,6942.25,NQZ8,6949.0,61.0,-6.75,false
2018-11-06T21:30:00.000000,NQZ8,7013.75,NQZ8,7016.5,16.0,-2.75,false
2018-11-06T23:00:00.000000,NQZ8,7010.25,NQZ8,7013.5,61.0,-3.25,false
2018-11-07T21:30:00.000000,NQZ8,7217.5,NQZ8,7218.5,16.0,-1.0,false
2018-11-07T23:00:00.000000,NQZ8,7212.75,NQZ8,7219.5,61.0,-6.75,false
2018-11-08T21:30:00.000000,NQZ8,7165.25,NQZ8,7167.75,16.0,-2.5,false
2018-11-08T23:00:00.000000,NQZ8,7144.5,NQZ8,7149.75,61.0,-5.25,false
2018-11-09T21:30:00.000000,NQZ8,7029.25,NQZ8,7031.25,16.0,-2.0,false
2018-11-11T23:00:00.000000,NQZ8,7030.0,NQZ8,7029.0,2941.0,1.0,false
2018-11-12T21:30:00.000000,NQZ8,6837.75,NQZ8,6836.75,16.0,1.0,false
2018-11-12T23:00:00.000000,NQZ8,6846.75,NQZ8,6841.25,61.0,5.5,false
2018-11-13T21:30:00.000000,NQZ8,6850.75,NQZ8,6851.5,16.0,-0.75,false
2018-11-13T23:00:00.000000,NQZ8,6857.25,NQZ8,6855.75,61.0,1.5,false
2018-11-14T21:30:00.000000,NQZ8,6773.25,NQZ8,6768.25,16.0,5.0,false
2018-11-14T23:00:00.000000,NQZ8,6778.25,NQZ8,6782.25,61.0,-4.0,false
2018-11-15T21:30:00.000000,NQZ8,6890.0,NQZ8,6916.25,16.0,-26.25,false
2018-11-15T23:00:00.000000,NQZ8,6872.0,NQZ8,6888.25,61.0,-16.25,false
2018-11-16T21:30:00.000000,NQZ8,6896.0,NQZ8,6893.25,16.0,2.75,false
2018-11-18T23:00:00.000000,NQZ8,6867.5,NQZ8,6897.25,2941.0,-29.75,false
2018-11-19T21:30:00.000000,NQZ8,6670.25,NQZ8,6672.0,16.0,-1.75,false
2018-11-19T23:00:00.000000,NQZ8,6666.5,NQZ8,6674.5,61.0,-8.0,false
2018-11-20T21:30:00.000000,NQZ8,6534.25,NQZ8,6532.5,16.0,1.75,false
2018-11-20T23:00:00.000000,NQZ8,6522.75,NQZ8,6523.0,61.0,-0.25,false
2018-11-21T21:30:00.000000,NQZ8,6574.75,NQZ8,6575.75,16.0,-1.0,false
2018-11-21T23:00:00.000000,NQZ8,6583.0,NQZ8,6579.25,61.0,3.75,false
2018-11-22T23:00:00.000000,NQZ8,6533.25,NQZ8,6521.0,301.0,12.25,false
2018-11-25T23:00:00.000000,NQZ8,6534.25,NQZ8,6530.5,3166.0,3.75,false
2018-11-26T21:30:00.000000,NQZ8,6653.0,NQZ8,6670.0,16.0,-17.0,false
2018-11-26T23:00:00.000000,NQZ8,6639.25,NQZ8,6639.75,61.0,-0.5,false
2018-11-27T21:30:00.000000,NQZ8,6715.5,NQZ8,6712.25,16.0,3.25,false
2018-11-27T23:00:00.000000,NQZ8,6726.25,NQZ8,6717.5,61.0,8.75,false
2018-11-28T21:30:00.000000,NQZ8,6919.0,NQZ8,6919.25,16.0,-0.25,false
2018-11-28T23:00:00.000000,NQZ8,6904.5,NQZ8,6916.0,61.0,-11.5,false
2018-11-29T21:30:00.000000,NQZ8,6909.25,NQZ8,6912.25,16.0,-3.0,false
2018-11-29T23:00:00.000000,NQZ8,6902.25,NQZ8,6907.0,61.0,-4.75,false
2018-11-30T21:30:00.000000,NQZ8,6963.25,NQZ8,6965.75,16.0,-2.5,false
2018-12-02T23:00:00.000000,NQZ8,7070.5,NQZ8,6966.25,2941.0,104.25,false
2018-12-03T21:30:00.000000,NQZ8,7058.25,NQZ8,7059.0,16.0,-0.75,false
2018-12-03T23:00:00.000000,NQZ8,7045.75,NQZ8,7054.75,61.0,-9.0,false
2018-12-04T21:30:00.000000,NQZ8,6794.25,NQZ8,6802.75,16.0,-8.5,false
2018-12-04T23:00:00.000000,NQZ8,6796.75,NQZ8,6802.25,61.0,-5.5,false
2018-12-05T23:00:00.000000,NQZ8,6748.25,NQZ8,6848.25,511.0,-100.0,false
2018-12-06T21:30:00.000000,NQZ8,6844.25,NQZ8,6826.5,16.0,17.75,false
2018-12-06T23:00:00.000000,NQZ8,6839.25,NQZ8,6842.25,61.0,-3.0,false
2018-12-07T21:30:00.000000,NQZ8,6618.0,NQZ8,6620.5,16.0,-2.5,false
2018-12-09T23:00:00.000000,NQZ8,6586.25,NQZ8,6631.5,2941.0,-45.25,false
2018-12-10T21:30:00.000000,NQZ8,6704.25,NQZ8,6699.0,16.0,5.25,false
2018-12-10T23:00:00.000000,NQZ8,6694.0,NQZ8,6695.0,61.0,-1.0,false
2018-12-11T21:30:00.000000,NQZ8,6710.0,NQZ8,6715.75,16.0,-5.75,false
2018-12-11T23:00:00.000000,NQZ8,6699.0,NQZ8,6681.75,61.0,17.25,false
2018-12-12T21:30:00.000000,NQZ8,6762.0,NQZ8,6766.25,16.0,-4.25,false
2018-12-12T23:00:00.000000,NQZ8,6771.5,NQZ8,6765.25,61.0,6.25,false
2018-12-13T21:30:00.000000,NQZ8,6753.25,NQZ8,6749.5,16.0,3.75,false
2018-12-13T23:00:00.000000,NQZ8,6747.5,NQZ8,6745.75,61.0,1.75,false
2018-12-14T21:30:00.000000,NQH9,6618.25,NQH9,6621.25,16.0,-3.0,false
2018-12-16T23:00:00.000000,NQH9,6607.25,NQH9,6607.25,2941.0,0.0,false
2018-12-17T21:30:00.000000,NQH9,6480.75,NQH9,6488.5,16.0,-7.75,false
2018-12-17T23:00:00.000000,NQH9,6495.0,NQH9,6493.25,61.0,1.75,false
2018-12-18T21:30:00.000000,NQH9,6463.0,NQH9,6479.5,16.0,-16.5,false
2018-12-18T23:00:00.000000,NQH9,6467.25,NQH9,6461.75,61.0,5.5,false
2018-12-19T21:30:00.000000,NQH9,6353.0,NQH9,6352.75,16.0,0.25,false
2018-12-19T23:00:00.000000,NQH9,6338.75,NQH9,6349.0,61.0,-10.25,false
2018-12-20T21:30:00.000000,NQH9,6319.25,NQH9,6326.5,16.0,-7.25,false
2018-12-20T23:00:00.000000,NQH9,6321.0,NQH9,6322.75,61.0,-1.75,false
2018-12-21T21:30:00.000000,NQH9,6070.0,NQH9,6057.25,16.0,12.75,false
2018-12-23T23:00:00.000000,NQH9,6021.0,NQH9,6080.75,2941.0,-59.75,false
2018-12-25T23:00:00.000000,NQH9,5915.0,NQH9,5894.0,1726.0,21.0,false
2018-12-26T21:30:00.000000,NQH9,6276.75,NQH9,6283.0,16.0,-6.25,false
2018-12-26T23:00:00.000000,NQH9,6282.5,NQH9,6276.75,61.0,5.75,false
2018-12-27T21:30:00.000000,NQH9,6303.5,NQH9,6318.75,16.0,-15.25,false
2018-12-27T23:00:00.000000,NQH9,6309.75,NQH9,6308.75,61.0,1.0,false
2018-12-28T21:30:00.000000,NQH9,6290.0,NQH9,6296.0,16.0,-6.0,false
2018-12-30T23:00:00.000000,NQH9,6346.5,NQH9,6296.25,2941.0,50.25,false
2018-12-31T21:30:00.000000,NQH9,6354.75,NQH9,6352.75,16.0,2.0,false
2019-01-01T23:00:00.000000,NQH9,6353.0,NQH9,6352.25,1501.0,0.75,false
2019-01-02T21:30:00.000000,NQH9,6352.25,NQH9,6370.0,16.0,-17.75,false
2019-01-02T23:00:00.000000,NQH9,6232.5,NQH9,6261.25,61.0,-28.75,false
2019-01-03T21:30:00.000000,NQH9,6164.25,NQH9,6163.5,16.0,0.75,false
2019-01-03T23:00:00.000000,NQH9,6174.0,NQH9,6172.25,61.0,1.75,false
2019-01-04T21:30:00.000000,NQH9,6431.75,NQH9,6432.25,16.0,-0.5,false
2019-01-06T23:00:00.000000,NQH9,6445.25,NQH9,6431.75,2941.0,13.5,false
2019-01-07T21:30:00.000000,NQH9,6498.75,NQH9,6494.75,16.0,4.0,false
2019-01-07T23:00:00.000000,NQH9,6505.75,NQH9,6505.0,61.0,0.75,false
2019-01-08T21:30:00.000000,NQH9,6554.75,NQH9,6554.75,16.0,0.0,false
2019-01-08T23:00:00.000000,NQH9,6553.25,NQH9,6551.75,61.0,1.5,false
2019-01-09T21:30:00.000000,NQH9,6605.5,NQH9,6604.0,16.0,1.5,false
2019-01-09T23:00:00.000000,NQH9,6601.75,NQH9,6603.5,61.0,-1.75,false
2019-01-10T21:30:00.000000,NQH9,6624.75,NQH9,6624.25,16.0,0.5,false
2019-01-10T23:00:00.000000,NQH9,6618.75,NQH9,6627.75,61.0,-9.0,false
2019-01-11T21:30:00.000000,NQH9,6612.5,NQH9,6612.5,16.0,0.0,false
2019-01-13T23:00:00.000000,NQH9,6595.75,NQH9,6615.5,2941.0,-19.75,false
2019-01-14T21:30:00.000000,NQH9,6547.0,NQH9,6546.0,16.0,1.0,false
2019-01-14T23:00:00.000000,NQH9,6543.5,NQH9,6546.0,61.0,-2.5,false
2019-01-15T21:30:00.000000,NQH9,6675.0,NQH9,6674.75,16.0,0.25,false
2019-01-15T23:00:00.000000,NQH9,6680.75,NQH9,6678.5,61.0,2.25,false
2019-01-16T21:30:00.000000,NQH9,6670.25,NQH9,6666.25,16.0,4.0,false
2019-01-16T23:00:00.000000,NQH9,6666.25,NQH9,6671.5,61.0,-5.25,false
2019-01-17T21:30:00.000000,NQH9,6723.25,NQH9,6720.0,16.0,3.25,false
2019-01-17T23:00:00.000000,NQH9,6724.0,NQH9,6730.75,61.0,-6.75,false
2019-01-18T21:30:00.000000,NQH9,6792.5,NQH9,6792.5,16.0,0.0,false
2019-01-20T23:00:00.000000,NQH9,6790.0,NQH9,6805.5,2941.0,-15.5,false
2019-01-21T23:00:00.000000,NQH9,6758.25,NQH9,6761.5,301.0,-3.25,false
2019-01-22T21:30:00.000000,NQH9,6654.5,NQH9,6654.0,16.0,0.5,false
2019-01-22T23:00:00.000000,NQH9,6652.0,NQH9,6654.0,61.0,-2.0,false
2019-01-23T21:30:00.000000,NQH9,6669.5,NQH9,6663.25,16.0,6.25,false
2019-01-23T23:00:00.000000,NQH9,6667.0,NQH9,6670.75,61.0,-3.75,false
2019-01-24T21:30:00.000000,NQH9,6680.75,NQH9,6675.5,16.0,5.25,false
2019-01-24T23:00:00.000000,NQH9,6684.5,NQH9,6685.0,61.0,-0.5,false
2019-01-25T21:30:00.000000,NQH9,6794.0,NQH9,6789.75,16.0,4.25,false
2019-01-27T23:00:00.000000,NQH9,6789.25,NQH9,6795.25,2941.0,-6.0,false
2019-01-28T21:30:00.000000,NQH9,6701.75,NQH9,6702.0,16.0,-0.25,false
2019-01-28T23:00:00.000000,NQH9,6693.75,NQH9,6698.75,61.0,-5.0,false
2019-01-29T21:30:00.000000,NQH9,6662.5,NQH9,6641.5,16.0,21.0,false
2019-01-29T23:00:00.000000,NQH9,6699.75,NQH9,6681.25,61.0,18.5,false
2019-01-30T21:30:00.000000,NQH9,6832.25,NQH9,6836.5,16.0,-4.25,false
2019-01-30T23:00:00.000000,NQH9,6849.5,NQH9,6838.75,61.0,10.75,false
2019-01-31T21:30:00.000000,NQH9,6911.0,NQH9,6917.5,16.0,-6.5,false
2019-01-31T23:00:00.000000,NQH9,6902.0,NQH9,6932.5,61.0,-30.5,false
2019-02-01T21:30:00.000000,NQH9,6878.0,NQH9,6878.0,16.0,0.0,false
2019-02-03T23:00:00.000000,NQH9,6864.5,NQH9,6880.25,2941.0,-15.75,false
2019-02-04T21:30:00.000000,NQH9,6945.25,NQH9,6938.25,16.0,7.0,false
2019-02-04T23:00:00.000000,NQH9,6936.25,NQH9,6945.25,61.0,-9.0,false
2019-02-05T21:30:00.000000,NQH9,7011.25,NQH9,7008.5,16.0,2.75,false
2019-02-05T23:00:00.000000,NQH9,7013.25,NQH9,7012.5,61.0,0.75,false
2019-02-06T21:30:00.000000,NQH9,6995.75,NQH9,6996.0,16.0,-0.25,false
2019-02-06T23:00:00.000000,NQH9,6989.25,NQH9,6988.75,61.0,0.5,false
2019-02-07T21:30:00.000000,NQH9,6904.75,NQH9,6908.0,16.0,-3.25,false
2019-02-07T23:00:00.000000,NQH9,6899.5,NQH9,6904.5,61.0,-5.0,false
2019-02-08T21:30:00.000000,NQH9,6920.5,NQH9,6916.5,16.0,4.0,false
2019-02-10T23:00:00.000000,NQH9,6926.75,NQH9,6924.0,2941.0,2.75,false
2019-02-11T21:30:00.000000,NQH9,6913.5,NQH9,6914.0,16.0,-0.5,false
2019-02-11T23:00:00.000000,NQH9,6907.25,NQH9,6910.25,61.0,-3.0,false
2019-02-12T21:30:00.000000,NQH9,7017.0,NQH9,7019.25,16.0,-2.25,false
2019-02-12T23:00:00.000000,NQH9,7014.75,NQH9,7020.5,61.0,-5.75,false
2019-02-13T21:30:00.000000,NQH9,7014.75,NQH9,7016.75,16.0,-2.0,false
2019-02-13T23:00:00.000000,NQH9,7013.75,NQH9,7016.75,61.0,-3.0,false
2019-02-14T21:30:00.000000,NQH9,7027.25,NQH9,7020.25,16.0,7.0,false
2019-02-14T23:00:00.000000,NQH9,7016.75,NQH9,7017.25,61.0,-0.5,false
2019-02-15T21:30:00.000000,NQH9,7064.0,NQH9,7063.75,16.0,0.25,false
2019-02-17T23:00:00.000000,NQH9,7072.75,NQH9,7064.5,2941.0,8.25,false
2019-02-18T23:00:00.000000,NQH9,7077.0,NQH9,7080.75,301.0,-3.75,false
2019-02-19T21:30:00.000000,NQH9,7068.0,NQH9,7068.25,16.0,-0.25,false
2019-02-19T23:00:00.000000,NQH9,7065.0,NQH9,7068.5,61.0,-3.5,false
2019-02-20T21:30:00.000000,NQH9,7073.25,NQH9,7073.0,16.0,0.25,false
2019-02-20T23:00:00.000000,NQH9,7070.25,NQH9,7071.5,61.0,-1.25,false
2019-02-21T21:30:00.000000,NQH9,7036.0,NQH9,7035.25,16.0,0.75,false
2019-02-21T23:00:00.000000,NQH9,7026.0,NQH9,7037.5,61.0,-11.5,false
2019-02-22T21:30:00.000000,NQH9,7092.5,NQH9,7088.75,16.0,3.75,false
2019-02-24T23:00:00.000000,NQH9,7114.5,NQH9,7100.5,2941.0,14.0,false
2019-02-25T21:30:00.000000,NQH9,7124.25,NQH9,7125.75,16.0,-1.5,false
2019-02-25T23:00:00.000000,NQH9,7119.75,NQH9,7121.0,61.0,-1.25,false
2019-02-26T21:30:00.000000,NQH9,7117.5,NQH9,7117.0,16.0,0.5,false
2019-02-26T23:00:00.000000,NQH9,7106.0,NQH9,7111.25,61.0,-5.25,false
2019-02-27T03:45:00.000000,NQH9,7121.5,NQH9,7116.25,185.0,5.25,false
2019-02-27T21:30:00.000000,NQH9,7121.25,NQH9,7122.25,16.0,-1.0,false
2019-02-27T23:00:00.000000,NQH9,7117.0,NQH9,7123.75,61.0,-6.75,false
2019-02-28T21:30:00.000000,NQH9,7111.5,NQH9,7114.0,16.0,-2.5,false
2019-02-28T23:00:00.000000,NQH9,7106.25,NQH9,7110.25,61.0,-4.0,false
2019-03-01T21:30:00.000000,NQH9,7156.5,NQH9,7156.0,16.0,0.5,false
2019-03-03T23:00:00.000000,NQH9,7180.5,NQH9,7159.25,2940.0,21.25,false
2019-03-04T21:30:00.000000,NQH9,7145.0,NQH9,7145.25,16.0,-0.25,false
2019-03-04T23:00:00.000000,NQH9,7139.5,NQH9,7144.25,61.0,-4.75,false
2019-03-05T21:30:00.000000,NQH9,7164.75,NQH9,7164.75,16.0,0.0,false
2019-03-05T23:00:00.000000,NQH9,7153.5,NQH9,7158.75,61.0,-5.25,false
2019-03-06T21:30:00.000000,NQH9,7109.0,NQH9,7110.0,16.0,-1.0,false
2019-03-06T23:00:00.000000,NQH9,7108.25,NQH9,7110.0,61.0,-1.75,false
2019-03-07T21:30:00.000000,NQH9,7027.75,NQH9,7027.75,16.0,0.0,false
2019-03-07T23:00:00.000000,NQH9,7026.75,NQH9,7026.75,61.0,0.0,false
2019-03-08T21:30:00.000000,NQM9,7055.0,NQM9,7053.5,16.0,1.5,false
2019-03-10T22:00:00.000000,NQM9,7046.0,NQM9,7058.0,2881.0,-12.0,false
2019-03-11T20:30:00.000000,NQM9,7200.5,NQM9,7192.0,16.0,8.5,false
2019-03-11T22:00:00.000000,NQM9,7196.25,NQM9,7200.25,61.0,-4.0,false
2019-03-12T20:30:00.000000,NQM9,7236.5,NQM9,7234.0,16.0,2.5,false
2019-03-12T22:00:00.000000,NQM9,7237.25,NQM9,7239.5,61.0,-2.25,false
2019-03-13T20:30:00.000000,NQM9,7300.25,NQM9,7296.5,16.0,3.75,false
2019-03-13T22:00:00.000000,NQM9,7301.0,NQM9,7300.25,61.0,0.75,false
2019-03-14T20:30:00.000000,NQM9,7270.75,NQM9,7266.75,16.0,4.0,false
2019-03-14T22:00:00.000000,NQM9,7271.25,NQM9,7270.25,61.0,1.0,false
2019-03-15T20:30:00.000000,NQM9,7343.5,NQM9,7343.0,16.0,0.5,false
2019-03-17T22:00:00.000000,NQM9,7342.5,NQM9,7346.0,2941.0,-3.5,false
2019-03-18T20:30:00.000000,NQM9,7359.75,NQM9,7360.0,16.0,-0.25,false
2019-03-18T22:00:00.000000,NQM9,7363.5,NQM9,7364.5,61.0,-1.0,false
2019-03-19T20:30:00.000000,NQM9,7373.5,NQM9,7374.75,16.0,-1.25,false
2019-03-19T22:00:00.000000,NQM9,7379.0,NQM9,7379.25,61.0,-0.25,false
2019-03-20T20:30:00.000000,NQM9,7405.0,NQM9,7408.5,16.0,-3.5,false
2019-03-20T22:00:00.000000,NQM9,7404.0,NQM9,7400.0,61.0,4.0,false
2019-03-21T20:30:00.000000,NQM9,7536.5,NQM9,7535.0,16.0,1.5,false
2019-03-21T22:00:00.000000,NQM9,7528.5,NQM9,7530.0,61.0,-1.5,false
2019-03-22T20:30:00.000000,NQM9,7363.25,NQM9,7368.25,16.0,-5.0,false
2019-03-24T22:00:00.000000,NQM9,7385.75,NQM9,7358.5,2941.0,27.25,false
2019-03-25T20:30:00.000000,NQM9,7356.25,NQM9,7355.75,16.0,0.5,false
2019-03-25T22:00:00.000000,NQM9,7358.75,NQM9,7361.75,61.0,-3.0,false
2019-03-26T20:30:00.000000,NQM9,7382.5,NQM9,7377.75,16.0,4.75,false
2019-03-26T22:00:00.000000,NQM9,7378.75,NQM9,7383.5,61.0,-4.75,false
2019-03-27T20:30:00.000000,NQM9,7332.25,NQM9,7333.5,16.0,-1.25,false
2019-03-27T22:00:00.000000,NQM9,7324.5,NQM9,7323.0,61.0,1.5,false
2019-03-28T20:30:00.000000,NQM9,7354.0,NQM9,7352.5,16.0,1.5,false
2019-03-28T22:00:00.000000,NQM9,7353.25,NQM9,7355.0,61.0,-1.75,false
2019-03-29T20:30:00.000000,NQM9,7411.5,NQM9,7410.5,16.0,1.0,false
2019-03-31T22:00:00.000000,NQM9,7437.25,NQM9,7412.75,2941.0,24.5,false
2019-04-01T20:30:00.000000,NQM9,7498.75,NQM9,7497.75,16.0,1.0,false
2019-04-01T22:00:00.000000,NQM9,7494.25,NQM9,7497.5,61.0,-3.25,false
2019-04-02T20:30:00.000000,NQM9,7517.75,NQM9,7518.75,16.0,-1.0,false
2019-04-02T22:00:00.000000,NQM9,7517.25,NQM9,7515.75,61.0,1.5,false
2019-04-03T20:30:00.000000,NQM9,7580.75,NQM9,7582.5,16.0,-1.75,false
2019-04-03T22:00:00.000000,NQM9,7582.25,NQM9,7581.25,61.0,1.0,false
2019-04-04T20:30:00.000000,NQM9,7564.0,NQM9,7562.0,16.0,2.0,false
2019-04-04T22:00:00.000000,NQM9,7559.5,NQM9,7562.75,61.0,-3.25,false
2019-04-05T20:30:00.000000,NQM9,7606.75,NQM9,7605.75,16.0,1.0,false
2019-04-07T22:00:00.000000,NQM9,7606.5,NQM9,7612.75,2941.0,-6.25,false
2019-04-08T20:30:00.000000,NQM9,7624.5,NQM9,7624.25,16.0,0.25,false
2019-04-08T22:00:00.000000,NQM9,7625.5,NQM9,7626.75,61.0,-1.25,false
2019-04-09T20:30:00.000000,NQM9,7591.75,NQM9,7593.25,16.0,-1.5,false
2019-04-09T22:00:00.000000,NQM9,7589.75,NQM9,7588.75,61.0,1.0,false
2019-04-10T20:30:00.000000,NQM9,7645.25,NQM9,7641.5,16.0,3.75,false
2019-04-10T22:00:00.000000,NQM9,7641.5,NQM9,7644.25,61.0,-2.75,false
2019-04-11T20:30:00.000000,NQM9,7617.25,NQM9,7616.0,16.0,1.25,false
2019-04-11T22:00:00.000000,NQM9,7615.75,NQM9,7620.0,61.0,-4.25,false
2019-04-12T20:30:00.000000,NQM9,7652.0,NQM9,7652.25,16.0,-0.25,false
2019-04-14T22:00:00.000000,NQM9,7654.5,NQM9,7654.0,2941.0,0.5,false
2019-04-15T20:30:00.000000,NQM9,7650.0,NQM9,7648.5,16.0,1.5,false
2019-04-15T22:00:00.000000,NQM9,7653.25,NQM9,7651.25,61.0,2.0,false
2019-04-16T20:30:00.000000,NQM9,7681.5,NQM9,7680.75,16.0,0.75,false
2019-04-16T22:00:00.000000,NQM9,7676.25,NQM9,7676.75,61.0,-0.5,false
2019-04-17T20:30:00.000000,NQM9,7692.75,NQM9,7689.0,16.0,3.75,false
2019-04-17T22:00:00.000000,NQM9,7689.5,NQM9,7687.25,61.0,2.25,false
2019-04-18T20:30:00.000000,NQM9,7714.25,NQM9,7712.25,16.0,2.0,false
2019-04-21T22:00:00.000000,NQM9,7712.25,NQM9,7715.75,4381.0,-3.5,false
2019-04-22T20:30:00.000000,NQM9,7735.25,NQM9,7734.75,16.0,0.5,false
2019-04-22T22:00:00.000000,NQM9,7736.75,NQM9,7739.5,61.0,-2.75,false
2019-04-23T20:30:00.000000,NQM9,7841.5,NQM9,7837.75,16.0,3.75,false
2019-04-23T22:00:00.000000,NQM9,7831.5,NQM9,7832.25,61.0,-0.75,false
2019-04-24T20:30:00.000000,NQM9,7846.0,NQM9,7848.0,16.0,-2.0,false
2019-04-24T22:00:00.000000,NQM9,7855.75,NQM9,7839.5,61.0,16.25,false
2019-04-25T20:30:00.000000,NQM9,7806.0,NQM9,7798.5,16.0,7.5,false
2019-04-25T22:00:00.000000,NQM9,7797.5,NQM9,7796.25,61.0,1.25,false
2019-04-26T20:30:00.000000,NQM9,7842.5,NQM9,7842.0,16.0,0.5,false
2019-04-28T22:00:00.000000,NQM9,7841.5,NQM9,7837.25,2941.0,4.25,false
2019-04-29T20:30:00.000000,NQM9,7812.0,NQM9,7813.5,16.0,-1.5,false
2019-04-29T22:00:00.000000,NQM9,7804.5,NQM9,7806.75,61.0,-2.25,false
2019-04-30T20:30:00.000000,NQM9,7850.75,NQM9,7809.0,16.0,41.75,false
2019-04-30T22:00:00.000000,NQM9,7845.0,NQM9,7851.5,61.0,-6.5,false
2019-05-01T20:30:00.000000,NQM9,7752.5,NQM9,7757.0,16.0,-4.5,false
2019-05-01T22:00:00.000000,NQM9,7740.0,NQM9,7738.5,61.0,1.5,false
2019-05-02T20:30:00.000000,NQM9,7736.25,NQM9,7736.5,16.0,-0.25,false
2019-05-02T22:00:00.000000,NQM9,7735.75,NQM9,7740.0,61.0,-4.25,false
2019-05-03T20:30:00.000000,NQM9,7867.25,NQM9,7865.0,16.0,2.25,false
2019-05-05T22:00:00.000000,NQM9,7749.25,NQM9,7872.5,2941.0,-123.25,false
2019-05-06T20:30:00.000000,NQM9,7806.25,NQM9,7807.25,16.0,-1.0,false
2019-05-06T22:00:00.000000,NQM9,7749.75,NQM9,7739.0,61.0,10.75,false
2019-05-07T20:30:00.000000,NQM9,7673.25,NQM9,7674.0,16.0,-0.75,false
2019-05-07T22:00:00.000000,NQM9,7668.5,NQM9,7670.5,61.0,-2.0,false
2019-05-08T20:30:00.000000,NQM9,7643.75,NQM9,7645.0,16.0,-1.25,false
2019-05-08T22:00:00.000000,NQM9,7635.75,NQM9,7642.5,61.0,-6.75,false
2019-05-09T20:30:00.000000,NQM9,7595.5,NQM9,7594.25,16.0,1.25,false
2019-05-09T22:00:00.000000,NQM9,7583.75,NQM9,7592.5,61.0,-8.75,false
2019-05-10T20:30:00.000000,NQM9,7615.0,NQM9,7609.75,16.0,5.25,false
2019-05-12T22:00:00.000000,NQM9,7549.0,NQM9,7611.25,2941.0,-62.25,false
2019-05-13T20:30:00.000000,NQM9,7313.25,NQM9,7315.25,16.0,-2.0,false
2019-05-13T22:00:00.000000,NQM9,7308.0,NQM9,7314.25,61.0,-6.25,false
2019-05-14T20:30:00.000000,NQM9,7424.75,NQM9,7422.0,16.0,2.75,false
2019-05-14T22:00:00.000000,NQM9,7426.5,NQM9,7425.75,61.0,0.75,false
2019-05-15T20:30:00.000000,NQM9,7530.25,NQM9,7529.0,16.0,1.25,false
2019-05-15T22:00:00.000000,NQM9,7524.25,NQM9,7527.0,61.0,-2.75,false
2019-05-16T20:30:00.000000,NQM9,7600.25,NQM9,7600.5,16.0,-0.25,false
2019-05-16T22:00:00.000000,NQM9,7599.75,NQM9,7602.25,61.0,-2.5,false
2019-05-17T20:30:00.000000,NQM9,7510.75,NQM9,7511.25,16.0,-0.5,false
2019-05-19T22:00:00.000000,NQM9,7525.5,NQM9,7512.25,2941.0,13.25,false
2019-05-20T20:30:00.000000,NQM9,7396.5,NQM9,7392.75,16.0,3.75,false
2019-05-20T22:00:00.000000,NQM9,7411.0,NQM9,7406.75,61.0,4.25,false
2019-05-21T20:30:00.000000,NQM9,7466.75,NQM9,7463.0,16.0,3.75,false
2019-05-21T22:00:00.000000,NQM9,7460.5,NQM9,7462.5,61.0,-2.0,false
2019-05-22T20:30:00.000000,NQM9,7424.0,NQM9,7428.25,16.0,-4.25,false
2019-05-22T22:00:00.000000,NQM9,7430.5,NQM9,7426.0,61.0,4.5,false
2019-05-23T20:30:00.000000,NQM9,7315.75,NQM9,7308.25,16.0,7.5,false
2019-05-23T22:00:00.000000,NQM9,7317.75,NQM9,7316.5,61.0,1.25,false
2019-05-24T20:30:00.000000,NQM9,7312.75,NQM9,7315.5,16.0,-2.75,false
2019-05-26T22:00:00.000000,NQM9,7315.75,NQM9,7312.5,2941.0,3.25,false
2019-05-27T22:00:00.000000,NQM9,7315.25,NQM9,7318.25,301.0,-3.0,false
2019-05-28T20:30:00.000000,NQM9,7286.75,NQM9,7294.75,16.0,-8.0,false
2019-05-28T22:00:00.000000,NQM9,7286.5,NQM9,7292.5,61.0,-6.0,false
2019-05-29T20:30:00.000000,NQM9,7218.75,NQM9,7215.5,16.0,3.25,false
2019-05-29T22:00:00.000000,NQM9,7217.0,NQM9,7214.25,61.0,2.75,false
2019-05-30T20:30:00.000000,NQM9,7255.5,NQM9,7256.0,16.0,-0.5,false
2019-05-30T22:00:00.000000,NQM9,7252.5,NQM9,7254.75,61.0,-2.25,false
2019-05-31T20:30:00.000000,NQM9,7132.0,NQM9,7135.0,16.0,-3.0,false
2019-06-02T22:00:00.000000,NQM9,7095.5,NQM9,7137.5,2941.0,-42.0,false
2019-06-03T20:30:00.000000,NQM9,6996.0,NQM9,6995.25,16.0,0.75,false
2019-06-03T22:00:00.000000,NQM9,7010.0,NQM9,7008.75,61.0,1.25,false
2019-06-04T20:30:00.000000,NQM9,7179.0,NQM9,7181.5,16.0,-2.5,false
2019-06-04T22:00:00.000000,NQM9,7204.0,NQM9,7186.25,61.0,17.75,false
2019-06-05T20:30:00.000000,NQM9,7228.75,NQM9,7227.0,16.0,1.75,false
2019-06-05T22:00:00.000000,NQM9,7205.75,NQM9,7230.25,61.0,-24.5,false
2019-06-06T20:30:00.000000,NQM9,7281.25,NQM9,7281.0,16.0,0.25,false
2019-06-06T22:00:00.000000,NQM9,7260.5,NQM9,7263.0,61.0,-2.5,false
2019-06-07T20:30:00.000000,NQM9,7420.0,NQM9,7420.75,16.0,-0.75,false
2019-06-09T22:00:00.000000,NQM9,7480.0,NQM9,7429.25,2941.0,50.75,false
2019-06-10T20:30:00.000000,NQM9,7519.25,NQM9,7515.75,16.0,3.5,false
2019-06-10T22:00:00.000000,NQM9,7514.5,NQM9,7519.25,61.0,-4.75,false
2019-06-11T20:30:00.000000,NQM9,7515.75,NQM9,7518.0,16.0,-2.25,false
2019-06-11T22:00:00.000000,NQM9,7515.5,NQM9,7518.5,61.0,-3.0,false
2019-06-12T20:30:00.000000,NQM9,7474.5,NQM9,7474.0,16.0,0.5,false
2019-06-12T22:00:00.000000,NQM9,7476.5,NQM9,7477.0,61.0,-0.5,false
2019-06-13T20:30:00.000000,NQM9,7512.0,NQM9,7522.75,16.0,-10.75,false
2019-06-13T22:00:00.000000,NQM9,7496.5,NQM9,7511.5,61.0,-15.0,false
2019-06-14T20:30:00.000000,NQU9,7506.5,NQU9,7504.0,16.0,2.5,false
2019-06-16T22:00:00.000000,NQU9,7510.5,NQU9,7511.0,2941.0,-0.5,false
2019-06-17T20:30:00.000000,NQU9,7563.25,NQU9,7561.5,16.0,1.75,false
2019-06-17T22:00:00.000000,NQU9,7568.75,NQU9,7569.0,61.0,-0.25,false
2019-06-18T20:30:00.000000,NQU9,7677.75,NQU9,7675.75,16.0,2.0,false
2019-06-18T22:00:00.000000,NQU9,7669.5,NQU9,7672.5,61.0,-3.0,false
2019-06-19T20:30:00.000000,NQU9,7701.25,NQU9,7702.0,16.0,-0.75,false
2019-06-19T22:00:00.000000,NQU9,7695.75,NQU9,7696.5,61.0,-0.75,false
2019-06-20T20:30:00.000000,NQU9,7766.25,NQU9,7774.0,16.0,-7.75,false
2019-06-20T22:00:00.000000,NQU9,7761.25,NQU9,7764.25,61.0,-3.0,false
2019-06-21T20:30:00.000000,NQU9,7752.5,NQU9,7751.25,16.0,1.25,false
2019-06-23T22:00:00.000000,NQU9,7748.5,NQU9,7746.75,2941.0,1.75,false
2019-06-24T20:30:00.000000,NQU9,7759.0,NQU9,7759.5,16.0,-0.5,false
2019-06-24T22:00:00.000000,NQU9,7757.75,NQU9,7757.5,61.0,0.25,false
2019-06-25T20:30:00.000000,NQU9,7630.5,NQU9,7629.5,16.0,1.0,false
2019-06-25T22:00:00.000000,NQU9,7635.0,NQU9,7635.0,61.0,0.0,false
2019-06-26T20:30:00.000000,NQU9,7650.25,NQU9,7649.75,16.0,0.5,false
2019-06-26T22:00:00.000000,NQU9,7647.75,NQU9,7643.25,61.0,4.5,false
2019-06-27T20:30:00.000000,NQU9,7689.25,NQU9,7690.75,16.0,-1.5,false
2019-06-27T22:00:00.000000,NQU9,7696.0,NQU9,7686.25,61.0,9.75,false
2019-06-28T20:30:00.000000,NQU9,7715.25,NQU9,7725.25,16.0,-10.0,false
2019-06-30T22:00:00.000000,NQU9,7812.25,NQU9,7723.25,2941.0,89.0,false
2019-07-01T20:30:00.000000,NQU9,7793.0,NQU9,7791.0,16.0,2.0,false
2019-07-01T22:00:00.000000,NQU9,7792.0,NQU9,7792.25,61.0,-0.25,false
2019-07-02T20:30:00.000000,NQU9,7839.5,NQU9,7838.5,16.0,1.0,false
2019-07-02T22:00:00.000000,NQU9,7840.0,NQU9,7840.25,61.0,-0.25,false
2019-07-03T22:00:00.000000,NQU9,7897.75,NQU9,7888.25,286.0,9.5,false
2019-07-04T22:00:00.000000,NQU9,7903.25,NQU9,7902.0,301.0,1.25,false
2019-07-05T20:30:00.000000,NQU9,7852.5,NQU9,7851.0,16.0,1.5,false
2019-07-07T22:00:00.000000,NQU9,7858.0,NQU9,7855.0,2941.0,3.0,false
2019-07-08T20:30:00.000000,NQU9,7801.0,NQU9,7801.5,16.0,-0.5,false
2019-07-08T22:00:00.000000,NQU9,7798.5,NQU9,7801.5,61.0,-3.0,false
2019-07-09T20:30:00.000000,NQU9,7845.75,NQU9,7846.25,16.0,-0.5,false
2019-07-09T22:00:00.000000,NQU9,7846.75,NQU9,7846.75,61.0,0.0,false
2019-07-10T20:30:00.000000,NQU9,7929.5,NQU9,7928.5,16.0,1.0,false
2019-07-10T22:00:00.000000,NQU9,7927.25,NQU9,7925.0,61.0,2.25,false
2019-07-11T20:30:00.000000,NQU9,7918.0,NQU9,7918.75,16.0,-0.75,false
2019-07-11T22:00:00.000000,NQU9,7917.0,NQU9,7917.75,61.0,-0.75,false
2019-07-12T20:30:00.000000,NQU9,7959.0,NQU9,7958.25,16.0,0.75,false
2019-07-14T22:00:00.000000,NQU9,7962.5,NQU9,7958.5,2941.0,4.0,false
2019-07-15T20:30:00.000000,NQU9,7988.0,NQU9,7987.0,16.0,1.0,false
2019-07-15T22:00:00.000000,NQU9,7981.5,NQU9,7983.75,61.0,-2.25,false
2019-07-16T20:30:00.000000,NQU9,7942.5,NQU9,7941.75,16.0,0.75,false
2019-07-16T22:00:00.000000,NQU9,7941.25,NQU9,7937.25,61.0,4.0,false
2019-07-17T20:30:00.000000,NQU9,7886.25,NQU9,7886.5,16.0,-0.25,false
2019-07-17T22:00:00.000000,NQU9,7874.5,NQU9,7870.25,61.0,4.25,false
2019-07-18T20:30:00.000000,NQU9,7938.5,NQU9,7934.25,16.0,4.25,false
2019-07-18T22:00:00.000000,NQU9,7958.25,NQU9,7947.0,61.0,11.25,false
2019-07-19T20:30:00.000000,NQU9,7843.5,NQU9,7843.75,16.0,-0.25,false
2019-07-21T22:00:00.000000,NQU9,7833.0,NQU9,7820.0,2941.0,13.0,false
2019-07-22T20:30:00.000000,NQU9,7931.5,NQU9,7926.5,16.0,5.0,false
2019-07-22T22:00:00.000000,NQU9,7930.75,NQU9,7926.25,61.0,4.5,false
2019-07-23T20:30:00.000000,NQU9,7985.5,NQU9,7983.75,16.0,1.75,false
2019-07-23T22:00:00.000000,NQU9,7948.5,NQU9,7941.5,61.0,7.0,false
2019-07-24T20:30:00.000000,NQU9,8015.0,NQU9,8037.0,16.0,-22.0,false
2019-07-24T22:00:00.000000,NQU9,8007.0,NQU9,8002.0,61.0,5.0,false
2019-07-25T20:30:00.000000,NQU9,7984.25,NQU9,7979.25,16.0,5.0,false
2019-07-25T22:00:00.000000,NQU9,7994.75,NQU9,7982.0,61.0,12.75,false
2019-07-26T20:30:00.000000,NQU9,8020.5,NQU9,8018.75,16.0,1.75,false
2019-07-28T22:00:00.000000,NQU9,8023.0,NQU9,8015.25,2941.0,7.75,false
2019-07-29T20:30:00.000000,NQU9,8002.0,NQU9,8001.25,16.0,0.75,false
2019-07-29T22:00:00.000000,NQU9,8004.75,NQU9,8005.0,61.0,-0.25,false
2019-07-30T20:30:00.000000,NQU9,7977.5,NQU9,7961.5,16.0,16.0,false
2019-07-30T22:00:00.000000,NQU9,7991.5,NQU9,7989.0,61.0,2.5,false
2019-07-31T20:30:00.000000,NQU9,7850.0,NQU9,7854.0,16.0,-4.0,false
2019-07-31T22:00:00.000000,NQU9,7827.75,NQU9,7840.0,61.0,-12.25,false
2019-08-01T20:30:00.000000,NQU9,7812.25,NQU9,7805.0,16.0,7.25,false
2019-08-01T22:00:00.000000,NQU9,7794.25,NQU9,7791.0,61.0,3.25,false
2019-08-02T20:30:00.000000,NQU9,7702.5,NQU9,7702.0,16.0,0.5,false
2019-08-04T22:00:00.000000,NQU9,7683.0,NQU9,7708.0,2941.0,-25.0,false
2019-08-05T20:30:00.000000,NQU9,7385.5,NQU9,7380.75,16.0,4.75,false
2019-08-05T22:00:00.000000,NQU9,7339.75,NQU9,7368.25,61.0,-28.5,false
2019-08-06T20:30:00.000000,NQU9,7518.0,NQU9,7514.5,16.0,3.5,false
2019-08-06T22:00:00.000000,NQU9,7517.75,NQU9,7517.75,61.0,0.0,false
2019-08-07T20:30:00.000000,NQU9,7548.75,NQU9,7550.75,16.0,-2.0,false
2019-08-07T22:00:00.000000,NQU9,7541.5,NQU9,7550.5,61.0,-9.0,false
2019-08-08T20:30:00.000000,NQU9,7735.25,NQU9,7735.75,16.0,-0.5,false
2019-08-08T22:00:00.000000,NQU9,7698.25,NQU9,7728.0,61.0,-29.75,false
2019-08-09T20:30:00.000000,NQU9,7662.75,NQU9,7658.0,16.0,4.75,false
2019-08-11T22:00:00.000000,NQU9,7665.5,NQU9,7669.25,2941.0,-3.75,false
2019-08-12T20:30:00.000000,NQU9,7561.25,NQU9,7566.25,16.0,-5.0,false
2019-08-12T22:00:00.000000,NQU9,7572.75,NQU9,7571.25,61.0,1.5,false
2019-08-13T20:30:00.000000,NQU9,7750.75,NQU9,7749.25,16.0,1.5,false
2019-08-13T22:00:00.000000,NQU9,7748.0,NQU9,7751.25,61.0,-3.25,false
2019-08-14T20:30:00.000000,NQU9,7489.75,NQU9,7489.25,16.0,0.5,false
2019-08-14T22:00:00.000000,NQU9,7477.25,NQU9,7478.5,61.0,-1.25,false
2019-08-15T20:30:00.000000,NQU9,7499.75,NQU9,7493.5,16.0,6.25,false
2019-08-15T22:00:00.000000,NQU9,7511.75,NQU9,7509.5,61.0,2.25,false
2019-08-16T20:30:00.000000,NQU9,7616.0,NQU9,7612.75,16.0,3.25,false
2019-08-18T22:00:00.000000,NQU9,7642.5,NQU9,7610.5,2941.0,32.0,false
2019-08-19T20:30:00.000000,NQU9,7731.5,NQU9,7727.75,16.0,3.75,false
2019-08-19T22:00:00.000000,NQU9,7717.75,NQU9,7720.5,61.0,-2.75,false
2019-08-20T20:30:00.000000,NQU9,7668.25,NQU9,7667.75,16.0,0.5,false
2019-08-20T22:00:00.000000,NQU9,7657.25,NQU9,7658.5,61.0,-1.25,false
2019-08-21T20:30:00.000000,NQU9,7752.5,NQU9,7751.5,16.0,1.0,false
2019-08-21T22:00:00.000000,NQU9,7756.0,NQU9,7758.0,61.0,-2.0,false
2019-08-22T20:30:00.000000,NQU9,7711.75,NQU9,7710.5,16.0,1.25,false
2019-08-22T22:00:00.000000,NQU9,7715.5,NQU9,7705.75,61.0,9.75,false
2019-08-23T20:30:00.000000,NQU9,7498.25,NQU9,7508.0,16.0,-9.75,false
2019-08-25T22:00:00.000000,NQU9,7400.0,NQU9,7490.0,2941.0,-90.0,false
2019-08-26T20:30:00.000000,NQU9,7590.0,NQU9,7590.25,16.0,-0.25,false
2019-08-26T22:00:00.000000,NQU9,7593.0,NQU9,7588.0,61.0,5.0,false
2019-08-27T20:30:00.000000,NQU9,7561.25,NQU9,7563.75,16.0,-2.5,false
2019-08-27T22:00:00.000000,NQU9,7567.0,NQU9,7566.0,61.0,1.0,false
2019-08-28T20:30:00.000000,NQU9,7595.25,NQU9,7599.25,16.0,-4.0,false
2019-08-28T22:00:00.000000,NQU9,7580.75,NQU9,7581.75,61.0,-1.0,false
2019-08-29T20:30:00.000000,NQU9,7708.25,NQU9,7713.0,16.0,-4.75,false
2019-08-29T22:00:00.000000,NQU9,7701.75,NQU9,7706.5,61.0,-4.75,false
2019-08-30T20:30:00.000000,NQU9,7677.0,NQU9,7675.75,16.0,1.25,false
2019-09-01T22:00:00.000000,NQU9,7596.5,NQU9,7675.5,2941.0,-79.0,false
2019-09-02T22:00:00.000000,NQU9,7616.25,NQU9,7612.25,301.0,4.0,false
2019-09-03T20:30:00.000000,NQU9,7616.0,NQU9,7616.75,16.0,-0.75,false
2019-09-03T22:00:00.000000,NQU9,7612.75,NQU9,7617.0,61.0,-4.25,false
2019-09-04T20:30:00.000000,NQU9,7724.5,NQU9,7722.5,16.0,2.0,false
2019-09-04T22:00:00.000000,NQU9,7725.0,NQU9,7722.75,61.0,2.25,false
2019-09-05T20:30:00.000000,NQU9,7859.0,NQU9,7856.0,16.0,3.0,false
2019-09-05T22:00:00.000000,NQU9,7858.0,NQU9,7850.25,61.0,7.75,false
2019-09-06T20:30:00.000000,NQU9,7860.25,NQU9,7857.75,16.0,2.5,false
2019-09-08T22:00:00.000000,NQU9,7867.75,NQU9,7865.0,2941.0,2.75,false
2019-09-09T20:30:00.000000,NQU9,7829.5,NQU9,7830.75,16.0,-1.25,false
2019-09-09T22:00:00.000000,NQU9,7836.25,NQU9,7833.5,61.0,2.75,false
2019-09-10T20:30:00.000000,NQU9,7819.0,NQU9,7815.5,16.0,3.5,false
2019-09-10T22:00:00.000000,NQU9,7816.75,NQU9,7819.5,61.0,-2.75,false
2019-09-11T20:30:00.000000,NQU9,7889.0,NQU9,7890.0,16.0,-1.0,false
2019-09-11T22:00:00.000000,NQU9,7892.0,NQU9,7893.0,61.0,-1.0,false
2019-09-12T20:30:00.000000,NQU9,7918.5,NQU9,7921.5,16.0,-3.0,false
2019-09-12T22:00:00.000000,NQU9,7922.25,NQU9,7911.5,61.0,10.75,false
2019-09-13T20:30:00.000000,NQZ9,7911.5,NQZ9,7910.0,16.0,1.5,false
2019-09-15T22:00:00.000000,NQZ9,7858.5,NQZ9,7910.75,2941.0,-52.25,false
2019-09-16T20:30:00.000000,NQZ9,7881.25,NQZ9,7882.75,16.0,-1.5,false
2019-09-16T22:00:00.000000,NQZ9,7892.5,NQZ9,7887.75,61.0,4.75,false
2019-09-17T20:30:00.000000,NQZ9,7913.5,NQZ9,7914.25,16.0,-0.75,false
2019-09-17T22:00:00.000000,NQZ9,7911.5,NQZ9,7916.5,61.0,-5.0,false
2019-09-18T20:30:00.000000,NQZ9,7922.25,NQZ9,7918.25,16.0,4.0,false
2019-09-18T22:00:00.000000,NQZ9,7922.25,NQZ9,7922.5,61.0,-0.25,false
2019-09-19T20:30:00.000000,NQZ9,7918.75,NQZ9,7918.0,16.0,0.75,false
2019-09-19T22:00:00.000000,NQZ9,7916.25,NQZ9,7917.25,61.0,-1.0,false
2019-09-20T20:30:00.000000,NQZ9,7832.5,NQZ9,7832.0,16.0,0.5,false
2019-09-22T22:00:00.000000,NQZ9,7869.75,NQZ9,7831.75,2941.0,38.0,false
2019-09-23T20:30:00.000000,NQZ9,7852.5,NQZ9,7850.75,16.0,1.75,false
2019-09-23T22:00:00.000000,NQZ9,7868.5,NQZ9,7868.25,61.0,0.25,false
2019-09-24T20:30:00.000000,NQZ9,7734.25,NQZ9,7738.75,16.0,-4.5,false
2019-09-24T22:00:00.000000,NQZ9,7738.0,NQZ9,7737.25,61.0,0.75,false
2019-09-25T20:30:00.000000,NQZ9,7821.0,NQZ9,7820.25,16.0,0.75,false
2019-09-25T22:00:00.000000,NQZ9,7824.25,NQZ9,7823.0,61.0,1.25,false
2019-09-26T20:30:00.000000,NQZ9,7784.25,NQZ9,7787.5,16.0,-3.25,false
2019-09-26T22:00:00.000000,NQZ9,7789.0,NQZ9,7785.5,61.0,3.5,false
2019-09-27T20:30:00.000000,NQZ9,7700.25,NQZ9,7699.5,16.0,0.75,false
2019-09-29T22:00:00.000000,NQZ9,7750.0,NQZ9,7717.25,2941.0,32.75,false
2019-09-30T20:30:00.000000,NQZ9,7786.5,NQZ9,7784.5,16.0,2.0,false
2019-09-30T22:00:00.000000,NQZ9,7787.75,NQZ9,7785.25,61.0,2.5,false
2019-10-01T20:30:00.000000,NQZ9,7697.75,NQZ9,7697.0,16.0,0.75,false
2019-10-01T22:00:00.000000,NQZ9,7707.25,NQZ9,7709.5,61.0,-2.25,false
2019-10-02T20:30:00.000000,NQZ9,7544.75,NQZ9,7546.5,16.0,-1.75,false
2019-10-02T22:00:00.000000,NQZ9,7556.5,NQZ9,7554.5,61.0,2.0,false
2019-10-03T20:30:00.000000,NQZ9,7655.0,NQZ9,7658.0,16.0,-3.0,false
2019-10-03T22:00:00.000000,NQZ9,7653.0,NQZ9,7658.75,61.0,-5.75,false
2019-10-04T20:30:00.000000,NQZ9,7764.75,NQZ9,7763.75,16.0,1.0,false
2019-10-06T22:00:00.000000,NQZ9,7721.25,NQZ9,7769.75,2941.0,-48.5,false
2019-10-07T20:30:00.000000,NQZ9,7741.25,NQZ9,7739.25,16.0,2.0,false
2019-10-07T22:00:00.000000,NQZ9,7738.0,NQZ9,7739.25,61.0,-1.25,false
2019-10-08T20:30:00.000000,NQZ9,7615.75,NQZ9,7622.0,16.0,-6.25,false
2019-10-08T22:00:00.000000,NQZ9,7627.5,NQZ9,7623.5,61.0,4.0,false
2019-10-09T20:30:00.000000,NQZ9,7705.25,NQZ9,7701.75,16.0,3.5,false
2019-10-09T22:00:00.000000,NQZ9,7710.0,NQZ9,7703.0,61.0,7.0,false
2019-10-10T20:30:00.000000,NQZ9,7762.25,NQZ9,7761.25,16.0,1.0,false
2019-10-10T22:00:00.000000,NQZ9,7781.5,NQZ9,7786.75,61.0,-5.25,false
2019-10-11T20:30:00.000000,NQZ9,7865.0,NQZ9,7857.5,16.0,7.5,false
2019-10-13T22:00:00.000000,NQZ9,7868.5,NQZ9,7858.5,2941.0,10.0,false
2019-10-14T20:30:00.000000,NQZ9,7858.0,NQZ9,7858.0,16.0,0.0,false
2019-10-14T22:00:00.000000,NQZ9,7861.0,NQZ9,7859.75,61.0,1.25,false
2019-10-15T20:30:00.000000,NQZ9,7959.25,NQZ9,7959.5,16.0,-0.25,false
2019-10-15T22:00:00.000000,NQZ9,7957.0,NQZ9,7959.5,61.0,-2.5,false
2019-10-16T20:30:00.000000,NQZ9,7950.5,NQZ9,7948.0,16.0,2.5,false
2019-10-16T22:00:00.000000,NQZ9,7952.0,NQZ9,7953.75,61.0,-1.75,false
2019-10-17T20:30:00.000000,NQZ9,7951.75,NQZ9,7953.0,16.0,-1.25,false
2019-10-17T22:00:00.000000,NQZ9,7951.5,NQZ9,7953.75,61.0,-2.25,false
2019-10-18T20:30:00.000000,NQZ9,7883.75,NQZ9,7881.25,16.0,2.5,false
2019-10-20T22:00:00.000000,NQZ9,7874.5,NQZ9,7883.0,2941.0,-8.5,false
2019-10-21T20:30:00.000000,NQZ9,7948.0,NQZ9,7948.0,16.0,0.0,false
2019-10-21T22:00:00.000000,NQZ9,7947.25,NQZ9,7948.0,61.0,-0.75,false
2019-10-22T20:30:00.000000,NQZ9,7852.0,NQZ9,7856.75,16.0,-4.75,false
2019-10-22T22:00:00.000000,NQZ9,7846.75,NQZ9,7841.75,61.0,5.0,false
2019-10-23T20:30:00.000000,NQZ9,7905.25,NQZ9,7902.5,16.0,2.75,false
2019-10-23T22:00:00.000000,NQZ9,7930.25,NQZ9,7917.25,61.0,13.0,false
2019-10-24T20:30:00.000000,NQZ9,7926.25,NQZ9,7929.75,16.0,-3.5,false
2019-10-24T22:00:00.000000,NQZ9,7928.75,NQZ9,7924.5,61.0,4.25,false
2019-10-25T20:30:00.000000,NQZ9,8035.25,NQZ9,8034.75,16.0,0.5,false
2019-10-27T22:00:00.000000,NQZ9,8050.5,NQZ9,8036.5,2941.0,14.0,false
2019-10-28T20:30:00.000000,NQZ9,8102.5,NQZ9,8094.25,16.0,8.25,false
2019-10-28T22:00:00.000000,NQZ9,8109.5,NQZ9,8111.0,61.0,-1.5,false
2019-10-29T20:30:00.000000,NQZ9,8053.25,NQZ9,8055.5,16.0,-2.25,false
2019-10-29T22:00:00.000000,NQZ9,8062.0,NQZ9,8056.0,61.0,6.0,false
2019-10-30T20:30:00.000000,NQZ9,8131.25,NQZ9,8111.25,16.0,20.0,false
2019-10-30T22:00:00.000000,NQZ9,8125.75,NQZ9,8118.25,61.0,7.5,false
2019-10-31T20:30:00.000000,NQZ9,8091.25,NQZ9,8089.5,16.0,1.75,false
2019-10-31T22:00:00.000000,NQZ9,8092.0,NQZ9,8092.25,61.0,-0.25,false
2019-11-01T20:30:00.000000,NQZ9,8163.0,NQZ9,8159.25,16.0,3.75,false
2019-11-03T23:00:00.000000,NQZ9,8171.0,NQZ9,8163.5,3001.0,7.5,false
2019-11-04T21:30:00.000000,NQZ9,8216.0,NQZ9,8215.75,16.0,0.25,false
2019-11-04T23:00:00.000000,NQZ9,8217.5,NQZ9,8218.0,61.0,-0.5,false
2019-11-05T21:30:00.000000,NQZ9,8210.0,NQZ9,8210.5,16.0,-0.5,false
2019-11-05T23:00:00.000000,NQZ9,8212.5,NQZ9,8210.5,61.0,2.0,false
2019-11-06T21:30:00.000000,NQZ9,8210.0,NQZ9,8207.5,16.0,2.5,false
2019-11-06T23:00:00.000000,NQZ9,8212.0,NQZ9,8213.0,61.0,-1.0,false
2019-11-07T21:30:00.000000,NQZ9,8230.75,NQZ9,8232.25,15.0,-1.5,false
2019-11-07T23:00:00.000000,NQZ9,8232.0,NQZ9,8231.25,61.0,0.75,false
2019-11-08T21:30:00.000000,NQZ9,8259.0,NQZ9,8256.25,16.0,2.75,false
2019-11-10T23:00:00.000000,NQZ9,8258.75,NQZ9,8260.5,2941.0,-1.75,false
2019-11-11T21:30:00.000000,NQZ9,8250.25,NQZ9,8251.25,16.0,-1.0,false
2019-11-11T23:00:00.000000,NQZ9,8253.5,NQZ9,8253.75,61.0,-0.25,false
2019-11-12T21:30:00.000000,NQZ9,8274.0,NQZ9,8275.0,16.0,-1.0,false
2019-11-12T23:00:00.000000,NQZ9,8270.25,NQZ9,8271.25,61.0,-1.0,false
2019-11-13T21:30:00.000000,NQZ9,8268.75,NQZ9,8266.5,16.0,2.25,false
2019-11-13T23:00:00.000000,NQZ9,8265.75,NQZ9,8270.25,61.0,-4.5,false
2019-11-14T21:30:00.000000,NQZ9,8270.75,NQZ9,8265.5,16.0,5.25,false
2019-11-14T23:00:00.000000,NQZ9,8263.75,NQZ9,8269.5,61.0,-5.75,false
2019-11-15T21:30:00.000000,NQZ9,8317.5,NQZ9,8318.0,16.0,-0.5,false
2019-11-17T23:00:00.000000,NQZ9,8312.25,NQZ9,8323.25,2941.0,-11.0,false
2019-11-18T21:30:00.000000,NQZ9,8333.0,NQZ9,8333.25,16.0,-0.25,false
2019-11-18T23:00:00.000000,NQZ9,8331.75,NQZ9,8334.25,61.0,-2.5,false
2019-11-19T21:30:00.000000,NQZ9,8339.0,NQZ9,8339.75,16.0,-0.75,false
2019-11-19T23:00:00.000000,NQZ9,8329.25,NQZ9,8334.25,61.0,-5.0,false
2019-11-20T21:30:00.000000,NQZ9,8290.5,NQZ9,8291.5,16.0,-1.0,false
2019-11-20T23:00:00.000000,NQZ9,8258.5,NQZ9,8288.25,61.0,-29.75,false
2019-11-21T21:30:00.000000,NQZ9,8276.0,NQZ9,8274.0,16.0,2.0,false
2019-11-21T23:00:00.000000,NQZ9,8278.25,NQZ9,8278.5,61.0,-0.25,false
2019-11-22T21:30:00.000000,NQZ9,8277.75,NQZ9,8280.5,16.0,-2.75,false
2019-11-24T23:00:00.000000,NQZ9,8300.5,NQZ9,8283.0,2941.0,17.5,false
2019-11-25T21:30:00.000000,NQZ9,8375.75,NQZ9,8375.5,16.0,0.25,false
2019-11-25T23:00:00.000000,NQZ9,8371.75,NQZ9,8375.0,61.0,-3.25,false
2019-11-26T21:30:00.000000,NQZ9,8401.75,NQZ9,8402.25,16.0,-0.5,false
2019-11-26T23:00:00.000000,NQZ9,8399.0,NQZ9,8402.5,61.0,-3.5,false
2019-11-27T21:30:00.000000,NQZ9,8454.0,NQZ9,8453.75,16.0,0.25,false
2019-11-27T23:00:00.000000,NQZ9,8455.5,NQZ9,8456.5,61.0,-1.0,false
2019-11-28T23:00:00.000000,NQZ9,8446.0,NQZ9,8444.5,301.0,1.5,false
2019-12-01T23:00:00.000000,NQZ9,8426.75,NQZ9,8422.5,3166.0,4.25,false
2019-12-02T21:30:00.000000,NQZ9,8316.5,NQZ9,8315.75,16.0,0.75,false
2019-12-02T23:00:00.000000,NQZ9,8314.25,NQZ9,8310.0,61.0,4.25,false
2019-12-03T21:30:00.000000,NQZ9,8248.5,NQZ9,8250.75,16.0,-2.25,false
2019-12-03T23:00:00.000000,NQZ9,8257.0,NQZ9,8255.5,61.0,1.5,false
2019-12-04T21:30:00.000000,NQZ9,8295.5,NQZ9,8297.25,16.0,-1.75,false
2019-12-04T23:00:00.000000,NQZ9,8296.75,NQZ9,8296.5,61.0,0.25,false
2019-12-05T21:30:00.000000,NQZ9,8310.25,NQZ9,8308.75,16.0,1.5,false
2019-12-05T23:00:00.000000,NQZ9,8309.5,NQZ9,8310.75,61.0,-1.25,false
2019-12-06T21:30:00.000000,NQZ9,8401.0,NQZ9,8400.0,16.0,1.0,false
2019-12-08T23:00:00.000000,NQZ9,8407.5,NQZ9,8405.0,2941.0,2.5,false
2019-12-09T21:30:00.000000,NQZ9,8355.75,NQZ9,8356.25,16.0,-0.5,false
2019-12-09T23:00:00.000000,NQZ9,8353.5,NQZ9,8351.25,61.0,2.25,false
2019-12-10T21:30:00.000000,NQZ9,8364.0,NQZ9,8364.0,16.0,0.0,false
2019-12-10T23:00:00.000000,NQZ9,8365.5,NQZ9,8368.0,61.0,-2.5,false
2019-12-11T21:30:00.000000,NQZ9,8405.5,NQZ9,8405.0,16.0,0.5,false
2019-12-11T23:00:00.000000,NQZ9,8406.75,NQZ9,8407.75,61.0,-1.0,false
2019-12-12T21:30:00.000000,NQZ9,8471.25,NQZ9,8465.25,16.0,6.0,false
2019-12-12T23:00:00.000000,NQZ9,8492.5,NQZ9,8472.25,61.0,20.25,false
2019-12-13T21:30:00.000000,NQH0,8519.0,NQH0,8519.75,16.0,-0.75,false
2019-12-15T23:00:00.000000,NQH0,8531.75,NQH0,8521.25,2941.0,10.5,false
2019-12-16T21:30:00.000000,NQH0,8608.0,NQH0,8607.0,16.0,1.0,false
2019-12-16T23:00:00.000000,NQH0,8603.5,NQH0,8607.5,61.0,-4.0,false
2019-12-17T21:30:00.000000,NQH0,8601.0,NQH0,8605.5,16.0,-4.5,false
2019-12-17T23:00:00.000000,NQH0,8600.0,NQH0,8602.25,61.0,-2.25,false
2019-12-18T21:30:00.000000,NQH0,8622.0,NQH0,8621.0,16.0,1.0,false
2019-12-18T23:00:00.000000,NQH0,8625.75,NQH0,8624.25,61.0,1.5,false
2019-12-19T21:30:00.000000,NQH0,8674.25,NQH0,8673.25,16.0,1.0,false
2019-12-19T23:00:00.000000,NQH0,8677.0,NQH0,8680.5,61.0,-3.5,false
2019-12-20T21:30:00.000000,NQH0,8711.0,NQH0,8710.75,16.0,0.25,false
2019-12-22T23:00:00.000000,NQH0,8712.25,NQH0,8710.25,2941.0,2.0,false
2019-12-23T21:30:00.000000,NQH0,8726.0,NQH0,8724.5,16.0,1.5,false
2019-12-23T23:00:00.000000,NQH0,8728.25,NQH0,8728.75,61.0,-0.5,false
2019-12-25T23:00:00.000000,NQH0,8731.0,NQH0,8729.75,1726.0,1.25,false
2019-12-26T21:30:00.000000,NQH0,8804.0,NQH0,8804.25,16.0,-0.25,false
2019-12-26T23:00:00.000000,NQH0,8800.75,NQH0,8802.25,61.0,-1.5,false
2019-12-27T21:30:00.000000,NQH0,8782.0,NQH0,8782.5,16.0,-0.5,false
2019-12-29T23:00:00.000000,NQH0,8789.0,NQH0,8779.25,2941.0,9.75,false
2019-12-30T21:30:00.000000,NQH0,8734.0,NQH0,8732.5,16.0,1.5,false
2019-12-30T23:00:00.000000,NQH0,8729.25,NQH0,8732.5,61.0,-3.25,false
2019-12-31T21:30:00.000000,NQH0,8764.0,NQH0,8766.0,16.0,-2.0,false
2020-01-01T23:00:00.000000,NQH0,8773.5,NQH0,8772.0,1501.0,1.5,false
2020-01-02T21:30:00.000000,NQH0,8890.5,NQH0,8891.5,16.0,-1.0,false
2020-01-02T23:00:00.000000,NQH0,8901.25,NQH0,8901.0,61.0,0.25,false
2020-01-03T21:30:00.000000,NQH0,8809.75,NQH0,8809.75,16.0,0.0,false
2020-01-05T23:00:00.000000,NQH0,8760.75,NQH0,8811.75,2941.0,-51.0,false
2020-01-06T21:30:00.000000,NQH0,8850.25,NQH0,8849.75,16.0,0.5,false
2020-01-06T23:00:00.000000,NQH0,8852.25,NQH0,8852.5,61.0,-0.25,false
2020-01-07T21:30:00.000000,NQH0,8842.0,NQH0,8852.25,16.0,-10.25,false
2020-01-07T23:00:00.000000,NQH0,8844.75,NQH0,8844.25,61.0,0.5,false
2020-01-08T21:30:00.000000,NQH0,8938.0,NQH0,8943.75,16.0,-5.75,false
2020-01-08T23:00:00.000000,NQH0,8950.75,NQH0,8947.5,61.0,3.25,false
2020-01-09T21:30:00.000000,NQH0,9007.5,NQH0,9008.75,16.0,-1.25,false
2020-01-09T23:00:00.000000,NQH0,9012.0,NQH0,9008.5,61.0,3.5,false
2020-01-10T21:30:00.000000,NQH0,8979.5,NQH0,8980.0,16.0,-0.5,false
2020-01-12T23:00:00.000000,NQH0,8994.0,NQH0,8978.25,2941.0,15.75,false
2020-01-13T21:30:00.000000,NQH0,9089.0,NQH0,9087.75,16.0,1.25,false
2020-01-13T23:00:00.000000,NQH0,9090.0,NQH0,9090.25,61.0,-0.25,false
2020-01-14T21:30:00.000000,NQH0,9061.75,NQH0,9061.0,16.0,0.75,false
2020-01-14T23:00:00.000000,NQH0,9060.0,NQH0,9063.0,61.0,-3.0,false
2020-01-15T21:30:00.000000,NQH0,9060.25,NQH0,9059.5,16.0,0.75,false
2020-01-15T23:00:00.000000,NQH0,9065.75,NQH0,9062.0,61.0,3.75,false
2020-01-16T21:30:00.000000,NQH0,9134.0,NQH0,9133.0,16.0,1.0,false
2020-01-16T23:00:00.000000,NQH0,9136.5,NQH0,9138.5,61.0,-2.0,false
2020-01-17T21:30:00.000000,NQH0,9170.25,NQH0,9174.0,16.0,-3.75,false
2020-01-19T23:00:00.000000,NQH0,9170.0,NQH0,9171.75,2941.0,-1.75,false
2020-01-20T23:00:00.000000,NQH0,9175.5,NQH0,9175.75,301.0,-0.25,false
2020-01-21T21:30:00.000000,NQH0,9174.5,NQH0,9169.75,16.0,4.75,false
2020-01-21T23:00:00.000000,NQH0,9179.0,NQH0,9174.75,61.0,4.25,false
2020-01-22T21:30:00.000000,NQH0,9197.0,NQH0,9197.75,16.0,-0.75,false
2020-01-22T23:00:00.000000,NQH0,9191.75,NQH0,9188.0,61.0,3.75,false
2020-01-23T21:30:00.000000,NQH0,9249.5,NQH0,9248.75,16.0,0.75,false
2020-01-23T23:00:00.000000,NQH0,9252.0,NQH0,9251.25,61.0,0.75,false
2020-01-24T21:30:00.000000,NQH0,9142.5,NQH0,9143.0,16.0,-0.5,false
2020-01-26T23:00:00.000000,NQH0,9064.5,NQH0,9136.75,2941.0,-72.25,false
2020-01-27T21:30:00.000000,NQH0,8956.75,NQH0,8954.0,16.0,2.75,false
2020-01-27T23:00:00.000000,NQH0,8960.0,NQH0,8960.25,61.0,-0.25,false
2020-01-28T21:30:00.000000,NQH0,9116.0,NQH0,9103.75,16.0,12.25,false
2020-01-28T23:00:00.000000,NQH0,9124.25,NQH0,9124.5,61.0,-0.25,false
2020-01-29T21:30:00.000000,NQH0,9091.5,NQH0,9095.75,16.0,-4.25,false
2020-01-29T23:00:00.000000,NQH0,9122.0,NQH0,9104.75,61.0,17.25,false
2020-01-30T21:30:00.000000,NQH0,9226.75,NQH0,9218.75,16.0,8.0,false
2020-01-30T23:00:00.000000,NQH0,9218.25,NQH0,9237.5,61.0,-19.25,false
2020-01-31T21:30:00.000000,NQH0,9011.0,NQH0,9016.25,16.0,-5.25,false
2020-02-02T23:00:00.000000,NQH0,9013.5,NQH0,9013.25,2941.0,0.25,false
2020-02-03T21:30:00.000000,NQH0,9107.0,NQH0,9113.75,16.0,-6.75,false
2020-02-03T23:00:00.000000,NQH0,9088.75,NQH0,9105.5,61.0,-16.75,false
2020-02-04T21:30:00.000000,NQH0,9353.25,NQH0,9357.5,16.0,-4.25,false
2020-02-04T23:00:00.000000,NQH0,9351.25,NQH0,9360.25,61.0,-9.0,false
2020-02-05T21:30:00.000000,NQH0,9384.5,NQH0,9383.25,16.0,1.25,false
2020-02-05T23:00:00.000000,NQH0,9391.75,NQH0,9388.25,61.0,3.5,false
2020-02-06T21:30:00.000000,NQH0,9454.75,NQH0,9454.75,16.0,0.0,false
2020-02-06T23:00:00.000000,NQH0,9461.0,NQH0,9464.0,61.0,-3.0,false
2020-02-07T21:30:00.000000,NQH0,9405.75,NQH0,9409.5,16.0,-3.75,false
2020-02-09T23:00:00.000000,NQH0,9394.25,NQH0,9400.5,2941.0,-6.25,false
2020-02-10T21:30:00.000000,NQH0,9525.0,NQH0,9528.0,16.0,-3.0,false
2020-02-10T23:00:00.000000,NQH0,9524.25,NQH0,9526.0,61.0,-1.75,false
2020-02-11T21:30:00.000000,NQH0,9526.75,NQH0,9526.0,16.0,0.75,false
2020-02-11T23:00:00.000000,NQH0,9537.75,NQH0,9532.75,61.0,5.0,false
2020-02-12T21:30:00.000000,NQH0,9621.5,NQH0,9625.25,16.0,-3.75,false
2020-02-12T23:00:00.000000,NQH0,9618.75,NQH0,9623.5,61.0,-4.75,false
2020-02-13T21:30:00.000000,NQH0,9623.75,NQH0,9613.5,16.0,10.25,false
2020-02-13T23:00:00.000000,NQH0,9620.5,NQH0,9625.25,61.0,-4.75,false
2020-02-14T21:30:00.000000,NQH0,9632.0,NQH0,9632.75,16.0,-0.75,false
2020-02-16T23:00:00.000000,NQH0,9650.0,NQH0,9630.25,2941.0,19.75,false
2020-02-17T23:00:00.000000,NQH0,9595.25,NQH0,9666.5,301.0,-71.25,false
2020-02-18T21:30:00.000000,NQH0,9639.0,NQH0,9637.25,16.0,1.75,false
2020-02-18T23:00:00.000000,NQH0,9648.5,NQH0,9640.25,61.0,8.25,false
2020-02-19T21:30:00.000000,NQH0,9733.25,NQH0,9732.25,16.0,1.0,false
2020-02-19T23:00:00.000000,NQH0,9742.0,NQH0,9734.25,61.0,7.75,false
2020-02-20T21:30:00.000000,NQH0,9623.5,NQH0,9625.0,16.0,-1.5,false
2020-02-20T23:00:00.000000,NQH0,9613.25,NQH0,9618.25,61.0,-5.0,false
2020-02-21T21:30:00.000000,NQH0,9458.25,NQH0,9459.25,16.0,-1.0,false
2020-02-23T23:00:00.000000,NQH0,9345.0,NQH0,9455.0,2941.0,-110.0,false
2020-02-24T21:30:00.000000,NQH0,9088.0,NQH0,9094.0,16.0,-6.0,false
2020-02-24T23:00:00.000000,NQH0,9088.5,NQH0,9097.25,61.0,-8.75,false
2020-02-25T21:30:00.000000,NQH0,8859.5,NQH0,8855.0,16.0,4.5,false
2020-02-25T23:00:00.000000,NQH0,8865.5,NQH0,8873.75,61.0,-8.25,false
2020-02-26T21:30:00.000000,NQH0,8850.75,NQH0,8847.75,16.0,3.0,false
2020-02-26T23:00:00.000000,NQH0,8816.5,NQH0,8821.0,61.0,-4.5,false
2020-02-27T21:30:00.000000,NQH0,8424.75,NQH0,8379.75,16.0,45.0,false
2020-02-27T23:00:00.000000,NQH0,8370.5,NQH0,8349.75,61.0,20.75,false
2020-03-01T23:00:00.000000,NQH0,8299.75,NQH0,8270.5,3302.0,29.25,false
2020-03-02T21:30:00.000000,NQH0,8813.25,NQH0,8785.25,16.0,28.0,false
2020-03-02T23:00:00.000000,NQH0,8846.75,NQH0,8820.0,61.0,26.75,false
2020-03-03T21:30:00.000000,NQH0,8580.0,NQH0,8581.25,16.0,-1.25,false
2020-03-03T23:00:00.000000,NQH0,8565.5,NQH0,8559.0,61.0,6.5,false
2020-03-04T21:30:00.000000,NQH0,8884.5,NQH0,8895.0,16.0,-10.5,false
2020-03-04T23:00:00.000000,NQH0,8896.0,NQH0,8889.25,61.0,6.75,false
2020-03-05T21:30:00.000000,NQH0,8645.5,NQH0,8648.75,16.0,-3.25,false
2020-03-05T23:00:00.000000,NQH0,8675.0,NQH0,8674.0,61.0,1.0,false
2020-03-06T21:30:00.000000,NQH0,8494.5,NQH0,8506.5,16.0,-12.0,false
2020-03-08T22:00:00.000000,NQH0,8278.5,NQH0,8501.75,2881.0,-223.25,false
2020-03-09T07:41:00.000000,NQH0,8093.25,NQH0,8093.25,6.0,0.0,false
2020-03-09T10:21:00.000000,NQH0,8093.25,NQH0,8093.25,6.0,0.0,false
2020-03-09T11:49:00.000000,NQH0,8093.25,NQH0,8093.25,7.0,0.0,false
2020-03-09T11:57:00.000000,NQH0,8093.25,NQH0,8093.25,8.0,0.0,false
2020-03-09T12:09:00.000000,NQH0,8093.25,NQH0,8093.25,9.0,0.0,false
2020-03-09T12:20:00.000000,NQH0,8093.25,NQH0,8093.25,8.0,0.0,false
2020-03-09T13:30:00.000000,NQH0,7922.75,NQH0,8093.25,7.0,-170.5,false
2020-03-09T13:49:00.000000,NQH0,7847.5,NQH0,7828.75,14.0,18.75,false
2020-03-09T20:30:00.000000,NQH0,7952.0,NQH0,7951.75,16.0,0.25,false
2020-03-09T22:00:00.000000,NQH0,7867.0,NQH0,7915.0,61.0,-48.0,false
2020-03-10T20:30:00.000000,NQH0,8342.75,NQH0,8329.25,16.0,13.5,false
2020-03-10T22:00:00.000000,NQH0,8313.25,NQH0,8356.0,61.0,-42.75,false
2020-03-11T20:30:00.000000,NQH0,8001.5,NQH0,8004.5,16.0,-3.0,false
2020-03-11T22:00:00.000000,NQH0,7994.75,NQH0,8005.0,61.0,-10.25,false
2020-03-12T13:15:00.000000,NQH0,7601.5,NQH0,7601.5,6.0,0.0,false
2020-03-12T13:30:00.000000,NQH0,7504.25,NQH0,7601.5,6.0,-97.25,false
2020-03-12T13:50:00.000000,NQH0,7413.0,NQH0,7441.75,14.0,-28.75,false
2020-03-12T20:30:00.000000,NQH0,7190.0,NQH0,7225.75,16.0,-35.75,false
2020-03-12T22:00:00.000000,NQH0,7163.0,NQH0,7160.5,61.0,2.5,false
2020-03-13T11:59:00.000000,NQH0,7622.75,NQH0,7622.75,7.0,0.0,false
2020-03-13T12:32:00.000000,NQH0,7622.75,NQH0,7622.75,6.0,0.0,false
2020-03-13T13:30:00.000000,NQH0,7697.0,NQH0,7622.75,6.0,74.25,false
2020-03-13T20:30:00.000000,NQH0,7854.25,NQH0,7914.25,16.0,-60.0,false
2020-03-15T22:00:00.000000,NQM0,7694.25,NQH0,7823.0,2941.0,-128.75,true
2020-03-15T23:15:00.000000,NQM0,7541.0,NQM0,7541.0,6.0,0.0,false
2020-03-15T23:40:00.000000,NQM0,7541.0,NQM0,7541.0,9.0,0.0,false
2020-03-15T23:46:00.000000,NQM0,7541.0,NQM0,7541.0,6.0,0.0,false
2020-03-15T23:56:00.000000,NQM0,7541.0,NQM0,7541.0,10.0,0.0,false
2020-03-16T00:07:00.000000,NQM0,7541.0,NQM0,7541.0,6.0,0.0,false
2020-03-16T00:20:00.000000,NQM0,7541.0,NQM0,7541.0,13.0,0.0,false
2020-03-16T00:34:00.000000,NQM0,7541.0,NQM0,7541.0,14.0,0.0,false
2020-03-16T00:48:00.000000,NQM0,7541.0,NQM0,7541.0,14.0,0.0,false
2020-03-16T00:54:00.000000,NQM0,7541.0,NQM0,7541.0,6.0,0.0,false
2020-03-16T01:00:00.000000,NQM0,7541.0,NQM0,7541.0,6.0,0.0,false
2020-03-16T01:34:00.000000,NQM0,7541.0,NQM0,7541.0,6.0,0.0,false
2020-03-16T01:54:00.000000,NQM0,7541.0,NQM0,7541.0,7.0,0.0,false
2020-03-16T02:29:00.000000,NQM0,7541.0,NQM0,7541.0,28.0,0.0,false
2020-03-16T02:41:00.000000,NQM0,7541.0,NQM0,7541.0,11.0,0.0,false
2020-03-16T03:06:00.000000,NQM0,7541.0,NQM0,7541.0,7.0,0.0,false
2020-03-16T03:55:00.000000,NQM0,7541.0,NQM0,7541.0,47.0,0.0,false
2020-03-16T04:01:00.000000,NQM0,7541.0,NQM0,7541.0,6.0,0.0,false
2020-03-16T04:29:00.000000,NQM0,7541.0,NQM0,7541.0,28.0,0.0,false
2020-03-16T04:43:00.000000,NQM0,7541.0,NQM0,7541.0,14.0,0.0,false
2020-03-16T04:59:00.000000,NQM0,7541.0,NQM0,7541.0,16.0,0.0,false
2020-03-16T05:08:00.000000,NQM0,7541.0,NQM0,7541.0,9.0,0.0,false
2020-03-16T05:42:00.000000,NQM0,7541.0,NQM0,7541.0,34.0,0.0,false
2020-03-16T06:31:00.000000,NQM0,7541.0,NQM0,7541.0,49.0,0.0,false
2020-03-16T06:44:00.000000,NQM0,7541.0,NQM0,7541.0,13.0,0.0,false
2020-03-16T07:41:00.000000,NQM0,7541.0,NQM0,7541.0,57.0,0.0,false
2020-03-16T07:53:00.000000,NQM0,7541.0,NQM0,7541.0,10.0,0.0,false
2020-03-16T08:23:00.000000,NQM0,7541.0,NQM0,7541.0,30.0,0.0,false
2020-03-16T08:38:00.000000,NQM0,7541.0,NQM0,7541.0,15.0,0.0,false
2020-03-16T08:48:00.000000,NQM0,7541.0,NQM0,7541.0,10.0,0.0,false
2020-03-16T08:55:00.000000,NQM0,7541.0,NQM0,7541.0,7.0,0.0,false
2020-03-16T09:01:00.000000,NQM0,7541.0,NQM0,7541.0,6.0,0.0,false
2020-03-16T09:11:00.000000,NQM0,7541.0,NQM0,7541.0,10.0,0.0,false
2020-03-16T10:57:00.000000,NQM0,7541.0,NQM0,7541.0,106.0,0.0,false
2020-03-16T11:20:00.000000,NQM0,7541.0,NQM0,7541.0,23.0,0.0,false
2020-03-16T11:53:00.000000,NQM0,7541.0,NQM0,7541.0,33.0,0.0,false
2020-03-16T12:02:00.000000,NQM0,7541.0,NQM0,7541.0,6.0,0.0,false
2020-03-16T12:27:00.000000,NQM0,7541.0,NQM0,7541.0,25.0,0.0,false
2020-03-16T12:39:00.000000,NQM0,7541.0,NQM0,7541.0,11.0,0.0,false
2020-03-16T12:46:00.000000,NQM0,7541.0,NQM0,7541.0,7.0,0.0,false
2020-03-16T13:05:00.000000,NQM0,7541.0,NQM0,7541.0,17.0,0.0,false
2020-03-16T13:21:00.000000,NQM0,7541.0,NQM0,7541.0,16.0,0.0,false
2020-03-16T13:30:00.000000,NQM0,7381.25,NQM0,7541.0,8.0,-159.75,false
2020-03-16T13:45:00.000000,NQM0,7104.0,NQM0,7381.25,15.0,-277.25,false
2020-03-16T20:30:00.000000,NQM0,7048.0,NQM0,7042.0,16.0,6.0,false
2020-03-16T22:00:00.000000,NQM0,7059.0,NQM0,7032.0,61.0,27.0,false
2020-03-17T01:38:00.000000,NQM0,7277.25,NQM0,7277.25,8.0,0.0,false
2020-03-17T02:06:00.000000,NQM0,7277.25,NQM0,7277.25,8.0,0.0,false
2020-03-17T02:46:00.000000,NQM0,7277.25,NQM0,7277.25,8.0,0.0,false
2020-03-17T03:10:00.000000,NQM0,7277.25,NQM0,7277.25,6.0,0.0,false
2020-03-17T03:37:00.000000,NQM0,7277.25,NQM0,7277.25,9.0,0.0,false
2020-03-17T03:51:00.000000,NQM0,7277.25,NQM0,7277.25,6.0,0.0,false
2020-03-17T04:16:00.000000,NQM0,7277.25,NQM0,7277.25,25.0,0.0,false
2020-03-17T04:27:00.000000,NQM0,7277.25,NQM0,7277.25,11.0,0.0,false
2020-03-17T04:34:00.000000,NQM0,7277.25,NQM0,7277.25,6.0,0.0,false
2020-03-17T04:45:00.000000,NQM0,7277.25,NQM0,7277.25,6.0,0.0,false
2020-03-17T05:12:00.000000,NQM0,7277.25,NQM0,7277.25,27.0,0.0,false
2020-03-17T05:19:00.000000,NQM0,7277.25,NQM0,7277.25,7.0,0.0,false
2020-03-17T05:50:00.000000,NQM0,7277.25,NQM0,7277.25,8.0,0.0,false
2020-03-17T06:02:00.000000,NQM0,7277.25,NQM0,7277.25,7.0,0.0,false
2020-03-17T06:20:00.000000,NQM0,7277.25,NQM0,7277.25,10.0,0.0,false
2020-03-17T06:32:00.000000,NQM0,7277.25,NQM0,7277.25,8.0,0.0,false
2020-03-17T06:38:00.000000,NQM0,7277.25,NQM0,7277.25,6.0,0.0,false
2020-03-17T06:46:00.000000,NQM0,7277.25,NQM0,7277.25,6.0,0.0,false
2020-03-17T07:08:00.000000,NQM0,7277.25,NQM0,7277.25,21.0,0.0,false
2020-03-17T07:18:00.000000,NQM0,7277.25,NQM0,7277.25,6.0,0.0,false
2020-03-17T07:30:00.000000,NQM0,7277.25,NQM0,7277.25,7.0,0.0,false
2020-03-17T07:55:00.000000,NQM0,7277.25,NQM0,7277.25,24.0,0.0,false
2020-03-17T08:01:00.000000,NQM0,7277.25,NQM0,7277.25,6.0,0.0,false
2020-03-17T08:11:00.000000,NQM0,7277.25,NQM0,7277.25,10.0,0.0,false
2020-03-17T08:17:00.000000,NQM0,7277.25,NQM0,7277.25,6.0,0.0,false
2020-03-17T20:30:00.000000,NQM0,7374.5,NQM0,7383.75,16.0,-9.25,false
2020-03-17T22:00:00.000000,NQM0,7341.25,NQM0,7347.25,61.0,-6.0,false
2020-03-18T05:40:00.000000,NQM0,7064.25,NQM0,7064.25,9.0,0.0,false
2020-03-18T05:58:00.000000,NQM0,7064.25,NQM0,7064.25,9.0,0.0,false
2020-03-18T06:16:00.000000,NQM0,7064.25,NQM0,7064.25,6.0,0.0,false
2020-03-18T06:28:00.000000,NQM0,7064.25,NQM0,7064.25,12.0,0.0,false
2020-03-18T06:49:00.000000,NQM0,7064.25,NQM0,7064.25,18.0,0.0,false
2020-03-18T07:21:00.000000,NQM0,7064.25,NQM0,7064.25,7.0,0.0,false
2020-03-18T07:28:00.000000,NQM0,7064.25,NQM0,7064.25,7.0,0.0,false
2020-03-18T08:00:00.000000,NQM0,7064.25,NQM0,7064.25,21.0,0.0,false
2020-03-18T08:16:00.000000,NQM0,7064.25,NQM0,7064.25,6.0,0.0,false
2020-03-18T08:23:00.000000,NQM0,7064.25,NQM0,7064.25,7.0,0.0,false
2020-03-18T09:18:00.000000,NQM0,7064.25,NQM0,7064.25,18.0,0.0,false
2020-03-18T09:31:00.000000,NQM0,7064.25,NQM0,7064.25,12.0,0.0,false
2020-03-18T09:38:00.000000,NQM0,7064.25,NQM0,7064.25,7.0,0.0,false
2020-03-18T09:48:00.000000,NQM0,7064.25,NQM0,7064.25,10.0,0.0,false
2020-03-18T10:14:00.000000,NQM0,7064.25,NQM0,7064.25,26.0,0.0,false
2020-03-18T10:28:00.000000,NQM0,7064.25,NQM0,7064.25,14.0,0.0,false
2020-03-18T10:52:00.000000,NQM0,7064.25,NQM0,7064.25,18.0,0.0,false
2020-03-18T11:19:00.000000,NQM0,7064.25,NQM0,7064.25,23.0,0.0,false
2020-03-18T11:26:00.000000,NQM0,7064.25,NQM0,7064.25,6.0,0.0,false
2020-03-18T11:51:00.000000,NQM0,7064.25,NQM0,7064.25,18.0,0.0,false
2020-03-18T12:00:00.000000,NQM0,7064.25,NQM0,7064.25,9.0,0.0,false
2020-03-18T12:13:00.000000,NQM0,7064.25,NQM0,7064.25,13.0,0.0,false
2020-03-18T12:28:00.000000,NQM0,7064.25,NQM0,7064.25,14.0,0.0,false
2020-03-18T12:59:00.000000,NQM0,7064.25,NQM0,7064.25,29.0,0.0,false
2020-03-18T13:30:00.000000,NQM0,7015.0,NQM0,7064.25,24.0,-49.25,false
2020-03-18T17:11:00.000000,NQM0,7009.25,NQM0,7003.75,14.0,5.5,false
2020-03-18T20:30:00.000000,NQM0,7188.5,NQM0,7205.5,16.0,-17.0,false
2020-03-18T22:00:00.000000,NQM0,7209.0,NQM0,7241.5,61.0,-32.5,false
2020-03-19T20:30:00.000000,NQM0,7232.5,NQM0,7268.25,16.0,-35.75,false
2020-03-19T22:00:00.000000,NQM0,7171.0,NQM0,7184.75,61.0,-13.75,false
2020-03-20T10:01:00.000000,NQM0,7629.0,NQM0,7629.0,8.0,0.0,false
2020-03-20T20:30:00.000000,NQM0,6933.5,NQM0,6967.75,16.0,-34.25,false
2020-03-22T22:00:00.000000,NQM0,6689.0,NQM0,6920.25,2941.0,-231.25,false
2020-03-22T23:04:00.000000,NQM0,6628.75,NQM0,6628.75,10.0,0.0,false
2020-03-22T23:17:00.000000,NQM0,6628.75,NQM0,6628.75,7.0,0.0,false
2020-03-22T23:28:00.000000,NQM0,6628.75,NQM0,6628.75,6.0,0.0,false
2020-03-23T20:30:00.000000,NQM0,6993.0,NQM0,7002.25,16.0,-9.25,false
2020-03-23T22:00:00.000000,NQM0,7071.75,NQM0,6978.0,61.0,93.75,false
2020-03-24T20:30:00.000000,NQM0,7524.5,NQM0,7552.0,16.0,-27.5,false
2020-03-24T22:00:00.000000,NQM0,7527.5,NQM0,7553.25,61.0,-25.75,false
2020-03-25T20:30:00.000000,NQM0,7474.0,NQM0,7463.25,16.0,10.75,false
2020-03-25T22:00:00.000000,NQM0,7475.0,NQM0,7478.0,61.0,-3.0,false
2020-03-26T20:30:00.000000,NQM0,7854.5,NQM0,7846.5,16.0,8.0,false
2020-03-26T22:00:00.000000,NQM0,7871.5,NQM0,7861.5,61.0,10.0,false
2020-03-27T20:30:00.000000,NQM0,7555.0,NQM0,7572.25,16.0,-17.25,false
2020-03-29T22:00:00.000000,NQM0,7416.0,NQM0,7561.0,2941.0,-145.0,false
2020-03-30T20:29:00.000000,NQM0,7854.0,NQM0,7856.0,15.0,-2.0,false
2020-03-30T22:00:00.000000,NQM0,7845.25,NQM0,7853.25,61.0,-8.0,false
2020-03-31T20:29:00.000000,NQM0,7771.5,NQM0,7768.0,15.0,3.5,false
2020-03-31T21:59:00.000000,NQM0,7772.5,NQM0,7781.75,60.0,-9.25,false
2020-04-01T20:29:00.000000,NQM0,7440.25,NQM0,7437.5,15.0,2.75,false
2020-04-01T22:00:00.000000,NQM0,7478.5,NQM0,7463.5,61.0,15.0,false
2020-04-02T20:30:00.000000,NQM0,7632.75,NQM0,7629.5,16.0,3.25,false
2020-04-02T22:00:00.000000,NQM0,7614.75,NQM0,7622.0,61.0,-7.25,false
2020-04-03T20:30:00.000000,NQM0,7521.25,NQM0,7518.25,16.0,3.0,false
2020-04-05T22:00:00.000000,NQM0,7605.75,NQM0,7522.0,2941.0,83.75,false
2020-04-06T20:30:00.000000,NQM0,8035.25,NQM0,8034.25,16.0,1.0,false
2020-04-06T22:00:00.000000,NQM0,8019.5,NQM0,8035.75,61.0,-16.25,false
2020-04-07T20:30:00.000000,NQM0,8007.75,NQM0,8013.0,16.0,-5.25,false
2020-04-07T22:00:00.000000,NQM0,8017.5,NQM0,7998.0,61.0,19.5,false
2020-04-08T20:30:00.000000,NQM0,8193.25,NQM0,8190.25,16.0,3.0,false
2020-04-08T22:00:00.000000,NQM0,8175.5,NQM0,8201.75,61.0,-26.25,false
2020-04-09T20:30:00.000000,NQM0,8232.0,NQM0,8228.25,16.0,3.75,false
2020-04-12T22:00:00.000000,NQM0,8274.25,NQM0,8238.75,4381.0,35.5,false
2020-04-13T20:30:00.000000,NQM0,8322.75,NQM0,8328.0,16.0,-5.25,false
2020-04-13T22:00:00.000000,NQM0,8341.25,NQM0,8338.0,61.0,3.25,false
2020-04-14T20:30:00.000000,NQM0,8691.75,NQM0,8695.0,16.0,-3.25,false
2020-04-14T22:00:00.000000,NQM0,8695.25,NQM0,8703.25,61.0,-8.0,false
2020-04-15T20:30:00.000000,NQM0,8591.0,NQM0,8591.75,16.0,-0.75,false
2020-04-15T22:00:00.000000,NQM0,8583.5,NQM0,8576.5,61.0,7.0,false
2020-04-16T20:30:00.000000,NQM0,8747.75,NQM0,8734.75,16.0,13.0,false
2020-04-16T22:00:00.000000,NQM0,8904.5,NQM0,8838.5,61.0,66.0,false
2020-04-17T20:30:00.000000,NQM0,8809.5,NQM0,8808.25,16.0,1.25,false
2020-04-19T22:00:00.000000,NQM0,8779.5,NQM0,8812.0,2941.0,-32.5,false
2020-04-20T20:30:00.000000,NQM0,8696.0,NQM0,8690.75,16.0,5.25,false
2020-04-20T22:00:00.000000,NQM0,8710.75,NQM0,8713.25,61.0,-2.5,false
2020-04-21T20:30:00.000000,NQM0,8416.75,NQM0,8431.25,16.0,-14.5,false
2020-04-21T22:00:00.000000,NQM0,8472.25,NQM0,8435.0,61.0,37.25,false
2020-04-22T20:30:00.000000,NQM0,8634.75,NQM0,8635.5,16.0,-0.75,false
2020-04-22T22:00:00.000000,NQM0,8633.25,NQM0,8633.25,61.0,0.0,false
2020-04-23T20:30:00.000000,NQM0,8596.5,NQM0,8600.5,16.0,-4.0,false
2020-04-23T22:00:00.000000,NQM0,8570.0,NQM0,8600.75,61.0,-30.75,false
2020-04-24T20:30:00.000000,NQM0,8766.5,NQM0,8767.5,16.0,-1.0,false
2020-04-26T22:00:00.000000,NQM0,8795.25,NQM0,8763.75,2941.0,31.5,false
2020-04-27T20:30:00.000000,NQM0,8822.25,NQM0,8822.5,16.0,-0.25,false
2020-04-27T22:00:00.000000,NQM0,8806.25,NQM0,8818.25,61.0,-12.0,false
2020-04-28T20:30:00.000000,NQM0,8711.0,NQM0,8720.25,16.0,-9.25,false
2020-04-28T22:00:00.000000,NQM0,8753.0,NQM0,8698.75,61.0,54.25,false
2020-04-29T20:30:00.000000,NQM0,9070.25,NQM0,9038.25,16.0,32.0,false
2020-04-29T22:00:00.000000,NQM0,9093.25,NQM0,9118.25,61.0,-25.0,false
2020-04-30T20:30:00.000000,NQM0,8944.25,NQM0,8934.5,16.0,9.75,false
2020-04-30T22:00:00.000000,NQM0,8836.75,NQM0,8869.75,61.0,-33.0,false
2020-05-01T20:30:00.000000,NQM0,8715.5,NQM0,8716.75,16.0,-1.25,false
2020-05-03T22:00:00.000000,NQM0,8615.0,NQM0,8702.0,2941.0,-87.0,false
2020-05-04T20:30:00.000000,NQM0,8797.75,NQM0,8796.25,16.0,1.5,false
2020-05-04T22:00:00.000000,NQM0,8812.25,NQM0,8809.0,61.0,3.25,false
2020-05-05T20:30:00.000000,NQM0,8918.5,NQM0,8924.0,16.0,-5.5,false
2020-05-05T22:00:00.000000,NQM0,8936.25,NQM0,8932.75,61.0,3.5,false
2020-05-06T20:30:00.000000,NQM0,8948.25,NQM0,8952.0,16.0,-3.75,false
2020-05-06T22:00:00.000000,NQM0,8957.75,NQM0,8946.25,61.0,11.5,false
2020-05-07T20:30:00.000000,NQM0,9112.5,NQM0,9110.25,16.0,2.25,false
2020-05-07T22:00:00.000000,NQM0,9108.0,NQM0,9118.25,61.0,-10.25,false
2020-05-08T20:30:00.000000,NQM0,9217.0,NQM0,9219.25,16.0,-2.25,false
2020-05-10T22:00:00.000000,NQM0,9184.5,NQM0,9222.5,2941.0,-38.0,false
2020-05-11T20:30:00.000000,NQM0,9280.5,NQM0,9283.75,16.0,-3.25,false
2020-05-11T22:00:00.000000,NQM0,9286.25,NQM0,9280.75,61.0,5.5,false
2020-05-12T20:30:00.000000,NQM0,9084.25,NQM0,9076.75,16.0,7.5,false
2020-05-12T22:00:00.000000,NQM0,9047.5,NQM0,9043.25,61.0,4.25,false
2020-05-13T20:30:00.000000,NQM0,9009.5,NQM0,8993.25,16.0,16.25,false
2020-05-13T22:00:00.000000,NQM0,9027.25,NQM0,9012.75,61.0,14.5,false
2020-05-14T20:30:00.000000,NQM0,9086.25,NQM0,9078.5,16.0,7.75,false
2020-05-14T22:00:00.000000,NQM0,9082.5,NQM0,9088.5,61.0,-6.0,false
2020-05-15T20:30:00.000000,NQM0,9104.25,NQM0,9096.75,16.0,7.5,false
2020-05-17T22:00:00.000000,NQM0,9122.75,NQM0,9117.5,2941.0,5.25,false
2020-05-18T20:30:00.000000,NQM0,9322.0,NQM0,9324.5,16.0,-2.5,false
2020-05-18T22:00:00.000000,NQM0,9322.0,NQM0,9317.0,61.0,5.0,false
2020-05-19T20:30:00.000000,NQM0,9294.5,NQM0,9298.75,16.0,-4.25,false
2020-05-19T22:00:00.000000,NQM0,9286.0,NQM0,9297.0,61.0,-11.0,false
2020-05-20T20:30:00.000000,NQM0,9485.0,NQM0,9483.25,16.0,1.75,false
2020-05-20T22:00:00.000000,NQM0,9493.0,NQM0,9494.0,61.0,-1.0,false
2020-05-21T20:30:00.000000,NQM0,9357.5,NQM0,9355.25,16.0,2.25,false
2020-05-21T22:00:00.000000,NQM0,9355.5,NQM0,9359.25,61.0,-3.75,false
2020-05-22T20:30:00.000000,NQM0,9410.0,NQM0,9407.25,16.0,2.75,false
2020-05-24T22:00:00.000000,NQM0,9401.5,NQM0,9421.5,2941.0,-20.0,false
2020-05-25T22:00:00.000000,NQM0,9517.0,NQM0,9530.5,301.0,-13.5,false
2020-05-26T20:30:00.000000,NQM0,9409.5,NQM0,9407.75,16.0,1.75,false
2020-05-26T22:00:00.000000,NQM0,9401.5,NQM0,9413.0,61.0,-11.5,false
2020-05-27T20:30:00.000000,NQM0,9436.5,NQM0,9435.5,16.0,1.0,false
2020-05-27T22:00:00.000000,NQM0,9436.75,NQM0,9441.75,61.0,-5.0,false
2020-05-28T20:30:00.000000,NQM0,9452.75,NQM0,9458.75,16.0,-6.0,false
2020-05-28T22:00:00.000000,NQM0,9450.75,NQM0,9458.5,61.0,-7.75,false
2020-05-29T20:30:00.000000,NQM0,9578.75,NQM0,9577.0,16.0,1.75,false
2020-05-31T22:00:00.000000,NQM0,9519.25,NQM0,9586.75,2941.0,-67.5,false
2020-06-01T20:30:00.000000,NQM0,9592.25,NQM0,9596.5,16.0,-4.25,false
2020-06-01T22:00:00.000000,NQM0,9590.25,NQM0,9592.5,61.0,-2.25,false
2020-06-02T20:30:00.000000,NQM0,9646.0,NQM0,9646.0,16.0,0.0,false
2020-06-02T22:00:00.000000,NQM0,9655.75,NQM0,9657.5,61.0,-1.75,false
2020-06-03T20:30:00.000000,NQM0,9684.0,NQM0,9683.75,16.0,0.25,false
2020-06-03T22:00:00.000000,NQM0,9684.25,NQM0,9690.5,61.0,-6.25,false
2020-06-04T20:30:00.000000,NQM0,9628.0,NQM0,9628.0,16.0,0.0,false
2020-06-04T22:00:00.000000,NQM0,9642.25,NQM0,9644.5,61.0,-2.25,false
2020-06-05T20:30:00.000000,NQM0,9811.5,NQM0,9809.25,16.0,2.25,false
2020-06-07T22:00:00.000000,NQM0,9836.75,NQM0,9807.75,2941.0,29.0,false
2020-06-08T20:30:00.000000,NQM0,9881.75,NQM0,9882.75,16.0,-1.0,false
2020-06-08T22:00:00.000000,NQM0,9879.25,NQM0,9883.25,61.0,-4.0,false
2020-06-09T20:30:00.000000,NQM0,9949.5,NQM0,9951.5,16.0,-2.0,false
2020-06-09T22:00:00.000000,NQM0,9965.25,NQM0,9961.75,61.0,3.5,false
2020-06-10T20:30:00.000000,NQM0,10082.75,NQM0,10083.5,16.0,-0.75,false
2020-06-10T22:00:00.000000,NQM0,10085.25,NQM0,10088.25,61.0,-3.0,false
2020-06-11T20:30:00.000000,NQM0,9605.75,NQM0,9618.0,16.0,-12.25,false
2020-06-11T22:00:00.000000,NQM0,9631.0,NQM0,9621.0,61.0,10.0,false
2020-06-12T20:30:00.000000,NQM0,9646.25,NQM0,9646.5,16.0,-0.25,false
2020-06-14T22:00:00.000000,NQU0,9533.25,NQM0,9645.0,2941.0,-111.75,true
2020-06-15T20:30:00.000000,NQU0,9792.25,NQU0,9792.0,16.0,0.25,false
2020-06-15T22:00:00.000000,NQU0,9805.0,NQU0,9799.75,61.0,5.25,false
2020-06-16T20:30:00.000000,NQU0,9957.0,NQU0,9959.0,16.0,-2.0,false
2020-06-16T22:00:00.000000,NQU0,9935.5,NQU0,9959.25,61.0,-23.75,false
2020-06-17T20:30:00.000000,NQU0,9984.25,NQU0,9981.5,16.0,2.75,false
2020-06-17T22:00:00.000000,NQU0,9974.75,NQU0,9986.25,61.0,-11.5,false
2020-06-18T20:30:00.000000,NQU0,9987.0,NQU0,9984.25,16.0,2.75,false
2020-06-18T22:00:00.000000,NQU0,9990.25,NQU0,9989.5,61.0,0.75,false
2020-06-19T20:30:00.000000,NQU0,9945.0,NQU0,9919.5,16.0,25.5,false
2020-06-21T22:00:00.000000,NQU0,9878.5,NQU0,9925.0,2941.0,-46.5,false
2020-06-22T20:30:00.000000,NQU0,10125.5,NQU0,10130.75,16.0,-5.25,false
2020-06-22T22:00:00.000000,NQU0,10123.75,NQU0,10121.5,61.0,2.25,false
2020-06-23T20:30:00.000000,NQU0,10193.0,NQU0,10196.0,16.0,-3.0,false
2020-06-23T22:00:00.000000,NQU0,10189.25,NQU0,10177.0,61.0,12.25,false
2020-06-24T20:30:00.000000,NQU0,10004.25,NQU0,10016.5,16.0,-12.25,false
2020-06-24T22:00:00.000000,NQU0,10010.75,NQU0,10015.25,61.0,-4.5,false
2020-06-25T20:30:00.000000,NQU0,10087.0,NQU0,10087.5,16.0,-0.5,false
2020-06-25T22:00:00.000000,NQU0,10087.5,NQU0,10097.5,61.0,-10.0,false
2020-06-26T20:30:00.000000,NQU0,9856.0,NQU0,9866.75,16.0,-10.75,false
2020-06-28T22:00:00.000000,NQU0,9787.75,NQU0,9844.75,2941.0,-57.0,false
2020-06-29T20:30:00.000000,NQU0,9969.75,NQU0,9973.5,16.0,-3.75,false
2020-06-29T22:00:00.000000,NQU0,9977.25,NQU0,9986.0,61.0,-8.75,false
2020-07-01T00:00:00.000000,NQU0,10125.5,NQU0,10034.75,590.0,90.75,false
2020-07-01T20:30:00.000000,NQU0,10266.5,NQU0,10266.75,16.0,-0.25,false
2020-07-01T22:00:00.000000,NQU0,10259.25,NQU0,10255.5,61.0,3.75,false
2020-07-02T20:30:00.000000,NQU0,10352.0,NQU0,10357.0,16.0,-5.0,false
2020-07-02T22:00:00.000000,NQU0,10351.0,NQU0,10349.75,61.0,1.25,false
2020-07-05T22:00:00.000000,NQU0,10363.75,NQU0,10326.0,3181.0,37.75,false
2020-07-06T20:30:00.000000,NQU0,10601.75,NQU0,10600.0,16.0,1.75,false
2020-07-06T22:00:00.000000,NQU0,10603.0,NQU0,10597.75,61.0,5.25,false
2020-07-07T20:30:00.000000,NQU0,10524.75,NQU0,10531.0,16.0,-6.25,false
2020-07-07T22:00:00.000000,NQU0,10528.75,NQU0,10526.75,61.0,2.0,false
2020-07-08T20:30:00.000000,NQU0,10668.75,NQU0,10664.75,16.0,4.0,false
2020-07-08T22:00:00.000000,NQU0,10686.75,NQU0,10671.75,61.0,15.0,false
2020-07-09T20:30:00.000000,NQU0,10727.75,NQU0,10725.75,16.0,2.0,false
2020-07-09T22:00:00.000000,NQU0,10731.75,NQU0,10724.0,61.0,7.75,false
2020-07-10T20:30:00.000000,NQU0,10838.5,NQU0,10838.25,16.0,0.25,false
2020-07-12T22:00:00.000000,NQU0,10858.75,NQU0,10843.75,2941.0,15.0,false
2020-07-13T20:30:00.000000,NQU0,10598.5,NQU0,10604.5,16.0,-6.0,false
2020-07-13T22:00:00.000000,NQU0,10625.75,NQU0,10601.25,61.0,24.5,false
2020-07-14T20:30:00.000000,NQU0,10646.5,NQU0,10648.25,16.0,-1.75,false
2020-07-14T22:00:00.000000,NQU0,10732.75,NQU0,10643.25,61.0,89.5,false
2020-07-15T20:30:00.000000,NQU0,10683.25,NQU0,10684.5,16.0,-1.25,false
2020-07-15T22:00:00.000000,NQU0,10688.0,NQU0,10689.75,61.0,-1.75,false
2020-07-16T20:30:00.000000,NQU0,10525.0,NQU0,10517.75,16.0,7.25,false
2020-07-16T22:00:00.000000,NQU0,10529.5,NQU0,10534.0,61.0,-4.5,false
2020-07-17T20:30:00.000000,NQU0,10624.75,NQU0,10619.75,16.0,5.0,false
2020-07-19T22:00:00.000000,NQU0,10640.75,NQU0,10622.5,2941.0,18.25,false
2020-07-20T20:30:00.000000,NQU0,10947.5,NQU0,10953.0,16.0,-5.5,false
2020-07-20T22:00:00.000000,NQU0,10960.25,NQU0,10947.5,61.0,12.75,false
2020-07-21T20:30:00.000000,NQU0,10849.5,NQU0,10853.0,16.0,-3.5,false
2020-07-21T22:00:00.000000,NQU0,10849.25,NQU0,10845.5,61.0,3.75,false
2020-07-22T20:30:00.000000,NQU0,10837.75,NQU0,10808.25,16.0,29.5,false
2020-07-22T22:00:00.000000,NQU0,10842.0,NQU0,10845.0,61.0,-3.0,false
2020-07-23T20:30:00.000000,NQU0,10546.75,NQU0,10545.5,16.0,1.25,false
2020-07-23T22:00:00.000000,NQU0,10575.0,NQU0,10565.0,61.0,10.0,false
2020-07-24T20:30:00.000000,NQU0,10465.75,NQU0,10457.75,16.0,8.0,false
2020-07-26T22:00:00.000000,NQU0,10498.0,NQU0,10460.75,2941.0,37.25,false
2020-07-27T20:30:00.000000,NQU0,10673.5,NQU0,10675.5,16.0,-2.0,false
2020-07-27T22:00:00.000000,NQU0,10689.5,NQU0,10682.0,61.0,7.5,false
2020-07-28T20:30:00.000000,NQU0,10544.5,NQU0,10539.75,16.0,4.75,false
2020-07-28T22:00:00.000000,NQU0,10568.0,NQU0,10549.25,61.0,18.75,false
2020-07-29T20:30:00.000000,NQU0,10686.25,NQU0,10675.0,16.0,11.25,false
2020-07-29T22:00:00.000000,NQU0,10694.0,NQU0,10699.5,61.0,-5.5,false
2020-07-30T20:30:00.000000,NQU0,10855.25,NQU0,10793.5,16.0,61.75,false
2020-07-30T22:00:00.000000,NQU0,10922.25,NQU0,10891.0,61.0,31.25,false
2020-07-31T20:30:00.000000,NQU0,10900.25,NQU0,10903.5,16.0,-3.25,false
2020-08-02T22:00:00.000000,NQU0,10904.25,NQU0,10914.25,2941.0,-10.0,false
2020-08-03T20:30:00.000000,NQU0,11052.0,NQU0,11046.75,16.0,5.25,false
2020-08-03T22:00:00.000000,NQU0,11039.25,NQU0,11053.5,61.0,-14.25,false
2020-08-04T20:30:00.000000,NQU0,11073.25,NQU0,11083.25,16.0,-10.0,false
2020-08-04T22:00:00.000000,NQU0,11073.5,NQU0,11078.5,61.0,-5.0,false
2020-08-05T20:30:00.000000,NQU0,11090.75,NQU0,11089.0,16.0,1.75,false
2020-08-05T22:00:00.000000,NQU0,11090.5,NQU0,11095.75,61.0,-5.25,false
2020-08-06T20:30:00.000000,NQU0,11257.0,NQU0,11261.75,16.0,-4.75,false
2020-08-06T22:00:00.000000,NQU0,11253.75,NQU0,11258.0,61.0,-4.25,false
2020-08-07T20:30:00.000000,NQU0,11124.0,NQU0,11125.0,16.0,-1.0,false
2020-08-09T22:00:00.000000,NQU0,11125.5,NQU0,11131.5,2941.0,-6.0,false
2020-08-10T20:30:00.000000,NQU0,11074.0,NQU0,11069.0,16.0,5.0,false
2020-08-10T22:00:00.000000,NQU0,11071.0,NQU0,11079.5,61.0,-8.5,false
2020-08-11T20:30:00.000000,NQU0,10903.75,NQU0,10875.75,16.0,28.0,false
2020-08-11T22:00:00.000000,NQU0,10932.0,NQU0,10912.0,61.0,20.0,false
2020-08-12T20:30:00.000000,NQU0,11127.5,NQU0,11125.75,16.0,1.75,false
2020-08-12T22:00:00.000000,NQU0,11119.0,NQU0,11116.5,61.0,2.5,false
2020-08-13T20:30:00.000000,NQU0,11179.0,NQU0,11174.75,16.0,4.25,false
2020-08-13T22:00:00.000000,NQU0,11187.75,NQU0,11181.25,61.0,6.5,false
2020-08-14T20:30:00.000000,NQU0,11142.0,NQU0,11138.25,16.0,3.75,false
2020-08-16T22:00:00.000000,NQU0,11155.75,NQU0,11147.25,2941.0,8.5,false
2020-08-17T20:30:00.000000,NQU0,11290.5,NQU0,11289.0,16.0,1.5,false
2020-08-17T22:00:00.000000,NQU0,11286.25,NQU0,11287.0,61.0,-0.75,false
2020-08-18T20:30:00.000000,NQU0,11406.75,NQU0,11409.75,16.0,-3.0,false
2020-08-18T22:00:00.000000,NQU0,11413.25,NQU0,11413.25,61.0,0.0,false
2020-08-19T20:30:00.000000,NQU0,11321.25,NQU0,11333.25,16.0,-12.0,false
2020-08-19T22:00:00.000000,NQU0,11327.0,NQU0,11321.5,61.0,5.5,false
2020-08-20T20:30:00.000000,NQU0,11480.75,NQU0,11478.75,16.0,2.0,false
2020-08-20T22:00:00.000000,NQU0,11486.0,NQU0,11480.0,61.0,6.0,false
2020-08-21T20:30:00.000000,NQU0,11563.0,NQU0,11561.25,16.0,1.75,false
2020-08-23T22:00:00.000000,NQU0,11578.5,NQU0,11561.75,2941.0,16.75,false
2020-08-24T20:30:00.000000,NQU0,11637.5,NQU0,11636.0,16.0,1.5,false
2020-08-24T22:00:00.000000,NQU0,11635.5,NQU0,11634.25,61.0,1.25,false
2020-08-25T20:30:00.000000,NQU0,11727.5,NQU0,11727.0,16.0,0.5,false
2020-08-25T22:00:00.000000,NQU0,11735.5,NQU0,11736.5,61.0,-1.0,false
2020-08-26T20:30:00.000000,NQU0,11993.25,NQU0,11990.0,16.0,3.25,false
2020-08-26T22:00:00.000000,NQU0,11976.0,NQU0,11985.0,61.0,-9.0,false
2020-08-27T20:30:00.000000,NQU0,11952.25,NQU0,11951.75,16.0,0.5,false
2020-08-27T22:00:00.000000,NQU0,11950.75,NQU0,11946.75,61.0,4.0,false
2020-08-28T20:30:00.000000,NQU0,11993.5,NQU0,11988.0,16.0,5.5,false
2020-08-30T22:00:00.000000,NQU0,12010.5,NQU0,12002.0,2941.0,8.5,false
2020-08-31T20:30:00.000000,NQU0,12112.25,NQU0,12112.25,16.0,0.0,false
2020-08-31T22:00:00.000000,NQU0,12116.75,NQU0,12106.0,61.0,10.75,false
2020-09-01T20:30:00.000000,NQU0,12311.0,NQU0,12313.0,16.0,-2.0,false
2020-09-01T22:00:00.000000,NQU0,12321.75,NQU0,12328.25,61.0,-6.5,false
2020-09-02T20:30:00.000000,NQU0,12407.5,NQU0,12411.5,16.0,-4.0,false
2020-09-02T22:00:00.000000,NQU0,12402.75,NQU0,12408.5,61.0,-5.75,false
2020-09-03T20:30:00.000000,NQU0,11788.0,NQU0,11797.5,16.0,-9.5,false
2020-09-03T22:00:00.000000,NQU0,11723.25,NQU0,11802.25,61.0,-79.0,false
2020-09-04T20:30:00.000000,NQU0,11552.75,NQU0,11551.75,16.0,1.0,false
2020-09-06T22:00:00.000000,NQU0,11543.0,NQU0,11538.25,2941.0,4.75,false
2020-09-07T22:00:00.000000,NQU0,11506.75,NQU0,11501.25,301.0,5.5,false
2020-09-08T20:30:00.000000,NQU0,11067.5,NQU0,11054.5,16.0,13.0,false
2020-09-08T22:00:00.000000,NQU0,10995.5,NQU0,11043.75,61.0,-48.25,false
2020-09-09T20:30:00.000000,NQU0,11391.0,NQU0,11396.25,16.0,-5.25,false
2020-09-09T22:00:00.000000,NQU0,11386.25,NQU0,11370.25,61.0,16.0,false
2020-09-10T20:30:00.000000,NQU0,11177.5,NQU0,11175.75,16.0,1.75,false
2020-09-10T22:00:00.000000,NQU0,11204.5,NQU0,11177.25,61.0,27.25,false
2020-09-11T20:30:00.000000,NQU0,11067.75,NQU0,11062.75,16.0,5.0,false
2020-09-13T22:00:00.000000,NQZ0,11094.0,NQU0,11071.0,2941.0,23.0,true
2020-09-14T20:30:00.000000,NQZ0,11266.5,NQZ0,11267.75,16.0,-1.25,false
2020-09-14T22:00:00.000000,NQZ0,11275.5,NQZ0,11260.5,61.0,15.0,false
2020-09-15T20:30:00.000000,NQZ0,11450.5,NQZ0,11452.75,16.0,-2.25,false
2020-09-15T22:00:00.000000,NQZ0,11454.5,NQZ0,11448.0,61.0,6.5,false
2020-09-16T20:30:00.000000,NQZ0,11240.0,NQZ0,11252.75,16.0,-12.75,false
2020-09-16T22:00:00.000000,NQZ0,11244.75,NQZ0,11250.0,61.0,-5.25,false
2020-09-17T20:30:00.000000,NQZ0,11073.25,NQZ0,11074.5,16.0,-1.25,false
2020-09-17T22:00:00.000000,NQZ0,11061.25,NQZ0,11068.0,61.0,-6.75,false
2020-09-18T20:30:00.000000,NQZ0,10927.0,NQZ0,10927.5,16.0,-0.5,false
2020-09-20T22:00:00.000000,NQZ0,10912.0,NQZ0,10938.5,2941.0,-26.5,false
2020-09-21T20:30:00.000000,NQZ0,10990.0,NQZ0,10989.0,16.0,1.0,false
2020-09-21T22:00:00.000000,NQZ0,10960.25,NQZ0,10980.5,61.0,-20.25,false
2020-09-22T20:30:00.000000,NQZ0,11158.25,NQZ0,11149.0,16.0,9.25,false
2020-09-22T22:00:00.000000,NQZ0,11159.75,NQZ0,11153.5,61.0,6.25,false
2020-09-23T20:30:00.000000,NQZ0,10825.75,NQZ0,10830.0,16.0,-4.25,false
2020-09-23T22:00:00.000000,NQZ0,10811.0,NQZ0,10818.75,61.0,-7.75,false
2020-09-24T20:30:00.000000,NQZ0,10890.0,NQZ0,10890.0,16.0,0.0,false
2020-09-24T22:00:00.000000,NQZ0,10928.5,NQZ0,10908.5,61.0,20.0,false
2020-09-25T20:30:00.000000,NQZ0,11140.25,NQZ0,11135.25,16.0,5.0,false
2020-09-27T22:00:00.000000,NQZ0,11161.0,NQZ0,11135.0,2941.0,26.0,false
2020-09-28T20:30:00.000000,NQZ0,11391.0,NQZ0,11395.5,16.0,-4.5,false
2020-09-28T22:00:00.000000,NQZ0,11391.75,NQZ0,11394.25,61.0,-2.5,false
2020-09-29T20:30:00.000000,NQZ0,11343.25,NQZ0,11338.25,16.0,5.0,false
2020-09-29T22:00:00.000000,NQZ0,11316.5,NQZ0,11320.0,61.0,-3.5,false
2020-09-30T20:30:00.000000,NQZ0,11364.0,NQZ0,11357.0,16.0,7.0,false
2020-09-30T22:00:00.000000,NQZ0,11387.5,NQZ0,11357.25,61.0,30.25,false
2020-10-01T20:30:00.000000,NQZ0,11569.5,NQZ0,11573.5,16.0,-4.0,false
2020-10-01T22:00:00.000000,NQZ0,11568.5,NQZ0,11573.0,61.0,-4.5,false
2020-10-02T20:30:00.000000,NQZ0,11250.75,NQZ0,11233.0,16.0,17.75,false
2020-10-04T22:00:00.000000,NQZ0,11294.25,NQZ0,11251.5,2941.0,42.75,false
2020-10-05T20:30:00.000000,NQZ0,11470.5,NQZ0,11468.75,16.0,1.75,false
2020-10-05T22:00:00.000000,NQZ0,11475.5,NQZ0,11469.25,61.0,6.25,false
2020-10-06T20:30:00.000000,NQZ0,11250.0,NQZ0,11270.75,16.0,-20.75,false
2020-10-06T22:00:00.000000,NQZ0,11221.5,NQZ0,11207.25,61.0,14.25,false
2020-10-07T20:30:00.000000,NQZ0,11475.25,NQZ0,11474.5,16.0,0.75,false
2020-10-07T22:00:00.000000,NQZ0,11472.75,NQZ0,11474.5,61.0,-1.75,false
2020-10-08T20:30:00.000000,NQZ0,11539.75,NQZ0,11540.75,16.0,-1.0,false
2020-10-08T22:00:00.000000,NQZ0,11563.75,NQZ0,11559.75,61.0,4.0,false
2020-10-09T20:30:00.000000,NQZ0,11732.0,NQZ0,11726.25,16.0,5.75,false
2020-10-11T22:00:00.000000,NQZ0,11697.75,NQZ0,11727.75,2941.0,-30.0,false
2020-10-12T20:30:00.000000,NQZ0,12098.75,NQZ0,12101.75,16.0,-3.0,false
2020-10-12T22:00:00.000000,NQZ0,12107.25,NQZ0,12089.25,61.0,18.0,false
2020-10-13T20:30:00.000000,NQZ0,12093.0,NQZ0,12095.0,16.0,-2.0,false
2020-10-13T22:00:00.000000,NQZ0,12083.75,NQZ0,12081.5,61.0,2.25,false
2020-10-14T20:30:00.000000,NQZ0,11968.75,NQZ0,11974.0,16.0,-5.25,false
2020-10-14T22:00:00.000000,NQZ0,11955.5,NQZ0,11944.25,61.0,11.25,false
2020-10-15T20:30:00.000000,NQZ0,11883.0,NQZ0,11874.25,16.0,8.75,false
2020-10-15T22:00:00.000000,NQZ0,11895.5,NQZ0,11884.0,61.0,11.5,false
2020-10-16T20:30:00.000000,NQZ0,11803.25,NQZ0,11797.75,16.0,5.5,false
2020-10-18T22:00:00.000000,NQZ0,11835.25,NQZ0,11795.25,2941.0,40.0,false
2020-10-19T20:30:00.000000,NQZ0,11681.0,NQZ0,11648.75,16.0,32.25,false
2020-10-19T22:00:00.000000,NQZ0,11699.25,NQZ0,11695.25,61.0,4.0,false
2020-10-20T20:30:00.000000,NQZ0,11670.0,NQZ0,11657.25,16.0,12.75,false
2020-10-20T22:00:00.000000,NQZ0,11684.0,NQZ0,11653.0,61.0,31.0,false
2020-10-21T20:30:00.000000,NQZ0,11686.75,NQZ0,11695.25,16.0,-8.5,false
2020-10-21T22:00:00.000000,NQZ0,11678.75,NQZ0,11688.0,61.0,-9.25,false
2020-10-22T20:30:00.000000,NQZ0,11641.5,NQZ0,11647.0,16.0,-5.5,false
2020-10-22T22:00:00.000000,NQZ0,11667.75,NQZ0,11656.5,61.0,11.25,false
2020-10-23T20:30:00.000000,NQZ0,11670.5,NQZ0,11661.0,16.0,9.5,false
2020-10-25T22:00:00.000000,NQZ0,11633.5,NQZ0,11669.25,2941.0,-35.75,false
2020-10-26T20:30:00.000000,NQZ0,11496.0,NQZ0,11500.5,16.0,-4.5,false
2020-10-26T22:00:00.000000,NQZ0,11499.0,NQZ0,11496.75,61.0,2.25,false
2020-10-27T20:30:00.000000,NQZ0,11585.5,NQZ0,11593.75,16.0,-8.25,false
2020-10-27T22:00:00.000000,NQZ0,11553.5,NQZ0,11554.75,61.0,-1.25,false
2020-10-28T20:30:00.000000,NQZ0,11173.5,NQZ0,11163.5,16.0,10.0,false
2020-10-28T22:00:00.000000,NQZ0,11168.75,NQZ0,11177.75,61.0,-9.0,false
2020-10-29T20:30:00.000000,NQZ0,11298.5,NQZ0,11322.0,16.0,-23.5,false
2020-10-29T22:00:00.000000,NQZ0,11222.75,NQZ0,11244.75,61.0,-22.0,false
2020-10-30T20:30:00.000000,NQZ0,11073.25,NQZ0,11072.25,16.0,1.0,false
2020-11-01T23:00:00.000000,NQZ0,11025.75,NQZ0,11089.0,3001.0,-63.25,false
2020-11-02T21:30:00.000000,NQZ0,11060.25,NQZ0,11072.25,16.0,-12.0,false
2020-11-02T23:00:00.000000,NQZ0,11075.25,NQZ0,11074.5,61.0,0.75,false
2020-11-03T21:30:00.000000,NQZ0,11238.25,NQZ0,11232.0,16.0,6.25,false
2020-11-03T23:00:00.000000,NQZ0,11258.0,NQZ0,11247.5,61.0,10.5,false
2020-11-04T21:30:00.000000,NQZ0,11811.25,NQZ0,11791.25,16.0,20.0,false
2020-11-04T23:00:00.000000,NQZ0,11809.0,NQZ0,11814.0,61.0,-5.0,false
2020-11-05T21:30:00.000000,NQZ0,12098.75,NQZ0,12108.5,16.0,-9.75,false
2020-11-05T23:00:00.000000,NQZ0,12072.5,NQZ0,12092.0,61.0,-19.5,false
2020-11-06T21:30:00.000000,NQZ0,12085.75,NQZ0,12086.75,16.0,-1.0,false
2020-11-08T23:00:00.000000,NQZ0,12148.5,NQZ0,12094.5,2941.0,54.0,false
2020-11-09T21:30:00.000000,NQZ0,11863.0,NQZ0,11861.0,16.0,2.0,false
2020-11-09T23:00:00.000000,NQZ0,11865.25,NQZ0,11846.5,61.0,18.75,false
2020-11-10T21:30:00.000000,NQZ0,11621.0,NQZ0,11624.75,16.0,-3.75,false
2020-11-10T23:00:00.000000,NQZ0,11637.5,NQZ0,11624.0,61.0,13.5,false
2020-11-11T21:30:00.000000,NQZ0,11900.75,NQZ0,11895.75,16.0,5.0,false
2020-11-11T23:00:00.000000,NQZ0,11883.5,NQZ0,11893.0,61.0,-9.5,false
2020-11-12T21:30:00.000000,NQZ0,11856.75,NQZ0,11852.75,16.0,4.0,false
2020-11-12T23:00:00.000000,NQZ0,11849.0,NQZ0,11863.75,61.0,-14.75,false
2020-11-13T21:30:00.000000,NQZ0,11938.5,NQZ0,11946.0,16.0,-7.5,false
2020-11-15T23:00:00.000000,NQZ0,11995.0,NQZ0,11945.25,2941.0,49.75,false
2020-11-16T21:30:00.000000,NQZ0,12031.0,NQZ0,12034.75,16.0,-3.75,false
2020-11-16T23:00:00.000000,NQZ0,12077.0,NQZ0,12041.5,61.0,35.5,false
2020-11-17T21:30:00.000000,NQZ0,11988.0,NQZ0,11984.5,16.0,3.5,false
2020-11-17T23:00:00.000000,NQZ0,11972.0,NQZ0,11969.0,61.0,3.0,false
2020-11-18T21:30:00.000000,NQZ0,11883.25,NQZ0,11883.5,16.0,-0.25,false
2020-11-18T23:00:00.000000,NQZ0,11876.75,NQZ0,11873.75,61.0,3.0,false
2020-11-19T21:30:00.000000,NQZ0,11975.0,NQZ0,11982.0,16.0,-7.0,false
2020-11-19T23:00:00.000000,NQZ0,11954.0,NQZ0,11964.75,61.0,-10.75,false
2020-11-20T21:30:00.000000,NQZ0,11891.0,NQZ0,11885.25,16.0,5.75,false
2020-11-22T23:00:00.000000,NQZ0,11909.25,NQZ0,11908.0,2941.0,1.25,false
2020-11-23T21:30:00.000000,NQZ0,11910.25,NQZ0,11912.5,16.0,-2.25,false
2020-11-23T23:00:00.000000,NQZ0,11924.5,NQZ0,11918.5,61.0,6.0,false
2020-11-24T21:30:00.000000,NQZ0,12083.75,NQZ0,12078.75,16.0,5.0,false
2020-11-24T23:00:00.000000,NQZ0,12097.5,NQZ0,12101.0,61.0,-3.5,false
2020-11-25T21:30:00.000000,NQZ0,12167.25,NQZ0,12171.25,16.0,-4.0,false
2020-11-25T23:00:00.000000,NQZ0,12177.25,NQZ0,12168.75,61.0,8.5,false
2020-11-26T23:00:00.000000,NQZ0,12161.5,NQZ0,12153.75,301.0,7.75,false
2020-11-29T23:00:00.000000,NQZ0,12330.5,NQZ0,12273.25,3166.0,57.25,false
2020-11-30T21:30:00.000000,NQZ0,12295.0,NQZ0,12296.75,16.0,-1.75,false
2020-11-30T23:00:00.000000,NQZ0,12332.5,NQZ0,12319.25,61.0,13.25,false
2020-12-01T21:30:00.000000,NQZ0,12467.5,NQZ0,12464.25,16.0,3.25,false
2020-12-01T23:00:00.000000,NQZ0,12464.75,NQZ0,12458.5,61.0,6.25,false
2020-12-02T21:30:00.000000,NQZ0,12464.25,NQZ0,12469.75,16.0,-5.5,false
2020-12-02T23:00:00.000000,NQZ0,12481.75,NQZ0,12462.25,61.0,19.5,false
2020-12-03T21:30:00.000000,NQZ0,12482.75,NQZ0,12488.5,16.0,-5.75,false
2020-12-03T23:00:00.000000,NQZ0,12490.75,NQZ0,12488.25,61.0,2.5,false
2020-12-04T21:30:00.000000,NQZ0,12516.5,NQZ0,12507.75,16.0,8.75,false
2020-12-06T23:00:00.000000,NQZ0,12569.75,NQZ0,12509.25,2941.0,60.5,false
2020-12-07T21:30:00.000000,NQZ0,12592.75,NQZ0,12593.0,16.0,-0.25,false
2020-12-07T23:00:00.000000,NQZ0,12575.0,NQZ0,12571.75,61.0,3.25,false
2020-12-08T21:30:00.000000,NQZ0,12641.0,NQZ0,12641.0,16.0,0.0,false
2020-12-08T23:00:00.000000,NQZ0,12666.25,NQZ0,12647.5,61.0,18.75,false
2020-12-09T21:30:00.000000,NQZ0,12343.75,NQZ0,12345.75,16.0,-2.0,false
2020-12-09T23:00:00.000000,NQZ0,12347.75,NQZ0,12351.75,61.0,-4.0,false
2020-12-10T21:30:00.000000,NQZ0,12395.0,NQZ0,12386.25,16.0,8.75,false
2020-12-10T23:00:00.000000,NQZ0,12383.25,NQZ0,12388.5,61.0,-5.25,false
2020-12-11T21:30:00.000000,NQZ0,12367.0,NQZ0,12366.0,16.0,1.0,false
2020-12-13T23:00:00.000000,NQH1,12431.0,NQZ0,12365.5,2941.0,65.5,true
2020-12-14T21:30:00.000000,NQH1,12466.25,NQH1,12468.5,16.0,-2.25,false
2020-12-14T23:00:00.000000,NQH1,12477.75,NQH1,12472.0,61.0,5.75,false
2020-12-15T21:30:00.000000,NQH1,12603.25,NQH1,12599.5,16.0,3.75,false
2020-12-15T23:00:00.000000,NQH1,12607.0,NQH1,12598.0,61.0,9.0,false
2020-12-16T21:30:00.000000,NQH1,12675.75,NQH1,12675.5,16.0,0.25,false
2020-12-16T23:00:00.000000,NQH1,12683.5,NQH1,12676.0,61.0,7.5,false
2020-12-17T21:30:00.000000,NQH1,12755.25,NQH1,12748.75,16.0,6.5,false
2020-12-17T23:00:00.000000,NQH1,12746.25,NQH1,12753.0,61.0,-6.75,false
2020-12-18T21:30:00.000000,NQH1,12731.5,NQH1,12739.0,16.0,-7.5,false
2020-12-20T23:00:00.000000,NQH1,12741.0,NQH1,12748.5,2941.0,-7.5,false
2020-12-21T21:30:00.000000,NQH1,12682.75,NQH1,12689.25,16.0,-6.5,false
2020-12-21T23:00:00.000000,NQH1,12708.0,NQH1,12689.0,61.0,19.0,false
2020-12-22T21:30:00.000000,NQH1,12709.25,NQH1,12709.75,16.0,-0.5,false
2020-12-22T23:00:00.000000,NQH1,12703.5,NQH1,12707.25,61.0,-3.75,false
2020-12-23T21:30:00.000000,NQH1,12641.0,NQH1,12640.75,16.0,0.25,false
2020-12-23T23:00:00.000000,NQH1,12660.25,NQH1,12655.75,61.0,4.5,false
2020-12-27T23:00:00.000000,NQH1,12684.5,NQH1,12703.0,4606.0,-18.5,false
2020-12-28T21:30:00.000000,NQH1,12837.75,NQH1,12836.5,16.0,1.25,false
2020-12-28T23:00:00.000000,NQH1,12844.5,NQH1,12842.5,61.0,2.0,false
2020-12-29T21:30:00.000000,NQH1,12856.0,NQH1,12857.25,16.0,-1.25,false
2020-12-29T23:00:00.000000,NQH1,12859.75,NQH1,12857.75,61.0,2.0,false
2020-12-30T21:30:00.000000,NQH1,12839.0,NQH1,12838.0,16.0,1.0,false
2020-12-30T23:00:00.000000,NQH1,12844.75,NQH1,12841.25,61.0,3.5,false
2021-01-03T23:00:00.000000,NQH1,12895.25,NQH1,12849.75,5701.0,45.5,false
2021-01-04T21:30:00.000000,NQH1,12676.25,NQH1,12677.25,16.0,-1.0,false
2021-01-04T23:00:00.000000,NQH1,12682.0,NQH1,12688.25,61.0,-6.25,false
2021-01-05T21:30:00.000000,NQH1,12797.25,NQH1,12791.5,16.0,5.75,false
2021-01-05T23:00:00.000000,NQH1,12795.0,NQH1,12803.5,61.0,-8.5,false
2021-01-06T21:30:00.000000,NQH1,12637.5,NQH1,12628.5,16.0,9.0,false
2021-01-06T23:00:00.000000,NQH1,12659.5,NQH1,12658.0,61.0,1.5,false
2021-01-07T21:30:00.000000,NQH1,12937.0,NQH1,12935.5,16.0,1.5,false
2021-01-07T23:00:00.000000,NQH1,12926.5,NQH1,12925.75,61.0,0.75,false
2021-01-08T21:30:00.000000,NQH1,13110.5,NQH1,13114.5,16.0,-4.0,false
2021-01-10T23:00:00.000000,NQH1,13084.0,NQH1,13123.25,2941.0,-39.25,false
2021-01-11T21:30:00.000000,NQH1,12912.5,NQH1,12914.75,16.0,-2.25,false
2021-01-11T23:00:00.000000,NQH1,12904.5,NQH1,12905.75,61.0,-1.25,false
2021-01-12T21:30:00.000000,NQH1,12884.0,NQH1,12885.75,16.0,-1.75,false
2021-01-12T23:00:00.000000,NQH1,12885.0,NQH1,12881.25,61.0,3.75,false
2021-01-13T21:30:00.000000,NQH1,12973.25,NQH1,12971.75,16.0,1.5,false
2021-01-13T23:00:00.000000,NQH1,12972.0,NQH1,12973.0,61.0,-1.0,false
2021-01-14T21:30:00.000000,NQH1,12901.0,NQH1,12900.5,16.0,0.5,false
2021-01-14T23:00:00.000000,NQH1,12919.0,NQH1,12899.75,61.0,19.25,false
2021-01-15T21:30:00.000000,NQH1,12772.5,NQH1,12772.25,16.0,0.25,false
2021-01-17T23:00:00.000000,NQH1,12776.75,NQH1,12759.0,2941.0,17.75,false
2021-01-18T23:00:00.000000,NQH1,12819.5,NQH1,12814.0,301.0,5.5,false
2021-01-19T21:30:00.000000,NQH1,13010.25,NQH1,13005.25,16.0,5.0,false
2021-01-19T23:00:00.000000,NQH1,13031.75,NQH1,13032.75,61.0,-1.0,false
2021-01-20T21:30:00.000000,NQH1,13300.25,NQH1,13305.0,16.0,-4.75,false
2021-01-20T23:00:00.000000,NQH1,13299.25,NQH1,13290.5,61.0,8.75,false
2021-01-21T21:30:00.000000,NQH1,13397.5,NQH1,13400.5,16.0,-3.0,false
2021-01-21T23:00:00.000000,NQH1,13396.0,NQH1,13397.0,61.0,-1.0,false
2021-01-22T21:30:00.000000,NQH1,13360.0,NQH1,13358.25,16.0,1.75,false
2021-01-24T23:00:00.000000,NQH1,13383.75,NQH1,13355.25,2941.0,28.5,false
2021-01-25T21:30:00.000000,NQH1,13465.25,NQH1,13463.5,16.0,1.75,false
2021-01-25T23:00:00.000000,NQH1,13451.0,NQH1,13464.25,61.0,-13.25,false
2021-01-26T21:30:00.000000,NQH1,13561.0,NQH1,13569.0,16.0,-8.0,false
2021-01-26T23:00:00.000000,NQH1,13555.5,NQH1,13552.25,61.0,3.25,false
2021-01-27T21:30:00.000000,NQH1,12997.5,NQH1,12969.5,16.0,28.0,false
2021-01-27T23:00:00.000000,NQH1,13044.25,NQH1,13061.75,61.0,-17.5,false
2021-01-28T21:30:00.000000,NQH1,13170.25,NQH1,13184.5,16.0,-14.25,false
2021-01-28T23:00:00.000000,NQH1,13143.25,NQH1,13151.75,61.0,-8.5,false
2021-01-29T21:30:00.000000,NQH1,12885.5,NQH1,12886.25,16.0,-0.75,false
2021-01-31T23:00:00.000000,NQH1,12841.75,NQH1,12870.5,2941.0,-28.75,false
2021-02-01T21:30:00.000000,NQH1,13211.75,NQH1,13212.25,16.0,-0.5,false
2021-02-01T23:00:00.000000,NQH1,13241.25,NQH1,13235.25,61.0,6.0,false
2021-02-02T21:30:00.000000,NQH1,13472.25,NQH1,13484.75,16.0,-12.5,false
2021-02-02T23:00:00.000000,NQH1,13501.5,NQH1,13498.0,61.0,3.5,false
2021-02-03T21:30:00.000000,NQH1,13402.5,NQH1,13402.75,16.0,-0.25,false
2021-02-03T23:00:00.000000,NQH1,13437.5,NQH1,13416.0,61.0,21.5,false
2021-02-04T21:30:00.000000,NQH1,13565.75,NQH1,13559.0,16.0,6.75,false
2021-02-04T23:00:00.000000,NQH1,13559.0,NQH1,13563.25,61.0,-4.25,false
2021-02-05T21:30:00.000000,NQH1,13604.0,NQH1,13605.75,16.0,-1.75,false
2021-02-07T23:00:00.000000,NQH1,13612.5,NQH1,13603.5,2941.0,9.0,false
2021-02-08T21:30:00.000000,NQH1,13682.75,NQH1,13683.5,16.0,-0.75,false
2021-02-08T23:00:00.000000,NQH1,13685.25,NQH1,13685.5,61.0,-0.25,false
2021-02-09T21:30:00.000000,NQH1,13691.0,NQH1,13690.5,16.0,0.5,false
2021-02-09T23:00:00.000000,NQH1,13698.75,NQH1,13697.5,61.0,1.25,false
2021-02-10T21:30:00.000000,NQH1,13661.0,NQH1,13667.25,16.0,-6.25,false
2021-02-10T23:00:00.000000,NQH1,13658.75,NQH1,13664.25,61.0,-5.5,false
2021-02-11T21:30:00.000000,NQH1,13714.75,NQH1,13721.5,16.0,-6.75,false
2021-02-11T23:00:00.000000,NQH1,13699.5,NQH1,13710.25,61.0,-10.75,false
2021-02-12T21:30:00.000000,NQH1,13812.5,NQH1,13814.75,16.0,-2.25,false
2021-02-14T23:00:00.000000,NQH1,13827.5,NQH1,13820.75,2941.0,6.75,false
2021-02-15T23:00:00.000000,NQH1,13870.75,NQH1,13872.0,301.0,-1.25,false
2021-02-16T21:30:00.000000,NQH1,13747.25,NQH1,13749.0,16.0,-1.75,false
2021-02-16T23:00:00.000000,NQH1,13756.5,NQH1,13755.25,61.0,1.25,false
2021-02-17T21:30:00.000000,NQH1,13695.5,NQH1,13695.75,16.0,-0.25,false
2021-02-17T23:00:00.000000,NQH1,13702.0,NQH1,13699.25,61.0,2.75,false
2021-02-18T21:30:00.000000,NQH1,13639.75,NQH1,13638.5,16.0,1.25,false
2021-02-18T23:00:00.000000,NQH1,13638.5,NQH1,13640.0,61.0,-1.5,false
2021-02-19T21:30:00.000000,NQH1,13569.75,NQH1,13569.0,16.0,0.75,false
2021-02-21T23:00:00.000000,NQH1,13599.75,NQH1,13573.0,2941.0,26.75,false
2021-02-22T21:30:00.000000,NQH1,13226.75,NQH1,13217.25,16.0,9.5,false
2021-02-22T23:00:00.000000,NQH1,13240.5,NQH1,13221.0,61.0,19.5,false
2021-02-23T21:30:00.000000,NQH1,13157.5,NQH1,13155.25,16.0,2.25,false
2021-02-23T23:00:00.000000,NQH1,13183.0,NQH1,13157.5,61.0,25.5,false
2021-02-24T21:30:00.000000,NQH1,13325.0,NQH1,13329.25,16.0,-4.25,false
2021-02-24T23:00:00.000000,NQH1,13294.0,NQH1,13314.0,61.0,-20.0,false
2021-02-25T21:30:00.000000,NQH1,12817.25,NQH1,12832.0,16.0,-14.75,false
2021-02-25T23:00:00.000000,NQH1,12784.25,NQH1,12788.0,61.0,-3.75,false
2021-02-26T21:30:00.000000,NQH1,12890.0,NQH1,12890.25,16.0,-0.25,false
2021-02-28T23:00:00.000000,NQH1,12966.25,NQH1,12905.75,2941.0,60.5,false
2021-03-01T21:30:00.000000,NQH1,13302.0,NQH1,13299.75,16.0,2.25,false
2021-03-01T23:00:00.000000,NQH1,13311.0,NQH1,13314.0,61.0,-3.0,false
2021-03-02T21:30:00.000000,NQH1,13070.25,NQH1,13077.25,16.0,-7.0,false
2021-03-02T23:00:00.000000,NQH1,13071.25,NQH1,13054.75,61.0,16.5,false
2021-03-03T21:30:00.000000,NQH1,12678.5,NQH1,12673.75,16.0,4.75,false
2021-03-03T23:00:00.000000,NQH1,12678.75,NQH1,12677.5,61.0,1.25,false
2021-03-04T21:30:00.000000,NQH1,12472.25,NQH1,12480.0,16.0,-7.75,false
2021-03-04T23:00:00.000000,NQH1,12435.0,NQH1,12432.0,61.0,3.0,false
2021-03-05T21:30:00.000000,NQH1,12654.25,NQH1,12656.5,16.0,-2.25,false
2021-03-07T23:00:00.000000,NQH1,12747.5,NQH1,12652.5,2941.0,95.0,false
2021-03-08T21:30:00.000000,NQH1,12337.0,NQH1,12336.5,16.0,0.5,false
2021-03-08T23:00:00.000000,NQH1,12351.75,NQH1,12333.5,61.0,18.25,false
2021-03-09T21:30:00.000000,NQH1,12780.0,NQH1,12779.5,16.0,0.5,false
2021-03-09T23:00:00.000000,NQH1,12808.25,NQH1,12788.0,61.0,20.25,false
2021-03-10T21:30:00.000000,NQH1,12774.75,NQH1,12776.75,16.0,-2.0,false
2021-03-10T23:00:00.000000,NQH1,12793.75,NQH1,12788.25,61.0,5.5,false
2021-03-11T21:30:00.000000,NQH1,13051.5,NQH1,13060.5,16.0,-9.0,false
2021-03-11T23:00:00.000000,NQH1,13057.5,NQH1,13043.5,61.0,14.0,false
2021-03-12T21:30:00.000000,NQH1,12932.75,NQH1,12935.25,16.0,-2.5,false
2021-03-14T22:00:00.000000,NQM1,12946.75,NQH1,12936.25,2881.0,10.5,true
2021-03-15T20:30:00.000000,NQM1,13073.5,NQM1,13073.75,16.0,-0.25,false
2021-03-15T22:00:00.000000,NQM1,13073.25,NQM1,13072.5,61.0,0.75,false
2021-03-16T20:30:00.000000,NQM1,13153.5,NQM1,13154.75,16.0,-1.25,false
2021-03-16T22:00:00.000000,NQM1,13155.75,NQM1,13153.25,61.0,2.5,false
2021-03-17T20:30:00.000000,NQM1,13182.75,NQM1,13189.0,16.0,-6.25,false
2021-03-17T22:00:00.000000,NQM1,13189.25,NQM1,13170.0,61.0,19.25,false
2021-03-18T20:30:00.000000,NQM1,12813.0,NQM1,12816.25,16.0,-3.25,false
2021-03-18T22:00:00.000000,NQM1,12811.0,NQM1,12790.0,61.0,21.0,false
2021-03-19T20:30:00.000000,NQM1,12830.75,NQM1,12829.75,16.0,1.0,false
2021-03-21T22:00:00.000000,NQM1,12803.0,NQM1,12825.5,2941.0,-22.5,false
2021-03-22T20:30:00.000000,NQM1,13078.0,NQM1,13078.0,16.0,0.0,false
2021-03-22T22:00:00.000000,NQM1,13070.0,NQM1,13062.0,61.0,8.0,false
2021-03-23T20:30:00.000000,NQM1,13026.0,NQM1,13029.0,16.0,-3.0,false
2021-03-23T22:00:00.000000,NQM1,13040.0,NQM1,13030.25,61.0,9.75,false
2021-03-24T20:30:00.000000,NQM1,12800.5,NQM1,12801.25,16.0,-0.75,false
2021-03-24T22:00:00.000000,NQM1,12809.75,NQM1,12796.0,61.0,13.75,false
2021-03-25T20:30:00.000000,NQM1,12779.0,NQM1,12793.0,16.0,-14.0,false
2021-03-25T22:00:00.000000,NQM1,12788.0,NQM1,12792.0,61.0,-4.0,false
2021-03-26T20:30:00.000000,NQM1,12963.0,NQM1,12959.0,16.0,4.0,false
2021-03-28T22:00:00.000000,NQM1,12965.0,NQM1,12959.0,2941.0,6.0,false
2021-03-29T20:30:00.000000,NQM1,12966.25,NQM1,12975.75,16.0,-9.5,false
2021-03-29T22:00:00.000000,NQM1,12974.75,NQM1,12964.25,61.0,10.5,false
2021-03-30T20:30:00.000000,NQM1,12891.5,NQM1,12893.0,16.0,-1.5,false
2021-03-30T22:00:00.000000,NQM1,12884.75,NQM1,12890.25,61.0,-5.5,false
2021-03-31T20:30:00.000000,NQM1,13088.25,NQM1,13085.25,16.0,3.0,false
2021-03-31T22:00:00.000000,NQM1,13096.25,NQM1,13089.0,61.0,7.25,false
2021-04-01T20:30:00.000000,NQM1,13324.5,NQM1,13325.75,16.0,-1.25,false
2021-04-01T22:00:00.000000,NQM1,13331.0,NQM1,13327.25,61.0,3.75,false
2021-04-04T22:00:00.000000,NQM1,13320.5,NQM1,13344.25,3406.0,-23.75,false
2021-04-05T20:30:00.000000,NQM1,13585.25,NQM1,13577.5,16.0,7.75,false
2021-04-05T22:00:00.000000,NQM1,13605.25,NQM1,13600.5,61.0,4.75,false
2021-04-06T20:30:00.000000,NQM1,13573.0,NQM1,13578.0,16.0,-5.0,false
2021-04-06T22:00:00.000000,NQM1,13581.5,NQM1,13583.25,61.0,-1.75,false
2021-04-07T20:30:00.000000,NQM1,13615.75,NQM1,13618.75,16.0,-3.0,false
2021-04-07T22:00:00.000000,NQM1,13626.5,NQM1,13621.0,61.0,5.5,false
2021-04-08T20:30:00.000000,NQM1,13769.25,NQM1,13767.75,16.0,1.5,false
2021-04-08T22:00:00.000000,NQM1,13780.25,NQM1,13788.75,61.0,-8.5,false
2021-04-09T20:30:00.000000,NQM1,13809.0,NQM1,13809.5,16.0,-0.5,false
2021-04-11T22:00:00.000000,NQM1,13807.0,NQM1,13811.0,2941.0,-4.0,false
2021-04-12T20:30:00.000000,NQM1,13818.25,NQM1,13820.0,16.0,-1.75,false
2021-04-12T22:00:00.000000,NQM1,13829.5,NQM1,13824.75,61.0,4.75,false
2021-04-13T20:30:00.000000,NQM1,13982.0,NQM1,13978.25,16.0,3.75,false
2021-04-13T22:00:00.000000,NQM1,13979.0,NQM1,13975.5,61.0,3.5,false
2021-04-14T20:30:00.000000,NQM1,13821.5,NQM1,13823.75,16.0,-2.25,false
2021-04-14T22:00:00.000000,NQM1,13822.75,NQM1,13827.25,61.0,-4.5,false
2021-04-15T20:30:00.000000,NQM1,14007.5,NQM1,14006.5,16.0,1.0,false
2021-04-15T22:00:00.000000,NQM1,13989.25,NQM1,13999.0,61.0,-9.75,false
2021-04-16T20:30:00.000000,NQM1,14022.5,NQM1,14019.0,16.0,3.5,false
2021-04-18T22:00:00.000000,NQM1,13989.5,NQM1,14024.0,2941.0,-34.5,false
2021-04-19T20:30:00.000000,NQM1,13893.75,NQM1,13896.75,16.0,-3.0,false
2021-04-19T22:00:00.000000,NQM1,13899.5,NQM1,13894.0,61.0,5.5,false
2021-04-20T20:30:00.000000,NQM1,13740.5,NQM1,13746.0,16.0,-5.5,false
2021-04-20T22:00:00.000000,NQM1,13741.0,NQM1,13735.0,61.0,6.0,false
2021-04-21T20:30:00.000000,NQM1,13898.75,NQM1,13902.25,16.0,-3.5,false
2021-04-21T22:00:00.000000,NQM1,13895.0,NQM1,13891.25,61.0,3.75,false
2021-04-22T20:30:00.000000,NQM1,13754.25,NQM1,13756.0,16.0,-1.75,false
2021-04-22T22:00:00.000000,NQM1,13761.75,NQM1,13761.5,61.0,0.25,false
2021-04-23T20:30:00.000000,NQM1,13914.25,NQM1,13915.0,16.0,-0.75,false
2021-04-25T22:00:00.000000,NQM1,13916.5,NQM1,13903.5,2941.0,13.0,false
2021-04-26T20:30:00.000000,NQM1,14007.25,NQM1,14003.0,16.0,4.25,false
2021-04-26T22:00:00.000000,NQM1,14021.25,NQM1,14021.75,61.0,-0.5,false
2021-04-27T20:30:00.000000,NQM1,13949.5,NQM1,13946.25,16.0,3.25,false
2021-04-27T22:00:00.000000,NQM1,13958.25,NQM1,13950.5,61.0,7.75,false
2021-04-28T20:30:00.000000,NQM1,13976.75,NQM1,13933.0,16.0,43.75,false
2021-04-28T22:00:00.000000,NQM1,13959.75,NQM1,13968.75,61.0,-9.0,false
2021-04-29T20:30:00.000000,NQM1,13946.5,NQM1,13941.5,16.0,5.0,false
2021-04-29T22:00:00.000000,NQM1,13943.75,NQM1,13945.25,61.0,-1.5,false
2021-04-30T20:30:00.000000,NQM1,13868.75,NQM1,13867.25,16.0,1.5,false
2021-05-02T22:00:00.000000,NQM1,13883.75,NQM1,13865.25,2941.0,18.5,false
2021-05-03T20:30:00.000000,NQM1,13786.0,NQM1,13785.0,16.0,1.0,false
2021-05-03T22:00:00.000000,NQM1,13789.75,NQM1,13785.0,61.0,4.75,false
2021-05-04T20:30:00.000000,NQM1,13522.25,NQM1,13519.5,16.0,2.75,false
2021-05-04T22:00:00.000000,NQM1,13523.25,NQM1,13521.75,61.0,1.5,false
2021-05-05T20:30:00.000000,NQM1,13496.0,NQM1,13490.25,16.0,5.75,false
2021-05-05T22:00:00.000000,NQM1,13491.5,NQM1,13483.5,61.0,8.0,false
2021-05-06T20:30:00.000000,NQM1,13594.0,NQM1,13597.25,16.0,-3.25,false
2021-05-06T22:00:00.000000,NQM1,13614.5,NQM1,13605.75,61.0,8.75,false
2021-05-07T20:30:00.000000,NQM1,13718.25,NQM1,13717.5,16.0,0.75,false
2021-05-09T22:00:00.000000,NQM1,13714.75,NQM1,13715.5,2941.0,-0.75,false
2021-05-10T20:30:00.000000,NQM1,13347.75,NQM1,13342.0,16.0,5.75,false
2021-05-10T22:00:00.000000,NQM1,13322.25,NQM1,13311.5,61.0,10.75,false
2021-05-11T20:30:00.000000,NQM1,13316.75,NQM1,13317.5,16.0,-0.75,false
2021-05-11T22:00:00.000000,NQM1,13322.25,NQM1,13317.0,61.0,5.25,false
2021-05-12T20:30:00.000000,NQM1,12991.0,NQM1,12994.25,16.0,-3.25,false
2021-05-12T22:00:00.000000,NQM1,12979.75,NQM1,12965.25,61.0,14.5,false
2021-05-13T20:30:00.000000,NQM1,13084.5,NQM1,13077.5,16.0,7.0,false
2021-05-13T22:00:00.000000,NQM1,13096.75,NQM1,13091.25,61.0,5.5,false
2021-05-14T20:30:00.000000,NQM1,13392.75,NQM1,13393.25,16.0,-0.5,false
2021-05-16T22:00:00.000000,NQM1,13380.25,NQM1,13398.0,2941.0,-17.75,false
2021-05-17T20:30:00.000000,NQM1,13306.25,NQM1,13307.25,16.0,-1.0,false
2021-05-17T22:00:00.000000,NQM1,13317.5,NQM1,13312.0,61.0,5.5,false
2021-05-18T20:30:00.000000,NQM1,13215.25,NQM1,13219.75,16.0,-4.5,false
2021-05-18T22:00:00.000000,NQM1,13197.25,NQM1,13188.75,61.0,8.5,false
2021-05-19T20:30:00.000000,NQM1,13205.25,NQM1,13207.75,16.0,-2.5,false
2021-05-19T22:00:00.000000,NQM1,13224.25,NQM1,13218.75,61.0,5.5,false
2021-05-20T20:30:00.000000,NQM1,13487.5,NQM1,13493.5,16.0,-6.0,false
2021-05-20T22:00:00.000000,NQM1,13490.25,NQM1,13489.25,61.0,1.0,false
2021-05-21T20:30:00.000000,NQM1,13410.75,NQM1,13410.5,16.0,0.25,false
2021-05-23T22:00:00.000000,NQM1,13389.0,NQM1,13414.0,2941.0,-25.0,false
2021-05-24T20:30:00.000000,NQM1,13647.75,NQM1,13648.25,16.0,-0.5,false
2021-05-24T22:00:00.000000,NQM1,13651.75,NQM1,13649.5,61.0,2.25,false
2021-05-25T20:30:00.000000,NQM1,13657.0,NQM1,13652.0,16.0,5.0,false
2021-05-25T22:00:00.000000,NQM1,13667.25,NQM1,13668.25,61.0,-1.0,false
2021-05-26T20:30:00.000000,NQM1,13705.75,NQM1,13705.25,16.0,0.5,false
2021-05-26T22:00:00.000000,NQM1,13703.75,NQM1,13702.75,61.0,1.0,false
2021-05-27T20:30:00.000000,NQM1,13678.75,NQM1,13680.25,16.0,-1.5,false
2021-05-27T22:00:00.000000,NQM1,13697.0,NQM1,13692.75,61.0,4.25,false
2021-05-28T20:30:00.000000,NQM1,13693.5,NQM1,13693.0,16.0,0.5,false
2021-05-30T22:00:00.000000,NQM1,13703.75,NQM1,13686.5,2941.0,17.25,false
2021-05-31T22:00:00.000000,NQM1,13670.75,NQM1,13654.75,301.0,16.0,false
2021-06-01T20:30:00.000000,NQM1,13651.5,NQM1,13649.25,16.0,2.25,false
2021-06-01T22:00:00.000000,NQM1,13642.75,NQM1,13647.5,61.0,-4.75,false
2021-06-02T20:30:00.000000,NQM1,13669.0,NQM1,13677.5,16.0,-8.5,false
2021-06-02T22:00:00.000000,NQM1,13682.5,NQM1,13677.0,61.0,5.5,false
2021-06-03T20:30:00.000000,NQM1,13521.0,NQM1,13518.0,16.0,3.0,false
2021-06-03T22:00:00.000000,NQM1,13534.0,NQM1,13530.25,61.0,3.75,false
2021-06-04T20:30:00.000000,NQM1,13764.0,NQM1,13758.75,16.0,5.25,false
2021-06-06T22:00:00.000000,NQM1,13779.0,NQM1,13763.25,2941.0,15.75,false
2021-06-07T20:30:00.000000,NQM1,13811.5,NQM1,13812.0,16.0,-0.5,false
2021-06-07T22:00:00.000000,NQM1,13822.5,NQM1,13822.75,61.0,-0.25,false
2021-06-08T20:30:00.000000,NQM1,13812.25,NQM1,13814.25,16.0,-2.0,false
2021-06-08T22:00:00.000000,NQM1,13812.75,NQM1,13812.75,61.0,0.0,false
2021-06-09T20:30:00.000000,NQM1,13816.5,NQM1,13816.25,16.0,0.25,false
2021-06-09T22:00:00.000000,NQM1,13818.5,NQM1,13811.5,61.0,7.0,false
2021-06-10T20:30:00.000000,NQM1,13963.75,NQM1,13963.75,16.0,0.0,false
2021-06-10T22:00:00.000000,NQM1,13971.75,NQM1,13973.5,61.0,-1.75,false
2021-06-11T20:30:00.000000,NQM1,13993.25,NQM1,13993.5,16.0,-0.25,false
2021-06-13T22:00:00.000000,NQU1,14003.0,NQM1,13992.75,2941.0,10.25,true
2021-06-14T20:30:00.000000,NQU1,14113.0,NQU1,14112.25,16.0,0.75,false
2021-06-14T22:00:00.000000,NQU1,14114.0,NQU1,14109.75,61.0,4.25,false
2021-06-15T20:30:00.000000,NQU1,14031.75,NQU1,14034.5,16.0,-2.75,false
2021-06-15T22:00:00.000000,NQU1,14035.75,NQU1,14037.75,61.0,-2.0,false
2021-06-16T20:30:00.000000,NQU1,13961.5,NQU1,13967.25,16.0,-5.75,false
2021-06-16T22:00:00.000000,NQU1,13939.0,NQU1,13930.75,61.0,8.25,false
2021-06-17T20:30:00.000000,NQU1,14172.25,NQU1,14169.75,16.0,2.5,false
2021-06-17T22:00:00.000000,NQU1,14175.5,NQU1,14177.0,61.0,-1.5,false
2021-06-18T20:30:00.000000,NQU1,14037.75,NQU1,14042.75,16.0,-5.0,false
2021-06-20T22:00:00.000000,NQU1,14029.0,NQU1,14017.75,2941.0,11.25,false
2021-06-21T20:30:00.000000,NQU1,14136.0,NQU1,14135.25,16.0,0.75,false
2021-06-21T22:00:00.000000,NQU1,14137.25,NQU1,14137.5,61.0,-0.25,false
2021-06-22T20:30:00.000000,NQU1,14270.0,NQU1,14267.25,16.0,2.75,false
2021-06-22T22:00:00.000000,NQU1,14269.5,NQU1,14268.5,61.0,1.0,false
2021-06-23T20:30:00.000000,NQU1,14270.75,NQU1,14272.75,16.0,-2.0,false
2021-06-23T22:00:00.000000,NQU1,14273.5,NQU1,14274.25,61.0,-0.75,false
2021-06-24T20:30:00.000000,NQU1,14353.5,NQU1,14355.5,16.0,-2.0,false
2021-06-24T22:00:00.000000,NQU1,14354.75,NQU1,14359.0,61.0,-4.25,false
2021-06-25T20:30:00.000000,NQU1,14328.0,NQU1,14324.0,16.0,4.0,false
2021-06-27T22:00:00.000000,NQU1,14340.0,NQU1,14331.0,2941.0,9.0,false
2021-06-28T22:00:00.000000,NQU1,14497.25,NQU1,14502.75,61.0,-5.5,false
2021-06-29T22:00:00.000000,NQU1,14579.25,NQU1,14582.75,61.0,-3.5,false
2021-06-30T22:00:00.000000,NQU1,14556.75,NQU1,14555.5,61.0,1.25,false
2021-07-01T22:00:00.000000,NQU1,14537.25,NQU1,14540.0,61.0,-2.75,false
2021-07-04T22:00:00.000000,NQU1,14707.5,NQU1,14701.0,2941.0,6.5,false
2021-07-05T22:00:00.000000,NQU1,14698.75,NQU1,14693.25,301.0,5.5,false
2021-07-06T22:00:00.000000,NQU1,14761.25,NQU1,14763.75,61.0,-2.5,false
2021-07-07T22:00:00.000000,NQU1,14806.75,NQU1,14810.25,61.0,-3.5,false
2021-07-08T22:00:00.000000,NQU1,14705.0,NQU1,14713.0,61.0,-8.0,false
2021-07-11T22:00:00.000000,NQU1,14831.0,NQU1,14814.25,2941.0,16.75,false
2021-07-12T22:00:00.000000,NQU1,14876.25,NQU1,14876.0,61.0,0.25,false
2021-07-13T22:00:00.000000,NQU1,14864.0,NQU1,14865.0,61.0,-1.0,false
2021-07-14T22:00:00.000000,NQU1,14895.25,NQU1,14896.75,61.0,-1.5,false
2021-07-15T22:00:00.000000,NQU1,14773.75,NQU1,14776.5,61.0,-2.75,false
2021-07-18T22:00:00.000000,NQU1,14680.0,NQU1,14668.5,2941.0,11.5,false
2021-07-19T22:00:00.000000,NQU1,14593.25,NQU1,14592.25,61.0,1.0,false
2021-07-20T22:00:00.000000,NQU1,14726.0,NQU1,14726.75,61.0,-0.75,false
2021-07-21T22:00:00.000000,NQU1,14832.25,NQU1,14838.25,61.0,-6.0,false
2021-07-22T22:00:00.000000,NQU1,14976.5,NQU1,14977.0,61.0,-0.5,false
2021-07-25T22:00:00.000000,NQU1,15097.75,NQU1,15091.25,2941.0,6.5,false
2021-07-26T22:00:00.000000,NQU1,15117.75,NQU1,15124.5,61.0,-6.75,false
2021-07-27T22:00:00.000000,NQU1,14880.0,NQU1,14884.75,61.0,-4.75,false
2021-07-28T22:00:00.000000,NQU1,14981.75,NQU1,14984.75,61.0,-3.0,false
2021-07-29T22:00:00.000000,NQU1,14907.5,NQU1,14909.75,61.0,-2.25,false
2021-08-01T22:00:00.000000,NQU1,14974.0,NQU1,14966.5,2941.0,7.5,false
2021-08-02T22:00:00.000000,NQU1,14958.75,NQU1,14959.75,61.0,-1.0,false
2021-08-03T22:00:00.000000,NQU1,15041.75,NQU1,15035.0,61.0,6.75,false
2021-08-04T22:00:00.000000,NQU1,15076.5,NQU1,15081.5,61.0,-5.0,false
2021-08-05T22:00:00.000000,NQU1,15163.5,NQU1,15171.75,61.0,-8.25,false
2021-08-08T22:00:00.000000,NQU1,15087.0,NQU1,15092.75,2941.0,-5.75,false
2021-08-09T22:00:00.000000,NQU1,15127.75,NQU1,15126.75,61.0,1.0,false
2021-08-10T22:00:00.000000,NQU1,15043.25,NQU1,15048.0,61.0,-4.75,false
2021-08-11T22:00:00.000000,NQU1,15002.5,NQU1,15008.5,61.0,-6.0,false
2021-08-12T22:00:00.000000,NQU1,15074.75,NQU1,15079.5,61.0,-4.75,false
2021-08-15T22:00:00.000000,NQU1,15116.25,NQU1,15122.0,2941.0,-5.75,false
2021-08-16T22:00:00.000000,NQU1,15129.5,NQU1,15135.0,61.0,-5.5,false
2021-08-17T22:00:00.000000,NQU1,14973.0,NQU1,14969.25,61.0,3.75,false
2021-08-18T22:00:00.000000,NQU1,14844.75,NQU1,14839.5,61.0,5.25,false
2021-08-19T22:00:00.000000,NQU1,14941.75,NQU1,14943.75,61.0,-2.0,false
2021-08-22T22:00:00.000000,NQU1,15092.0,NQU1,15095.0,2941.0,-3.0,false
2021-08-23T22:00:00.000000,NQU1,15325.25,NQU1,15328.25,61.0,-3.0,false
2021-08-24T22:00:00.000000,NQU1,15362.5,NQU1,15363.5,61.0,-1.0,false
2021-08-25T22:00:00.000000,NQU1,15365.75,NQU1,15367.25,61.0,-1.5,false
2021-08-26T22:00:00.000000,NQU1,15284.25,NQU1,15287.25,61.0,-3.0,false
2021-08-29T22:00:00.000000,NQU1,15432.0,NQU1,15428.25,2941.0,3.75,false
2021-08-30T22:00:00.000000,NQU1,15602.25,NQU1,15606.5,61.0,-4.25,false
2021-08-31T22:00:00.000000,NQU1,15597.25,NQU1,15599.5,61.0,-2.25,false
2021-09-01T22:00:00.000000,NQU1,15612.0,NQU1,15610.0,61.0,2.0,false
2021-09-02T22:00:00.000000,NQU1,15595.75,NQU1,15600.75,61.0,-5.0,false
2021-09-05T22:00:00.000000,NQU1,15661.0,NQU1,15655.0,2941.0,6.0,false
2021-09-06T22:00:00.000000,NQU1,15698.5,NQU1,15701.25,301.0,-2.75,false
2021-09-07T22:00:00.000000,NQU1,15672.0,NQU1,15672.0,61.0,0.0,false
2021-09-08T22:00:00.000000,NQU1,15609.5,NQU1,15609.75,61.0,-0.25,false
2021-09-09T22:00:00.000000,NQU1,15565.5,NQU1,15562.5,61.0,3.0,false
2021-09-12T22:00:00.000000,NQZ1,15451.5,NQU1,15447.75,2941.0,3.75,true
2021-09-13T22:00:00.000000,NQZ1,15442.25,NQZ1,15445.25,61.0,-3.0,false
2021-09-14T22:00:00.000000,NQZ1,15392.25,NQZ1,15388.25,61.0,4.0,false
2021-09-15T22:00:00.000000,NQZ1,15506.25,NQZ1,15508.25,61.0,-2.0,false
2021-09-16T22:00:00.000000,NQZ1,15499.25,NQZ1,15498.0,61.0,1.25,false
2021-09-19T22:00:00.000000,NQZ1,15301.5,NQZ1,15282.75,2941.0,18.75,false
2021-09-20T22:00:00.000000,NQZ1,15001.25,NQZ1,14991.0,61.0,10.25,false
2021-09-21T22:00:00.000000,NQZ1,14996.75,NQZ1,14992.75,61.0,4.0,false
2021-09-22T22:00:00.000000,NQZ1,15180.5,NQZ1,15178.25,61.0,2.25,false
2021-09-23T22:00:00.000000,NQZ1,15304.0,NQZ1,15296.0,61.0,8.0,false
2021-09-26T22:00:00.000000,NQZ1,15326.25,NQZ1,15319.0,2941.0,7.25,false
2021-09-27T22:00:00.000000,NQZ1,15179.5,NQZ1,15171.5,61.0,8.0,false
2021-09-28T22:00:00.000000,NQZ1,14778.75,NQZ1,14768.0,61.0,10.75,false
2021-09-29T22:00:00.000000,NQZ1,14779.0,NQZ1,14762.5,61.0,16.5,false
2021-09-30T22:00:00.000000,NQZ1,14705.5,NQZ1,14692.25,61.0,13.25,false
2021-10-03T22:00:00.000000,NQZ1,14793.0,NQZ1,14777.25,2941.0,15.75,false
2021-10-04T22:00:00.000000,NQZ1,14495.25,NQZ1,14489.0,61.0,6.25,false
2021-10-05T22:00:00.000000,NQZ1,14664.25,NQZ1,14661.5,61.0,2.75,false
2021-10-06T22:00:00.000000,NQZ1,14772.75,NQZ1,14765.5,61.0,7.25,false
2021-10-07T22:00:00.000000,NQZ1,14896.0,NQZ1,14891.25,61.0,4.75,false
2021-10-10T22:00:00.000000,NQZ1,14821.0,NQZ1,14805.5,2941.0,15.5,false
2021-10-11T22:00:00.000000,NQZ1,14694.0,NQZ1,14685.0,61.0,9.0,false
2021-10-12T22:00:00.000000,NQZ1,14596.75,NQZ1,14597.25,61.0,-0.5,false
2021-10-13T22:00:00.000000,NQZ1,14773.5,NQZ1,14767.75,61.0,5.75,false
2021-10-14T22:00:00.000000,NQZ1,15059.5,NQZ1,15065.0,61.0,-5.5,false
2021-10-17T22:00:00.000000,NQZ1,15161.0,NQZ1,15144.25,2941.0,16.75,false
2021-10-18T22:00:00.000000,NQZ1,15288.25,NQZ1,15288.75,61.0,-0.5,false
2021-10-19T22:00:00.000000,NQZ1,15405.25,NQZ1,15410.75,61.0,-5.5,false
2021-10-20T22:00:00.000000,NQZ1,15360.0,NQZ1,15357.75,61.0,2.25,false
2021-10-21T22:00:00.000000,NQZ1,15378.0,NQZ1,15381.25,61.0,-3.25,false
2021-10-24T22:00:00.000000,NQZ1,15317.0,NQZ1,15324.0,2941.0,-7.0,false
2021-10-25T22:00:00.000000,NQZ1,15529.5,NQZ1,15543.75,61.0,-14.25,false
2021-10-26T22:00:00.000000,NQZ1,15532.75,NQZ1,15522.75,61.0,10.0,false
2021-10-27T22:00:00.000000,NQZ1,15601.25,NQZ1,15593.0,61.0,8.25,false
2021-10-28T22:00:00.000000,NQZ1,15685.75,NQZ1,15670.0,61.0,15.75,false
2021-10-31T22:00:00.000000,NQZ1,15884.75,NQZ1,15864.0,2941.0,20.75,false
2021-11-01T22:00:00.000000,NQZ1,15884.25,NQZ1,15887.75,61.0,-3.5,false
2021-11-02T22:00:00.000000,NQZ1,15951.25,NQZ1,15959.25,61.0,-8.0,false
2021-11-03T22:00:00.000000,NQZ1,16132.5,NQZ1,16130.5,61.0,2.0,false
2021-11-04T22:00:00.000000,NQZ1,16332.0,NQZ1,16338.25,61.0,-6.25,false
2021-11-07T23:00:00.000000,NQZ1,16308.0,NQZ1,16344.75,3001.0,-36.75,false
2021-11-08T23:00:00.000000,NQZ1,16317.25,NQZ1,16322.75,61.0,-5.5,false
2021-11-09T23:00:00.000000,NQZ1,16194.25,NQZ1,16197.25,61.0,-3.0,false
2021-11-10T23:00:00.000000,NQZ1,15992.0,NQZ1,15986.25,61.0,5.75,false
2021-11-11T23:00:00.000000,NQZ1,16041.0,NQZ1,16036.25,61.0,4.75,false
2021-11-14T23:00:00.000000,NQZ1,16224.75,NQZ1,16200.0,2941.0,24.75,false
2021-11-15T23:00:00.000000,NQZ1,16196.75,NQZ1,16196.25,61.0,0.5,false
2021-11-16T23:00:00.000000,NQZ1,16301.25,NQZ1,16294.25,61.0,7.0,false
2021-11-17T23:00:00.000000,NQZ1,16327.75,NQZ1,16322.25,61.0,5.5,false
2021-11-18T23:00:00.000000,NQZ1,16496.5,NQZ1,16505.5,61.0,-9.0,false
2021-11-21T23:00:00.000000,NQZ1,16611.75,NQZ1,16588.25,2941.0,23.5,false
2021-11-22T23:00:00.000000,NQZ1,16403.0,NQZ1,16398.5,61.0,4.5,false
2021-11-23T23:00:00.000000,NQZ1,16303.0,NQZ1,16298.0,61.0,5.0,false
2021-11-24T23:00:00.000000,NQZ1,16357.0,NQZ1,16354.75,61.0,2.25,false
2021-11-25T23:00:00.000000,NQZ1,16410.5,NQZ1,16404.5,301.0,6.0,false
2021-11-28T23:00:00.000000,NQZ1,16093.25,NQZ1,16043.5,3166.0,49.75,false
2021-11-29T23:00:00.000000,NQZ1,16416.5,NQZ1,16413.75,61.0,2.75,false
2021-11-30T23:00:00.000000,NQZ1,16254.75,NQZ1,16238.25,61.0,16.5,false
2021-12-01T23:00:00.000000,NQZ1,15909.75,NQZ1,15858.75,61.0,51.0,false
2021-12-02T23:00:00.000000,NQZ1,16018.0,NQZ1,16016.5,61.0,1.5,false
2021-12-05T23:00:00.000000,NQZ1,15694.25,NQZ1,15687.5,2941.0,6.75,false
2021-12-06T23:00:00.000000,NQZ1,15857.25,NQZ1,15849.25,61.0,8.0,false
2021-12-07T23:00:00.000000,NQZ1,16359.5,NQZ1,16366.75,61.0,-7.25,false
2021-12-08T23:00:00.000000,NQZ1,16381.5,NQZ1,16382.5,61.0,-1.0,false
2021-12-09T23:00:00.000000,NQZ1,16164.0,NQZ1,16154.5,61.0,9.5,false
2021-12-12T23:00:00.000000,NQH2,16338.0,NQH2,16324.0,2941.0,14.0,false
2021-12-13T23:00:00.000000,NQH2,16093.25,NQH2,16092.25,61.0,1.0,false
2021-12-14T23:00:00.000000,NQH2,15932.25,NQH2,15927.0,61.0,5.25,false
2021-12-15T23:00:00.000000,NQH2,16290.5,NQH2,16285.25,61.0,5.25,false
2021-12-16T23:00:00.000000,NQH2,15869.75,NQH2,15880.5,61.0,-10.75,false
2021-12-19T23:00:00.000000,NQH2,15819.75,NQH2,15828.5,2941.0,-8.75,false
2021-12-20T23:00:00.000000,NQH2,15689.75,NQH2,15676.0,61.0,13.75,false
2021-12-21T23:00:00.000000,NQH2,15979.75,NQH2,15974.0,61.0,5.75,false
2021-12-22T23:00:00.000000,NQH2,16182.0,NQH2,16179.5,61.0,2.5,false
2021-12-26T23:00:00.000000,NQH2,16328.75,NQH2,16303.0,4381.0,25.75,false
2021-12-27T23:00:00.000000,NQH2,16566.75,NQH2,16570.0,61.0,-3.25,false
2021-12-28T23:00:00.000000,NQH2,16519.25,NQH2,16512.5,61.0,6.75,false
2021-12-29T23:00:00.000000,NQH2,16488.0,NQH2,16481.5,61.0,6.5,false
2021-12-30T23:00:00.000000,NQH2,16440.25,NQH2,16431.75,61.0,8.5,false
2022-01-02T23:00:00.000000,NQH2,16384.5,NQH2,16331.5,2941.0,53.0,false
2022-01-03T23:00:00.000000,NQH2,16503.5,NQH2,16495.75,61.0,7.75,false
2022-01-04T23:00:00.000000,NQH2,16262.25,NQH2,16261.25,61.0,1.0,false
2022-01-05T23:00:00.000000,NQH2,15765.0,NQH2,15754.25,61.0,10.75,false
2022-01-06T23:00:00.000000,NQH2,15811.5,NQH2,15794.0,61.0,17.5,false
2022-01-09T23:00:00.000000,NQH2,15602.25,NQH2,15570.25,2941.0,32.0,false
2022-01-10T23:00:00.000000,NQH2,15617.5,NQH2,15615.5,61.0,2.0,false
2022-01-11T23:00:00.000000,NQH2,15829.5,NQH2,15824.5,61.0,5.0,false
2022-01-12T23:00:00.000000,NQH2,15893.25,NQH2,15895.25,61.0,-2.0,false
2022-01-13T23:00:00.000000,NQH2,15509.25,NQH2,15501.75,61.0,7.5,false
2022-01-16T23:00:00.000000,NQH2,15630.0,NQH2,15616.75,2941.0,13.25,false
2022-01-17T23:00:00.000000,NQH2,15580.25,NQH2,15559.25,301.0,21.0,false
2022-01-18T23:00:00.000000,NQH2,15245.0,NQH2,15239.5,61.0,5.5,false
2022-01-19T23:00:00.000000,NQH2,15046.25,NQH2,15037.0,61.0,9.25,false
2022-01-20T23:00:00.000000,NQH2,14732.0,NQH2,14725.75,61.0,6.25,false
2022-01-23T23:00:00.000000,NQH2,14406.25,NQH2,14411.0,2941.0,-4.75,false
2022-01-24T23:00:00.000000,NQH2,14483.75,NQH2,14502.75,61.0,-19.0,false
2022-01-25T23:00:00.000000,NQH2,13970.25,NQH2,13922.25,61.0,48.0,false
2022-01-26T23:00:00.000000,NQH2,14195.75,NQH2,14150.75,61.0,45.0,false
2022-01-27T23:00:00.000000,NQH2,14160.75,NQH2,14113.75,61.0,47.0,false
2022-01-30T23:00:00.000000,NQH2,14452.0,NQH2,14430.25,2941.0,21.75,false
2022-01-31T23:00:00.000000,NQH2,14875.25,NQH2,14868.0,61.0,7.25,false
2022-02-01T23:00:00.000000,NQH2,15119.75,NQH2,15116.75,61.0,3.0,false
2022-02-02T23:00:00.000000,NQH2,14846.25,NQH2,14863.25,61.0,-17.0,false
2022-02-03T23:00:00.000000,NQH2,14754.75,NQH2,14803.75,61.0,-49.0,false
2022-02-06T23:00:00.000000,NQH2,14666.0,NQH2,14645.0,2941.0,21.0,false
2022-02-07T23:00:00.000000,NQH2,14597.5,NQH2,14601.75,61.0,-4.25,false
2022-02-08T23:00:00.000000,NQH2,14749.25,NQH2,14745.75,61.0,3.5,false
2022-02-09T23:00:00.000000,NQH2,15053.0,NQH2,15052.0,61.0,1.0,false
2022-02-10T23:00:00.000000,NQH2,14688.5,NQH2,14695.5,61.0,-7.0,false
2022-02-13T23:00:00.000000,NQH2,14247.25,NQH2,14256.75,2941.0,-9.5,false
2022-02-14T23:00:00.000000,NQH2,14266.5,NQH2,14260.75,61.0,5.75,false
2022-02-15T23:00:00.000000,NQH2,14581.0,NQH2,14581.75,61.0,-0.75,false
2022-02-16T23:00:00.000000,NQH2,14591.5,NQH2,14592.5,61.0,-1.0,false
2022-02-17T23:00:00.000000,NQH2,14155.0,NQH2,14156.75,61.0,-1.75,false
2022-02-20T23:00:00.000000,NQH2,13935.5,NQH2,13993.75,2941.0,-58.25,false
2022-02-21T23:00:00.000000,NQH2,13640.25,NQH2,13735.5,301.0,-95.25,false
2022-02-22T23:00:00.000000,NQH2,13930.5,NQH2,13920.25,61.0,10.25,false
2022-02-23T23:00:00.000000,NQH2,13506.75,NQH2,13487.5,61.0,19.25,false
2022-02-24T23:00:00.000000,NQH2,13901.5,NQH2,13911.0,61.0,-9.5,false
2022-02-27T23:00:00.000000,NQH2,13754.25,NQH2,14187.75,2941.0,-433.5,false
2022-02-28T23:00:00.000000,NQH2,14211.25,NQH2,14218.0,61.0,-6.75,false
2022-03-01T23:00:00.000000,NQH2,14014.75,NQH2,14028.5,61.0,-13.75,false
2022-03-02T23:00:00.000000,NQH2,14189.75,NQH2,14196.75,61.0,-7.0,false
2022-03-03T23:00:00.000000,NQH2,14057.0,NQH2,14058.5,61.0,-1.5,false
2022-03-06T23:00:00.000000,NQH2,13705.5,NQH2,13798.75,2941.0,-93.25,false
2022-03-07T23:00:00.000000,NQH2,13274.0,NQH2,13270.0,61.0,4.0,false
2022-03-08T23:00:00.000000,NQH2,13216.5,NQH2,13199.5,61.0,17.0,false
2022-03-09T23:00:00.000000,NQH2,13763.0,NQH2,13774.0,61.0,-11.0,false
2022-03-10T23:00:00.000000,NQH2,13563.25,NQH2,13572.5,61.0,-9.25,false
2022-03-13T22:00:00.000000,NQM2,13350.75,NQH2,13301.75,2881.0,49.0,true
2022-03-14T22:00:00.000000,NQM2,13082.75,NQM2,13078.75,61.0,4.0,false
2022-03-15T22:00:00.000000,NQM2,13448.75,NQM2,13443.25,61.0,5.5,false
2022-03-16T22:00:00.000000,NQM2,13984.5,NQM2,13999.5,61.0,-15.0,false
2022-03-17T22:00:00.000000,NQM2,14059.5,NQM2,14054.25,61.0,5.25,false
2022-03-20T22:00:00.000000,NQM2,14416.75,NQM2,14435.25,2941.0,-18.5,false
2022-03-21T22:00:00.000000,NQM2,14383.5,NQM2,14394.75,61.0,-11.25,false
2022-03-22T22:00:00.000000,NQM2,14645.75,NQM2,14654.5,61.0,-8.75,false
2022-03-23T22:00:00.000000,NQM2,14457.25,NQM2,14463.75,61.0,-6.5,false
2022-03-24T22:00:00.000000,NQM2,14763.25,NQM2,14763.0,61.0,0.25,false
2022-03-27T22:00:00.000000,NQM2,14747.25,NQM2,14752.5,2941.0,-5.25,false
2022-03-28T22:00:00.000000,NQM2,14972.75,NQM2,14981.0,61.0,-8.25,false
2022-03-29T22:00:00.000000,NQM2,15224.75,NQM2,15224.25,61.0,0.5,false
2022-03-30T22:00:00.000000,NQM2,15102.5,NQM2,15105.0,61.0,-2.5,false
2022-03-31T22:00:00.000000,NQM2,14911.5,NQM2,14917.25,61.0,-5.75,false
2022-04-03T22:00:00.000000,NQM2,14856.75,NQM2,14852.25,2941.0,4.5,false
2022-04-04T22:00:00.000000,NQM2,15157.5,NQM2,15159.5,61.0,-2.0,false
2022-04-05T22:00:00.000000,NQM2,14855.75,NQM2,14861.5,61.0,-5.75,false
2022-04-06T22:00:00.000000,NQM2,14505.0,NQM2,14496.0,61.0,9.0,false
2022-04-07T22:00:00.000000,NQM2,14538.5,NQM2,14534.0,61.0,4.5,false
2022-04-10T22:00:00.000000,NQM2,14348.25,NQM2,14328.0,2941.0,20.25,false
2022-04-11T22:00:00.000000,NQM2,14013.25,NQM2,14003.5,61.0,9.75,false
2022-04-12T22:00:00.000000,NQM2,13964.5,NQM2,13953.5,61.0,11.0,false
2022-04-13T22:00:00.000000,NQM2,14217.75,NQM2,14212.25,61.0,5.5,false
2022-04-17T22:00:00.000000,NQM2,13857.5,NQM2,13892.25,4381.0,-34.75,false
2022-04-18T22:00:00.000000,NQM2,13961.75,NQM2,13965.0,61.0,-3.25,false
2022-04-19T22:00:00.000000,NQM2,14083.75,NQM2,14095.75,61.0,-12.0,false
2022-04-20T22:00:00.000000,NQM2,14067.5,NQM2,14070.0,61.0,-2.5,false
2022-04-21T22:00:00.000000,NQM2,13713.0,NQM2,13715.5,61.0,-2.5,false
2022-04-24T22:00:00.000000,NQM2,13328.75,NQM2,13315.5,2941.0,13.25,false
2022-04-25T22:00:00.000000,NQM2,13517.75,NQM2,13528.0,61.0,-10.25,false
2022-04-26T22:00:00.000000,NQM2,12884.75,NQM2,12815.5,61.0,69.25,false
2022-04-27T22:00:00.000000,NQM2,13188.0,NQM2,13168.5,61.0,19.5,false
2022-04-28T22:00:00.000000,NQM2,13207.0,NQM2,13308.0,61.0,-101.0,false
2022-05-01T22:00:00.000000,NQM2,12869.5,NQM2,12890.5,2941.0,-21.0,false
2022-05-02T22:00:00.000000,NQM2,13048.25,NQM2,13051.25,61.0,-3.0,false
2022-05-03T22:00:00.000000,NQM2,13113.0,NQM2,13121.0,61.0,-8.0,false
2022-05-04T22:00:00.000000,NQM2,13506.0,NQM2,13495.75,61.0,10.25,false
2022-05-05T22:00:00.000000,NQM2,12880.0,NQM2,12897.0,61.0,-17.0,false
2022-05-08T22:00:00.000000,NQM2,12605.25,NQM2,12663.5,2941.0,-58.25,false
2022-05-09T22:00:00.000000,NQM2,12239.0,NQM2,12205.5,61.0,33.5,false
2022-05-10T22:00:00.000000,NQM2,12329.75,NQM2,12334.25,61.0,-4.5,false
2022-05-11T22:00:00.000000,NQM2,12000.25,NQM2,12011.5,61.0,-11.25,false
2022-05-12T22:00:00.000000,NQM2,11909.0,NQM2,11873.25,61.0,35.75,false
2022-05-15T22:00:00.000000,NQM2,12402.5,NQM2,12364.0,2941.0,38.5,false
2022-05-16T22:00:00.000000,NQM2,12245.5,NQM2,12236.75,61.0,8.75,false
2022-05-17T22:00:00.000000,NQM2,12577.5,NQM2,12573.75,61.0,3.75,false
2022-05-18T22:00:00.000000,NQM2,11908.25,NQM2,11892.5,61.0,15.75,false
2022-05-19T22:00:00.000000,NQM2,11902.0,NQM2,11898.25,61.0,3.75,false
2022-05-22T22:00:00.000000,NQM2,11899.0,NQM2,11838.0,2941.0,61.0,false
2022-05-23T22:00:00.000000,NQM2,11879.0,NQM2,12056.0,61.0,-177.0,false
2022-05-24T22:00:00.000000,NQM2,11820.75,NQM2,11810.75,61.0,10.0,false
2022-05-25T22:00:00.000000,NQM2,11910.5,NQM2,11893.25,61.0,17.25,false
2022-05-26T22:00:00.000000,NQM2,12259.75,NQM2,12258.0,61.0,1.75,false
2022-05-29T22:00:00.000000,NQM2,12712.25,NQM2,12717.5,2941.0,-5.25,false
2022-05-30T22:00:00.000000,NQM2,12820.5,NQM2,12810.0,301.0,10.5,false
2022-05-31T22:00:00.000000,NQM2,12665.75,NQM2,12653.25,61.0,12.5,false
2022-06-01T22:00:00.000000,NQM2,12548.0,NQM2,12548.0,61.0,0.0,false
2022-06-02T22:00:00.000000,NQM2,12902.0,NQM2,12896.75,61.0,5.25,false
2022-06-05T22:00:00.000000,NQM2,12571.5,NQM2,12549.5,2941.0,22.0,false
2022-06-06T22:00:00.000000,NQM2,12609.0,NQM2,12606.75,61.0,2.25,false
2022-06-07T22:00:00.000000,NQM2,12694.75,NQM2,12681.5,61.0,13.25,false
2022-06-08T22:00:00.000000,NQM2,12618.0,NQM2,12619.25,61.0,-1.25,false
2022-06-09T22:00:00.000000,NQM2,12301.75,NQM2,12297.25,61.0,4.5,false
2022-06-12T22:00:00.000000,NQM2,11716.25,NQM2,11858.75,2941.0,-142.5,false
2022-06-13T22:00:00.000000,NQU2,11385.0,NQU2,11360.0,61.0,25.0,false
2022-06-14T22:00:00.000000,NQU2,11372.75,NQU2,11361.5,61.0,11.25,false
2022-06-15T22:00:00.000000,NQU2,11653.0,NQU2,11626.75,61.0,26.25,false
2022-06-16T22:00:00.000000,NQU2,11217.75,NQU2,11204.25,61.0,13.5,false
2022-06-19T22:00:00.000000,NQU2,11352.0,NQU2,11307.75,2941.0,44.25,false
2022-06-20T22:00:00.000000,NQU2,11415.0,NQU2,11420.75,301.0,-5.75,false
2022-06-21T22:00:00.000000,NQU2,11576.25,NQU2,11581.5,61.0,-5.25,false
2022-06-22T22:00:00.000000,NQU2,11552.0,NQU2,11544.75,61.0,7.25,false
2022-06-23T22:00:00.000000,NQU2,11697.75,NQU2,11688.0,61.0,9.75,false
2022-06-26T22:00:00.000000,NQU2,12150.25,NQU2,12132.75,2941.0,17.5,false
2022-06-27T22:00:00.000000,NQU2,12065.0,NQU2,12074.75,61.0,-9.75,false
2022-06-28T22:00:00.000000,NQU2,11681.75,NQU2,11680.5,61.0,1.25,false
2022-06-29T22:00:00.000000,NQU2,11693.0,NQU2,11691.0,61.0,2.0,false
2022-06-30T22:00:00.000000,NQU2,11508.5,NQU2,11511.25,61.0,-2.75,false
2022-07-03T22:00:00.000000,NQU2,11601.25,NQU2,11610.5,2941.0,-9.25,false
2022-07-04T22:00:00.000000,NQU2,11584.25,NQU2,11554.0,301.0,30.25,false
2022-07-05T22:00:00.000000,NQU2,11814.5,NQU2,11811.5,61.0,3.0,false
2022-07-06T22:00:00.000000,NQU2,11903.25,NQU2,11902.5,61.0,0.75,false
2022-07-07T22:00:00.000000,NQU2,12115.75,NQU2,12119.75,61.0,-4.0,false
2022-07-10T22:00:00.000000,NQU2,12134.25,NQU2,12160.25,2941.0,-26.0,false
2022-07-11T22:00:00.000000,NQU2,11895.25,NQU2,11900.5,61.0,-5.25,false
2022-07-12T22:00:00.000000,NQU2,11781.0,NQU2,11780.75,61.0,0.25,false
2022-07-13T22:00:00.000000,NQU2,11725.75,NQU2,11732.75,61.0,-7.0,false
2022-07-14T22:00:00.000000,NQU2,11816.5,NQU2,11807.25,61.0,9.25,false
2022-07-17T22:00:00.000000,NQU2,12059.25,NQU2,12019.25,2941.0,40.0,false
2022-07-18T22:00:00.000000,NQU2,11908.0,NQU2,11916.25,61.0,-8.25,false
2022-07-19T22:00:00.000000,NQU2,12327.0,NQU2,12320.0,61.0,7.0,false
2022-07-20T22:00:00.000000,NQU2,12441.25,NQU2,12428.0,61.0,13.25,false
2022-07-21T22:00:00.000000,NQU2,12561.75,NQU2,12572.5,61.0,-10.75,false
2022-07-24T22:00:00.000000,NQU2,12421.75,NQU2,12429.0,2941.0,-7.25,false
2022-07-25T22:00:00.000000,NQU2,12314.75,NQU2,12327.5,61.0,-12.75,false
2022-07-26T22:00:00.000000,NQU2,12201.75,NQU2,12196.25,61.0,5.5,false
2022-07-27T22:00:00.000000,NQU2,12576.75,NQU2,12580.25,61.0,-3.5,false
2022-07-28T22:00:00.000000,NQU2,12897.75,NQU2,12924.25,61.0,-26.5,false
2022-07-31T22:00:00.000000,NQU2,12959.75,NQU2,12977.0,2941.0,-17.25,false
2022-08-01T22:00:00.000000,NQU2,12964.5,NQU2,12980.25,61.0,-15.75,false
2022-08-02T22:00:00.000000,NQU2,12924.75,NQU2,12920.25,61.0,4.5,false
2022-08-03T22:00:00.000000,NQU2,13242.75,NQU2,13248.0,61.0,-5.25,false
2022-08-04T22:00:00.000000,NQU2,13322.75,NQU2,13328.0,61.0,-5.25,false
2022-08-07T22:00:00.000000,NQU2,13222.75,NQU2,13216.5,2941.0,6.25,false
2022-08-08T22:00:00.000000,NQU2,13199.5,NQU2,13213.0,61.0,-13.5,false
2022-08-09T22:00:00.000000,NQU2,13043.75,NQU2,13055.75,61.0,-12.0,false
2022-08-10T22:00:00.000000,NQU2,13378.5,NQU2,13381.0,61.0,-2.5,false
2022-08-11T22:00:00.000000,NQU2,13337.75,NQU2,13346.75,61.0,-9.0,false
2022-08-14T22:00:00.000000,NQU2,13568.25,NQU2,13580.0,2941.0,-11.75,false
2022-08-15T22:00:00.000000,NQU2,13668.0,NQU2,13678.75,61.0,-10.75,false
2022-08-16T22:00:00.000000,NQU2,13652.25,NQU2,13663.5,61.0,-11.25,false
2022-08-17T22:00:00.000000,NQU2,13493.5,NQU2,13511.0,61.0,-17.5,false
2022-08-18T22:00:00.000000,NQU2,13528.75,NQU2,13540.0,61.0,-11.25,false
2022-08-21T22:00:00.000000,NQU2,13204.75,NQU2,13250.0,2941.0,-45.25,false
2022-08-22T22:00:00.000000,NQU2,12926.0,NQU2,12933.5,61.0,-7.5,false
2022-08-23T22:00:00.000000,NQU2,12889.75,NQU2,12889.25,61.0,0.5,false
2022-08-24T22:00:00.000000,NQU2,12948.5,NQU2,12956.0,61.0,-7.5,false
2022-08-25T22:00:00.000000,NQU2,13154.0,NQU2,13144.75,61.0,9.25,false
2022-08-28T22:00:00.000000,NQU2,12494.25,NQU2,12559.0,2941.0,-64.75,false
2022-08-29T22:00:00.000000,NQU2,12504.5,NQU2,12505.25,61.0,-0.75,false
2022-08-30T22:00:00.000000,NQU2,12359.25,NQU2,12360.5,61.0,-1.25,false
2022-08-31T22:00:00.000000,NQU2,12288.5,NQU2,12305.5,61.0,-17.0,false
2022-09-01T22:00:00.000000,NQU2,12301.5,NQU2,12292.25,61.0,9.25,false
2022-09-04T22:00:00.000000,NQU2,12107.5,NQU2,12130.25,2941.0,-22.75,false
2022-09-05T22:00:00.000000,NQU2,12126.25,NQU2,12136.0,301.0,-9.75,false
2022-09-06T22:00:00.000000,NQU2,12016.5,NQU2,12020.25,61.0,-3.75,false
2022-09-07T22:00:00.000000,NQU2,12273.25,NQU2,12263.5,61.0,9.75,false
2022-09-08T22:00:00.000000,NQU2,12339.0,NQU2,12346.75,61.0,-7.75,false
2022-09-11T22:00:00.000000,NQU2,12641.25,NQU2,12590.5,2941.0,50.75,false
2022-09-12T22:00:00.000000,NQZ2,12858.0,NQZ2,12854.5,61.0,3.5,false
2022-09-13T22:00:00.000000,NQZ2,12132.5,NQZ2,12127.0,61.0,5.5,false
2022-09-14T22:00:00.000000,NQZ2,12238.5,NQZ2,12250.0,61.0,-11.5,false
2022-09-15T22:00:00.000000,NQZ2,11936.25,NQZ2,11973.0,61.0,-36.75,false
2022-09-18T22:00:00.000000,NQZ2,11919.5,NQZ2,11960.75,2941.0,-41.25,false
2022-09-19T22:00:00.000000,NQZ2,12045.25,NQZ2,12045.5,61.0,-0.25,false
2022-09-20T22:00:00.000000,NQZ2,11941.5,NQZ2,11949.0,61.0,-7.5,false
2022-09-21T22:00:00.000000,NQZ2,11672.5,NQZ2,11668.0,61.0,4.5,false
2022-09-22T22:00:00.000000,NQZ2,11573.5,NQZ2,11566.5,61.0,7.0,false
2022-09-25T22:00:00.000000,NQZ2,11366.5,NQZ2,11388.0,2941.0,-21.5,false
2022-09-26T22:00:00.000000,NQZ2,11320.25,NQZ2,11315.5,61.0,4.75,false
2022-09-27T22:00:00.000000,NQZ2,11364.75,NQZ2,11354.25,61.0,10.5,false
2022-09-28T22:00:00.000000,NQZ2,11554.0,NQZ2,11539.25,61.0,14.75,false
2022-09-29T22:00:00.000000,NQZ2,11223.25,NQZ2,11234.0,61.0,-10.75,false
2022-10-02T22:00:00.000000,NQZ2,10997.75,NQZ2,11058.25,2941.0,-60.5,false
2022-10-03T22:00:00.000000,NQZ2,11324.5,NQZ2,11308.75,61.0,15.75,false
2022-10-04T22:00:00.000000,NQZ2,11632.75,NQZ2,11645.25,61.0,-12.5,false
2022-10-05T22:00:00.000000,NQZ2,11626.5,NQZ2,11628.0,61.0,-1.5,false
2022-10-06T22:00:00.000000,NQZ2,11485.75,NQZ2,11505.75,61.0,-20.0,false
2022-10-09T22:00:00.000000,NQZ2,11052.25,NQZ2,11096.25,2941.0,-44.0,false
2022-10-10T22:00:00.000000,NQZ2,10997.0,NQZ2,10993.5,61.0,3.5,false
2022-10-11T22:00:00.000000,NQZ2,10873.25,NQZ2,10880.5,61.0,-7.25,false
2022-10-12T22:00:00.000000,NQZ2,10861.25,NQZ2,10853.0,61.0,8.25,false
2022-10-13T22:00:00.000000,NQZ2,11075.5,NQZ2,11065.5,61.0,10.0,false
2022-10-16T22:00:00.000000,NQZ2,10739.0,NQZ2,10746.25,2941.0,-7.25,false
2022-10-17T22:00:00.000000,NQZ2,11171.75,NQZ2,11134.0,61.0,37.75,false
2022-10-18T22:00:00.000000,NQZ2,11333.25,NQZ2,11322.75,61.0,10.5,false
2022-10-19T22:00:00.000000,NQZ2,11130.25,NQZ2,11151.0,61.0,-20.75,false
2022-10-20T22:00:00.000000,NQZ2,11047.5,NQZ2,11059.75,61.0,-12.25,false
2022-10-23T22:00:00.000000,NQZ2,11451.75,NQZ2,11378.0,2941.0,73.75,false
2022-10-24T22:00:00.000000,NQZ2,11462.25,NQZ2,11459.25,61.0,3.0,false
2022-10-25T22:00:00.000000,NQZ2,11521.75,NQZ2,11585.75,61.0,-64.0,false
2022-10-26T22:00:00.000000,NQZ2,11427.75,NQZ2,11474.25,61.0,-46.5,false
2022-10-27T22:00:00.000000,NQZ2,11133.5,NQZ2,11095.5,61.0,38.0,false
2022-10-30T22:00:00.000000,NQZ2,11575.5,NQZ2,11625.5,2941.0,-50.0,false
2022-10-31T22:00:00.000000,NQZ2,11452.25,NQZ2,11452.75,61.0,-0.5,false
2022-11-01T22:00:00.000000,NQZ2,11331.0,NQZ2,11320.5,61.0,10.5,false
2022-11-02T22:00:00.000000,NQZ2,10938.0,NQZ2,10941.75,61.0,-3.75,false
2022-11-03T22:00:00.000000,NQZ2,10718.75,NQZ2,10728.5,61.0,-9.75,false
2022-11-06T23:00:00.000000,NQZ2,10792.5,NQZ2,10871.25,3001.0,-78.75,false
2022-11-07T23:00:00.000000,NQZ2,11011.75,NQZ2,11014.0,61.0,-2.25,false
2022-11-08T23:00:00.000000,NQZ2,11088.75,NQZ2,11088.75,61.0,0.0,false
2022-11-09T23:00:00.000000,NQZ2,10852.25,NQZ2,10842.75,61.0,9.5,false
2022-11-10T23:00:00.000000,NQZ2,11656.75,NQZ2,11675.25,61.0,-18.5,false
2022-11-13T23:00:00.000000,NQZ2,11782.0,NQZ2,11836.25,2941.0,-54.25,false
2022-11-14T23:00:00.000000,NQZ2,11773.5,NQZ2,11768.5,61.0,5.0,false
2022-11-15T23:00:00.000000,NQZ2,11864.75,NQZ2,11894.0,61.0,-29.25,false
2022-11-16T23:00:00.000000,NQZ2,11776.0,NQZ2,11771.5,61.0,4.5,false
2022-11-17T23:00:00.000000,NQZ2,11754.75,NQZ2,11746.5,61.0,8.25,false
2022-11-20T23:00:00.000000,NQZ2,11738.75,NQZ2,11711.0,2941.0,27.75,false
2022-11-21T23:00:00.000000,NQZ2,11590.25,NQZ2,11589.0,61.0,1.25,false
2022-11-22T23:00:00.000000,NQZ2,11745.5,NQZ2,11739.25,61.0,6.25,false
2022-11-23T23:00:00.000000,NQZ2,11880.75,NQZ2,11877.75,61.0,3.0,false
2022-11-24T23:00:00.000000,NQZ2,11917.0,NQZ2,11910.75,301.0,6.25,false
2022-11-27T23:00:00.000000,NQZ2,11727.25,NQZ2,11786.75,3166.0,-59.5,false
2022-11-28T23:00:00.000000,NQZ2,11620.75,NQZ2,11623.25,61.0,-2.5,false
2022-11-29T23:00:00.000000,NQZ2,11520.25,NQZ2,11519.25,61.0,1.0,false
2022-11-30T23:00:00.000000,NQZ2,12074.0,NQZ2,12077.0,61.0,-3.0,false
2022-12-01T23:00:00.000000,NQZ2,12038.5,NQZ2,12036.5,61.0,2.0,false
2022-12-04T23:00:00.000000,NQZ2,11998.75,NQZ2,11979.0,2941.0,19.75,false
2022-12-05T23:00:00.000000,NQZ2,11810.0,NQZ2,11813.5,61.0,-3.5,false
2022-12-06T23:00:00.000000,NQZ2,11569.75,NQZ2,11566.25,61.0,3.5,false
2022-12-07T23:00:00.000000,NQZ2,11506.25,NQZ2,11498.75,61.0,7.5,false
2022-12-08T23:00:00.000000,NQZ2,11648.0,NQZ2,11637.25,61.0,10.75,false
2022-12-11T23:00:00.000000,NQZ2,11569.25,NQZ2,11553.0,2941.0,16.25,false
2022-12-12T23:00:00.000000,NQH3,11821.25,NQH3,11814.5,61.0,6.75,false
2022-12-13T23:00:00.000000,NQH3,11958.5,NQH3,11951.25,61.0,7.25,false
2022-12-14T23:00:00.000000,NQH3,11881.75,NQH3,11888.75,61.0,-7.0,false
2022-12-15T23:00:00.000000,NQH3,11458.5,NQH3,11451.0,61.0,7.5,false
2022-12-18T23:00:00.000000,NQH3,11339.0,NQH3,11320.0,2941.0,19.0,false
2022-12-19T23:00:00.000000,NQH3,11194.0,NQH3,11185.0,61.0,9.0,false
2022-12-20T23:00:00.000000,NQH3,11210.75,NQH3,11193.0,61.0,17.75,false
2022-12-21T23:00:00.000000,NQH3,11356.5,NQH3,11355.5,61.0,1.0,false
2022-12-22T23:00:00.000000,NQH3,11055.25,NQH3,11044.25,61.0,11.0,false
2022-12-26T23:00:00.000000,NQH3,11133.5,NQH3,11067.0,4381.0,66.5,false
2022-12-27T23:00:00.000000,NQH3,10913.75,NQH3,10912.0,61.0,1.75,false
2022-12-28T23:00:00.000000,NQH3,10795.25,NQH3,10783.25,61.0,12.0,false
2022-12-29T23:00:00.000000,NQH3,11031.0,NQH3,11030.0,61.0,1.0,false
2023-01-02T23:00:00.000000,NQH3,11108.5,NQH3,11041.75,4381.0,66.75,false
2023-01-03T23:00:00.000000,NQH3,10931.5,NQH3,10941.0,61.0,-9.5,false
2023-01-04T23:00:00.000000,NQH3,10991.5,NQH3,10983.75,61.0,7.75,false
2023-01-05T23:00:00.000000,NQH3,10843.0,NQH3,10837.25,61.0,5.75,false
2023-01-08T23:00:00.000000,NQH3,11141.75,NQH3,11108.75,2941.0,33.0,false
2023-01-09T23:00:00.000000,NQH3,11184.5,NQH3,11184.75,61.0,-0.25,false
2023-01-10T23:00:00.000000,NQH3,11281.75,NQH3,11281.25,61.0,0.5,false
2023-01-11T23:00:00.000000,NQH3,11473.0,NQH3,11475.0,61.0,-2.0,false
2023-01-12T23:00:00.000000,NQH3,11521.25,NQH3,11521.5,61.0,-0.25,false
2023-01-15T23:00:00.000000,NQH3,11617.5,NQH3,11601.5,2941.0,16.0,false
2023-01-16T23:00:00.000000,NQH3,11577.0,NQH3,11564.0,301.0,13.0,false
2023-01-17T23:00:00.000000,NQH3,11610.25,NQH3,11623.25,61.0,-13.0,false
2023-01-18T23:00:00.000000,NQH3,11475.25,NQH3,11482.0,61.0,-6.75,false
2023-01-19T23:00:00.000000,NQH3,11399.75,NQH3,11393.5,61.0,6.25,false
2023-01-22T23:00:00.000000,NQH3,11670.25,NQH3,11677.75,2941.0,-7.5,false
2023-01-23T23:00:00.000000,NQH3,11935.5,NQH3,11935.5,61.0,0.0,false
2023-01-24T23:00:00.000000,NQH3,11968.25,NQH3,11970.25,61.0,-2.0,false
2023-01-25T23:00:00.000000,NQH3,11872.25,NQH3,11873.5,61.0,-1.25,false
2023-01-26T23:00:00.000000,NQH3,12042.5,NQH3,12060.5,61.0,-18.0,false
2023-01-29T23:00:00.000000,NQH3,12210.5,NQH3,12221.0,2941.0,-10.5,false
2023-01-30T23:00:00.000000,NQH3,11990.0,NQH3,11988.75,61.0,1.25,false
2023-01-31T23:00:00.000000,NQH3,12114.5,NQH3,12119.25,61.0,-4.75,false
2023-02-01T23:00:00.000000,NQH3,12527.25,NQH3,12505.25,61.0,22.0,false
2023-02-02T23:00:00.000000,NQH3,12739.25,NQH3,12670.25,61.0,69.0,false
2023-02-05T23:00:00.000000,NQH3,12580.25,NQH3,12616.5,2941.0,-36.25,false
2023-02-06T23:00:00.000000,NQH3,12515.75,NQH3,12513.0,61.0,2.75,false
2023-02-07T23:00:00.000000,NQH3,12752.0,NQH3,12740.0,61.0,12.0,false
2023-02-08T23:00:00.000000,NQH3,12552.5,NQH3,12559.0,61.0,-6.5,false
2023-02-09T23:00:00.000000,NQH3,12434.0,NQH3,12449.75,61.0,-15.75,false
2023-02-12T23:00:00.000000,NQH3,12337.0,NQH3,12342.0,2941.0,-5.0,false
2023-02-13T23:00:00.000000,NQH3,12538.5,NQH3,12545.0,61.0,-6.5,false
2023-02-14T23:00:00.000000,NQH3,12614.0,NQH3,12618.0,61.0,-4.0,false
2023-02-15T23:00:00.000000,NQH3,12736.0,NQH3,12747.5,61.0,-11.5,false
2023-02-16T23:00:00.000000,NQH3,12449.0,NQH3,12466.25,61.0,-17.25,false
2023-02-19T23:00:00.000000,NQH3,12378.25,NQH3,12384.0,2941.0,-5.75,false
2023-02-20T23:00:00.000000,NQH3,12367.25,NQH3,12366.75,301.0,0.5,false
2023-02-21T23:00:00.000000,NQH3,12109.5,NQH3,12111.5,61.0,-2.0,false
2023-02-22T23:00:00.000000,NQH3,12168.0,NQH3,12166.5,61.0,1.5,false
2023-02-23T23:00:00.000000,NQH3,12185.5,NQH3,12193.0,61.0,-7.5,false
2023-02-26T23:00:00.000000,NQH3,12001.0,NQH3,11999.75,2941.0,1.25,false
2023-02-27T23:00:00.000000,NQH3,12104.0,NQH3,12095.5,61.0,8.5,false
2023-02-28T23:00:00.000000,NQH3,12037.75,NQH3,12041.25,61.0,-3.5,false
2023-03-01T23:00:00.000000,NQH3,11972.25,NQH3,11985.25,61.0,-13.0,false
2023-03-02T23:00:00.000000,NQH3,12041.25,NQH3,12052.25,61.0,-11.0,false
2023-03-05T23:00:00.000000,NQH3,12295.75,NQH3,12324.5,2941.0,-28.75,false
2023-03-06T23:00:00.000000,NQH3,12315.5,NQH3,12321.25,61.0,-5.75,false
2023-03-07T23:00:00.000000,NQH3,12175.5,NQH3,12175.5,61.0,0.0,false
2023-03-08T23:00:00.000000,NQH3,12229.75,NQH3,12238.25,61.0,-8.5,false
2023-03-09T23:00:00.000000,NQH3,11992.5,NQH3,12009.25,61.0,-16.75,false
2023-03-12T22:00:00.000000,NQH3,11889.25,NQH3,11892.5,2881.0,-3.25,false
2023-03-13T22:00:00.000000,NQM3,12075.0,NQM3,12073.0,61.0,2.0,false
2023-03-14T22:00:00.000000,NQM3,12331.75,NQM3,12336.0,61.0,-4.25,false
2023-03-15T22:00:00.000000,NQM3,12392.5,NQM3,12397.25,61.0,-4.75,false
2023-03-16T22:00:00.000000,NQM3,12697.5,NQM3,12711.5,61.0,-14.0,false
2023-03-19T22:00:00.000000,NQM3,12709.75,NQM3,12648.5,2941.0,61.25,false
2023-03-20T22:00:00.000000,NQM3,12691.25,NQM3,12701.0,61.0,-9.75,false
2023-03-21T22:00:00.000000,NQM3,12867.25,NQM3,12876.25,61.0,-9.0,false
2023-03-22T22:00:00.000000,NQM3,12703.5,NQM3,12698.75,61.0,4.75,false
2023-03-23T22:00:00.000000,NQM3,12876.0,NQM3,12872.5,61.0,3.5,false
2023-03-26T22:00:00.000000,NQM3,12917.75,NQM3,12922.75,2941.0,-5.0,false
2023-03-27T22:00:00.000000,NQM3,12809.0,NQM3,12814.25,61.0,-5.25,false
2023-03-28T22:00:00.000000,NQM3,12748.25,NQM3,12748.0,61.0,0.25,false
2023-03-29T22:00:00.000000,NQM3,12958.75,NQM3,12960.25,61.0,-1.5,false
2023-03-30T22:00:00.000000,NQM3,13072.5,NQM3,13089.75,61.0,-17.25,false
2023-04-02T22:00:00.000000,NQM3,13256.75,NQM3,13308.0,2941.0,-51.25,false
2023-04-03T22:00:00.000000,NQM3,13250.0,NQM3,13261.75,61.0,-11.75,false
2023-04-04T22:00:00.000000,NQM3,13229.75,NQM3,13231.25,61.0,-1.5,false
2023-04-05T22:00:00.000000,NQM3,13065.0,NQM3,13072.5,61.0,-7.5,false
2023-04-06T22:00:00.000000,NQM3,13153.75,NQM3,13163.5,61.0,-9.75,false
2023-04-09T22:00:00.000000,NQM3,13169.25,NQM3,13184.25,3406.0,-15.0,false
2023-04-10T22:00:00.000000,NQM3,13160.25,NQM3,13166.0,61.0,-5.75,false
2023-04-11T22:00:00.000000,NQM3,13078.5,NQM3,13081.25,61.0,-2.75,false
2023-04-12T22:00:00.000000,NQM3,12955.0,NQM3,12957.5,61.0,-2.5,false
2023-04-13T22:00:00.000000,NQM3,13180.25,NQM3,13180.5,61.0,-0.25,false
2023-04-16T22:00:00.000000,NQM3,13207.5,NQM3,13199.5,2941.0,8.0,false
2023-04-17T22:00:00.000000,NQM3,13179.5,NQM3,13181.0,61.0,-1.5,false
2023-04-18T22:00:00.000000,NQM3,13180.25,NQM3,13187.0,61.0,-6.75,false
2023-04-19T22:00:00.000000,NQM3,13162.75,NQM3,13168.25,61.0,-5.5,false
2023-04-20T22:00:00.000000,NQM3,13084.0,NQM3,13091.0,61.0,-7.0,false
2023-04-23T22:00:00.000000,NQM3,13067.0,NQM3,13076.0,2941.0,-9.0,false
2023-04-24T22:00:00.000000,NQM3,13045.0,NQM3,13049.5,61.0,-4.5,false
2023-04-25T22:00:00.000000,NQM3,12927.0,NQM3,12918.75,61.0,8.25,false
2023-04-26T22:00:00.000000,NQM3,12964.75,NQM3,12960.5,61.0,4.25,false
2023-04-27T22:00:00.000000,NQM3,13219.25,NQM3,13260.75,61.0,-41.5,false
2023-04-30T22:00:00.000000,NQM3,13312.75,NQM3,13325.75,2941.0,-13.0,false
2023-05-01T22:00:00.000000,NQM3,13282.5,NQM3,13289.0,61.0,-6.5,false
2023-05-02T22:00:00.000000,NQM3,13160.25,NQM3,13169.25,61.0,-9.0,false
2023-05-03T22:00:00.000000,NQM3,13071.5,NQM3,13089.0,61.0,-17.5,false
2023-05-04T22:00:00.000000,NQM3,13061.5,NQM3,13046.5,61.0,15.0,false
2023-05-07T22:00:00.000000,NQM3,13316.0,NQM3,13310.5,2941.0,5.5,false
2023-05-08T22:00:00.000000,NQM3,13331.75,NQM3,13336.25,61.0,-4.5,false
2023-05-09T22:00:00.000000,NQM3,13255.75,NQM3,13261.25,61.0,-5.5,false
2023-05-10T22:00:00.000000,NQM3,13405.75,NQM3,13408.75,61.0,-3.0,false
2023-05-11T22:00:00.000000,NQM3,13446.75,NQM3,13447.0,61.0,-0.25,false
2023-05-14T22:00:00.000000,NQM3,13372.0,NQM3,13370.5,2941.0,1.5,false
2023-05-15T22:00:00.000000,NQM3,13459.0,NQM3,13464.0,61.0,-5.0,false
2023-05-16T22:00:00.000000,NQM3,13499.25,NQM3,13503.25,61.0,-4.0,false
2023-05-17T22:00:00.000000,NQM3,13640.75,NQM3,13640.75,61.0,0.0,false
2023-05-18T22:00:00.000000,NQM3,13904.75,NQM3,13912.5,61.0,-7.75,false
2023-05-21T22:00:00.000000,NQM3,13812.5,NQM3,13841.0,2941.0,-28.5,false
2023-05-22T22:00:00.000000,NQM3,13912.25,NQM3,13915.5,61.0,-3.25,false
2023-05-23T22:00:00.000000,NQM3,13732.25,NQM3,13732.75,61.0,-0.5,false
2023-05-24T22:00:00.000000,NQM3,13873.75,NQM3,13842.25,61.0,31.5,false
2023-05-25T22:00:00.000000,NQM3,13980.0,NQM3,13981.5,61.0,-1.5,false
2023-05-28T22:00:00.000000,NQM3,14427.25,NQM3,14367.25,2941.0,60.0,false
2023-05-29T22:00:00.000000,NQM3,14398.0,NQM3,14404.75,301.0,-6.75,false
2023-05-30T22:00:00.000000,NQM3,14391.0,NQM3,14402.75,61.0,-11.75,false
2023-05-31T22:00:00.000000,NQM3,14295.0,NQM3,14288.75,61.0,6.25,false
2023-06-01T22:00:00.000000,NQM3,14492.5,NQM3,14496.75,61.0,-4.25,false
2023-06-04T22:00:00.000000,NQM3,14558.5,NQM3,14587.75,2941.0,-29.25,false
2023-06-05T22:00:00.000000,NQM3,14578.5,NQM3,14582.25,61.0,-3.75,false
2023-06-06T22:00:00.000000,NQM3,14594.0,NQM3,14594.5,61.0,-0.5,false
2023-06-07T22:00:00.000000,NQM3,14325.25,NQM3,14316.0,61.0,9.25,false
2023-06-08T22:00:00.000000,NQM3,14511.5,NQM3,14521.25,61.0,-9.75,false
2023-06-11T22:00:00.000000,NQM3,14556.25,NQM3,14566.25,2941.0,-10.0,false
2023-06-12T22:00:00.000000,NQU3,15002.25,NQU3,15009.5,61.0,-7.25,false
2023-06-13T22:00:00.000000,NQU3,15115.0,NQU3,15107.5,61.0,7.5,false
2023-06-14T22:00:00.000000,NQU3,15220.5,NQU3,15233.5,61.0,-13.0,false
2023-06-15T22:00:00.000000,NQU3,15359.25,NQU3,15367.75,61.0,-8.5,false
2023-06-18T22:00:00.000000,NQU3,15311.75,NQU3,15300.75,2941.0,11.0,false
2023-06-19T22:00:00.000000,NQU3,15249.25,NQU3,15239.25,301.0,10.0,false
2023-06-20T22:00:00.000000,NQU3,15252.5,NQU3,15244.25,61.0,8.25,false
2023-06-21T22:00:00.000000,NQU3,15042.75,NQU3,15038.0,61.0,4.75,false
2023-06-22T22:00:00.000000,NQU3,15230.0,NQU3,15233.25,61.0,-3.25,false
2023-06-25T22:00:00.000000,NQU3,15055.0,NQU3,15053.25,2941.0,1.75,false
2023-06-26T22:00:00.000000,NQU3,14880.0,NQU3,14872.75,61.0,7.25,false
2023-06-27T22:00:00.000000,NQU3,15091.0,NQU3,15088.5,61.0,2.5,false
2023-06-28T22:00:00.000000,NQU3,15158.0,NQU3,15156.5,61.0,1.5,false
2023-06-29T22:00:00.000000,NQU3,15100.75,NQU3,15108.25,61.0,-7.5,false
2023-07-02T22:00:00.000000,NQU3,15341.5,NQU3,15316.5,2941.0,25.0,false
2023-07-03T22:00:00.000000,NQU3,15345.25,NQU3,15357.0,286.0,-11.75,false
2023-07-04T22:00:00.000000,NQU3,15347.5,NQU3,15344.5,301.0,3.0,false
2023-07-05T22:00:00.000000,NQU3,15357.0,NQU3,15354.5,61.0,2.5,false
2023-07-06T22:00:00.000000,NQU3,15218.0,NQU3,15222.25,61.0,-4.25,false
2023-07-09T22:00:00.000000,NQU3,15188.75,NQU3,15192.5,2941.0,-3.75,false
2023-07-10T22:00:00.000000,NQU3,15191.0,NQU3,15193.0,61.0,-2.0,false
2023-07-11T22:00:00.000000,NQU3,15258.25,NQU3,15262.5,61.0,-4.25,false
2023-07-12T22:00:00.000000,NQU3,15459.0,NQU3,15458.25,61.0,0.75,false
2023-07-13T22:00:00.000000,NQU3,15702.0,NQU3,15699.75,61.0,2.25,false
2023-07-16T22:00:00.000000,NQU3,15686.25,NQU3,15693.75,2941.0,-7.5,false
2023-07-17T22:00:00.000000,NQU3,15830.75,NQU3,15826.25,61.0,4.5,false
2023-07-18T22:00:00.000000,NQU3,15953.25,NQU3,15948.25,61.0,5.0,false
2023-07-19T22:00:00.000000,NQU3,15921.5,NQU3,15939.5,61.0,-18.0,false
2023-07-20T22:00:00.000000,NQU3,15593.0,NQU3,15596.25,61.0,-3.25,false
2023-07-23T22:00:00.000000,NQU3,15563.25,NQU3,15555.0,2941.0,8.25,false
2023-07-24T22:00:00.000000,NQU3,15562.5,NQU3,15569.0,61.0,-6.5,false
2023-07-25T22:00:00.000000,NQU3,15721.75,NQU3,15727.0,61.0,-5.25,false
2023-07-26T22:00:00.000000,NQU3,15642.25,NQU3,15625.0,61.0,17.25,false
2023-07-27T22:00:00.000000,NQU3,15582.75,NQU3,15584.25,61.0,-1.5,false
2023-07-30T22:00:00.000000,NQU3,15846.5,NQU3,15846.0,2941.0,0.5,false
2023-07-31T22:00:00.000000,NQU3,15873.5,NQU3,15869.0,61.0,4.5,false
2023-08-01T22:00:00.000000,NQU3,15699.25,NQU3,15808.5,61.0,-109.25,false
2023-08-02T22:00:00.000000,NQU3,15462.25,NQU3,15451.0,61.0,11.25,false
2023-08-03T22:00:00.000000,NQU3,15448.25,NQU3,15447.5,61.0,0.75,false
2023-08-06T22:00:00.000000,NQU3,15378.0,NQU3,15362.75,2941.0,15.25,false
2023-08-07T22:00:00.000000,NQU3,15495.0,NQU3,15490.5,61.0,4.5,false
2023-08-08T22:00:00.000000,NQU3,15355.75,NQU3,15351.0,61.0,4.75,false
2023-08-09T22:00:00.000000,NQU3,15204.0,NQU3,15203.75,61.0,0.25,false
2023-08-10T22:00:00.000000,NQU3,15222.75,NQU3,15217.75,61.0,5.0,false
2023-08-13T22:00:00.000000,NQU3,15120.75,NQU3,15103.75,2941.0,17.0,false
2023-08-14T22:00:00.000000,NQU3,15282.0,NQU3,15280.0,61.0,2.0,false
2023-08-15T22:00:00.000000,NQU3,15116.25,NQU3,15110.0,61.0,6.25,false
2023-08-16T22:00:00.000000,NQU3,14947.75,NQU3,14937.0,61.0,10.75,false
2023-08-17T22:00:00.000000,NQU3,14755.25,NQU3,14743.5,61.0,11.75,false
2023-08-20T22:00:00.000000,NQU3,14771.75,NQU3,14744.0,2941.0,27.75,false
2023-08-21T22:00:00.000000,NQU3,14970.75,NQU3,14972.0,61.0,-1.25,false
2023-08-22T22:00:00.000000,NQU3,14968.5,NQU3,14963.25,61.0,5.25,false
2023-08-23T22:00:00.000000,NQU3,15331.25,NQU3,15355.75,61.0,-24.5,false
2023-08-24T22:00:00.000000,NQU3,14842.75,NQU3,14832.5,61.0,10.25,false
2023-08-27T22:00:00.000000,NQU3,15010.25,NQU3,14972.25,2941.0,38.0,false
2023-08-28T22:00:00.000000,NQU3,15105.75,NQU3,15098.0,61.0,7.75,false
2023-08-29T22:00:00.000000,NQU3,15425.5,NQU3,15426.25,61.0,-0.75,false
2023-08-30T22:00:00.000000,NQU3,15509.25,NQU3,15513.0,61.0,-3.75,false
2023-08-31T22:00:00.000000,NQU3,15532.5,NQU3,15536.5,61.0,-4.0,false
2023-09-03T22:00:00.000000,NQU3,15522.75,NQU3,15511.25,2941.0,11.5,false
2023-09-04T22:00:00.000000,NQU3,15528.75,NQU3,15523.75,301.0,5.0,false
2023-09-05T22:00:00.000000,NQU3,15512.0,NQU3,15517.5,61.0,-5.5,false
2023-09-06T22:00:00.000000,NQU3,15390.0,NQU3,15386.75,61.0,3.25,false
2023-09-07T22:00:00.000000,NQU3,15288.75,NQU3,15286.25,61.0,2.5,false
2023-09-10T22:00:00.000000,NQU3,15305.0,NQU3,15313.0,2941.0,-8.0,false
2023-09-11T22:00:00.000000,NQZ3,15663.0,NQZ3,15670.0,61.0,-7.0,false
2023-09-12T22:00:00.000000,NQZ3,15507.5,NQZ3,15506.0,61.0,1.5,false
2023-09-13T22:00:00.000000,NQZ3,15569.0,NQZ3,15573.0,61.0,-4.0,false
2023-09-14T22:00:00.000000,NQZ3,15677.0,NQZ3,15677.25,61.0,-0.25,false
2023-09-17T22:00:00.000000,NQZ3,15383.25,NQZ3,15383.0,2941.0,0.25,false
2023-09-18T22:00:00.000000,NQZ3,15426.75,NQZ3,15425.25,61.0,1.5,false
2023-09-19T22:00:00.000000,NQZ3,15378.25,NQZ3,15383.0,61.0,-4.75,false
2023-09-20T22:00:00.000000,NQZ3,15145.0,NQZ3,15133.75,61.0,11.25,false
2023-09-21T22:00:00.000000,NQZ3,14858.25,NQZ3,14849.75,61.0,8.5,false
2023-09-24T22:00:00.000000,NQZ3,14887.75,NQZ3,14876.25,2941.0,11.5,false
2023-09-25T22:00:00.000000,NQZ3,14944.5,NQZ3,14951.0,61.0,-6.5,false
2023-09-26T22:00:00.000000,NQZ3,14726.0,NQZ3,14725.25,61.0,0.75,false
2023-09-27T22:00:00.000000,NQZ3,14765.75,NQZ3,14766.5,61.0,-0.75,false
2023-09-28T22:00:00.000000,NQZ3,14877.5,NQZ3,14876.5,61.0,1.0,false
2023-10-01T22:00:00.000000,NQZ3,14997.25,NQZ3,14891.5,2941.0,105.75,false
2023-10-02T22:00:00.000000,NQZ3,14990.75,NQZ3,14992.5,61.0,-1.75,false
2023-10-03T22:00:00.000000,NQZ3,14716.0,NQZ3,14714.5,61.0,1.5,false
2023-10-04T22:00:00.000000,NQZ3,14897.25,NQZ3,14902.5,61.0,-5.25,false
2023-10-05T22:00:00.000000,NQZ3,14858.0,NQZ3,14860.75,61.0,-2.75,false
2023-10-08T22:00:00.000000,NQZ3,15015.75,NQZ3,15139.5,2941.0,-123.75,false
2023-10-09T22:00:00.000000,NQZ3,15191.75,NQZ3,15195.0,61.0,-3.25,false
2023-10-10T22:00:00.000000,NQZ3,15281.75,NQZ3,15282.0,61.0,-0.25,false
2023-10-11T22:00:00.000000,NQZ3,15402.0,NQZ3,15410.75,61.0,-8.75,false
2023-10-12T22:00:00.000000,NQZ3,15320.25,NQZ3,15324.0,61.0,-3.75,false
2023-10-15T22:00:00.000000,NQZ3,15134.75,NQZ3,15107.5,2941.0,27.25,false
2023-10-16T22:00:00.000000,NQZ3,15303.25,NQZ3,15304.75,61.0,-1.5,false
2023-10-17T22:00:00.000000,NQZ3,15232.0,NQZ3,15242.5,61.0,-10.5,false
2023-10-18T22:00:00.000000,NQZ3,15047.75,NQZ3,15061.25,61.0,-13.5,false
2023-10-19T22:00:00.000000,NQZ3,14854.0,NQZ3,14850.5,61.0,3.5,false
2023-10-22T22:00:00.000000,NQZ3,14685.0,NQZ3,14649.0,2941.0,36.0,false
2023-10-23T22:00:00.000000,NQZ3,14745.0,NQZ3,14749.0,61.0,-4.0,false
2023-10-24T22:00:00.000000,NQZ3,14839.75,NQZ3,14830.75,61.0,9.0,false
2023-10-25T22:00:00.000000,NQZ3,14425.75,NQZ3,14467.75,61.0,-42.0,false
2023-10-26T22:00:00.000000,NQZ3,14273.25,NQZ3,14209.5,61.0,63.75,false
2023-10-29T22:00:00.000000,NQZ3,14321.0,NQZ3,14270.0,2941.0,51.0,false
2023-10-30T22:00:00.000000,NQZ3,14409.0,NQZ3,14412.75,61.0,-3.75,false
2023-10-31T22:00:00.000000,NQZ3,14472.0,NQZ3,14452.0,61.0,20.0,false
2023-11-01T22:00:00.000000,NQZ3,14760.0,NQZ3,14761.25,61.0,-1.25,false
2023-11-02T22:00:00.000000,NQZ3,14939.5,NQZ3,14970.5,61.0,-31.0,false
2023-11-05T23:00:00.000000,NQZ3,15198.5,NQZ3,15186.25,3001.0,12.25,false
2023-11-06T23:00:00.000000,NQZ3,15213.75,NQZ3,15222.5,61.0,-8.75,false
2023-11-07T23:00:00.000000,NQZ3,15367.5,NQZ3,15376.0,61.0,-8.5,false
2023-11-08T23:00:00.000000,NQZ3,15346.0,NQZ3,15359.5,61.0,-13.5,false
2023-11-09T23:00:00.000000,NQZ3,15247.0,NQZ3,15255.5,61.0,-8.5,false
2023-11-12T23:00:00.000000,NQZ3,15598.5,NQZ3,15583.0,2941.0,15.5,false
2023-11-13T23:00:00.000000,NQZ3,15555.0,NQZ3,15557.25,61.0,-2.25,false
2023-11-14T23:00:00.000000,NQZ3,15899.0,NQZ3,15893.0,61.0,6.0,false
2023-11-15T23:00:00.000000,NQZ3,15850.0,NQZ3,15845.25,61.0,4.75,false
2023-11-16T23:00:00.000000,NQZ3,15891.25,NQZ3,15898.75,61.0,-7.5,false
2023-11-19T23:00:00.000000,NQZ3,15893.25,NQZ3,15874.25,2941.0,19.0,false
2023-11-20T23:00:00.000000,NQZ3,16084.75,NQZ3,16089.5,61.0,-4.75,false
2023-11-21T23:00:00.000000,NQZ3,15957.5,NQZ3,15968.5,61.0,-11.0,false
2023-11-22T23:00:00.000000,NQZ3,16039.5,NQZ3,16045.5,61.0,-6.0,false
2023-11-23T23:00:00.000000,NQZ3,16069.25,NQZ3,16062.5,301.0,6.75,false
2023-11-26T23:00:00.000000,NQZ3,15997.5,NQZ3,16011.0,3166.0,-13.5,false
2023-11-27T23:00:00.000000,NQZ3,16008.75,NQZ3,16004.75,61.0,4.0,false
2023-11-28T23:00:00.000000,NQZ3,16048.0,NQZ3,16051.5,61.0,-3.5,false
2023-11-29T23:00:00.000000,NQZ3,16038.25,NQZ3,16041.25,61.0,-3.0,false
2023-11-30T23:00:00.000000,NQZ3,15953.0,NQZ3,15957.0,61.0,-4.0,false
2023-12-03T23:00:00.000000,NQZ3,16018.25,NQZ3,16030.25,2941.0,-12.0,false
2023-12-04T23:00:00.000000,NQZ3,15853.5,NQZ3,15857.5,61.0,-4.0,false
2023-12-05T23:00:00.000000,NQZ3,15894.5,NQZ3,15899.75,61.0,-5.25,false
2023-12-06T23:00:00.000000,NQZ3,15804.5,NQZ3,15814.5,61.0,-10.0,false
2023-12-07T23:00:00.000000,NQZ3,16026.25,NQZ3,16018.0,61.0,8.25,false
2023-12-10T23:00:00.000000,NQZ3,16085.5,NQZ3,16094.0,2941.0,-8.5,false
2023-12-11T23:00:00.000000,NQH4,16445.75,NQH4,16455.5,61.0,-9.75,false
2023-12-12T23:00:00.000000,NQH4,16591.25,NQH4,16596.75,61.0,-5.5,false
2023-12-13T23:00:00.000000,NQH4,16781.5,NQH4,16762.5,61.0,19.0,false
2023-12-14T23:00:00.000000,NQH4,16741.5,NQH4,16743.0,61.0,-1.5,false
2023-12-17T23:00:00.000000,NQH4,16832.75,NQH4,16815.0,2941.0,17.75,false
2023-12-18T23:00:00.000000,NQH4,16921.5,NQH4,16921.75,61.0,-0.25,false
2023-12-19T23:00:00.000000,NQH4,17023.25,NQH4,17026.0,61.0,-2.75,false
2023-12-20T23:00:00.000000,NQH4,16799.5,NQH4,16794.75,61.0,4.75,false
2023-12-21T23:00:00.000000,NQH4,16935.0,NQH4,16949.5,61.0,-14.5,false
2023-12-25T23:00:00.000000,NQH4,16988.75,NQH4,16962.5,4381.0,26.25,false
2023-12-26T23:00:00.000000,NQH4,17093.25,NQH4,17090.0,61.0,3.25,false
2023-12-27T23:00:00.000000,NQH4,17119.5,NQH4,17130.0,61.0,-10.5,false
2023-12-28T23:00:00.000000,NQH4,17088.0,NQH4,17089.5,61.0,-1.5,false
2024-01-01T23:00:00.000000,NQH4,17016.5,NQH4,17003.75,4381.0,12.75,false
2024-01-02T23:00:00.000000,NQH4,16730.5,NQH4,16731.75,61.0,-1.25,false
2024-01-03T23:00:00.000000,NQH4,16559.25,NQH4,16542.75,61.0,16.5,false
2024-01-04T23:00:00.000000,NQH4,16458.0,NQH4,16450.75,61.0,7.25,false
2024-01-07T23:00:00.000000,NQH4,16470.5,NQH4,16465.0,2941.0,5.5,false
2024-01-08T23:00:00.000000,NQH4,16783.0,NQH4,16788.25,61.0,-5.25,false
2024-01-09T23:00:00.000000,NQH4,16825.75,NQH4,16829.5,61.0,-3.75,false
2024-01-10T23:00:00.000000,NQH4,16950.25,NQH4,16957.0,61.0,-6.75,false
2024-01-11T23:00:00.000000,NQH4,16949.25,NQH4,16958.25,61.0,-9.0,false
2024-01-14T23:00:00.000000,NQH4,16963.75,NQH4,16955.25,2941.0,8.5,false
2024-01-15T23:00:00.000000,NQH4,16962.0,NQH4,16970.0,301.0,-8.0,false
2024-01-16T23:00:00.000000,NQH4,16976.75,NQH4,16978.0,61.0,-1.25,false
2024-01-17T23:00:00.000000,NQH4,16851.25,NQH4,16860.25,61.0,-9.0,false
2024-01-18T23:00:00.000000,NQH4,17112.75,NQH4,17117.25,61.0,-4.5,false
2024-01-21T23:00:00.000000,NQH4,17488.75,NQH4,17462.75,2941.0,26.0,false
2024-01-22T23:00:00.000000,NQH4,17454.0,NQH4,17455.5,61.0,-1.5,false
2024-01-23T23:00:00.000000,NQH4,17561.75,NQH4,17552.5,61.0,9.25,false
2024-01-24T23:00:00.000000,NQH4,17617.0,NQH4,17630.25,61.0,-13.25,false
2024-01-25T23:00:00.000000,NQH4,17557.75,NQH4,17579.5,61.0,-21.75,false
2024-01-28T23:00:00.000000,NQH4,17469.5,NQH4,17504.75,2941.0,-35.25,false
2024-01-29T23:00:00.000000,NQH4,17711.25,NQH4,17700.25,61.0,11.0,false
2024-01-30T23:00:00.000000,NQH4,17440.0,NQH4,17470.25,61.0,-30.25,false
2024-01-31T23:00:00.000000,NQH4,17271.25,NQH4,17265.25,61.0,6.0,false
2024-02-01T23:00:00.000000,NQH4,17596.5,NQH4,17628.0,61.0,-31.5,false
2024-02-04T23:00:00.000000,NQH4,17716.0,NQH4,17687.0,2941.0,29.0,false
2024-02-05T23:00:00.000000,NQH4,17708.25,NQH4,17702.5,61.0,5.75,false
2024-02-06T23:00:00.000000,NQH4,17651.0,NQH4,17650.25,61.0,0.75,false
2024-02-07T23:00:00.000000,NQH4,17849.25,NQH4,17856.25,61.0,-7.0,false
2024-02-08T23:00:00.000000,NQH4,17857.0,NQH4,17860.25,61.0,-3.25,false
2024-02-11T23:00:00.000000,NQH4,18025.5,NQH4,18038.25,2941.0,-12.75,false
2024-02-12T23:00:00.000000,NQH4,17931.5,NQH4,17929.5,61.0,2.0,false
2024-02-13T23:00:00.000000,NQH4,17688.5,NQH4,17699.75,61.0,-11.25,false
2024-02-14T23:00:00.000000,NQH4,17870.25,NQH4,17873.5,61.0,-3.25,false
2024-02-15T23:00:00.000000,NQH4,17955.0,NQH4,17955.0,61.0,0.0,false
2024-02-18T23:00:00.000000,NQH4,17744.5,NQH4,17721.5,2941.0,23.0,false
2024-02-19T23:00:00.000000,NQH4,17785.0,NQH4,17788.75,301.0,-3.75,false
2024-02-20T23:00:00.000000,NQH4,17568.25,NQH4,17582.5,61.0,-14.25,false
2024-02-21T23:00:00.000000,NQH4,17692.75,NQH4,17710.0,61.0,-17.25,false
2024-02-22T23:00:00.000000,NQH4,18034.0,NQH4,18023.5,61.0,10.5,false
2024-02-25T23:00:00.000000,NQH4,17952.0,NQH4,17960.75,2941.0,-8.75,false
2024-02-26T23:00:00.000000,NQH4,17943.0,NQH4,17949.0,61.0,-6.0,false
2024-02-27T23:00:00.000000,NQH4,18013.75,NQH4,18012.25,61.0,1.5,false
2024-02-28T23:00:00.000000,NQH4,17874.0,NQH4,17860.5,61.0,13.5,false
2024-02-29T23:00:00.000000,NQH4,18078.25,NQH4,18070.75,61.0,7.5,false
2024-03-03T23:00:00.000000,NQH4,18354.75,NQH4,18321.0,2941.0,33.75,false
2024-03-04T23:00:00.000000,NQH4,18248.25,NQH4,18244.25,61.0,4.0,false
2024-03-05T23:00:00.000000,NQH4,17972.75,NQH4,17983.25,61.0,-10.5,false
2024-03-06T23:00:00.000000,NQH4,18043.5,NQH4,18040.25,61.0,3.25,false
2024-03-07T23:00:00.000000,NQH4,18276.5,NQH4,18254.0,61.0,22.5,false
2024-03-10T22:00:00.000000,NQH4,18040.5,NQH4,18056.0,2881.0,-15.5,false
2024-03-11T22:00:00.000000,NQM4,18259.0,NQM4,18244.25,61.0,14.75,false
2024-03-12T22:00:00.000000,NQM4,18468.0,NQM4,18471.0,61.0,-3.0,false
2024-03-13T22:00:00.000000,NQM4,18347.0,NQM4,18355.5,61.0,-8.5,false
2024-03-14T22:00:00.000000,NQM4,18253.25,NQM4,18266.25,61.0,-13.0,false
2024-03-17T22:00:00.000000,NQM4,18071.25,NQM4,18063.5,2941.0,7.75,false
2024-03-18T22:00:00.000000,NQM4,18214.25,NQM4,18227.75,61.0,-13.5,false
2024-03-19T22:00:00.000000,NQM4,18276.0,NQM4,18273.0,61.0,3.0,false
2024-03-20T22:00:00.000000,NQM4,18533.25,NQM4,18542.0,61.0,-8.75,false
2024-03-21T22:00:00.000000,NQM4,18580.0,NQM4,18579.75,61.0,0.25,false
2024-03-24T22:00:00.000000,NQM4,18578.25,NQM4,18563.75,2941.0,14.5,false
2024-03-25T22:00:00.000000,NQM4,18535.5,NQM4,18533.5,61.0,2.0,false
2024-03-26T22:00:00.000000,NQM4,18474.5,NQM4,18480.0,61.0,-5.5,false
2024-03-27T22:00:00.000000,NQM4,18488.0,NQM4,18505.5,61.0,-17.5,false
2024-03-31T22:00:00.000000,NQM4,18543.5,NQM4,18465.0,4381.0,78.5,false
2024-04-01T22:00:00.000000,NQM4,18490.75,NQM4,18497.75,61.0,-7.0,false
2024-04-02T22:00:00.000000,NQM4,18338.0,NQM4,18344.5,61.0,-6.5,false
2024-04-03T22:00:00.000000,NQM4,18384.0,NQM4,18387.75,61.0,-3.75,false
2024-04-04T22:00:00.000000,NQM4,18108.5,NQM4,18072.5,61.0,36.0,false
2024-04-07T22:00:00.000000,NQM4,18361.25,NQM4,18311.0,2941.0,50.25,false
2024-04-08T22:00:00.000000,NQM4,18322.75,NQM4,18311.5,61.0,11.25,false
2024-04-09T22:00:00.000000,NQM4,18377.25,NQM4,18384.75,61.0,-7.5,false
2024-04-10T22:00:00.000000,NQM4,18175.0,NQM4,18192.25,61.0,-17.25,false
2024-04-11T22:00:00.000000,NQM4,18478.75,NQM4,18485.5,61.0,-6.75,false
2024-04-14T22:00:00.000000,NQM4,18185.75,NQM4,18172.5,2941.0,13.25,false
2024-04-15T22:00:00.000000,NQM4,17885.25,NQM4,17875.0,61.0,10.25,false
2024-04-16T22:00:00.000000,NQM4,17908.0,NQM4,17894.0,61.0,14.0,false
2024-04-17T22:00:00.000000,NQM4,17682.0,NQM4,17663.25,61.0,18.75,false
2024-04-18T22:00:00.000000,NQM4,17536.5,NQM4,17529.5,61.0,7.0,false
2024-04-21T22:00:00.000000,NQM4,17230.75,NQM4,17179.25,2941.0,51.5,false
2024-04-22T22:00:00.000000,NQM4,17363.75,NQM4,17345.0,61.0,18.75,false
2024-04-23T22:00:00.000000,NQM4,17678.5,NQM4,17656.5,61.0,22.0,false
2024-04-24T22:00:00.000000,NQM4,17458.0,NQM4,17507.25,61.0,-49.25,false
2024-04-25T22:00:00.000000,NQM4,17781.0,NQM4,17816.5,61.0,-35.5,false
2024-04-28T22:00:00.000000,NQM4,17868.25,NQM4,17836.75,2941.0,31.5,false
2024-04-29T22:00:00.000000,NQM4,17913.75,NQM4,17912.0,61.0,1.75,false
2024-04-30T22:00:00.000000,NQM4,17487.75,NQM4,17508.5,61.0,-20.75,false
2024-05-01T22:00:00.000000,NQM4,17491.0,NQM4,17474.75,61.0,16.25,false
2024-05-02T22:00:00.000000,NQM4,17733.25,NQM4,17743.0,61.0,-9.75,false
2024-05-05T22:00:00.000000,NQM4,18039.25,NQM4,18025.5,2941.0,13.75,false
2024-05-06T22:00:00.000000,NQM4,18178.0,NQM4,18185.5,61.0,-7.5,false
2024-05-07T22:00:00.000000,NQM4,18191.5,NQM4,18197.75,61.0,-6.25,false
2024-05-08T22:00:00.000000,NQM4,18158.0,NQM4,18160.75,61.0,-2.75,false
2024-05-09T22:00:00.000000,NQM4,18220.0,NQM4,18220.75,61.0,-0.75,false
2024-05-12T22:00:00.000000,NQM4,18236.0,NQM4,18239.25,2941.0,-3.25,false
2024-05-13T22:00:00.000000,NQM4,18281.5,NQM4,18286.0,61.0,-4.5,false
2024-05-14T22:00:00.000000,NQM4,18406.5,NQM4,18410.5,61.0,-4.0,false
2024-05-15T22:00:00.000000,NQM4,18692.5,NQM4,18694.5,61.0,-2.0,false
2024-05-16T22:00:00.000000,NQM4,18646.5,NQM4,18638.25,61.0,8.25,false
2024-05-19T22:00:00.000000,NQM4,18644.5,NQM4,18633.75,2941.0,10.75,false
2024-05-20T22:00:00.000000,NQM4,18751.5,NQM4,18745.25,61.0,6.25,false
2024-05-21T22:00:00.000000,NQM4,18799.25,NQM4,18798.75,61.0,0.5,false
2024-05-22T22:00:00.000000,NQM4,18868.75,NQM4,18816.25,61.0,52.5,false
2024-05-23T22:00:00.000000,NQM4,18687.75,NQM4,18686.5,61.0,1.25,false
2024-05-26T22:00:00.000000,NQM4,18875.0,NQM4,18870.75,2941.0,4.25,false
2024-05-27T22:00:00.000000,NQM4,18937.75,NQM4,18950.75,301.0,-13.0,false
2024-05-28T22:00:00.000000,NQM4,18946.5,NQM4,18950.5,61.0,-4.0,false
2024-05-29T22:00:00.000000,NQM4,18760.25,NQM4,18746.75,61.0,13.5,false
2024-05-30T22:00:00.000000,NQM4,18569.25,NQM4,18596.0,61.0,-26.75,false
2024-06-02T22:00:00.000000,NQM4,18595.25,NQM4,18570.75,2941.0,24.5,false
2024-06-03T22:00:00.000000,NQM4,18659.0,NQM4,18662.25,61.0,-3.25,false
2024-06-04T22:00:00.000000,NQM4,18712.75,NQM4,18706.5,61.0,6.25,false
2024-06-05T22:00:00.000000,NQM4,19076.75,NQM4,19087.25,61.0,-10.5,false
2024-06-06T22:00:00.000000,NQM4,19064.0,NQM4,19069.0,61.0,-5.0,false
2024-06-09T22:00:00.000000,NQM4,19022.0,NQM4,19030.25,2941.0,-8.25,false
2024-06-10T22:00:00.000000,NQM4,19099.75,NQM4,19107.75,61.0,-8.0,false
2024-06-11T22:00:00.000000,NQM4,19238.75,NQM4,19247.5,61.0,-8.75,false
2024-06-12T22:00:00.000000,NQM4,19591.5,NQM4,19610.25,61.0,-18.75,false
2024-06-13T22:00:00.000000,NQM4,19597.25,NQM4,19607.75,61.0,-10.5,false
2024-06-16T22:00:00.000000,NQM4,19678.0,NQM4,19696.25,2941.0,-18.25,false
2024-06-17T22:00:00.000000,NQU4,20187.75,NQU4,20187.0,61.0,0.75,false
2024-06-18T22:00:00.000000,NQU4,20207.25,NQU4,20210.0,61.0,-2.75,false
2024-06-19T22:00:00.000000,NQU4,20236.75,NQU4,20231.0,301.0,5.75,false
2024-06-20T22:00:00.000000,NQU4,20044.75,NQU4,20053.5,61.0,-8.75,false
2024-06-23T22:00:00.000000,NQU4,20011.25,NQU4,20009.75,2941.0,1.5,false
2024-06-24T22:00:00.000000,NQU4,19768.25,NQU4,19752.5,61.0,15.75,false
2024-06-25T22:00:00.000000,NQU4,19968.25,NQU4,19970.5,61.0,-2.25,false
2024-06-26T22:00:00.000000,NQU4,19959.25,NQU4,19953.75,61.0,5.5,false
2024-06-27T22:00:00.000000,NQU4,20067.25,NQU4,20067.5,61.0,-0.25,false
2024-06-30T22:00:00.000000,NQU4,19960.75,NQU4,19966.5,2941.0,-5.75,false
2024-07-01T22:00:00.000000,NQU4,20050.0,NQU4,20042.5,61.0,7.5,false
2024-07-02T22:00:00.000000,NQU4,20238.0,NQU4,20240.0,61.0,-2.0,false
2024-07-03T22:00:00.000000,NQU4,20405.0,NQU4,20419.5,286.0,-14.5,false
2024-07-04T22:00:00.000000,NQU4,20378.75,NQU4,20381.25,301.0,-2.5,false
2024-07-07T22:00:00.000000,NQU4,20590.5,NQU4,20591.5,2941.0,-1.0,false
2024-07-08T22:00:00.000000,NQU4,20674.25,NQU4,20684.5,61.0,-10.25,false
2024-07-09T22:00:00.000000,NQU4,20686.25,NQU4,20687.75,61.0,-1.5,false
2024-07-10T22:00:00.000000,NQU4,20892.25,NQU4,20896.5,61.0,-4.25,false
2024-07-11T22:00:00.000000,NQU4,20439.75,NQU4,20432.75,61.0,7.0,false
2024-07-14T22:00:00.000000,NQU4,20550.5,NQU4,20539.75,2941.0,10.75,false
2024-07-15T22:00:00.000000,NQU4,20634.25,NQU4,20625.25,61.0,9.0,false
2024-07-16T22:00:00.000000,NQU4,20583.0,NQU4,20588.5,61.0,-5.5,false
2024-07-17T22:00:00.000000,NQU4,20046.0,NQU4,20016.75,61.0,29.25,false
2024-07-18T22:00:00.000000,NQU4,19948.75,NQU4,19934.75,61.0,14.0,false
2024-07-21T22:00:00.000000,NQU4,19738.75,NQU4,19701.5,2941.0,37.25,false
2024-07-22T22:00:00.000000,NQU4,19981.75,NQU4,19980.75,61.0,1.0,false
2024-07-23T22:00:00.000000,NQU4,19832.25,NQU4,19946.25,61.0,-114.0,false
2024-07-24T22:00:00.000000,NQU4,19270.75,NQU4,19269.5,61.0,1.25,false
2024-07-25T22:00:00.000000,NQU4,19019.25,NQU4,18994.75,61.0,24.5,false
2024-07-28T22:00:00.000000,NQU4,19208.0,NQU4,19175.75,2941.0,32.25,false
2024-07-29T22:00:00.000000,NQU4,19228.0,NQU4,19222.5,61.0,5.5,false
2024-07-30T22:00:00.000000,NQU4,18876.25,NQU4,18861.25,61.0,15.0,false
2024-07-31T22:00:00.000000,NQU4,19591.25,NQU4,19581.75,61.0,9.5,false
2024-08-01T22:00:00.000000,NQU4,18975.0,NQU4,18967.75,61.0,7.25,false
2024-08-04T22:00:00.000000,NQU4,18335.75,NQU4,18513.25,2941.0,-177.5,false
2024-08-05T22:00:00.000000,NQU4,18205.5,NQU4,18146.75,61.0,58.75,false
2024-08-06T22:00:00.000000,NQU4,18063.75,NQU4,18099.0,61.0,-35.25,false
2024-08-07T22:00:00.000000,NQU4,17895.25,NQU4,17854.5,61.0,40.75,false
2024-08-08T22:00:00.000000,NQU4,18556.75,NQU4,18558.0,61.0,-1.25,false
2024-08-11T22:00:00.000000,NQU4,18632.25,NQU4,18602.5,2941.0,29.75,false
2024-08-12T22:00:00.000000,NQU4,18645.25,NQU4,18626.25,61.0,19.0,false
2024-08-13T22:00:00.000000,NQU4,19115.25,NQU4,19099.25,61.0,16.0,false
2024-08-14T22:00:00.000000,NQU4,19140.25,NQU4,19147.0,61.0,-6.75,false
2024-08-15T22:00:00.000000,NQU4,19569.5,NQU4,19568.25,61.0,1.25,false
2024-08-18T22:00:00.000000,NQU4,19623.5,NQU4,19604.0,2941.0,19.5,false
2024-08-19T22:00:00.000000,NQU4,19874.0,NQU4,19853.5,61.0,20.5,false
2024-08-20T22:00:00.000000,NQU4,19806.5,NQU4,19804.75,61.0,1.75,false
2024-08-21T22:00:00.000000,NQU4,19920.75,NQU4,19917.75,61.0,3.0,false
2024-08-22T22:00:00.000000,NQU4,19620.75,NQU4,19612.25,61.0,8.5,false
2024-08-25T22:00:00.000000,NQU4,19789.25,NQU4,19776.75,2941.0,12.5,false
2024-08-26T22:00:00.000000,NQU4,19566.0,NQU4,19549.0,61.0,17.0,false
2024-08-27T22:00:00.000000,NQU4,19643.0,NQU4,19636.0,61.0,7.0,false
2024-08-28T22:00:00.000000,NQU4,19209.5,NQU4,19310.25,61.0,-100.75,false
2024-08-29T22:00:00.000000,NQU4,19449.25,NQU4,19445.5,61.0,3.75,false
2024-09-01T22:00:00.000000,NQU4,19613.0,NQU4,19594.5,2941.0,18.5,false
2024-09-02T22:00:00.000000,NQU4,19663.5,NQU4,19647.0,301.0,16.5,false
2024-09-03T22:00:00.000000,NQU4,19000.25,NQU4,18989.75,61.0,10.5,false
2024-09-04T22:00:00.000000,NQU4,18978.0,NQU4,18964.5,61.0,13.5,false
2024-09-05T22:00:00.000000,NQU4,18932.0,NQU4,18924.75,61.0,7.25,false
2024-09-08T22:00:00.000000,NQU4,18415.75,NQU4,18377.5,2941.0,38.25,false
2024-09-09T22:00:00.000000,NQU4,18733.0,NQU4,18722.75,61.0,10.25,false
2024-09-10T22:00:00.000000,NQU4,18834.75,NQU4,18835.0,61.0,-0.25,false
2024-09-11T22:00:00.000000,NQU4,19232.5,NQU4,19248.0,61.0,-15.5,false
2024-09-12T22:00:00.000000,NQU4,19416.0,NQU4,19413.5,61.0,2.5,false
2024-09-15T22:00:00.000000,NQU4,19518.25,NQU4,19503.5,2941.0,14.75,false
2024-09-16T22:00:00.000000,NQZ4,19661.75,NQZ4,19650.25,61.0,11.5,false
2024-09-17T22:00:00.000000,NQZ4,19681.5,NQZ4,19686.25,61.0,-4.75,false
2024-09-18T22:00:00.000000,NQZ4,19645.0,NQZ4,19632.75,61.0,12.25,false
2024-09-19T22:00:00.000000,NQZ4,20067.25,NQZ4,20062.75,61.0,4.5,false
2024-09-22T22:00:00.000000,NQZ4,20020.0,NQZ4,20015.5,2941.0,4.5,false
2024-09-23T22:00:00.000000,NQZ4,20060.75,NQZ4,20063.25,61.0,-2.5,false
2024-09-24T22:00:00.000000,NQZ4,20183.5,NQZ4,20185.25,61.0,-1.75,false
2024-09-25T22:00:00.000000,NQZ4,20240.0,NQZ4,20242.0,61.0,-2.0,false
2024-09-26T22:00:00.000000,NQZ4,20348.5,NQZ4,20345.75,61.0,2.75,false
2024-09-29T22:00:00.000000,NQZ4,20204.5,NQZ4,20193.0,2941.0,11.5,false
2024-09-30T22:00:00.000000,NQZ4,20242.25,NQZ4,20233.25,61.0,9.0,false
2024-10-01T22:00:00.000000,NQZ4,19979.5,NQZ4,19962.25,61.0,17.25,false
2024-10-02T22:00:00.000000,NQZ4,20053.5,NQZ4,20056.25,61.0,-2.75,false
2024-10-03T22:00:00.000000,NQZ4,19957.25,NQZ4,19958.25,61.0,-1.0,false
2024-10-06T22:00:00.000000,NQZ4,20235.0,NQZ4,20202.25,2941.0,32.75,false
2024-10-07T22:00:00.000000,NQZ4,20027.75,NQZ4,20017.0,61.0,10.75,false
2024-10-08T22:00:00.000000,NQZ4,20284.75,NQZ4,20286.25,61.0,-1.5,false
2024-10-09T22:00:00.000000,NQZ4,20442.25,NQZ4,20449.25,61.0,-7.0,false
2024-10-10T22:00:00.000000,NQZ4,20430.75,NQZ4,20433.0,61.0,-2.25,false
2024-10-13T22:00:00.000000,NQZ4,20428.0,NQZ4,20413.25,2941.0,14.75,false
2024-10-14T22:00:00.000000,NQZ4,20628.25,NQZ4,20638.5,61.0,-10.25,false
2024-10-15T22:00:00.000000,NQZ4,20336.5,NQZ4,20333.25,61.0,3.25,false
2024-10-16T22:00:00.000000,NQZ4,20334.0,NQZ4,20328.0,61.0,6.0,false
2024-10-17T22:00:00.000000,NQZ4,20390.0,NQZ4,20383.5,61.0,6.5,false
2024-10-20T22:00:00.000000,NQZ4,20504.0,NQZ4,20484.25,2941.0,19.75,false
2024-10-21T22:00:00.000000,NQZ4,20536.5,NQZ4,20538.75,61.0,-2.25,false
2024-10-22T22:00:00.000000,NQZ4,20506.25,NQZ4,20519.0,61.0,-12.75,false
2024-10-23T22:00:00.000000,NQZ4,20294.0,NQZ4,20274.5,61.0,19.5,false
2024-10-24T22:00:00.000000,NQZ4,20386.5,NQZ4,20391.0,61.0,-4.5,false
2024-10-27T22:00:00.000000,NQZ4,20564.5,NQZ4,20476.0,2941.0,88.5,false
2024-10-28T22:00:00.000000,NQZ4,20512.5,NQZ4,20507.25,61.0,5.25,false
2024-10-29T22:00:00.000000,NQZ4,20721.5,NQZ4,20708.25,61.0,13.25,false
2024-10-30T22:00:00.000000,NQZ4,20494.5,NQZ4,20507.0,61.0,-12.5,false
2024-10-31T22:00:00.000000,NQZ4,20084.5,NQZ4,20043.0,61.0,41.5,false
2024-11-03T23:00:00.000000,NQZ4,20095.0,NQZ4,20170.25,3001.0,-75.25,false
2024-11-04T23:00:00.000000,NQZ4,20118.75,NQZ4,20114.5,61.0,4.25,false
2024-11-05T23:00:00.000000,NQZ4,20356.0,NQZ4,20362.75,61.0,-6.75,false
2024-11-06T23:00:00.000000,NQZ4,20910.0,NQZ4,20922.5,61.0,-12.5,false
2024-11-07T23:00:00.000000,NQZ4,21216.0,NQZ4,21225.25,61.0,-9.25,false
2024-11-10T23:00:00.000000,NQZ4,21267.0,NQZ4,21226.75,2941.0,40.25,false
2024-11-11T23:00:00.000000,NQZ4,21209.0,NQZ4,21210.25,61.0,-1.25,false
2024-11-12T23:00:00.000000,NQZ4,21168.0,NQZ4,21178.0,61.0,-10.0,false
2024-11-13T23:00:00.000000,NQZ4,21150.75,NQZ4,21166.0,61.0,-15.25,false
2024-11-14T23:00:00.000000,NQZ4,20965.5,NQZ4,20981.75,61.0,-16.25,false
2024-11-17T23:00:00.000000,NQZ4,20496.5,NQZ4,20503.25,2941.0,-6.75,false
2024-11-18T23:00:00.000000,NQZ4,20619.75,NQZ4,20630.5,61.0,-10.75,false
2024-11-19T23:00:00.000000,NQZ4,20755.75,NQZ4,20754.5,61.0,1.25,false
2024-11-20T23:00:00.000000,NQZ4,20723.0,NQZ4,20738.75,61.0,-15.75,false
2024-11-21T23:00:00.000000,NQZ4,20772.75,NQZ4,20793.75,61.0,-21.0,false
2024-11-24T23:00:00.000000,NQZ4,20939.5,NQZ4,20878.75,2941.0,60.75,false
2024-11-25T23:00:00.000000,NQZ4,20912.0,NQZ4,20899.5,61.0,12.5,false
2024-11-26T23:00:00.000000,NQZ4,20971.0,NQZ4,20998.75,61.0,-27.75,false
2024-11-27T23:00:00.000000,NQZ4,20820.0,NQZ4,20806.5,61.0,13.5,false
2024-11-28T23:00:00.000000,NQZ4,20884.75,NQZ4,20890.0,301.0,-5.25,false
2024-12-01T23:00:00.000000,NQZ4,20998.0,NQZ4,20991.25,3166.0,6.75,false
2024-12-02T23:00:00.000000,NQZ4,21207.0,NQZ4,21211.0,61.0,-4.0,false
2024-12-03T23:00:00.000000,NQZ4,21312.75,NQZ4,21324.25,61.0,-11.5,false
2024-12-04T23:00:00.000000,NQZ4,21506.75,NQZ4,21517.0,61.0,-10.25,false
2024-12-05T23:00:00.000000,NQZ4,21454.25,NQZ4,21453.25,61.0,1.0,false
2024-12-08T23:00:00.000000,NQZ4,21628.0,NQZ4,21634.0,2941.0,-6.0,false
2024-12-09T23:00:00.000000,NQZ4,21476.5,NQZ4,21473.25,61.0,3.25,false
2024-12-10T23:00:00.000000,NQZ4,21436.5,NQZ4,21434.75,61.0,1.75,false
2024-12-11T23:00:00.000000,NQZ4,21757.25,NQZ4,21755.75,61.0,1.5,false
2024-12-12T23:00:00.000000,NQZ4,21732.25,NQZ4,21630.25,61.0,102.0,false
2024-12-15T23:00:00.000000,NQZ4,21772.25,NQZ4,21760.5,2941.0,11.75,false
2024-12-16T23:00:00.000000,NQZ4,22109.25,NQZ4,22111.75,61.0,-2.5,false
2024-12-17T23:00:00.000000,NQH5,22281.25,NQH5,22304.75,61.0,-23.5,false
2024-12-18T23:00:00.000000,NQH5,21488.0,NQH5,21459.5,61.0,28.5,false
2024-12-19T23:00:00.000000,NQH5,21419.0,NQH5,21408.25,61.0,10.75,false
2024-12-22T23:00:00.000000,NQH5,21645.75,NQH5,21552.5,2941.0,93.25,false
2024-12-23T23:00:00.000000,NQH5,21746.5,NQH5,21737.25,61.0,9.25,false
2024-12-25T23:00:00.000000,NQH5,22057.0,NQH5,22046.5,1726.0,10.5,false
2024-12-26T23:00:00.000000,NQH5,21996.0,NQH5,21984.25,61.0,11.75,false
2024-12-29T23:00:00.000000,NQH5,21735.0,NQH5,21719.75,2941.0,15.25,false
2024-12-30T23:00:00.000000,NQH5,21388.25,NQH5,21388.25,61.0,0.0,false
2025-01-01T23:00:00.000000,NQH5,21261.25,NQH5,21234.25,1501.0,27.0,false
2025-01-02T23:00:00.000000,NQH5,21184.5,NQH5,21182.5,61.0,2.0,false
2025-01-05T23:00:00.000000,NQH5,21529.75,NQH5,21493.0,2941.0,36.75,false
2025-01-06T23:00:00.000000,NQH5,21784.5,NQH5,21780.5,61.0,4.0,false
2025-01-07T23:00:00.000000,NQH5,21365.5,NQH5,21375.5,61.0,-10.0,false
2025-01-08T23:00:00.000000,NQH5,21326.25,NQH5,21325.5,61.0,0.75,false
2025-01-09T23:00:00.000000,NQH5,21304.75,NQH5,21301.5,511.0,3.25,false
2025-01-12T23:00:00.000000,NQH5,20992.5,NQH5,20997.75,2941.0,-5.25,false
2025-01-13T23:00:00.000000,NQH5,21028.5,NQH5,20992.25,61.0,36.25,false
2025-01-14T23:00:00.000000,NQH5,20969.75,NQH5,20977.5,61.0,-7.75,false
2025-01-15T23:00:00.000000,NQH5,21385.0,NQH5,21376.75,61.0,8.25,false
2025-01-16T23:00:00.000000,NQH5,21219.75,NQH5,21214.25,61.0,5.5,false
2025-01-19T23:00:00.000000,NQH5,21607.0,NQH5,21589.0,2941.0,18.0,false
2025-01-20T23:00:00.000000,NQH5,21693.25,NQH5,21683.0,301.0,10.25,false
2025-01-21T23:00:00.000000,NQH5,21785.75,NQH5,21772.5,61.0,13.25,false
2025-01-22T23:00:00.000000,NQH5,21978.0,NQH5,21985.0,61.0,-7.0,false
2025-01-23T23:00:00.000000,NQH5,22008.25,NQH5,22021.75,61.0,-13.5,false
2025-01-26T23:00:00.000000,NQH5,21694.5,NQH5,21907.75,2941.0,-213.25,false
2025-01-27T23:00:00.000000,NQH5,21354.0,NQH5,21304.5,61.0,49.5,false
2025-01-28T23:00:00.000000,NQH5,21535.0,NQH5,21558.5,61.0,-23.5,false
2025-01-29T23:00:00.000000,NQH5,21536.5,NQH5,21572.25,61.0,-35.75,false
2025-01-30T23:00:00.000000,NQH5,21689.75,NQH5,21608.75,61.0,81.0,false
2025-02-02T23:00:00.000000,NQH5,20986.5,NQH5,21571.0,2941.0,-584.5,false
2025-02-03T23:00:00.000000,NQH5,21583.25,NQH5,21553.25,61.0,30.0,false
2025-02-04T23:00:00.000000,NQH5,21582.0,NQH5,21583.5,61.0,-1.5,false
2025-02-05T23:00:00.000000,NQH5,21757.25,NQH5,21770.5,61.0,-13.25,false
2025-02-06T23:00:00.000000,NQH5,21821.0,NQH5,21845.25,61.0,-24.25,false
2025-02-09T23:00:00.000000,NQH5,21505.75,NQH5,21575.25,2941.0,-69.5,false
2025-02-10T23:00:00.000000,NQH5,21822.0,NQH5,21837.0,61.0,-15.0,false
2025-02-11T23:00:00.000000,NQH5,21810.0,NQH5,21792.5,61.0,17.5,false
2025-02-12T23:00:00.000000,NQH5,21857.0,NQH5,21861.75,61.0,-4.75,false
2025-02-13T23:00:00.000000,NQH5,22086.0,NQH5,22075.0,61.0,11.0,false
2025-02-16T23:00:00.000000,NQH5,22224.0,NQH5,22203.5,2941.0,20.5,false
2025-02-17T23:00:00.000000,NQH5,22231.0,NQH5,22235.25,301.0,-4.25,false
2025-02-18T23:00:00.000000,NQH5,22241.0,NQH5,22224.25,61.0,16.75,false
2025-02-19T23:00:00.000000,NQH5,22227.25,NQH5,22222.25,61.0,5.0,false
2025-02-20T23:00:00.000000,NQH5,22137.75,NQH5,22135.75,61.0,2.0,false
2025-02-23T23:00:00.000000,NQH5,21706.75,NQH5,21660.0,2941.0,46.75,false
2025-02-24T23:00:00.000000,NQH5,21441.25,NQH5,21427.25,61.0,14.0,false
2025-02-25T23:00:00.000000,NQH5,21237.5,NQH5,21196.0,61.0,41.5,false
2025-02-26T23:00:00.000000,NQH5,21250.25,NQH5,21272.75,61.0,-22.5,false
2025-02-27T23:00:00.000000,NQH5,20666.5,NQH5,20633.25,61.0,33.25,false
2025-03-02T23:00:00.000000,NQH5,20992.5,NQH5,20909.0,2941.0,83.5,false
2025-03-03T23:00:00.000000,NQH5,20497.5,NQH5,20530.75,61.0,-33.25,false
2025-03-04T23:00:00.000000,NQH5,20539.75,NQH5,20537.0,61.0,2.75,false
2025-03-05T23:00:00.000000,NQH5,20614.0,NQH5,20611.75,61.0,2.25,false
2025-03-06T23:00:00.000000,NQH5,20207.5,NQH5,20173.5,61.0,34.0,false
2025-03-09T22:00:00.000000,NQH5,20083.75,NQH5,20207.25,2881.0,-123.5,false
2025-03-10T22:00:00.000000,NQH5,19440.75,NQH5,19472.0,61.0,-31.25,false
2025-03-11T22:00:00.000000,NQH5,19423.0,NQH5,19401.25,61.0,21.75,false
2025-03-12T22:00:00.000000,NQH5,19572.25,NQH5,19572.75,61.0,-0.5,false
2025-03-13T22:00:00.000000,NQH5,19315.0,NQH5,19293.0,61.0,22.0,false
2025-03-16T22:00:00.000000,NQH5,19674.0,NQH5,19667.5,2941.0,6.5,false
2025-03-17T22:00:00.000000,NQH5,19840.25,NQH5,19831.25,61.0,9.0,false
2025-03-18T22:00:00.000000,NQM5,19699.0,NQM5,19704.0,61.0,-5.0,false
2025-03-19T22:00:00.000000,NQM5,19959.25,NQM5,19945.0,61.0,14.25,false
2025-03-20T22:00:00.000000,NQM5,19896.0,NQM5,19894.25,61.0,1.75,false
2025-03-23T22:00:00.000000,NQM5,20066.75,NQM5,19970.75,2941.0,96.0,false
2025-03-24T22:00:00.000000,NQM5,20360.75,NQM5,20357.25,61.0,3.5,false
2025-03-25T22:00:00.000000,NQM5,20509.75,NQM5,20517.25,61.0,-7.5,false
2025-03-26T22:00:00.000000,NQM5,20047.75,NQM5,20090.5,61.0,-42.75,false
2025-03-27T22:00:00.000000,NQM5,19993.0,NQM5,19997.25,61.0,-4.25,false
2025-03-30T22:00:00.000000,NQM5,19298.25,NQM5,19361.0,2941.0,-62.75,false
2025-03-31T22:00:00.000000,NQM5,19404.75,NQM5,19413.0,61.0,-8.25,false
2025-04-01T22:00:00.000000,NQM5,19607.5,NQM5,19598.0,61.0,9.5,false
2025-04-02T22:02:00.000000,NQM5,18964.75,NQM5,19152.25,63.0,-187.5,false
2025-04-03T22:00:00.000000,NQM5,18670.75,NQM5,18648.5,61.0,22.25,false
2025-04-06T22:00:00.000000,NQM5,16706.5,NQM5,17483.25,2941.0,-776.75,false
2025-04-07T22:00:00.000000,NQM5,17675.25,NQM5,17628.75,61.0,46.5,false
2025-04-08T22:00:00.000000,NQM5,17207.75,NQM5,17232.0,61.0,-24.25,false
2025-04-09T22:00:00.000000,NQM5,19271.75,NQM5,19353.5,61.0,-81.75,false
2025-04-10T22:00:00.000000,NQM5,18515.75,NQM5,18501.5,61.0,14.25,false
2025-04-13T22:00:00.000000,NQM5,19104.5,NQM5,18820.5,2941.0,284.0,false
2025-04-14T22:00:00.000000,NQM5,18892.0,NQM5,18902.5,61.0,-10.5,false
2025-04-15T22:00:00.000000,NQM5,18712.0,NQM5,18938.0,61.0,-226.0,false
2025-04-16T22:00:00.000000,NQM5,18399.5,NQM5,18369.25,61.0,30.25,false
2025-04-20T22:00:00.000000,NQM5,18348.75,NQM5,18427.75,4381.0,-79.0,false
2025-04-21T22:00:00.000000,NQM5,17908.5,NQM5,17914.0,61.0,-5.5,false
2025-04-22T22:00:00.000000,NQM5,18680.5,NQM5,18359.0,61.0,321.5,false
2025-04-23T22:00:00.000000,NQM5,18788.5,NQM5,18850.0,61.0,-61.5,false
2025-04-24T22:00:00.000000,NQM5,19379.25,NQM5,19347.5,61.0,31.75,false
2025-04-27T22:00:00.000000,NQM5,19504.0,NQM5,19554.75,2941.0,-50.75,false
2025-04-28T22:00:00.000000,NQM5,19471.75,NQM5,19483.75,61.0,-12.0,false
2025-04-29T22:00:00.000000,NQM5,19583.0,NQM5,19614.25,61.0,-31.25,false
2025-04-30T22:00:00.000000,NQM5,19849.75,NQM5,19848.5,61.0,1.25,false
2025-05-01T22:00:00.000000,NQM5,19792.0,NQM5,19799.0,61.0,-7.0,false
2025-05-04T22:00:00.000000,NQM5,20163.5,NQM5,20204.5,2941.0,-41.0,false
2025-05-05T22:00:00.000000,NQM5,20026.0,NQM5,20042.25,61.0,-16.25,false
2025-05-06T22:00:00.000000,NQM5,19951.0,NQM5,19846.75,61.0,104.25,false
2025-05-07T22:00:00.000000,NQM5,19931.5,NQM5,19957.5,61.0,-26.0,false
2025-05-08T22:00:00.000000,NQM5,20174.5,NQM5,20156.25,61.0,18.25,false
2025-05-11T22:00:00.000000,NQM5,20441.25,NQM5,20146.5,2941.0,294.75,false
2025-05-12T22:00:00.000000,NQM5,20935.25,NQM5,20957.0,61.0,-21.75,false
2025-05-13T22:00:00.000000,NQM5,21263.0,NQM5,21254.75,61.0,8.25,false
2025-05-14T22:00:00.000000,NQM5,21367.25,NQM5,21399.75,61.0,-32.5,false
2025-05-15T22:00:00.000000,NQM5,21384.75,NQM5,21396.5,61.0,-11.75,false
2025-05-18T22:00:00.000000,NQM5,21337.75,NQM5,21400.25,2941.0,-62.5,false
2025-05-19T22:00:00.000000,NQM5,21502.75,NQM5,21517.0,61.0,-14.25,false
2025-05-20T22:00:00.000000,NQM5,21407.0,NQM5,21420.0,61.0,-13.0,false
2025-05-21T22:00:00.000000,NQM5,21162.0,NQM5,21145.5,61.0,16.5,false
2025-05-22T22:00:00.000000,NQM5,21228.5,NQM5,21214.5,61.0,14.0,false
2025-05-25T22:00:00.000000,NQM5,20963.75,NQM5,20953.25,2941.0,10.5,false
2025-05-26T22:00:00.000000,NQM5,21273.5,NQM5,21283.5,301.0,-10.0,false
2025-05-27T22:00:00.000000,NQM5,21468.5,NQM5,21477.0,61.0,-8.5,false
2025-05-28T22:00:00.000000,NQM5,21495.0,NQM5,21525.0,61.0,-30.0,false
2025-05-29T22:00:00.000000,NQM5,21355.75,NQM5,21385.0,61.0,-29.25,false
2025-06-01T22:00:00.000000,NQM5,21311.0,NQM5,21369.0,2941.0,-58.0,false
2025-06-02T22:00:00.000000,NQM5,21544.25,NQM5,21554.5,61.0,-10.25,false
2025-06-03T22:00:00.000000,NQM5,21694.5,NQM5,21688.0,61.0,6.5,false
2025-06-04T22:00:00.000000,NQM5,21736.0,NQM5,21748.0,61.0,-12.0,false
2025-06-05T22:00:00.000000,NQM5,21488.0,NQM5,21515.0,61.0,-27.0,false
2025-06-08T22:00:00.000000,NQM5,21809.5,NQM5,21809.5,2941.0,0.0,false
2025-06-09T22:00:00.000000,NQM5,21827.0,NQM5,21822.25,61.0,4.75,false
2025-06-10T22:00:00.000000,NQM5,21953.5,NQM5,21951.0,61.0,2.5,false
2025-06-11T22:00:00.000000,NQM5,21853.25,NQM5,21883.25,61.0,-30.0,false
2025-06-12T22:00:00.000000,NQM5,21900.5,NQM5,21909.0,61.0,-8.5,false
2025-06-15T22:00:00.000000,NQM5,21559.0,NQM5,21652.0,2941.0,-93.0,false
2025-06-16T22:00:00.000000,NQU5,22170.0,NQU5,22162.75,61.0,7.25,false
2025-06-17T22:00:00.000000,NQU5,21937.75,NQU5,21952.0,61.0,-14.25,false
2025-06-18T22:00:00.000000,NQU5,21956.25,NQU5,21961.75,61.0,-5.5,false
2025-06-19T22:00:00.000000,NQU5,21805.0,NQU5,21703.0,301.0,102.0,false
2025-06-22T22:00:00.000000,NQU5,21664.25,NQU5,21874.0,2941.0,-209.75,false
2025-06-23T22:00:00.000000,NQU5,22068.5,NQU5,22072.25,61.0,-3.75,false
2025-06-24T22:00:00.000000,NQU5,22400.25,NQU5,22407.75,61.0,-7.5,false
2025-06-25T22:00:00.000000,NQU5,22460.75,NQU5,22472.5,61.0,-11.75,false
2025-06-26T22:00:00.000000,NQU5,22677.25,NQU5,22672.5,61.0,4.75,false
2025-06-29T22:00:00.000000,NQU5,22766.5,NQU5,22740.25,2941.0,26.25,false
2025-06-30T22:00:00.000000,NQU5,22859.75,NQU5,22866.75,61.0,-7.0,false
2025-07-01T22:00:00.000000,NQU5,22697.75,NQU5,22691.75,61.0,6.0,false
2025-07-02T22:00:00.000000,NQU5,22848.25,NQU5,22852.75,61.0,-4.5,false
2025-07-03T22:00:00.000000,NQU5,23036.0,NQU5,23059.0,286.0,-23.0,false
2025-07-06T22:00:00.000000,NQU5,22993.25,NQU5,22906.75,3181.0,86.5,false
2025-07-07T22:00:00.000000,NQU5,22848.0,NQU5,22839.0,61.0,9.0,false
2025-07-08T22:00:00.000000,NQU5,22914.75,NQU5,22903.25,61.0,11.5,false
2025-07-09T22:00:00.000000,NQU5,23035.25,NQU5,23043.5,61.0,-8.25,false
2025-07-10T22:00:00.000000,NQU5,23015.25,NQU5,23010.0,61.0,5.25,false
2025-07-13T22:00:00.000000,NQU5,22842.0,NQU5,22938.0,2941.0,-96.0,false
2025-07-14T22:00:00.000000,NQU5,23026.25,NQU5,23036.25,61.0,-10.0,false
2025-07-15T22:00:00.000000,NQU5,23028.0,NQU5,23017.75,61.0,10.25,false
2025-07-16T22:00:00.000000,NQU5,23064.75,NQU5,23063.25,61.0,1.5,false
2025-07-17T22:00:00.000000,NQU5,23252.0,NQU5,23265.5,61.0,-13.5,false
2025-07-20T22:00:00.000000,NQU5,23216.0,NQU5,23228.5,2941.0,-12.5,false
2025-07-21T22:00:00.000000,NQU5,23343.75,NQU5,23347.0,61.0,-3.25,false
2025-07-22T22:00:00.000000,NQU5,23202.75,NQU5,23199.0,61.0,3.75,false
2025-07-23T22:00:00.000000,NQU5,23392.25,NQU5,23411.25,61.0,-19.0,false
2025-07-24T22:00:00.000000,NQU5,23388.0,NQU5,23395.0,61.0,-7.0,false
2025-07-27T22:00:00.000000,NQU5,23535.25,NQU5,23447.75,2941.0,87.5,false
2025-07-28T22:00:00.000000,NQU5,23505.25,NQU5,23509.25,61.0,-4.0,false
2025-07-29T22:00:00.000000,NQU5,23460.0,NQU5,23452.0,61.0,8.0,false
2025-07-30T22:00:00.000000,NQU5,23692.0,NQU5,23661.75,61.0,30.25,false
2025-07-31T22:00:00.000000,NQU5,23316.0,NQU5,23329.5,61.0,-13.5,false
2025-08-03T22:00:00.000000,NQU5,22876.75,NQU5,22870.0,2941.0,6.75,false
2025-08-04T22:00:00.000000,NQU5,23338.75,NQU5,23350.75,61.0,-12.0,false
2025-08-05T22:00:00.000000,NQU5,23106.0,NQU5,23092.0,61.0,14.0,false
2025-08-06T22:00:00.000000,NQU5,23404.25,NQU5,23413.25,61.0,-9.0,false
2025-08-07T22:00:00.000000,NQU5,23520.0,NQU5,23521.75,61.0,-1.75,false
2025-08-10T22:00:00.000000,NQU5,23759.25,NQU5,23765.5,2941.0,-6.25,false
2025-08-11T22:00:00.000000,NQU5,23638.5,NQU5,23629.5,61.0,9.0,false
2025-08-12T22:00:00.000000,NQU5,23935.75,NQU5,23949.5,61.0,-13.75,false
2025-08-13T22:00:00.000000,NQU5,23925.0,NQU5,23927.75,61.0,-2.75,false
2025-08-14T22:00:00.000000,NQU5,23883.0,NQU5,23891.5,61.0,-8.5,false
2025-08-17T22:00:00.000000,NQU5,23822.5,NQU5,23796.75,2941.0,25.75,false
2025-08-18T22:00:00.000000,NQU5,23798.0,NQU5,23788.0,61.0,10.0,false
2025-08-19T22:00:00.000000,NQU5,23475.25,NQU5,23473.5,61.0,1.75,false
2025-08-20T22:00:00.000000,NQU5,23336.0,NQU5,23319.0,61.0,17.0,false
2025-08-21T22:00:00.000000,NQU5,23232.75,NQU5,23221.75,61.0,11.0,false
2025-08-24T22:00:00.000000,NQU5,23588.25,NQU5,23582.75,2941.0,5.5,false
2025-08-25T22:00:00.000000,NQU5,23501.5,NQU5,23502.25,61.0,-0.75,false
2025-08-26T22:00:00.000000,NQU5,23613.0,NQU5,23607.5,61.0,5.5,false
2025-08-27T22:00:00.000000,NQU5,23533.25,NQU5,23542.0,61.0,-8.75,false
2025-08-28T22:00:00.000000,NQU5,23755.75,NQU5,23762.0,61.0,-6.25,false
2025-08-31T22:00:00.000000,NQU5,23466.75,NQU5,23454.5,2941.0,12.25,false
2025-09-01T22:00:00.000000,NQU5,23494.25,NQU5,23502.25,301.0,-8.0,false
2025-09-02T22:00:00.000000,NQU5,23374.75,NQU5,23379.5,61.0,-4.75,false
2025-09-03T22:00:00.000000,NQU5,23444.5,NQU5,23455.75,61.0,-11.25,false
2025-09-04T22:00:00.000000,NQU5,23700.25,NQU5,23684.0,61.0,16.25,false
2025-09-07T22:00:00.000000,NQU5,23668.0,NQU5,23673.25,2941.0,-5.25,false
2025-09-08T22:00:00.000000,NQU5,23806.25,NQU5,23798.5,61.0,7.75,false
2025-09-09T22:00:00.000000,NQU5,23904.5,NQU5,23889.75,61.0,14.75,false
2025-09-10T22:00:00.000000,NQU5,23864.75,NQU5,23858.0,61.0,6.75,false
2025-09-11T22:00:00.000000,NQU5,24014.5,NQU5,24006.75,61.0,7.75,false
2025-09-14T22:00:00.000000,NQU5,24112.75,NQU5,24115.25,2941.0,-2.5,false
2025-09-15T22:00:00.000000,NQZ5,24537.0,NQZ5,24538.0,61.0,-1.0,false
2025-09-16T22:00:00.000000,NQZ5,24531.5,NQZ5,24530.25,61.0,1.25,false
2025-09-17T22:00:00.000000,NQZ5,24502.0,NQZ5,24502.0,61.0,0.0,false
2025-09-18T22:00:00.000000,NQZ5,24722.25,NQZ5,24713.75,61.0,8.5,false
2025-09-21T22:00:00.000000,NQZ5,24856.25,NQZ5,24861.0,2941.0,-4.75,false
2025-09-22T22:00:00.000000,NQZ5,24989.25,NQZ5,24996.25,61.0,-7.0,false
2025-09-23T22:00:00.000000,NQZ5,24850.0,NQZ5,24833.75,61.0,16.25,false
2025-09-24T22:00:00.000000,NQZ5,24749.0,NQZ5,24747.5,61.0,1.5,false
2025-09-25T22:00:00.000000,NQZ5,24632.5,NQZ5,24635.5,61.0,-3.0,false
2025-09-28T22:00:00.000000,NQZ5,24731.5,NQZ5,24726.5,2941.0,5.0,false
2025-09-29T22:00:00.000000,NQZ5,24821.0,NQZ5,24811.25,61.0,9.75,false
2025-09-30T22:00:00.000000,NQZ5,24849.25,NQZ5,24838.25,61.0,11.0,false
2025-10-01T22:00:00.000000,NQZ5,25006.5,NQZ5,25009.25,61.0,-2.75,false
2025-10-02T22:00:00.000000,NQZ5,25096.0,NQZ5,25105.0,61.0,-9.0,false
2025-10-05T22:00:00.000000,NQZ5,25021.0,NQZ5,24982.0,2941.0,39.0,false
2025-10-06T22:00:00.000000,NQZ5,25192.75,NQZ5,25184.0,61.0,8.75,false
2025-10-07T22:00:00.000000,NQZ5,25066.75,NQZ5,25054.75,61.0,12.0,false
2025-10-08T22:00:00.000000,NQZ5,25345.5,NQZ5,25354.0,61.0,-8.5,false
2025-10-09T22:00:00.000000,NQZ5,25298.0,NQZ5,25287.25,61.0,10.75,false
2025-10-12T22:00:00.000000,NQZ5,24735.5,NQZ5,24188.0,2941.0,547.5,false
2025-10-13T22:00:00.000000,NQZ5,24913.5,NQZ5,24904.5,61.0,9.0,false
2025-10-14T22:00:00.000000,NQZ5,24792.0,NQZ5,24756.25,61.0,35.75,false
2025-10-15T22:00:00.000000,NQZ5,24945.0,NQZ5,24941.25,61.0,3.75,false
2025-10-16T22:00:00.000000,NQZ5,24820.25,NQZ5,24794.25,61.0,26.0,false
2025-10-19T22:00:00.000000,NQZ5,25078.0,NQZ5,25033.5,2941.0,44.5,false
2025-10-20T22:00:00.000000,NQZ5,25324.5,NQZ5,25326.75,61.0,-2.25,false
2025-10-21T22:00:00.000000,NQZ5,25280.25,NQZ5,25265.25,61.0,15.0,false
2025-10-22T22:00:00.000000,NQZ5,25002.5,NQZ5,25040.0,61.0,-37.5,false
2025-10-23T22:00:00.000000,NQZ5,25291.25,NQZ5,25278.0,61.0,13.25,false
2025-10-26T22:00:00.000000,NQZ5,25724.0,NQZ5,25510.25,2941.0,213.75,false
2025-10-27T22:00:00.000000,NQZ5,25994.0,NQZ5,26003.75,61.0,-9.75,false
2025-10-28T22:00:00.000000,NQZ5,26178.75,NQZ5,26172.5,61.0,6.25,false
2025-10-29T22:00:00.000000,NQZ5,26193.5,NQZ5,26221.0,61.0,-27.5,false
2025-10-30T22:00:00.000000,NQZ5,26179.75,NQZ5,26149.25,61.0,30.5,false
2025-11-02T23:00:00.000000,NQZ5,26031.25,NQZ5,25983.0,3001.0,48.25,false
2025-11-03T23:00:00.000000,NQZ5,26094.5,NQZ5,26109.5,61.0,-15.0,false
2025-11-04T23:00:00.000000,NQZ5,25559.5,NQZ5,25577.0,61.0,-17.5,false
2025-11-05T23:00:00.000000,NQZ5,25753.25,NQZ5,25729.0,61.0,24.25,false
2025-11-06T23:00:00.000000,NQZ5,25282.25,NQZ5,25311.5,61.0,-29.25,false
2025-11-09T23:00:00.000000,NQZ5,25351.75,NQZ5,25226.75,2941.0,125.0,false
2025-11-10T23:00:00.000000,NQZ5,25722.25,NQZ5,25720.75,61.0,1.5,false
2025-11-11T23:00:00.000000,NQZ5,25669.75,NQZ5,25659.0,61.0,10.75,false
2025-11-12T23:00:00.000000,NQZ5,25620.0,NQZ5,25625.0,61.0,-5.0,false
2025-11-13T23:00:00.000000,NQZ5,25113.75,NQZ5,25087.5,61.0,26.25,false
2025-11-16T23:00:00.000000,NQZ5,25085.75,NQZ5,25147.5,2941.0,-61.75,false
2025-11-17T23:00:00.000000,NQZ5,24912.75,NQZ5,24905.5,61.0,7.25,false
2025-11-18T23:00:00.000000,NQZ5,24553.0,NQZ5,24531.25,61.0,21.75,false
2025-11-19T23:00:00.000000,NQZ5,24979.25,NQZ5,24958.75,61.0,20.5,false
2025-11-20T23:00:00.000000,NQZ5,24110.0,NQZ5,24073.75,61.0,36.25,false
2025-11-23T23:00:00.000000,NQZ5,24510.0,NQZ5,24349.0,2941.0,161.0,false
2025-11-24T23:00:00.000000,NQZ5,24973.0,NQZ5,24962.75,61.0,10.25,false
2025-11-25T23:00:00.000000,NQZ5,25070.25,NQZ5,25064.5,61.0,5.75,false
2025-11-26T23:00:00.000000,NQZ5,25333.25,NQZ5,25314.0,61.0,19.25,false
2025-11-27T23:00:00.000000,NQZ5,25312.5,NQZ5,25301.75,301.0,10.75,false
2025-11-28T13:30:00.000000,NQZ5,25363.0,NQZ5,25347.75,646.0,15.25,false
2025-11-30T23:00:00.000000,NQZ5,25514.0,NQZ5,25484.5,3166.0,29.5,false
2025-12-01T23:00:00.000000,NQZ5,25418.0,NQZ5,25399.75,61.0,18.25,false
2025-12-02T23:00:00.000000,NQZ5,25625.5,NQZ5,25603.75,61.0,21.75,false
2025-12-03T23:00:00.000000,NQZ5,25651.5,NQZ5,25645.75,61.0,5.75,false
2025-12-04T23:00:00.000000,NQZ5,25638.75,NQZ5,25632.5,61.0,6.25,false
2025-12-07T23:00:00.000000,NQZ5,25751.0,NQZ5,25735.0,2941.0,16.0,false
2025-12-08T23:00:00.000000,NQZ5,25703.75,NQZ5,25706.75,61.0,-3.0,false
2025-12-09T23:00:00.000000,NQZ5,25684.0,NQZ5,25676.25,61.0,7.75,false
2025-12-10T23:00:00.000000,NQZ5,25786.75,NQZ5,25800.5,61.0,-13.75,false
2025-12-11T23:00:00.000000,NQZ5,25713.25,NQZ5,25834.75,61.0,-121.5,false
2025-12-14T23:00:00.000000,NQZ5,25242.0,NQZ5,25202.5,2941.0,39.5,false
2025-12-15T23:00:00.000000,NQH6,25355.0,NQH6,25348.75,61.0,6.25,false
2025-12-16T23:00:00.000000,NQH6,25338.5,NQH6,25321.5,61.0,17.0,false
2025-12-17T23:00:00.000000,NQH6,24986.25,NQH6,24951.75,61.0,34.5,false
2025-12-18T23:00:00.000000,NQH6,25246.5,NQH6,25219.0,61.0,27.5,false
2025-12-21T23:00:00.000000,NQH6,25657.25,NQH6,25597.5,2941.0,59.75,false
2025-12-22T23:00:00.000000,NQH6,25708.5,NQH6,25700.25,61.0,8.25,false
2025-12-23T23:00:00.000000,NQH6,25807.0,NQH6,25811.5,61.0,-4.5,false
2025-12-25T23:00:00.000000,NQH6,25873.75,NQH6,25864.75,1726.0,9.0,false
2025-12-28T23:00:00.000000,NQH6,25873.0,NQH6,25856.0,2941.0,17.0,false
2025-12-29T23:00:00.000000,NQH6,25743.0,NQH6,25744.5,61.0,-1.5,false
2025-12-30T23:00:00.000000,NQH6,25687.25,NQH6,25676.0,61.0,11.25,false
2026-01-01T23:00:00.000000,NQH6,25476.75,NQH6,25434.75,1501.0,42.0,false
2026-01-04T23:00:00.000000,NQH6,25442.0,NQH6,25394.5,2941.0,47.5,false
2026-01-05T23:00:00.000000,NQH6,25591.0,NQH6,25578.25,61.0,12.75,false
2026-01-06T23:00:00.000000,NQH6,25835.0,NQH6,25831.25,61.0,3.75,false
2026-01-07T23:00:00.000000,NQH6,25844.0,NQH6,25835.75,61.0,8.25,false
2026-01-08T23:00:00.000000,NQH6,25718.5,NQH6,25712.0,61.0,6.5,false
2026-01-11T23:00:00.000000,NQH6,25905.0,NQH6,25931.75,2941.0,-26.75,false
2026-01-12T23:00:00.000000,NQH6,25939.0,NQH6,25942.25,61.0,-3.25,false
2026-01-13T23:00:00.000000,NQH6,25911.5,NQH6,25898.25,61.0,13.25,false
2026-01-14T23:00:00.000000,NQH6,25584.75,NQH6,25612.0,61.0,-27.25,false
2026-01-15T23:00:00.000000,NQH6,25719.75,NQH6,25707.0,61.0,12.75,false
2026-01-18T23:00:00.000000,NQH6,25453.0,NQH6,25681.25,2941.0,-228.25,false
2026-01-19T23:00:00.000000,NQH6,25402.75,NQH6,25398.25,301.0,4.5,false
2026-01-20T23:00:00.000000,NQH6,25153.0,NQH6,25142.75,61.0,10.25,false
2026-01-21T23:00:00.000000,NQH6,25546.75,NQH6,25509.5,61.0,37.25,false
2026-01-22T23:00:00.000000,NQH6,25579.25,NQH6,25630.0,61.0,-50.75,false
2026-01-25T23:00:00.000000,NQH6,25475.0,NQH6,25680.5,2941.0,-205.5,false
2026-01-26T23:00:00.000000,NQH6,25845.75,NQH6,25861.25,61.0,-15.5,false
2026-01-27T23:00:00.000000,NQH6,26133.5,NQH6,26110.0,61.0,23.5,false
2026-01-28T23:00:00.000000,NQH6,26282.25,NQH6,26268.25,61.0,14.0,false
2026-01-29T23:00:00.000000,NQH6,25998.5,NQH6,25982.5,61.0,16.0,false
2026-02-01T23:00:00.000000,NQH6,25523.0,NQH6,25639.25,2941.0,-116.25,false
2026-02-02T23:00:00.000000,NQH6,25885.0,NQH6,25873.25,61.0,11.75,false
2026-02-03T23:00:00.000000,NQH6,25385.75,NQH6,25421.25,61.0,-35.5,false
2026-02-04T23:00:00.000000,NQH6,25066.25,NQH6,25116.25,61.0,-50.0,false
2026-02-05T23:00:00.000000,NQH6,24443.0,NQH6,24425.25,61.0,17.75,false
2026-02-08T23:00:00.000000,NQH6,25184.0,NQH6,25107.75,2941.0,76.25,false
2026-02-09T23:00:00.000000,NQH6,25386.25,NQH6,25361.5,61.0,24.75,false
2026-02-10T23:00:00.000000,NQH6,25269.75,NQH6,25257.25,61.0,12.5,false
2026-02-11T23:00:00.000000,NQH6,25267.75,NQH6,25278.75,61.0,-11.0,false
2026-02-12T23:00:00.000000,NQH6,24823.5,NQH6,24822.0,61.0,1.5,false
2026-02-15T23:00:00.000000,NQH6,24828.0,NQH6,24773.5,2941.0,54.5,false
2026-02-16T23:00:00.000000,NQH6,24762.0,NQH6,24747.25,301.0,14.75,false
2026-02-17T23:00:00.000000,NQH6,24765.5,NQH6,24768.25,61.0,-2.75,false
2026-02-18T23:00:00.000000,NQH6,24955.25,NQH6,24936.5,61.0,18.75,false
2026-02-19T23:00:00.000000,NQH6,24833.0,NQH6,24836.0,61.0,-3.0,false
2026-02-22T23:00:00.000000,NQH6,25046.0,NQH6,25077.5,2941.0,-31.5,false
2026-02-23T23:00:00.000000,NQH6,24789.25,NQH6,24786.25,61.0,3.0,false
2026-02-24T23:00:00.000000,NQH6,25012.0,NQH6,25016.25,61.0,-4.25,false
2026-02-25T23:00:00.000000,NQH6,25410.25,NQH6,25461.75,61.0,-51.5,false
2026-02-26T23:00:00.000000,NQH6,24994.75,NQH6,25028.0,61.0,-33.25,false
2026-03-01T23:00:00.000000,NQH6,24709.5,NQH6,24952.75,2941.0,-243.25,false
2026-03-02T23:00:00.000000,NQH6,24984.25,NQH6,24995.75,61.0,-11.5,false
2026-03-03T23:00:00.000000,NQH6,24697.5,NQH6,24709.75,61.0,-12.25,false
2026-03-04T23:00:00.000000,NQH6,25150.25,NQH6,25138.0,61.0,12.25,false
2026-03-05T23:00:00.000000,NQH6,25006.75,NQH6,25010.5,61.0,-3.75,false
2026-03-08T22:00:00.000000,NQH6,24339.5,NQH6,24661.25,2881.0,-321.75,false
2026-03-09T22:00:00.000000,NQH6,24950.0,NQH6,24958.0,61.0,-8.0,false
2026-03-10T22:00:00.000000,NQH6,24992.25,NQH6,25010.5,61.0,-18.25,false
2026-03-11T22:00:00.000000,NQH6,24930.0,NQH6,24945.5,61.0,-15.5,false
2026-03-12T22:00:00.000000,NQH6,24550.75,NQH6,24568.5,61.0,-17.75,false
2026-03-15T22:00:00.000000,NQH6,24335.25,NQH6,24335.25,2941.0,0.0,false
2026-03-16T22:00:00.000000,NQM6,24853.5,NQM6,24872.25,61.0,-18.75,false
2026-03-17T22:00:00.000000,NQM6,25013.75,NQM6,25027.5,61.0,-13.75,false
2026-03-18T22:00:00.000000,NQM6,24616.0,NQM6,24606.25,61.0,9.75,false
2026-03-19T22:00:00.000000,NQM6,24650.5,NQM6,24617.0,61.0,33.5,false
2026-03-22T22:00:00.000000,NQM6,23945.75,NQM6,24217.25,2941.0,-271.5,false
2026-03-23T22:00:00.000000,NQM6,24400.5,NQM6,24400.0,61.0,0.5,false
2026-03-24T22:00:00.000000,NQM6,24425.0,NQM6,24403.75,61.0,21.25,false
2026-03-25T22:00:00.000000,NQM6,24357.0,NQM6,24367.75,61.0,-10.75,false
2026-03-26T22:00:00.000000,NQM6,23846.5,NQM6,23822.0,61.0,24.5,false
2026-03-29T22:00:00.000000,NQM6,23175.25,NQM6,23254.25,2941.0,-79.0,false
2026-03-30T22:00:00.000000,NQM6,23132.75,NQM6,23106.25,61.0,26.5,false
2026-03-31T22:00:00.000000,NQM6,23905.75,NQM6,23905.5,61.0,0.25,false
2026-04-01T22:00:00.000000,NQM6,24175.5,NQM6,24187.25,61.0,-11.75,false
2026-04-02T22:00:00.000000,NQM6,24206.0,NQM6,24219.5,61.0,-13.5,false
2026-04-05T22:00:00.000000,NQM6,24035.25,NQM6,24129.75,3406.0,-94.5,false
2026-04-06T22:00:00.000000,NQM6,24358.25,NQM6,24349.75,61.0,8.5,false
2026-04-07T22:00:00.000000,NQM6,24601.0,NQM6,24399.25,61.0,201.75,false
2026-04-08T22:00:00.000000,NQM6,25057.5,NQM6,25039.0,61.0,18.5,false
2026-04-09T22:00:00.000000,NQM6,25232.75,NQM6,25244.75,61.0,-12.0,false
2026-04-12T22:00:00.000000,NQM6,24966.75,NQM6,25333.0,2941.0,-366.25,false
2026-04-13T22:00:00.000000,NQM6,25571.25,NQM6,25585.5,61.0,-14.25,false
2026-04-14T22:00:00.000000,NQM6,25993.5,NQM6,25990.0,61.0,3.5,false
2026-04-15T22:00:00.000000,NQM6,26351.0,NQM6,26359.5,61.0,-8.5,false
2026-04-16T22:00:00.000000,NQM6,26454.25,NQM6,26464.25,61.0,-10.0,false
2026-04-19T22:00:00.000000,NQM6,26548.5,NQM6,26840.75,2941.0,-292.25,false
2026-04-20T22:00:00.000000,NQM6,26780.25,NQM6,26774.25,61.0,6.0,false
2026-04-21T22:00:00.000000,NQM6,26747.75,NQM6,26721.25,61.0,26.5,false
2026-04-22T22:00:00.000000,NQM6,27088.0,NQM6,27106.5,61.0,-18.5,false
2026-04-23T22:00:00.000000,NQM6,27020.25,NQM6,26942.75,61.0,77.5,false
2026-04-26T22:00:00.000000,NQM6,27383.5,NQM6,27440.25,2941.0,-56.75,false
2026-04-27T22:00:00.000000,NQM6,27436.25,NQM6,27418.5,61.0,17.75,false
2026-04-28T22:00:00.000000,NQM6,27217.25,NQM6,27191.5,61.0,25.75,false
2026-04-29T22:00:00.000000,NQM6,27242.75,NQM6,27148.75,61.0,94.0,false
2026-04-30T22:00:00.000000,NQM6,27623.0,NQM6,27598.5,61.0,24.5,false
2026-05-03T22:00:00.000000,NQM6,27899.75,NQM6,27783.25,2941.0,116.5,false
2026-05-04T22:00:00.000000,NQM6,27770.0,NQM6,27743.0,61.0,27.0,false
2026-05-05T22:00:00.000000,NQM6,28250.25,NQM6,28207.25,61.0,43.0,false
2026-05-06T22:00:00.000000,NQM6,28669.75,NQM6,28712.25,61.0,-42.5,false
2026-05-07T22:00:00.000000,NQM6,28577.25,NQM6,28644.0,61.0,-66.75,false
