tier,model,trades,wins,losses,win_rate,profit_factor,net_points,avg_trade,max_dd,tp,sl,wait_bars,pullback_pts,be_trigger,min_or_range
REJECT,MBP_CONFIRMED,1,1,0,1.0,999.0,40.0,40.0,0.0,40,30,5,15,20,50
REJECT,MBP_CONFIRMED,1,1,0,1.0,999.0,40.0,40.0,0.0,40,40,15,15,20,70
REJECT,MBP_CONFIRMED,1,1,0,1.0,999.0,40.0,40.0,0.0,40,20,5,15,12,40
REJECT,MBP_CONFIRMED,1,1,0,1.0,999.0,40.0,40.0,0.0,40,40,15,15,20,60
REJECT,MBP_CONFIRMED,1,1,0,1.0,999.0,40.0,40.0,0.0,40,20,5,15,12,50
REJECT,MBP_CONFIRMED,1,1,0,1.0,999.0,40.0,40.0,0.0,40,40,15,15,20,50
REJECT,MBP_CONFIRMED,1,1,0,1.0,999.0,40.0,40.0,0.0,40,20,5,15,12,60
REJECT,MBP_CONFIRMED,1,1,0,1.0,999.0,40.0,40.0,0.0,40,40,15,15,20,40
REJECT,MBP_CONFIRMED,1,1,0,1.0,999.0,40.0,40.0,0.0,40,20,5,15,12,70
REJECT,MBP_CONFIRMED,1,1,0,1.0,999.0,40.0,40.0,0.0,40,40,15,15,15,70
REJECT,MBP_CONFIRMED,1,1,0,1.0,999.0,40.0,40.0,0.0,40,20,5,15,15,40
REJECT,MBP_CONFIRMED,1,1,0,1.0,999.0,40.0,40.0,0.0,40,40,15,15,15,60
REJECT,MBP_CONFIRMED,1,1,0,1.0,999.0,40.0,40.0,0.0,40,20,5,15,15,50
REJECT,MBP_CONFIRMED,1,1,0,1.0,999.0,40.0,40.0,0.0,40,40,15,15,15,50
REJECT,MBP_CONFIRMED,1,1,0,1.0,999.0,40.0,40.0,0.0,40,20,5,15,15,60
REJECT,MBP_CONFIRMED,1,1,0,1.0,999.0,40.0,40.0,0.0,40,40,15,15,15,40
REJECT,MBP_CONFIRMED,1,1,0,1.0,999.0,40.0,40.0,0.0,40,20,5,15,15,70
REJECT,MBP_CONFIRMED,1,1,0,1.0,999.0,40.0,40.0,0.0,40,40,15,15,12,70
REJECT,MBP_CONFIRMED,1,1,0,1.0,999.0,40.0,40.0,0.0,40,20,5,15,20,40
REJECT,MBP_CONFIRMED,1,1,0,1.0,999.0,40.0,40.0,0.0,40,40,15,15,12,60
REJECT,MBP_CONFIRMED,1,1,0,1.0,999.0,40.0,40.0,0.0,40,20,5,15,20,50
REJECT,MBP_CONFIRMED,1,1,0,1.0,999.0,40.0,40.0,0.0,40,40,15,15,12,50
REJECT,MBP_CONFIRMED,1,1,0,1.0,999.0,40.0,40.0,0.0,40,20,5,15,20,60
REJECT,MBP_CONFIRMED,1,1,0,1.0,999.0,40.0,40.0,0.0,40,40,15,15,12,40
REJECT,MBP_CONFIRMED,1,1,0,1.0,999.0,40.0,40.0,0.0,40,20,5,15,20,70
REJECT,MBP_CONFIRMED,1,1,0,1.0,999.0,40.0,40.0,0.0,40,20,10,15,12,40
REJECT,MBP_CONFIRMED,1,1,0,1.0,999.0,40.0,40.0,0.0,40,20,10,15,12,50
REJECT,MBP_CONFIRMED,1,1,0,1.0,999.0,40.0,40.0,0.0,40,20,10,15,12,60
REJECT,MBP_CONFIRMED,1,1,0,1.0,999.0,40.0,40.0,0.0,40,20,10,15,12,70
REJECT,MBP_CONFIRMED,1,1,0,1.0,999.0,40.0,40.0,0.0,40,20,10,15,15,40
REJECT,MBP_CONFIRMED,1,1,0,1.0,999.0,40.0,40.0,0.0,40,20,10,15,15,50
REJECT,MBP_CONFIRMED,1,1,0,1.0,999.0,40.0,40.0,0.0,40,20,10,15,15,60
REJECT,MBP_CONFIRMED,1,1,0,1.0,999.0,40.0,40.0,0.0,40,20,10,15,15,70
REJECT,MBP_CONFIRMED,1,1,0,1.0,999.0,40.0,40.0,0.0,40,20,10,15,20,40
REJECT,MBP_CONFIRMED,1,1,0,1.0,999.0,40.0,40.0,0.0,40,20,10,15,20,50
REJECT,MBP_CONFIRMED,1,1,0,1.0,999.0,40.0,40.0,0.0,40,20,10,15,20,60
REJECT,MBP_CONFIRMED,1,1,0,1.0,999.0,40.0,40.0,0.0,40,40,10,15,20,70
REJECT,MBP_CONFIRMED,1,1,0,1.0,999.0,40.0,40.0,0.0,40,40,10,15,20,60
REJECT,MBP_CONFIRMED,1,1,0,1.0,999.0,40.0,40.0,0.0,40,40,10,15,20,50
REJECT,MBP_CONFIRMED,1,1,0,1.0,999.0,40.0,40.0,0.0,40,40,10,15,20,40
REJECT,MBP_CONFIRMED,1,1,0,1.0,999.0,40.0,40.0,0.0,40,20,10,15,20,70
REJECT,MBP_CONFIRMED,1,1,0,1.0,999.0,40.0,40.0,0.0,40,40,10,15,15,70
REJECT,MBP_CONFIRMED,1,1,0,1.0,999.0,40.0,40.0,0.0,40,20,15,15,12,40
REJECT,MBP_CONFIRMED,1,1,0,1.0,999.0,40.0,40.0,0.0,40,40,10,15,15,60
REJECT,MBP_CONFIRMED,1,1,0,1.0,999.0,40.0,40.0,0.0,40,20,15,15,12,50
REJECT,MBP_CONFIRMED,1,1,0,1.0,999.0,40.0,40.0,0.0,40,40,10,15,15,50
REJECT,MBP_CONFIRMED,1,1,0,1.0,999.0,40.0,40.0,0.0,40,20,15,15,12,60
REJECT,MBP_CONFIRMED,1,1,0,1.0,999.0,40.0,40.0,0.0,40,40,10,15,15,40
REJECT,MBP_CONFIRMED,1,1,0,1.0,999.0,40.0,40.0,0.0,40,40,10,15,12,70
REJECT,MBP_CONFIRMED,1,1,0,1.0,999.0,40.0,40.0,0.0,40,20,15,15,12,70
REJECT,MBP_CONFIRMED,1,1,0,1.0,999.0,40.0,40.0,0.0,40,40,10,15,12,60
REJECT,MBP_CONFIRMED,1,1,0,1.0,999.0,40.0,40.0,0.0,40,20,15,15,15,40
REJECT,MBP_CONFIRMED,1,1,0,1.0,999.0,40.0,40.0,0.0,40,40,10,15,12,50
REJECT,MBP_CONFIRMED,1,1,0,1.0,999.0,40.0,40.0,0.0,40,20,15,15,15,50
REJECT,MBP_CONFIRMED,1,1,0,1.0,999.0,40.0,40.0,0.0,40,40,10,15,12,40
REJECT,MBP_CONFIRMED,1,1,0,1.0,999.0,40.0,40.0,0.0,40,20,15,15,15,60
REJECT,MBP_CONFIRMED,1,1,0,1.0,999.0,40.0,40.0,0.0,40,20,15,15,15,70
REJECT,MBP_CONFIRMED,1,1,0,1.0,999.0,40.0,40.0,0.0,40,20,15,15,20,40
REJECT,MBP_CONFIRMED,1,1,0,1.0,999.0,40.0,40.0,0.0,40,20,15,15,20,50
REJECT,MBP_CONFIRMED,1,1,0,1.0,999.0,40.0,40.0,0.0,40,20,15,15,20,60
REJECT,MBP_CONFIRMED,1,1,0,1.0,999.0,40.0,40.0,0.0,40,20,15,15,20,70
REJECT,MBP_CONFIRMED,1,1,0,1.0,999.0,40.0,40.0,0.0,40,25,5,15,12,40
REJECT,MBP_CONFIRMED,1,1,0,1.0,999.0,40.0,40.0,0.0,40,25,5,15,12,50
REJECT,MBP_CONFIRMED,1,1,0,1.0,999.0,40.0,40.0,0.0,40,25,5,15,12,60
REJECT,MBP_CONFIRMED,1,1,0,1.0,999.0,40.0,40.0,0.0,40,25,5,15,12,70
REJECT,MBP_CONFIRMED,1,1,0,1.0,999.0,40.0,40.0,0.0,40,25,5,15,15,40
REJECT,MBP_CONFIRMED,1,1,0,1.0,999.0,40.0,40.0,0.0,40,25,5,15,15,50
REJECT,MBP_CONFIRMED,1,1,0,1.0,999.0,40.0,40.0,0.0,40,25,5,15,15,60
REJECT,MBP_CONFIRMED,1,1,0,1.0,999.0,40.0,40.0,0.0,40,25,5,15,15,70
REJECT,MBP_CONFIRMED,1,1,0,1.0,999.0,40.0,40.0,0.0,40,25,5,15,20,40
REJECT,MBP_CONFIRMED,1,1,0,1.0,999.0,40.0,40.0,0.0,40,25,5,15,20,50
REJECT,MBP_CONFIRMED,1,1,0,1.0,999.0,40.0,40.0,0.0,40,25,5,15,20,60
REJECT,MBP_CONFIRMED,1,1,0,1.0,999.0,40.0,40.0,0.0,40,25,5,15,20,70
REJECT,MBP_CONFIRMED,1,1,0,1.0,999.0,40.0,40.0,0.0,40,25,10,15,12,40
REJECT,MBP_CONFIRMED,1,1,0,1.0,999.0,40.0,40.0,0.0,40,25,10,15,12,50
REJECT,MBP_CONFIRMED,1,1,0,1.0,999.0,40.0,40.0,0.0,40,25,10,15,12,60
REJECT,MBP_CONFIRMED,1,1,0,1.0,999.0,40.0,40.0,0.0,40,25,10,15,12,70
REJECT,MBP_CONFIRMED,1,1,0,1.0,999.0,40.0,40.0,0.0,40,25,10,15,15,40
REJECT,MBP_CONFIRMED,1,1,0,1.0,999.0,40.0,40.0,0.0,40,25,10,15,15,50
REJECT,MBP_CONFIRMED,1,1,0,1.0,999.0,40.0,40.0,0.0,40,25,10,15,15,60
REJECT,MBP_CONFIRMED,1,1,0,1.0,999.0,40.0,40.0,0.0,40,25,10,15,15,70
REJECT,MBP_CONFIRMED,1,1,0,1.0,999.0,40.0,40.0,0.0,40,40,5,15,20,70
REJECT,MBP_CONFIRMED,1,1,0,1.0,999.0,40.0,40.0,0.0,40,25,10,15,20,40
REJECT,MBP_CONFIRMED,1,1,0,1.0,999.0,40.0,40.0,0.0,40,40,5,15,20,60
REJECT,MBP_CONFIRMED,1,1,0,1.0,999.0,40.0,40.0,0.0,40,25,10,15,20,50
REJECT,MBP_CONFIRMED,1,1,0,1.0,999.0,40.0,40.0,0.0,40,40,5,15,20,50
REJECT,MBP_CONFIRMED,1,1,0,1.0,999.0,40.0,40.0,0.0,40,25,10,15,20,60
REJECT,MBP_CONFIRMED,1,1,0,1.0,999.0,40.0,40.0,0.0,40,40,5,15,20,40
REJECT,MBP_CONFIRMED,1,1,0,1.0,999.0,40.0,40.0,0.0,40,25,10,15,20,70
REJECT,MBP_CONFIRMED,1,1,0,1.0,999.0,40.0,40.0,0.0,40,40,5,15,15,70
REJECT,MBP_CONFIRMED,1,1,0,1.0,999.0,40.0,40.0,0.0,40,25,15,15,12,40
REJECT,MBP_CONFIRMED,1,1,0,1.0,999.0,40.0,40.0,0.0,40,40,5,15,15,60
REJECT,MBP_CONFIRMED,1,1,0,1.0,999.0,40.0,40.0,0.0,40,25,15,15,12,50
REJECT,MBP_CONFIRMED,1,1,0,1.0,999.0,40.0,40.0,0.0,40,40,5,15,15,50
REJECT,MBP_CONFIRMED,1,1,0,1.0,999.0,40.0,40.0,0.0,40,25,15,15,12,60
REJECT,MBP_CONFIRMED,1,1,0,1.0,999.0,40.0,40.0,0.0,40,40,5,15,15,40
REJECT,MBP_CONFIRMED,1,1,0,1.0,999.0,40.0,40.0,0.0,40,40,5,15,12,70
REJECT,MBP_CONFIRMED,1,1,0,1.0,999.0,40.0,40.0,0.0,40,40,5,15,12,60
REJECT,MBP_CONFIRMED,1,1,0,1.0,999.0,40.0,40.0,0.0,40,40,5,15,12,50
REJECT,MBP_CONFIRMED,1,1,0,1.0,999.0,40.0,40.0,0.0,40,40,5,15,12,40
REJECT,MBP_CONFIRMED,1,1,0,1.0,999.0,40.0,40.0,0.0,40,25,15,15,12,70
REJECT,MBP_CONFIRMED,1,1,0,1.0,999.0,40.0,40.0,0.0,40,25,15,15,15,40
REJECT,MBP_CONFIRMED,1,1,0,1.0,999.0,40.0,40.0,0.0,40,25,15,15,15,50
REJECT,MBP_CONFIRMED,1,1,0,1.0,999.0,40.0,40.0,0.0,40,25,15,15,15,60
REJECT,MBP_CONFIRMED,1,1,0,1.0,999.0,40.0,40.0,0.0,40,25,15,15,15,70
REJECT,MBP_CONFIRMED,1,1,0,1.0,999.0,40.0,40.0,0.0,40,25,15,15,20,40
REJECT,MBP_CONFIRMED,1,1,0,1.0,999.0,40.0,40.0,0.0,40,25,15,15,20,50
REJECT,MBP_CONFIRMED,1,1,0,1.0,999.0,40.0,40.0,0.0,40,25,15,15,20,60
REJECT,MBP_CONFIRMED,1,1,0,1.0,999.0,40.0,40.0,0.0,40,30,15,15,20,70
REJECT,MBP_CONFIRMED,1,1,0,1.0,999.0,40.0,40.0,0.0,40,30,15,15,20,60
REJECT,MBP_CONFIRMED,1,1,0,1.0,999.0,40.0,40.0,0.0,40,30,15,15,20,50
REJECT,MBP_CONFIRMED,1,1,0,1.0,999.0,40.0,40.0,0.0,40,30,15,15,20,40
REJECT,MBP_CONFIRMED,1,1,0,1.0,999.0,40.0,40.0,0.0,40,25,15,15,20,70
REJECT,MBP_CONFIRMED,1,1,0,1.0,999.0,40.0,40.0,0.0,40,30,15,15,15,70
REJECT,MBP_CONFIRMED,1,1,0,1.0,999.0,40.0,40.0,0.0,40,30,5,15,12,40
REJECT,MBP_CONFIRMED,1,1,0,1.0,999.0,40.0,40.0,0.0,40,30,15,15,15,60
REJECT,MBP_CONFIRMED,1,1,0,1.0,999.0,40.0,40.0,0.0,40,30,5,15,12,50
REJECT,MBP_CONFIRMED,1,1,0,1.0,999.0,40.0,40.0,0.0,40,30,15,15,15,50
REJECT,MBP_CONFIRMED,1,1,0,1.0,999.0,40.0,40.0,0.0,40,30,5,15,12,60
REJECT,MBP_CONFIRMED,1,1,0,1.0,999.0,40.0,40.0,0.0,40,30,15,15,15,40
REJECT,MBP_CONFIRMED,1,1,0,1.0,999.0,40.0,40.0,0.0,40,30,15,15,12,70
REJECT,MBP_CONFIRMED,1,1,0,1.0,999.0,40.0,40.0,0.0,40,30,5,15,12,70
REJECT,MBP_CONFIRMED,1,1,0,1.0,999.0,40.0,40.0,0.0,40,30,15,15,12,60
REJECT,MBP_CONFIRMED,1,1,0,1.0,999.0,40.0,40.0,0.0,40,30,5,15,15,40
REJECT,MBP_CONFIRMED,1,1,0,1.0,999.0,40.0,40.0,0.0,40,30,15,15,12,50
REJECT,MBP_CONFIRMED,1,1,0,1.0,999.0,40.0,40.0,0.0,40,30,5,15,15,50
REJECT,MBP_CONFIRMED,1,1,0,1.0,999.0,40.0,40.0,0.0,40,30,15,15,12,40
REJECT,MBP_CONFIRMED,1,1,0,1.0,999.0,40.0,40.0,0.0,40,30,5,15,15,60
REJECT,MBP_CONFIRMED,1,1,0,1.0,999.0,40.0,40.0,0.0,40,30,5,15,15,70
REJECT,MBP_CONFIRMED,1,1,0,1.0,999.0,40.0,40.0,0.0,40,30,5,15,20,40
REJECT,MBP_CONFIRMED,1,1,0,1.0,999.0,40.0,40.0,0.0,40,30,10,15,20,70
REJECT,MBP_CONFIRMED,1,1,0,1.0,999.0,40.0,40.0,0.0,40,30,10,15,20,60
REJECT,MBP_CONFIRMED,1,1,0,1.0,999.0,40.0,40.0,0.0,40,30,10,15,20,50
REJECT,MBP_CONFIRMED,1,1,0,1.0,999.0,40.0,40.0,0.0,40,30,10,15,20,40
REJECT,MBP_CONFIRMED,1,1,0,1.0,999.0,40.0,40.0,0.0,40,30,10,15,15,70
REJECT,MBP_CONFIRMED,1,1,0,1.0,999.0,40.0,40.0,0.0,40,30,10,15,15,60
REJECT,MBP_CONFIRMED,1,1,0,1.0,999.0,40.0,40.0,0.0,40,30,10,15,15,50
REJECT,MBP_CONFIRMED,1,1,0,1.0,999.0,40.0,40.0,0.0,40,30,10,15,15,40
REJECT,MBP_CONFIRMED,1,1,0,1.0,999.0,40.0,40.0,0.0,40,30,10,15,12,70
REJECT,MBP_CONFIRMED,1,1,0,1.0,999.0,40.0,40.0,0.0,40,30,10,15,12,60
REJECT,MBP_CONFIRMED,1,1,0,1.0,999.0,40.0,40.0,0.0,40,30,10,15,12,50
REJECT,MBP_CONFIRMED,1,1,0,1.0,999.0,40.0,40.0,0.0,40,30,10,15,12,40
REJECT,MBP_CONFIRMED,1,1,0,1.0,999.0,40.0,40.0,0.0,40,30,5,15,20,70
REJECT,MBP_CONFIRMED,1,1,0,1.0,999.0,40.0,40.0,0.0,40,30,5,15,20,60
REJECT,MBP_CONFIRMED,1,1,0,1.0,999.0,30.0,30.0,0.0,30,20,10,15,12,40
REJECT,MBP_CONFIRMED,1,1,0,1.0,999.0,30.0,30.0,0.0,30,40,15,15,20,70
REJECT,MBP_CONFIRMED,1,1,0,1.0,999.0,30.0,30.0,0.0,30,20,5,15,12,40
REJECT,MBP_CONFIRMED,1,1,0,1.0,999.0,30.0,30.0,0.0,30,20,5,15,12,50
REJECT,MBP_CONFIRMED,1,1,0,1.0,999.0,30.0,30.0,0.0,30,20,5,15,12,60
REJECT,MBP_CONFIRMED,1,1,0,1.0,999.0,30.0,30.0,0.0,30,20,5,15,12,70
REJECT,MBP_CONFIRMED,1,1,0,1.0,999.0,30.0,30.0,0.0,30,20,5,15,15,40
REJECT,MBP_CONFIRMED,1,1,0,1.0,999.0,30.0,30.0,0.0,30,20,5,15,15,50
REJECT,MBP_CONFIRMED,1,1,0,1.0,999.0,30.0,30.0,0.0,30,20,5,15,15,60
REJECT,MBP_CONFIRMED,1,1,0,1.0,999.0,30.0,30.0,0.0,30,20,5,15,15,70
REJECT,MBP_CONFIRMED,1,1,0,1.0,999.0,30.0,30.0,0.0,30,20,5,15,20,40
REJECT,MBP_CONFIRMED,1,1,0,1.0,999.0,30.0,30.0,0.0,30,20,5,15,20,50
REJECT,MBP_CONFIRMED,1,1,0,1.0,999.0,30.0,30.0,0.0,30,20,5,15,20,60
REJECT,MBP_CONFIRMED,1,1,0,1.0,999.0,30.0,30.0,0.0,30,20,5,15,20,70
REJECT,MBP_CONFIRMED,1,1,0,1.0,999.0,30.0,30.0,0.0,30,20,10,15,12,50
REJECT,MBP_CONFIRMED,1,1,0,1.0,999.0,30.0,30.0,0.0,30,20,10,15,12,60
REJECT,MBP_CONFIRMED,1,1,0,1.0,999.0,30.0,30.0,0.0,30,20,10,15,12,70
REJECT,MBP_CONFIRMED,1,1,0,1.0,999.0,30.0,30.0,0.0,30,20,10,15,15,40
REJECT,MBP_CONFIRMED,1,1,0,1.0,999.0,30.0,30.0,0.0,30,20,10,15,15,50
REJECT,MBP_CONFIRMED,1,1,0,1.0,999.0,30.0,30.0,0.0,30,20,10,15,15,60
REJECT,MBP_CONFIRMED,1,1,0,1.0,999.0,30.0,30.0,0.0,30,20,10,15,15,70
REJECT,MBP_CONFIRMED,1,1,0,1.0,999.0,30.0,30.0,0.0,30,20,10,15,20,40
REJECT,MBP_CONFIRMED,1,1,0,1.0,999.0,30.0,30.0,0.0,30,20,10,15,20,50
REJECT,MBP_CONFIRMED,1,1,0,1.0,999.0,30.0,30.0,0.0,30,20,10,15,20,60
REJECT,MBP_CONFIRMED,1,1,0,1.0,999.0,30.0,30.0,0.0,30,20,10,15,20,70
REJECT,MBP_CONFIRMED,1,1,0,1.0,999.0,30.0,30.0,0.0,30,20,15,15,12,40
REJECT,MBP_CONFIRMED,1,1,0,1.0,999.0,30.0,30.0,0.0,30,20,15,15,12,50
REJECT,MBP_CONFIRMED,1,1,0,1.0,999.0,30.0,30.0,0.0,30,20,15,15,12,60
REJECT,MBP_CONFIRMED,1,1,0,1.0,999.0,30.0,30.0,0.0,30,20,15,15,12,70
REJECT,MBP_CONFIRMED,1,1,0,1.0,999.0,30.0,30.0,0.0,30,20,15,15,15,40
REJECT,MBP_CONFIRMED,1,1,0,1.0,999.0,30.0,30.0,0.0,30,20,15,15,15,50
REJECT,MBP_CONFIRMED,1,1,0,1.0,999.0,30.0,30.0,0.0,30,20,15,15,15,60
REJECT,MBP_CONFIRMED,1,1,0,1.0,999.0,30.0,30.0,0.0,30,20,15,15,15,70
REJECT,MBP_CONFIRMED,1,1,0,1.0,999.0,30.0,30.0,0.0,30,20,15,15,20,40
REJECT,MBP_CONFIRMED,1,1,0,1.0,999.0,30.0,30.0,0.0,30,20,15,15,20,50
REJECT,MBP_CONFIRMED,1,1,0,1.0,999.0,30.0,30.0,0.0,30,20,15,15,20,60
REJECT,MBP_CONFIRMED,1,1,0,1.0,999.0,30.0,30.0,0.0,30,20,15,15,20,70
REJECT,MBP_CONFIRMED,1,1,0,1.0,999.0,30.0,30.0,0.0,30,25,5,15,12,40
REJECT,MBP_CONFIRMED,1,1,0,1.0,999.0,30.0,30.0,0.0,30,25,5,15,12,50
REJECT,MBP_CONFIRMED,1,1,0,1.0,999.0,30.0,30.0,0.0,30,25,5,15,12,60
REJECT,MBP_CONFIRMED,1,1,0,1.0,999.0,30.0,30.0,0.0,30,25,5,15,12,70
REJECT,MBP_CONFIRMED,1,1,0,1.0,999.0,30.0,30.0,0.0,30,25,5,15,15,40
REJECT,MBP_CONFIRMED,1,1,0,1.0,999.0,30.0,30.0,0.0,30,25,5,15,15,50
REJECT,MBP_CONFIRMED,1,1,0,1.0,999.0,30.0,30.0,0.0,30,25,5,15,15,60
REJECT,MBP_CONFIRMED,1,1,0,1.0,999.0,30.0,30.0,0.0,30,25,5,15,15,70
REJECT,MBP_CONFIRMED,1,1,0,1.0,999.0,30.0,30.0,0.0,30,25,5,15,20,40
REJECT,MBP_CONFIRMED,1,1,0,1.0,999.0,30.0,30.0,0.0,30,25,5,15,20,50
REJECT,MBP_CONFIRMED,1,1,0,1.0,999.0,30.0,30.0,0.0,30,25,5,15,20,60
REJECT,MBP_CONFIRMED,1,1,0,1.0,999.0,30.0,30.0,0.0,30,25,5,15,20,70
REJECT,MBP_CONFIRMED,1,1,0,1.0,999.0,30.0,30.0,0.0,30,25,10,15,12,40
REJECT,MBP_CONFIRMED,1,1,0,1.0,999.0,30.0,30.0,0.0,30,25,10,15,12,50
REJECT,MBP_CONFIRMED,1,1,0,1.0,999.0,30.0,30.0,0.0,30,25,10,15,12,60
REJECT,MBP_CONFIRMED,1,1,0,1.0,999.0,30.0,30.0,0.0,30,25,10,15,12,70
REJECT,MBP_CONFIRMED,1,1,0,1.0,999.0,30.0,30.0,0.0,30,25,10,15,15,40
REJECT,MBP_CONFIRMED,1,1,0,1.0,999.0,30.0,30.0,0.0,30,25,10,15,15,50
REJECT,MBP_CONFIRMED,1,1,0,1.0,999.0,30.0,30.0,0.0,30,25,10,15,15,60
REJECT,MBP_CONFIRMED,1,1,0,1.0,999.0,30.0,30.0,0.0,30,25,10,15,15,70
REJECT,MBP_CONFIRMED,1,1,0,1.0,999.0,30.0,30.0,0.0,30,25,10,15,20,40
REJECT,MBP_CONFIRMED,1,1,0,1.0,999.0,30.0,30.0,0.0,30,25,10,15,20,50
REJECT,MBP_CONFIRMED,1,1,0,1.0,999.0,30.0,30.0,0.0,30,25,10,15,20,60
REJECT,MBP_CONFIRMED,1,1,0,1.0,999.0,30.0,30.0,0.0,30,25,10,15,20,70
REJECT,MBP_CONFIRMED,1,1,0,1.0,999.0,30.0,30.0,0.0,30,25,15,15,12,40
REJECT,MBP_CONFIRMED,1,1,0,1.0,999.0,30.0,30.0,0.0,30,25,15,15,12,50
REJECT,MBP_CONFIRMED,1,1,0,1.0,999.0,30.0,30.0,0.0,30,25,15,15,12,60
REJECT,MBP_CONFIRMED,1,1,0,1.0,999.0,30.0,30.0,0.0,30,25,15,15,12,70
REJECT,MBP_CONFIRMED,1,1,0,1.0,999.0,30.0,30.0,0.0,30,25,15,15,15,40
REJECT,MBP_CONFIRMED,1,1,0,1.0,999.0,30.0,30.0,0.0,30,25,15,15,15,50
REJECT,MBP_CONFIRMED,1,1,0,1.0,999.0,30.0,30.0,0.0,30,25,15,15,15,60
REJECT,MBP_CONFIRMED,1,1,0,1.0,999.0,30.0,30.0,0.0,30,25,15,15,15,70
REJECT,MBP_CONFIRMED,1,1,0,1.0,999.0,30.0,30.0,0.0,30,25,15,15,20,40
REJECT,MBP_CONFIRMED,1,1,0,1.0,999.0,30.0,30.0,0.0,30,25,15,15,20,50
REJECT,MBP_CONFIRMED,1,1,0,1.0,999.0,30.0,30.0,0.0,30,25,15,15,20,60
REJECT,MBP_CONFIRMED,1,1,0,1.0,999.0,30.0,30.0,0.0,30,25,15,15,20,70
REJECT,MBP_CONFIRMED,1,1,0,1.0,999.0,30.0,30.0,0.0,30,30,5,15,12,40
REJECT,MBP_CONFIRMED,1,1,0,1.0,999.0,30.0,30.0,0.0,30,30,5,15,12,50
REJECT,MBP_CONFIRMED,1,1,0,1.0,999.0,30.0,30.0,0.0,30,30,5,15,12,60
REJECT,MBP_CONFIRMED,1,1,0,1.0,999.0,30.0,30.0,0.0,30,30,5,15,12,70
REJECT,MBP_CONFIRMED,1,1,0,1.0,999.0,30.0,30.0,0.0,30,30,5,15,15,40
REJECT,MBP_CONFIRMED,1,1,0,1.0,999.0,30.0,30.0,0.0,30,30,5,15,15,50
REJECT,MBP_CONFIRMED,1,1,0,1.0,999.0,30.0,30.0,0.0,30,30,5,15,15,60
REJECT,MBP_CONFIRMED,1,1,0,1.0,999.0,30.0,30.0,0.0,30,30,5,15,15,70
REJECT,MBP_CONFIRMED,1,1,0,1.0,999.0,30.0,30.0,0.0,30,30,5,15,20,40
REJECT,MBP_CONFIRMED,1,1,0,1.0,999.0,30.0,30.0,0.0,30,30,5,15,20,50
REJECT,MBP_CONFIRMED,1,1,0,1.0,999.0,30.0,30.0,0.0,30,30,5,15,20,60
REJECT,MBP_CONFIRMED,1,1,0,1.0,999.0,30.0,30.0,0.0,30,30,5,15,20,70
REJECT,MBP_CONFIRMED,1,1,0,1.0,999.0,30.0,30.0,0.0,30,30,10,15,12,40
REJECT,MBP_CONFIRMED,1,1,0,1.0,999.0,30.0,30.0,0.0,30,30,10,15,12,50
REJECT,MBP_CONFIRMED,1,1,0,1.0,999.0,30.0,30.0,0.0,30,30,10,15,12,60
REJECT,MBP_CONFIRMED,1,1,0,1.0,999.0,30.0,30.0,0.0,30,30,10,15,12,70
REJECT,MBP_CONFIRMED,1,1,0,1.0,999.0,30.0,30.0,0.0,30,30,10,15,15,40
REJECT,MBP_CONFIRMED,1,1,0,1.0,999.0,30.0,30.0,0.0,30,30,10,15,15,50
REJECT,MBP_CONFIRMED,1,1,0,1.0,999.0,30.0,30.0,0.0,30,30,10,15,15,60
REJECT,MBP_CONFIRMED,1,1,0,1.0,999.0,30.0,30.0,0.0,30,30,10,15,15,70
REJECT,MBP_CONFIRMED,1,1,0,1.0,999.0,30.0,30.0,0.0,30,30,10,15,20,40
REJECT,MBP_CONFIRMED,1,1,0,1.0,999.0,30.0,30.0,0.0,30,30,10,15,20,50
REJECT,MBP_CONFIRMED,1,1,0,1.0,999.0,30.0,30.0,0.0,30,30,10,15,20,60
REJECT,MBP_CONFIRMED,1,1,0,1.0,999.0,30.0,30.0,0.0,30,30,10,15,20,70
REJECT,MBP_CONFIRMED,1,1,0,1.0,999.0,30.0,30.0,0.0,30,30,15,15,12,40
REJECT,MBP_CONFIRMED,1,1,0,1.0,999.0,30.0,30.0,0.0,30,30,15,15,12,50
REJECT,MBP_CONFIRMED,1,1,0,1.0,999.0,30.0,30.0,0.0,30,30,15,15,12,60
REJECT,MBP_CONFIRMED,1,1,0,1.0,999.0,30.0,30.0,0.0,30,30,15,15,12,70
REJECT,MBP_CONFIRMED,1,1,0,1.0,999.0,30.0,30.0,0.0,30,30,15,15,15,40
REJECT,MBP_CONFIRMED,1,1,0,1.0,999.0,30.0,30.0,0.0,30,30,15,15,15,50
REJECT,MBP_CONFIRMED,1,1,0,1.0,999.0,30.0,30.0,0.0,30,30,15,15,15,60
REJECT,MBP_CONFIRMED,1,1,0,1.0,999.0,30.0,30.0,0.0,30,30,15,15,15,70
REJECT,MBP_CONFIRMED,1,1,0,1.0,999.0,30.0,30.0,0.0,30,30,15,15,20,40
REJECT,MBP_CONFIRMED,1,1,0,1.0,999.0,30.0,30.0,0.0,30,30,15,15,20,50
REJECT,MBP_CONFIRMED,1,1,0,1.0,999.0,30.0,30.0,0.0,30,30,15,15,20,60
REJECT,MBP_CONFIRMED,1,1,0,1.0,999.0,30.0,30.0,0.0,30,30,15,15,20,70
REJECT,MBP_CONFIRMED,1,1,0,1.0,999.0,30.0,30.0,0.0,30,40,5,15,12,40
REJECT,MBP_CONFIRMED,1,1,0,1.0,999.0,30.0,30.0,0.0,30,40,5,15,12,50
REJECT,MBP_CONFIRMED,1,1,0,1.0,999.0,30.0,30.0,0.0,30,40,5,15,12,60
REJECT,MBP_CONFIRMED,1,1,0,1.0,999.0,30.0,30.0,0.0,30,40,5,15,12,70
REJECT,MBP_CONFIRMED,1,1,0,1.0,999.0,30.0,30.0,0.0,30,40,5,15,15,40
REJECT,MBP_CONFIRMED,1,1,0,1.0,999.0,30.0,30.0,0.0,30,40,5,15,15,50
REJECT,MBP_CONFIRMED,1,1,0,1.0,999.0,30.0,30.0,0.0,30,40,5,15,15,60
REJECT,MBP_CONFIRMED,1,1,0,1.0,999.0,30.0,30.0,0.0,30,40,5,15,15,70
REJECT,MBP_CONFIRMED,1,1,0,1.0,999.0,30.0,30.0,0.0,30,40,5,15,20,40
REJECT,MBP_CONFIRMED,1,1,0,1.0,999.0,30.0,30.0,0.0,30,40,5,15,20,50
REJECT,MBP_CONFIRMED,1,1,0,1.0,999.0,30.0,30.0,0.0,30,40,5,15,20,60
REJECT,MBP_CONFIRMED,1,1,0,1.0,999.0,30.0,30.0,0.0,30,40,5,15,20,70
REJECT,MBP_CONFIRMED,1,1,0,1.0,999.0,30.0,30.0,0.0,30,40,10,15,12,40
REJECT,MBP_CONFIRMED,1,1,0,1.0,999.0,30.0,30.0,0.0,30,40,10,15,12,50
REJECT,MBP_CONFIRMED,1,1,0,1.0,999.0,30.0,30.0,0.0,30,40,10,15,12,60
REJECT,MBP_CONFIRMED,1,1,0,1.0,999.0,30.0,30.0,0.0,30,40,10,15,12,70
REJECT,MBP_CONFIRMED,1,1,0,1.0,999.0,30.0,30.0,0.0,30,40,10,15,15,40
REJECT,MBP_CONFIRMED,1,1,0,1.0,999.0,30.0,30.0,0.0,30,40,10,15,15,50
REJECT,MBP_CONFIRMED,1,1,0,1.0,999.0,30.0,30.0,0.0,30,40,10,15,15,60
REJECT,MBP_CONFIRMED,1,1,0,1.0,999.0,30.0,30.0,0.0,30,40,10,15,15,70
REJECT,MBP_CONFIRMED,1,1,0,1.0,999.0,30.0,30.0,0.0,30,40,10,15,20,40
REJECT,MBP_CONFIRMED,1,1,0,1.0,999.0,30.0,30.0,0.0,30,40,10,15,20,50
REJECT,MBP_CONFIRMED,1,1,0,1.0,999.0,30.0,30.0,0.0,30,40,10,15,20,60
REJECT,MBP_CONFIRMED,1,1,0,1.0,999.0,30.0,30.0,0.0,30,40,10,15,20,70
REJECT,MBP_CONFIRMED,1,1,0,1.0,999.0,30.0,30.0,0.0,30,40,15,15,12,40
REJECT,MBP_CONFIRMED,1,1,0,1.0,999.0,30.0,30.0,0.0,30,40,15,15,12,50
REJECT,MBP_CONFIRMED,1,1,0,1.0,999.0,30.0,30.0,0.0,30,40,15,15,12,60
REJECT,MBP_CONFIRMED,1,1,0,1.0,999.0,30.0,30.0,0.0,30,40,15,15,12,70
REJECT,MBP_CONFIRMED,1,1,0,1.0,999.0,30.0,30.0,0.0,30,40,15,15,15,40
REJECT,MBP_CONFIRMED,1,1,0,1.0,999.0,30.0,30.0,0.0,30,40,15,15,15,50
REJECT,MBP_CONFIRMED,1,1,0,1.0,999.0,30.0,30.0,0.0,30,40,15,15,15,60
REJECT,MBP_CONFIRMED,1,1,0,1.0,999.0,30.0,30.0,0.0,30,40,15,15,15,70
REJECT,MBP_CONFIRMED,1,1,0,1.0,999.0,30.0,30.0,0.0,30,40,15,15,20,40
REJECT,MBP_CONFIRMED,1,1,0,1.0,999.0,30.0,30.0,0.0,30,40,15,15,20,50
REJECT,MBP_CONFIRMED,1,1,0,1.0,999.0,30.0,30.0,0.0,30,40,15,15,20,60
REJECT,MBP_CONFIRMED,1,1,0,1.0,999.0,25.0,25.0,0.0,25,40,5,15,15,40
REJECT,MBP_CONFIRMED,1,1,0,1.0,999.0,25.0,25.0,0.0,25,40,15,15,12,60
REJECT,MBP_CONFIRMED,1,1,0,1.0,999.0,25.0,25.0,0.0,25,40,10,15,15,70
REJECT,MBP_CONFIRMED,1,1,0,1.0,999.0,25.0,25.0,0.0,25,20,10,15,12,60
REJECT,MBP_CONFIRMED,1,1,0,1.0,999.0,25.0,25.0,0.0,25,40,10,15,20,40
REJECT,MBP_CONFIRMED,1,1,0,1.0,999.0,25.0,25.0,0.0,25,20,10,15,12,50
REJECT,MBP_CONFIRMED,1,1,0,1.0,999.0,25.0,25.0,0.0,25,20,10,15,12,40
REJECT,MBP_CONFIRMED,1,1,0,1.0,999.0,25.0,25.0,0.0,25,20,15,15,20,70
REJECT,MBP_CONFIRMED,1,1,0,1.0,999.0,25.0,25.0,0.0,25,30,5,15,15,70
REJECT,MBP_CONFIRMED,1,1,0,1.0,999.0,25.0,25.0,0.0,25,25,15,15,15,50
REJECT,MBP_CONFIRMED,1,1,0,1.0,999.0,25.0,25.0,0.0,25,30,5,15,15,60
REJECT,MBP_CONFIRMED,1,1,0,1.0,999.0,25.0,25.0,0.0,25,30,5,15,15,50
REJECT,MBP_CONFIRMED,1,1,0,1.0,999.0,25.0,25.0,0.0,25,25,15,15,15,40
REJECT,MBP_CONFIRMED,1,1,0,1.0,999.0,25.0,25.0,0.0,25,30,5,15,15,40
REJECT,MBP_CONFIRMED,1,1,0,1.0,999.0,25.0,25.0,0.0,25,30,5,15,12,70
REJECT,MBP_CONFIRMED,1,1,0,1.0,999.0,25.0,25.0,0.0,25,40,15,15,12,50
REJECT,MBP_CONFIRMED,1,1,0,1.0,999.0,25.0,25.0,0.0,25,30,5,15,20,40
REJECT,MBP_CONFIRMED,1,1,0,1.0,999.0,25.0,25.0,0.0,25,25,10,15,15,50
REJECT,MBP_CONFIRMED,1,1,0,1.0,999.0,25.0,25.0,0.0,25,20,10,15,12,70
REJECT,MBP_CONFIRMED,1,1,0,1.0,999.0,25.0,25.0,0.0,25,40,10,15,12,40
REJECT,MBP_CONFIRMED,1,1,0,1.0,999.0,25.0,25.0,0.0,25,20,10,15,15,40
REJECT,MBP_CONFIRMED,1,1,0,1.0,999.0,25.0,25.0,0.0,25,20,10,15,15,50
REJECT,MBP_CONFIRMED,1,1,0,1.0,999.0,25.0,25.0,0.0,25,20,10,15,15,60
REJECT,MBP_CONFIRMED,1,1,0,1.0,999.0,25.0,25.0,0.0,25,20,5,15,20,70
REJECT,MBP_CONFIRMED,1,1,0,1.0,999.0,25.0,25.0,0.0,25,20,5,15,20,60
REJECT,MBP_CONFIRMED,1,1,0,1.0,999.0,25.0,25.0,0.0,25,40,10,15,20,50
REJECT,MBP_CONFIRMED,1,1,0,1.0,999.0,25.0,25.0,0.0,25,25,15,15,12,70
REJECT,MBP_CONFIRMED,1,1,0,1.0,999.0,25.0,25.0,0.0,25,20,5,15,20,50
REJECT,MBP_CONFIRMED,1,1,0,1.0,999.0,25.0,25.0,0.0,25,40,15,15,12,40
REJECT,MBP_CONFIRMED,1,1,0,1.0,999.0,25.0,25.0,0.0,25,20,5,15,20,40
REJECT,MBP_CONFIRMED,1,1,0,1.0,999.0,25.0,25.0,0.0,25,30,5,15,20,50
REJECT,MBP_CONFIRMED,1,1,0,1.0,999.0,25.0,25.0,0.0,25,20,5,15,15,70
REJECT,MBP_CONFIRMED,1,1,0,1.0,999.0,25.0,25.0,0.0,25,20,15,15,20,60
REJECT,MBP_CONFIRMED,1,1,0,1.0,999.0,25.0,25.0,0.0,25,20,5,15,15,60
REJECT,MBP_CONFIRMED,1,1,0,1.0,999.0,25.0,25.0,0.0,25,20,5,15,15,50
REJECT,MBP_CONFIRMED,1,1,0,1.0,999.0,25.0,25.0,0.0,25,20,5,15,15,40
REJECT,MBP_CONFIRMED,1,1,0,1.0,999.0,25.0,25.0,0.0,25,25,10,15,15,60
REJECT,MBP_CONFIRMED,1,1,0,1.0,999.0,25.0,25.0,0.0,25,20,5,15,12,70
REJECT,MBP_CONFIRMED,1,1,0,1.0,999.0,25.0,25.0,0.0,25,20,5,15,12,60
REJECT,MBP_CONFIRMED,1,1,0,1.0,999.0,25.0,25.0,0.0,25,30,5,15,12,60
REJECT,MBP_CONFIRMED,1,1,0,1.0,999.0,25.0,25.0,0.0,25,25,15,15,12,50
REJECT,MBP_CONFIRMED,1,1,0,1.0,999.0,25.0,25.0,0.0,25,20,5,15,12,50
REJECT,MBP_CONFIRMED,1,1,0,1.0,999.0,25.0,25.0,0.0,25,30,5,15,20,70
REJECT,MBP_CONFIRMED,1,1,0,1.0,999.0,25.0,25.0,0.0,25,20,5,15,12,40
REJECT,MBP_CONFIRMED,1,1,0,1.0,999.0,25.0,25.0,0.0,25,25,15,15,12,40
REJECT,MBP_CONFIRMED,1,1,0,1.0,999.0,25.0,25.0,0.0,25,30,5,15,12,50
REJECT,MBP_CONFIRMED,1,1,0,1.0,999.0,25.0,25.0,0.0,25,40,10,15,20,60
REJECT,MBP_CONFIRMED,1,1,0,1.0,999.0,25.0,25.0,0.0,25,25,10,15,15,40
REJECT,MBP_CONFIRMED,1,1,0,1.0,999.0,25.0,25.0,0.0,25,20,10,15,15,70
REJECT,MBP_CONFIRMED,1,1,0,1.0,999.0,25.0,25.0,0.0,25,25,10,15,15,70
REJECT,MBP_CONFIRMED,1,1,0,1.0,999.0,25.0,25.0,0.0,25,30,5,15,12,40
REJECT,MBP_CONFIRMED,1,1,0,1.0,999.0,25.0,25.0,0.0,25,25,15,15,15,60
REJECT,MBP_CONFIRMED,1,1,0,1.0,999.0,25.0,25.0,0.0,25,25,10,15,20,40
REJECT,MBP_CONFIRMED,1,1,0,1.0,999.0,25.0,25.0,0.0,25,40,15,15,12,70
REJECT,MBP_CONFIRMED,1,1,0,1.0,999.0,25.0,25.0,0.0,25,20,10,15,20,40
REJECT,MBP_CONFIRMED,1,1,0,1.0,999.0,25.0,25.0,0.0,25,40,10,15,12,70
REJECT,MBP_CONFIRMED,1,1,0,1.0,999.0,25.0,25.0,0.0,25,20,10,15,20,50
REJECT,MBP_CONFIRMED,1,1,0,1.0,999.0,25.0,25.0,0.0,25,25,10,15,12,70
REJECT,MBP_CONFIRMED,1,1,0,1.0,999.0,25.0,25.0,0.0,25,25,10,15,20,50
REJECT,MBP_CONFIRMED,1,1,0,1.0,999.0,25.0,25.0,0.0,25,25,10,15,12,60
REJECT,MBP_CONFIRMED,1,1,0,1.0,999.0,25.0,25.0,0.0,25,20,10,15,20,60
REJECT,MBP_CONFIRMED,1,1,0,1.0,999.0,25.0,25.0,0.0,25,25,10,15,12,50
REJECT,MBP_CONFIRMED,1,1,0,1.0,999.0,25.0,25.0,0.0,25,40,5,15,20,70
REJECT,MBP_CONFIRMED,1,1,0,1.0,999.0,25.0,25.0,0.0,25,40,10,15,15,40
REJECT,MBP_CONFIRMED,1,1,0,1.0,999.0,25.0,25.0,0.0,25,25,10,15,12,40
REJECT,MBP_CONFIRMED,1,1,0,1.0,999.0,25.0,25.0,0.0,25,30,15,15,12,40
REJECT,MBP_CONFIRMED,1,1,0,1.0,999.0,25.0,25.0,0.0,25,40,5,15,20,60
REJECT,MBP_CONFIRMED,1,1,0,1.0,999.0,25.0,25.0,0.0,25,30,15,15,12,50
REJECT,MBP_CONFIRMED,1,1,0,1.0,999.0,25.0,25.0,0.0,25,30,15,15,12,60
REJECT,MBP_CONFIRMED,1,1,0,1.0,999.0,25.0,25.0,0.0,25,25,10,15,20,60
REJECT,MBP_CONFIRMED,1,1,0,1.0,999.0,25.0,25.0,0.0,25,40,5,15,20,50
REJECT,MBP_CONFIRMED,1,1,0,1.0,999.0,25.0,25.0,0.0,25,20,15,15,12,70
REJECT,MBP_CONFIRMED,1,1,0,1.0,999.0,25.0,25.0,0.0,25,20,15,15,20,50
REJECT,MBP_CONFIRMED,1,1,0,1.0,999.0,25.0,25.0,0.0,25,30,15,15,12,70
REJECT,MBP_CONFIRMED,1,1,0,1.0,999.0,25.0,25.0,0.0,25,40,10,15,20,70
REJECT,MBP_CONFIRMED,1,1,0,1.0,999.0,25.0,25.0,0.0,25,40,5,15,20,40
REJECT,MBP_CONFIRMED,1,1,0,1.0,999.0,25.0,25.0,0.0,25,20,15,15,20,40
REJECT,MBP_CONFIRMED,1,1,0,1.0,999.0,25.0,25.0,0.0,25,30,15,15,15,40
REJECT,MBP_CONFIRMED,1,1,0,1.0,999.0,25.0,25.0,0.0,25,20,15,15,15,70
REJECT,MBP_CONFIRMED,1,1,0,1.0,999.0,25.0,25.0,0.0,25,30,15,15,15,50
REJECT,MBP_CONFIRMED,1,1,0,1.0,999.0,25.0,25.0,0.0,25,25,15,15,15,70
REJECT,MBP_CONFIRMED,1,1,0,1.0,999.0,25.0,25.0,0.0,25,30,15,15,15,60
REJECT,MBP_CONFIRMED,1,1,0,1.0,999.0,25.0,25.0,0.0,25,20,10,15,20,70
REJECT,MBP_CONFIRMED,1,1,0,1.0,999.0,25.0,25.0,0.0,25,25,15,15,20,40
REJECT,MBP_CONFIRMED,1,1,0,1.0,999.0,25.0,25.0,0.0,25,30,15,15,15,70
REJECT,MBP_CONFIRMED,1,1,0,1.0,999.0,25.0,25.0,0.0,25,20,15,15,15,60
REJECT,MBP_CONFIRMED,1,1,0,1.0,999.0,25.0,25.0,0.0,25,25,10,15,20,70
REJECT,MBP_CONFIRMED,1,1,0,1.0,999.0,25.0,25.0,0.0,25,20,15,15,15,50
REJECT,MBP_CONFIRMED,1,1,0,1.0,999.0,25.0,25.0,0.0,25,30,15,15,20,40
REJECT,MBP_CONFIRMED,1,1,0,1.0,999.0,25.0,25.0,0.0,25,20,15,15,15,40
REJECT,MBP_CONFIRMED,1,1,0,1.0,999.0,25.0,25.0,0.0,25,30,15,15,20,50
REJECT,MBP_CONFIRMED,1,1,0,1.0,999.0,25.0,25.0,0.0,25,30,15,15,20,60
REJECT,MBP_CONFIRMED,1,1,0,1.0,999.0,25.0,25.0,0.0,25,30,15,15,20,70
REJECT,MBP_CONFIRMED,1,1,0,1.0,999.0,25.0,25.0,0.0,25,25,5,15,12,40
REJECT,MBP_CONFIRMED,1,1,0,1.0,999.0,25.0,25.0,0.0,25,40,15,15,15,40
REJECT,MBP_CONFIRMED,1,1,0,1.0,999.0,25.0,25.0,0.0,25,40,5,15,15,70
REJECT,MBP_CONFIRMED,1,1,0,1.0,999.0,25.0,25.0,0.0,25,40,15,15,15,50
REJECT,MBP_CONFIRMED,1,1,0,1.0,999.0,25.0,25.0,0.0,25,25,5,15,12,50
REJECT,MBP_CONFIRMED,1,1,0,1.0,999.0,25.0,25.0,0.0,25,40,15,15,15,60
REJECT,MBP_CONFIRMED,1,1,0,1.0,999.0,25.0,25.0,0.0,25,40,5,15,15,60
REJECT,MBP_CONFIRMED,1,1,0,1.0,999.0,25.0,25.0,0.0,25,25,15,15,20,50
REJECT,MBP_CONFIRMED,1,1,0,1.0,999.0,25.0,25.0,0.0,25,25,5,15,12,60
REJECT,MBP_CONFIRMED,1,1,0,1.0,999.0,25.0,25.0,0.0,25,30,10,15,20,70
REJECT,MBP_CONFIRMED,1,1,0,1.0,999.0,25.0,25.0,0.0,25,40,15,15,15,70
REJECT,MBP_CONFIRMED,1,1,0,1.0,999.0,25.0,25.0,0.0,25,40,5,15,15,50
REJECT,MBP_CONFIRMED,1,1,0,1.0,999.0,25.0,25.0,0.0,25,25,15,15,12,60
REJECT,MBP_CONFIRMED,1,1,0,1.0,999.0,25.0,25.0,0.0,25,25,5,15,12,70
REJECT,MBP_CONFIRMED,1,1,0,1.0,999.0,25.0,25.0,0.0,25,40,10,15,15,50
REJECT,MBP_CONFIRMED,1,1,0,1.0,999.0,25.0,25.0,0.0,25,30,10,15,20,60
REJECT,MBP_CONFIRMED,1,1,0,1.0,999.0,25.0,25.0,0.0,25,25,5,15,15,40
REJECT,MBP_CONFIRMED,1,1,0,1.0,999.0,25.0,25.0,0.0,25,30,10,15,20,50
REJECT,MBP_CONFIRMED,1,1,0,1.0,999.0,25.0,25.0,0.0,25,40,5,15,12,70
REJECT,MBP_CONFIRMED,1,1,0,1.0,999.0,25.0,25.0,0.0,25,25,15,15,20,60
REJECT,MBP_CONFIRMED,1,1,0,1.0,999.0,25.0,25.0,0.0,25,30,10,15,20,40
REJECT,MBP_CONFIRMED,1,1,0,1.0,999.0,25.0,25.0,0.0,25,25,5,15,15,50
REJECT,MBP_CONFIRMED,1,1,0,1.0,999.0,25.0,25.0,0.0,25,40,5,15,12,60
REJECT,MBP_CONFIRMED,1,1,0,1.0,999.0,25.0,25.0,0.0,25,25,5,15,15,60
REJECT,MBP_CONFIRMED,1,1,0,1.0,999.0,25.0,25.0,0.0,25,40,5,15,12,50
REJECT,MBP_CONFIRMED,1,1,0,1.0,999.0,25.0,25.0,0.0,25,25,5,15,15,70
REJECT,MBP_CONFIRMED,1,1,0,1.0,999.0,25.0,25.0,0.0,25,40,5,15,12,40
REJECT,MBP_CONFIRMED,1,1,0,1.0,999.0,25.0,25.0,0.0,25,25,5,15,20,40
REJECT,MBP_CONFIRMED,1,1,0,1.0,999.0,25.0,25.0,0.0,25,40,15,15,20,40
REJECT,MBP_CONFIRMED,1,1,0,1.0,999.0,25.0,25.0,0.0,25,25,5,15,20,50
REJECT,MBP_CONFIRMED,1,1,0,1.0,999.0,25.0,25.0,0.0,25,30,10,15,15,70
REJECT,MBP_CONFIRMED,1,1,0,1.0,999.0,25.0,25.0,0.0,25,25,5,15,20,60
REJECT,MBP_CONFIRMED,1,1,0,1.0,999.0,25.0,25.0,0.0,25,40,15,15,20,50
REJECT,MBP_CONFIRMED,1,1,0,1.0,999.0,25.0,25.0,0.0,25,40,10,15,15,60
REJECT,MBP_CONFIRMED,1,1,0,1.0,999.0,25.0,25.0,0.0,25,40,10,15,12,50
REJECT,MBP_CONFIRMED,1,1,0,1.0,999.0,25.0,25.0,0.0,25,40,15,15,20,60
REJECT,MBP_CONFIRMED,1,1,0,1.0,999.0,25.0,25.0,0.0,25,20,15,15,12,40
REJECT,MBP_CONFIRMED,1,1,0,1.0,999.0,25.0,25.0,0.0,25,30,10,15,12,40
REJECT,MBP_CONFIRMED,1,1,0,1.0,999.0,25.0,25.0,0.0,25,30,5,15,20,60
REJECT,MBP_CONFIRMED,1,1,0,1.0,999.0,25.0,25.0,0.0,25,30,10,15,12,50
REJECT,MBP_CONFIRMED,1,1,0,1.0,999.0,25.0,25.0,0.0,25,20,15,15,12,50
REJECT,MBP_CONFIRMED,1,1,0,1.0,999.0,25.0,25.0,0.0,25,20,15,15,12,60
REJECT,MBP_CONFIRMED,1,1,0,1.0,999.0,25.0,25.0,0.0,25,40,15,15,20,70
REJECT,MBP_CONFIRMED,1,1,0,1.0,999.0,25.0,25.0,0.0,25,30,10,15,12,60
REJECT,MBP_CONFIRMED,1,1,0,1.0,999.0,25.0,25.0,0.0,25,25,5,15,20,70
REJECT,MBP_CONFIRMED,1,1,0,1.0,999.0,25.0,25.0,0.0,25,30,10,15,12,70
REJECT,MBP_CONFIRMED,1,1,0,1.0,999.0,25.0,25.0,0.0,25,40,10,15,12,60
REJECT,MBP_CONFIRMED,1,1,0,1.0,999.0,25.0,25.0,0.0,25,30,10,15,15,40
REJECT,MBP_CONFIRMED,1,1,0,1.0,999.0,25.0,25.0,0.0,25,30,10,15,15,50
REJECT,MBP_CONFIRMED,1,1,0,1.0,999.0,25.0,25.0,0.0,25,25,15,15,20,70
REJECT,MBP_CONFIRMED,1,1,0,1.0,999.0,25.0,25.0,0.0,25,30,10,15,15,60
REJECT,MBP_CONFIRMED,1,1,0,1.0,999.0,20.0,20.0,0.0,20,25,10,15,20,70
REJECT,MBP_CONFIRMED,1,1,0,1.0,999.0,20.0,20.0,0.0,20,20,15,15,20,60
REJECT,MBP_CONFIRMED,1,1,0,1.0,999.0,20.0,20.0,0.0,20,25,15,15,20,60
REJECT,MBP_CONFIRMED,1,1,0,1.0,999.0,20.0,20.0,0.0,20,25,15,15,20,50
REJECT,MBP_CONFIRMED,1,1,0,1.0,999.0,20.0,20.0,0.0,20,40,10,15,20,70
REJECT,MBP_CONFIRMED,1,1,0,1.0,999.0,20.0,20.0,0.0,20,20,15,15,20,70
REJECT,MBP_CONFIRMED,1,1,0,1.0,999.0,20.0,20.0,0.0,20,25,15,15,20,70
REJECT,MBP_CONFIRMED,1,1,0,1.0,999.0,20.0,20.0,0.0,20,25,15,15,20,40
REJECT,MBP_CONFIRMED,1,1,0,1.0,999.0,20.0,20.0,0.0,20,40,10,15,20,60
REJECT,MBP_CONFIRMED,1,1,0,1.0,999.0,20.0,20.0,0.0,20,20,15,15,20,50
REJECT,MBP_CONFIRMED,1,1,0,1.0,999.0,20.0,20.0,0.0,20,40,10,15,20,50
REJECT,MBP_CONFIRMED,1,1,0,1.0,999.0,20.0,20.0,0.0,20,25,15,15,15,70
REJECT,MBP_CONFIRMED,1,1,0,1.0,999.0,20.0,20.0,0.0,20,20,15,15,12,40
REJECT,MBP_CONFIRMED,1,1,0,1.0,999.0,20.0,20.0,0.0,20,40,10,15,20,40
REJECT,MBP_CONFIRMED,1,1,0,1.0,999.0,20.0,20.0,0.0,20,40,10,15,15,70
REJECT,MBP_CONFIRMED,1,1,0,1.0,999.0,20.0,20.0,0.0,20,20,10,15,15,60
REJECT,MBP_CONFIRMED,1,1,0,1.0,999.0,20.0,20.0,0.0,20,40,10,15,15,60
REJECT,MBP_CONFIRMED,1,1,0,1.0,999.0,20.0,20.0,0.0,20,40,10,15,15,50
REJECT,MBP_CONFIRMED,1,1,0,1.0,999.0,20.0,20.0,0.0,20,40,10,15,15,40
REJECT,MBP_CONFIRMED,1,1,0,1.0,999.0,20.0,20.0,0.0,20,25,15,15,15,60
REJECT,MBP_CONFIRMED,1,1,0,1.0,999.0,20.0,20.0,0.0,20,40,10,15,12,70
REJECT,MBP_CONFIRMED,1,1,0,1.0,999.0,20.0,20.0,0.0,20,25,15,15,15,50
REJECT,MBP_CONFIRMED,1,1,0,1.0,999.0,20.0,20.0,0.0,20,40,10,15,12,60
REJECT,MBP_CONFIRMED,1,1,0,1.0,999.0,20.0,20.0,0.0,20,25,5,15,20,70
REJECT,MBP_CONFIRMED,1,1,0,1.0,999.0,20.0,20.0,0.0,20,40,10,15,12,50
REJECT,MBP_CONFIRMED,1,1,0,1.0,999.0,20.0,20.0,0.0,20,25,5,15,20,60
REJECT,MBP_CONFIRMED,1,1,0,1.0,999.0,20.0,20.0,0.0,20,40,10,15,12,40
REJECT,MBP_CONFIRMED,1,1,0,1.0,999.0,20.0,20.0,0.0,20,25,5,15,20,50
REJECT,MBP_CONFIRMED,1,1,0,1.0,999.0,20.0,20.0,0.0,20,25,15,15,15,40
REJECT,MBP_CONFIRMED,1,1,0,1.0,999.0,20.0,20.0,0.0,20,25,5,15,20,40
REJECT,MBP_CONFIRMED,1,1,0,1.0,999.0,20.0,20.0,0.0,20,20,15,15,20,40
REJECT,MBP_CONFIRMED,1,1,0,1.0,999.0,20.0,20.0,0.0,20,25,5,15,15,70
REJECT,MBP_CONFIRMED,1,1,0,1.0,999.0,20.0,20.0,0.0,20,20,15,15,15,70
REJECT,MBP_CONFIRMED,1,1,0,1.0,999.0,20.0,20.0,0.0,20,20,10,15,12,70
REJECT,MBP_CONFIRMED,1,1,0,1.0,999.0,20.0,20.0,0.0,20,25,15,15,12,60
REJECT,MBP_CONFIRMED,1,1,0,1.0,999.0,20.0,20.0,0.0,20,25,15,15,12,50
REJECT,MBP_CONFIRMED,1,1,0,1.0,999.0,20.0,20.0,0.0,20,25,15,15,12,40
REJECT,MBP_CONFIRMED,1,1,0,1.0,999.0,20.0,20.0,0.0,20,20,10,15,12,60
REJECT,MBP_CONFIRMED,1,1,0,1.0,999.0,20.0,20.0,0.0,20,20,10,15,12,50
REJECT,MBP_CONFIRMED,1,1,0,1.0,999.0,20.0,20.0,0.0,20,20,10,15,12,40
REJECT,MBP_CONFIRMED,1,1,0,1.0,999.0,20.0,20.0,0.0,20,40,15,15,12,40
REJECT,MBP_CONFIRMED,1,1,0,1.0,999.0,20.0,20.0,0.0,20,40,5,15,20,70
REJECT,MBP_CONFIRMED,1,1,0,1.0,999.0,20.0,20.0,0.0,20,40,15,15,12,50
REJECT,MBP_CONFIRMED,1,1,0,1.0,999.0,20.0,20.0,0.0,20,40,5,15,20,60
REJECT,MBP_CONFIRMED,1,1,0,1.0,999.0,20.0,20.0,0.0,20,40,5,15,20,50
REJECT,MBP_CONFIRMED,1,1,0,1.0,999.0,20.0,20.0,0.0,20,40,5,15,20,40
REJECT,MBP_CONFIRMED,1,1,0,1.0,999.0,20.0,20.0,0.0,20,40,15,15,12,60
REJECT,MBP_CONFIRMED,1,1,0,1.0,999.0,20.0,20.0,0.0,20,40,5,15,15,70
REJECT,MBP_CONFIRMED,1,1,0,1.0,999.0,20.0,20.0,0.0,20,40,5,15,15,60
REJECT,MBP_CONFIRMED,1,1,0,1.0,999.0,20.0,20.0,0.0,20,30,5,15,12,40
REJECT,MBP_CONFIRMED,1,1,0,1.0,999.0,20.0,20.0,0.0,20,40,5,15,15,50
REJECT,MBP_CONFIRMED,1,1,0,1.0,999.0,20.0,20.0,0.0,20,30,5,15,12,50
REJECT,MBP_CONFIRMED,1,1,0,1.0,999.0,20.0,20.0,0.0,20,40,5,15,15,40
REJECT,MBP_CONFIRMED,1,1,0,1.0,999.0,20.0,20.0,0.0,20,30,5,15,12,60
REJECT,MBP_CONFIRMED,1,1,0,1.0,999.0,20.0,20.0,0.0,20,40,5,15,12,70
REJECT,MBP_CONFIRMED,1,1,0,1.0,999.0,20.0,20.0,0.0,20,30,5,15,12,70
REJECT,MBP_CONFIRMED,1,1,0,1.0,999.0,20.0,20.0,0.0,20,40,15,15,12,70
REJECT,MBP_CONFIRMED,1,1,0,1.0,999.0,20.0,20.0,0.0,20,30,5,15,15,40
REJECT,MBP_CONFIRMED,1,1,0,1.0,999.0,20.0,20.0,0.0,20,25,5,15,15,60
REJECT,MBP_CONFIRMED,1,1,0,1.0,999.0,20.0,20.0,0.0,20,30,5,15,15,50
REJECT,MBP_CONFIRMED,1,1,0,1.0,999.0,20.0,20.0,0.0,20,40,5,15,12,60
REJECT,MBP_CONFIRMED,1,1,0,1.0,999.0,20.0,20.0,0.0,20,30,5,15,15,60
REJECT,MBP_CONFIRMED,1,1,0,1.0,999.0,20.0,20.0,0.0,20,25,5,15,15,50
REJECT,MBP_CONFIRMED,1,1,0,1.0,999.0,20.0,20.0,0.0,20,30,5,15,15,70
REJECT,MBP_CONFIRMED,1,1,0,1.0,999.0,20.0,20.0,0.0,20,25,5,15,12,60
REJECT,MBP_CONFIRMED,1,1,0,1.0,999.0,20.0,20.0,0.0,20,30,5,15,20,40
REJECT,MBP_CONFIRMED,1,1,0,1.0,999.0,20.0,20.0,0.0,20,25,5,15,15,40
REJECT,MBP_CONFIRMED,1,1,0,1.0,999.0,20.0,20.0,0.0,20,30,5,15,20,50
REJECT,MBP_CONFIRMED,1,1,0,1.0,999.0,20.0,20.0,0.0,20,40,15,15,15,40
REJECT,MBP_CONFIRMED,1,1,0,1.0,999.0,20.0,20.0,0.0,20,30,5,15,20,60
REJECT,MBP_CONFIRMED,1,1,0,1.0,999.0,20.0,20.0,0.0,20,25,5,15,12,70
REJECT,MBP_CONFIRMED,1,1,0,1.0,999.0,20.0,20.0,0.0,20,30,5,15,20,70
REJECT,MBP_CONFIRMED,1,1,0,1.0,999.0,20.0,20.0,0.0,20,40,15,15,15,50
REJECT,MBP_CONFIRMED,1,1,0,1.0,999.0,20.0,20.0,0.0,20,40,5,15,12,50
REJECT,MBP_CONFIRMED,1,1,0,1.0,999.0,20.0,20.0,0.0,20,30,15,15,15,60
REJECT,MBP_CONFIRMED,1,1,0,1.0,999.0,20.0,20.0,0.0,20,40,5,15,12,40
REJECT,MBP_CONFIRMED,1,1,0,1.0,999.0,20.0,20.0,0.0,20,40,15,15,15,60
REJECT,MBP_CONFIRMED,1,1,0,1.0,999.0,20.0,20.0,0.0,20,40,15,15,15,70
REJECT,MBP_CONFIRMED,1,1,0,1.0,999.0,20.0,20.0,0.0,20,40,15,15,20,40
REJECT,MBP_CONFIRMED,1,1,0,1.0,999.0,20.0,20.0,0.0,20,25,5,15,12,50
REJECT,MBP_CONFIRMED,1,1,0,1.0,999.0,20.0,20.0,0.0,20,40,15,15,20,50
REJECT,MBP_CONFIRMED,1,1,0,1.0,999.0,20.0,20.0,0.0,20,40,15,15,20,60
REJECT,MBP_CONFIRMED,1,1,0,1.0,999.0,20.0,20.0,0.0,20,40,15,15,20,70
REJECT,MBP_CONFIRMED,1,1,0,1.0,999.0,20.0,20.0,0.0,20,20,15,15,15,60
REJECT,MBP_CONFIRMED,1,1,0,1.0,999.0,20.0,20.0,0.0,20,20,15,15,15,50
REJECT,MBP_CONFIRMED,1,1,0,1.0,999.0,20.0,20.0,0.0,20,20,15,15,15,40
REJECT,MBP_CONFIRMED,1,1,0,1.0,999.0,20.0,20.0,0.0,20,20,15,15,12,70
REJECT,MBP_CONFIRMED,1,1,0,1.0,999.0,20.0,20.0,0.0,20,20,15,15,12,60
REJECT,MBP_CONFIRMED,1,1,0,1.0,999.0,20.0,20.0,0.0,20,20,5,15,12,40
REJECT,MBP_CONFIRMED,1,1,0,1.0,999.0,20.0,20.0,0.0,20,20,5,15,12,50
REJECT,MBP_CONFIRMED,1,1,0,1.0,999.0,20.0,20.0,0.0,20,20,15,15,12,50
REJECT,MBP_CONFIRMED,1,1,0,1.0,999.0,20.0,20.0,0.0,20,20,5,15,20,40
REJECT,MBP_CONFIRMED,1,1,0,1.0,999.0,20.0,20.0,0.0,20,20,5,15,12,60
REJECT,MBP_CONFIRMED,1,1,0,1.0,999.0,20.0,20.0,0.0,20,30,15,15,20,70
REJECT,MBP_CONFIRMED,1,1,0,1.0,999.0,20.0,20.0,0.0,20,20,5,15,12,70
REJECT,MBP_CONFIRMED,1,1,0,1.0,999.0,20.0,20.0,0.0,20,30,15,15,20,60
REJECT,MBP_CONFIRMED,1,1,0,1.0,999.0,20.0,20.0,0.0,20,20,5,15,15,40
REJECT,MBP_CONFIRMED,1,1,0,1.0,999.0,20.0,20.0,0.0,20,25,10,15,20,60
REJECT,MBP_CONFIRMED,1,1,0,1.0,999.0,20.0,20.0,0.0,20,30,15,15,20,50
REJECT,MBP_CONFIRMED,1,1,0,1.0,999.0,20.0,20.0,0.0,20,20,5,15,15,50
REJECT,MBP_CONFIRMED,1,1,0,1.0,999.0,20.0,20.0,0.0,20,30,15,15,20,40
REJECT,MBP_CONFIRMED,1,1,0,1.0,999.0,20.0,20.0,0.0,20,25,10,15,20,50
REJECT,MBP_CONFIRMED,1,1,0,1.0,999.0,20.0,20.0,0.0,20,30,15,15,15,70
REJECT,MBP_CONFIRMED,1,1,0,1.0,999.0,20.0,20.0,0.0,20,25,15,15,12,70
REJECT,MBP_CONFIRMED,1,1,0,1.0,999.0,20.0,20.0,0.0,20,30,15,15,15,50
REJECT,MBP_CONFIRMED,1,1,0,1.0,999.0,20.0,20.0,0.0,20,30,15,15,15,40
REJECT,MBP_CONFIRMED,1,1,0,1.0,999.0,20.0,20.0,0.0,20,30,15,15,12,70
REJECT,MBP_CONFIRMED,1,1,0,1.0,999.0,20.0,20.0,0.0,20,25,10,15,20,40
REJECT,MBP_CONFIRMED,1,1,0,1.0,999.0,20.0,20.0,0.0,20,30,15,15,12,60
REJECT,MBP_CONFIRMED,1,1,0,1.0,999.0,20.0,20.0,0.0,20,30,15,15,12,50
REJECT,MBP_CONFIRMED,1,1,0,1.0,999.0,20.0,20.0,0.0,20,20,5,15,15,60
REJECT,MBP_CONFIRMED,1,1,0,1.0,999.0,20.0,20.0,0.0,20,25,10,15,15,70
REJECT,MBP_CONFIRMED,1,1,0,1.0,999.0,20.0,20.0,0.0,20,30,15,15,12,40
REJECT,MBP_CONFIRMED,1,1,0,1.0,999.0,20.0,20.0,0.0,20,25,10,15,15,60
REJECT,MBP_CONFIRMED,1,1,0,1.0,999.0,20.0,20.0,0.0,20,25,10,15,15,50
REJECT,MBP_CONFIRMED,1,1,0,1.0,999.0,20.0,20.0,0.0,20,20,10,15,15,40
REJECT,MBP_CONFIRMED,1,1,0,1.0,999.0,20.0,20.0,0.0,20,25,10,15,15,40
REJECT,MBP_CONFIRMED,1,1,0,1.0,999.0,20.0,20.0,0.0,20,25,10,15,12,70
REJECT,MBP_CONFIRMED,1,1,0,1.0,999.0,20.0,20.0,0.0,20,25,10,15,12,60
REJECT,MBP_CONFIRMED,1,1,0,1.0,999.0,20.0,20.0,0.0,20,20,10,15,15,50
REJECT,MBP_CONFIRMED,1,1,0,1.0,999.0,20.0,20.0,0.0,20,25,10,15,12,50
REJECT,MBP_CONFIRMED,1,1,0,1.0,999.0,20.0,20.0,0.0,20,30,10,15,12,40
REJECT,MBP_CONFIRMED,1,1,0,1.0,999.0,20.0,20.0,0.0,20,25,5,15,12,40
REJECT,MBP_CONFIRMED,1,1,0,1.0,999.0,20.0,20.0,0.0,20,30,10,15,12,50
REJECT,MBP_CONFIRMED,1,1,0,1.0,999.0,20.0,20.0,0.0,20,25,10,15,12,40
REJECT,MBP_CONFIRMED,1,1,0,1.0,999.0,20.0,20.0,0.0,20,30,10,15,12,60
REJECT,MBP_CONFIRMED,1,1,0,1.0,999.0,20.0,20.0,0.0,20,20,10,15,20,70
REJECT,MBP_CONFIRMED,1,1,0,1.0,999.0,20.0,20.0,0.0,20,30,10,15,12,70
REJECT,MBP_CONFIRMED,1,1,0,1.0,999.0,20.0,20.0,0.0,20,20,5,15,15,70
REJECT,MBP_CONFIRMED,1,1,0,1.0,999.0,20.0,20.0,0.0,20,30,10,15,15,40
REJECT,MBP_CONFIRMED,1,1,0,1.0,999.0,20.0,20.0,0.0,20,20,5,15,20,50
REJECT,MBP_CONFIRMED,1,1,0,1.0,999.0,20.0,20.0,0.0,20,30,10,15,15,50
REJECT,MBP_CONFIRMED,1,1,0,1.0,999.0,20.0,20.0,0.0,20,20,5,15,20,60
REJECT,MBP_CONFIRMED,1,1,0,1.0,999.0,20.0,20.0,0.0,20,30,10,15,15,60
REJECT,MBP_CONFIRMED,1,1,0,1.0,999.0,20.0,20.0,0.0,20,20,5,15,20,70
REJECT,MBP_CONFIRMED,1,1,0,1.0,999.0,20.0,20.0,0.0,20,30,10,15,15,70
REJECT,MBP_CONFIRMED,1,1,0,1.0,999.0,20.0,20.0,0.0,20,20,10,15,20,60
REJECT,MBP_CONFIRMED,1,1,0,1.0,999.0,20.0,20.0,0.0,20,30,10,15,20,40
REJECT,MBP_CONFIRMED,1,1,0,1.0,999.0,20.0,20.0,0.0,20,20,10,15,20,50
REJECT,MBP_CONFIRMED,1,1,0,1.0,999.0,20.0,20.0,0.0,20,30,10,15,20,50
REJECT,MBP_CONFIRMED,1,1,0,1.0,999.0,20.0,20.0,0.0,20,20,10,15,20,40
REJECT,MBP_CONFIRMED,1,1,0,1.0,999.0,20.0,20.0,0.0,20,30,10,15,20,60
REJECT,MBP_CONFIRMED,1,1,0,1.0,999.0,20.0,20.0,0.0,20,20,10,15,15,70
REJECT,MBP_CONFIRMED,1,1,0,1.0,999.0,20.0,20.0,0.0,20,30,10,15,20,70
REJECT,MBP_CONFIRMED,2,1,0,0.5,999.0,40.0,20.0,0.0,40,40,15,5,20,60
REJECT,MBP_CONFIRMED,2,1,0,0.5,999.0,40.0,20.0,0.0,40,30,15,5,20,40
REJECT,MBP_CONFIRMED,2,1,0,0.5,999.0,40.0,20.0,0.0,40,30,10,5,20,50
REJECT,MBP_CONFIRMED,2,1,0,0.5,999.0,40.0,20.0,0.0,40,30,10,5,20,40
REJECT,MBP_CONFIRMED,2,1,0,0.5,999.0,40.0,20.0,0.0,40,30,15,5,20,60
REJECT,MBP_CONFIRMED,2,1,0,0.5,999.0,40.0,20.0,0.0,40,40,10,5,20,40
REJECT,MBP_CONFIRMED,2,1,0,0.5,999.0,40.0,20.0,0.0,40,40,10,5,20,50
REJECT,MBP_CONFIRMED,2,1,0,0.5,999.0,40.0,20.0,0.0,40,30,15,5,20,70
REJECT,MBP_CONFIRMED,2,1,0,0.5,999.0,40.0,20.0,0.0,40,40,10,5,20,60
REJECT,MBP_CONFIRMED,2,1,0,0.5,999.0,40.0,20.0,0.0,40,40,10,5,20,70
REJECT,MBP_CONFIRMED,2,1,0,0.5,999.0,40.0,20.0,0.0,40,30,10,5,20,60
REJECT,MBP_CONFIRMED,2,1,0,0.5,999.0,40.0,20.0,0.0,40,30,10,5,20,70
REJECT,MBP_CONFIRMED,2,1,0,0.5,999.0,40.0,20.0,0.0,40,40,15,5,20,40
REJECT,MBP_CONFIRMED,2,1,0,0.5,999.0,40.0,20.0,0.0,40,40,15,5,20,50
REJECT,MBP_CONFIRMED,2,1,0,0.5,999.0,40.0,20.0,0.0,40,40,15,5,20,70
REJECT,MBP_CONFIRMED,2,1,0,0.5,999.0,40.0,20.0,0.0,40,30,15,5,20,50
REJECT,MBP_CONFIRMED,2,1,0,0.5,999.0,30.0,15.0,0.0,30,30,15,5,20,60
REJECT,MBP_CONFIRMED,2,1,0,0.5,999.0,30.0,15.0,0.0,30,40,10,5,20,50
REJECT,MBP_CONFIRMED,2,1,0,0.5,999.0,30.0,15.0,0.0,30,30,15,5,20,70
REJECT,MBP_CONFIRMED,2,1,0,0.5,999.0,30.0,15.0,0.0,30,30,15,5,20,50
REJECT,MBP_CONFIRMED,2,1,0,0.5,999.0,30.0,15.0,0.0,30,40,10,5,20,70
REJECT,MBP_CONFIRMED,2,1,0,0.5,999.0,30.0,15.0,0.0,30,40,10,5,20,60
REJECT,MBP_CONFIRMED,2,1,0,0.5,999.0,30.0,15.0,0.0,30,30,10,5,20,70
REJECT,MBP_CONFIRMED,2,1,0,0.5,999.0,30.0,15.0,0.0,30,30,15,5,20,40
REJECT,MBP_CONFIRMED,2,1,0,0.5,999.0,30.0,15.0,0.0,30,40,10,5,20,40
REJECT,MBP_CONFIRMED,2,1,0,0.5,999.0,30.0,15.0,0.0,30,30,10,5,20,60
REJECT,MBP_CONFIRMED,2,1,0,0.5,999.0,30.0,15.0,0.0,30,40,15,5,20,70
REJECT,MBP_CONFIRMED,2,1,0,0.5,999.0,30.0,15.0,0.0,30,40,15,5,20,60
REJECT,MBP_CONFIRMED,2,1,0,0.5,999.0,30.0,15.0,0.0,30,40,15,5,20,50
REJECT,MBP_CONFIRMED,2,1,0,0.5,999.0,30.0,15.0,0.0,30,30,10,5,20,40
REJECT,MBP_CONFIRMED,2,1,0,0.5,999.0,30.0,15.0,0.0,30,30,10,5,20,50
REJECT,MBP_CONFIRMED,2,1,0,0.5,999.0,30.0,15.0,0.0,30,40,15,5,20,40
REJECT,MBP_CONFIRMED,2,1,0,0.5,999.0,25.0,12.5,0.0,25,30,15,5,20,50
REJECT,MBP_CONFIRMED,2,1,0,0.5,999.0,25.0,12.5,0.0,25,40,10,5,20,60
REJECT,MBP_CONFIRMED,2,1,0,0.5,999.0,25.0,12.5,0.0,25,40,10,5,20,70
REJECT,MBP_CONFIRMED,2,1,0,0.5,999.0,25.0,12.5,0.0,25,40,15,5,20,50
REJECT,MBP_CONFIRMED,2,1,0,0.5,999.0,25.0,12.5,0.0,25,40,15,5,20,40
REJECT,MBP_CONFIRMED,2,1,0,0.5,999.0,25.0,12.5,0.0,25,40,10,5,20,40
REJECT,MBP_CONFIRMED,2,1,0,0.5,999.0,25.0,12.5,0.0,25,30,10,5,20,70
REJECT,MBP_CONFIRMED,2,1,0,0.5,999.0,25.0,12.5,0.0,25,30,10,5,20,60
REJECT,MBP_CONFIRMED,2,1,0,0.5,999.0,25.0,12.5,0.0,25,40,15,5,20,60
REJECT,MBP_CONFIRMED,2,1,0,0.5,999.0,25.0,12.5,0.0,25,30,15,5,20,70
REJECT,MBP_CONFIRMED,2,1,0,0.5,999.0,25.0,12.5,0.0,25,40,15,5,20,70
REJECT,MBP_CONFIRMED,2,1,0,0.5,999.0,25.0,12.5,0.0,25,30,10,5,20,50
REJECT,MBP_CONFIRMED,2,1,0,0.5,999.0,25.0,12.5,0.0,25,30,15,5,20,40
REJECT,MBP_CONFIRMED,2,1,0,0.5,999.0,25.0,12.5,0.0,25,30,10,5,20,40
REJECT,MBP_CONFIRMED,2,1,0,0.5,999.0,25.0,12.5,0.0,25,40,10,5,20,50
REJECT,MBP_CONFIRMED,2,1,0,0.5,999.0,25.0,12.5,0.0,25,30,15,5,20,60
REJECT,MBP_CONFIRMED,2,1,0,0.5,999.0,20.0,10.0,0.0,20,25,15,10,15,60
REJECT,MBP_CONFIRMED,2,1,0,0.5,999.0,20.0,10.0,0.0,20,25,15,10,20,70
REJECT,MBP_CONFIRMED,2,1,0,0.5,999.0,20.0,10.0,0.0,20,40,10,10,20,60
REJECT,MBP_CONFIRMED,2,1,0,0.5,999.0,20.0,10.0,0.0,20,30,15,10,15,70
REJECT,MBP_CONFIRMED,2,1,0,0.5,999.0,20.0,10.0,0.0,20,40,10,10,20,70
REJECT,MBP_CONFIRMED,2,1,0,0.5,999.0,20.0,10.0,0.0,20,30,15,10,20,40
REJECT,MBP_CONFIRMED,2,1,0,0.5,999.0,20.0,10.0,0.0,20,30,10,10,20,60
REJECT,MBP_CONFIRMED,2,1,0,0.5,999.0,20.0,10.0,0.0,20,30,15,10,20,50
REJECT,MBP_CONFIRMED,2,1,0,0.5,999.0,20.0,10.0,0.0,20,30,15,10,20,60
REJECT,MBP_CONFIRMED,2,1,0,0.5,999.0,20.0,10.0,0.0,20,30,15,5,20,70
REJECT,MBP_CONFIRMED,2,1,0,0.5,999.0,20.0,10.0,0.0,20,30,15,10,20,70
REJECT,MBP_CONFIRMED,2,1,0,0.5,999.0,20.0,10.0,0.0,20,30,15,10,15,40
REJECT,MBP_CONFIRMED,2,1,0,0.5,999.0,20.0,10.0,0.0,20,30,10,10,20,40
REJECT,MBP_CONFIRMED,2,1,0,0.5,999.0,20.0,10.0,0.0,20,30,10,10,20,50
REJECT,MBP_CONFIRMED,2,1,0,0.5,999.0,20.0,10.0,0.0,20,30,10,10,15,70
REJECT,MBP_CONFIRMED,2,1,0,0.5,999.0,20.0,10.0,0.0,20,40,10,10,15,60
REJECT,MBP_CONFIRMED,2,1,0,0.5,999.0,20.0,10.0,0.0,20,30,10,10,15,60
REJECT,MBP_CONFIRMED,2,1,0,0.5,999.0,20.0,10.0,0.0,20,30,10,10,15,50
REJECT,MBP_CONFIRMED,2,1,0,0.5,999.0,20.0,10.0,0.0,20,30,15,10,15,60
REJECT,MBP_CONFIRMED,2,1,0,0.5,999.0,20.0,10.0,0.0,20,30,15,10,15,50
REJECT,MBP_CONFIRMED,2,1,0,0.5,999.0,20.0,10.0,0.0,20,30,10,10,15,40
REJECT,MBP_CONFIRMED,2,1,0,0.5,999.0,20.0,10.0,0.0,20,30,15,5,20,50
REJECT,MBP_CONFIRMED,2,1,0,0.5,999.0,20.0,10.0,0.0,20,25,15,10,15,40
REJECT,MBP_CONFIRMED,2,1,0,0.5,999.0,20.0,10.0,0.0,20,25,15,10,15,50
REJECT,MBP_CONFIRMED,2,1,0,0.5,999.0,20.0,10.0,0.0,20,25,15,10,15,70
REJECT,MBP_CONFIRMED,2,1,0,0.5,999.0,20.0,10.0,0.0,20,25,15,10,20,40
REJECT,MBP_CONFIRMED,2,1,0,0.5,999.0,20.0,10.0,0.0,20,30,15,5,20,40
REJECT,MBP_CONFIRMED,2,1,0,0.5,999.0,20.0,10.0,0.0,20,25,15,10,20,50
REJECT,MBP_CONFIRMED,2,1,0,0.5,999.0,20.0,10.0,0.0,20,30,10,5,20,70
REJECT,MBP_CONFIRMED,2,1,0,0.5,999.0,20.0,10.0,0.0,20,40,10,5,20,70
REJECT,MBP_CONFIRMED,2,1,0,0.5,999.0,20.0,10.0,0.0,20,30,10,5,20,60
REJECT,MBP_CONFIRMED,2,1,0,0.5,999.0,20.0,10.0,0.0,20,40,10,5,20,60
REJECT,MBP_CONFIRMED,2,1,0,0.5,999.0,20.0,10.0,0.0,20,30,10,5,20,50
REJECT,MBP_CONFIRMED,2,1,0,0.5,999.0,20.0,10.0,0.0,20,40,10,5,20,50
REJECT,MBP_CONFIRMED,2,1,0,0.5,999.0,20.0,10.0,0.0,20,30,10,5,20,40
REJECT,MBP_CONFIRMED,2,1,0,0.5,999.0,20.0,10.0,0.0,20,40,10,5,20,40
REJECT,MBP_CONFIRMED,2,1,0,0.5,999.0,20.0,10.0,0.0,20,40,15,10,20,70
REJECT,MBP_CONFIRMED,2,1,0,0.5,999.0,20.0,10.0,0.0,20,40,15,10,20,60
REJECT,MBP_CONFIRMED,2,1,0,0.5,999.0,20.0,10.0,0.0,20,25,15,10,20,60
REJECT,MBP_CONFIRMED,2,1,0,0.5,999.0,20.0,10.0,0.0,20,40,15,10,20,50
REJECT,MBP_CONFIRMED,2,1,0,0.5,999.0,20.0,10.0,0.0,20,25,10,10,20,70
REJECT,MBP_CONFIRMED,2,1,0,0.5,999.0,20.0,10.0,0.0,20,40,15,10,20,40
REJECT,MBP_CONFIRMED,2,1,0,0.5,999.0,20.0,10.0,0.0,20,40,10,10,15,50
REJECT,MBP_CONFIRMED,2,1,0,0.5,999.0,20.0,10.0,0.0,20,40,10,10,20,50
REJECT,MBP_CONFIRMED,2,1,0,0.5,999.0,20.0,10.0,0.0,20,40,15,10,15,70
REJECT,MBP_CONFIRMED,2,1,0,0.5,999.0,20.0,10.0,0.0,20,40,15,10,15,60
REJECT,MBP_CONFIRMED,2,1,0,0.5,999.0,20.0,10.0,0.0,20,25,10,10,20,60
REJECT,MBP_CONFIRMED,2,1,0,0.5,999.0,20.0,10.0,0.0,20,30,15,5,20,60
REJECT,MBP_CONFIRMED,2,1,0,0.5,999.0,20.0,10.0,0.0,20,40,15,10,15,50
REJECT,MBP_CONFIRMED,2,1,0,0.5,999.0,20.0,10.0,0.0,20,40,10,10,15,70
REJECT,MBP_CONFIRMED,2,1,0,0.5,999.0,20.0,10.0,0.0,20,25,10,10,20,50
REJECT,MBP_CONFIRMED,2,1,0,0.5,999.0,20.0,10.0,0.0,20,40,15,10,15,40
REJECT,MBP_CONFIRMED,2,1,0,0.5,999.0,20.0,10.0,0.0,20,25,10,10,20,40
REJECT,MBP_CONFIRMED,2,1,0,0.5,999.0,20.0,10.0,0.0,20,25,10,10,15,70
REJECT,MBP_CONFIRMED,2,1,0,0.5,999.0,20.0,10.0,0.0,20,40,15,5,20,40
REJECT,MBP_CONFIRMED,2,1,0,0.5,999.0,20.0,10.0,0.0,20,30,10,10,20,70
REJECT,MBP_CONFIRMED,2,1,0,0.5,999.0,20.0,10.0,0.0,20,40,10,10,20,40
REJECT,MBP_CONFIRMED,2,1,0,0.5,999.0,20.0,10.0,0.0,20,25,10,10,15,40
REJECT,MBP_CONFIRMED,2,1,0,0.5,999.0,20.0,10.0,0.0,20,25,10,10,15,60
REJECT,MBP_CONFIRMED,2,1,0,0.5,999.0,20.0,10.0,0.0,20,40,15,5,20,70
REJECT,MBP_CONFIRMED,2,1,0,0.5,999.0,20.0,10.0,0.0,20,40,10,10,15,40
REJECT,MBP_CONFIRMED,2,1,0,0.5,999.0,20.0,10.0,0.0,20,40,15,5,20,60
REJECT,MBP_CONFIRMED,2,1,0,0.5,999.0,20.0,10.0,0.0,20,25,10,10,15,50
REJECT,MBP_CONFIRMED,2,1,0,0.5,999.0,20.0,10.0,0.0,20,40,15,5,20,50
REJECT,STRUCTURE_ONLY,17,8,4,0.47058823529411764,1.25,40.0,2.3529411764705883,-95.0,25,40,10,5,20,60
REJECT,STRUCTURE_ONLY,17,8,4,0.47058823529411764,1.25,40.0,2.3529411764705883,-95.0,25,40,15,5,20,50
REJECT,STRUCTURE_ONLY,17,8,4,0.47058823529411764,1.25,40.0,2.3529411764705883,-95.0,25,40,5,5,20,40
REJECT,STRUCTURE_ONLY,17,8,4,0.47058823529411764,1.25,40.0,2.3529411764705883,-95.0,25,40,10,5,20,70
REJECT,STRUCTURE_ONLY,17,8,4,0.47058823529411764,1.25,40.0,2.3529411764705883,-95.0,25,40,5,5,20,60
REJECT,STRUCTURE_ONLY,17,8,4,0.47058823529411764,1.25,40.0,2.3529411764705883,-95.0,25,40,5,5,20,70
REJECT,STRUCTURE_ONLY,17,8,4,0.47058823529411764,1.25,40.0,2.3529411764705883,-95.0,25,40,5,5,20,50
REJECT,STRUCTURE_ONLY,17,8,4,0.47058823529411764,1.25,40.0,2.3529411764705883,-95.0,25,40,10,5,20,50
REJECT,STRUCTURE_ONLY,17,8,4,0.47058823529411764,1.25,40.0,2.3529411764705883,-95.0,25,40,10,5,20,40
REJECT,STRUCTURE_ONLY,17,8,4,0.47058823529411764,1.25,40.0,2.3529411764705883,-95.0,25,40,15,5,20,40
REJECT,STRUCTURE_ONLY,17,8,4,0.47058823529411764,1.25,40.0,2.3529411764705883,-95.0,25,40,15,5,20,60
REJECT,STRUCTURE_ONLY,17,8,4,0.47058823529411764,1.25,40.0,2.3529411764705883,-95.0,25,40,15,5,20,70
REJECT,STRUCTURE_ONLY,17,8,6,0.47058823529411764,1.1111111111111112,20.0,1.1764705882352942,-65.0,25,30,5,5,20,40
REJECT,STRUCTURE_ONLY,17,8,6,0.47058823529411764,1.1111111111111112,20.0,1.1764705882352942,-65.0,25,30,10,5,20,40
REJECT,STRUCTURE_ONLY,17,8,6,0.47058823529411764,1.1111111111111112,20.0,1.1764705882352942,-65.0,25,30,10,5,20,50
REJECT,STRUCTURE_ONLY,17,8,6,0.47058823529411764,1.1111111111111112,20.0,1.1764705882352942,-65.0,25,30,10,5,20,70
REJECT,STRUCTURE_ONLY,17,8,6,0.47058823529411764,1.1111111111111112,20.0,1.1764705882352942,-65.0,25,30,15,5,20,60
REJECT,STRUCTURE_ONLY,17,8,6,0.47058823529411764,1.1111111111111112,20.0,1.1764705882352942,-65.0,25,30,15,5,20,50
REJECT,STRUCTURE_ONLY,17,8,6,0.47058823529411764,1.1111111111111112,20.0,1.1764705882352942,-65.0,25,30,5,5,20,60
REJECT,STRUCTURE_ONLY,17,8,6,0.47058823529411764,1.1111111111111112,20.0,1.1764705882352942,-65.0,25,30,5,5,20,50
REJECT,STRUCTURE_ONLY,17,8,6,0.47058823529411764,1.1111111111111112,20.0,1.1764705882352942,-65.0,25,30,15,5,20,40
REJECT,STRUCTURE_ONLY,17,8,6,0.47058823529411764,1.1111111111111112,20.0,1.1764705882352942,-65.0,25,30,5,5,20,70
REJECT,STRUCTURE_ONLY,17,8,6,0.47058823529411764,1.1111111111111112,20.0,1.1764705882352942,-65.0,25,30,10,5,20,60
REJECT,STRUCTURE_ONLY,17,8,6,0.47058823529411764,1.1111111111111112,20.0,1.1764705882352942,-65.0,25,30,15,5,20,70
REJECT,STRUCTURE_ONLY,17,8,4,0.47058823529411764,1.0,0.0,0.0,-100.0,20,40,15,5,20,70
REJECT,STRUCTURE_ONLY,17,8,4,0.47058823529411764,1.0,0.0,0.0,-100.0,20,40,10,5,20,60
REJECT,STRUCTURE_ONLY,17,8,4,0.47058823529411764,1.0,0.0,0.0,-100.0,20,40,10,5,20,40
REJECT,STRUCTURE_ONLY,17,8,4,0.47058823529411764,1.0,0.0,0.0,-100.0,20,40,5,5,20,50
REJECT,STRUCTURE_ONLY,17,8,4,0.47058823529411764,1.0,0.0,0.0,-100.0,20,40,15,5,20,50
REJECT,STRUCTURE_ONLY,17,8,4,0.47058823529411764,1.0,0.0,0.0,-100.0,20,40,5,5,20,60
REJECT,STRUCTURE_ONLY,17,8,4,0.47058823529411764,1.0,0.0,0.0,-100.0,20,40,10,5,20,70
REJECT,STRUCTURE_ONLY,17,8,4,0.47058823529411764,1.0,0.0,0.0,-100.0,20,40,5,5,20,70
REJECT,STRUCTURE_ONLY,17,8,4,0.47058823529411764,1.0,0.0,0.0,-100.0,20,40,15,5,20,40
REJECT,STRUCTURE_ONLY,17,8,4,0.47058823529411764,1.0,0.0,0.0,-100.0,20,40,5,5,20,40
REJECT,STRUCTURE_ONLY,17,8,4,0.47058823529411764,1.0,0.0,0.0,-100.0,20,40,15,5,20,60
REJECT,STRUCTURE_ONLY,17,8,4,0.47058823529411764,1.0,0.0,0.0,-100.0,20,40,10,5,20,50
REJECT,STRUCTURE_ONLY,17,8,6,0.47058823529411764,0.8888888888888888,-20.0,-1.1764705882352942,-70.0,20,30,5,5,20,50
REJECT,STRUCTURE_ONLY,17,8,6,0.47058823529411764,0.8888888888888888,-20.0,-1.1764705882352942,-70.0,20,30,5,5,20,60
REJECT,STRUCTURE_ONLY,17,8,6,0.47058823529411764,0.8888888888888888,-20.0,-1.1764705882352942,-70.0,20,30,10,5,20,40
REJECT,STRUCTURE_ONLY,17,8,6,0.47058823529411764,0.8888888888888888,-20.0,-1.1764705882352942,-70.0,20,30,15,5,20,50
REJECT,STRUCTURE_ONLY,17,8,6,0.47058823529411764,0.8888888888888888,-20.0,-1.1764705882352942,-70.0,20,30,10,5,20,50
REJECT,STRUCTURE_ONLY,17,8,6,0.47058823529411764,0.8888888888888888,-20.0,-1.1764705882352942,-70.0,20,30,5,5,20,40
REJECT,STRUCTURE_ONLY,17,8,6,0.47058823529411764,0.8888888888888888,-20.0,-1.1764705882352942,-70.0,20,30,15,5,20,40
REJECT,STRUCTURE_ONLY,17,8,6,0.47058823529411764,0.8888888888888888,-20.0,-1.1764705882352942,-70.0,20,30,15,5,20,60
REJECT,STRUCTURE_ONLY,17,8,6,0.47058823529411764,0.8888888888888888,-20.0,-1.1764705882352942,-70.0,20,30,10,5,20,60
REJECT,STRUCTURE_ONLY,17,8,6,0.47058823529411764,0.8888888888888888,-20.0,-1.1764705882352942,-70.0,20,30,15,5,20,70
REJECT,STRUCTURE_ONLY,17,8,6,0.47058823529411764,0.8888888888888888,-20.0,-1.1764705882352942,-70.0,20,30,5,5,20,70
REJECT,STRUCTURE_ONLY,17,8,6,0.47058823529411764,0.8888888888888888,-20.0,-1.1764705882352942,-70.0,20,30,10,5,20,70
REJECT,STRUCTURE_ONLY,17,7,4,0.4117647058823529,1.75,120.0,7.0588235294117645,-80.0,40,40,5,5,20,70
REJECT,STRUCTURE_ONLY,17,7,4,0.4117647058823529,1.75,120.0,7.0588235294117645,-80.0,40,40,10,5,20,40
REJECT,STRUCTURE_ONLY,17,7,4,0.4117647058823529,1.75,120.0,7.0588235294117645,-80.0,40,40,10,5,20,50
REJECT,STRUCTURE_ONLY,17,7,4,0.4117647058823529,1.75,120.0,7.0588235294117645,-80.0,40,40,5,5,20,40
REJECT,STRUCTURE_ONLY,17,7,4,0.4117647058823529,1.75,120.0,7.0588235294117645,-80.0,40,40,15,5,20,40
REJECT,STRUCTURE_ONLY,17,7,4,0.4117647058823529,1.75,120.0,7.0588235294117645,-80.0,40,40,10,5,20,60
REJECT,STRUCTURE_ONLY,17,7,4,0.4117647058823529,1.75,120.0,7.0588235294117645,-80.0,40,40,10,5,20,70
REJECT,STRUCTURE_ONLY,17,7,4,0.4117647058823529,1.75,120.0,7.0588235294117645,-80.0,40,40,5,5,20,50
REJECT,STRUCTURE_ONLY,17,7,4,0.4117647058823529,1.75,120.0,7.0588235294117645,-80.0,40,40,5,5,20,60
REJECT,STRUCTURE_ONLY,17,7,4,0.4117647058823529,1.75,120.0,7.0588235294117645,-80.0,40,40,15,5,20,70
REJECT,STRUCTURE_ONLY,17,7,4,0.4117647058823529,1.75,120.0,7.0588235294117645,-80.0,40,40,15,5,20,60
REJECT,STRUCTURE_ONLY,17,7,4,0.4117647058823529,1.75,120.0,7.0588235294117645,-80.0,40,40,15,5,20,50
REJECT,STRUCTURE_ONLY,17,7,6,0.4117647058823529,1.5555555555555556,100.0,5.882352941176471,-60.0,40,30,5,5,20,40
REJECT,STRUCTURE_ONLY,17,7,6,0.4117647058823529,1.5555555555555556,100.0,5.882352941176471,-60.0,40,30,10,5,20,70
REJECT,STRUCTURE_ONLY,17,7,6,0.4117647058823529,1.5555555555555556,100.0,5.882352941176471,-60.0,40,30,15,5,20,40
REJECT,STRUCTURE_ONLY,17,7,6,0.4117647058823529,1.5555555555555556,100.0,5.882352941176471,-60.0,40,30,15,5,20,50
REJECT,STRUCTURE_ONLY,17,7,6,0.4117647058823529,1.5555555555555556,100.0,5.882352941176471,-60.0,40,30,5,5,20,70
REJECT,STRUCTURE_ONLY,17,7,6,0.4117647058823529,1.5555555555555556,100.0,5.882352941176471,-60.0,40,30,5,5,20,60
REJECT,STRUCTURE_ONLY,17,7,6,0.4117647058823529,1.5555555555555556,100.0,5.882352941176471,-60.0,40,30,5,5,20,50
REJECT,STRUCTURE_ONLY,17,7,6,0.4117647058823529,1.5555555555555556,100.0,5.882352941176471,-60.0,40,30,10,5,20,50
REJECT,STRUCTURE_ONLY,17,7,6,0.4117647058823529,1.5555555555555556,100.0,5.882352941176471,-60.0,40,30,10,5,20,60
REJECT,STRUCTURE_ONLY,17,7,6,0.4117647058823529,1.5555555555555556,100.0,5.882352941176471,-60.0,40,30,15,5,20,60
REJECT,STRUCTURE_ONLY,17,7,6,0.4117647058823529,1.5555555555555556,100.0,5.882352941176471,-60.0,40,30,10,5,20,40
REJECT,STRUCTURE_ONLY,17,7,6,0.4117647058823529,1.5555555555555556,100.0,5.882352941176471,-60.0,40,30,15,5,20,70
REJECT,STRUCTURE_ONLY,17,7,4,0.4117647058823529,1.3125,50.0,2.9411764705882355,-90.0,30,40,10,5,20,70
REJECT,STRUCTURE_ONLY,17,7,4,0.4117647058823529,1.3125,50.0,2.9411764705882355,-90.0,30,40,15,5,20,60
REJECT,STRUCTURE_ONLY,17,7,4,0.4117647058823529,1.3125,50.0,2.9411764705882355,-90.0,30,40,10,5,20,60
REJECT,STRUCTURE_ONLY,17,7,4,0.4117647058823529,1.3125,50.0,2.9411764705882355,-90.0,30,40,5,5,20,50
REJECT,STRUCTURE_ONLY,17,7,4,0.4117647058823529,1.3125,50.0,2.9411764705882355,-90.0,30,40,15,5,20,40
REJECT,STRUCTURE_ONLY,17,7,4,0.4117647058823529,1.3125,50.0,2.9411764705882355,-90.0,30,40,10,5,20,50
REJECT,STRUCTURE_ONLY,17,7,4,0.4117647058823529,1.3125,50.0,2.9411764705882355,-90.0,30,40,5,5,20,60
REJECT,STRUCTURE_ONLY,17,7,4,0.4117647058823529,1.3125,50.0,2.9411764705882355,-90.0,30,40,5,5,20,40
REJECT,STRUCTURE_ONLY,17,7,4,0.4117647058823529,1.3125,50.0,2.9411764705882355,-90.0,30,40,15,5,20,70
REJECT,STRUCTURE_ONLY,17,7,4,0.4117647058823529,1.3125,50.0,2.9411764705882355,-90.0,30,40,15,5,20,50
REJECT,STRUCTURE_ONLY,17,7,4,0.4117647058823529,1.3125,50.0,2.9411764705882355,-90.0,30,40,10,5,20,40
REJECT,STRUCTURE_ONLY,17,7,4,0.4117647058823529,1.3125,50.0,2.9411764705882355,-90.0,30,40,5,5,20,70
REJECT,STRUCTURE_ONLY,17,7,6,0.4117647058823529,1.1666666666666667,30.0,1.7647058823529411,-60.0,30,30,15,5,20,50
REJECT,STRUCTURE_ONLY,17,7,6,0.4117647058823529,1.1666666666666667,30.0,1.7647058823529411,-60.0,30,30,15,5,20,60
REJECT,STRUCTURE_ONLY,17,7,6,0.4117647058823529,1.1666666666666667,30.0,1.7647058823529411,-60.0,30,30,5,5,20,70
REJECT,STRUCTURE_ONLY,17,7,6,0.4117647058823529,1.1666666666666667,30.0,1.7647058823529411,-60.0,30,30,10,5,20,40
REJECT,STRUCTURE_ONLY,17,7,6,0.4117647058823529,1.1666666666666667,30.0,1.7647058823529411,-60.0,30,30,5,5,20,60
REJECT,STRUCTURE_ONLY,17,7,6,0.4117647058823529,1.1666666666666667,30.0,1.7647058823529411,-60.0,30,30,10,5,20,70
REJECT,STRUCTURE_ONLY,17,7,6,0.4117647058823529,1.1666666666666667,30.0,1.7647058823529411,-60.0,30,30,5,5,20,50
REJECT,STRUCTURE_ONLY,17,7,6,0.4117647058823529,1.1666666666666667,30.0,1.7647058823529411,-60.0,30,30,10,5,20,50
REJECT,STRUCTURE_ONLY,17,7,6,0.4117647058823529,1.1666666666666667,30.0,1.7647058823529411,-60.0,30,30,5,5,20,40
REJECT,STRUCTURE_ONLY,17,7,6,0.4117647058823529,1.1666666666666667,30.0,1.7647058823529411,-60.0,30,30,15,5,20,70
REJECT,STRUCTURE_ONLY,17,7,6,0.4117647058823529,1.1666666666666667,30.0,1.7647058823529411,-60.0,30,30,10,5,20,60
REJECT,STRUCTURE_ONLY,17,7,6,0.4117647058823529,1.1666666666666667,30.0,1.7647058823529411,-60.0,30,30,15,5,20,40
REJECT,STRUCTURE_ONLY,17,7,7,0.4117647058823529,1.0,0.0,0.0,-50.0,25,25,10,5,20,70
REJECT,STRUCTURE_ONLY,17,7,7,0.4117647058823529,1.0,0.0,0.0,-50.0,25,25,15,5,20,70
REJECT,STRUCTURE_ONLY,17,7,7,0.4117647058823529,1.0,0.0,0.0,-50.0,25,25,5,5,20,60
REJECT,STRUCTURE_ONLY,17,7,7,0.4117647058823529,1.0,0.0,0.0,-50.0,25,25,5,5,20,70
REJECT,STRUCTURE_ONLY,17,7,7,0.4117647058823529,1.0,0.0,0.0,-50.0,25,25,5,5,20,40
REJECT,STRUCTURE_ONLY,17,7,7,0.4117647058823529,1.0,0.0,0.0,-50.0,25,25,10,5,20,50
REJECT,STRUCTURE_ONLY,17,7,7,0.4117647058823529,1.0,0.0,0.0,-50.0,25,25,10,5,20,40
REJECT,STRUCTURE_ONLY,17,7,7,0.4117647058823529,1.0,0.0,0.0,-50.0,25,25,15,5,20,40
REJECT,STRUCTURE_ONLY,17,7,7,0.4117647058823529,1.0,0.0,0.0,-50.0,25,25,15,5,20,50
REJECT,STRUCTURE_ONLY,17,7,7,0.4117647058823529,1.0,0.0,0.0,-50.0,25,25,10,5,20,60
REJECT,STRUCTURE_ONLY,17,7,7,0.4117647058823529,1.0,0.0,0.0,-50.0,25,25,15,5,20,60
REJECT,STRUCTURE_ONLY,17,7,7,0.4117647058823529,1.0,0.0,0.0,-50.0,25,25,5,5,20,50
REJECT,STRUCTURE_ONLY,17,7,7,0.4117647058823529,0.8,-35.0,-2.0588235294117645,-60.0,20,25,5,5,20,60
REJECT,STRUCTURE_ONLY,17,7,7,0.4117647058823529,0.8,-35.0,-2.0588235294117645,-60.0,20,25,5,5,20,70
REJECT,STRUCTURE_ONLY,17,7,7,0.4117647058823529,0.8,-35.0,-2.0588235294117645,-60.0,20,25,15,5,20,70
REJECT,STRUCTURE_ONLY,17,7,7,0.4117647058823529,0.8,-35.0,-2.0588235294117645,-60.0,20,25,15,5,20,50
REJECT,STRUCTURE_ONLY,17,7,7,0.4117647058823529,0.8,-35.0,-2.0588235294117645,-60.0,20,25,10,5,20,40
REJECT,STRUCTURE_ONLY,17,7,7,0.4117647058823529,0.8,-35.0,-2.0588235294117645,-60.0,20,25,10,5,20,60
REJECT,STRUCTURE_ONLY,17,7,7,0.4117647058823529,0.8,-35.0,-2.0588235294117645,-60.0,20,25,15,5,20,40
REJECT,STRUCTURE_ONLY,17,7,7,0.4117647058823529,0.8,-35.0,-2.0588235294117645,-60.0,20,25,10,5,20,70
REJECT,STRUCTURE_ONLY,17,7,7,0.4117647058823529,0.8,-35.0,-2.0588235294117645,-60.0,20,25,10,5,20,50
REJECT,STRUCTURE_ONLY,17,7,7,0.4117647058823529,0.8,-35.0,-2.0588235294117645,-60.0,20,25,5,5,20,50
REJECT,STRUCTURE_ONLY,17,7,7,0.4117647058823529,0.8,-35.0,-2.0588235294117645,-60.0,20,25,15,5,20,60
REJECT,STRUCTURE_ONLY,17,7,7,0.4117647058823529,0.8,-35.0,-2.0588235294117645,-60.0,20,25,5,5,20,40
REJECT,STRUCTURE_ONLY,17,6,7,0.35294117647058826,1.3714285714285714,65.0,3.823529411764706,-50.0,40,25,5,5,20,40
REJECT,STRUCTURE_ONLY,17,6,7,0.35294117647058826,1.3714285714285714,65.0,3.823529411764706,-50.0,40,25,5,5,20,70
REJECT,STRUCTURE_ONLY,17,6,7,0.35294117647058826,1.3714285714285714,65.0,3.823529411764706,-50.0,40,25,10,5,20,70
REJECT,STRUCTURE_ONLY,17,6,7,0.35294117647058826,1.3714285714285714,65.0,3.823529411764706,-50.0,40,25,15,5,20,50
REJECT,STRUCTURE_ONLY,17,6,7,0.35294117647058826,1.3714285714285714,65.0,3.823529411764706,-50.0,40,25,5,5,20,60
REJECT,STRUCTURE_ONLY,17,6,7,0.35294117647058826,1.3714285714285714,65.0,3.823529411764706,-50.0,40,25,10,5,20,40
REJECT,STRUCTURE_ONLY,17,6,7,0.35294117647058826,1.3714285714285714,65.0,3.823529411764706,-50.0,40,25,15,5,20,60
REJECT,STRUCTURE_ONLY,17,6,7,0.35294117647058826,1.3714285714285714,65.0,3.823529411764706,-50.0,40,25,5,5,20,50
REJECT,STRUCTURE_ONLY,17,6,7,0.35294117647058826,1.3714285714285714,65.0,3.823529411764706,-50.0,40,25,10,5,20,50
REJECT,STRUCTURE_ONLY,17,6,7,0.35294117647058826,1.3714285714285714,65.0,3.823529411764706,-50.0,40,25,15,5,20,40
REJECT,STRUCTURE_ONLY,17,6,7,0.35294117647058826,1.3714285714285714,65.0,3.823529411764706,-50.0,40,25,15,5,20,70
REJECT,STRUCTURE_ONLY,17,6,7,0.35294117647058826,1.3714285714285714,65.0,3.823529411764706,-50.0,40,25,10,5,20,60
REJECT,STRUCTURE_ONLY,17,6,5,0.35294117647058826,1.2,25.0,1.4705882352941178,-50.0,25,25,15,5,15,40
REJECT,STRUCTURE_ONLY,17,6,5,0.35294117647058826,1.2,25.0,1.4705882352941178,-50.0,25,25,15,5,15,70
REJECT,STRUCTURE_ONLY,17,6,5,0.35294117647058826,1.2,25.0,1.4705882352941178,-50.0,25,25,10,5,15,50
REJECT,STRUCTURE_ONLY,17,6,5,0.35294117647058826,1.2,25.0,1.4705882352941178,-50.0,25,25,10,5,15,70
REJECT,STRUCTURE_ONLY,17,6,5,0.35294117647058826,1.2,25.0,1.4705882352941178,-50.0,25,25,5,5,15,60
REJECT,STRUCTURE_ONLY,17,6,5,0.35294117647058826,1.2,25.0,1.4705882352941178,-50.0,25,25,5,5,15,50
REJECT,STRUCTURE_ONLY,17,6,5,0.35294117647058826,1.2,25.0,1.4705882352941178,-50.0,25,25,15,5,15,50
REJECT,STRUCTURE_ONLY,17,6,5,0.35294117647058826,1.2,25.0,1.4705882352941178,-50.0,25,25,15,5,15,60
REJECT,STRUCTURE_ONLY,17,6,5,0.35294117647058826,1.2,25.0,1.4705882352941178,-50.0,25,25,10,5,15,40
REJECT,STRUCTURE_ONLY,17,6,5,0.35294117647058826,1.2,25.0,1.4705882352941178,-50.0,25,25,10,5,15,60
REJECT,STRUCTURE_ONLY,17,6,5,0.35294117647058826,1.2,25.0,1.4705882352941178,-50.0,25,25,5,5,15,70
REJECT,STRUCTURE_ONLY,17,6,5,0.35294117647058826,1.2,25.0,1.4705882352941178,-50.0,25,25,5,5,15,40
REJECT,STRUCTURE_ONLY,17,6,7,0.35294117647058826,1.0285714285714285,5.0,0.29411764705882354,-50.0,30,25,5,5,20,70
REJECT,STRUCTURE_ONLY,17,6,7,0.35294117647058826,1.0285714285714285,5.0,0.29411764705882354,-50.0,30,25,15,5,20,50
REJECT,STRUCTURE_ONLY,17,6,7,0.35294117647058826,1.0285714285714285,5.0,0.29411764705882354,-50.0,30,25,5,5,20,50
REJECT,STRUCTURE_ONLY,17,6,7,0.35294117647058826,1.0285714285714285,5.0,0.29411764705882354,-50.0,30,25,5,5,20,40
REJECT,STRUCTURE_ONLY,17,6,7,0.35294117647058826,1.0285714285714285,5.0,0.29411764705882354,-50.0,30,25,10,5,20,70
REJECT,STRUCTURE_ONLY,17,6,7,0.35294117647058826,1.0285714285714285,5.0,0.29411764705882354,-50.0,30,25,10,5,20,40
REJECT,STRUCTURE_ONLY,17,6,7,0.35294117647058826,1.0285714285714285,5.0,0.29411764705882354,-50.0,30,25,10,5,20,50
REJECT,STRUCTURE_ONLY,17,6,7,0.35294117647058826,1.0285714285714285,5.0,0.29411764705882354,-50.0,30,25,15,5,20,70
REJECT,STRUCTURE_ONLY,17,6,7,0.35294117647058826,1.0285714285714285,5.0,0.29411764705882354,-50.0,30,25,15,5,20,60
REJECT,STRUCTURE_ONLY,17,6,7,0.35294117647058826,1.0285714285714285,5.0,0.29411764705882354,-50.0,30,25,5,5,20,60
REJECT,STRUCTURE_ONLY,17,6,7,0.35294117647058826,1.0285714285714285,5.0,0.29411764705882354,-50.0,30,25,15,5,20,40
REJECT,STRUCTURE_ONLY,17,6,7,0.35294117647058826,1.0285714285714285,5.0,0.29411764705882354,-50.0,30,25,10,5,20,60
REJECT,STRUCTURE_ONLY,17,6,5,0.35294117647058826,1.0,0.0,0.0,-65.0,25,30,10,5,15,60
REJECT,STRUCTURE_ONLY,17,6,5,0.35294117647058826,1.0,0.0,0.0,-65.0,25,30,15,5,15,40
REJECT,STRUCTURE_ONLY,17,6,5,0.35294117647058826,1.0,0.0,0.0,-65.0,25,30,10,5,15,70
REJECT,STRUCTURE_ONLY,17,6,5,0.35294117647058826,1.0,0.0,0.0,-65.0,25,30,10,5,15,50
REJECT,STRUCTURE_ONLY,17,6,5,0.35294117647058826,1.0,0.0,0.0,-65.0,25,30,15,5,15,50
REJECT,STRUCTURE_ONLY,17,6,5,0.35294117647058826,1.0,0.0,0.0,-65.0,25,30,5,5,15,60
REJECT,STRUCTURE_ONLY,17,6,5,0.35294117647058826,1.0,0.0,0.0,-65.0,25,30,5,5,15,50
REJECT,STRUCTURE_ONLY,17,6,5,0.35294117647058826,1.0,0.0,0.0,-65.0,25,30,5,5,15,40
REJECT,STRUCTURE_ONLY,17,6,5,0.35294117647058826,1.0,0.0,0.0,-65.0,25,30,10,5,15,40
REJECT,STRUCTURE_ONLY,17,6,5,0.35294117647058826,1.0,0.0,0.0,-65.0,25,30,15,5,15,60
REJECT,STRUCTURE_ONLY,17,6,5,0.35294117647058826,1.0,0.0,0.0,-65.0,25,30,5,5,15,70
REJECT,STRUCTURE_ONLY,17,6,5,0.35294117647058826,1.0,0.0,0.0,-65.0,25,30,15,5,15,70
REJECT,STRUCTURE_ONLY,17,6,5,0.35294117647058826,0.96,-5.0,-0.29411764705882354,-55.0,20,25,10,5,15,70
REJECT,STRUCTURE_ONLY,17,6,5,0.35294117647058826,0.96,-5.0,-0.29411764705882354,-55.0,20,25,5,5,15,40
REJECT,STRUCTURE_ONLY,17,6,5,0.35294117647058826,0.96,-5.0,-0.29411764705882354,-55.0,20,25,5,5,15,70
REJECT,STRUCTURE_ONLY,17,6,5,0.35294117647058826,0.96,-5.0,-0.29411764705882354,-55.0,20,25,10,5,15,50
REJECT,STRUCTURE_ONLY,17,6,5,0.35294117647058826,0.96,-5.0,-0.29411764705882354,-55.0,20,25,5,5,15,60
REJECT,STRUCTURE_ONLY,17,6,5,0.35294117647058826,0.96,-5.0,-0.29411764705882354,-55.0,20,25,5,5,15,50
REJECT,STRUCTURE_ONLY,17,6,5,0.35294117647058826,0.96,-5.0,-0.29411764705882354,-55.0,20,25,10,5,15,60
REJECT,STRUCTURE_ONLY,17,6,5,0.35294117647058826,0.96,-5.0,-0.29411764705882354,-55.0,20,25,15,5,15,40
REJECT,STRUCTURE_ONLY,17,6,5,0.35294117647058826,0.96,-5.0,-0.29411764705882354,-55.0,20,25,15,5,15,50
REJECT,STRUCTURE_ONLY,17,6,5,0.35294117647058826,0.96,-5.0,-0.29411764705882354,-55.0,20,25,15,5,15,60
REJECT,STRUCTURE_ONLY,17,6,5,0.35294117647058826,0.96,-5.0,-0.29411764705882354,-55.0,20,25,15,5,15,70
REJECT,STRUCTURE_ONLY,17,6,5,0.35294117647058826,0.96,-5.0,-0.29411764705882354,-55.0,20,25,10,5,15,40
REJECT,STRUCTURE_ONLY,17,6,4,0.35294117647058826,0.9375,-10.0,-0.5882352941176471,-95.0,25,40,15,5,15,70
REJECT,STRUCTURE_ONLY,17,6,4,0.35294117647058826,0.9375,-10.0,-0.5882352941176471,-95.0,25,40,15,5,15,40
REJECT,STRUCTURE_ONLY,17,6,4,0.35294117647058826,0.9375,-10.0,-0.5882352941176471,-95.0,25,40,5,5,15,40
REJECT,STRUCTURE_ONLY,17,6,4,0.35294117647058826,0.9375,-10.0,-0.5882352941176471,-95.0,25,40,5,5,15,50
REJECT,STRUCTURE_ONLY,17,6,4,0.35294117647058826,0.9375,-10.0,-0.5882352941176471,-95.0,25,40,5,5,15,60
REJECT,STRUCTURE_ONLY,17,6,4,0.35294117647058826,0.9375,-10.0,-0.5882352941176471,-95.0,25,40,10,5,15,40
REJECT,STRUCTURE_ONLY,17,6,4,0.35294117647058826,0.9375,-10.0,-0.5882352941176471,-95.0,25,40,5,5,15,70
REJECT,STRUCTURE_ONLY,17,6,4,0.35294117647058826,0.9375,-10.0,-0.5882352941176471,-95.0,25,40,10,5,15,60
REJECT,STRUCTURE_ONLY,17,6,4,0.35294117647058826,0.9375,-10.0,-0.5882352941176471,-95.0,25,40,10,5,15,70
REJECT,STRUCTURE_ONLY,17,6,4,0.35294117647058826,0.9375,-10.0,-0.5882352941176471,-95.0,25,40,10,5,15,50
REJECT,STRUCTURE_ONLY,17,6,4,0.35294117647058826,0.9375,-10.0,-0.5882352941176471,-95.0,25,40,15,5,15,60
REJECT,STRUCTURE_ONLY,17,6,4,0.35294117647058826,0.9375,-10.0,-0.5882352941176471,-95.0,25,40,15,5,15,50
REJECT,STRUCTURE_ONLY,17,6,5,0.35294117647058826,0.8,-30.0,-1.7647058823529411,-70.0,20,30,15,5,15,60
REJECT,STRUCTURE_ONLY,17,6,5,0.35294117647058826,0.8,-30.0,-1.7647058823529411,-70.0,20,30,5,5,15,50
REJECT,STRUCTURE_ONLY,17,6,5,0.35294117647058826,0.8,-30.0,-1.7647058823529411,-70.0,20,30,15,5,15,40
REJECT,STRUCTURE_ONLY,17,6,5,0.35294117647058826,0.8,-30.0,-1.7647058823529411,-70.0,20,30,5,5,15,60
REJECT,STRUCTURE_ONLY,17,6,5,0.35294117647058826,0.8,-30.0,-1.7647058823529411,-70.0,20,30,10,5,15,40
REJECT,STRUCTURE_ONLY,17,6,5,0.35294117647058826,0.8,-30.0,-1.7647058823529411,-70.0,20,30,5,5,15,70
REJECT,STRUCTURE_ONLY,17,6,5,0.35294117647058826,0.8,-30.0,-1.7647058823529411,-70.0,20,30,10,5,15,60
REJECT,STRUCTURE_ONLY,17,6,5,0.35294117647058826,0.8,-30.0,-1.7647058823529411,-70.0,20,30,15,5,15,50
REJECT,STRUCTURE_ONLY,17,6,5,0.35294117647058826,0.8,-30.0,-1.7647058823529411,-70.0,20,30,10,5,15,70
REJECT,STRUCTURE_ONLY,17,6,5,0.35294117647058826,0.8,-30.0,-1.7647058823529411,-70.0,20,30,5,5,15,40
REJECT,STRUCTURE_ONLY,17,6,5,0.35294117647058826,0.8,-30.0,-1.7647058823529411,-70.0,20,30,10,5,15,50
REJECT,STRUCTURE_ONLY,17,6,5,0.35294117647058826,0.8,-30.0,-1.7647058823529411,-70.0,20,30,15,5,15,70
REJECT,STRUCTURE_ONLY,17,6,4,0.35294117647058826,0.75,-40.0,-2.3529411764705883,-100.0,20,40,15,5,15,70
REJECT,STRUCTURE_ONLY,17,6,4,0.35294117647058826,0.75,-40.0,-2.3529411764705883,-100.0,20,40,10,5,15,70
REJECT,STRUCTURE_ONLY,17,6,4,0.35294117647058826,0.75,-40.0,-2.3529411764705883,-100.0,20,40,5,5,15,70
REJECT,STRUCTURE_ONLY,17,6,4,0.35294117647058826,0.75,-40.0,-2.3529411764705883,-100.0,20,40,5,5,15,50
REJECT,STRUCTURE_ONLY,17,6,4,0.35294117647058826,0.75,-40.0,-2.3529411764705883,-100.0,20,40,10,5,15,60
REJECT,STRUCTURE_ONLY,17,6,4,0.35294117647058826,0.75,-40.0,-2.3529411764705883,-100.0,20,40,5,5,15,60
REJECT,STRUCTURE_ONLY,17,6,4,0.35294117647058826,0.75,-40.0,-2.3529411764705883,-100.0,20,40,10,5,15,50
REJECT,STRUCTURE_ONLY,17,6,4,0.35294117647058826,0.75,-40.0,-2.3529411764705883,-100.0,20,40,15,5,15,60
REJECT,STRUCTURE_ONLY,17,6,4,0.35294117647058826,0.75,-40.0,-2.3529411764705883,-100.0,20,40,10,5,15,40
REJECT,STRUCTURE_ONLY,17,6,4,0.35294117647058826,0.75,-40.0,-2.3529411764705883,-100.0,20,40,15,5,15,40
REJECT,STRUCTURE_ONLY,17,6,4,0.35294117647058826,0.75,-40.0,-2.3529411764705883,-100.0,20,40,5,5,15,40
REJECT,STRUCTURE_ONLY,17,6,4,0.35294117647058826,0.75,-40.0,-2.3529411764705883,-100.0,20,40,15,5,15,50
REJECT,STRUCTURE_ONLY,17,5,5,0.29411764705882354,1.6,75.0,4.411764705882353,-50.0,40,25,5,5,15,60
REJECT,STRUCTURE_ONLY,17,5,5,0.29411764705882354,1.6,75.0,4.411764705882353,-50.0,40,25,5,5,15,50
REJECT,STRUCTURE_ONLY,17,5,5,0.29411764705882354,1.6,75.0,4.411764705882353,-50.0,40,25,15,5,15,70
REJECT,STRUCTURE_ONLY,17,5,5,0.29411764705882354,1.6,75.0,4.411764705882353,-50.0,40,25,15,5,15,40
REJECT,STRUCTURE_ONLY,17,5,5,0.29411764705882354,1.6,75.0,4.411764705882353,-50.0,40,25,10,5,15,40
REJECT,STRUCTURE_ONLY,17,5,5,0.29411764705882354,1.6,75.0,4.411764705882353,-50.0,40,25,5,5,15,70
REJECT,STRUCTURE_ONLY,17,5,5,0.29411764705882354,1.6,75.0,4.411764705882353,-50.0,40,25,10,5,15,60
REJECT,STRUCTURE_ONLY,17,5,5,0.29411764705882354,1.6,75.0,4.411764705882353,-50.0,40,25,5,5,15,40
REJECT,STRUCTURE_ONLY,17,5,5,0.29411764705882354,1.6,75.0,4.411764705882353,-50.0,40,25,15,5,15,50
REJECT,STRUCTURE_ONLY,17,5,5,0.29411764705882354,1.6,75.0,4.411764705882353,-50.0,40,25,15,5,15,60
REJECT,STRUCTURE_ONLY,17,5,5,0.29411764705882354,1.6,75.0,4.411764705882353,-50.0,40,25,10,5,15,50
REJECT,STRUCTURE_ONLY,17,5,5,0.29411764705882354,1.6,75.0,4.411764705882353,-50.0,40,25,10,5,15,70
REJECT,STRUCTURE_ONLY,17,5,5,0.29411764705882354,1.3333333333333333,50.0,2.9411764705882355,-60.0,40,30,5,5,15,50
REJECT,STRUCTURE_ONLY,17,5,5,0.29411764705882354,1.3333333333333333,50.0,2.9411764705882355,-60.0,40,30,10,5,15,50
REJECT,STRUCTURE_ONLY,17,5,5,0.29411764705882354,1.3333333333333333,50.0,2.9411764705882355,-60.0,40,30,5,5,15,70
REJECT,STRUCTURE_ONLY,17,5,5,0.29411764705882354,1.3333333333333333,50.0,2.9411764705882355,-60.0,40,30,10,5,15,70
REJECT,STRUCTURE_ONLY,17,5,5,0.29411764705882354,1.3333333333333333,50.0,2.9411764705882355,-60.0,40,30,5,5,15,60
REJECT,STRUCTURE_ONLY,17,5,5,0.29411764705882354,1.3333333333333333,50.0,2.9411764705882355,-60.0,40,30,10,5,15,40
REJECT,STRUCTURE_ONLY,17,5,5,0.29411764705882354,1.3333333333333333,50.0,2.9411764705882355,-60.0,40,30,15,5,15,40
REJECT,STRUCTURE_ONLY,17,5,5,0.29411764705882354,1.3333333333333333,50.0,2.9411764705882355,-60.0,40,30,15,5,15,70
REJECT,STRUCTURE_ONLY,17,5,5,0.29411764705882354,1.3333333333333333,50.0,2.9411764705882355,-60.0,40,30,15,5,15,50
REJECT,STRUCTURE_ONLY,17,5,5,0.29411764705882354,1.3333333333333333,50.0,2.9411764705882355,-60.0,40,30,15,5,15,60
REJECT,STRUCTURE_ONLY,17,5,5,0.29411764705882354,1.3333333333333333,50.0,2.9411764705882355,-60.0,40,30,5,5,15,40
REJECT,STRUCTURE_ONLY,17,5,5,0.29411764705882354,1.3333333333333333,50.0,2.9411764705882355,-60.0,40,30,10,5,15,60
REJECT,STRUCTURE_ONLY,17,5,4,0.29411764705882354,1.25,40.0,2.3529411764705883,-80.0,40,40,10,5,15,40
REJECT,STRUCTURE_ONLY,17,5,4,0.29411764705882354,1.25,40.0,2.3529411764705883,-80.0,40,40,15,5,15,60
REJECT,STRUCTURE_ONLY,17,5,4,0.29411764705882354,1.25,40.0,2.3529411764705883,-80.0,40,40,10,5,15,60
REJECT,STRUCTURE_ONLY,17,5,4,0.29411764705882354,1.25,40.0,2.3529411764705883,-80.0,40,40,10,5,15,70
REJECT,STRUCTURE_ONLY,17,5,4,0.29411764705882354,1.25,40.0,2.3529411764705883,-80.0,40,40,5,5,15,70
REJECT,STRUCTURE_ONLY,17,5,4,0.29411764705882354,1.25,40.0,2.3529411764705883,-80.0,40,40,5,5,15,50
REJECT,STRUCTURE_ONLY,17,5,4,0.29411764705882354,1.25,40.0,2.3529411764705883,-80.0,40,40,15,5,15,40
REJECT,STRUCTURE_ONLY,17,5,4,0.29411764705882354,1.25,40.0,2.3529411764705883,-80.0,40,40,15,5,15,70
REJECT,STRUCTURE_ONLY,17,5,4,0.29411764705882354,1.25,40.0,2.3529411764705883,-80.0,40,40,15,5,15,50
REJECT,STRUCTURE_ONLY,17,5,4,0.29411764705882354,1.25,40.0,2.3529411764705883,-80.0,40,40,10,5,15,50
REJECT,STRUCTURE_ONLY,17,5,4,0.29411764705882354,1.25,40.0,2.3529411764705883,-80.0,40,40,5,5,15,60
REJECT,STRUCTURE_ONLY,17,5,4,0.29411764705882354,1.25,40.0,2.3529411764705883,-80.0,40,40,5,5,15,40
REJECT,STRUCTURE_ONLY,17,5,5,0.29411764705882354,1.2,25.0,1.4705882352941178,-50.0,30,25,10,5,15,60
REJECT,STRUCTURE_ONLY,17,5,5,0.29411764705882354,1.2,25.0,1.4705882352941178,-50.0,30,25,5,5,15,60
REJECT,STRUCTURE_ONLY,17,5,5,0.29411764705882354,1.2,25.0,1.4705882352941178,-50.0,30,25,5,5,15,50
REJECT,STRUCTURE_ONLY,17,5,5,0.29411764705882354,1.2,25.0,1.4705882352941178,-50.0,30,25,10,5,15,70
REJECT,STRUCTURE_ONLY,17,5,5,0.29411764705882354,1.2,25.0,1.4705882352941178,-50.0,30,25,5,5,15,40
REJECT,STRUCTURE_ONLY,17,5,5,0.29411764705882354,1.2,25.0,1.4705882352941178,-50.0,30,25,15,5,15,70
REJECT,STRUCTURE_ONLY,17,5,5,0.29411764705882354,1.2,25.0,1.4705882352941178,-50.0,30,25,10,5,15,50
REJECT,STRUCTURE_ONLY,17,5,5,0.29411764705882354,1.2,25.0,1.4705882352941178,-50.0,30,25,15,5,15,60
REJECT,STRUCTURE_ONLY,17,5,5,0.29411764705882354,1.2,25.0,1.4705882352941178,-50.0,30,25,15,5,15,50
REJECT,STRUCTURE_ONLY,17,5,5,0.29411764705882354,1.2,25.0,1.4705882352941178,-50.0,30,25,15,5,15,40
REJECT,STRUCTURE_ONLY,17,5,5,0.29411764705882354,1.2,25.0,1.4705882352941178,-50.0,30,25,10,5,15,40
REJECT,STRUCTURE_ONLY,17,5,5,0.29411764705882354,1.2,25.0,1.4705882352941178,-50.0,30,25,5,5,15,70
REJECT,STRUCTURE_ONLY,17,5,6,0.29411764705882354,1.0416666666666667,5.0,0.29411764705882354,-60.0,25,20,15,5,12,40
REJECT,STRUCTURE_ONLY,17,5,6,0.29411764705882354,1.0416666666666667,5.0,0.29411764705882354,-60.0,25,20,10,5,12,50
REJECT,STRUCTURE_ONLY,17,5,6,0.29411764705882354,1.0416666666666667,5.0,0.29411764705882354,-60.0,25,20,10,5,12,40
REJECT,STRUCTURE_ONLY,17,5,6,0.29411764705882354,1.0416666666666667,5.0,0.29411764705882354,-60.0,25,20,10,5,12,60
REJECT,STRUCTURE_ONLY,17,5,6,0.29411764705882354,1.0416666666666667,5.0,0.29411764705882354,-60.0,25,20,10,5,12,70
REJECT,STRUCTURE_ONLY,17,5,6,0.29411764705882354,1.0416666666666667,5.0,0.29411764705882354,-60.0,25,20,15,5,12,60
REJECT,STRUCTURE_ONLY,17,5,6,0.29411764705882354,1.0416666666666667,5.0,0.29411764705882354,-60.0,25,20,5,5,12,50
REJECT,STRUCTURE_ONLY,17,5,6,0.29411764705882354,1.0416666666666667,5.0,0.29411764705882354,-60.0,25,20,15,5,12,70
REJECT,STRUCTURE_ONLY,17,5,6,0.29411764705882354,1.0416666666666667,5.0,0.29411764705882354,-60.0,25,20,5,5,12,40
REJECT,STRUCTURE_ONLY,17,5,6,0.29411764705882354,1.0416666666666667,5.0,0.29411764705882354,-60.0,25,20,5,5,12,60
REJECT,STRUCTURE_ONLY,17,5,6,0.29411764705882354,1.0416666666666667,5.0,0.29411764705882354,-60.0,25,20,15,5,12,50
REJECT,STRUCTURE_ONLY,17,5,6,0.29411764705882354,1.0416666666666667,5.0,0.29411764705882354,-60.0,25,20,5,5,12,70
REJECT,STRUCTURE_ONLY,17,5,5,0.29411764705882354,1.0,0.0,0.0,-60.0,30,30,15,5,15,50
REJECT,STRUCTURE_ONLY,17,5,5,0.29411764705882354,1.0,0.0,0.0,-75.0,25,25,5,5,12,50
REJECT,STRUCTURE_ONLY,17,5,5,0.29411764705882354,1.0,0.0,0.0,-75.0,25,25,10,5,12,50
REJECT,STRUCTURE_ONLY,17,5,5,0.29411764705882354,1.0,0.0,0.0,-75.0,25,25,5,5,12,60
REJECT,STRUCTURE_ONLY,17,5,5,0.29411764705882354,1.0,0.0,0.0,-60.0,30,30,10,5,15,50
REJECT,STRUCTURE_ONLY,17,5,5,0.29411764705882354,1.0,0.0,0.0,-75.0,25,25,10,5,12,40
REJECT,STRUCTURE_ONLY,17,5,5,0.29411764705882354,1.0,0.0,0.0,-75.0,25,25,15,5,12,40
REJECT,STRUCTURE_ONLY,17,5,5,0.29411764705882354,1.0,0.0,0.0,-60.0,30,30,5,5,15,40
REJECT,STRUCTURE_ONLY,17,5,5,0.29411764705882354,1.0,0.0,0.0,-60.0,30,30,5,5,15,50
REJECT,STRUCTURE_ONLY,17,5,5,0.29411764705882354,1.0,0.0,0.0,-60.0,30,30,5,5,15,60
REJECT,STRUCTURE_ONLY,17,5,5,0.29411764705882354,1.0,0.0,0.0,-60.0,30,30,5,5,15,70
REJECT,STRUCTURE_ONLY,17,5,5,0.29411764705882354,1.0,0.0,0.0,-75.0,25,25,10,5,12,60
REJECT,STRUCTURE_ONLY,17,5,5,0.29411764705882354,1.0,0.0,0.0,-75.0,25,25,10,5,12,70
REJECT,STRUCTURE_ONLY,17,5,5,0.29411764705882354,1.0,0.0,0.0,-60.0,30,30,10,5,15,40
REJECT,STRUCTURE_ONLY,17,5,5,0.29411764705882354,1.0,0.0,0.0,-60.0,30,30,10,5,15,60
REJECT,STRUCTURE_ONLY,17,5,5,0.29411764705882354,1.0,0.0,0.0,-60.0,30,30,10,5,15,70
REJECT,STRUCTURE_ONLY,17,5,5,0.29411764705882354,1.0,0.0,0.0,-75.0,25,25,15,5,12,70
REJECT,STRUCTURE_ONLY,17,5,5,0.29411764705882354,1.0,0.0,0.0,-75.0,25,25,5,5,12,70
REJECT,STRUCTURE_ONLY,17,5,5,0.29411764705882354,1.0,0.0,0.0,-75.0,25,25,15,5,12,60
REJECT,STRUCTURE_ONLY,17,5,5,0.29411764705882354,1.0,0.0,0.0,-75.0,25,25,15,5,12,50
REJECT,STRUCTURE_ONLY,17,5,5,0.29411764705882354,1.0,0.0,0.0,-60.0,30,30,15,5,15,40
REJECT,STRUCTURE_ONLY,17,5,5,0.29411764705882354,1.0,0.0,0.0,-75.0,25,25,5,5,12,40
REJECT,STRUCTURE_ONLY,17,5,5,0.29411764705882354,1.0,0.0,0.0,-60.0,30,30,15,5,15,60
REJECT,STRUCTURE_ONLY,17,5,5,0.29411764705882354,1.0,0.0,0.0,-60.0,30,30,15,5,15,70
REJECT,STRUCTURE_ONLY,17,5,4,0.29411764705882354,0.9375,-10.0,-0.5882352941176471,-100.0,30,40,15,5,15,50
REJECT,STRUCTURE_ONLY,17,5,4,0.29411764705882354,0.9375,-10.0,-0.5882352941176471,-100.0,30,40,10,5,15,50
REJECT,STRUCTURE_ONLY,17,5,4,0.29411764705882354,0.9375,-10.0,-0.5882352941176471,-100.0,30,40,15,5,15,70
REJECT,STRUCTURE_ONLY,17,5,4,0.29411764705882354,0.9375,-10.0,-0.5882352941176471,-100.0,30,40,5,5,15,40
REJECT,STRUCTURE_ONLY,17,5,4,0.29411764705882354,0.9375,-10.0,-0.5882352941176471,-100.0,30,40,15,5,15,60
REJECT,STRUCTURE_ONLY,17,5,4,0.29411764705882354,0.9375,-10.0,-0.5882352941176471,-100.0,30,40,15,5,15,40
REJECT,STRUCTURE_ONLY,17,5,4,0.29411764705882354,0.9375,-10.0,-0.5882352941176471,-100.0,30,40,10,5,15,70
REJECT,STRUCTURE_ONLY,17,5,4,0.29411764705882354,0.9375,-10.0,-0.5882352941176471,-100.0,30,40,5,5,15,50
REJECT,STRUCTURE_ONLY,17,5,4,0.29411764705882354,0.9375,-10.0,-0.5882352941176471,-100.0,30,40,5,5,15,60
REJECT,STRUCTURE_ONLY,17,5,4,0.29411764705882354,0.9375,-10.0,-0.5882352941176471,-100.0,30,40,5,5,15,70
REJECT,STRUCTURE_ONLY,17,5,4,0.29411764705882354,0.9375,-10.0,-0.5882352941176471,-100.0,30,40,10,5,15,60
REJECT,STRUCTURE_ONLY,17,5,4,0.29411764705882354,0.9375,-10.0,-0.5882352941176471,-100.0,30,40,10,5,15,40
REJECT,STRUCTURE_ONLY,17,5,7,0.29411764705882354,0.8928571428571429,-15.0,-0.8823529411764706,-80.0,25,20,5,5,15,40
REJECT,STRUCTURE_ONLY,17,5,7,0.29411764705882354,0.8928571428571429,-15.0,-0.8823529411764706,-80.0,25,20,10,5,15,50
REJECT,STRUCTURE_ONLY,17,5,7,0.29411764705882354,0.8928571428571429,-15.0,-0.8823529411764706,-80.0,25,20,10,5,15,60
REJECT,STRUCTURE_ONLY,17,5,7,0.29411764705882354,0.8928571428571429,-15.0,-0.8823529411764706,-80.0,25,20,10,5,15,70
REJECT,STRUCTURE_ONLY,17,5,7,0.29411764705882354,0.8928571428571429,-15.0,-0.8823529411764706,-80.0,25,20,10,5,15,40
REJECT,STRUCTURE_ONLY,17,5,7,0.29411764705882354,0.8928571428571429,-15.0,-0.8823529411764706,-80.0,25,20,15,5,15,70
REJECT,STRUCTURE_ONLY,17,5,7,0.29411764705882354,0.8928571428571429,-15.0,-0.8823529411764706,-80.0,25,20,5,5,15,70
REJECT,STRUCTURE_ONLY,17,5,7,0.29411764705882354,0.8928571428571429,-15.0,-0.8823529411764706,-80.0,25,20,5,5,15,60
REJECT,STRUCTURE_ONLY,17,5,7,0.29411764705882354,0.8928571428571429,-15.0,-0.8823529411764706,-80.0,25,20,15,5,15,60
REJECT,STRUCTURE_ONLY,17,5,7,0.29411764705882354,0.8928571428571429,-15.0,-0.8823529411764706,-80.0,25,20,15,5,15,40
REJECT,STRUCTURE_ONLY,17,5,7,0.29411764705882354,0.8928571428571429,-15.0,-0.8823529411764706,-80.0,25,20,5,5,15,50
REJECT,STRUCTURE_ONLY,17,5,7,0.29411764705882354,0.8928571428571429,-15.0,-0.8823529411764706,-80.0,25,20,15,5,15,50
REJECT,STRUCTURE_ONLY,17,5,6,0.29411764705882354,0.8333333333333334,-20.0,-1.1764705882352942,-60.0,20,20,5,5,12,40
REJECT,STRUCTURE_ONLY,17,5,6,0.29411764705882354,0.8333333333333334,-20.0,-1.1764705882352942,-60.0,20,20,5,5,12,70
REJECT,STRUCTURE_ONLY,17,5,6,0.29411764705882354,0.8333333333333334,-20.0,-1.1764705882352942,-60.0,20,20,15,5,12,50
REJECT,STRUCTURE_ONLY,17,5,6,0.29411764705882354,0.8333333333333334,-20.0,-1.1764705882352942,-60.0,20,20,10,5,12,60
REJECT,STRUCTURE_ONLY,17,5,6,0.29411764705882354,0.8333333333333334,-20.0,-1.1764705882352942,-60.0,20,20,10,5,12,50
REJECT,STRUCTURE_ONLY,17,5,6,0.29411764705882354,0.8333333333333334,-20.0,-1.1764705882352942,-60.0,20,20,10,5,12,40
REJECT,STRUCTURE_ONLY,17,5,6,0.29411764705882354,0.8333333333333334,-20.0,-1.1764705882352942,-60.0,20,20,15,5,12,70
REJECT,STRUCTURE_ONLY,17,5,6,0.29411764705882354,0.8333333333333334,-20.0,-1.1764705882352942,-60.0,20,20,5,5,12,50
REJECT,STRUCTURE_ONLY,17,5,6,0.29411764705882354,0.8333333333333334,-20.0,-1.1764705882352942,-60.0,20,20,15,5,12,60
REJECT,STRUCTURE_ONLY,17,5,6,0.29411764705882354,0.8333333333333334,-20.0,-1.1764705882352942,-60.0,20,20,15,5,12,40
REJECT,STRUCTURE_ONLY,17,5,6,0.29411764705882354,0.8333333333333334,-20.0,-1.1764705882352942,-60.0,20,20,10,5,12,70
REJECT,STRUCTURE_ONLY,17,5,6,0.29411764705882354,0.8333333333333334,-20.0,-1.1764705882352942,-60.0,20,20,5,5,12,60
REJECT,STRUCTURE_ONLY,17,5,5,0.29411764705882354,0.8333333333333334,-25.0,-1.4705882352941178,-90.0,25,30,10,5,12,60
REJECT,STRUCTURE_ONLY,17,5,5,0.29411764705882354,0.8333333333333334,-25.0,-1.4705882352941178,-90.0,25,30,5,5,12,50
REJECT,STRUCTURE_ONLY,17,5,5,0.29411764705882354,0.8333333333333334,-25.0,-1.4705882352941178,-90.0,25,30,10,5,12,70
REJECT,STRUCTURE_ONLY,17,5,5,0.29411764705882354,0.8333333333333334,-25.0,-1.4705882352941178,-90.0,25,30,5,5,12,40
REJECT,STRUCTURE_ONLY,17,5,5,0.29411764705882354,0.8333333333333334,-25.0,-1.4705882352941178,-90.0,25,30,15,5,12,60
REJECT,STRUCTURE_ONLY,17,5,5,0.29411764705882354,0.8333333333333334,-25.0,-1.4705882352941178,-90.0,25,30,10,5,12,50
REJECT,STRUCTURE_ONLY,17,5,5,0.29411764705882354,0.8333333333333334,-25.0,-1.4705882352941178,-90.0,25,30,10,5,12,40
REJECT,STRUCTURE_ONLY,17,5,5,0.29411764705882354,0.8333333333333334,-25.0,-1.4705882352941178,-90.0,25,30,15,5,12,40
REJECT,STRUCTURE_ONLY,17,5,5,0.29411764705882354,0.8333333333333334,-25.0,-1.4705882352941178,-90.0,25,30,15,5,12,70
REJECT,STRUCTURE_ONLY,17,5,5,0.29411764705882354,0.8333333333333334,-25.0,-1.4705882352941178,-90.0,25,30,15,5,12,50
REJECT,STRUCTURE_ONLY,17,5,5,0.29411764705882354,0.8333333333333334,-25.0,-1.4705882352941178,-90.0,25,30,5,5,12,60
REJECT,STRUCTURE_ONLY,17,5,5,0.29411764705882354,0.8333333333333334,-25.0,-1.4705882352941178,-90.0,25,30,5,5,12,70
REJECT,STRUCTURE_ONLY,17,5,5,0.29411764705882354,0.8,-25.0,-1.4705882352941178,-75.0,20,25,5,5,12,50
REJECT,STRUCTURE_ONLY,17,5,5,0.29411764705882354,0.8,-25.0,-1.4705882352941178,-75.0,20,25,5,5,12,60
REJECT,STRUCTURE_ONLY,17,5,5,0.29411764705882354,0.8,-25.0,-1.4705882352941178,-75.0,20,25,5,5,12,70
REJECT,STRUCTURE_ONLY,17,5,5,0.29411764705882354,0.8,-25.0,-1.4705882352941178,-75.0,20,25,10,5,12,50
REJECT,STRUCTURE_ONLY,17,5,5,0.29411764705882354,0.8,-25.0,-1.4705882352941178,-75.0,20,25,10,5,12,40
REJECT,STRUCTURE_ONLY,17,5,5,0.29411764705882354,0.8,-25.0,-1.4705882352941178,-75.0,20,25,15,5,12,70
REJECT,STRUCTURE_ONLY,17,5,5,0.29411764705882354,0.8,-25.0,-1.4705882352941178,-75.0,20,25,5,5,12,40
REJECT,STRUCTURE_ONLY,17,5,5,0.29411764705882354,0.8,-25.0,-1.4705882352941178,-75.0,20,25,15,5,12,60
REJECT,STRUCTURE_ONLY,17,5,5,0.29411764705882354,0.8,-25.0,-1.4705882352941178,-75.0,20,25,10,5,12,60
REJECT,STRUCTURE_ONLY,17,5,5,0.29411764705882354,0.8,-25.0,-1.4705882352941178,-75.0,20,25,15,5,12,50
REJECT,STRUCTURE_ONLY,17,5,5,0.29411764705882354,0.8,-25.0,-1.4705882352941178,-75.0,20,25,10,5,12,70
REJECT,STRUCTURE_ONLY,17,5,5,0.29411764705882354,0.8,-25.0,-1.4705882352941178,-75.0,20,25,15,5,12,40
REJECT,STRUCTURE_ONLY,17,5,4,0.29411764705882354,0.78125,-35.0,-2.0588235294117645,-120.0,25,40,10,5,12,40
REJECT,STRUCTURE_ONLY,17,5,4,0.29411764705882354,0.78125,-35.0,-2.0588235294117645,-120.0,25,40,5,5,12,40
REJECT,STRUCTURE_ONLY,17,5,4,0.29411764705882354,0.78125,-35.0,-2.0588235294117645,-120.0,25,40,5,5,12,70
REJECT,STRUCTURE_ONLY,17,5,4,0.29411764705882354,0.78125,-35.0,-2.0588235294117645,-120.0,25,40,10,5,12,70
REJECT,STRUCTURE_ONLY,17,5,4,0.29411764705882354,0.78125,-35.0,-2.0588235294117645,-120.0,25,40,10,5,12,60
REJECT,STRUCTURE_ONLY,17,5,4,0.29411764705882354,0.78125,-35.0,-2.0588235294117645,-120.0,25,40,10,5,12,50
REJECT,STRUCTURE_ONLY,17,5,4,0.29411764705882354,0.78125,-35.0,-2.0588235294117645,-120.0,25,40,15,5,12,40
REJECT,STRUCTURE_ONLY,17,5,4,0.29411764705882354,0.78125,-35.0,-2.0588235294117645,-120.0,25,40,15,5,12,50
REJECT,STRUCTURE_ONLY,17,5,4,0.29411764705882354,0.78125,-35.0,-2.0588235294117645,-120.0,25,40,15,5,12,60
REJECT,STRUCTURE_ONLY,17,5,4,0.29411764705882354,0.78125,-35.0,-2.0588235294117645,-120.0,25,40,15,5,12,70
REJECT,STRUCTURE_ONLY,17,5,4,0.29411764705882354,0.78125,-35.0,-2.0588235294117645,-120.0,25,40,5,5,12,50
REJECT,STRUCTURE_ONLY,17,5,4,0.29411764705882354,0.78125,-35.0,-2.0588235294117645,-120.0,25,40,5,5,12,60
REJECT,STRUCTURE_ONLY,17,5,7,0.29411764705882354,0.7142857142857143,-40.0,-2.3529411764705883,-80.0,20,20,15,5,15,60
REJECT,STRUCTURE_ONLY,17,5,7,0.29411764705882354,0.7142857142857143,-40.0,-2.3529411764705883,-80.0,20,20,10,5,15,50
REJECT,STRUCTURE_ONLY,17,5,7,0.29411764705882354,0.7142857142857143,-40.0,-2.3529411764705883,-80.0,20,20,5,5,15,40
REJECT,STRUCTURE_ONLY,17,5,7,0.29411764705882354,0.7142857142857143,-40.0,-2.3529411764705883,-80.0,20,20,5,5,15,50
REJECT,STRUCTURE_ONLY,17,5,7,0.29411764705882354,0.7142857142857143,-40.0,-2.3529411764705883,-80.0,20,20,5,5,15,60
REJECT,STRUCTURE_ONLY,17,5,7,0.29411764705882354,0.7142857142857143,-40.0,-2.3529411764705883,-80.0,20,20,15,5,15,50
REJECT,STRUCTURE_ONLY,17,5,7,0.29411764705882354,0.7142857142857143,-40.0,-2.3529411764705883,-80.0,20,20,5,5,15,70
REJECT,STRUCTURE_ONLY,17,5,7,0.29411764705882354,0.7142857142857143,-40.0,-2.3529411764705883,-80.0,20,20,10,5,15,70
REJECT,STRUCTURE_ONLY,17,5,7,0.29411764705882354,0.7142857142857143,-40.0,-2.3529411764705883,-80.0,20,20,15,5,15,40
REJECT,STRUCTURE_ONLY,17,5,7,0.29411764705882354,0.7142857142857143,-40.0,-2.3529411764705883,-80.0,20,20,15,5,15,70
REJECT,STRUCTURE_ONLY,17,5,7,0.29411764705882354,0.7142857142857143,-40.0,-2.3529411764705883,-80.0,20,20,10,5,15,40
REJECT,STRUCTURE_ONLY,17,5,7,0.29411764705882354,0.7142857142857143,-40.0,-2.3529411764705883,-80.0,20,20,10,5,15,60
REJECT,STRUCTURE_ONLY,17,5,9,0.29411764705882354,0.6944444444444444,-55.0,-3.235294117647059,-80.0,25,20,10,5,20,60
REJECT,STRUCTURE_ONLY,17,5,9,0.29411764705882354,0.6944444444444444,-55.0,-3.235294117647059,-80.0,25,20,15,5,20,40
REJECT,STRUCTURE_ONLY,17,5,9,0.29411764705882354,0.6944444444444444,-55.0,-3.235294117647059,-80.0,25,20,10,5,20,50
REJECT,STRUCTURE_ONLY,17,5,9,0.29411764705882354,0.6944444444444444,-55.0,-3.235294117647059,-80.0,25,20,10,5,20,40
REJECT,STRUCTURE_ONLY,17,5,9,0.29411764705882354,0.6944444444444444,-55.0,-3.235294117647059,-80.0,25,20,15,5,20,70
REJECT,STRUCTURE_ONLY,17,5,9,0.29411764705882354,0.6944444444444444,-55.0,-3.235294117647059,-80.0,25,20,15,5,20,50
REJECT,STRUCTURE_ONLY,17,5,9,0.29411764705882354,0.6944444444444444,-55.0,-3.235294117647059,-80.0,25,20,10,5,20,70
REJECT,STRUCTURE_ONLY,17,5,9,0.29411764705882354,0.6944444444444444,-55.0,-3.235294117647059,-80.0,25,20,5,5,20,40
REJECT,STRUCTURE_ONLY,17,5,9,0.29411764705882354,0.6944444444444444,-55.0,-3.235294117647059,-80.0,25,20,5,5,20,50
REJECT,STRUCTURE_ONLY,17,5,9,0.29411764705882354,0.6944444444444444,-55.0,-3.235294117647059,-80.0,25,20,5,5,20,70
REJECT,STRUCTURE_ONLY,17,5,9,0.29411764705882354,0.6944444444444444,-55.0,-3.235294117647059,-80.0,25,20,15,5,20,60
REJECT,STRUCTURE_ONLY,17,5,9,0.29411764705882354,0.6944444444444444,-55.0,-3.235294117647059,-80.0,25,20,5,5,20,60
REJECT,STRUCTURE_ONLY,17,5,5,0.29411764705882354,0.6666666666666666,-50.0,-2.9411764705882355,-90.0,20,30,5,5,12,60
REJECT,STRUCTURE_ONLY,17,5,5,0.29411764705882354,0.6666666666666666,-50.0,-2.9411764705882355,-90.0,20,30,10,5,12,70
REJECT,STRUCTURE_ONLY,17,5,5,0.29411764705882354,0.6666666666666666,-50.0,-2.9411764705882355,-90.0,20,30,15,5,12,70
REJECT,STRUCTURE_ONLY,17,5,5,0.29411764705882354,0.6666666666666666,-50.0,-2.9411764705882355,-90.0,20,30,5,5,12,40
REJECT,STRUCTURE_ONLY,17,5,5,0.29411764705882354,0.6666666666666666,-50.0,-2.9411764705882355,-90.0,20,30,15,5,12,60
REJECT,STRUCTURE_ONLY,17,5,5,0.29411764705882354,0.6666666666666666,-50.0,-2.9411764705882355,-90.0,20,30,5,5,12,50
REJECT,STRUCTURE_ONLY,17,5,5,0.29411764705882354,0.6666666666666666,-50.0,-2.9411764705882355,-90.0,20,30,15,5,12,50
REJECT,STRUCTURE_ONLY,17,5,5,0.29411764705882354,0.6666666666666666,-50.0,-2.9411764705882355,-90.0,20,30,5,5,12,70
REJECT,STRUCTURE_ONLY,17,5,5,0.29411764705882354,0.6666666666666666,-50.0,-2.9411764705882355,-90.0,20,30,10,5,12,40
REJECT,STRUCTURE_ONLY,17,5,5,0.29411764705882354,0.6666666666666666,-50.0,-2.9411764705882355,-90.0,20,30,10,5,12,50
REJECT,STRUCTURE_ONLY,17,5,5,0.29411764705882354,0.6666666666666666,-50.0,-2.9411764705882355,-90.0,20,30,15,5,12,40
REJECT,STRUCTURE_ONLY,17,5,5,0.29411764705882354,0.6666666666666666,-50.0,-2.9411764705882355,-90.0,20,30,10,5,12,60
REJECT,STRUCTURE_ONLY,17,5,4,0.29411764705882354,0.625,-60.0,-3.5294117647058822,-120.0,20,40,10,5,12,40
REJECT,STRUCTURE_ONLY,17,5,4,0.29411764705882354,0.625,-60.0,-3.5294117647058822,-120.0,20,40,10,5,12,70
REJECT,STRUCTURE_ONLY,17,5,4,0.29411764705882354,0.625,-60.0,-3.5294117647058822,-120.0,20,40,15,5,12,60
REJECT,STRUCTURE_ONLY,17,5,4,0.29411764705882354,0.625,-60.0,-3.5294117647058822,-120.0,20,40,5,5,12,60
REJECT,STRUCTURE_ONLY,17,5,4,0.29411764705882354,0.625,-60.0,-3.5294117647058822,-120.0,20,40,5,5,12,40
REJECT,STRUCTURE_ONLY,17,5,4,0.29411764705882354,0.625,-60.0,-3.5294117647058822,-120.0,20,40,10,5,12,50
REJECT,STRUCTURE_ONLY,17,5,4,0.29411764705882354,0.625,-60.0,-3.5294117647058822,-120.0,20,40,15,5,12,70
REJECT,STRUCTURE_ONLY,17,5,4,0.29411764705882354,0.625,-60.0,-3.5294117647058822,-120.0,20,40,5,5,12,70
REJECT,STRUCTURE_ONLY,17,5,4,0.29411764705882354,0.625,-60.0,-3.5294117647058822,-120.0,20,40,10,5,12,60
REJECT,STRUCTURE_ONLY,17,5,4,0.29411764705882354,0.625,-60.0,-3.5294117647058822,-120.0,20,40,15,5,12,50
REJECT,STRUCTURE_ONLY,17,5,4,0.29411764705882354,0.625,-60.0,-3.5294117647058822,-120.0,20,40,15,5,12,40
REJECT,STRUCTURE_ONLY,17,5,4,0.29411764705882354,0.625,-60.0,-3.5294117647058822,-120.0,20,40,5,5,12,50
REJECT,STRUCTURE_ONLY,17,5,9,0.29411764705882354,0.5555555555555556,-80.0,-4.705882352941177,-100.0,20,20,10,5,20,60
REJECT,STRUCTURE_ONLY,17,5,9,0.29411764705882354,0.5555555555555556,-80.0,-4.705882352941177,-100.0,20,20,10,5,20,50
REJECT,STRUCTURE_ONLY,17,5,9,0.29411764705882354,0.5555555555555556,-80.0,-4.705882352941177,-100.0,20,20,5,5,20,50
REJECT,STRUCTURE_ONLY,17,5,9,0.29411764705882354,0.5555555555555556,-80.0,-4.705882352941177,-100.0,20,20,10,5,20,70
REJECT,STRUCTURE_ONLY,17,5,9,0.29411764705882354,0.5555555555555556,-80.0,-4.705882352941177,-100.0,20,20,5,5,20,40
REJECT,STRUCTURE_ONLY,17,5,9,0.29411764705882354,0.5555555555555556,-80.0,-4.705882352941177,-100.0,20,20,5,5,20,60
REJECT,STRUCTURE_ONLY,17,5,9,0.29411764705882354,0.5555555555555556,-80.0,-4.705882352941177,-100.0,20,20,5,5,20,70
REJECT,STRUCTURE_ONLY,17,5,9,0.29411764705882354,0.5555555555555556,-80.0,-4.705882352941177,-100.0,20,20,15,5,20,50
REJECT,STRUCTURE_ONLY,17,5,9,0.29411764705882354,0.5555555555555556,-80.0,-4.705882352941177,-100.0,20,20,15,5,20,40
REJECT,STRUCTURE_ONLY,17,5,9,0.29411764705882354,0.5555555555555556,-80.0,-4.705882352941177,-100.0,20,20,15,5,20,60
REJECT,STRUCTURE_ONLY,17,5,9,0.29411764705882354,0.5555555555555556,-80.0,-4.705882352941177,-100.0,20,20,10,5,20,40
REJECT,STRUCTURE_ONLY,17,5,9,0.29411764705882354,0.5555555555555556,-80.0,-4.705882352941177,-100.0,20,20,15,5,20,70
REJECT,STRUCTURE_ONLY,15,4,2,0.26666666666666666,2.0,40.0,2.6666666666666665,-20.0,20,20,15,15,12,50
REJECT,STRUCTURE_ONLY,15,4,2,0.26666666666666666,2.0,40.0,2.6666666666666665,-20.0,20,20,15,15,12,40
REJECT,STRUCTURE_ONLY,15,4,2,0.26666666666666666,2.0,40.0,2.6666666666666665,-20.0,20,20,15,15,12,60
REJECT,STRUCTURE_ONLY,15,4,2,0.26666666666666666,2.0,40.0,2.6666666666666665,-20.0,20,20,15,15,12,70
REJECT,STRUCTURE_ONLY,15,4,2,0.26666666666666666,1.6,30.0,2.0,-30.0,20,25,15,15,12,40
REJECT,STRUCTURE_ONLY,15,4,2,0.26666666666666666,1.6,30.0,2.0,-30.0,20,25,15,15,12,70
REJECT,STRUCTURE_ONLY,15,4,2,0.26666666666666666,1.6,30.0,2.0,-30.0,20,25,15,15,12,50
REJECT,STRUCTURE_ONLY,15,4,2,0.26666666666666666,1.6,30.0,2.0,-30.0,20,25,15,15,12,60
REJECT,STRUCTURE_ONLY,15,4,2,0.26666666666666666,1.3333333333333333,20.0,1.3333333333333333,-40.0,20,30,15,15,12,40
REJECT,STRUCTURE_ONLY,15,4,2,0.26666666666666666,1.3333333333333333,20.0,1.3333333333333333,-40.0,20,30,15,15,12,50
REJECT,STRUCTURE_ONLY,15,4,2,0.26666666666666666,1.3333333333333333,20.0,1.3333333333333333,-40.0,20,30,15,15,12,60
REJECT,STRUCTURE_ONLY,15,4,2,0.26666666666666666,1.3333333333333333,20.0,1.3333333333333333,-40.0,20,30,15,15,12,70
REJECT,STRUCTURE_ONLY,15,4,5,0.26666666666666666,1.2,20.0,1.3333333333333333,-40.0,30,20,10,10,20,40
REJECT,STRUCTURE_ONLY,15,4,5,0.26666666666666666,1.2,20.0,1.3333333333333333,-40.0,30,20,5,10,20,40
REJECT,STRUCTURE_ONLY,15,4,5,0.26666666666666666,1.2,20.0,1.3333333333333333,-40.0,30,20,15,10,20,70
REJECT,STRUCTURE_ONLY,15,4,5,0.26666666666666666,1.2,20.0,1.3333333333333333,-40.0,30,20,15,10,20,60
REJECT,STRUCTURE_ONLY,15,4,5,0.26666666666666666,1.2,20.0,1.3333333333333333,-40.0,30,20,15,10,20,50
REJECT,STRUCTURE_ONLY,15,4,5,0.26666666666666666,1.2,20.0,1.3333333333333333,-40.0,30,20,15,10,20,40
REJECT,STRUCTURE_ONLY,15,4,5,0.26666666666666666,1.2,20.0,1.3333333333333333,-40.0,30,20,10,10,20,70
REJECT,STRUCTURE_ONLY,15,4,5,0.26666666666666666,1.2,20.0,1.3333333333333333,-40.0,30,20,10,10,20,60
REJECT,STRUCTURE_ONLY,15,4,5,0.26666666666666666,1.2,20.0,1.3333333333333333,-40.0,30,20,10,10,20,50
REJECT,STRUCTURE_ONLY,15,4,5,0.26666666666666666,1.2,20.0,1.3333333333333333,-40.0,30,20,5,10,20,70
REJECT,STRUCTURE_ONLY,15,4,5,0.26666666666666666,1.2,20.0,1.3333333333333333,-40.0,30,20,5,10,20,60
REJECT,STRUCTURE_ONLY,15,4,5,0.26666666666666666,1.2,20.0,1.3333333333333333,-40.0,30,20,5,10,20,50
REJECT,STRUCTURE_ONLY,15,4,2,0.26666666666666666,1.0,0.0,0.0,-60.0,20,40,15,15,12,50
REJECT,STRUCTURE_ONLY,15,4,3,0.26666666666666666,1.0,0.0,0.0,-50.0,30,40,10,10,20,50
REJECT,STRUCTURE_ONLY,15,4,5,0.26666666666666666,1.0,0.0,0.0,-40.0,25,20,15,10,20,60
REJECT,STRUCTURE_ONLY,15,4,2,0.26666666666666666,1.0,0.0,0.0,-60.0,20,40,15,15,12,70
REJECT,STRUCTURE_ONLY,15,4,2,0.26666666666666666,1.0,0.0,0.0,-60.0,20,40,15,15,12,60
REJECT,STRUCTURE_ONLY,15,4,5,0.26666666666666666,1.0,0.0,0.0,-40.0,25,20,15,10,20,50
REJECT,STRUCTURE_ONLY,15,4,5,0.26666666666666666,1.0,0.0,0.0,-40.0,25,20,15,10,20,40
REJECT,STRUCTURE_ONLY,15,4,3,0.26666666666666666,1.0,0.0,0.0,-50.0,30,40,15,10,20,70
REJECT,STRUCTURE_ONLY,15,4,3,0.26666666666666666,1.0,0.0,0.0,-50.0,30,40,15,10,20,60
REJECT,STRUCTURE_ONLY,15,4,3,0.26666666666666666,1.0,0.0,0.0,-50.0,30,40,15,10,20,50
REJECT,STRUCTURE_ONLY,15,4,3,0.26666666666666666,1.0,0.0,0.0,-50.0,30,40,15,10,20,40
REJECT,STRUCTURE_ONLY,15,4,3,0.26666666666666666,1.0,0.0,0.0,-50.0,30,40,10,10,20,70
REJECT,STRUCTURE_ONLY,15,4,3,0.26666666666666666,1.0,0.0,0.0,-50.0,30,40,10,10,20,60
REJECT,STRUCTURE_ONLY,15,4,3,0.26666666666666666,1.0,0.0,0.0,-50.0,30,40,10,10,20,40
REJECT,STRUCTURE_ONLY,15,4,4,0.26666666666666666,1.0,0.0,0.0,-60.0,30,30,5,10,20,40
REJECT,STRUCTURE_ONLY,15,4,5,0.26666666666666666,1.0,0.0,0.0,-40.0,25,20,10,10,20,70
REJECT,STRUCTURE_ONLY,15,4,3,0.26666666666666666,1.0,0.0,0.0,-50.0,30,40,5,10,20,70
REJECT,STRUCTURE_ONLY,15,4,5,0.26666666666666666,1.0,0.0,0.0,-40.0,25,20,10,10,20,60
REJECT,STRUCTURE_ONLY,15,4,3,0.26666666666666666,1.0,0.0,0.0,-50.0,30,40,5,10,20,60
REJECT,STRUCTURE_ONLY,15,4,4,0.26666666666666666,1.0,0.0,0.0,-60.0,30,30,5,10,20,50
REJECT,STRUCTURE_ONLY,15,4,4,0.26666666666666666,1.0,0.0,0.0,-60.0,30,30,5,10,20,60
REJECT,STRUCTURE_ONLY,15,4,4,0.26666666666666666,1.0,0.0,0.0,-60.0,30,30,5,10,20,70
REJECT,STRUCTURE_ONLY,15,4,2,0.26666666666666666,1.0,0.0,0.0,-60.0,20,40,15,15,12,40
REJECT,STRUCTURE_ONLY,15,4,5,0.26666666666666666,1.0,0.0,0.0,-40.0,25,20,15,10,20,70
REJECT,STRUCTURE_ONLY,15,4,5,0.26666666666666666,1.0,0.0,0.0,-40.0,25,20,10,10,20,50
REJECT,STRUCTURE_ONLY,15,4,3,0.26666666666666666,1.0,0.0,0.0,-50.0,30,40,5,10,20,50
REJECT,STRUCTURE_ONLY,15,4,4,0.26666666666666666,1.0,0.0,0.0,-60.0,30,30,10,10,20,40
REJECT,STRUCTURE_ONLY,15,4,4,0.26666666666666666,1.0,0.0,0.0,-60.0,30,30,10,10,20,50
REJECT,STRUCTURE_ONLY,15,4,4,0.26666666666666666,1.0,0.0,0.0,-60.0,30,30,10,10,20,60
REJECT,STRUCTURE_ONLY,15,4,4,0.26666666666666666,1.0,0.0,0.0,-60.0,30,30,10,10,20,70
REJECT,STRUCTURE_ONLY,15,4,3,0.26666666666666666,1.0,0.0,0.0,-50.0,30,40,5,10,20,40
REJECT,STRUCTURE_ONLY,15,4,5,0.26666666666666666,1.0,0.0,0.0,-40.0,25,20,10,10,20,40
REJECT,STRUCTURE_ONLY,15,4,5,0.26666666666666666,1.0,0.0,0.0,-40.0,25,20,5,10,20,70
REJECT,STRUCTURE_ONLY,15,4,5,0.26666666666666666,1.0,0.0,0.0,-40.0,25,20,5,10,20,60
REJECT,STRUCTURE_ONLY,15,4,4,0.26666666666666666,1.0,0.0,0.0,-60.0,30,30,15,10,20,40
REJECT,STRUCTURE_ONLY,15,4,4,0.26666666666666666,1.0,0.0,0.0,-60.0,30,30,15,10,20,50
REJECT,STRUCTURE_ONLY,15,4,4,0.26666666666666666,1.0,0.0,0.0,-60.0,30,30,15,10,20,60
REJECT,STRUCTURE_ONLY,15,4,4,0.26666666666666666,1.0,0.0,0.0,-60.0,30,30,15,10,20,70
REJECT,STRUCTURE_ONLY,15,4,5,0.26666666666666666,1.0,0.0,0.0,-40.0,25,20,5,10,20,50
REJECT,STRUCTURE_ONLY,15,4,5,0.26666666666666666,1.0,0.0,0.0,-40.0,25,20,5,10,20,40
REJECT,STRUCTURE_ONLY,15,4,5,0.26666666666666666,0.96,-5.0,-0.3333333333333333,-50.0,30,25,5,10,20,40
REJECT,STRUCTURE_ONLY,15,4,5,0.26666666666666666,0.96,-5.0,-0.3333333333333333,-50.0,30,25,10,10,20,70
REJECT,STRUCTURE_ONLY,15,4,5,0.26666666666666666,0.96,-5.0,-0.3333333333333333,-50.0,30,25,15,10,20,60
REJECT,STRUCTURE_ONLY,15,4,5,0.26666666666666666,0.96,-5.0,-0.3333333333333333,-50.0,30,25,15,10,20,70
REJECT,STRUCTURE_ONLY,15,4,5,0.26666666666666666,0.96,-5.0,-0.3333333333333333,-50.0,30,25,10,10,20,60
REJECT,STRUCTURE_ONLY,15,4,5,0.26666666666666666,0.96,-5.0,-0.3333333333333333,-50.0,30,25,5,10,20,50
REJECT,STRUCTURE_ONLY,15,4,5,0.26666666666666666,0.96,-5.0,-0.3333333333333333,-50.0,30,25,5,10,20,60
REJECT,STRUCTURE_ONLY,15,4,5,0.26666666666666666,0.96,-5.0,-0.3333333333333333,-50.0,30,25,5,10,20,70
REJECT,STRUCTURE_ONLY,15,4,5,0.26666666666666666,0.96,-5.0,-0.3333333333333333,-50.0,30,25,10,10,20,50
REJECT,STRUCTURE_ONLY,15,4,5,0.26666666666666666,0.96,-5.0,-0.3333333333333333,-50.0,30,25,15,10,20,50
REJECT,STRUCTURE_ONLY,15,4,5,0.26666666666666666,0.96,-5.0,-0.3333333333333333,-50.0,30,25,15,10,20,40
REJECT,STRUCTURE_ONLY,15,4,5,0.26666666666666666,0.96,-5.0,-0.3333333333333333,-50.0,30,25,10,10,20,40
REJECT,STRUCTURE_ONLY,15,4,3,0.26666666666666666,0.8333333333333334,-20.0,-1.3333333333333333,-55.0,25,40,15,10,20,60
REJECT,STRUCTURE_ONLY,15,4,4,0.26666666666666666,0.8333333333333334,-20.0,-1.3333333333333333,-65.0,25,30,15,10,20,60
REJECT,STRUCTURE_ONLY,15,4,4,0.26666666666666666,0.8333333333333334,-20.0,-1.3333333333333333,-65.0,25,30,5,10,20,40
REJECT,STRUCTURE_ONLY,15,4,4,0.26666666666666666,0.8333333333333334,-20.0,-1.3333333333333333,-65.0,25,30,10,10,20,60
REJECT,STRUCTURE_ONLY,15,4,3,0.26666666666666666,0.8333333333333334,-20.0,-1.3333333333333333,-55.0,25,40,15,10,20,40
REJECT,STRUCTURE_ONLY,15,4,3,0.26666666666666666,0.8333333333333334,-20.0,-1.3333333333333333,-55.0,25,40,15,10,20,50
REJECT,STRUCTURE_ONLY,15,4,3,0.26666666666666666,0.8333333333333334,-20.0,-1.3333333333333333,-55.0,25,40,5,10,20,50
REJECT,STRUCTURE_ONLY,15,4,3,0.26666666666666666,0.8333333333333334,-20.0,-1.3333333333333333,-55.0,25,40,5,10,20,70
REJECT,STRUCTURE_ONLY,15,4,4,0.26666666666666666,0.8333333333333334,-20.0,-1.3333333333333333,-65.0,25,30,10,10,20,50
REJECT,STRUCTURE_ONLY,15,4,4,0.26666666666666666,0.8333333333333334,-20.0,-1.3333333333333333,-65.0,25,30,15,10,20,40
REJECT,STRUCTURE_ONLY,15,4,4,0.26666666666666666,0.8333333333333334,-20.0,-1.3333333333333333,-65.0,25,30,15,10,20,50
REJECT,STRUCTURE_ONLY,15,4,4,0.26666666666666666,0.8333333333333334,-20.0,-1.3333333333333333,-65.0,25,30,10,10,20,70
REJECT,STRUCTURE_ONLY,15,4,4,0.26666666666666666,0.8333333333333334,-20.0,-1.3333333333333333,-65.0,25,30,15,10,20,70
REJECT,STRUCTURE_ONLY,15,4,3,0.26666666666666666,0.8333333333333334,-20.0,-1.3333333333333333,-55.0,25,40,5,10,20,60
REJECT,STRUCTURE_ONLY,15,4,4,0.26666666666666666,0.8333333333333334,-20.0,-1.3333333333333333,-65.0,25,30,10,10,20,40
REJECT,STRUCTURE_ONLY,15,4,4,0.26666666666666666,0.8333333333333334,-20.0,-1.3333333333333333,-65.0,25,30,5,10,20,70
REJECT,STRUCTURE_ONLY,15,4,4,0.26666666666666666,0.8333333333333334,-20.0,-1.3333333333333333,-65.0,25,30,5,10,20,60
REJECT,STRUCTURE_ONLY,15,4,3,0.26666666666666666,0.8333333333333334,-20.0,-1.3333333333333333,-55.0,25,40,15,10,20,70
REJECT,STRUCTURE_ONLY,15,4,3,0.26666666666666666,0.8333333333333334,-20.0,-1.3333333333333333,-55.0,25,40,10,10,20,70
REJECT,STRUCTURE_ONLY,15,4,3,0.26666666666666666,0.8333333333333334,-20.0,-1.3333333333333333,-55.0,25,40,10,10,20,60
REJECT,STRUCTURE_ONLY,15,4,3,0.26666666666666666,0.8333333333333334,-20.0,-1.3333333333333333,-55.0,25,40,10,10,20,50
REJECT,STRUCTURE_ONLY,15,4,3,0.26666666666666666,0.8333333333333334,-20.0,-1.3333333333333333,-55.0,25,40,10,10,20,40
REJECT,STRUCTURE_ONLY,15,4,3,0.26666666666666666,0.8333333333333334,-20.0,-1.3333333333333333,-55.0,25,40,5,10,20,40
REJECT,STRUCTURE_ONLY,15,4,4,0.26666666666666666,0.8333333333333334,-20.0,-1.3333333333333333,-65.0,25,30,5,10,20,50
REJECT,STRUCTURE_ONLY,15,4,5,0.26666666666666666,0.8,-20.0,-1.3333333333333333,-40.0,20,20,5,10,20,50
REJECT,STRUCTURE_ONLY,15,4,5,0.26666666666666666,0.8,-20.0,-1.3333333333333333,-40.0,20,20,15,15,15,50
REJECT,STRUCTURE_ONLY,15,4,4,0.26666666666666666,0.8,-20.0,-1.3333333333333333,-55.0,20,25,15,15,15,40
REJECT,STRUCTURE_ONLY,15,4,5,0.26666666666666666,0.8,-20.0,-1.3333333333333333,-40.0,20,20,10,10,20,50
REJECT,STRUCTURE_ONLY,15,4,5,0.26666666666666666,0.8,-20.0,-1.3333333333333333,-40.0,20,20,15,15,15,60
REJECT,STRUCTURE_ONLY,15,4,5,0.26666666666666666,0.8,-20.0,-1.3333333333333333,-40.0,20,20,15,15,15,70
REJECT,STRUCTURE_ONLY,15,4,5,0.26666666666666666,0.8,-20.0,-1.3333333333333333,-40.0,20,20,15,15,20,40
REJECT,STRUCTURE_ONLY,15,4,5,0.26666666666666666,0.8,-20.0,-1.3333333333333333,-40.0,20,20,15,15,20,50
REJECT,STRUCTURE_ONLY,15,4,5,0.26666666666666666,0.8,-20.0,-1.3333333333333333,-40.0,20,20,15,15,20,60
REJECT,STRUCTURE_ONLY,15,4,5,0.26666666666666666,0.8,-20.0,-1.3333333333333333,-40.0,20,20,15,15,20,70
REJECT,STRUCTURE_ONLY,15,4,5,0.26666666666666666,0.8,-20.0,-1.3333333333333333,-40.0,20,20,10,10,20,70
REJECT,STRUCTURE_ONLY,15,4,5,0.26666666666666666,0.8,-20.0,-1.3333333333333333,-40.0,20,20,15,10,20,70
REJECT,STRUCTURE_ONLY,15,4,5,0.26666666666666666,0.8,-20.0,-1.3333333333333333,-40.0,20,20,15,10,20,60
REJECT,STRUCTURE_ONLY,15,4,5,0.26666666666666666,0.8,-20.0,-1.3333333333333333,-40.0,20,20,5,10,20,40
REJECT,STRUCTURE_ONLY,15,4,5,0.26666666666666666,0.8,-20.0,-1.3333333333333333,-40.0,20,20,10,10,20,60
REJECT,STRUCTURE_ONLY,15,4,5,0.26666666666666666,0.8,-20.0,-1.3333333333333333,-40.0,20,20,15,15,15,40
REJECT,STRUCTURE_ONLY,15,4,4,0.26666666666666666,0.8,-20.0,-1.3333333333333333,-55.0,20,25,15,15,20,70
REJECT,STRUCTURE_ONLY,15,4,4,0.26666666666666666,0.8,-20.0,-1.3333333333333333,-55.0,20,25,15,15,20,60
REJECT,STRUCTURE_ONLY,15,4,4,0.26666666666666666,0.8,-20.0,-1.3333333333333333,-55.0,20,25,15,15,20,50
REJECT,STRUCTURE_ONLY,15,4,4,0.26666666666666666,0.8,-20.0,-1.3333333333333333,-55.0,20,25,15,15,20,40
REJECT,STRUCTURE_ONLY,15,4,4,0.26666666666666666,0.8,-20.0,-1.3333333333333333,-55.0,20,25,15,15,15,70
REJECT,STRUCTURE_ONLY,15,4,4,0.26666666666666666,0.8,-20.0,-1.3333333333333333,-55.0,20,25,15,15,15,60
REJECT,STRUCTURE_ONLY,15,4,5,0.26666666666666666,0.8,-20.0,-1.3333333333333333,-40.0,20,20,5,10,20,60
REJECT,STRUCTURE_ONLY,15,4,5,0.26666666666666666,0.8,-20.0,-1.3333333333333333,-40.0,20,20,5,10,20,70
REJECT,STRUCTURE_ONLY,15,4,5,0.26666666666666666,0.8,-20.0,-1.3333333333333333,-40.0,20,20,15,10,20,50
REJECT,STRUCTURE_ONLY,15,4,5,0.26666666666666666,0.8,-20.0,-1.3333333333333333,-40.0,20,20,15,10,20,40
REJECT,STRUCTURE_ONLY,15,4,4,0.26666666666666666,0.8,-20.0,-1.3333333333333333,-55.0,20,25,15,15,15,50
REJECT,STRUCTURE_ONLY,15,4,5,0.26666666666666666,0.8,-20.0,-1.3333333333333333,-40.0,20,20,10,10,20,40
REJECT,STRUCTURE_ONLY,15,4,5,0.26666666666666666,0.8,-25.0,-1.6666666666666667,-50.0,25,25,10,10,20,70
REJECT,STRUCTURE_ONLY,15,4,5,0.26666666666666666,0.8,-25.0,-1.6666666666666667,-50.0,25,25,10,10,20,60
REJECT,STRUCTURE_ONLY,15,4,5,0.26666666666666666,0.8,-25.0,-1.6666666666666667,-50.0,25,25,5,10,20,50
REJECT,STRUCTURE_ONLY,15,4,5,0.26666666666666666,0.8,-25.0,-1.6666666666666667,-50.0,25,25,5,10,20,60
REJECT,STRUCTURE_ONLY,15,4,5,0.26666666666666666,0.8,-25.0,-1.6666666666666667,-50.0,25,25,5,10,20,70
REJECT,STRUCTURE_ONLY,15,4,5,0.26666666666666666,0.8,-25.0,-1.6666666666666667,-50.0,25,25,10,10,20,40
REJECT,STRUCTURE_ONLY,15,4,5,0.26666666666666666,0.8,-25.0,-1.6666666666666667,-50.0,25,25,10,10,20,50
REJECT,STRUCTURE_ONLY,15,4,5,0.26666666666666666,0.8,-25.0,-1.6666666666666667,-50.0,25,25,15,10,20,50
REJECT,STRUCTURE_ONLY,15,4,5,0.26666666666666666,0.8,-25.0,-1.6666666666666667,-50.0,25,25,15,10,20,70
REJECT,STRUCTURE_ONLY,15,4,5,0.26666666666666666,0.8,-25.0,-1.6666666666666667,-50.0,25,25,5,10,20,40
REJECT,STRUCTURE_ONLY,15,4,5,0.26666666666666666,0.8,-25.0,-1.6666666666666667,-50.0,25,25,15,10,20,60
REJECT,STRUCTURE_ONLY,15,4,5,0.26666666666666666,0.8,-25.0,-1.6666666666666667,-50.0,25,25,15,10,20,40
REJECT,STRUCTURE_ONLY,15,4,3,0.26666666666666666,0.6666666666666666,-40.0,-2.6666666666666665,-60.0,20,40,10,10,20,60
REJECT,STRUCTURE_ONLY,15,4,4,0.26666666666666666,0.6666666666666666,-40.0,-2.6666666666666665,-70.0,20,30,15,15,20,60
REJECT,STRUCTURE_ONLY,15,4,4,0.26666666666666666,0.6666666666666666,-40.0,-2.6666666666666665,-70.0,20,30,10,10,20,70
REJECT,STRUCTURE_ONLY,15,4,4,0.26666666666666666,0.6666666666666666,-40.0,-2.6666666666666665,-70.0,20,30,15,10,20,40
REJECT,STRUCTURE_ONLY,15,4,4,0.26666666666666666,0.6666666666666666,-40.0,-2.6666666666666665,-70.0,20,30,5,10,20,70
REJECT,STRUCTURE_ONLY,15,4,4,0.26666666666666666,0.6666666666666666,-40.0,-2.6666666666666665,-70.0,20,30,5,10,20,60
REJECT,STRUCTURE_ONLY,15,4,4,0.26666666666666666,0.6666666666666666,-40.0,-2.6666666666666665,-70.0,20,30,5,10,20,50
REJECT,STRUCTURE_ONLY,15,4,3,0.26666666666666666,0.6666666666666666,-40.0,-2.6666666666666665,-60.0,20,40,15,15,20,70
REJECT,STRUCTURE_ONLY,15,4,4,0.26666666666666666,0.6666666666666666,-40.0,-2.6666666666666665,-70.0,20,30,15,10,20,50
REJECT,STRUCTURE_ONLY,15,4,4,0.26666666666666666,0.6666666666666666,-40.0,-2.6666666666666665,-70.0,20,30,15,10,20,60
REJECT,STRUCTURE_ONLY,15,4,4,0.26666666666666666,0.6666666666666666,-40.0,-2.6666666666666665,-70.0,20,30,15,10,20,70
REJECT,STRUCTURE_ONLY,15,4,4,0.26666666666666666,0.6666666666666666,-40.0,-2.6666666666666665,-70.0,20,30,15,15,15,40
REJECT,STRUCTURE_ONLY,15,4,4,0.26666666666666666,0.6666666666666666,-40.0,-2.6666666666666665,-70.0,20,30,15,15,15,50
REJECT,STRUCTURE_ONLY,15,4,4,0.26666666666666666,0.6666666666666666,-40.0,-2.6666666666666665,-70.0,20,30,15,15,15,60
REJECT,STRUCTURE_ONLY,15,4,3,0.26666666666666666,0.6666666666666666,-40.0,-2.6666666666666665,-60.0,20,40,15,15,20,60
REJECT,STRUCTURE_ONLY,15,4,3,0.26666666666666666,0.6666666666666666,-40.0,-2.6666666666666665,-60.0,20,40,15,15,20,50
REJECT,STRUCTURE_ONLY,15,4,3,0.26666666666666666,0.6666666666666666,-40.0,-2.6666666666666665,-60.0,20,40,15,15,20,40
REJECT,STRUCTURE_ONLY,15,4,4,0.26666666666666666,0.6666666666666666,-40.0,-2.6666666666666665,-70.0,20,30,15,15,15,70
REJECT,STRUCTURE_ONLY,15,4,4,0.26666666666666666,0.6666666666666666,-40.0,-2.6666666666666665,-70.0,20,30,15,15,20,40
REJECT,STRUCTURE_ONLY,15,4,3,0.26666666666666666,0.6666666666666666,-40.0,-2.6666666666666665,-60.0,20,40,15,15,15,70
REJECT,STRUCTURE_ONLY,15,4,3,0.26666666666666666,0.6666666666666666,-40.0,-2.6666666666666665,-60.0,20,40,15,15,15,60
REJECT,STRUCTURE_ONLY,15,4,3,0.26666666666666666,0.6666666666666666,-40.0,-2.6666666666666665,-60.0,20,40,15,15,15,50
REJECT,STRUCTURE_ONLY,15,4,3,0.26666666666666666,0.6666666666666666,-40.0,-2.6666666666666665,-60.0,20,40,15,15,15,40
REJECT,STRUCTURE_ONLY,15,4,4,0.26666666666666666,0.6666666666666666,-40.0,-2.6666666666666665,-70.0,20,30,10,10,20,50
REJECT,STRUCTURE_ONLY,15,4,3,0.26666666666666666,0.6666666666666666,-40.0,-2.6666666666666665,-60.0,20,40,15,10,20,70
REJECT,STRUCTURE_ONLY,15,4,4,0.26666666666666666,0.6666666666666666,-40.0,-2.6666666666666665,-70.0,20,30,15,15,20,50
REJECT,STRUCTURE_ONLY,15,4,4,0.26666666666666666,0.6666666666666666,-40.0,-2.6666666666666665,-70.0,20,30,5,10,20,40
REJECT,STRUCTURE_ONLY,15,4,4,0.26666666666666666,0.6666666666666666,-40.0,-2.6666666666666665,-70.0,20,30,15,15,20,70
REJECT,STRUCTURE_ONLY,15,4,4,0.26666666666666666,0.6666666666666666,-40.0,-2.6666666666666665,-70.0,20,30,10,10,20,40
REJECT,STRUCTURE_ONLY,15,4,3,0.26666666666666666,0.6666666666666666,-40.0,-2.6666666666666665,-60.0,20,40,5,10,20,50
REJECT,STRUCTURE_ONLY,15,4,3,0.26666666666666666,0.6666666666666666,-40.0,-2.6666666666666665,-60.0,20,40,5,10,20,60
REJECT,STRUCTURE_ONLY,15,4,3,0.26666666666666666,0.6666666666666666,-40.0,-2.6666666666666665,-60.0,20,40,5,10,20,70
REJECT,STRUCTURE_ONLY,15,4,3,0.26666666666666666,0.6666666666666666,-40.0,-2.6666666666666665,-60.0,20,40,10,10,20,40
REJECT,STRUCTURE_ONLY,15,4,3,0.26666666666666666,0.6666666666666666,-40.0,-2.6666666666666665,-60.0,20,40,10,10,20,50
REJECT,STRUCTURE_ONLY,15,4,4,0.26666666666666666,0.6666666666666666,-40.0,-2.6666666666666665,-70.0,20,30,10,10,20,60
REJECT,STRUCTURE_ONLY,15,4,3,0.26666666666666666,0.6666666666666666,-40.0,-2.6666666666666665,-60.0,20,40,10,10,20,70
REJECT,STRUCTURE_ONLY,15,4,3,0.26666666666666666,0.6666666666666666,-40.0,-2.6666666666666665,-60.0,20,40,5,10,20,40
REJECT,STRUCTURE_ONLY,15,4,3,0.26666666666666666,0.6666666666666666,-40.0,-2.6666666666666665,-60.0,20,40,15,10,20,40
REJECT,STRUCTURE_ONLY,15,4,3,0.26666666666666666,0.6666666666666666,-40.0,-2.6666666666666665,-60.0,20,40,15,10,20,50
REJECT,STRUCTURE_ONLY,15,4,3,0.26666666666666666,0.6666666666666666,-40.0,-2.6666666666666665,-60.0,20,40,15,10,20,60
REJECT,STRUCTURE_ONLY,15,4,5,0.26666666666666666,0.64,-45.0,-3.0,-65.0,20,25,10,10,20,40
REJECT,STRUCTURE_ONLY,15,4,5,0.26666666666666666,0.64,-45.0,-3.0,-65.0,20,25,5,10,20,40
REJECT,STRUCTURE_ONLY,15,4,5,0.26666666666666666,0.64,-45.0,-3.0,-65.0,20,25,5,10,20,50
REJECT,STRUCTURE_ONLY,15,4,5,0.26666666666666666,0.64,-45.0,-3.0,-65.0,20,25,5,10,20,60
REJECT,STRUCTURE_ONLY,15,4,5,0.26666666666666666,0.64,-45.0,-3.0,-65.0,20,25,5,10,20,70
REJECT,STRUCTURE_ONLY,15,4,5,0.26666666666666666,0.64,-45.0,-3.0,-65.0,20,25,10,10,20,50
REJECT,STRUCTURE_ONLY,15,4,5,0.26666666666666666,0.64,-45.0,-3.0,-65.0,20,25,10,10,20,60
REJECT,STRUCTURE_ONLY,15,4,5,0.26666666666666666,0.64,-45.0,-3.0,-65.0,20,25,10,10,20,70
REJECT,STRUCTURE_ONLY,15,4,5,0.26666666666666666,0.64,-45.0,-3.0,-65.0,20,25,15,10,20,40
REJECT,STRUCTURE_ONLY,15,4,5,0.26666666666666666,0.64,-45.0,-3.0,-65.0,20,25,15,10,20,50
REJECT,STRUCTURE_ONLY,15,4,5,0.26666666666666666,0.64,-45.0,-3.0,-65.0,20,25,15,10,20,60
REJECT,STRUCTURE_ONLY,15,4,5,0.26666666666666666,0.64,-45.0,-3.0,-65.0,20,25,15,10,20,70
REJECT,STRUCTURE_ONLY,17,4,6,0.23529411764705882,1.3333333333333333,40.0,2.3529411764705883,-60.0,40,20,5,5,12,40
REJECT,STRUCTURE_ONLY,17,4,6,0.23529411764705882,1.3333333333333333,40.0,2.3529411764705883,-60.0,40,20,5,5,12,50
REJECT,STRUCTURE_ONLY,17,4,6,0.23529411764705882,1.3333333333333333,40.0,2.3529411764705883,-60.0,40,20,10,5,12,60
REJECT,STRUCTURE_ONLY,17,4,6,0.23529411764705882,1.3333333333333333,40.0,2.3529411764705883,-60.0,40,20,10,5,12,50
REJECT,STRUCTURE_ONLY,17,4,6,0.23529411764705882,1.3333333333333333,40.0,2.3529411764705883,-60.0,40,20,10,5,12,70
REJECT,STRUCTURE_ONLY,17,4,6,0.23529411764705882,1.3333333333333333,40.0,2.3529411764705883,-60.0,40,20,10,5,12,40
REJECT,STRUCTURE_ONLY,17,4,6,0.23529411764705882,1.3333333333333333,40.0,2.3529411764705883,-60.0,40,20,15,5,12,40
REJECT,STRUCTURE_ONLY,17,4,6,0.23529411764705882,1.3333333333333333,40.0,2.3529411764705883,-60.0,40,20,5,5,12,70
REJECT,STRUCTURE_ONLY,17,4,6,0.23529411764705882,1.3333333333333333,40.0,2.3529411764705883,-60.0,40,20,15,5,12,50
REJECT,STRUCTURE_ONLY,17,4,6,0.23529411764705882,1.3333333333333333,40.0,2.3529411764705883,-60.0,40,20,5,5,12,60
REJECT,STRUCTURE_ONLY,17,4,6,0.23529411764705882,1.3333333333333333,40.0,2.3529411764705883,-60.0,40,20,15,5,12,60
REJECT,STRUCTURE_ONLY,17,4,6,0.23529411764705882,1.3333333333333333,40.0,2.3529411764705883,-60.0,40,20,15,5,12,70
REJECT,STRUCTURE_ONLY,17,4,5,0.23529411764705882,1.28,35.0,2.0588235294117645,-75.0,40,25,15,5,12,60
REJECT,STRUCTURE_ONLY,17,4,5,0.23529411764705882,1.28,35.0,2.0588235294117645,-75.0,40,25,10,5,12,50
REJECT,STRUCTURE_ONLY,17,4,5,0.23529411764705882,1.28,35.0,2.0588235294117645,-75.0,40,25,5,5,12,50
REJECT,STRUCTURE_ONLY,17,4,5,0.23529411764705882,1.28,35.0,2.0588235294117645,-75.0,40,25,10,5,12,70
REJECT,STRUCTURE_ONLY,17,4,5,0.23529411764705882,1.28,35.0,2.0588235294117645,-75.0,40,25,5,5,12,40
REJECT,STRUCTURE_ONLY,17,4,5,0.23529411764705882,1.28,35.0,2.0588235294117645,-75.0,40,25,15,5,12,70
REJECT,STRUCTURE_ONLY,17,4,5,0.23529411764705882,1.28,35.0,2.0588235294117645,-75.0,40,25,10,5,12,60
REJECT,STRUCTURE_ONLY,17,4,5,0.23529411764705882,1.28,35.0,2.0588235294117645,-75.0,40,25,10,5,12,40
REJECT,STRUCTURE_ONLY,17,4,5,0.23529411764705882,1.28,35.0,2.0588235294117645,-75.0,40,25,15,5,12,40
REJECT,STRUCTURE_ONLY,17,4,5,0.23529411764705882,1.28,35.0,2.0588235294117645,-75.0,40,25,5,5,12,70
REJECT,STRUCTURE_ONLY,17,4,5,0.23529411764705882,1.28,35.0,2.0588235294117645,-75.0,40,25,15,5,12,50
REJECT,STRUCTURE_ONLY,17,4,5,0.23529411764705882,1.28,35.0,2.0588235294117645,-75.0,40,25,5,5,12,60
REJECT,STRUCTURE_ONLY,17,4,7,0.23529411764705882,1.1428571428571428,20.0,1.1764705882352942,-80.0,40,20,5,5,15,60
REJECT,STRUCTURE_ONLY,17,4,7,0.23529411764705882,1.1428571428571428,20.0,1.1764705882352942,-80.0,40,20,10,5,15,70
REJECT,STRUCTURE_ONLY,17,4,7,0.23529411764705882,1.1428571428571428,20.0,1.1764705882352942,-80.0,40,20,5,5,15,70
REJECT,STRUCTURE_ONLY,17,4,7,0.23529411764705882,1.1428571428571428,20.0,1.1764705882352942,-80.0,40,20,15,5,15,40
REJECT,STRUCTURE_ONLY,17,4,7,0.23529411764705882,1.1428571428571428,20.0,1.1764705882352942,-80.0,40,20,15,5,15,50
REJECT,STRUCTURE_ONLY,17,4,7,0.23529411764705882,1.1428571428571428,20.0,1.1764705882352942,-80.0,40,20,15,5,15,60
REJECT,STRUCTURE_ONLY,17,4,7,0.23529411764705882,1.1428571428571428,20.0,1.1764705882352942,-80.0,40,20,15,5,15,70
REJECT,STRUCTURE_ONLY,17,4,7,0.23529411764705882,1.1428571428571428,20.0,1.1764705882352942,-80.0,40,20,10,5,15,40
REJECT,STRUCTURE_ONLY,17,4,7,0.23529411764705882,1.1428571428571428,20.0,1.1764705882352942,-80.0,40,20,5,5,15,50
REJECT,STRUCTURE_ONLY,17,4,7,0.23529411764705882,1.1428571428571428,20.0,1.1764705882352942,-80.0,40,20,5,5,15,40
REJECT,STRUCTURE_ONLY,17,4,7,0.23529411764705882,1.1428571428571428,20.0,1.1764705882352942,-80.0,40,20,10,5,15,60
REJECT,STRUCTURE_ONLY,17,4,7,0.23529411764705882,1.1428571428571428,20.0,1.1764705882352942,-80.0,40,20,10,5,15,50
REJECT,STRUCTURE_ONLY,17,4,5,0.23529411764705882,1.0666666666666667,10.0,0.5882352941176471,-90.0,40,30,10,5,12,50
REJECT,STRUCTURE_ONLY,17,4,5,0.23529411764705882,1.0666666666666667,10.0,0.5882352941176471,-90.0,40,30,15,5,12,60
REJECT,STRUCTURE_ONLY,17,4,5,0.23529411764705882,1.0666666666666667,10.0,0.5882352941176471,-90.0,40,30,15,5,12,70
REJECT,STRUCTURE_ONLY,17,4,5,0.23529411764705882,1.0666666666666667,10.0,0.5882352941176471,-90.0,40,30,15,5,12,40
REJECT,STRUCTURE_ONLY,17,4,5,0.23529411764705882,1.0666666666666667,10.0,0.5882352941176471,-90.0,40,30,5,5,12,70
REJECT,STRUCTURE_ONLY,17,4,5,0.23529411764705882,1.0666666666666667,10.0,0.5882352941176471,-90.0,40,30,5,5,12,60
REJECT,STRUCTURE_ONLY,17,4,5,0.23529411764705882,1.0666666666666667,10.0,0.5882352941176471,-90.0,40,30,5,5,12,50
REJECT,STRUCTURE_ONLY,17,4,5,0.23529411764705882,1.0666666666666667,10.0,0.5882352941176471,-90.0,40,30,5,5,12,40
REJECT,STRUCTURE_ONLY,17,4,5,0.23529411764705882,1.0666666666666667,10.0,0.5882352941176471,-90.0,40,30,15,5,12,50
REJECT,STRUCTURE_ONLY,17,4,5,0.23529411764705882,1.0666666666666667,10.0,0.5882352941176471,-90.0,40,30,10,5,12,70
REJECT,STRUCTURE_ONLY,17,4,5,0.23529411764705882,1.0666666666666667,10.0,0.5882352941176471,-90.0,40,30,10,5,12,40
REJECT,STRUCTURE_ONLY,17,4,5,0.23529411764705882,1.0666666666666667,10.0,0.5882352941176471,-90.0,40,30,10,5,12,60
REJECT,STRUCTURE_ONLY,17,4,6,0.23529411764705882,1.0,0.0,0.0,-60.0,30,20,5,5,12,40
REJECT,STRUCTURE_ONLY,17,4,6,0.23529411764705882,1.0,0.0,0.0,-60.0,30,20,5,5,12,70
REJECT,STRUCTURE_ONLY,17,4,6,0.23529411764705882,1.0,0.0,0.0,-60.0,30,20,15,5,12,70
REJECT,STRUCTURE_ONLY,17,4,4,0.23529411764705882,1.0,0.0,0.0,-120.0,40,40,10,5,12,60
REJECT,STRUCTURE_ONLY,17,4,6,0.23529411764705882,1.0,0.0,0.0,-60.0,30,20,15,5,12,60
REJECT,STRUCTURE_ONLY,17,4,4,0.23529411764705882,1.0,0.0,0.0,-120.0,40,40,10,5,12,70
REJECT,STRUCTURE_ONLY,17,4,6,0.23529411764705882,1.0,0.0,0.0,-60.0,30,20,15,5,12,50
REJECT,STRUCTURE_ONLY,17,4,6,0.23529411764705882,1.0,0.0,0.0,-60.0,30,20,15,5,12,40
REJECT,STRUCTURE_ONLY,17,4,4,0.23529411764705882,1.0,0.0,0.0,-120.0,40,40,10,5,12,50
REJECT,STRUCTURE_ONLY,17,4,4,0.23529411764705882,1.0,0.0,0.0,-120.0,40,40,5,5,12,40
REJECT,STRUCTURE_ONLY,17,4,6,0.23529411764705882,1.0,0.0,0.0,-60.0,30,20,10,5,12,70
REJECT,STRUCTURE_ONLY,17,4,4,0.23529411764705882,1.0,0.0,0.0,-120.0,40,40,10,5,12,40
REJECT,STRUCTURE_ONLY,17,4,6,0.23529411764705882,1.0,0.0,0.0,-60.0,30,20,10,5,12,60
REJECT,STRUCTURE_ONLY,17,4,4,0.23529411764705882,1.0,0.0,0.0,-120.0,40,40,5,5,12,50
REJECT,STRUCTURE_ONLY,17,4,6,0.23529411764705882,1.0,0.0,0.0,-60.0,30,20,10,5,12,50
REJECT,STRUCTURE_ONLY,17,4,6,0.23529411764705882,1.0,0.0,0.0,-60.0,30,20,10,5,12,40
REJECT,STRUCTURE_ONLY,17,4,6,0.23529411764705882,1.0,0.0,0.0,-60.0,30,20,5,5,12,50
REJECT,STRUCTURE_ONLY,17,4,4,0.23529411764705882,1.0,0.0,0.0,-120.0,40,40,15,5,12,70
REJECT,STRUCTURE_ONLY,17,4,4,0.23529411764705882,1.0,0.0,0.0,-120.0,40,40,15,5,12,60
REJECT,STRUCTURE_ONLY,17,4,4,0.23529411764705882,1.0,0.0,0.0,-120.0,40,40,15,5,12,50
REJECT,STRUCTURE_ONLY,17,4,4,0.23529411764705882,1.0,0.0,0.0,-120.0,40,40,15,5,12,40
REJECT,STRUCTURE_ONLY,17,4,6,0.23529411764705882,1.0,0.0,0.0,-60.0,30,20,5,5,12,60
REJECT,STRUCTURE_ONLY,17,4,4,0.23529411764705882,1.0,0.0,0.0,-120.0,40,40,5,5,12,70
REJECT,STRUCTURE_ONLY,17,4,4,0.23529411764705882,1.0,0.0,0.0,-120.0,40,40,5,5,12,60
REJECT,STRUCTURE_ONLY,17,4,5,0.23529411764705882,0.96,-5.0,-0.29411764705882354,-75.0,30,25,10,5,12,60
REJECT,STRUCTURE_ONLY,17,4,5,0.23529411764705882,0.96,-5.0,-0.29411764705882354,-75.0,30,25,10,5,12,50
REJECT,STRUCTURE_ONLY,17,4,5,0.23529411764705882,0.96,-5.0,-0.29411764705882354,-75.0,30,25,5,5,12,60
REJECT,STRUCTURE_ONLY,17,4,5,0.23529411764705882,0.96,-5.0,-0.29411764705882354,-75.0,30,25,15,5,12,70
REJECT,STRUCTURE_ONLY,17,4,5,0.23529411764705882,0.96,-5.0,-0.29411764705882354,-75.0,30,25,15,5,12,60
REJECT,STRUCTURE_ONLY,17,4,5,0.23529411764705882,0.96,-5.0,-0.29411764705882354,-75.0,30,25,15,5,12,50
REJECT,STRUCTURE_ONLY,17,4,5,0.23529411764705882,0.96,-5.0,-0.29411764705882354,-75.0,30,25,15,5,12,40
REJECT,STRUCTURE_ONLY,17,4,5,0.23529411764705882,0.96,-5.0,-0.29411764705882354,-75.0,30,25,10,5,12,70
REJECT,STRUCTURE_ONLY,17,4,5,0.23529411764705882,0.96,-5.0,-0.29411764705882354,-75.0,30,25,5,5,12,70
REJECT,STRUCTURE_ONLY,17,4,5,0.23529411764705882,0.96,-5.0,-0.29411764705882354,-75.0,30,25,5,5,12,40
REJECT,STRUCTURE_ONLY,17,4,5,0.23529411764705882,0.96,-5.0,-0.29411764705882354,-75.0,30,25,5,5,12,50
REJECT,STRUCTURE_ONLY,17,4,5,0.23529411764705882,0.96,-5.0,-0.29411764705882354,-75.0,30,25,10,5,12,40
REJECT,STRUCTURE_ONLY,17,4,9,0.23529411764705882,0.8888888888888888,-20.0,-1.1764705882352942,-80.0,40,20,15,5,20,70
REJECT,STRUCTURE_ONLY,17,4,9,0.23529411764705882,0.8888888888888888,-20.0,-1.1764705882352942,-80.0,40,20,5,5,20,70
REJECT,STRUCTURE_ONLY,17,4,9,0.23529411764705882,0.8888888888888888,-20.0,-1.1764705882352942,-80.0,40,20,15,5,20,40
REJECT,STRUCTURE_ONLY,17,4,9,0.23529411764705882,0.8888888888888888,-20.0,-1.1764705882352942,-80.0,40,20,10,5,20,40
REJECT,STRUCTURE_ONLY,17,4,9,0.23529411764705882,0.8888888888888888,-20.0,-1.1764705882352942,-80.0,40,20,10,5,20,50
REJECT,STRUCTURE_ONLY,17,4,9,0.23529411764705882,0.8888888888888888,-20.0,-1.1764705882352942,-80.0,40,20,10,5,20,60
REJECT,STRUCTURE_ONLY,17,4,9,0.23529411764705882,0.8888888888888888,-20.0,-1.1764705882352942,-80.0,40,20,15,5,20,50
REJECT,STRUCTURE_ONLY,17,4,9,0.23529411764705882,0.8888888888888888,-20.0,-1.1764705882352942,-80.0,40,20,10,5,20,70
REJECT,STRUCTURE_ONLY,17,4,9,0.23529411764705882,0.8888888888888888,-20.0,-1.1764705882352942,-80.0,40,20,5,5,20,40
REJECT,STRUCTURE_ONLY,17,4,9,0.23529411764705882,0.8888888888888888,-20.0,-1.1764705882352942,-80.0,40,20,5,5,20,50
REJECT,STRUCTURE_ONLY,17,4,9,0.23529411764705882,0.8888888888888888,-20.0,-1.1764705882352942,-80.0,40,20,5,5,20,60
REJECT,STRUCTURE_ONLY,17,4,9,0.23529411764705882,0.8888888888888888,-20.0,-1.1764705882352942,-80.0,40,20,15,5,20,60
REJECT,STRUCTURE_ONLY,17,4,7,0.23529411764705882,0.8571428571428571,-20.0,-1.1764705882352942,-80.0,30,20,10,5,15,60
REJECT,STRUCTURE_ONLY,17,4,7,0.23529411764705882,0.8571428571428571,-20.0,-1.1764705882352942,-80.0,30,20,5,5,15,70
REJECT,STRUCTURE_ONLY,17,4,7,0.23529411764705882,0.8571428571428571,-20.0,-1.1764705882352942,-80.0,30,20,5,5,15,60
REJECT,STRUCTURE_ONLY,17,4,7,0.23529411764705882,0.8571428571428571,-20.0,-1.1764705882352942,-80.0,30,20,15,5,15,70
REJECT,STRUCTURE_ONLY,17,4,7,0.23529411764705882,0.8571428571428571,-20.0,-1.1764705882352942,-80.0,30,20,5,5,15,50
REJECT,STRUCTURE_ONLY,17,4,7,0.23529411764705882,0.8571428571428571,-20.0,-1.1764705882352942,-80.0,30,20,5,5,15,40
REJECT,STRUCTURE_ONLY,17,4,7,0.23529411764705882,0.8571428571428571,-20.0,-1.1764705882352942,-80.0,30,20,10,5,15,70
REJECT,STRUCTURE_ONLY,17,4,7,0.23529411764705882,0.8571428571428571,-20.0,-1.1764705882352942,-80.0,30,20,10,5,15,50
REJECT,STRUCTURE_ONLY,17,4,7,0.23529411764705882,0.8571428571428571,-20.0,-1.1764705882352942,-80.0,30,20,10,5,15,40
REJECT,STRUCTURE_ONLY,17,4,7,0.23529411764705882,0.8571428571428571,-20.0,-1.1764705882352942,-80.0,30,20,15,5,15,40
REJECT,STRUCTURE_ONLY,17,4,7,0.23529411764705882,0.8571428571428571,-20.0,-1.1764705882352942,-80.0,30,20,15,5,15,50
REJECT,STRUCTURE_ONLY,17,4,7,0.23529411764705882,0.8571428571428571,-20.0,-1.1764705882352942,-80.0,30,20,15,5,15,60
REJECT,STRUCTURE_ONLY,17,4,5,0.23529411764705882,0.8,-30.0,-1.7647058823529411,-90.0,30,30,15,5,12,40
REJECT,STRUCTURE_ONLY,17,4,5,0.23529411764705882,0.8,-30.0,-1.7647058823529411,-90.0,30,30,5,5,12,60
REJECT,STRUCTURE_ONLY,17,4,5,0.23529411764705882,0.8,-30.0,-1.7647058823529411,-90.0,30,30,10,5,12,40
REJECT,STRUCTURE_ONLY,17,4,5,0.23529411764705882,0.8,-30.0,-1.7647058823529411,-90.0,30,30,10,5,12,50
REJECT,STRUCTURE_ONLY,17,4,5,0.23529411764705882,0.8,-30.0,-1.7647058823529411,-90.0,30,30,10,5,12,60
REJECT,STRUCTURE_ONLY,17,4,5,0.23529411764705882,0.8,-30.0,-1.7647058823529411,-90.0,30,30,10,5,12,70
REJECT,STRUCTURE_ONLY,17,4,5,0.23529411764705882,0.8,-30.0,-1.7647058823529411,-90.0,30,30,15,5,12,70
REJECT,STRUCTURE_ONLY,17,4,5,0.23529411764705882,0.8,-30.0,-1.7647058823529411,-90.0,30,30,15,5,12,60
REJECT,STRUCTURE_ONLY,17,4,5,0.23529411764705882,0.8,-30.0,-1.7647058823529411,-90.0,30,30,5,5,12,70
REJECT,STRUCTURE_ONLY,17,4,5,0.23529411764705882,0.8,-30.0,-1.7647058823529411,-90.0,30,30,15,5,12,50
REJECT,STRUCTURE_ONLY,17,4,5,0.23529411764705882,0.8,-30.0,-1.7647058823529411,-90.0,30,30,5,5,12,40
REJECT,STRUCTURE_ONLY,17,4,5,0.23529411764705882,0.8,-30.0,-1.7647058823529411,-90.0,30,30,5,5,12,50
REJECT,STRUCTURE_ONLY,17,4,4,0.23529411764705882,0.75,-40.0,-2.3529411764705883,-130.0,30,40,10,5,12,40
REJECT,STRUCTURE_ONLY,17,4,4,0.23529411764705882,0.75,-40.0,-2.3529411764705883,-130.0,30,40,5,5,12,40
REJECT,STRUCTURE_ONLY,17,4,4,0.23529411764705882,0.75,-40.0,-2.3529411764705883,-130.0,30,40,15,5,12,50
REJECT,STRUCTURE_ONLY,17,4,4,0.23529411764705882,0.75,-40.0,-2.3529411764705883,-130.0,30,40,15,5,12,40
REJECT,STRUCTURE_ONLY,17,4,4,0.23529411764705882,0.75,-40.0,-2.3529411764705883,-130.0,30,40,15,5,12,60
REJECT,STRUCTURE_ONLY,17,4,4,0.23529411764705882,0.75,-40.0,-2.3529411764705883,-130.0,30,40,15,5,12,70
REJECT,STRUCTURE_ONLY,17,4,4,0.23529411764705882,0.75,-40.0,-2.3529411764705883,-130.0,30,40,10,5,12,50
REJECT,STRUCTURE_ONLY,17,4,4,0.23529411764705882,0.75,-40.0,-2.3529411764705883,-130.0,30,40,5,5,12,70
REJECT,STRUCTURE_ONLY,17,4,4,0.23529411764705882,0.75,-40.0,-2.3529411764705883,-130.0,30,40,10,5,12,60
REJECT,STRUCTURE_ONLY,17,4,4,0.23529411764705882,0.75,-40.0,-2.3529411764705883,-130.0,30,40,5,5,12,60
REJECT,STRUCTURE_ONLY,17,4,4,0.23529411764705882,0.75,-40.0,-2.3529411764705883,-130.0,30,40,10,5,12,70
REJECT,STRUCTURE_ONLY,17,4,4,0.23529411764705882,0.75,-40.0,-2.3529411764705883,-130.0,30,40,5,5,12,50
REJECT,STRUCTURE_ONLY,17,4,9,0.23529411764705882,0.6666666666666666,-60.0,-3.5294117647058822,-90.0,30,20,15,5,20,50
REJECT,STRUCTURE_ONLY,17,4,9,0.23529411764705882,0.6666666666666666,-60.0,-3.5294117647058822,-90.0,30,20,10,5,20,50
REJECT,STRUCTURE_ONLY,17,4,9,0.23529411764705882,0.6666666666666666,-60.0,-3.5294117647058822,-90.0,30,20,5,5,20,70
REJECT,STRUCTURE_ONLY,17,4,9,0.23529411764705882,0.6666666666666666,-60.0,-3.5294117647058822,-90.0,30,20,5,5,20,60
REJECT,STRUCTURE_ONLY,17,4,9,0.23529411764705882,0.6666666666666666,-60.0,-3.5294117647058822,-90.0,30,20,15,5,20,40
REJECT,STRUCTURE_ONLY,17,4,9,0.23529411764705882,0.6666666666666666,-60.0,-3.5294117647058822,-90.0,30,20,10,5,20,60
REJECT,STRUCTURE_ONLY,17,4,9,0.23529411764705882,0.6666666666666666,-60.0,-3.5294117647058822,-90.0,30,20,10,5,20,70
REJECT,STRUCTURE_ONLY,17,4,9,0.23529411764705882,0.6666666666666666,-60.0,-3.5294117647058822,-90.0,30,20,5,5,20,50
REJECT,STRUCTURE_ONLY,17,4,9,0.23529411764705882,0.6666666666666666,-60.0,-3.5294117647058822,-90.0,30,20,10,5,20,40
REJECT,STRUCTURE_ONLY,17,4,9,0.23529411764705882,0.6666666666666666,-60.0,-3.5294117647058822,-90.0,30,20,15,5,20,70
REJECT,STRUCTURE_ONLY,17,4,9,0.23529411764705882,0.6666666666666666,-60.0,-3.5294117647058822,-90.0,30,20,15,5,20,60
REJECT,STRUCTURE_ONLY,17,4,9,0.23529411764705882,0.6666666666666666,-60.0,-3.5294117647058822,-90.0,30,20,5,5,20,40
REJECT,STRUCTURE_ONLY,14,3,2,0.21428571428571427,1.5,20.0,1.4285714285714286,-20.0,20,20,10,15,12,60
REJECT,STRUCTURE_ONLY,14,3,2,0.21428571428571427,1.5,20.0,1.4285714285714286,-20.0,20,20,10,15,12,50
REJECT,STRUCTURE_ONLY,14,3,2,0.21428571428571427,1.5,20.0,1.4285714285714286,-20.0,20,20,10,15,12,40
REJECT,STRUCTURE_ONLY,14,3,2,0.21428571428571427,1.5,20.0,1.4285714285714286,-20.0,20,20,10,15,12,70
REJECT,STRUCTURE_ONLY,14,3,2,0.21428571428571427,1.2,10.0,0.7142857142857143,-30.0,20,25,10,15,12,40
REJECT,STRUCTURE_ONLY,14,3,2,0.21428571428571427,1.2,10.0,0.7142857142857143,-30.0,20,25,10,15,12,70
REJECT,STRUCTURE_ONLY,14,3,2,0.21428571428571427,1.2,10.0,0.7142857142857143,-30.0,20,25,10,15,12,50
REJECT,STRUCTURE_ONLY,14,3,2,0.21428571428571427,1.2,10.0,0.7142857142857143,-30.0,20,25,10,15,12,60
REJECT,STRUCTURE_ONLY,14,3,2,0.21428571428571427,1.0,0.0,0.0,-40.0,20,30,10,15,12,70
REJECT,STRUCTURE_ONLY,14,3,2,0.21428571428571427,1.0,0.0,0.0,-40.0,20,30,10,15,12,60
REJECT,STRUCTURE_ONLY,14,3,2,0.21428571428571427,1.0,0.0,0.0,-40.0,20,30,10,15,12,50
REJECT,STRUCTURE_ONLY,14,3,2,0.21428571428571427,1.0,0.0,0.0,-40.0,20,30,10,15,12,40
REJECT,STRUCTURE_ONLY,14,3,2,0.21428571428571427,0.75,-20.0,-1.4285714285714286,-60.0,20,40,10,15,12,60
REJECT,STRUCTURE_ONLY,14,3,2,0.21428571428571427,0.75,-20.0,-1.4285714285714286,-60.0,20,40,10,15,12,40
REJECT,STRUCTURE_ONLY,14,3,2,0.21428571428571427,0.75,-20.0,-1.4285714285714286,-60.0,20,40,10,15,12,70
REJECT,STRUCTURE_ONLY,14,3,2,0.21428571428571427,0.75,-20.0,-1.4285714285714286,-60.0,20,40,10,15,12,50
REJECT,STRUCTURE_ONLY,14,3,5,0.21428571428571427,0.6,-40.0,-2.857142857142857,-60.0,20,20,10,15,15,60
REJECT,STRUCTURE_ONLY,14,3,5,0.21428571428571427,0.6,-40.0,-2.857142857142857,-60.0,20,20,10,15,15,70
REJECT,STRUCTURE_ONLY,14,3,4,0.21428571428571427,0.6,-40.0,-2.857142857142857,-60.0,20,25,10,15,20,60
REJECT,STRUCTURE_ONLY,14,3,4,0.21428571428571427,0.6,-40.0,-2.857142857142857,-60.0,20,25,10,15,20,70
REJECT,STRUCTURE_ONLY,14,3,5,0.21428571428571427,0.6,-40.0,-2.857142857142857,-60.0,20,20,10,15,15,40
REJECT,STRUCTURE_ONLY,14,3,5,0.21428571428571427,0.6,-40.0,-2.857142857142857,-60.0,20,20,10,15,20,40
REJECT,STRUCTURE_ONLY,14,3,5,0.21428571428571427,0.6,-40.0,-2.857142857142857,-60.0,20,20,10,15,20,50
REJECT,STRUCTURE_ONLY,14,3,4,0.21428571428571427,0.6,-40.0,-2.857142857142857,-60.0,20,25,10,15,15,40
REJECT,STRUCTURE_ONLY,14,3,5,0.21428571428571427,0.6,-40.0,-2.857142857142857,-60.0,20,20,10,15,20,60
REJECT,STRUCTURE_ONLY,14,3,4,0.21428571428571427,0.6,-40.0,-2.857142857142857,-60.0,20,25,10,15,20,40
REJECT,STRUCTURE_ONLY,14,3,4,0.21428571428571427,0.6,-40.0,-2.857142857142857,-60.0,20,25,10,15,15,50
REJECT,STRUCTURE_ONLY,14,3,4,0.21428571428571427,0.6,-40.0,-2.857142857142857,-60.0,20,25,10,15,15,60
REJECT,STRUCTURE_ONLY,14,3,4,0.21428571428571427,0.6,-40.0,-2.857142857142857,-60.0,20,25,10,15,20,50
REJECT,STRUCTURE_ONLY,14,3,5,0.21428571428571427,0.6,-40.0,-2.857142857142857,-60.0,20,20,10,15,20,70
REJECT,STRUCTURE_ONLY,14,3,5,0.21428571428571427,0.6,-40.0,-2.857142857142857,-60.0,20,20,10,15,15,50
REJECT,STRUCTURE_ONLY,14,3,4,0.21428571428571427,0.6,-40.0,-2.857142857142857,-60.0,20,25,10,15,15,70
REJECT,STRUCTURE_ONLY,14,3,4,0.21428571428571427,0.5,-60.0,-4.285714285714286,-80.0,20,30,10,15,20,70
REJECT,STRUCTURE_ONLY,14,3,3,0.21428571428571427,0.5,-60.0,-4.285714285714286,-80.0,20,40,10,15,15,50
REJECT,STRUCTURE_ONLY,14,3,3,0.21428571428571427,0.5,-60.0,-4.285714285714286,-80.0,20,40,10,15,15,40
REJECT,STRUCTURE_ONLY,14,3,3,0.21428571428571427,0.5,-60.0,-4.285714285714286,-80.0,20,40,10,15,20,40
REJECT,STRUCTURE_ONLY,14,3,3,0.21428571428571427,0.5,-60.0,-4.285714285714286,-80.0,20,40,10,15,20,60
REJECT,STRUCTURE_ONLY,14,3,4,0.21428571428571427,0.5,-60.0,-4.285714285714286,-80.0,20,30,10,15,20,60
REJECT,STRUCTURE_ONLY,14,3,3,0.21428571428571427,0.5,-60.0,-4.285714285714286,-80.0,20,40,10,15,15,70
REJECT,STRUCTURE_ONLY,14,3,4,0.21428571428571427,0.5,-60.0,-4.285714285714286,-80.0,20,30,10,15,15,70
REJECT,STRUCTURE_ONLY,14,3,4,0.21428571428571427,0.5,-60.0,-4.285714285714286,-80.0,20,30,10,15,20,40
REJECT,STRUCTURE_ONLY,14,3,3,0.21428571428571427,0.5,-60.0,-4.285714285714286,-80.0,20,40,10,15,20,70
REJECT,STRUCTURE_ONLY,14,3,3,0.21428571428571427,0.5,-60.0,-4.285714285714286,-80.0,20,40,10,15,15,60
REJECT,STRUCTURE_ONLY,14,3,3,0.21428571428571427,0.5,-60.0,-4.285714285714286,-80.0,20,40,10,15,20,50
REJECT,STRUCTURE_ONLY,14,3,4,0.21428571428571427,0.5,-60.0,-4.285714285714286,-80.0,20,30,10,15,15,60
REJECT,STRUCTURE_ONLY,14,3,4,0.21428571428571427,0.5,-60.0,-4.285714285714286,-80.0,20,30,10,15,15,40
REJECT,STRUCTURE_ONLY,14,3,4,0.21428571428571427,0.5,-60.0,-4.285714285714286,-80.0,20,30,10,15,15,50
REJECT,STRUCTURE_ONLY,14,3,4,0.21428571428571427,0.5,-60.0,-4.285714285714286,-80.0,20,30,10,15,20,50
REJECT,STRUCTURE_ONLY,15,3,2,0.2,2.25,50.0,3.3333333333333335,-40.0,30,20,15,15,12,40
REJECT,STRUCTURE_ONLY,15,3,2,0.2,2.25,50.0,3.3333333333333335,-40.0,30,20,15,15,12,50
REJECT,STRUCTURE_ONLY,15,3,2,0.2,2.25,50.0,3.3333333333333335,-40.0,30,20,15,15,12,60
REJECT,STRUCTURE_ONLY,15,3,2,0.2,2.25,50.0,3.3333333333333335,-40.0,30,20,15,15,12,70
REJECT,STRUCTURE_ONLY,15,3,2,0.2,1.875,35.0,2.3333333333333335,-40.0,25,20,15,15,12,60
REJECT,STRUCTURE_ONLY,15,3,2,0.2,1.875,35.0,2.3333333333333335,-40.0,25,20,15,15,12,70
REJECT,STRUCTURE_ONLY,15,3,2,0.2,1.875,35.0,2.3333333333333335,-40.0,25,20,15,15,12,40
REJECT,STRUCTURE_ONLY,15,3,2,0.2,1.875,35.0,2.3333333333333335,-40.0,25,20,15,15,12,50
REJECT,STRUCTURE_ONLY,15,3,2,0.2,1.8,40.0,2.6666666666666665,-50.0,30,25,15,15,12,40
REJECT,STRUCTURE_ONLY,15,3,2,0.2,1.8,40.0,2.6666666666666665,-50.0,30,25,15,15,12,50
REJECT,STRUCTURE_ONLY,15,3,2,0.2,1.8,40.0,2.6666666666666665,-50.0,30,25,15,15,12,60
REJECT,STRUCTURE_ONLY,15,3,2,0.2,1.8,40.0,2.6666666666666665,-50.0,30,25,15,15,12,70
REJECT,STRUCTURE_ONLY,15,3,2,0.2,1.5,30.0,2.0,-60.0,30,30,15,15,12,40
REJECT,STRUCTURE_ONLY,15,3,2,0.2,1.5,30.0,2.0,-60.0,30,30,15,15,12,50
REJECT,STRUCTURE_ONLY,15,3,2,0.2,1.5,30.0,2.0,-60.0,30,30,15,15,12,70
REJECT,STRUCTURE_ONLY,15,3,2,0.2,1.5,30.0,2.0,-60.0,30,30,15,15,12,60
REJECT,STRUCTURE_ONLY,15,3,2,0.2,1.5,25.0,1.6666666666666667,-50.0,25,25,15,15,12,40
REJECT,STRUCTURE_ONLY,15,3,2,0.2,1.5,25.0,1.6666666666666667,-50.0,25,25,15,15,12,60
REJECT,STRUCTURE_ONLY,15,3,2,0.2,1.5,25.0,1.6666666666666667,-50.0,25,25,15,15,12,70
REJECT,STRUCTURE_ONLY,15,3,2,0.2,1.5,25.0,1.6666666666666667,-50.0,25,25,15,15,12,50
REJECT,STRUCTURE_ONLY,15,3,2,0.2,1.25,15.0,1.0,-60.0,25,30,15,15,12,50
REJECT,STRUCTURE_ONLY,15,3,2,0.2,1.25,15.0,1.0,-60.0,25,30,15,15,12,70
REJECT,STRUCTURE_ONLY,15,3,2,0.2,1.25,15.0,1.0,-60.0,25,30,15,15,12,60
REJECT,STRUCTURE_ONLY,15,3,2,0.2,1.25,15.0,1.0,-60.0,25,30,15,15,12,40
REJECT,STRUCTURE_ONLY,15,3,5,0.2,1.2,20.0,1.3333333333333333,-40.0,40,20,5,10,20,70
REJECT,STRUCTURE_ONLY,15,3,5,0.2,1.2,20.0,1.3333333333333333,-40.0,40,20,10,10,20,70
REJECT,STRUCTURE_ONLY,15,3,5,0.2,1.2,20.0,1.3333333333333333,-40.0,40,20,5,10,20,60
REJECT,STRUCTURE_ONLY,15,3,5,0.2,1.2,20.0,1.3333333333333333,-40.0,40,20,15,10,20,70
REJECT,STRUCTURE_ONLY,15,3,5,0.2,1.2,20.0,1.3333333333333333,-40.0,40,20,15,10,20,60
REJECT,STRUCTURE_ONLY,15,3,5,0.2,1.2,20.0,1.3333333333333333,-40.0,40,20,15,10,20,50
REJECT,STRUCTURE_ONLY,15,3,5,0.2,1.2,20.0,1.3333333333333333,-40.0,40,20,15,10,20,40
REJECT,STRUCTURE_ONLY,15,3,5,0.2,1.2,20.0,1.3333333333333333,-40.0,40,20,5,10,20,50
REJECT,STRUCTURE_ONLY,15,3,5,0.2,1.2,20.0,1.3333333333333333,-40.0,40,20,5,10,20,40
REJECT,STRUCTURE_ONLY,15,3,5,0.2,1.2,20.0,1.3333333333333333,-40.0,40,20,10,10,20,40
REJECT,STRUCTURE_ONLY,15,3,5,0.2,1.2,20.0,1.3333333333333333,-40.0,40,20,10,10,20,50
REJECT,STRUCTURE_ONLY,15,3,5,0.2,1.2,20.0,1.3333333333333333,-40.0,40,20,10,10,20,60
REJECT,STRUCTURE_ONLY,15,3,2,0.2,1.125,10.0,0.6666666666666666,-80.0,30,40,15,15,12,50
REJECT,STRUCTURE_ONLY,15,3,2,0.2,1.125,10.0,0.6666666666666666,-80.0,30,40,15,15,12,70
REJECT,STRUCTURE_ONLY,15,3,2,0.2,1.125,10.0,0.6666666666666666,-80.0,30,40,15,15,12,60
REJECT,STRUCTURE_ONLY,15,3,2,0.2,1.125,10.0,0.6666666666666666,-80.0,30,40,15,15,12,40
REJECT,STRUCTURE_ONLY,15,3,3,0.2,1.0,0.0,0.0,-40.0,40,40,15,10,20,60
REJECT,STRUCTURE_ONLY,15,3,4,0.2,1.0,0.0,0.0,-60.0,40,30,5,10,20,40
REJECT,STRUCTURE_ONLY,15,3,3,0.2,1.0,0.0,0.0,-40.0,40,40,10,10,20,70
REJECT,STRUCTURE_ONLY,15,3,3,0.2,1.0,0.0,0.0,-40.0,40,40,5,10,20,70
REJECT,STRUCTURE_ONLY,15,3,4,0.2,1.0,0.0,0.0,-60.0,40,30,10,10,20,40
REJECT,STRUCTURE_ONLY,15,3,4,0.2,1.0,0.0,0.0,-60.0,40,30,15,10,20,70
REJECT,STRUCTURE_ONLY,15,3,4,0.2,1.0,0.0,0.0,-60.0,40,30,10,10,20,50
REJECT,STRUCTURE_ONLY,15,3,4,0.2,1.0,0.0,0.0,-60.0,40,30,15,10,20,60
REJECT,STRUCTURE_ONLY,15,3,4,0.2,1.0,0.0,0.0,-60.0,40,30,15,10,20,50
REJECT,STRUCTURE_ONLY,15,3,4,0.2,1.0,0.0,0.0,-60.0,40,30,15,10,20,40
REJECT,STRUCTURE_ONLY,15,3,4,0.2,1.0,0.0,0.0,-60.0,40,30,10,10,20,60
REJECT,STRUCTURE_ONLY,15,3,4,0.2,1.0,0.0,0.0,-60.0,40,30,10,10,20,70
REJECT,STRUCTURE_ONLY,15,3,3,0.2,1.0,0.0,0.0,-40.0,40,40,10,10,20,60
REJECT,STRUCTURE_ONLY,15,3,3,0.2,1.0,0.0,0.0,-40.0,40,40,10,10,20,50
REJECT,STRUCTURE_ONLY,15,3,3,0.2,1.0,0.0,0.0,-40.0,40,40,5,10,20,60
REJECT,STRUCTURE_ONLY,15,3,4,0.2,1.0,0.0,0.0,-60.0,40,30,5,10,20,70
REJECT,STRUCTURE_ONLY,15,3,4,0.2,1.0,0.0,0.0,-60.0,40,30,5,10,20,60
REJECT,STRUCTURE_ONLY,15,3,4,0.2,1.0,0.0,0.0,-60.0,40,30,5,10,20,50
REJECT,STRUCTURE_ONLY,15,3,3,0.2,1.0,0.0,0.0,-40.0,40,40,5,10,20,50
REJECT,STRUCTURE_ONLY,15,3,3,0.2,1.0,0.0,0.0,-40.0,40,40,10,10,20,40
REJECT,STRUCTURE_ONLY,15,3,3,0.2,1.0,0.0,0.0,-40.0,40,40,5,10,20,40
REJECT,STRUCTURE_ONLY,15,3,3,0.2,1.0,0.0,0.0,-40.0,40,40,15,10,20,70
REJECT,STRUCTURE_ONLY,15,3,3,0.2,1.0,0.0,0.0,-40.0,40,40,15,10,20,50
REJECT,STRUCTURE_ONLY,15,3,3,0.2,1.0,0.0,0.0,-40.0,40,40,15,10,20,40
REJECT,STRUCTURE_ONLY,15,3,5,0.2,0.96,-5.0,-0.3333333333333333,-60.0,40,25,5,10,20,70
REJECT,STRUCTURE_ONLY,15,3,5,0.2,0.96,-5.0,-0.3333333333333333,-60.0,40,25,10,10,20,60
REJECT,STRUCTURE_ONLY,15,3,5,0.2,0.96,-5.0,-0.3333333333333333,-60.0,40,25,10,10,20,70
REJECT,STRUCTURE_ONLY,15,3,5,0.2,0.96,-5.0,-0.3333333333333333,-60.0,40,25,10,10,20,40
REJECT,STRUCTURE_ONLY,15,3,5,0.2,0.96,-5.0,-0.3333333333333333,-60.0,40,25,10,10,20,50
REJECT,STRUCTURE_ONLY,15,3,5,0.2,0.96,-5.0,-0.3333333333333333,-60.0,40,25,15,10,20,70
REJECT,STRUCTURE_ONLY,15,3,5,0.2,0.96,-5.0,-0.3333333333333333,-60.0,40,25,15,10,20,60
REJECT,STRUCTURE_ONLY,15,3,5,0.2,0.96,-5.0,-0.3333333333333333,-60.0,40,25,15,10,20,50
REJECT,STRUCTURE_ONLY,15,3,5,0.2,0.96,-5.0,-0.3333333333333333,-60.0,40,25,15,10,20,40
REJECT,STRUCTURE_ONLY,15,3,5,0.2,0.96,-5.0,-0.3333333333333333,-60.0,40,25,5,10,20,40
REJECT,STRUCTURE_ONLY,15,3,5,0.2,0.96,-5.0,-0.3333333333333333,-60.0,40,25,5,10,20,50
REJECT,STRUCTURE_ONLY,15,3,5,0.2,0.96,-5.0,-0.3333333333333333,-60.0,40,25,5,10,20,60
REJECT,STRUCTURE_ONLY,15,3,2,0.2,0.9375,-5.0,-0.3333333333333333,-80.0,25,40,15,15,12,40
REJECT,STRUCTURE_ONLY,15,3,2,0.2,0.9375,-5.0,-0.3333333333333333,-80.0,25,40,15,15,12,50
REJECT,STRUCTURE_ONLY,15,3,2,0.2,0.9375,-5.0,-0.3333333333333333,-80.0,25,40,15,15,12,60
REJECT,STRUCTURE_ONLY,15,3,2,0.2,0.9375,-5.0,-0.3333333333333333,-80.0,25,40,15,15,12,70
REJECT,STRUCTURE_ONLY,15,3,5,0.2,0.9,-10.0,-0.6666666666666666,-60.0,30,20,15,15,20,60
REJECT,STRUCTURE_ONLY,15,3,5,0.2,0.9,-10.0,-0.6666666666666666,-60.0,30,20,15,15,15,50
REJECT,STRUCTURE_ONLY,15,3,5,0.2,0.9,-10.0,-0.6666666666666666,-60.0,30,20,10,10,12,50
REJECT,STRUCTURE_ONLY,15,3,5,0.2,0.9,-10.0,-0.6666666666666666,-60.0,30,20,10,10,12,60
REJECT,STRUCTURE_ONLY,15,3,5,0.2,0.9,-10.0,-0.6666666666666666,-60.0,30,20,15,10,15,70
REJECT,STRUCTURE_ONLY,15,3,5,0.2,0.9,-10.0,-0.6666666666666666,-60.0,30,20,10,10,12,70
REJECT,STRUCTURE_ONLY,15,3,5,0.2,0.9,-10.0,-0.6666666666666666,-60.0,30,20,15,10,15,60
REJECT,STRUCTURE_ONLY,15,3,5,0.2,0.9,-10.0,-0.6666666666666666,-60.0,30,20,10,10,15,40
REJECT,STRUCTURE_ONLY,15,3,5,0.2,0.9,-10.0,-0.6666666666666666,-60.0,30,20,15,10,15,50
REJECT,STRUCTURE_ONLY,15,3,5,0.2,0.9,-10.0,-0.6666666666666666,-60.0,30,20,10,10,15,50
REJECT,STRUCTURE_ONLY,15,3,5,0.2,0.9,-10.0,-0.6666666666666666,-60.0,30,20,5,10,12,50
REJECT,STRUCTURE_ONLY,15,3,5,0.2,0.9,-10.0,-0.6666666666666666,-60.0,30,20,15,10,15,40
REJECT,STRUCTURE_ONLY,15,3,5,0.2,0.9,-10.0,-0.6666666666666666,-60.0,30,20,15,15,20,50
REJECT,STRUCTURE_ONLY,15,3,5,0.2,0.9,-10.0,-0.6666666666666666,-60.0,30,20,5,10,12,40
REJECT,STRUCTURE_ONLY,15,3,4,0.2,0.9,-10.0,-0.6666666666666666,-75.0,30,25,15,15,20,70
REJECT,STRUCTURE_ONLY,15,3,5,0.2,0.9,-10.0,-0.6666666666666666,-60.0,30,20,15,15,15,40
REJECT,STRUCTURE_ONLY,15,3,5,0.2,0.9,-10.0,-0.6666666666666666,-60.0,30,20,5,10,12,60
REJECT,STRUCTURE_ONLY,15,3,5,0.2,0.9,-10.0,-0.6666666666666666,-60.0,30,20,15,15,20,70
REJECT,STRUCTURE_ONLY,15,3,5,0.2,0.9,-10.0,-0.6666666666666666,-60.0,30,20,5,10,15,70
REJECT,STRUCTURE_ONLY,15,3,5,0.2,0.9,-10.0,-0.6666666666666666,-60.0,30,20,10,10,12,40
REJECT,STRUCTURE_ONLY,15,3,5,0.2,0.9,-10.0,-0.6666666666666666,-60.0,30,20,15,15,15,60
REJECT,STRUCTURE_ONLY,15,3,5,0.2,0.9,-10.0,-0.6666666666666666,-60.0,30,20,15,15,15,70
REJECT,STRUCTURE_ONLY,15,3,5,0.2,0.9,-10.0,-0.6666666666666666,-60.0,30,20,15,15,20,40
REJECT,STRUCTURE_ONLY,15,3,4,0.2,0.9,-10.0,-0.6666666666666666,-75.0,30,25,15,15,15,40
REJECT,STRUCTURE_ONLY,15,3,4,0.2,0.9,-10.0,-0.6666666666666666,-75.0,30,25,15,15,15,50
REJECT,STRUCTURE_ONLY,15,3,4,0.2,0.9,-10.0,-0.6666666666666666,-75.0,30,25,15,15,15,60
REJECT,STRUCTURE_ONLY,15,3,5,0.2,0.9,-10.0,-0.6666666666666666,-60.0,30,20,5,10,12,70
REJECT,STRUCTURE_ONLY,15,3,5,0.2,0.9,-10.0,-0.6666666666666666,-60.0,30,20,15,10,12,70
REJECT,STRUCTURE_ONLY,15,3,5,0.2,0.9,-10.0,-0.6666666666666666,-60.0,30,20,5,10,15,40
REJECT,STRUCTURE_ONLY,15,3,5,0.2,0.9,-10.0,-0.6666666666666666,-60.0,30,20,10,10,15,60
REJECT,STRUCTURE_ONLY,15,3,5,0.2,0.9,-10.0,-0.6666666666666666,-60.0,30,20,5,10,15,50
REJECT,STRUCTURE_ONLY,15,3,4,0.2,0.9,-10.0,-0.6666666666666666,-75.0,30,25,15,15,15,70
REJECT,STRUCTURE_ONLY,15,3,5,0.2,0.9,-10.0,-0.6666666666666666,-60.0,30,20,10,10,15,70
REJECT,STRUCTURE_ONLY,15,3,5,0.2,0.9,-10.0,-0.6666666666666666,-60.0,30,20,5,10,15,60
REJECT,STRUCTURE_ONLY,15,3,5,0.2,0.9,-10.0,-0.6666666666666666,-60.0,30,20,15,10,12,60
REJECT,STRUCTURE_ONLY,15,3,4,0.2,0.9,-10.0,-0.6666666666666666,-75.0,30,25,15,15,20,40
REJECT,STRUCTURE_ONLY,15,3,5,0.2,0.9,-10.0,-0.6666666666666666,-60.0,30,20,15,10,12,40
REJECT,STRUCTURE_ONLY,15,3,5,0.2,0.9,-10.0,-0.6666666666666666,-60.0,30,20,15,10,12,50
REJECT,STRUCTURE_ONLY,15,3,4,0.2,0.9,-10.0,-0.6666666666666666,-75.0,30,25,15,15,20,50
REJECT,STRUCTURE_ONLY,15,3,4,0.2,0.9,-10.0,-0.6666666666666666,-75.0,30,25,15,15,20,60
REJECT,STRUCTURE_ONLY,15,3,5,0.2,0.75,-25.0,-1.6666666666666667,-60.0,25,20,15,15,15,40
REJECT,STRUCTURE_ONLY,15,3,5,0.2,0.75,-25.0,-1.6666666666666667,-60.0,25,20,15,10,12,50
REJECT,STRUCTURE_ONLY,15,3,5,0.2,0.75,-25.0,-1.6666666666666667,-60.0,25,20,10,10,15,70
REJECT,STRUCTURE_ONLY,15,3,5,0.2,0.75,-25.0,-1.6666666666666667,-60.0,25,20,15,15,15,50
REJECT,STRUCTURE_ONLY,15,3,5,0.2,0.75,-25.0,-1.6666666666666667,-60.0,25,20,5,10,15,70
REJECT,STRUCTURE_ONLY,15,3,5,0.2,0.75,-25.0,-1.6666666666666667,-60.0,25,20,10,10,15,60
REJECT,STRUCTURE_ONLY,15,3,5,0.2,0.75,-25.0,-1.6666666666666667,-60.0,25,20,10,10,15,40
REJECT,STRUCTURE_ONLY,15,3,4,0.2,0.75,-25.0,-1.6666666666666667,-75.0,25,25,15,15,20,50
REJECT,STRUCTURE_ONLY,15,3,5,0.2,0.75,-25.0,-1.6666666666666667,-60.0,25,20,10,10,15,50
REJECT,STRUCTURE_ONLY,15,3,5,0.2,0.75,-25.0,-1.6666666666666667,-60.0,25,20,10,10,12,70
REJECT,STRUCTURE_ONLY,15,3,5,0.2,0.75,-25.0,-1.6666666666666667,-60.0,25,20,15,10,12,40
REJECT,STRUCTURE_ONLY,15,3,5,0.2,0.75,-25.0,-1.6666666666666667,-60.0,25,20,5,10,15,60
REJECT,STRUCTURE_ONLY,15,3,5,0.2,0.75,-25.0,-1.6666666666666667,-60.0,25,20,10,10,12,60
REJECT,STRUCTURE_ONLY,15,3,5,0.2,0.75,-25.0,-1.6666666666666667,-60.0,25,20,15,10,12,60
REJECT,STRUCTURE_ONLY,15,3,4,0.2,0.75,-25.0,-1.6666666666666667,-75.0,25,25,15,15,20,60
REJECT,STRUCTURE_ONLY,15,3,5,0.2,0.75,-25.0,-1.6666666666666667,-60.0,25,20,5,10,15,50
REJECT,STRUCTURE_ONLY,15,3,5,0.2,0.75,-25.0,-1.6666666666666667,-60.0,25,20,15,10,12,70
REJECT,STRUCTURE_ONLY,15,3,5,0.2,0.75,-25.0,-1.6666666666666667,-60.0,25,20,5,10,15,40
REJECT,STRUCTURE_ONLY,15,3,5,0.2,0.75,-25.0,-1.6666666666666667,-60.0,25,20,15,10,15,40
REJECT,STRUCTURE_ONLY,15,3,5,0.2,0.75,-25.0,-1.6666666666666667,-60.0,25,20,5,10,12,70
REJECT,STRUCTURE_ONLY,15,3,5,0.2,0.75,-25.0,-1.6666666666666667,-60.0,25,20,5,10,12,40
REJECT,STRUCTURE_ONLY,15,3,5,0.2,0.75,-25.0,-1.6666666666666667,-60.0,25,20,5,10,12,50
REJECT,STRUCTURE_ONLY,15,3,5,0.2,0.75,-25.0,-1.6666666666666667,-60.0,25,20,15,10,15,50
REJECT,STRUCTURE_ONLY,15,3,5,0.2,0.75,-25.0,-1.6666666666666667,-60.0,25,20,5,10,12,60
REJECT,STRUCTURE_ONLY,15,3,4,0.2,0.75,-25.0,-1.6666666666666667,-75.0,25,25,15,15,15,40
REJECT,STRUCTURE_ONLY,15,3,5,0.2,0.75,-25.0,-1.6666666666666667,-60.0,25,20,15,10,15,60
REJECT,STRUCTURE_ONLY,15,3,4,0.2,0.75,-25.0,-1.6666666666666667,-75.0,25,25,15,15,15,50
REJECT,STRUCTURE_ONLY,15,3,4,0.2,0.75,-25.0,-1.6666666666666667,-75.0,25,25,15,15,20,40
REJECT,STRUCTURE_ONLY,15,3,4,0.2,0.75,-25.0,-1.6666666666666667,-75.0,25,25,15,15,20,70
REJECT,STRUCTURE_ONLY,15,3,5,0.2,0.75,-25.0,-1.6666666666666667,-60.0,25,20,15,15,20,70
REJECT,STRUCTURE_ONLY,15,3,5,0.2,0.75,-25.0,-1.6666666666666667,-60.0,25,20,15,10,15,70
REJECT,STRUCTURE_ONLY,15,3,5,0.2,0.75,-25.0,-1.6666666666666667,-60.0,25,20,15,15,20,60
REJECT,STRUCTURE_ONLY,15,3,5,0.2,0.75,-25.0,-1.6666666666666667,-60.0,25,20,15,15,20,50
REJECT,STRUCTURE_ONLY,15,3,4,0.2,0.75,-25.0,-1.6666666666666667,-75.0,25,25,15,15,15,70
REJECT,STRUCTURE_ONLY,15,3,5,0.2,0.75,-25.0,-1.6666666666666667,-60.0,25,20,15,15,20,40
REJECT,STRUCTURE_ONLY,15,3,5,0.2,0.75,-25.0,-1.6666666666666667,-60.0,25,20,10,10,12,40
REJECT,STRUCTURE_ONLY,15,3,5,0.2,0.75,-25.0,-1.6666666666666667,-60.0,25,20,15,15,15,70
REJECT,STRUCTURE_ONLY,15,3,4,0.2,0.75,-25.0,-1.6666666666666667,-75.0,25,25,15,15,15,60
REJECT,STRUCTURE_ONLY,15,3,5,0.2,0.75,-25.0,-1.6666666666666667,-60.0,25,20,15,15,15,60
REJECT,STRUCTURE_ONLY,15,3,5,0.2,0.75,-25.0,-1.6666666666666667,-60.0,25,20,10,10,12,50
REJECT,STRUCTURE_ONLY,15,3,4,0.2,0.75,-30.0,-2.0,-90.0,30,30,15,15,15,50
REJECT,STRUCTURE_ONLY,15,3,4,0.2,0.75,-30.0,-2.0,-90.0,30,30,15,10,15,50
REJECT,STRUCTURE_ONLY,15,3,3,0.2,0.75,-30.0,-2.0,-80.0,30,40,15,15,20,60
REJECT,STRUCTURE_ONLY,15,3,3,0.2,0.75,-30.0,-2.0,-80.0,30,40,10,10,12,60
REJECT,STRUCTURE_ONLY,15,3,3,0.2,0.75,-30.0,-2.0,-80.0,30,40,15,15,15,60
REJECT,STRUCTURE_ONLY,15,3,4,0.2,0.75,-30.0,-2.0,-90.0,30,30,5,10,15,60
REJECT,STRUCTURE_ONLY,15,3,4,0.2,0.75,-30.0,-2.0,-90.0,30,30,15,10,15,60
REJECT,STRUCTURE_ONLY,15,3,3,0.2,0.75,-30.0,-2.0,-80.0,30,40,15,10,15,60
REJECT,STRUCTURE_ONLY,15,3,3,0.2,0.75,-30.0,-2.0,-80.0,30,40,5,10,15,50
REJECT,STRUCTURE_ONLY,15,3,3,0.2,0.75,-30.0,-2.0,-80.0,30,40,15,15,15,50
REJECT,STRUCTURE_ONLY,15,3,3,0.2,0.75,-30.0,-2.0,-80.0,30,40,10,10,12,50
REJECT,STRUCTURE_ONLY,15,3,4,0.2,0.75,-30.0,-2.0,-90.0,30,30,10,10,15,40
REJECT,STRUCTURE_ONLY,15,3,3,0.2,0.75,-30.0,-2.0,-80.0,30,40,15,15,15,40
REJECT,STRUCTURE_ONLY,15,3,4,0.2,0.75,-30.0,-2.0,-90.0,30,30,15,15,15,70
REJECT,STRUCTURE_ONLY,15,3,3,0.2,0.75,-30.0,-2.0,-80.0,30,40,10,10,12,40
REJECT,STRUCTURE_ONLY,15,3,4,0.2,0.75,-30.0,-2.0,-90.0,30,30,5,10,15,70
REJECT,STRUCTURE_ONLY,15,3,4,0.2,0.75,-30.0,-2.0,-90.0,30,30,5,10,12,40
REJECT,STRUCTURE_ONLY,15,3,4,0.2,0.75,-30.0,-2.0,-90.0,30,30,10,10,15,50
REJECT,STRUCTURE_ONLY,15,3,4,0.2,0.75,-30.0,-2.0,-90.0,30,30,5,10,15,50
REJECT,STRUCTURE_ONLY,15,3,4,0.2,0.75,-30.0,-2.0,-90.0,30,30,5,10,15,40
REJECT,STRUCTURE_ONLY,15,3,4,0.2,0.75,-30.0,-2.0,-90.0,30,30,5,10,12,70
REJECT,STRUCTURE_ONLY,15,3,3,0.2,0.75,-30.0,-2.0,-80.0,30,40,15,10,15,40
REJECT,STRUCTURE_ONLY,15,3,4,0.2,0.75,-30.0,-2.0,-90.0,30,30,5,10,12,60
REJECT,STRUCTURE_ONLY,15,3,4,0.2,0.75,-30.0,-2.0,-90.0,30,30,10,10,15,60
REJECT,STRUCTURE_ONLY,15,3,4,0.2,0.75,-30.0,-2.0,-90.0,30,30,15,10,12,70
REJECT,STRUCTURE_ONLY,15,3,3,0.2,0.75,-30.0,-2.0,-80.0,30,40,15,10,12,70
REJECT,STRUCTURE_ONLY,15,3,4,0.2,0.75,-30.0,-2.0,-90.0,30,30,5,10,12,50
REJECT,STRUCTURE_ONLY,15,3,4,0.2,0.75,-30.0,-2.0,-90.0,30,30,15,10,15,40
REJECT,STRUCTURE_ONLY,15,3,3,0.2,0.75,-30.0,-2.0,-80.0,30,40,10,10,15,40
REJECT,STRUCTURE_ONLY,15,3,4,0.2,0.75,-30.0,-2.0,-90.0,30,30,10,10,12,40
REJECT,STRUCTURE_ONLY,15,3,4,0.2,0.75,-30.0,-2.0,-90.0,30,30,15,15,20,70
REJECT,STRUCTURE_ONLY,15,3,4,0.2,0.75,-30.0,-2.0,-90.0,30,30,15,15,15,40
REJECT,STRUCTURE_ONLY,15,3,4,0.2,0.75,-30.0,-2.0,-90.0,30,30,15,15,20,60
REJECT,STRUCTURE_ONLY,15,3,4,0.2,0.75,-30.0,-2.0,-90.0,30,30,10,10,15,70
REJECT,STRUCTURE_ONLY,15,3,3,0.2,0.75,-30.0,-2.0,-80.0,30,40,15,10,12,60
REJECT,STRUCTURE_ONLY,15,3,3,0.2,0.75,-30.0,-2.0,-80.0,30,40,10,10,15,50
REJECT,STRUCTURE_ONLY,15,3,4,0.2,0.75,-30.0,-2.0,-90.0,30,30,15,15,15,60
REJECT,STRUCTURE_ONLY,15,3,3,0.2,0.75,-30.0,-2.0,-80.0,30,40,15,10,12,40
REJECT,STRUCTURE_ONLY,15,3,3,0.2,0.75,-30.0,-2.0,-80.0,30,40,10,10,15,60
REJECT,STRUCTURE_ONLY,15,3,3,0.2,0.75,-30.0,-2.0,-80.0,30,40,15,15,15,70
REJECT,STRUCTURE_ONLY,15,3,3,0.2,0.75,-30.0,-2.0,-80.0,30,40,5,10,12,70
REJECT,STRUCTURE_ONLY,15,3,4,0.2,0.75,-30.0,-2.0,-90.0,30,30,15,15,20,50
REJECT,STRUCTURE_ONLY,15,3,3,0.2,0.75,-30.0,-2.0,-80.0,30,40,5,10,15,60
REJECT,STRUCTURE_ONLY,15,3,4,0.2,0.75,-30.0,-2.0,-90.0,30,30,15,10,12,40
REJECT,STRUCTURE_ONLY,15,3,3,0.2,0.75,-30.0,-2.0,-80.0,30,40,15,15,20,40
REJECT,STRUCTURE_ONLY,15,3,4,0.2,0.75,-30.0,-2.0,-90.0,30,30,15,10,15,70
REJECT,STRUCTURE_ONLY,15,3,4,0.2,0.75,-30.0,-2.0,-90.0,30,30,15,10,12,60
REJECT,STRUCTURE_ONLY,15,3,3,0.2,0.75,-30.0,-2.0,-80.0,30,40,10,10,15,70
REJECT,STRUCTURE_ONLY,15,3,4,0.2,0.75,-30.0,-2.0,-90.0,30,30,10,10,12,50
REJECT,STRUCTURE_ONLY,15,3,3,0.2,0.75,-30.0,-2.0,-80.0,30,40,15,10,15,50
REJECT,STRUCTURE_ONLY,15,3,4,0.2,0.75,-30.0,-2.0,-90.0,30,30,10,10,12,60
REJECT,STRUCTURE_ONLY,15,3,3,0.2,0.75,-30.0,-2.0,-80.0,30,40,5,10,12,40
REJECT,STRUCTURE_ONLY,15,3,3,0.2,0.75,-30.0,-2.0,-80.0,30,40,15,10,12,50
REJECT,STRUCTURE_ONLY,15,3,3,0.2,0.75,-30.0,-2.0,-80.0,30,40,10,10,12,70
REJECT,STRUCTURE_ONLY,15,3,4,0.2,0.75,-30.0,-2.0,-90.0,30,30,15,15,20,40
REJECT,STRUCTURE_ONLY,15,3,4,0.2,0.75,-30.0,-2.0,-90.0,30,30,10,10,12,70
REJECT,STRUCTURE_ONLY,15,3,3,0.2,0.75,-30.0,-2.0,-80.0,30,40,15,10,15,70
REJECT,STRUCTURE_ONLY,15,3,4,0.2,0.75,-30.0,-2.0,-90.0,30,30,15,10,12,50
REJECT,STRUCTURE_ONLY,15,3,3,0.2,0.75,-30.0,-2.0,-80.0,30,40,5,10,12,50
REJECT,STRUCTURE_ONLY,15,3,3,0.2,0.75,-30.0,-2.0,-80.0,30,40,5,10,12,60
REJECT,STRUCTURE_ONLY,15,3,3,0.2,0.75,-30.0,-2.0,-80.0,30,40,15,15,20,70
REJECT,STRUCTURE_ONLY,15,3,3,0.2,0.75,-30.0,-2.0,-80.0,30,40,5,10,15,70
REJECT,STRUCTURE_ONLY,15,3,3,0.2,0.75,-30.0,-2.0,-80.0,30,40,5,10,15,40
REJECT,STRUCTURE_ONLY,15,3,3,0.2,0.75,-30.0,-2.0,-80.0,30,40,15,15,20,50
REJECT,STRUCTURE_ONLY,15,3,5,0.2,0.72,-35.0,-2.3333333333333335,-75.0,30,25,5,10,12,70
REJECT,STRUCTURE_ONLY,15,3,5,0.2,0.72,-35.0,-2.3333333333333335,-75.0,30,25,15,10,12,50
REJECT,STRUCTURE_ONLY,15,3,5,0.2,0.72,-35.0,-2.3333333333333335,-75.0,30,25,15,10,15,40
REJECT,STRUCTURE_ONLY,15,3,5,0.2,0.72,-35.0,-2.3333333333333335,-75.0,30,25,15,10,15,50
REJECT,STRUCTURE_ONLY,15,3,5,0.2,0.72,-35.0,-2.3333333333333335,-75.0,30,25,5,10,12,40
REJECT,STRUCTURE_ONLY,15,3,5,0.2,0.72,-35.0,-2.3333333333333335,-75.0,30,25,10,10,12,40
REJECT,STRUCTURE_ONLY,15,3,5,0.2,0.72,-35.0,-2.3333333333333335,-75.0,30,25,15,10,15,70
REJECT,STRUCTURE_ONLY,15,3,5,0.2,0.72,-35.0,-2.3333333333333335,-75.0,30,25,15,10,12,70
REJECT,STRUCTURE_ONLY,15,3,5,0.2,0.72,-35.0,-2.3333333333333335,-75.0,30,25,15,10,15,60
REJECT,STRUCTURE_ONLY,15,3,5,0.2,0.72,-35.0,-2.3333333333333335,-75.0,30,25,5,10,15,70
REJECT,STRUCTURE_ONLY,15,3,5,0.2,0.72,-35.0,-2.3333333333333335,-75.0,30,25,15,10,12,40
REJECT,STRUCTURE_ONLY,15,3,5,0.2,0.72,-35.0,-2.3333333333333335,-75.0,30,25,10,10,12,50
REJECT,STRUCTURE_ONLY,15,3,5,0.2,0.72,-35.0,-2.3333333333333335,-75.0,30,25,10,10,15,70
REJECT,STRUCTURE_ONLY,15,3,5,0.2,0.72,-35.0,-2.3333333333333335,-75.0,30,25,15,10,12,60
REJECT,STRUCTURE_ONLY,15,3,5,0.2,0.72,-35.0,-2.3333333333333335,-75.0,30,25,10,10,12,70
REJECT,STRUCTURE_ONLY,15,3,5,0.2,0.72,-35.0,-2.3333333333333335,-75.0,30,25,5,10,15,50
REJECT,STRUCTURE_ONLY,15,3,5,0.2,0.72,-35.0,-2.3333333333333335,-75.0,30,25,5,10,15,60
REJECT,STRUCTURE_ONLY,15,3,5,0.2,0.72,-35.0,-2.3333333333333335,-75.0,30,25,5,10,15,40
REJECT,STRUCTURE_ONLY,15,3,5,0.2,0.72,-35.0,-2.3333333333333335,-75.0,30,25,10,10,15,40
REJECT,STRUCTURE_ONLY,15,3,5,0.2,0.72,-35.0,-2.3333333333333335,-75.0,30,25,10,10,15,50
REJECT,STRUCTURE_ONLY,15,3,5,0.2,0.72,-35.0,-2.3333333333333335,-75.0,30,25,10,10,12,60
REJECT,STRUCTURE_ONLY,15,3,5,0.2,0.72,-35.0,-2.3333333333333335,-75.0,30,25,5,10,12,60
REJECT,STRUCTURE_ONLY,15,3,5,0.2,0.72,-35.0,-2.3333333333333335,-75.0,30,25,10,10,15,60
REJECT,STRUCTURE_ONLY,15,3,5,0.2,0.72,-35.0,-2.3333333333333335,-75.0,30,25,5,10,12,50
REJECT,STRUCTURE_ONLY,15,3,3,0.2,0.625,-45.0,-3.0,-80.0,25,40,10,10,15,70
REJECT,STRUCTURE_ONLY,15,3,4,0.2,0.625,-45.0,-3.0,-90.0,25,30,15,10,12,60
REJECT,STRUCTURE_ONLY,15,3,3,0.2,0.625,-45.0,-3.0,-80.0,25,40,10,10,12,40
REJECT,STRUCTURE_ONLY,15,3,4,0.2,0.625,-45.0,-3.0,-90.0,25,30,15,15,15,50
REJECT,STRUCTURE_ONLY,15,3,3,0.2,0.625,-45.0,-3.0,-80.0,25,40,5,10,15,70
REJECT,STRUCTURE_ONLY,15,3,4,0.2,0.625,-45.0,-3.0,-90.0,25,30,10,10,12,40
REJECT,STRUCTURE_ONLY,15,3,3,0.2,0.625,-45.0,-3.0,-80.0,25,40,5,10,15,60
REJECT,STRUCTURE_ONLY,15,3,4,0.2,0.625,-45.0,-3.0,-90.0,25,30,5,10,15,40
REJECT,STRUCTURE_ONLY,15,3,3,0.2,0.625,-45.0,-3.0,-80.0,25,40,15,15,20,70
REJECT,STRUCTURE_ONLY,15,3,4,0.2,0.625,-45.0,-3.0,-90.0,25,30,15,10,15,50
REJECT,STRUCTURE_ONLY,15,3,3,0.2,0.625,-45.0,-3.0,-80.0,25,40,5,10,15,50
REJECT,STRUCTURE_ONLY,15,3,3,0.2,0.625,-45.0,-3.0,-80.0,25,40,5,10,15,40
REJECT,STRUCTURE_ONLY,15,3,4,0.2,0.625,-45.0,-3.0,-90.0,25,30,15,10,12,70
REJECT,STRUCTURE_ONLY,15,3,3,0.2,0.625,-45.0,-3.0,-80.0,25,40,15,15,20,60
REJECT,STRUCTURE_ONLY,15,3,4,0.2,0.625,-45.0,-3.0,-90.0,25,30,15,15,15,40
REJECT,STRUCTURE_ONLY,15,3,3,0.2,0.625,-45.0,-3.0,-80.0,25,40,5,10,12,70
REJECT,STRUCTURE_ONLY,15,3,3,0.2,0.625,-45.0,-3.0,-80.0,25,40,15,15,20,50
REJECT,STRUCTURE_ONLY,15,3,3,0.2,0.625,-45.0,-3.0,-80.0,25,40,5,10,12,60
REJECT,STRUCTURE_ONLY,15,3,4,0.2,0.625,-45.0,-3.0,-90.0,25,30,15,10,15,60
REJECT,STRUCTURE_ONLY,15,3,3,0.2,0.625,-45.0,-3.0,-80.0,25,40,15,15,20,40
REJECT,STRUCTURE_ONLY,15,3,3,0.2,0.625,-45.0,-3.0,-80.0,25,40,15,15,15,70
REJECT,STRUCTURE_ONLY,15,3,3,0.2,0.625,-45.0,-3.0,-80.0,25,40,5,10,12,50
REJECT,STRUCTURE_ONLY,15,3,3,0.2,0.625,-45.0,-3.0,-80.0,25,40,15,15,15,60
REJECT,STRUCTURE_ONLY,15,3,3,0.2,0.625,-45.0,-3.0,-80.0,25,40,5,10,12,40
REJECT,STRUCTURE_ONLY,15,3,3,0.2,0.625,-45.0,-3.0,-80.0,25,40,15,15,15,50
REJECT,STRUCTURE_ONLY,15,3,3,0.2,0.625,-45.0,-3.0,-80.0,25,40,15,15,15,40
REJECT,STRUCTURE_ONLY,15,3,4,0.2,0.625,-45.0,-3.0,-90.0,25,30,5,10,12,70
REJECT,STRUCTURE_ONLY,15,3,4,0.2,0.625,-45.0,-3.0,-90.0,25,30,10,10,12,50
REJECT,STRUCTURE_ONLY,15,3,4,0.2,0.625,-45.0,-3.0,-90.0,25,30,5,10,12,60
REJECT,STRUCTURE_ONLY,15,3,4,0.2,0.625,-45.0,-3.0,-90.0,25,30,15,10,15,40
REJECT,STRUCTURE_ONLY,15,3,3,0.2,0.625,-45.0,-3.0,-80.0,25,40,15,10,15,70
REJECT,STRUCTURE_ONLY,15,3,4,0.2,0.625,-45.0,-3.0,-90.0,25,30,10,10,12,60
REJECT,STRUCTURE_ONLY,15,3,3,0.2,0.625,-45.0,-3.0,-80.0,25,40,15,10,15,60
REJECT,STRUCTURE_ONLY,15,3,3,0.2,0.625,-45.0,-3.0,-80.0,25,40,15,10,15,50
REJECT,STRUCTURE_ONLY,15,3,3,0.2,0.625,-45.0,-3.0,-80.0,25,40,15,10,15,40
REJECT,STRUCTURE_ONLY,15,3,3,0.2,0.625,-45.0,-3.0,-80.0,25,40,15,10,12,70
REJECT,STRUCTURE_ONLY,15,3,3,0.2,0.625,-45.0,-3.0,-80.0,25,40,15,10,12,60
REJECT,STRUCTURE_ONLY,15,3,4,0.2,0.625,-45.0,-3.0,-90.0,25,30,10,10,12,70
REJECT,STRUCTURE_ONLY,15,3,3,0.2,0.625,-45.0,-3.0,-80.0,25,40,15,10,12,50
REJECT,STRUCTURE_ONLY,15,3,3,0.2,0.625,-45.0,-3.0,-80.0,25,40,15,10,12,40
REJECT,STRUCTURE_ONLY,15,3,4,0.2,0.625,-45.0,-3.0,-90.0,25,30,10,10,15,40
REJECT,STRUCTURE_ONLY,15,3,4,0.2,0.625,-45.0,-3.0,-90.0,25,30,5,10,12,50
REJECT,STRUCTURE_ONLY,15,3,4,0.2,0.625,-45.0,-3.0,-90.0,25,30,15,15,15,60
REJECT,STRUCTURE_ONLY,15,3,4,0.2,0.625,-45.0,-3.0,-90.0,25,30,10,10,15,50
REJECT,STRUCTURE_ONLY,15,3,3,0.2,0.625,-45.0,-3.0,-80.0,25,40,10,10,15,60
REJECT,STRUCTURE_ONLY,15,3,4,0.2,0.625,-45.0,-3.0,-90.0,25,30,10,10,15,60
REJECT,STRUCTURE_ONLY,15,3,4,0.2,0.625,-45.0,-3.0,-90.0,25,30,5,10,12,40
REJECT,STRUCTURE_ONLY,15,3,4,0.2,0.625,-45.0,-3.0,-90.0,25,30,10,10,15,70
REJECT,STRUCTURE_ONLY,15,3,4,0.2,0.625,-45.0,-3.0,-90.0,25,30,15,15,20,70
REJECT,STRUCTURE_ONLY,15,3,3,0.2,0.625,-45.0,-3.0,-80.0,25,40,10,10,15,50
REJECT,STRUCTURE_ONLY,15,3,4,0.2,0.625,-45.0,-3.0,-90.0,25,30,15,10,12,40
REJECT,STRUCTURE_ONLY,15,3,4,0.2,0.625,-45.0,-3.0,-90.0,25,30,15,15,20,60
REJECT,STRUCTURE_ONLY,15,3,4,0.2,0.625,-45.0,-3.0,-90.0,25,30,5,10,15,70
REJECT,STRUCTURE_ONLY,15,3,3,0.2,0.625,-45.0,-3.0,-80.0,25,40,10,10,15,40
REJECT,STRUCTURE_ONLY,15,3,4,0.2,0.625,-45.0,-3.0,-90.0,25,30,5,10,15,60
REJECT,STRUCTURE_ONLY,15,3,4,0.2,0.625,-45.0,-3.0,-90.0,25,30,15,10,15,70
REJECT,STRUCTURE_ONLY,15,3,4,0.2,0.625,-45.0,-3.0,-90.0,25,30,15,15,20,50
REJECT,STRUCTURE_ONLY,15,3,4,0.2,0.625,-45.0,-3.0,-90.0,25,30,5,10,15,50
REJECT,STRUCTURE_ONLY,15,3,4,0.2,0.625,-45.0,-3.0,-90.0,25,30,15,10,12,50
REJECT,STRUCTURE_ONLY,15,3,4,0.2,0.625,-45.0,-3.0,-90.0,25,30,15,15,20,40
REJECT,STRUCTURE_ONLY,15,3,3,0.2,0.625,-45.0,-3.0,-80.0,25,40,10,10,12,70
REJECT,STRUCTURE_ONLY,15,3,3,0.2,0.625,-45.0,-3.0,-80.0,25,40,10,10,12,60
REJECT,STRUCTURE_ONLY,15,3,4,0.2,0.625,-45.0,-3.0,-90.0,25,30,15,15,15,70
REJECT,STRUCTURE_ONLY,15,3,3,0.2,0.625,-45.0,-3.0,-80.0,25,40,10,10,12,50
REJECT,STRUCTURE_ONLY,15,3,5,0.2,0.6,-40.0,-2.6666666666666665,-60.0,20,20,5,10,15,50
REJECT,STRUCTURE_ONLY,15,3,5,0.2,0.6,-40.0,-2.6666666666666665,-60.0,20,20,10,10,12,60
REJECT,STRUCTURE_ONLY,15,3,5,0.2,0.6,-40.0,-2.6666666666666665,-60.0,20,20,5,10,12,70
REJECT,STRUCTURE_ONLY,15,3,5,0.2,0.6,-40.0,-2.6666666666666665,-60.0,20,20,15,10,12,60
REJECT,STRUCTURE_ONLY,15,3,5,0.2,0.6,-40.0,-2.6666666666666665,-60.0,20,20,10,10,12,40
REJECT,STRUCTURE_ONLY,15,3,5,0.2,0.6,-40.0,-2.6666666666666665,-60.0,20,20,10,10,15,60
REJECT,STRUCTURE_ONLY,15,3,5,0.2,0.6,-40.0,-2.6666666666666665,-60.0,20,20,5,10,12,50
REJECT,STRUCTURE_ONLY,15,3,5,0.2,0.6,-40.0,-2.6666666666666665,-60.0,20,20,15,10,12,40
REJECT,STRUCTURE_ONLY,15,3,5,0.2,0.6,-40.0,-2.6666666666666665,-60.0,20,20,10,10,15,50
REJECT,STRUCTURE_ONLY,15,3,5,0.2,0.6,-40.0,-2.6666666666666665,-60.0,20,20,10,10,15,40
REJECT,STRUCTURE_ONLY,15,3,5,0.2,0.6,-40.0,-2.6666666666666665,-60.0,20,20,15,10,12,70
REJECT,STRUCTURE_ONLY,15,3,5,0.2,0.6,-40.0,-2.6666666666666665,-60.0,20,20,10,10,12,70
REJECT,STRUCTURE_ONLY,15,3,5,0.2,0.6,-40.0,-2.6666666666666665,-60.0,20,20,10,10,15,70
REJECT,STRUCTURE_ONLY,15,3,5,0.2,0.6,-40.0,-2.6666666666666665,-60.0,20,20,5,10,12,40
REJECT,STRUCTURE_ONLY,15,3,5,0.2,0.6,-40.0,-2.6666666666666665,-60.0,20,20,15,10,15,40
REJECT,STRUCTURE_ONLY,15,3,5,0.2,0.6,-40.0,-2.6666666666666665,-60.0,20,20,15,10,15,50
REJECT,STRUCTURE_ONLY,15,3,5,0.2,0.6,-40.0,-2.6666666666666665,-60.0,20,20,10,10,12,50
REJECT,STRUCTURE_ONLY,15,3,5,0.2,0.6,-40.0,-2.6666666666666665,-60.0,20,20,5,10,15,40
REJECT,STRUCTURE_ONLY,15,3,5,0.2,0.6,-40.0,-2.6666666666666665,-60.0,20,20,5,10,15,60
REJECT,STRUCTURE_ONLY,15,3,5,0.2,0.6,-40.0,-2.6666666666666665,-60.0,20,20,15,10,15,60
REJECT,STRUCTURE_ONLY,15,3,5,0.2,0.6,-40.0,-2.6666666666666665,-60.0,20,20,15,10,15,70
REJECT,STRUCTURE_ONLY,15,3,5,0.2,0.6,-40.0,-2.6666666666666665,-60.0,20,20,15,10,12,50
REJECT,STRUCTURE_ONLY,15,3,5,0.2,0.6,-40.0,-2.6666666666666665,-60.0,20,20,5,10,15,70
REJECT,STRUCTURE_ONLY,15,3,5,0.2,0.6,-40.0,-2.6666666666666665,-60.0,20,20,5,10,12,60
REJECT,STRUCTURE_ONLY,15,3,5,0.2,0.6,-50.0,-3.3333333333333335,-75.0,25,25,15,10,15,70
REJECT,STRUCTURE_ONLY,15,3,5,0.2,0.6,-50.0,-3.3333333333333335,-75.0,25,25,15,10,15,60
REJECT,STRUCTURE_ONLY,15,3,5,0.2,0.6,-50.0,-3.3333333333333335,-75.0,25,25,15,10,15,50
REJECT,STRUCTURE_ONLY,15,3,5,0.2,0.6,-50.0,-3.3333333333333335,-75.0,25,25,15,10,15,40
REJECT,STRUCTURE_ONLY,15,3,5,0.2,0.6,-50.0,-3.3333333333333335,-75.0,25,25,15,10,12,70
REJECT,STRUCTURE_ONLY,15,3,5,0.2,0.6,-50.0,-3.3333333333333335,-75.0,25,25,5,10,15,70
REJECT,STRUCTURE_ONLY,15,3,5,0.2,0.6,-50.0,-3.3333333333333335,-75.0,25,25,5,10,15,60
REJECT,STRUCTURE_ONLY,15,3,5,0.2,0.6,-50.0,-3.3333333333333335,-75.0,25,25,5,10,15,50
REJECT,STRUCTURE_ONLY,15,3,5,0.2,0.6,-50.0,-3.3333333333333335,-75.0,25,25,5,10,15,40
REJECT,STRUCTURE_ONLY,15,3,5,0.2,0.6,-50.0,-3.3333333333333335,-75.0,25,25,5,10,12,70
REJECT,STRUCTURE_ONLY,15,3,5,0.2,0.6,-50.0,-3.3333333333333335,-75.0,25,25,5,10,12,60
REJECT,STRUCTURE_ONLY,15,3,5,0.2,0.6,-50.0,-3.3333333333333335,-75.0,25,25,10,10,15,70
REJECT,STRUCTURE_ONLY,15,3,5,0.2,0.6,-50.0,-3.3333333333333335,-75.0,25,25,10,10,15,60
REJECT,STRUCTURE_ONLY,15,3,5,0.2,0.6,-50.0,-3.3333333333333335,-75.0,25,25,10,10,15,50
REJECT,STRUCTURE_ONLY,15,3,5,0.2,0.6,-50.0,-3.3333333333333335,-75.0,25,25,5,10,12,40
REJECT,STRUCTURE_ONLY,15,3,5,0.2,0.6,-50.0,-3.3333333333333335,-75.0,25,25,10,10,15,40
REJECT,STRUCTURE_ONLY,15,3,5,0.2,0.6,-50.0,-3.3333333333333335,-75.0,25,25,15,10,12,40
REJECT,STRUCTURE_ONLY,15,3,5,0.2,0.6,-50.0,-3.3333333333333335,-75.0,25,25,10,10,12,70
REJECT,STRUCTURE_ONLY,15,3,5,0.2,0.6,-50.0,-3.3333333333333335,-75.0,25,25,15,10,12,60
REJECT,STRUCTURE_ONLY,15,3,5,0.2,0.6,-50.0,-3.3333333333333335,-75.0,25,25,10,10,12,50
REJECT,STRUCTURE_ONLY,15,3,5,0.2,0.6,-50.0,-3.3333333333333335,-75.0,25,25,5,10,12,50
REJECT,STRUCTURE_ONLY,15,3,5,0.2,0.6,-50.0,-3.3333333333333335,-75.0,25,25,15,10,12,50
REJECT,STRUCTURE_ONLY,15,3,5,0.2,0.6,-50.0,-3.3333333333333335,-75.0,25,25,10,10,12,60
REJECT,STRUCTURE_ONLY,15,3,5,0.2,0.6,-50.0,-3.3333333333333335,-75.0,25,25,10,10,12,40
REJECT,STRUCTURE_ONLY,15,3,3,0.2,0.5,-60.0,-4.0,-80.0,20,40,15,10,12,40
REJECT,STRUCTURE_ONLY,15,3,3,0.2,0.5,-60.0,-4.0,-80.0,20,40,5,10,15,70
REJECT,STRUCTURE_ONLY,15,3,4,0.2,0.5,-60.0,-4.0,-90.0,20,30,15,10,12,60
REJECT,STRUCTURE_ONLY,15,3,4,0.2,0.5,-60.0,-4.0,-90.0,20,30,10,10,12,40
REJECT,STRUCTURE_ONLY,15,3,4,0.2,0.5,-60.0,-4.0,-90.0,20,30,15,10,15,50
REJECT,STRUCTURE_ONLY,15,3,3,0.2,0.5,-60.0,-4.0,-80.0,20,40,15,10,12,50
REJECT,STRUCTURE_ONLY,15,3,4,0.2,0.5,-60.0,-4.0,-90.0,20,30,5,10,12,70
REJECT,STRUCTURE_ONLY,15,3,3,0.2,0.5,-60.0,-4.0,-80.0,20,40,15,10,12,60
REJECT,STRUCTURE_ONLY,15,3,3,0.2,0.5,-60.0,-4.0,-80.0,20,40,15,10,12,70
REJECT,STRUCTURE_ONLY,15,3,3,0.2,0.5,-60.0,-4.0,-80.0,20,40,5,10,12,40
REJECT,STRUCTURE_ONLY,15,3,3,0.2,0.5,-60.0,-4.0,-80.0,20,40,15,10,15,40
REJECT,STRUCTURE_ONLY,15,3,3,0.2,0.5,-60.0,-4.0,-80.0,20,40,15,10,15,50
REJECT,STRUCTURE_ONLY,15,3,3,0.2,0.5,-60.0,-4.0,-80.0,20,40,5,10,12,50
REJECT,STRUCTURE_ONLY,15,3,3,0.2,0.5,-60.0,-4.0,-80.0,20,40,15,10,15,60
REJECT,STRUCTURE_ONLY,15,3,3,0.2,0.5,-60.0,-4.0,-80.0,20,40,15,10,15,70
REJECT,STRUCTURE_ONLY,15,3,3,0.2,0.5,-60.0,-4.0,-80.0,20,40,5,10,12,60
REJECT,STRUCTURE_ONLY,15,3,3,0.2,0.5,-60.0,-4.0,-80.0,20,40,5,10,12,70
REJECT,STRUCTURE_ONLY,15,3,4,0.2,0.5,-60.0,-4.0,-90.0,20,30,5,10,12,60
REJECT,STRUCTURE_ONLY,15,3,4,0.2,0.5,-60.0,-4.0,-90.0,20,30,5,10,15,60
REJECT,STRUCTURE_ONLY,15,3,4,0.2,0.5,-60.0,-4.0,-90.0,20,30,5,10,12,40
REJECT,STRUCTURE_ONLY,15,3,4,0.2,0.5,-60.0,-4.0,-90.0,20,30,15,10,15,60
REJECT,STRUCTURE_ONLY,15,3,4,0.2,0.5,-60.0,-4.0,-90.0,20,30,15,10,15,70
REJECT,STRUCTURE_ONLY,15,3,4,0.2,0.5,-60.0,-4.0,-90.0,20,30,10,10,15,70
REJECT,STRUCTURE_ONLY,15,3,4,0.2,0.5,-60.0,-4.0,-90.0,20,30,10,10,15,60
REJECT,STRUCTURE_ONLY,15,3,4,0.2,0.5,-60.0,-4.0,-90.0,20,30,10,10,12,50
REJECT,STRUCTURE_ONLY,15,3,4,0.2,0.5,-60.0,-4.0,-90.0,20,30,10,10,12,60
REJECT,STRUCTURE_ONLY,15,3,3,0.2,0.5,-60.0,-4.0,-80.0,20,40,5,10,15,40
REJECT,STRUCTURE_ONLY,15,3,4,0.2,0.5,-60.0,-4.0,-90.0,20,30,10,10,12,70
REJECT,STRUCTURE_ONLY,15,3,4,0.2,0.5,-60.0,-4.0,-90.0,20,30,5,10,15,40
REJECT,STRUCTURE_ONLY,15,3,3,0.2,0.5,-60.0,-4.0,-80.0,20,40,10,10,15,70
REJECT,STRUCTURE_ONLY,15,3,4,0.2,0.5,-60.0,-4.0,-90.0,20,30,15,10,12,50
REJECT,STRUCTURE_ONLY,15,3,3,0.2,0.5,-60.0,-4.0,-80.0,20,40,10,10,15,60
REJECT,STRUCTURE_ONLY,15,3,4,0.2,0.5,-60.0,-4.0,-90.0,20,30,5,10,12,50
REJECT,STRUCTURE_ONLY,15,3,3,0.2,0.5,-60.0,-4.0,-80.0,20,40,10,10,15,50
REJECT,STRUCTURE_ONLY,15,3,4,0.2,0.5,-60.0,-4.0,-90.0,20,30,15,10,12,70
REJECT,STRUCTURE_ONLY,15,3,3,0.2,0.5,-60.0,-4.0,-80.0,20,40,10,10,15,40
REJECT,STRUCTURE_ONLY,15,3,4,0.2,0.5,-60.0,-4.0,-90.0,20,30,5,10,15,50
REJECT,STRUCTURE_ONLY,15,3,4,0.2,0.5,-60.0,-4.0,-90.0,20,30,15,10,12,40
REJECT,STRUCTURE_ONLY,15,3,3,0.2,0.5,-60.0,-4.0,-80.0,20,40,10,10,12,70
REJECT,STRUCTURE_ONLY,15,3,4,0.2,0.5,-60.0,-4.0,-90.0,20,30,5,10,15,70
REJECT,STRUCTURE_ONLY,15,3,3,0.2,0.5,-60.0,-4.0,-80.0,20,40,10,10,12,60
REJECT,STRUCTURE_ONLY,15,3,4,0.2,0.5,-60.0,-4.0,-90.0,20,30,15,10,15,40
REJECT,STRUCTURE_ONLY,15,3,3,0.2,0.5,-60.0,-4.0,-80.0,20,40,5,10,15,50
REJECT,STRUCTURE_ONLY,15,3,3,0.2,0.5,-60.0,-4.0,-80.0,20,40,10,10,12,50
REJECT,STRUCTURE_ONLY,15,3,4,0.2,0.5,-60.0,-4.0,-90.0,20,30,10,10,15,40
REJECT,STRUCTURE_ONLY,15,3,3,0.2,0.5,-60.0,-4.0,-80.0,20,40,5,10,15,60
REJECT,STRUCTURE_ONLY,15,3,4,0.2,0.5,-60.0,-4.0,-90.0,20,30,10,10,15,50
REJECT,STRUCTURE_ONLY,15,3,3,0.2,0.5,-60.0,-4.0,-80.0,20,40,10,10,12,40
REJECT,STRUCTURE_ONLY,15,3,5,0.2,0.48,-65.0,-4.333333333333333,-85.0,20,25,5,10,15,70
REJECT,STRUCTURE_ONLY,15,3,5,0.2,0.48,-65.0,-4.333333333333333,-85.0,20,25,10,10,12,50
REJECT,STRUCTURE_ONLY,15,3,5,0.2,0.48,-65.0,-4.333333333333333,-85.0,20,25,5,10,12,70
REJECT,STRUCTURE_ONLY,15,3,5,0.2,0.48,-65.0,-4.333333333333333,-85.0,20,25,10,10,12,60
REJECT,STRUCTURE_ONLY,15,3,5,0.2,0.48,-65.0,-4.333333333333333,-85.0,20,25,10,10,15,40
REJECT,STRUCTURE_ONLY,15,3,5,0.2,0.48,-65.0,-4.333333333333333,-85.0,20,25,5,10,15,40
REJECT,STRUCTURE_ONLY,15,3,5,0.2,0.48,-65.0,-4.333333333333333,-85.0,20,25,10,10,15,50
REJECT,STRUCTURE_ONLY,15,3,5,0.2,0.48,-65.0,-4.333333333333333,-85.0,20,25,5,10,12,40
REJECT,STRUCTURE_ONLY,15,3,5,0.2,0.48,-65.0,-4.333333333333333,-85.0,20,25,10,10,12,40
REJECT,STRUCTURE_ONLY,15,3,5,0.2,0.48,-65.0,-4.333333333333333,-85.0,20,25,5,10,12,50
REJECT,STRUCTURE_ONLY,15,3,5,0.2,0.48,-65.0,-4.333333333333333,-85.0,20,25,5,10,12,60
REJECT,STRUCTURE_ONLY,15,3,5,0.2,0.48,-65.0,-4.333333333333333,-85.0,20,25,10,10,12,70
REJECT,STRUCTURE_ONLY,15,3,5,0.2,0.48,-65.0,-4.333333333333333,-85.0,20,25,10,10,15,60
REJECT,STRUCTURE_ONLY,15,3,5,0.2,0.48,-65.0,-4.333333333333333,-85.0,20,25,15,10,15,70
REJECT,STRUCTURE_ONLY,15,3,5,0.2,0.48,-65.0,-4.333333333333333,-85.0,20,25,5,10,15,60
REJECT,STRUCTURE_ONLY,15,3,5,0.2,0.48,-65.0,-4.333333333333333,-85.0,20,25,15,10,15,40
REJECT,STRUCTURE_ONLY,15,3,5,0.2,0.48,-65.0,-4.333333333333333,-85.0,20,25,10,10,15,70
REJECT,STRUCTURE_ONLY,15,3,5,0.2,0.48,-65.0,-4.333333333333333,-85.0,20,25,15,10,12,40
REJECT,STRUCTURE_ONLY,15,3,5,0.2,0.48,-65.0,-4.333333333333333,-85.0,20,25,15,10,12,50
REJECT,STRUCTURE_ONLY,15,3,5,0.2,0.48,-65.0,-4.333333333333333,-85.0,20,25,15,10,12,60
REJECT,STRUCTURE_ONLY,15,3,5,0.2,0.48,-65.0,-4.333333333333333,-85.0,20,25,15,10,12,70
REJECT,STRUCTURE_ONLY,15,3,5,0.2,0.48,-65.0,-4.333333333333333,-85.0,20,25,15,10,15,50
REJECT,STRUCTURE_ONLY,15,3,5,0.2,0.48,-65.0,-4.333333333333333,-85.0,20,25,15,10,15,60
REJECT,STRUCTURE_ONLY,15,3,5,0.2,0.48,-65.0,-4.333333333333333,-85.0,20,25,5,10,15,50
REJECT,STRUCTURE_ONLY,13,2,2,0.15384615384615385,1.0,0.0,0.0,-20.0,20,20,5,15,12,60
REJECT,STRUCTURE_ONLY,13,2,2,0.15384615384615385,1.0,0.0,0.0,-20.0,20,20,5,15,12,40
REJECT,STRUCTURE_ONLY,13,2,2,0.15384615384615385,1.0,0.0,0.0,-20.0,20,20,5,15,12,70
REJECT,STRUCTURE_ONLY,13,2,2,0.15384615384615385,1.0,0.0,0.0,-20.0,20,20,5,15,12,50
REJECT,STRUCTURE_ONLY,13,2,2,0.15384615384615385,0.8,-10.0,-0.7692307692307693,-30.0,20,25,5,15,12,70
REJECT,STRUCTURE_ONLY,13,2,2,0.15384615384615385,0.8,-10.0,-0.7692307692307693,-30.0,20,25,5,15,12,60
REJECT,STRUCTURE_ONLY,13,2,2,0.15384615384615385,0.8,-10.0,-0.7692307692307693,-30.0,20,25,5,15,12,50
REJECT,STRUCTURE_ONLY,13,2,2,0.15384615384615385,0.8,-10.0,-0.7692307692307693,-30.0,20,25,5,15,12,40
REJECT,STRUCTURE_ONLY,13,2,2,0.15384615384615385,0.6666666666666666,-20.0,-1.5384615384615385,-40.0,20,30,5,15,12,70
REJECT,STRUCTURE_ONLY,13,2,2,0.15384615384615385,0.6666666666666666,-20.0,-1.5384615384615385,-40.0,20,30,5,15,12,40
REJECT,STRUCTURE_ONLY,13,2,2,0.15384615384615385,0.6666666666666666,-20.0,-1.5384615384615385,-40.0,20,30,5,15,12,50
REJECT,STRUCTURE_ONLY,13,2,2,0.15384615384615385,0.6666666666666666,-20.0,-1.5384615384615385,-40.0,20,30,5,15,12,60
REJECT,STRUCTURE_ONLY,13,2,2,0.15384615384615385,0.5,-40.0,-3.076923076923077,-60.0,20,40,5,15,12,70
REJECT,STRUCTURE_ONLY,13,2,2,0.15384615384615385,0.5,-40.0,-3.076923076923077,-60.0,20,40,5,15,12,60
REJECT,STRUCTURE_ONLY,13,2,2,0.15384615384615385,0.5,-40.0,-3.076923076923077,-60.0,20,40,5,15,12,50
REJECT,STRUCTURE_ONLY,13,2,2,0.15384615384615385,0.5,-40.0,-3.076923076923077,-60.0,20,40,5,15,12,40
REJECT,STRUCTURE_ONLY,13,2,4,0.15384615384615385,0.4,-60.0,-4.615384615384615,-80.0,20,25,5,15,20,60
REJECT,STRUCTURE_ONLY,13,2,4,0.15384615384615385,0.4,-60.0,-4.615384615384615,-80.0,20,25,5,15,20,40
REJECT,STRUCTURE_ONLY,13,2,4,0.15384615384615385,0.4,-60.0,-4.615384615384615,-80.0,20,25,5,15,15,40
REJECT,STRUCTURE_ONLY,13,2,4,0.15384615384615385,0.4,-60.0,-4.615384615384615,-80.0,20,25,5,15,20,70
REJECT,STRUCTURE_ONLY,13,2,5,0.15384615384615385,0.4,-60.0,-4.615384615384615,-80.0,20,20,5,15,15,60
REJECT,STRUCTURE_ONLY,13,2,5,0.15384615384615385,0.4,-60.0,-4.615384615384615,-80.0,20,20,5,15,20,40
REJECT,STRUCTURE_ONLY,13,2,4,0.15384615384615385,0.4,-60.0,-4.615384615384615,-80.0,20,25,5,15,15,70
REJECT,STRUCTURE_ONLY,13,2,5,0.15384615384615385,0.4,-60.0,-4.615384615384615,-80.0,20,20,5,15,15,70
REJECT,STRUCTURE_ONLY,13,2,5,0.15384615384615385,0.4,-60.0,-4.615384615384615,-80.0,20,20,5,15,20,50
REJECT,STRUCTURE_ONLY,13,2,5,0.15384615384615385,0.4,-60.0,-4.615384615384615,-80.0,20,20,5,15,15,40
REJECT,STRUCTURE_ONLY,13,2,4,0.15384615384615385,0.4,-60.0,-4.615384615384615,-80.0,20,25,5,15,20,50
REJECT,STRUCTURE_ONLY,13,2,5,0.15384615384615385,0.4,-60.0,-4.615384615384615,-80.0,20,20,5,15,20,60
REJECT,STRUCTURE_ONLY,13,2,4,0.15384615384615385,0.4,-60.0,-4.615384615384615,-80.0,20,25,5,15,15,50
REJECT,STRUCTURE_ONLY,13,2,5,0.15384615384615385,0.4,-60.0,-4.615384615384615,-80.0,20,20,5,15,20,70
REJECT,STRUCTURE_ONLY,13,2,4,0.15384615384615385,0.4,-60.0,-4.615384615384615,-80.0,20,25,5,15,15,60
REJECT,STRUCTURE_ONLY,13,2,5,0.15384615384615385,0.4,-60.0,-4.615384615384615,-80.0,20,20,5,15,15,50
REJECT,STRUCTURE_ONLY,13,2,4,0.15384615384615385,0.3333333333333333,-80.0,-6.153846153846154,-100.0,20,30,5,15,20,70
REJECT,STRUCTURE_ONLY,13,2,4,0.15384615384615385,0.3333333333333333,-80.0,-6.153846153846154,-100.0,20,30,5,15,15,40
REJECT,STRUCTURE_ONLY,13,2,4,0.15384615384615385,0.3333333333333333,-80.0,-6.153846153846154,-100.0,20,30,5,15,15,70
REJECT,STRUCTURE_ONLY,13,2,3,0.15384615384615385,0.3333333333333333,-80.0,-6.153846153846154,-100.0,20,40,5,15,15,60
REJECT,STRUCTURE_ONLY,13,2,3,0.15384615384615385,0.3333333333333333,-80.0,-6.153846153846154,-100.0,20,40,5,15,15,70
REJECT,STRUCTURE_ONLY,13,2,3,0.15384615384615385,0.3333333333333333,-80.0,-6.153846153846154,-100.0,20,40,5,15,20,40
REJECT,STRUCTURE_ONLY,13,2,3,0.15384615384615385,0.3333333333333333,-80.0,-6.153846153846154,-100.0,20,40,5,15,20,50
REJECT,STRUCTURE_ONLY,13,2,3,0.15384615384615385,0.3333333333333333,-80.0,-6.153846153846154,-100.0,20,40,5,15,20,60
REJECT,STRUCTURE_ONLY,13,2,3,0.15384615384615385,0.3333333333333333,-80.0,-6.153846153846154,-100.0,20,40,5,15,20,70
REJECT,STRUCTURE_ONLY,13,2,4,0.15384615384615385,0.3333333333333333,-80.0,-6.153846153846154,-100.0,20,30,5,15,15,60
REJECT,STRUCTURE_ONLY,13,2,4,0.15384615384615385,0.3333333333333333,-80.0,-6.153846153846154,-100.0,20,30,5,15,20,40
REJECT,STRUCTURE_ONLY,13,2,4,0.15384615384615385,0.3333333333333333,-80.0,-6.153846153846154,-100.0,20,30,5,15,20,50
REJECT,STRUCTURE_ONLY,13,2,4,0.15384615384615385,0.3333333333333333,-80.0,-6.153846153846154,-100.0,20,30,5,15,20,60
REJECT,STRUCTURE_ONLY,13,2,4,0.15384615384615385,0.3333333333333333,-80.0,-6.153846153846154,-100.0,20,30,5,15,15,50
REJECT,STRUCTURE_ONLY,13,2,3,0.15384615384615385,0.3333333333333333,-80.0,-6.153846153846154,-100.0,20,40,5,15,15,50
REJECT,STRUCTURE_ONLY,13,2,3,0.15384615384615385,0.3333333333333333,-80.0,-6.153846153846154,-100.0,20,40,5,15,15,40
REJECT,STRUCTURE_ONLY,14,2,2,0.14285714285714285,2.0,40.0,2.857142857142857,-40.0,40,20,10,15,12,70
REJECT,STRUCTURE_ONLY,14,2,2,0.14285714285714285,2.0,40.0,2.857142857142857,-40.0,40,20,10,15,12,50
REJECT,STRUCTURE_ONLY,14,2,2,0.14285714285714285,2.0,40.0,2.857142857142857,-40.0,40,20,10,15,12,40
REJECT,STRUCTURE_ONLY,14,2,2,0.14285714285714285,2.0,40.0,2.857142857142857,-40.0,40,20,10,15,12,60
REJECT,STRUCTURE_ONLY,14,2,2,0.14285714285714285,1.6,30.0,2.142857142857143,-50.0,40,25,10,15,12,70
REJECT,STRUCTURE_ONLY,14,2,2,0.14285714285714285,1.6,30.0,2.142857142857143,-50.0,40,25,10,15,12,40
REJECT,STRUCTURE_ONLY,14,2,2,0.14285714285714285,1.6,30.0,2.142857142857143,-50.0,40,25,10,15,12,60
REJECT,STRUCTURE_ONLY,14,2,2,0.14285714285714285,1.6,30.0,2.142857142857143,-50.0,40,25,10,15,12,50
REJECT,STRUCTURE_ONLY,14,2,2,0.14285714285714285,1.5,20.0,1.4285714285714286,-40.0,30,20,10,15,12,40
REJECT,STRUCTURE_ONLY,14,2,2,0.14285714285714285,1.5,20.0,1.4285714285714286,-40.0,30,20,10,15,12,70
REJECT,STRUCTURE_ONLY,14,2,2,0.14285714285714285,1.5,20.0,1.4285714285714286,-40.0,30,20,10,15,12,50
REJECT,STRUCTURE_ONLY,14,2,2,0.14285714285714285,1.5,20.0,1.4285714285714286,-40.0,30,20,10,15,12,60
REJECT,STRUCTURE_ONLY,14,2,2,0.14285714285714285,1.3333333333333333,20.0,1.4285714285714286,-60.0,40,30,10,15,12,40
REJECT,STRUCTURE_ONLY,14,2,2,0.14285714285714285,1.3333333333333333,20.0,1.4285714285714286,-60.0,40,30,10,15,12,50
REJECT,STRUCTURE_ONLY,14,2,2,0.14285714285714285,1.3333333333333333,20.0,1.4285714285714286,-60.0,40,30,10,15,12,60
REJECT,STRUCTURE_ONLY,14,2,2,0.14285714285714285,1.3333333333333333,20.0,1.4285714285714286,-60.0,40,30,10,15,12,70
REJECT,STRUCTURE_ONLY,14,2,2,0.14285714285714285,1.25,10.0,0.7142857142857143,-40.0,25,20,10,15,12,50
REJECT,STRUCTURE_ONLY,14,2,2,0.14285714285714285,1.25,10.0,0.7142857142857143,-40.0,25,20,10,15,12,40
REJECT,STRUCTURE_ONLY,14,2,2,0.14285714285714285,1.25,10.0,0.7142857142857143,-40.0,25,20,10,15,12,70
REJECT,STRUCTURE_ONLY,14,2,2,0.14285714285714285,1.25,10.0,0.7142857142857143,-40.0,25,20,10,15,12,60
REJECT,STRUCTURE_ONLY,14,2,2,0.14285714285714285,1.2,10.0,0.7142857142857143,-50.0,30,25,10,15,12,70
REJECT,STRUCTURE_ONLY,14,2,2,0.14285714285714285,1.2,10.0,0.7142857142857143,-50.0,30,25,10,15,12,40
REJECT,STRUCTURE_ONLY,14,2,2,0.14285714285714285,1.2,10.0,0.7142857142857143,-50.0,30,25,10,15,12,50
REJECT,STRUCTURE_ONLY,14,2,2,0.14285714285714285,1.2,10.0,0.7142857142857143,-50.0,30,25,10,15,12,60
REJECT,STRUCTURE_ONLY,14,2,2,0.14285714285714285,1.0,0.0,0.0,-50.0,25,25,10,15,12,40
REJECT,STRUCTURE_ONLY,14,2,2,0.14285714285714285,1.0,0.0,0.0,-80.0,40,40,10,15,12,60
REJECT,STRUCTURE_ONLY,14,2,2,0.14285714285714285,1.0,0.0,0.0,-50.0,25,25,10,15,12,50
REJECT,STRUCTURE_ONLY,14,2,2,0.14285714285714285,1.0,0.0,0.0,-50.0,25,25,10,15,12,60
REJECT,STRUCTURE_ONLY,14,2,2,0.14285714285714285,1.0,0.0,0.0,-50.0,25,25,10,15,12,70
REJECT,STRUCTURE_ONLY,14,2,2,0.14285714285714285,1.0,0.0,0.0,-60.0,30,30,10,15,12,70
REJECT,STRUCTURE_ONLY,14,2,2,0.14285714285714285,1.0,0.0,0.0,-60.0,30,30,10,15,12,60
REJECT,STRUCTURE_ONLY,14,2,2,0.14285714285714285,1.0,0.0,0.0,-60.0,30,30,10,15,12,50
REJECT,STRUCTURE_ONLY,14,2,2,0.14285714285714285,1.0,0.0,0.0,-60.0,30,30,10,15,12,40
REJECT,STRUCTURE_ONLY,14,2,2,0.14285714285714285,1.0,0.0,0.0,-80.0,40,40,10,15,12,40
REJECT,STRUCTURE_ONLY,14,2,2,0.14285714285714285,1.0,0.0,0.0,-80.0,40,40,10,15,12,70
REJECT,STRUCTURE_ONLY,14,2,2,0.14285714285714285,1.0,0.0,0.0,-80.0,40,40,10,15,12,50
REJECT,STRUCTURE_ONLY,14,2,2,0.14285714285714285,0.8333333333333334,-10.0,-0.7142857142857143,-60.0,25,30,10,15,12,70
REJECT,STRUCTURE_ONLY,14,2,2,0.14285714285714285,0.8333333333333334,-10.0,-0.7142857142857143,-60.0,25,30,10,15,12,60
REJECT,STRUCTURE_ONLY,14,2,2,0.14285714285714285,0.8333333333333334,-10.0,-0.7142857142857143,-60.0,25,30,10,15,12,50
REJECT,STRUCTURE_ONLY,14,2,2,0.14285714285714285,0.8333333333333334,-10.0,-0.7142857142857143,-60.0,25,30,10,15,12,40
REJECT,STRUCTURE_ONLY,14,2,4,0.14285714285714285,0.8,-20.0,-1.4285714285714286,-75.0,40,25,10,15,20,60
REJECT,STRUCTURE_ONLY,14,2,4,0.14285714285714285,0.8,-20.0,-1.4285714285714286,-75.0,40,25,10,15,20,40
REJECT,STRUCTURE_ONLY,14,2,4,0.14285714285714285,0.8,-20.0,-1.4285714285714286,-75.0,40,25,10,15,20,70
REJECT,STRUCTURE_ONLY,14,2,5,0.14285714285714285,0.8,-20.0,-1.4285714285714286,-60.0,40,20,10,15,20,40
REJECT,STRUCTURE_ONLY,14,2,4,0.14285714285714285,0.8,-20.0,-1.4285714285714286,-75.0,40,25,10,15,15,50
REJECT,STRUCTURE_ONLY,14,2,4,0.14285714285714285,0.8,-20.0,-1.4285714285714286,-75.0,40,25,10,15,15,70
REJECT,STRUCTURE_ONLY,14,2,4,0.14285714285714285,0.8,-20.0,-1.4285714285714286,-75.0,40,25,10,15,20,50
REJECT,STRUCTURE_ONLY,14,2,4,0.14285714285714285,0.8,-20.0,-1.4285714285714286,-75.0,40,25,10,15,15,40
REJECT,STRUCTURE_ONLY,14,2,5,0.14285714285714285,0.8,-20.0,-1.4285714285714286,-60.0,40,20,10,15,15,70
REJECT,STRUCTURE_ONLY,14,2,5,0.14285714285714285,0.8,-20.0,-1.4285714285714286,-60.0,40,20,10,15,15,60
REJECT,STRUCTURE_ONLY,14,2,4,0.14285714285714285,0.8,-20.0,-1.4285714285714286,-75.0,40,25,10,15,15,60
REJECT,STRUCTURE_ONLY,14,2,5,0.14285714285714285,0.8,-20.0,-1.4285714285714286,-60.0,40,20,10,15,15,50
REJECT,STRUCTURE_ONLY,14,2,5,0.14285714285714285,0.8,-20.0,-1.4285714285714286,-60.0,40,20,10,15,20,50
REJECT,STRUCTURE_ONLY,14,2,5,0.14285714285714285,0.8,-20.0,-1.4285714285714286,-60.0,40,20,10,15,20,60
REJECT,STRUCTURE_ONLY,14,2,5,0.14285714285714285,0.8,-20.0,-1.4285714285714286,-60.0,40,20,10,15,20,70
REJECT,STRUCTURE_ONLY,14,2,5,0.14285714285714285,0.8,-20.0,-1.4285714285714286,-60.0,40,20,10,15,15,40
REJECT,STRUCTURE_ONLY,14,2,2,0.14285714285714285,0.75,-20.0,-1.4285714285714286,-80.0,30,40,10,15,12,50
REJECT,STRUCTURE_ONLY,14,2,2,0.14285714285714285,0.75,-20.0,-1.4285714285714286,-80.0,30,40,10,15,12,60
REJECT,STRUCTURE_ONLY,14,2,2,0.14285714285714285,0.75,-20.0,-1.4285714285714286,-80.0,30,40,10,15,12,40
REJECT,STRUCTURE_ONLY,14,2,2,0.14285714285714285,0.75,-20.0,-1.4285714285714286,-80.0,30,40,10,15,12,70
REJECT,STRUCTURE_ONLY,14,2,3,0.14285714285714285,0.6666666666666666,-40.0,-2.857142857142857,-80.0,40,40,10,15,20,50
REJECT,STRUCTURE_ONLY,14,2,4,0.14285714285714285,0.6666666666666666,-40.0,-2.857142857142857,-90.0,40,30,10,15,15,40
REJECT,STRUCTURE_ONLY,14,2,3,0.14285714285714285,0.6666666666666666,-40.0,-2.857142857142857,-80.0,40,40,10,15,15,40
REJECT,STRUCTURE_ONLY,14,2,3,0.14285714285714285,0.6666666666666666,-40.0,-2.857142857142857,-80.0,40,40,10,15,20,70
REJECT,STRUCTURE_ONLY,14,2,3,0.14285714285714285,0.6666666666666666,-40.0,-2.857142857142857,-80.0,40,40,10,15,20,60
REJECT,STRUCTURE_ONLY,14,2,3,0.14285714285714285,0.6666666666666666,-40.0,-2.857142857142857,-80.0,40,40,10,15,20,40
REJECT,STRUCTURE_ONLY,14,2,4,0.14285714285714285,0.6666666666666666,-40.0,-2.857142857142857,-90.0,40,30,10,15,15,50
REJECT,STRUCTURE_ONLY,14,2,3,0.14285714285714285,0.6666666666666666,-40.0,-2.857142857142857,-80.0,40,40,10,15,15,70
REJECT,STRUCTURE_ONLY,14,2,3,0.14285714285714285,0.6666666666666666,-40.0,-2.857142857142857,-80.0,40,40,10,15,15,60
REJECT,STRUCTURE_ONLY,14,2,4,0.14285714285714285,0.6666666666666666,-40.0,-2.857142857142857,-90.0,40,30,10,15,15,60
REJECT,STRUCTURE_ONLY,14,2,3,0.14285714285714285,0.6666666666666666,-40.0,-2.857142857142857,-80.0,40,40,10,15,15,50
REJECT,STRUCTURE_ONLY,14,2,4,0.14285714285714285,0.6666666666666666,-40.0,-2.857142857142857,-90.0,40,30,10,15,15,70
REJECT,STRUCTURE_ONLY,14,2,4,0.14285714285714285,0.6666666666666666,-40.0,-2.857142857142857,-90.0,40,30,10,15,20,40
REJECT,STRUCTURE_ONLY,14,2,4,0.14285714285714285,0.6666666666666666,-40.0,-2.857142857142857,-90.0,40,30,10,15,20,50
REJECT,STRUCTURE_ONLY,14,2,4,0.14285714285714285,0.6666666666666666,-40.0,-2.857142857142857,-90.0,40,30,10,15,20,60
REJECT,STRUCTURE_ONLY,14,2,4,0.14285714285714285,0.6666666666666666,-40.0,-2.857142857142857,-90.0,40,30,10,15,20,70
REJECT,STRUCTURE_ONLY,14,2,2,0.14285714285714285,0.625,-30.0,-2.142857142857143,-80.0,25,40,10,15,12,40
REJECT,STRUCTURE_ONLY,14,2,2,0.14285714285714285,0.625,-30.0,-2.142857142857143,-80.0,25,40,10,15,12,50
REJECT,STRUCTURE_ONLY,14,2,2,0.14285714285714285,0.625,-30.0,-2.142857142857143,-80.0,25,40,10,15,12,60
REJECT,STRUCTURE_ONLY,14,2,2,0.14285714285714285,0.625,-30.0,-2.142857142857143,-80.0,25,40,10,15,12,70
REJECT,STRUCTURE_ONLY,14,2,4,0.14285714285714285,0.6,-40.0,-2.857142857142857,-75.0,30,25,10,15,15,60
REJECT,STRUCTURE_ONLY,14,2,5,0.14285714285714285,0.6,-40.0,-2.857142857142857,-70.0,30,20,10,15,20,60
REJECT,STRUCTURE_ONLY,14,2,5,0.14285714285714285,0.6,-40.0,-2.857142857142857,-70.0,30,20,10,15,15,60
REJECT,STRUCTURE_ONLY,14,2,5,0.14285714285714285,0.6,-40.0,-2.857142857142857,-70.0,30,20,10,15,20,40
REJECT,STRUCTURE_ONLY,14,2,5,0.14285714285714285,0.6,-40.0,-2.857142857142857,-70.0,30,20,10,15,15,50
REJECT,STRUCTURE_ONLY,14,2,4,0.14285714285714285,0.6,-40.0,-2.857142857142857,-75.0,30,25,10,15,20,70
REJECT,STRUCTURE_ONLY,14,2,4,0.14285714285714285,0.6,-40.0,-2.857142857142857,-75.0,30,25,10,15,20,60
REJECT,STRUCTURE_ONLY,14,2,5,0.14285714285714285,0.6,-40.0,-2.857142857142857,-70.0,30,20,10,15,20,50
REJECT,STRUCTURE_ONLY,14,2,5,0.14285714285714285,0.6,-40.0,-2.857142857142857,-70.0,30,20,10,15,20,70
REJECT,STRUCTURE_ONLY,14,2,4,0.14285714285714285,0.6,-40.0,-2.857142857142857,-75.0,30,25,10,15,20,50
REJECT,STRUCTURE_ONLY,14,2,5,0.14285714285714285,0.6,-40.0,-2.857142857142857,-70.0,30,20,10,15,15,40
REJECT,STRUCTURE_ONLY,14,2,4,0.14285714285714285,0.6,-40.0,-2.857142857142857,-75.0,30,25,10,15,15,40
REJECT,STRUCTURE_ONLY,14,2,4,0.14285714285714285,0.6,-40.0,-2.857142857142857,-75.0,30,25,10,15,20,40
REJECT,STRUCTURE_ONLY,14,2,4,0.14285714285714285,0.6,-40.0,-2.857142857142857,-75.0,30,25,10,15,15,50
REJECT,STRUCTURE_ONLY,14,2,4,0.14285714285714285,0.6,-40.0,-2.857142857142857,-75.0,30,25,10,15,15,70
REJECT,STRUCTURE_ONLY,14,2,5,0.14285714285714285,0.6,-40.0,-2.857142857142857,-70.0,30,20,10,15,15,70
REJECT,STRUCTURE_ONLY,14,2,4,0.14285714285714285,0.5,-50.0,-3.5714285714285716,-75.0,25,25,10,15,20,60
REJECT,STRUCTURE_ONLY,14,2,4,0.14285714285714285,0.5,-50.0,-3.5714285714285716,-75.0,25,25,10,15,15,40
REJECT,STRUCTURE_ONLY,14,2,4,0.14285714285714285,0.5,-50.0,-3.5714285714285716,-75.0,25,25,10,15,15,50
REJECT,STRUCTURE_ONLY,14,2,4,0.14285714285714285,0.5,-50.0,-3.5714285714285716,-75.0,25,25,10,15,15,60
REJECT,STRUCTURE_ONLY,14,2,4,0.14285714285714285,0.5,-50.0,-3.5714285714285716,-75.0,25,25,10,15,15,70
REJECT,STRUCTURE_ONLY,14,2,5,0.14285714285714285,0.5,-50.0,-3.5714285714285716,-75.0,25,20,10,15,20,70
REJECT,STRUCTURE_ONLY,14,2,5,0.14285714285714285,0.5,-50.0,-3.5714285714285716,-75.0,25,20,10,15,20,50
REJECT,STRUCTURE_ONLY,14,2,4,0.14285714285714285,0.5,-50.0,-3.5714285714285716,-75.0,25,25,10,15,20,40
REJECT,STRUCTURE_ONLY,14,2,5,0.14285714285714285,0.5,-50.0,-3.5714285714285716,-75.0,25,20,10,15,15,70
REJECT,STRUCTURE_ONLY,14,2,5,0.14285714285714285,0.5,-50.0,-3.5714285714285716,-75.0,25,20,10,15,15,60
REJECT,STRUCTURE_ONLY,14,2,5,0.14285714285714285,0.5,-50.0,-3.5714285714285716,-75.0,25,20,10,15,20,60
REJECT,STRUCTURE_ONLY,14,2,5,0.14285714285714285,0.5,-50.0,-3.5714285714285716,-75.0,25,20,10,15,15,40
REJECT,STRUCTURE_ONLY,14,2,4,0.14285714285714285,0.5,-50.0,-3.5714285714285716,-75.0,25,25,10,15,20,70
REJECT,STRUCTURE_ONLY,14,2,5,0.14285714285714285,0.5,-50.0,-3.5714285714285716,-75.0,25,20,10,15,20,40
REJECT,STRUCTURE_ONLY,14,2,5,0.14285714285714285,0.5,-50.0,-3.5714285714285716,-75.0,25,20,10,15,15,50
REJECT,STRUCTURE_ONLY,14,2,4,0.14285714285714285,0.5,-50.0,-3.5714285714285716,-75.0,25,25,10,15,20,50
REJECT,STRUCTURE_ONLY,14,2,4,0.14285714285714285,0.5,-60.0,-4.285714285714286,-90.0,30,30,10,15,20,70
REJECT,STRUCTURE_ONLY,14,2,3,0.14285714285714285,0.5,-60.0,-4.285714285714286,-90.0,30,40,10,15,20,60
REJECT,STRUCTURE_ONLY,14,2,3,0.14285714285714285,0.5,-60.0,-4.285714285714286,-90.0,30,40,10,15,20,40
REJECT,STRUCTURE_ONLY,14,2,3,0.14285714285714285,0.5,-60.0,-4.285714285714286,-90.0,30,40,10,15,20,70
REJECT,STRUCTURE_ONLY,14,2,4,0.14285714285714285,0.5,-60.0,-4.285714285714286,-90.0,30,30,10,15,20,50
REJECT,STRUCTURE_ONLY,14,2,3,0.14285714285714285,0.5,-60.0,-4.285714285714286,-90.0,30,40,10,15,15,70
REJECT,STRUCTURE_ONLY,14,2,4,0.14285714285714285,0.5,-60.0,-4.285714285714286,-90.0,30,30,10,15,20,40
REJECT,STRUCTURE_ONLY,14,2,4,0.14285714285714285,0.5,-60.0,-4.285714285714286,-90.0,30,30,10,15,15,70
REJECT,STRUCTURE_ONLY,14,2,4,0.14285714285714285,0.5,-60.0,-4.285714285714286,-90.0,30,30,10,15,15,60
REJECT,STRUCTURE_ONLY,14,2,4,0.14285714285714285,0.5,-60.0,-4.285714285714286,-90.0,30,30,10,15,15,50
REJECT,STRUCTURE_ONLY,14,2,3,0.14285714285714285,0.5,-60.0,-4.285714285714286,-90.0,30,40,10,15,15,60
REJECT,STRUCTURE_ONLY,14,2,3,0.14285714285714285,0.5,-60.0,-4.285714285714286,-90.0,30,40,10,15,15,50
REJECT,STRUCTURE_ONLY,14,2,3,0.14285714285714285,0.5,-60.0,-4.285714285714286,-90.0,30,40,10,15,15,40
REJECT,STRUCTURE_ONLY,14,2,3,0.14285714285714285,0.5,-60.0,-4.285714285714286,-90.0,30,40,10,15,20,50
REJECT,STRUCTURE_ONLY,14,2,4,0.14285714285714285,0.5,-60.0,-4.285714285714286,-90.0,30,30,10,15,15,40
REJECT,STRUCTURE_ONLY,14,2,4,0.14285714285714285,0.5,-60.0,-4.285714285714286,-90.0,30,30,10,15,20,60
REJECT,STRUCTURE_ONLY,14,2,4,0.14285714285714285,0.4166666666666667,-70.0,-5.0,-95.0,25,30,10,15,20,40
REJECT,STRUCTURE_ONLY,14,2,4,0.14285714285714285,0.4166666666666667,-70.0,-5.0,-95.0,25,30,10,15,15,40
REJECT,STRUCTURE_ONLY,14,2,3,0.14285714285714285,0.4166666666666667,-70.0,-5.0,-95.0,25,40,10,15,20,60
REJECT,STRUCTURE_ONLY,14,2,3,0.14285714285714285,0.4166666666666667,-70.0,-5.0,-95.0,25,40,10,15,20,50
REJECT,STRUCTURE_ONLY,14,2,4,0.14285714285714285,0.4166666666666667,-70.0,-5.0,-95.0,25,30,10,15,20,50
REJECT,STRUCTURE_ONLY,14,2,3,0.14285714285714285,0.4166666666666667,-70.0,-5.0,-95.0,25,40,10,15,20,40
REJECT,STRUCTURE_ONLY,14,2,4,0.14285714285714285,0.4166666666666667,-70.0,-5.0,-95.0,25,30,10,15,15,50
REJECT,STRUCTURE_ONLY,14,2,3,0.14285714285714285,0.4166666666666667,-70.0,-5.0,-95.0,25,40,10,15,15,70
REJECT,STRUCTURE_ONLY,14,2,3,0.14285714285714285,0.4166666666666667,-70.0,-5.0,-95.0,25,40,10,15,20,70
REJECT,STRUCTURE_ONLY,14,2,3,0.14285714285714285,0.4166666666666667,-70.0,-5.0,-95.0,25,40,10,15,15,40
REJECT,STRUCTURE_ONLY,14,2,3,0.14285714285714285,0.4166666666666667,-70.0,-5.0,-95.0,25,40,10,15,15,50
REJECT,STRUCTURE_ONLY,14,2,4,0.14285714285714285,0.4166666666666667,-70.0,-5.0,-95.0,25,30,10,15,15,60
REJECT,STRUCTURE_ONLY,14,2,4,0.14285714285714285,0.4166666666666667,-70.0,-5.0,-95.0,25,30,10,15,15,70
REJECT,STRUCTURE_ONLY,14,2,4,0.14285714285714285,0.4166666666666667,-70.0,-5.0,-95.0,25,30,10,15,20,60
REJECT,STRUCTURE_ONLY,14,2,3,0.14285714285714285,0.4166666666666667,-70.0,-5.0,-95.0,25,40,10,15,15,60
REJECT,STRUCTURE_ONLY,14,2,4,0.14285714285714285,0.4166666666666667,-70.0,-5.0,-95.0,25,30,10,15,20,70
REJECT,STRUCTURE_ONLY,15,2,2,0.13333333333333333,2.0,40.0,2.6666666666666665,-40.0,40,20,15,15,12,40
REJECT,STRUCTURE_ONLY,15,2,2,0.13333333333333333,2.0,40.0,2.6666666666666665,-40.0,40,20,15,15,12,50
REJECT,STRUCTURE_ONLY,15,2,2,0.13333333333333333,2.0,40.0,2.6666666666666665,-40.0,40,20,15,15,12,60
REJECT,STRUCTURE_ONLY,15,2,2,0.13333333333333333,2.0,40.0,2.6666666666666665,-40.0,40,20,15,15,12,70
REJECT,STRUCTURE_ONLY,15,2,2,0.13333333333333333,1.6,30.0,2.0,-50.0,40,25,15,15,12,70
REJECT,STRUCTURE_ONLY,15,2,2,0.13333333333333333,1.6,30.0,2.0,-50.0,40,25,15,15,12,40
REJECT,STRUCTURE_ONLY,15,2,2,0.13333333333333333,1.6,30.0,2.0,-50.0,40,25,15,15,12,50
REJECT,STRUCTURE_ONLY,15,2,2,0.13333333333333333,1.6,30.0,2.0,-50.0,40,25,15,15,12,60
REJECT,STRUCTURE_ONLY,15,2,2,0.13333333333333333,1.3333333333333333,20.0,1.3333333333333333,-60.0,40,30,15,15,12,70
REJECT,STRUCTURE_ONLY,15,2,2,0.13333333333333333,1.3333333333333333,20.0,1.3333333333333333,-60.0,40,30,15,15,12,60
REJECT,STRUCTURE_ONLY,15,2,2,0.13333333333333333,1.3333333333333333,20.0,1.3333333333333333,-60.0,40,30,15,15,12,50
REJECT,STRUCTURE_ONLY,15,2,2,0.13333333333333333,1.3333333333333333,20.0,1.3333333333333333,-60.0,40,30,15,15,12,40
REJECT,STRUCTURE_ONLY,15,2,2,0.13333333333333333,1.0,0.0,0.0,-80.0,40,40,15,15,12,70
REJECT,STRUCTURE_ONLY,15,2,2,0.13333333333333333,1.0,0.0,0.0,-80.0,40,40,15,15,12,60
REJECT,STRUCTURE_ONLY,15,2,2,0.13333333333333333,1.0,0.0,0.0,-80.0,40,40,15,15,12,40
REJECT,STRUCTURE_ONLY,15,2,2,0.13333333333333333,1.0,0.0,0.0,-80.0,40,40,15,15,12,50
REJECT,STRUCTURE_ONLY,15,2,5,0.13333333333333333,0.8,-20.0,-1.3333333333333333,-60.0,40,20,5,10,15,60
REJECT,STRUCTURE_ONLY,15,2,5,0.13333333333333333,0.8,-20.0,-1.3333333333333333,-60.0,40,20,5,10,12,40
REJECT,STRUCTURE_ONLY,15,2,4,0.13333333333333333,0.8,-20.0,-1.3333333333333333,-75.0,40,25,15,15,15,40
REJECT,STRUCTURE_ONLY,15,2,5,0.13333333333333333,0.8,-20.0,-1.3333333333333333,-60.0,40,20,15,15,20,70
REJECT,STRUCTURE_ONLY,15,2,5,0.13333333333333333,0.8,-20.0,-1.3333333333333333,-60.0,40,20,10,10,15,60
REJECT,STRUCTURE_ONLY,15,2,4,0.13333333333333333,0.8,-20.0,-1.3333333333333333,-75.0,40,25,15,15,15,50
REJECT,STRUCTURE_ONLY,15,2,4,0.13333333333333333,0.8,-20.0,-1.3333333333333333,-75.0,40,25,15,15,15,60
REJECT,STRUCTURE_ONLY,15,2,5,0.13333333333333333,0.8,-20.0,-1.3333333333333333,-60.0,40,20,15,15,20,60
REJECT,STRUCTURE_ONLY,15,2,4,0.13333333333333333,0.8,-20.0,-1.3333333333333333,-75.0,40,25,15,15,15,70
REJECT,STRUCTURE_ONLY,15,2,5,0.13333333333333333,0.8,-20.0,-1.3333333333333333,-60.0,40,20,15,15,20,50
REJECT,STRUCTURE_ONLY,15,2,5,0.13333333333333333,0.8,-20.0,-1.3333333333333333,-60.0,40,20,10,10,12,40
REJECT,STRUCTURE_ONLY,15,2,5,0.13333333333333333,0.8,-20.0,-1.3333333333333333,-60.0,40,20,10,10,12,50
REJECT,STRUCTURE_ONLY,15,2,5,0.13333333333333333,0.8,-20.0,-1.3333333333333333,-60.0,40,20,10,10,12,60
REJECT,STRUCTURE_ONLY,15,2,5,0.13333333333333333,0.8,-20.0,-1.3333333333333333,-60.0,40,20,10,10,12,70
REJECT,STRUCTURE_ONLY,15,2,5,0.13333333333333333,0.8,-20.0,-1.3333333333333333,-60.0,40,20,10,10,15,40
REJECT,STRUCTURE_ONLY,15,2,5,0.13333333333333333,0.8,-20.0,-1.3333333333333333,-60.0,40,20,10,10,15,50
REJECT,STRUCTURE_ONLY,15,2,4,0.13333333333333333,0.8,-20.0,-1.3333333333333333,-75.0,40,25,15,15,20,60
REJECT,STRUCTURE_ONLY,15,2,5,0.13333333333333333,0.8,-20.0,-1.3333333333333333,-60.0,40,20,15,15,20,40
REJECT,STRUCTURE_ONLY,15,2,5,0.13333333333333333,0.8,-20.0,-1.3333333333333333,-60.0,40,20,10,10,15,70
REJECT,STRUCTURE_ONLY,15,2,5,0.13333333333333333,0.8,-20.0,-1.3333333333333333,-60.0,40,20,15,15,15,70
REJECT,STRUCTURE_ONLY,15,2,5,0.13333333333333333,0.8,-20.0,-1.3333333333333333,-60.0,40,20,15,15,15,60
REJECT,STRUCTURE_ONLY,15,2,5,0.13333333333333333,0.8,-20.0,-1.3333333333333333,-60.0,40,20,15,15,15,50
REJECT,STRUCTURE_ONLY,15,2,5,0.13333333333333333,0.8,-20.0,-1.3333333333333333,-60.0,40,20,15,15,15,40
REJECT,STRUCTURE_ONLY,15,2,4,0.13333333333333333,0.8,-20.0,-1.3333333333333333,-75.0,40,25,15,15,20,40
REJECT,STRUCTURE_ONLY,15,2,4,0.13333333333333333,0.8,-20.0,-1.3333333333333333,-75.0,40,25,15,15,20,50
REJECT,STRUCTURE_ONLY,15,2,4,0.13333333333333333,0.8,-20.0,-1.3333333333333333,-75.0,40,25,15,15,20,70
REJECT,STRUCTURE_ONLY,15,2,5,0.13333333333333333,0.8,-20.0,-1.3333333333333333,-60.0,40,20,15,10,15,70
REJECT,STRUCTURE_ONLY,15,2,5,0.13333333333333333,0.8,-20.0,-1.3333333333333333,-60.0,40,20,15,10,15,60
REJECT,STRUCTURE_ONLY,15,2,5,0.13333333333333333,0.8,-20.0,-1.3333333333333333,-60.0,40,20,15,10,15,50
REJECT,STRUCTURE_ONLY,15,2,5,0.13333333333333333,0.8,-20.0,-1.3333333333333333,-60.0,40,20,15,10,15,40
REJECT,STRUCTURE_ONLY,15,2,5,0.13333333333333333,0.8,-20.0,-1.3333333333333333,-60.0,40,20,15,10,12,70
REJECT,STRUCTURE_ONLY,15,2,5,0.13333333333333333,0.8,-20.0,-1.3333333333333333,-60.0,40,20,15,10,12,60
REJECT,STRUCTURE_ONLY,15,2,5,0.13333333333333333,0.8,-20.0,-1.3333333333333333,-60.0,40,20,15,10,12,50
REJECT,STRUCTURE_ONLY,15,2,5,0.13333333333333333,0.8,-20.0,-1.3333333333333333,-60.0,40,20,5,10,15,70
REJECT,STRUCTURE_ONLY,15,2,5,0.13333333333333333,0.8,-20.0,-1.3333333333333333,-60.0,40,20,15,10,12,40
REJECT,STRUCTURE_ONLY,15,2,5,0.13333333333333333,0.8,-20.0,-1.3333333333333333,-60.0,40,20,5,10,12,70
REJECT,STRUCTURE_ONLY,15,2,5,0.13333333333333333,0.8,-20.0,-1.3333333333333333,-60.0,40,20,5,10,12,50
REJECT,STRUCTURE_ONLY,15,2,5,0.13333333333333333,0.8,-20.0,-1.3333333333333333,-60.0,40,20,5,10,15,50
REJECT,STRUCTURE_ONLY,15,2,5,0.13333333333333333,0.8,-20.0,-1.3333333333333333,-60.0,40,20,5,10,12,60
REJECT,STRUCTURE_ONLY,15,2,5,0.13333333333333333,0.8,-20.0,-1.3333333333333333,-60.0,40,20,5,10,15,40
REJECT,STRUCTURE_ONLY,15,2,4,0.13333333333333333,0.6666666666666666,-40.0,-2.6666666666666665,-90.0,40,30,10,10,12,60
REJECT,STRUCTURE_ONLY,15,2,4,0.13333333333333333,0.6666666666666666,-40.0,-2.6666666666666665,-90.0,40,30,5,10,12,50
REJECT,STRUCTURE_ONLY,15,2,3,0.13333333333333333,0.6666666666666666,-40.0,-2.6666666666666665,-80.0,40,40,15,15,15,40
REJECT,STRUCTURE_ONLY,15,2,4,0.13333333333333333,0.6666666666666666,-40.0,-2.6666666666666665,-90.0,40,30,5,10,15,60
REJECT,STRUCTURE_ONLY,15,2,4,0.13333333333333333,0.6666666666666666,-40.0,-2.6666666666666665,-90.0,40,30,5,10,15,50
REJECT,STRUCTURE_ONLY,15,2,4,0.13333333333333333,0.6666666666666666,-40.0,-2.6666666666666665,-90.0,40,30,15,15,15,40
REJECT,STRUCTURE_ONLY,15,2,4,0.13333333333333333,0.6666666666666666,-40.0,-2.6666666666666665,-90.0,40,30,15,15,15,50
REJECT,STRUCTURE_ONLY,15,2,4,0.13333333333333333,0.6666666666666666,-40.0,-2.6666666666666665,-90.0,40,30,15,15,15,60
REJECT,STRUCTURE_ONLY,15,2,4,0.13333333333333333,0.6666666666666666,-40.0,-2.6666666666666665,-90.0,40,30,15,15,15,70
REJECT,STRUCTURE_ONLY,15,2,4,0.13333333333333333,0.6666666666666666,-40.0,-2.6666666666666665,-90.0,40,30,15,15,20,40
REJECT,STRUCTURE_ONLY,15,2,4,0.13333333333333333,0.6666666666666666,-40.0,-2.6666666666666665,-90.0,40,30,15,15,20,50
REJECT,STRUCTURE_ONLY,15,2,4,0.13333333333333333,0.6666666666666666,-40.0,-2.6666666666666665,-90.0,40,30,15,15,20,60
REJECT,STRUCTURE_ONLY,15,2,4,0.13333333333333333,0.6666666666666666,-40.0,-2.6666666666666665,-90.0,40,30,15,15,20,70
REJECT,STRUCTURE_ONLY,15,2,3,0.13333333333333333,0.6666666666666666,-40.0,-2.6666666666666665,-80.0,40,40,5,10,12,40
REJECT,STRUCTURE_ONLY,15,2,3,0.13333333333333333,0.6666666666666666,-40.0,-2.6666666666666665,-80.0,40,40,5,10,12,50
REJECT,STRUCTURE_ONLY,15,2,3,0.13333333333333333,0.6666666666666666,-40.0,-2.6666666666666665,-80.0,40,40,5,10,12,60
REJECT,STRUCTURE_ONLY,15,2,3,0.13333333333333333,0.6666666666666666,-40.0,-2.6666666666666665,-80.0,40,40,5,10,12,70
REJECT,STRUCTURE_ONLY,15,2,3,0.13333333333333333,0.6666666666666666,-40.0,-2.6666666666666665,-80.0,40,40,5,10,15,40
REJECT,STRUCTURE_ONLY,15,2,3,0.13333333333333333,0.6666666666666666,-40.0,-2.6666666666666665,-80.0,40,40,5,10,15,50
REJECT,STRUCTURE_ONLY,15,2,3,0.13333333333333333,0.6666666666666666,-40.0,-2.6666666666666665,-80.0,40,40,5,10,15,60
REJECT,STRUCTURE_ONLY,15,2,4,0.13333333333333333,0.6666666666666666,-40.0,-2.6666666666666665,-90.0,40,30,5,10,15,40
REJECT,STRUCTURE_ONLY,15,2,3,0.13333333333333333,0.6666666666666666,-40.0,-2.6666666666666665,-80.0,40,40,5,10,15,70
REJECT,STRUCTURE_ONLY,15,2,4,0.13333333333333333,0.6666666666666666,-40.0,-2.6666666666666665,-90.0,40,30,5,10,12,70
REJECT,STRUCTURE_ONLY,15,2,4,0.13333333333333333,0.6666666666666666,-40.0,-2.6666666666666665,-90.0,40,30,15,10,15,40
REJECT,STRUCTURE_ONLY,15,2,3,0.13333333333333333,0.6666666666666666,-40.0,-2.6666666666666665,-80.0,40,40,10,10,12,50
REJECT,STRUCTURE_ONLY,15,2,4,0.13333333333333333,0.6666666666666666,-40.0,-2.6666666666666665,-90.0,40,30,5,10,15,70
REJECT,STRUCTURE_ONLY,15,2,3,0.13333333333333333,0.6666666666666666,-40.0,-2.6666666666666665,-80.0,40,40,10,10,15,50
REJECT,STRUCTURE_ONLY,15,2,4,0.13333333333333333,0.6666666666666666,-40.0,-2.6666666666666665,-90.0,40,30,15,10,15,70
REJECT,STRUCTURE_ONLY,15,2,3,0.13333333333333333,0.6666666666666666,-40.0,-2.6666666666666665,-80.0,40,40,15,15,15,60
REJECT,STRUCTURE_ONLY,15,2,4,0.13333333333333333,0.6666666666666666,-40.0,-2.6666666666666665,-90.0,40,30,15,10,15,60
REJECT,STRUCTURE_ONLY,15,2,3,0.13333333333333333,0.6666666666666666,-40.0,-2.6666666666666665,-80.0,40,40,10,10,15,40
REJECT,STRUCTURE_ONLY,15,2,3,0.13333333333333333,0.6666666666666666,-40.0,-2.6666666666666665,-80.0,40,40,15,15,15,50
REJECT,STRUCTURE_ONLY,15,2,4,0.13333333333333333,0.6666666666666666,-40.0,-2.6666666666666665,-90.0,40,30,10,10,12,40
REJECT,STRUCTURE_ONLY,15,2,3,0.13333333333333333,0.6666666666666666,-40.0,-2.6666666666666665,-80.0,40,40,10,10,12,70
REJECT,STRUCTURE_ONLY,15,2,4,0.13333333333333333,0.6666666666666666,-40.0,-2.6666666666666665,-90.0,40,30,15,10,15,50
REJECT,STRUCTURE_ONLY,15,2,4,0.13333333333333333,0.6666666666666666,-40.0,-2.6666666666666665,-90.0,40,30,10,10,12,50
REJECT,STRUCTURE_ONLY,15,2,4,0.13333333333333333,0.6666666666666666,-40.0,-2.6666666666666665,-90.0,40,30,5,10,12,40
REJECT,STRUCTURE_ONLY,15,2,4,0.13333333333333333,0.6666666666666666,-40.0,-2.6666666666666665,-90.0,40,30,5,10,12,60
REJECT,STRUCTURE_ONLY,15,2,3,0.13333333333333333,0.6666666666666666,-40.0,-2.6666666666666665,-80.0,40,40,10,10,12,60
REJECT,STRUCTURE_ONLY,15,2,4,0.13333333333333333,0.6666666666666666,-40.0,-2.6666666666666665,-90.0,40,30,10,10,12,70
REJECT,STRUCTURE_ONLY,15,2,4,0.13333333333333333,0.6666666666666666,-40.0,-2.6666666666666665,-90.0,40,30,10,10,15,40
REJECT,STRUCTURE_ONLY,15,2,3,0.13333333333333333,0.6666666666666666,-40.0,-2.6666666666666665,-80.0,40,40,15,15,15,70
REJECT,STRUCTURE_ONLY,15,2,4,0.13333333333333333,0.6666666666666666,-40.0,-2.6666666666666665,-90.0,40,30,10,10,15,50
REJECT,STRUCTURE_ONLY,15,2,3,0.13333333333333333,0.6666666666666666,-40.0,-2.6666666666666665,-80.0,40,40,15,15,20,70
REJECT,STRUCTURE_ONLY,15,2,3,0.13333333333333333,0.6666666666666666,-40.0,-2.6666666666666665,-80.0,40,40,15,15,20,40
REJECT,STRUCTURE_ONLY,15,2,3,0.13333333333333333,0.6666666666666666,-40.0,-2.6666666666666665,-80.0,40,40,15,10,12,40
REJECT,STRUCTURE_ONLY,15,2,4,0.13333333333333333,0.6666666666666666,-40.0,-2.6666666666666665,-90.0,40,30,10,10,15,60
REJECT,STRUCTURE_ONLY,15,2,3,0.13333333333333333,0.6666666666666666,-40.0,-2.6666666666666665,-80.0,40,40,15,10,12,50
REJECT,STRUCTURE_ONLY,15,2,3,0.13333333333333333,0.6666666666666666,-40.0,-2.6666666666666665,-80.0,40,40,15,15,20,50
REJECT,STRUCTURE_ONLY,15,2,3,0.13333333333333333,0.6666666666666666,-40.0,-2.6666666666666665,-80.0,40,40,15,15,20,60
REJECT,STRUCTURE_ONLY,15,2,3,0.13333333333333333,0.6666666666666666,-40.0,-2.6666666666666665,-80.0,40,40,15,10,12,60
REJECT,STRUCTURE_ONLY,15,2,4,0.13333333333333333,0.6666666666666666,-40.0,-2.6666666666666665,-90.0,40,30,10,10,15,70
REJECT,STRUCTURE_ONLY,15,2,3,0.13333333333333333,0.6666666666666666,-40.0,-2.6666666666666665,-80.0,40,40,15,10,12,70
REJECT,STRUCTURE_ONLY,15,2,4,0.13333333333333333,0.6666666666666666,-40.0,-2.6666666666666665,-90.0,40,30,15,10,12,40
REJECT,STRUCTURE_ONLY,15,2,3,0.13333333333333333,0.6666666666666666,-40.0,-2.6666666666666665,-80.0,40,40,10,10,15,60
REJECT,STRUCTURE_ONLY,15,2,4,0.13333333333333333,0.6666666666666666,-40.0,-2.6666666666666665,-90.0,40,30,15,10,12,50
REJECT,STRUCTURE_ONLY,15,2,4,0.13333333333333333,0.6666666666666666,-40.0,-2.6666666666666665,-90.0,40,30,15,10,12,60
REJECT,STRUCTURE_ONLY,15,2,3,0.13333333333333333,0.6666666666666666,-40.0,-2.6666666666666665,-80.0,40,40,10,10,15,70
REJECT,STRUCTURE_ONLY,15,2,3,0.13333333333333333,0.6666666666666666,-40.0,-2.6666666666666665,-80.0,40,40,15,10,15,40
REJECT,STRUCTURE_ONLY,15,2,3,0.13333333333333333,0.6666666666666666,-40.0,-2.6666666666666665,-80.0,40,40,15,10,15,50
REJECT,STRUCTURE_ONLY,15,2,4,0.13333333333333333,0.6666666666666666,-40.0,-2.6666666666666665,-90.0,40,30,15,10,12,70
REJECT,STRUCTURE_ONLY,15,2,3,0.13333333333333333,0.6666666666666666,-40.0,-2.6666666666666665,-80.0,40,40,15,10,15,60
REJECT,STRUCTURE_ONLY,15,2,3,0.13333333333333333,0.6666666666666666,-40.0,-2.6666666666666665,-80.0,40,40,15,10,15,70
REJECT,STRUCTURE_ONLY,15,2,3,0.13333333333333333,0.6666666666666666,-40.0,-2.6666666666666665,-80.0,40,40,10,10,12,40
REJECT,STRUCTURE_ONLY,15,2,5,0.13333333333333333,0.64,-45.0,-3.0,-85.0,40,25,15,10,15,40
REJECT,STRUCTURE_ONLY,15,2,5,0.13333333333333333,0.64,-45.0,-3.0,-85.0,40,25,15,10,12,60
REJECT,STRUCTURE_ONLY,15,2,5,0.13333333333333333,0.64,-45.0,-3.0,-85.0,40,25,10,10,15,60
REJECT,STRUCTURE_ONLY,15,2,5,0.13333333333333333,0.64,-45.0,-3.0,-85.0,40,25,10,10,15,50
REJECT,STRUCTURE_ONLY,15,2,5,0.13333333333333333,0.64,-45.0,-3.0,-85.0,40,25,10,10,15,40
REJECT,STRUCTURE_ONLY,15,2,5,0.13333333333333333,0.64,-45.0,-3.0,-85.0,40,25,15,10,12,70
REJECT,STRUCTURE_ONLY,15,2,5,0.13333333333333333,0.64,-45.0,-3.0,-85.0,40,25,5,10,12,40
REJECT,STRUCTURE_ONLY,15,2,5,0.13333333333333333,0.64,-45.0,-3.0,-85.0,40,25,5,10,12,50
REJECT,STRUCTURE_ONLY,15,2,5,0.13333333333333333,0.64,-45.0,-3.0,-85.0,40,25,5,10,12,60
REJECT,STRUCTURE_ONLY,15,2,5,0.13333333333333333,0.64,-45.0,-3.0,-85.0,40,25,5,10,12,70
REJECT,STRUCTURE_ONLY,15,2,5,0.13333333333333333,0.64,-45.0,-3.0,-85.0,40,25,5,10,15,40
REJECT,STRUCTURE_ONLY,15,2,5,0.13333333333333333,0.64,-45.0,-3.0,-85.0,40,25,5,10,15,50
REJECT,STRUCTURE_ONLY,15,2,5,0.13333333333333333,0.64,-45.0,-3.0,-85.0,40,25,5,10,15,60
REJECT,STRUCTURE_ONLY,15,2,5,0.13333333333333333,0.64,-45.0,-3.0,-85.0,40,25,10,10,12,60
REJECT,STRUCTURE_ONLY,15,2,5,0.13333333333333333,0.64,-45.0,-3.0,-85.0,40,25,5,10,15,70
REJECT,STRUCTURE_ONLY,15,2,5,0.13333333333333333,0.64,-45.0,-3.0,-85.0,40,25,15,10,12,50
REJECT,STRUCTURE_ONLY,15,2,5,0.13333333333333333,0.64,-45.0,-3.0,-85.0,40,25,15,10,15,60
REJECT,STRUCTURE_ONLY,15,2,5,0.13333333333333333,0.64,-45.0,-3.0,-85.0,40,25,10,10,15,70
REJECT,STRUCTURE_ONLY,15,2,5,0.13333333333333333,0.64,-45.0,-3.0,-85.0,40,25,15,10,12,40
REJECT,STRUCTURE_ONLY,15,2,5,0.13333333333333333,0.64,-45.0,-3.0,-85.0,40,25,15,10,15,50
REJECT,STRUCTURE_ONLY,15,2,5,0.13333333333333333,0.64,-45.0,-3.0,-85.0,40,25,10,10,12,70
REJECT,STRUCTURE_ONLY,15,2,5,0.13333333333333333,0.64,-45.0,-3.0,-85.0,40,25,15,10,15,70
REJECT,STRUCTURE_ONLY,15,2,5,0.13333333333333333,0.64,-45.0,-3.0,-85.0,40,25,10,10,12,50
REJECT,STRUCTURE_ONLY,15,2,5,0.13333333333333333,0.64,-45.0,-3.0,-85.0,40,25,10,10,12,40
REJECT,STRUCTURE_ONLY,13,1,2,0.07692307692307693,1.0,0.0,0.0,-40.0,40,20,5,15,12,50
REJECT,STRUCTURE_ONLY,13,1,2,0.07692307692307693,1.0,0.0,0.0,-40.0,40,20,5,15,12,60
REJECT,STRUCTURE_ONLY,13,1,2,0.07692307692307693,1.0,0.0,0.0,-40.0,40,20,5,15,12,40
REJECT,STRUCTURE_ONLY,13,1,2,0.07692307692307693,1.0,0.0,0.0,-40.0,40,20,5,15,12,70
REJECT,STRUCTURE_ONLY,13,1,2,0.07692307692307693,0.8,-10.0,-0.7692307692307693,-50.0,40,25,5,15,12,40
REJECT,STRUCTURE_ONLY,13,1,2,0.07692307692307693,0.8,-10.0,-0.7692307692307693,-50.0,40,25,5,15,12,60
REJECT,STRUCTURE_ONLY,13,1,2,0.07692307692307693,0.8,-10.0,-0.7692307692307693,-50.0,40,25,5,15,12,70
REJECT,STRUCTURE_ONLY,13,1,2,0.07692307692307693,0.8,-10.0,-0.7692307692307693,-50.0,40,25,5,15,12,50
REJECT,STRUCTURE_ONLY,13,1,2,0.07692307692307693,0.75,-10.0,-0.7692307692307693,-40.0,30,20,5,15,12,50
REJECT,STRUCTURE_ONLY,13,1,2,0.07692307692307693,0.75,-10.0,-0.7692307692307693,-40.0,30,20,5,15,12,60
REJECT,STRUCTURE_ONLY,13,1,2,0.07692307692307693,0.75,-10.0,-0.7692307692307693,-40.0,30,20,5,15,12,70
REJECT,STRUCTURE_ONLY,13,1,2,0.07692307692307693,0.75,-10.0,-0.7692307692307693,-40.0,30,20,5,15,12,40
REJECT,STRUCTURE_ONLY,13,1,2,0.07692307692307693,0.6666666666666666,-20.0,-1.5384615384615385,-60.0,40,30,5,15,12,70
REJECT,STRUCTURE_ONLY,13,1,2,0.07692307692307693,0.6666666666666666,-20.0,-1.5384615384615385,-60.0,40,30,5,15,12,40
REJECT,STRUCTURE_ONLY,13,1,2,0.07692307692307693,0.6666666666666666,-20.0,-1.5384615384615385,-60.0,40,30,5,15,12,50
REJECT,STRUCTURE_ONLY,13,1,2,0.07692307692307693,0.6666666666666666,-20.0,-1.5384615384615385,-60.0,40,30,5,15,12,60
REJECT,STRUCTURE_ONLY,13,1,2,0.07692307692307693,0.625,-15.0,-1.1538461538461537,-40.0,25,20,5,15,12,40
REJECT,STRUCTURE_ONLY,13,1,2,0.07692307692307693,0.625,-15.0,-1.1538461538461537,-40.0,25,20,5,15,12,70
REJECT,STRUCTURE_ONLY,13,1,2,0.07692307692307693,0.625,-15.0,-1.1538461538461537,-40.0,25,20,5,15,12,60
REJECT,STRUCTURE_ONLY,13,1,2,0.07692307692307693,0.625,-15.0,-1.1538461538461537,-40.0,25,20,5,15,12,50
REJECT,STRUCTURE_ONLY,13,1,2,0.07692307692307693,0.6,-20.0,-1.5384615384615385,-50.0,30,25,5,15,12,60
REJECT,STRUCTURE_ONLY,13,1,2,0.07692307692307693,0.6,-20.0,-1.5384615384615385,-50.0,30,25,5,15,12,70
REJECT,STRUCTURE_ONLY,13,1,2,0.07692307692307693,0.6,-20.0,-1.5384615384615385,-50.0,30,25,5,15,12,50
REJECT,STRUCTURE_ONLY,13,1,2,0.07692307692307693,0.6,-20.0,-1.5384615384615385,-50.0,30,25,5,15,12,40
REJECT,STRUCTURE_ONLY,13,1,2,0.07692307692307693,0.5,-25.0,-1.9230769230769231,-50.0,25,25,5,15,12,70
REJECT,STRUCTURE_ONLY,13,1,2,0.07692307692307693,0.5,-25.0,-1.9230769230769231,-50.0,25,25,5,15,12,60
REJECT,STRUCTURE_ONLY,13,1,2,0.07692307692307693,0.5,-25.0,-1.9230769230769231,-50.0,25,25,5,15,12,50
REJECT,STRUCTURE_ONLY,13,1,2,0.07692307692307693,0.5,-25.0,-1.9230769230769231,-50.0,25,25,5,15,12,40
REJECT,STRUCTURE_ONLY,13,1,2,0.07692307692307693,0.5,-30.0,-2.3076923076923075,-60.0,30,30,5,15,12,70
REJECT,STRUCTURE_ONLY,13,1,2,0.07692307692307693,0.5,-30.0,-2.3076923076923075,-60.0,30,30,5,15,12,40
REJECT,STRUCTURE_ONLY,13,1,2,0.07692307692307693,0.5,-30.0,-2.3076923076923075,-60.0,30,30,5,15,12,60
REJECT,STRUCTURE_ONLY,13,1,2,0.07692307692307693,0.5,-30.0,-2.3076923076923075,-60.0,30,30,5,15,12,50
REJECT,STRUCTURE_ONLY,13,1,2,0.07692307692307693,0.5,-40.0,-3.076923076923077,-80.0,40,40,5,15,12,50
REJECT,STRUCTURE_ONLY,13,1,2,0.07692307692307693,0.5,-40.0,-3.076923076923077,-80.0,40,40,5,15,12,70
REJECT,STRUCTURE_ONLY,13,1,2,0.07692307692307693,0.5,-40.0,-3.076923076923077,-80.0,40,40,5,15,12,60
REJECT,STRUCTURE_ONLY,13,1,2,0.07692307692307693,0.5,-40.0,-3.076923076923077,-80.0,40,40,5,15,12,40
REJECT,STRUCTURE_ONLY,13,1,2,0.07692307692307693,0.4166666666666667,-35.0,-2.6923076923076925,-60.0,25,30,5,15,12,50
REJECT,STRUCTURE_ONLY,13,1,2,0.07692307692307693,0.4166666666666667,-35.0,-2.6923076923076925,-60.0,25,30,5,15,12,40
REJECT,STRUCTURE_ONLY,13,1,2,0.07692307692307693,0.4166666666666667,-35.0,-2.6923076923076925,-60.0,25,30,5,15,12,60
REJECT,STRUCTURE_ONLY,13,1,2,0.07692307692307693,0.4166666666666667,-35.0,-2.6923076923076925,-60.0,25,30,5,15,12,70
REJECT,STRUCTURE_ONLY,13,1,4,0.07692307692307693,0.4,-60.0,-4.615384615384615,-100.0,40,25,5,15,15,60
REJECT,STRUCTURE_ONLY,13,1,4,0.07692307692307693,0.4,-60.0,-4.615384615384615,-100.0,40,25,5,15,20,40
REJECT,STRUCTURE_ONLY,13,1,4,0.07692307692307693,0.4,-60.0,-4.615384615384615,-100.0,40,25,5,15,15,50
REJECT,STRUCTURE_ONLY,13,1,4,0.07692307692307693,0.4,-60.0,-4.615384615384615,-100.0,40,25,5,15,15,40
REJECT,STRUCTURE_ONLY,13,1,5,0.07692307692307693,0.4,-60.0,-4.615384615384615,-100.0,40,20,5,15,20,70
REJECT,STRUCTURE_ONLY,13,1,4,0.07692307692307693,0.4,-60.0,-4.615384615384615,-100.0,40,25,5,15,20,70
REJECT,STRUCTURE_ONLY,13,1,5,0.07692307692307693,0.4,-60.0,-4.615384615384615,-100.0,40,20,5,15,20,60
REJECT,STRUCTURE_ONLY,13,1,5,0.07692307692307693,0.4,-60.0,-4.615384615384615,-100.0,40,20,5,15,20,50
REJECT,STRUCTURE_ONLY,13,1,5,0.07692307692307693,0.4,-60.0,-4.615384615384615,-100.0,40,20,5,15,20,40
REJECT,STRUCTURE_ONLY,13,1,4,0.07692307692307693,0.4,-60.0,-4.615384615384615,-100.0,40,25,5,15,15,70
REJECT,STRUCTURE_ONLY,13,1,4,0.07692307692307693,0.4,-60.0,-4.615384615384615,-100.0,40,25,5,15,20,50
REJECT,STRUCTURE_ONLY,13,1,5,0.07692307692307693,0.4,-60.0,-4.615384615384615,-100.0,40,20,5,15,15,40
REJECT,STRUCTURE_ONLY,13,1,5,0.07692307692307693,0.4,-60.0,-4.615384615384615,-100.0,40,20,5,15,15,70
REJECT,STRUCTURE_ONLY,13,1,5,0.07692307692307693,0.4,-60.0,-4.615384615384615,-100.0,40,20,5,15,15,50
REJECT,STRUCTURE_ONLY,13,1,4,0.07692307692307693,0.4,-60.0,-4.615384615384615,-100.0,40,25,5,15,20,60
REJECT,STRUCTURE_ONLY,13,1,5,0.07692307692307693,0.4,-60.0,-4.615384615384615,-100.0,40,20,5,15,15,60
REJECT,STRUCTURE_ONLY,13,1,2,0.07692307692307693,0.375,-50.0,-3.8461538461538463,-80.0,30,40,5,15,12,60
REJECT,STRUCTURE_ONLY,13,1,2,0.07692307692307693,0.375,-50.0,-3.8461538461538463,-80.0,30,40,5,15,12,50
REJECT,STRUCTURE_ONLY,13,1,2,0.07692307692307693,0.375,-50.0,-3.8461538461538463,-80.0,30,40,5,15,12,70
REJECT,STRUCTURE_ONLY,13,1,2,0.07692307692307693,0.375,-50.0,-3.8461538461538463,-80.0,30,40,5,15,12,40
REJECT,STRUCTURE_ONLY,13,1,4,0.07692307692307693,0.3333333333333333,-80.0,-6.153846153846154,-120.0,40,30,5,15,20,70
REJECT,STRUCTURE_ONLY,13,1,4,0.07692307692307693,0.3333333333333333,-80.0,-6.153846153846154,-120.0,40,30,5,15,20,50
REJECT,STRUCTURE_ONLY,13,1,3,0.07692307692307693,0.3333333333333333,-80.0,-6.153846153846154,-120.0,40,40,5,15,20,60
REJECT,STRUCTURE_ONLY,13,1,3,0.07692307692307693,0.3333333333333333,-80.0,-6.153846153846154,-120.0,40,40,5,15,20,50
REJECT,STRUCTURE_ONLY,13,1,3,0.07692307692307693,0.3333333333333333,-80.0,-6.153846153846154,-120.0,40,40,5,15,20,40
REJECT,STRUCTURE_ONLY,13,1,3,0.07692307692307693,0.3333333333333333,-80.0,-6.153846153846154,-120.0,40,40,5,15,15,70
REJECT,STRUCTURE_ONLY,13,1,3,0.07692307692307693,0.3333333333333333,-80.0,-6.153846153846154,-120.0,40,40,5,15,15,60
REJECT,STRUCTURE_ONLY,13,1,3,0.07692307692307693,0.3333333333333333,-80.0,-6.153846153846154,-120.0,40,40,5,15,15,50
REJECT,STRUCTURE_ONLY,13,1,4,0.07692307692307693,0.3333333333333333,-80.0,-6.153846153846154,-120.0,40,30,5,15,15,40
REJECT,STRUCTURE_ONLY,13,1,3,0.07692307692307693,0.3333333333333333,-80.0,-6.153846153846154,-120.0,40,40,5,15,20,70
REJECT,STRUCTURE_ONLY,13,1,4,0.07692307692307693,0.3333333333333333,-80.0,-6.153846153846154,-120.0,40,30,5,15,15,50
REJECT,STRUCTURE_ONLY,13,1,4,0.07692307692307693,0.3333333333333333,-80.0,-6.153846153846154,-120.0,40,30,5,15,15,60
REJECT,STRUCTURE_ONLY,13,1,4,0.07692307692307693,0.3333333333333333,-80.0,-6.153846153846154,-120.0,40,30,5,15,20,40
REJECT,STRUCTURE_ONLY,13,1,4,0.07692307692307693,0.3333333333333333,-80.0,-6.153846153846154,-120.0,40,30,5,15,15,70
REJECT,STRUCTURE_ONLY,13,1,3,0.07692307692307693,0.3333333333333333,-80.0,-6.153846153846154,-120.0,40,40,5,15,15,40
REJECT,STRUCTURE_ONLY,13,1,4,0.07692307692307693,0.3333333333333333,-80.0,-6.153846153846154,-120.0,40,30,5,15,20,60
REJECT,STRUCTURE_ONLY,13,1,2,0.07692307692307693,0.3125,-55.0,-4.230769230769231,-80.0,25,40,5,15,12,60
REJECT,STRUCTURE_ONLY,13,1,2,0.07692307692307693,0.3125,-55.0,-4.230769230769231,-80.0,25,40,5,15,12,40
REJECT,STRUCTURE_ONLY,13,1,2,0.07692307692307693,0.3125,-55.0,-4.230769230769231,-80.0,25,40,5,15,12,50
REJECT,STRUCTURE_ONLY,13,1,2,0.07692307692307693,0.3125,-55.0,-4.230769230769231,-80.0,25,40,5,15,12,70
REJECT,STRUCTURE_ONLY,13,1,5,0.07692307692307693,0.3,-70.0,-5.384615384615385,-100.0,30,20,5,15,20,70
REJECT,STRUCTURE_ONLY,13,1,5,0.07692307692307693,0.3,-70.0,-5.384615384615385,-100.0,30,20,5,15,15,50
REJECT,STRUCTURE_ONLY,13,1,5,0.07692307692307693,0.3,-70.0,-5.384615384615385,-100.0,30,20,5,15,20,60
REJECT,STRUCTURE_ONLY,13,1,5,0.07692307692307693,0.3,-70.0,-5.384615384615385,-100.0,30,20,5,15,20,50
REJECT,STRUCTURE_ONLY,13,1,4,0.07692307692307693,0.3,-70.0,-5.384615384615385,-100.0,30,25,5,15,20,70
REJECT,STRUCTURE_ONLY,13,1,4,0.07692307692307693,0.3,-70.0,-5.384615384615385,-100.0,30,25,5,15,20,60
REJECT,STRUCTURE_ONLY,13,1,4,0.07692307692307693,0.3,-70.0,-5.384615384615385,-100.0,30,25,5,15,20,50
REJECT,STRUCTURE_ONLY,13,1,4,0.07692307692307693,0.3,-70.0,-5.384615384615385,-100.0,30,25,5,15,20,40
REJECT,STRUCTURE_ONLY,13,1,4,0.07692307692307693,0.3,-70.0,-5.384615384615385,-100.0,30,25,5,15,15,70
REJECT,STRUCTURE_ONLY,13,1,4,0.07692307692307693,0.3,-70.0,-5.384615384615385,-100.0,30,25,5,15,15,60
REJECT,STRUCTURE_ONLY,13,1,4,0.07692307692307693,0.3,-70.0,-5.384615384615385,-100.0,30,25,5,15,15,50
REJECT,STRUCTURE_ONLY,13,1,4,0.07692307692307693,0.3,-70.0,-5.384615384615385,-100.0,30,25,5,15,15,40
REJECT,STRUCTURE_ONLY,13,1,5,0.07692307692307693,0.3,-70.0,-5.384615384615385,-100.0,30,20,5,15,20,40
REJECT,STRUCTURE_ONLY,13,1,5,0.07692307692307693,0.3,-70.0,-5.384615384615385,-100.0,30,20,5,15,15,70
REJECT,STRUCTURE_ONLY,13,1,5,0.07692307692307693,0.3,-70.0,-5.384615384615385,-100.0,30,20,5,15,15,40
REJECT,STRUCTURE_ONLY,13,1,5,0.07692307692307693,0.3,-70.0,-5.384615384615385,-100.0,30,20,5,15,15,60
REJECT,STRUCTURE_ONLY,13,1,4,0.07692307692307693,0.25,-75.0,-5.769230769230769,-100.0,25,25,5,15,20,40
REJECT,STRUCTURE_ONLY,13,1,4,0.07692307692307693,0.25,-75.0,-5.769230769230769,-100.0,25,25,5,15,20,70
REJECT,STRUCTURE_ONLY,13,1,4,0.07692307692307693,0.25,-75.0,-5.769230769230769,-100.0,25,25,5,15,15,70
REJECT,STRUCTURE_ONLY,13,1,5,0.07692307692307693,0.25,-75.0,-5.769230769230769,-100.0,25,20,5,15,15,50
REJECT,STRUCTURE_ONLY,13,1,4,0.07692307692307693,0.25,-75.0,-5.769230769230769,-100.0,25,25,5,15,15,50
REJECT,STRUCTURE_ONLY,13,1,4,0.07692307692307693,0.25,-75.0,-5.769230769230769,-100.0,25,25,5,15,15,40
REJECT,STRUCTURE_ONLY,13,1,4,0.07692307692307693,0.25,-75.0,-5.769230769230769,-100.0,25,25,5,15,15,60
REJECT,STRUCTURE_ONLY,13,1,5,0.07692307692307693,0.25,-75.0,-5.769230769230769,-100.0,25,20,5,15,15,60
REJECT,STRUCTURE_ONLY,13,1,4,0.07692307692307693,0.25,-75.0,-5.769230769230769,-100.0,25,25,5,15,20,50
REJECT,STRUCTURE_ONLY,13,1,5,0.07692307692307693,0.25,-75.0,-5.769230769230769,-100.0,25,20,5,15,15,70
REJECT,STRUCTURE_ONLY,13,1,4,0.07692307692307693,0.25,-75.0,-5.769230769230769,-100.0,25,25,5,15,20,60
REJECT,STRUCTURE_ONLY,13,1,5,0.07692307692307693,0.25,-75.0,-5.769230769230769,-100.0,25,20,5,15,20,40
REJECT,STRUCTURE_ONLY,13,1,5,0.07692307692307693,0.25,-75.0,-5.769230769230769,-100.0,25,20,5,15,15,40
REJECT,STRUCTURE_ONLY,13,1,5,0.07692307692307693,0.25,-75.0,-5.769230769230769,-100.0,25,20,5,15,20,70
REJECT,STRUCTURE_ONLY,13,1,5,0.07692307692307693,0.25,-75.0,-5.769230769230769,-100.0,25,20,5,15,20,50
REJECT,STRUCTURE_ONLY,13,1,5,0.07692307692307693,0.25,-75.0,-5.769230769230769,-100.0,25,20,5,15,20,60
REJECT,STRUCTURE_ONLY,13,1,4,0.07692307692307693,0.25,-90.0,-6.923076923076923,-120.0,30,30,5,15,15,70
REJECT,STRUCTURE_ONLY,13,1,4,0.07692307692307693,0.25,-90.0,-6.923076923076923,-120.0,30,30,5,15,20,60
REJECT,STRUCTURE_ONLY,13,1,4,0.07692307692307693,0.25,-90.0,-6.923076923076923,-120.0,30,30,5,15,15,40
REJECT,STRUCTURE_ONLY,13,1,3,0.07692307692307693,0.25,-90.0,-6.923076923076923,-120.0,30,40,5,15,20,70
REJECT,STRUCTURE_ONLY,13,1,4,0.07692307692307693,0.25,-90.0,-6.923076923076923,-120.0,30,30,5,15,15,50
REJECT,STRUCTURE_ONLY,13,1,3,0.07692307692307693,0.25,-90.0,-6.923076923076923,-120.0,30,40,5,15,20,60
REJECT,STRUCTURE_ONLY,13,1,4,0.07692307692307693,0.25,-90.0,-6.923076923076923,-120.0,30,30,5,15,15,60
REJECT,STRUCTURE_ONLY,13,1,3,0.07692307692307693,0.25,-90.0,-6.923076923076923,-120.0,30,40,5,15,15,40
REJECT,STRUCTURE_ONLY,13,1,3,0.07692307692307693,0.25,-90.0,-6.923076923076923,-120.0,30,40,5,15,20,50
REJECT,STRUCTURE_ONLY,13,1,3,0.07692307692307693,0.25,-90.0,-6.923076923076923,-120.0,30,40,5,15,20,40
REJECT,STRUCTURE_ONLY,13,1,3,0.07692307692307693,0.25,-90.0,-6.923076923076923,-120.0,30,40,5,15,15,50
REJECT,STRUCTURE_ONLY,13,1,3,0.07692307692307693,0.25,-90.0,-6.923076923076923,-120.0,30,40,5,15,15,70
REJECT,STRUCTURE_ONLY,13,1,4,0.07692307692307693,0.25,-90.0,-6.923076923076923,-120.0,30,30,5,15,20,70
REJECT,STRUCTURE_ONLY,13,1,3,0.07692307692307693,0.25,-90.0,-6.923076923076923,-120.0,30,40,5,15,15,60
REJECT,STRUCTURE_ONLY,13,1,4,0.07692307692307693,0.25,-90.0,-6.923076923076923,-120.0,30,30,5,15,20,40
REJECT,STRUCTURE_ONLY,13,1,4,0.07692307692307693,0.25,-90.0,-6.923076923076923,-120.0,30,30,5,15,20,50
REJECT,STRUCTURE_ONLY,13,1,4,0.07692307692307693,0.20833333333333334,-95.0,-7.3076923076923075,-120.0,25,30,5,15,15,60
REJECT,STRUCTURE_ONLY,13,1,3,0.07692307692307693,0.20833333333333334,-95.0,-7.3076923076923075,-120.0,25,40,5,15,15,40
REJECT,STRUCTURE_ONLY,13,1,3,0.07692307692307693,0.20833333333333334,-95.0,-7.3076923076923075,-120.0,25,40,5,15,15,70
REJECT,STRUCTURE_ONLY,13,1,3,0.07692307692307693,0.20833333333333334,-95.0,-7.3076923076923075,-120.0,25,40,5,15,15,60
REJECT,STRUCTURE_ONLY,13,1,3,0.07692307692307693,0.20833333333333334,-95.0,-7.3076923076923075,-120.0,25,40,5,15,15,50
REJECT,STRUCTURE_ONLY,13,1,4,0.07692307692307693,0.20833333333333334,-95.0,-7.3076923076923075,-120.0,25,30,5,15,20,70
REJECT,STRUCTURE_ONLY,13,1,3,0.07692307692307693,0.20833333333333334,-95.0,-7.3076923076923075,-120.0,25,40,5,15,20,40
REJECT,STRUCTURE_ONLY,13,1,3,0.07692307692307693,0.20833333333333334,-95.0,-7.3076923076923075,-120.0,25,40,5,15,20,50
REJECT,STRUCTURE_ONLY,13,1,3,0.07692307692307693,0.20833333333333334,-95.0,-7.3076923076923075,-120.0,25,40,5,15,20,60
REJECT,STRUCTURE_ONLY,13,1,3,0.07692307692307693,0.20833333333333334,-95.0,-7.3076923076923075,-120.0,25,40,5,15,20,70
REJECT,STRUCTURE_ONLY,13,1,4,0.07692307692307693,0.20833333333333334,-95.0,-7.3076923076923075,-120.0,25,30,5,15,15,40
REJECT,STRUCTURE_ONLY,13,1,4,0.07692307692307693,0.20833333333333334,-95.0,-7.3076923076923075,-120.0,25,30,5,15,15,50
REJECT,STRUCTURE_ONLY,13,1,4,0.07692307692307693,0.20833333333333334,-95.0,-7.3076923076923075,-120.0,25,30,5,15,15,70
REJECT,STRUCTURE_ONLY,13,1,4,0.07692307692307693,0.20833333333333334,-95.0,-7.3076923076923075,-120.0,25,30,5,15,20,40
REJECT,STRUCTURE_ONLY,13,1,4,0.07692307692307693,0.20833333333333334,-95.0,-7.3076923076923075,-120.0,25,30,5,15,20,50
REJECT,STRUCTURE_ONLY,13,1,4,0.07692307692307693,0.20833333333333334,-95.0,-7.3076923076923075,-120.0,25,30,5,15,20,60
REJECT,MBP_CONFIRMED,1,0,0,0.0,999.0,0.0,0.0,0.0,30,40,5,5,12,70
REJECT,MBP_CONFIRMED,1,0,0,0.0,999.0,0.0,0.0,0.0,30,25,5,10,15,50
REJECT,MBP_CONFIRMED,1,0,0,0.0,999.0,0.0,0.0,0.0,30,40,5,10,15,50
REJECT,MBP_CONFIRMED,1,0,0,0.0,999.0,0.0,0.0,0.0,30,40,5,10,15,60
REJECT,MBP_CONFIRMED,1,0,0,0.0,999.0,0.0,0.0,0.0,30,40,5,10,15,70
REJECT,MBP_CONFIRMED,2,0,0,0.0,999.0,0.0,0.0,0.0,20,30,15,5,15,50
REJECT,MBP_CONFIRMED,1,0,0,0.0,999.0,0.0,0.0,0.0,30,40,5,10,20,40
REJECT,MBP_CONFIRMED,2,0,0,0.0,999.0,0.0,0.0,0.0,20,30,15,5,15,40
REJECT,MBP_CONFIRMED,1,0,0,0.0,999.0,0.0,0.0,0.0,30,40,5,10,20,50
REJECT,MBP_CONFIRMED,2,0,0,0.0,999.0,0.0,0.0,0.0,20,30,15,5,12,70
REJECT,MBP_CONFIRMED,1,0,0,0.0,999.0,0.0,0.0,0.0,30,40,5,10,20,60
REJECT,MBP_CONFIRMED,2,0,0,0.0,999.0,0.0,0.0,0.0,20,30,15,5,12,60
REJECT,MBP_CONFIRMED,1,0,0,0.0,999.0,0.0,0.0,0.0,30,40,5,10,20,70
REJECT,MBP_CONFIRMED,2,0,0,0.0,999.0,0.0,0.0,0.0,20,30,15,5,12,50
REJECT,MBP_CONFIRMED,2,0,0,0.0,999.0,0.0,0.0,0.0,20,30,15,5,12,40
REJECT,MBP_CONFIRMED,2,0,0,0.0,999.0,0.0,0.0,0.0,30,30,15,10,15,50
REJECT,MBP_CONFIRMED,1,0,0,0.0,999.0,0.0,0.0,0.0,30,40,5,10,12,70
REJECT,MBP_CONFIRMED,2,0,0,0.0,999.0,0.0,0.0,0.0,20,30,10,5,15,40
REJECT,MBP_CONFIRMED,1,0,0,0.0,999.0,0.0,0.0,0.0,30,40,5,10,12,60
REJECT,MBP_CONFIRMED,1,0,0,0.0,999.0,0.0,0.0,0.0,30,40,5,10,12,50
REJECT,MBP_CONFIRMED,1,0,0,0.0,999.0,0.0,0.0,0.0,30,40,5,10,12,40
REJECT,MBP_CONFIRMED,1,0,0,0.0,999.0,0.0,0.0,0.0,30,40,5,5,20,70
REJECT,MBP_CONFIRMED,2,0,0,0.0,999.0,0.0,0.0,0.0,20,30,15,5,15,60
REJECT,MBP_CONFIRMED,1,0,0,0.0,999.0,0.0,0.0,0.0,30,40,5,5,20,60
REJECT,MBP_CONFIRMED,2,0,0,0.0,999.0,0.0,0.0,0.0,20,30,15,5,15,70
REJECT,MBP_CONFIRMED,1,0,0,0.0,999.0,0.0,0.0,0.0,30,40,5,5,20,50
REJECT,MBP_CONFIRMED,1,0,0,0.0,999.0,0.0,0.0,0.0,30,40,5,5,20,40
REJECT,MBP_CONFIRMED,2,0,0,0.0,999.0,0.0,0.0,0.0,20,30,15,10,12,40
REJECT,MBP_CONFIRMED,1,0,0,0.0,999.0,0.0,0.0,0.0,30,40,5,5,15,70
REJECT,MBP_CONFIRMED,1,0,0,0.0,999.0,0.0,0.0,0.0,30,40,5,5,15,60
REJECT,MBP_CONFIRMED,2,0,0,0.0,999.0,0.0,0.0,0.0,20,30,15,10,12,50
REJECT,MBP_CONFIRMED,1,0,0,0.0,999.0,0.0,0.0,0.0,30,40,5,5,15,50
REJECT,MBP_CONFIRMED,1,0,0,0.0,999.0,0.0,0.0,0.0,30,40,5,5,15,40
REJECT,MBP_CONFIRMED,2,0,0,0.0,999.0,0.0,0.0,0.0,30,40,10,5,12,40
REJECT,MBP_CONFIRMED,2,0,0,0.0,999.0,0.0,0.0,0.0,20,30,15,10,12,60
REJECT,MBP_CONFIRMED,2,0,0,0.0,999.0,0.0,0.0,0.0,30,40,10,5,12,50
REJECT,MBP_CONFIRMED,1,0,0,0.0,999.0,0.0,0.0,0.0,25,30,5,5,20,40
REJECT,MBP_CONFIRMED,2,0,0,0.0,999.0,0.0,0.0,0.0,30,40,10,5,12,60
REJECT,MBP_CONFIRMED,1,0,0,0.0,999.0,0.0,0.0,0.0,30,40,5,5,12,60
REJECT,MBP_CONFIRMED,2,0,0,0.0,999.0,0.0,0.0,0.0,30,40,10,5,12,70
REJECT,MBP_CONFIRMED,1,0,0,0.0,999.0,0.0,0.0,0.0,30,40,5,5,12,50
REJECT,MBP_CONFIRMED,2,0,0,0.0,999.0,0.0,0.0,0.0,30,40,10,5,15,40
REJECT,MBP_CONFIRMED,1,0,0,0.0,999.0,0.0,0.0,0.0,30,40,5,5,12,40
REJECT,MBP_CONFIRMED,2,0,0,0.0,999.0,0.0,0.0,0.0,30,40,10,5,15,50
REJECT,MBP_CONFIRMED,2,0,0,0.0,999.0,0.0,0.0,0.0,20,30,15,10,12,70
REJECT,MBP_CONFIRMED,2,0,0,0.0,999.0,0.0,0.0,0.0,30,40,10,5,15,60
REJECT,MBP_CONFIRMED,1,0,0,0.0,999.0,0.0,0.0,0.0,20,40,5,5,12,50
REJECT,MBP_CONFIRMED,2,0,0,0.0,999.0,0.0,0.0,0.0,30,40,10,5,15,70
REJECT,MBP_CONFIRMED,1,0,0,0.0,999.0,0.0,0.0,0.0,20,40,5,5,12,60
REJECT,MBP_CONFIRMED,1,0,0,0.0,999.0,0.0,0.0,0.0,20,40,5,5,12,70
REJECT,MBP_CONFIRMED,2,0,0,0.0,999.0,0.0,0.0,0.0,20,30,10,10,12,70
REJECT,MBP_CONFIRMED,1,0,0,0.0,999.0,0.0,0.0,0.0,20,40,5,5,15,40
REJECT,MBP_CONFIRMED,2,0,0,0.0,999.0,0.0,0.0,0.0,20,30,10,10,12,60
REJECT,MBP_CONFIRMED,1,0,0,0.0,999.0,0.0,0.0,0.0,20,40,5,5,15,50
REJECT,MBP_CONFIRMED,2,0,0,0.0,999.0,0.0,0.0,0.0,20,30,10,10,12,50
REJECT,MBP_CONFIRMED,2,0,0,0.0,999.0,0.0,0.0,0.0,30,30,15,10,20,70
REJECT,MBP_CONFIRMED,1,0,0,0.0,999.0,0.0,0.0,0.0,20,40,5,5,15,60
REJECT,MBP_CONFIRMED,2,0,0,0.0,999.0,0.0,0.0,0.0,30,40,10,10,12,40
REJECT,MBP_CONFIRMED,2,0,0,0.0,999.0,0.0,0.0,0.0,30,30,15,10,20,60
REJECT,MBP_CONFIRMED,2,0,0,0.0,999.0,0.0,0.0,0.0,30,40,10,10,12,50
REJECT,MBP_CONFIRMED,1,0,0,0.0,999.0,0.0,0.0,0.0,20,40,5,5,15,70
REJECT,MBP_CONFIRMED,2,0,0,0.0,999.0,0.0,0.0,0.0,30,40,10,10,12,60
REJECT,MBP_CONFIRMED,2,0,0,0.0,999.0,0.0,0.0,0.0,30,30,15,10,20,50
REJECT,MBP_CONFIRMED,2,0,0,0.0,999.0,0.0,0.0,0.0,30,40,10,10,12,70
REJECT,MBP_CONFIRMED,1,0,0,0.0,999.0,0.0,0.0,0.0,20,40,5,5,20,40
REJECT,MBP_CONFIRMED,2,0,0,0.0,999.0,0.0,0.0,0.0,30,40,10,10,15,40
REJECT,MBP_CONFIRMED,2,0,0,0.0,999.0,0.0,0.0,0.0,30,30,15,10,20,40
REJECT,MBP_CONFIRMED,2,0,0,0.0,999.0,0.0,0.0,0.0,30,40,10,10,15,50
REJECT,MBP_CONFIRMED,1,0,0,0.0,999.0,0.0,0.0,0.0,20,40,5,5,20,50
REJECT,MBP_CONFIRMED,2,0,0,0.0,999.0,0.0,0.0,0.0,30,40,10,10,15,60
REJECT,MBP_CONFIRMED,2,0,0,0.0,999.0,0.0,0.0,0.0,30,30,15,10,15,70
REJECT,MBP_CONFIRMED,2,0,0,0.0,999.0,0.0,0.0,0.0,30,40,10,10,15,70
REJECT,MBP_CONFIRMED,2,0,0,0.0,999.0,0.0,0.0,0.0,20,30,10,10,12,40
REJECT,MBP_CONFIRMED,2,0,0,0.0,999.0,0.0,0.0,0.0,30,40,10,10,20,40
REJECT,MBP_CONFIRMED,2,0,0,0.0,999.0,0.0,0.0,0.0,30,30,15,10,15,60
REJECT,MBP_CONFIRMED,2,0,0,0.0,999.0,0.0,0.0,0.0,30,40,10,10,20,50
REJECT,MBP_CONFIRMED,2,0,0,0.0,999.0,0.0,0.0,0.0,20,30,10,5,15,70
REJECT,MBP_CONFIRMED,2,0,0,0.0,999.0,0.0,0.0,0.0,30,40,10,10,20,60
REJECT,MBP_CONFIRMED,2,0,0,0.0,999.0,0.0,0.0,0.0,20,30,10,5,15,60
REJECT,MBP_CONFIRMED,2,0,0,0.0,999.0,0.0,0.0,0.0,30,40,10,10,20,70
REJECT,MBP_CONFIRMED,2,0,0,0.0,999.0,0.0,0.0,0.0,30,30,10,10,12,60
REJECT,MBP_CONFIRMED,2,0,0,0.0,999.0,0.0,0.0,0.0,20,30,10,5,15,50
REJECT,MBP_CONFIRMED,2,0,0,0.0,999.0,0.0,0.0,0.0,30,30,15,10,15,40
REJECT,MBP_CONFIRMED,1,0,0,0.0,999.0,0.0,0.0,0.0,20,30,5,10,15,60
REJECT,MBP_CONFIRMED,2,0,0,0.0,999.0,0.0,0.0,0.0,30,30,15,10,12,70
REJECT,MBP_CONFIRMED,2,0,0,0.0,999.0,0.0,0.0,0.0,20,30,10,5,12,70
REJECT,MBP_CONFIRMED,2,0,0,0.0,999.0,0.0,0.0,0.0,30,30,15,10,12,60
REJECT,MBP_CONFIRMED,2,0,0,0.0,999.0,0.0,0.0,0.0,20,30,10,5,12,60
REJECT,MBP_CONFIRMED,2,0,0,0.0,999.0,0.0,0.0,0.0,30,30,15,10,12,50
REJECT,MBP_CONFIRMED,2,0,0,0.0,999.0,0.0,0.0,0.0,20,30,10,5,12,50
REJECT,MBP_CONFIRMED,2,0,0,0.0,999.0,0.0,0.0,0.0,30,30,15,10,12,40
REJECT,MBP_CONFIRMED,2,0,0,0.0,999.0,0.0,0.0,0.0,20,30,10,5,12,40
REJECT,MBP_CONFIRMED,1,0,0,0.0,999.0,0.0,0.0,0.0,20,40,5,5,20,60
REJECT,MBP_CONFIRMED,1,0,0,0.0,999.0,0.0,0.0,0.0,20,40,5,5,20,70
REJECT,MBP_CONFIRMED,1,0,0,0.0,999.0,0.0,0.0,0.0,20,40,5,10,12,40
REJECT,MBP_CONFIRMED,1,0,0,0.0,999.0,0.0,0.0,0.0,20,40,5,10,12,50
REJECT,MBP_CONFIRMED,1,0,0,0.0,999.0,0.0,0.0,0.0,20,40,5,10,12,60
REJECT,MBP_CONFIRMED,2,0,0,0.0,999.0,0.0,0.0,0.0,30,30,15,5,15,70
REJECT,MBP_CONFIRMED,2,0,0,0.0,999.0,0.0,0.0,0.0,30,30,15,5,15,60
REJECT,MBP_CONFIRMED,1,0,0,0.0,999.0,0.0,0.0,0.0,20,40,5,10,12,70
REJECT,MBP_CONFIRMED,2,0,0,0.0,999.0,0.0,0.0,0.0,30,30,15,5,15,50
REJECT,MBP_CONFIRMED,2,0,0,0.0,999.0,0.0,0.0,0.0,30,30,15,5,15,40
REJECT,MBP_CONFIRMED,1,0,0,0.0,999.0,0.0,0.0,0.0,20,40,5,5,12,40
REJECT,MBP_CONFIRMED,2,0,0,0.0,999.0,0.0,0.0,0.0,30,30,15,5,12,70
REJECT,MBP_CONFIRMED,2,0,0,0.0,999.0,0.0,0.0,0.0,30,30,15,5,12,60
REJECT,MBP_CONFIRMED,2,0,0,0.0,999.0,0.0,0.0,0.0,30,40,15,5,12,40
REJECT,MBP_CONFIRMED,2,0,0,0.0,999.0,0.0,0.0,0.0,30,30,15,5,12,50
REJECT,MBP_CONFIRMED,2,0,0,0.0,999.0,0.0,0.0,0.0,30,40,15,5,12,50
REJECT,MBP_CONFIRMED,2,0,0,0.0,999.0,0.0,0.0,0.0,30,30,15,5,12,40
REJECT,MBP_CONFIRMED,2,0,0,0.0,999.0,0.0,0.0,0.0,30,40,15,5,12,60
REJECT,MBP_CONFIRMED,1,0,0,0.0,999.0,0.0,0.0,0.0,20,40,5,10,15,50
REJECT,MBP_CONFIRMED,2,0,0,0.0,999.0,0.0,0.0,0.0,30,40,15,5,12,70
REJECT,MBP_CONFIRMED,1,0,0,0.0,999.0,0.0,0.0,0.0,20,40,5,10,15,60
REJECT,MBP_CONFIRMED,2,0,0,0.0,999.0,0.0,0.0,0.0,30,40,15,5,15,40
REJECT,MBP_CONFIRMED,1,0,0,0.0,999.0,0.0,0.0,0.0,20,40,5,10,15,70
REJECT,MBP_CONFIRMED,2,0,0,0.0,999.0,0.0,0.0,0.0,30,40,15,5,15,50
REJECT,MBP_CONFIRMED,1,0,0,0.0,999.0,0.0,0.0,0.0,20,40,5,10,20,40
REJECT,MBP_CONFIRMED,2,0,0,0.0,999.0,0.0,0.0,0.0,30,40,15,5,15,60
REJECT,MBP_CONFIRMED,1,0,0,0.0,999.0,0.0,0.0,0.0,20,40,5,10,20,50
REJECT,MBP_CONFIRMED,2,0,0,0.0,999.0,0.0,0.0,0.0,30,40,15,5,15,70
REJECT,MBP_CONFIRMED,1,0,0,0.0,999.0,0.0,0.0,0.0,20,40,5,10,20,60
REJECT,MBP_CONFIRMED,1,0,0,0.0,999.0,0.0,0.0,0.0,20,40,5,10,20,70
REJECT,MBP_CONFIRMED,1,0,0,0.0,999.0,0.0,0.0,0.0,20,30,5,10,20,70
REJECT,MBP_CONFIRMED,1,0,0,0.0,999.0,0.0,0.0,0.0,20,30,5,10,20,60
REJECT,MBP_CONFIRMED,1,0,0,0.0,999.0,0.0,0.0,0.0,20,30,5,10,20,50
REJECT,MBP_CONFIRMED,1,0,0,0.0,999.0,0.0,0.0,0.0,20,30,5,10,20,40
REJECT,MBP_CONFIRMED,1,0,0,0.0,999.0,0.0,0.0,0.0,20,30,5,10,15,70
REJECT,MBP_CONFIRMED,2,0,0,0.0,999.0,0.0,0.0,0.0,30,30,10,10,20,70
REJECT,MBP_CONFIRMED,2,0,0,0.0,999.0,0.0,0.0,0.0,30,30,10,10,20,60
REJECT,MBP_CONFIRMED,2,0,0,0.0,999.0,0.0,0.0,0.0,30,40,15,10,12,40
REJECT,MBP_CONFIRMED,2,0,0,0.0,999.0,0.0,0.0,0.0,30,30,10,10,20,50
REJECT,MBP_CONFIRMED,2,0,0,0.0,999.0,0.0,0.0,0.0,30,40,15,10,12,50
REJECT,MBP_CONFIRMED,2,0,0,0.0,999.0,0.0,0.0,0.0,30,30,10,10,20,40
REJECT,MBP_CONFIRMED,2,0,0,0.0,999.0,0.0,0.0,0.0,30,40,15,10,12,60
REJECT,MBP_CONFIRMED,2,0,0,0.0,999.0,0.0,0.0,0.0,30,30,10,10,15,70
REJECT,MBP_CONFIRMED,2,0,0,0.0,999.0,0.0,0.0,0.0,30,40,15,10,12,70
REJECT,MBP_CONFIRMED,2,0,0,0.0,999.0,0.0,0.0,0.0,30,30,10,10,15,60
REJECT,MBP_CONFIRMED,2,0,0,0.0,999.0,0.0,0.0,0.0,30,40,15,10,15,40
REJECT,MBP_CONFIRMED,2,0,0,0.0,999.0,0.0,0.0,0.0,30,30,10,10,15,50
REJECT,MBP_CONFIRMED,2,0,0,0.0,999.0,0.0,0.0,0.0,30,40,15,10,15,50
REJECT,MBP_CONFIRMED,2,0,0,0.0,999.0,0.0,0.0,0.0,30,30,10,10,15,40
REJECT,MBP_CONFIRMED,2,0,0,0.0,999.0,0.0,0.0,0.0,30,40,15,10,15,60
REJECT,MBP_CONFIRMED,2,0,0,0.0,999.0,0.0,0.0,0.0,30,30,10,10,12,70
REJECT,MBP_CONFIRMED,2,0,0,0.0,999.0,0.0,0.0,0.0,30,40,15,10,15,70
REJECT,MBP_CONFIRMED,2,0,0,0.0,999.0,0.0,0.0,0.0,20,40,10,10,12,70
REJECT,MBP_CONFIRMED,2,0,0,0.0,999.0,0.0,0.0,0.0,30,40,15,10,20,40
REJECT,MBP_CONFIRMED,2,0,0,0.0,999.0,0.0,0.0,0.0,30,30,10,10,12,50
REJECT,MBP_CONFIRMED,2,0,0,0.0,999.0,0.0,0.0,0.0,30,40,15,10,20,50
REJECT,MBP_CONFIRMED,1,0,0,0.0,999.0,0.0,0.0,0.0,20,30,5,10,15,50
REJECT,MBP_CONFIRMED,2,0,0,0.0,999.0,0.0,0.0,0.0,30,40,15,10,20,60
REJECT,MBP_CONFIRMED,2,0,0,0.0,999.0,0.0,0.0,0.0,30,30,10,10,12,40
REJECT,MBP_CONFIRMED,2,0,0,0.0,999.0,0.0,0.0,0.0,30,40,15,10,20,70
REJECT,MBP_CONFIRMED,2,0,0,0.0,999.0,0.0,0.0,0.0,20,40,10,5,12,40
REJECT,MBP_CONFIRMED,1,0,0,0.0,999.0,0.0,0.0,0.0,20,30,5,10,15,40
REJECT,MBP_CONFIRMED,2,0,0,0.0,999.0,0.0,0.0,0.0,20,40,10,5,12,50
REJECT,MBP_CONFIRMED,2,0,0,0.0,999.0,0.0,0.0,0.0,30,30,10,5,15,70
REJECT,MBP_CONFIRMED,2,0,0,0.0,999.0,0.0,0.0,0.0,20,40,10,5,12,60
REJECT,MBP_CONFIRMED,1,0,0,0.0,999.0,0.0,0.0,0.0,20,30,5,10,12,70
REJECT,MBP_CONFIRMED,2,0,0,0.0,999.0,0.0,0.0,0.0,30,30,10,5,15,60
REJECT,MBP_CONFIRMED,2,0,0,0.0,999.0,0.0,0.0,0.0,20,40,10,5,12,70
REJECT,MBP_CONFIRMED,2,0,0,0.0,999.0,0.0,0.0,0.0,30,30,10,5,15,50
REJECT,MBP_CONFIRMED,1,0,0,0.0,999.0,0.0,0.0,0.0,20,30,5,10,12,60
REJECT,MBP_CONFIRMED,2,0,0,0.0,999.0,0.0,0.0,0.0,20,40,10,5,15,40
REJECT,MBP_CONFIRMED,2,0,0,0.0,999.0,0.0,0.0,0.0,30,30,10,5,15,40
REJECT,MBP_CONFIRMED,2,0,0,0.0,999.0,0.0,0.0,0.0,20,40,10,5,15,50
REJECT,MBP_CONFIRMED,1,0,0,0.0,999.0,0.0,0.0,0.0,20,30,5,10,12,50
REJECT,MBP_CONFIRMED,2,0,0,0.0,999.0,0.0,0.0,0.0,30,30,10,5,12,70
REJECT,MBP_CONFIRMED,2,0,0,0.0,999.0,0.0,0.0,0.0,30,30,10,5,12,60
REJECT,MBP_CONFIRMED,2,0,0,0.0,999.0,0.0,0.0,0.0,30,30,10,5,12,50
REJECT,MBP_CONFIRMED,1,0,0,0.0,999.0,0.0,0.0,0.0,20,30,5,10,12,40
REJECT,MBP_CONFIRMED,2,0,0,0.0,999.0,0.0,0.0,0.0,30,30,10,5,12,40
REJECT,MBP_CONFIRMED,2,0,0,0.0,999.0,0.0,0.0,0.0,20,40,10,5,15,60
REJECT,MBP_CONFIRMED,2,0,0,0.0,999.0,0.0,0.0,0.0,20,40,10,5,15,70
REJECT,MBP_CONFIRMED,1,0,0,0.0,999.0,0.0,0.0,0.0,20,30,5,5,20,70
REJECT,MBP_CONFIRMED,2,0,0,0.0,999.0,0.0,0.0,0.0,20,40,10,10,12,40
REJECT,MBP_CONFIRMED,1,0,0,0.0,999.0,0.0,0.0,0.0,20,30,5,5,20,60
REJECT,MBP_CONFIRMED,1,0,0,0.0,999.0,0.0,0.0,0.0,20,30,5,5,20,50
REJECT,MBP_CONFIRMED,1,0,0,0.0,999.0,0.0,0.0,0.0,40,20,5,5,12,40
REJECT,MBP_CONFIRMED,2,0,0,0.0,999.0,0.0,0.0,0.0,20,40,10,10,12,50
REJECT,MBP_CONFIRMED,1,0,0,0.0,999.0,0.0,0.0,0.0,40,20,5,5,12,50
REJECT,MBP_CONFIRMED,2,0,0,0.0,999.0,0.0,0.0,0.0,20,40,10,10,12,60
REJECT,MBP_CONFIRMED,1,0,0,0.0,999.0,0.0,0.0,0.0,40,20,5,5,12,60
REJECT,MBP_CONFIRMED,2,0,0,0.0,999.0,0.0,0.0,0.0,30,25,15,10,12,40
REJECT,MBP_CONFIRMED,1,0,0,0.0,999.0,0.0,0.0,0.0,40,20,5,5,12,70
REJECT,MBP_CONFIRMED,1,0,0,0.0,999.0,0.0,0.0,0.0,30,30,5,10,20,70
REJECT,MBP_CONFIRMED,1,0,0,0.0,999.0,0.0,0.0,0.0,40,20,5,5,15,40
REJECT,MBP_CONFIRMED,1,0,0,0.0,999.0,0.0,0.0,0.0,30,30,5,10,20,60
REJECT,MBP_CONFIRMED,1,0,0,0.0,999.0,0.0,0.0,0.0,40,20,5,5,15,50
REJECT,MBP_CONFIRMED,1,0,0,0.0,999.0,0.0,0.0,0.0,30,30,5,10,20,50
REJECT,MBP_CONFIRMED,1,0,0,0.0,999.0,0.0,0.0,0.0,40,20,5,5,15,60
REJECT,MBP_CONFIRMED,1,0,0,0.0,999.0,0.0,0.0,0.0,30,30,5,10,20,40
REJECT,MBP_CONFIRMED,1,0,0,0.0,999.0,0.0,0.0,0.0,40,20,5,5,15,70
REJECT,MBP_CONFIRMED,1,0,0,0.0,999.0,0.0,0.0,0.0,20,40,5,10,15,40
REJECT,MBP_CONFIRMED,1,0,0,0.0,999.0,0.0,0.0,0.0,40,20,5,5,20,40
REJECT,MBP_CONFIRMED,1,0,0,0.0,999.0,0.0,0.0,0.0,30,30,5,10,15,70
REJECT,MBP_CONFIRMED,1,0,0,0.0,999.0,0.0,0.0,0.0,40,20,5,5,20,50
REJECT,MBP_CONFIRMED,1,0,0,0.0,999.0,0.0,0.0,0.0,30,30,5,10,15,60
REJECT,MBP_CONFIRMED,1,0,0,0.0,999.0,0.0,0.0,0.0,40,20,5,5,20,60
REJECT,MBP_CONFIRMED,1,0,0,0.0,999.0,0.0,0.0,0.0,30,30,5,10,15,50
REJECT,MBP_CONFIRMED,1,0,0,0.0,999.0,0.0,0.0,0.0,40,20,5,5,20,70
REJECT,MBP_CONFIRMED,1,0,0,0.0,999.0,0.0,0.0,0.0,30,30,5,10,15,40
REJECT,MBP_CONFIRMED,1,0,0,0.0,999.0,0.0,0.0,0.0,40,20,5,10,12,40
REJECT,MBP_CONFIRMED,1,0,0,0.0,999.0,0.0,0.0,0.0,30,30,5,10,12,70
REJECT,MBP_CONFIRMED,1,0,0,0.0,999.0,0.0,0.0,0.0,40,20,5,10,12,50
REJECT,MBP_CONFIRMED,1,0,0,0.0,999.0,0.0,0.0,0.0,30,30,5,10,12,60
REJECT,MBP_CONFIRMED,1,0,0,0.0,999.0,0.0,0.0,0.0,40,20,5,10,12,60
REJECT,MBP_CONFIRMED,1,0,0,0.0,999.0,0.0,0.0,0.0,30,30,5,10,12,50
REJECT,MBP_CONFIRMED,1,0,0,0.0,999.0,0.0,0.0,0.0,40,20,5,10,12,70
REJECT,MBP_CONFIRMED,1,0,0,0.0,999.0,0.0,0.0,0.0,30,30,5,10,12,40
REJECT,MBP_CONFIRMED,1,0,0,0.0,999.0,0.0,0.0,0.0,40,20,5,10,15,40
REJECT,MBP_CONFIRMED,1,0,0,0.0,999.0,0.0,0.0,0.0,30,30,5,5,20,70
REJECT,MBP_CONFIRMED,1,0,0,0.0,999.0,0.0,0.0,0.0,40,20,5,10,15,50
REJECT,MBP_CONFIRMED,1,0,0,0.0,999.0,0.0,0.0,0.0,30,30,5,5,20,60
REJECT,MBP_CONFIRMED,1,0,0,0.0,999.0,0.0,0.0,0.0,40,20,5,10,15,60
REJECT,MBP_CONFIRMED,1,0,0,0.0,999.0,0.0,0.0,0.0,30,30,5,5,20,50
REJECT,MBP_CONFIRMED,1,0,0,0.0,999.0,0.0,0.0,0.0,40,20,5,10,15,70
REJECT,MBP_CONFIRMED,1,0,0,0.0,999.0,0.0,0.0,0.0,30,30,5,5,20,40
REJECT,MBP_CONFIRMED,1,0,0,0.0,999.0,0.0,0.0,0.0,40,20,5,10,20,40
REJECT,MBP_CONFIRMED,1,0,0,0.0,999.0,0.0,0.0,0.0,30,30,5,5,15,70
REJECT,MBP_CONFIRMED,1,0,0,0.0,999.0,0.0,0.0,0.0,40,20,5,10,20,50
REJECT,MBP_CONFIRMED,1,0,0,0.0,999.0,0.0,0.0,0.0,30,30,5,5,15,60
REJECT,MBP_CONFIRMED,1,0,0,0.0,999.0,0.0,0.0,0.0,40,20,5,10,20,60
REJECT,MBP_CONFIRMED,1,0,0,0.0,999.0,0.0,0.0,0.0,30,30,5,5,15,50
REJECT,MBP_CONFIRMED,1,0,0,0.0,999.0,0.0,0.0,0.0,40,20,5,10,20,70
REJECT,MBP_CONFIRMED,1,0,0,0.0,999.0,0.0,0.0,0.0,30,30,5,5,15,40
REJECT,MBP_CONFIRMED,1,0,0,0.0,999.0,0.0,0.0,0.0,20,30,5,5,20,40
REJECT,MBP_CONFIRMED,1,0,0,0.0,999.0,0.0,0.0,0.0,30,30,5,5,12,70
REJECT,MBP_CONFIRMED,1,0,0,0.0,999.0,0.0,0.0,0.0,20,30,5,5,15,70
REJECT,MBP_CONFIRMED,1,0,0,0.0,999.0,0.0,0.0,0.0,30,30,5,5,12,60
REJECT,MBP_CONFIRMED,1,0,0,0.0,999.0,0.0,0.0,0.0,20,30,5,5,15,60
REJECT,MBP_CONFIRMED,1,0,0,0.0,999.0,0.0,0.0,0.0,30,30,5,5,12,50
REJECT,MBP_CONFIRMED,1,0,0,0.0,999.0,0.0,0.0,0.0,20,30,5,5,15,50
REJECT,MBP_CONFIRMED,1,0,0,0.0,999.0,0.0,0.0,0.0,30,30,5,5,12,40
REJECT,MBP_CONFIRMED,1,0,0,0.0,999.0,0.0,0.0,0.0,20,30,5,5,15,40
REJECT,MBP_CONFIRMED,2,0,0,0.0,999.0,0.0,0.0,0.0,20,40,15,5,12,40
REJECT,MBP_CONFIRMED,1,0,0,0.0,999.0,0.0,0.0,0.0,20,30,5,5,12,70
REJECT,MBP_CONFIRMED,2,0,0,0.0,999.0,0.0,0.0,0.0,20,40,15,5,12,50
REJECT,MBP_CONFIRMED,1,0,0,0.0,999.0,0.0,0.0,0.0,20,30,5,5,12,60
REJECT,MBP_CONFIRMED,2,0,0,0.0,999.0,0.0,0.0,0.0,20,40,15,5,12,60
REJECT,MBP_CONFIRMED,1,0,0,0.0,999.0,0.0,0.0,0.0,20,30,5,5,12,50
REJECT,MBP_CONFIRMED,2,0,0,0.0,999.0,0.0,0.0,0.0,20,40,15,5,12,70
REJECT,MBP_CONFIRMED,1,0,0,0.0,999.0,0.0,0.0,0.0,20,30,5,5,12,40
REJECT,MBP_CONFIRMED,2,0,0,0.0,999.0,0.0,0.0,0.0,20,40,15,5,15,40
REJECT,MBP_CONFIRMED,2,0,0,0.0,999.0,0.0,0.0,0.0,20,40,15,5,15,50
REJECT,MBP_CONFIRMED,2,0,0,0.0,999.0,0.0,0.0,0.0,20,40,15,5,15,60
REJECT,MBP_CONFIRMED,2,0,0,0.0,999.0,0.0,0.0,0.0,20,40,15,5,15,70
REJECT,MBP_CONFIRMED,2,0,0,0.0,999.0,0.0,0.0,0.0,20,40,15,10,12,40
REJECT,MBP_CONFIRMED,2,0,0,0.0,999.0,0.0,0.0,0.0,30,25,15,10,20,70
REJECT,MBP_CONFIRMED,2,0,0,0.0,999.0,0.0,0.0,0.0,30,25,15,10,20,60
REJECT,MBP_CONFIRMED,1,0,0,0.0,999.0,0.0,0.0,0.0,20,20,5,5,12,50
REJECT,MBP_CONFIRMED,2,0,0,0.0,999.0,0.0,0.0,0.0,20,40,15,10,12,50
REJECT,MBP_CONFIRMED,1,0,0,0.0,999.0,0.0,0.0,0.0,25,30,5,5,12,50
REJECT,MBP_CONFIRMED,2,0,0,0.0,999.0,0.0,0.0,0.0,30,25,15,10,20,50
REJECT,MBP_CONFIRMED,1,0,0,0.0,999.0,0.0,0.0,0.0,20,20,5,5,12,60
REJECT,MBP_CONFIRMED,2,0,0,0.0,999.0,0.0,0.0,0.0,30,25,15,10,20,40
REJECT,MBP_CONFIRMED,1,0,0,0.0,999.0,0.0,0.0,0.0,25,30,5,5,20,60
REJECT,MBP_CONFIRMED,2,0,0,0.0,999.0,0.0,0.0,0.0,20,40,15,10,12,60
REJECT,MBP_CONFIRMED,1,0,0,0.0,999.0,0.0,0.0,0.0,20,20,5,5,12,70
REJECT,MBP_CONFIRMED,2,0,0,0.0,999.0,0.0,0.0,0.0,30,25,15,10,15,70
REJECT,MBP_CONFIRMED,1,0,0,0.0,999.0,0.0,0.0,0.0,30,40,5,10,15,40
REJECT,MBP_CONFIRMED,2,0,0,0.0,999.0,0.0,0.0,0.0,30,25,15,10,15,60
REJECT,MBP_CONFIRMED,1,0,0,0.0,999.0,0.0,0.0,0.0,25,30,5,5,20,70
REJECT,MBP_CONFIRMED,2,0,0,0.0,999.0,0.0,0.0,0.0,30,25,15,10,15,50
REJECT,MBP_CONFIRMED,1,0,0,0.0,999.0,0.0,0.0,0.0,20,20,5,5,15,40
REJECT,MBP_CONFIRMED,2,0,0,0.0,999.0,0.0,0.0,0.0,30,25,15,10,15,40
REJECT,MBP_CONFIRMED,1,0,0,0.0,999.0,0.0,0.0,0.0,25,30,5,10,12,40
REJECT,MBP_CONFIRMED,2,0,0,0.0,999.0,0.0,0.0,0.0,30,25,15,10,12,70
REJECT,MBP_CONFIRMED,1,0,0,0.0,999.0,0.0,0.0,0.0,20,20,5,5,15,50
REJECT,MBP_CONFIRMED,2,0,0,0.0,999.0,0.0,0.0,0.0,30,25,15,10,12,60
REJECT,MBP_CONFIRMED,1,0,0,0.0,999.0,0.0,0.0,0.0,25,30,5,10,12,50
REJECT,MBP_CONFIRMED,2,0,0,0.0,999.0,0.0,0.0,0.0,30,25,15,10,12,50
REJECT,MBP_CONFIRMED,1,0,0,0.0,999.0,0.0,0.0,0.0,20,20,5,5,15,60
REJECT,MBP_CONFIRMED,1,0,0,0.0,999.0,0.0,0.0,0.0,25,20,5,5,15,40
REJECT,MBP_CONFIRMED,2,0,0,0.0,999.0,0.0,0.0,0.0,40,20,10,10,12,40
REJECT,MBP_CONFIRMED,1,0,0,0.0,999.0,0.0,0.0,0.0,25,30,5,10,12,60
REJECT,MBP_CONFIRMED,2,0,0,0.0,999.0,0.0,0.0,0.0,40,20,10,10,12,50
REJECT,MBP_CONFIRMED,1,0,0,0.0,999.0,0.0,0.0,0.0,20,20,5,5,15,70
REJECT,MBP_CONFIRMED,2,0,0,0.0,999.0,0.0,0.0,0.0,40,20,10,10,12,60
REJECT,MBP_CONFIRMED,2,0,0,0.0,999.0,0.0,0.0,0.0,20,40,15,10,12,70
REJECT,MBP_CONFIRMED,2,0,0,0.0,999.0,0.0,0.0,0.0,40,20,10,10,12,70
REJECT,MBP_CONFIRMED,1,0,0,0.0,999.0,0.0,0.0,0.0,25,30,5,10,12,70
REJECT,MBP_CONFIRMED,1,0,0,0.0,999.0,0.0,0.0,0.0,20,20,5,5,20,40
REJECT,MBP_CONFIRMED,1,0,0,0.0,999.0,0.0,0.0,0.0,25,30,5,10,15,40
REJECT,MBP_CONFIRMED,1,0,0,0.0,999.0,0.0,0.0,0.0,20,20,5,5,20,50
REJECT,MBP_CONFIRMED,1,0,0,0.0,999.0,0.0,0.0,0.0,25,30,5,10,15,50
REJECT,MBP_CONFIRMED,1,0,0,0.0,999.0,0.0,0.0,0.0,20,20,5,5,20,60
REJECT,MBP_CONFIRMED,1,0,0,0.0,999.0,0.0,0.0,0.0,25,30,5,10,15,60
REJECT,MBP_CONFIRMED,1,0,0,0.0,999.0,0.0,0.0,0.0,20,20,5,5,20,70
REJECT,MBP_CONFIRMED,1,0,0,0.0,999.0,0.0,0.0,0.0,25,30,5,10,15,70
REJECT,MBP_CONFIRMED,1,0,0,0.0,999.0,0.0,0.0,0.0,25,30,5,5,12,60
REJECT,MBP_CONFIRMED,1,0,0,0.0,999.0,0.0,0.0,0.0,25,20,5,5,12,40
REJECT,MBP_CONFIRMED,1,0,0,0.0,999.0,0.0,0.0,0.0,25,30,5,10,20,40
REJECT,MBP_CONFIRMED,2,0,0,0.0,999.0,0.0,0.0,0.0,40,40,15,10,20,70
REJECT,MBP_CONFIRMED,1,0,0,0.0,999.0,0.0,0.0,0.0,25,30,5,10,20,50
REJECT,MBP_CONFIRMED,1,0,0,0.0,999.0,0.0,0.0,0.0,25,20,5,5,12,50
REJECT,MBP_CONFIRMED,2,0,0,0.0,999.0,0.0,0.0,0.0,40,40,15,10,20,60
REJECT,MBP_CONFIRMED,1,0,0,0.0,999.0,0.0,0.0,0.0,25,30,5,5,12,70
REJECT,MBP_CONFIRMED,2,0,0,0.0,999.0,0.0,0.0,0.0,20,25,15,10,12,40
REJECT,MBP_CONFIRMED,2,0,0,0.0,999.0,0.0,0.0,0.0,40,40,15,10,20,50
REJECT,MBP_CONFIRMED,2,0,0,0.0,999.0,0.0,0.0,0.0,20,25,15,10,12,70
REJECT,MBP_CONFIRMED,1,0,0,0.0,999.0,0.0,0.0,0.0,25,30,5,10,20,60
REJECT,MBP_CONFIRMED,2,0,0,0.0,999.0,0.0,0.0,0.0,40,40,15,10,20,40
REJECT,MBP_CONFIRMED,1,0,0,0.0,999.0,0.0,0.0,0.0,25,20,5,5,12,60
REJECT,MBP_CONFIRMED,2,0,0,0.0,999.0,0.0,0.0,0.0,20,25,15,10,12,60
REJECT,MBP_CONFIRMED,1,0,0,0.0,999.0,0.0,0.0,0.0,25,20,5,5,12,70
REJECT,MBP_CONFIRMED,1,0,0,0.0,999.0,0.0,0.0,0.0,30,25,5,10,12,40
REJECT,MBP_CONFIRMED,1,0,0,0.0,999.0,0.0,0.0,0.0,25,20,5,5,15,50
REJECT,MBP_CONFIRMED,2,0,0,0.0,999.0,0.0,0.0,0.0,20,25,15,10,12,50
REJECT,MBP_CONFIRMED,1,0,0,0.0,999.0,0.0,0.0,0.0,25,20,5,5,15,60
REJECT,MBP_CONFIRMED,1,0,0,0.0,999.0,0.0,0.0,0.0,25,20,5,5,15,70
REJECT,MBP_CONFIRMED,1,0,0,0.0,999.0,0.0,0.0,0.0,25,20,5,5,20,40
REJECT,MBP_CONFIRMED,1,0,0,0.0,999.0,0.0,0.0,0.0,25,20,5,5,20,50
REJECT,MBP_CONFIRMED,1,0,0,0.0,999.0,0.0,0.0,0.0,25,20,5,5,20,60
REJECT,MBP_CONFIRMED,1,0,0,0.0,999.0,0.0,0.0,0.0,25,20,5,5,20,70
REJECT,MBP_CONFIRMED,1,0,0,0.0,999.0,0.0,0.0,0.0,25,20,5,10,12,40
REJECT,MBP_CONFIRMED,1,0,0,0.0,999.0,0.0,0.0,0.0,25,30,5,10,20,70
REJECT,MBP_CONFIRMED,2,0,0,0.0,999.0,0.0,0.0,0.0,30,25,10,10,20,70
REJECT,MBP_CONFIRMED,2,0,0,0.0,999.0,0.0,0.0,0.0,40,40,15,10,15,70
REJECT,MBP_CONFIRMED,2,0,0,0.0,999.0,0.0,0.0,0.0,30,25,10,10,20,60
REJECT,MBP_CONFIRMED,1,0,0,0.0,999.0,0.0,0.0,0.0,25,30,5,5,15,40
REJECT,MBP_CONFIRMED,1,0,0,0.0,999.0,0.0,0.0,0.0,25,20,5,10,12,50
REJECT,MBP_CONFIRMED,2,0,0,0.0,999.0,0.0,0.0,0.0,40,40,15,10,15,60
REJECT,MBP_CONFIRMED,2,0,0,0.0,999.0,0.0,0.0,0.0,30,25,10,10,20,50
REJECT,MBP_CONFIRMED,1,0,0,0.0,999.0,0.0,0.0,0.0,25,30,5,5,15,50
REJECT,MBP_CONFIRMED,2,0,0,0.0,999.0,0.0,0.0,0.0,30,25,10,10,20,40
REJECT,MBP_CONFIRMED,2,0,0,0.0,999.0,0.0,0.0,0.0,40,40,15,10,15,50
REJECT,MBP_CONFIRMED,2,0,0,0.0,999.0,0.0,0.0,0.0,30,25,10,10,15,70
REJECT,MBP_CONFIRMED,1,0,0,0.0,999.0,0.0,0.0,0.0,25,30,5,5,15,60
REJECT,MBP_CONFIRMED,2,0,0,0.0,999.0,0.0,0.0,0.0,30,25,10,10,15,60
REJECT,MBP_CONFIRMED,2,0,0,0.0,999.0,0.0,0.0,0.0,40,40,15,10,15,40
REJECT,MBP_CONFIRMED,2,0,0,0.0,999.0,0.0,0.0,0.0,30,25,10,10,15,50
REJECT,MBP_CONFIRMED,1,0,0,0.0,999.0,0.0,0.0,0.0,25,30,5,5,15,70
REJECT,MBP_CONFIRMED,2,0,0,0.0,999.0,0.0,0.0,0.0,30,25,10,10,15,40
REJECT,MBP_CONFIRMED,2,0,0,0.0,999.0,0.0,0.0,0.0,40,40,15,10,12,70
REJECT,MBP_CONFIRMED,2,0,0,0.0,999.0,0.0,0.0,0.0,30,25,10,10,12,70
REJECT,MBP_CONFIRMED,1,0,0,0.0,999.0,0.0,0.0,0.0,25,30,5,5,12,40
REJECT,MBP_CONFIRMED,2,0,0,0.0,999.0,0.0,0.0,0.0,30,25,10,10,12,60
REJECT,MBP_CONFIRMED,2,0,0,0.0,999.0,0.0,0.0,0.0,40,40,15,10,12,60
REJECT,MBP_CONFIRMED,2,0,0,0.0,999.0,0.0,0.0,0.0,30,25,10,10,12,50
REJECT,MBP_CONFIRMED,2,0,0,0.0,999.0,0.0,0.0,0.0,25,25,15,10,12,60
REJECT,MBP_CONFIRMED,2,0,0,0.0,999.0,0.0,0.0,0.0,30,25,10,10,12,40
REJECT,MBP_CONFIRMED,2,0,0,0.0,999.0,0.0,0.0,0.0,40,40,15,10,12,50
REJECT,MBP_CONFIRMED,2,0,0,0.0,999.0,0.0,0.0,0.0,25,30,10,5,12,40
REJECT,MBP_CONFIRMED,2,0,0,0.0,999.0,0.0,0.0,0.0,40,40,15,10,12,40
REJECT,MBP_CONFIRMED,2,0,0,0.0,999.0,0.0,0.0,0.0,25,30,10,5,12,50
REJECT,MBP_CONFIRMED,2,0,0,0.0,999.0,0.0,0.0,0.0,40,20,15,10,12,40
REJECT,MBP_CONFIRMED,1,0,0,0.0,999.0,0.0,0.0,0.0,25,20,5,10,12,70
REJECT,MBP_CONFIRMED,2,0,0,0.0,999.0,0.0,0.0,0.0,40,20,15,10,12,50
REJECT,MBP_CONFIRMED,1,0,0,0.0,999.0,0.0,0.0,0.0,20,20,5,10,12,40
REJECT,MBP_CONFIRMED,2,0,0,0.0,999.0,0.0,0.0,0.0,40,20,15,10,12,60
REJECT,MBP_CONFIRMED,2,0,0,0.0,999.0,0.0,0.0,0.0,25,25,15,10,20,70
REJECT,MBP_CONFIRMED,2,0,0,0.0,999.0,0.0,0.0,0.0,40,20,15,10,12,70
REJECT,MBP_CONFIRMED,1,0,0,0.0,999.0,0.0,0.0,0.0,25,20,5,10,12,60
REJECT,MBP_CONFIRMED,1,0,0,0.0,999.0,0.0,0.0,0.0,20,20,5,10,12,50
REJECT,MBP_CONFIRMED,2,0,0,0.0,999.0,0.0,0.0,0.0,25,30,10,5,12,60
REJECT,MBP_CONFIRMED,1,0,0,0.0,999.0,0.0,0.0,0.0,20,20,5,10,12,60
REJECT,MBP_CONFIRMED,2,0,0,0.0,999.0,0.0,0.0,0.0,25,25,15,10,20,60
REJECT,MBP_CONFIRMED,1,0,0,0.0,999.0,0.0,0.0,0.0,20,20,5,10,12,70
REJECT,MBP_CONFIRMED,1,0,0,0.0,999.0,0.0,0.0,0.0,25,20,5,10,15,50
REJECT,MBP_CONFIRMED,2,0,0,0.0,999.0,0.0,0.0,0.0,25,30,10,5,12,70
REJECT,MBP_CONFIRMED,2,0,0,0.0,999.0,0.0,0.0,0.0,40,40,15,5,15,70
REJECT,MBP_CONFIRMED,1,0,0,0.0,999.0,0.0,0.0,0.0,20,20,5,10,15,40
REJECT,MBP_CONFIRMED,2,0,0,0.0,999.0,0.0,0.0,0.0,40,40,15,5,15,60
REJECT,MBP_CONFIRMED,2,0,0,0.0,999.0,0.0,0.0,0.0,25,25,15,10,20,50
REJECT,MBP_CONFIRMED,1,0,0,0.0,999.0,0.0,0.0,0.0,25,20,5,10,15,60
REJECT,MBP_CONFIRMED,2,0,0,0.0,999.0,0.0,0.0,0.0,40,40,15,5,15,50
REJECT,MBP_CONFIRMED,1,0,0,0.0,999.0,0.0,0.0,0.0,20,20,5,10,15,50
REJECT,MBP_CONFIRMED,2,0,0,0.0,999.0,0.0,0.0,0.0,40,40,15,5,15,40
REJECT,MBP_CONFIRMED,2,0,0,0.0,999.0,0.0,0.0,0.0,25,30,10,5,15,40
REJECT,MBP_CONFIRMED,2,0,0,0.0,999.0,0.0,0.0,0.0,40,40,15,5,12,70
REJECT,MBP_CONFIRMED,2,0,0,0.0,999.0,0.0,0.0,0.0,25,25,15,10,20,40
REJECT,MBP_CONFIRMED,2,0,0,0.0,999.0,0.0,0.0,0.0,40,40,15,5,12,60
REJECT,MBP_CONFIRMED,2,0,0,0.0,999.0,0.0,0.0,0.0,25,30,10,5,15,50
REJECT,MBP_CONFIRMED,2,0,0,0.0,999.0,0.0,0.0,0.0,40,40,15,5,12,50
REJECT,MBP_CONFIRMED,1,0,0,0.0,999.0,0.0,0.0,0.0,25,20,5,10,15,70
REJECT,MBP_CONFIRMED,2,0,0,0.0,999.0,0.0,0.0,0.0,25,25,15,10,15,70
REJECT,MBP_CONFIRMED,1,0,0,0.0,999.0,0.0,0.0,0.0,25,20,5,10,20,40
REJECT,MBP_CONFIRMED,2,0,0,0.0,999.0,0.0,0.0,0.0,40,40,15,5,12,40
REJECT,MBP_CONFIRMED,1,0,0,0.0,999.0,0.0,0.0,0.0,25,20,5,10,20,50
REJECT,MBP_CONFIRMED,2,0,0,0.0,999.0,0.0,0.0,0.0,25,30,10,5,15,60
REJECT,MBP_CONFIRMED,1,0,0,0.0,999.0,0.0,0.0,0.0,25,20,5,10,20,60
REJECT,MBP_CONFIRMED,1,0,0,0.0,999.0,0.0,0.0,0.0,20,20,5,10,15,60
REJECT,MBP_CONFIRMED,1,0,0,0.0,999.0,0.0,0.0,0.0,25,20,5,10,20,70
REJECT,MBP_CONFIRMED,2,0,0,0.0,999.0,0.0,0.0,0.0,25,30,10,5,15,70
REJECT,MBP_CONFIRMED,1,0,0,0.0,999.0,0.0,0.0,0.0,30,25,5,10,20,70
REJECT,MBP_CONFIRMED,2,0,0,0.0,999.0,0.0,0.0,0.0,25,25,15,10,15,60
REJECT,MBP_CONFIRMED,1,0,0,0.0,999.0,0.0,0.0,0.0,30,25,5,10,20,60
REJECT,MBP_CONFIRMED,1,0,0,0.0,999.0,0.0,0.0,0.0,30,25,5,10,20,50
REJECT,MBP_CONFIRMED,1,0,0,0.0,999.0,0.0,0.0,0.0,30,25,5,10,20,40
REJECT,MBP_CONFIRMED,1,0,0,0.0,999.0,0.0,0.0,0.0,30,25,5,10,15,70
REJECT,MBP_CONFIRMED,1,0,0,0.0,999.0,0.0,0.0,0.0,30,25,5,10,15,60
REJECT,MBP_CONFIRMED,1,0,0,0.0,999.0,0.0,0.0,0.0,25,25,5,10,20,70
REJECT,MBP_CONFIRMED,1,0,0,0.0,999.0,0.0,0.0,0.0,30,25,5,10,15,40
REJECT,MBP_CONFIRMED,1,0,0,0.0,999.0,0.0,0.0,0.0,40,25,5,5,12,40
REJECT,MBP_CONFIRMED,1,0,0,0.0,999.0,0.0,0.0,0.0,30,25,5,10,12,70
REJECT,MBP_CONFIRMED,1,0,0,0.0,999.0,0.0,0.0,0.0,40,25,5,5,12,50
REJECT,MBP_CONFIRMED,1,0,0,0.0,999.0,0.0,0.0,0.0,30,25,5,10,12,60
REJECT,MBP_CONFIRMED,1,0,0,0.0,999.0,0.0,0.0,0.0,40,25,5,5,12,60
REJECT,MBP_CONFIRMED,1,0,0,0.0,999.0,0.0,0.0,0.0,30,25,5,10,12,50
REJECT,MBP_CONFIRMED,1,0,0,0.0,999.0,0.0,0.0,0.0,40,25,5,5,12,70
REJECT,MBP_CONFIRMED,1,0,0,0.0,999.0,0.0,0.0,0.0,30,25,5,5,15,50
REJECT,MBP_CONFIRMED,1,0,0,0.0,999.0,0.0,0.0,0.0,40,25,5,5,15,40
REJECT,MBP_CONFIRMED,1,0,0,0.0,999.0,0.0,0.0,0.0,30,25,5,5,20,70
REJECT,MBP_CONFIRMED,1,0,0,0.0,999.0,0.0,0.0,0.0,40,25,5,5,15,50
REJECT,MBP_CONFIRMED,1,0,0,0.0,999.0,0.0,0.0,0.0,30,25,5,5,20,60
REJECT,MBP_CONFIRMED,1,0,0,0.0,999.0,0.0,0.0,0.0,40,25,5,5,15,60
REJECT,MBP_CONFIRMED,1,0,0,0.0,999.0,0.0,0.0,0.0,30,25,5,5,20,50
REJECT,MBP_CONFIRMED,1,0,0,0.0,999.0,0.0,0.0,0.0,40,25,5,5,15,70
REJECT,MBP_CONFIRMED,2,0,0,0.0,999.0,0.0,0.0,0.0,25,25,15,10,15,50
REJECT,MBP_CONFIRMED,1,0,0,0.0,999.0,0.0,0.0,0.0,40,25,5,5,20,40
REJECT,MBP_CONFIRMED,1,0,0,0.0,999.0,0.0,0.0,0.0,30,25,5,5,20,40
REJECT,MBP_CONFIRMED,1,0,0,0.0,999.0,0.0,0.0,0.0,40,25,5,5,20,50
REJECT,MBP_CONFIRMED,1,0,0,0.0,999.0,0.0,0.0,0.0,20,20,5,10,15,70
REJECT,MBP_CONFIRMED,1,0,0,0.0,999.0,0.0,0.0,0.0,40,25,5,5,20,60
REJECT,MBP_CONFIRMED,1,0,0,0.0,999.0,0.0,0.0,0.0,30,25,5,5,15,70
REJECT,MBP_CONFIRMED,1,0,0,0.0,999.0,0.0,0.0,0.0,40,25,5,5,20,70
REJECT,MBP_CONFIRMED,2,0,0,0.0,999.0,0.0,0.0,0.0,25,25,15,10,15,40
REJECT,MBP_CONFIRMED,1,0,0,0.0,999.0,0.0,0.0,0.0,40,25,5,10,12,40
REJECT,MBP_CONFIRMED,1,0,0,0.0,999.0,0.0,0.0,0.0,30,25,5,5,15,60
REJECT,MBP_CONFIRMED,1,0,0,0.0,999.0,0.0,0.0,0.0,40,25,5,10,12,50
REJECT,MBP_CONFIRMED,1,0,0,0.0,999.0,0.0,0.0,0.0,20,20,5,10,20,40
REJECT,MBP_CONFIRMED,1,0,0,0.0,999.0,0.0,0.0,0.0,40,25,5,10,12,60
REJECT,MBP_CONFIRMED,2,0,0,0.0,999.0,0.0,0.0,0.0,25,25,15,10,12,70
REJECT,MBP_CONFIRMED,1,0,0,0.0,999.0,0.0,0.0,0.0,40,25,5,10,12,70
REJECT,MBP_CONFIRMED,1,0,0,0.0,999.0,0.0,0.0,0.0,20,20,5,10,20,50
REJECT,MBP_CONFIRMED,1,0,0,0.0,999.0,0.0,0.0,0.0,40,25,5,10,15,40
REJECT,MBP_CONFIRMED,1,0,0,0.0,999.0,0.0,0.0,0.0,30,25,5,5,15,40
REJECT,MBP_CONFIRMED,1,0,0,0.0,999.0,0.0,0.0,0.0,40,25,5,10,15,50
REJECT,MBP_CONFIRMED,2,0,0,0.0,999.0,0.0,0.0,0.0,25,30,10,10,12,40
REJECT,MBP_CONFIRMED,1,0,0,0.0,999.0,0.0,0.0,0.0,40,25,5,10,15,60
REJECT,MBP_CONFIRMED,1,0,0,0.0,999.0,0.0,0.0,0.0,30,25,5,5,12,70
REJECT,MBP_CONFIRMED,1,0,0,0.0,999.0,0.0,0.0,0.0,40,25,5,10,15,70
REJECT,MBP_CONFIRMED,1,0,0,0.0,999.0,0.0,0.0,0.0,30,25,5,5,12,60
REJECT,MBP_CONFIRMED,1,0,0,0.0,999.0,0.0,0.0,0.0,40,25,5,10,20,40
REJECT,MBP_CONFIRMED,1,0,0,0.0,999.0,0.0,0.0,0.0,30,25,5,5,12,50
REJECT,MBP_CONFIRMED,1,0,0,0.0,999.0,0.0,0.0,0.0,40,25,5,10,20,50
REJECT,MBP_CONFIRMED,1,0,0,0.0,999.0,0.0,0.0,0.0,30,25,5,5,12,40
REJECT,MBP_CONFIRMED,1,0,0,0.0,999.0,0.0,0.0,0.0,40,25,5,10,20,60
REJECT,MBP_CONFIRMED,1,0,0,0.0,999.0,0.0,0.0,0.0,20,20,5,10,20,60
REJECT,MBP_CONFIRMED,1,0,0,0.0,999.0,0.0,0.0,0.0,40,25,5,10,20,70
REJECT,MBP_CONFIRMED,2,0,0,0.0,999.0,0.0,0.0,0.0,25,30,10,10,12,50
REJECT,MBP_CONFIRMED,1,0,0,0.0,999.0,0.0,0.0,0.0,20,20,5,10,20,70
REJECT,MBP_CONFIRMED,2,0,0,0.0,999.0,0.0,0.0,0.0,25,30,10,10,12,60
REJECT,MBP_CONFIRMED,2,0,0,0.0,999.0,0.0,0.0,0.0,25,30,10,10,12,70
REJECT,MBP_CONFIRMED,2,0,0,0.0,999.0,0.0,0.0,0.0,25,30,10,10,15,40
REJECT,MBP_CONFIRMED,2,0,0,0.0,999.0,0.0,0.0,0.0,25,20,10,10,12,40
REJECT,MBP_CONFIRMED,2,0,0,0.0,999.0,0.0,0.0,0.0,25,20,10,10,12,50
REJECT,MBP_CONFIRMED,1,0,0,0.0,999.0,0.0,0.0,0.0,25,20,5,10,15,40
REJECT,MBP_CONFIRMED,2,0,0,0.0,999.0,0.0,0.0,0.0,25,30,10,10,15,50
REJECT,MBP_CONFIRMED,2,0,0,0.0,999.0,0.0,0.0,0.0,25,30,10,10,15,60
REJECT,MBP_CONFIRMED,2,0,0,0.0,999.0,0.0,0.0,0.0,25,20,10,10,12,70
REJECT,MBP_CONFIRMED,2,0,0,0.0,999.0,0.0,0.0,0.0,20,25,10,10,12,70
REJECT,MBP_CONFIRMED,2,0,0,0.0,999.0,0.0,0.0,0.0,25,30,10,10,15,70
REJECT,MBP_CONFIRMED,2,0,0,0.0,999.0,0.0,0.0,0.0,25,30,10,10,20,40
REJECT,MBP_CONFIRMED,2,0,0,0.0,999.0,0.0,0.0,0.0,25,30,10,10,20,50
REJECT,MBP_CONFIRMED,2,0,0,0.0,999.0,0.0,0.0,0.0,20,25,10,10,12,60
REJECT,MBP_CONFIRMED,2,0,0,0.0,999.0,0.0,0.0,0.0,25,25,15,10,12,50
REJECT,MBP_CONFIRMED,2,0,0,0.0,999.0,0.0,0.0,0.0,25,30,10,10,20,60
REJECT,MBP_CONFIRMED,2,0,0,0.0,999.0,0.0,0.0,0.0,40,40,10,10,20,70
REJECT,MBP_CONFIRMED,2,0,0,0.0,999.0,0.0,0.0,0.0,20,25,10,10,12,50
REJECT,MBP_CONFIRMED,2,0,0,0.0,999.0,0.0,0.0,0.0,25,30,10,10,20,70
REJECT,MBP_CONFIRMED,2,0,0,0.0,999.0,0.0,0.0,0.0,30,20,15,10,12,70
REJECT,MBP_CONFIRMED,2,0,0,0.0,999.0,0.0,0.0,0.0,30,20,15,10,12,60
REJECT,MBP_CONFIRMED,2,0,0,0.0,999.0,0.0,0.0,0.0,20,25,10,10,12,40
REJECT,MBP_CONFIRMED,2,0,0,0.0,999.0,0.0,0.0,0.0,30,20,15,10,12,50
REJECT,MBP_CONFIRMED,2,0,0,0.0,999.0,0.0,0.0,0.0,40,40,10,10,20,60
REJECT,MBP_CONFIRMED,2,0,0,0.0,999.0,0.0,0.0,0.0,30,20,15,10,12,40
REJECT,MBP_CONFIRMED,2,0,0,0.0,999.0,0.0,0.0,0.0,25,25,15,10,12,40
REJECT,MBP_CONFIRMED,2,0,0,0.0,999.0,0.0,0.0,0.0,40,40,10,10,20,50
REJECT,MBP_CONFIRMED,2,0,0,0.0,999.0,0.0,0.0,0.0,40,40,10,10,20,40
REJECT,MBP_CONFIRMED,2,0,0,0.0,999.0,0.0,0.0,0.0,40,40,10,10,15,70
REJECT,MBP_CONFIRMED,2,0,0,0.0,999.0,0.0,0.0,0.0,40,40,10,10,15,60
REJECT,MBP_CONFIRMED,2,0,0,0.0,999.0,0.0,0.0,0.0,40,40,10,10,15,50
REJECT,MBP_CONFIRMED,2,0,0,0.0,999.0,0.0,0.0,0.0,40,40,10,10,15,40
REJECT,MBP_CONFIRMED,2,0,0,0.0,999.0,0.0,0.0,0.0,40,40,10,10,12,70
REJECT,MBP_CONFIRMED,2,0,0,0.0,999.0,0.0,0.0,0.0,40,40,10,10,12,60
REJECT,MBP_CONFIRMED,2,0,0,0.0,999.0,0.0,0.0,0.0,40,40,10,10,12,50
REJECT,MBP_CONFIRMED,2,0,0,0.0,999.0,0.0,0.0,0.0,40,40,10,10,12,40
REJECT,MBP_CONFIRMED,2,0,0,0.0,999.0,0.0,0.0,0.0,25,30,15,5,12,40
REJECT,MBP_CONFIRMED,1,0,0,0.0,999.0,0.0,0.0,0.0,25,30,5,5,20,50
REJECT,MBP_CONFIRMED,2,0,0,0.0,999.0,0.0,0.0,0.0,25,30,15,5,12,60
REJECT,MBP_CONFIRMED,2,0,0,0.0,999.0,0.0,0.0,0.0,25,30,15,5,12,70
REJECT,MBP_CONFIRMED,2,0,0,0.0,999.0,0.0,0.0,0.0,25,30,15,5,12,50
REJECT,MBP_CONFIRMED,1,0,0,0.0,999.0,0.0,0.0,0.0,20,20,5,5,12,40
REJECT,MBP_CONFIRMED,2,0,0,0.0,999.0,0.0,0.0,0.0,40,40,10,5,15,70
REJECT,MBP_CONFIRMED,2,0,0,0.0,999.0,0.0,0.0,0.0,40,40,10,5,15,60
REJECT,MBP_CONFIRMED,2,0,0,0.0,999.0,0.0,0.0,0.0,40,40,10,5,15,50
REJECT,MBP_CONFIRMED,2,0,0,0.0,999.0,0.0,0.0,0.0,40,40,10,5,15,40
REJECT,MBP_CONFIRMED,2,0,0,0.0,999.0,0.0,0.0,0.0,40,40,10,5,12,70
REJECT,MBP_CONFIRMED,2,0,0,0.0,999.0,0.0,0.0,0.0,40,25,10,10,12,40
REJECT,MBP_CONFIRMED,2,0,0,0.0,999.0,0.0,0.0,0.0,25,30,15,5,15,50
REJECT,MBP_CONFIRMED,2,0,0,0.0,999.0,0.0,0.0,0.0,40,25,10,10,12,50
REJECT,MBP_CONFIRMED,2,0,0,0.0,999.0,0.0,0.0,0.0,40,40,10,5,12,60
REJECT,MBP_CONFIRMED,2,0,0,0.0,999.0,0.0,0.0,0.0,40,25,10,10,12,60
REJECT,MBP_CONFIRMED,2,0,0,0.0,999.0,0.0,0.0,0.0,25,30,15,5,15,60
REJECT,MBP_CONFIRMED,2,0,0,0.0,999.0,0.0,0.0,0.0,40,25,10,10,12,70
REJECT,MBP_CONFIRMED,2,0,0,0.0,999.0,0.0,0.0,0.0,40,40,10,5,12,50
REJECT,MBP_CONFIRMED,2,0,0,0.0,999.0,0.0,0.0,0.0,40,25,10,10,15,40
REJECT,MBP_CONFIRMED,2,0,0,0.0,999.0,0.0,0.0,0.0,25,30,15,5,15,70
REJECT,MBP_CONFIRMED,2,0,0,0.0,999.0,0.0,0.0,0.0,40,25,10,10,15,50
REJECT,MBP_CONFIRMED,2,0,0,0.0,999.0,0.0,0.0,0.0,40,40,10,5,12,40
REJECT,MBP_CONFIRMED,2,0,0,0.0,999.0,0.0,0.0,0.0,40,25,10,10,15,60
REJECT,MBP_CONFIRMED,2,0,0,0.0,999.0,0.0,0.0,0.0,25,25,10,10,20,70
REJECT,MBP_CONFIRMED,2,0,0,0.0,999.0,0.0,0.0,0.0,40,25,10,10,15,70
REJECT,MBP_CONFIRMED,2,0,0,0.0,999.0,0.0,0.0,0.0,25,25,10,10,20,60
REJECT,MBP_CONFIRMED,2,0,0,0.0,999.0,0.0,0.0,0.0,40,25,10,10,20,40
REJECT,MBP_CONFIRMED,2,0,0,0.0,999.0,0.0,0.0,0.0,25,30,15,10,12,40
REJECT,MBP_CONFIRMED,2,0,0,0.0,999.0,0.0,0.0,0.0,40,25,10,10,20,50
REJECT,MBP_CONFIRMED,2,0,0,0.0,999.0,0.0,0.0,0.0,25,30,15,10,12,50
REJECT,MBP_CONFIRMED,2,0,0,0.0,999.0,0.0,0.0,0.0,40,25,10,10,20,60
REJECT,MBP_CONFIRMED,2,0,0,0.0,999.0,0.0,0.0,0.0,25,30,15,10,12,60
REJECT,MBP_CONFIRMED,2,0,0,0.0,999.0,0.0,0.0,0.0,40,25,10,10,20,70
REJECT,MBP_CONFIRMED,2,0,0,0.0,999.0,0.0,0.0,0.0,25,30,15,10,12,70
REJECT,MBP_CONFIRMED,2,0,0,0.0,999.0,0.0,0.0,0.0,25,30,15,10,15,40
REJECT,MBP_CONFIRMED,2,0,0,0.0,999.0,0.0,0.0,0.0,25,30,15,10,15,50
REJECT,MBP_CONFIRMED,2,0,0,0.0,999.0,0.0,0.0,0.0,25,30,15,10,15,60
REJECT,MBP_CONFIRMED,2,0,0,0.0,999.0,0.0,0.0,0.0,25,30,15,10,15,70
REJECT,MBP_CONFIRMED,2,0,0,0.0,999.0,0.0,0.0,0.0,20,20,10,10,12,40
REJECT,MBP_CONFIRMED,2,0,0,0.0,999.0,0.0,0.0,0.0,25,25,10,10,20,50
REJECT,MBP_CONFIRMED,2,0,0,0.0,999.0,0.0,0.0,0.0,25,30,15,10,20,40
REJECT,MBP_CONFIRMED,2,0,0,0.0,999.0,0.0,0.0,0.0,25,25,10,10,20,40
REJECT,MBP_CONFIRMED,2,0,0,0.0,999.0,0.0,0.0,0.0,20,20,10,10,12,50
REJECT,MBP_CONFIRMED,2,0,0,0.0,999.0,0.0,0.0,0.0,25,30,15,10,20,50
REJECT,MBP_CONFIRMED,2,0,0,0.0,999.0,0.0,0.0,0.0,25,25,10,10,15,70
REJECT,MBP_CONFIRMED,2,0,0,0.0,999.0,0.0,0.0,0.0,25,30,15,10,20,60
REJECT,MBP_CONFIRMED,1,0,0,0.0,999.0,0.0,0.0,0.0,40,40,5,10,20,70
REJECT,MBP_CONFIRMED,2,0,0,0.0,999.0,0.0,0.0,0.0,25,30,15,10,20,70
REJECT,MBP_CONFIRMED,2,0,0,0.0,999.0,0.0,0.0,0.0,30,20,10,10,12,50
REJECT,MBP_CONFIRMED,1,0,0,0.0,999.0,0.0,0.0,0.0,40,40,5,10,20,60
REJECT,MBP_CONFIRMED,1,0,0,0.0,999.0,0.0,0.0,0.0,20,25,5,10,20,40
REJECT,MBP_CONFIRMED,2,0,0,0.0,999.0,0.0,0.0,0.0,30,20,10,10,12,70
REJECT,MBP_CONFIRMED,2,0,0,0.0,999.0,0.0,0.0,0.0,30,20,10,10,12,60
REJECT,MBP_CONFIRMED,2,0,0,0.0,999.0,0.0,0.0,0.0,25,40,15,10,20,50
REJECT,MBP_CONFIRMED,2,0,0,0.0,999.0,0.0,0.0,0.0,30,20,10,10,12,40
REJECT,MBP_CONFIRMED,2,0,0,0.0,999.0,0.0,0.0,0.0,25,25,10,10,15,60
REJECT,MBP_CONFIRMED,1,0,0,0.0,999.0,0.0,0.0,0.0,40,40,5,10,20,50
REJECT,MBP_CONFIRMED,2,0,0,0.0,999.0,0.0,0.0,0.0,25,25,10,10,15,50
REJECT,MBP_CONFIRMED,1,0,0,0.0,999.0,0.0,0.0,0.0,40,40,5,10,20,40
REJECT,MBP_CONFIRMED,2,0,0,0.0,999.0,0.0,0.0,0.0,25,25,10,10,15,40
REJECT,MBP_CONFIRMED,1,0,0,0.0,999.0,0.0,0.0,0.0,40,40,5,10,15,70
REJECT,MBP_CONFIRMED,2,0,0,0.0,999.0,0.0,0.0,0.0,25,25,10,10,12,70
REJECT,MBP_CONFIRMED,1,0,0,0.0,999.0,0.0,0.0,0.0,40,40,5,10,15,60
REJECT,MBP_CONFIRMED,2,0,0,0.0,999.0,0.0,0.0,0.0,25,25,10,10,12,60
REJECT,MBP_CONFIRMED,1,0,0,0.0,999.0,0.0,0.0,0.0,40,40,5,10,15,50
REJECT,MBP_CONFIRMED,2,0,0,0.0,999.0,0.0,0.0,0.0,25,25,10,10,12,50
REJECT,MBP_CONFIRMED,1,0,0,0.0,999.0,0.0,0.0,0.0,40,40,5,10,15,40
REJECT,MBP_CONFIRMED,2,0,0,0.0,999.0,0.0,0.0,0.0,25,25,10,10,12,40
REJECT,MBP_CONFIRMED,1,0,0,0.0,999.0,0.0,0.0,0.0,40,40,5,10,12,70
REJECT,MBP_CONFIRMED,1,0,0,0.0,999.0,0.0,0.0,0.0,25,40,5,5,12,40
REJECT,MBP_CONFIRMED,1,0,0,0.0,999.0,0.0,0.0,0.0,40,40,5,10,12,60
REJECT,MBP_CONFIRMED,1,0,0,0.0,999.0,0.0,0.0,0.0,25,40,5,5,12,50
REJECT,MBP_CONFIRMED,1,0,0,0.0,999.0,0.0,0.0,0.0,40,40,5,10,12,50
REJECT,MBP_CONFIRMED,1,0,0,0.0,999.0,0.0,0.0,0.0,40,40,5,10,12,40
REJECT,MBP_CONFIRMED,1,0,0,0.0,999.0,0.0,0.0,0.0,25,40,5,5,12,60
REJECT,MBP_CONFIRMED,1,0,0,0.0,999.0,0.0,0.0,0.0,20,25,5,10,20,70
REJECT,MBP_CONFIRMED,1,0,0,0.0,999.0,0.0,0.0,0.0,40,40,5,5,20,70
REJECT,MBP_CONFIRMED,1,0,0,0.0,999.0,0.0,0.0,0.0,20,25,5,10,20,60
REJECT,MBP_CONFIRMED,2,0,0,0.0,999.0,0.0,0.0,0.0,20,20,10,10,12,60
REJECT,MBP_CONFIRMED,1,0,0,0.0,999.0,0.0,0.0,0.0,20,25,5,10,20,50
REJECT,MBP_CONFIRMED,1,0,0,0.0,999.0,0.0,0.0,0.0,40,40,5,5,20,60
REJECT,MBP_CONFIRMED,1,0,0,0.0,999.0,0.0,0.0,0.0,40,40,5,5,20,50
REJECT,MBP_CONFIRMED,2,0,0,0.0,999.0,0.0,0.0,0.0,40,25,15,10,12,40
REJECT,MBP_CONFIRMED,2,0,0,0.0,999.0,0.0,0.0,0.0,25,20,10,10,12,60
REJECT,MBP_CONFIRMED,2,0,0,0.0,999.0,0.0,0.0,0.0,40,25,15,10,12,50
REJECT,MBP_CONFIRMED,2,0,0,0.0,999.0,0.0,0.0,0.0,20,20,10,10,12,70
REJECT,MBP_CONFIRMED,2,0,0,0.0,999.0,0.0,0.0,0.0,40,25,15,10,12,60
REJECT,MBP_CONFIRMED,1,0,0,0.0,999.0,0.0,0.0,0.0,40,40,5,5,20,40
REJECT,MBP_CONFIRMED,2,0,0,0.0,999.0,0.0,0.0,0.0,40,25,15,10,12,70
REJECT,MBP_CONFIRMED,1,0,0,0.0,999.0,0.0,0.0,0.0,25,40,5,5,12,70
REJECT,MBP_CONFIRMED,2,0,0,0.0,999.0,0.0,0.0,0.0,40,25,15,10,15,40
REJECT,MBP_CONFIRMED,1,0,0,0.0,999.0,0.0,0.0,0.0,40,40,5,5,15,70
REJECT,MBP_CONFIRMED,2,0,0,0.0,999.0,0.0,0.0,0.0,40,25,15,10,15,50
REJECT,MBP_CONFIRMED,1,0,0,0.0,999.0,0.0,0.0,0.0,40,40,5,5,15,60
REJECT,MBP_CONFIRMED,2,0,0,0.0,999.0,0.0,0.0,0.0,40,25,15,10,15,60
REJECT,MBP_CONFIRMED,1,0,0,0.0,999.0,0.0,0.0,0.0,40,40,5,5,15,50
REJECT,MBP_CONFIRMED,2,0,0,0.0,999.0,0.0,0.0,0.0,40,25,15,10,15,70
REJECT,MBP_CONFIRMED,1,0,0,0.0,999.0,0.0,0.0,0.0,30,20,5,10,20,70
REJECT,MBP_CONFIRMED,2,0,0,0.0,999.0,0.0,0.0,0.0,40,25,15,10,20,40
REJECT,MBP_CONFIRMED,1,0,0,0.0,999.0,0.0,0.0,0.0,40,40,5,5,15,40
REJECT,MBP_CONFIRMED,2,0,0,0.0,999.0,0.0,0.0,0.0,40,25,15,10,20,50
REJECT,MBP_CONFIRMED,1,0,0,0.0,999.0,0.0,0.0,0.0,30,20,5,10,20,60
REJECT,MBP_CONFIRMED,2,0,0,0.0,999.0,0.0,0.0,0.0,40,25,15,10,20,60
REJECT,MBP_CONFIRMED,1,0,0,0.0,999.0,0.0,0.0,0.0,25,40,5,5,15,40
REJECT,MBP_CONFIRMED,2,0,0,0.0,999.0,0.0,0.0,0.0,40,25,15,10,20,70
REJECT,MBP_CONFIRMED,1,0,0,0.0,999.0,0.0,0.0,0.0,30,20,5,10,20,50
REJECT,MBP_CONFIRMED,1,0,0,0.0,999.0,0.0,0.0,0.0,20,25,5,5,20,40
REJECT,MBP_CONFIRMED,1,0,0,0.0,999.0,0.0,0.0,0.0,30,20,5,10,20,40
REJECT,MBP_CONFIRMED,1,0,0,0.0,999.0,0.0,0.0,0.0,20,25,5,10,15,70
REJECT,MBP_CONFIRMED,1,0,0,0.0,999.0,0.0,0.0,0.0,40,40,5,5,12,70
REJECT,MBP_CONFIRMED,1,0,0,0.0,999.0,0.0,0.0,0.0,30,20,5,10,15,70
REJECT,MBP_CONFIRMED,1,0,0,0.0,999.0,0.0,0.0,0.0,30,20,5,10,15,60
REJECT,MBP_CONFIRMED,1,0,0,0.0,999.0,0.0,0.0,0.0,20,25,5,10,15,60
REJECT,MBP_CONFIRMED,1,0,0,0.0,999.0,0.0,0.0,0.0,30,20,5,10,15,50
REJECT,MBP_CONFIRMED,1,0,0,0.0,999.0,0.0,0.0,0.0,30,20,5,10,15,40
REJECT,MBP_CONFIRMED,1,0,0,0.0,999.0,0.0,0.0,0.0,30,20,5,10,12,70
REJECT,MBP_CONFIRMED,1,0,0,0.0,999.0,0.0,0.0,0.0,20,25,5,10,15,50
REJECT,MBP_CONFIRMED,1,0,0,0.0,999.0,0.0,0.0,0.0,30,20,5,10,12,60
REJECT,MBP_CONFIRMED,1,0,0,0.0,999.0,0.0,0.0,0.0,30,20,5,10,12,50
REJECT,MBP_CONFIRMED,1,0,0,0.0,999.0,0.0,0.0,0.0,30,20,5,10,12,40
REJECT,MBP_CONFIRMED,1,0,0,0.0,999.0,0.0,0.0,0.0,20,25,5,10,15,40
REJECT,MBP_CONFIRMED,1,0,0,0.0,999.0,0.0,0.0,0.0,30,20,5,5,20,70
REJECT,MBP_CONFIRMED,1,0,0,0.0,999.0,0.0,0.0,0.0,30,20,5,5,20,60
REJECT,MBP_CONFIRMED,1,0,0,0.0,999.0,0.0,0.0,0.0,30,20,5,5,20,50
REJECT,MBP_CONFIRMED,1,0,0,0.0,999.0,0.0,0.0,0.0,20,25,5,10,12,70
REJECT,MBP_CONFIRMED,1,0,0,0.0,999.0,0.0,0.0,0.0,30,20,5,5,20,40
REJECT,MBP_CONFIRMED,1,0,0,0.0,999.0,0.0,0.0,0.0,30,20,5,5,15,70
REJECT,MBP_CONFIRMED,1,0,0,0.0,999.0,0.0,0.0,0.0,30,20,5,5,15,60
REJECT,MBP_CONFIRMED,1,0,0,0.0,999.0,0.0,0.0,0.0,20,25,5,10,12,60
REJECT,MBP_CONFIRMED,1,0,0,0.0,999.0,0.0,0.0,0.0,30,20,5,5,15,50
REJECT,MBP_CONFIRMED,1,0,0,0.0,999.0,0.0,0.0,0.0,40,30,5,5,12,40
REJECT,MBP_CONFIRMED,1,0,0,0.0,999.0,0.0,0.0,0.0,30,20,5,5,15,40
REJECT,MBP_CONFIRMED,1,0,0,0.0,999.0,0.0,0.0,0.0,40,30,5,5,12,50
REJECT,MBP_CONFIRMED,1,0,0,0.0,999.0,0.0,0.0,0.0,30,20,5,5,12,70
REJECT,MBP_CONFIRMED,1,0,0,0.0,999.0,0.0,0.0,0.0,40,30,5,5,12,60
REJECT,MBP_CONFIRMED,1,0,0,0.0,999.0,0.0,0.0,0.0,30,20,5,5,12,60
REJECT,MBP_CONFIRMED,1,0,0,0.0,999.0,0.0,0.0,0.0,40,30,5,5,12,70
REJECT,MBP_CONFIRMED,1,0,0,0.0,999.0,0.0,0.0,0.0,30,20,5,5,12,50
REJECT,MBP_CONFIRMED,1,0,0,0.0,999.0,0.0,0.0,0.0,40,30,5,5,15,40
REJECT,MBP_CONFIRMED,1,0,0,0.0,999.0,0.0,0.0,0.0,20,25,5,10,12,50
REJECT,MBP_CONFIRMED,1,0,0,0.0,999.0,0.0,0.0,0.0,40,30,5,5,15,50
REJECT,MBP_CONFIRMED,1,0,0,0.0,999.0,0.0,0.0,0.0,30,20,5,5,12,40
REJECT,MBP_CONFIRMED,1,0,0,0.0,999.0,0.0,0.0,0.0,40,30,5,5,15,60
REJECT,MBP_CONFIRMED,1,0,0,0.0,999.0,0.0,0.0,0.0,20,25,5,10,12,40
REJECT,MBP_CONFIRMED,1,0,0,0.0,999.0,0.0,0.0,0.0,40,30,5,5,15,70
REJECT,MBP_CONFIRMED,1,0,0,0.0,999.0,0.0,0.0,0.0,40,40,5,5,12,60
REJECT,MBP_CONFIRMED,1,0,0,0.0,999.0,0.0,0.0,0.0,40,30,5,5,20,40
REJECT,MBP_CONFIRMED,1,0,0,0.0,999.0,0.0,0.0,0.0,20,25,5,5,20,70
REJECT,MBP_CONFIRMED,1,0,0,0.0,999.0,0.0,0.0,0.0,40,30,5,5,20,50
REJECT,MBP_CONFIRMED,1,0,0,0.0,999.0,0.0,0.0,0.0,20,25,5,5,20,60
REJECT,MBP_CONFIRMED,1,0,0,0.0,999.0,0.0,0.0,0.0,40,30,5,5,20,60
REJECT,MBP_CONFIRMED,1,0,0,0.0,999.0,0.0,0.0,0.0,20,25,5,5,20,50
REJECT,MBP_CONFIRMED,1,0,0,0.0,999.0,0.0,0.0,0.0,40,30,5,5,20,70
REJECT,MBP_CONFIRMED,1,0,0,0.0,999.0,0.0,0.0,0.0,25,40,5,5,15,50
REJECT,MBP_CONFIRMED,1,0,0,0.0,999.0,0.0,0.0,0.0,40,30,5,10,12,40
REJECT,MBP_CONFIRMED,2,0,0,0.0,999.0,0.0,0.0,0.0,25,20,15,10,12,40
REJECT,MBP_CONFIRMED,1,0,0,0.0,999.0,0.0,0.0,0.0,40,30,5,10,12,50
REJECT,MBP_CONFIRMED,2,0,0,0.0,999.0,0.0,0.0,0.0,25,20,15,10,12,50
REJECT,MBP_CONFIRMED,1,0,0,0.0,999.0,0.0,0.0,0.0,40,30,5,10,12,60
REJECT,MBP_CONFIRMED,2,0,0,0.0,999.0,0.0,0.0,0.0,25,20,15,10,12,60
REJECT,MBP_CONFIRMED,1,0,0,0.0,999.0,0.0,0.0,0.0,40,30,5,10,12,70
REJECT,MBP_CONFIRMED,2,0,0,0.0,999.0,0.0,0.0,0.0,25,20,15,10,12,70
REJECT,MBP_CONFIRMED,1,0,0,0.0,999.0,0.0,0.0,0.0,40,30,5,10,15,40
REJECT,MBP_CONFIRMED,1,0,0,0.0,999.0,0.0,0.0,0.0,40,40,5,5,12,50
REJECT,MBP_CONFIRMED,1,0,0,0.0,999.0,0.0,0.0,0.0,40,30,5,10,15,50
REJECT,MBP_CONFIRMED,2,0,0,0.0,999.0,0.0,0.0,0.0,25,40,15,10,20,70
REJECT,MBP_CONFIRMED,1,0,0,0.0,999.0,0.0,0.0,0.0,40,30,5,10,15,60
REJECT,MBP_CONFIRMED,2,0,0,0.0,999.0,0.0,0.0,0.0,25,40,15,10,20,60
REJECT,MBP_CONFIRMED,1,0,0,0.0,999.0,0.0,0.0,0.0,40,30,5,10,15,70
REJECT,MBP_CONFIRMED,1,0,0,0.0,999.0,0.0,0.0,0.0,40,40,5,5,12,40
REJECT,MBP_CONFIRMED,1,0,0,0.0,999.0,0.0,0.0,0.0,40,30,5,10,20,40
REJECT,MBP_CONFIRMED,2,0,0,0.0,999.0,0.0,0.0,0.0,25,40,15,10,15,70
REJECT,MBP_CONFIRMED,1,0,0,0.0,999.0,0.0,0.0,0.0,40,30,5,10,20,50
REJECT,MBP_CONFIRMED,2,0,0,0.0,999.0,0.0,0.0,0.0,25,40,15,10,20,40
REJECT,MBP_CONFIRMED,1,0,0,0.0,999.0,0.0,0.0,0.0,40,30,5,10,20,60
REJECT,MBP_CONFIRMED,1,0,0,0.0,999.0,0.0,0.0,0.0,25,40,5,5,15,60
REJECT,MBP_CONFIRMED,1,0,0,0.0,999.0,0.0,0.0,0.0,40,30,5,10,20,70
REJECT,MBP_CONFIRMED,1,0,0,0.0,999.0,0.0,0.0,0.0,25,25,5,10,20,60
REJECT,MBP_CONFIRMED,2,0,0,0.0,999.0,0.0,0.0,0.0,25,40,15,10,15,60
REJECT,MBP_CONFIRMED,2,0,0,0.0,999.0,0.0,0.0,0.0,25,40,15,10,15,50
REJECT,MBP_CONFIRMED,1,0,0,0.0,999.0,0.0,0.0,0.0,20,25,5,5,15,70
REJECT,MBP_CONFIRMED,2,0,0,0.0,999.0,0.0,0.0,0.0,25,40,15,10,15,40
REJECT,MBP_CONFIRMED,1,0,0,0.0,999.0,0.0,0.0,0.0,20,25,5,5,15,60
REJECT,MBP_CONFIRMED,2,0,0,0.0,999.0,0.0,0.0,0.0,25,40,15,10,12,70
REJECT,MBP_CONFIRMED,1,0,0,0.0,999.0,0.0,0.0,0.0,20,25,5,5,15,50
REJECT,MBP_CONFIRMED,2,0,0,0.0,999.0,0.0,0.0,0.0,25,40,15,10,12,60
REJECT,MBP_CONFIRMED,1,0,0,0.0,999.0,0.0,0.0,0.0,20,25,5,5,15,40
REJECT,MBP_CONFIRMED,2,0,0,0.0,999.0,0.0,0.0,0.0,25,40,15,10,12,50
REJECT,MBP_CONFIRMED,1,0,0,0.0,999.0,0.0,0.0,0.0,20,25,5,5,12,70
REJECT,MBP_CONFIRMED,2,0,0,0.0,999.0,0.0,0.0,0.0,25,40,15,10,12,40
REJECT,MBP_CONFIRMED,1,0,0,0.0,999.0,0.0,0.0,0.0,20,25,5,5,12,60
REJECT,MBP_CONFIRMED,1,0,0,0.0,999.0,0.0,0.0,0.0,25,40,5,5,15,70
REJECT,MBP_CONFIRMED,1,0,0,0.0,999.0,0.0,0.0,0.0,20,25,5,5,12,50
REJECT,MBP_CONFIRMED,1,0,0,0.0,999.0,0.0,0.0,0.0,25,40,5,5,20,40
REJECT,MBP_CONFIRMED,1,0,0,0.0,999.0,0.0,0.0,0.0,20,25,5,5,12,40
REJECT,MBP_CONFIRMED,1,0,0,0.0,999.0,0.0,0.0,0.0,25,40,5,5,20,50
REJECT,MBP_CONFIRMED,1,0,0,0.0,999.0,0.0,0.0,0.0,25,40,5,5,20,60
REJECT,MBP_CONFIRMED,1,0,0,0.0,999.0,0.0,0.0,0.0,25,40,5,5,20,70
REJECT,MBP_CONFIRMED,1,0,0,0.0,999.0,0.0,0.0,0.0,25,40,5,10,12,40
REJECT,MBP_CONFIRMED,1,0,0,0.0,999.0,0.0,0.0,0.0,25,40,5,10,12,50
REJECT,MBP_CONFIRMED,1,0,0,0.0,999.0,0.0,0.0,0.0,25,40,5,10,12,60
REJECT,MBP_CONFIRMED,2,0,0,0.0,999.0,0.0,0.0,0.0,25,40,15,5,15,70
REJECT,MBP_CONFIRMED,2,0,0,0.0,999.0,0.0,0.0,0.0,40,30,10,5,12,40
REJECT,MBP_CONFIRMED,2,0,0,0.0,999.0,0.0,0.0,0.0,25,40,15,5,15,60
REJECT,MBP_CONFIRMED,2,0,0,0.0,999.0,0.0,0.0,0.0,40,30,10,5,12,50
REJECT,MBP_CONFIRMED,2,0,0,0.0,999.0,0.0,0.0,0.0,25,40,15,5,15,50
REJECT,MBP_CONFIRMED,2,0,0,0.0,999.0,0.0,0.0,0.0,40,30,10,5,12,60
REJECT,MBP_CONFIRMED,2,0,0,0.0,999.0,0.0,0.0,0.0,25,40,15,5,15,40
REJECT,MBP_CONFIRMED,2,0,0,0.0,999.0,0.0,0.0,0.0,40,30,10,5,12,70
REJECT,MBP_CONFIRMED,1,0,0,0.0,999.0,0.0,0.0,0.0,25,40,5,10,12,70
REJECT,MBP_CONFIRMED,2,0,0,0.0,999.0,0.0,0.0,0.0,40,30,10,5,15,40
REJECT,MBP_CONFIRMED,1,0,0,0.0,999.0,0.0,0.0,0.0,25,40,5,10,15,40
REJECT,MBP_CONFIRMED,2,0,0,0.0,999.0,0.0,0.0,0.0,40,30,10,5,15,50
REJECT,MBP_CONFIRMED,1,0,0,0.0,999.0,0.0,0.0,0.0,25,40,5,10,15,50
REJECT,MBP_CONFIRMED,2,0,0,0.0,999.0,0.0,0.0,0.0,40,30,10,5,15,60
REJECT,MBP_CONFIRMED,1,0,0,0.0,999.0,0.0,0.0,0.0,25,40,5,10,15,60
REJECT,MBP_CONFIRMED,2,0,0,0.0,999.0,0.0,0.0,0.0,40,30,10,5,15,70
REJECT,MBP_CONFIRMED,2,0,0,0.0,999.0,0.0,0.0,0.0,25,40,15,5,12,70
REJECT,MBP_CONFIRMED,2,0,0,0.0,999.0,0.0,0.0,0.0,40,30,15,10,20,70
REJECT,MBP_CONFIRMED,2,0,0,0.0,999.0,0.0,0.0,0.0,25,40,15,5,12,60
REJECT,MBP_CONFIRMED,1,0,0,0.0,999.0,0.0,0.0,0.0,25,40,5,10,15,70
REJECT,MBP_CONFIRMED,2,0,0,0.0,999.0,0.0,0.0,0.0,25,40,15,5,12,50
REJECT,MBP_CONFIRMED,2,0,0,0.0,999.0,0.0,0.0,0.0,20,20,15,10,12,70
REJECT,MBP_CONFIRMED,2,0,0,0.0,999.0,0.0,0.0,0.0,25,40,15,5,12,40
REJECT,MBP_CONFIRMED,2,0,0,0.0,999.0,0.0,0.0,0.0,20,20,15,10,12,60
REJECT,MBP_CONFIRMED,1,0,0,0.0,999.0,0.0,0.0,0.0,25,25,5,5,12,40
REJECT,MBP_CONFIRMED,2,0,0,0.0,999.0,0.0,0.0,0.0,40,30,10,10,12,40
REJECT,MBP_CONFIRMED,1,0,0,0.0,999.0,0.0,0.0,0.0,25,25,5,5,12,50
REJECT,MBP_CONFIRMED,2,0,0,0.0,999.0,0.0,0.0,0.0,40,30,10,10,12,50
REJECT,MBP_CONFIRMED,1,0,0,0.0,999.0,0.0,0.0,0.0,25,25,5,5,12,60
REJECT,MBP_CONFIRMED,2,0,0,0.0,999.0,0.0,0.0,0.0,40,30,10,10,12,60
REJECT,MBP_CONFIRMED,1,0,0,0.0,999.0,0.0,0.0,0.0,25,25,5,5,12,70
REJECT,MBP_CONFIRMED,2,0,0,0.0,999.0,0.0,0.0,0.0,40,30,10,10,12,70
REJECT,MBP_CONFIRMED,1,0,0,0.0,999.0,0.0,0.0,0.0,25,25,5,5,15,40
REJECT,MBP_CONFIRMED,2,0,0,0.0,999.0,0.0,0.0,0.0,40,30,10,10,15,40
REJECT,MBP_CONFIRMED,1,0,0,0.0,999.0,0.0,0.0,0.0,25,25,5,5,15,50
REJECT,MBP_CONFIRMED,2,0,0,0.0,999.0,0.0,0.0,0.0,40,30,10,10,15,50
REJECT,MBP_CONFIRMED,1,0,0,0.0,999.0,0.0,0.0,0.0,25,25,5,5,15,60
REJECT,MBP_CONFIRMED,2,0,0,0.0,999.0,0.0,0.0,0.0,40,30,10,10,15,60
REJECT,MBP_CONFIRMED,1,0,0,0.0,999.0,0.0,0.0,0.0,25,25,5,5,15,70
REJECT,MBP_CONFIRMED,2,0,0,0.0,999.0,0.0,0.0,0.0,40,30,10,10,15,70
REJECT,MBP_CONFIRMED,1,0,0,0.0,999.0,0.0,0.0,0.0,25,25,5,5,20,40
REJECT,MBP_CONFIRMED,2,0,0,0.0,999.0,0.0,0.0,0.0,40,30,10,10,20,40
REJECT,MBP_CONFIRMED,1,0,0,0.0,999.0,0.0,0.0,0.0,25,25,5,5,20,50
REJECT,MBP_CONFIRMED,2,0,0,0.0,999.0,0.0,0.0,0.0,40,30,10,10,20,50
REJECT,MBP_CONFIRMED,2,0,0,0.0,999.0,0.0,0.0,0.0,25,40,10,10,20,70
REJECT,MBP_CONFIRMED,2,0,0,0.0,999.0,0.0,0.0,0.0,40,30,10,10,20,60
REJECT,MBP_CONFIRMED,1,0,0,0.0,999.0,0.0,0.0,0.0,25,25,5,5,20,60
REJECT,MBP_CONFIRMED,2,0,0,0.0,999.0,0.0,0.0,0.0,40,30,10,10,20,70
REJECT,MBP_CONFIRMED,2,0,0,0.0,999.0,0.0,0.0,0.0,25,40,10,10,20,60
REJECT,MBP_CONFIRMED,1,0,0,0.0,999.0,0.0,0.0,0.0,25,25,5,5,20,70
REJECT,MBP_CONFIRMED,2,0,0,0.0,999.0,0.0,0.0,0.0,25,40,10,10,20,50
REJECT,MBP_CONFIRMED,2,0,0,0.0,999.0,0.0,0.0,0.0,20,20,15,10,12,50
REJECT,MBP_CONFIRMED,2,0,0,0.0,999.0,0.0,0.0,0.0,25,40,10,10,20,40
REJECT,MBP_CONFIRMED,1,0,0,0.0,999.0,0.0,0.0,0.0,25,25,5,10,12,40
REJECT,MBP_CONFIRMED,2,0,0,0.0,999.0,0.0,0.0,0.0,25,40,10,10,15,70
REJECT,MBP_CONFIRMED,2,0,0,0.0,999.0,0.0,0.0,0.0,20,20,15,10,12,40
REJECT,MBP_CONFIRMED,2,0,0,0.0,999.0,0.0,0.0,0.0,25,40,10,10,15,60
REJECT,MBP_CONFIRMED,2,0,0,0.0,999.0,0.0,0.0,0.0,25,40,10,10,15,50
REJECT,MBP_CONFIRMED,2,0,0,0.0,999.0,0.0,0.0,0.0,25,40,10,10,15,40
REJECT,MBP_CONFIRMED,2,0,0,0.0,999.0,0.0,0.0,0.0,40,30,15,10,20,60
REJECT,MBP_CONFIRMED,2,0,0,0.0,999.0,0.0,0.0,0.0,25,40,10,10,12,70
REJECT,MBP_CONFIRMED,2,0,0,0.0,999.0,0.0,0.0,0.0,40,30,15,10,20,50
REJECT,MBP_CONFIRMED,2,0,0,0.0,999.0,0.0,0.0,0.0,25,40,10,10,12,60
REJECT,MBP_CONFIRMED,1,0,0,0.0,999.0,0.0,0.0,0.0,25,40,5,10,20,40
REJECT,MBP_CONFIRMED,2,0,0,0.0,999.0,0.0,0.0,0.0,25,40,10,10,12,50
REJECT,MBP_CONFIRMED,2,0,0,0.0,999.0,0.0,0.0,0.0,40,30,15,10,20,40
REJECT,MBP_CONFIRMED,2,0,0,0.0,999.0,0.0,0.0,0.0,25,40,10,10,12,40
REJECT,MBP_CONFIRMED,1,0,0,0.0,999.0,0.0,0.0,0.0,25,40,5,10,20,50
REJECT,MBP_CONFIRMED,1,0,0,0.0,999.0,0.0,0.0,0.0,25,25,5,10,12,50
REJECT,MBP_CONFIRMED,2,0,0,0.0,999.0,0.0,0.0,0.0,40,30,15,10,15,70
REJECT,MBP_CONFIRMED,1,0,0,0.0,999.0,0.0,0.0,0.0,25,25,5,10,12,60
REJECT,MBP_CONFIRMED,1,0,0,0.0,999.0,0.0,0.0,0.0,25,40,5,10,20,60
REJECT,MBP_CONFIRMED,1,0,0,0.0,999.0,0.0,0.0,0.0,25,25,5,10,12,70
REJECT,MBP_CONFIRMED,2,0,0,0.0,999.0,0.0,0.0,0.0,40,30,15,5,12,40
REJECT,MBP_CONFIRMED,1,0,0,0.0,999.0,0.0,0.0,0.0,25,25,5,10,15,40
REJECT,MBP_CONFIRMED,2,0,0,0.0,999.0,0.0,0.0,0.0,40,30,15,5,12,50
REJECT,MBP_CONFIRMED,2,0,0,0.0,999.0,0.0,0.0,0.0,25,40,10,5,15,70
REJECT,MBP_CONFIRMED,2,0,0,0.0,999.0,0.0,0.0,0.0,40,30,15,5,12,60
REJECT,MBP_CONFIRMED,2,0,0,0.0,999.0,0.0,0.0,0.0,25,40,10,5,15,60
REJECT,MBP_CONFIRMED,2,0,0,0.0,999.0,0.0,0.0,0.0,40,30,15,5,12,70
REJECT,MBP_CONFIRMED,2,0,0,0.0,999.0,0.0,0.0,0.0,40,30,15,10,15,60
REJECT,MBP_CONFIRMED,2,0,0,0.0,999.0,0.0,0.0,0.0,40,30,15,5,15,40
REJECT,MBP_CONFIRMED,1,0,0,0.0,999.0,0.0,0.0,0.0,25,40,5,10,20,70
REJECT,MBP_CONFIRMED,2,0,0,0.0,999.0,0.0,0.0,0.0,40,30,15,5,15,50
REJECT,MBP_CONFIRMED,2,0,0,0.0,999.0,0.0,0.0,0.0,40,30,15,10,15,50
REJECT,MBP_CONFIRMED,2,0,0,0.0,999.0,0.0,0.0,0.0,40,30,15,5,15,60
REJECT,MBP_CONFIRMED,2,0,0,0.0,999.0,0.0,0.0,0.0,25,30,15,5,15,40
REJECT,MBP_CONFIRMED,2,0,0,0.0,999.0,0.0,0.0,0.0,40,30,15,5,15,70
REJECT,MBP_CONFIRMED,2,0,0,0.0,999.0,0.0,0.0,0.0,40,30,15,10,15,40
REJECT,MBP_CONFIRMED,1,0,0,0.0,999.0,0.0,0.0,0.0,25,25,5,10,15,50
REJECT,MBP_CONFIRMED,2,0,0,0.0,999.0,0.0,0.0,0.0,25,40,10,5,15,50
REJECT,MBP_CONFIRMED,2,0,0,0.0,999.0,0.0,0.0,0.0,25,40,10,5,15,40
REJECT,MBP_CONFIRMED,1,0,0,0.0,999.0,0.0,0.0,0.0,25,25,5,10,15,60
REJECT,MBP_CONFIRMED,2,0,0,0.0,999.0,0.0,0.0,0.0,25,40,10,5,12,70
REJECT,MBP_CONFIRMED,2,0,0,0.0,999.0,0.0,0.0,0.0,25,40,10,5,12,60
REJECT,MBP_CONFIRMED,1,0,0,0.0,999.0,0.0,0.0,0.0,25,25,5,10,15,70
REJECT,MBP_CONFIRMED,2,0,0,0.0,999.0,0.0,0.0,0.0,25,40,10,5,12,50
REJECT,MBP_CONFIRMED,2,0,0,0.0,999.0,0.0,0.0,0.0,40,30,15,10,12,40
REJECT,MBP_CONFIRMED,1,0,0,0.0,999.0,0.0,0.0,0.0,25,25,5,10,20,40
REJECT,MBP_CONFIRMED,2,0,0,0.0,999.0,0.0,0.0,0.0,40,30,15,10,12,50
REJECT,MBP_CONFIRMED,2,0,0,0.0,999.0,0.0,0.0,0.0,25,40,10,5,12,40
REJECT,MBP_CONFIRMED,2,0,0,0.0,999.0,0.0,0.0,0.0,40,30,15,10,12,60
REJECT,MBP_CONFIRMED,1,0,0,0.0,999.0,0.0,0.0,0.0,25,25,5,10,20,50
REJECT,MBP_CONFIRMED,2,0,0,0.0,999.0,0.0,0.0,0.0,40,30,15,10,12,70
REJECT,MBP_CONFIRMED,2,0,1,0.0,0.0,-20.0,-10.0,-20.0,40,20,10,5,15,50
REJECT,MBP_CONFIRMED,2,0,1,0.0,0.0,-20.0,-10.0,-20.0,30,20,10,5,15,70
REJECT,MBP_CONFIRMED,2,0,1,0.0,0.0,-20.0,-10.0,-20.0,20,20,15,5,12,40
REJECT,MBP_CONFIRMED,2,0,1,0.0,0.0,-20.0,-10.0,-20.0,20,20,15,5,12,50
REJECT,MBP_CONFIRMED,2,0,1,0.0,0.0,-20.0,-10.0,-20.0,20,20,15,5,12,60
REJECT,MBP_CONFIRMED,2,0,1,0.0,0.0,-20.0,-10.0,-20.0,25,20,15,10,15,40
REJECT,MBP_CONFIRMED,2,0,1,0.0,0.0,-20.0,-10.0,-20.0,20,20,15,5,15,40
REJECT,MBP_CONFIRMED,2,0,1,0.0,0.0,-20.0,-10.0,-20.0,20,20,15,5,15,50
REJECT,MBP_CONFIRMED,2,0,1,0.0,0.0,-20.0,-10.0,-20.0,20,20,15,5,15,60
REJECT,MBP_CONFIRMED,2,0,1,0.0,0.0,-20.0,-10.0,-20.0,20,20,15,5,15,70
REJECT,MBP_CONFIRMED,2,0,1,0.0,0.0,-20.0,-10.0,-20.0,20,20,15,5,20,40
REJECT,MBP_CONFIRMED,2,0,1,0.0,0.0,-20.0,-10.0,-20.0,20,20,15,5,20,50
REJECT,MBP_CONFIRMED,2,0,1,0.0,0.0,-20.0,-10.0,-20.0,20,20,15,5,20,60
REJECT,MBP_CONFIRMED,2,0,1,0.0,0.0,-20.0,-10.0,-20.0,20,20,15,5,20,70
REJECT,MBP_CONFIRMED,2,0,1,0.0,0.0,-20.0,-10.0,-20.0,20,20,15,10,15,40
REJECT,MBP_CONFIRMED,2,0,1,0.0,0.0,-20.0,-10.0,-20.0,20,20,15,10,15,50
REJECT,MBP_CONFIRMED,2,0,1,0.0,0.0,-20.0,-10.0,-20.0,20,20,10,5,12,40
REJECT,MBP_CONFIRMED,2,0,1,0.0,0.0,-20.0,-10.0,-20.0,40,20,10,5,12,50
REJECT,MBP_CONFIRMED,2,0,1,0.0,0.0,-20.0,-10.0,-20.0,20,20,15,10,15,60
REJECT,MBP_CONFIRMED,2,0,1,0.0,0.0,-20.0,-10.0,-20.0,25,20,15,5,20,40
REJECT,MBP_CONFIRMED,2,0,1,0.0,0.0,-20.0,-10.0,-20.0,20,20,15,10,15,70
REJECT,MBP_CONFIRMED,2,0,1,0.0,0.0,-20.0,-10.0,-20.0,20,20,15,10,20,40
REJECT,MBP_CONFIRMED,2,0,1,0.0,0.0,-20.0,-10.0,-20.0,20,20,15,10,20,50
REJECT,MBP_CONFIRMED,2,0,1,0.0,0.0,-20.0,-10.0,-20.0,25,20,15,10,20,70
REJECT,MBP_CONFIRMED,2,0,1,0.0,0.0,-20.0,-10.0,-20.0,20,20,15,10,20,60
REJECT,MBP_CONFIRMED,2,0,1,0.0,0.0,-20.0,-10.0,-20.0,40,20,10,5,12,60
REJECT,MBP_CONFIRMED,2,0,1,0.0,0.0,-20.0,-10.0,-20.0,25,20,15,10,20,60
REJECT,MBP_CONFIRMED,2,0,1,0.0,0.0,-20.0,-10.0,-20.0,20,20,10,10,20,70
REJECT,MBP_CONFIRMED,2,0,1,0.0,0.0,-20.0,-10.0,-20.0,40,20,10,5,12,70
REJECT,MBP_CONFIRMED,2,0,1,0.0,0.0,-20.0,-10.0,-20.0,20,20,10,10,20,60
REJECT,MBP_CONFIRMED,2,0,1,0.0,0.0,-20.0,-10.0,-20.0,20,20,15,10,20,70
REJECT,MBP_CONFIRMED,2,0,1,0.0,0.0,-20.0,-10.0,-20.0,20,20,10,10,20,50
REJECT,MBP_CONFIRMED,2,0,1,0.0,0.0,-20.0,-10.0,-20.0,40,20,10,5,15,40
REJECT,MBP_CONFIRMED,2,0,1,0.0,0.0,-20.0,-10.0,-20.0,20,20,10,10,20,40
REJECT,MBP_CONFIRMED,2,0,1,0.0,0.0,-20.0,-10.0,-20.0,25,20,15,10,20,50
REJECT,MBP_CONFIRMED,2,0,1,0.0,0.0,-20.0,-10.0,-20.0,20,20,10,10,15,70
REJECT,MBP_CONFIRMED,2,0,1,0.0,0.0,-20.0,-10.0,-20.0,40,20,10,5,15,60
REJECT,MBP_CONFIRMED,2,0,1,0.0,0.0,-20.0,-10.0,-20.0,25,20,15,10,20,40
REJECT,MBP_CONFIRMED,2,0,1,0.0,0.0,-20.0,-10.0,-20.0,40,20,10,5,15,70
REJECT,MBP_CONFIRMED,2,0,1,0.0,0.0,-20.0,-10.0,-20.0,20,20,10,10,15,60
REJECT,MBP_CONFIRMED,2,0,1,0.0,0.0,-20.0,-10.0,-20.0,25,20,15,10,15,70
REJECT,MBP_CONFIRMED,2,0,1,0.0,0.0,-20.0,-10.0,-20.0,25,20,15,10,15,60
REJECT,MBP_CONFIRMED,2,0,1,0.0,0.0,-20.0,-10.0,-20.0,40,20,10,5,20,40
REJECT,MBP_CONFIRMED,2,0,1,0.0,0.0,-20.0,-10.0,-20.0,25,20,15,10,15,50
REJECT,MBP_CONFIRMED,2,0,1,0.0,0.0,-20.0,-10.0,-20.0,25,20,10,10,15,50
REJECT,MBP_CONFIRMED,2,0,1,0.0,0.0,-20.0,-10.0,-20.0,25,20,15,5,20,70
REJECT,MBP_CONFIRMED,2,0,1,0.0,0.0,-20.0,-10.0,-20.0,40,20,10,5,20,50
REJECT,MBP_CONFIRMED,2,0,1,0.0,0.0,-20.0,-10.0,-20.0,25,20,15,5,20,60
REJECT,MBP_CONFIRMED,2,0,1,0.0,0.0,-20.0,-10.0,-20.0,25,20,15,5,20,50
REJECT,MBP_CONFIRMED,2,0,1,0.0,0.0,-20.0,-10.0,-20.0,25,20,15,5,15,70
REJECT,MBP_CONFIRMED,2,0,1,0.0,0.0,-20.0,-10.0,-20.0,20,20,10,10,15,50
REJECT,MBP_CONFIRMED,2,0,1,0.0,0.0,-20.0,-10.0,-20.0,25,20,15,5,15,60
REJECT,MBP_CONFIRMED,2,0,1,0.0,0.0,-20.0,-10.0,-20.0,40,20,10,5,20,60
REJECT,MBP_CONFIRMED,2,0,1,0.0,0.0,-20.0,-10.0,-20.0,25,20,15,5,15,50
REJECT,MBP_CONFIRMED,2,0,1,0.0,0.0,-20.0,-10.0,-20.0,20,20,10,10,15,40
REJECT,MBP_CONFIRMED,2,0,1,0.0,0.0,-20.0,-10.0,-20.0,25,20,15,5,15,40
REJECT,MBP_CONFIRMED,2,0,1,0.0,0.0,-20.0,-10.0,-20.0,25,20,15,5,12,70
REJECT,MBP_CONFIRMED,2,0,1,0.0,0.0,-20.0,-10.0,-20.0,25,20,15,5,12,60
REJECT,MBP_CONFIRMED,2,0,1,0.0,0.0,-20.0,-10.0,-20.0,25,20,15,5,12,50
REJECT,MBP_CONFIRMED,2,0,1,0.0,0.0,-20.0,-10.0,-20.0,25,20,15,5,12,40
REJECT,MBP_CONFIRMED,2,0,1,0.0,0.0,-20.0,-10.0,-20.0,40,20,10,5,20,70
REJECT,MBP_CONFIRMED,2,0,1,0.0,0.0,-20.0,-10.0,-20.0,30,20,10,5,12,40
REJECT,MBP_CONFIRMED,2,0,1,0.0,0.0,-20.0,-10.0,-20.0,40,20,10,10,15,40
REJECT,MBP_CONFIRMED,2,0,1,0.0,0.0,-20.0,-10.0,-20.0,40,20,10,10,15,50
REJECT,MBP_CONFIRMED,2,0,1,0.0,0.0,-20.0,-10.0,-20.0,40,20,10,10,15,60
REJECT,MBP_CONFIRMED,2,0,1,0.0,0.0,-20.0,-10.0,-20.0,40,20,10,10,15,70
REJECT,MBP_CONFIRMED,2,0,1,0.0,0.0,-20.0,-10.0,-20.0,40,20,10,10,20,40
REJECT,MBP_CONFIRMED,2,0,1,0.0,0.0,-20.0,-10.0,-20.0,30,20,10,5,12,50
REJECT,MBP_CONFIRMED,2,0,1,0.0,0.0,-20.0,-10.0,-20.0,40,20,10,10,20,50
REJECT,MBP_CONFIRMED,2,0,1,0.0,0.0,-20.0,-10.0,-20.0,30,20,10,5,12,60
REJECT,MBP_CONFIRMED,2,0,1,0.0,0.0,-20.0,-10.0,-20.0,40,20,10,10,20,60
REJECT,MBP_CONFIRMED,2,0,1,0.0,0.0,-20.0,-10.0,-20.0,30,20,10,5,12,70
REJECT,MBP_CONFIRMED,2,0,1,0.0,0.0,-20.0,-10.0,-20.0,40,20,10,10,20,70
REJECT,MBP_CONFIRMED,2,0,1,0.0,0.0,-20.0,-10.0,-20.0,30,20,10,5,15,40
REJECT,MBP_CONFIRMED,2,0,1,0.0,0.0,-20.0,-10.0,-20.0,40,20,15,5,12,40
REJECT,MBP_CONFIRMED,2,0,1,0.0,0.0,-20.0,-10.0,-20.0,30,20,10,5,15,50
REJECT,MBP_CONFIRMED,2,0,1,0.0,0.0,-20.0,-10.0,-20.0,40,20,15,5,12,50
REJECT,MBP_CONFIRMED,2,0,1,0.0,0.0,-20.0,-10.0,-20.0,30,20,10,5,15,60
REJECT,MBP_CONFIRMED,2,0,1,0.0,0.0,-20.0,-10.0,-20.0,40,20,15,5,12,60
REJECT,MBP_CONFIRMED,2,0,1,0.0,0.0,-20.0,-10.0,-20.0,25,20,10,5,12,40
REJECT,MBP_CONFIRMED,2,0,1,0.0,0.0,-20.0,-10.0,-20.0,40,20,15,5,12,70
REJECT,MBP_CONFIRMED,2,0,1,0.0,0.0,-20.0,-10.0,-20.0,30,20,10,5,20,40
REJECT,MBP_CONFIRMED,2,0,1,0.0,0.0,-20.0,-10.0,-20.0,40,20,15,5,15,40
REJECT,MBP_CONFIRMED,2,0,1,0.0,0.0,-20.0,-10.0,-20.0,30,20,10,5,20,50
REJECT,MBP_CONFIRMED,2,0,1,0.0,0.0,-20.0,-10.0,-20.0,30,20,10,5,20,60
REJECT,MBP_CONFIRMED,2,0,1,0.0,0.0,-20.0,-10.0,-20.0,30,20,10,5,20,70
REJECT,MBP_CONFIRMED,2,0,1,0.0,0.0,-20.0,-10.0,-20.0,30,20,10,10,15,40
REJECT,MBP_CONFIRMED,2,0,1,0.0,0.0,-20.0,-10.0,-20.0,30,20,10,10,15,60
REJECT,MBP_CONFIRMED,2,0,1,0.0,0.0,-20.0,-10.0,-20.0,30,20,10,10,15,70
REJECT,MBP_CONFIRMED,2,0,1,0.0,0.0,-20.0,-10.0,-20.0,30,20,10,10,20,40
REJECT,MBP_CONFIRMED,2,0,1,0.0,0.0,-20.0,-10.0,-20.0,30,20,10,10,20,50
REJECT,MBP_CONFIRMED,2,0,1,0.0,0.0,-20.0,-10.0,-20.0,30,20,10,10,20,60
REJECT,MBP_CONFIRMED,2,0,1,0.0,0.0,-20.0,-10.0,-20.0,40,20,15,5,15,50
REJECT,MBP_CONFIRMED,2,0,1,0.0,0.0,-20.0,-10.0,-20.0,30,20,10,10,20,70
REJECT,MBP_CONFIRMED,2,0,1,0.0,0.0,-20.0,-10.0,-20.0,40,20,15,5,15,60
REJECT,MBP_CONFIRMED,2,0,1,0.0,0.0,-20.0,-10.0,-20.0,25,20,10,10,20,70
REJECT,MBP_CONFIRMED,2,0,1,0.0,0.0,-20.0,-10.0,-20.0,40,20,15,5,15,70
REJECT,MBP_CONFIRMED,2,0,1,0.0,0.0,-20.0,-10.0,-20.0,25,20,10,10,20,60
REJECT,MBP_CONFIRMED,2,0,1,0.0,0.0,-20.0,-10.0,-20.0,40,20,15,5,20,40
REJECT,MBP_CONFIRMED,2,0,1,0.0,0.0,-20.0,-10.0,-20.0,20,20,10,5,20,70
REJECT,MBP_CONFIRMED,2,0,1,0.0,0.0,-20.0,-10.0,-20.0,25,20,10,10,20,50
REJECT,MBP_CONFIRMED,2,0,1,0.0,0.0,-20.0,-10.0,-20.0,20,20,10,5,20,60
REJECT,MBP_CONFIRMED,2,0,1,0.0,0.0,-20.0,-10.0,-20.0,40,20,15,5,20,50
REJECT,MBP_CONFIRMED,2,0,1,0.0,0.0,-20.0,-10.0,-20.0,20,20,10,5,20,50
REJECT,MBP_CONFIRMED,2,0,1,0.0,0.0,-20.0,-10.0,-20.0,25,20,10,10,20,40
REJECT,MBP_CONFIRMED,2,0,1,0.0,0.0,-20.0,-10.0,-20.0,20,20,10,5,20,40
REJECT,MBP_CONFIRMED,2,0,1,0.0,0.0,-20.0,-10.0,-20.0,25,20,10,10,15,70
REJECT,MBP_CONFIRMED,2,0,1,0.0,0.0,-20.0,-10.0,-20.0,20,20,10,5,15,70
REJECT,MBP_CONFIRMED,2,0,1,0.0,0.0,-20.0,-10.0,-20.0,25,20,10,10,15,60
REJECT,MBP_CONFIRMED,2,0,1,0.0,0.0,-20.0,-10.0,-20.0,20,20,10,5,15,60
REJECT,MBP_CONFIRMED,2,0,1,0.0,0.0,-20.0,-10.0,-20.0,40,20,15,5,20,60
REJECT,MBP_CONFIRMED,2,0,1,0.0,0.0,-20.0,-10.0,-20.0,20,20,10,5,15,50
REJECT,MBP_CONFIRMED,2,0,1,0.0,0.0,-20.0,-10.0,-20.0,30,20,15,5,12,40
REJECT,MBP_CONFIRMED,2,0,1,0.0,0.0,-20.0,-10.0,-20.0,30,20,15,5,12,50
REJECT,MBP_CONFIRMED,2,0,1,0.0,0.0,-20.0,-10.0,-20.0,30,20,15,5,12,60
REJECT,MBP_CONFIRMED,2,0,1,0.0,0.0,-20.0,-10.0,-20.0,30,20,15,5,12,70
REJECT,MBP_CONFIRMED,2,0,1,0.0,0.0,-20.0,-10.0,-20.0,30,20,15,5,15,40
REJECT,MBP_CONFIRMED,2,0,1,0.0,0.0,-20.0,-10.0,-20.0,30,20,15,5,15,50
REJECT,MBP_CONFIRMED,2,0,1,0.0,0.0,-20.0,-10.0,-20.0,30,20,15,5,15,60
REJECT,MBP_CONFIRMED,2,0,1,0.0,0.0,-20.0,-10.0,-20.0,30,20,15,5,15,70
REJECT,MBP_CONFIRMED,2,0,1,0.0,0.0,-20.0,-10.0,-20.0,20,20,10,5,15,40
REJECT,MBP_CONFIRMED,2,0,1,0.0,0.0,-20.0,-10.0,-20.0,30,20,15,5,20,40
REJECT,MBP_CONFIRMED,2,0,1,0.0,0.0,-20.0,-10.0,-20.0,20,20,10,5,12,70
REJECT,MBP_CONFIRMED,2,0,1,0.0,0.0,-20.0,-10.0,-20.0,40,20,15,5,20,70
REJECT,MBP_CONFIRMED,2,0,1,0.0,0.0,-20.0,-10.0,-20.0,20,20,10,5,12,60
REJECT,MBP_CONFIRMED,2,0,1,0.0,0.0,-20.0,-10.0,-20.0,40,20,15,10,15,40
REJECT,MBP_CONFIRMED,2,0,1,0.0,0.0,-20.0,-10.0,-20.0,20,20,10,5,12,50
REJECT,MBP_CONFIRMED,2,0,1,0.0,0.0,-20.0,-10.0,-20.0,20,20,15,5,12,70
REJECT,MBP_CONFIRMED,2,0,1,0.0,0.0,-20.0,-10.0,-20.0,40,20,15,10,15,50
REJECT,MBP_CONFIRMED,2,0,1,0.0,0.0,-20.0,-10.0,-20.0,40,20,15,10,15,60
REJECT,MBP_CONFIRMED,2,0,1,0.0,0.0,-20.0,-10.0,-20.0,40,20,15,10,15,70
REJECT,MBP_CONFIRMED,2,0,1,0.0,0.0,-20.0,-10.0,-20.0,40,20,15,10,20,40
REJECT,MBP_CONFIRMED,2,0,1,0.0,0.0,-20.0,-10.0,-20.0,40,20,15,10,20,50
REJECT,MBP_CONFIRMED,2,0,1,0.0,0.0,-20.0,-10.0,-20.0,40,20,15,10,20,60
REJECT,MBP_CONFIRMED,2,0,1,0.0,0.0,-20.0,-10.0,-20.0,40,20,15,10,20,70
REJECT,MBP_CONFIRMED,2,0,1,0.0,0.0,-20.0,-10.0,-20.0,40,20,10,5,12,40
REJECT,MBP_CONFIRMED,2,0,1,0.0,0.0,-20.0,-10.0,-20.0,30,20,15,5,20,50
REJECT,MBP_CONFIRMED,2,0,1,0.0,0.0,-20.0,-10.0,-20.0,30,20,15,5,20,60
REJECT,MBP_CONFIRMED,2,0,1,0.0,0.0,-20.0,-10.0,-20.0,30,20,15,5,20,70
REJECT,MBP_CONFIRMED,2,0,1,0.0,0.0,-20.0,-10.0,-20.0,30,20,15,10,15,40
REJECT,MBP_CONFIRMED,2,0,1,0.0,0.0,-20.0,-10.0,-20.0,30,20,15,10,15,50
REJECT,MBP_CONFIRMED,2,0,1,0.0,0.0,-20.0,-10.0,-20.0,30,20,15,10,15,60
REJECT,MBP_CONFIRMED,2,0,1,0.0,0.0,-20.0,-10.0,-20.0,30,20,15,10,15,70
REJECT,MBP_CONFIRMED,2,0,1,0.0,0.0,-20.0,-10.0,-20.0,25,20,10,10,15,40
REJECT,MBP_CONFIRMED,2,0,1,0.0,0.0,-20.0,-10.0,-20.0,30,20,15,10,20,40
REJECT,MBP_CONFIRMED,2,0,1,0.0,0.0,-20.0,-10.0,-20.0,30,20,15,10,20,50
REJECT,MBP_CONFIRMED,2,0,1,0.0,0.0,-20.0,-10.0,-20.0,30,20,15,10,20,60
REJECT,MBP_CONFIRMED,2,0,1,0.0,0.0,-20.0,-10.0,-20.0,30,20,15,10,20,70
REJECT,MBP_CONFIRMED,2,0,1,0.0,0.0,-20.0,-10.0,-20.0,25,20,10,5,20,70
REJECT,MBP_CONFIRMED,2,0,1,0.0,0.0,-20.0,-10.0,-20.0,25,20,10,5,20,60
REJECT,MBP_CONFIRMED,2,0,1,0.0,0.0,-20.0,-10.0,-20.0,25,20,10,5,20,50
REJECT,MBP_CONFIRMED,2,0,1,0.0,0.0,-20.0,-10.0,-20.0,25,20,10,5,20,40
REJECT,MBP_CONFIRMED,2,0,1,0.0,0.0,-20.0,-10.0,-20.0,25,20,10,5,15,70
REJECT,MBP_CONFIRMED,2,0,1,0.0,0.0,-20.0,-10.0,-20.0,25,20,10,5,15,60
REJECT,MBP_CONFIRMED,2,0,1,0.0,0.0,-20.0,-10.0,-20.0,25,20,10,5,15,50
REJECT,MBP_CONFIRMED,2,0,1,0.0,0.0,-20.0,-10.0,-20.0,25,20,10,5,15,40
REJECT,MBP_CONFIRMED,2,0,1,0.0,0.0,-20.0,-10.0,-20.0,30,20,10,10,15,50
REJECT,MBP_CONFIRMED,2,0,1,0.0,0.0,-20.0,-10.0,-20.0,25,20,10,5,12,70
REJECT,MBP_CONFIRMED,2,0,1,0.0,0.0,-20.0,-10.0,-20.0,25,20,10,5,12,60
REJECT,MBP_CONFIRMED,2,0,1,0.0,0.0,-20.0,-10.0,-20.0,25,20,10,5,12,50
REJECT,MBP_CONFIRMED,2,0,1,0.0,0.0,-25.0,-12.5,-25.0,40,25,10,5,20,60
REJECT,MBP_CONFIRMED,2,0,1,0.0,0.0,-25.0,-12.5,-25.0,20,25,10,5,20,60
REJECT,MBP_CONFIRMED,2,0,1,0.0,0.0,-25.0,-12.5,-25.0,25,25,15,5,15,50
REJECT,MBP_CONFIRMED,2,0,1,0.0,0.0,-25.0,-12.5,-25.0,40,25,10,5,15,50
REJECT,MBP_CONFIRMED,2,0,1,0.0,0.0,-25.0,-12.5,-25.0,25,25,10,5,12,50
REJECT,MBP_CONFIRMED,2,0,1,0.0,0.0,-25.0,-12.5,-25.0,25,25,15,5,15,60
REJECT,MBP_CONFIRMED,2,0,1,0.0,0.0,-25.0,-12.5,-25.0,20,25,10,5,20,70
REJECT,MBP_CONFIRMED,2,0,1,0.0,0.0,-25.0,-12.5,-25.0,25,25,15,5,15,70
REJECT,MBP_CONFIRMED,2,0,1,0.0,0.0,-25.0,-12.5,-25.0,40,25,10,5,15,40
REJECT,MBP_CONFIRMED,2,0,1,0.0,0.0,-25.0,-12.5,-25.0,25,25,15,5,20,40
REJECT,MBP_CONFIRMED,2,0,1,0.0,0.0,-25.0,-12.5,-25.0,25,25,15,5,12,60
REJECT,MBP_CONFIRMED,2,0,1,0.0,0.0,-25.0,-12.5,-25.0,25,25,15,5,20,50
REJECT,MBP_CONFIRMED,2,0,1,0.0,0.0,-25.0,-12.5,-25.0,40,25,10,5,12,70
REJECT,MBP_CONFIRMED,2,0,1,0.0,0.0,-25.0,-12.5,-25.0,25,25,15,5,20,60
REJECT,MBP_CONFIRMED,2,0,1,0.0,0.0,-25.0,-12.5,-25.0,20,25,10,5,20,50
REJECT,MBP_CONFIRMED,2,0,1,0.0,0.0,-25.0,-12.5,-25.0,25,25,15,5,20,70
REJECT,MBP_CONFIRMED,2,0,1,0.0,0.0,-25.0,-12.5,-25.0,40,25,10,5,12,60
REJECT,MBP_CONFIRMED,2,0,1,0.0,0.0,-25.0,-12.5,-25.0,25,25,15,5,12,70
REJECT,MBP_CONFIRMED,2,0,1,0.0,0.0,-25.0,-12.5,-25.0,40,25,10,5,12,50
REJECT,MBP_CONFIRMED,2,0,1,0.0,0.0,-25.0,-12.5,-25.0,40,25,10,5,12,40
REJECT,MBP_CONFIRMED,2,0,1,0.0,0.0,-25.0,-12.5,-25.0,40,25,10,5,15,60
REJECT,MBP_CONFIRMED,2,0,1,0.0,0.0,-25.0,-12.5,-25.0,25,25,15,5,15,40
REJECT,MBP_CONFIRMED,2,0,1,0.0,0.0,-25.0,-12.5,-25.0,20,25,15,5,12,40
REJECT,MBP_CONFIRMED,2,0,1,0.0,0.0,-25.0,-12.5,-25.0,20,25,15,5,12,50
REJECT,MBP_CONFIRMED,2,0,1,0.0,0.0,-25.0,-12.5,-25.0,20,25,15,5,12,60
REJECT,MBP_CONFIRMED,2,0,1,0.0,0.0,-25.0,-12.5,-25.0,20,25,15,5,12,70
REJECT,MBP_CONFIRMED,2,0,1,0.0,0.0,-25.0,-12.5,-25.0,25,25,10,5,12,40
REJECT,MBP_CONFIRMED,2,0,1,0.0,0.0,-25.0,-12.5,-25.0,20,25,15,5,15,50
REJECT,MBP_CONFIRMED,2,0,1,0.0,0.0,-25.0,-12.5,-25.0,20,25,15,5,15,60
REJECT,MBP_CONFIRMED,2,0,1,0.0,0.0,-25.0,-12.5,-25.0,30,25,10,5,12,40
REJECT,MBP_CONFIRMED,2,0,1,0.0,0.0,-25.0,-12.5,-25.0,20,25,15,5,15,70
REJECT,MBP_CONFIRMED,2,0,1,0.0,0.0,-25.0,-12.5,-25.0,30,25,10,5,12,50
REJECT,MBP_CONFIRMED,2,0,1,0.0,0.0,-25.0,-12.5,-25.0,20,25,15,5,20,40
REJECT,MBP_CONFIRMED,2,0,1,0.0,0.0,-25.0,-12.5,-25.0,30,25,10,5,12,60
REJECT,MBP_CONFIRMED,2,0,1,0.0,0.0,-25.0,-12.5,-25.0,25,25,15,5,12,50
REJECT,MBP_CONFIRMED,2,0,1,0.0,0.0,-25.0,-12.5,-25.0,30,25,10,5,12,70
REJECT,MBP_CONFIRMED,2,0,1,0.0,0.0,-25.0,-12.5,-25.0,40,25,10,5,15,70
REJECT,MBP_CONFIRMED,2,0,1,0.0,0.0,-25.0,-12.5,-25.0,25,25,15,5,12,40
REJECT,MBP_CONFIRMED,2,0,1,0.0,0.0,-25.0,-12.5,-25.0,30,25,10,5,15,40
REJECT,MBP_CONFIRMED,2,0,1,0.0,0.0,-25.0,-12.5,-25.0,20,25,10,5,20,40
REJECT,MBP_CONFIRMED,2,0,1,0.0,0.0,-25.0,-12.5,-25.0,30,25,10,5,15,50
REJECT,MBP_CONFIRMED,2,0,1,0.0,0.0,-25.0,-12.5,-25.0,40,25,10,5,20,40
REJECT,MBP_CONFIRMED,2,0,1,0.0,0.0,-25.0,-12.5,-25.0,20,25,10,5,15,70
REJECT,MBP_CONFIRMED,2,0,1,0.0,0.0,-25.0,-12.5,-25.0,30,25,10,5,15,60
REJECT,MBP_CONFIRMED,2,0,1,0.0,0.0,-25.0,-12.5,-25.0,40,25,10,5,20,50
REJECT,MBP_CONFIRMED,2,0,1,0.0,0.0,-25.0,-12.5,-25.0,30,25,10,5,15,70
REJECT,MBP_CONFIRMED,2,0,1,0.0,0.0,-25.0,-12.5,-25.0,20,25,15,5,15,40
REJECT,MBP_CONFIRMED,2,0,1,0.0,0.0,-25.0,-12.5,-25.0,30,25,10,5,20,40
REJECT,MBP_CONFIRMED,2,0,1,0.0,0.0,-25.0,-12.5,-25.0,30,25,10,5,20,50
REJECT,MBP_CONFIRMED,2,0,1,0.0,0.0,-25.0,-12.5,-25.0,30,25,10,5,20,60
REJECT,MBP_CONFIRMED,2,0,1,0.0,0.0,-25.0,-12.5,-25.0,20,25,10,5,15,50
REJECT,MBP_CONFIRMED,2,0,1,0.0,0.0,-25.0,-12.5,-25.0,30,25,10,5,20,70
REJECT,MBP_CONFIRMED,2,0,1,0.0,0.0,-25.0,-12.5,-25.0,40,25,10,5,20,70
REJECT,MBP_CONFIRMED,2,0,1,0.0,0.0,-25.0,-12.5,-25.0,20,25,10,5,15,60
REJECT,MBP_CONFIRMED,2,0,1,0.0,0.0,-25.0,-12.5,-25.0,20,25,10,5,15,40
REJECT,MBP_CONFIRMED,2,0,1,0.0,0.0,-25.0,-12.5,-25.0,20,25,10,5,12,70
REJECT,MBP_CONFIRMED,2,0,1,0.0,0.0,-25.0,-12.5,-25.0,20,25,10,5,12,60
REJECT,MBP_CONFIRMED,2,0,1,0.0,0.0,-25.0,-12.5,-25.0,20,25,10,5,12,50
REJECT,MBP_CONFIRMED,2,0,1,0.0,0.0,-25.0,-12.5,-25.0,20,25,10,5,12,40
REJECT,MBP_CONFIRMED,2,0,1,0.0,0.0,-25.0,-12.5,-25.0,40,25,15,5,12,40
REJECT,MBP_CONFIRMED,2,0,1,0.0,0.0,-25.0,-12.5,-25.0,40,25,15,5,12,50
REJECT,MBP_CONFIRMED,2,0,1,0.0,0.0,-25.0,-12.5,-25.0,40,25,15,5,12,60
REJECT,MBP_CONFIRMED,2,0,1,0.0,0.0,-25.0,-12.5,-25.0,40,25,15,5,12,70
REJECT,MBP_CONFIRMED,2,0,1,0.0,0.0,-25.0,-12.5,-25.0,20,25,15,5,20,50
REJECT,MBP_CONFIRMED,2,0,1,0.0,0.0,-25.0,-12.5,-25.0,20,25,15,5,20,60
REJECT,MBP_CONFIRMED,2,0,1,0.0,0.0,-25.0,-12.5,-25.0,20,25,15,5,20,70
REJECT,MBP_CONFIRMED,2,0,1,0.0,0.0,-25.0,-12.5,-25.0,30,25,15,5,12,40
REJECT,MBP_CONFIRMED,2,0,1,0.0,0.0,-25.0,-12.5,-25.0,30,25,15,5,12,50
REJECT,MBP_CONFIRMED,2,0,1,0.0,0.0,-25.0,-12.5,-25.0,30,25,15,5,12,60
REJECT,MBP_CONFIRMED,2,0,1,0.0,0.0,-25.0,-12.5,-25.0,30,25,15,5,12,70
REJECT,MBP_CONFIRMED,2,0,1,0.0,0.0,-25.0,-12.5,-25.0,40,25,15,5,15,40
REJECT,MBP_CONFIRMED,2,0,1,0.0,0.0,-25.0,-12.5,-25.0,40,25,15,5,15,50
REJECT,MBP_CONFIRMED,2,0,1,0.0,0.0,-25.0,-12.5,-25.0,30,25,15,5,15,40
REJECT,MBP_CONFIRMED,2,0,1,0.0,0.0,-25.0,-12.5,-25.0,40,25,15,5,15,60
REJECT,MBP_CONFIRMED,2,0,1,0.0,0.0,-25.0,-12.5,-25.0,40,25,15,5,15,70
REJECT,MBP_CONFIRMED,2,0,1,0.0,0.0,-25.0,-12.5,-25.0,30,25,15,5,15,50
REJECT,MBP_CONFIRMED,2,0,1,0.0,0.0,-25.0,-12.5,-25.0,25,25,10,5,20,70
REJECT,MBP_CONFIRMED,2,0,1,0.0,0.0,-25.0,-12.5,-25.0,30,25,15,5,15,60
REJECT,MBP_CONFIRMED,2,0,1,0.0,0.0,-25.0,-12.5,-25.0,40,25,15,5,20,40
REJECT,MBP_CONFIRMED,2,0,1,0.0,0.0,-25.0,-12.5,-25.0,30,25,15,5,15,70
REJECT,MBP_CONFIRMED,2,0,1,0.0,0.0,-25.0,-12.5,-25.0,40,25,15,5,20,50
REJECT,MBP_CONFIRMED,2,0,1,0.0,0.0,-25.0,-12.5,-25.0,30,25,15,5,20,40
REJECT,MBP_CONFIRMED,2,0,1,0.0,0.0,-25.0,-12.5,-25.0,40,25,15,5,20,60
REJECT,MBP_CONFIRMED,2,0,1,0.0,0.0,-25.0,-12.5,-25.0,30,25,15,5,20,50
REJECT,MBP_CONFIRMED,2,0,1,0.0,0.0,-25.0,-12.5,-25.0,30,25,15,5,20,60
REJECT,MBP_CONFIRMED,2,0,1,0.0,0.0,-25.0,-12.5,-25.0,30,25,15,5,20,70
REJECT,MBP_CONFIRMED,2,0,1,0.0,0.0,-25.0,-12.5,-25.0,40,25,15,5,20,70
REJECT,MBP_CONFIRMED,2,0,1,0.0,0.0,-25.0,-12.5,-25.0,25,25,10,5,20,60
REJECT,MBP_CONFIRMED,2,0,1,0.0,0.0,-25.0,-12.5,-25.0,25,25,10,5,20,50
REJECT,MBP_CONFIRMED,2,0,1,0.0,0.0,-25.0,-12.5,-25.0,25,25,10,5,20,40
REJECT,MBP_CONFIRMED,2,0,1,0.0,0.0,-25.0,-12.5,-25.0,25,25,10,5,15,70
REJECT,MBP_CONFIRMED,2,0,1,0.0,0.0,-25.0,-12.5,-25.0,25,25,10,5,15,60
REJECT,MBP_CONFIRMED,2,0,1,0.0,0.0,-25.0,-12.5,-25.0,25,25,10,5,15,50
REJECT,MBP_CONFIRMED,2,0,1,0.0,0.0,-25.0,-12.5,-25.0,25,25,10,5,15,40
REJECT,MBP_CONFIRMED,2,0,1,0.0,0.0,-25.0,-12.5,-25.0,25,25,10,5,12,70
REJECT,MBP_CONFIRMED,2,0,1,0.0,0.0,-25.0,-12.5,-25.0,25,25,10,5,12,60
