model,trade_date,entry_time,direction,pnl_points,rolling_50_net,rolling_50_wr
ATR_8_PLUS,2018-01-30,2018-01-30 09:06:00,SHORT,-20.0,,
ATR_8_PLUS,2018-02-02,2018-02-02 09:01:00,SHORT,20.0,,
ATR_8_PLUS,2018-02-05,2018-02-05 09:06:00,LONG,20.0,,
ATR_8_PLUS,2018-02-07,2018-02-07 09:06:00,LONG,20.0,,
ATR_8_PLUS,2018-02-08,2018-02-08 09:34:00,SHORT,20.0,,
ATR_8_PLUS,2018-02-09,2018-02-09 09:41:00,SHORT,20.0,,
ATR_8_PLUS,2018-02-12,2018-02-12 09:13:00,SHORT,20.0,,
ATR_8_PLUS,2018-02-13,2018-02-13 09:10:00,LONG,20.0,,
ATR_8_PLUS,2018-02-14,2018-02-14 09:13:00,LONG,20.0,,
ATR_8_PLUS,2018-02-15,2018-02-15 09:46:00,SHORT,20.0,,
ATR_8_PLUS,2018-03-02,2018-03-02 09:35:00,LONG,20.0,,
ATR_8_PLUS,2018-03-05,2018-03-05 09:14:00,SHORT,-20.0,,
ATR_8_PLUS,2018-03-06,2018-03-06 10:05:00,SHORT,20.0,,
ATR_8_PLUS,2018-03-26,2018-03-26 09:33:00,SHORT,-20.0,,
ATR_8_PLUS,2018-03-27,2018-03-27 09:01:00,SHORT,-20.0,,
ATR_8_PLUS,2018-03-28,2018-03-28 10:32:00,LONG,20.0,,
ATR_8_PLUS,2018-04-02,2018-04-02 09:01:00,SHORT,20.0,,
ATR_8_PLUS,2018-04-03,2018-04-03 09:01:00,LONG,20.0,,
ATR_8_PLUS,2018-04-04,2018-04-04 09:17:00,LONG,20.0,,
ATR_8_PLUS,2018-04-06,2018-04-06 09:02:00,SHORT,-20.0,,
ATR_8_PLUS,2018-04-10,2018-04-10 09:52:00,SHORT,20.0,,
ATR_8_PLUS,2018-04-24,2018-04-24 09:29:00,SHORT,20.0,,
ATR_8_PLUS,2018-04-25,2018-04-25 09:02:00,LONG,20.0,,
ATR_8_PLUS,2018-04-27,2018-04-27 09:14:00,LONG,20.0,,
ATR_8_PLUS,2018-06-08,2018-06-08 09:09:00,LONG,-20.0,,
ATR_8_PLUS,2018-06-27,2018-06-27 09:15:00,SHORT,20.0,,
ATR_8_PLUS,2018-06-28,2018-06-28 09:25:00,LONG,-20.0,,
ATR_8_PLUS,2018-08-15,2018-08-15 09:35:00,LONG,-20.0,,
ATR_8_PLUS,2018-09-07,2018-09-07 10:49:00,SHORT,20.0,,
ATR_8_PLUS,2018-09-12,2018-09-12 09:50:00,LONG,20.0,,
ATR_8_PLUS,2018-10-10,2018-10-10 09:05:00,SHORT,20.0,,
ATR_8_PLUS,2018-10-11,2018-10-11 09:01:00,SHORT,20.0,,
ATR_8_PLUS,2018-10-12,2018-10-12 09:56:00,SHORT,20.0,,
ATR_8_PLUS,2018-10-23,2018-10-23 09:16:00,LONG,20.0,,
ATR_8_PLUS,2018-10-24,2018-10-24 09:55:00,SHORT,20.0,,
ATR_8_PLUS,2018-10-25,2018-10-25 09:05:00,SHORT,-20.0,,
ATR_8_PLUS,2018-10-26,2018-10-26 09:19:00,LONG,20.0,,
ATR_8_PLUS,2018-10-29,2018-10-29 09:10:00,SHORT,20.0,,
ATR_8_PLUS,2018-10-30,2018-10-30 09:36:00,LONG,20.0,,
ATR_8_PLUS,2018-10-31,2018-10-31 09:04:00,SHORT,20.0,,
ATR_8_PLUS,2018-11-01,2018-11-01 09:18:00,LONG,20.0,,
ATR_8_PLUS,2018-11-02,2018-11-02 09:21:00,SHORT,-20.0,,
ATR_8_PLUS,2018-11-05,2018-11-05 09:03:00,SHORT,20.0,,
ATR_8_PLUS,2018-11-07,2018-11-07 09:03:00,LONG,20.0,,
ATR_8_PLUS,2018-11-08,2018-11-08 09:03:00,LONG,-20.0,,
ATR_8_PLUS,2018-11-09,2018-11-09 09:10:00,SHORT,20.0,,
ATR_8_PLUS,2018-11-12,2018-11-12 09:01:00,SHORT,20.0,,
ATR_8_PLUS,2018-11-13,2018-11-13 09:22:00,SHORT,20.0,,
ATR_8_PLUS,2018-11-14,2018-11-14 09:03:00,SHORT,20.0,,
ATR_8_PLUS,2018-11-15,2018-11-15 09:31:00,SHORT,20.0,560.0,0.78
ATR_8_PLUS,2018-11-16,2018-11-16 09:15:00,LONG,20.0,600.0,0.8
ATR_8_PLUS,2018-11-19,2018-11-19 09:05:00,SHORT,20.0,600.0,0.8
ATR_8_PLUS,2018-11-20,2018-11-20 09:12:00,SHORT,20.0,600.0,0.8
ATR_8_PLUS,2018-11-26,2018-11-26 09:02:00,LONG,-20.0,560.0,0.78
ATR_8_PLUS,2018-11-27,2018-11-27 09:05:00,LONG,20.0,560.0,0.78
ATR_8_PLUS,2018-11-29,2018-11-29 09:19:00,SHORT,-20.0,520.0,0.76
ATR_8_PLUS,2018-12-06,2018-12-06 10:27:00,SHORT,-20.0,480.0,0.74
ATR_8_PLUS,2018-12-07,2018-12-07 09:11:00,SHORT,20.0,480.0,0.74
ATR_8_PLUS,2018-12-10,2018-12-10 09:54:00,SHORT,20.0,480.0,0.74
ATR_8_PLUS,2018-12-11,2018-12-11 09:18:00,SHORT,-20.0,440.0,0.72
ATR_8_PLUS,2018-12-12,2018-12-12 09:04:00,LONG,20.0,440.0,0.72
ATR_8_PLUS,2018-12-13,2018-12-13 09:47:00,SHORT,20.0,480.0,0.74
ATR_8_PLUS,2018-12-14,2018-12-14 09:04:00,LONG,-20.0,440.0,0.72
ATR_8_PLUS,2018-12-17,2018-12-17 09:42:00,LONG,20.0,480.0,0.74
ATR_8_PLUS,2018-12-20,2018-12-20 09:05:00,LONG,20.0,520.0,0.76
ATR_8_PLUS,2018-12-21,2018-12-21 09:04:00,SHORT,20.0,520.0,0.76
ATR_8_PLUS,2018-12-26,2018-12-26 09:06:00,SHORT,20.0,520.0,0.76
ATR_8_PLUS,2018-12-27,2018-12-27 09:13:00,SHORT,20.0,520.0,0.76
ATR_8_PLUS,2018-12-28,2018-12-28 09:25:00,SHORT,20.0,520.0,0.76
ATR_8_PLUS,2018-12-31,2018-12-31 09:15:00,SHORT,20.0,560.0,0.78
ATR_8_PLUS,2019-01-03,2019-01-03 09:01:00,SHORT,20.0,560.0,0.78
ATR_8_PLUS,2019-01-07,2019-01-07 09:31:00,LONG,20.0,560.0,0.78
ATR_8_PLUS,2019-02-01,2019-02-01 09:10:00,LONG,-20.0,520.0,0.76
ATR_8_PLUS,2019-02-14,2019-02-14 09:42:00,LONG,20.0,520.0,0.76
ATR_8_PLUS,2019-03-07,2019-03-07 09:17:00,SHORT,-20.0,520.0,0.76
ATR_8_PLUS,2019-03-08,2019-03-08 09:44:00,LONG,-20.0,480.0,0.74
ATR_8_PLUS,2019-05-07,2019-05-07 09:58:00,SHORT,-20.0,480.0,0.74
ATR_8_PLUS,2019-05-08,2019-05-08 09:05:00,LONG,-20.0,480.0,0.74
ATR_8_PLUS,2019-05-10,2019-05-10 09:43:00,SHORT,-20.0,440.0,0.72
ATR_8_PLUS,2019-05-13,2019-05-13 09:27:00,SHORT,20.0,440.0,0.72
ATR_8_PLUS,2019-06-14,2019-06-14 09:20:00,SHORT,-20.0,400.0,0.7
ATR_8_PLUS,2019-08-06,2019-08-06 10:08:00,SHORT,20.0,400.0,0.7
ATR_8_PLUS,2019-08-07,2019-08-07 10:06:00,SHORT,-20.0,360.0,0.68
ATR_8_PLUS,2019-08-13,2019-08-13 09:02:00,SHORT,20.0,360.0,0.68
ATR_8_PLUS,2019-08-14,2019-08-14 09:06:00,SHORT,20.0,360.0,0.68
ATR_8_PLUS,2019-08-15,2019-08-15 09:27:00,SHORT,-20.0,360.0,0.68
ATR_8_PLUS,2019-09-25,2019-09-25 09:03:00,LONG,20.0,360.0,0.68
ATR_8_PLUS,2019-09-26,2019-09-26 09:05:00,SHORT,20.0,360.0,0.68
ATR_8_PLUS,2019-09-27,2019-09-27 10:00:00,SHORT,20.0,360.0,0.68
ATR_8_PLUS,2019-10-03,2019-10-03 09:01:00,LONG,20.0,360.0,0.68
ATR_8_PLUS,2019-12-12,2019-12-12 09:45:00,LONG,20.0,360.0,0.68
ATR_8_PLUS,2019-12-13,2019-12-13 09:06:00,LONG,20.0,400.0,0.7
ATR_8_PLUS,2020-01-08,2020-01-08 10:36:00,LONG,20.0,400.0,0.7
ATR_8_PLUS,2020-01-29,2020-01-29 09:24:00,SHORT,-20.0,360.0,0.68
ATR_8_PLUS,2020-01-31,2020-01-31 09:08:00,SHORT,20.0,400.0,0.7
ATR_8_PLUS,2020-02-03,2020-02-03 09:06:00,LONG,20.0,400.0,0.7
ATR_8_PLUS,2020-02-05,2020-02-05 09:14:00,SHORT,20.0,400.0,0.7
ATR_8_PLUS,2020-02-25,2020-02-25 09:21:00,SHORT,20.0,400.0,0.7
ATR_8_PLUS,2020-02-27,2020-02-27 09:25:00,SHORT,20.0,400.0,0.7
ATR_8_PLUS,2020-03-02,2020-03-02 09:06:00,SHORT,20.0,400.0,0.7
ATR_8_PLUS,2020-03-04,2020-03-04 09:23:00,LONG,-20.0,360.0,0.68
ATR_8_PLUS,2020-03-05,2020-03-05 09:19:00,LONG,20.0,360.0,0.68
ATR_8_PLUS,2020-03-06,2020-03-06 09:18:00,LONG,-20.0,320.0,0.66
ATR_8_PLUS,2020-03-09,2020-03-09 09:18:00,LONG,20.0,360.0,0.68
ATR_8_PLUS,2020-03-10,2020-03-10 09:01:00,SHORT,-20.0,320.0,0.66
ATR_8_PLUS,2020-03-11,2020-03-11 09:22:00,SHORT,20.0,360.0,0.68
ATR_8_PLUS,2020-03-12,2020-03-12 09:09:00,SHORT,20.0,400.0,0.7
ATR_8_PLUS,2020-03-24,2020-03-24 09:07:00,SHORT,-20.0,360.0,0.68
ATR_8_PLUS,2020-03-25,2020-03-25 09:06:00,LONG,-20.0,320.0,0.66
ATR_8_PLUS,2020-03-26,2020-03-26 09:30:00,LONG,20.0,360.0,0.68
ATR_8_PLUS,2020-03-27,2020-03-27 09:03:00,LONG,20.0,360.0,0.68
ATR_8_PLUS,2020-03-30,2020-03-30 09:08:00,LONG,20.0,360.0,0.68
ATR_8_PLUS,2020-03-31,2020-03-31 09:02:00,SHORT,20.0,400.0,0.7
ATR_8_PLUS,2020-04-01,2020-04-01 09:05:00,LONG,20.0,400.0,0.7
ATR_8_PLUS,2020-04-02,2020-04-02 11:27:00,SHORT,20.0,400.0,0.7
ATR_8_PLUS,2020-04-03,2020-04-03 09:18:00,SHORT,20.0,400.0,0.7
ATR_8_PLUS,2020-04-07,2020-04-07 09:33:00,LONG,20.0,400.0,0.7
ATR_8_PLUS,2020-04-08,2020-04-08 09:12:00,LONG,20.0,400.0,0.7
ATR_8_PLUS,2020-04-09,2020-04-09 09:13:00,SHORT,-20.0,360.0,0.68
ATR_8_PLUS,2020-04-13,2020-04-13 09:03:00,SHORT,-20.0,320.0,0.66
ATR_8_PLUS,2020-04-14,2020-04-14 09:05:00,SHORT,20.0,320.0,0.66
ATR_8_PLUS,2020-04-15,2020-04-15 11:17:00,LONG,-12.75,287.25,0.64
ATR_8_PLUS,2020-04-16,2020-04-16 09:09:00,LONG,20.0,327.25,0.66
ATR_8_PLUS,2020-04-17,2020-04-17 09:25:00,SHORT,20.0,327.25,0.66
ATR_8_PLUS,2020-04-20,2020-04-20 09:36:00,LONG,-20.0,327.25,0.66
ATR_8_PLUS,2020-04-24,2020-04-24 09:03:00,SHORT,-20.0,327.25,0.66
ATR_8_PLUS,2020-04-28,2020-04-28 10:18:00,SHORT,-20.0,327.25,0.66
ATR_8_PLUS,2020-04-30,2020-04-30 09:59:00,SHORT,20.0,367.25,0.68
ATR_8_PLUS,2020-05-01,2020-05-01 09:16:00,SHORT,20.0,407.25,0.7
ATR_8_PLUS,2020-05-04,2020-05-04 09:10:00,LONG,20.0,407.25,0.7
ATR_8_PLUS,2020-05-13,2020-05-13 09:05:00,SHORT,-20.0,407.25,0.7
ATR_8_PLUS,2020-05-14,2020-05-14 09:06:00,LONG,20.0,407.25,0.7
ATR_8_PLUS,2020-05-15,2020-05-15 09:02:00,SHORT,20.0,447.25,0.72
ATR_8_PLUS,2020-05-19,2020-05-19 09:29:00,LONG,-20.0,407.25,0.7
ATR_8_PLUS,2020-05-20,2020-05-20 10:55:00,SHORT,-20.0,367.25,0.68
ATR_8_PLUS,2020-05-21,2020-05-21 09:07:00,SHORT,20.0,407.25,0.7
ATR_8_PLUS,2020-05-22,2020-05-22 09:04:00,SHORT,-20.0,367.25,0.68
ATR_8_PLUS,2020-05-29,2020-05-29 09:04:00,SHORT,-20.0,327.25,0.66
ATR_8_PLUS,2020-06-02,2020-06-02 09:03:00,SHORT,20.0,327.25,0.66
ATR_8_PLUS,2020-06-11,2020-06-11 09:02:00,SHORT,-20.0,287.25,0.64
ATR_8_PLUS,2020-06-15,2020-06-15 09:04:00,LONG,-20.0,247.25,0.62
ATR_8_PLUS,2020-06-18,2020-06-18 09:09:00,LONG,-20.0,207.25,0.6
ATR_8_PLUS,2020-06-24,2020-06-24 09:08:00,SHORT,20.0,207.25,0.6
ATR_8_PLUS,2020-06-25,2020-06-25 09:02:00,SHORT,20.0,247.25,0.62
ATR_8_PLUS,2020-06-26,2020-06-26 09:13:00,LONG,-20.0,207.25,0.6
ATR_8_PLUS,2020-06-29,2020-06-29 09:11:00,SHORT,-20.0,167.25,0.58
ATR_8_PLUS,2020-07-01,2020-07-01 09:44:00,LONG,20.0,167.25,0.58
ATR_8_PLUS,2020-07-02,2020-07-02 09:03:00,SHORT,20.0,167.25,0.58
ATR_8_PLUS,2020-07-08,2020-07-08 09:03:00,SHORT,20.0,167.25,0.58
ATR_8_PLUS,2020-07-13,2020-07-13 09:02:00,LONG,20.0,167.25,0.58
ATR_8_PLUS,2020-07-14,2020-07-14 09:34:00,LONG,20.0,207.25,0.6
ATR_8_PLUS,2020-07-15,2020-07-15 09:02:00,SHORT,20.0,207.25,0.6
ATR_8_PLUS,2020-07-16,2020-07-16 09:01:00,SHORT,20.0,247.25,0.62
ATR_8_PLUS,2020-07-21,2020-07-21 09:48:00,SHORT,20.0,247.25,0.62
ATR_8_PLUS,2020-07-22,2020-07-22 09:16:00,SHORT,-20.0,247.25,0.62
ATR_8_PLUS,2020-07-23,2020-07-23 09:04:00,SHORT,20.0,247.25,0.62
ATR_8_PLUS,2020-07-24,2020-07-24 09:24:00,LONG,20.0,247.25,0.62
ATR_8_PLUS,2020-07-27,2020-07-27 09:19:00,SHORT,20.0,287.25,0.64
ATR_8_PLUS,2020-07-28,2020-07-28 09:15:00,LONG,-20.0,287.25,0.64
ATR_8_PLUS,2020-07-29,2020-07-29 10:22:00,SHORT,-8.75,258.5,0.62
ATR_8_PLUS,2020-07-30,2020-07-30 09:03:00,LONG,20.0,258.5,0.62
ATR_8_PLUS,2020-07-31,2020-07-31 09:02:00,LONG,20.0,258.5,0.62
ATR_8_PLUS,2020-08-04,2020-08-04 09:42:00,SHORT,20.0,258.5,0.62
ATR_8_PLUS,2020-08-11,2020-08-11 09:51:00,LONG,20.0,258.5,0.62
ATR_8_PLUS,2020-08-21,2020-08-21 09:11:00,SHORT,20.0,258.5,0.62
ATR_8_PLUS,2020-08-24,2020-08-24 10:16:00,LONG,-20.0,218.5,0.6
ATR_8_PLUS,2020-08-25,2020-08-25 09:02:00,LONG,20.0,218.5,0.6
ATR_8_PLUS,2020-08-27,2020-08-27 09:11:00,LONG,-20.0,178.5,0.58
ATR_8_PLUS,2020-08-28,2020-08-28 11:25:00,SHORT,12.25,210.75,0.6
ATR_8_PLUS,2020-08-31,2020-08-31 09:16:00,LONG,-20.0,210.75,0.6
ATR_8_PLUS,2020-09-01,2020-09-01 09:04:00,SHORT,-20.0,170.75,0.58
ATR_8_PLUS,2020-09-02,2020-09-02 09:10:00,SHORT,20.0,203.5,0.6
ATR_8_PLUS,2020-09-07,2020-09-07 09:05:00,LONG,-20.0,163.5,0.58
ATR_8_PLUS,2020-09-09,2020-09-09 09:01:00,LONG,20.0,163.5,0.58
ATR_8_PLUS,2020-09-11,2020-09-11 09:32:00,SHORT,20.0,203.5,0.6
ATR_8_PLUS,2020-09-14,2020-09-14 09:12:00,SHORT,-20.0,203.5,0.6
ATR_8_PLUS,2020-09-15,2020-09-15 09:06:00,LONG,20.0,243.5,0.62
ATR_8_PLUS,2020-09-16,2020-09-16 09:19:00,LONG,-20.0,203.5,0.6
ATR_8_PLUS,2020-09-17,2020-09-17 09:07:00,LONG,-20.0,163.5,0.58
ATR_8_PLUS,2020-09-18,2020-09-18 09:01:00,SHORT,-20.0,123.5,0.56
ATR_8_PLUS,2020-09-21,2020-09-21 09:28:00,LONG,20.0,163.5,0.58
ATR_8_PLUS,2020-09-22,2020-09-22 09:03:00,SHORT,20.0,163.5,0.58
ATR_8_PLUS,2020-09-23,2020-09-23 09:31:00,SHORT,20.0,163.5,0.58
ATR_8_PLUS,2020-09-25,2020-09-25 09:13:00,LONG,20.0,203.5,0.6
ATR_8_PLUS,2020-09-28,2020-09-28 10:17:00,SHORT,-20.0,203.5,0.6
ATR_8_PLUS,2020-09-29,2020-09-29 09:39:00,LONG,-20.0,163.5,0.58
ATR_8_PLUS,2020-09-30,2020-09-30 09:02:00,SHORT,-20.0,163.5,0.58
ATR_8_PLUS,2020-10-01,2020-10-01 09:12:00,SHORT,-20.0,163.5,0.58
ATR_8_PLUS,2020-10-02,2020-10-02 09:26:00,SHORT,20.0,163.5,0.58
ATR_8_PLUS,2020-10-06,2020-10-06 09:09:00,SHORT,20.0,203.5,0.6
ATR_8_PLUS,2020-10-07,2020-10-07 09:04:00,LONG,20.0,243.5,0.62
ATR_8_PLUS,2020-10-08,2020-10-08 09:06:00,LONG,-20.0,243.5,0.62
ATR_8_PLUS,2020-10-09,2020-10-09 10:27:00,LONG,20.0,243.5,0.62
ATR_8_PLUS,2020-10-13,2020-10-13 09:08:00,LONG,20.0,243.5,0.62
ATR_8_PLUS,2020-10-14,2020-10-14 09:06:00,LONG,-20.0,243.5,0.62
ATR_8_PLUS,2020-10-15,2020-10-15 09:11:00,LONG,20.0,283.5,0.64
ATR_8_PLUS,2020-10-16,2020-10-16 09:06:00,SHORT,20.0,283.5,0.64
ATR_8_PLUS,2020-10-19,2020-10-19 10:25:00,SHORT,-20.0,243.5,0.62
ATR_8_PLUS,2020-10-20,2020-10-20 09:09:00,SHORT,-20.0,203.5,0.6
ATR_8_PLUS,2020-10-21,2020-10-21 09:09:00,SHORT,20.0,203.5,0.6
ATR_8_PLUS,2020-10-22,2020-10-22 09:15:00,LONG,-20.0,163.5,0.58
ATR_8_PLUS,2020-10-23,2020-10-23 09:12:00,LONG,-20.0,123.5,0.56
ATR_8_PLUS,2020-10-27,2020-10-27 09:18:00,LONG,-20.0,83.5,0.54
ATR_8_PLUS,2020-10-28,2020-10-28 09:32:00,SHORT,-20.0,43.5,0.52
ATR_8_PLUS,2020-10-29,2020-10-29 09:15:00,LONG,20.0,83.5,0.54
ATR_8_PLUS,2020-10-30,2020-10-30 09:40:00,SHORT,-20.0,43.5,0.52
ATR_8_PLUS,2020-11-02,2020-11-02 10:12:00,SHORT,20.0,43.5,0.52
ATR_8_PLUS,2020-11-03,2020-11-03 09:01:00,LONG,20.0,43.5,0.52
ATR_8_PLUS,2020-11-05,2020-11-05 09:02:00,LONG,20.0,83.5,0.54
ATR_8_PLUS,2020-11-12,2020-11-12 09:42:00,LONG,-20.0,72.25,0.54
ATR_8_PLUS,2020-11-13,2020-11-13 09:02:00,SHORT,20.0,72.25,0.54
ATR_8_PLUS,2020-11-16,2020-11-16 09:23:00,LONG,20.0,72.25,0.54
ATR_8_PLUS,2020-11-19,2020-11-19 10:07:00,LONG,20.0,72.25,0.54
ATR_8_PLUS,2020-11-23,2020-11-23 09:07:00,SHORT,20.0,72.25,0.54
ATR_8_PLUS,2020-11-25,2020-11-25 09:05:00,SHORT,20.0,72.25,0.54
ATR_8_PLUS,2020-11-27,2020-11-27 09:10:00,LONG,20.0,112.25,0.56
ATR_8_PLUS,2020-11-30,2020-11-30 09:28:00,SHORT,20.0,112.25,0.56
ATR_8_PLUS,2020-12-01,2020-12-01 09:01:00,LONG,20.0,152.25,0.58
ATR_8_PLUS,2020-12-02,2020-12-02 09:13:00,LONG,20.0,160.0,0.58
ATR_8_PLUS,2020-12-03,2020-12-03 09:04:00,LONG,20.0,200.0,0.6
ATR_8_PLUS,2020-12-07,2020-12-07 09:01:00,LONG,20.0,240.0,0.62
ATR_8_PLUS,2020-12-08,2020-12-08 09:20:00,SHORT,20.0,240.0,0.62
ATR_8_PLUS,2020-12-09,2020-12-09 09:16:00,SHORT,-20.0,240.0,0.62
ATR_8_PLUS,2020-12-11,2020-12-11 09:13:00,LONG,-20.0,200.0,0.6
ATR_8_PLUS,2020-12-14,2020-12-14 09:13:00,LONG,20.0,200.0,0.6
ATR_8_PLUS,2020-12-15,2020-12-15 09:39:00,SHORT,20.0,240.0,0.62
ATR_8_PLUS,2020-12-17,2020-12-17 09:06:00,SHORT,20.0,240.0,0.62
ATR_8_PLUS,2020-12-18,2020-12-18 09:02:00,SHORT,20.0,280.0,0.64
ATR_8_PLUS,2020-12-21,2020-12-21 10:32:00,SHORT,-20.0,280.0,0.64
ATR_8_PLUS,2020-12-22,2020-12-22 10:02:00,SHORT,-20.0,280.0,0.64
ATR_8_PLUS,2020-12-28,2020-12-28 09:06:00,SHORT,20.0,280.0,0.64
ATR_8_PLUS,2020-12-29,2020-12-29 09:11:00,SHORT,20.0,280.0,0.64
ATR_8_PLUS,2020-12-30,2020-12-30 09:12:00,SHORT,20.0,280.0,0.64
ATR_8_PLUS,2021-01-04,2021-01-04 09:12:00,SHORT,-20.0,240.0,0.62
ATR_8_PLUS,2021-01-05,2021-01-05 09:04:00,LONG,-20.0,240.0,0.62
ATR_8_PLUS,2021-01-06,2021-01-06 09:12:00,LONG,20.0,280.0,0.64
ATR_8_PLUS,2021-01-07,2021-01-07 09:01:00,LONG,20.0,320.0,0.66
ATR_8_PLUS,2021-01-08,2021-01-08 09:27:00,SHORT,20.0,360.0,0.68
ATR_8_PLUS,2021-01-11,2021-01-11 09:08:00,LONG,20.0,360.0,0.68
ATR_8_PLUS,2021-01-12,2021-01-12 11:05:00,SHORT,20.0,360.0,0.68
ATR_8_PLUS,2021-01-13,2021-01-13 10:17:00,LONG,20.0,360.0,0.68
ATR_8_PLUS,2021-01-19,2021-01-19 10:18:00,SHORT,-20.0,360.0,0.68
ATR_8_PLUS,2021-01-20,2021-01-20 09:08:00,LONG,20.0,360.0,0.68
ATR_8_PLUS,2021-01-21,2021-01-21 09:11:00,LONG,20.0,360.0,0.68
ATR_8_PLUS,2021-01-25,2021-01-25 09:44:00,SHORT,20.0,400.0,0.7
ATR_8_PLUS,2021-01-26,2021-01-26 09:49:00,LONG,20.0,400.0,0.7
ATR_8_PLUS,2021-02-02,2021-02-02 09:19:00,LONG,-20.0,360.0,0.68
ATR_8_PLUS,2021-02-03,2021-02-03 09:11:00,SHORT,20.0,400.0,0.7
ATR_8_PLUS,2021-02-04,2021-02-04 09:04:00,SHORT,-20.0,400.0,0.7
ATR_8_PLUS,2021-02-05,2021-02-05 09:02:00,SHORT,-20.0,360.0,0.68
ATR_8_PLUS,2021-02-08,2021-02-08 09:05:00,LONG,-20.0,360.0,0.68
ATR_8_PLUS,2021-02-09,2021-02-09 09:01:00,LONG,20.0,400.0,0.7
ATR_8_PLUS,2021-02-10,2021-02-10 09:13:00,SHORT,20.0,440.0,0.72
ATR_8_PLUS,2021-02-11,2021-02-11 11:22:00,SHORT,20.0,480.0,0.74
ATR_8_PLUS,2021-02-12,2021-02-12 09:14:00,LONG,-20.0,440.0,0.72
ATR_8_PLUS,2021-02-16,2021-02-16 10:09:00,SHORT,20.0,480.0,0.74
ATR_8_PLUS,2021-02-17,2021-02-17 09:22:00,SHORT,20.0,480.0,0.74
ATR_8_PLUS,2021-02-18,2021-02-18 09:06:00,SHORT,20.0,480.0,0.74
ATR_8_PLUS,2021-02-19,2021-02-19 09:19:00,SHORT,-20.0,440.0,0.72
ATR_8_PLUS,2021-02-22,2021-02-22 09:24:00,SHORT,20.0,480.0,0.74
ATR_8_PLUS,2021-02-24,2021-02-24 09:02:00,SHORT,20.0,480.0,0.74
ATR_8_PLUS,2021-02-25,2021-02-25 09:04:00,SHORT,20.0,480.0,0.74
ATR_8_PLUS,2021-03-01,2021-03-01 09:17:00,LONG,20.0,480.0,0.74
ATR_8_PLUS,2021-03-11,2021-03-11 09:20:00,SHORT,-20.0,440.0,0.72
ATR_8_PLUS,2021-03-12,2021-03-12 09:52:00,SHORT,20.0,440.0,0.72
ATR_8_PLUS,2021-03-15,2021-03-15 09:07:00,LONG,-20.0,400.0,0.7
ATR_8_PLUS,2021-03-16,2021-03-16 09:48:00,SHORT,20.0,400.0,0.7
ATR_8_PLUS,2021-03-17,2021-03-17 09:02:00,SHORT,-20.0,360.0,0.68
ATR_8_PLUS,2021-03-18,2021-03-18 10:10:00,LONG,-20.0,320.0,0.66
ATR_8_PLUS,2021-03-19,2021-03-19 09:03:00,LONG,-20.0,280.0,0.64
ATR_8_PLUS,2021-03-23,2021-03-23 09:05:00,LONG,20.0,280.0,0.64
ATR_8_PLUS,2021-03-24,2021-03-24 09:02:00,LONG,20.0,280.0,0.64
ATR_8_PLUS,2021-03-26,2021-03-26 09:02:00,SHORT,-20.0,280.0,0.64
ATR_8_PLUS,2021-03-29,2021-03-29 09:54:00,LONG,-20.0,280.0,0.64
ATR_8_PLUS,2021-03-30,2021-03-30 09:10:00,LONG,20.0,280.0,0.64
ATR_8_PLUS,2021-04-01,2021-04-01 09:14:00,SHORT,20.0,280.0,0.64
ATR_8_PLUS,2021-04-06,2021-04-06 09:11:00,LONG,20.0,280.0,0.64
ATR_8_PLUS,2021-04-07,2021-04-07 10:37:00,SHORT,20.0,280.0,0.64
ATR_8_PLUS,2021-04-08,2021-04-08 09:16:00,SHORT,-20.0,280.0,0.64
ATR_8_PLUS,2021-04-09,2021-04-09 09:05:00,SHORT,-20.0,280.0,0.64
ATR_8_PLUS,2021-04-14,2021-04-14 09:03:00,SHORT,20.0,280.0,0.64
ATR_8_PLUS,2021-04-19,2021-04-19 10:03:00,SHORT,-20.0,240.0,0.62
ATR_8_PLUS,2021-04-20,2021-04-20 09:57:00,SHORT,20.0,240.0,0.62
ATR_8_PLUS,2021-04-21,2021-04-21 09:13:00,LONG,20.0,280.0,0.64
ATR_8_PLUS,2021-04-22,2021-04-22 09:10:00,SHORT,-20.0,280.0,0.64
ATR_8_PLUS,2021-04-29,2021-04-29 09:56:00,SHORT,20.0,280.0,0.64
ATR_8_PLUS,2021-04-30,2021-04-30 09:01:00,SHORT,20.0,280.0,0.64
ATR_8_PLUS,2021-05-03,2021-05-03 09:04:00,SHORT,20.0,280.0,0.64
ATR_8_PLUS,2021-05-04,2021-05-04 09:05:00,SHORT,20.0,280.0,0.64
ATR_8_PLUS,2021-05-05,2021-05-05 09:05:00,LONG,-20.0,240.0,0.62
ATR_8_PLUS,2021-05-06,2021-05-06 09:14:00,SHORT,-20.0,200.0,0.6
ATR_8_PLUS,2021-05-12,2021-05-12 09:50:00,SHORT,20.0,240.0,0.62
ATR_8_PLUS,2021-05-13,2021-05-13 09:07:00,SHORT,20.0,240.0,0.62
ATR_8_PLUS,2021-05-17,2021-05-17 09:12:00,SHORT,-20.0,200.0,0.6
ATR_8_PLUS,2021-05-19,2021-05-19 09:10:00,LONG,20.0,200.0,0.6
ATR_8_PLUS,2021-05-21,2021-05-21 09:29:00,SHORT,-20.0,160.0,0.58
ATR_8_PLUS,2021-05-25,2021-05-25 09:26:00,SHORT,20.0,200.0,0.6
ATR_8_PLUS,2021-06-03,2021-06-03 09:01:00,LONG,20.0,200.0,0.6
ATR_8_PLUS,2021-06-08,2021-06-08 09:14:00,SHORT,20.0,240.0,0.62
ATR_8_PLUS,2021-06-11,2021-06-11 09:03:00,SHORT,-20.0,240.0,0.62
ATR_8_PLUS,2021-06-17,2021-06-17 10:09:00,LONG,-20.0,240.0,0.62
ATR_8_PLUS,2021-06-18,2021-06-18 09:10:00,SHORT,20.0,240.0,0.62
ATR_8_PLUS,2021-06-21,2021-06-21 09:16:00,LONG,-20.0,200.0,0.6
ATR_8_PLUS,2021-06-23,2021-06-23 09:11:00,SHORT,-20.0,160.0,0.58
ATR_8_PLUS,2021-07-01,2021-07-01 09:55:00,SHORT,20.0,200.0,0.6
ATR_8_PLUS,2021-07-06,2021-07-06 10:00:00,SHORT,20.0,200.0,0.6
ATR_8_PLUS,2021-07-08,2021-07-08 09:01:00,SHORT,-20.0,160.0,0.58
ATR_8_PLUS,2021-07-15,2021-07-15 10:08:00,SHORT,20.0,160.0,0.58
ATR_8_PLUS,2021-07-16,2021-07-16 09:05:00,SHORT,20.0,200.0,0.6
ATR_8_PLUS,2021-07-19,2021-07-19 09:02:00,LONG,20.0,200.0,0.6
ATR_8_PLUS,2021-07-20,2021-07-20 09:12:00,LONG,20.0,200.0,0.6
ATR_8_PLUS,2021-07-27,2021-07-27 09:17:00,SHORT,20.0,200.0,0.6
ATR_8_PLUS,2021-07-28,2021-07-28 09:48:00,SHORT,-20.0,160.0,0.58
ATR_8_PLUS,2021-07-30,2021-07-30 09:01:00,SHORT,-20.0,160.0,0.58
ATR_8_PLUS,2021-08-02,2021-08-02 10:03:00,SHORT,20.0,160.0,0.58
ATR_8_PLUS,2021-08-03,2021-08-03 09:25:00,SHORT,-20.0,160.0,0.58
ATR_8_PLUS,2021-08-04,2021-08-04 09:05:00,LONG,-20.0,120.0,0.56
ATR_8_PLUS,2021-08-06,2021-08-06 09:11:00,SHORT,-20.0,120.0,0.56
ATR_8_PLUS,2021-08-09,2021-08-09 09:13:00,SHORT,-20.0,120.0,0.56
ATR_8_PLUS,2021-08-10,2021-08-10 09:13:00,SHORT,-20.0,120.0,0.56
ATR_8_PLUS,2021-08-11,2021-08-11 09:01:00,SHORT,20.0,120.0,0.56
ATR_8_PLUS,2021-08-17,2021-08-17 09:26:00,SHORT,20.0,120.0,0.56
ATR_8_PLUS,2021-08-18,2021-08-18 09:12:00,SHORT,20.0,160.0,0.58
ATR_8_PLUS,2021-08-19,2021-08-19 09:02:00,LONG,20.0,200.0,0.6
ATR_8_PLUS,2021-08-20,2021-08-20 10:33:00,SHORT,-1.75,178.25,0.58
ATR_8_PLUS,2021-08-26,2021-08-26 09:02:00,SHORT,-20.0,138.25,0.56
ATR_8_PLUS,2021-09-08,2021-09-08 09:54:00,SHORT,-20.0,98.25,0.54
ATR_8_PLUS,2021-09-10,2021-09-10 09:28:00,SHORT,20.0,98.25,0.54
ATR_8_PLUS,2021-09-13,2021-09-13 09:18:00,SHORT,-20.0,98.25,0.54
ATR_8_PLUS,2021-09-15,2021-09-15 09:04:00,LONG,-20.0,98.25,0.54
ATR_8_PLUS,2021-09-16,2021-09-16 09:20:00,SHORT,-20.0,58.25,0.52
ATR_8_PLUS,2021-09-17,2021-09-17 09:05:00,SHORT,20.0,98.25,0.54
ATR_8_PLUS,2021-09-20,2021-09-20 09:02:00,SHORT,-20.0,58.25,0.52
ATR_8_PLUS,2021-09-21,2021-09-21 09:19:00,LONG,20.0,58.25,0.52
ATR_8_PLUS,2021-09-22,2021-09-22 09:05:00,LONG,20.0,98.25,0.54
ATR_8_PLUS,2021-09-23,2021-09-23 09:08:00,SHORT,20.0,98.25,0.54
ATR_8_PLUS,2021-09-27,2021-09-27 09:26:00,SHORT,20.0,98.25,0.54
ATR_8_PLUS,2021-09-28,2021-09-28 09:02:00,SHORT,20.0,98.25,0.54
ATR_8_PLUS,2021-09-29,2021-09-29 09:23:00,SHORT,20.0,98.25,0.54
ATR_8_PLUS,2021-09-30,2021-09-30 09:39:00,SHORT,20.0,138.25,0.56
ATR_8_PLUS,2021-10-01,2021-10-01 09:01:00,LONG,-20.0,138.25,0.56
ATR_8_PLUS,2021-10-04,2021-10-04 09:38:00,SHORT,-20.0,98.25,0.54
ATR_8_PLUS,2021-10-05,2021-10-05 09:29:00,LONG,20.0,98.25,0.54
ATR_8_PLUS,2021-10-06,2021-10-06 09:19:00,SHORT,20.0,138.25,0.56
ATR_8_PLUS,2021-10-12,2021-10-12 09:09:00,LONG,-20.0,98.25,0.54
ATR_8_PLUS,2021-10-13,2021-10-13 09:50:00,LONG,-20.0,98.25,0.54
ATR_8_PLUS,2021-10-20,2021-10-20 09:36:00,SHORT,20.0,98.25,0.54
ATR_8_PLUS,2021-10-22,2021-10-22 09:06:00,SHORT,20.0,98.25,0.54
ATR_8_PLUS,2021-10-25,2021-10-25 09:13:00,LONG,20.0,98.25,0.54
ATR_8_PLUS,2021-10-26,2021-10-26 09:03:00,SHORT,20.0,138.25,0.56
ATR_8_PLUS,2021-10-27,2021-10-27 10:01:00,LONG,20.0,178.25,0.58
ATR_8_PLUS,2021-10-28,2021-10-28 10:58:00,SHORT,-20.0,138.25,0.56
ATR_8_PLUS,2021-10-29,2021-10-29 09:09:00,LONG,20.0,178.25,0.58
ATR_8_PLUS,2021-11-01,2021-11-01 09:06:00,LONG,20.0,218.25,0.6
ATR_8_PLUS,2021-11-04,2021-11-04 09:16:00,SHORT,20.0,218.25,0.6
ATR_8_PLUS,2021-11-08,2021-11-08 09:43:00,SHORT,-20.0,178.25,0.58
ATR_8_PLUS,2021-11-11,2021-11-11 09:22:00,SHORT,-20.0,178.25,0.58
ATR_8_PLUS,2021-11-12,2021-11-12 09:50:00,LONG,20.0,178.25,0.58
ATR_8_PLUS,2021-11-15,2021-11-15 09:14:00,SHORT,20.0,178.25,0.58
ATR_8_PLUS,2021-11-16,2021-11-16 10:09:00,LONG,20.0,178.25,0.58
ATR_8_PLUS,2021-11-17,2021-11-17 09:12:00,LONG,-20.0,138.25,0.56
ATR_8_PLUS,2021-11-18,2021-11-18 09:11:00,SHORT,20.0,138.25,0.56
ATR_8_PLUS,2021-11-19,2021-11-19 10:38:00,LONG,-20.0,138.25,0.56
ATR_8_PLUS,2021-11-22,2021-11-22 09:01:00,LONG,20.0,178.25,0.58
ATR_8_PLUS,2021-11-24,2021-11-24 09:01:00,LONG,20.0,178.25,0.58
ATR_8_PLUS,2021-11-29,2021-11-29 09:11:00,LONG,-20.0,178.25,0.58
ATR_8_PLUS,2021-11-30,2021-11-30 09:01:00,LONG,20.0,218.25,0.6
ATR_8_PLUS,2021-12-01,2021-12-01 09:02:00,LONG,20.0,258.25,0.62
ATR_8_PLUS,2021-12-07,2021-12-07 09:01:00,LONG,20.0,298.25,0.64
ATR_8_PLUS,2021-12-09,2021-12-09 09:11:00,SHORT,-20.0,298.25,0.64
ATR_8_PLUS,2021-12-13,2021-12-13 09:21:00,SHORT,20.0,298.25,0.64
ATR_8_PLUS,2021-12-15,2021-12-15 10:13:00,SHORT,20.0,298.25,0.64
ATR_8_PLUS,2021-12-20,2021-12-20 10:01:00,SHORT,20.0,298.25,0.64
ATR_8_PLUS,2021-12-22,2021-12-22 09:38:00,LONG,20.0,298.25,0.64
ATR_8_PLUS,2021-12-23,2021-12-23 09:01:00,LONG,20.0,320.0,0.66
ATR_8_PLUS,2021-12-27,2021-12-27 09:02:00,LONG,20.0,360.0,0.68
ATR_8_PLUS,2021-12-28,2021-12-28 09:14:00,SHORT,20.0,400.0,0.7
ATR_8_PLUS,2021-12-29,2021-12-29 09:11:00,SHORT,20.0,400.0,0.7
ATR_8_PLUS,2021-12-30,2021-12-30 09:06:00,LONG,20.0,440.0,0.72
ATR_8_PLUS,2021-12-31,2021-12-31 09:06:00,SHORT,-20.0,440.0,0.72
ATR_8_PLUS,2022-01-04,2022-01-04 09:01:00,SHORT,20.0,480.0,0.74
ATR_8_PLUS,2022-01-11,2022-01-11 09:04:00,LONG,20.0,480.0,0.74
ATR_8_PLUS,2022-01-12,2022-01-12 09:10:00,LONG,-20.0,480.0,0.74
ATR_8_PLUS,2022-01-13,2022-01-13 09:03:00,SHORT,20.0,480.0,0.74
ATR_8_PLUS,2022-01-18,2022-01-18 09:07:00,LONG,20.0,480.0,0.74
ATR_8_PLUS,2022-01-19,2022-01-19 09:35:00,SHORT,20.0,480.0,0.74
ATR_8_PLUS,2022-02-08,2022-02-08 09:07:00,SHORT,20.0,480.0,0.74
ATR_8_PLUS,2022-02-09,2022-02-09 10:01:00,LONG,-20.0,440.0,0.72
ATR_8_PLUS,2022-02-15,2022-02-15 09:42:00,LONG,20.0,440.0,0.72
ATR_8_PLUS,2022-02-17,2022-02-17 09:20:00,SHORT,20.0,440.0,0.72
ATR_8_PLUS,2022-02-21,2022-02-21 10:10:00,SHORT,20.0,480.0,0.74
ATR_8_PLUS,2022-03-01,2022-03-01 09:21:00,LONG,-20.0,480.0,0.74
ATR_8_PLUS,2022-03-02,2022-03-02 09:09:00,SHORT,20.0,480.0,0.74
ATR_8_PLUS,2022-03-10,2022-03-10 09:19:00,LONG,-20.0,440.0,0.72
ATR_8_PLUS,2022-03-15,2022-03-15 09:14:00,LONG,-20.0,440.0,0.72
ATR_8_PLUS,2022-03-16,2022-03-16 10:28:00,SHORT,20.0,480.0,0.74
ATR_8_PLUS,2022-03-17,2022-03-17 10:26:00,LONG,20.0,480.0,0.74
ATR_8_PLUS,2022-03-18,2022-03-18 09:03:00,LONG,20.0,480.0,0.74
ATR_8_PLUS,2022-03-22,2022-03-22 09:08:00,LONG,20.0,480.0,0.74
ATR_8_PLUS,2022-03-23,2022-03-23 09:03:00,LONG,-20.0,440.0,0.72
ATR_8_PLUS,2022-03-24,2022-03-24 09:02:00,LONG,20.0,440.0,0.72
ATR_8_PLUS,2022-03-25,2022-03-25 09:04:00,SHORT,20.0,480.0,0.74
ATR_8_PLUS,2022-03-28,2022-03-28 09:33:00,SHORT,20.0,480.0,0.74
ATR_8_PLUS,2022-03-29,2022-03-29 09:27:00,LONG,20.0,480.0,0.74
ATR_8_PLUS,2022-03-30,2022-03-30 09:03:00,SHORT,20.0,480.0,0.74
ATR_8_PLUS,2022-03-31,2022-03-31 10:12:00,SHORT,20.0,520.0,0.76
ATR_8_PLUS,2022-04-01,2022-04-01 09:30:00,SHORT,20.0,560.0,0.78
ATR_8_PLUS,2022-04-04,2022-04-04 09:02:00,LONG,20.0,560.0,0.78
ATR_8_PLUS,2022-04-05,2022-04-05 09:37:00,SHORT,20.0,560.0,0.78
ATR_8_PLUS,2022-04-06,2022-04-06 09:12:00,SHORT,-20.0,520.0,0.76
ATR_8_PLUS,2022-04-08,2022-04-08 09:01:00,LONG,20.0,560.0,0.78
ATR_8_PLUS,2022-04-11,2022-04-11 11:03:00,LONG,-20.0,520.0,0.76
ATR_8_PLUS,2022-04-12,2022-04-12 10:30:00,SHORT,20.0,560.0,0.78
ATR_8_PLUS,2022-04-13,2022-04-13 09:04:00,LONG,20.0,560.0,0.78
ATR_8_PLUS,2022-04-14,2022-04-14 10:00:00,SHORT,-20.0,520.0,0.76
ATR_8_PLUS,2022-04-18,2022-04-18 09:15:00,SHORT,20.0,560.0,0.78
ATR_8_PLUS,2022-04-19,2022-04-19 09:23:00,LONG,20.0,560.0,0.78
ATR_8_PLUS,2022-04-20,2022-04-20 09:10:00,SHORT,20.0,560.0,0.78
ATR_8_PLUS,2022-04-26,2022-04-26 09:01:00,SHORT,20.0,560.0,0.78
ATR_8_PLUS,2022-04-28,2022-04-28 09:03:00,LONG,20.0,600.0,0.8
ATR_8_PLUS,2022-04-29,2022-04-29 09:13:00,SHORT,-20.0,560.0,0.78
ATR_8_PLUS,2022-05-04,2022-05-04 09:03:00,SHORT,20.0,560.0,0.78
ATR_8_PLUS,2022-05-05,2022-05-05 09:14:00,SHORT,20.0,560.0,0.78
ATR_8_PLUS,2022-05-09,2022-05-09 09:05:00,SHORT,20.0,560.0,0.78
ATR_8_PLUS,2022-05-13,2022-05-13 09:28:00,LONG,-20.0,520.0,0.76
ATR_8_PLUS,2022-05-17,2022-05-17 10:06:00,LONG,20.0,520.0,0.76
ATR_8_PLUS,2022-05-18,2022-05-18 09:08:00,SHORT,20.0,520.0,0.76
ATR_8_PLUS,2022-05-19,2022-05-19 09:11:00,LONG,-20.0,480.0,0.74
ATR_8_PLUS,2022-05-23,2022-05-23 09:05:00,LONG,-20.0,440.0,0.72
ATR_8_PLUS,2022-05-24,2022-05-24 09:45:00,LONG,20.0,480.0,0.74
ATR_8_PLUS,2022-05-25,2022-05-25 09:34:00,SHORT,20.0,480.0,0.74
ATR_8_PLUS,2022-05-26,2022-05-26 09:28:00,LONG,20.0,480.0,0.74
ATR_8_PLUS,2022-05-27,2022-05-27 09:02:00,SHORT,-20.0,480.0,0.74
ATR_8_PLUS,2022-05-30,2022-05-30 10:59:00,LONG,11.25,471.25,0.74
ATR_8_PLUS,2022-05-31,2022-05-31 09:04:00,LONG,-20.0,431.25,0.72
ATR_8_PLUS,2022-06-01,2022-06-01 09:21:00,SHORT,20.0,431.25,0.72
ATR_8_PLUS,2022-06-02,2022-06-02 09:01:00,LONG,20.0,431.25,0.72
ATR_8_PLUS,2022-06-03,2022-06-03 09:01:00,SHORT,20.0,471.25,0.74
ATR_8_PLUS,2022-06-06,2022-06-06 09:08:00,SHORT,20.0,471.25,0.74
ATR_8_PLUS,2022-06-08,2022-06-08 09:03:00,SHORT,-20.0,431.25,0.72
ATR_8_PLUS,2022-06-09,2022-06-09 09:04:00,SHORT,20.0,431.25,0.72
ATR_8_PLUS,2022-06-10,2022-06-10 09:05:00,SHORT,-20.0,431.25,0.72
ATR_8_PLUS,2022-06-13,2022-06-13 09:03:00,SHORT,20.0,431.25,0.72
ATR_8_PLUS,2022-06-14,2022-06-14 11:09:00,LONG,20.0,471.25,0.74
ATR_8_PLUS,2022-06-15,2022-06-15 09:56:00,LONG,20.0,511.25,0.76
ATR_8_PLUS,2022-06-17,2022-06-17 09:05:00,LONG,20.0,511.25,0.76
ATR_8_PLUS,2022-06-21,2022-06-21 09:45:00,SHORT,20.0,511.25,0.76
ATR_8_PLUS,2022-06-22,2022-06-22 09:03:00,SHORT,-20.0,471.25,0.74
ATR_8_PLUS,2022-06-23,2022-06-23 09:16:00,LONG,-20.0,431.25,0.72
ATR_8_PLUS,2022-06-24,2022-06-24 09:18:00,SHORT,-20.0,431.25,0.72
ATR_8_PLUS,2022-06-28,2022-06-28 09:19:00,SHORT,20.0,431.25,0.72
ATR_8_PLUS,2022-06-29,2022-06-29 09:23:00,SHORT,-20.0,391.25,0.7
ATR_8_PLUS,2022-06-30,2022-06-30 09:09:00,LONG,20.0,391.25,0.7
ATR_8_PLUS,2022-07-01,2022-07-01 09:09:00,LONG,20.0,391.25,0.7
ATR_8_PLUS,2022-07-06,2022-07-06 09:27:00,SHORT,20.0,391.25,0.7
ATR_8_PLUS,2022-07-07,2022-07-07 09:18:00,LONG,-20.0,351.25,0.68
ATR_8_PLUS,2022-07-08,2022-07-08 09:02:00,LONG,20.0,351.25,0.68
ATR_8_PLUS,2022-07-11,2022-07-11 09:03:00,SHORT,-20.0,311.25,0.66
ATR_8_PLUS,2022-07-12,2022-07-12 09:14:00,LONG,-20.0,271.25,0.64
ATR_8_PLUS,2022-07-14,2022-07-14 09:08:00,LONG,20.0,311.25,0.66
ATR_8_PLUS,2022-07-15,2022-07-15 09:10:00,LONG,20.0,311.25,0.66
ATR_8_PLUS,2022-07-18,2022-07-18 09:35:00,LONG,20.0,351.25,0.68
ATR_8_PLUS,2022-07-20,2022-07-20 09:50:00,LONG,20.0,351.25,0.68
ATR_8_PLUS,2022-07-21,2022-07-21 09:02:00,LONG,20.0,351.25,0.68
ATR_8_PLUS,2022-07-22,2022-07-22 09:13:00,SHORT,20.0,391.25,0.7
ATR_8_PLUS,2022-07-25,2022-07-25 09:15:00,SHORT,-20.0,351.25,0.68
ATR_8_PLUS,2022-07-26,2022-07-26 09:27:00,SHORT,20.0,351.25,0.68
ATR_8_PLUS,2022-07-27,2022-07-27 09:08:00,LONG,-20.0,311.25,0.66
ATR_8_PLUS,2022-07-29,2022-07-29 09:02:00,SHORT,20.0,311.25,0.66
ATR_8_PLUS,2022-08-03,2022-08-03 09:01:00,LONG,20.0,311.25,0.66
ATR_8_PLUS,2022-08-04,2022-08-04 09:50:00,LONG,20.0,351.25,0.68
ATR_8_PLUS,2022-08-05,2022-08-05 09:01:00,SHORT,20.0,351.25,0.68
ATR_8_PLUS,2022-08-08,2022-08-08 09:16:00,SHORT,20.0,351.25,0.68
ATR_8_PLUS,2022-08-09,2022-08-09 09:09:00,SHORT,-20.0,311.25,0.66
ATR_8_PLUS,2022-08-10,2022-08-10 09:01:00,LONG,20.0,351.25,0.68
ATR_8_PLUS,2022-08-11,2022-08-11 09:04:00,SHORT,20.0,351.25,0.68
ATR_8_PLUS,2022-08-12,2022-08-12 09:04:00,LONG,20.0,351.25,0.68
ATR_8_PLUS,2022-08-15,2022-08-15 09:12:00,SHORT,-20.0,351.25,0.68
ATR_8_PLUS,2022-08-17,2022-08-17 09:45:00,SHORT,-20.0,351.25,0.68
ATR_8_PLUS,2022-08-18,2022-08-18 09:23:00,LONG,20.0,351.25,0.68
ATR_8_PLUS,2022-08-19,2022-08-19 09:08:00,SHORT,-20.0,311.25,0.66
ATR_8_PLUS,2022-08-22,2022-08-22 09:11:00,SHORT,-20.0,271.25,0.64
ATR_8_PLUS,2022-08-23,2022-08-23 09:05:00,SHORT,-20.0,271.25,0.64
ATR_8_PLUS,2022-08-24,2022-08-24 11:09:00,LONG,-20.0,240.0,0.62
ATR_8_PLUS,2022-08-25,2022-08-25 09:01:00,SHORT,20.0,280.0,0.64
ATR_8_PLUS,2022-08-26,2022-08-26 09:03:00,SHORT,20.0,280.0,0.64
ATR_8_PLUS,2022-08-31,2022-08-31 09:01:00,SHORT,20.0,280.0,0.64
ATR_8_PLUS,2022-09-01,2022-09-01 09:03:00,SHORT,-20.0,240.0,0.62
ATR_8_PLUS,2022-09-02,2022-09-02 10:19:00,SHORT,20.0,240.0,0.62
ATR_8_PLUS,2022-09-07,2022-09-07 09:08:00,LONG,20.0,280.0,0.64
ATR_8_PLUS,2022-09-08,2022-09-08 10:05:00,SHORT,20.0,280.0,0.64
ATR_8_PLUS,2022-09-09,2022-09-09 09:38:00,LONG,-20.0,280.0,0.64
ATR_8_PLUS,2022-09-12,2022-09-12 09:01:00,SHORT,20.0,280.0,0.64
ATR_8_PLUS,2022-09-13,2022-09-13 09:08:00,SHORT,20.0,280.0,0.64
ATR_8_PLUS,2022-09-16,2022-09-16 09:03:00,SHORT,-20.0,240.0,0.62
ATR_8_PLUS,2022-09-19,2022-09-19 09:35:00,SHORT,20.0,240.0,0.62
ATR_8_PLUS,2022-09-20,2022-09-20 09:07:00,LONG,20.0,240.0,0.62
ATR_8_PLUS,2022-09-22,2022-09-22 09:15:00,SHORT,20.0,280.0,0.64
ATR_8_PLUS,2022-09-23,2022-09-23 09:45:00,SHORT,20.0,320.0,0.66
ATR_8_PLUS,2022-09-26,2022-09-26 09:06:00,SHORT,20.0,360.0,0.68
ATR_8_PLUS,2022-09-28,2022-09-28 09:21:00,LONG,20.0,360.0,0.68
ATR_8_PLUS,2022-09-29,2022-09-29 09:07:00,LONG,-20.0,360.0,0.68
ATR_8_PLUS,2022-09-30,2022-09-30 09:05:00,LONG,20.0,360.0,0.68
ATR_8_PLUS,2022-10-03,2022-10-03 09:04:00,SHORT,-20.0,320.0,0.66
ATR_8_PLUS,2022-10-04,2022-10-04 10:23:00,SHORT,-20.0,280.0,0.64
ATR_8_PLUS,2022-10-05,2022-10-05 09:17:00,LONG,20.0,320.0,0.66
ATR_8_PLUS,2022-10-06,2022-10-06 09:21:00,LONG,-20.0,280.0,0.64
ATR_8_PLUS,2022-10-07,2022-10-07 09:27:00,SHORT,20.0,320.0,0.66
ATR_8_PLUS,2022-10-11,2022-10-11 09:15:00,LONG,20.0,360.0,0.68
ATR_8_PLUS,2022-10-12,2022-10-12 09:21:00,LONG,-20.0,320.0,0.66
ATR_8_PLUS,2022-10-14,2022-10-14 09:01:00,LONG,20.0,320.0,0.66
ATR_8_PLUS,2022-10-17,2022-10-17 09:19:00,SHORT,-20.0,280.0,0.64
ATR_8_PLUS,2022-10-18,2022-10-18 09:10:00,SHORT,20.0,280.0,0.64
ATR_8_PLUS,2022-10-19,2022-10-19 09:35:00,SHORT,-20.0,240.0,0.62
ATR_8_PLUS,2022-10-21,2022-10-21 09:01:00,SHORT,20.0,240.0,0.62
ATR_8_PLUS,2022-10-25,2022-10-25 09:07:00,LONG,20.0,280.0,0.64
ATR_8_PLUS,2022-10-26,2022-10-26 09:06:00,LONG,20.0,280.0,0.64
ATR_8_PLUS,2022-10-28,2022-10-28 09:10:00,LONG,20.0,320.0,0.66
ATR_8_PLUS,2022-10-31,2022-10-31 09:11:00,LONG,20.0,320.0,0.66
ATR_8_PLUS,2022-11-01,2022-11-01 09:41:00,SHORT,-20.0,280.0,0.64
ATR_8_PLUS,2022-11-03,2022-11-03 09:30:00,SHORT,20.0,280.0,0.64
ATR_8_PLUS,2022-11-04,2022-11-04 09:07:00,SHORT,20.0,280.0,0.64
ATR_8_PLUS,2022-11-08,2022-11-08 09:17:00,LONG,20.0,280.0,0.64
ATR_8_PLUS,2022-11-09,2022-11-09 09:41:00,SHORT,20.0,320.0,0.66
ATR_8_PLUS,2022-11-14,2022-11-14 09:08:00,LONG,20.0,320.0,0.66
ATR_8_PLUS,2022-11-15,2022-11-15 10:01:00,SHORT,-20.0,280.0,0.64
ATR_8_PLUS,2022-11-16,2022-11-16 09:16:00,SHORT,20.0,280.0,0.64
ATR_8_PLUS,2022-11-17,2022-11-17 09:18:00,LONG,20.0,320.0,0.66
ATR_8_PLUS,2022-11-18,2022-11-18 09:01:00,SHORT,20.0,360.0,0.68
ATR_8_PLUS,2022-11-21,2022-11-21 09:08:00,SHORT,20.0,360.0,0.68
ATR_8_PLUS,2022-11-22,2022-11-22 09:48:00,LONG,20.0,400.0,0.7
ATR_8_PLUS,2022-11-23,2022-11-23 09:06:00,LONG,20.0,440.0,0.72
ATR_8_PLUS,2022-11-25,2022-11-25 09:11:00,LONG,-20.0,440.0,0.72
ATR_8_PLUS,2022-11-28,2022-11-28 09:26:00,SHORT,-20.0,440.0,0.72
ATR_8_PLUS,2022-11-29,2022-11-29 09:50:00,LONG,-20.0,400.0,0.7
ATR_8_PLUS,2022-11-30,2022-11-30 11:23:00,SHORT,3.0,383.0,0.7
ATR_8_PLUS,2022-12-01,2022-12-01 09:50:00,SHORT,-20.0,343.0,0.68
ATR_8_PLUS,2022-12-02,2022-12-02 09:20:00,LONG,-20.0,343.0,0.68
ATR_8_PLUS,2022-12-05,2022-12-05 09:04:00,SHORT,20.0,343.0,0.68
ATR_8_PLUS,2022-12-09,2022-12-09 09:32:00,LONG,-20.0,303.0,0.66
ATR_8_PLUS,2022-12-13,2022-12-13 09:07:00,SHORT,20.0,303.0,0.66
ATR_8_PLUS,2022-12-14,2022-12-14 09:04:00,LONG,20.0,343.0,0.68
ATR_8_PLUS,2022-12-16,2022-12-16 09:07:00,SHORT,20.0,343.0,0.68
ATR_8_PLUS,2022-12-19,2022-12-19 09:03:00,SHORT,20.0,343.0,0.68
ATR_8_PLUS,2022-12-20,2022-12-20 09:02:00,LONG,20.0,383.0,0.7
ATR_8_PLUS,2022-12-21,2022-12-21 09:12:00,LONG,20.0,383.0,0.7
ATR_8_PLUS,2022-12-30,2022-12-30 09:48:00,LONG,20.0,383.0,0.7
ATR_8_PLUS,2023-01-04,2023-01-04 09:04:00,SHORT,20.0,383.0,0.7
ATR_8_PLUS,2023-01-09,2023-01-09 09:02:00,LONG,-20.0,343.0,0.68
ATR_8_PLUS,2023-01-10,2023-01-10 09:14:00,LONG,20.0,343.0,0.68
ATR_8_PLUS,2023-01-11,2023-01-11 09:22:00,LONG,20.0,343.0,0.68
ATR_8_PLUS,2023-01-13,2023-01-13 09:05:00,LONG,20.0,383.0,0.7
ATR_8_PLUS,2023-01-17,2023-01-17 09:01:00,LONG,20.0,383.0,0.7
ATR_8_PLUS,2023-01-18,2023-01-18 09:01:00,LONG,20.0,423.0,0.72
ATR_8_PLUS,2023-01-19,2023-01-19 09:52:00,SHORT,20.0,463.0,0.74
ATR_8_PLUS,2023-01-20,2023-01-20 09:06:00,LONG,-20.0,423.0,0.72
ATR_8_PLUS,2023-01-25,2023-01-25 09:14:00,SHORT,-20.0,423.0,0.72
ATR_8_PLUS,2023-01-27,2023-01-27 09:03:00,LONG,20.0,423.0,0.72
ATR_8_PLUS,2023-01-30,2023-01-30 09:04:00,LONG,-20.0,383.0,0.7
ATR_8_PLUS,2023-01-31,2023-01-31 09:30:00,LONG,20.0,423.0,0.72
ATR_8_PLUS,2023-02-01,2023-02-01 09:52:00,SHORT,20.0,423.0,0.72
ATR_8_PLUS,2023-02-02,2023-02-02 09:05:00,SHORT,-20.0,423.0,0.72
ATR_8_PLUS,2023-02-06,2023-02-06 09:02:00,LONG,20.0,423.0,0.72
ATR_8_PLUS,2023-02-07,2023-02-07 09:09:00,SHORT,-20.0,423.0,0.72
ATR_8_PLUS,2023-02-08,2023-02-08 09:30:00,SHORT,20.0,423.0,0.72
ATR_8_PLUS,2023-02-09,2023-02-09 09:29:00,SHORT,20.0,423.0,0.72
ATR_8_PLUS,2023-02-10,2023-02-10 09:02:00,SHORT,20.0,423.0,0.72
ATR_8_PLUS,2023-02-13,2023-02-13 09:01:00,LONG,-20.0,383.0,0.7
ATR_8_PLUS,2023-02-15,2023-02-15 09:08:00,SHORT,-20.0,343.0,0.68
ATR_8_PLUS,2023-02-16,2023-02-16 09:12:00,LONG,-20.0,343.0,0.68
ATR_8_PLUS,2023-02-21,2023-02-21 09:10:00,SHORT,20.0,343.0,0.68
ATR_8_PLUS,2023-02-22,2023-02-22 09:01:00,SHORT,20.0,343.0,0.68
ATR_8_PLUS,2023-02-23,2023-02-23 09:15:00,SHORT,20.0,343.0,0.68
ATR_8_PLUS,2023-02-24,2023-02-24 09:10:00,SHORT,20.0,343.0,0.68
ATR_8_PLUS,2023-02-27,2023-02-27 09:03:00,LONG,20.0,343.0,0.68
ATR_8_PLUS,2023-02-28,2023-02-28 09:04:00,LONG,-20.0,343.0,0.68
ATR_8_PLUS,2023-03-01,2023-03-01 09:37:00,SHORT,-20.0,303.0,0.66
ATR_8_PLUS,2023-03-02,2023-03-02 09:04:00,LONG,-20.0,263.0,0.64
ATR_8_PLUS,2023-03-03,2023-03-03 09:15:00,LONG,20.0,263.0,0.64
ATR_8_PLUS,2023-03-06,2023-03-06 09:10:00,LONG,20.0,263.0,0.64
ATR_8_PLUS,2023-03-07,2023-03-07 09:35:00,SHORT,20.0,263.0,0.64
ATR_8_PLUS,2023-03-08,2023-03-08 09:02:00,SHORT,20.0,263.0,0.64
ATR_8_PLUS,2023-03-09,2023-03-09 09:04:00,LONG,-20.0,263.0,0.64
ATR_8_PLUS,2023-03-14,2023-03-14 10:03:00,LONG,20.0,303.0,0.66
ATR_8_PLUS,2023-03-15,2023-03-15 09:08:00,LONG,20.0,343.0,0.68
ATR_8_PLUS,2023-03-17,2023-03-17 09:24:00,SHORT,20.0,360.0,0.68
ATR_8_PLUS,2023-03-20,2023-03-20 09:03:00,LONG,20.0,400.0,0.7
ATR_8_PLUS,2023-03-21,2023-03-21 09:15:00,LONG,-20.0,400.0,0.7
ATR_8_PLUS,2023-03-23,2023-03-23 09:01:00,LONG,20.0,400.0,0.7
ATR_8_PLUS,2023-03-24,2023-03-24 09:09:00,SHORT,20.0,440.0,0.72
ATR_8_PLUS,2023-03-27,2023-03-27 09:03:00,SHORT,20.0,440.0,0.72
ATR_8_PLUS,2023-03-28,2023-03-28 09:37:00,LONG,-20.0,400.0,0.7
ATR_8_PLUS,2023-03-30,2023-03-30 10:55:00,SHORT,20.0,400.0,0.7
ATR_8_PLUS,2023-04-03,2023-04-03 09:06:00,SHORT,20.0,400.0,0.7
ATR_8_PLUS,2023-04-04,2023-04-04 09:07:00,SHORT,20.0,400.0,0.7
ATR_8_PLUS,2023-04-05,2023-04-05 09:01:00,SHORT,-20.0,360.0,0.68
ATR_8_PLUS,2023-04-06,2023-04-06 09:05:00,LONG,20.0,360.0,0.68
ATR_8_PLUS,2023-04-14,2023-04-14 09:13:00,LONG,-20.0,320.0,0.66
ATR_8_PLUS,2023-04-17,2023-04-17 09:34:00,SHORT,20.0,360.0,0.68
ATR_8_PLUS,2023-04-18,2023-04-18 09:17:00,LONG,-20.0,320.0,0.66
ATR_8_PLUS,2023-04-19,2023-04-19 09:05:00,LONG,20.0,320.0,0.66
ATR_8_PLUS,2023-04-20,2023-04-20 09:14:00,SHORT,-20.0,280.0,0.64
ATR_8_PLUS,2023-04-21,2023-04-21 09:04:00,LONG,-20.0,240.0,0.62
ATR_8_PLUS,2023-04-24,2023-04-24 09:15:00,SHORT,20.0,240.0,0.62
ATR_8_PLUS,2023-04-26,2023-04-26 09:02:00,LONG,20.0,240.0,0.62
ATR_8_PLUS,2023-04-28,2023-04-28 09:01:00,SHORT,-20.0,240.0,0.62
ATR_8_PLUS,2023-05-01,2023-05-01 09:17:00,SHORT,-20.0,240.0,0.62
ATR_8_PLUS,2023-05-02,2023-05-02 09:02:00,SHORT,20.0,240.0,0.62
ATR_8_PLUS,2023-05-03,2023-05-03 09:02:00,SHORT,-20.0,240.0,0.62
ATR_8_PLUS,2023-05-04,2023-05-04 09:08:00,LONG,20.0,240.0,0.62
ATR_8_PLUS,2023-05-11,2023-05-11 09:01:00,LONG,20.0,240.0,0.62
ATR_8_PLUS,2023-05-12,2023-05-12 09:08:00,LONG,-20.0,240.0,0.62
ATR_8_PLUS,2023-05-17,2023-05-17 09:30:00,LONG,20.0,240.0,0.62
ATR_8_PLUS,2023-05-18,2023-05-18 10:16:00,LONG,20.0,280.0,0.64
ATR_8_PLUS,2023-05-19,2023-05-19 09:15:00,SHORT,-20.0,240.0,0.62
ATR_8_PLUS,2023-05-22,2023-05-22 09:23:00,LONG,-20.0,200.0,0.6
ATR_8_PLUS,2023-05-24,2023-05-24 09:24:00,LONG,20.0,200.0,0.6
ATR_8_PLUS,2023-05-25,2023-05-25 09:03:00,LONG,20.0,240.0,0.62
ATR_8_PLUS,2023-05-26,2023-05-26 09:42:00,LONG,20.0,280.0,0.64
ATR_8_PLUS,2023-05-30,2023-05-30 09:04:00,LONG,-20.0,280.0,0.64
ATR_8_PLUS,2023-05-31,2023-05-31 09:17:00,SHORT,20.0,280.0,0.64
ATR_8_PLUS,2023-06-01,2023-06-01 09:15:00,LONG,20.0,280.0,0.64
ATR_8_PLUS,2023-06-02,2023-06-02 09:01:00,LONG,-20.0,240.0,0.62
ATR_8_PLUS,2023-06-05,2023-06-05 10:10:00,LONG,20.0,240.0,0.62
ATR_8_PLUS,2023-06-06,2023-06-06 09:26:00,SHORT,-20.0,200.0,0.6
ATR_8_PLUS,2023-06-07,2023-06-07 09:52:00,SHORT,20.0,240.0,0.62
ATR_8_PLUS,2023-06-08,2023-06-08 11:29:00,LONG,-0.5,259.5,0.62
ATR_8_PLUS,2023-06-09,2023-06-09 09:28:00,SHORT,20.0,299.5,0.64
ATR_8_PLUS,2023-06-12,2023-06-12 09:08:00,SHORT,-20.0,259.5,0.62
ATR_8_PLUS,2023-06-13,2023-06-13 09:41:00,LONG,20.0,259.5,0.62
ATR_8_PLUS,2023-06-14,2023-06-14 09:01:00,SHORT,-20.0,219.5,0.6
ATR_8_PLUS,2023-06-15,2023-06-15 09:28:00,LONG,20.0,219.5,0.6
ATR_8_PLUS,2023-06-16,2023-06-16 09:27:00,SHORT,-20.0,219.5,0.6
ATR_8_PLUS,2023-06-20,2023-06-20 09:06:00,LONG,20.0,219.5,0.6
ATR_8_PLUS,2023-06-21,2023-06-21 09:07:00,SHORT,20.0,219.5,0.6
ATR_8_PLUS,2023-06-22,2023-06-22 09:37:00,LONG,20.0,219.5,0.6
ATR_8_PLUS,2023-06-23,2023-06-23 09:21:00,SHORT,-20.0,179.5,0.58
ATR_8_PLUS,2023-06-26,2023-06-26 09:06:00,SHORT,20.0,219.5,0.6
ATR_8_PLUS,2023-06-27,2023-06-27 09:10:00,SHORT,-20.0,179.5,0.58
ATR_8_PLUS,2023-06-28,2023-06-28 09:27:00,SHORT,-20.0,139.5,0.56
ATR_8_PLUS,2023-06-29,2023-06-29 10:15:00,LONG,20.0,139.5,0.56
ATR_8_PLUS,2023-06-30,2023-06-30 09:30:00,SHORT,20.0,179.5,0.58
ATR_8_PLUS,2023-07-05,2023-07-05 09:15:00,SHORT,20.0,179.5,0.58
ATR_8_PLUS,2023-07-06,2023-07-06 09:25:00,SHORT,-20.0,139.5,0.56
ATR_8_PLUS,2023-07-07,2023-07-07 09:03:00,LONG,20.0,139.5,0.56
ATR_8_PLUS,2023-07-10,2023-07-10 09:45:00,SHORT,20.0,179.5,0.58
ATR_8_PLUS,2023-07-11,2023-07-11 09:04:00,LONG,-20.0,139.5,0.56
ATR_8_PLUS,2023-07-12,2023-07-12 09:06:00,SHORT,-20.0,139.5,0.56
ATR_8_PLUS,2023-07-14,2023-07-14 11:02:00,SHORT,20.0,139.5,0.56
ATR_8_PLUS,2023-07-17,2023-07-17 09:27:00,LONG,20.0,179.5,0.58
ATR_8_PLUS,2023-07-18,2023-07-18 09:38:00,LONG,20.0,179.5,0.58
ATR_8_PLUS,2023-07-19,2023-07-19 09:18:00,LONG,-20.0,179.5,0.58
ATR_8_PLUS,2023-07-20,2023-07-20 09:05:00,LONG,-20.0,179.5,0.58
ATR_8_PLUS,2023-07-21,2023-07-21 09:09:00,LONG,20.0,179.5,0.58
ATR_8_PLUS,2023-07-24,2023-07-24 09:06:00,SHORT,-20.0,139.5,0.56
ATR_8_PLUS,2023-07-26,2023-07-26 09:01:00,SHORT,-20.0,139.5,0.56
ATR_8_PLUS,2023-07-27,2023-07-27 09:31:00,LONG,-20.0,139.5,0.56
ATR_8_PLUS,2023-07-28,2023-07-28 09:12:00,LONG,20.0,139.5,0.56
ATR_8_PLUS,2023-07-31,2023-07-31 11:03:00,SHORT,-4.75,154.75,0.56
ATR_8_PLUS,2023-08-02,2023-08-02 10:47:00,SHORT,20.0,154.75,0.56
ATR_8_PLUS,2023-08-03,2023-08-03 09:05:00,LONG,20.0,154.75,0.56
ATR_8_PLUS,2023-08-04,2023-08-04 09:02:00,LONG,20.0,194.75,0.58
ATR_8_PLUS,2023-08-07,2023-08-07 09:03:00,SHORT,20.0,194.75,0.58
ATR_8_PLUS,2023-08-08,2023-08-08 09:01:00,SHORT,-20.0,154.75,0.56
ATR_8_PLUS,2023-08-09,2023-08-09 09:01:00,SHORT,-20.0,154.75,0.56
ATR_8_PLUS,2023-08-10,2023-08-10 09:02:00,SHORT,20.0,194.75,0.58
ATR_8_PLUS,2023-08-11,2023-08-11 09:07:00,SHORT,20.0,194.75,0.58
ATR_8_PLUS,2023-08-15,2023-08-15 09:04:00,LONG,20.0,194.75,0.58
ATR_8_PLUS,2023-08-16,2023-08-16 09:28:00,SHORT,20.0,194.75,0.58
ATR_8_PLUS,2023-08-17,2023-08-17 10:24:00,LONG,20.0,234.75,0.6
ATR_8_PLUS,2023-08-18,2023-08-18 09:02:00,LONG,-20.0,194.75,0.58
ATR_8_PLUS,2023-08-21,2023-08-21 09:10:00,SHORT,20.0,194.75,0.58
ATR_8_PLUS,2023-08-22,2023-08-22 09:01:00,LONG,-20.0,194.75,0.58
ATR_8_PLUS,2023-08-23,2023-08-23 09:14:00,LONG,20.0,194.75,0.58
ATR_8_PLUS,2023-08-24,2023-08-24 09:01:00,SHORT,20.0,234.75,0.6
ATR_8_PLUS,2023-08-28,2023-08-28 09:43:00,SHORT,-20.0,194.75,0.58
ATR_8_PLUS,2023-08-29,2023-08-29 09:15:00,LONG,20.0,215.25,0.6
ATR_8_PLUS,2023-08-30,2023-08-30 09:37:00,LONG,20.0,215.25,0.6
ATR_8_PLUS,2023-08-31,2023-08-31 09:34:00,SHORT,-20.0,215.25,0.6
ATR_8_PLUS,2023-09-01,2023-09-01 09:46:00,SHORT,20.0,215.25,0.6
ATR_8_PLUS,2023-09-05,2023-09-05 09:03:00,LONG,20.0,255.25,0.62
ATR_8_PLUS,2023-09-06,2023-09-06 09:01:00,SHORT,20.0,255.25,0.62
ATR_8_PLUS,2023-09-11,2023-09-11 09:26:00,LONG,-20.0,255.25,0.62
ATR_8_PLUS,2023-09-12,2023-09-12 09:09:00,SHORT,20.0,255.25,0.62
ATR_8_PLUS,2023-09-13,2023-09-13 09:07:00,LONG,20.0,255.25,0.62
ATR_8_PLUS,2023-09-14,2023-09-14 09:04:00,LONG,20.0,255.25,0.62
ATR_8_PLUS,2023-09-15,2023-09-15 09:01:00,SHORT,-20.0,255.25,0.62
ATR_8_PLUS,2023-09-18,2023-09-18 09:18:00,LONG,20.0,255.25,0.62
ATR_8_PLUS,2023-09-20,2023-09-20 09:05:00,SHORT,20.0,295.25,0.64
ATR_8_PLUS,2023-09-21,2023-09-21 09:15:00,SHORT,20.0,335.25,0.66
ATR_8_PLUS,2023-09-22,2023-09-22 09:06:00,LONG,-20.0,295.25,0.64
ATR_8_PLUS,2023-09-25,2023-09-25 09:10:00,LONG,20.0,295.25,0.64
ATR_8_PLUS,2023-09-26,2023-09-26 09:08:00,SHORT,20.0,295.25,0.64
ATR_8_PLUS,2023-09-27,2023-09-27 09:47:00,SHORT,20.0,335.25,0.66
ATR_8_PLUS,2023-09-28,2023-09-28 09:22:00,LONG,20.0,335.25,0.66
ATR_8_PLUS,2023-09-29,2023-09-29 09:15:00,SHORT,-20.0,295.25,0.64
ATR_8_PLUS,2023-10-02,2023-10-02 09:13:00,LONG,20.0,335.25,0.66
ATR_8_PLUS,2023-10-03,2023-10-03 09:02:00,SHORT,20.0,375.25,0.68
ATR_8_PLUS,2023-10-04,2023-10-04 09:37:00,LONG,-20.0,335.25,0.66
ATR_8_PLUS,2023-10-05,2023-10-05 10:12:00,LONG,20.0,335.25,0.66
ATR_8_PLUS,2023-10-06,2023-10-06 09:05:00,LONG,20.0,335.25,0.66
ATR_8_PLUS,2023-10-09,2023-10-09 09:10:00,SHORT,-20.0,335.25,0.66
ATR_8_PLUS,2023-10-10,2023-10-10 09:05:00,LONG,20.0,375.25,0.68
ATR_8_PLUS,2023-10-11,2023-10-11 09:01:00,LONG,-20.0,335.25,0.66
ATR_8_PLUS,2023-10-12,2023-10-12 09:13:00,LONG,20.0,375.25,0.68
ATR_8_PLUS,2023-10-13,2023-10-13 09:06:00,SHORT,-20.0,375.25,0.68
ATR_8_PLUS,2023-10-16,2023-10-16 09:20:00,SHORT,-20.0,375.25,0.68
ATR_8_PLUS,2023-10-17,2023-10-17 09:19:00,LONG,20.0,375.25,0.68
ATR_8_PLUS,2023-10-18,2023-10-18 10:08:00,LONG,-20.0,360.0,0.68
ATR_8_PLUS,2023-10-19,2023-10-19 09:15:00,SHORT,20.0,360.0,0.68
ATR_8_PLUS,2023-10-20,2023-10-20 09:19:00,SHORT,20.0,360.0,0.68
ATR_8_PLUS,2023-10-23,2023-10-23 09:01:00,LONG,20.0,360.0,0.68
ATR_8_PLUS,2023-10-24,2023-10-24 09:17:00,SHORT,20.0,360.0,0.68
ATR_8_PLUS,2023-10-25,2023-10-25 09:05:00,LONG,-20.0,360.0,0.68
ATR_8_PLUS,2023-10-26,2023-10-26 09:24:00,SHORT,20.0,400.0,0.7
ATR_8_PLUS,2023-10-27,2023-10-27 09:07:00,LONG,20.0,400.0,0.7
ATR_8_PLUS,2023-10-30,2023-10-30 09:02:00,LONG,20.0,400.0,0.7
ATR_8_PLUS,2023-10-31,2023-10-31 10:46:00,LONG,8.5,388.5,0.7
ATR_8_PLUS,2023-11-01,2023-11-01 09:14:00,SHORT,20.0,388.5,0.7
ATR_8_PLUS,2023-11-02,2023-11-02 09:05:00,LONG,-20.0,348.5,0.68
ATR_8_PLUS,2023-11-03,2023-11-03 09:05:00,LONG,-20.0,348.5,0.68
ATR_8_PLUS,2023-11-06,2023-11-06 09:11:00,SHORT,-20.0,308.5,0.66
ATR_8_PLUS,2023-11-07,2023-11-07 09:01:00,LONG,-20.0,308.5,0.66
ATR_8_PLUS,2023-11-08,2023-11-08 09:06:00,SHORT,20.0,308.5,0.66
ATR_8_PLUS,2023-11-09,2023-11-09 09:08:00,SHORT,-20.0,268.5,0.64
ATR_8_PLUS,2023-11-10,2023-11-10 10:04:00,LONG,20.0,308.5,0.66
ATR_8_PLUS,2023-11-13,2023-11-13 09:47:00,LONG,20.0,308.5,0.66
ATR_8_PLUS,2023-11-14,2023-11-14 09:01:00,LONG,20.0,308.5,0.66
ATR_8_PLUS,2023-11-15,2023-11-15 10:52:00,SHORT,20.0,348.5,0.68
ATR_8_PLUS,2023-11-16,2023-11-16 09:06:00,LONG,-20.0,308.5,0.66
ATR_8_PLUS,2023-11-17,2023-11-17 10:06:00,SHORT,-20.0,268.5,0.64
ATR_8_PLUS,2023-11-20,2023-11-20 09:05:00,LONG,-20.0,228.5,0.62
ATR_8_PLUS,2023-11-21,2023-11-21 09:17:00,SHORT,20.0,268.5,0.64
ATR_8_PLUS,2023-11-24,2023-11-24 09:16:00,SHORT,20.0,268.5,0.64
ATR_8_PLUS,2023-11-27,2023-11-27 09:10:00,LONG,-20.0,228.5,0.62
ATR_8_PLUS,2023-11-28,2023-11-28 09:40:00,LONG,20.0,228.5,0.62
ATR_8_PLUS,2023-11-29,2023-11-29 09:06:00,SHORT,20.0,268.5,0.64
ATR_8_PLUS,2023-11-30,2023-11-30 09:05:00,SHORT,-20.0,228.5,0.62
ATR_8_PLUS,2023-12-01,2023-12-01 09:02:00,LONG,-20.0,188.5,0.6
ATR_8_PLUS,2023-12-04,2023-12-04 09:16:00,SHORT,20.0,188.5,0.6
ATR_8_PLUS,2023-12-05,2023-12-05 09:27:00,LONG,20.0,228.5,0.62
ATR_8_PLUS,2023-12-06,2023-12-06 09:01:00,SHORT,20.0,228.5,0.62
ATR_8_PLUS,2023-12-07,2023-12-07 09:23:00,LONG,20.0,228.5,0.62
ATR_8_PLUS,2023-12-08,2023-12-08 09:01:00,LONG,20.0,228.5,0.62
ATR_8_PLUS,2023-12-11,2023-12-11 09:05:00,LONG,-20.0,188.5,0.6
ATR_8_PLUS,2023-12-12,2023-12-12 09:01:00,LONG,20.0,228.5,0.62
ATR_8_PLUS,2023-12-14,2023-12-14 09:16:00,SHORT,20.0,228.5,0.62
ATR_8_PLUS,2023-12-15,2023-12-15 09:15:00,LONG,20.0,228.5,0.62
ATR_8_PLUS,2023-12-18,2023-12-18 09:02:00,LONG,20.0,268.5,0.64
ATR_8_PLUS,2023-12-19,2023-12-19 09:32:00,LONG,-20.0,228.5,0.62
ATR_8_PLUS,2023-12-20,2023-12-20 09:09:00,LONG,20.0,228.5,0.62
ATR_8_PLUS,2023-12-21,2023-12-21 09:05:00,SHORT,20.0,268.5,0.64
ATR_8_PLUS,2023-12-22,2023-12-22 10:04:00,SHORT,20.0,268.5,0.64
ATR_8_PLUS,2024-01-03,2024-01-03 09:13:00,SHORT,20.0,308.5,0.66
ATR_8_PLUS,2024-01-04,2024-01-04 09:08:00,LONG,20.0,308.5,0.66
ATR_8_PLUS,2024-01-05,2024-01-05 09:01:00,LONG,20.0,348.5,0.68
ATR_8_PLUS,2024-01-09,2024-01-09 09:28:00,LONG,20.0,388.5,0.7
ATR_8_PLUS,2024-01-10,2024-01-10 09:03:00,SHORT,-20.0,348.5,0.68
ATR_8_PLUS,2024-01-11,2024-01-11 09:31:00,SHORT,20.0,388.5,0.7
ATR_8_PLUS,2024-01-12,2024-01-12 09:01:00,SHORT,20.0,388.5,0.7
ATR_8_PLUS,2024-01-16,2024-01-16 09:17:00,LONG,20.0,388.5,0.7
ATR_8_PLUS,2024-01-18,2024-01-18 09:04:00,SHORT,-20.0,348.5,0.68
ATR_8_PLUS,2024-01-19,2024-01-19 09:01:00,LONG,-20.0,308.5,0.66
ATR_8_PLUS,2024-01-22,2024-01-22 09:29:00,SHORT,20.0,348.5,0.68
ATR_8_PLUS,2024-01-24,2024-01-24 09:16:00,LONG,20.0,348.5,0.68
ATR_8_PLUS,2024-01-25,2024-01-25 09:28:00,LONG,-20.0,308.5,0.66
ATR_8_PLUS,2024-01-26,2024-01-26 09:06:00,SHORT,-20.0,268.5,0.64
ATR_8_PLUS,2024-01-29,2024-01-29 09:58:00,SHORT,-20.0,240.0,0.62
ATR_8_PLUS,2024-01-30,2024-01-30 09:07:00,SHORT,20.0,240.0,0.62
ATR_8_PLUS,2024-01-31,2024-01-31 09:14:00,SHORT,20.0,280.0,0.64
ATR_8_PLUS,2024-02-01,2024-02-01 09:01:00,SHORT,-20.0,280.0,0.64
ATR_8_PLUS,2024-02-05,2024-02-05 09:02:00,SHORT,20.0,320.0,0.66
ATR_8_PLUS,2024-02-06,2024-02-06 09:02:00,SHORT,20.0,360.0,0.68
ATR_8_PLUS,2024-02-08,2024-02-08 09:01:00,LONG,-20.0,320.0,0.66
ATR_8_PLUS,2024-02-09,2024-02-09 09:16:00,LONG,20.0,360.0,0.68
ATR_8_PLUS,2024-02-13,2024-02-13 09:21:00,LONG,20.0,360.0,0.68
ATR_8_PLUS,2024-02-14,2024-02-14 09:22:00,LONG,20.0,360.0,0.68
ATR_8_PLUS,2024-02-15,2024-02-15 09:04:00,SHORT,-20.0,320.0,0.66
ATR_8_PLUS,2024-02-21,2024-02-21 09:05:00,LONG,-20.0,280.0,0.64
ATR_8_PLUS,2024-02-22,2024-02-22 10:19:00,LONG,-20.0,280.0,0.64
ATR_8_PLUS,2024-02-23,2024-02-23 09:22:00,SHORT,20.0,320.0,0.66
ATR_8_PLUS,2024-02-27,2024-02-27 09:20:00,LONG,-20.0,320.0,0.66
ATR_8_PLUS,2024-02-28,2024-02-28 10:01:00,LONG,20.0,320.0,0.66
ATR_8_PLUS,2024-02-29,2024-02-29 09:22:00,SHORT,20.0,320.0,0.66
ATR_8_PLUS,2024-03-01,2024-03-01 09:01:00,LONG,-20.0,320.0,0.66
ATR_8_PLUS,2024-03-04,2024-03-04 09:05:00,SHORT,-20.0,280.0,0.64
ATR_8_PLUS,2024-03-05,2024-03-05 09:10:00,SHORT,20.0,280.0,0.64
ATR_8_PLUS,2024-03-06,2024-03-06 09:01:00,SHORT,20.0,320.0,0.66
ATR_8_PLUS,2024-03-07,2024-03-07 09:16:00,LONG,20.0,360.0,0.68
ATR_8_PLUS,2024-03-08,2024-03-08 09:01:00,LONG,20.0,360.0,0.68
ATR_8_PLUS,2024-03-11,2024-03-11 09:30:00,SHORT,-20.0,320.0,0.66
ATR_8_PLUS,2024-03-12,2024-03-12 09:24:00,LONG,-20.0,280.0,0.64
ATR_8_PLUS,2024-03-13,2024-03-13 09:40:00,SHORT,20.0,280.0,0.64
ATR_8_PLUS,2024-03-14,2024-03-14 09:24:00,SHORT,-20.0,240.0,0.62
ATR_8_PLUS,2024-03-15,2024-03-15 09:21:00,SHORT,20.0,280.0,0.64
ATR_8_PLUS,2024-03-18,2024-03-18 09:03:00,SHORT,20.0,280.0,0.64
ATR_8_PLUS,2024-03-19,2024-03-19 09:32:00,LONG,20.0,280.0,0.64
ATR_8_PLUS,2024-03-21,2024-03-21 09:36:00,LONG,20.0,280.0,0.64
ATR_8_PLUS,2024-03-22,2024-03-22 09:05:00,LONG,20.0,280.0,0.64
ATR_8_PLUS,2024-03-25,2024-03-25 09:19:00,LONG,20.0,320.0,0.66
ATR_8_PLUS,2024-03-26,2024-03-26 09:09:00,LONG,20.0,320.0,0.66
ATR_8_PLUS,2024-03-27,2024-03-27 09:31:00,SHORT,-20.0,280.0,0.64
ATR_8_PLUS,2024-04-01,2024-04-01 09:10:00,SHORT,20.0,280.0,0.64
ATR_8_PLUS,2024-04-02,2024-04-02 09:14:00,LONG,20.0,280.0,0.64
ATR_8_PLUS,2024-04-03,2024-04-03 09:09:00,LONG,-20.0,240.0,0.62
ATR_8_PLUS,2024-04-05,2024-04-05 09:40:00,LONG,20.0,240.0,0.62
ATR_8_PLUS,2024-04-08,2024-04-08 09:27:00,SHORT,20.0,240.0,0.62
ATR_8_PLUS,2024-04-10,2024-04-10 09:43:00,SHORT,-20.0,240.0,0.62
ATR_8_PLUS,2024-04-11,2024-04-11 09:04:00,LONG,-20.0,200.0,0.6
ATR_8_PLUS,2024-04-12,2024-04-12 10:32:00,SHORT,20.0,200.0,0.6
ATR_8_PLUS,2024-04-15,2024-04-15 09:16:00,SHORT,-20.0,160.0,0.58
ATR_8_PLUS,2024-04-16,2024-04-16 09:07:00,LONG,20.0,200.0,0.6
ATR_8_PLUS,2024-04-18,2024-04-18 09:17:00,LONG,-20.0,200.0,0.6
ATR_8_PLUS,2024-04-19,2024-04-19 09:20:00,SHORT,20.0,200.0,0.6
ATR_8_PLUS,2024-04-22,2024-04-22 09:14:00,SHORT,-20.0,160.0,0.58
ATR_8_PLUS,2024-04-23,2024-04-23 09:22:00,LONG,-20.0,160.0,0.58
ATR_8_PLUS,2024-04-24,2024-04-24 09:05:00,SHORT,20.0,200.0,0.6
ATR_8_PLUS,2024-04-25,2024-04-25 10:20:00,LONG,20.0,240.0,0.62
ATR_8_PLUS,2024-04-26,2024-04-26 09:01:00,LONG,20.0,240.0,0.62
ATR_8_PLUS,2024-04-29,2024-04-29 09:30:00,SHORT,20.0,240.0,0.62
ATR_8_PLUS,2024-04-30,2024-04-30 09:06:00,SHORT,20.0,280.0,0.64
ATR_8_PLUS,2024-05-01,2024-05-01 09:10:00,SHORT,20.0,280.0,0.64
ATR_8_PLUS,2024-05-02,2024-05-02 09:07:00,LONG,20.0,280.0,0.64
ATR_8_PLUS,2024-05-03,2024-05-03 09:10:00,SHORT,-20.0,280.0,0.64
ATR_8_PLUS,2024-05-08,2024-05-08 09:27:00,SHORT,20.0,280.0,0.64
ATR_8_PLUS,2024-05-09,2024-05-09 09:05:00,LONG,-20.0,240.0,0.62
ATR_8_PLUS,2024-05-13,2024-05-13 09:12:00,LONG,-20.0,200.0,0.6
ATR_8_PLUS,2024-05-23,2024-05-23 09:38:00,LONG,-20.0,200.0,0.6
ATR_8_PLUS,2024-05-24,2024-05-24 09:01:00,LONG,20.0,240.0,0.62
ATR_8_PLUS,2024-05-29,2024-05-29 09:07:00,SHORT,20.0,280.0,0.64
ATR_8_PLUS,2024-05-30,2024-05-30 09:05:00,SHORT,-20.0,240.0,0.62
ATR_8_PLUS,2024-05-31,2024-05-31 09:06:00,SHORT,20.0,280.0,0.64
ATR_8_PLUS,2024-06-04,2024-06-04 09:06:00,SHORT,-20.0,240.0,0.62
ATR_8_PLUS,2024-06-05,2024-06-05 09:05:00,LONG,20.0,240.0,0.62
ATR_8_PLUS,2024-06-06,2024-06-06 09:23:00,SHORT,20.0,280.0,0.64
ATR_8_PLUS,2024-06-07,2024-06-07 09:07:00,SHORT,-20.0,280.0,0.64
ATR_8_PLUS,2024-06-10,2024-06-10 11:18:00,LONG,20.0,280.0,0.64
ATR_8_PLUS,2024-06-11,2024-06-11 09:50:00,SHORT,-20.0,240.0,0.62
ATR_8_PLUS,2024-06-13,2024-06-13 09:03:00,SHORT,-20.0,200.0,0.6
ATR_8_PLUS,2024-06-14,2024-06-14 09:50:00,SHORT,-20.0,160.0,0.58
ATR_8_PLUS,2024-06-18,2024-06-18 09:06:00,SHORT,20.0,200.0,0.6
ATR_8_PLUS,2024-06-20,2024-06-20 09:01:00,LONG,-20.0,200.0,0.6
ATR_8_PLUS,2024-06-21,2024-06-21 09:02:00,LONG,20.0,200.0,0.6
ATR_8_PLUS,2024-06-24,2024-06-24 11:10:00,SHORT,10.75,230.75,0.62
ATR_8_PLUS,2024-06-25,2024-06-25 09:11:00,LONG,20.0,230.75,0.62
ATR_8_PLUS,2024-06-26,2024-06-26 09:09:00,SHORT,20.0,230.75,0.62
ATR_8_PLUS,2024-06-27,2024-06-27 10:02:00,SHORT,-20.0,190.75,0.6
ATR_8_PLUS,2024-07-01,2024-07-01 09:29:00,LONG,-20.0,150.75,0.58
ATR_8_PLUS,2024-07-02,2024-07-02 09:06:00,LONG,-20.0,110.75,0.56
ATR_8_PLUS,2024-07-03,2024-07-03 09:08:00,LONG,20.0,110.75,0.56
ATR_8_PLUS,2024-07-05,2024-07-05 09:12:00,LONG,20.0,110.75,0.56
ATR_8_PLUS,2024-07-08,2024-07-08 09:38:00,LONG,20.0,150.75,0.58
ATR_8_PLUS,2024-07-09,2024-07-09 09:31:00,SHORT,-20.0,110.75,0.56
ATR_8_PLUS,2024-07-10,2024-07-10 09:01:00,SHORT,20.0,110.75,0.56
ATR_8_PLUS,2024-07-12,2024-07-12 09:10:00,LONG,-20.0,110.75,0.56
ATR_8_PLUS,2024-07-15,2024-07-15 09:01:00,LONG,20.0,110.75,0.56
ATR_8_PLUS,2024-07-16,2024-07-16 09:08:00,LONG,20.0,110.75,0.56
ATR_8_PLUS,2024-07-17,2024-07-17 09:05:00,SHORT,-20.0,110.75,0.56
ATR_8_PLUS,2024-07-19,2024-07-19 09:51:00,SHORT,-20.0,110.75,0.56
ATR_8_PLUS,2024-07-22,2024-07-22 09:14:00,SHORT,20.0,110.75,0.56
ATR_8_PLUS,2024-07-23,2024-07-23 09:12:00,LONG,20.0,150.75,0.58
ATR_8_PLUS,2024-07-24,2024-07-24 09:11:00,SHORT,20.0,150.75,0.58
ATR_8_PLUS,2024-07-26,2024-07-26 09:08:00,LONG,-20.0,150.75,0.58
ATR_8_PLUS,2024-07-29,2024-07-29 09:03:00,SHORT,20.0,150.75,0.58
ATR_8_PLUS,2024-07-30,2024-07-30 09:01:00,SHORT,20.0,190.75,0.6
ATR_8_PLUS,2024-07-31,2024-07-31 09:31:00,LONG,20.0,230.75,0.62
ATR_8_PLUS,2024-08-08,2024-08-08 09:13:00,SHORT,20.0,230.75,0.62
ATR_8_PLUS,2024-08-12,2024-08-12 09:03:00,LONG,20.0,230.75,0.62
ATR_8_PLUS,2024-08-13,2024-08-13 09:05:00,LONG,20.0,230.75,0.62
ATR_8_PLUS,2024-08-15,2024-08-15 09:19:00,LONG,-20.0,190.75,0.6
ATR_8_PLUS,2024-08-16,2024-08-16 10:11:00,LONG,20.0,190.75,0.6
ATR_8_PLUS,2024-08-19,2024-08-19 09:03:00,LONG,-20.0,150.75,0.58
ATR_8_PLUS,2024-08-20,2024-08-20 09:58:00,LONG,20.0,150.75,0.58
ATR_8_PLUS,2024-08-26,2024-08-26 09:24:00,LONG,-20.0,150.75,0.58
ATR_8_PLUS,2024-08-27,2024-08-27 09:02:00,LONG,-20.0,110.75,0.56
ATR_8_PLUS,2024-09-04,2024-09-04 09:02:00,LONG,-20.0,110.75,0.56
ATR_8_PLUS,2024-09-09,2024-09-09 09:13:00,SHORT,-20.0,110.75,0.56
ATR_8_PLUS,2024-09-10,2024-09-10 09:54:00,SHORT,20.0,150.75,0.58
ATR_8_PLUS,2024-09-11,2024-09-11 09:07:00,LONG,-20.0,110.75,0.56
ATR_8_PLUS,2024-09-12,2024-09-12 11:01:00,LONG,20.0,110.75,0.56
ATR_8_PLUS,2024-09-17,2024-09-17 10:15:00,SHORT,20.0,150.75,0.58
ATR_8_PLUS,2024-09-18,2024-09-18 09:11:00,SHORT,20.0,150.75,0.58
ATR_8_PLUS,2024-09-19,2024-09-19 10:27:00,LONG,-20.0,150.75,0.58
ATR_8_PLUS,2024-09-20,2024-09-20 09:02:00,SHORT,20.0,150.75,0.58
ATR_8_PLUS,2024-09-23,2024-09-23 09:08:00,SHORT,-20.0,110.75,0.56
ATR_8_PLUS,2024-09-25,2024-09-25 09:29:00,SHORT,-20.0,110.75,0.56
ATR_8_PLUS,2024-09-27,2024-09-27 09:11:00,SHORT,20.0,110.75,0.56
ATR_8_PLUS,2024-09-30,2024-09-30 09:17:00,LONG,20.0,150.75,0.58
ATR_8_PLUS,2024-10-01,2024-10-01 09:43:00,LONG,-20.0,150.75,0.58
ATR_8_PLUS,2024-10-02,2024-10-02 09:16:00,LONG,20.0,190.75,0.6
ATR_8_PLUS,2024-10-03,2024-10-03 09:44:00,LONG,20.0,190.75,0.6
ATR_8_PLUS,2024-10-04,2024-10-04 09:01:00,LONG,20.0,230.75,0.62
ATR_8_PLUS,2024-10-07,2024-10-07 09:05:00,SHORT,-20.0,190.75,0.6
ATR_8_PLUS,2024-10-08,2024-10-08 11:09:00,SHORT,-20.0,160.0,0.58
ATR_8_PLUS,2024-10-10,2024-10-10 09:15:00,LONG,20.0,160.0,0.58
ATR_8_PLUS,2024-10-14,2024-10-14 09:01:00,SHORT,20.0,160.0,0.58
ATR_8_PLUS,2024-10-17,2024-10-17 09:30:00,LONG,20.0,200.0,0.6
ATR_8_PLUS,2024-10-18,2024-10-18 09:28:00,LONG,20.0,240.0,0.62
ATR_8_PLUS,2024-10-22,2024-10-22 10:31:00,SHORT,20.0,280.0,0.64
ATR_8_PLUS,2024-10-23,2024-10-23 09:07:00,SHORT,20.0,280.0,0.64
ATR_8_PLUS,2024-10-24,2024-10-24 10:06:00,SHORT,20.0,280.0,0.64
ATR_8_PLUS,2024-10-25,2024-10-25 09:40:00,SHORT,-20.0,240.0,0.62
ATR_8_PLUS,2024-10-28,2024-10-28 09:01:00,SHORT,20.0,280.0,0.64
ATR_8_PLUS,2024-10-29,2024-10-29 09:16:00,LONG,-20.0,240.0,0.62
ATR_8_PLUS,2024-10-30,2024-10-30 09:12:00,SHORT,20.0,280.0,0.64
ATR_8_PLUS,2024-10-31,2024-10-31 09:02:00,SHORT,-20.0,240.0,0.62
ATR_8_PLUS,2024-11-07,2024-11-07 09:05:00,LONG,-20.0,200.0,0.6
ATR_8_PLUS,2024-11-08,2024-11-08 09:10:00,SHORT,-20.0,200.0,0.6
ATR_8_PLUS,2024-11-12,2024-11-12 10:09:00,SHORT,-20.0,200.0,0.6
ATR_8_PLUS,2024-11-13,2024-11-13 09:01:00,SHORT,20.0,200.0,0.6
ATR_8_PLUS,2024-11-14,2024-11-14 09:20:00,SHORT,-20.0,160.0,0.58
ATR_8_PLUS,2024-11-15,2024-11-15 09:03:00,SHORT,20.0,160.0,0.58
ATR_8_PLUS,2024-11-18,2024-11-18 09:05:00,LONG,20.0,200.0,0.6
ATR_8_PLUS,2024-11-19,2024-11-19 09:31:00,LONG,20.0,200.0,0.6
ATR_8_PLUS,2024-11-22,2024-11-22 09:11:00,SHORT,20.0,200.0,0.6
ATR_8_PLUS,2024-11-26,2024-11-26 09:17:00,SHORT,-20.0,160.0,0.58
ATR_8_PLUS,2024-11-27,2024-11-27 09:11:00,SHORT,20.0,160.0,0.58
ATR_8_PLUS,2024-11-29,2024-11-29 09:01:00,LONG,20.0,160.0,0.58
ATR_8_PLUS,2024-12-03,2024-12-03 09:01:00,LONG,20.0,160.0,0.58
ATR_8_PLUS,2024-12-04,2024-12-04 09:08:00,LONG,20.0,200.0,0.6
ATR_8_PLUS,2024-12-05,2024-12-05 09:51:00,SHORT,-20.0,160.0,0.58
ATR_8_PLUS,2024-12-09,2024-12-09 09:27:00,SHORT,20.0,200.0,0.6
ATR_8_PLUS,2024-12-10,2024-12-10 09:08:00,LONG,-20.0,160.0,0.58
ATR_8_PLUS,2024-12-12,2024-12-12 09:09:00,SHORT,20.0,200.0,0.6
ATR_8_PLUS,2024-12-17,2024-12-17 09:03:00,SHORT,-20.0,200.0,0.6
ATR_8_PLUS,2024-12-18,2024-12-18 09:12:00,LONG,20.0,240.0,0.62
ATR_8_PLUS,2024-12-24,2024-12-24 09:01:00,LONG,20.0,280.0,0.64
ATR_8_PLUS,2025-01-08,2025-01-08 09:03:00,LONG,-20.0,240.0,0.62
ATR_8_PLUS,2025-01-20,2025-01-20 09:16:00,SHORT,20.0,280.0,0.64
ATR_8_PLUS,2025-01-23,2025-01-23 09:35:00,LONG,20.0,280.0,0.64
ATR_8_PLUS,2025-01-24,2025-01-24 09:20:00,SHORT,20.0,280.0,0.64
ATR_8_PLUS,2025-01-29,2025-01-29 09:28:00,SHORT,-20.0,240.0,0.62
ATR_8_PLUS,2025-01-31,2025-01-31 09:08:00,LONG,20.0,280.0,0.64
ATR_8_PLUS,2025-02-05,2025-02-05 09:04:00,SHORT,-20.0,240.0,0.62
ATR_8_PLUS,2025-02-06,2025-02-06 09:12:00,LONG,20.0,280.0,0.64
ATR_8_PLUS,2025-02-10,2025-02-10 09:04:00,LONG,20.0,320.0,0.66
ATR_8_PLUS,2025-02-11,2025-02-11 09:01:00,LONG,-20.0,280.0,0.64
ATR_8_PLUS,2025-02-13,2025-02-13 09:16:00,LONG,20.0,280.0,0.64
ATR_8_PLUS,2025-02-14,2025-02-14 09:09:00,LONG,-20.0,280.0,0.64
ATR_8_PLUS,2025-02-18,2025-02-18 09:02:00,SHORT,-20.0,240.0,0.62
ATR_8_PLUS,2025-02-19,2025-02-19 09:03:00,SHORT,20.0,240.0,0.62
ATR_8_PLUS,2025-02-21,2025-02-21 09:06:00,SHORT,20.0,240.0,0.62
ATR_8_PLUS,2025-03-06,2025-03-06 10:39:00,LONG,-20.0,240.0,0.62
ATR_8_PLUS,2025-03-18,2025-03-18 09:01:00,SHORT,20.0,280.0,0.64
ATR_8_PLUS,2025-03-19,2025-03-19 09:22:00,LONG,20.0,280.0,0.64
ATR_8_PLUS,2025-03-20,2025-03-20 09:05:00,SHORT,-20.0,240.0,0.62
ATR_8_PLUS,2025-03-21,2025-03-21 09:01:00,LONG,-20.0,200.0,0.6
ATR_8_PLUS,2025-03-24,2025-03-24 09:07:00,LONG,-20.0,160.0,0.58
ATR_8_PLUS,2025-03-25,2025-03-25 11:29:00,SHORT,3.75,143.75,0.58
ATR_8_PLUS,2025-03-26,2025-03-26 09:10:00,LONG,-20.0,103.75,0.56
ATR_8_PLUS,2025-03-27,2025-03-27 09:33:00,SHORT,20.0,103.75,0.56
ATR_8_PLUS,2025-03-28,2025-03-28 09:02:00,SHORT,20.0,143.75,0.58
ATR_8_PLUS,2025-03-31,2025-03-31 09:02:00,LONG,-20.0,103.75,0.56
ATR_8_PLUS,2025-04-02,2025-04-02 09:48:00,LONG,-20.0,103.75,0.56
ATR_8_PLUS,2025-04-14,2025-04-14 09:02:00,SHORT,20.0,103.75,0.56
ATR_8_PLUS,2025-04-15,2025-04-15 09:21:00,LONG,-20.0,103.75,0.56
ATR_8_PLUS,2025-04-16,2025-04-16 09:24:00,LONG,20.0,143.75,0.58
ATR_8_PLUS,2025-04-17,2025-04-17 09:31:00,LONG,20.0,183.75,0.6
ATR_8_PLUS,2025-04-21,2025-04-21 09:15:00,SHORT,20.0,223.75,0.62
ATR_8_PLUS,2025-04-22,2025-04-22 09:04:00,LONG,20.0,223.75,0.62
ATR_8_PLUS,2025-04-23,2025-04-23 09:01:00,SHORT,20.0,263.75,0.64
ATR_8_PLUS,2025-04-24,2025-04-24 09:21:00,LONG,-20.0,223.75,0.62
ATR_8_PLUS,2025-04-28,2025-04-28 09:07:00,SHORT,20.0,223.75,0.62
ATR_8_PLUS,2025-04-29,2025-04-29 10:56:00,SHORT,-20.0,183.75,0.6
ATR_8_PLUS,2025-04-30,2025-04-30 09:01:00,LONG,20.0,183.75,0.6
ATR_8_PLUS,2025-05-01,2025-05-01 09:05:00,LONG,20.0,223.75,0.62
ATR_8_PLUS,2025-05-02,2025-05-02 09:16:00,LONG,-20.0,183.75,0.6
ATR_8_PLUS,2025-05-05,2025-05-05 09:21:00,LONG,-20.0,143.75,0.58
ATR_8_PLUS,2025-05-06,2025-05-06 09:28:00,LONG,-20.0,103.75,0.56
ATR_8_PLUS,2025-05-09,2025-05-09 09:03:00,LONG,20.0,103.75,0.56
ATR_8_PLUS,2025-05-13,2025-05-13 09:18:00,LONG,20.0,143.75,0.58
ATR_8_PLUS,2025-05-14,2025-05-14 09:28:00,LONG,20.0,143.75,0.58
ATR_8_PLUS,2025-05-15,2025-05-15 09:01:00,LONG,20.0,183.75,0.6
ATR_8_PLUS,2025-05-16,2025-05-16 09:31:00,LONG,20.0,183.75,0.6
ATR_8_PLUS,2025-05-19,2025-05-19 09:38:00,LONG,20.0,223.75,0.62
ATR_8_PLUS,2025-05-20,2025-05-20 10:39:00,LONG,20.0,223.75,0.62
ATR_8_PLUS,2025-05-21,2025-05-21 09:03:00,LONG,20.0,223.75,0.62
ATR_8_PLUS,2025-05-22,2025-05-22 09:45:00,LONG,-20.0,223.75,0.62
ATR_8_PLUS,2025-05-23,2025-05-23 09:06:00,SHORT,-20.0,183.75,0.6
ATR_8_PLUS,2025-05-27,2025-05-27 09:26:00,LONG,-20.0,143.75,0.58
ATR_8_PLUS,2025-05-28,2025-05-28 09:19:00,LONG,-20.0,103.75,0.56
ATR_8_PLUS,2025-05-29,2025-05-29 09:49:00,SHORT,-20.0,103.75,0.56
ATR_8_PLUS,2025-05-30,2025-05-30 09:12:00,SHORT,20.0,103.75,0.56
ATR_8_PLUS,2025-06-02,2025-06-02 09:51:00,LONG,20.0,143.75,0.58
ATR_8_PLUS,2025-06-03,2025-06-03 09:02:00,LONG,20.0,143.75,0.58
ATR_8_PLUS,2025-06-04,2025-06-04 09:01:00,LONG,20.0,143.75,0.58
ATR_8_PLUS,2025-06-06,2025-06-06 09:06:00,LONG,20.0,183.75,0.6
ATR_8_PLUS,2025-06-09,2025-06-09 09:21:00,SHORT,-20.0,143.75,0.58
ATR_8_PLUS,2025-06-10,2025-06-10 09:30:00,SHORT,20.0,183.75,0.6
ATR_8_PLUS,2025-06-11,2025-06-11 09:03:00,LONG,-20.0,183.75,0.6
ATR_8_PLUS,2025-06-12,2025-06-12 09:07:00,LONG,-20.0,143.75,0.58
ATR_8_PLUS,2025-06-17,2025-06-17 09:10:00,LONG,20.0,143.75,0.58
ATR_8_PLUS,2025-06-18,2025-06-18 09:09:00,SHORT,20.0,183.75,0.6
ATR_8_PLUS,2025-06-19,2025-06-19 09:19:00,LONG,-20.0,143.75,0.58
ATR_8_PLUS,2025-06-23,2025-06-23 09:33:00,SHORT,20.0,143.75,0.58
ATR_8_PLUS,2025-06-24,2025-06-24 09:03:00,LONG,20.0,183.75,0.6
ATR_8_PLUS,2025-06-25,2025-06-25 09:03:00,SHORT,20.0,223.75,0.62
ATR_8_PLUS,2025-06-26,2025-06-26 09:39:00,LONG,20.0,263.75,0.64
ATR_8_PLUS,2025-06-30,2025-06-30 09:17:00,SHORT,-20.0,240.0,0.62
ATR_8_PLUS,2025-07-01,2025-07-01 09:07:00,SHORT,20.0,280.0,0.64
ATR_8_PLUS,2025-07-02,2025-07-02 09:02:00,LONG,-20.0,240.0,0.62
ATR_8_PLUS,2025-07-03,2025-07-03 09:32:00,LONG,20.0,240.0,0.62
ATR_8_PLUS,2025-07-07,2025-07-07 10:01:00,LONG,20.0,280.0,0.64
ATR_8_PLUS,2025-07-08,2025-07-08 10:31:00,LONG,-20.0,280.0,0.64
ATR_8_PLUS,2025-07-10,2025-07-10 09:32:00,LONG,20.0,280.0,0.64
ATR_8_PLUS,2025-07-11,2025-07-11 09:10:00,SHORT,20.0,320.0,0.66
ATR_8_PLUS,2025-07-14,2025-07-14 09:01:00,LONG,20.0,320.0,0.66
ATR_8_PLUS,2025-07-15,2025-07-15 11:15:00,SHORT,-20.0,280.0,0.64
ATR_8_PLUS,2025-07-16,2025-07-16 09:14:00,LONG,-20.0,240.0,0.62
ATR_8_PLUS,2025-07-18,2025-07-18 09:04:00,SHORT,-20.0,200.0,0.6
ATR_8_PLUS,2025-07-22,2025-07-22 09:37:00,LONG,-20.0,160.0,0.58
ATR_8_PLUS,2025-07-23,2025-07-23 09:20:00,LONG,20.0,200.0,0.6
ATR_8_PLUS,2025-07-28,2025-07-28 09:29:00,SHORT,-20.0,160.0,0.58
ATR_8_PLUS,2025-07-29,2025-07-29 09:07:00,SHORT,20.0,200.0,0.6
ATR_8_PLUS,2025-07-30,2025-07-30 09:10:00,SHORT,20.0,200.0,0.6
ATR_8_PLUS,2025-08-01,2025-08-01 09:01:00,SHORT,-20.0,160.0,0.58
ATR_8_PLUS,2025-08-04,2025-08-04 09:21:00,SHORT,-20.0,160.0,0.58
ATR_8_PLUS,2025-08-06,2025-08-06 09:09:00,LONG,20.0,200.0,0.6
ATR_8_PLUS,2025-08-07,2025-08-07 09:15:00,SHORT,-20.0,200.0,0.6
ATR_8_PLUS,2025-08-08,2025-08-08 09:35:00,SHORT,20.0,200.0,0.6
ATR_8_PLUS,2025-08-11,2025-08-11 09:07:00,SHORT,-20.0,160.0,0.58
ATR_8_PLUS,2025-08-12,2025-08-12 09:02:00,LONG,20.0,160.0,0.58
ATR_8_PLUS,2025-08-13,2025-08-13 09:06:00,SHORT,20.0,160.0,0.58
ATR_8_PLUS,2025-08-14,2025-08-14 09:10:00,SHORT,20.0,160.0,0.58
ATR_8_PLUS,2025-08-15,2025-08-15 10:01:00,SHORT,-20.0,120.0,0.56
ATR_8_PLUS,2025-08-19,2025-08-19 09:02:00,SHORT,-20.0,80.0,0.54
ATR_8_PLUS,2025-08-20,2025-08-20 09:08:00,LONG,20.0,80.0,0.54
ATR_8_PLUS,2025-08-21,2025-08-21 09:20:00,SHORT,20.0,120.0,0.56
ATR_8_PLUS,2025-08-22,2025-08-22 10:15:00,SHORT,20.0,160.0,0.58
ATR_8_PLUS,2025-08-25,2025-08-25 09:02:00,LONG,20.0,200.0,0.6
ATR_8_PLUS,2025-08-26,2025-08-26 09:16:00,SHORT,-20.0,200.0,0.6
ATR_8_PLUS,2025-08-27,2025-08-27 09:48:00,LONG,-20.0,200.0,0.6
ATR_8_PLUS,2025-08-28,2025-08-28 09:16:00,LONG,20.0,200.0,0.6
ATR_8_PLUS,2025-08-29,2025-08-29 11:16:00,SHORT,-20.0,160.0,0.58
ATR_8_PLUS,2025-09-03,2025-09-03 09:29:00,SHORT,20.0,160.0,0.58
ATR_8_PLUS,2025-09-04,2025-09-04 09:02:00,LONG,-20.0,120.0,0.56
ATR_8_PLUS,2025-09-08,2025-09-08 09:19:00,SHORT,-20.0,80.0,0.54
ATR_8_PLUS,2025-09-09,2025-09-09 10:10:00,LONG,20.0,120.0,0.56
ATR_8_PLUS,2025-09-10,2025-09-10 09:17:00,SHORT,20.0,120.0,0.56
ATR_8_PLUS,2025-09-11,2025-09-11 09:38:00,LONG,20.0,160.0,0.58
ATR_8_PLUS,2025-09-16,2025-09-16 09:08:00,SHORT,20.0,200.0,0.6
ATR_8_PLUS,2025-09-17,2025-09-17 11:20:00,SHORT,-4.25,175.75,0.58
ATR_8_PLUS,2025-09-18,2025-09-18 09:53:00,SHORT,-20.0,135.75,0.56
ATR_8_PLUS,2025-09-19,2025-09-19 09:15:00,SHORT,20.0,175.75,0.58
ATR_8_PLUS,2025-09-23,2025-09-23 09:02:00,SHORT,-20.0,135.75,0.56
ATR_8_PLUS,2025-09-24,2025-09-24 09:04:00,SHORT,20.0,135.75,0.56
ATR_8_PLUS,2025-09-25,2025-09-25 09:03:00,SHORT,20.0,135.75,0.56
ATR_8_PLUS,2025-09-26,2025-09-26 10:22:00,LONG,20.0,135.75,0.56
ATR_8_PLUS,2025-09-29,2025-09-29 09:09:00,SHORT,20.0,175.75,0.58
ATR_8_PLUS,2025-09-30,2025-09-30 09:01:00,LONG,-20.0,135.75,0.56
ATR_8_PLUS,2025-10-01,2025-10-01 09:02:00,LONG,-20.0,135.75,0.56
ATR_8_PLUS,2025-10-02,2025-10-02 09:02:00,SHORT,20.0,135.75,0.56
ATR_8_PLUS,2025-10-03,2025-10-03 09:17:00,LONG,-20.0,95.75,0.54
ATR_8_PLUS,2025-10-06,2025-10-06 09:05:00,LONG,20.0,135.75,0.56
ATR_8_PLUS,2025-10-07,2025-10-07 09:03:00,SHORT,20.0,135.75,0.56
ATR_8_PLUS,2025-10-08,2025-10-08 09:34:00,LONG,20.0,135.75,0.56
ATR_8_PLUS,2025-10-09,2025-10-09 09:05:00,LONG,-20.0,95.75,0.54
ATR_8_PLUS,2025-10-14,2025-10-14 09:06:00,LONG,-20.0,95.75,0.54
ATR_8_PLUS,2025-10-15,2025-10-15 09:12:00,SHORT,20.0,135.75,0.56
ATR_8_PLUS,2025-10-16,2025-10-16 09:25:00,SHORT,20.0,175.75,0.58
ATR_8_PLUS,2025-10-20,2025-10-20 09:25:00,LONG,20.0,215.75,0.6
ATR_8_PLUS,2025-10-21,2025-10-21 09:47:00,LONG,20.0,215.75,0.6
ATR_8_PLUS,2025-10-23,2025-10-23 09:55:00,LONG,20.0,255.75,0.62
ATR_8_PLUS,2025-10-24,2025-10-24 09:23:00,LONG,-20.0,215.75,0.6
ATR_8_PLUS,2025-10-27,2025-10-27 09:14:00,LONG,20.0,215.75,0.6
ATR_8_PLUS,2025-10-28,2025-10-28 09:09:00,LONG,-20.0,215.75,0.6
ATR_8_PLUS,2025-10-29,2025-10-29 09:15:00,SHORT,-20.0,215.75,0.6
ATR_8_PLUS,2025-10-30,2025-10-30 09:47:00,SHORT,-20.0,175.75,0.58
ATR_8_PLUS,2025-10-31,2025-10-31 09:39:00,SHORT,20.0,215.75,0.6
ATR_8_PLUS,2025-11-11,2025-11-11 09:15:00,SHORT,20.0,215.75,0.6
ATR_8_PLUS,2025-11-28,2025-11-28 10:07:00,LONG,-20.0,215.75,0.6
ATR_8_PLUS,2025-12-03,2025-12-03 09:17:00,LONG,20.0,215.75,0.6
ATR_8_PLUS,2025-12-09,2025-12-09 09:29:00,LONG,20.0,215.75,0.6
ATR_8_PLUS,2025-12-10,2025-12-10 09:55:00,SHORT,20.0,215.75,0.6
ATR_8_PLUS,2025-12-12,2025-12-12 09:06:00,SHORT,20.0,255.75,0.62
ATR_8_PLUS,2025-12-23,2025-12-23 09:04:00,SHORT,-20.0,255.75,0.62
ATR_8_PLUS,2025-12-26,2025-12-26 09:04:00,SHORT,20.0,255.75,0.62
ATR_8_PLUS,2025-12-30,2025-12-30 10:23:00,LONG,-20.0,215.75,0.6
ATR_8_PLUS,2025-12-31,2025-12-31 09:19:00,SHORT,-20.0,175.75,0.58
ATR_8_PLUS,2026-01-07,2026-01-07 09:33:00,LONG,20.0,175.75,0.58
ATR_8_PLUS,2026-01-13,2026-01-13 09:04:00,SHORT,-20.0,175.75,0.58
ATR_8_PLUS,2026-01-15,2026-01-15 09:48:00,SHORT,20.0,215.75,0.6
ATR_8_PLUS,2026-01-19,2026-01-19 09:02:00,LONG,20.0,215.75,0.6
ATR_8_PLUS,2026-01-23,2026-01-23 09:01:00,LONG,20.0,255.75,0.62
ATR_8_PLUS,2026-01-28,2026-01-28 09:32:00,SHORT,20.0,255.75,0.62
ATR_8_PLUS,2026-02-16,2026-02-16 09:04:00,LONG,-20.0,255.75,0.62
ATR_8_PLUS,2026-03-17,2026-03-17 09:10:00,SHORT,-20.0,255.75,0.62
ATR_8_PLUS,2026-03-18,2026-03-18 09:01:00,LONG,20.0,255.75,0.62
ATR_8_PLUS,2026-03-19,2026-03-19 09:12:00,LONG,20.0,255.75,0.62
ATR_8_PLUS,2026-03-20,2026-03-20 10:03:00,LONG,20.0,255.75,0.62
ATR_8_PLUS,2026-03-23,2026-03-23 09:04:00,LONG,20.0,255.75,0.62
ATR_8_PLUS,2026-03-25,2026-03-25 09:08:00,SHORT,20.0,280.0,0.64
ATR_8_PLUS,2026-03-27,2026-03-27 09:05:00,LONG,-20.0,280.0,0.64
ATR_8_PLUS,2026-03-30,2026-03-30 09:01:00,LONG,20.0,280.0,0.64
ATR_8_PLUS,2026-04-09,2026-04-09 09:13:00,LONG,20.0,320.0,0.66
ATR_8_PLUS,2026-04-10,2026-04-10 09:16:00,LONG,-20.0,280.0,0.64
ATR_8_PLUS,2026-04-13,2026-04-13 10:27:00,LONG,20.0,280.0,0.64
ATR_8_PLUS,2026-04-14,2026-04-14 09:06:00,SHORT,-20.0,240.0,0.62
ATR_8_PLUS,2026-04-15,2026-04-15 09:12:00,LONG,20.0,240.0,0.62
ATR_8_PLUS,2026-04-17,2026-04-17 09:32:00,LONG,20.0,280.0,0.64
ATR_8_PLUS,2026-04-22,2026-04-22 11:19:00,LONG,20.0,320.0,0.66
ATR_8_PLUS,2026-04-23,2026-04-23 09:03:00,LONG,20.0,320.0,0.66
ATR_8_PLUS,2026-04-27,2026-04-27 09:22:00,SHORT,-20.0,320.0,0.66
ATR_8_PLUS,2026-04-29,2026-04-29 09:11:00,SHORT,20.0,320.0,0.66
ATR_8_PLUS,2026-05-04,2026-05-04 09:12:00,SHORT,20.0,320.0,0.66
ATR_8_PLUS,2026-05-05,2026-05-05 09:38:00,LONG,-20.0,280.0,0.64
ATR_8_PLUS,2026-05-07,2026-05-07 09:13:00,SHORT,-20.0,280.0,0.64
PROD_STACK_STRICT,2018-01-03,2018-01-03 09:06:00,LONG,11.5,,
PROD_STACK_STRICT,2018-01-16,2018-01-16 10:00:00,SHORT,20.0,,
PROD_STACK_STRICT,2018-01-17,2018-01-17 10:10:00,LONG,5.5,,
PROD_STACK_STRICT,2018-01-19,2018-01-19 09:09:00,SHORT,0.75,,
PROD_STACK_STRICT,2018-01-24,2018-01-24 09:14:00,LONG,-20.0,,
PROD_STACK_STRICT,2018-01-29,2018-01-29 09:41:00,SHORT,-20.0,,
PROD_STACK_STRICT,2018-01-30,2018-01-30 09:06:00,SHORT,-20.0,,
PROD_STACK_STRICT,2018-02-01,2018-02-01 10:39:00,LONG,9.75,,
PROD_STACK_STRICT,2018-02-02,2018-02-02 11:01:00,SHORT,-20.0,,
PROD_STACK_STRICT,2018-02-05,2018-02-05 11:02:00,LONG,-20.0,,
PROD_STACK_STRICT,2018-02-07,2018-02-07 09:06:00,LONG,20.0,,
PROD_STACK_STRICT,2018-02-09,2018-02-09 10:37:00,SHORT,20.0,,
PROD_STACK_STRICT,2018-02-12,2018-02-12 09:13:00,SHORT,20.0,,
PROD_STACK_STRICT,2018-02-13,2018-02-13 09:10:00,LONG,20.0,,
PROD_STACK_STRICT,2018-02-15,2018-02-15 09:57:00,SHORT,20.0,,
PROD_STACK_STRICT,2018-02-16,2018-02-16 10:54:00,LONG,11.5,,
PROD_STACK_STRICT,2018-02-19,2018-02-19 09:07:00,SHORT,20.0,,
PROD_STACK_STRICT,2018-02-20,2018-02-20 09:17:00,LONG,20.0,,
PROD_STACK_STRICT,2018-02-22,2018-02-22 10:22:00,LONG,-11.75,,
PROD_STACK_STRICT,2018-02-23,2018-02-23 09:17:00,SHORT,-20.0,,
PROD_STACK_STRICT,2018-02-27,2018-02-27 10:10:00,SHORT,20.0,,
PROD_STACK_STRICT,2018-02-28,2018-02-28 09:20:00,LONG,-20.0,,
PROD_STACK_STRICT,2018-03-05,2018-03-05 09:44:00,LONG,20.0,,
PROD_STACK_STRICT,2018-03-06,2018-03-06 09:58:00,SHORT,20.0,,
PROD_STACK_STRICT,2018-03-07,2018-03-07 11:11:00,SHORT,-13.5,,
PROD_STACK_STRICT,2018-03-08,2018-03-08 09:05:00,SHORT,-20.0,,
PROD_STACK_STRICT,2018-03-14,2018-03-14 09:14:00,SHORT,20.0,,
PROD_STACK_STRICT,2018-03-19,2018-03-19 09:05:00,SHORT,20.0,,
PROD_STACK_STRICT,2018-03-20,2018-03-20 09:15:00,SHORT,20.0,,
PROD_STACK_STRICT,2018-03-22,2018-03-22 09:30:00,SHORT,20.0,,
PROD_STACK_STRICT,2018-03-26,2018-03-26 09:06:00,SHORT,20.0,,
PROD_STACK_STRICT,2018-03-29,2018-03-29 09:10:00,LONG,-20.0,,
PROD_STACK_STRICT,2018-04-05,2018-04-05 10:11:00,LONG,-20.0,,
PROD_STACK_STRICT,2018-04-06,2018-04-06 09:24:00,SHORT,-20.0,,
PROD_STACK_STRICT,2018-04-10,2018-04-10 09:46:00,SHORT,20.0,,
PROD_STACK_STRICT,2018-04-11,2018-04-11 09:54:00,LONG,-20.0,,
PROD_STACK_STRICT,2018-04-12,2018-04-12 09:53:00,SHORT,-20.0,,
PROD_STACK_STRICT,2018-04-13,2018-04-13 09:03:00,SHORT,-20.0,,
PROD_STACK_STRICT,2018-04-16,2018-04-16 10:46:00,LONG,20.0,,
PROD_STACK_STRICT,2018-04-17,2018-04-17 09:01:00,LONG,20.0,,
PROD_STACK_STRICT,2018-04-18,2018-04-18 09:58:00,LONG,20.0,,
PROD_STACK_STRICT,2018-04-19,2018-04-19 10:48:00,SHORT,20.0,,
PROD_STACK_STRICT,2018-04-20,2018-04-20 09:04:00,SHORT,20.0,,
PROD_STACK_STRICT,2018-04-23,2018-04-23 09:05:00,LONG,-20.0,,
PROD_STACK_STRICT,2018-04-24,2018-04-24 09:29:00,SHORT,20.0,,
PROD_STACK_STRICT,2018-04-26,2018-04-26 10:44:00,LONG,13.0,,
PROD_STACK_STRICT,2018-04-30,2018-04-30 09:17:00,SHORT,20.0,,
PROD_STACK_STRICT,2018-05-01,2018-05-01 09:47:00,SHORT,2.5,,
PROD_STACK_STRICT,2018-05-02,2018-05-02 09:43:00,SHORT,20.0,,
PROD_STACK_STRICT,2018-05-03,2018-05-03 10:39:00,LONG,20.0,249.25,0.66
PROD_STACK_STRICT,2018-05-04,2018-05-04 09:03:00,LONG,20.0,257.75,0.66
PROD_STACK_STRICT,2018-05-07,2018-05-07 09:21:00,LONG,-20.0,217.75,0.64
PROD_STACK_STRICT,2018-05-08,2018-05-08 09:09:00,SHORT,-20.0,192.25,0.62
PROD_STACK_STRICT,2018-05-09,2018-05-09 10:02:00,LONG,20.0,211.5,0.62
PROD_STACK_STRICT,2018-05-11,2018-05-11 10:14:00,SHORT,4.75,236.25,0.64
PROD_STACK_STRICT,2018-05-18,2018-05-18 09:08:00,LONG,0.25,256.5,0.66
PROD_STACK_STRICT,2018-05-23,2018-05-23 09:46:00,LONG,20.0,296.5,0.68
PROD_STACK_STRICT,2018-05-30,2018-05-30 09:26:00,LONG,6.75,293.5,0.68
PROD_STACK_STRICT,2018-05-31,2018-05-31 09:39:00,LONG,20.0,333.5,0.7
PROD_STACK_STRICT,2018-06-01,2018-06-01 09:36:00,LONG,16.5,370.0,0.72
PROD_STACK_STRICT,2018-06-04,2018-06-04 09:57:00,LONG,20.0,370.0,0.72
PROD_STACK_STRICT,2018-06-05,2018-06-05 09:13:00,SHORT,20.0,370.0,0.72
PROD_STACK_STRICT,2018-06-06,2018-06-06 11:21:00,LONG,11.5,361.5,0.72
PROD_STACK_STRICT,2018-06-07,2018-06-07 11:17:00,SHORT,0.75,342.25,0.72
PROD_STACK_STRICT,2018-06-08,2018-06-08 09:27:00,LONG,-20.0,302.25,0.7
PROD_STACK_STRICT,2018-06-15,2018-06-15 11:00:00,LONG,0.75,291.5,0.7
PROD_STACK_STRICT,2018-06-18,2018-06-18 09:10:00,LONG,-5.25,266.25,0.68
PROD_STACK_STRICT,2018-06-19,2018-06-19 09:19:00,LONG,20.0,266.25,0.68
PROD_STACK_STRICT,2018-06-25,2018-06-25 09:06:00,SHORT,20.0,298.0,0.7
PROD_STACK_STRICT,2018-06-26,2018-06-26 09:15:00,LONG,20.0,338.0,0.72
PROD_STACK_STRICT,2018-06-28,2018-06-28 09:43:00,LONG,-20.0,298.0,0.7
PROD_STACK_STRICT,2018-06-29,2018-06-29 09:56:00,SHORT,-0.5,317.5,0.7
PROD_STACK_STRICT,2018-07-03,2018-07-03 09:46:00,SHORT,20.0,317.5,0.7
PROD_STACK_STRICT,2018-07-06,2018-07-06 09:08:00,LONG,20.0,317.5,0.7
PROD_STACK_STRICT,2018-07-11,2018-07-11 09:57:00,SHORT,20.0,351.0,0.72
PROD_STACK_STRICT,2018-07-17,2018-07-17 09:09:00,LONG,20.0,391.0,0.74
PROD_STACK_STRICT,2018-07-19,2018-07-19 10:01:00,LONG,-20.0,351.0,0.72
PROD_STACK_STRICT,2018-07-23,2018-07-23 09:36:00,LONG,9.0,340.0,0.72
PROD_STACK_STRICT,2018-07-27,2018-07-27 10:00:00,SHORT,20.0,340.0,0.72
PROD_STACK_STRICT,2018-07-30,2018-07-30 10:04:00,SHORT,20.0,340.0,0.72
PROD_STACK_STRICT,2018-07-31,2018-07-31 09:05:00,LONG,20.0,340.0,0.72
PROD_STACK_STRICT,2018-08-03,2018-08-03 10:02:00,SHORT,-12.5,347.5,0.72
PROD_STACK_STRICT,2018-08-07,2018-08-07 09:27:00,SHORT,-20.0,347.5,0.72
PROD_STACK_STRICT,2018-08-14,2018-08-14 09:49:00,LONG,-4.0,363.5,0.72
PROD_STACK_STRICT,2018-08-16,2018-08-16 09:17:00,LONG,-4.25,339.25,0.7
PROD_STACK_STRICT,2018-08-20,2018-08-20 11:03:00,LONG,10.75,370.0,0.72
PROD_STACK_STRICT,2018-08-22,2018-08-22 10:06:00,LONG,2.5,392.5,0.74
PROD_STACK_STRICT,2018-08-24,2018-08-24 10:04:00,LONG,-10.25,402.25,0.74
PROD_STACK_STRICT,2018-08-29,2018-08-29 09:24:00,LONG,8.25,390.5,0.74
PROD_STACK_STRICT,2018-08-30,2018-08-30 10:38:00,LONG,13.25,383.75,0.74
PROD_STACK_STRICT,2018-09-04,2018-09-04 09:51:00,SHORT,20.0,383.75,0.74
PROD_STACK_STRICT,2018-09-05,2018-09-05 10:51:00,LONG,13.0,376.75,0.74
PROD_STACK_STRICT,2018-09-06,2018-09-06 10:55:00,SHORT,-8.0,348.75,0.72
PROD_STACK_STRICT,2018-09-07,2018-09-07 10:49:00,SHORT,20.0,388.75,0.74
PROD_STACK_STRICT,2018-09-10,2018-09-10 09:33:00,LONG,5.5,374.25,0.74
PROD_STACK_STRICT,2018-09-11,2018-09-11 09:12:00,LONG,20.0,381.25,0.74
PROD_STACK_STRICT,2018-09-17,2018-09-17 10:52:00,LONG,-17.25,344.0,0.72
PROD_STACK_STRICT,2018-09-18,2018-09-18 09:28:00,LONG,-10.25,331.25,0.7
PROD_STACK_STRICT,2018-09-24,2018-09-24 10:54:00,LONG,11.5,322.75,0.7
PROD_STACK_STRICT,2018-09-25,2018-09-25 09:27:00,LONG,7.5,310.25,0.7
PROD_STACK_STRICT,2018-09-28,2018-09-28 09:09:00,LONG,-20.0,270.25,0.68
PROD_STACK_STRICT,2018-10-02,2018-10-02 10:34:00,LONG,-6.5,283.75,0.68
PROD_STACK_STRICT,2018-10-03,2018-10-03 09:01:00,SHORT,-20.0,283.75,0.68
PROD_STACK_STRICT,2018-10-04,2018-10-04 09:34:00,SHORT,20.0,283.75,0.68
PROD_STACK_STRICT,2018-10-05,2018-10-05 09:09:00,SHORT,20.0,299.0,0.68
PROD_STACK_STRICT,2018-10-08,2018-10-08 09:03:00,SHORT,20.0,318.75,0.68
PROD_STACK_STRICT,2018-10-10,2018-10-10 09:05:00,SHORT,20.0,318.75,0.68
PROD_STACK_STRICT,2018-10-11,2018-10-11 09:17:00,SHORT,20.0,332.0,0.68
PROD_STACK_STRICT,2018-10-12,2018-10-12 09:56:00,SHORT,20.0,332.0,0.68
PROD_STACK_STRICT,2018-10-15,2018-10-15 09:52:00,LONG,-20.0,295.5,0.66
PROD_STACK_STRICT,2018-10-17,2018-10-17 10:48:00,LONG,20.0,295.5,0.66
PROD_STACK_STRICT,2018-10-18,2018-10-18 09:12:00,SHORT,20.0,295.5,0.66
PROD_STACK_STRICT,2018-11-01,2018-11-01 09:35:00,LONG,20.0,304.0,0.66
PROD_STACK_STRICT,2018-11-02,2018-11-02 09:21:00,SHORT,-20.0,283.25,0.64
PROD_STACK_STRICT,2018-11-07,2018-11-07 09:03:00,LONG,20.0,323.25,0.66
PROD_STACK_STRICT,2018-11-09,2018-11-09 09:10:00,SHORT,20.0,342.5,0.66
PROD_STACK_STRICT,2018-11-12,2018-11-12 09:08:00,SHORT,20.0,367.75,0.68
PROD_STACK_STRICT,2018-11-13,2018-11-13 09:22:00,SHORT,20.0,367.75,0.68
PROD_STACK_STRICT,2018-11-15,2018-11-15 09:40:00,SHORT,-20.0,327.75,0.66
PROD_STACK_STRICT,2018-11-16,2018-11-16 09:15:00,LONG,20.0,327.75,0.66
PROD_STACK_STRICT,2018-11-28,2018-11-28 09:34:00,SHORT,-20.0,327.75,0.66
PROD_STACK_STRICT,2018-11-29,2018-11-29 09:19:00,SHORT,-20.0,308.25,0.66
PROD_STACK_STRICT,2018-11-30,2018-11-30 09:31:00,LONG,20.0,308.25,0.66
PROD_STACK_STRICT,2018-12-06,2018-12-06 11:16:00,LONG,20.0,308.25,0.66
PROD_STACK_STRICT,2018-12-11,2018-12-11 09:18:00,SHORT,-20.0,268.25,0.64
PROD_STACK_STRICT,2018-12-12,2018-12-12 09:38:00,LONG,20.0,268.25,0.64
PROD_STACK_STRICT,2018-12-13,2018-12-13 09:13:00,LONG,-20.0,268.25,0.64
PROD_STACK_STRICT,2018-12-14,2018-12-14 09:19:00,LONG,-20.0,239.25,0.62
PROD_STACK_STRICT,2018-12-17,2018-12-17 09:43:00,LONG,20.0,239.25,0.62
PROD_STACK_STRICT,2018-12-18,2018-12-18 11:09:00,LONG,20.0,239.25,0.62
PROD_STACK_STRICT,2018-12-20,2018-12-20 10:14:00,SHORT,20.0,239.25,0.62
PROD_STACK_STRICT,2018-12-27,2018-12-27 09:46:00,SHORT,20.0,271.75,0.64
PROD_STACK_STRICT,2018-12-28,2018-12-28 09:25:00,SHORT,20.0,311.75,0.66
PROD_STACK_STRICT,2018-12-31,2018-12-31 10:52:00,SHORT,-5.0,310.75,0.66
PROD_STACK_STRICT,2019-01-03,2019-01-03 09:01:00,SHORT,20.0,335.0,0.68
PROD_STACK_STRICT,2019-01-07,2019-01-07 09:31:00,LONG,20.0,344.25,0.68
PROD_STACK_STRICT,2019-01-08,2019-01-08 11:20:00,SHORT,-3.0,338.75,0.66
PROD_STACK_STRICT,2019-01-09,2019-01-09 10:57:00,LONG,8.75,357.75,0.68
PROD_STACK_STRICT,2019-01-14,2019-01-14 09:20:00,LONG,20.0,369.5,0.68
PROD_STACK_STRICT,2019-01-15,2019-01-15 09:10:00,LONG,20.0,376.25,0.68
PROD_STACK_STRICT,2019-01-16,2019-01-16 09:44:00,SHORT,-20.0,336.25,0.66
PROD_STACK_STRICT,2019-01-17,2019-01-17 10:32:00,LONG,-2.25,321.0,0.64
PROD_STACK_STRICT,2019-01-18,2019-01-18 09:45:00,LONG,20.0,349.0,0.66
PROD_STACK_STRICT,2019-01-24,2019-01-24 09:27:00,LONG,-20.0,309.0,0.64
PROD_STACK_STRICT,2019-02-01,2019-02-01 10:42:00,LONG,-20.0,283.5,0.62
PROD_STACK_STRICT,2019-02-06,2019-02-06 09:01:00,SHORT,20.0,283.5,0.62
PROD_STACK_STRICT,2019-02-07,2019-02-07 09:24:00,LONG,-20.0,280.75,0.62
PROD_STACK_STRICT,2019-02-11,2019-02-11 10:15:00,SHORT,-10.75,280.25,0.62
PROD_STACK_STRICT,2019-02-12,2019-02-12 09:02:00,LONG,20.0,288.75,0.62
PROD_STACK_STRICT,2019-02-13,2019-02-13 09:19:00,SHORT,20.0,301.25,0.62
PROD_STACK_STRICT,2019-02-14,2019-02-14 09:42:00,LONG,20.0,341.25,0.64
PROD_STACK_STRICT,2019-02-15,2019-02-15 10:23:00,SHORT,-10.0,337.75,0.64
PROD_STACK_STRICT,2019-02-19,2019-02-19 10:01:00,LONG,14.75,372.5,0.66
PROD_STACK_STRICT,2019-02-20,2019-02-20 11:07:00,SHORT,20.0,372.5,0.66
PROD_STACK_STRICT,2019-02-21,2019-02-21 09:13:00,SHORT,-20.0,332.5,0.64
PROD_STACK_STRICT,2019-02-22,2019-02-22 10:05:00,LONG,20.0,332.5,0.64
PROD_STACK_STRICT,2019-02-26,2019-02-26 09:01:00,LONG,20.0,332.5,0.64
PROD_STACK_STRICT,2019-02-27,2019-02-27 09:05:00,SHORT,20.0,332.5,0.64
PROD_STACK_STRICT,2019-02-28,2019-02-28 09:07:00,SHORT,-20.0,292.5,0.62
PROD_STACK_STRICT,2019-03-05,2019-03-05 10:51:00,LONG,-0.5,312.0,0.62
PROD_STACK_STRICT,2019-03-06,2019-03-06 09:22:00,SHORT,20.0,312.0,0.62
PROD_STACK_STRICT,2019-03-07,2019-03-07 09:22:00,SHORT,-20.0,272.0,0.6
PROD_STACK_STRICT,2019-03-08,2019-03-08 09:44:00,LONG,-20.0,232.0,0.58
PROD_STACK_STRICT,2019-03-12,2019-03-12 10:24:00,LONG,-1.25,250.75,0.58
PROD_STACK_STRICT,2019-03-13,2019-03-13 10:22:00,LONG,13.75,244.5,0.58
PROD_STACK_STRICT,2019-03-22,2019-03-22 09:17:00,SHORT,20.0,244.5,0.58
PROD_STACK_STRICT,2019-03-26,2019-03-26 09:48:00,SHORT,20.0,244.5,0.58
PROD_STACK_STRICT,2019-04-04,2019-04-04 10:19:00,SHORT,-12.0,212.5,0.56
PROD_STACK_STRICT,2019-04-12,2019-04-12 09:46:00,SHORT,-12.0,220.5,0.56
PROD_STACK_STRICT,2019-04-17,2019-04-17 09:28:00,SHORT,-1.75,198.75,0.54
PROD_STACK_STRICT,2019-04-18,2019-04-18 09:10:00,LONG,9.25,228.0,0.56
PROD_STACK_STRICT,2019-04-25,2019-04-25 10:14:00,LONG,4.25,252.25,0.58
PROD_STACK_STRICT,2019-05-02,2019-05-02 09:03:00,SHORT,20.0,252.25,0.58
PROD_STACK_STRICT,2019-05-06,2019-05-06 09:28:00,LONG,-20.0,212.25,0.56
PROD_STACK_STRICT,2019-05-07,2019-05-07 09:58:00,SHORT,-20.0,212.25,0.56
PROD_STACK_STRICT,2019-05-08,2019-05-08 09:05:00,LONG,-20.0,172.25,0.54
PROD_STACK_STRICT,2019-05-10,2019-05-10 10:47:00,LONG,20.0,212.25,0.56
PROD_STACK_STRICT,2019-05-13,2019-05-13 09:27:00,SHORT,20.0,252.25,0.58
PROD_STACK_STRICT,2019-05-17,2019-05-17 10:10:00,SHORT,-20.0,212.25,0.56
PROD_STACK_STRICT,2019-05-20,2019-05-20 09:36:00,SHORT,-20.0,172.25,0.54
PROD_STACK_STRICT,2019-05-22,2019-05-22 09:01:00,SHORT,-20.0,132.25,0.52
PROD_STACK_STRICT,2019-05-23,2019-05-23 09:12:00,SHORT,20.0,132.25,0.52
PROD_STACK_STRICT,2019-05-24,2019-05-24 09:11:00,SHORT,-20.0,92.25,0.5
PROD_STACK_STRICT,2019-05-29,2019-05-29 09:15:00,SHORT,20.0,117.25,0.52
PROD_STACK_STRICT,2019-05-30,2019-05-30 09:02:00,SHORT,-20.0,77.25,0.5
PROD_STACK_STRICT,2019-05-31,2019-05-31 09:22:00,LONG,-20.0,37.25,0.48
PROD_STACK_STRICT,2019-06-06,2019-06-06 09:09:00,LONG,-2.5,37.75,0.48
PROD_STACK_STRICT,2019-06-07,2019-06-07 09:02:00,LONG,-20.0,9.0,0.46
PROD_STACK_STRICT,2019-06-10,2019-06-10 09:38:00,LONG,20.0,9.0,0.46
PROD_STACK_STRICT,2019-06-21,2019-06-21 09:02:00,LONG,-20.0,-31.0,0.44
PROD_STACK_STRICT,2019-06-26,2019-06-26 09:16:00,SHORT,2.0,-9.0,0.46
PROD_STACK_STRICT,2019-07-01,2019-07-01 10:23:00,SHORT,20.0,13.25,0.48
PROD_STACK_STRICT,2019-07-10,2019-07-10 09:26:00,SHORT,-20.0,-26.75,0.46
PROD_STACK_STRICT,2019-07-18,2019-07-18 10:45:00,SHORT,2.25,-4.5,0.48
PROD_STACK_STRICT,2019-07-19,2019-07-19 09:40:00,SHORT,-20.0,-4.5,0.48
PROD_STACK_STRICT,2019-07-22,2019-07-22 10:44:00,LONG,-2.75,-27.25,0.46
PROD_STACK_STRICT,2019-07-23,2019-07-23 09:56:00,SHORT,-10.5,-17.75,0.46
PROD_STACK_STRICT,2019-07-25,2019-07-25 10:06:00,SHORT,20.0,13.0,0.48
PROD_STACK_STRICT,2019-08-01,2019-08-01 09:04:00,LONG,-1.25,-8.25,0.46
PROD_STACK_STRICT,2019-08-05,2019-08-05 10:31:00,SHORT,20.0,-8.25,0.46
PROD_STACK_STRICT,2019-08-06,2019-08-06 09:50:00,SHORT,20.0,-8.25,0.46
PROD_STACK_STRICT,2019-08-07,2019-08-07 10:28:00,SHORT,-20.0,-18.25,0.46
PROD_STACK_STRICT,2019-08-09,2019-08-09 09:48:00,SHORT,20.0,-13.0,0.46
PROD_STACK_STRICT,2019-08-12,2019-08-12 09:20:00,SHORT,-20.0,-53.0,0.44
PROD_STACK_STRICT,2019-08-14,2019-08-14 09:04:00,SHORT,20.0,-13.0,0.46
PROD_STACK_STRICT,2019-08-15,2019-08-15 09:24:00,SHORT,-20.0,-53.0,0.44
PROD_STACK_STRICT,2019-08-19,2019-08-19 09:18:00,LONG,15.25,-57.75,0.44
PROD_STACK_STRICT,2019-08-20,2019-08-20 09:03:00,LONG,-6.5,-84.25,0.42
PROD_STACK_STRICT,2019-08-26,2019-08-26 09:18:00,LONG,20.0,-44.25,0.44
PROD_STACK_STRICT,2019-08-28,2019-08-28 09:27:00,LONG,-4.75,-48.5,0.44
PROD_STACK_STRICT,2019-08-29,2019-08-29 09:30:00,LONG,3.25,-65.25,0.44
PROD_STACK_STRICT,2019-09-06,2019-09-06 10:46:00,SHORT,-19.0,-64.25,0.44
PROD_STACK_STRICT,2019-09-09,2019-09-09 10:08:00,SHORT,20.0,-24.25,0.46
PROD_STACK_STRICT,2019-09-10,2019-09-10 09:33:00,SHORT,-20.0,-43.0,0.46
PROD_STACK_STRICT,2019-09-13,2019-09-13 09:07:00,LONG,-20.0,-76.75,0.44
PROD_STACK_STRICT,2019-09-16,2019-09-16 10:00:00,SHORT,-8.25,-105.0,0.42
PROD_STACK_STRICT,2019-09-20,2019-09-20 09:18:00,SHORT,20.0,-105.0,0.42
PROD_STACK_STRICT,2019-09-23,2019-09-23 10:20:00,LONG,9.75,-83.25,0.44
PROD_STACK_STRICT,2019-09-24,2019-09-24 09:09:00,SHORT,20.0,-51.25,0.46
PROD_STACK_STRICT,2019-09-25,2019-09-25 10:19:00,LONG,20.0,-29.5,0.48
PROD_STACK_STRICT,2019-09-26,2019-09-26 09:01:00,SHORT,20.0,-18.75,0.48
PROD_STACK_STRICT,2019-09-27,2019-09-27 09:25:00,LONG,-20.0,-43.0,0.46
PROD_STACK_STRICT,2019-10-02,2019-10-02 10:01:00,SHORT,20.0,-43.0,0.46
PROD_STACK_STRICT,2019-10-04,2019-10-04 09:25:00,LONG,20.0,-3.0,0.48
PROD_STACK_STRICT,2019-10-07,2019-10-07 09:05:00,LONG,-4.5,12.5,0.48
PROD_STACK_STRICT,2019-10-08,2019-10-08 11:05:00,LONG,20.0,52.5,0.5
PROD_STACK_STRICT,2019-10-17,2019-10-17 09:55:00,SHORT,-14.25,18.25,0.48
PROD_STACK_STRICT,2019-10-23,2019-10-23 09:17:00,LONG,-20.0,-21.75,0.46
PROD_STACK_STRICT,2019-10-25,2019-10-25 09:11:00,LONG,20.0,18.25,0.48
PROD_STACK_STRICT,2019-10-29,2019-10-29 09:40:00,SHORT,20.0,58.25,0.5
PROD_STACK_STRICT,2019-10-30,2019-10-30 09:43:00,SHORT,-5.0,73.25,0.5
PROD_STACK_STRICT,2019-10-31,2019-10-31 09:18:00,LONG,-20.0,33.25,0.48
PROD_STACK_STRICT,2019-11-04,2019-11-04 09:36:00,SHORT,6.5,59.75,0.5
PROD_STACK_STRICT,2019-11-05,2019-11-05 09:17:00,SHORT,-20.0,19.75,0.48
PROD_STACK_STRICT,2019-11-07,2019-11-07 09:16:00,LONG,20.0,59.75,0.5
PROD_STACK_STRICT,2019-11-08,2019-11-08 10:06:00,LONG,7.75,87.5,0.52
PROD_STACK_STRICT,2019-11-13,2019-11-13 09:39:00,LONG,8.75,98.75,0.54
PROD_STACK_STRICT,2019-11-14,2019-11-14 09:04:00,LONG,-20.0,98.75,0.54
PROD_STACK_STRICT,2019-11-18,2019-11-18 10:25:00,LONG,-2.25,76.5,0.52
PROD_STACK_STRICT,2019-11-19,2019-11-19 09:47:00,SHORT,20.0,116.5,0.54
PROD_STACK_STRICT,2019-11-21,2019-11-21 09:18:00,SHORT,5.75,120.25,0.54
PROD_STACK_STRICT,2019-11-26,2019-11-26 10:38:00,LONG,9.5,109.75,0.54
PROD_STACK_STRICT,2019-12-06,2019-12-06 11:25:00,LONG,4.25,134.0,0.56
PROD_STACK_STRICT,2019-12-11,2019-12-11 09:02:00,LONG,-11.0,120.75,0.54
PROD_STACK_STRICT,2019-12-13,2019-12-13 09:06:00,LONG,20.0,160.75,0.56
PROD_STACK_STRICT,2019-12-16,2019-12-16 09:19:00,LONG,9.25,172.75,0.58
PROD_STACK_STRICT,2020-01-02,2020-01-02 09:16:00,SHORT,-19.0,164.25,0.58
PROD_STACK_STRICT,2020-01-03,2020-01-03 11:13:00,LONG,4.0,148.25,0.58
PROD_STACK_STRICT,2020-01-08,2020-01-08 10:36:00,LONG,20.0,169.5,0.6
PROD_STACK_STRICT,2020-01-10,2020-01-10 11:07:00,SHORT,-0.25,149.25,0.58
PROD_STACK_STRICT,2020-01-15,2020-01-15 09:38:00,LONG,-5.75,123.5,0.56
PROD_STACK_STRICT,2020-01-17,2020-01-17 10:14:00,SHORT,-13.5,130.0,0.56
PROD_STACK_STRICT,2020-01-23,2020-01-23 09:38:00,LONG,-20.0,90.0,0.54
PROD_STACK_STRICT,2020-01-24,2020-01-24 09:17:00,SHORT,20.0,130.0,0.56
PROD_STACK_STRICT,2020-01-27,2020-01-27 11:18:00,LONG,9.25,119.25,0.56
PROD_STACK_STRICT,2020-01-29,2020-01-29 09:01:00,SHORT,20.0,159.25,0.58
PROD_STACK_STRICT,2020-01-30,2020-01-30 09:46:00,SHORT,20.0,164.0,0.58
PROD_STACK_STRICT,2020-01-31,2020-01-31 09:12:00,SHORT,20.0,190.5,0.6
PROD_STACK_STRICT,2020-02-04,2020-02-04 09:57:00,LONG,20.0,190.5,0.6
PROD_STACK_STRICT,2020-02-05,2020-02-05 11:07:00,SHORT,12.5,207.75,0.62
PROD_STACK_STRICT,2020-02-07,2020-02-07 09:46:00,LONG,20.0,224.5,0.62
PROD_STACK_STRICT,2020-02-10,2020-02-10 09:10:00,LONG,20.0,263.5,0.64
PROD_STACK_STRICT,2020-02-11,2020-02-11 10:31:00,LONG,-20.0,223.5,0.62
PROD_STACK_STRICT,2020-03-05,2020-03-05 10:58:00,LONG,-20.0,223.5,0.62
PROD_STACK_STRICT,2020-03-09,2020-03-09 11:02:00,LONG,-20.0,223.5,0.62
PROD_STACK_STRICT,2020-03-25,2020-03-25 09:26:00,LONG,-20.0,211.75,0.62
PROD_STACK_STRICT,2020-04-01,2020-04-01 09:50:00,SHORT,20.0,211.75,0.62
PROD_STACK_STRICT,2020-04-06,2020-04-06 09:55:00,LONG,20.0,222.0,0.62
PROD_STACK_STRICT,2020-04-09,2020-04-09 10:26:00,LONG,-20.0,182.0,0.6
PROD_STACK_STRICT,2020-04-13,2020-04-13 09:03:00,SHORT,-20.0,142.0,0.58
PROD_STACK_STRICT,2020-04-15,2020-04-15 10:51:00,LONG,-20.0,102.0,0.56
PROD_STACK_STRICT,2020-04-16,2020-04-16 09:09:00,LONG,20.0,142.0,0.58
PROD_STACK_STRICT,2020-04-17,2020-04-17 09:34:00,SHORT,-20.0,102.0,0.56
PROD_STACK_STRICT,2020-04-20,2020-04-20 09:36:00,LONG,-20.0,62.0,0.54
PROD_STACK_STRICT,2020-04-22,2020-04-22 10:47:00,LONG,20.0,86.5,0.56
PROD_STACK_STRICT,2020-04-24,2020-04-24 10:30:00,LONG,20.0,86.5,0.56
PROD_STACK_STRICT,2020-04-27,2020-04-27 09:26:00,LONG,-20.0,80.75,0.56
PROD_STACK_STRICT,2020-04-29,2020-04-29 10:18:00,LONG,20.0,120.75,0.58
PROD_STACK_STRICT,2020-04-30,2020-04-30 10:13:00,SHORT,20.0,120.75,0.58
PROD_STACK_STRICT,2020-05-04,2020-05-04 09:35:00,LONG,20.0,120.75,0.58
PROD_STACK_STRICT,2020-05-05,2020-05-05 11:20:00,LONG,20.0,145.75,0.6
PROD_STACK_STRICT,2020-05-11,2020-05-11 09:27:00,LONG,20.0,185.75,0.62
PROD_STACK_STRICT,2020-05-12,2020-05-12 11:01:00,LONG,-20.0,159.25,0.6
PROD_STACK_STRICT,2020-05-15,2020-05-15 09:02:00,SHORT,20.0,199.25,0.62
PROD_STACK_STRICT,2020-05-19,2020-05-19 09:18:00,LONG,-20.0,159.25,0.6
PROD_STACK_STRICT,2020-05-20,2020-05-20 09:20:00,LONG,20.0,171.5,0.6
PROD_STACK_STRICT,2020-05-21,2020-05-21 09:30:00,SHORT,-20.0,142.75,0.58
PROD_STACK_STRICT,2020-05-22,2020-05-22 10:48:00,LONG,20.0,182.75,0.6
PROD_STACK_STRICT,2020-05-26,2020-05-26 10:39:00,SHORT,20.0,205.0,0.62
PROD_STACK_STRICT,2020-05-29,2020-05-29 11:00:00,LONG,20.0,205.0,0.62
PROD_STACK_STRICT,2020-06-01,2020-06-01 10:56:00,LONG,20.0,219.25,0.62
PROD_STACK_STRICT,2020-06-02,2020-06-02 09:03:00,SHORT,20.0,229.75,0.62
PROD_STACK_STRICT,2020-06-03,2020-06-03 10:07:00,SHORT,20.0,245.5,0.62
PROD_STACK_STRICT,2020-06-09,2020-06-09 09:05:00,LONG,-20.0,236.5,0.62
PROD_STACK_STRICT,2020-06-18,2020-06-18 09:16:00,LONG,-20.0,196.5,0.6
PROD_STACK_STRICT,2020-06-19,2020-06-19 09:47:00,SHORT,20.0,207.25,0.6
PROD_STACK_STRICT,2020-06-22,2020-06-22 09:52:00,LONG,20.0,246.25,0.62
PROD_STACK_STRICT,2020-06-23,2020-06-23 09:17:00,LONG,20.0,262.25,0.62
PROD_STACK_STRICT,2020-06-24,2020-06-24 09:08:00,SHORT,20.0,262.25,0.62
PROD_STACK_STRICT,2020-06-25,2020-06-25 09:02:00,SHORT,20.0,282.5,0.64
PROD_STACK_STRICT,2020-07-01,2020-07-01 09:58:00,LONG,20.0,308.25,0.66
PROD_STACK_STRICT,2020-07-02,2020-07-02 09:03:00,SHORT,20.0,341.75,0.68
PROD_STACK_STRICT,2020-07-07,2020-07-07 10:49:00,SHORT,20.0,381.75,0.7
PROD_STACK_STRICT,2020-07-08,2020-07-08 09:14:00,SHORT,20.0,381.75,0.7
PROD_STACK_STRICT,2020-07-10,2020-07-10 09:48:00,LONG,-20.0,352.5,0.68
PROD_STACK_STRICT,2020-07-13,2020-07-13 11:00:00,SHORT,-20.0,312.5,0.66
PROD_STACK_STRICT,2020-07-20,2020-07-20 09:17:00,LONG,20.0,312.5,0.66
PROD_STACK_STRICT,2020-07-21,2020-07-21 11:20:00,SHORT,-17.25,275.25,0.64
PROD_STACK_STRICT,2020-07-22,2020-07-22 09:16:00,SHORT,-20.0,235.25,0.62
PROD_STACK_STRICT,2020-07-23,2020-07-23 09:53:00,SHORT,20.0,242.75,0.62
PROD_STACK_STRICT,2020-07-27,2020-07-27 09:19:00,SHORT,20.0,242.75,0.62
PROD_STACK_STRICT,2020-07-28,2020-07-28 11:21:00,LONG,3.25,226.0,0.62
PROD_STACK_STRICT,2020-07-29,2020-07-29 10:22:00,SHORT,-8.75,237.25,0.62
PROD_STACK_STRICT,2020-07-30,2020-07-30 09:12:00,LONG,20.0,277.25,0.64
PROD_STACK_STRICT,2020-07-31,2020-07-31 10:44:00,SHORT,20.0,317.25,0.66
PROD_STACK_STRICT,2020-08-04,2020-08-04 09:02:00,SHORT,20.0,357.25,0.68
PROD_STACK_STRICT,2020-08-07,2020-08-07 09:33:00,SHORT,20.0,357.25,0.68
PROD_STACK_STRICT,2020-08-13,2020-08-13 11:03:00,LONG,-20.0,317.25,0.66
PROD_STACK_STRICT,2020-08-14,2020-08-14 11:03:00,LONG,15.75,353.0,0.68
PROD_STACK_STRICT,2020-08-19,2020-08-19 09:01:00,LONG,-20.0,353.0,0.68
PROD_STACK_STRICT,2020-08-25,2020-08-25 09:31:00,LONG,-20.0,353.0,0.68
PROD_STACK_STRICT,2020-08-28,2020-08-28 11:25:00,SHORT,12.25,345.25,0.68
PROD_STACK_STRICT,2020-08-31,2020-08-31 09:08:00,LONG,-20.0,345.25,0.68
PROD_STACK_STRICT,2020-09-02,2020-09-02 09:10:00,SHORT,20.0,385.25,0.7
PROD_STACK_STRICT,2020-09-07,2020-09-07 09:38:00,LONG,-20.0,345.25,0.68
PROD_STACK_STRICT,2020-09-15,2020-09-15 09:45:00,LONG,20.0,345.25,0.68
PROD_STACK_STRICT,2020-09-16,2020-09-16 11:27:00,SHORT,3.75,369.0,0.7
PROD_STACK_STRICT,2020-09-23,2020-09-23 10:43:00,SHORT,20.0,369.0,0.7
PROD_STACK_STRICT,2020-09-25,2020-09-25 09:42:00,LONG,-20.0,329.0,0.68
PROD_STACK_STRICT,2020-09-28,2020-09-28 10:17:00,SHORT,-20.0,289.0,0.66
PROD_STACK_STRICT,2020-10-01,2020-10-01 11:00:00,LONG,20.0,289.0,0.66
PROD_STACK_STRICT,2020-10-05,2020-10-05 10:12:00,LONG,-7.5,261.5,0.64
PROD_STACK_STRICT,2020-10-07,2020-10-07 09:53:00,LONG,20.0,301.5,0.66
PROD_STACK_STRICT,2020-10-09,2020-10-09 09:41:00,LONG,20.0,301.5,0.66
PROD_STACK_STRICT,2020-10-13,2020-10-13 09:47:00,LONG,20.0,341.5,0.68
PROD_STACK_STRICT,2020-10-14,2020-10-14 09:46:00,SHORT,20.0,341.5,0.68
PROD_STACK_STRICT,2020-10-15,2020-10-15 09:29:00,LONG,20.0,381.5,0.7
PROD_STACK_STRICT,2020-10-20,2020-10-20 09:09:00,SHORT,-20.0,341.5,0.68
PROD_STACK_STRICT,2020-10-21,2020-10-21 10:30:00,SHORT,20.0,341.5,0.68
PROD_STACK_STRICT,2020-10-23,2020-10-23 09:54:00,SHORT,-20.0,301.5,0.66
PROD_STACK_STRICT,2020-10-27,2020-10-27 09:18:00,LONG,-20.0,261.5,0.64
PROD_STACK_STRICT,2020-10-28,2020-10-28 11:29:00,SHORT,5.5,247.0,0.64
PROD_STACK_STRICT,2020-11-12,2020-11-12 10:46:00,SHORT,-20.0,207.0,0.62
PROD_STACK_STRICT,2020-11-13,2020-11-13 09:27:00,SHORT,20.0,247.0,0.64
PROD_STACK_STRICT,2020-11-19,2020-11-19 10:07:00,LONG,20.0,287.0,0.66
PROD_STACK_STRICT,2020-11-23,2020-11-23 09:07:00,SHORT,20.0,287.0,0.66
PROD_STACK_STRICT,2020-11-25,2020-11-25 09:05:00,SHORT,20.0,287.0,0.66
PROD_STACK_STRICT,2020-11-26,2020-11-26 09:19:00,SHORT,20.0,287.0,0.66
PROD_STACK_STRICT,2020-12-03,2020-12-03 09:04:00,LONG,20.0,287.0,0.66
PROD_STACK_STRICT,2020-12-04,2020-12-04 09:06:00,LONG,-20.0,247.0,0.64
PROD_STACK_STRICT,2020-12-07,2020-12-07 10:05:00,LONG,20.0,247.0,0.64
PROD_STACK_STRICT,2020-12-08,2020-12-08 11:02:00,LONG,2.0,229.0,0.64
PROD_STACK_STRICT,2020-12-09,2020-12-09 09:16:00,SHORT,-20.0,189.0,0.62
PROD_STACK_STRICT,2020-12-11,2020-12-11 10:39:00,SHORT,20.0,189.0,0.62
PROD_STACK_STRICT,2020-12-15,2020-12-15 09:39:00,SHORT,20.0,229.0,0.64
PROD_STACK_STRICT,2020-12-16,2020-12-16 10:10:00,LONG,20.0,269.0,0.66
PROD_STACK_STRICT,2020-12-17,2020-12-17 09:19:00,SHORT,20.0,269.0,0.66
PROD_STACK_STRICT,2020-12-18,2020-12-18 09:02:00,SHORT,20.0,306.25,0.68
PROD_STACK_STRICT,2020-12-22,2020-12-22 10:02:00,SHORT,-20.0,306.25,0.68
PROD_STACK_STRICT,2020-12-28,2020-12-28 10:26:00,LONG,15.5,301.75,0.68
PROD_STACK_STRICT,2020-12-29,2020-12-29 09:11:00,SHORT,20.0,301.75,0.68
PROD_STACK_STRICT,2020-12-30,2020-12-30 09:49:00,SHORT,-20.0,278.5,0.66
PROD_STACK_STRICT,2021-01-08,2021-01-08 09:27:00,SHORT,20.0,307.25,0.68
PROD_STACK_STRICT,2021-01-14,2021-01-14 09:45:00,LONG,-20.0,267.25,0.66
PROD_STACK_STRICT,2021-01-18,2021-01-18 11:06:00,LONG,-8.0,239.25,0.64
PROD_STACK_STRICT,2021-01-21,2021-01-21 11:09:00,LONG,-20.0,199.25,0.62
PROD_STACK_STRICT,2021-01-26,2021-01-26 10:05:00,LONG,20.0,199.25,0.62
PROD_STACK_STRICT,2021-02-02,2021-02-02 10:23:00,LONG,20.0,239.25,0.64
PROD_STACK_STRICT,2021-02-03,2021-02-03 09:11:00,SHORT,20.0,243.5,0.64
PROD_STACK_STRICT,2021-02-04,2021-02-04 09:04:00,SHORT,-20.0,243.5,0.64
PROD_STACK_STRICT,2021-02-08,2021-02-08 10:49:00,SHORT,-10.75,252.75,0.64
PROD_STACK_STRICT,2021-02-10,2021-02-10 09:13:00,SHORT,20.0,260.5,0.64
PROD_STACK_STRICT,2021-02-11,2021-02-11 11:22:00,SHORT,20.0,300.5,0.66
PROD_STACK_STRICT,2021-02-12,2021-02-12 09:39:00,LONG,20.0,300.5,0.66
PROD_STACK_STRICT,2021-02-17,2021-02-17 09:22:00,SHORT,20.0,340.5,0.68
PROD_STACK_STRICT,2021-02-18,2021-02-18 09:06:00,SHORT,20.0,340.5,0.68
PROD_STACK_STRICT,2021-02-19,2021-02-19 09:19:00,SHORT,-20.0,316.75,0.66
PROD_STACK_STRICT,2021-03-11,2021-03-11 09:20:00,SHORT,-20.0,276.75,0.64
PROD_STACK_STRICT,2021-03-15,2021-03-15 09:41:00,SHORT,-20.0,276.75,0.64
PROD_STACK_STRICT,2021-03-17,2021-03-17 11:06:00,SHORT,20.0,316.75,0.66
PROD_STACK_STRICT,2021-03-18,2021-03-18 11:03:00,SHORT,-20.0,276.75,0.64
PROD_STACK_STRICT,2021-03-22,2021-03-22 09:45:00,LONG,20.0,304.25,0.66
PROD_STACK_STRICT,2021-03-23,2021-03-23 09:06:00,LONG,20.0,304.25,0.66
PROD_STACK_STRICT,2021-03-26,2021-03-26 09:17:00,SHORT,20.0,304.25,0.66
PROD_STACK_STRICT,2021-03-30,2021-03-30 09:49:00,LONG,-20.0,264.25,0.64
PROD_STACK_STRICT,2021-04-05,2021-04-05 09:33:00,LONG,20.0,264.25,0.64
PROD_STACK_STRICT,2021-04-06,2021-04-06 09:11:00,LONG,20.0,264.25,0.64
PROD_STACK_STRICT,2021-04-07,2021-04-07 10:24:00,SHORT,20.0,304.25,0.66
PROD_STACK_STRICT,2021-04-08,2021-04-08 09:16:00,SHORT,-20.0,264.25,0.64
PROD_STACK_STRICT,2021-04-14,2021-04-14 10:21:00,SHORT,20.0,304.25,0.66
PROD_STACK_STRICT,2021-04-15,2021-04-15 09:04:00,LONG,-20.0,304.25,0.66
PROD_STACK_STRICT,2021-04-19,2021-04-19 10:27:00,SHORT,20.0,318.75,0.66
PROD_STACK_STRICT,2021-04-27,2021-04-27 10:53:00,LONG,0.25,339.0,0.68
PROD_STACK_STRICT,2021-04-28,2021-04-28 09:51:00,SHORT,20.0,339.0,0.68
PROD_STACK_STRICT,2021-04-29,2021-04-29 09:56:00,SHORT,20.0,339.0,0.68
PROD_STACK_STRICT,2021-04-30,2021-04-30 09:37:00,SHORT,-20.0,299.0,0.66
PROD_STACK_STRICT,2021-05-04,2021-05-04 09:06:00,SHORT,20.0,299.0,0.66
PROD_STACK_STRICT,2021-05-05,2021-05-05 09:53:00,LONG,-20.0,259.0,0.64
PROD_STACK_STRICT,2021-05-12,2021-05-12 09:51:00,SHORT,20.0,259.0,0.64
PROD_STACK_STRICT,2021-05-17,2021-05-17 09:12:00,SHORT,-20.0,259.0,0.64
PROD_STACK_STRICT,2021-05-18,2021-05-18 11:27:00,SHORT,-0.75,238.25,0.62
PROD_STACK_STRICT,2021-05-19,2021-05-19 09:10:00,LONG,20.0,256.25,0.62
PROD_STACK_STRICT,2021-05-21,2021-05-21 09:50:00,SHORT,20.0,296.25,0.64
PROD_STACK_STRICT,2021-05-24,2021-05-24 11:28:00,LONG,5.25,281.5,0.64
PROD_STACK_STRICT,2021-05-25,2021-05-25 09:46:00,SHORT,20.0,281.5,0.64
PROD_STACK_STRICT,2021-05-26,2021-05-26 09:32:00,SHORT,-20.0,241.5,0.62
PROD_STACK_STRICT,2021-06-04,2021-06-04 09:29:00,LONG,2.75,224.25,0.62
PROD_STACK_STRICT,2021-06-07,2021-06-07 10:29:00,LONG,-1.5,202.75,0.6
PROD_STACK_STRICT,2021-06-08,2021-06-08 09:16:00,SHORT,20.0,242.75,0.62
PROD_STACK_STRICT,2021-06-15,2021-06-15 09:54:00,SHORT,20.0,247.25,0.62
PROD_STACK_STRICT,2021-06-16,2021-06-16 09:08:00,SHORT,20.0,247.25,0.62
PROD_STACK_STRICT,2021-06-17,2021-06-17 11:14:00,LONG,20.0,287.25,0.64
PROD_STACK_STRICT,2021-06-18,2021-06-18 09:38:00,SHORT,20.0,287.25,0.64
PROD_STACK_STRICT,2021-06-21,2021-06-21 09:57:00,LONG,0.0,307.25,0.64
PROD_STACK_STRICT,2021-06-23,2021-06-23 10:50:00,SHORT,-16.75,298.5,0.64
PROD_STACK_STRICT,2021-06-24,2021-06-24 10:14:00,LONG,-20.0,298.5,0.64
PROD_STACK_STRICT,2021-06-25,2021-06-25 11:13:00,SHORT,5.75,284.25,0.64
PROD_STACK_STRICT,2021-06-28,2021-06-28 10:27:00,LONG,-20.0,244.25,0.62
PROD_STACK_STRICT,2021-06-29,2021-06-29 10:39:00,LONG,20.0,244.25,0.62
PROD_STACK_STRICT,2021-06-30,2021-06-30 10:34:00,SHORT,-0.5,263.75,0.62
PROD_STACK_STRICT,2021-07-01,2021-07-01 09:07:00,SHORT,20.0,294.5,0.64
PROD_STACK_STRICT,2021-07-02,2021-07-02 09:38:00,LONG,20.0,294.5,0.64
PROD_STACK_STRICT,2021-07-06,2021-07-06 10:00:00,SHORT,20.0,294.5,0.64
PROD_STACK_STRICT,2021-07-08,2021-07-08 09:40:00,LONG,20.0,294.5,0.64
PROD_STACK_STRICT,2021-07-14,2021-07-14 09:28:00,SHORT,20.0,294.5,0.64
PROD_STACK_STRICT,2021-07-15,2021-07-15 10:10:00,SHORT,20.0,294.5,0.64
PROD_STACK_STRICT,2021-07-16,2021-07-16 09:18:00,SHORT,20.0,334.5,0.66
PROD_STACK_STRICT,2021-07-19,2021-07-19 10:01:00,LONG,-20.0,334.5,0.66
PROD_STACK_STRICT,2021-07-21,2021-07-21 09:01:00,LONG,-20.0,334.5,0.66
PROD_STACK_STRICT,2021-07-26,2021-07-26 10:01:00,LONG,-20.0,294.5,0.64
PROD_STACK_STRICT,2021-07-29,2021-07-29 09:07:00,LONG,-20.0,294.5,0.64
PROD_STACK_STRICT,2021-07-30,2021-07-30 10:47:00,LONG,20.0,294.5,0.64
PROD_STACK_STRICT,2021-08-02,2021-08-02 10:01:00,SHORT,20.0,294.5,0.64
PROD_STACK_STRICT,2021-08-04,2021-08-04 10:02:00,LONG,20.0,294.5,0.64
PROD_STACK_STRICT,2021-08-05,2021-08-05 09:01:00,LONG,-12.75,301.75,0.64
PROD_STACK_STRICT,2021-08-06,2021-08-06 09:11:00,SHORT,-20.0,261.75,0.62
PROD_STACK_STRICT,2021-08-11,2021-08-11 10:03:00,SHORT,20.0,261.75,0.62
PROD_STACK_STRICT,2021-08-12,2021-08-12 09:32:00,LONG,-20.0,221.75,0.6
PROD_STACK_STRICT,2021-08-18,2021-08-18 09:34:00,SHORT,20.0,261.75,0.62
PROD_STACK_STRICT,2021-08-19,2021-08-19 09:10:00,LONG,20.0,261.75,0.62
PROD_STACK_STRICT,2021-08-23,2021-08-23 09:16:00,LONG,20.0,301.75,0.64
PROD_STACK_STRICT,2021-08-24,2021-08-24 09:27:00,SHORT,20.0,301.75,0.64
PROD_STACK_STRICT,2021-08-25,2021-08-25 10:57:00,LONG,-20.0,281.5,0.62
PROD_STACK_STRICT,2021-08-26,2021-08-26 09:02:00,SHORT,-20.0,241.5,0.6
PROD_STACK_STRICT,2021-08-27,2021-08-27 11:03:00,LONG,14.25,235.75,0.6
PROD_STACK_STRICT,2021-09-02,2021-09-02 09:09:00,SHORT,-20.0,235.75,0.6
PROD_STACK_STRICT,2021-09-03,2021-09-03 09:49:00,LONG,20.0,235.75,0.6
PROD_STACK_STRICT,2021-09-10,2021-09-10 09:32:00,SHORT,20.0,275.75,0.62
PROD_STACK_STRICT,2021-09-14,2021-09-14 10:30:00,LONG,-20.0,235.75,0.6
PROD_STACK_STRICT,2021-09-15,2021-09-15 10:25:00,LONG,20.0,275.75,0.62
PROD_STACK_STRICT,2021-09-16,2021-09-16 10:24:00,LONG,20.0,296.5,0.64
PROD_STACK_STRICT,2021-09-17,2021-09-17 09:29:00,SHORT,20.0,296.5,0.64
PROD_STACK_STRICT,2021-09-20,2021-09-20 09:49:00,SHORT,20.0,296.5,0.64
PROD_STACK_STRICT,2021-09-24,2021-09-24 09:53:00,LONG,20.0,311.25,0.64
PROD_STACK_STRICT,2021-09-27,2021-09-27 09:07:00,LONG,-20.0,271.25,0.62
PROD_STACK_STRICT,2021-09-28,2021-09-28 09:34:00,SHORT,20.0,311.25,0.64
PROD_STACK_STRICT,2021-10-12,2021-10-12 09:09:00,LONG,-20.0,288.5,0.62
PROD_STACK_STRICT,2021-10-19,2021-10-19 10:36:00,LONG,20.0,310.0,0.64
PROD_STACK_STRICT,2021-10-20,2021-10-20 09:08:00,SHORT,20.0,310.0,0.64
PROD_STACK_STRICT,2021-10-28,2021-10-28 10:28:00,LONG,-20.0,270.0,0.62
PROD_STACK_STRICT,2021-11-01,2021-11-01 11:25:00,LONG,2.5,252.5,0.62
PROD_STACK_STRICT,2021-11-02,2021-11-02 09:47:00,LONG,-20.0,212.5,0.6
PROD_STACK_STRICT,2021-11-03,2021-11-03 10:21:00,LONG,15.25,207.75,0.6
PROD_STACK_STRICT,2021-11-11,2021-11-11 09:22:00,SHORT,-20.0,187.75,0.6
PROD_STACK_STRICT,2021-11-15,2021-11-15 10:16:00,SHORT,20.0,224.5,0.62
PROD_STACK_STRICT,2021-11-17,2021-11-17 09:57:00,LONG,20.0,264.5,0.64
PROD_STACK_STRICT,2021-11-18,2021-11-18 09:11:00,SHORT,20.0,278.75,0.64
PROD_STACK_STRICT,2021-12-13,2021-12-13 09:22:00,SHORT,20.0,318.75,0.66
PROD_STACK_STRICT,2021-12-28,2021-12-28 10:25:00,SHORT,20.0,318.75,0.66
PROD_STACK_STRICT,2021-12-31,2021-12-31 09:06:00,SHORT,-20.0,299.25,0.66
PROD_STACK_STRICT,2022-02-08,2022-02-08 09:48:00,LONG,20.0,299.25,0.66
PROD_STACK_STRICT,2022-02-09,2022-02-09 10:01:00,LONG,-20.0,259.25,0.64
PROD_STACK_STRICT,2022-02-15,2022-02-15 11:05:00,LONG,-20.0,219.25,0.62
PROD_STACK_STRICT,2022-02-21,2022-02-21 10:19:00,SHORT,20.0,219.25,0.62
PROD_STACK_STRICT,2022-03-18,2022-03-18 09:16:00,LONG,20.0,219.25,0.62
PROD_STACK_STRICT,2022-03-23,2022-03-23 10:10:00,LONG,-20.0,179.25,0.6
PROD_STACK_STRICT,2022-03-25,2022-03-25 09:04:00,SHORT,20.0,179.25,0.6
PROD_STACK_STRICT,2022-03-30,2022-03-30 10:15:00,SHORT,-20.0,179.25,0.6
PROD_STACK_STRICT,2022-03-31,2022-03-31 10:45:00,SHORT,20.0,219.25,0.62
PROD_STACK_STRICT,2022-04-05,2022-04-05 09:37:00,SHORT,20.0,259.25,0.64
PROD_STACK_STRICT,2022-04-06,2022-04-06 10:55:00,SHORT,20.0,299.25,0.66
PROD_STACK_STRICT,2022-04-13,2022-04-13 09:04:00,LONG,20.0,299.25,0.66
PROD_STACK_STRICT,2022-04-14,2022-04-14 10:14:00,SHORT,20.0,299.25,0.66
PROD_STACK_STRICT,2022-04-19,2022-04-19 09:23:00,LONG,20.0,299.25,0.66
PROD_STACK_STRICT,2022-04-26,2022-04-26 09:45:00,SHORT,20.0,332.0,0.68
PROD_STACK_STRICT,2022-04-28,2022-04-28 09:45:00,LONG,20.0,372.0,0.7
PROD_STACK_STRICT,2022-05-04,2022-05-04 09:42:00,SHORT,-20.0,332.0,0.68
PROD_STACK_STRICT,2022-05-09,2022-05-09 09:35:00,SHORT,20.0,372.0,0.7
PROD_STACK_STRICT,2022-05-18,2022-05-18 09:08:00,SHORT,20.0,372.0,0.7
PROD_STACK_STRICT,2022-05-24,2022-05-24 10:42:00,LONG,20.0,372.0,0.7
PROD_STACK_STRICT,2022-05-25,2022-05-25 11:29:00,SHORT,13.0,365.0,0.7
PROD_STACK_STRICT,2022-05-26,2022-05-26 09:49:00,LONG,20.0,365.0,0.7
PROD_STACK_STRICT,2022-05-30,2022-05-30 10:59:00,LONG,11.25,396.25,0.72
PROD_STACK_STRICT,2022-06-03,2022-06-03 10:27:00,SHORT,-20.0,396.25,0.72
PROD_STACK_STRICT,2022-06-10,2022-06-10 09:06:00,SHORT,-20.0,362.0,0.7
PROD_STACK_STRICT,2022-06-13,2022-06-13 09:09:00,SHORT,20.0,402.0,0.72
PROD_STACK_STRICT,2022-07-01,2022-07-01 09:09:00,LONG,20.0,402.0,0.72
PROD_STACK_STRICT,2022-07-06,2022-07-06 09:48:00,SHORT,20.0,402.0,0.72
PROD_STACK_STRICT,2022-07-08,2022-07-08 09:02:00,LONG,20.0,442.0,0.74
PROD_STACK_STRICT,2022-07-12,2022-07-12 10:20:00,LONG,20.0,442.0,0.74
PROD_STACK_STRICT,2022-07-15,2022-07-15 09:10:00,LONG,20.0,442.0,0.74
PROD_STACK_STRICT,2022-07-22,2022-07-22 09:13:00,SHORT,20.0,442.0,0.74
PROD_STACK_STRICT,2022-07-27,2022-07-27 09:08:00,LONG,-20.0,402.0,0.72
PROD_STACK_STRICT,2022-07-29,2022-07-29 09:53:00,SHORT,20.0,402.0,0.72
PROD_STACK_STRICT,2022-08-04,2022-08-04 10:02:00,LONG,20.0,442.0,0.74
PROD_STACK_STRICT,2022-08-05,2022-08-05 09:01:00,SHORT,20.0,442.0,0.74
PROD_STACK_STRICT,2022-08-09,2022-08-09 09:09:00,SHORT,-20.0,442.0,0.74
PROD_STACK_STRICT,2022-08-10,2022-08-10 09:01:00,LONG,20.0,442.0,0.74
PROD_STACK_STRICT,2022-08-12,2022-08-12 09:04:00,LONG,20.0,442.0,0.74
PROD_STACK_STRICT,2022-08-17,2022-08-17 09:54:00,SHORT,-20.0,442.0,0.74
PROD_STACK_STRICT,2022-08-18,2022-08-18 09:23:00,LONG,20.0,459.5,0.74
PROD_STACK_STRICT,2022-08-31,2022-08-31 09:26:00,SHORT,20.0,499.5,0.76
PROD_STACK_STRICT,2022-09-07,2022-09-07 09:44:00,LONG,20.0,504.25,0.76
PROD_STACK_STRICT,2022-09-09,2022-09-09 11:04:00,LONG,20.0,544.25,0.78
PROD_STACK_STRICT,2022-09-19,2022-09-19 10:01:00,SHORT,20.0,544.25,0.78
PROD_STACK_STRICT,2022-09-20,2022-09-20 10:27:00,LONG,-20.0,504.25,0.76
PROD_STACK_STRICT,2022-09-23,2022-09-23 10:53:00,SHORT,20.0,504.25,0.76
PROD_STACK_STRICT,2022-09-28,2022-09-28 09:21:00,LONG,20.0,504.25,0.76
PROD_STACK_STRICT,2022-09-30,2022-09-30 10:36:00,SHORT,20.0,504.25,0.76
PROD_STACK_STRICT,2022-10-07,2022-10-07 09:27:00,SHORT,20.0,544.25,0.78
PROD_STACK_STRICT,2022-10-12,2022-10-12 09:42:00,LONG,20.0,544.25,0.78
PROD_STACK_STRICT,2022-10-17,2022-10-17 10:33:00,LONG,-20.0,544.25,0.78
PROD_STACK_STRICT,2022-10-18,2022-10-18 09:10:00,SHORT,20.0,584.25,0.8
PROD_STACK_STRICT,2022-10-25,2022-10-25 09:11:00,LONG,20.0,584.25,0.8
PROD_STACK_STRICT,2022-11-09,2022-11-09 09:59:00,SHORT,-20.0,544.25,0.78
PROD_STACK_STRICT,2022-11-14,2022-11-14 09:55:00,LONG,20.0,584.25,0.8
PROD_STACK_STRICT,2022-11-16,2022-11-16 10:13:00,SHORT,-20.0,544.25,0.78
PROD_STACK_STRICT,2022-11-30,2022-11-30 11:23:00,SHORT,3.0,567.25,0.8
PROD_STACK_STRICT,2022-12-02,2022-12-02 09:35:00,LONG,20.0,567.25,0.8
PROD_STACK_STRICT,2022-12-05,2022-12-05 09:36:00,SHORT,-20.0,527.25,0.78
PROD_STACK_STRICT,2022-12-14,2022-12-14 10:08:00,LONG,20.0,527.25,0.78
PROD_STACK_STRICT,2023-01-11,2023-01-11 09:31:00,LONG,-20.0,487.25,0.76
PROD_STACK_STRICT,2023-01-13,2023-01-13 10:14:00,LONG,20.0,487.25,0.76
PROD_STACK_STRICT,2023-01-17,2023-01-17 09:01:00,LONG,20.0,487.25,0.76
PROD_STACK_STRICT,2023-01-18,2023-01-18 09:01:00,LONG,20.0,487.25,0.76
PROD_STACK_STRICT,2023-01-20,2023-01-20 09:06:00,LONG,-20.0,447.25,0.74
PROD_STACK_STRICT,2023-01-30,2023-01-30 09:25:00,SHORT,20.0,487.25,0.76
PROD_STACK_STRICT,2023-01-31,2023-01-31 09:52:00,LONG,20.0,487.25,0.76
PROD_STACK_STRICT,2023-02-06,2023-02-06 10:40:00,LONG,-20.0,447.25,0.74
PROD_STACK_STRICT,2023-02-07,2023-02-07 10:29:00,LONG,20.0,447.25,0.74
PROD_STACK_STRICT,2023-02-10,2023-02-10 09:02:00,SHORT,20.0,454.25,0.74
PROD_STACK_STRICT,2023-02-15,2023-02-15 10:40:00,LONG,20.0,454.25,0.74
PROD_STACK_STRICT,2023-02-22,2023-02-22 09:57:00,SHORT,20.0,463.0,0.74
PROD_STACK_STRICT,2023-02-23,2023-02-23 09:15:00,SHORT,20.0,503.0,0.76
PROD_STACK_STRICT,2023-02-24,2023-02-24 09:10:00,SHORT,20.0,543.0,0.78
PROD_STACK_STRICT,2023-02-27,2023-02-27 09:29:00,LONG,-20.0,503.0,0.76
PROD_STACK_STRICT,2023-02-28,2023-02-28 11:24:00,LONG,6.75,489.75,0.76
PROD_STACK_STRICT,2023-03-02,2023-03-02 09:28:00,LONG,20.0,489.75,0.76
PROD_STACK_STRICT,2023-03-03,2023-03-03 09:50:00,LONG,-20.0,449.75,0.74
PROD_STACK_STRICT,2023-03-08,2023-03-08 09:02:00,SHORT,20.0,449.75,0.74
PROD_STACK_STRICT,2023-03-14,2023-03-14 10:03:00,LONG,20.0,449.75,0.74
PROD_STACK_STRICT,2023-03-15,2023-03-15 09:22:00,LONG,20.0,449.75,0.74
PROD_STACK_STRICT,2023-03-20,2023-03-20 09:45:00,LONG,-20.0,449.75,0.74
PROD_STACK_STRICT,2023-03-23,2023-03-23 09:01:00,LONG,20.0,449.75,0.74
PROD_STACK_STRICT,2023-03-24,2023-03-24 10:02:00,LONG,-20.0,409.75,0.72
PROD_STACK_STRICT,2023-03-29,2023-03-29 10:47:00,LONG,20.0,409.75,0.72
PROD_STACK_STRICT,2023-03-30,2023-03-30 10:55:00,SHORT,20.0,449.75,0.74
PROD_STACK_STRICT,2023-04-05,2023-04-05 10:18:00,SHORT,20.0,449.75,0.74
PROD_STACK_STRICT,2023-04-13,2023-04-13 10:10:00,LONG,20.0,449.75,0.74
PROD_STACK_STRICT,2023-04-14,2023-04-14 10:10:00,SHORT,20.0,489.75,0.76
PROD_STACK_STRICT,2023-04-17,2023-04-17 09:34:00,SHORT,20.0,489.75,0.76
PROD_STACK_STRICT,2023-04-19,2023-04-19 09:02:00,LONG,20.0,489.75,0.76
PROD_STACK_STRICT,2023-04-20,2023-04-20 09:14:00,SHORT,-20.0,449.75,0.74
PROD_STACK_STRICT,2023-04-21,2023-04-21 09:32:00,LONG,20.0,449.75,0.74
PROD_STACK_STRICT,2023-04-24,2023-04-24 10:31:00,SHORT,-7.75,422.0,0.72
PROD_STACK_STRICT,2023-04-25,2023-04-25 09:52:00,SHORT,20.0,462.0,0.74
PROD_STACK_STRICT,2023-05-01,2023-05-01 10:31:00,LONG,20.0,462.0,0.74
PROD_STACK_STRICT,2023-05-02,2023-05-02 09:55:00,SHORT,20.0,462.0,0.74
PROD_STACK_STRICT,2023-05-03,2023-05-03 09:02:00,SHORT,-20.0,422.0,0.72
PROD_STACK_STRICT,2023-05-04,2023-05-04 09:08:00,LONG,20.0,422.0,0.72
PROD_STACK_STRICT,2023-05-09,2023-05-09 09:29:00,SHORT,-5.0,397.0,0.7
PROD_STACK_STRICT,2023-05-11,2023-05-11 09:48:00,LONG,20.0,437.0,0.72
PROD_STACK_STRICT,2023-05-16,2023-05-16 09:30:00,LONG,-20.0,397.0,0.7
PROD_STACK_STRICT,2023-05-17,2023-05-17 09:30:00,LONG,20.0,397.0,0.7
PROD_STACK_STRICT,2023-05-18,2023-05-18 10:16:00,LONG,20.0,437.0,0.72
PROD_STACK_STRICT,2023-05-19,2023-05-19 09:29:00,SHORT,20.0,437.0,0.72
PROD_STACK_STRICT,2023-05-25,2023-05-25 09:55:00,LONG,20.0,477.0,0.74
PROD_STACK_STRICT,2023-05-31,2023-05-31 10:58:00,SHORT,-20.0,454.0,0.72
PROD_STACK_STRICT,2023-06-02,2023-06-02 09:10:00,LONG,-20.0,414.0,0.7
PROD_STACK_STRICT,2023-06-05,2023-06-05 09:37:00,LONG,-20.0,414.0,0.7
PROD_STACK_STRICT,2023-06-06,2023-06-06 09:26:00,SHORT,-20.0,374.0,0.68
PROD_STACK_STRICT,2023-06-13,2023-06-13 09:41:00,LONG,20.0,414.0,0.7
PROD_STACK_STRICT,2023-06-14,2023-06-14 09:44:00,LONG,-20.0,374.0,0.68
PROD_STACK_STRICT,2023-06-15,2023-06-15 10:33:00,LONG,20.0,374.0,0.68
PROD_STACK_STRICT,2023-06-16,2023-06-16 09:29:00,SHORT,-20.0,334.0,0.66
PROD_STACK_STRICT,2023-06-29,2023-06-29 10:15:00,LONG,20.0,374.0,0.68
PROD_STACK_STRICT,2023-07-03,2023-07-03 10:59:00,LONG,-2.25,351.75,0.66
PROD_STACK_STRICT,2023-07-07,2023-07-07 09:37:00,LONG,20.0,351.75,0.66
PROD_STACK_STRICT,2023-07-11,2023-07-11 09:45:00,SHORT,-20.0,351.75,0.66
PROD_STACK_STRICT,2023-07-13,2023-07-13 09:39:00,LONG,20.0,351.75,0.66
PROD_STACK_STRICT,2023-07-14,2023-07-14 11:02:00,SHORT,20.0,351.75,0.66
PROD_STACK_STRICT,2023-07-18,2023-07-18 09:15:00,LONG,-20.0,311.75,0.64
PROD_STACK_STRICT,2023-07-20,2023-07-20 10:35:00,SHORT,20.0,311.75,0.64
PROD_STACK_STRICT,2023-07-24,2023-07-24 09:45:00,SHORT,-20.0,271.75,0.62
PROD_STACK_STRICT,2023-07-26,2023-07-26 09:01:00,SHORT,-20.0,231.75,0.6
PROD_STACK_STRICT,2023-07-27,2023-07-27 09:31:00,LONG,-20.0,231.75,0.6
PROD_STACK_STRICT,2023-07-31,2023-07-31 11:03:00,SHORT,-4.75,220.25,0.58
PROD_STACK_STRICT,2023-08-07,2023-08-07 09:12:00,SHORT,20.0,220.25,0.58
PROD_STACK_STRICT,2023-08-09,2023-08-09 10:15:00,SHORT,20.0,260.25,0.6
PROD_STACK_STRICT,2023-08-11,2023-08-11 10:30:00,SHORT,20.0,260.25,0.6
PROD_STACK_STRICT,2023-08-15,2023-08-15 10:16:00,LONG,20.0,260.25,0.6
PROD_STACK_STRICT,2023-08-17,2023-08-17 10:35:00,LONG,20.0,260.25,0.6
PROD_STACK_STRICT,2023-08-18,2023-08-18 09:02:00,LONG,-20.0,260.25,0.6
PROD_STACK_STRICT,2023-08-21,2023-08-21 09:11:00,SHORT,20.0,260.25,0.6
PROD_STACK_STRICT,2023-08-22,2023-08-22 10:29:00,SHORT,-20.0,260.25,0.6
PROD_STACK_STRICT,2023-08-24,2023-08-24 09:01:00,SHORT,20.0,260.25,0.6
PROD_STACK_STRICT,2023-08-31,2023-08-31 11:10:00,SHORT,-20.0,220.25,0.58
PROD_STACK_STRICT,2023-09-04,2023-09-04 09:20:00,SHORT,-5.25,195.0,0.56
PROD_STACK_STRICT,2023-09-11,2023-09-11 10:54:00,LONG,20.0,195.0,0.56
PROD_STACK_STRICT,2023-09-12,2023-09-12 11:26:00,LONG,11.25,186.25,0.56
PROD_STACK_STRICT,2023-09-13,2023-09-13 09:07:00,LONG,20.0,186.25,0.56
PROD_STACK_STRICT,2023-09-14,2023-09-14 10:14:00,LONG,20.0,186.25,0.56
PROD_STACK_STRICT,2023-09-15,2023-09-15 09:57:00,SHORT,-20.0,186.25,0.56
PROD_STACK_STRICT,2023-09-21,2023-09-21 10:33:00,SHORT,20.0,186.25,0.56
PROD_STACK_STRICT,2023-09-22,2023-09-22 11:24:00,SHORT,12.0,206.0,0.58
PROD_STACK_STRICT,2023-09-25,2023-09-25 09:10:00,LONG,20.0,206.0,0.58
PROD_STACK_STRICT,2023-09-26,2023-09-26 09:37:00,SHORT,20.0,206.0,0.58
PROD_STACK_STRICT,2023-09-27,2023-09-27 11:09:00,SHORT,20.0,206.0,0.58
PROD_STACK_STRICT,2023-10-02,2023-10-02 09:42:00,LONG,-20.0,206.0,0.58
PROD_STACK_STRICT,2023-10-06,2023-10-06 09:05:00,LONG,20.0,206.0,0.58
PROD_STACK_STRICT,2023-10-09,2023-10-09 10:45:00,LONG,20.0,231.0,0.6
PROD_STACK_STRICT,2023-10-10,2023-10-10 11:20:00,SHORT,-3.5,207.5,0.58
PROD_STACK_STRICT,2023-10-11,2023-10-11 10:05:00,SHORT,20.0,247.5,0.6
PROD_STACK_STRICT,2023-10-12,2023-10-12 10:02:00,LONG,20.0,247.5,0.6
PROD_STACK_STRICT,2023-10-18,2023-10-18 10:08:00,LONG,-20.0,207.5,0.58
PROD_STACK_STRICT,2023-10-19,2023-10-19 10:06:00,LONG,20.0,207.5,0.58
PROD_STACK_STRICT,2023-10-25,2023-10-25 09:43:00,SHORT,20.0,207.5,0.58
PROD_STACK_STRICT,2023-10-27,2023-10-27 09:07:00,LONG,20.0,247.5,0.6
PROD_STACK_STRICT,2023-11-07,2023-11-07 09:01:00,LONG,-20.0,247.5,0.6
PROD_STACK_STRICT,2023-11-09,2023-11-09 09:08:00,SHORT,-20.0,247.5,0.6
PROD_STACK_STRICT,2023-11-13,2023-11-13 11:11:00,LONG,20.0,287.5,0.62
PROD_STACK_STRICT,2023-11-16,2023-11-16 09:56:00,SHORT,-20.0,247.5,0.6
PROD_STACK_STRICT,2023-11-17,2023-11-17 10:06:00,SHORT,-20.0,247.5,0.6
PROD_STACK_STRICT,2023-11-24,2023-11-24 09:17:00,SHORT,20.0,247.5,0.6
PROD_STACK_STRICT,2023-11-28,2023-11-28 09:40:00,LONG,20.0,287.5,0.62
PROD_STACK_STRICT,2023-12-01,2023-12-01 09:02:00,LONG,-20.0,247.5,0.6
PROD_STACK_STRICT,2023-12-05,2023-12-05 09:27:00,LONG,20.0,269.75,0.62
PROD_STACK_STRICT,2023-12-08,2023-12-08 09:01:00,LONG,20.0,269.75,0.62
PROD_STACK_STRICT,2023-12-14,2023-12-14 11:29:00,SHORT,9.5,299.25,0.64
PROD_STACK_STRICT,2023-12-15,2023-12-15 10:16:00,LONG,20.0,299.25,0.64
PROD_STACK_STRICT,2023-12-21,2023-12-21 10:00:00,SHORT,20.0,299.25,0.64
PROD_STACK_STRICT,2023-12-22,2023-12-22 10:41:00,SHORT,20.0,339.25,0.66
PROD_STACK_STRICT,2023-12-26,2023-12-26 10:58:00,LONG,-6.25,313.0,0.64
PROD_STACK_STRICT,2023-12-27,2023-12-27 10:35:00,SHORT,-1.0,332.0,0.64
PROD_STACK_STRICT,2023-12-28,2023-12-28 10:19:00,SHORT,-7.5,344.5,0.64
PROD_STACK_STRICT,2024-01-03,2024-01-03 09:34:00,SHORT,20.0,384.5,0.66
PROD_STACK_STRICT,2024-01-05,2024-01-05 09:01:00,LONG,20.0,409.25,0.68
PROD_STACK_STRICT,2024-01-15,2024-01-15 10:44:00,LONG,1.75,391.0,0.68
PROD_STACK_STRICT,2024-01-19,2024-01-19 09:49:00,LONG,20.0,391.0,0.68
PROD_STACK_STRICT,2024-01-24,2024-01-24 10:07:00,LONG,20.0,391.0,0.68
PROD_STACK_STRICT,2024-01-25,2024-01-25 10:57:00,LONG,-20.0,351.0,0.66
PROD_STACK_STRICT,2024-01-29,2024-01-29 11:10:00,LONG,20.0,351.0,0.66
PROD_STACK_STRICT,2024-01-30,2024-01-30 09:07:00,SHORT,20.0,391.0,0.68
PROD_STACK_STRICT,2024-01-31,2024-01-31 10:57:00,SHORT,-20.0,351.0,0.66
PROD_STACK_STRICT,2024-02-01,2024-02-01 11:29:00,LONG,7.5,378.5,0.68
PROD_STACK_STRICT,2024-02-14,2024-02-14 10:07:00,SHORT,20.0,378.5,0.68
PROD_STACK_STRICT,2024-02-19,2024-02-19 10:03:00,SHORT,-2.0,396.5,0.68
PROD_STACK_STRICT,2024-02-21,2024-02-21 09:05:00,LONG,-20.0,381.75,0.68
PROD_STACK_STRICT,2024-02-23,2024-02-23 09:22:00,SHORT,20.0,381.75,0.68
PROD_STACK_STRICT,2024-02-26,2024-02-26 11:25:00,LONG,0.75,371.25,0.68
PROD_STACK_STRICT,2024-02-28,2024-02-28 10:01:00,LONG,20.0,371.25,0.68
PROD_STACK_STRICT,2024-03-01,2024-03-01 09:06:00,LONG,20.0,371.25,0.68
PROD_STACK_STRICT,2024-03-06,2024-03-06 09:17:00,SHORT,20.0,411.25,0.7
PROD_STACK_STRICT,2024-03-12,2024-03-12 09:24:00,LONG,-20.0,371.25,0.68
PROD_STACK_STRICT,2024-03-14,2024-03-14 10:22:00,SHORT,-20.0,339.25,0.66
PROD_STACK_STRICT,2024-03-19,2024-03-19 10:11:00,LONG,20.0,339.25,0.66
PROD_STACK_STRICT,2024-03-22,2024-03-22 09:15:00,LONG,20.0,339.25,0.66
PROD_STACK_STRICT,2024-03-25,2024-03-25 09:16:00,LONG,20.0,339.25,0.66
PROD_STACK_STRICT,2024-03-28,2024-03-28 10:07:00,SHORT,20.0,379.25,0.68
PROD_STACK_STRICT,2024-04-01,2024-04-01 09:28:00,SHORT,20.0,379.25,0.68
PROD_STACK_STRICT,2024-04-03,2024-04-03 09:34:00,LONG,-20.0,339.25,0.66
PROD_STACK_STRICT,2024-04-04,2024-04-04 09:14:00,SHORT,-20.0,322.75,0.66
PROD_STACK_STRICT,2024-04-11,2024-04-11 09:46:00,LONG,20.0,322.75,0.66
PROD_STACK_STRICT,2024-04-16,2024-04-16 09:32:00,LONG,20.0,322.75,0.66
PROD_STACK_STRICT,2024-04-18,2024-04-18 10:42:00,SHORT,20.0,362.75,0.68
PROD_STACK_STRICT,2024-04-22,2024-04-22 10:31:00,LONG,20.0,362.75,0.68
PROD_STACK_STRICT,2024-04-24,2024-04-24 09:05:00,SHORT,20.0,362.75,0.68
PROD_STACK_STRICT,2024-04-29,2024-04-29 09:30:00,SHORT,20.0,362.75,0.68
PROD_STACK_STRICT,2024-05-01,2024-05-01 10:12:00,SHORT,20.0,402.75,0.7
PROD_STACK_STRICT,2024-05-06,2024-05-06 09:44:00,LONG,-20.0,402.75,0.7
PROD_STACK_STRICT,2024-05-13,2024-05-13 11:06:00,SHORT,20.0,402.75,0.7
PROD_STACK_STRICT,2024-05-15,2024-05-15 09:01:00,LONG,20.0,442.75,0.72
PROD_STACK_STRICT,2024-05-20,2024-05-20 10:51:00,LONG,20.0,482.75,0.74
PROD_STACK_STRICT,2024-05-21,2024-05-21 10:11:00,LONG,-20.0,442.75,0.72
PROD_STACK_STRICT,2024-05-22,2024-05-22 10:48:00,SHORT,-20.0,402.75,0.7
PROD_STACK_STRICT,2024-05-27,2024-05-27 09:01:00,LONG,20.0,442.75,0.72
PROD_STACK_STRICT,2024-05-28,2024-05-28 10:13:00,LONG,-20.0,402.75,0.7
PROD_STACK_STRICT,2024-05-29,2024-05-29 10:20:00,SHORT,-20.0,362.75,0.68
PROD_STACK_STRICT,2024-05-30,2024-05-30 09:05:00,SHORT,-20.0,333.25,0.66
PROD_STACK_STRICT,2024-05-31,2024-05-31 09:06:00,SHORT,20.0,333.25,0.66
PROD_STACK_STRICT,2024-06-05,2024-06-05 09:05:00,LONG,20.0,333.25,0.66
PROD_STACK_STRICT,2024-06-06,2024-06-06 09:31:00,SHORT,20.0,333.25,0.66
PROD_STACK_STRICT,2024-06-07,2024-06-07 10:54:00,LONG,20.0,359.5,0.68
PROD_STACK_STRICT,2024-06-10,2024-06-10 11:18:00,LONG,20.0,380.5,0.7
PROD_STACK_STRICT,2024-06-11,2024-06-11 09:51:00,SHORT,-20.0,368.0,0.7
PROD_STACK_STRICT,2024-06-13,2024-06-13 10:16:00,SHORT,20.0,368.0,0.7
PROD_STACK_STRICT,2024-06-18,2024-06-18 09:05:00,SHORT,20.0,368.0,0.7
PROD_STACK_STRICT,2024-06-20,2024-06-20 10:00:00,SHORT,20.0,386.25,0.7
PROD_STACK_STRICT,2024-06-21,2024-06-21 09:17:00,LONG,20.0,386.25,0.7
PROD_STACK_STRICT,2024-06-25,2024-06-25 09:11:00,LONG,20.0,386.25,0.7
PROD_STACK_STRICT,2024-06-26,2024-06-26 09:18:00,SHORT,-20.0,386.25,0.7
PROD_STACK_STRICT,2024-07-02,2024-07-02 09:29:00,LONG,20.0,386.25,0.7
PROD_STACK_STRICT,2024-07-08,2024-07-08 09:38:00,LONG,20.0,386.25,0.7
PROD_STACK_STRICT,2024-07-09,2024-07-09 10:40:00,SHORT,20.0,426.25,0.72
PROD_STACK_STRICT,2024-07-10,2024-07-10 10:17:00,LONG,20.0,438.75,0.72
PROD_STACK_STRICT,2024-07-16,2024-07-16 09:13:00,LONG,-20.0,398.75,0.7
PROD_STACK_STRICT,2024-07-22,2024-07-22 09:14:00,SHORT,20.0,420.75,0.72
PROD_STACK_STRICT,2024-08-12,2024-08-12 09:03:00,LONG,20.0,460.75,0.74
PROD_STACK_STRICT,2024-08-15,2024-08-15 09:19:00,LONG,-20.0,420.75,0.72
PROD_STACK_STRICT,2024-09-18,2024-09-18 10:42:00,SHORT,-20.0,400.0,0.7
PROD_STACK_STRICT,2024-09-20,2024-09-20 09:33:00,SHORT,-20.0,360.0,0.68
PROD_STACK_STRICT,2024-09-23,2024-09-23 10:32:00,SHORT,-20.0,320.0,0.66
PROD_STACK_STRICT,2024-09-25,2024-09-25 10:10:00,SHORT,20.0,320.0,0.66
PROD_STACK_STRICT,2024-09-27,2024-09-27 09:41:00,SHORT,20.0,360.0,0.68
PROD_STACK_STRICT,2024-09-30,2024-09-30 10:59:00,LONG,-20.0,360.0,0.68
PROD_STACK_STRICT,2024-10-02,2024-10-02 09:23:00,LONG,-20.0,320.0,0.66
PROD_STACK_STRICT,2024-10-07,2024-10-07 10:48:00,SHORT,-20.0,280.0,0.64
PROD_STACK_STRICT,2024-10-10,2024-10-10 09:42:00,LONG,20.0,280.0,0.64
PROD_STACK_STRICT,2024-10-17,2024-10-17 09:33:00,LONG,20.0,280.0,0.64
PROD_STACK_STRICT,2024-10-18,2024-10-18 09:29:00,LONG,20.0,280.0,0.64
PROD_STACK_STRICT,2024-10-22,2024-10-22 10:27:00,SHORT,20.0,320.0,0.66
PROD_STACK_STRICT,2024-10-24,2024-10-24 10:06:00,SHORT,20.0,360.0,0.68
PROD_STACK_STRICT,2024-10-28,2024-10-28 09:01:00,SHORT,20.0,360.0,0.68
PROD_STACK_STRICT,2024-10-29,2024-10-29 10:31:00,LONG,20.0,360.0,0.68
PROD_STACK_STRICT,2024-11-08,2024-11-08 09:10:00,SHORT,-20.0,320.0,0.66
PROD_STACK_STRICT,2024-11-12,2024-11-12 10:51:00,SHORT,20.0,320.0,0.66
PROD_STACK_STRICT,2024-11-13,2024-11-13 09:01:00,SHORT,20.0,320.0,0.66
PROD_STACK_STRICT,2024-11-18,2024-11-18 09:05:00,LONG,20.0,320.0,0.66
PROD_STACK_STRICT,2024-11-19,2024-11-19 09:31:00,LONG,20.0,320.0,0.66
PROD_STACK_STRICT,2024-11-28,2024-11-28 09:31:00,LONG,2.5,342.5,0.68
PROD_STACK_STRICT,2024-12-03,2024-12-03 09:08:00,LONG,-20.0,302.5,0.66
PROD_STACK_STRICT,2024-12-05,2024-12-05 11:13:00,LONG,7.75,290.25,0.66
PROD_STACK_STRICT,2024-12-09,2024-12-09 09:27:00,SHORT,20.0,290.25,0.66
PROD_STACK_STRICT,2024-12-12,2024-12-12 09:10:00,SHORT,20.0,330.25,0.68
PROD_STACK_STRICT,2024-12-17,2024-12-17 09:43:00,SHORT,-20.0,330.25,0.68
PROD_STACK_STRICT,2025-01-23,2025-01-23 10:08:00,LONG,-20.0,290.25,0.66
PROD_STACK_STRICT,2025-01-24,2025-01-24 10:07:00,SHORT,-20.0,290.25,0.66
PROD_STACK_STRICT,2025-02-05,2025-02-05 09:04:00,SHORT,-20.0,290.25,0.66
PROD_STACK_STRICT,2025-02-10,2025-02-10 09:04:00,LONG,20.0,330.25,0.68
PROD_STACK_STRICT,2025-02-14,2025-02-14 09:17:00,LONG,-20.0,290.25,0.66
PROD_STACK_STRICT,2025-02-17,2025-02-17 10:17:00,LONG,-20.0,250.25,0.64
PROD_STACK_STRICT,2025-02-19,2025-02-19 09:16:00,SHORT,20.0,250.25,0.64
PROD_STACK_STRICT,2025-03-18,2025-03-18 09:01:00,SHORT,20.0,250.25,0.64
PROD_STACK_STRICT,2025-03-19,2025-03-19 10:58:00,LONG,-20.0,210.25,0.62
PROD_STACK_STRICT,2025-03-24,2025-03-24 10:11:00,LONG,-20.0,210.25,0.62
PROD_STACK_STRICT,2025-03-28,2025-03-28 10:05:00,SHORT,20.0,210.25,0.62
PROD_STACK_STRICT,2025-04-02,2025-04-02 09:48:00,LONG,-20.0,170.25,0.6
PROD_STACK_STRICT,2025-04-16,2025-04-16 09:37:00,LONG,-20.0,130.25,0.58
PROD_STACK_STRICT,2025-04-21,2025-04-21 09:15:00,SHORT,20.0,130.25,0.58
PROD_STACK_STRICT,2025-04-30,2025-04-30 09:01:00,LONG,20.0,130.25,0.58
PROD_STACK_STRICT,2025-05-06,2025-05-06 10:20:00,LONG,-20.0,130.25,0.58
PROD_STACK_STRICT,2025-05-13,2025-05-13 10:02:00,LONG,20.0,130.25,0.58
PROD_STACK_STRICT,2025-05-14,2025-05-14 09:29:00,LONG,20.0,130.25,0.58
PROD_STACK_STRICT,2025-05-19,2025-05-19 09:48:00,LONG,-20.0,90.25,0.56
PROD_STACK_STRICT,2025-05-21,2025-05-21 11:20:00,SHORT,20.0,90.25,0.56
PROD_STACK_STRICT,2025-05-23,2025-05-23 09:15:00,SHORT,20.0,130.25,0.58
PROD_STACK_STRICT,2025-05-26,2025-05-26 10:22:00,LONG,20.0,130.25,0.58
PROD_STACK_STRICT,2025-05-28,2025-05-28 10:42:00,LONG,20.0,130.25,0.58
PROD_STACK_STRICT,2025-05-30,2025-05-30 09:33:00,SHORT,20.0,170.25,0.6
PROD_STACK_STRICT,2025-06-02,2025-06-02 09:51:00,LONG,20.0,210.25,0.62
PROD_STACK_STRICT,2025-06-03,2025-06-03 09:26:00,LONG,20.0,250.25,0.64
PROD_STACK_STRICT,2025-06-06,2025-06-06 10:44:00,SHORT,20.0,290.25,0.66
PROD_STACK_STRICT,2025-06-10,2025-06-10 09:31:00,SHORT,20.0,290.25,0.66
PROD_STACK_STRICT,2025-06-11,2025-06-11 09:54:00,SHORT,20.0,290.25,0.66
PROD_STACK_STRICT,2025-06-12,2025-06-12 09:07:00,LONG,-20.0,290.25,0.66
PROD_STACK_STRICT,2025-06-23,2025-06-23 11:29:00,LONG,20.0,330.25,0.68
PROD_STACK_STRICT,2025-06-24,2025-06-24 09:03:00,LONG,20.0,370.25,0.7
PROD_STACK_STRICT,2025-06-26,2025-06-26 09:23:00,LONG,-20.0,330.25,0.68
PROD_STACK_STRICT,2025-06-30,2025-06-30 10:17:00,LONG,20.0,330.25,0.68
PROD_STACK_STRICT,2025-07-02,2025-07-02 10:16:00,LONG,-20.0,290.25,0.66
PROD_STACK_STRICT,2025-07-03,2025-07-03 10:45:00,LONG,-20.0,250.25,0.64
PROD_STACK_STRICT,2025-07-07,2025-07-07 10:01:00,LONG,20.0,250.25,0.64
PROD_STACK_STRICT,2025-07-10,2025-07-10 11:00:00,LONG,20.0,250.25,0.64
PROD_STACK_STRICT,2025-07-11,2025-07-11 09:23:00,SHORT,-20.0,210.25,0.62
PROD_STACK_STRICT,2025-07-16,2025-07-16 09:26:00,SHORT,-20.0,210.25,0.62
PROD_STACK_STRICT,2025-07-18,2025-07-18 11:04:00,SHORT,-20.0,170.25,0.6
PROD_STACK_STRICT,2025-07-22,2025-07-22 10:41:00,SHORT,-20.0,130.25,0.58
PROD_STACK_STRICT,2025-07-23,2025-07-23 09:01:00,LONG,-20.0,90.25,0.56
PROD_STACK_STRICT,2025-07-24,2025-07-24 09:01:00,LONG,-20.0,50.25,0.54
PROD_STACK_STRICT,2025-07-25,2025-07-25 10:06:00,LONG,20.0,67.75,0.54
PROD_STACK_STRICT,2025-07-28,2025-07-28 09:29:00,SHORT,-20.0,67.75,0.54
PROD_STACK_STRICT,2025-07-29,2025-07-29 09:53:00,SHORT,20.0,80.0,0.54
PROD_STACK_STRICT,2025-07-30,2025-07-30 09:23:00,SHORT,20.0,80.0,0.54
PROD_STACK_STRICT,2025-08-07,2025-08-07 09:26:00,SHORT,20.0,80.0,0.54
PROD_STACK_STRICT,2025-08-11,2025-08-11 10:39:00,LONG,-20.0,80.0,0.54
PROD_STACK_STRICT,2025-08-13,2025-08-13 10:25:00,SHORT,20.0,120.0,0.56
PROD_STACK_STRICT,2025-08-14,2025-08-14 09:57:00,SHORT,20.0,160.0,0.58
PROD_STACK_STRICT,2025-08-15,2025-08-15 10:01:00,SHORT,-20.0,160.0,0.58
PROD_STACK_STRICT,2025-08-25,2025-08-25 11:04:00,LONG,20.0,160.0,0.58
PROD_STACK_STRICT,2025-08-27,2025-08-27 09:48:00,LONG,-20.0,160.0,0.58
PROD_STACK_STRICT,2025-09-04,2025-09-04 09:44:00,LONG,20.0,200.0,0.6
PROD_STACK_STRICT,2025-09-09,2025-09-09 10:24:00,LONG,20.0,200.0,0.6
PROD_STACK_STRICT,2025-09-10,2025-09-10 09:41:00,SHORT,20.0,200.0,0.6
PROD_STACK_STRICT,2025-09-11,2025-09-11 09:38:00,LONG,20.0,240.0,0.62
PROD_STACK_STRICT,2025-09-16,2025-09-16 10:38:00,SHORT,-2.0,258.0,0.62
PROD_STACK_STRICT,2025-09-17,2025-09-17 10:01:00,SHORT,20.0,258.0,0.62
PROD_STACK_STRICT,2025-09-22,2025-09-22 10:08:00,LONG,20.0,298.0,0.64
PROD_STACK_STRICT,2025-09-23,2025-09-23 10:05:00,SHORT,20.0,338.0,0.66
PROD_STACK_STRICT,2025-09-24,2025-09-24 09:16:00,SHORT,20.0,338.0,0.66
PROD_STACK_STRICT,2025-09-25,2025-09-25 10:31:00,LONG,-20.0,298.0,0.64
PROD_STACK_STRICT,2025-10-02,2025-10-02 09:38:00,SHORT,-20.0,298.0,0.64
PROD_STACK_STRICT,2025-10-03,2025-10-03 09:26:00,LONG,-20.0,258.0,0.62
PROD_STACK_STRICT,2025-10-08,2025-10-08 09:34:00,LONG,20.0,258.0,0.62
PROD_STACK_STRICT,2025-10-14,2025-10-14 09:06:00,LONG,-20.0,258.0,0.62
PROD_STACK_STRICT,2025-10-27,2025-10-27 11:21:00,LONG,5.5,243.5,0.62
PROD_STACK_STRICT,2025-10-29,2025-10-29 09:15:00,SHORT,-20.0,203.5,0.6
PROD_STACK_STRICT,2025-10-31,2025-10-31 09:39:00,SHORT,20.0,203.5,0.6
PROD_STACK_STRICT,2025-11-11,2025-11-11 09:15:00,SHORT,20.0,203.5,0.6
PROD_STACK_STRICT,2025-12-24,2025-12-24 09:19:00,LONG,-20.0,163.5,0.58
PROD_STACK_STRICT,2025-12-26,2025-12-26 09:04:00,SHORT,20.0,163.5,0.58
PROD_STACK_STRICT,2026-01-28,2026-01-28 09:41:00,SHORT,20.0,163.5,0.58
PROD_STACK_STRICT,2026-02-16,2026-02-16 09:46:00,SHORT,-20.0,123.5,0.56
PROD_STACK_STRICT,2026-03-18,2026-03-18 11:08:00,SHORT,20.0,123.5,0.56
PROD_STACK_STRICT,2026-03-23,2026-03-23 09:04:00,LONG,20.0,123.5,0.56
PROD_STACK_STRICT,2026-03-25,2026-03-25 09:08:00,SHORT,20.0,163.5,0.58
PROD_STACK_STRICT,2026-04-15,2026-04-15 09:13:00,LONG,20.0,163.5,0.58
PROD_STACK_STRICT,2026-04-27,2026-04-27 09:22:00,SHORT,-20.0,123.5,0.56
PROD_STACK_STRICT,2026-04-29,2026-04-29 09:59:00,SHORT,-20.0,123.5,0.56
PROD_STACK_STRICT,2026-05-05,2026-05-05 10:23:00,LONG,-20.0,83.5,0.54
VWAP_ALIGN,2018-01-02,2018-01-02 09:01:00,LONG,20.0,,
VWAP_ALIGN,2018-01-03,2018-01-03 09:01:00,LONG,11.0,,
VWAP_ALIGN,2018-01-12,2018-01-12 09:01:00,LONG,20.0,,
VWAP_ALIGN,2018-01-16,2018-01-16 10:00:00,SHORT,20.0,,
VWAP_ALIGN,2018-01-17,2018-01-17 10:10:00,LONG,5.5,,
VWAP_ALIGN,2018-01-19,2018-01-19 09:03:00,SHORT,4.5,,
VWAP_ALIGN,2018-01-23,2018-01-23 09:19:00,LONG,3.0,,
VWAP_ALIGN,2018-01-24,2018-01-24 09:14:00,LONG,-20.0,,
VWAP_ALIGN,2018-01-26,2018-01-26 09:09:00,LONG,6.0,,
VWAP_ALIGN,2018-01-29,2018-01-29 09:41:00,SHORT,-20.0,,
VWAP_ALIGN,2018-01-30,2018-01-30 09:05:00,SHORT,-20.0,,
VWAP_ALIGN,2018-02-01,2018-02-01 09:03:00,LONG,7.5,,
VWAP_ALIGN,2018-02-02,2018-02-02 09:01:00,SHORT,20.0,,
VWAP_ALIGN,2018-02-05,2018-02-05 09:03:00,LONG,20.0,,
VWAP_ALIGN,2018-02-07,2018-02-07 09:06:00,LONG,20.0,,
VWAP_ALIGN,2018-02-08,2018-02-08 09:34:00,SHORT,20.0,,
VWAP_ALIGN,2018-02-09,2018-02-09 09:41:00,SHORT,20.0,,
VWAP_ALIGN,2018-02-12,2018-02-12 09:13:00,SHORT,20.0,,
VWAP_ALIGN,2018-02-13,2018-02-13 09:10:00,LONG,20.0,,
VWAP_ALIGN,2018-02-14,2018-02-14 09:13:00,LONG,20.0,,
VWAP_ALIGN,2018-02-15,2018-02-15 09:46:00,SHORT,20.0,,
VWAP_ALIGN,2018-02-16,2018-02-16 09:31:00,LONG,11.5,,
VWAP_ALIGN,2018-02-19,2018-02-19 09:07:00,SHORT,20.0,,
VWAP_ALIGN,2018-02-20,2018-02-20 09:13:00,LONG,20.0,,
VWAP_ALIGN,2018-02-21,2018-02-21 09:18:00,LONG,20.0,,
VWAP_ALIGN,2018-02-22,2018-02-22 09:46:00,LONG,-11.75,,
VWAP_ALIGN,2018-02-23,2018-02-23 09:17:00,SHORT,-20.0,,
VWAP_ALIGN,2018-02-26,2018-02-26 10:43:00,LONG,1.5,,
VWAP_ALIGN,2018-02-27,2018-02-27 09:14:00,LONG,-20.0,,
VWAP_ALIGN,2018-02-28,2018-02-28 09:16:00,LONG,-20.0,,
VWAP_ALIGN,2018-03-02,2018-03-02 09:35:00,LONG,20.0,,
VWAP_ALIGN,2018-03-05,2018-03-05 09:14:00,SHORT,-20.0,,
VWAP_ALIGN,2018-03-06,2018-03-06 09:28:00,LONG,-20.0,,
VWAP_ALIGN,2018-03-07,2018-03-07 09:26:00,LONG,-20.0,,
VWAP_ALIGN,2018-03-08,2018-03-08 09:05:00,SHORT,-20.0,,
VWAP_ALIGN,2018-03-13,2018-03-13 09:01:00,SHORT,20.0,,
VWAP_ALIGN,2018-03-14,2018-03-14 09:13:00,SHORT,20.0,,
VWAP_ALIGN,2018-03-19,2018-03-19 09:02:00,SHORT,20.0,,
VWAP_ALIGN,2018-03-20,2018-03-20 09:15:00,SHORT,20.0,,
VWAP_ALIGN,2018-03-22,2018-03-22 09:26:00,SHORT,20.0,,
VWAP_ALIGN,2018-03-23,2018-03-23 09:30:00,SHORT,20.0,,
VWAP_ALIGN,2018-03-26,2018-03-26 09:05:00,SHORT,20.0,,
VWAP_ALIGN,2018-03-27,2018-03-27 09:01:00,SHORT,-20.0,,
VWAP_ALIGN,2018-03-28,2018-03-28 10:32:00,LONG,20.0,,
VWAP_ALIGN,2018-03-29,2018-03-29 09:01:00,LONG,-20.0,,
VWAP_ALIGN,2018-04-02,2018-04-02 09:01:00,SHORT,20.0,,
VWAP_ALIGN,2018-04-03,2018-04-03 09:01:00,LONG,20.0,,
VWAP_ALIGN,2018-04-04,2018-04-04 09:17:00,LONG,20.0,,
VWAP_ALIGN,2018-04-05,2018-04-05 09:03:00,LONG,20.0,,
VWAP_ALIGN,2018-04-06,2018-04-06 09:02:00,SHORT,-20.0,338.75,0.72
VWAP_ALIGN,2018-04-10,2018-04-10 09:46:00,SHORT,20.0,338.75,0.72
VWAP_ALIGN,2018-04-11,2018-04-11 09:54:00,LONG,-20.0,307.75,0.7
VWAP_ALIGN,2018-04-12,2018-04-12 09:24:00,LONG,-20.0,267.75,0.68
VWAP_ALIGN,2018-04-13,2018-04-13 09:03:00,SHORT,-20.0,227.75,0.66
VWAP_ALIGN,2018-04-16,2018-04-16 09:13:00,SHORT,-20.0,202.25,0.64
VWAP_ALIGN,2018-04-17,2018-04-17 09:01:00,LONG,20.0,217.75,0.64
VWAP_ALIGN,2018-04-18,2018-04-18 09:02:00,LONG,16.0,230.75,0.64
VWAP_ALIGN,2018-04-19,2018-04-19 09:04:00,SHORT,20.0,270.75,0.66
VWAP_ALIGN,2018-04-20,2018-04-20 09:04:00,SHORT,20.0,284.75,0.66
VWAP_ALIGN,2018-04-23,2018-04-23 09:05:00,LONG,-20.0,284.75,0.66
VWAP_ALIGN,2018-04-24,2018-04-24 09:29:00,SHORT,20.0,324.75,0.68
VWAP_ALIGN,2018-04-25,2018-04-25 09:02:00,LONG,20.0,337.25,0.68
VWAP_ALIGN,2018-04-26,2018-04-26 10:41:00,LONG,13.0,330.25,0.68
VWAP_ALIGN,2018-04-30,2018-04-30 09:17:00,SHORT,20.0,330.25,0.68
VWAP_ALIGN,2018-05-01,2018-05-01 09:10:00,SHORT,12.5,322.75,0.68
VWAP_ALIGN,2018-05-02,2018-05-02 09:43:00,SHORT,20.0,322.75,0.68
VWAP_ALIGN,2018-05-03,2018-05-03 10:39:00,LONG,20.0,322.75,0.68
VWAP_ALIGN,2018-05-04,2018-05-04 09:02:00,LONG,20.0,322.75,0.68
VWAP_ALIGN,2018-05-07,2018-05-07 09:21:00,LONG,-20.0,282.75,0.66
VWAP_ALIGN,2018-05-08,2018-05-08 09:09:00,SHORT,-20.0,242.75,0.64
VWAP_ALIGN,2018-05-09,2018-05-09 10:02:00,LONG,20.0,242.75,0.64
VWAP_ALIGN,2018-05-11,2018-05-11 10:13:00,SHORT,4.75,236.0,0.64
VWAP_ALIGN,2018-05-15,2018-05-15 09:10:00,SHORT,-0.75,215.25,0.62
VWAP_ALIGN,2018-05-18,2018-05-18 09:07:00,LONG,-0.5,194.75,0.6
VWAP_ALIGN,2018-05-23,2018-05-23 09:36:00,LONG,20.0,194.75,0.6
VWAP_ALIGN,2018-05-29,2018-05-29 09:38:00,SHORT,20.0,226.5,0.62
VWAP_ALIGN,2018-05-30,2018-05-30 09:25:00,LONG,6.25,252.75,0.64
VWAP_ALIGN,2018-05-31,2018-05-31 09:39:00,LONG,20.0,271.25,0.64
VWAP_ALIGN,2018-06-01,2018-06-01 09:35:00,LONG,16.5,307.75,0.66
VWAP_ALIGN,2018-06-04,2018-06-04 09:01:00,LONG,20.0,347.75,0.68
VWAP_ALIGN,2018-06-05,2018-06-05 09:07:00,SHORT,20.0,347.75,0.68
VWAP_ALIGN,2018-06-06,2018-06-06 11:21:00,LONG,11.5,379.25,0.7
VWAP_ALIGN,2018-06-07,2018-06-07 10:57:00,SHORT,0.75,400.0,0.72
VWAP_ALIGN,2018-06-08,2018-06-08 09:09:00,LONG,-20.0,400.0,0.72
VWAP_ALIGN,2018-06-14,2018-06-14 09:39:00,LONG,8.0,428.0,0.74
VWAP_ALIGN,2018-06-15,2018-06-15 10:55:00,LONG,0.75,408.75,0.74
VWAP_ALIGN,2018-06-18,2018-06-18 09:05:00,LONG,-7.25,381.5,0.72
VWAP_ALIGN,2018-06-19,2018-06-19 09:18:00,LONG,20.0,381.5,0.72
VWAP_ALIGN,2018-06-20,2018-06-20 09:24:00,LONG,20.0,381.5,0.72
VWAP_ALIGN,2018-06-21,2018-06-21 10:02:00,LONG,-20.0,341.5,0.7
VWAP_ALIGN,2018-06-25,2018-06-25 09:06:00,SHORT,20.0,341.5,0.7
VWAP_ALIGN,2018-06-26,2018-06-26 09:15:00,LONG,20.0,341.5,0.7
VWAP_ALIGN,2018-06-28,2018-06-28 09:25:00,LONG,-20.0,341.5,0.7
VWAP_ALIGN,2018-06-29,2018-06-29 09:55:00,SHORT,-0.5,321.0,0.68
VWAP_ALIGN,2018-07-02,2018-07-02 09:03:00,LONG,-20.0,321.0,0.68
VWAP_ALIGN,2018-07-03,2018-07-03 09:10:00,SHORT,20.0,321.0,0.68
VWAP_ALIGN,2018-07-05,2018-07-05 09:20:00,LONG,20.0,321.0,0.68
VWAP_ALIGN,2018-07-06,2018-07-06 09:07:00,LONG,20.0,321.0,0.68
VWAP_ALIGN,2018-07-09,2018-07-09 09:08:00,LONG,-1.0,300.0,0.66
VWAP_ALIGN,2018-07-11,2018-07-11 09:57:00,SHORT,20.0,340.0,0.68
VWAP_ALIGN,2018-07-17,2018-07-17 09:05:00,LONG,20.0,340.0,0.68
VWAP_ALIGN,2018-07-19,2018-07-19 09:06:00,LONG,-20.0,340.0,0.68
VWAP_ALIGN,2018-07-20,2018-07-20 11:12:00,SHORT,20.0,380.0,0.7
VWAP_ALIGN,2018-07-23,2018-07-23 09:32:00,LONG,9.0,409.0,0.72
VWAP_ALIGN,2018-07-24,2018-07-24 09:01:00,SHORT,20.0,449.0,0.74
VWAP_ALIGN,2018-07-27,2018-07-27 10:00:00,SHORT,20.0,449.0,0.74
VWAP_ALIGN,2018-07-30,2018-07-30 09:01:00,SHORT,20.0,453.0,0.74
VWAP_ALIGN,2018-07-31,2018-07-31 09:05:00,LONG,20.0,453.0,0.74
VWAP_ALIGN,2018-08-02,2018-08-02 09:27:00,LONG,20.0,453.0,0.74
VWAP_ALIGN,2018-08-03,2018-08-03 09:57:00,SHORT,-12.5,460.5,0.74
VWAP_ALIGN,2018-08-07,2018-08-07 09:27:00,SHORT,-20.0,420.5,0.72
VWAP_ALIGN,2018-08-14,2018-08-14 09:49:00,LONG,-4.0,396.5,0.7
VWAP_ALIGN,2018-08-16,2018-08-16 09:16:00,LONG,-4.0,379.5,0.68
VWAP_ALIGN,2018-08-20,2018-08-20 10:27:00,LONG,10.75,370.25,0.68
VWAP_ALIGN,2018-08-22,2018-08-22 09:04:00,LONG,-3.75,354.0,0.66
VWAP_ALIGN,2018-08-24,2018-08-24 10:04:00,LONG,-10.25,323.75,0.64
VWAP_ALIGN,2018-08-29,2018-08-29 09:17:00,LONG,10.25,314.0,0.64
VWAP_ALIGN,2018-08-30,2018-08-30 10:33:00,LONG,13.25,307.25,0.64
VWAP_ALIGN,2018-09-04,2018-09-04 09:51:00,SHORT,20.0,347.25,0.66
VWAP_ALIGN,2018-09-05,2018-09-05 10:51:00,LONG,13.0,380.25,0.68
VWAP_ALIGN,2018-09-06,2018-09-06 09:09:00,SHORT,-20.0,340.25,0.66
VWAP_ALIGN,2018-09-07,2018-09-07 09:36:00,LONG,-20.0,315.5,0.64
VWAP_ALIGN,2018-09-10,2018-09-10 09:12:00,LONG,-1.5,314.75,0.64
VWAP_ALIGN,2018-09-11,2018-09-11 09:10:00,LONG,20.0,335.25,0.66
VWAP_ALIGN,2018-09-12,2018-09-12 09:50:00,LONG,20.0,335.25,0.66
VWAP_ALIGN,2018-09-13,2018-09-13 09:08:00,LONG,20.0,335.25,0.66
VWAP_ALIGN,2018-09-17,2018-09-17 10:29:00,LONG,-17.25,311.75,0.64
VWAP_ALIGN,2018-09-18,2018-09-18 09:14:00,LONG,-2.25,289.5,0.62
VWAP_ALIGN,2018-09-19,2018-09-19 09:30:00,LONG,-2.0,271.0,0.6
VWAP_ALIGN,2018-09-24,2018-09-24 09:21:00,LONG,20.0,271.0,0.6
VWAP_ALIGN,2018-09-25,2018-09-25 09:27:00,LONG,7.5,258.5,0.6
VWAP_ALIGN,2018-09-28,2018-09-28 09:08:00,LONG,-20.0,227.0,0.58
VWAP_ALIGN,2018-10-02,2018-10-02 09:24:00,LONG,-7.75,218.5,0.56
VWAP_ALIGN,2018-10-03,2018-10-03 09:01:00,SHORT,-20.0,218.5,0.56
VWAP_ALIGN,2018-10-04,2018-10-04 09:33:00,SHORT,20.0,230.5,0.56
VWAP_ALIGN,2018-10-05,2018-10-05 09:09:00,SHORT,20.0,249.75,0.56
VWAP_ALIGN,2018-10-08,2018-10-08 09:03:00,SHORT,20.0,277.0,0.58
VWAP_ALIGN,2018-10-10,2018-10-10 09:05:00,SHORT,20.0,277.0,0.58
VWAP_ALIGN,2018-10-11,2018-10-11 09:01:00,SHORT,20.0,277.0,0.58
VWAP_ALIGN,2018-10-12,2018-10-12 09:56:00,SHORT,20.0,317.0,0.6
VWAP_ALIGN,2018-10-15,2018-10-15 09:01:00,LONG,20.0,317.0,0.6
VWAP_ALIGN,2018-10-16,2018-10-16 09:13:00,LONG,20.0,317.0,0.6
VWAP_ALIGN,2018-10-17,2018-10-17 09:55:00,LONG,20.0,357.0,0.62
VWAP_ALIGN,2018-10-18,2018-10-18 09:09:00,SHORT,20.0,377.5,0.64
VWAP_ALIGN,2018-10-23,2018-10-23 09:36:00,LONG,20.0,417.5,0.66
VWAP_ALIGN,2018-10-24,2018-10-24 09:55:00,SHORT,20.0,417.5,0.66
VWAP_ALIGN,2018-10-25,2018-10-25 09:25:00,LONG,-20.0,377.5,0.64
VWAP_ALIGN,2018-10-26,2018-10-26 09:19:00,LONG,20.0,377.5,0.64
VWAP_ALIGN,2018-10-29,2018-10-29 09:10:00,SHORT,20.0,398.5,0.66
VWAP_ALIGN,2018-10-30,2018-10-30 09:36:00,LONG,20.0,398.5,0.66
VWAP_ALIGN,2018-10-31,2018-10-31 10:19:00,SHORT,-20.0,358.5,0.64
VWAP_ALIGN,2018-11-01,2018-11-01 09:18:00,LONG,20.0,398.5,0.66
VWAP_ALIGN,2018-11-02,2018-11-02 09:21:00,SHORT,-20.0,358.5,0.64
VWAP_ALIGN,2018-11-05,2018-11-05 09:03:00,SHORT,20.0,369.5,0.64
VWAP_ALIGN,2018-11-07,2018-11-07 09:03:00,LONG,20.0,369.5,0.64
VWAP_ALIGN,2018-11-08,2018-11-08 09:03:00,LONG,-20.0,329.5,0.62
VWAP_ALIGN,2018-11-09,2018-11-09 09:10:00,SHORT,20.0,329.5,0.62
VWAP_ALIGN,2018-11-12,2018-11-12 09:01:00,SHORT,20.0,329.5,0.62
VWAP_ALIGN,2018-11-13,2018-11-13 09:22:00,SHORT,20.0,329.5,0.62
VWAP_ALIGN,2018-11-14,2018-11-14 09:12:00,SHORT,20.0,362.0,0.64
VWAP_ALIGN,2018-11-15,2018-11-15 09:31:00,SHORT,20.0,402.0,0.66
VWAP_ALIGN,2018-11-16,2018-11-16 09:15:00,LONG,20.0,426.0,0.68
VWAP_ALIGN,2018-11-19,2018-11-19 09:05:00,SHORT,20.0,450.0,0.7
VWAP_ALIGN,2018-11-20,2018-11-20 09:12:00,SHORT,20.0,459.25,0.7
VWAP_ALIGN,2018-11-21,2018-11-21 10:20:00,LONG,-20.0,443.0,0.7
VWAP_ALIGN,2018-11-26,2018-11-26 09:02:00,LONG,-20.0,433.25,0.7
VWAP_ALIGN,2018-11-27,2018-11-27 09:05:00,LONG,20.0,443.0,0.7
VWAP_ALIGN,2018-11-28,2018-11-28 09:30:00,SHORT,-20.0,409.75,0.68
VWAP_ALIGN,2018-11-29,2018-11-29 09:19:00,SHORT,-20.0,369.75,0.66
VWAP_ALIGN,2018-11-30,2018-11-30 09:31:00,LONG,20.0,376.75,0.66
VWAP_ALIGN,2018-12-03,2018-12-03 10:58:00,SHORT,-19.0,377.75,0.66
VWAP_ALIGN,2018-12-04,2018-12-04 10:18:00,SHORT,20.0,417.75,0.68
VWAP_ALIGN,2018-12-06,2018-12-06 10:27:00,SHORT,-20.0,399.25,0.68
VWAP_ALIGN,2018-12-07,2018-12-07 09:11:00,SHORT,20.0,399.25,0.68
VWAP_ALIGN,2018-12-10,2018-12-10 09:54:00,SHORT,20.0,399.25,0.68
VWAP_ALIGN,2018-12-11,2018-12-11 09:18:00,SHORT,-20.0,359.25,0.66
VWAP_ALIGN,2018-12-12,2018-12-12 09:03:00,LONG,20.0,396.5,0.68
VWAP_ALIGN,2018-12-13,2018-12-13 09:13:00,LONG,-20.0,378.75,0.68
VWAP_ALIGN,2018-12-14,2018-12-14 09:04:00,LONG,-20.0,360.75,0.68
VWAP_ALIGN,2018-12-17,2018-12-17 09:42:00,LONG,20.0,360.75,0.68
VWAP_ALIGN,2018-12-18,2018-12-18 10:25:00,SHORT,-20.0,333.25,0.66
VWAP_ALIGN,2018-12-19,2018-12-19 09:31:00,LONG,-20.0,333.25,0.66
VWAP_ALIGN,2018-12-20,2018-12-20 09:05:00,LONG,20.0,361.0,0.68
VWAP_ALIGN,2018-12-21,2018-12-21 09:04:00,SHORT,20.0,401.0,0.7
VWAP_ALIGN,2018-12-26,2018-12-26 10:04:00,SHORT,-20.0,361.0,0.68
VWAP_ALIGN,2018-12-27,2018-12-27 09:13:00,SHORT,20.0,361.0,0.68
VWAP_ALIGN,2018-12-28,2018-12-28 09:25:00,SHORT,20.0,361.0,0.68
VWAP_ALIGN,2018-12-31,2018-12-31 09:15:00,SHORT,20.0,361.0,0.68
VWAP_ALIGN,2019-01-03,2019-01-03 09:01:00,SHORT,20.0,361.0,0.68
VWAP_ALIGN,2019-01-04,2019-01-04 09:01:00,LONG,-20.0,321.0,0.66
VWAP_ALIGN,2019-01-07,2019-01-07 09:31:00,LONG,20.0,321.0,0.66
VWAP_ALIGN,2019-01-08,2019-01-08 09:14:00,SHORT,20.0,321.0,0.66
VWAP_ALIGN,2019-01-09,2019-01-09 09:45:00,SHORT,-20.0,281.0,0.64
VWAP_ALIGN,2019-01-10,2019-01-10 09:23:00,LONG,20.0,281.0,0.64
VWAP_ALIGN,2019-01-11,2019-01-11 09:09:00,LONG,-20.0,241.0,0.62
VWAP_ALIGN,2019-01-14,2019-01-14 09:20:00,LONG,20.0,241.0,0.62
VWAP_ALIGN,2019-01-15,2019-01-15 09:10:00,LONG,20.0,281.0,0.64
VWAP_ALIGN,2019-01-16,2019-01-16 09:44:00,SHORT,-20.0,241.0,0.62
VWAP_ALIGN,2019-01-17,2019-01-17 10:09:00,LONG,-2.25,218.75,0.6
VWAP_ALIGN,2019-01-18,2019-01-18 09:45:00,LONG,20.0,218.75,0.6
VWAP_ALIGN,2019-01-22,2019-01-22 09:07:00,SHORT,20.0,258.75,0.62
VWAP_ALIGN,2019-01-23,2019-01-23 09:23:00,SHORT,20.0,258.75,0.62
VWAP_ALIGN,2019-01-24,2019-01-24 09:16:00,LONG,-20.0,258.75,0.62
VWAP_ALIGN,2019-01-25,2019-01-25 09:01:00,LONG,20.0,258.75,0.62
VWAP_ALIGN,2019-01-29,2019-01-29 09:12:00,SHORT,20.0,258.75,0.62
VWAP_ALIGN,2019-01-30,2019-01-30 09:06:00,SHORT,-20.0,258.75,0.62
VWAP_ALIGN,2019-01-31,2019-01-31 09:04:00,LONG,20.0,258.75,0.62
VWAP_ALIGN,2019-02-01,2019-02-01 09:10:00,LONG,-20.0,218.75,0.6
VWAP_ALIGN,2019-02-04,2019-02-04 09:12:00,LONG,20.0,218.75,0.6
VWAP_ALIGN,2019-02-05,2019-02-05 09:31:00,LONG,-11.75,187.0,0.58
VWAP_ALIGN,2019-02-06,2019-02-06 09:01:00,SHORT,20.0,187.0,0.58
VWAP_ALIGN,2019-02-07,2019-02-07 09:24:00,LONG,-20.0,147.0,0.56
VWAP_ALIGN,2019-02-08,2019-02-08 09:18:00,SHORT,-20.0,107.0,0.54
VWAP_ALIGN,2019-02-11,2019-02-11 10:15:00,SHORT,-10.75,76.25,0.52
VWAP_ALIGN,2019-02-12,2019-02-12 09:02:00,LONG,20.0,116.25,0.54
VWAP_ALIGN,2019-02-13,2019-02-13 09:12:00,SHORT,20.0,156.25,0.56
VWAP_ALIGN,2019-02-14,2019-02-14 09:03:00,LONG,-20.0,116.25,0.54
VWAP_ALIGN,2019-02-15,2019-02-15 10:18:00,SHORT,-10.0,126.25,0.54
VWAP_ALIGN,2019-02-19,2019-02-19 09:06:00,LONG,14.25,160.5,0.56
VWAP_ALIGN,2019-02-20,2019-02-20 09:29:00,LONG,-20.0,120.5,0.54
VWAP_ALIGN,2019-02-21,2019-02-21 09:12:00,SHORT,-20.0,119.5,0.54
VWAP_ALIGN,2019-02-22,2019-02-22 09:01:00,LONG,20.0,119.5,0.54
VWAP_ALIGN,2019-02-25,2019-02-25 10:08:00,LONG,-20.0,119.5,0.54
VWAP_ALIGN,2019-02-26,2019-02-26 09:01:00,LONG,20.0,119.5,0.54
VWAP_ALIGN,2019-02-27,2019-02-27 09:05:00,SHORT,20.0,119.5,0.54
VWAP_ALIGN,2019-02-28,2019-02-28 09:07:00,SHORT,-20.0,119.5,0.54
VWAP_ALIGN,2019-03-05,2019-03-05 10:09:00,LONG,-0.5,99.0,0.52
VWAP_ALIGN,2019-03-06,2019-03-06 09:22:00,SHORT,20.0,139.0,0.54
VWAP_ALIGN,2019-03-07,2019-03-07 09:17:00,SHORT,-20.0,139.0,0.54
VWAP_ALIGN,2019-03-08,2019-03-08 09:43:00,LONG,-20.0,99.0,0.52
VWAP_ALIGN,2019-03-11,2019-03-11 09:01:00,LONG,20.0,139.0,0.54
VWAP_ALIGN,2019-03-12,2019-03-12 09:54:00,LONG,-1.25,157.75,0.54
VWAP_ALIGN,2019-03-13,2019-03-13 09:01:00,LONG,20.0,157.75,0.54
VWAP_ALIGN,2019-03-14,2019-03-14 10:00:00,LONG,-3.5,134.25,0.52
VWAP_ALIGN,2019-03-18,2019-03-18 09:19:00,SHORT,20.0,174.25,0.54
VWAP_ALIGN,2019-03-22,2019-03-22 09:09:00,SHORT,20.0,174.25,0.54
VWAP_ALIGN,2019-03-25,2019-03-25 09:16:00,LONG,-20.0,134.25,0.52
VWAP_ALIGN,2019-03-26,2019-03-26 09:48:00,SHORT,20.0,134.25,0.52
VWAP_ALIGN,2019-03-27,2019-03-27 09:13:00,SHORT,20.0,134.25,0.52
VWAP_ALIGN,2019-03-28,2019-03-28 09:01:00,SHORT,20.0,174.25,0.54
VWAP_ALIGN,2019-03-29,2019-03-29 09:37:00,LONG,-20.0,134.25,0.52
VWAP_ALIGN,2019-04-04,2019-04-04 10:19:00,SHORT,-12.0,102.25,0.5
VWAP_ALIGN,2019-04-10,2019-04-10 09:12:00,LONG,-14.5,107.75,0.5
VWAP_ALIGN,2019-04-12,2019-04-12 09:07:00,SHORT,-14.25,73.5,0.48
VWAP_ALIGN,2019-04-17,2019-04-17 09:27:00,SHORT,-3.0,90.5,0.48
VWAP_ALIGN,2019-04-18,2019-04-18 09:09:00,LONG,8.75,79.25,0.48
VWAP_ALIGN,2019-04-25,2019-04-25 10:14:00,LONG,4.25,63.5,0.48
VWAP_ALIGN,2019-05-02,2019-05-02 09:03:00,SHORT,20.0,103.5,0.5
VWAP_ALIGN,2019-05-03,2019-05-03 09:02:00,LONG,7.75,113.5,0.52
VWAP_ALIGN,2019-05-06,2019-05-06 09:21:00,LONG,-20.0,73.5,0.5
VWAP_ALIGN,2019-05-07,2019-05-07 09:03:00,SHORT,-20.0,33.5,0.48
VWAP_ALIGN,2019-05-08,2019-05-08 09:05:00,LONG,-20.0,-6.5,0.46
VWAP_ALIGN,2019-05-09,2019-05-09 10:01:00,LONG,20.0,33.5,0.48
VWAP_ALIGN,2019-05-10,2019-05-10 09:43:00,SHORT,-20.0,-6.5,0.46
VWAP_ALIGN,2019-05-13,2019-05-13 09:27:00,SHORT,20.0,-6.5,0.46
VWAP_ALIGN,2019-05-14,2019-05-14 09:13:00,LONG,20.0,33.5,0.48
VWAP_ALIGN,2019-05-15,2019-05-15 10:57:00,LONG,20.0,33.5,0.48
VWAP_ALIGN,2019-05-17,2019-05-17 09:02:00,LONG,-20.0,33.5,0.48
VWAP_ALIGN,2019-05-20,2019-05-20 09:09:00,SHORT,-20.0,-6.5,0.46
VWAP_ALIGN,2019-05-22,2019-05-22 09:01:00,SHORT,-20.0,-14.75,0.46
VWAP_ALIGN,2019-05-23,2019-05-23 09:04:00,SHORT,20.0,-14.75,0.46
VWAP_ALIGN,2019-05-24,2019-05-24 09:11:00,SHORT,-20.0,-14.75,0.46
VWAP_ALIGN,2019-05-29,2019-05-29 09:11:00,SHORT,20.0,25.25,0.48
VWAP_ALIGN,2019-05-30,2019-05-30 09:02:00,SHORT,-20.0,16.0,0.48
VWAP_ALIGN,2019-05-31,2019-05-31 09:15:00,LONG,-20.0,-24.0,0.46
VWAP_ALIGN,2019-06-03,2019-06-03 09:01:00,LONG,-20.0,-64.0,0.44
VWAP_ALIGN,2019-06-04,2019-06-04 09:01:00,LONG,20.0,-24.0,0.46
VWAP_ALIGN,2019-06-05,2019-06-05 10:15:00,LONG,20.0,6.0,0.48
VWAP_ALIGN,2019-06-06,2019-06-06 09:09:00,LONG,-2.5,-10.75,0.46
VWAP_ALIGN,2019-06-07,2019-06-07 09:02:00,LONG,-20.0,-10.75,0.46
VWAP_ALIGN,2019-06-10,2019-06-10 09:11:00,LONG,20.0,29.25,0.48
VWAP_ALIGN,2019-06-11,2019-06-11 09:28:00,SHORT,20.0,29.25,0.48
VWAP_ALIGN,2019-06-13,2019-06-13 09:07:00,SHORT,-11.0,38.25,0.48
VWAP_ALIGN,2019-06-14,2019-06-14 09:20:00,SHORT,-20.0,-1.75,0.46
VWAP_ALIGN,2019-06-21,2019-06-21 09:02:00,LONG,-20.0,-41.75,0.44
VWAP_ALIGN,2019-06-26,2019-06-26 09:16:00,SHORT,2.0,-19.75,0.46
VWAP_ALIGN,2019-07-01,2019-07-01 10:23:00,SHORT,20.0,0.75,0.48
VWAP_ALIGN,2019-07-10,2019-07-10 09:10:00,SHORT,-20.0,-39.25,0.46
VWAP_ALIGN,2019-07-18,2019-07-18 09:07:00,SHORT,20.0,0.75,0.48
VWAP_ALIGN,2019-07-19,2019-07-19 09:40:00,SHORT,-20.0,0.75,0.48
VWAP_ALIGN,2019-07-22,2019-07-22 10:44:00,LONG,-2.75,-22.0,0.46
VWAP_ALIGN,2019-07-23,2019-07-23 09:47:00,SHORT,-10.5,-31.25,0.46
VWAP_ALIGN,2019-07-25,2019-07-25 09:52:00,SHORT,20.0,-31.25,0.46
VWAP_ALIGN,2019-08-01,2019-08-01 09:02:00,LONG,-1.75,-29.5,0.46
VWAP_ALIGN,2019-08-05,2019-08-05 10:01:00,SHORT,20.0,-29.5,0.46
VWAP_ALIGN,2019-08-06,2019-08-06 09:50:00,SHORT,20.0,-29.5,0.46
VWAP_ALIGN,2019-08-07,2019-08-07 10:06:00,SHORT,-20.0,-29.5,0.46
VWAP_ALIGN,2019-08-08,2019-08-08 09:23:00,LONG,20.0,-29.5,0.46
VWAP_ALIGN,2019-08-09,2019-08-09 09:26:00,SHORT,20.0,-29.5,0.46
VWAP_ALIGN,2019-08-12,2019-08-12 09:10:00,SHORT,20.0,-29.5,0.46
VWAP_ALIGN,2019-08-14,2019-08-14 09:04:00,SHORT,20.0,10.5,0.48
VWAP_ALIGN,2019-08-15,2019-08-15 09:05:00,SHORT,20.0,42.5,0.5
VWAP_ALIGN,2019-08-16,2019-08-16 09:01:00,LONG,-20.0,37.0,0.5
VWAP_ALIGN,2019-08-19,2019-08-19 09:04:00,LONG,13.0,64.25,0.52
VWAP_ALIGN,2019-08-20,2019-08-20 09:02:00,LONG,-7.0,60.25,0.52
VWAP_ALIGN,2019-08-26,2019-08-26 09:18:00,LONG,20.0,71.5,0.52
VWAP_ALIGN,2019-08-27,2019-08-27 09:07:00,SHORT,20.0,87.25,0.52
VWAP_ALIGN,2019-08-28,2019-08-28 09:27:00,LONG,-4.75,62.5,0.5
VWAP_ALIGN,2019-08-29,2019-08-29 09:30:00,LONG,3.25,58.0,0.5
VWAP_ALIGN,2019-09-03,2019-09-03 11:21:00,SHORT,1.25,79.25,0.52
VWAP_ALIGN,2019-09-06,2019-09-06 10:45:00,SHORT,-19.0,80.25,0.52
VWAP_ALIGN,2019-09-09,2019-09-09 10:08:00,SHORT,20.0,120.25,0.54
VWAP_ALIGN,2019-09-10,2019-09-10 09:25:00,SHORT,-20.0,80.25,0.52
VWAP_ALIGN,2019-09-13,2019-09-13 09:07:00,LONG,-20.0,80.25,0.52
VWAP_ALIGN,2019-09-16,2019-09-16 09:10:00,LONG,-20.0,40.25,0.5
VWAP_ALIGN,2019-09-20,2019-09-20 09:17:00,SHORT,20.0,40.25,0.5
VWAP_ALIGN,2019-09-23,2019-09-23 09:31:00,LONG,9.75,30.0,0.5
VWAP_ALIGN,2019-09-24,2019-09-24 09:03:00,SHORT,20.0,70.0,0.52
VWAP_ALIGN,2019-09-25,2019-09-25 09:03:00,LONG,20.0,110.0,0.54
VWAP_ALIGN,2019-09-26,2019-09-26 09:01:00,SHORT,20.0,150.0,0.56
VWAP_ALIGN,2019-09-27,2019-09-27 09:14:00,LONG,-20.0,110.0,0.54
VWAP_ALIGN,2019-10-01,2019-10-01 09:03:00,SHORT,20.0,150.0,0.56
VWAP_ALIGN,2019-10-02,2019-10-02 09:32:00,SHORT,20.0,150.0,0.56
VWAP_ALIGN,2019-10-03,2019-10-03 09:01:00,LONG,20.0,190.0,0.58
VWAP_ALIGN,2019-10-04,2019-10-04 09:05:00,LONG,20.0,230.0,0.6
VWAP_ALIGN,2019-10-07,2019-10-07 09:05:00,LONG,-4.5,245.5,0.6
VWAP_ALIGN,2019-10-08,2019-10-08 11:05:00,LONG,20.0,245.5,0.6
VWAP_ALIGN,2019-10-10,2019-10-10 09:05:00,LONG,-20.0,205.5,0.58
VWAP_ALIGN,2019-10-14,2019-10-14 10:56:00,SHORT,-1.25,206.75,0.58
VWAP_ALIGN,2019-10-15,2019-10-15 09:01:00,LONG,-20.0,206.75,0.58
VWAP_ALIGN,2019-10-17,2019-10-17 09:01:00,SHORT,-10.75,176.0,0.56
VWAP_ALIGN,2019-10-18,2019-10-18 09:44:00,SHORT,20.0,176.0,0.56
VWAP_ALIGN,2019-10-23,2019-10-23 09:17:00,LONG,-20.0,167.0,0.56
VWAP_ALIGN,2019-10-24,2019-10-24 09:01:00,LONG,20.0,207.0,0.58
VWAP_ALIGN,2019-10-25,2019-10-25 09:08:00,LONG,20.0,247.0,0.6
VWAP_ALIGN,2019-10-29,2019-10-29 09:21:00,SHORT,20.0,265.0,0.6
VWAP_ALIGN,2019-10-30,2019-10-30 09:40:00,SHORT,-5.0,240.0,0.58
VWAP_ALIGN,2019-10-31,2019-10-31 09:18:00,LONG,-20.0,240.0,0.58
VWAP_ALIGN,2019-11-04,2019-11-04 09:03:00,SHORT,9.5,229.5,0.58
VWAP_ALIGN,2019-11-05,2019-11-05 09:10:00,SHORT,-20.0,229.5,0.58
VWAP_ALIGN,2019-11-06,2019-11-06 09:29:00,SHORT,20.0,252.25,0.6
VWAP_ALIGN,2019-11-07,2019-11-07 09:16:00,LONG,20.0,282.75,0.62
VWAP_ALIGN,2019-11-08,2019-11-08 09:01:00,SHORT,-20.0,242.75,0.6
VWAP_ALIGN,2019-11-11,2019-11-11 09:10:00,LONG,7.75,252.25,0.62
VWAP_ALIGN,2019-11-12,2019-11-12 09:01:00,LONG,20.0,252.25,0.62
VWAP_ALIGN,2019-11-13,2019-11-13 09:20:00,LONG,13.75,246.0,0.62
VWAP_ALIGN,2019-11-14,2019-11-14 09:04:00,LONG,-20.0,246.0,0.62
VWAP_ALIGN,2019-11-15,2019-11-15 10:04:00,LONG,-10.0,216.0,0.6
VWAP_ALIGN,2019-11-18,2019-11-18 10:25:00,LONG,-2.25,193.75,0.58
VWAP_ALIGN,2019-11-19,2019-11-19 09:03:00,SHORT,20.0,193.75,0.58
VWAP_ALIGN,2019-11-21,2019-11-21 09:18:00,SHORT,5.75,179.5,0.58
VWAP_ALIGN,2019-11-22,2019-11-22 09:10:00,SHORT,20.0,179.5,0.58
VWAP_ALIGN,2019-11-25,2019-11-25 09:07:00,LONG,9.75,209.25,0.6
VWAP_ALIGN,2019-11-26,2019-11-26 09:47:00,LONG,9.5,205.75,0.6
VWAP_ALIGN,2019-12-05,2019-12-05 09:02:00,SHORT,20.0,232.75,0.62
VWAP_ALIGN,2019-12-06,2019-12-06 09:51:00,LONG,4.25,217.0,0.62
VWAP_ALIGN,2019-12-10,2019-12-10 09:08:00,LONG,20.0,217.0,0.62
VWAP_ALIGN,2019-12-11,2019-12-11 09:01:00,LONG,-11.0,210.75,0.62
VWAP_ALIGN,2019-12-12,2019-12-12 09:45:00,LONG,20.0,227.5,0.62
VWAP_ALIGN,2019-12-13,2019-12-13 09:06:00,LONG,20.0,246.25,0.62
VWAP_ALIGN,2019-12-16,2019-12-16 09:13:00,LONG,8.0,273.25,0.64
VWAP_ALIGN,2019-12-26,2019-12-26 09:05:00,LONG,15.75,269.0,0.64
VWAP_ALIGN,2019-12-30,2019-12-30 09:14:00,SHORT,-20.0,269.0,0.64
VWAP_ALIGN,2020-01-02,2020-01-02 09:16:00,SHORT,-19.0,270.0,0.64
VWAP_ALIGN,2020-01-03,2020-01-03 11:02:00,LONG,4.0,294.0,0.66
VWAP_ALIGN,2020-01-06,2020-01-06 09:03:00,LONG,20.0,294.0,0.66
VWAP_ALIGN,2020-01-07,2020-01-07 10:01:00,LONG,-2.25,282.0,0.64
VWAP_ALIGN,2020-01-08,2020-01-08 10:30:00,LONG,20.0,282.0,0.64
VWAP_ALIGN,2020-01-09,2020-01-09 11:21:00,SHORT,15.75,277.75,0.64
VWAP_ALIGN,2020-01-10,2020-01-10 11:07:00,SHORT,-0.25,257.5,0.62
VWAP_ALIGN,2020-01-13,2020-01-13 10:12:00,LONG,20.0,297.5,0.64
VWAP_ALIGN,2020-01-15,2020-01-15 09:37:00,LONG,-5.75,271.75,0.62
VWAP_ALIGN,2020-01-16,2020-01-16 09:10:00,LONG,-20.0,231.75,0.6
VWAP_ALIGN,2020-01-17,2020-01-17 10:14:00,SHORT,-13.5,198.25,0.58
VWAP_ALIGN,2020-01-21,2020-01-21 09:02:00,LONG,20.0,198.25,0.58
VWAP_ALIGN,2020-01-22,2020-01-22 09:33:00,LONG,-20.0,182.75,0.58
VWAP_ALIGN,2020-01-23,2020-01-23 09:14:00,LONG,-20.0,142.75,0.56
VWAP_ALIGN,2020-01-24,2020-01-24 09:07:00,SHORT,20.0,182.75,0.58
VWAP_ALIGN,2020-01-27,2020-01-27 11:13:00,LONG,9.25,193.25,0.6
VWAP_ALIGN,2020-01-29,2020-01-29 09:01:00,SHORT,20.0,233.25,0.62
VWAP_ALIGN,2020-01-30,2020-01-30 09:46:00,SHORT,20.0,264.0,0.64
VWAP_ALIGN,2020-01-31,2020-01-31 09:08:00,SHORT,20.0,264.0,0.64
VWAP_ALIGN,2020-02-03,2020-02-03 09:05:00,LONG,20.0,304.0,0.66
VWAP_ALIGN,2020-02-04,2020-02-04 09:28:00,LONG,20.0,304.0,0.66
VWAP_ALIGN,2020-02-05,2020-02-05 09:14:00,SHORT,20.0,304.0,0.66
VWAP_ALIGN,2020-02-06,2020-02-06 09:05:00,LONG,-20.0,264.0,0.64
VWAP_ALIGN,2020-02-07,2020-02-07 09:31:00,LONG,20.0,289.0,0.66
VWAP_ALIGN,2020-02-10,2020-02-10 09:03:00,LONG,20.0,329.0,0.68
VWAP_ALIGN,2020-02-11,2020-02-11 09:14:00,LONG,20.0,339.5,0.68
VWAP_ALIGN,2020-02-12,2020-02-12 10:26:00,LONG,6.0,365.5,0.7
VWAP_ALIGN,2020-02-13,2020-02-13 09:44:00,LONG,20.0,365.5,0.7
VWAP_ALIGN,2020-02-14,2020-02-14 09:12:00,SHORT,-20.0,325.5,0.68
VWAP_ALIGN,2020-02-18,2020-02-18 09:07:00,LONG,-20.0,325.5,0.68
VWAP_ALIGN,2020-02-19,2020-02-19 09:20:00,LONG,20.0,337.75,0.68
VWAP_ALIGN,2020-02-20,2020-02-20 09:07:00,LONG,-20.0,297.75,0.66
VWAP_ALIGN,2020-02-25,2020-02-25 09:21:00,SHORT,20.0,304.0,0.66
VWAP_ALIGN,2020-02-27,2020-02-27 09:25:00,SHORT,20.0,344.0,0.68
VWAP_ALIGN,2020-03-02,2020-03-02 09:06:00,SHORT,20.0,374.0,0.7
VWAP_ALIGN,2020-03-04,2020-03-04 09:23:00,LONG,-20.0,356.25,0.7
VWAP_ALIGN,2020-03-05,2020-03-05 09:19:00,LONG,20.0,356.25,0.7
VWAP_ALIGN,2020-03-06,2020-03-06 10:09:00,LONG,20.0,370.5,0.7
VWAP_ALIGN,2020-03-09,2020-03-09 09:18:00,LONG,20.0,370.5,0.7
VWAP_ALIGN,2020-03-10,2020-03-10 09:01:00,SHORT,-20.0,340.75,0.68
VWAP_ALIGN,2020-03-11,2020-03-11 09:22:00,SHORT,20.0,351.25,0.68
VWAP_ALIGN,2020-03-12,2020-03-12 09:09:00,SHORT,20.0,351.25,0.68
VWAP_ALIGN,2020-03-24,2020-03-24 09:38:00,LONG,20.0,367.0,0.68
VWAP_ALIGN,2020-03-25,2020-03-25 09:06:00,LONG,-20.0,327.0,0.66
VWAP_ALIGN,2020-03-26,2020-03-26 09:30:00,LONG,20.0,358.0,0.68
VWAP_ALIGN,2020-03-27,2020-03-27 09:32:00,LONG,20.0,358.0,0.68
VWAP_ALIGN,2020-03-30,2020-03-30 09:08:00,LONG,20.0,358.0,0.68
VWAP_ALIGN,2020-04-01,2020-04-01 09:05:00,LONG,20.0,370.0,0.68
VWAP_ALIGN,2020-04-02,2020-04-02 11:27:00,SHORT,20.0,374.25,0.68
VWAP_ALIGN,2020-04-03,2020-04-03 09:18:00,SHORT,20.0,414.25,0.7
VWAP_ALIGN,2020-04-06,2020-04-06 09:30:00,LONG,20.0,453.25,0.72
VWAP_ALIGN,2020-04-07,2020-04-07 09:33:00,LONG,20.0,469.25,0.72
VWAP_ALIGN,2020-04-08,2020-04-08 09:12:00,LONG,20.0,469.25,0.72
VWAP_ALIGN,2020-04-09,2020-04-09 09:13:00,SHORT,-20.0,451.5,0.72
VWAP_ALIGN,2020-04-13,2020-04-13 09:03:00,SHORT,-20.0,411.5,0.7
VWAP_ALIGN,2020-04-14,2020-04-14 10:04:00,LONG,20.0,415.75,0.7
VWAP_ALIGN,2020-04-15,2020-04-15 10:51:00,LONG,-20.0,396.0,0.7
VWAP_ALIGN,2020-04-16,2020-04-16 09:09:00,LONG,20.0,396.0,0.7
VWAP_ALIGN,2020-04-17,2020-04-17 09:25:00,SHORT,20.0,421.75,0.72
VWAP_ALIGN,2020-04-20,2020-04-20 09:07:00,LONG,-20.0,421.75,0.72
VWAP_ALIGN,2020-04-22,2020-04-22 10:47:00,LONG,20.0,455.25,0.74
VWAP_ALIGN,2020-04-24,2020-04-24 10:29:00,LONG,20.0,455.25,0.74
VWAP_ALIGN,2020-04-27,2020-04-27 09:20:00,LONG,-20.0,455.25,0.74
VWAP_ALIGN,2020-04-28,2020-04-28 10:18:00,SHORT,-20.0,455.25,0.74
VWAP_ALIGN,2020-04-29,2020-04-29 10:09:00,LONG,20.0,455.25,0.74
VWAP_ALIGN,2020-04-30,2020-04-30 09:59:00,SHORT,20.0,466.0,0.74
VWAP_ALIGN,2020-05-01,2020-05-01 09:16:00,SHORT,20.0,466.0,0.74
VWAP_ALIGN,2020-05-04,2020-05-04 09:10:00,LONG,20.0,466.0,0.74
VWAP_ALIGN,2020-05-05,2020-05-05 09:03:00,LONG,20.0,466.0,0.74
VWAP_ALIGN,2020-05-07,2020-05-07 09:33:00,LONG,20.0,466.0,0.74
VWAP_ALIGN,2020-05-08,2020-05-08 09:43:00,LONG,20.0,466.0,0.74
VWAP_ALIGN,2020-05-11,2020-05-11 09:26:00,LONG,20.0,466.0,0.74
VWAP_ALIGN,2020-05-12,2020-05-12 09:06:00,LONG,-20.0,466.0,0.74
VWAP_ALIGN,2020-05-13,2020-05-13 09:05:00,SHORT,-20.0,426.0,0.72
VWAP_ALIGN,2020-05-14,2020-05-14 09:22:00,LONG,20.0,426.0,0.72
VWAP_ALIGN,2020-05-15,2020-05-15 09:02:00,SHORT,20.0,426.0,0.72
VWAP_ALIGN,2020-05-18,2020-05-18 09:05:00,LONG,-20.0,400.0,0.7
VWAP_ALIGN,2020-05-19,2020-05-19 09:18:00,LONG,-20.0,360.0,0.68
VWAP_ALIGN,2020-05-20,2020-05-20 09:14:00,LONG,20.0,400.0,0.7
VWAP_ALIGN,2020-05-21,2020-05-21 09:07:00,SHORT,20.0,440.0,0.72
VWAP_ALIGN,2020-05-22,2020-05-22 10:38:00,LONG,20.0,440.0,0.72
VWAP_ALIGN,2020-05-26,2020-05-26 09:25:00,SHORT,20.0,480.0,0.74
VWAP_ALIGN,2020-05-28,2020-05-28 09:06:00,LONG,-20.0,440.0,0.72
VWAP_ALIGN,2020-05-29,2020-05-29 09:04:00,SHORT,-20.0,400.0,0.7
VWAP_ALIGN,2020-06-01,2020-06-01 09:21:00,SHORT,-20.0,360.0,0.68
VWAP_ALIGN,2020-06-02,2020-06-02 09:03:00,SHORT,20.0,400.0,0.7
VWAP_ALIGN,2020-06-03,2020-06-03 10:07:00,SHORT,20.0,400.0,0.7
VWAP_ALIGN,2020-06-05,2020-06-05 09:03:00,LONG,20.0,400.0,0.7
VWAP_ALIGN,2020-06-08,2020-06-08 09:12:00,LONG,10.0,390.0,0.7
VWAP_ALIGN,2020-06-09,2020-06-09 09:04:00,LONG,-20.0,390.0,0.7
VWAP_ALIGN,2020-06-10,2020-06-10 09:39:00,LONG,-20.0,350.0,0.68
VWAP_ALIGN,2020-06-11,2020-06-11 09:02:00,SHORT,-20.0,310.0,0.66
VWAP_ALIGN,2020-06-15,2020-06-15 09:04:00,LONG,-20.0,270.0,0.64
VWAP_ALIGN,2020-06-17,2020-06-17 10:00:00,LONG,20.0,310.0,0.66
VWAP_ALIGN,2020-06-18,2020-06-18 09:09:00,LONG,-20.0,270.0,0.64
VWAP_ALIGN,2020-06-19,2020-06-19 09:37:00,SHORT,20.0,270.0,0.64
VWAP_ALIGN,2020-06-22,2020-06-22 09:41:00,LONG,20.0,270.0,0.64
VWAP_ALIGN,2020-06-23,2020-06-23 09:09:00,LONG,20.0,270.0,0.64
VWAP_ALIGN,2020-06-24,2020-06-24 09:08:00,SHORT,20.0,270.0,0.64
VWAP_ALIGN,2020-06-25,2020-06-25 09:02:00,SHORT,20.0,270.0,0.64
VWAP_ALIGN,2020-06-29,2020-06-29 09:29:00,LONG,20.0,270.0,0.64
VWAP_ALIGN,2020-07-01,2020-07-01 09:08:00,LONG,-20.0,230.0,0.62
VWAP_ALIGN,2020-07-02,2020-07-02 09:03:00,SHORT,20.0,230.0,0.62
VWAP_ALIGN,2020-07-06,2020-07-06 09:02:00,LONG,20.0,270.0,0.64
VWAP_ALIGN,2020-07-07,2020-07-07 09:06:00,LONG,20.0,310.0,0.66
VWAP_ALIGN,2020-07-08,2020-07-08 09:14:00,SHORT,20.0,310.0,0.66
VWAP_ALIGN,2020-07-10,2020-07-10 09:39:00,LONG,-20.0,310.0,0.66
VWAP_ALIGN,2020-07-13,2020-07-13 09:02:00,LONG,20.0,310.0,0.66
VWAP_ALIGN,2020-07-14,2020-07-14 09:34:00,LONG,20.0,310.0,0.66
VWAP_ALIGN,2020-07-15,2020-07-15 09:02:00,SHORT,20.0,350.0,0.68
VWAP_ALIGN,2020-07-16,2020-07-16 09:01:00,SHORT,20.0,350.0,0.68
VWAP_ALIGN,2020-07-17,2020-07-17 09:03:00,LONG,20.0,350.0,0.68
VWAP_ALIGN,2020-07-20,2020-07-20 09:17:00,LONG,20.0,390.0,0.7
VWAP_ALIGN,2020-07-21,2020-07-21 09:48:00,SHORT,20.0,430.0,0.72
VWAP_ALIGN,2020-07-22,2020-07-22 09:16:00,SHORT,-20.0,390.0,0.7
VWAP_ALIGN,2020-07-23,2020-07-23 09:04:00,SHORT,20.0,390.0,0.7
VWAP_ALIGN,2020-07-24,2020-07-24 09:24:00,LONG,20.0,390.0,0.7
VWAP_ALIGN,2020-07-27,2020-07-27 09:19:00,SHORT,20.0,390.0,0.7
VWAP_ALIGN,2020-07-28,2020-07-28 09:33:00,LONG,20.0,390.0,0.7
VWAP_ALIGN,2020-07-29,2020-07-29 10:22:00,SHORT,-8.75,361.25,0.68
VWAP_ALIGN,2020-07-30,2020-07-30 09:03:00,LONG,20.0,361.25,0.68
VWAP_ALIGN,2020-07-31,2020-07-31 10:44:00,SHORT,20.0,361.25,0.68
VWAP_ALIGN,2020-08-03,2020-08-03 09:13:00,LONG,16.25,397.5,0.7
VWAP_ALIGN,2020-08-04,2020-08-04 09:02:00,SHORT,20.0,437.5,0.72
VWAP_ALIGN,2020-08-05,2020-08-05 09:04:00,LONG,-20.0,397.5,0.7
VWAP_ALIGN,2020-08-06,2020-08-06 10:08:00,LONG,20.0,397.5,0.7
VWAP_ALIGN,2020-08-07,2020-08-07 09:17:00,SHORT,20.0,437.5,0.72
VWAP_ALIGN,2020-08-11,2020-08-11 09:51:00,LONG,20.0,477.5,0.74
VWAP_ALIGN,2020-08-12,2020-08-12 09:19:00,LONG,20.0,477.5,0.74
VWAP_ALIGN,2020-08-13,2020-08-13 09:02:00,LONG,-20.0,437.5,0.72
VWAP_ALIGN,2020-08-14,2020-08-14 09:35:00,LONG,-20.0,397.5,0.7
VWAP_ALIGN,2020-08-18,2020-08-18 09:08:00,LONG,20.0,397.5,0.7
VWAP_ALIGN,2020-08-19,2020-08-19 09:01:00,LONG,-20.0,397.5,0.7
VWAP_ALIGN,2020-08-20,2020-08-20 09:35:00,LONG,20.0,437.5,0.72
VWAP_ALIGN,2020-08-24,2020-08-24 10:16:00,LONG,-20.0,437.5,0.72
VWAP_ALIGN,2020-08-25,2020-08-25 09:02:00,LONG,20.0,437.5,0.72
VWAP_ALIGN,2020-08-26,2020-08-26 09:01:00,LONG,20.0,437.5,0.72
VWAP_ALIGN,2020-08-27,2020-08-27 09:11:00,LONG,-20.0,397.5,0.7
VWAP_ALIGN,2020-08-28,2020-08-28 11:13:00,SHORT,12.25,399.75,0.7
VWAP_ALIGN,2020-08-31,2020-08-31 09:03:00,LONG,-20.0,399.75,0.7
VWAP_ALIGN,2020-09-02,2020-09-02 09:10:00,SHORT,20.0,439.75,0.72
VWAP_ALIGN,2020-09-07,2020-09-07 09:02:00,LONG,-20.0,439.75,0.72
VWAP_ALIGN,2020-09-09,2020-09-09 09:01:00,LONG,20.0,479.75,0.74
VWAP_ALIGN,2020-09-11,2020-09-11 09:32:00,SHORT,20.0,479.75,0.74
VWAP_ALIGN,2020-09-15,2020-09-15 09:06:00,LONG,20.0,519.75,0.76
VWAP_ALIGN,2020-09-16,2020-09-16 11:26:00,SHORT,3.75,503.5,0.76
VWAP_ALIGN,2020-09-17,2020-09-17 09:07:00,LONG,-20.0,463.5,0.74
VWAP_ALIGN,2020-09-18,2020-09-18 09:01:00,SHORT,-20.0,423.5,0.72
VWAP_ALIGN,2020-09-22,2020-09-22 09:03:00,SHORT,20.0,423.5,0.72
VWAP_ALIGN,2020-09-23,2020-09-23 09:31:00,SHORT,20.0,423.5,0.72
VWAP_ALIGN,2020-09-25,2020-09-25 09:13:00,LONG,20.0,423.5,0.72
VWAP_ALIGN,2020-09-28,2020-09-28 10:17:00,SHORT,-20.0,423.5,0.72
VWAP_ALIGN,2020-09-29,2020-09-29 09:39:00,LONG,-20.0,383.5,0.7
VWAP_ALIGN,2020-09-30,2020-09-30 09:27:00,LONG,-20.0,343.5,0.68
VWAP_ALIGN,2020-10-01,2020-10-01 09:12:00,SHORT,-20.0,303.5,0.66
VWAP_ALIGN,2020-10-02,2020-10-02 09:26:00,SHORT,20.0,303.5,0.66
VWAP_ALIGN,2020-10-05,2020-10-05 09:21:00,LONG,-20.0,303.5,0.66
VWAP_ALIGN,2020-10-06,2020-10-06 09:09:00,SHORT,20.0,303.5,0.66
VWAP_ALIGN,2020-10-07,2020-10-07 09:04:00,LONG,20.0,303.5,0.66
VWAP_ALIGN,2020-10-08,2020-10-08 09:06:00,LONG,-20.0,263.5,0.64
VWAP_ALIGN,2020-10-09,2020-10-09 09:04:00,LONG,20.0,263.5,0.64
VWAP_ALIGN,2020-10-12,2020-10-12 09:01:00,LONG,20.0,263.5,0.64
VWAP_ALIGN,2020-10-13,2020-10-13 09:08:00,LONG,20.0,263.5,0.64
VWAP_ALIGN,2020-10-14,2020-10-14 09:46:00,SHORT,20.0,263.5,0.64
VWAP_ALIGN,2020-10-15,2020-10-15 09:29:00,LONG,20.0,303.5,0.66
VWAP_ALIGN,2020-10-19,2020-10-19 10:25:00,SHORT,-20.0,263.5,0.64
VWAP_ALIGN,2020-10-20,2020-10-20 09:09:00,SHORT,-20.0,223.5,0.62
VWAP_ALIGN,2020-10-21,2020-10-21 09:09:00,SHORT,20.0,223.5,0.62
VWAP_ALIGN,2020-10-23,2020-10-23 09:12:00,LONG,-20.0,183.5,0.6
VWAP_ALIGN,2020-10-27,2020-10-27 09:18:00,LONG,-20.0,172.25,0.6
VWAP_ALIGN,2020-10-28,2020-10-28 09:32:00,SHORT,-20.0,132.25,0.58
VWAP_ALIGN,2020-10-29,2020-10-29 09:15:00,LONG,20.0,132.25,0.58
VWAP_ALIGN,2020-10-30,2020-10-30 09:40:00,SHORT,-20.0,96.0,0.56
VWAP_ALIGN,2020-11-02,2020-11-02 10:12:00,SHORT,20.0,96.0,0.56
VWAP_ALIGN,2020-11-03,2020-11-03 09:01:00,LONG,20.0,136.0,0.58
VWAP_ALIGN,2020-11-05,2020-11-05 09:02:00,LONG,20.0,136.0,0.58
VWAP_ALIGN,2020-11-12,2020-11-12 09:42:00,LONG,-20.0,96.0,0.56
VWAP_ALIGN,2020-11-13,2020-11-13 09:02:00,SHORT,20.0,96.0,0.56
VWAP_ALIGN,2020-11-16,2020-11-16 09:23:00,LONG,20.0,96.0,0.56
VWAP_ALIGN,2020-11-18,2020-11-18 10:56:00,LONG,20.0,136.0,0.58
VWAP_ALIGN,2020-11-19,2020-11-19 10:07:00,LONG,20.0,176.0,0.6
VWAP_ALIGN,2020-11-20,2020-11-20 09:23:00,LONG,20.0,176.0,0.6
VWAP_ALIGN,2020-11-23,2020-11-23 09:07:00,SHORT,20.0,216.0,0.62
VWAP_ALIGN,2020-11-25,2020-11-25 09:05:00,SHORT,20.0,216.0,0.62
VWAP_ALIGN,2020-11-26,2020-11-26 09:19:00,SHORT,20.0,256.0,0.64
VWAP_ALIGN,2020-11-27,2020-11-27 09:10:00,LONG,20.0,256.0,0.64
VWAP_ALIGN,2020-11-30,2020-11-30 09:28:00,SHORT,20.0,256.0,0.64
VWAP_ALIGN,2020-12-01,2020-12-01 09:01:00,LONG,20.0,296.0,0.66
VWAP_ALIGN,2020-12-02,2020-12-02 09:13:00,LONG,20.0,303.75,0.66
VWAP_ALIGN,2020-12-03,2020-12-03 09:04:00,LONG,20.0,343.75,0.68
VWAP_ALIGN,2020-12-04,2020-12-04 09:05:00,LONG,-20.0,303.75,0.66
VWAP_ALIGN,2020-12-07,2020-12-07 09:01:00,LONG,20.0,343.75,0.68
VWAP_ALIGN,2020-12-08,2020-12-08 09:20:00,SHORT,20.0,343.75,0.68
VWAP_ALIGN,2020-12-09,2020-12-09 09:16:00,SHORT,-20.0,303.75,0.66
VWAP_ALIGN,2020-12-11,2020-12-11 09:13:00,LONG,-20.0,263.75,0.64
VWAP_ALIGN,2020-12-14,2020-12-14 09:13:00,LONG,20.0,280.0,0.64
VWAP_ALIGN,2020-12-15,2020-12-15 09:39:00,SHORT,20.0,320.0,0.66
VWAP_ALIGN,2020-12-16,2020-12-16 09:36:00,LONG,20.0,360.0,0.68
VWAP_ALIGN,2020-12-17,2020-12-17 09:04:00,SHORT,20.0,360.0,0.68
VWAP_ALIGN,2020-12-18,2020-12-18 09:02:00,SHORT,20.0,360.0,0.68
VWAP_ALIGN,2020-12-21,2020-12-21 10:32:00,SHORT,-20.0,320.0,0.66
VWAP_ALIGN,2020-12-22,2020-12-22 10:02:00,SHORT,-20.0,320.0,0.66
VWAP_ALIGN,2020-12-24,2020-12-24 09:26:00,LONG,-20.0,320.0,0.66
VWAP_ALIGN,2020-12-28,2020-12-28 09:06:00,SHORT,20.0,360.0,0.68
VWAP_ALIGN,2020-12-29,2020-12-29 09:11:00,SHORT,20.0,400.0,0.7
VWAP_ALIGN,2020-12-30,2020-12-30 09:12:00,SHORT,20.0,400.0,0.7
VWAP_ALIGN,2021-01-04,2021-01-04 09:12:00,SHORT,-20.0,400.0,0.7
VWAP_ALIGN,2021-01-05,2021-01-05 09:04:00,LONG,-20.0,360.0,0.68
VWAP_ALIGN,2021-01-06,2021-01-06 09:12:00,LONG,20.0,360.0,0.68
VWAP_ALIGN,2021-01-07,2021-01-07 09:01:00,LONG,20.0,400.0,0.7
VWAP_ALIGN,2021-01-08,2021-01-08 09:27:00,SHORT,20.0,400.0,0.7
VWAP_ALIGN,2021-01-11,2021-01-11 09:18:00,LONG,20.0,400.0,0.7
VWAP_ALIGN,2021-01-12,2021-01-12 11:05:00,SHORT,20.0,400.0,0.7
VWAP_ALIGN,2021-01-13,2021-01-13 09:35:00,LONG,20.0,400.0,0.7
VWAP_ALIGN,2021-01-14,2021-01-14 09:45:00,LONG,-20.0,360.0,0.68
VWAP_ALIGN,2021-01-18,2021-01-18 11:06:00,LONG,-8.0,372.0,0.68
VWAP_ALIGN,2021-01-19,2021-01-19 10:18:00,SHORT,-20.0,372.0,0.68
VWAP_ALIGN,2021-01-20,2021-01-20 09:08:00,LONG,20.0,372.0,0.68
VWAP_ALIGN,2021-01-21,2021-01-21 09:11:00,LONG,20.0,412.0,0.7
VWAP_ALIGN,2021-01-25,2021-01-25 09:44:00,SHORT,20.0,452.0,0.72
VWAP_ALIGN,2021-01-26,2021-01-26 09:49:00,LONG,20.0,492.0,0.74
VWAP_ALIGN,2021-02-02,2021-02-02 09:19:00,LONG,-20.0,452.0,0.72
VWAP_ALIGN,2021-02-03,2021-02-03 09:11:00,SHORT,20.0,492.0,0.74
VWAP_ALIGN,2021-02-04,2021-02-04 09:04:00,SHORT,-20.0,452.0,0.72
VWAP_ALIGN,2021-02-05,2021-02-05 09:02:00,SHORT,-20.0,412.0,0.7
VWAP_ALIGN,2021-02-08,2021-02-08 09:05:00,LONG,-20.0,372.0,0.68
VWAP_ALIGN,2021-02-09,2021-02-09 09:01:00,LONG,20.0,412.0,0.7
VWAP_ALIGN,2021-02-10,2021-02-10 09:13:00,SHORT,20.0,412.0,0.7
VWAP_ALIGN,2021-02-11,2021-02-11 10:43:00,LONG,-20.0,372.0,0.68
VWAP_ALIGN,2021-02-12,2021-02-12 09:14:00,LONG,-20.0,332.0,0.66
VWAP_ALIGN,2021-02-16,2021-02-16 09:32:00,LONG,-20.0,292.0,0.64
VWAP_ALIGN,2021-02-17,2021-02-17 09:22:00,SHORT,20.0,292.0,0.64
VWAP_ALIGN,2021-02-18,2021-02-18 09:06:00,SHORT,20.0,292.0,0.64
VWAP_ALIGN,2021-02-19,2021-02-19 09:19:00,SHORT,-20.0,252.0,0.62
VWAP_ALIGN,2021-02-22,2021-02-22 09:24:00,SHORT,20.0,252.0,0.62
VWAP_ALIGN,2021-02-24,2021-02-24 09:02:00,SHORT,20.0,252.0,0.62
VWAP_ALIGN,2021-02-25,2021-02-25 09:04:00,SHORT,20.0,252.0,0.62
VWAP_ALIGN,2021-03-01,2021-03-01 09:17:00,LONG,20.0,252.0,0.62
VWAP_ALIGN,2021-03-11,2021-03-11 09:20:00,SHORT,-20.0,212.0,0.6
VWAP_ALIGN,2021-03-12,2021-03-12 09:52:00,SHORT,20.0,212.0,0.6
VWAP_ALIGN,2021-03-15,2021-03-15 09:07:00,LONG,-20.0,212.0,0.6
VWAP_ALIGN,2021-03-17,2021-03-17 09:02:00,SHORT,-20.0,172.0,0.58
VWAP_ALIGN,2021-03-18,2021-03-18 10:15:00,LONG,-20.0,132.0,0.56
VWAP_ALIGN,2021-03-19,2021-03-19 09:03:00,LONG,-20.0,132.0,0.56
VWAP_ALIGN,2021-03-22,2021-03-22 09:11:00,LONG,20.0,172.0,0.58
VWAP_ALIGN,2021-03-23,2021-03-23 09:05:00,LONG,20.0,172.0,0.58
VWAP_ALIGN,2021-03-24,2021-03-24 09:03:00,LONG,20.0,172.0,0.58
VWAP_ALIGN,2021-03-26,2021-03-26 09:17:00,SHORT,20.0,172.0,0.58
VWAP_ALIGN,2021-03-29,2021-03-29 09:54:00,LONG,-20.0,132.0,0.56
VWAP_ALIGN,2021-03-30,2021-03-30 09:10:00,LONG,20.0,132.0,0.56
VWAP_ALIGN,2021-03-31,2021-03-31 10:01:00,LONG,20.0,172.0,0.58
VWAP_ALIGN,2021-04-05,2021-04-05 09:33:00,LONG,20.0,212.0,0.6
VWAP_ALIGN,2021-04-06,2021-04-06 09:11:00,LONG,20.0,252.0,0.62
VWAP_ALIGN,2021-04-07,2021-04-07 09:05:00,LONG,-20.0,212.0,0.6
VWAP_ALIGN,2021-04-08,2021-04-08 09:16:00,SHORT,-20.0,172.0,0.58
VWAP_ALIGN,2021-04-09,2021-04-09 09:05:00,SHORT,-20.0,132.0,0.56
VWAP_ALIGN,2021-04-12,2021-04-12 09:04:00,LONG,-20.0,132.0,0.56
VWAP_ALIGN,2021-04-13,2021-04-13 11:27:00,LONG,-2.0,150.0,0.56
VWAP_ALIGN,2021-04-14,2021-04-14 09:03:00,SHORT,20.0,150.0,0.56
VWAP_ALIGN,2021-04-15,2021-04-15 09:04:00,LONG,-20.0,110.0,0.54
VWAP_ALIGN,2021-04-16,2021-04-16 10:08:00,LONG,-6.0,84.0,0.52
VWAP_ALIGN,2021-04-19,2021-04-19 10:03:00,SHORT,-20.0,44.0,0.5
VWAP_ALIGN,2021-04-20,2021-04-20 09:57:00,SHORT,20.0,44.0,0.5
VWAP_ALIGN,2021-04-21,2021-04-21 09:13:00,LONG,20.0,44.0,0.5
VWAP_ALIGN,2021-04-22,2021-04-22 09:59:00,SHORT,-20.0,44.0,0.5
VWAP_ALIGN,2021-04-23,2021-04-23 09:10:00,LONG,20.0,72.0,0.52
VWAP_ALIGN,2021-04-26,2021-04-26 09:11:00,LONG,-20.0,72.0,0.52
VWAP_ALIGN,2021-04-27,2021-04-27 10:53:00,LONG,0.25,52.25,0.52
VWAP_ALIGN,2021-04-28,2021-04-28 09:46:00,SHORT,20.0,52.25,0.52
VWAP_ALIGN,2021-04-29,2021-04-29 09:56:00,SHORT,20.0,52.25,0.52
VWAP_ALIGN,2021-04-30,2021-04-30 09:02:00,SHORT,20.0,52.25,0.52
VWAP_ALIGN,2021-05-03,2021-05-03 09:04:00,SHORT,20.0,92.25,0.54
VWAP_ALIGN,2021-05-04,2021-05-04 09:05:00,SHORT,20.0,92.25,0.54
VWAP_ALIGN,2021-05-05,2021-05-05 09:05:00,LONG,-20.0,92.25,0.54
VWAP_ALIGN,2021-05-06,2021-05-06 09:14:00,SHORT,-20.0,92.25,0.54
VWAP_ALIGN,2021-05-07,2021-05-07 10:57:00,SHORT,20.0,132.25,0.56
VWAP_ALIGN,2021-05-12,2021-05-12 09:50:00,SHORT,20.0,132.25,0.56
VWAP_ALIGN,2021-05-14,2021-05-14 09:13:00,LONG,20.0,132.25,0.56
VWAP_ALIGN,2021-05-17,2021-05-17 09:12:00,SHORT,-20.0,132.25,0.56
VWAP_ALIGN,2021-05-18,2021-05-18 10:26:00,SHORT,20.0,172.25,0.58
VWAP_ALIGN,2021-05-19,2021-05-19 09:10:00,LONG,20.0,212.25,0.6
VWAP_ALIGN,2021-05-20,2021-05-20 09:26:00,LONG,20.0,212.25,0.6
VWAP_ALIGN,2021-05-21,2021-05-21 09:29:00,SHORT,-20.0,172.25,0.58
VWAP_ALIGN,2021-05-24,2021-05-24 09:18:00,LONG,-20.0,172.25,0.58
VWAP_ALIGN,2021-05-25,2021-05-25 09:26:00,SHORT,20.0,172.25,0.58
VWAP_ALIGN,2021-05-26,2021-05-26 09:15:00,LONG,-20.0,132.25,0.56
VWAP_ALIGN,2021-05-28,2021-05-28 09:35:00,LONG,20.0,132.25,0.56
VWAP_ALIGN,2021-06-02,2021-06-02 10:23:00,SHORT,20.0,132.25,0.56
VWAP_ALIGN,2021-06-03,2021-06-03 09:01:00,LONG,20.0,172.25,0.58
VWAP_ALIGN,2021-06-04,2021-06-04 09:19:00,LONG,8.5,160.75,0.58
VWAP_ALIGN,2021-06-07,2021-06-07 10:08:00,LONG,-1.5,179.25,0.58
VWAP_ALIGN,2021-06-08,2021-06-08 09:14:00,SHORT,20.0,219.25,0.6
VWAP_ALIGN,2021-06-09,2021-06-09 09:53:00,SHORT,-20.0,219.25,0.6
VWAP_ALIGN,2021-06-11,2021-06-11 09:03:00,SHORT,-20.0,219.25,0.6
VWAP_ALIGN,2021-06-14,2021-06-14 09:02:00,LONG,20.0,219.25,0.6
VWAP_ALIGN,2021-06-15,2021-06-15 09:30:00,SHORT,20.0,219.25,0.6
VWAP_ALIGN,2021-06-16,2021-06-16 09:08:00,SHORT,20.0,219.25,0.6
VWAP_ALIGN,2021-06-17,2021-06-17 10:09:00,LONG,-20.0,179.25,0.58
VWAP_ALIGN,2021-06-18,2021-06-18 09:10:00,SHORT,20.0,219.25,0.6
VWAP_ALIGN,2021-06-21,2021-06-21 09:04:00,LONG,-20.0,179.25,0.58
VWAP_ALIGN,2021-06-22,2021-06-22 09:10:00,LONG,20.0,179.25,0.58
VWAP_ALIGN,2021-06-23,2021-06-23 09:03:00,SHORT,-20.0,139.25,0.56
VWAP_ALIGN,2021-06-24,2021-06-24 10:14:00,LONG,-20.0,99.25,0.54
VWAP_ALIGN,2021-06-25,2021-06-25 10:25:00,SHORT,5.75,125.0,0.56
VWAP_ALIGN,2021-06-28,2021-06-28 10:26:00,LONG,-20.0,125.0,0.56
VWAP_ALIGN,2021-06-29,2021-06-29 10:20:00,LONG,20.0,165.0,0.58
VWAP_ALIGN,2021-06-30,2021-06-30 10:25:00,SHORT,20.0,205.0,0.6
VWAP_ALIGN,2021-07-01,2021-07-01 09:07:00,SHORT,20.0,227.0,0.62
VWAP_ALIGN,2021-07-02,2021-07-02 09:37:00,LONG,20.0,227.0,0.62
VWAP_ALIGN,2021-07-06,2021-07-06 09:47:00,SHORT,20.0,267.0,0.64
VWAP_ALIGN,2021-07-07,2021-07-07 09:50:00,LONG,20.0,293.0,0.66
VWAP_ALIGN,2021-07-08,2021-07-08 09:01:00,SHORT,-20.0,293.0,0.66
VWAP_ALIGN,2021-07-09,2021-07-09 09:01:00,LONG,20.0,293.0,0.66
VWAP_ALIGN,2021-07-12,2021-07-12 09:02:00,LONG,-20.0,253.0,0.64
VWAP_ALIGN,2021-07-13,2021-07-13 09:20:00,LONG,20.0,293.0,0.66
VWAP_ALIGN,2021-07-14,2021-07-14 09:28:00,SHORT,20.0,293.0,0.66
VWAP_ALIGN,2021-07-15,2021-07-15 10:08:00,SHORT,20.0,333.0,0.68
VWAP_ALIGN,2021-07-16,2021-07-16 09:05:00,SHORT,20.0,352.75,0.68
VWAP_ALIGN,2021-07-19,2021-07-19 09:26:00,LONG,20.0,352.75,0.68
VWAP_ALIGN,2021-07-20,2021-07-20 09:12:00,LONG,20.0,352.75,0.68
VWAP_ALIGN,2021-07-21,2021-07-21 09:01:00,LONG,-20.0,312.75,0.66
VWAP_ALIGN,2021-07-22,2021-07-22 11:01:00,SHORT,-11.5,281.25,0.64
VWAP_ALIGN,2021-07-23,2021-07-23 09:03:00,LONG,20.0,281.25,0.64
VWAP_ALIGN,2021-07-26,2021-07-26 09:57:00,LONG,-20.0,281.25,0.64
VWAP_ALIGN,2021-07-27,2021-07-27 09:17:00,SHORT,20.0,321.25,0.66
VWAP_ALIGN,2021-07-28,2021-07-28 09:52:00,SHORT,-20.0,281.25,0.64
VWAP_ALIGN,2021-07-29,2021-07-29 09:07:00,LONG,-20.0,241.25,0.62
VWAP_ALIGN,2021-07-30,2021-07-30 10:19:00,LONG,20.0,241.25,0.62
VWAP_ALIGN,2021-08-02,2021-08-02 09:08:00,LONG,20.0,281.25,0.64
VWAP_ALIGN,2021-08-03,2021-08-03 09:25:00,SHORT,-20.0,241.25,0.62
VWAP_ALIGN,2021-08-04,2021-08-04 09:05:00,LONG,-20.0,201.25,0.6
VWAP_ALIGN,2021-08-05,2021-08-05 09:01:00,LONG,-12.75,168.5,0.58
VWAP_ALIGN,2021-08-06,2021-08-06 09:11:00,SHORT,-20.0,168.5,0.58
VWAP_ALIGN,2021-08-09,2021-08-09 09:14:00,SHORT,-20.0,168.5,0.58
VWAP_ALIGN,2021-08-10,2021-08-10 09:13:00,SHORT,-20.0,128.5,0.56
VWAP_ALIGN,2021-08-11,2021-08-11 09:01:00,SHORT,20.0,168.5,0.58
VWAP_ALIGN,2021-08-12,2021-08-12 09:32:00,LONG,-20.0,128.5,0.56
VWAP_ALIGN,2021-08-17,2021-08-17 09:26:00,SHORT,20.0,128.5,0.56
VWAP_ALIGN,2021-08-18,2021-08-18 09:12:00,SHORT,20.0,128.5,0.56
VWAP_ALIGN,2021-08-19,2021-08-19 09:02:00,LONG,20.0,140.0,0.56
VWAP_ALIGN,2021-08-23,2021-08-23 09:01:00,LONG,20.0,161.5,0.58
VWAP_ALIGN,2021-08-24,2021-08-24 09:27:00,SHORT,20.0,161.5,0.58
VWAP_ALIGN,2021-08-25,2021-08-25 10:57:00,LONG,-20.0,161.5,0.58
VWAP_ALIGN,2021-08-26,2021-08-26 09:02:00,SHORT,-20.0,161.5,0.58
VWAP_ALIGN,2021-08-27,2021-08-27 10:06:00,LONG,14.25,155.75,0.58
VWAP_ALIGN,2021-08-31,2021-08-31 09:21:00,LONG,20.0,155.75,0.58
VWAP_ALIGN,2021-09-02,2021-09-02 09:09:00,SHORT,-20.0,115.75,0.56
VWAP_ALIGN,2021-09-03,2021-09-03 09:16:00,LONG,20.0,155.75,0.58
VWAP_ALIGN,2021-09-07,2021-09-07 10:14:00,LONG,20.0,155.75,0.58
VWAP_ALIGN,2021-09-08,2021-09-08 09:52:00,SHORT,-20.0,155.75,0.58
VWAP_ALIGN,2021-09-10,2021-09-10 09:28:00,SHORT,20.0,155.75,0.58
VWAP_ALIGN,2021-09-13,2021-09-13 09:18:00,SHORT,-20.0,155.75,0.58
VWAP_ALIGN,2021-09-14,2021-09-14 09:36:00,LONG,20.0,195.75,0.6
VWAP_ALIGN,2021-09-15,2021-09-15 10:25:00,LONG,20.0,210.0,0.6
VWAP_ALIGN,2021-09-16,2021-09-16 09:20:00,SHORT,-20.0,210.0,0.6
VWAP_ALIGN,2021-09-17,2021-09-17 09:05:00,SHORT,20.0,210.0,0.6
VWAP_ALIGN,2021-09-20,2021-09-20 09:02:00,SHORT,-20.0,170.0,0.58
VWAP_ALIGN,2021-09-21,2021-09-21 09:19:00,LONG,20.0,170.0,0.58
VWAP_ALIGN,2021-09-22,2021-09-22 09:01:00,LONG,20.0,170.0,0.58
VWAP_ALIGN,2021-09-24,2021-09-24 09:53:00,LONG,20.0,170.0,0.58
VWAP_ALIGN,2021-09-27,2021-09-27 09:26:00,SHORT,20.0,170.0,0.58
VWAP_ALIGN,2021-09-28,2021-09-28 09:02:00,SHORT,20.0,210.0,0.6
VWAP_ALIGN,2021-09-29,2021-09-29 09:23:00,SHORT,20.0,210.0,0.6
VWAP_ALIGN,2021-09-30,2021-09-30 09:39:00,SHORT,20.0,250.0,0.62
VWAP_ALIGN,2021-10-01,2021-10-01 09:13:00,LONG,20.0,250.0,0.62
VWAP_ALIGN,2021-10-04,2021-10-04 09:38:00,SHORT,-20.0,210.0,0.6
VWAP_ALIGN,2021-10-05,2021-10-05 09:01:00,LONG,20.0,210.0,0.6
VWAP_ALIGN,2021-10-06,2021-10-06 11:25:00,SHORT,-20.0,170.0,0.58
VWAP_ALIGN,2021-10-07,2021-10-07 09:58:00,LONG,-20.0,130.0,0.56
VWAP_ALIGN,2021-10-12,2021-10-12 09:09:00,LONG,-20.0,90.0,0.54
VWAP_ALIGN,2021-10-13,2021-10-13 09:50:00,LONG,-20.0,90.0,0.54
VWAP_ALIGN,2021-10-14,2021-10-14 09:40:00,LONG,20.0,121.5,0.56
VWAP_ALIGN,2021-10-15,2021-10-15 09:01:00,LONG,-20.0,81.5,0.54
VWAP_ALIGN,2021-10-18,2021-10-18 09:01:00,LONG,20.0,121.5,0.56
VWAP_ALIGN,2021-10-19,2021-10-19 09:01:00,LONG,16.75,118.25,0.56
VWAP_ALIGN,2021-10-20,2021-10-20 09:02:00,SHORT,20.0,158.25,0.58
VWAP_ALIGN,2021-10-22,2021-10-22 09:06:00,SHORT,20.0,198.25,0.6
VWAP_ALIGN,2021-10-25,2021-10-25 09:12:00,LONG,20.0,198.25,0.6
VWAP_ALIGN,2021-10-27,2021-10-27 10:01:00,LONG,20.0,198.25,0.6
VWAP_ALIGN,2021-10-28,2021-10-28 09:44:00,LONG,-20.0,198.25,0.6
VWAP_ALIGN,2021-10-29,2021-10-29 09:09:00,LONG,20.0,238.25,0.62
VWAP_ALIGN,2021-11-01,2021-11-01 09:20:00,LONG,20.0,271.0,0.64
VWAP_ALIGN,2021-11-02,2021-11-02 09:47:00,LONG,-20.0,271.0,0.64
VWAP_ALIGN,2021-11-03,2021-11-03 09:45:00,LONG,15.25,306.25,0.66
VWAP_ALIGN,2021-11-05,2021-11-05 09:49:00,LONG,-20.0,306.25,0.66
VWAP_ALIGN,2021-11-08,2021-11-08 09:43:00,SHORT,-20.0,266.25,0.64
VWAP_ALIGN,2021-11-11,2021-11-11 09:22:00,SHORT,-20.0,266.25,0.64
VWAP_ALIGN,2021-11-12,2021-11-12 09:50:00,LONG,20.0,266.25,0.64
VWAP_ALIGN,2021-11-15,2021-11-15 09:14:00,SHORT,20.0,266.25,0.64
VWAP_ALIGN,2021-11-16,2021-11-16 10:09:00,LONG,20.0,266.25,0.64
VWAP_ALIGN,2021-11-17,2021-11-17 09:12:00,LONG,-20.0,226.25,0.62
VWAP_ALIGN,2021-11-18,2021-11-18 09:11:00,SHORT,20.0,226.25,0.62
VWAP_ALIGN,2021-11-19,2021-11-19 10:38:00,LONG,-20.0,226.25,0.62
VWAP_ALIGN,2021-11-22,2021-11-22 09:01:00,LONG,20.0,266.25,0.64
VWAP_ALIGN,2021-11-24,2021-11-24 09:02:00,LONG,20.0,272.0,0.64
VWAP_ALIGN,2021-11-25,2021-11-25 09:26:00,LONG,-20.0,232.0,0.62
VWAP_ALIGN,2021-11-29,2021-11-29 09:11:00,LONG,-20.0,232.0,0.62
VWAP_ALIGN,2021-11-30,2021-11-30 09:01:00,LONG,20.0,232.0,0.62
VWAP_ALIGN,2021-12-01,2021-12-01 09:02:00,LONG,20.0,232.0,0.62
VWAP_ALIGN,2021-12-07,2021-12-07 09:01:00,LONG,20.0,272.0,0.64
VWAP_ALIGN,2021-12-09,2021-12-09 09:11:00,SHORT,-20.0,232.0,0.62
VWAP_ALIGN,2021-12-13,2021-12-13 09:21:00,SHORT,20.0,272.0,0.64
VWAP_ALIGN,2021-12-15,2021-12-15 10:13:00,SHORT,20.0,272.0,0.64
VWAP_ALIGN,2021-12-20,2021-12-20 10:01:00,SHORT,20.0,272.0,0.64
VWAP_ALIGN,2021-12-22,2021-12-22 09:38:00,LONG,20.0,312.0,0.66
VWAP_ALIGN,2021-12-23,2021-12-23 09:01:00,LONG,20.0,312.0,0.66
VWAP_ALIGN,2021-12-27,2021-12-27 09:02:00,LONG,20.0,352.0,0.68
VWAP_ALIGN,2021-12-28,2021-12-28 09:14:00,SHORT,20.0,352.0,0.68
VWAP_ALIGN,2021-12-29,2021-12-29 09:11:00,SHORT,20.0,352.0,0.68
VWAP_ALIGN,2021-12-30,2021-12-30 09:06:00,LONG,20.0,352.0,0.68
VWAP_ALIGN,2021-12-31,2021-12-31 09:06:00,SHORT,-20.0,312.0,0.66
VWAP_ALIGN,2022-01-04,2022-01-04 09:01:00,SHORT,20.0,312.0,0.66
VWAP_ALIGN,2022-01-11,2022-01-11 09:04:00,LONG,20.0,312.0,0.66
VWAP_ALIGN,2022-01-12,2022-01-12 09:10:00,LONG,-20.0,272.0,0.64
VWAP_ALIGN,2022-01-13,2022-01-13 09:04:00,SHORT,20.0,272.0,0.64
VWAP_ALIGN,2022-01-18,2022-01-18 09:07:00,LONG,20.0,312.0,0.66
VWAP_ALIGN,2022-01-19,2022-01-19 09:36:00,SHORT,20.0,312.0,0.66
VWAP_ALIGN,2022-02-08,2022-02-08 09:07:00,SHORT,20.0,352.0,0.68
VWAP_ALIGN,2022-02-09,2022-02-09 10:01:00,LONG,-20.0,352.0,0.68
VWAP_ALIGN,2022-02-15,2022-02-15 09:42:00,LONG,20.0,392.0,0.7
VWAP_ALIGN,2022-02-17,2022-02-17 09:20:00,SHORT,20.0,432.0,0.72
VWAP_ALIGN,2022-02-21,2022-02-21 10:10:00,SHORT,20.0,432.0,0.72
VWAP_ALIGN,2022-03-01,2022-03-01 09:21:00,LONG,-20.0,432.0,0.72
VWAP_ALIGN,2022-03-02,2022-03-02 09:09:00,SHORT,20.0,432.0,0.72
VWAP_ALIGN,2022-03-10,2022-03-10 09:19:00,LONG,-20.0,395.25,0.7
VWAP_ALIGN,2022-03-15,2022-03-15 09:14:00,LONG,-20.0,355.25,0.68
VWAP_ALIGN,2022-03-17,2022-03-17 10:26:00,LONG,20.0,355.25,0.68
VWAP_ALIGN,2022-03-18,2022-03-18 09:03:00,LONG,20.0,355.25,0.68
VWAP_ALIGN,2022-03-22,2022-03-22 09:08:00,LONG,20.0,355.25,0.68
VWAP_ALIGN,2022-03-23,2022-03-23 09:03:00,LONG,-20.0,355.25,0.68
VWAP_ALIGN,2022-03-24,2022-03-24 09:02:00,LONG,20.0,355.25,0.68
VWAP_ALIGN,2022-03-25,2022-03-25 09:04:00,SHORT,20.0,355.25,0.68
VWAP_ALIGN,2022-03-28,2022-03-28 09:33:00,SHORT,20.0,395.25,0.7
VWAP_ALIGN,2022-03-29,2022-03-29 09:27:00,LONG,20.0,400.0,0.7
VWAP_ALIGN,2022-03-30,2022-03-30 09:03:00,SHORT,20.0,440.0,0.72
VWAP_ALIGN,2022-03-31,2022-03-31 10:12:00,SHORT,20.0,480.0,0.74
VWAP_ALIGN,2022-04-01,2022-04-01 09:30:00,SHORT,20.0,520.0,0.76
VWAP_ALIGN,2022-04-04,2022-04-04 09:02:00,LONG,20.0,520.0,0.76
VWAP_ALIGN,2022-04-05,2022-04-05 09:37:00,SHORT,20.0,520.0,0.76
VWAP_ALIGN,2022-04-06,2022-04-06 09:12:00,SHORT,-20.0,480.0,0.74
VWAP_ALIGN,2022-04-08,2022-04-08 09:01:00,LONG,20.0,520.0,0.76
VWAP_ALIGN,2022-04-12,2022-04-12 10:30:00,SHORT,20.0,520.0,0.76
VWAP_ALIGN,2022-04-13,2022-04-13 09:04:00,LONG,20.0,560.0,0.78
VWAP_ALIGN,2022-04-14,2022-04-14 10:00:00,SHORT,-20.0,520.0,0.76
VWAP_ALIGN,2022-04-19,2022-04-19 09:23:00,LONG,20.0,520.0,0.76
VWAP_ALIGN,2022-04-20,2022-04-20 09:10:00,SHORT,20.0,560.0,0.78
VWAP_ALIGN,2022-04-26,2022-04-26 09:01:00,SHORT,20.0,600.0,0.8
VWAP_ALIGN,2022-04-28,2022-04-28 09:45:00,LONG,20.0,600.0,0.8
VWAP_ALIGN,2022-04-29,2022-04-29 09:13:00,SHORT,-20.0,560.0,0.78
VWAP_ALIGN,2022-05-04,2022-05-04 09:03:00,SHORT,20.0,560.0,0.78
VWAP_ALIGN,2022-05-05,2022-05-05 09:14:00,SHORT,20.0,600.0,0.8
VWAP_ALIGN,2022-05-09,2022-05-09 09:05:00,SHORT,20.0,600.0,0.8
VWAP_ALIGN,2022-05-13,2022-05-13 09:28:00,LONG,-20.0,560.0,0.78
VWAP_ALIGN,2022-05-17,2022-05-17 10:06:00,LONG,20.0,560.0,0.78
VWAP_ALIGN,2022-05-18,2022-05-18 09:08:00,SHORT,20.0,560.0,0.78
VWAP_ALIGN,2022-05-19,2022-05-19 09:11:00,LONG,-20.0,520.0,0.76
VWAP_ALIGN,2022-05-23,2022-05-23 09:05:00,LONG,-20.0,480.0,0.74
VWAP_ALIGN,2022-05-24,2022-05-24 10:42:00,LONG,20.0,480.0,0.74
VWAP_ALIGN,2022-05-25,2022-05-25 10:49:00,SHORT,20.0,480.0,0.74
VWAP_ALIGN,2022-05-26,2022-05-26 09:28:00,LONG,20.0,480.0,0.74
VWAP_ALIGN,2022-05-27,2022-05-27 09:50:00,LONG,-20.0,480.0,0.74
VWAP_ALIGN,2022-05-30,2022-05-30 09:48:00,LONG,20.0,480.0,0.74
VWAP_ALIGN,2022-05-31,2022-05-31 09:04:00,LONG,-20.0,440.0,0.72
VWAP_ALIGN,2022-06-01,2022-06-01 09:21:00,SHORT,20.0,480.0,0.74
VWAP_ALIGN,2022-06-02,2022-06-02 09:01:00,LONG,20.0,480.0,0.74
VWAP_ALIGN,2022-06-03,2022-06-03 09:01:00,SHORT,20.0,480.0,0.74
VWAP_ALIGN,2022-06-08,2022-06-08 09:04:00,SHORT,-20.0,440.0,0.72
VWAP_ALIGN,2022-06-09,2022-06-09 09:04:00,SHORT,20.0,440.0,0.72
VWAP_ALIGN,2022-06-10,2022-06-10 09:05:00,SHORT,-20.0,440.0,0.72
VWAP_ALIGN,2022-06-13,2022-06-13 09:03:00,SHORT,20.0,440.0,0.72
VWAP_ALIGN,2022-06-14,2022-06-14 11:09:00,LONG,20.0,440.0,0.72
VWAP_ALIGN,2022-06-15,2022-06-15 09:56:00,LONG,20.0,440.0,0.72
VWAP_ALIGN,2022-06-17,2022-06-17 10:00:00,LONG,20.0,480.0,0.74
VWAP_ALIGN,2022-06-23,2022-06-23 09:16:00,LONG,-20.0,440.0,0.72
VWAP_ALIGN,2022-06-28,2022-06-28 09:19:00,SHORT,20.0,480.0,0.74
VWAP_ALIGN,2022-06-29,2022-06-29 09:23:00,SHORT,-20.0,480.0,0.74
VWAP_ALIGN,2022-06-30,2022-06-30 09:09:00,LONG,20.0,480.0,0.74
VWAP_ALIGN,2022-07-01,2022-07-01 09:09:00,LONG,20.0,480.0,0.74
VWAP_ALIGN,2022-07-06,2022-07-06 09:27:00,SHORT,20.0,480.0,0.74
VWAP_ALIGN,2022-07-07,2022-07-07 09:18:00,LONG,-20.0,480.0,0.74
VWAP_ALIGN,2022-07-08,2022-07-08 09:02:00,LONG,20.0,480.0,0.74
VWAP_ALIGN,2022-07-11,2022-07-11 09:03:00,SHORT,-20.0,440.0,0.72
VWAP_ALIGN,2022-07-12,2022-07-12 09:14:00,LONG,-20.0,400.0,0.7
VWAP_ALIGN,2022-07-14,2022-07-14 09:14:00,LONG,20.0,400.0,0.7
VWAP_ALIGN,2022-07-15,2022-07-15 09:10:00,LONG,20.0,400.0,0.7
VWAP_ALIGN,2022-07-18,2022-07-18 09:35:00,LONG,20.0,400.0,0.7
VWAP_ALIGN,2022-07-19,2022-07-19 09:01:00,LONG,20.0,400.0,0.7
VWAP_ALIGN,2022-07-20,2022-07-20 09:50:00,LONG,20.0,400.0,0.7
VWAP_ALIGN,2022-07-21,2022-07-21 09:02:00,LONG,20.0,400.0,0.7
VWAP_ALIGN,2022-07-22,2022-07-22 09:13:00,SHORT,20.0,440.0,0.72
VWAP_ALIGN,2022-07-25,2022-07-25 09:15:00,SHORT,-20.0,400.0,0.7
VWAP_ALIGN,2022-07-26,2022-07-26 09:27:00,SHORT,20.0,400.0,0.7
VWAP_ALIGN,2022-07-27,2022-07-27 09:01:00,LONG,20.0,400.0,0.7
VWAP_ALIGN,2022-07-29,2022-07-29 09:03:00,SHORT,20.0,440.0,0.72
VWAP_ALIGN,2022-08-03,2022-08-03 09:01:00,LONG,20.0,440.0,0.72
VWAP_ALIGN,2022-08-04,2022-08-04 09:51:00,LONG,20.0,440.0,0.72
VWAP_ALIGN,2022-08-05,2022-08-05 09:01:00,SHORT,20.0,440.0,0.72
VWAP_ALIGN,2022-08-08,2022-08-08 09:16:00,SHORT,20.0,440.0,0.72
VWAP_ALIGN,2022-08-09,2022-08-09 09:09:00,SHORT,-20.0,440.0,0.72
VWAP_ALIGN,2022-08-10,2022-08-10 09:01:00,LONG,20.0,440.0,0.72
VWAP_ALIGN,2022-08-11,2022-08-11 09:04:00,SHORT,20.0,440.0,0.72
VWAP_ALIGN,2022-08-12,2022-08-12 09:04:00,LONG,20.0,440.0,0.72
VWAP_ALIGN,2022-08-15,2022-08-15 09:12:00,SHORT,-20.0,440.0,0.72
VWAP_ALIGN,2022-08-17,2022-08-17 09:45:00,SHORT,-20.0,400.0,0.7
VWAP_ALIGN,2022-08-18,2022-08-18 09:23:00,LONG,20.0,400.0,0.7
VWAP_ALIGN,2022-08-19,2022-08-19 09:08:00,SHORT,-20.0,400.0,0.7
VWAP_ALIGN,2022-08-22,2022-08-22 09:11:00,SHORT,-20.0,400.0,0.7
VWAP_ALIGN,2022-08-23,2022-08-23 09:05:00,SHORT,-20.0,360.0,0.68
VWAP_ALIGN,2022-08-24,2022-08-24 11:09:00,LONG,-20.0,320.0,0.66
VWAP_ALIGN,2022-08-26,2022-08-26 09:03:00,SHORT,20.0,320.0,0.66
VWAP_ALIGN,2022-08-31,2022-08-31 09:01:00,SHORT,20.0,360.0,0.68
VWAP_ALIGN,2022-09-01,2022-09-01 09:03:00,SHORT,-20.0,320.0,0.66
VWAP_ALIGN,2022-09-07,2022-09-07 09:08:00,LONG,20.0,360.0,0.68
VWAP_ALIGN,2022-09-08,2022-09-08 10:05:00,SHORT,20.0,360.0,0.68
VWAP_ALIGN,2022-09-09,2022-09-09 09:38:00,LONG,-20.0,320.0,0.66
VWAP_ALIGN,2022-09-12,2022-09-12 10:31:00,SHORT,20.0,320.0,0.66
VWAP_ALIGN,2022-09-13,2022-09-13 09:08:00,SHORT,20.0,360.0,0.68
VWAP_ALIGN,2022-09-16,2022-09-16 09:03:00,SHORT,-20.0,320.0,0.66
VWAP_ALIGN,2022-09-19,2022-09-19 09:46:00,SHORT,20.0,360.0,0.68
VWAP_ALIGN,2022-09-20,2022-09-20 09:07:00,LONG,20.0,360.0,0.68
VWAP_ALIGN,2022-09-21,2022-09-21 10:35:00,LONG,-20.0,320.0,0.66
VWAP_ALIGN,2022-09-22,2022-09-22 09:15:00,SHORT,20.0,320.0,0.66
VWAP_ALIGN,2022-09-23,2022-09-23 09:45:00,SHORT,20.0,320.0,0.66
VWAP_ALIGN,2022-09-28,2022-09-28 09:21:00,LONG,20.0,360.0,0.68
VWAP_ALIGN,2022-09-30,2022-09-30 09:05:00,LONG,20.0,360.0,0.68
VWAP_ALIGN,2022-10-03,2022-10-03 11:21:00,LONG,20.0,400.0,0.7
VWAP_ALIGN,2022-10-06,2022-10-06 09:21:00,LONG,-20.0,360.0,0.68
VWAP_ALIGN,2022-10-07,2022-10-07 09:27:00,SHORT,20.0,360.0,0.68
VWAP_ALIGN,2022-10-11,2022-10-11 09:15:00,LONG,20.0,360.0,0.68
VWAP_ALIGN,2022-10-12,2022-10-12 09:21:00,LONG,-20.0,360.0,0.68
VWAP_ALIGN,2022-10-14,2022-10-14 09:46:00,SHORT,20.0,360.0,0.68
VWAP_ALIGN,2022-10-17,2022-10-17 09:47:00,LONG,20.0,400.0,0.7
VWAP_ALIGN,2022-10-18,2022-10-18 09:10:00,SHORT,20.0,440.0,0.72
VWAP_ALIGN,2022-10-19,2022-10-19 09:35:00,SHORT,-20.0,400.0,0.7
VWAP_ALIGN,2022-10-21,2022-10-21 09:03:00,SHORT,20.0,400.0,0.7
VWAP_ALIGN,2022-10-25,2022-10-25 09:07:00,LONG,20.0,400.0,0.7
VWAP_ALIGN,2022-10-26,2022-10-26 09:06:00,LONG,20.0,400.0,0.7
VWAP_ALIGN,2022-10-28,2022-10-28 09:10:00,LONG,20.0,400.0,0.7
VWAP_ALIGN,2022-10-31,2022-10-31 09:58:00,LONG,20.0,400.0,0.7
VWAP_ALIGN,2022-11-01,2022-11-01 09:41:00,SHORT,-20.0,360.0,0.68
VWAP_ALIGN,2022-11-02,2022-11-02 09:12:00,SHORT,20.0,400.0,0.7
VWAP_ALIGN,2022-11-03,2022-11-03 09:30:00,SHORT,20.0,400.0,0.7
VWAP_ALIGN,2022-11-08,2022-11-08 09:17:00,LONG,20.0,400.0,0.7
VWAP_ALIGN,2022-11-09,2022-11-09 09:41:00,SHORT,20.0,400.0,0.7
VWAP_ALIGN,2022-11-14,2022-11-14 09:08:00,LONG,20.0,400.0,0.7
VWAP_ALIGN,2022-11-15,2022-11-15 10:01:00,SHORT,-20.0,360.0,0.68
VWAP_ALIGN,2022-11-16,2022-11-16 09:16:00,SHORT,20.0,360.0,0.68
VWAP_ALIGN,2022-11-17,2022-11-17 09:35:00,LONG,20.0,360.0,0.68
VWAP_ALIGN,2022-11-18,2022-11-18 09:01:00,SHORT,20.0,400.0,0.7
VWAP_ALIGN,2022-11-21,2022-11-21 09:08:00,SHORT,20.0,400.0,0.7
VWAP_ALIGN,2022-11-22,2022-11-22 09:48:00,LONG,20.0,400.0,0.7
VWAP_ALIGN,2022-11-23,2022-11-23 09:06:00,LONG,20.0,400.0,0.7
VWAP_ALIGN,2022-11-28,2022-11-28 09:26:00,SHORT,-20.0,400.0,0.7
VWAP_ALIGN,2022-11-29,2022-11-29 09:50:00,LONG,-20.0,400.0,0.7
VWAP_ALIGN,2022-11-30,2022-11-30 11:20:00,SHORT,20.0,400.0,0.7
VWAP_ALIGN,2022-12-01,2022-12-01 09:50:00,SHORT,-20.0,400.0,0.7
VWAP_ALIGN,2022-12-02,2022-12-02 09:20:00,LONG,-20.0,400.0,0.7
VWAP_ALIGN,2022-12-05,2022-12-05 09:04:00,SHORT,20.0,440.0,0.72
VWAP_ALIGN,2022-12-09,2022-12-09 09:32:00,LONG,-20.0,440.0,0.72
VWAP_ALIGN,2022-12-14,2022-12-14 09:04:00,LONG,20.0,440.0,0.72
VWAP_ALIGN,2022-12-16,2022-12-16 09:07:00,SHORT,20.0,440.0,0.72
VWAP_ALIGN,2022-12-19,2022-12-19 09:03:00,SHORT,20.0,480.0,0.74
VWAP_ALIGN,2022-12-20,2022-12-20 09:02:00,LONG,20.0,480.0,0.74
VWAP_ALIGN,2022-12-21,2022-12-21 09:12:00,LONG,20.0,480.0,0.74
VWAP_ALIGN,2022-12-30,2022-12-30 09:48:00,LONG,20.0,520.0,0.76
VWAP_ALIGN,2023-01-04,2023-01-04 09:04:00,SHORT,20.0,520.0,0.76
VWAP_ALIGN,2023-01-09,2023-01-09 09:02:00,LONG,-20.0,480.0,0.74
VWAP_ALIGN,2023-01-10,2023-01-10 09:14:00,LONG,20.0,520.0,0.76
VWAP_ALIGN,2023-01-11,2023-01-11 09:22:00,LONG,20.0,520.0,0.76
VWAP_ALIGN,2023-01-13,2023-01-13 09:05:00,LONG,20.0,520.0,0.76
VWAP_ALIGN,2023-01-17,2023-01-17 09:01:00,LONG,20.0,560.0,0.78
VWAP_ALIGN,2023-01-18,2023-01-18 09:01:00,LONG,20.0,560.0,0.78
VWAP_ALIGN,2023-01-19,2023-01-19 09:52:00,SHORT,20.0,560.0,0.78
VWAP_ALIGN,2023-01-20,2023-01-20 09:06:00,LONG,-20.0,520.0,0.76
VWAP_ALIGN,2023-01-25,2023-01-25 09:14:00,SHORT,-20.0,480.0,0.74
VWAP_ALIGN,2023-01-27,2023-01-27 09:03:00,LONG,20.0,480.0,0.74
VWAP_ALIGN,2023-01-30,2023-01-30 09:04:00,LONG,-20.0,480.0,0.74
VWAP_ALIGN,2023-01-31,2023-01-31 09:30:00,LONG,20.0,480.0,0.74
VWAP_ALIGN,2023-02-01,2023-02-01 09:52:00,SHORT,20.0,480.0,0.74
VWAP_ALIGN,2023-02-06,2023-02-06 09:02:00,LONG,20.0,520.0,0.76
VWAP_ALIGN,2023-02-07,2023-02-07 09:09:00,SHORT,-20.0,480.0,0.74
VWAP_ALIGN,2023-02-08,2023-02-08 09:30:00,SHORT,20.0,480.0,0.74
VWAP_ALIGN,2023-02-09,2023-02-09 09:29:00,SHORT,20.0,480.0,0.74
VWAP_ALIGN,2023-02-10,2023-02-10 09:02:00,SHORT,20.0,520.0,0.76
VWAP_ALIGN,2023-02-13,2023-02-13 09:01:00,LONG,-20.0,480.0,0.74
VWAP_ALIGN,2023-02-15,2023-02-15 09:08:00,SHORT,-20.0,440.0,0.72
VWAP_ALIGN,2023-02-16,2023-02-16 09:27:00,LONG,20.0,440.0,0.72
VWAP_ALIGN,2023-02-21,2023-02-21 09:10:00,SHORT,20.0,440.0,0.72
VWAP_ALIGN,2023-02-22,2023-02-22 09:01:00,SHORT,20.0,440.0,0.72
VWAP_ALIGN,2023-02-23,2023-02-23 09:15:00,SHORT,20.0,480.0,0.74
VWAP_ALIGN,2023-02-24,2023-02-24 09:10:00,SHORT,20.0,480.0,0.74
VWAP_ALIGN,2023-02-27,2023-02-27 09:03:00,LONG,20.0,480.0,0.74
VWAP_ALIGN,2023-02-28,2023-02-28 09:04:00,LONG,-20.0,440.0,0.72
VWAP_ALIGN,2023-03-01,2023-03-01 09:37:00,SHORT,-20.0,400.0,0.7
VWAP_ALIGN,2023-03-02,2023-03-02 09:04:00,LONG,-20.0,360.0,0.68
VWAP_ALIGN,2023-03-03,2023-03-03 09:15:00,LONG,20.0,400.0,0.7
VWAP_ALIGN,2023-03-06,2023-03-06 09:10:00,LONG,20.0,400.0,0.7
VWAP_ALIGN,2023-03-07,2023-03-07 09:35:00,SHORT,20.0,400.0,0.7
VWAP_ALIGN,2023-03-08,2023-03-08 09:02:00,SHORT,20.0,400.0,0.7
VWAP_ALIGN,2023-03-09,2023-03-09 09:04:00,LONG,-20.0,360.0,0.68
VWAP_ALIGN,2023-03-14,2023-03-14 09:16:00,LONG,20.0,360.0,0.68
VWAP_ALIGN,2023-03-15,2023-03-15 09:08:00,LONG,20.0,360.0,0.68
VWAP_ALIGN,2023-03-17,2023-03-17 09:24:00,SHORT,20.0,400.0,0.7
VWAP_ALIGN,2023-03-20,2023-03-20 09:03:00,LONG,20.0,440.0,0.72
VWAP_ALIGN,2023-03-21,2023-03-21 09:15:00,LONG,-20.0,400.0,0.7
VWAP_ALIGN,2023-03-22,2023-03-22 09:39:00,LONG,-20.0,400.0,0.7
VWAP_ALIGN,2023-03-23,2023-03-23 09:01:00,LONG,20.0,440.0,0.72
VWAP_ALIGN,2023-03-24,2023-03-24 09:09:00,SHORT,20.0,440.0,0.72
VWAP_ALIGN,2023-03-27,2023-03-27 09:03:00,SHORT,20.0,480.0,0.74
VWAP_ALIGN,2023-03-29,2023-03-29 09:28:00,LONG,20.0,480.0,0.74
VWAP_ALIGN,2023-03-30,2023-03-30 10:42:00,SHORT,20.0,480.0,0.74
VWAP_ALIGN,2023-03-31,2023-03-31 09:22:00,LONG,20.0,480.0,0.74
VWAP_ALIGN,2023-04-03,2023-04-03 09:06:00,SHORT,20.0,480.0,0.74
VWAP_ALIGN,2023-04-04,2023-04-04 09:07:00,SHORT,20.0,480.0,0.74
VWAP_ALIGN,2023-04-05,2023-04-05 09:01:00,SHORT,-20.0,440.0,0.72
VWAP_ALIGN,2023-04-06,2023-04-06 09:05:00,LONG,20.0,440.0,0.72
VWAP_ALIGN,2023-04-10,2023-04-10 09:05:00,LONG,20.0,480.0,0.74
VWAP_ALIGN,2023-04-11,2023-04-11 09:45:00,SHORT,-20.0,440.0,0.72
VWAP_ALIGN,2023-04-13,2023-04-13 09:41:00,LONG,-20.0,400.0,0.7
VWAP_ALIGN,2023-04-14,2023-04-14 09:39:00,SHORT,-20.0,360.0,0.68
VWAP_ALIGN,2023-04-17,2023-04-17 09:34:00,SHORT,20.0,360.0,0.68
VWAP_ALIGN,2023-04-19,2023-04-19 09:02:00,LONG,20.0,360.0,0.68
VWAP_ALIGN,2023-04-20,2023-04-20 09:14:00,SHORT,-20.0,320.0,0.66
VWAP_ALIGN,2023-04-21,2023-04-21 09:04:00,LONG,-20.0,320.0,0.66
VWAP_ALIGN,2023-04-24,2023-04-24 09:15:00,SHORT,20.0,360.0,0.68
VWAP_ALIGN,2023-04-25,2023-04-25 09:52:00,SHORT,20.0,360.0,0.68
VWAP_ALIGN,2023-04-26,2023-04-26 09:02:00,LONG,20.0,400.0,0.7
VWAP_ALIGN,2023-04-28,2023-04-28 09:01:00,SHORT,-20.0,360.0,0.68
VWAP_ALIGN,2023-05-01,2023-05-01 09:01:00,LONG,-20.0,320.0,0.66
VWAP_ALIGN,2023-05-02,2023-05-02 09:02:00,SHORT,20.0,320.0,0.66
VWAP_ALIGN,2023-05-03,2023-05-03 09:02:00,SHORT,-20.0,320.0,0.66
VWAP_ALIGN,2023-05-04,2023-05-04 09:08:00,LONG,20.0,320.0,0.66
VWAP_ALIGN,2023-05-05,2023-05-05 11:12:00,LONG,14.75,314.75,0.66
VWAP_ALIGN,2023-05-08,2023-05-08 09:08:00,LONG,20.0,314.75,0.66
VWAP_ALIGN,2023-05-09,2023-05-09 09:29:00,SHORT,-5.0,329.75,0.66
VWAP_ALIGN,2023-05-11,2023-05-11 09:01:00,LONG,20.0,369.75,0.68
VWAP_ALIGN,2023-05-12,2023-05-12 09:27:00,SHORT,-20.0,329.75,0.66
VWAP_ALIGN,2023-05-15,2023-05-15 09:13:00,LONG,20.0,329.75,0.66
VWAP_ALIGN,2023-05-16,2023-05-16 09:30:00,LONG,-20.0,289.75,0.64
VWAP_ALIGN,2023-05-17,2023-05-17 09:01:00,LONG,20.0,289.75,0.64
VWAP_ALIGN,2023-05-18,2023-05-18 09:01:00,LONG,20.0,289.75,0.64
VWAP_ALIGN,2023-05-19,2023-05-19 09:15:00,SHORT,-20.0,249.75,0.62
VWAP_ALIGN,2023-05-22,2023-05-22 09:23:00,LONG,-20.0,249.75,0.62
VWAP_ALIGN,2023-05-23,2023-05-23 09:44:00,LONG,-20.0,249.75,0.62
VWAP_ALIGN,2023-05-25,2023-05-25 09:03:00,LONG,20.0,289.75,0.64
VWAP_ALIGN,2023-05-26,2023-05-26 09:42:00,LONG,20.0,289.75,0.64
VWAP_ALIGN,2023-05-30,2023-05-30 10:29:00,SHORT,20.0,289.75,0.64
VWAP_ALIGN,2023-05-31,2023-05-31 09:17:00,SHORT,20.0,289.75,0.64
VWAP_ALIGN,2023-06-01,2023-06-01 09:15:00,LONG,20.0,289.75,0.64
VWAP_ALIGN,2023-06-02,2023-06-02 09:01:00,LONG,-20.0,289.75,0.64
VWAP_ALIGN,2023-06-05,2023-06-05 09:29:00,LONG,-20.0,249.75,0.62
VWAP_ALIGN,2023-06-06,2023-06-06 09:26:00,SHORT,-20.0,209.75,0.6
VWAP_ALIGN,2023-06-07,2023-06-07 09:52:00,SHORT,20.0,209.75,0.6
VWAP_ALIGN,2023-06-08,2023-06-08 09:02:00,LONG,20.0,209.75,0.6
VWAP_ALIGN,2023-06-09,2023-06-09 09:28:00,SHORT,20.0,249.75,0.62
VWAP_ALIGN,2023-06-12,2023-06-12 09:35:00,LONG,20.0,289.75,0.64
VWAP_ALIGN,2023-06-13,2023-06-13 09:41:00,LONG,20.0,289.75,0.64
VWAP_ALIGN,2023-06-14,2023-06-14 09:15:00,LONG,20.0,289.75,0.64
VWAP_ALIGN,2023-06-15,2023-06-15 09:28:00,LONG,20.0,289.75,0.64
VWAP_ALIGN,2023-06-16,2023-06-16 09:27:00,SHORT,-20.0,249.75,0.62
VWAP_ALIGN,2023-06-21,2023-06-21 09:07:00,SHORT,20.0,249.75,0.62
VWAP_ALIGN,2023-06-22,2023-06-22 09:37:00,LONG,20.0,249.75,0.62
VWAP_ALIGN,2023-06-23,2023-06-23 09:21:00,SHORT,-20.0,209.75,0.6
VWAP_ALIGN,2023-06-26,2023-06-26 09:06:00,SHORT,20.0,209.75,0.6
VWAP_ALIGN,2023-06-27,2023-06-27 09:10:00,SHORT,-20.0,209.75,0.6
VWAP_ALIGN,2023-06-28,2023-06-28 10:13:00,LONG,-20.0,169.75,0.58
VWAP_ALIGN,2023-06-29,2023-06-29 10:15:00,LONG,20.0,169.75,0.58
VWAP_ALIGN,2023-07-03,2023-07-03 10:59:00,LONG,-2.25,187.5,0.58
VWAP_ALIGN,2023-07-06,2023-07-06 09:25:00,SHORT,-20.0,187.5,0.58
VWAP_ALIGN,2023-07-07,2023-07-07 09:03:00,LONG,20.0,227.5,0.6
VWAP_ALIGN,2023-07-10,2023-07-10 09:45:00,SHORT,20.0,227.5,0.6
VWAP_ALIGN,2023-07-11,2023-07-11 09:04:00,LONG,-20.0,187.5,0.58
VWAP_ALIGN,2023-07-13,2023-07-13 09:03:00,LONG,-20.0,187.5,0.58
VWAP_ALIGN,2023-07-14,2023-07-14 11:02:00,SHORT,20.0,227.5,0.6
VWAP_ALIGN,2023-07-17,2023-07-17 09:27:00,LONG,20.0,227.5,0.6
VWAP_ALIGN,2023-07-18,2023-07-18 09:15:00,LONG,-20.0,187.5,0.58
VWAP_ALIGN,2023-07-19,2023-07-19 09:18:00,LONG,-20.0,147.5,0.56
VWAP_ALIGN,2023-07-20,2023-07-20 10:34:00,SHORT,20.0,187.5,0.58
VWAP_ALIGN,2023-07-21,2023-07-21 09:13:00,LONG,20.0,227.5,0.6
VWAP_ALIGN,2023-07-24,2023-07-24 09:06:00,SHORT,-20.0,187.5,0.58
VWAP_ALIGN,2023-07-25,2023-07-25 09:12:00,LONG,20.0,227.5,0.6
VWAP_ALIGN,2023-07-26,2023-07-26 09:01:00,SHORT,-20.0,187.5,0.58
VWAP_ALIGN,2023-07-27,2023-07-27 09:31:00,LONG,-20.0,152.75,0.56
VWAP_ALIGN,2023-07-28,2023-07-28 09:12:00,LONG,20.0,152.75,0.56
VWAP_ALIGN,2023-07-31,2023-07-31 09:04:00,LONG,-20.0,137.75,0.56
VWAP_ALIGN,2023-08-01,2023-08-01 11:05:00,LONG,-20.0,97.75,0.54
VWAP_ALIGN,2023-08-02,2023-08-02 10:47:00,SHORT,20.0,137.75,0.56
VWAP_ALIGN,2023-08-03,2023-08-03 09:05:00,LONG,20.0,137.75,0.56
VWAP_ALIGN,2023-08-04,2023-08-04 09:02:00,LONG,20.0,177.75,0.58
VWAP_ALIGN,2023-08-07,2023-08-07 09:03:00,SHORT,20.0,177.75,0.58
VWAP_ALIGN,2023-08-08,2023-08-08 09:01:00,SHORT,-20.0,137.75,0.56
VWAP_ALIGN,2023-08-09,2023-08-09 09:01:00,SHORT,-20.0,137.75,0.56
VWAP_ALIGN,2023-08-10,2023-08-10 09:02:00,SHORT,20.0,177.75,0.58
VWAP_ALIGN,2023-08-11,2023-08-11 09:07:00,SHORT,20.0,217.75,0.6
VWAP_ALIGN,2023-08-15,2023-08-15 10:16:00,LONG,20.0,217.75,0.6
VWAP_ALIGN,2023-08-16,2023-08-16 09:28:00,SHORT,20.0,217.75,0.6
VWAP_ALIGN,2023-08-17,2023-08-17 10:35:00,LONG,20.0,217.75,0.6
VWAP_ALIGN,2023-08-18,2023-08-18 09:02:00,LONG,-20.0,177.75,0.58
VWAP_ALIGN,2023-08-21,2023-08-21 09:10:00,SHORT,20.0,177.75,0.58
VWAP_ALIGN,2023-08-22,2023-08-22 09:01:00,LONG,-20.0,177.75,0.58
VWAP_ALIGN,2023-08-23,2023-08-23 09:14:00,LONG,20.0,217.75,0.6
VWAP_ALIGN,2023-08-24,2023-08-24 09:01:00,SHORT,20.0,257.75,0.62
VWAP_ALIGN,2023-08-28,2023-08-28 09:43:00,SHORT,-20.0,217.75,0.6
VWAP_ALIGN,2023-08-29,2023-08-29 09:15:00,LONG,20.0,217.75,0.6
VWAP_ALIGN,2023-08-30,2023-08-30 09:37:00,LONG,20.0,217.75,0.6
VWAP_ALIGN,2023-08-31,2023-08-31 11:10:00,SHORT,-20.0,177.75,0.58
VWAP_ALIGN,2023-09-01,2023-09-01 09:46:00,SHORT,20.0,177.75,0.58
VWAP_ALIGN,2023-09-04,2023-09-04 09:06:00,SHORT,-5.25,152.5,0.56
VWAP_ALIGN,2023-09-05,2023-09-05 09:03:00,LONG,20.0,152.5,0.56
VWAP_ALIGN,2023-09-06,2023-09-06 09:01:00,SHORT,20.0,192.5,0.58
VWAP_ALIGN,2023-09-11,2023-09-11 09:26:00,LONG,-20.0,152.5,0.56
VWAP_ALIGN,2023-09-12,2023-09-12 09:09:00,SHORT,20.0,152.5,0.56
VWAP_ALIGN,2023-09-13,2023-09-13 09:07:00,LONG,20.0,192.5,0.58
VWAP_ALIGN,2023-09-14,2023-09-14 09:04:00,LONG,20.0,192.5,0.58
VWAP_ALIGN,2023-09-15,2023-09-15 09:01:00,SHORT,-20.0,192.5,0.58
VWAP_ALIGN,2023-09-18,2023-09-18 09:18:00,LONG,20.0,232.5,0.6
VWAP_ALIGN,2023-09-20,2023-09-20 09:05:00,SHORT,20.0,232.5,0.6
VWAP_ALIGN,2023-09-21,2023-09-21 09:15:00,SHORT,20.0,254.75,0.62
VWAP_ALIGN,2023-09-22,2023-09-22 09:06:00,LONG,-20.0,254.75,0.62
VWAP_ALIGN,2023-09-25,2023-09-25 09:10:00,LONG,20.0,254.75,0.62
VWAP_ALIGN,2023-09-26,2023-09-26 09:08:00,SHORT,20.0,254.75,0.62
VWAP_ALIGN,2023-09-27,2023-09-27 09:47:00,SHORT,20.0,294.75,0.64
VWAP_ALIGN,2023-09-28,2023-09-28 09:22:00,LONG,20.0,334.75,0.66
VWAP_ALIGN,2023-09-29,2023-09-29 09:15:00,SHORT,-20.0,294.75,0.64
VWAP_ALIGN,2023-10-02,2023-10-02 09:13:00,LONG,20.0,294.75,0.64
VWAP_ALIGN,2023-10-03,2023-10-03 09:02:00,SHORT,20.0,334.75,0.66
VWAP_ALIGN,2023-10-04,2023-10-04 09:37:00,LONG,-20.0,334.75,0.66
VWAP_ALIGN,2023-10-06,2023-10-06 09:05:00,LONG,20.0,334.75,0.66
VWAP_ALIGN,2023-10-09,2023-10-09 09:10:00,SHORT,-20.0,294.75,0.64
VWAP_ALIGN,2023-10-10,2023-10-10 09:05:00,LONG,20.0,334.75,0.66
VWAP_ALIGN,2023-10-11,2023-10-11 09:01:00,LONG,-20.0,294.75,0.64
VWAP_ALIGN,2023-10-12,2023-10-12 09:13:00,LONG,20.0,334.75,0.66
VWAP_ALIGN,2023-10-13,2023-10-13 09:06:00,SHORT,-20.0,334.75,0.66
VWAP_ALIGN,2023-10-17,2023-10-17 09:19:00,LONG,20.0,334.75,0.66
VWAP_ALIGN,2023-10-18,2023-10-18 10:08:00,LONG,-20.0,334.75,0.66
VWAP_ALIGN,2023-10-19,2023-10-19 09:15:00,SHORT,20.0,374.75,0.68
VWAP_ALIGN,2023-10-20,2023-10-20 09:19:00,SHORT,20.0,374.75,0.68
VWAP_ALIGN,2023-10-23,2023-10-23 09:01:00,LONG,20.0,374.75,0.68
VWAP_ALIGN,2023-10-24,2023-10-24 10:00:00,SHORT,20.0,374.75,0.68
VWAP_ALIGN,2023-10-25,2023-10-25 09:42:00,SHORT,20.0,374.75,0.68
VWAP_ALIGN,2023-10-26,2023-10-26 09:24:00,SHORT,20.0,414.75,0.7
VWAP_ALIGN,2023-10-27,2023-10-27 09:07:00,LONG,20.0,454.75,0.72
VWAP_ALIGN,2023-10-30,2023-10-30 09:12:00,LONG,-20.0,414.75,0.7
VWAP_ALIGN,2023-10-31,2023-10-31 10:46:00,LONG,8.5,403.25,0.7
VWAP_ALIGN,2023-11-02,2023-11-02 09:05:00,LONG,-20.0,363.25,0.68
VWAP_ALIGN,2023-11-03,2023-11-03 09:05:00,LONG,-20.0,323.25,0.66
VWAP_ALIGN,2023-11-06,2023-11-06 09:11:00,SHORT,-20.0,283.25,0.64
VWAP_ALIGN,2023-11-07,2023-11-07 09:01:00,LONG,-20.0,283.25,0.64
VWAP_ALIGN,2023-11-08,2023-11-08 09:06:00,SHORT,20.0,283.25,0.64
VWAP_ALIGN,2023-11-09,2023-11-09 09:08:00,SHORT,-20.0,283.25,0.64
VWAP_ALIGN,2023-11-10,2023-11-10 10:04:00,LONG,20.0,283.25,0.64
VWAP_ALIGN,2023-11-13,2023-11-13 09:47:00,LONG,20.0,283.25,0.64
VWAP_ALIGN,2023-11-14,2023-11-14 09:01:00,LONG,20.0,323.25,0.66
VWAP_ALIGN,2023-11-15,2023-11-15 10:52:00,SHORT,20.0,323.25,0.66
VWAP_ALIGN,2023-11-16,2023-11-16 09:06:00,LONG,-20.0,283.25,0.64
VWAP_ALIGN,2023-11-17,2023-11-17 10:06:00,SHORT,-20.0,283.25,0.64
VWAP_ALIGN,2023-11-20,2023-11-20 09:05:00,LONG,-20.0,243.25,0.62
VWAP_ALIGN,2023-11-21,2023-11-21 09:17:00,SHORT,20.0,268.5,0.64
VWAP_ALIGN,2023-11-24,2023-11-24 09:16:00,SHORT,20.0,268.5,0.64
VWAP_ALIGN,2023-11-27,2023-11-27 09:10:00,LONG,-20.0,228.5,0.62
VWAP_ALIGN,2023-11-28,2023-11-28 09:40:00,LONG,20.0,268.5,0.64
VWAP_ALIGN,2023-11-30,2023-11-30 09:05:00,SHORT,-20.0,228.5,0.62
VWAP_ALIGN,2023-12-01,2023-12-01 09:02:00,LONG,-20.0,188.5,0.6
VWAP_ALIGN,2023-12-04,2023-12-04 09:16:00,SHORT,20.0,188.5,0.6
VWAP_ALIGN,2023-12-05,2023-12-05 09:27:00,LONG,20.0,228.5,0.62
VWAP_ALIGN,2023-12-06,2023-12-06 09:01:00,SHORT,20.0,228.5,0.62
VWAP_ALIGN,2023-12-07,2023-12-07 09:23:00,LONG,20.0,228.5,0.62
VWAP_ALIGN,2023-12-08,2023-12-08 09:01:00,LONG,20.0,228.5,0.62
VWAP_ALIGN,2023-12-11,2023-12-11 09:05:00,LONG,-20.0,228.5,0.62
VWAP_ALIGN,2023-12-12,2023-12-12 09:01:00,LONG,20.0,228.5,0.62
VWAP_ALIGN,2023-12-13,2023-12-13 11:03:00,SHORT,-5.75,202.75,0.6
VWAP_ALIGN,2023-12-14,2023-12-14 09:16:00,SHORT,20.0,202.75,0.6
VWAP_ALIGN,2023-12-15,2023-12-15 09:15:00,LONG,20.0,202.75,0.6
VWAP_ALIGN,2023-12-18,2023-12-18 09:02:00,LONG,20.0,242.75,0.62
VWAP_ALIGN,2023-12-19,2023-12-19 09:32:00,LONG,-20.0,202.75,0.6
VWAP_ALIGN,2023-12-20,2023-12-20 09:01:00,LONG,20.0,202.75,0.6
VWAP_ALIGN,2023-12-21,2023-12-21 09:05:00,SHORT,20.0,242.75,0.62
VWAP_ALIGN,2023-12-22,2023-12-22 10:04:00,SHORT,20.0,242.75,0.62
VWAP_ALIGN,2023-12-26,2023-12-26 09:25:00,LONG,-20.0,242.75,0.62
VWAP_ALIGN,2023-12-27,2023-12-27 09:12:00,SHORT,20.0,242.75,0.62
VWAP_ALIGN,2023-12-28,2023-12-28 09:06:00,SHORT,-20.0,242.75,0.62
VWAP_ALIGN,2023-12-29,2023-12-29 09:35:00,SHORT,20.0,242.75,0.62
VWAP_ALIGN,2024-01-03,2024-01-03 09:13:00,SHORT,20.0,282.75,0.64
VWAP_ALIGN,2024-01-04,2024-01-04 09:09:00,LONG,20.0,282.75,0.64
VWAP_ALIGN,2024-01-05,2024-01-05 09:01:00,LONG,20.0,322.75,0.66
VWAP_ALIGN,2024-01-09,2024-01-09 09:28:00,LONG,20.0,322.75,0.66
VWAP_ALIGN,2024-01-10,2024-01-10 09:03:00,SHORT,-20.0,282.75,0.64
VWAP_ALIGN,2024-01-11,2024-01-11 09:31:00,SHORT,20.0,282.75,0.64
VWAP_ALIGN,2024-01-12,2024-01-12 09:01:00,SHORT,20.0,282.75,0.64
VWAP_ALIGN,2024-01-15,2024-01-15 10:05:00,LONG,1.75,264.5,0.64
VWAP_ALIGN,2024-01-16,2024-01-16 09:17:00,LONG,20.0,264.5,0.64
VWAP_ALIGN,2024-01-18,2024-01-18 09:38:00,LONG,20.0,264.5,0.64
VWAP_ALIGN,2024-01-19,2024-01-19 09:01:00,LONG,-20.0,264.5,0.64
VWAP_ALIGN,2024-01-22,2024-01-22 09:29:00,SHORT,20.0,276.0,0.64
VWAP_ALIGN,2024-01-24,2024-01-24 09:16:00,LONG,20.0,316.0,0.66
VWAP_ALIGN,2024-01-25,2024-01-25 09:28:00,LONG,-20.0,316.0,0.66
VWAP_ALIGN,2024-01-26,2024-01-26 09:06:00,SHORT,-20.0,316.0,0.66
VWAP_ALIGN,2024-01-29,2024-01-29 09:58:00,SHORT,-20.0,316.0,0.66
VWAP_ALIGN,2024-01-30,2024-01-30 09:07:00,SHORT,20.0,316.0,0.66
VWAP_ALIGN,2024-01-31,2024-01-31 09:14:00,SHORT,20.0,356.0,0.68
VWAP_ALIGN,2024-02-01,2024-02-01 09:01:00,SHORT,-20.0,316.0,0.66
VWAP_ALIGN,2024-02-05,2024-02-05 09:02:00,SHORT,20.0,316.0,0.66
VWAP_ALIGN,2024-02-06,2024-02-06 09:02:00,SHORT,20.0,316.0,0.66
VWAP_ALIGN,2024-02-08,2024-02-08 09:01:00,LONG,-20.0,276.0,0.64
VWAP_ALIGN,2024-02-09,2024-02-09 09:16:00,LONG,20.0,316.0,0.66
VWAP_ALIGN,2024-02-12,2024-02-12 09:40:00,LONG,20.0,356.0,0.68
VWAP_ALIGN,2024-02-14,2024-02-14 09:22:00,LONG,20.0,396.0,0.7
VWAP_ALIGN,2024-02-15,2024-02-15 09:04:00,SHORT,-20.0,356.0,0.68
VWAP_ALIGN,2024-02-19,2024-02-19 09:45:00,SHORT,-2.0,334.0,0.66
VWAP_ALIGN,2024-02-21,2024-02-21 09:05:00,LONG,-20.0,334.0,0.66
VWAP_ALIGN,2024-02-22,2024-02-22 10:19:00,LONG,-20.0,294.0,0.64
VWAP_ALIGN,2024-02-23,2024-02-23 09:22:00,SHORT,20.0,334.0,0.66
VWAP_ALIGN,2024-02-26,2024-02-26 10:52:00,LONG,-20.0,334.0,0.66
VWAP_ALIGN,2024-02-27,2024-02-27 09:20:00,LONG,-20.0,294.0,0.64
VWAP_ALIGN,2024-02-28,2024-02-28 10:01:00,LONG,20.0,294.0,0.64
VWAP_ALIGN,2024-03-01,2024-03-01 09:01:00,LONG,-20.0,254.0,0.62
VWAP_ALIGN,2024-03-04,2024-03-04 09:05:00,SHORT,-20.0,214.0,0.6
VWAP_ALIGN,2024-03-05,2024-03-05 09:10:00,SHORT,20.0,214.0,0.6
VWAP_ALIGN,2024-03-06,2024-03-06 09:01:00,SHORT,20.0,254.0,0.62
VWAP_ALIGN,2024-03-07,2024-03-07 09:16:00,LONG,20.0,254.0,0.62
VWAP_ALIGN,2024-03-08,2024-03-08 09:01:00,LONG,20.0,279.75,0.64
VWAP_ALIGN,2024-03-11,2024-03-11 09:30:00,SHORT,-20.0,239.75,0.62
VWAP_ALIGN,2024-03-12,2024-03-12 09:24:00,LONG,-20.0,199.75,0.6
VWAP_ALIGN,2024-03-13,2024-03-13 09:40:00,SHORT,20.0,199.75,0.6
VWAP_ALIGN,2024-03-14,2024-03-14 09:24:00,SHORT,-20.0,199.75,0.6
VWAP_ALIGN,2024-03-15,2024-03-15 09:21:00,SHORT,20.0,199.75,0.6
VWAP_ALIGN,2024-03-19,2024-03-19 09:32:00,LONG,20.0,199.75,0.6
VWAP_ALIGN,2024-03-21,2024-03-21 09:36:00,LONG,20.0,199.75,0.6
VWAP_ALIGN,2024-03-22,2024-03-22 09:06:00,LONG,20.0,239.75,0.62
VWAP_ALIGN,2024-03-25,2024-03-25 09:03:00,LONG,20.0,239.75,0.62
VWAP_ALIGN,2024-03-26,2024-03-26 09:29:00,LONG,20.0,279.75,0.64
VWAP_ALIGN,2024-03-27,2024-03-27 09:31:00,SHORT,-20.0,239.75,0.62
VWAP_ALIGN,2024-03-28,2024-03-28 09:30:00,LONG,-20.0,199.75,0.6
VWAP_ALIGN,2024-04-01,2024-04-01 09:10:00,SHORT,20.0,199.75,0.6
VWAP_ALIGN,2024-04-03,2024-04-03 09:05:00,LONG,-20.0,159.75,0.58
VWAP_ALIGN,2024-04-04,2024-04-04 09:14:00,SHORT,-20.0,119.75,0.56
VWAP_ALIGN,2024-04-05,2024-04-05 09:40:00,LONG,20.0,159.75,0.58
VWAP_ALIGN,2024-04-10,2024-04-10 09:43:00,SHORT,-20.0,119.75,0.56
VWAP_ALIGN,2024-04-11,2024-04-11 09:04:00,LONG,-20.0,79.75,0.54
VWAP_ALIGN,2024-04-12,2024-04-12 10:32:00,SHORT,20.0,98.0,0.54
VWAP_ALIGN,2024-04-15,2024-04-15 09:16:00,SHORT,-20.0,58.0,0.52
VWAP_ALIGN,2024-04-16,2024-04-16 09:07:00,LONG,20.0,58.0,0.52
VWAP_ALIGN,2024-04-18,2024-04-18 09:17:00,LONG,-20.0,58.0,0.52
VWAP_ALIGN,2024-04-19,2024-04-19 09:20:00,SHORT,20.0,58.0,0.52
VWAP_ALIGN,2024-04-22,2024-04-22 09:14:00,SHORT,-20.0,18.0,0.5
VWAP_ALIGN,2024-04-23,2024-04-23 09:22:00,LONG,-20.0,18.0,0.5
VWAP_ALIGN,2024-04-24,2024-04-24 09:05:00,SHORT,20.0,58.0,0.52
VWAP_ALIGN,2024-04-25,2024-04-25 10:20:00,LONG,20.0,98.0,0.54
VWAP_ALIGN,2024-04-26,2024-04-26 09:01:00,LONG,20.0,98.0,0.54
VWAP_ALIGN,2024-04-29,2024-04-29 09:30:00,SHORT,20.0,98.0,0.54
VWAP_ALIGN,2024-04-30,2024-04-30 09:06:00,SHORT,20.0,138.0,0.56
VWAP_ALIGN,2024-05-01,2024-05-01 09:10:00,SHORT,20.0,138.0,0.56
VWAP_ALIGN,2024-05-02,2024-05-02 09:07:00,LONG,20.0,138.0,0.56
VWAP_ALIGN,2024-05-03,2024-05-03 09:10:00,SHORT,-20.0,138.0,0.56
VWAP_ALIGN,2024-05-06,2024-05-06 09:44:00,LONG,-20.0,98.0,0.54
VWAP_ALIGN,2024-05-07,2024-05-07 09:01:00,LONG,-20.0,58.0,0.52
VWAP_ALIGN,2024-05-09,2024-05-09 09:05:00,LONG,-20.0,18.0,0.5
VWAP_ALIGN,2024-05-13,2024-05-13 09:12:00,LONG,-20.0,18.0,0.5
VWAP_ALIGN,2024-05-15,2024-05-15 09:01:00,LONG,20.0,40.0,0.52
VWAP_ALIGN,2024-05-16,2024-05-16 09:03:00,LONG,-20.0,40.0,0.52
VWAP_ALIGN,2024-05-20,2024-05-20 10:42:00,LONG,20.0,80.0,0.54
VWAP_ALIGN,2024-05-21,2024-05-21 09:22:00,LONG,-20.0,40.0,0.52
VWAP_ALIGN,2024-05-22,2024-05-22 09:03:00,LONG,-20.0,40.0,0.52
VWAP_ALIGN,2024-05-23,2024-05-23 09:38:00,LONG,-20.0,40.0,0.52
VWAP_ALIGN,2024-05-24,2024-05-24 09:01:00,LONG,20.0,40.0,0.52
VWAP_ALIGN,2024-05-27,2024-05-27 09:01:00,LONG,20.0,80.0,0.54
VWAP_ALIGN,2024-05-28,2024-05-28 09:31:00,LONG,-20.0,80.0,0.54
VWAP_ALIGN,2024-05-29,2024-05-29 09:22:00,SHORT,20.0,80.0,0.54
VWAP_ALIGN,2024-05-30,2024-05-30 09:05:00,SHORT,-20.0,40.0,0.52
VWAP_ALIGN,2024-05-31,2024-05-31 09:06:00,SHORT,20.0,40.0,0.52
VWAP_ALIGN,2024-06-04,2024-06-04 09:06:00,SHORT,-20.0,0.0,0.5
VWAP_ALIGN,2024-06-05,2024-06-05 09:05:00,LONG,20.0,40.0,0.52
VWAP_ALIGN,2024-06-06,2024-06-06 09:24:00,SHORT,20.0,80.0,0.54
VWAP_ALIGN,2024-06-07,2024-06-07 09:07:00,SHORT,-20.0,40.0,0.52
VWAP_ALIGN,2024-06-10,2024-06-10 09:06:00,LONG,20.0,80.0,0.54
VWAP_ALIGN,2024-06-11,2024-06-11 09:51:00,SHORT,-20.0,40.0,0.52
VWAP_ALIGN,2024-06-13,2024-06-13 09:03:00,SHORT,-20.0,0.0,0.5
VWAP_ALIGN,2024-06-14,2024-06-14 09:50:00,SHORT,-20.0,-40.0,0.48
VWAP_ALIGN,2024-06-18,2024-06-18 09:05:00,SHORT,20.0,-40.0,0.48
VWAP_ALIGN,2024-06-20,2024-06-20 10:00:00,SHORT,20.0,-40.0,0.48
VWAP_ALIGN,2024-06-21,2024-06-21 09:02:00,LONG,20.0,-40.0,0.48
VWAP_ALIGN,2024-06-24,2024-06-24 11:10:00,SHORT,10.75,-9.25,0.5
VWAP_ALIGN,2024-06-25,2024-06-25 09:11:00,LONG,20.0,30.75,0.52
VWAP_ALIGN,2024-06-26,2024-06-26 09:09:00,SHORT,20.0,30.75,0.52
VWAP_ALIGN,2024-06-27,2024-06-27 10:02:00,SHORT,-20.0,30.75,0.52
VWAP_ALIGN,2024-07-01,2024-07-01 09:29:00,LONG,-20.0,30.75,0.52
VWAP_ALIGN,2024-07-02,2024-07-02 09:06:00,LONG,-20.0,-9.25,0.5
VWAP_ALIGN,2024-07-03,2024-07-03 09:08:00,LONG,20.0,30.75,0.52
VWAP_ALIGN,2024-07-05,2024-07-05 09:12:00,LONG,20.0,70.75,0.54
VWAP_ALIGN,2024-07-08,2024-07-08 09:18:00,LONG,20.0,70.75,0.54
VWAP_ALIGN,2024-07-09,2024-07-09 09:31:00,SHORT,-20.0,70.75,0.54
VWAP_ALIGN,2024-07-10,2024-07-10 09:01:00,SHORT,20.0,70.75,0.54
VWAP_ALIGN,2024-07-12,2024-07-12 09:10:00,LONG,-20.0,70.75,0.54
VWAP_ALIGN,2024-07-15,2024-07-15 09:01:00,LONG,20.0,70.75,0.54
VWAP_ALIGN,2024-07-16,2024-07-16 09:13:00,LONG,-20.0,70.75,0.54
VWAP_ALIGN,2024-07-17,2024-07-17 09:05:00,SHORT,-20.0,70.75,0.54
VWAP_ALIGN,2024-07-19,2024-07-19 09:51:00,SHORT,-20.0,30.75,0.52
VWAP_ALIGN,2024-07-22,2024-07-22 09:14:00,SHORT,20.0,30.75,0.52
VWAP_ALIGN,2024-07-23,2024-07-23 09:12:00,LONG,20.0,30.75,0.52
VWAP_ALIGN,2024-07-24,2024-07-24 09:11:00,SHORT,20.0,30.75,0.52
VWAP_ALIGN,2024-07-26,2024-07-26 09:08:00,LONG,-20.0,-9.25,0.5
VWAP_ALIGN,2024-07-29,2024-07-29 09:03:00,SHORT,20.0,-9.25,0.5
VWAP_ALIGN,2024-07-30,2024-07-30 09:01:00,SHORT,20.0,-9.25,0.5
VWAP_ALIGN,2024-07-31,2024-07-31 09:31:00,LONG,20.0,30.75,0.52
VWAP_ALIGN,2024-08-08,2024-08-08 10:12:00,LONG,20.0,70.75,0.54
VWAP_ALIGN,2024-08-12,2024-08-12 09:03:00,LONG,20.0,110.75,0.56
VWAP_ALIGN,2024-08-13,2024-08-13 09:05:00,LONG,20.0,150.75,0.58
VWAP_ALIGN,2024-08-15,2024-08-15 09:19:00,LONG,-20.0,150.75,0.58
VWAP_ALIGN,2024-08-16,2024-08-16 10:11:00,LONG,20.0,150.75,0.58
VWAP_ALIGN,2024-08-19,2024-08-19 09:03:00,LONG,-20.0,150.75,0.58
VWAP_ALIGN,2024-08-20,2024-08-20 10:04:00,LONG,-20.0,110.75,0.56
VWAP_ALIGN,2024-08-27,2024-08-27 09:02:00,LONG,-20.0,110.75,0.56
VWAP_ALIGN,2024-09-02,2024-09-02 09:11:00,LONG,-20.0,110.75,0.56
VWAP_ALIGN,2024-09-04,2024-09-04 09:02:00,LONG,-20.0,110.75,0.56
VWAP_ALIGN,2024-09-09,2024-09-09 09:13:00,SHORT,-20.0,70.75,0.54
VWAP_ALIGN,2024-09-10,2024-09-10 09:54:00,SHORT,20.0,70.75,0.54
VWAP_ALIGN,2024-09-12,2024-09-12 11:01:00,LONG,20.0,110.75,0.56
VWAP_ALIGN,2024-09-17,2024-09-17 10:15:00,SHORT,20.0,110.75,0.56
VWAP_ALIGN,2024-09-18,2024-09-18 09:11:00,SHORT,20.0,150.75,0.58
VWAP_ALIGN,2024-09-19,2024-09-19 10:27:00,LONG,-20.0,110.75,0.56
VWAP_ALIGN,2024-09-20,2024-09-20 09:02:00,SHORT,20.0,150.75,0.58
VWAP_ALIGN,2024-09-23,2024-09-23 09:08:00,SHORT,-20.0,110.75,0.56
VWAP_ALIGN,2024-09-25,2024-09-25 10:10:00,SHORT,20.0,110.75,0.56
VWAP_ALIGN,2024-09-27,2024-09-27 09:11:00,SHORT,20.0,150.75,0.58
VWAP_ALIGN,2024-09-30,2024-09-30 09:17:00,LONG,20.0,150.75,0.58
VWAP_ALIGN,2024-10-01,2024-10-01 11:15:00,SHORT,20.0,190.75,0.6
VWAP_ALIGN,2024-10-02,2024-10-02 09:16:00,LONG,20.0,230.75,0.62
VWAP_ALIGN,2024-10-03,2024-10-03 09:44:00,LONG,20.0,270.75,0.64
VWAP_ALIGN,2024-10-04,2024-10-04 09:01:00,LONG,20.0,270.75,0.64
VWAP_ALIGN,2024-10-07,2024-10-07 09:05:00,SHORT,-20.0,230.75,0.62
VWAP_ALIGN,2024-10-10,2024-10-10 09:15:00,LONG,20.0,230.75,0.62
VWAP_ALIGN,2024-10-14,2024-10-14 09:01:00,SHORT,20.0,240.0,0.62
VWAP_ALIGN,2024-10-17,2024-10-17 09:30:00,LONG,20.0,240.0,0.62
VWAP_ALIGN,2024-10-18,2024-10-18 09:28:00,LONG,20.0,240.0,0.62
VWAP_ALIGN,2024-10-22,2024-10-22 10:25:00,SHORT,20.0,280.0,0.64
VWAP_ALIGN,2024-10-23,2024-10-23 09:07:00,SHORT,20.0,320.0,0.66
VWAP_ALIGN,2024-10-24,2024-10-24 10:06:00,SHORT,20.0,360.0,0.68
VWAP_ALIGN,2024-10-28,2024-10-28 09:01:00,SHORT,20.0,360.0,0.68
VWAP_ALIGN,2024-10-29,2024-10-29 09:16:00,LONG,-20.0,320.0,0.66
VWAP_ALIGN,2024-10-30,2024-10-30 09:12:00,SHORT,20.0,320.0,0.66
VWAP_ALIGN,2024-10-31,2024-10-31 09:02:00,SHORT,-20.0,320.0,0.66
VWAP_ALIGN,2024-11-07,2024-11-07 09:05:00,LONG,-20.0,280.0,0.64
VWAP_ALIGN,2024-11-08,2024-11-08 09:10:00,SHORT,-20.0,280.0,0.64
VWAP_ALIGN,2024-11-12,2024-11-12 10:09:00,SHORT,-20.0,240.0,0.62
VWAP_ALIGN,2024-11-13,2024-11-13 09:01:00,SHORT,20.0,280.0,0.64
VWAP_ALIGN,2024-11-14,2024-11-14 09:20:00,SHORT,-20.0,280.0,0.64
VWAP_ALIGN,2024-11-15,2024-11-15 09:03:00,SHORT,20.0,320.0,0.66
VWAP_ALIGN,2024-11-18,2024-11-18 09:05:00,LONG,20.0,320.0,0.66
VWAP_ALIGN,2024-11-19,2024-11-19 09:31:00,LONG,20.0,320.0,0.66
VWAP_ALIGN,2024-11-22,2024-11-22 09:11:00,SHORT,20.0,320.0,0.66
VWAP_ALIGN,2024-11-26,2024-11-26 09:20:00,SHORT,-20.0,320.0,0.66
VWAP_ALIGN,2024-11-27,2024-11-27 09:11:00,SHORT,20.0,320.0,0.66
VWAP_ALIGN,2024-11-28,2024-11-28 09:21:00,LONG,-5.0,295.0,0.64
VWAP_ALIGN,2024-11-29,2024-11-29 09:01:00,LONG,20.0,295.0,0.64
VWAP_ALIGN,2024-12-03,2024-12-03 09:01:00,LONG,20.0,295.0,0.64
VWAP_ALIGN,2024-12-04,2024-12-04 09:08:00,LONG,20.0,295.0,0.64
VWAP_ALIGN,2024-12-05,2024-12-05 09:51:00,SHORT,-20.0,255.0,0.62
VWAP_ALIGN,2024-12-09,2024-12-09 09:27:00,SHORT,20.0,295.0,0.64
VWAP_ALIGN,2024-12-10,2024-12-10 09:08:00,LONG,-20.0,255.0,0.62
VWAP_ALIGN,2024-12-12,2024-12-12 09:09:00,SHORT,20.0,295.0,0.64
VWAP_ALIGN,2024-12-17,2024-12-17 09:03:00,SHORT,-20.0,295.0,0.64
VWAP_ALIGN,2024-12-18,2024-12-18 09:12:00,LONG,20.0,335.0,0.66
VWAP_ALIGN,2024-12-24,2024-12-24 09:01:00,LONG,20.0,375.0,0.68
VWAP_ALIGN,2025-01-08,2025-01-08 09:03:00,LONG,-20.0,375.0,0.68
VWAP_ALIGN,2025-01-20,2025-01-20 10:09:00,SHORT,20.0,415.0,0.7
VWAP_ALIGN,2025-01-23,2025-01-23 09:35:00,LONG,20.0,415.0,0.7
VWAP_ALIGN,2025-01-24,2025-01-24 09:20:00,SHORT,20.0,415.0,0.7
VWAP_ALIGN,2025-01-29,2025-01-29 09:28:00,SHORT,-20.0,375.0,0.68
VWAP_ALIGN,2025-01-31,2025-01-31 09:08:00,LONG,20.0,375.0,0.68
VWAP_ALIGN,2025-02-05,2025-02-05 09:04:00,SHORT,-20.0,375.0,0.68
VWAP_ALIGN,2025-02-06,2025-02-06 09:12:00,LONG,20.0,375.0,0.68
VWAP_ALIGN,2025-02-10,2025-02-10 09:04:00,LONG,20.0,415.0,0.7
VWAP_ALIGN,2025-02-11,2025-02-11 09:01:00,LONG,-20.0,375.0,0.68
VWAP_ALIGN,2025-02-13,2025-02-13 09:16:00,LONG,20.0,375.0,0.68
VWAP_ALIGN,2025-02-14,2025-02-14 09:09:00,LONG,-20.0,335.0,0.66
VWAP_ALIGN,2025-02-17,2025-02-17 10:03:00,LONG,-20.0,295.0,0.64
VWAP_ALIGN,2025-02-18,2025-02-18 09:02:00,SHORT,-20.0,255.0,0.62
VWAP_ALIGN,2025-02-19,2025-02-19 09:03:00,SHORT,20.0,255.0,0.62
VWAP_ALIGN,2025-02-21,2025-02-21 09:06:00,SHORT,20.0,255.0,0.62
VWAP_ALIGN,2025-03-06,2025-03-06 10:39:00,LONG,-20.0,255.0,0.62
VWAP_ALIGN,2025-03-18,2025-03-18 09:01:00,SHORT,20.0,255.0,0.62
VWAP_ALIGN,2025-03-19,2025-03-19 09:22:00,LONG,20.0,255.0,0.62
VWAP_ALIGN,2025-03-21,2025-03-21 09:01:00,LONG,-20.0,215.0,0.6
VWAP_ALIGN,2025-03-24,2025-03-24 09:07:00,LONG,-20.0,175.0,0.58
VWAP_ALIGN,2025-03-25,2025-03-25 11:30:00,SHORT,3.75,158.75,0.58
VWAP_ALIGN,2025-03-26,2025-03-26 09:43:00,SHORT,20.0,158.75,0.58
VWAP_ALIGN,2025-03-27,2025-03-27 10:09:00,SHORT,20.0,158.75,0.58
VWAP_ALIGN,2025-03-28,2025-03-28 09:02:00,SHORT,20.0,158.75,0.58
VWAP_ALIGN,2025-03-31,2025-03-31 09:02:00,LONG,-20.0,158.75,0.58
VWAP_ALIGN,2025-04-02,2025-04-02 09:48:00,LONG,-20.0,118.75,0.56
VWAP_ALIGN,2025-04-14,2025-04-14 09:03:00,SHORT,20.0,158.75,0.58
VWAP_ALIGN,2025-04-15,2025-04-15 09:21:00,LONG,-20.0,158.75,0.58
VWAP_ALIGN,2025-04-16,2025-04-16 09:24:00,LONG,20.0,198.75,0.6
VWAP_ALIGN,2025-04-17,2025-04-17 11:29:00,LONG,20.0,238.75,0.62
VWAP_ALIGN,2025-04-21,2025-04-21 09:15:00,SHORT,20.0,238.75,0.62
VWAP_ALIGN,2025-04-22,2025-04-22 09:04:00,LONG,20.0,278.75,0.64
VWAP_ALIGN,2025-04-24,2025-04-24 09:21:00,LONG,-20.0,238.75,0.62
VWAP_ALIGN,2025-04-28,2025-04-28 09:07:00,SHORT,20.0,238.75,0.62
VWAP_ALIGN,2025-04-29,2025-04-29 10:56:00,SHORT,-20.0,198.75,0.6
VWAP_ALIGN,2025-04-30,2025-04-30 09:01:00,LONG,20.0,198.75,0.6
VWAP_ALIGN,2025-05-01,2025-05-01 09:05:00,LONG,20.0,238.75,0.62
VWAP_ALIGN,2025-05-02,2025-05-02 09:16:00,LONG,-20.0,198.75,0.6
VWAP_ALIGN,2025-05-05,2025-05-05 09:21:00,LONG,-20.0,183.75,0.6
VWAP_ALIGN,2025-05-06,2025-05-06 09:28:00,LONG,-20.0,143.75,0.58
VWAP_ALIGN,2025-05-13,2025-05-13 09:18:00,LONG,20.0,143.75,0.58
VWAP_ALIGN,2025-05-14,2025-05-14 09:28:00,LONG,20.0,143.75,0.58
VWAP_ALIGN,2025-05-15,2025-05-15 09:01:00,LONG,20.0,183.75,0.6
VWAP_ALIGN,2025-05-16,2025-05-16 09:33:00,LONG,20.0,183.75,0.6
VWAP_ALIGN,2025-05-19,2025-05-19 09:38:00,LONG,20.0,223.75,0.62
VWAP_ALIGN,2025-05-20,2025-05-20 10:39:00,LONG,20.0,223.75,0.62
VWAP_ALIGN,2025-05-21,2025-05-21 09:03:00,LONG,20.0,263.75,0.64
VWAP_ALIGN,2025-05-22,2025-05-22 09:45:00,LONG,-20.0,223.75,0.62
VWAP_ALIGN,2025-05-23,2025-05-23 09:06:00,SHORT,-20.0,183.75,0.6
VWAP_ALIGN,2025-05-26,2025-05-26 09:04:00,SHORT,-20.0,183.75,0.6
VWAP_ALIGN,2025-05-27,2025-05-27 09:26:00,LONG,-20.0,143.75,0.58
VWAP_ALIGN,2025-05-28,2025-05-28 10:42:00,LONG,20.0,143.75,0.58
VWAP_ALIGN,2025-05-29,2025-05-29 09:49:00,SHORT,-20.0,103.75,0.56
VWAP_ALIGN,2025-05-30,2025-05-30 09:12:00,SHORT,20.0,143.75,0.58
VWAP_ALIGN,2025-06-02,2025-06-02 09:51:00,LONG,20.0,143.75,0.58
VWAP_ALIGN,2025-06-03,2025-06-03 09:02:00,LONG,20.0,183.75,0.6
VWAP_ALIGN,2025-06-04,2025-06-04 09:01:00,LONG,20.0,183.75,0.6
VWAP_ALIGN,2025-06-06,2025-06-06 09:06:00,LONG,20.0,183.75,0.6
VWAP_ALIGN,2025-06-10,2025-06-10 09:30:00,SHORT,20.0,223.75,0.62
VWAP_ALIGN,2025-06-11,2025-06-11 09:03:00,LONG,-20.0,183.75,0.6
VWAP_ALIGN,2025-06-12,2025-06-12 09:07:00,LONG,-20.0,183.75,0.6
VWAP_ALIGN,2025-06-17,2025-06-17 09:10:00,LONG,20.0,223.75,0.62
VWAP_ALIGN,2025-06-23,2025-06-23 11:11:00,SHORT,20.0,263.75,0.64
VWAP_ALIGN,2025-06-24,2025-06-24 09:03:00,LONG,20.0,263.75,0.64
VWAP_ALIGN,2025-06-25,2025-06-25 09:03:00,SHORT,20.0,263.75,0.64
VWAP_ALIGN,2025-06-26,2025-06-26 09:17:00,LONG,-20.0,263.75,0.64
VWAP_ALIGN,2025-06-27,2025-06-27 09:46:00,LONG,-20.0,223.75,0.62
VWAP_ALIGN,2025-06-30,2025-06-30 09:17:00,SHORT,-20.0,183.75,0.6
VWAP_ALIGN,2025-07-01,2025-07-01 09:07:00,SHORT,20.0,223.75,0.62
VWAP_ALIGN,2025-07-02,2025-07-02 09:02:00,LONG,-20.0,223.75,0.62
VWAP_ALIGN,2025-07-03,2025-07-03 09:14:00,LONG,20.0,240.0,0.62
VWAP_ALIGN,2025-07-07,2025-07-07 10:01:00,LONG,20.0,240.0,0.62
VWAP_ALIGN,2025-07-08,2025-07-08 10:24:00,LONG,20.0,240.0,0.62
VWAP_ALIGN,2025-07-10,2025-07-10 09:32:00,LONG,20.0,240.0,0.62
VWAP_ALIGN,2025-07-11,2025-07-11 09:23:00,SHORT,-20.0,240.0,0.62
VWAP_ALIGN,2025-07-14,2025-07-14 09:01:00,LONG,20.0,280.0,0.64
VWAP_ALIGN,2025-07-15,2025-07-15 11:15:00,SHORT,-20.0,240.0,0.62
VWAP_ALIGN,2025-07-16,2025-07-16 09:14:00,LONG,-20.0,240.0,0.62
VWAP_ALIGN,2025-07-17,2025-07-17 09:01:00,LONG,20.0,240.0,0.62
VWAP_ALIGN,2025-07-18,2025-07-18 09:04:00,SHORT,-20.0,200.0,0.6
VWAP_ALIGN,2025-07-22,2025-07-22 09:37:00,LONG,-20.0,160.0,0.58
VWAP_ALIGN,2025-07-23,2025-07-23 09:01:00,LONG,-20.0,120.0,0.56
VWAP_ALIGN,2025-07-24,2025-07-24 09:01:00,LONG,-20.0,120.0,0.56
VWAP_ALIGN,2025-07-25,2025-07-25 09:56:00,LONG,20.0,120.0,0.56
VWAP_ALIGN,2025-07-28,2025-07-28 09:29:00,SHORT,-20.0,120.0,0.56
VWAP_ALIGN,2025-07-29,2025-07-29 09:07:00,SHORT,20.0,120.0,0.56
VWAP_ALIGN,2025-07-30,2025-07-30 09:23:00,SHORT,20.0,120.0,0.56
VWAP_ALIGN,2025-08-01,2025-08-01 09:01:00,SHORT,-20.0,120.0,0.56
VWAP_ALIGN,2025-08-04,2025-08-04 09:58:00,LONG,20.0,160.0,0.58
VWAP_ALIGN,2025-08-06,2025-08-06 09:09:00,LONG,20.0,200.0,0.6
VWAP_ALIGN,2025-08-07,2025-08-07 09:15:00,SHORT,-20.0,160.0,0.58
VWAP_ALIGN,2025-08-11,2025-08-11 09:07:00,SHORT,-20.0,120.0,0.56
VWAP_ALIGN,2025-08-12,2025-08-12 09:02:00,LONG,20.0,120.0,0.56
VWAP_ALIGN,2025-08-13,2025-08-13 09:06:00,SHORT,20.0,120.0,0.56
VWAP_ALIGN,2025-08-14,2025-08-14 09:57:00,SHORT,20.0,120.0,0.56
VWAP_ALIGN,2025-08-15,2025-08-15 10:01:00,SHORT,-20.0,80.0,0.54
VWAP_ALIGN,2025-08-19,2025-08-19 09:02:00,SHORT,-20.0,40.0,0.52
VWAP_ALIGN,2025-08-21,2025-08-21 09:20:00,SHORT,20.0,80.0,0.54
VWAP_ALIGN,2025-08-25,2025-08-25 09:02:00,LONG,20.0,120.0,0.56
VWAP_ALIGN,2025-08-27,2025-08-27 09:48:00,LONG,-20.0,120.0,0.56
VWAP_ALIGN,2025-08-28,2025-08-28 09:16:00,LONG,20.0,160.0,0.58
VWAP_ALIGN,2025-08-29,2025-08-29 11:16:00,SHORT,-20.0,120.0,0.56
VWAP_ALIGN,2025-09-03,2025-09-03 09:35:00,SHORT,20.0,160.0,0.58
VWAP_ALIGN,2025-09-04,2025-09-04 09:02:00,LONG,-20.0,120.0,0.56
VWAP_ALIGN,2025-09-09,2025-09-09 10:10:00,LONG,20.0,120.0,0.56
VWAP_ALIGN,2025-09-10,2025-09-10 09:17:00,SHORT,20.0,120.0,0.56
VWAP_ALIGN,2025-09-11,2025-09-11 09:38:00,LONG,20.0,120.0,0.56
VWAP_ALIGN,2025-09-16,2025-09-16 09:02:00,SHORT,20.0,120.0,0.56
VWAP_ALIGN,2025-09-17,2025-09-17 09:05:00,SHORT,-20.0,80.0,0.54
VWAP_ALIGN,2025-09-19,2025-09-19 09:15:00,SHORT,20.0,120.0,0.56
VWAP_ALIGN,2025-09-22,2025-09-22 09:01:00,LONG,-20.0,120.0,0.56
VWAP_ALIGN,2025-09-23,2025-09-23 09:02:00,SHORT,-20.0,80.0,0.54
VWAP_ALIGN,2025-09-24,2025-09-24 09:04:00,SHORT,20.0,80.0,0.54
VWAP_ALIGN,2025-09-25,2025-09-25 09:37:00,LONG,20.0,80.0,0.54
VWAP_ALIGN,2025-09-26,2025-09-26 10:22:00,LONG,20.0,80.0,0.54
VWAP_ALIGN,2025-09-30,2025-09-30 09:01:00,LONG,-20.0,80.0,0.54
VWAP_ALIGN,2025-10-01,2025-10-01 09:02:00,LONG,-20.0,80.0,0.54
VWAP_ALIGN,2025-10-02,2025-10-02 09:02:00,SHORT,20.0,120.0,0.56
VWAP_ALIGN,2025-10-03,2025-10-03 09:17:00,LONG,-20.0,80.0,0.54
VWAP_ALIGN,2025-10-06,2025-10-06 09:05:00,LONG,20.0,120.0,0.56
VWAP_ALIGN,2025-10-07,2025-10-07 09:03:00,SHORT,20.0,120.0,0.56
VWAP_ALIGN,2025-10-08,2025-10-08 09:34:00,LONG,20.0,120.0,0.56
VWAP_ALIGN,2025-10-09,2025-10-09 11:16:00,SHORT,-20.0,80.0,0.54
VWAP_ALIGN,2025-10-14,2025-10-14 09:06:00,LONG,-20.0,40.0,0.52
VWAP_ALIGN,2025-10-20,2025-10-20 09:25:00,LONG,20.0,80.0,0.54
VWAP_ALIGN,2025-10-21,2025-10-21 09:47:00,LONG,20.0,80.0,0.54
VWAP_ALIGN,2025-10-23,2025-10-23 09:55:00,LONG,20.0,120.0,0.56
VWAP_ALIGN,2025-10-24,2025-10-24 09:23:00,LONG,-20.0,120.0,0.56
VWAP_ALIGN,2025-10-27,2025-10-27 09:14:00,LONG,20.0,120.0,0.56
VWAP_ALIGN,2025-10-28,2025-10-28 09:09:00,LONG,-20.0,120.0,0.56
VWAP_ALIGN,2025-10-29,2025-10-29 09:15:00,SHORT,-20.0,120.0,0.56
VWAP_ALIGN,2025-10-30,2025-10-30 09:47:00,SHORT,-20.0,120.0,0.56
VWAP_ALIGN,2025-10-31,2025-10-31 09:39:00,SHORT,20.0,160.0,0.58
VWAP_ALIGN,2025-11-11,2025-11-11 09:15:00,SHORT,20.0,160.0,0.58
VWAP_ALIGN,2025-11-28,2025-11-28 10:07:00,LONG,-20.0,160.0,0.58
VWAP_ALIGN,2025-12-03,2025-12-03 09:17:00,LONG,20.0,160.0,0.58
VWAP_ALIGN,2025-12-09,2025-12-09 09:29:00,LONG,20.0,160.0,0.58
VWAP_ALIGN,2025-12-10,2025-12-10 09:55:00,SHORT,20.0,200.0,0.6
VWAP_ALIGN,2025-12-12,2025-12-12 09:06:00,SHORT,20.0,200.0,0.6
VWAP_ALIGN,2025-12-23,2025-12-23 09:04:00,SHORT,-20.0,160.0,0.58
VWAP_ALIGN,2025-12-24,2025-12-24 09:12:00,LONG,-20.0,160.0,0.58
VWAP_ALIGN,2025-12-26,2025-12-26 09:04:00,SHORT,20.0,200.0,0.6
VWAP_ALIGN,2025-12-30,2025-12-30 10:21:00,LONG,-20.0,160.0,0.58
VWAP_ALIGN,2025-12-31,2025-12-31 09:19:00,SHORT,-20.0,120.0,0.56
VWAP_ALIGN,2026-01-07,2026-01-07 09:33:00,LONG,20.0,120.0,0.56
VWAP_ALIGN,2026-01-13,2026-01-13 09:04:00,SHORT,-20.0,120.0,0.56
VWAP_ALIGN,2026-01-15,2026-01-15 09:48:00,SHORT,20.0,160.0,0.58
VWAP_ALIGN,2026-01-23,2026-01-23 09:01:00,LONG,20.0,160.0,0.58
VWAP_ALIGN,2026-01-28,2026-01-28 09:32:00,SHORT,20.0,160.0,0.58
VWAP_ALIGN,2026-02-16,2026-02-16 09:35:00,SHORT,-20.0,160.0,0.58
VWAP_ALIGN,2026-03-18,2026-03-18 11:08:00,SHORT,20.0,160.0,0.58
VWAP_ALIGN,2026-03-19,2026-03-19 09:12:00,LONG,20.0,200.0,0.6
VWAP_ALIGN,2026-03-23,2026-03-23 09:04:00,LONG,20.0,200.0,0.6
VWAP_ALIGN,2026-03-25,2026-03-25 09:08:00,SHORT,20.0,240.0,0.62
VWAP_ALIGN,2026-03-27,2026-03-27 11:18:00,SHORT,20.0,240.0,0.62
VWAP_ALIGN,2026-03-30,2026-03-30 09:01:00,LONG,20.0,240.0,0.62
VWAP_ALIGN,2026-04-09,2026-04-09 09:13:00,LONG,20.0,240.0,0.62
VWAP_ALIGN,2026-04-10,2026-04-10 09:16:00,LONG,-20.0,200.0,0.6
VWAP_ALIGN,2026-04-13,2026-04-13 10:27:00,LONG,20.0,240.0,0.62
VWAP_ALIGN,2026-04-14,2026-04-14 09:21:00,LONG,20.0,240.0,0.62
VWAP_ALIGN,2026-04-15,2026-04-15 09:12:00,LONG,20.0,280.0,0.64
VWAP_ALIGN,2026-04-17,2026-04-17 09:32:00,LONG,20.0,320.0,0.66
VWAP_ALIGN,2026-04-22,2026-04-22 11:19:00,LONG,20.0,320.0,0.66
VWAP_ALIGN,2026-04-23,2026-04-23 09:03:00,LONG,20.0,320.0,0.66
VWAP_ALIGN,2026-04-27,2026-04-27 09:22:00,SHORT,-20.0,280.0,0.64
VWAP_ALIGN,2026-04-29,2026-04-29 09:59:00,SHORT,-20.0,280.0,0.64
VWAP_ALIGN,2026-05-04,2026-05-04 09:14:00,SHORT,20.0,320.0,0.66
VWAP_ALIGN,2026-05-05,2026-05-05 09:38:00,LONG,-20.0,280.0,0.64
VWAP_EMA20_ALIGN,2018-01-02,2018-01-02 09:01:00,LONG,20.0,,
VWAP_EMA20_ALIGN,2018-01-03,2018-01-03 09:01:00,LONG,11.0,,
VWAP_EMA20_ALIGN,2018-01-12,2018-01-12 09:01:00,LONG,20.0,,
VWAP_EMA20_ALIGN,2018-01-16,2018-01-16 10:00:00,SHORT,20.0,,
VWAP_EMA20_ALIGN,2018-01-17,2018-01-17 10:10:00,LONG,5.5,,
VWAP_EMA20_ALIGN,2018-01-19,2018-01-19 09:03:00,SHORT,4.5,,
VWAP_EMA20_ALIGN,2018-01-23,2018-01-23 09:19:00,LONG,3.0,,
VWAP_EMA20_ALIGN,2018-01-24,2018-01-24 09:14:00,LONG,-20.0,,
VWAP_EMA20_ALIGN,2018-01-26,2018-01-26 09:09:00,LONG,6.0,,
VWAP_EMA20_ALIGN,2018-01-29,2018-01-29 09:41:00,SHORT,-20.0,,
VWAP_EMA20_ALIGN,2018-01-30,2018-01-30 09:05:00,SHORT,-20.0,,
VWAP_EMA20_ALIGN,2018-02-01,2018-02-01 09:03:00,LONG,7.5,,
VWAP_EMA20_ALIGN,2018-02-02,2018-02-02 09:01:00,SHORT,20.0,,
VWAP_EMA20_ALIGN,2018-02-05,2018-02-05 09:03:00,LONG,20.0,,
VWAP_EMA20_ALIGN,2018-02-07,2018-02-07 09:06:00,LONG,20.0,,
VWAP_EMA20_ALIGN,2018-02-08,2018-02-08 09:34:00,SHORT,20.0,,
VWAP_EMA20_ALIGN,2018-02-09,2018-02-09 09:41:00,SHORT,20.0,,
VWAP_EMA20_ALIGN,2018-02-12,2018-02-12 09:13:00,SHORT,20.0,,
VWAP_EMA20_ALIGN,2018-02-13,2018-02-13 09:10:00,LONG,20.0,,
VWAP_EMA20_ALIGN,2018-02-14,2018-02-14 09:13:00,LONG,20.0,,
VWAP_EMA20_ALIGN,2018-02-15,2018-02-15 09:46:00,SHORT,20.0,,
VWAP_EMA20_ALIGN,2018-02-16,2018-02-16 09:31:00,LONG,11.5,,
VWAP_EMA20_ALIGN,2018-02-19,2018-02-19 09:07:00,SHORT,20.0,,
VWAP_EMA20_ALIGN,2018-02-20,2018-02-20 09:13:00,LONG,20.0,,
VWAP_EMA20_ALIGN,2018-02-21,2018-02-21 09:18:00,LONG,20.0,,
VWAP_EMA20_ALIGN,2018-02-22,2018-02-22 09:46:00,LONG,-11.75,,
VWAP_EMA20_ALIGN,2018-02-23,2018-02-23 09:17:00,SHORT,-20.0,,
VWAP_EMA20_ALIGN,2018-02-26,2018-02-26 10:43:00,LONG,1.5,,
VWAP_EMA20_ALIGN,2018-02-27,2018-02-27 09:14:00,LONG,-20.0,,
VWAP_EMA20_ALIGN,2018-02-28,2018-02-28 09:16:00,LONG,-20.0,,
VWAP_EMA20_ALIGN,2018-03-02,2018-03-02 09:35:00,LONG,20.0,,
VWAP_EMA20_ALIGN,2018-03-05,2018-03-05 09:14:00,SHORT,-20.0,,
VWAP_EMA20_ALIGN,2018-03-06,2018-03-06 09:28:00,LONG,-20.0,,
VWAP_EMA20_ALIGN,2018-03-07,2018-03-07 09:26:00,LONG,-20.0,,
VWAP_EMA20_ALIGN,2018-03-08,2018-03-08 09:05:00,SHORT,-20.0,,
VWAP_EMA20_ALIGN,2018-03-13,2018-03-13 09:01:00,SHORT,20.0,,
VWAP_EMA20_ALIGN,2018-03-14,2018-03-14 09:13:00,SHORT,20.0,,
VWAP_EMA20_ALIGN,2018-03-19,2018-03-19 09:02:00,SHORT,20.0,,
VWAP_EMA20_ALIGN,2018-03-20,2018-03-20 09:15:00,SHORT,20.0,,
VWAP_EMA20_ALIGN,2018-03-22,2018-03-22 09:26:00,SHORT,20.0,,
VWAP_EMA20_ALIGN,2018-03-23,2018-03-23 09:30:00,SHORT,20.0,,
VWAP_EMA20_ALIGN,2018-03-26,2018-03-26 09:05:00,SHORT,20.0,,
VWAP_EMA20_ALIGN,2018-03-27,2018-03-27 09:01:00,SHORT,-20.0,,
VWAP_EMA20_ALIGN,2018-03-28,2018-03-28 10:32:00,LONG,20.0,,
VWAP_EMA20_ALIGN,2018-03-29,2018-03-29 09:01:00,LONG,-20.0,,
VWAP_EMA20_ALIGN,2018-04-02,2018-04-02 09:01:00,SHORT,20.0,,
VWAP_EMA20_ALIGN,2018-04-03,2018-04-03 09:01:00,LONG,20.0,,
VWAP_EMA20_ALIGN,2018-04-04,2018-04-04 09:17:00,LONG,20.0,,
VWAP_EMA20_ALIGN,2018-04-05,2018-04-05 09:03:00,LONG,20.0,,
VWAP_EMA20_ALIGN,2018-04-06,2018-04-06 09:02:00,SHORT,-20.0,338.75,0.72
VWAP_EMA20_ALIGN,2018-04-10,2018-04-10 09:46:00,SHORT,20.0,338.75,0.72
VWAP_EMA20_ALIGN,2018-04-11,2018-04-11 09:54:00,LONG,-20.0,307.75,0.7
VWAP_EMA20_ALIGN,2018-04-12,2018-04-12 09:24:00,LONG,-20.0,267.75,0.68
VWAP_EMA20_ALIGN,2018-04-13,2018-04-13 09:03:00,SHORT,-20.0,227.75,0.66
VWAP_EMA20_ALIGN,2018-04-16,2018-04-16 09:13:00,SHORT,-20.0,202.25,0.64
VWAP_EMA20_ALIGN,2018-04-17,2018-04-17 09:01:00,LONG,20.0,217.75,0.64
VWAP_EMA20_ALIGN,2018-04-18,2018-04-18 09:02:00,LONG,16.0,230.75,0.64
VWAP_EMA20_ALIGN,2018-04-19,2018-04-19 09:04:00,SHORT,20.0,270.75,0.66
VWAP_EMA20_ALIGN,2018-04-20,2018-04-20 09:04:00,SHORT,20.0,284.75,0.66
VWAP_EMA20_ALIGN,2018-04-23,2018-04-23 09:05:00,LONG,-20.0,284.75,0.66
VWAP_EMA20_ALIGN,2018-04-24,2018-04-24 09:29:00,SHORT,20.0,324.75,0.68
VWAP_EMA20_ALIGN,2018-04-25,2018-04-25 09:02:00,LONG,20.0,337.25,0.68
VWAP_EMA20_ALIGN,2018-04-26,2018-04-26 10:41:00,LONG,13.0,330.25,0.68
VWAP_EMA20_ALIGN,2018-04-30,2018-04-30 09:17:00,SHORT,20.0,330.25,0.68
VWAP_EMA20_ALIGN,2018-05-01,2018-05-01 09:10:00,SHORT,12.5,322.75,0.68
VWAP_EMA20_ALIGN,2018-05-02,2018-05-02 09:43:00,SHORT,20.0,322.75,0.68
VWAP_EMA20_ALIGN,2018-05-03,2018-05-03 10:39:00,LONG,20.0,322.75,0.68
VWAP_EMA20_ALIGN,2018-05-04,2018-05-04 09:02:00,LONG,20.0,322.75,0.68
VWAP_EMA20_ALIGN,2018-05-07,2018-05-07 09:21:00,LONG,-20.0,282.75,0.66
VWAP_EMA20_ALIGN,2018-05-08,2018-05-08 09:09:00,SHORT,-20.0,242.75,0.64
VWAP_EMA20_ALIGN,2018-05-09,2018-05-09 10:02:00,LONG,20.0,242.75,0.64
VWAP_EMA20_ALIGN,2018-05-11,2018-05-11 10:13:00,SHORT,4.75,236.0,0.64
VWAP_EMA20_ALIGN,2018-05-15,2018-05-15 09:10:00,SHORT,-0.75,215.25,0.62
VWAP_EMA20_ALIGN,2018-05-18,2018-05-18 09:07:00,LONG,-0.5,194.75,0.6
VWAP_EMA20_ALIGN,2018-05-23,2018-05-23 09:36:00,LONG,20.0,194.75,0.6
VWAP_EMA20_ALIGN,2018-05-29,2018-05-29 09:38:00,SHORT,20.0,226.5,0.62
VWAP_EMA20_ALIGN,2018-05-30,2018-05-30 09:25:00,LONG,6.25,252.75,0.64
VWAP_EMA20_ALIGN,2018-05-31,2018-05-31 09:39:00,LONG,20.0,271.25,0.64
VWAP_EMA20_ALIGN,2018-06-01,2018-06-01 09:35:00,LONG,16.5,307.75,0.66
VWAP_EMA20_ALIGN,2018-06-04,2018-06-04 09:01:00,LONG,20.0,347.75,0.68
VWAP_EMA20_ALIGN,2018-06-05,2018-06-05 09:07:00,SHORT,20.0,347.75,0.68
VWAP_EMA20_ALIGN,2018-06-06,2018-06-06 11:21:00,LONG,11.5,379.25,0.7
VWAP_EMA20_ALIGN,2018-06-07,2018-06-07 10:57:00,SHORT,0.75,400.0,0.72
VWAP_EMA20_ALIGN,2018-06-08,2018-06-08 09:09:00,LONG,-20.0,400.0,0.72
VWAP_EMA20_ALIGN,2018-06-14,2018-06-14 09:39:00,LONG,8.0,428.0,0.74
VWAP_EMA20_ALIGN,2018-06-15,2018-06-15 10:55:00,LONG,0.75,408.75,0.74
VWAP_EMA20_ALIGN,2018-06-18,2018-06-18 09:05:00,LONG,-7.25,381.5,0.72
VWAP_EMA20_ALIGN,2018-06-19,2018-06-19 09:18:00,LONG,20.0,381.5,0.72
VWAP_EMA20_ALIGN,2018-06-20,2018-06-20 09:24:00,LONG,20.0,381.5,0.72
VWAP_EMA20_ALIGN,2018-06-21,2018-06-21 10:02:00,LONG,-20.0,341.5,0.7
VWAP_EMA20_ALIGN,2018-06-25,2018-06-25 09:06:00,SHORT,20.0,341.5,0.7
VWAP_EMA20_ALIGN,2018-06-26,2018-06-26 09:15:00,LONG,20.0,341.5,0.7
VWAP_EMA20_ALIGN,2018-06-28,2018-06-28 09:25:00,LONG,-20.0,341.5,0.7
VWAP_EMA20_ALIGN,2018-06-29,2018-06-29 09:55:00,SHORT,-0.5,321.0,0.68
VWAP_EMA20_ALIGN,2018-07-02,2018-07-02 09:03:00,LONG,-20.0,321.0,0.68
VWAP_EMA20_ALIGN,2018-07-03,2018-07-03 09:10:00,SHORT,20.0,321.0,0.68
VWAP_EMA20_ALIGN,2018-07-05,2018-07-05 09:20:00,LONG,20.0,321.0,0.68
VWAP_EMA20_ALIGN,2018-07-06,2018-07-06 09:07:00,LONG,20.0,321.0,0.68
VWAP_EMA20_ALIGN,2018-07-09,2018-07-09 09:08:00,LONG,-1.0,300.0,0.66
VWAP_EMA20_ALIGN,2018-07-11,2018-07-11 09:57:00,SHORT,20.0,340.0,0.68
VWAP_EMA20_ALIGN,2018-07-17,2018-07-17 09:05:00,LONG,20.0,340.0,0.68
VWAP_EMA20_ALIGN,2018-07-19,2018-07-19 09:06:00,LONG,-20.0,340.0,0.68
VWAP_EMA20_ALIGN,2018-07-20,2018-07-20 11:12:00,SHORT,20.0,380.0,0.7
VWAP_EMA20_ALIGN,2018-07-23,2018-07-23 09:32:00,LONG,9.0,409.0,0.72
VWAP_EMA20_ALIGN,2018-07-24,2018-07-24 09:01:00,SHORT,20.0,449.0,0.74
VWAP_EMA20_ALIGN,2018-07-27,2018-07-27 10:00:00,SHORT,20.0,449.0,0.74
VWAP_EMA20_ALIGN,2018-07-30,2018-07-30 09:01:00,SHORT,20.0,453.0,0.74
VWAP_EMA20_ALIGN,2018-07-31,2018-07-31 09:05:00,LONG,20.0,453.0,0.74
VWAP_EMA20_ALIGN,2018-08-02,2018-08-02 09:27:00,LONG,20.0,453.0,0.74
VWAP_EMA20_ALIGN,2018-08-03,2018-08-03 09:57:00,SHORT,-12.5,460.5,0.74
VWAP_EMA20_ALIGN,2018-08-07,2018-08-07 09:27:00,SHORT,-20.0,420.5,0.72
VWAP_EMA20_ALIGN,2018-08-14,2018-08-14 09:49:00,LONG,-4.0,396.5,0.7
VWAP_EMA20_ALIGN,2018-08-16,2018-08-16 09:16:00,LONG,-4.0,379.5,0.68
VWAP_EMA20_ALIGN,2018-08-20,2018-08-20 10:27:00,LONG,10.75,370.25,0.68
VWAP_EMA20_ALIGN,2018-08-22,2018-08-22 09:04:00,LONG,-3.75,354.0,0.66
VWAP_EMA20_ALIGN,2018-08-24,2018-08-24 10:04:00,LONG,-10.25,323.75,0.64
VWAP_EMA20_ALIGN,2018-08-29,2018-08-29 09:17:00,LONG,10.25,314.0,0.64
VWAP_EMA20_ALIGN,2018-08-30,2018-08-30 10:33:00,LONG,13.25,307.25,0.64
VWAP_EMA20_ALIGN,2018-09-04,2018-09-04 09:51:00,SHORT,20.0,347.25,0.66
VWAP_EMA20_ALIGN,2018-09-05,2018-09-05 10:51:00,LONG,13.0,380.25,0.68
VWAP_EMA20_ALIGN,2018-09-06,2018-09-06 09:09:00,SHORT,-20.0,340.25,0.66
VWAP_EMA20_ALIGN,2018-09-07,2018-09-07 09:36:00,LONG,-20.0,315.5,0.64
VWAP_EMA20_ALIGN,2018-09-10,2018-09-10 09:12:00,LONG,-1.5,314.75,0.64
VWAP_EMA20_ALIGN,2018-09-11,2018-09-11 09:10:00,LONG,20.0,335.25,0.66
VWAP_EMA20_ALIGN,2018-09-12,2018-09-12 09:50:00,LONG,20.0,335.25,0.66
VWAP_EMA20_ALIGN,2018-09-13,2018-09-13 09:08:00,LONG,20.0,335.25,0.66
VWAP_EMA20_ALIGN,2018-09-17,2018-09-17 10:29:00,LONG,-17.25,311.75,0.64
VWAP_EMA20_ALIGN,2018-09-18,2018-09-18 09:14:00,LONG,-2.25,289.5,0.62
VWAP_EMA20_ALIGN,2018-09-19,2018-09-19 09:30:00,LONG,-2.0,271.0,0.6
VWAP_EMA20_ALIGN,2018-09-24,2018-09-24 09:21:00,LONG,20.0,271.0,0.6
VWAP_EMA20_ALIGN,2018-09-25,2018-09-25 09:27:00,LONG,7.5,258.5,0.6
VWAP_EMA20_ALIGN,2018-09-28,2018-09-28 09:08:00,LONG,-20.0,227.0,0.58
VWAP_EMA20_ALIGN,2018-10-02,2018-10-02 09:24:00,LONG,-7.75,218.5,0.56
VWAP_EMA20_ALIGN,2018-10-03,2018-10-03 09:01:00,SHORT,-20.0,218.5,0.56
VWAP_EMA20_ALIGN,2018-10-04,2018-10-04 09:33:00,SHORT,20.0,230.5,0.56
VWAP_EMA20_ALIGN,2018-10-05,2018-10-05 09:09:00,SHORT,20.0,249.75,0.56
VWAP_EMA20_ALIGN,2018-10-08,2018-10-08 09:03:00,SHORT,20.0,277.0,0.58
VWAP_EMA20_ALIGN,2018-10-10,2018-10-10 09:05:00,SHORT,20.0,277.0,0.58
VWAP_EMA20_ALIGN,2018-10-11,2018-10-11 09:01:00,SHORT,20.0,277.0,0.58
VWAP_EMA20_ALIGN,2018-10-12,2018-10-12 09:56:00,SHORT,20.0,317.0,0.6
VWAP_EMA20_ALIGN,2018-10-15,2018-10-15 09:01:00,LONG,20.0,317.0,0.6
VWAP_EMA20_ALIGN,2018-10-16,2018-10-16 09:13:00,LONG,20.0,317.0,0.6
VWAP_EMA20_ALIGN,2018-10-17,2018-10-17 09:55:00,LONG,20.0,357.0,0.62
VWAP_EMA20_ALIGN,2018-10-18,2018-10-18 09:09:00,SHORT,20.0,377.5,0.64
VWAP_EMA20_ALIGN,2018-10-23,2018-10-23 09:36:00,LONG,20.0,417.5,0.66
VWAP_EMA20_ALIGN,2018-10-24,2018-10-24 09:55:00,SHORT,20.0,417.5,0.66
VWAP_EMA20_ALIGN,2018-10-25,2018-10-25 09:25:00,LONG,-20.0,377.5,0.64
VWAP_EMA20_ALIGN,2018-10-26,2018-10-26 09:19:00,LONG,20.0,377.5,0.64
VWAP_EMA20_ALIGN,2018-10-29,2018-10-29 09:10:00,SHORT,20.0,398.5,0.66
VWAP_EMA20_ALIGN,2018-10-30,2018-10-30 09:36:00,LONG,20.0,398.5,0.66
VWAP_EMA20_ALIGN,2018-10-31,2018-10-31 10:19:00,SHORT,-20.0,358.5,0.64
VWAP_EMA20_ALIGN,2018-11-01,2018-11-01 09:18:00,LONG,20.0,398.5,0.66
VWAP_EMA20_ALIGN,2018-11-02,2018-11-02 09:21:00,SHORT,-20.0,358.5,0.64
VWAP_EMA20_ALIGN,2018-11-05,2018-11-05 09:03:00,SHORT,20.0,369.5,0.64
VWAP_EMA20_ALIGN,2018-11-07,2018-11-07 09:03:00,LONG,20.0,369.5,0.64
VWAP_EMA20_ALIGN,2018-11-08,2018-11-08 09:03:00,LONG,-20.0,329.5,0.62
VWAP_EMA20_ALIGN,2018-11-09,2018-11-09 09:10:00,SHORT,20.0,329.5,0.62
VWAP_EMA20_ALIGN,2018-11-12,2018-11-12 09:01:00,SHORT,20.0,329.5,0.62
VWAP_EMA20_ALIGN,2018-11-13,2018-11-13 09:22:00,SHORT,20.0,329.5,0.62
VWAP_EMA20_ALIGN,2018-11-14,2018-11-14 09:12:00,SHORT,20.0,362.0,0.64
VWAP_EMA20_ALIGN,2018-11-15,2018-11-15 09:31:00,SHORT,20.0,402.0,0.66
VWAP_EMA20_ALIGN,2018-11-16,2018-11-16 09:15:00,LONG,20.0,426.0,0.68
VWAP_EMA20_ALIGN,2018-11-19,2018-11-19 09:05:00,SHORT,20.0,450.0,0.7
VWAP_EMA20_ALIGN,2018-11-20,2018-11-20 09:12:00,SHORT,20.0,459.25,0.7
VWAP_EMA20_ALIGN,2018-11-21,2018-11-21 10:20:00,LONG,-20.0,443.0,0.7
VWAP_EMA20_ALIGN,2018-11-26,2018-11-26 09:02:00,LONG,-20.0,433.25,0.7
VWAP_EMA20_ALIGN,2018-11-27,2018-11-27 09:05:00,LONG,20.0,443.0,0.7
VWAP_EMA20_ALIGN,2018-11-28,2018-11-28 09:30:00,SHORT,-20.0,409.75,0.68
VWAP_EMA20_ALIGN,2018-11-29,2018-11-29 09:19:00,SHORT,-20.0,369.75,0.66
VWAP_EMA20_ALIGN,2018-11-30,2018-11-30 09:31:00,LONG,20.0,376.75,0.66
VWAP_EMA20_ALIGN,2018-12-03,2018-12-03 10:58:00,SHORT,-19.0,377.75,0.66
VWAP_EMA20_ALIGN,2018-12-04,2018-12-04 10:18:00,SHORT,20.0,417.75,0.68
VWAP_EMA20_ALIGN,2018-12-06,2018-12-06 10:27:00,SHORT,-20.0,399.25,0.68
VWAP_EMA20_ALIGN,2018-12-07,2018-12-07 09:11:00,SHORT,20.0,399.25,0.68
VWAP_EMA20_ALIGN,2018-12-10,2018-12-10 09:54:00,SHORT,20.0,399.25,0.68
VWAP_EMA20_ALIGN,2018-12-11,2018-12-11 09:18:00,SHORT,-20.0,359.25,0.66
VWAP_EMA20_ALIGN,2018-12-12,2018-12-12 09:03:00,LONG,20.0,396.5,0.68
VWAP_EMA20_ALIGN,2018-12-13,2018-12-13 09:13:00,LONG,-20.0,378.75,0.68
VWAP_EMA20_ALIGN,2018-12-14,2018-12-14 09:04:00,LONG,-20.0,360.75,0.68
VWAP_EMA20_ALIGN,2018-12-17,2018-12-17 09:42:00,LONG,20.0,360.75,0.68
VWAP_EMA20_ALIGN,2018-12-18,2018-12-18 10:25:00,SHORT,-20.0,333.25,0.66
VWAP_EMA20_ALIGN,2018-12-19,2018-12-19 09:31:00,LONG,-20.0,333.25,0.66
VWAP_EMA20_ALIGN,2018-12-20,2018-12-20 09:05:00,LONG,20.0,361.0,0.68
VWAP_EMA20_ALIGN,2018-12-21,2018-12-21 09:04:00,SHORT,20.0,401.0,0.7
VWAP_EMA20_ALIGN,2018-12-26,2018-12-26 10:04:00,SHORT,-20.0,361.0,0.68
VWAP_EMA20_ALIGN,2018-12-27,2018-12-27 09:13:00,SHORT,20.0,361.0,0.68
VWAP_EMA20_ALIGN,2018-12-28,2018-12-28 09:25:00,SHORT,20.0,361.0,0.68
VWAP_EMA20_ALIGN,2018-12-31,2018-12-31 09:15:00,SHORT,20.0,361.0,0.68
VWAP_EMA20_ALIGN,2019-01-03,2019-01-03 09:01:00,SHORT,20.0,361.0,0.68
VWAP_EMA20_ALIGN,2019-01-04,2019-01-04 09:01:00,LONG,-20.0,321.0,0.66
VWAP_EMA20_ALIGN,2019-01-07,2019-01-07 09:31:00,LONG,20.0,321.0,0.66
VWAP_EMA20_ALIGN,2019-01-08,2019-01-08 09:14:00,SHORT,20.0,321.0,0.66
VWAP_EMA20_ALIGN,2019-01-09,2019-01-09 09:45:00,SHORT,-20.0,281.0,0.64
VWAP_EMA20_ALIGN,2019-01-10,2019-01-10 09:23:00,LONG,20.0,281.0,0.64
VWAP_EMA20_ALIGN,2019-01-11,2019-01-11 09:09:00,LONG,-20.0,241.0,0.62
VWAP_EMA20_ALIGN,2019-01-14,2019-01-14 09:20:00,LONG,20.0,241.0,0.62
VWAP_EMA20_ALIGN,2019-01-15,2019-01-15 09:10:00,LONG,20.0,281.0,0.64
VWAP_EMA20_ALIGN,2019-01-16,2019-01-16 09:44:00,SHORT,-20.0,241.0,0.62
VWAP_EMA20_ALIGN,2019-01-17,2019-01-17 10:09:00,LONG,-2.25,218.75,0.6
VWAP_EMA20_ALIGN,2019-01-18,2019-01-18 09:45:00,LONG,20.0,218.75,0.6
VWAP_EMA20_ALIGN,2019-01-22,2019-01-22 09:07:00,SHORT,20.0,258.75,0.62
VWAP_EMA20_ALIGN,2019-01-23,2019-01-23 09:23:00,SHORT,20.0,258.75,0.62
VWAP_EMA20_ALIGN,2019-01-24,2019-01-24 09:16:00,LONG,-20.0,258.75,0.62
VWAP_EMA20_ALIGN,2019-01-25,2019-01-25 09:01:00,LONG,20.0,258.75,0.62
VWAP_EMA20_ALIGN,2019-01-29,2019-01-29 09:12:00,SHORT,20.0,258.75,0.62
VWAP_EMA20_ALIGN,2019-01-30,2019-01-30 09:06:00,SHORT,-20.0,258.75,0.62
VWAP_EMA20_ALIGN,2019-01-31,2019-01-31 09:04:00,LONG,20.0,258.75,0.62
VWAP_EMA20_ALIGN,2019-02-01,2019-02-01 09:10:00,LONG,-20.0,218.75,0.6
VWAP_EMA20_ALIGN,2019-02-04,2019-02-04 09:12:00,LONG,20.0,218.75,0.6
VWAP_EMA20_ALIGN,2019-02-05,2019-02-05 09:31:00,LONG,-11.75,187.0,0.58
VWAP_EMA20_ALIGN,2019-02-06,2019-02-06 09:01:00,SHORT,20.0,187.0,0.58
VWAP_EMA20_ALIGN,2019-02-07,2019-02-07 09:24:00,LONG,-20.0,147.0,0.56
VWAP_EMA20_ALIGN,2019-02-08,2019-02-08 09:18:00,SHORT,-20.0,107.0,0.54
VWAP_EMA20_ALIGN,2019-02-11,2019-02-11 10:15:00,SHORT,-10.75,76.25,0.52
VWAP_EMA20_ALIGN,2019-02-12,2019-02-12 09:02:00,LONG,20.0,116.25,0.54
VWAP_EMA20_ALIGN,2019-02-13,2019-02-13 09:12:00,SHORT,20.0,156.25,0.56
VWAP_EMA20_ALIGN,2019-02-14,2019-02-14 09:03:00,LONG,-20.0,116.25,0.54
VWAP_EMA20_ALIGN,2019-02-15,2019-02-15 10:18:00,SHORT,-10.0,126.25,0.54
VWAP_EMA20_ALIGN,2019-02-19,2019-02-19 09:06:00,LONG,14.25,160.5,0.56
VWAP_EMA20_ALIGN,2019-02-20,2019-02-20 09:29:00,LONG,-20.0,120.5,0.54
VWAP_EMA20_ALIGN,2019-02-21,2019-02-21 09:12:00,SHORT,-20.0,119.5,0.54
VWAP_EMA20_ALIGN,2019-02-22,2019-02-22 09:01:00,LONG,20.0,119.5,0.54
VWAP_EMA20_ALIGN,2019-02-25,2019-02-25 10:08:00,LONG,-20.0,119.5,0.54
VWAP_EMA20_ALIGN,2019-02-26,2019-02-26 09:01:00,LONG,20.0,119.5,0.54
VWAP_EMA20_ALIGN,2019-02-27,2019-02-27 09:05:00,SHORT,20.0,119.5,0.54
VWAP_EMA20_ALIGN,2019-02-28,2019-02-28 09:07:00,SHORT,-20.0,119.5,0.54
VWAP_EMA20_ALIGN,2019-03-05,2019-03-05 10:09:00,LONG,-0.5,99.0,0.52
VWAP_EMA20_ALIGN,2019-03-06,2019-03-06 09:22:00,SHORT,20.0,139.0,0.54
VWAP_EMA20_ALIGN,2019-03-07,2019-03-07 09:17:00,SHORT,-20.0,139.0,0.54
VWAP_EMA20_ALIGN,2019-03-08,2019-03-08 09:43:00,LONG,-20.0,99.0,0.52
VWAP_EMA20_ALIGN,2019-03-11,2019-03-11 09:01:00,LONG,20.0,139.0,0.54
VWAP_EMA20_ALIGN,2019-03-12,2019-03-12 09:54:00,LONG,-1.25,157.75,0.54
VWAP_EMA20_ALIGN,2019-03-13,2019-03-13 09:01:00,LONG,20.0,157.75,0.54
VWAP_EMA20_ALIGN,2019-03-14,2019-03-14 10:00:00,LONG,-3.5,134.25,0.52
VWAP_EMA20_ALIGN,2019-03-18,2019-03-18 09:19:00,SHORT,20.0,174.25,0.54
VWAP_EMA20_ALIGN,2019-03-22,2019-03-22 09:09:00,SHORT,20.0,174.25,0.54
VWAP_EMA20_ALIGN,2019-03-25,2019-03-25 09:16:00,LONG,-20.0,134.25,0.52
VWAP_EMA20_ALIGN,2019-03-26,2019-03-26 09:48:00,SHORT,20.0,134.25,0.52
VWAP_EMA20_ALIGN,2019-03-27,2019-03-27 09:13:00,SHORT,20.0,134.25,0.52
VWAP_EMA20_ALIGN,2019-03-28,2019-03-28 09:01:00,SHORT,20.0,174.25,0.54
VWAP_EMA20_ALIGN,2019-03-29,2019-03-29 09:37:00,LONG,-20.0,134.25,0.52
VWAP_EMA20_ALIGN,2019-04-04,2019-04-04 10:19:00,SHORT,-12.0,102.25,0.5
VWAP_EMA20_ALIGN,2019-04-10,2019-04-10 09:12:00,LONG,-14.5,107.75,0.5
VWAP_EMA20_ALIGN,2019-04-12,2019-04-12 09:07:00,SHORT,-14.25,73.5,0.48
VWAP_EMA20_ALIGN,2019-04-17,2019-04-17 09:27:00,SHORT,-3.0,90.5,0.48
VWAP_EMA20_ALIGN,2019-04-18,2019-04-18 09:09:00,LONG,8.75,79.25,0.48
VWAP_EMA20_ALIGN,2019-04-25,2019-04-25 10:14:00,LONG,4.25,63.5,0.48
VWAP_EMA20_ALIGN,2019-05-02,2019-05-02 09:03:00,SHORT,20.0,103.5,0.5
VWAP_EMA20_ALIGN,2019-05-03,2019-05-03 09:02:00,LONG,7.75,113.5,0.52
VWAP_EMA20_ALIGN,2019-05-06,2019-05-06 09:21:00,LONG,-20.0,73.5,0.5
VWAP_EMA20_ALIGN,2019-05-07,2019-05-07 09:03:00,SHORT,-20.0,33.5,0.48
VWAP_EMA20_ALIGN,2019-05-08,2019-05-08 09:05:00,LONG,-20.0,-6.5,0.46
VWAP_EMA20_ALIGN,2019-05-09,2019-05-09 10:01:00,LONG,20.0,33.5,0.48
VWAP_EMA20_ALIGN,2019-05-10,2019-05-10 09:43:00,SHORT,-20.0,-6.5,0.46
VWAP_EMA20_ALIGN,2019-05-13,2019-05-13 09:27:00,SHORT,20.0,-6.5,0.46
VWAP_EMA20_ALIGN,2019-05-14,2019-05-14 09:13:00,LONG,20.0,33.5,0.48
VWAP_EMA20_ALIGN,2019-05-15,2019-05-15 10:57:00,LONG,20.0,33.5,0.48
VWAP_EMA20_ALIGN,2019-05-17,2019-05-17 09:02:00,LONG,-20.0,33.5,0.48
VWAP_EMA20_ALIGN,2019-05-20,2019-05-20 09:09:00,SHORT,-20.0,-6.5,0.46
VWAP_EMA20_ALIGN,2019-05-22,2019-05-22 09:01:00,SHORT,-20.0,-14.75,0.46
VWAP_EMA20_ALIGN,2019-05-23,2019-05-23 09:04:00,SHORT,20.0,-14.75,0.46
VWAP_EMA20_ALIGN,2019-05-24,2019-05-24 09:11:00,SHORT,-20.0,-14.75,0.46
VWAP_EMA20_ALIGN,2019-05-29,2019-05-29 09:11:00,SHORT,20.0,25.25,0.48
VWAP_EMA20_ALIGN,2019-05-30,2019-05-30 09:02:00,SHORT,-20.0,16.0,0.48
VWAP_EMA20_ALIGN,2019-05-31,2019-05-31 09:15:00,LONG,-20.0,-24.0,0.46
VWAP_EMA20_ALIGN,2019-06-03,2019-06-03 09:01:00,LONG,-20.0,-64.0,0.44
VWAP_EMA20_ALIGN,2019-06-04,2019-06-04 09:01:00,LONG,20.0,-24.0,0.46
VWAP_EMA20_ALIGN,2019-06-05,2019-06-05 10:15:00,LONG,20.0,6.0,0.48
VWAP_EMA20_ALIGN,2019-06-06,2019-06-06 09:09:00,LONG,-2.5,-10.75,0.46
VWAP_EMA20_ALIGN,2019-06-07,2019-06-07 09:02:00,LONG,-20.0,-10.75,0.46
VWAP_EMA20_ALIGN,2019-06-10,2019-06-10 09:11:00,LONG,20.0,29.25,0.48
VWAP_EMA20_ALIGN,2019-06-11,2019-06-11 09:28:00,SHORT,20.0,29.25,0.48
VWAP_EMA20_ALIGN,2019-06-13,2019-06-13 09:07:00,SHORT,-11.0,38.25,0.48
VWAP_EMA20_ALIGN,2019-06-14,2019-06-14 09:20:00,SHORT,-20.0,-1.75,0.46
VWAP_EMA20_ALIGN,2019-06-21,2019-06-21 09:02:00,LONG,-20.0,-41.75,0.44
VWAP_EMA20_ALIGN,2019-06-26,2019-06-26 09:16:00,SHORT,2.0,-19.75,0.46
VWAP_EMA20_ALIGN,2019-07-01,2019-07-01 10:23:00,SHORT,20.0,0.75,0.48
VWAP_EMA20_ALIGN,2019-07-10,2019-07-10 09:10:00,SHORT,-20.0,-39.25,0.46
VWAP_EMA20_ALIGN,2019-07-18,2019-07-18 09:07:00,SHORT,20.0,0.75,0.48
VWAP_EMA20_ALIGN,2019-07-19,2019-07-19 09:40:00,SHORT,-20.0,0.75,0.48
VWAP_EMA20_ALIGN,2019-07-22,2019-07-22 10:44:00,LONG,-2.75,-22.0,0.46
VWAP_EMA20_ALIGN,2019-07-23,2019-07-23 09:47:00,SHORT,-10.5,-31.25,0.46
VWAP_EMA20_ALIGN,2019-07-25,2019-07-25 09:52:00,SHORT,20.0,-31.25,0.46
VWAP_EMA20_ALIGN,2019-08-01,2019-08-01 09:02:00,LONG,-1.75,-29.5,0.46
VWAP_EMA20_ALIGN,2019-08-05,2019-08-05 10:01:00,SHORT,20.0,-29.5,0.46
VWAP_EMA20_ALIGN,2019-08-06,2019-08-06 09:50:00,SHORT,20.0,-29.5,0.46
VWAP_EMA20_ALIGN,2019-08-07,2019-08-07 10:06:00,SHORT,-20.0,-29.5,0.46
VWAP_EMA20_ALIGN,2019-08-08,2019-08-08 09:23:00,LONG,20.0,-29.5,0.46
VWAP_EMA20_ALIGN,2019-08-09,2019-08-09 09:26:00,SHORT,20.0,-29.5,0.46
VWAP_EMA20_ALIGN,2019-08-12,2019-08-12 09:10:00,SHORT,20.0,-29.5,0.46
VWAP_EMA20_ALIGN,2019-08-14,2019-08-14 09:04:00,SHORT,20.0,10.5,0.48
VWAP_EMA20_ALIGN,2019-08-15,2019-08-15 09:05:00,SHORT,20.0,42.5,0.5
VWAP_EMA20_ALIGN,2019-08-16,2019-08-16 09:01:00,LONG,-20.0,37.0,0.5
VWAP_EMA20_ALIGN,2019-08-19,2019-08-19 09:04:00,LONG,13.0,64.25,0.52
VWAP_EMA20_ALIGN,2019-08-20,2019-08-20 09:02:00,LONG,-7.0,60.25,0.52
VWAP_EMA20_ALIGN,2019-08-26,2019-08-26 09:18:00,LONG,20.0,71.5,0.52
VWAP_EMA20_ALIGN,2019-08-27,2019-08-27 09:07:00,SHORT,20.0,87.25,0.52
VWAP_EMA20_ALIGN,2019-08-28,2019-08-28 09:27:00,LONG,-4.75,62.5,0.5
VWAP_EMA20_ALIGN,2019-08-29,2019-08-29 09:30:00,LONG,3.25,58.0,0.5
VWAP_EMA20_ALIGN,2019-09-03,2019-09-03 11:21:00,SHORT,1.25,79.25,0.52
VWAP_EMA20_ALIGN,2019-09-06,2019-09-06 10:45:00,SHORT,-19.0,80.25,0.52
VWAP_EMA20_ALIGN,2019-09-09,2019-09-09 10:08:00,SHORT,20.0,120.25,0.54
VWAP_EMA20_ALIGN,2019-09-10,2019-09-10 09:25:00,SHORT,-20.0,80.25,0.52
VWAP_EMA20_ALIGN,2019-09-13,2019-09-13 09:07:00,LONG,-20.0,80.25,0.52
VWAP_EMA20_ALIGN,2019-09-16,2019-09-16 09:10:00,LONG,-20.0,40.25,0.5
VWAP_EMA20_ALIGN,2019-09-20,2019-09-20 09:17:00,SHORT,20.0,40.25,0.5
VWAP_EMA20_ALIGN,2019-09-23,2019-09-23 09:31:00,LONG,9.75,30.0,0.5
VWAP_EMA20_ALIGN,2019-09-24,2019-09-24 09:03:00,SHORT,20.0,70.0,0.52
VWAP_EMA20_ALIGN,2019-09-25,2019-09-25 09:03:00,LONG,20.0,110.0,0.54
VWAP_EMA20_ALIGN,2019-09-26,2019-09-26 09:01:00,SHORT,20.0,150.0,0.56
VWAP_EMA20_ALIGN,2019-09-27,2019-09-27 09:14:00,LONG,-20.0,110.0,0.54
VWAP_EMA20_ALIGN,2019-10-01,2019-10-01 09:03:00,SHORT,20.0,150.0,0.56
VWAP_EMA20_ALIGN,2019-10-02,2019-10-02 09:32:00,SHORT,20.0,150.0,0.56
VWAP_EMA20_ALIGN,2019-10-03,2019-10-03 09:01:00,LONG,20.0,190.0,0.58
VWAP_EMA20_ALIGN,2019-10-04,2019-10-04 09:05:00,LONG,20.0,230.0,0.6
VWAP_EMA20_ALIGN,2019-10-07,2019-10-07 09:05:00,LONG,-4.5,245.5,0.6
VWAP_EMA20_ALIGN,2019-10-08,2019-10-08 11:05:00,LONG,20.0,245.5,0.6
VWAP_EMA20_ALIGN,2019-10-10,2019-10-10 09:05:00,LONG,-20.0,205.5,0.58
VWAP_EMA20_ALIGN,2019-10-14,2019-10-14 10:56:00,SHORT,-1.25,206.75,0.58
VWAP_EMA20_ALIGN,2019-10-15,2019-10-15 09:01:00,LONG,-20.0,206.75,0.58
VWAP_EMA20_ALIGN,2019-10-17,2019-10-17 09:01:00,SHORT,-10.75,176.0,0.56
VWAP_EMA20_ALIGN,2019-10-18,2019-10-18 09:44:00,SHORT,20.0,176.0,0.56
VWAP_EMA20_ALIGN,2019-10-23,2019-10-23 09:17:00,LONG,-20.0,167.0,0.56
VWAP_EMA20_ALIGN,2019-10-24,2019-10-24 09:01:00,LONG,20.0,207.0,0.58
VWAP_EMA20_ALIGN,2019-10-25,2019-10-25 09:08:00,LONG,20.0,247.0,0.6
VWAP_EMA20_ALIGN,2019-10-29,2019-10-29 09:21:00,SHORT,20.0,265.0,0.6
VWAP_EMA20_ALIGN,2019-10-30,2019-10-30 09:40:00,SHORT,-5.0,240.0,0.58
VWAP_EMA20_ALIGN,2019-10-31,2019-10-31 09:18:00,LONG,-20.0,240.0,0.58
VWAP_EMA20_ALIGN,2019-11-04,2019-11-04 09:03:00,SHORT,9.5,229.5,0.58
VWAP_EMA20_ALIGN,2019-11-05,2019-11-05 09:10:00,SHORT,-20.0,229.5,0.58
VWAP_EMA20_ALIGN,2019-11-06,2019-11-06 09:29:00,SHORT,20.0,252.25,0.6
VWAP_EMA20_ALIGN,2019-11-07,2019-11-07 09:16:00,LONG,20.0,282.75,0.62
VWAP_EMA20_ALIGN,2019-11-08,2019-11-08 09:01:00,SHORT,-20.0,242.75,0.6
VWAP_EMA20_ALIGN,2019-11-11,2019-11-11 09:10:00,LONG,7.75,252.25,0.62
VWAP_EMA20_ALIGN,2019-11-12,2019-11-12 09:01:00,LONG,20.0,252.25,0.62
VWAP_EMA20_ALIGN,2019-11-13,2019-11-13 09:20:00,LONG,13.75,246.0,0.62
VWAP_EMA20_ALIGN,2019-11-14,2019-11-14 09:04:00,LONG,-20.0,246.0,0.62
VWAP_EMA20_ALIGN,2019-11-15,2019-11-15 10:04:00,LONG,-10.0,216.0,0.6
VWAP_EMA20_ALIGN,2019-11-18,2019-11-18 10:25:00,LONG,-2.25,193.75,0.58
VWAP_EMA20_ALIGN,2019-11-19,2019-11-19 09:03:00,SHORT,20.0,193.75,0.58
VWAP_EMA20_ALIGN,2019-11-21,2019-11-21 09:18:00,SHORT,5.75,179.5,0.58
VWAP_EMA20_ALIGN,2019-11-22,2019-11-22 09:10:00,SHORT,20.0,179.5,0.58
VWAP_EMA20_ALIGN,2019-11-25,2019-11-25 09:07:00,LONG,9.75,209.25,0.6
VWAP_EMA20_ALIGN,2019-11-26,2019-11-26 09:47:00,LONG,9.5,205.75,0.6
VWAP_EMA20_ALIGN,2019-12-05,2019-12-05 09:02:00,SHORT,20.0,232.75,0.62
VWAP_EMA20_ALIGN,2019-12-06,2019-12-06 09:51:00,LONG,4.25,217.0,0.62
VWAP_EMA20_ALIGN,2019-12-10,2019-12-10 09:08:00,LONG,20.0,217.0,0.62
VWAP_EMA20_ALIGN,2019-12-11,2019-12-11 09:01:00,LONG,-11.0,210.75,0.62
VWAP_EMA20_ALIGN,2019-12-12,2019-12-12 09:45:00,LONG,20.0,227.5,0.62
VWAP_EMA20_ALIGN,2019-12-13,2019-12-13 09:06:00,LONG,20.0,246.25,0.62
VWAP_EMA20_ALIGN,2019-12-16,2019-12-16 09:13:00,LONG,8.0,273.25,0.64
VWAP_EMA20_ALIGN,2019-12-26,2019-12-26 09:05:00,LONG,15.75,269.0,0.64
VWAP_EMA20_ALIGN,2019-12-30,2019-12-30 09:14:00,SHORT,-20.0,269.0,0.64
VWAP_EMA20_ALIGN,2020-01-02,2020-01-02 09:16:00,SHORT,-19.0,270.0,0.64
VWAP_EMA20_ALIGN,2020-01-03,2020-01-03 11:02:00,LONG,4.0,294.0,0.66
VWAP_EMA20_ALIGN,2020-01-06,2020-01-06 09:03:00,LONG,20.0,294.0,0.66
VWAP_EMA20_ALIGN,2020-01-07,2020-01-07 10:01:00,LONG,-2.25,282.0,0.64
VWAP_EMA20_ALIGN,2020-01-08,2020-01-08 10:30:00,LONG,20.0,282.0,0.64
VWAP_EMA20_ALIGN,2020-01-09,2020-01-09 11:21:00,SHORT,15.75,277.75,0.64
VWAP_EMA20_ALIGN,2020-01-10,2020-01-10 11:07:00,SHORT,-0.25,257.5,0.62
VWAP_EMA20_ALIGN,2020-01-13,2020-01-13 10:12:00,LONG,20.0,297.5,0.64
VWAP_EMA20_ALIGN,2020-01-15,2020-01-15 09:37:00,LONG,-5.75,271.75,0.62
VWAP_EMA20_ALIGN,2020-01-16,2020-01-16 09:10:00,LONG,-20.0,231.75,0.6
VWAP_EMA20_ALIGN,2020-01-17,2020-01-17 10:14:00,SHORT,-13.5,198.25,0.58
VWAP_EMA20_ALIGN,2020-01-21,2020-01-21 09:02:00,LONG,20.0,198.25,0.58
VWAP_EMA20_ALIGN,2020-01-22,2020-01-22 09:33:00,LONG,-20.0,182.75,0.58
VWAP_EMA20_ALIGN,2020-01-23,2020-01-23 09:14:00,LONG,-20.0,142.75,0.56
VWAP_EMA20_ALIGN,2020-01-24,2020-01-24 09:07:00,SHORT,20.0,182.75,0.58
VWAP_EMA20_ALIGN,2020-01-27,2020-01-27 11:13:00,LONG,9.25,193.25,0.6
VWAP_EMA20_ALIGN,2020-01-29,2020-01-29 09:01:00,SHORT,20.0,233.25,0.62
VWAP_EMA20_ALIGN,2020-01-30,2020-01-30 09:46:00,SHORT,20.0,264.0,0.64
VWAP_EMA20_ALIGN,2020-01-31,2020-01-31 09:08:00,SHORT,20.0,264.0,0.64
VWAP_EMA20_ALIGN,2020-02-03,2020-02-03 09:05:00,LONG,20.0,304.0,0.66
VWAP_EMA20_ALIGN,2020-02-04,2020-02-04 09:28:00,LONG,20.0,304.0,0.66
VWAP_EMA20_ALIGN,2020-02-05,2020-02-05 09:14:00,SHORT,20.0,304.0,0.66
VWAP_EMA20_ALIGN,2020-02-06,2020-02-06 09:05:00,LONG,-20.0,264.0,0.64
VWAP_EMA20_ALIGN,2020-02-07,2020-02-07 09:31:00,LONG,20.0,289.0,0.66
VWAP_EMA20_ALIGN,2020-02-10,2020-02-10 09:03:00,LONG,20.0,329.0,0.68
VWAP_EMA20_ALIGN,2020-02-11,2020-02-11 09:14:00,LONG,20.0,339.5,0.68
VWAP_EMA20_ALIGN,2020-02-12,2020-02-12 10:26:00,LONG,6.0,365.5,0.7
VWAP_EMA20_ALIGN,2020-02-13,2020-02-13 09:44:00,LONG,20.0,365.5,0.7
VWAP_EMA20_ALIGN,2020-02-14,2020-02-14 09:12:00,SHORT,-20.0,325.5,0.68
VWAP_EMA20_ALIGN,2020-02-18,2020-02-18 09:07:00,LONG,-20.0,325.5,0.68
VWAP_EMA20_ALIGN,2020-02-19,2020-02-19 09:20:00,LONG,20.0,337.75,0.68
VWAP_EMA20_ALIGN,2020-02-20,2020-02-20 09:07:00,LONG,-20.0,297.75,0.66
VWAP_EMA20_ALIGN,2020-02-25,2020-02-25 09:21:00,SHORT,20.0,304.0,0.66
VWAP_EMA20_ALIGN,2020-02-27,2020-02-27 09:25:00,SHORT,20.0,344.0,0.68
VWAP_EMA20_ALIGN,2020-03-02,2020-03-02 09:06:00,SHORT,20.0,374.0,0.7
VWAP_EMA20_ALIGN,2020-03-04,2020-03-04 09:23:00,LONG,-20.0,356.25,0.7
VWAP_EMA20_ALIGN,2020-03-05,2020-03-05 09:19:00,LONG,20.0,356.25,0.7
VWAP_EMA20_ALIGN,2020-03-06,2020-03-06 10:09:00,LONG,20.0,370.5,0.7
VWAP_EMA20_ALIGN,2020-03-09,2020-03-09 09:18:00,LONG,20.0,370.5,0.7
VWAP_EMA20_ALIGN,2020-03-10,2020-03-10 09:01:00,SHORT,-20.0,340.75,0.68
VWAP_EMA20_ALIGN,2020-03-11,2020-03-11 09:22:00,SHORT,20.0,351.25,0.68
VWAP_EMA20_ALIGN,2020-03-12,2020-03-12 09:09:00,SHORT,20.0,351.25,0.68
VWAP_EMA20_ALIGN,2020-03-24,2020-03-24 09:38:00,LONG,20.0,367.0,0.68
VWAP_EMA20_ALIGN,2020-03-25,2020-03-25 09:06:00,LONG,-20.0,327.0,0.66
VWAP_EMA20_ALIGN,2020-03-26,2020-03-26 09:30:00,LONG,20.0,358.0,0.68
VWAP_EMA20_ALIGN,2020-03-27,2020-03-27 09:32:00,LONG,20.0,358.0,0.68
VWAP_EMA20_ALIGN,2020-03-30,2020-03-30 09:08:00,LONG,20.0,358.0,0.68
VWAP_EMA20_ALIGN,2020-04-01,2020-04-01 09:05:00,LONG,20.0,370.0,0.68
VWAP_EMA20_ALIGN,2020-04-02,2020-04-02 11:27:00,SHORT,20.0,374.25,0.68
VWAP_EMA20_ALIGN,2020-04-03,2020-04-03 09:18:00,SHORT,20.0,414.25,0.7
VWAP_EMA20_ALIGN,2020-04-06,2020-04-06 09:30:00,LONG,20.0,453.25,0.72
VWAP_EMA20_ALIGN,2020-04-07,2020-04-07 09:33:00,LONG,20.0,469.25,0.72
VWAP_EMA20_ALIGN,2020-04-08,2020-04-08 09:12:00,LONG,20.0,469.25,0.72
VWAP_EMA20_ALIGN,2020-04-09,2020-04-09 09:13:00,SHORT,-20.0,451.5,0.72
VWAP_EMA20_ALIGN,2020-04-13,2020-04-13 09:03:00,SHORT,-20.0,411.5,0.7
VWAP_EMA20_ALIGN,2020-04-14,2020-04-14 10:04:00,LONG,20.0,415.75,0.7
VWAP_EMA20_ALIGN,2020-04-15,2020-04-15 10:51:00,LONG,-20.0,396.0,0.7
VWAP_EMA20_ALIGN,2020-04-16,2020-04-16 09:09:00,LONG,20.0,396.0,0.7
VWAP_EMA20_ALIGN,2020-04-17,2020-04-17 09:25:00,SHORT,20.0,421.75,0.72
VWAP_EMA20_ALIGN,2020-04-20,2020-04-20 09:07:00,LONG,-20.0,421.75,0.72
VWAP_EMA20_ALIGN,2020-04-22,2020-04-22 10:47:00,LONG,20.0,455.25,0.74
VWAP_EMA20_ALIGN,2020-04-24,2020-04-24 10:29:00,LONG,20.0,455.25,0.74
VWAP_EMA20_ALIGN,2020-04-27,2020-04-27 09:20:00,LONG,-20.0,455.25,0.74
VWAP_EMA20_ALIGN,2020-04-28,2020-04-28 10:18:00,SHORT,-20.0,455.25,0.74
VWAP_EMA20_ALIGN,2020-04-29,2020-04-29 10:09:00,LONG,20.0,455.25,0.74
VWAP_EMA20_ALIGN,2020-04-30,2020-04-30 09:59:00,SHORT,20.0,466.0,0.74
VWAP_EMA20_ALIGN,2020-05-01,2020-05-01 09:16:00,SHORT,20.0,466.0,0.74
VWAP_EMA20_ALIGN,2020-05-04,2020-05-04 09:10:00,LONG,20.0,466.0,0.74
VWAP_EMA20_ALIGN,2020-05-05,2020-05-05 09:03:00,LONG,20.0,466.0,0.74
VWAP_EMA20_ALIGN,2020-05-07,2020-05-07 09:33:00,LONG,20.0,466.0,0.74
VWAP_EMA20_ALIGN,2020-05-08,2020-05-08 09:43:00,LONG,20.0,466.0,0.74
VWAP_EMA20_ALIGN,2020-05-11,2020-05-11 09:26:00,LONG,20.0,466.0,0.74
VWAP_EMA20_ALIGN,2020-05-12,2020-05-12 09:06:00,LONG,-20.0,466.0,0.74
VWAP_EMA20_ALIGN,2020-05-13,2020-05-13 09:05:00,SHORT,-20.0,426.0,0.72
VWAP_EMA20_ALIGN,2020-05-14,2020-05-14 09:22:00,LONG,20.0,426.0,0.72
VWAP_EMA20_ALIGN,2020-05-15,2020-05-15 09:02:00,SHORT,20.0,426.0,0.72
VWAP_EMA20_ALIGN,2020-05-18,2020-05-18 09:05:00,LONG,-20.0,400.0,0.7
VWAP_EMA20_ALIGN,2020-05-19,2020-05-19 09:18:00,LONG,-20.0,360.0,0.68
VWAP_EMA20_ALIGN,2020-05-20,2020-05-20 09:14:00,LONG,20.0,400.0,0.7
VWAP_EMA20_ALIGN,2020-05-21,2020-05-21 09:07:00,SHORT,20.0,440.0,0.72
VWAP_EMA20_ALIGN,2020-05-22,2020-05-22 10:38:00,LONG,20.0,440.0,0.72
VWAP_EMA20_ALIGN,2020-05-26,2020-05-26 09:25:00,SHORT,20.0,480.0,0.74
VWAP_EMA20_ALIGN,2020-05-28,2020-05-28 09:06:00,LONG,-20.0,440.0,0.72
VWAP_EMA20_ALIGN,2020-05-29,2020-05-29 09:04:00,SHORT,-20.0,400.0,0.7
VWAP_EMA20_ALIGN,2020-06-01,2020-06-01 09:21:00,SHORT,-20.0,360.0,0.68
VWAP_EMA20_ALIGN,2020-06-02,2020-06-02 09:03:00,SHORT,20.0,400.0,0.7
VWAP_EMA20_ALIGN,2020-06-03,2020-06-03 10:07:00,SHORT,20.0,400.0,0.7
VWAP_EMA20_ALIGN,2020-06-05,2020-06-05 09:03:00,LONG,20.0,400.0,0.7
VWAP_EMA20_ALIGN,2020-06-08,2020-06-08 09:12:00,LONG,10.0,390.0,0.7
VWAP_EMA20_ALIGN,2020-06-09,2020-06-09 09:04:00,LONG,-20.0,390.0,0.7
VWAP_EMA20_ALIGN,2020-06-10,2020-06-10 09:39:00,LONG,-20.0,350.0,0.68
VWAP_EMA20_ALIGN,2020-06-11,2020-06-11 09:02:00,SHORT,-20.0,310.0,0.66
VWAP_EMA20_ALIGN,2020-06-15,2020-06-15 09:04:00,LONG,-20.0,270.0,0.64
VWAP_EMA20_ALIGN,2020-06-17,2020-06-17 10:00:00,LONG,20.0,310.0,0.66
VWAP_EMA20_ALIGN,2020-06-18,2020-06-18 09:09:00,LONG,-20.0,270.0,0.64
VWAP_EMA20_ALIGN,2020-06-19,2020-06-19 09:37:00,SHORT,20.0,270.0,0.64
VWAP_EMA20_ALIGN,2020-06-22,2020-06-22 09:41:00,LONG,20.0,270.0,0.64
VWAP_EMA20_ALIGN,2020-06-23,2020-06-23 09:09:00,LONG,20.0,270.0,0.64
VWAP_EMA20_ALIGN,2020-06-24,2020-06-24 09:08:00,SHORT,20.0,270.0,0.64
VWAP_EMA20_ALIGN,2020-06-25,2020-06-25 09:02:00,SHORT,20.0,270.0,0.64
VWAP_EMA20_ALIGN,2020-06-29,2020-06-29 09:29:00,LONG,20.0,270.0,0.64
VWAP_EMA20_ALIGN,2020-07-01,2020-07-01 09:08:00,LONG,-20.0,230.0,0.62
VWAP_EMA20_ALIGN,2020-07-02,2020-07-02 09:03:00,SHORT,20.0,230.0,0.62
VWAP_EMA20_ALIGN,2020-07-06,2020-07-06 09:02:00,LONG,20.0,270.0,0.64
VWAP_EMA20_ALIGN,2020-07-07,2020-07-07 09:06:00,LONG,20.0,310.0,0.66
VWAP_EMA20_ALIGN,2020-07-08,2020-07-08 09:14:00,SHORT,20.0,310.0,0.66
VWAP_EMA20_ALIGN,2020-07-10,2020-07-10 09:39:00,LONG,-20.0,310.0,0.66
VWAP_EMA20_ALIGN,2020-07-13,2020-07-13 09:02:00,LONG,20.0,310.0,0.66
VWAP_EMA20_ALIGN,2020-07-14,2020-07-14 09:34:00,LONG,20.0,310.0,0.66
VWAP_EMA20_ALIGN,2020-07-15,2020-07-15 09:02:00,SHORT,20.0,350.0,0.68
VWAP_EMA20_ALIGN,2020-07-16,2020-07-16 09:01:00,SHORT,20.0,350.0,0.68
VWAP_EMA20_ALIGN,2020-07-17,2020-07-17 09:03:00,LONG,20.0,350.0,0.68
VWAP_EMA20_ALIGN,2020-07-20,2020-07-20 09:17:00,LONG,20.0,390.0,0.7
VWAP_EMA20_ALIGN,2020-07-21,2020-07-21 09:48:00,SHORT,20.0,430.0,0.72
VWAP_EMA20_ALIGN,2020-07-22,2020-07-22 09:16:00,SHORT,-20.0,390.0,0.7
VWAP_EMA20_ALIGN,2020-07-23,2020-07-23 09:04:00,SHORT,20.0,390.0,0.7
VWAP_EMA20_ALIGN,2020-07-24,2020-07-24 09:24:00,LONG,20.0,390.0,0.7
VWAP_EMA20_ALIGN,2020-07-27,2020-07-27 09:19:00,SHORT,20.0,390.0,0.7
VWAP_EMA20_ALIGN,2020-07-28,2020-07-28 09:33:00,LONG,20.0,390.0,0.7
VWAP_EMA20_ALIGN,2020-07-29,2020-07-29 10:22:00,SHORT,-8.75,361.25,0.68
VWAP_EMA20_ALIGN,2020-07-30,2020-07-30 09:03:00,LONG,20.0,361.25,0.68
VWAP_EMA20_ALIGN,2020-07-31,2020-07-31 10:44:00,SHORT,20.0,361.25,0.68
VWAP_EMA20_ALIGN,2020-08-03,2020-08-03 09:13:00,LONG,16.25,397.5,0.7
VWAP_EMA20_ALIGN,2020-08-04,2020-08-04 09:02:00,SHORT,20.0,437.5,0.72
VWAP_EMA20_ALIGN,2020-08-05,2020-08-05 09:04:00,LONG,-20.0,397.5,0.7
VWAP_EMA20_ALIGN,2020-08-06,2020-08-06 10:08:00,LONG,20.0,397.5,0.7
VWAP_EMA20_ALIGN,2020-08-07,2020-08-07 09:17:00,SHORT,20.0,437.5,0.72
VWAP_EMA20_ALIGN,2020-08-11,2020-08-11 09:51:00,LONG,20.0,477.5,0.74
VWAP_EMA20_ALIGN,2020-08-12,2020-08-12 09:20:00,LONG,20.0,477.5,0.74
VWAP_EMA20_ALIGN,2020-08-13,2020-08-13 09:02:00,LONG,-20.0,437.5,0.72
VWAP_EMA20_ALIGN,2020-08-14,2020-08-14 09:35:00,LONG,-20.0,397.5,0.7
VWAP_EMA20_ALIGN,2020-08-18,2020-08-18 09:08:00,LONG,20.0,397.5,0.7
VWAP_EMA20_ALIGN,2020-08-19,2020-08-19 09:01:00,LONG,-20.0,397.5,0.7
VWAP_EMA20_ALIGN,2020-08-20,2020-08-20 09:35:00,LONG,20.0,437.5,0.72
VWAP_EMA20_ALIGN,2020-08-24,2020-08-24 10:16:00,LONG,-20.0,437.5,0.72
VWAP_EMA20_ALIGN,2020-08-25,2020-08-25 09:02:00,LONG,20.0,437.5,0.72
VWAP_EMA20_ALIGN,2020-08-26,2020-08-26 09:01:00,LONG,20.0,437.5,0.72
VWAP_EMA20_ALIGN,2020-08-27,2020-08-27 09:11:00,LONG,-20.0,397.5,0.7
VWAP_EMA20_ALIGN,2020-08-28,2020-08-28 11:13:00,SHORT,12.25,399.75,0.7
VWAP_EMA20_ALIGN,2020-08-31,2020-08-31 09:03:00,LONG,-20.0,399.75,0.7
VWAP_EMA20_ALIGN,2020-09-02,2020-09-02 09:10:00,SHORT,20.0,439.75,0.72
VWAP_EMA20_ALIGN,2020-09-07,2020-09-07 09:02:00,LONG,-20.0,439.75,0.72
VWAP_EMA20_ALIGN,2020-09-09,2020-09-09 09:01:00,LONG,20.0,479.75,0.74
VWAP_EMA20_ALIGN,2020-09-11,2020-09-11 09:32:00,SHORT,20.0,479.75,0.74
VWAP_EMA20_ALIGN,2020-09-15,2020-09-15 09:06:00,LONG,20.0,519.75,0.76
VWAP_EMA20_ALIGN,2020-09-16,2020-09-16 11:26:00,SHORT,3.75,503.5,0.76
VWAP_EMA20_ALIGN,2020-09-17,2020-09-17 09:07:00,LONG,-20.0,463.5,0.74
VWAP_EMA20_ALIGN,2020-09-18,2020-09-18 09:01:00,SHORT,-20.0,423.5,0.72
VWAP_EMA20_ALIGN,2020-09-22,2020-09-22 09:03:00,SHORT,20.0,423.5,0.72
VWAP_EMA20_ALIGN,2020-09-23,2020-09-23 09:31:00,SHORT,20.0,423.5,0.72
VWAP_EMA20_ALIGN,2020-09-25,2020-09-25 09:13:00,LONG,20.0,423.5,0.72
VWAP_EMA20_ALIGN,2020-09-28,2020-09-28 10:17:00,SHORT,-20.0,423.5,0.72
VWAP_EMA20_ALIGN,2020-09-29,2020-09-29 09:39:00,LONG,-20.0,383.5,0.7
VWAP_EMA20_ALIGN,2020-09-30,2020-09-30 09:27:00,LONG,-20.0,343.5,0.68
VWAP_EMA20_ALIGN,2020-10-01,2020-10-01 09:12:00,SHORT,-20.0,303.5,0.66
VWAP_EMA20_ALIGN,2020-10-02,2020-10-02 09:26:00,SHORT,20.0,303.5,0.66
VWAP_EMA20_ALIGN,2020-10-05,2020-10-05 09:21:00,LONG,-20.0,303.5,0.66
VWAP_EMA20_ALIGN,2020-10-06,2020-10-06 09:09:00,SHORT,20.0,303.5,0.66
VWAP_EMA20_ALIGN,2020-10-07,2020-10-07 09:04:00,LONG,20.0,303.5,0.66
VWAP_EMA20_ALIGN,2020-10-08,2020-10-08 09:06:00,LONG,-20.0,263.5,0.64
VWAP_EMA20_ALIGN,2020-10-09,2020-10-09 09:04:00,LONG,20.0,263.5,0.64
VWAP_EMA20_ALIGN,2020-10-12,2020-10-12 09:01:00,LONG,20.0,263.5,0.64
VWAP_EMA20_ALIGN,2020-10-13,2020-10-13 09:08:00,LONG,20.0,263.5,0.64
VWAP_EMA20_ALIGN,2020-10-14,2020-10-14 09:46:00,SHORT,20.0,263.5,0.64
VWAP_EMA20_ALIGN,2020-10-15,2020-10-15 09:29:00,LONG,20.0,303.5,0.66
VWAP_EMA20_ALIGN,2020-10-19,2020-10-19 10:25:00,SHORT,-20.0,263.5,0.64
VWAP_EMA20_ALIGN,2020-10-20,2020-10-20 09:09:00,SHORT,-20.0,223.5,0.62
VWAP_EMA20_ALIGN,2020-10-21,2020-10-21 09:09:00,SHORT,20.0,223.5,0.62
VWAP_EMA20_ALIGN,2020-10-23,2020-10-23 09:12:00,LONG,-20.0,183.5,0.6
VWAP_EMA20_ALIGN,2020-10-27,2020-10-27 09:18:00,LONG,-20.0,172.25,0.6
VWAP_EMA20_ALIGN,2020-10-28,2020-10-28 09:32:00,SHORT,-20.0,132.25,0.58
VWAP_EMA20_ALIGN,2020-10-29,2020-10-29 09:15:00,LONG,20.0,132.25,0.58
VWAP_EMA20_ALIGN,2020-10-30,2020-10-30 09:40:00,SHORT,-20.0,96.0,0.56
VWAP_EMA20_ALIGN,2020-11-02,2020-11-02 10:12:00,SHORT,20.0,96.0,0.56
VWAP_EMA20_ALIGN,2020-11-03,2020-11-03 09:01:00,LONG,20.0,136.0,0.58
VWAP_EMA20_ALIGN,2020-11-05,2020-11-05 09:02:00,LONG,20.0,136.0,0.58
VWAP_EMA20_ALIGN,2020-11-12,2020-11-12 09:42:00,LONG,-20.0,96.0,0.56
VWAP_EMA20_ALIGN,2020-11-13,2020-11-13 09:02:00,SHORT,20.0,96.0,0.56
VWAP_EMA20_ALIGN,2020-11-16,2020-11-16 09:23:00,LONG,20.0,96.0,0.56
VWAP_EMA20_ALIGN,2020-11-18,2020-11-18 10:56:00,LONG,20.0,136.0,0.58
VWAP_EMA20_ALIGN,2020-11-19,2020-11-19 10:07:00,LONG,20.0,176.0,0.6
VWAP_EMA20_ALIGN,2020-11-20,2020-11-20 09:23:00,LONG,20.0,176.0,0.6
VWAP_EMA20_ALIGN,2020-11-23,2020-11-23 09:07:00,SHORT,20.0,216.0,0.62
VWAP_EMA20_ALIGN,2020-11-25,2020-11-25 09:05:00,SHORT,20.0,216.0,0.62
VWAP_EMA20_ALIGN,2020-11-26,2020-11-26 09:19:00,SHORT,20.0,256.0,0.64
VWAP_EMA20_ALIGN,2020-11-27,2020-11-27 09:10:00,LONG,20.0,256.0,0.64
VWAP_EMA20_ALIGN,2020-11-30,2020-11-30 09:28:00,SHORT,20.0,256.0,0.64
VWAP_EMA20_ALIGN,2020-12-01,2020-12-01 09:01:00,LONG,20.0,296.0,0.66
VWAP_EMA20_ALIGN,2020-12-02,2020-12-02 09:13:00,LONG,20.0,303.75,0.66
VWAP_EMA20_ALIGN,2020-12-03,2020-12-03 09:04:00,LONG,20.0,343.75,0.68
VWAP_EMA20_ALIGN,2020-12-04,2020-12-04 09:05:00,LONG,-20.0,303.75,0.66
VWAP_EMA20_ALIGN,2020-12-07,2020-12-07 09:01:00,LONG,20.0,343.75,0.68
VWAP_EMA20_ALIGN,2020-12-08,2020-12-08 09:20:00,SHORT,20.0,343.75,0.68
VWAP_EMA20_ALIGN,2020-12-09,2020-12-09 09:16:00,SHORT,-20.0,303.75,0.66
VWAP_EMA20_ALIGN,2020-12-11,2020-12-11 09:13:00,LONG,-20.0,263.75,0.64
VWAP_EMA20_ALIGN,2020-12-14,2020-12-14 09:13:00,LONG,20.0,280.0,0.64
VWAP_EMA20_ALIGN,2020-12-15,2020-12-15 09:39:00,SHORT,20.0,320.0,0.66
VWAP_EMA20_ALIGN,2020-12-16,2020-12-16 09:36:00,LONG,20.0,360.0,0.68
VWAP_EMA20_ALIGN,2020-12-17,2020-12-17 09:04:00,SHORT,20.0,360.0,0.68
VWAP_EMA20_ALIGN,2020-12-18,2020-12-18 09:02:00,SHORT,20.0,360.0,0.68
VWAP_EMA20_ALIGN,2020-12-22,2020-12-22 10:02:00,SHORT,-20.0,320.0,0.66
VWAP_EMA20_ALIGN,2020-12-24,2020-12-24 09:26:00,LONG,-20.0,320.0,0.66
VWAP_EMA20_ALIGN,2020-12-28,2020-12-28 09:06:00,SHORT,20.0,360.0,0.68
VWAP_EMA20_ALIGN,2020-12-29,2020-12-29 09:11:00,SHORT,20.0,400.0,0.7
VWAP_EMA20_ALIGN,2020-12-30,2020-12-30 09:12:00,SHORT,20.0,440.0,0.72
VWAP_EMA20_ALIGN,2021-01-04,2021-01-04 09:12:00,SHORT,-20.0,400.0,0.7
VWAP_EMA20_ALIGN,2021-01-05,2021-01-05 09:04:00,LONG,-20.0,400.0,0.7
VWAP_EMA20_ALIGN,2021-01-06,2021-01-06 09:12:00,LONG,20.0,400.0,0.7
VWAP_EMA20_ALIGN,2021-01-07,2021-01-07 09:01:00,LONG,20.0,400.0,0.7
VWAP_EMA20_ALIGN,2021-01-08,2021-01-08 09:27:00,SHORT,20.0,440.0,0.72
VWAP_EMA20_ALIGN,2021-01-11,2021-01-11 09:18:00,LONG,20.0,440.0,0.72
VWAP_EMA20_ALIGN,2021-01-12,2021-01-12 11:05:00,SHORT,20.0,440.0,0.72
VWAP_EMA20_ALIGN,2021-01-13,2021-01-13 09:35:00,LONG,20.0,440.0,0.72
VWAP_EMA20_ALIGN,2021-01-14,2021-01-14 09:45:00,LONG,-20.0,400.0,0.7
VWAP_EMA20_ALIGN,2021-01-18,2021-01-18 11:06:00,LONG,-8.0,372.0,0.68
VWAP_EMA20_ALIGN,2021-01-19,2021-01-19 10:18:00,SHORT,-20.0,372.0,0.68
VWAP_EMA20_ALIGN,2021-01-20,2021-01-20 09:08:00,LONG,20.0,412.0,0.7
VWAP_EMA20_ALIGN,2021-01-21,2021-01-21 09:11:00,LONG,20.0,412.0,0.7
VWAP_EMA20_ALIGN,2021-01-25,2021-01-25 09:44:00,SHORT,20.0,452.0,0.72
VWAP_EMA20_ALIGN,2021-01-26,2021-01-26 09:49:00,LONG,20.0,492.0,0.74
VWAP_EMA20_ALIGN,2021-02-02,2021-02-02 09:19:00,LONG,-20.0,492.0,0.74
VWAP_EMA20_ALIGN,2021-02-03,2021-02-03 09:11:00,SHORT,20.0,492.0,0.74
VWAP_EMA20_ALIGN,2021-02-04,2021-02-04 09:04:00,SHORT,-20.0,492.0,0.74
VWAP_EMA20_ALIGN,2021-02-05,2021-02-05 09:02:00,SHORT,-20.0,452.0,0.72
VWAP_EMA20_ALIGN,2021-02-08,2021-02-08 09:05:00,LONG,-20.0,412.0,0.7
VWAP_EMA20_ALIGN,2021-02-09,2021-02-09 09:01:00,LONG,20.0,412.0,0.7
VWAP_EMA20_ALIGN,2021-02-10,2021-02-10 09:13:00,SHORT,20.0,452.0,0.72
VWAP_EMA20_ALIGN,2021-02-11,2021-02-11 10:43:00,LONG,-20.0,412.0,0.7
VWAP_EMA20_ALIGN,2021-02-12,2021-02-12 09:14:00,LONG,-20.0,372.0,0.68
VWAP_EMA20_ALIGN,2021-02-16,2021-02-16 09:32:00,LONG,-20.0,332.0,0.66
VWAP_EMA20_ALIGN,2021-02-17,2021-02-17 09:22:00,SHORT,20.0,332.0,0.66
VWAP_EMA20_ALIGN,2021-02-18,2021-02-18 09:06:00,SHORT,20.0,332.0,0.66
VWAP_EMA20_ALIGN,2021-02-19,2021-02-19 09:19:00,SHORT,-20.0,292.0,0.64
VWAP_EMA20_ALIGN,2021-02-22,2021-02-22 09:24:00,SHORT,20.0,292.0,0.64
VWAP_EMA20_ALIGN,2021-02-24,2021-02-24 09:02:00,SHORT,20.0,292.0,0.64
VWAP_EMA20_ALIGN,2021-02-25,2021-02-25 09:04:00,SHORT,20.0,292.0,0.64
VWAP_EMA20_ALIGN,2021-03-01,2021-03-01 09:17:00,LONG,20.0,292.0,0.64
VWAP_EMA20_ALIGN,2021-03-11,2021-03-11 09:20:00,SHORT,-20.0,252.0,0.62
VWAP_EMA20_ALIGN,2021-03-12,2021-03-12 09:52:00,SHORT,20.0,252.0,0.62
VWAP_EMA20_ALIGN,2021-03-15,2021-03-15 09:07:00,LONG,-20.0,212.0,0.6
VWAP_EMA20_ALIGN,2021-03-17,2021-03-17 09:02:00,SHORT,-20.0,212.0,0.6
VWAP_EMA20_ALIGN,2021-03-18,2021-03-18 10:15:00,LONG,-20.0,172.0,0.58
VWAP_EMA20_ALIGN,2021-03-19,2021-03-19 09:03:00,LONG,-20.0,132.0,0.56
VWAP_EMA20_ALIGN,2021-03-22,2021-03-22 09:11:00,LONG,20.0,172.0,0.58
VWAP_EMA20_ALIGN,2021-03-23,2021-03-23 09:05:00,LONG,20.0,212.0,0.6
VWAP_EMA20_ALIGN,2021-03-24,2021-03-24 09:03:00,LONG,20.0,212.0,0.6
VWAP_EMA20_ALIGN,2021-03-26,2021-03-26 09:17:00,SHORT,20.0,212.0,0.6
VWAP_EMA20_ALIGN,2021-03-29,2021-03-29 09:54:00,LONG,-20.0,172.0,0.58
VWAP_EMA20_ALIGN,2021-03-30,2021-03-30 09:10:00,LONG,20.0,172.0,0.58
VWAP_EMA20_ALIGN,2021-03-31,2021-03-31 10:01:00,LONG,20.0,172.0,0.58
VWAP_EMA20_ALIGN,2021-04-05,2021-04-05 09:33:00,LONG,20.0,212.0,0.6
VWAP_EMA20_ALIGN,2021-04-06,2021-04-06 09:11:00,LONG,20.0,252.0,0.62
VWAP_EMA20_ALIGN,2021-04-07,2021-04-07 09:05:00,LONG,-20.0,212.0,0.6
VWAP_EMA20_ALIGN,2021-04-08,2021-04-08 09:16:00,SHORT,-20.0,172.0,0.58
VWAP_EMA20_ALIGN,2021-04-09,2021-04-09 09:05:00,SHORT,-20.0,132.0,0.56
VWAP_EMA20_ALIGN,2021-04-12,2021-04-12 09:04:00,LONG,-20.0,132.0,0.56
VWAP_EMA20_ALIGN,2021-04-13,2021-04-13 11:27:00,LONG,-2.0,150.0,0.56
VWAP_EMA20_ALIGN,2021-04-14,2021-04-14 09:03:00,SHORT,20.0,150.0,0.56
VWAP_EMA20_ALIGN,2021-04-15,2021-04-15 09:04:00,LONG,-20.0,110.0,0.54
VWAP_EMA20_ALIGN,2021-04-16,2021-04-16 10:08:00,LONG,-6.0,84.0,0.52
VWAP_EMA20_ALIGN,2021-04-19,2021-04-19 10:03:00,SHORT,-20.0,44.0,0.5
VWAP_EMA20_ALIGN,2021-04-20,2021-04-20 09:57:00,SHORT,20.0,44.0,0.5
VWAP_EMA20_ALIGN,2021-04-21,2021-04-21 09:13:00,LONG,20.0,44.0,0.5
VWAP_EMA20_ALIGN,2021-04-22,2021-04-22 09:59:00,SHORT,-20.0,44.0,0.5
VWAP_EMA20_ALIGN,2021-04-23,2021-04-23 09:10:00,LONG,20.0,72.0,0.52
VWAP_EMA20_ALIGN,2021-04-26,2021-04-26 09:11:00,LONG,-20.0,72.0,0.52
VWAP_EMA20_ALIGN,2021-04-27,2021-04-27 10:53:00,LONG,0.25,52.25,0.52
VWAP_EMA20_ALIGN,2021-04-28,2021-04-28 09:46:00,SHORT,20.0,52.25,0.52
VWAP_EMA20_ALIGN,2021-04-29,2021-04-29 09:56:00,SHORT,20.0,52.25,0.52
VWAP_EMA20_ALIGN,2021-04-30,2021-04-30 09:02:00,SHORT,20.0,52.25,0.52
VWAP_EMA20_ALIGN,2021-05-03,2021-05-03 09:04:00,SHORT,20.0,92.25,0.54
VWAP_EMA20_ALIGN,2021-05-04,2021-05-04 09:05:00,SHORT,20.0,92.25,0.54
VWAP_EMA20_ALIGN,2021-05-05,2021-05-05 09:05:00,LONG,-20.0,92.25,0.54
VWAP_EMA20_ALIGN,2021-05-06,2021-05-06 09:14:00,SHORT,-20.0,92.25,0.54
VWAP_EMA20_ALIGN,2021-05-07,2021-05-07 10:57:00,SHORT,20.0,132.25,0.56
VWAP_EMA20_ALIGN,2021-05-12,2021-05-12 09:50:00,SHORT,20.0,132.25,0.56
VWAP_EMA20_ALIGN,2021-05-14,2021-05-14 09:13:00,LONG,20.0,132.25,0.56
VWAP_EMA20_ALIGN,2021-05-17,2021-05-17 09:12:00,SHORT,-20.0,132.25,0.56
VWAP_EMA20_ALIGN,2021-05-18,2021-05-18 10:26:00,SHORT,20.0,172.25,0.58
VWAP_EMA20_ALIGN,2021-05-19,2021-05-19 09:10:00,LONG,20.0,212.25,0.6
VWAP_EMA20_ALIGN,2021-05-20,2021-05-20 09:26:00,LONG,20.0,212.25,0.6
VWAP_EMA20_ALIGN,2021-05-21,2021-05-21 09:29:00,SHORT,-20.0,172.25,0.58
VWAP_EMA20_ALIGN,2021-05-24,2021-05-24 09:18:00,LONG,-20.0,172.25,0.58
VWAP_EMA20_ALIGN,2021-05-25,2021-05-25 09:26:00,SHORT,20.0,172.25,0.58
VWAP_EMA20_ALIGN,2021-05-26,2021-05-26 09:15:00,LONG,-20.0,132.25,0.56
VWAP_EMA20_ALIGN,2021-05-28,2021-05-28 09:35:00,LONG,20.0,132.25,0.56
VWAP_EMA20_ALIGN,2021-06-02,2021-06-02 10:23:00,SHORT,20.0,132.25,0.56
VWAP_EMA20_ALIGN,2021-06-03,2021-06-03 09:01:00,LONG,20.0,172.25,0.58
VWAP_EMA20_ALIGN,2021-06-04,2021-06-04 09:19:00,LONG,8.5,160.75,0.58
VWAP_EMA20_ALIGN,2021-06-07,2021-06-07 10:08:00,LONG,-1.5,179.25,0.58
VWAP_EMA20_ALIGN,2021-06-08,2021-06-08 09:14:00,SHORT,20.0,219.25,0.6
VWAP_EMA20_ALIGN,2021-06-09,2021-06-09 09:53:00,SHORT,-20.0,219.25,0.6
VWAP_EMA20_ALIGN,2021-06-11,2021-06-11 09:03:00,SHORT,-20.0,219.25,0.6
VWAP_EMA20_ALIGN,2021-06-14,2021-06-14 09:02:00,LONG,20.0,219.25,0.6
VWAP_EMA20_ALIGN,2021-06-15,2021-06-15 09:30:00,SHORT,20.0,219.25,0.6
VWAP_EMA20_ALIGN,2021-06-16,2021-06-16 09:08:00,SHORT,20.0,219.25,0.6
VWAP_EMA20_ALIGN,2021-06-17,2021-06-17 10:09:00,LONG,-20.0,179.25,0.58
VWAP_EMA20_ALIGN,2021-06-18,2021-06-18 09:10:00,SHORT,20.0,219.25,0.6
VWAP_EMA20_ALIGN,2021-06-21,2021-06-21 09:04:00,LONG,-20.0,179.25,0.58
VWAP_EMA20_ALIGN,2021-06-22,2021-06-22 09:10:00,LONG,20.0,179.25,0.58
VWAP_EMA20_ALIGN,2021-06-23,2021-06-23 09:03:00,SHORT,-20.0,139.25,0.56
VWAP_EMA20_ALIGN,2021-06-24,2021-06-24 10:14:00,LONG,-20.0,99.25,0.54
VWAP_EMA20_ALIGN,2021-06-25,2021-06-25 10:25:00,SHORT,5.75,125.0,0.56
VWAP_EMA20_ALIGN,2021-06-28,2021-06-28 10:26:00,LONG,-20.0,125.0,0.56
VWAP_EMA20_ALIGN,2021-06-29,2021-06-29 10:20:00,LONG,20.0,165.0,0.58
VWAP_EMA20_ALIGN,2021-06-30,2021-06-30 10:25:00,SHORT,20.0,205.0,0.6
VWAP_EMA20_ALIGN,2021-07-01,2021-07-01 09:07:00,SHORT,20.0,227.0,0.62
VWAP_EMA20_ALIGN,2021-07-02,2021-07-02 09:37:00,LONG,20.0,227.0,0.62
VWAP_EMA20_ALIGN,2021-07-06,2021-07-06 09:47:00,SHORT,20.0,267.0,0.64
VWAP_EMA20_ALIGN,2021-07-07,2021-07-07 09:50:00,LONG,20.0,293.0,0.66
VWAP_EMA20_ALIGN,2021-07-08,2021-07-08 09:01:00,SHORT,-20.0,293.0,0.66
VWAP_EMA20_ALIGN,2021-07-09,2021-07-09 09:01:00,LONG,20.0,293.0,0.66
VWAP_EMA20_ALIGN,2021-07-12,2021-07-12 09:02:00,LONG,-20.0,253.0,0.64
VWAP_EMA20_ALIGN,2021-07-13,2021-07-13 09:20:00,LONG,20.0,293.0,0.66
VWAP_EMA20_ALIGN,2021-07-14,2021-07-14 09:28:00,SHORT,20.0,293.0,0.66
VWAP_EMA20_ALIGN,2021-07-15,2021-07-15 10:08:00,SHORT,20.0,333.0,0.68
VWAP_EMA20_ALIGN,2021-07-16,2021-07-16 09:05:00,SHORT,20.0,352.75,0.68
VWAP_EMA20_ALIGN,2021-07-19,2021-07-19 09:26:00,LONG,20.0,352.75,0.68
VWAP_EMA20_ALIGN,2021-07-20,2021-07-20 09:12:00,LONG,20.0,352.75,0.68
VWAP_EMA20_ALIGN,2021-07-21,2021-07-21 09:01:00,LONG,-20.0,312.75,0.66
VWAP_EMA20_ALIGN,2021-07-22,2021-07-22 11:01:00,SHORT,-11.5,281.25,0.64
VWAP_EMA20_ALIGN,2021-07-23,2021-07-23 09:03:00,LONG,20.0,281.25,0.64
VWAP_EMA20_ALIGN,2021-07-26,2021-07-26 09:57:00,LONG,-20.0,281.25,0.64
VWAP_EMA20_ALIGN,2021-07-27,2021-07-27 09:17:00,SHORT,20.0,321.25,0.66
VWAP_EMA20_ALIGN,2021-07-28,2021-07-28 09:52:00,SHORT,-20.0,281.25,0.64
VWAP_EMA20_ALIGN,2021-07-29,2021-07-29 09:07:00,LONG,-20.0,241.25,0.62
VWAP_EMA20_ALIGN,2021-07-30,2021-07-30 10:19:00,LONG,20.0,241.25,0.62
VWAP_EMA20_ALIGN,2021-08-02,2021-08-02 09:08:00,LONG,20.0,281.25,0.64
VWAP_EMA20_ALIGN,2021-08-03,2021-08-03 09:25:00,SHORT,-20.0,241.25,0.62
VWAP_EMA20_ALIGN,2021-08-04,2021-08-04 09:05:00,LONG,-20.0,201.25,0.6
VWAP_EMA20_ALIGN,2021-08-05,2021-08-05 09:01:00,LONG,-12.75,168.5,0.58
VWAP_EMA20_ALIGN,2021-08-06,2021-08-06 09:11:00,SHORT,-20.0,168.5,0.58
VWAP_EMA20_ALIGN,2021-08-09,2021-08-09 09:14:00,SHORT,-20.0,168.5,0.58
VWAP_EMA20_ALIGN,2021-08-10,2021-08-10 09:13:00,SHORT,-20.0,128.5,0.56
VWAP_EMA20_ALIGN,2021-08-11,2021-08-11 09:01:00,SHORT,20.0,168.5,0.58
VWAP_EMA20_ALIGN,2021-08-12,2021-08-12 09:32:00,LONG,-20.0,128.5,0.56
VWAP_EMA20_ALIGN,2021-08-17,2021-08-17 09:26:00,SHORT,20.0,128.5,0.56
VWAP_EMA20_ALIGN,2021-08-18,2021-08-18 09:12:00,SHORT,20.0,128.5,0.56
VWAP_EMA20_ALIGN,2021-08-19,2021-08-19 09:02:00,LONG,20.0,140.0,0.56
VWAP_EMA20_ALIGN,2021-08-23,2021-08-23 09:01:00,LONG,20.0,161.5,0.58
VWAP_EMA20_ALIGN,2021-08-24,2021-08-24 09:27:00,SHORT,20.0,161.5,0.58
VWAP_EMA20_ALIGN,2021-08-25,2021-08-25 10:57:00,LONG,-20.0,161.5,0.58
VWAP_EMA20_ALIGN,2021-08-26,2021-08-26 09:02:00,SHORT,-20.0,161.5,0.58
VWAP_EMA20_ALIGN,2021-08-27,2021-08-27 10:06:00,LONG,14.25,155.75,0.58
VWAP_EMA20_ALIGN,2021-08-31,2021-08-31 09:21:00,LONG,20.0,155.75,0.58
VWAP_EMA20_ALIGN,2021-09-02,2021-09-02 09:09:00,SHORT,-20.0,115.75,0.56
VWAP_EMA20_ALIGN,2021-09-03,2021-09-03 09:16:00,LONG,20.0,155.75,0.58
VWAP_EMA20_ALIGN,2021-09-07,2021-09-07 10:14:00,LONG,20.0,155.75,0.58
VWAP_EMA20_ALIGN,2021-09-08,2021-09-08 09:52:00,SHORT,-20.0,155.75,0.58
VWAP_EMA20_ALIGN,2021-09-10,2021-09-10 09:28:00,SHORT,20.0,155.75,0.58
VWAP_EMA20_ALIGN,2021-09-13,2021-09-13 09:18:00,SHORT,-20.0,155.75,0.58
VWAP_EMA20_ALIGN,2021-09-14,2021-09-14 09:36:00,LONG,20.0,195.75,0.6
VWAP_EMA20_ALIGN,2021-09-15,2021-09-15 10:25:00,LONG,20.0,210.0,0.6
VWAP_EMA20_ALIGN,2021-09-16,2021-09-16 09:20:00,SHORT,-20.0,210.0,0.6
VWAP_EMA20_ALIGN,2021-09-17,2021-09-17 09:05:00,SHORT,20.0,210.0,0.6
VWAP_EMA20_ALIGN,2021-09-20,2021-09-20 09:02:00,SHORT,-20.0,170.0,0.58
VWAP_EMA20_ALIGN,2021-09-21,2021-09-21 09:19:00,LONG,20.0,170.0,0.58
VWAP_EMA20_ALIGN,2021-09-22,2021-09-22 09:01:00,LONG,20.0,170.0,0.58
VWAP_EMA20_ALIGN,2021-09-24,2021-09-24 09:53:00,LONG,20.0,170.0,0.58
VWAP_EMA20_ALIGN,2021-09-27,2021-09-27 09:26:00,SHORT,20.0,170.0,0.58
VWAP_EMA20_ALIGN,2021-09-28,2021-09-28 09:02:00,SHORT,20.0,210.0,0.6
VWAP_EMA20_ALIGN,2021-09-29,2021-09-29 09:23:00,SHORT,20.0,210.0,0.6
VWAP_EMA20_ALIGN,2021-09-30,2021-09-30 09:39:00,SHORT,20.0,250.0,0.62
VWAP_EMA20_ALIGN,2021-10-01,2021-10-01 09:13:00,LONG,20.0,250.0,0.62
VWAP_EMA20_ALIGN,2021-10-04,2021-10-04 09:38:00,SHORT,-20.0,210.0,0.6
VWAP_EMA20_ALIGN,2021-10-05,2021-10-05 09:01:00,LONG,20.0,210.0,0.6
VWAP_EMA20_ALIGN,2021-10-06,2021-10-06 11:25:00,SHORT,-20.0,170.0,0.58
VWAP_EMA20_ALIGN,2021-10-07,2021-10-07 09:58:00,LONG,-20.0,130.0,0.56
VWAP_EMA20_ALIGN,2021-10-12,2021-10-12 09:09:00,LONG,-20.0,90.0,0.54
VWAP_EMA20_ALIGN,2021-10-13,2021-10-13 09:50:00,LONG,-20.0,90.0,0.54
VWAP_EMA20_ALIGN,2021-10-14,2021-10-14 09:40:00,LONG,20.0,121.5,0.56
VWAP_EMA20_ALIGN,2021-10-15,2021-10-15 09:01:00,LONG,-20.0,81.5,0.54
VWAP_EMA20_ALIGN,2021-10-18,2021-10-18 09:01:00,LONG,20.0,121.5,0.56
VWAP_EMA20_ALIGN,2021-10-19,2021-10-19 09:01:00,LONG,16.75,118.25,0.56
VWAP_EMA20_ALIGN,2021-10-20,2021-10-20 09:02:00,SHORT,20.0,158.25,0.58
VWAP_EMA20_ALIGN,2021-10-22,2021-10-22 09:06:00,SHORT,20.0,198.25,0.6
VWAP_EMA20_ALIGN,2021-10-25,2021-10-25 09:12:00,LONG,20.0,198.25,0.6
VWAP_EMA20_ALIGN,2021-10-27,2021-10-27 10:01:00,LONG,20.0,198.25,0.6
VWAP_EMA20_ALIGN,2021-10-28,2021-10-28 09:44:00,LONG,-20.0,198.25,0.6
VWAP_EMA20_ALIGN,2021-10-29,2021-10-29 09:09:00,LONG,20.0,238.25,0.62
VWAP_EMA20_ALIGN,2021-11-01,2021-11-01 09:20:00,LONG,20.0,271.0,0.64
VWAP_EMA20_ALIGN,2021-11-02,2021-11-02 09:47:00,LONG,-20.0,271.0,0.64
VWAP_EMA20_ALIGN,2021-11-03,2021-11-03 09:45:00,LONG,15.25,306.25,0.66
VWAP_EMA20_ALIGN,2021-11-05,2021-11-05 09:49:00,LONG,-20.0,306.25,0.66
VWAP_EMA20_ALIGN,2021-11-08,2021-11-08 09:43:00,SHORT,-20.0,266.25,0.64
VWAP_EMA20_ALIGN,2021-11-11,2021-11-11 09:22:00,SHORT,-20.0,266.25,0.64
VWAP_EMA20_ALIGN,2021-11-12,2021-11-12 09:50:00,LONG,20.0,266.25,0.64
VWAP_EMA20_ALIGN,2021-11-15,2021-11-15 09:14:00,SHORT,20.0,266.25,0.64
VWAP_EMA20_ALIGN,2021-11-16,2021-11-16 10:09:00,LONG,20.0,266.25,0.64
VWAP_EMA20_ALIGN,2021-11-17,2021-11-17 09:12:00,LONG,-20.0,226.25,0.62
VWAP_EMA20_ALIGN,2021-11-18,2021-11-18 09:11:00,SHORT,20.0,226.25,0.62
VWAP_EMA20_ALIGN,2021-11-19,2021-11-19 10:38:00,LONG,-20.0,226.25,0.62
VWAP_EMA20_ALIGN,2021-11-22,2021-11-22 09:01:00,LONG,20.0,266.25,0.64
VWAP_EMA20_ALIGN,2021-11-24,2021-11-24 09:02:00,LONG,20.0,272.0,0.64
VWAP_EMA20_ALIGN,2021-11-25,2021-11-25 09:26:00,LONG,-20.0,232.0,0.62
VWAP_EMA20_ALIGN,2021-11-29,2021-11-29 09:11:00,LONG,-20.0,232.0,0.62
VWAP_EMA20_ALIGN,2021-11-30,2021-11-30 09:01:00,LONG,20.0,232.0,0.62
VWAP_EMA20_ALIGN,2021-12-01,2021-12-01 09:02:00,LONG,20.0,232.0,0.62
VWAP_EMA20_ALIGN,2021-12-07,2021-12-07 09:01:00,LONG,20.0,272.0,0.64
VWAP_EMA20_ALIGN,2021-12-09,2021-12-09 09:11:00,SHORT,-20.0,232.0,0.62
VWAP_EMA20_ALIGN,2021-12-13,2021-12-13 09:21:00,SHORT,20.0,272.0,0.64
VWAP_EMA20_ALIGN,2021-12-15,2021-12-15 10:13:00,SHORT,20.0,272.0,0.64
VWAP_EMA20_ALIGN,2021-12-20,2021-12-20 10:01:00,SHORT,20.0,272.0,0.64
VWAP_EMA20_ALIGN,2021-12-22,2021-12-22 09:38:00,LONG,20.0,312.0,0.66
VWAP_EMA20_ALIGN,2021-12-23,2021-12-23 09:01:00,LONG,20.0,312.0,0.66
VWAP_EMA20_ALIGN,2021-12-27,2021-12-27 09:02:00,LONG,20.0,352.0,0.68
VWAP_EMA20_ALIGN,2021-12-28,2021-12-28 09:14:00,SHORT,20.0,352.0,0.68
VWAP_EMA20_ALIGN,2021-12-29,2021-12-29 09:11:00,SHORT,20.0,352.0,0.68
VWAP_EMA20_ALIGN,2021-12-30,2021-12-30 09:06:00,LONG,20.0,352.0,0.68
VWAP_EMA20_ALIGN,2021-12-31,2021-12-31 09:06:00,SHORT,-20.0,312.0,0.66
VWAP_EMA20_ALIGN,2022-01-04,2022-01-04 09:01:00,SHORT,20.0,312.0,0.66
VWAP_EMA20_ALIGN,2022-01-11,2022-01-11 09:04:00,LONG,20.0,312.0,0.66
VWAP_EMA20_ALIGN,2022-01-12,2022-01-12 09:10:00,LONG,-20.0,272.0,0.64
VWAP_EMA20_ALIGN,2022-01-13,2022-01-13 09:04:00,SHORT,20.0,272.0,0.64
VWAP_EMA20_ALIGN,2022-01-18,2022-01-18 09:07:00,LONG,20.0,312.0,0.66
VWAP_EMA20_ALIGN,2022-01-19,2022-01-19 09:36:00,SHORT,20.0,312.0,0.66
VWAP_EMA20_ALIGN,2022-02-08,2022-02-08 09:07:00,SHORT,20.0,352.0,0.68
VWAP_EMA20_ALIGN,2022-02-09,2022-02-09 10:01:00,LONG,-20.0,352.0,0.68
VWAP_EMA20_ALIGN,2022-02-15,2022-02-15 09:42:00,LONG,20.0,392.0,0.7
VWAP_EMA20_ALIGN,2022-02-17,2022-02-17 09:20:00,SHORT,20.0,432.0,0.72
VWAP_EMA20_ALIGN,2022-02-21,2022-02-21 10:10:00,SHORT,20.0,432.0,0.72
VWAP_EMA20_ALIGN,2022-03-01,2022-03-01 09:21:00,LONG,-20.0,432.0,0.72
VWAP_EMA20_ALIGN,2022-03-02,2022-03-02 09:09:00,SHORT,20.0,432.0,0.72
VWAP_EMA20_ALIGN,2022-03-10,2022-03-10 09:19:00,LONG,-20.0,395.25,0.7
VWAP_EMA20_ALIGN,2022-03-15,2022-03-15 09:14:00,LONG,-20.0,355.25,0.68
VWAP_EMA20_ALIGN,2022-03-17,2022-03-17 10:26:00,LONG,20.0,355.25,0.68
VWAP_EMA20_ALIGN,2022-03-18,2022-03-18 09:03:00,LONG,20.0,355.25,0.68
VWAP_EMA20_ALIGN,2022-03-22,2022-03-22 09:08:00,LONG,20.0,355.25,0.68
VWAP_EMA20_ALIGN,2022-03-23,2022-03-23 09:03:00,LONG,-20.0,355.25,0.68
VWAP_EMA20_ALIGN,2022-03-24,2022-03-24 09:02:00,LONG,20.0,355.25,0.68
VWAP_EMA20_ALIGN,2022-03-25,2022-03-25 09:04:00,SHORT,20.0,355.25,0.68
VWAP_EMA20_ALIGN,2022-03-28,2022-03-28 09:33:00,SHORT,20.0,395.25,0.7
VWAP_EMA20_ALIGN,2022-03-29,2022-03-29 09:27:00,LONG,20.0,400.0,0.7
VWAP_EMA20_ALIGN,2022-03-30,2022-03-30 09:03:00,SHORT,20.0,440.0,0.72
VWAP_EMA20_ALIGN,2022-03-31,2022-03-31 10:12:00,SHORT,20.0,480.0,0.74
VWAP_EMA20_ALIGN,2022-04-01,2022-04-01 09:30:00,SHORT,20.0,520.0,0.76
VWAP_EMA20_ALIGN,2022-04-04,2022-04-04 09:02:00,LONG,20.0,520.0,0.76
VWAP_EMA20_ALIGN,2022-04-05,2022-04-05 09:37:00,SHORT,20.0,520.0,0.76
VWAP_EMA20_ALIGN,2022-04-06,2022-04-06 09:12:00,SHORT,-20.0,480.0,0.74
VWAP_EMA20_ALIGN,2022-04-08,2022-04-08 09:01:00,LONG,20.0,520.0,0.76
VWAP_EMA20_ALIGN,2022-04-12,2022-04-12 10:30:00,SHORT,20.0,520.0,0.76
VWAP_EMA20_ALIGN,2022-04-13,2022-04-13 09:04:00,LONG,20.0,560.0,0.78
VWAP_EMA20_ALIGN,2022-04-14,2022-04-14 10:00:00,SHORT,-20.0,520.0,0.76
VWAP_EMA20_ALIGN,2022-04-19,2022-04-19 09:23:00,LONG,20.0,520.0,0.76
VWAP_EMA20_ALIGN,2022-04-20,2022-04-20 09:10:00,SHORT,20.0,560.0,0.78
VWAP_EMA20_ALIGN,2022-04-26,2022-04-26 09:01:00,SHORT,20.0,600.0,0.8
VWAP_EMA20_ALIGN,2022-04-28,2022-04-28 09:45:00,LONG,20.0,600.0,0.8
VWAP_EMA20_ALIGN,2022-04-29,2022-04-29 09:13:00,SHORT,-20.0,560.0,0.78
VWAP_EMA20_ALIGN,2022-05-04,2022-05-04 09:03:00,SHORT,20.0,560.0,0.78
VWAP_EMA20_ALIGN,2022-05-05,2022-05-05 09:14:00,SHORT,20.0,600.0,0.8
VWAP_EMA20_ALIGN,2022-05-09,2022-05-09 09:05:00,SHORT,20.0,600.0,0.8
VWAP_EMA20_ALIGN,2022-05-13,2022-05-13 09:28:00,LONG,-20.0,560.0,0.78
VWAP_EMA20_ALIGN,2022-05-17,2022-05-17 10:06:00,LONG,20.0,560.0,0.78
VWAP_EMA20_ALIGN,2022-05-18,2022-05-18 09:08:00,SHORT,20.0,560.0,0.78
VWAP_EMA20_ALIGN,2022-05-19,2022-05-19 09:11:00,LONG,-20.0,520.0,0.76
VWAP_EMA20_ALIGN,2022-05-23,2022-05-23 09:05:00,LONG,-20.0,480.0,0.74
VWAP_EMA20_ALIGN,2022-05-24,2022-05-24 10:42:00,LONG,20.0,480.0,0.74
VWAP_EMA20_ALIGN,2022-05-25,2022-05-25 10:49:00,SHORT,20.0,480.0,0.74
VWAP_EMA20_ALIGN,2022-05-26,2022-05-26 09:28:00,LONG,20.0,480.0,0.74
VWAP_EMA20_ALIGN,2022-05-27,2022-05-27 09:50:00,LONG,-20.0,480.0,0.74
VWAP_EMA20_ALIGN,2022-05-30,2022-05-30 09:48:00,LONG,20.0,480.0,0.74
VWAP_EMA20_ALIGN,2022-05-31,2022-05-31 09:04:00,LONG,-20.0,440.0,0.72
VWAP_EMA20_ALIGN,2022-06-01,2022-06-01 09:21:00,SHORT,20.0,480.0,0.74
VWAP_EMA20_ALIGN,2022-06-02,2022-06-02 09:01:00,LONG,20.0,480.0,0.74
VWAP_EMA20_ALIGN,2022-06-03,2022-06-03 09:01:00,SHORT,20.0,480.0,0.74
VWAP_EMA20_ALIGN,2022-06-08,2022-06-08 09:04:00,SHORT,-20.0,440.0,0.72
VWAP_EMA20_ALIGN,2022-06-09,2022-06-09 09:04:00,SHORT,20.0,440.0,0.72
VWAP_EMA20_ALIGN,2022-06-10,2022-06-10 09:05:00,SHORT,-20.0,440.0,0.72
VWAP_EMA20_ALIGN,2022-06-13,2022-06-13 09:03:00,SHORT,20.0,440.0,0.72
VWAP_EMA20_ALIGN,2022-06-14,2022-06-14 11:09:00,LONG,20.0,440.0,0.72
VWAP_EMA20_ALIGN,2022-06-15,2022-06-15 09:56:00,LONG,20.0,440.0,0.72
VWAP_EMA20_ALIGN,2022-06-17,2022-06-17 10:00:00,LONG,20.0,480.0,0.74
VWAP_EMA20_ALIGN,2022-06-23,2022-06-23 09:16:00,LONG,-20.0,440.0,0.72
VWAP_EMA20_ALIGN,2022-06-28,2022-06-28 09:19:00,SHORT,20.0,480.0,0.74
VWAP_EMA20_ALIGN,2022-06-29,2022-06-29 09:23:00,SHORT,-20.0,480.0,0.74
VWAP_EMA20_ALIGN,2022-06-30,2022-06-30 09:09:00,LONG,20.0,480.0,0.74
VWAP_EMA20_ALIGN,2022-07-01,2022-07-01 09:09:00,LONG,20.0,480.0,0.74
VWAP_EMA20_ALIGN,2022-07-06,2022-07-06 09:27:00,SHORT,20.0,480.0,0.74
VWAP_EMA20_ALIGN,2022-07-07,2022-07-07 09:18:00,LONG,-20.0,480.0,0.74
VWAP_EMA20_ALIGN,2022-07-08,2022-07-08 09:02:00,LONG,20.0,480.0,0.74
VWAP_EMA20_ALIGN,2022-07-11,2022-07-11 09:03:00,SHORT,-20.0,440.0,0.72
VWAP_EMA20_ALIGN,2022-07-12,2022-07-12 09:14:00,LONG,-20.0,400.0,0.7
VWAP_EMA20_ALIGN,2022-07-14,2022-07-14 09:14:00,LONG,20.0,400.0,0.7
VWAP_EMA20_ALIGN,2022-07-15,2022-07-15 09:10:00,LONG,20.0,400.0,0.7
VWAP_EMA20_ALIGN,2022-07-18,2022-07-18 09:35:00,LONG,20.0,400.0,0.7
VWAP_EMA20_ALIGN,2022-07-19,2022-07-19 09:01:00,LONG,20.0,400.0,0.7
VWAP_EMA20_ALIGN,2022-07-20,2022-07-20 09:50:00,LONG,20.0,400.0,0.7
VWAP_EMA20_ALIGN,2022-07-21,2022-07-21 09:02:00,LONG,20.0,400.0,0.7
VWAP_EMA20_ALIGN,2022-07-22,2022-07-22 09:13:00,SHORT,20.0,440.0,0.72
VWAP_EMA20_ALIGN,2022-07-25,2022-07-25 09:15:00,SHORT,-20.0,400.0,0.7
VWAP_EMA20_ALIGN,2022-07-26,2022-07-26 09:27:00,SHORT,20.0,400.0,0.7
VWAP_EMA20_ALIGN,2022-07-27,2022-07-27 09:01:00,LONG,20.0,400.0,0.7
VWAP_EMA20_ALIGN,2022-07-29,2022-07-29 09:03:00,SHORT,20.0,440.0,0.72
VWAP_EMA20_ALIGN,2022-08-03,2022-08-03 09:01:00,LONG,20.0,440.0,0.72
VWAP_EMA20_ALIGN,2022-08-04,2022-08-04 09:51:00,LONG,20.0,440.0,0.72
VWAP_EMA20_ALIGN,2022-08-05,2022-08-05 09:01:00,SHORT,20.0,440.0,0.72
VWAP_EMA20_ALIGN,2022-08-08,2022-08-08 09:16:00,SHORT,20.0,440.0,0.72
VWAP_EMA20_ALIGN,2022-08-09,2022-08-09 09:09:00,SHORT,-20.0,440.0,0.72
VWAP_EMA20_ALIGN,2022-08-10,2022-08-10 09:01:00,LONG,20.0,440.0,0.72
VWAP_EMA20_ALIGN,2022-08-11,2022-08-11 09:04:00,SHORT,20.0,440.0,0.72
VWAP_EMA20_ALIGN,2022-08-12,2022-08-12 09:04:00,LONG,20.0,440.0,0.72
VWAP_EMA20_ALIGN,2022-08-15,2022-08-15 09:12:00,SHORT,-20.0,440.0,0.72
VWAP_EMA20_ALIGN,2022-08-17,2022-08-17 09:45:00,SHORT,-20.0,400.0,0.7
VWAP_EMA20_ALIGN,2022-08-18,2022-08-18 09:23:00,LONG,20.0,400.0,0.7
VWAP_EMA20_ALIGN,2022-08-19,2022-08-19 09:08:00,SHORT,-20.0,400.0,0.7
VWAP_EMA20_ALIGN,2022-08-22,2022-08-22 09:11:00,SHORT,-20.0,400.0,0.7
VWAP_EMA20_ALIGN,2022-08-23,2022-08-23 09:05:00,SHORT,-20.0,360.0,0.68
VWAP_EMA20_ALIGN,2022-08-24,2022-08-24 11:10:00,LONG,-20.0,320.0,0.66
VWAP_EMA20_ALIGN,2022-08-26,2022-08-26 09:03:00,SHORT,20.0,320.0,0.66
VWAP_EMA20_ALIGN,2022-08-31,2022-08-31 09:01:00,SHORT,20.0,360.0,0.68
VWAP_EMA20_ALIGN,2022-09-01,2022-09-01 09:03:00,SHORT,-20.0,320.0,0.66
VWAP_EMA20_ALIGN,2022-09-07,2022-09-07 09:08:00,LONG,20.0,360.0,0.68
VWAP_EMA20_ALIGN,2022-09-08,2022-09-08 10:05:00,SHORT,20.0,360.0,0.68
VWAP_EMA20_ALIGN,2022-09-09,2022-09-09 09:38:00,LONG,-20.0,320.0,0.66
VWAP_EMA20_ALIGN,2022-09-12,2022-09-12 10:31:00,SHORT,20.0,320.0,0.66
VWAP_EMA20_ALIGN,2022-09-13,2022-09-13 09:08:00,SHORT,20.0,360.0,0.68
VWAP_EMA20_ALIGN,2022-09-16,2022-09-16 09:03:00,SHORT,-20.0,320.0,0.66
VWAP_EMA20_ALIGN,2022-09-19,2022-09-19 09:46:00,SHORT,20.0,360.0,0.68
VWAP_EMA20_ALIGN,2022-09-20,2022-09-20 09:07:00,LONG,20.0,360.0,0.68
VWAP_EMA20_ALIGN,2022-09-21,2022-09-21 10:35:00,LONG,-20.0,320.0,0.66
VWAP_EMA20_ALIGN,2022-09-22,2022-09-22 09:15:00,SHORT,20.0,320.0,0.66
VWAP_EMA20_ALIGN,2022-09-23,2022-09-23 09:45:00,SHORT,20.0,320.0,0.66
VWAP_EMA20_ALIGN,2022-09-28,2022-09-28 09:21:00,LONG,20.0,360.0,0.68
VWAP_EMA20_ALIGN,2022-09-30,2022-09-30 09:05:00,LONG,20.0,360.0,0.68
VWAP_EMA20_ALIGN,2022-10-03,2022-10-03 11:21:00,LONG,20.0,400.0,0.7
VWAP_EMA20_ALIGN,2022-10-06,2022-10-06 09:21:00,LONG,-20.0,360.0,0.68
VWAP_EMA20_ALIGN,2022-10-07,2022-10-07 09:27:00,SHORT,20.0,360.0,0.68
VWAP_EMA20_ALIGN,2022-10-11,2022-10-11 09:15:00,LONG,20.0,360.0,0.68
VWAP_EMA20_ALIGN,2022-10-12,2022-10-12 09:21:00,LONG,-20.0,360.0,0.68
VWAP_EMA20_ALIGN,2022-10-14,2022-10-14 09:46:00,SHORT,20.0,360.0,0.68
VWAP_EMA20_ALIGN,2022-10-17,2022-10-17 09:47:00,LONG,20.0,400.0,0.7
VWAP_EMA20_ALIGN,2022-10-18,2022-10-18 09:10:00,SHORT,20.0,440.0,0.72
VWAP_EMA20_ALIGN,2022-10-19,2022-10-19 09:35:00,SHORT,-20.0,400.0,0.7
VWAP_EMA20_ALIGN,2022-10-21,2022-10-21 09:03:00,SHORT,20.0,400.0,0.7
VWAP_EMA20_ALIGN,2022-10-25,2022-10-25 09:07:00,LONG,20.0,400.0,0.7
VWAP_EMA20_ALIGN,2022-10-26,2022-10-26 09:06:00,LONG,20.0,400.0,0.7
VWAP_EMA20_ALIGN,2022-10-28,2022-10-28 09:10:00,LONG,20.0,400.0,0.7
VWAP_EMA20_ALIGN,2022-10-31,2022-10-31 09:58:00,LONG,20.0,400.0,0.7
VWAP_EMA20_ALIGN,2022-11-01,2022-11-01 09:41:00,SHORT,-20.0,360.0,0.68
VWAP_EMA20_ALIGN,2022-11-02,2022-11-02 09:12:00,SHORT,20.0,400.0,0.7
VWAP_EMA20_ALIGN,2022-11-03,2022-11-03 09:30:00,SHORT,20.0,400.0,0.7
VWAP_EMA20_ALIGN,2022-11-08,2022-11-08 09:17:00,LONG,20.0,400.0,0.7
VWAP_EMA20_ALIGN,2022-11-09,2022-11-09 09:41:00,SHORT,20.0,400.0,0.7
VWAP_EMA20_ALIGN,2022-11-14,2022-11-14 09:08:00,LONG,20.0,400.0,0.7
VWAP_EMA20_ALIGN,2022-11-15,2022-11-15 10:01:00,SHORT,-20.0,360.0,0.68
VWAP_EMA20_ALIGN,2022-11-16,2022-11-16 09:16:00,SHORT,20.0,360.0,0.68
VWAP_EMA20_ALIGN,2022-11-17,2022-11-17 09:35:00,LONG,20.0,360.0,0.68
VWAP_EMA20_ALIGN,2022-11-18,2022-11-18 09:01:00,SHORT,20.0,400.0,0.7
VWAP_EMA20_ALIGN,2022-11-21,2022-11-21 09:08:00,SHORT,20.0,400.0,0.7
VWAP_EMA20_ALIGN,2022-11-22,2022-11-22 09:48:00,LONG,20.0,400.0,0.7
VWAP_EMA20_ALIGN,2022-11-23,2022-11-23 09:06:00,LONG,20.0,400.0,0.7
VWAP_EMA20_ALIGN,2022-11-28,2022-11-28 09:26:00,SHORT,-20.0,400.0,0.7
VWAP_EMA20_ALIGN,2022-11-29,2022-11-29 09:50:00,LONG,-20.0,400.0,0.7
VWAP_EMA20_ALIGN,2022-11-30,2022-11-30 11:20:00,SHORT,20.0,400.0,0.7
VWAP_EMA20_ALIGN,2022-12-01,2022-12-01 09:50:00,SHORT,-20.0,400.0,0.7
VWAP_EMA20_ALIGN,2022-12-02,2022-12-02 09:20:00,LONG,-20.0,400.0,0.7
VWAP_EMA20_ALIGN,2022-12-05,2022-12-05 09:04:00,SHORT,20.0,440.0,0.72
VWAP_EMA20_ALIGN,2022-12-09,2022-12-09 09:32:00,LONG,-20.0,440.0,0.72
VWAP_EMA20_ALIGN,2022-12-14,2022-12-14 09:04:00,LONG,20.0,440.0,0.72
VWAP_EMA20_ALIGN,2022-12-16,2022-12-16 09:07:00,SHORT,20.0,440.0,0.72
VWAP_EMA20_ALIGN,2022-12-19,2022-12-19 09:03:00,SHORT,20.0,480.0,0.74
VWAP_EMA20_ALIGN,2022-12-20,2022-12-20 09:02:00,LONG,20.0,480.0,0.74
VWAP_EMA20_ALIGN,2022-12-21,2022-12-21 09:12:00,LONG,20.0,480.0,0.74
VWAP_EMA20_ALIGN,2022-12-30,2022-12-30 09:48:00,LONG,20.0,520.0,0.76
VWAP_EMA20_ALIGN,2023-01-04,2023-01-04 09:04:00,SHORT,20.0,520.0,0.76
VWAP_EMA20_ALIGN,2023-01-09,2023-01-09 09:02:00,LONG,-20.0,480.0,0.74
VWAP_EMA20_ALIGN,2023-01-10,2023-01-10 09:14:00,LONG,20.0,520.0,0.76
VWAP_EMA20_ALIGN,2023-01-11,2023-01-11 09:22:00,LONG,20.0,520.0,0.76
VWAP_EMA20_ALIGN,2023-01-13,2023-01-13 09:05:00,LONG,20.0,520.0,0.76
VWAP_EMA20_ALIGN,2023-01-17,2023-01-17 09:01:00,LONG,20.0,560.0,0.78
VWAP_EMA20_ALIGN,2023-01-18,2023-01-18 09:01:00,LONG,20.0,560.0,0.78
VWAP_EMA20_ALIGN,2023-01-19,2023-01-19 09:52:00,SHORT,20.0,560.0,0.78
VWAP_EMA20_ALIGN,2023-01-20,2023-01-20 09:06:00,LONG,-20.0,520.0,0.76
VWAP_EMA20_ALIGN,2023-01-25,2023-01-25 09:14:00,SHORT,-20.0,480.0,0.74
VWAP_EMA20_ALIGN,2023-01-27,2023-01-27 09:03:00,LONG,20.0,480.0,0.74
VWAP_EMA20_ALIGN,2023-01-30,2023-01-30 09:04:00,LONG,-20.0,480.0,0.74
VWAP_EMA20_ALIGN,2023-01-31,2023-01-31 09:30:00,LONG,20.0,480.0,0.74
VWAP_EMA20_ALIGN,2023-02-01,2023-02-01 09:52:00,SHORT,20.0,480.0,0.74
VWAP_EMA20_ALIGN,2023-02-06,2023-02-06 09:02:00,LONG,20.0,520.0,0.76
VWAP_EMA20_ALIGN,2023-02-07,2023-02-07 09:09:00,SHORT,-20.0,480.0,0.74
VWAP_EMA20_ALIGN,2023-02-08,2023-02-08 09:30:00,SHORT,20.0,480.0,0.74
VWAP_EMA20_ALIGN,2023-02-09,2023-02-09 09:29:00,SHORT,20.0,480.0,0.74
VWAP_EMA20_ALIGN,2023-02-10,2023-02-10 09:02:00,SHORT,20.0,520.0,0.76
VWAP_EMA20_ALIGN,2023-02-13,2023-02-13 09:01:00,LONG,-20.0,480.0,0.74
VWAP_EMA20_ALIGN,2023-02-15,2023-02-15 09:08:00,SHORT,-20.0,440.0,0.72
VWAP_EMA20_ALIGN,2023-02-16,2023-02-16 09:27:00,LONG,20.0,440.0,0.72
VWAP_EMA20_ALIGN,2023-02-21,2023-02-21 09:10:00,SHORT,20.0,440.0,0.72
VWAP_EMA20_ALIGN,2023-02-22,2023-02-22 09:01:00,SHORT,20.0,440.0,0.72
VWAP_EMA20_ALIGN,2023-02-23,2023-02-23 09:15:00,SHORT,20.0,480.0,0.74
VWAP_EMA20_ALIGN,2023-02-24,2023-02-24 09:10:00,SHORT,20.0,480.0,0.74
VWAP_EMA20_ALIGN,2023-02-27,2023-02-27 09:03:00,LONG,20.0,480.0,0.74
VWAP_EMA20_ALIGN,2023-02-28,2023-02-28 09:04:00,LONG,-20.0,440.0,0.72
VWAP_EMA20_ALIGN,2023-03-01,2023-03-01 09:37:00,SHORT,-20.0,400.0,0.7
VWAP_EMA20_ALIGN,2023-03-02,2023-03-02 09:04:00,LONG,-20.0,360.0,0.68
VWAP_EMA20_ALIGN,2023-03-03,2023-03-03 09:15:00,LONG,20.0,400.0,0.7
VWAP_EMA20_ALIGN,2023-03-06,2023-03-06 09:10:00,LONG,20.0,400.0,0.7
VWAP_EMA20_ALIGN,2023-03-07,2023-03-07 09:35:00,SHORT,20.0,400.0,0.7
VWAP_EMA20_ALIGN,2023-03-08,2023-03-08 09:02:00,SHORT,20.0,400.0,0.7
VWAP_EMA20_ALIGN,2023-03-09,2023-03-09 09:04:00,LONG,-20.0,360.0,0.68
VWAP_EMA20_ALIGN,2023-03-14,2023-03-14 09:16:00,LONG,20.0,360.0,0.68
VWAP_EMA20_ALIGN,2023-03-15,2023-03-15 09:08:00,LONG,20.0,360.0,0.68
VWAP_EMA20_ALIGN,2023-03-17,2023-03-17 09:24:00,SHORT,20.0,400.0,0.7
VWAP_EMA20_ALIGN,2023-03-20,2023-03-20 09:03:00,LONG,20.0,440.0,0.72
VWAP_EMA20_ALIGN,2023-03-21,2023-03-21 09:15:00,LONG,-20.0,400.0,0.7
VWAP_EMA20_ALIGN,2023-03-22,2023-03-22 09:39:00,LONG,-20.0,400.0,0.7
VWAP_EMA20_ALIGN,2023-03-23,2023-03-23 09:01:00,LONG,20.0,440.0,0.72
VWAP_EMA20_ALIGN,2023-03-24,2023-03-24 09:09:00,SHORT,20.0,440.0,0.72
VWAP_EMA20_ALIGN,2023-03-27,2023-03-27 09:03:00,SHORT,20.0,480.0,0.74
VWAP_EMA20_ALIGN,2023-03-29,2023-03-29 09:28:00,LONG,20.0,480.0,0.74
VWAP_EMA20_ALIGN,2023-03-30,2023-03-30 10:42:00,SHORT,20.0,480.0,0.74
VWAP_EMA20_ALIGN,2023-03-31,2023-03-31 09:22:00,LONG,20.0,480.0,0.74
VWAP_EMA20_ALIGN,2023-04-03,2023-04-03 09:06:00,SHORT,20.0,480.0,0.74
VWAP_EMA20_ALIGN,2023-04-04,2023-04-04 09:07:00,SHORT,20.0,480.0,0.74
VWAP_EMA20_ALIGN,2023-04-05,2023-04-05 09:01:00,SHORT,-20.0,440.0,0.72
VWAP_EMA20_ALIGN,2023-04-06,2023-04-06 09:05:00,LONG,20.0,440.0,0.72
VWAP_EMA20_ALIGN,2023-04-10,2023-04-10 09:05:00,LONG,20.0,480.0,0.74
VWAP_EMA20_ALIGN,2023-04-11,2023-04-11 09:45:00,SHORT,-20.0,440.0,0.72
VWAP_EMA20_ALIGN,2023-04-13,2023-04-13 09:41:00,LONG,-20.0,400.0,0.7
VWAP_EMA20_ALIGN,2023-04-14,2023-04-14 09:39:00,SHORT,-20.0,360.0,0.68
VWAP_EMA20_ALIGN,2023-04-17,2023-04-17 09:34:00,SHORT,20.0,360.0,0.68
VWAP_EMA20_ALIGN,2023-04-19,2023-04-19 09:02:00,LONG,20.0,360.0,0.68
VWAP_EMA20_ALIGN,2023-04-20,2023-04-20 09:14:00,SHORT,-20.0,320.0,0.66
VWAP_EMA20_ALIGN,2023-04-21,2023-04-21 09:04:00,LONG,-20.0,320.0,0.66
VWAP_EMA20_ALIGN,2023-04-24,2023-04-24 09:15:00,SHORT,20.0,360.0,0.68
VWAP_EMA20_ALIGN,2023-04-25,2023-04-25 09:52:00,SHORT,20.0,360.0,0.68
VWAP_EMA20_ALIGN,2023-04-26,2023-04-26 09:02:00,LONG,20.0,400.0,0.7
VWAP_EMA20_ALIGN,2023-04-28,2023-04-28 09:01:00,SHORT,-20.0,360.0,0.68
VWAP_EMA20_ALIGN,2023-05-01,2023-05-01 09:01:00,LONG,-20.0,320.0,0.66
VWAP_EMA20_ALIGN,2023-05-02,2023-05-02 09:02:00,SHORT,20.0,320.0,0.66
VWAP_EMA20_ALIGN,2023-05-03,2023-05-03 09:02:00,SHORT,-20.0,320.0,0.66
VWAP_EMA20_ALIGN,2023-05-04,2023-05-04 09:08:00,LONG,20.0,320.0,0.66
VWAP_EMA20_ALIGN,2023-05-05,2023-05-05 11:12:00,LONG,14.75,314.75,0.66
VWAP_EMA20_ALIGN,2023-05-08,2023-05-08 09:08:00,LONG,20.0,314.75,0.66
VWAP_EMA20_ALIGN,2023-05-09,2023-05-09 09:29:00,SHORT,-5.0,329.75,0.66
VWAP_EMA20_ALIGN,2023-05-11,2023-05-11 09:01:00,LONG,20.0,369.75,0.68
VWAP_EMA20_ALIGN,2023-05-12,2023-05-12 09:27:00,SHORT,-20.0,329.75,0.66
VWAP_EMA20_ALIGN,2023-05-15,2023-05-15 09:13:00,LONG,20.0,329.75,0.66
VWAP_EMA20_ALIGN,2023-05-16,2023-05-16 09:30:00,LONG,-20.0,289.75,0.64
VWAP_EMA20_ALIGN,2023-05-17,2023-05-17 09:01:00,LONG,20.0,289.75,0.64
VWAP_EMA20_ALIGN,2023-05-18,2023-05-18 09:01:00,LONG,20.0,289.75,0.64
VWAP_EMA20_ALIGN,2023-05-19,2023-05-19 09:15:00,SHORT,-20.0,249.75,0.62
VWAP_EMA20_ALIGN,2023-05-22,2023-05-22 09:23:00,LONG,-20.0,249.75,0.62
VWAP_EMA20_ALIGN,2023-05-23,2023-05-23 09:44:00,LONG,-20.0,249.75,0.62
VWAP_EMA20_ALIGN,2023-05-25,2023-05-25 09:03:00,LONG,20.0,289.75,0.64
VWAP_EMA20_ALIGN,2023-05-26,2023-05-26 09:42:00,LONG,20.0,289.75,0.64
VWAP_EMA20_ALIGN,2023-05-30,2023-05-30 10:29:00,SHORT,20.0,289.75,0.64
VWAP_EMA20_ALIGN,2023-05-31,2023-05-31 09:17:00,SHORT,20.0,289.75,0.64
VWAP_EMA20_ALIGN,2023-06-01,2023-06-01 09:15:00,LONG,20.0,289.75,0.64
VWAP_EMA20_ALIGN,2023-06-02,2023-06-02 09:01:00,LONG,-20.0,289.75,0.64
VWAP_EMA20_ALIGN,2023-06-05,2023-06-05 09:29:00,LONG,-20.0,249.75,0.62
VWAP_EMA20_ALIGN,2023-06-06,2023-06-06 09:26:00,SHORT,-20.0,209.75,0.6
VWAP_EMA20_ALIGN,2023-06-07,2023-06-07 09:52:00,SHORT,20.0,209.75,0.6
VWAP_EMA20_ALIGN,2023-06-08,2023-06-08 09:02:00,LONG,20.0,209.75,0.6
VWAP_EMA20_ALIGN,2023-06-09,2023-06-09 09:28:00,SHORT,20.0,249.75,0.62
VWAP_EMA20_ALIGN,2023-06-12,2023-06-12 09:35:00,LONG,20.0,289.75,0.64
VWAP_EMA20_ALIGN,2023-06-13,2023-06-13 09:41:00,LONG,20.0,289.75,0.64
VWAP_EMA20_ALIGN,2023-06-14,2023-06-14 09:15:00,LONG,20.0,289.75,0.64
VWAP_EMA20_ALIGN,2023-06-15,2023-06-15 09:28:00,LONG,20.0,289.75,0.64
VWAP_EMA20_ALIGN,2023-06-16,2023-06-16 09:27:00,SHORT,-20.0,249.75,0.62
VWAP_EMA20_ALIGN,2023-06-21,2023-06-21 09:07:00,SHORT,20.0,249.75,0.62
VWAP_EMA20_ALIGN,2023-06-22,2023-06-22 09:37:00,LONG,20.0,249.75,0.62
VWAP_EMA20_ALIGN,2023-06-23,2023-06-23 09:21:00,SHORT,-20.0,209.75,0.6
VWAP_EMA20_ALIGN,2023-06-26,2023-06-26 09:06:00,SHORT,20.0,209.75,0.6
VWAP_EMA20_ALIGN,2023-06-27,2023-06-27 09:10:00,SHORT,-20.0,209.75,0.6
VWAP_EMA20_ALIGN,2023-06-28,2023-06-28 10:13:00,LONG,-20.0,169.75,0.58
VWAP_EMA20_ALIGN,2023-06-29,2023-06-29 10:15:00,LONG,20.0,169.75,0.58
VWAP_EMA20_ALIGN,2023-07-03,2023-07-03 10:59:00,LONG,-2.25,187.5,0.58
VWAP_EMA20_ALIGN,2023-07-06,2023-07-06 09:25:00,SHORT,-20.0,187.5,0.58
VWAP_EMA20_ALIGN,2023-07-07,2023-07-07 09:03:00,LONG,20.0,227.5,0.6
VWAP_EMA20_ALIGN,2023-07-10,2023-07-10 09:45:00,SHORT,20.0,227.5,0.6
VWAP_EMA20_ALIGN,2023-07-11,2023-07-11 09:04:00,LONG,-20.0,187.5,0.58
VWAP_EMA20_ALIGN,2023-07-13,2023-07-13 09:03:00,LONG,-20.0,187.5,0.58
VWAP_EMA20_ALIGN,2023-07-14,2023-07-14 11:02:00,SHORT,20.0,227.5,0.6
VWAP_EMA20_ALIGN,2023-07-17,2023-07-17 09:27:00,LONG,20.0,227.5,0.6
VWAP_EMA20_ALIGN,2023-07-18,2023-07-18 09:15:00,LONG,-20.0,187.5,0.58
VWAP_EMA20_ALIGN,2023-07-19,2023-07-19 09:18:00,LONG,-20.0,147.5,0.56
VWAP_EMA20_ALIGN,2023-07-20,2023-07-20 10:34:00,SHORT,20.0,187.5,0.58
VWAP_EMA20_ALIGN,2023-07-21,2023-07-21 09:13:00,LONG,20.0,227.5,0.6
VWAP_EMA20_ALIGN,2023-07-24,2023-07-24 09:06:00,SHORT,-20.0,187.5,0.58
VWAP_EMA20_ALIGN,2023-07-25,2023-07-25 09:12:00,LONG,20.0,227.5,0.6
VWAP_EMA20_ALIGN,2023-07-26,2023-07-26 09:01:00,SHORT,-20.0,187.5,0.58
VWAP_EMA20_ALIGN,2023-07-27,2023-07-27 09:31:00,LONG,-20.0,152.75,0.56
VWAP_EMA20_ALIGN,2023-07-28,2023-07-28 09:12:00,LONG,20.0,152.75,0.56
VWAP_EMA20_ALIGN,2023-07-31,2023-07-31 09:04:00,LONG,-20.0,137.75,0.56
VWAP_EMA20_ALIGN,2023-08-01,2023-08-01 11:05:00,LONG,-20.0,97.75,0.54
VWAP_EMA20_ALIGN,2023-08-02,2023-08-02 10:47:00,SHORT,20.0,137.75,0.56
VWAP_EMA20_ALIGN,2023-08-03,2023-08-03 09:05:00,LONG,20.0,137.75,0.56
VWAP_EMA20_ALIGN,2023-08-04,2023-08-04 09:02:00,LONG,20.0,177.75,0.58
VWAP_EMA20_ALIGN,2023-08-07,2023-08-07 09:03:00,SHORT,20.0,177.75,0.58
VWAP_EMA20_ALIGN,2023-08-08,2023-08-08 09:01:00,SHORT,-20.0,137.75,0.56
VWAP_EMA20_ALIGN,2023-08-09,2023-08-09 09:01:00,SHORT,-20.0,137.75,0.56
VWAP_EMA20_ALIGN,2023-08-10,2023-08-10 09:02:00,SHORT,20.0,177.75,0.58
VWAP_EMA20_ALIGN,2023-08-11,2023-08-11 09:07:00,SHORT,20.0,217.75,0.6
VWAP_EMA20_ALIGN,2023-08-15,2023-08-15 10:16:00,LONG,20.0,217.75,0.6
VWAP_EMA20_ALIGN,2023-08-16,2023-08-16 09:28:00,SHORT,20.0,217.75,0.6
VWAP_EMA20_ALIGN,2023-08-17,2023-08-17 10:35:00,LONG,20.0,217.75,0.6
VWAP_EMA20_ALIGN,2023-08-18,2023-08-18 09:02:00,LONG,-20.0,177.75,0.58
VWAP_EMA20_ALIGN,2023-08-21,2023-08-21 09:10:00,SHORT,20.0,177.75,0.58
VWAP_EMA20_ALIGN,2023-08-22,2023-08-22 09:01:00,LONG,-20.0,177.75,0.58
VWAP_EMA20_ALIGN,2023-08-23,2023-08-23 09:14:00,LONG,20.0,217.75,0.6
VWAP_EMA20_ALIGN,2023-08-24,2023-08-24 09:01:00,SHORT,20.0,257.75,0.62
VWAP_EMA20_ALIGN,2023-08-28,2023-08-28 09:43:00,SHORT,-20.0,217.75,0.6
VWAP_EMA20_ALIGN,2023-08-29,2023-08-29 09:15:00,LONG,20.0,217.75,0.6
VWAP_EMA20_ALIGN,2023-08-30,2023-08-30 09:37:00,LONG,20.0,217.75,0.6
VWAP_EMA20_ALIGN,2023-08-31,2023-08-31 11:10:00,SHORT,-20.0,177.75,0.58
VWAP_EMA20_ALIGN,2023-09-01,2023-09-01 09:46:00,SHORT,20.0,177.75,0.58
VWAP_EMA20_ALIGN,2023-09-04,2023-09-04 09:06:00,SHORT,-5.25,152.5,0.56
VWAP_EMA20_ALIGN,2023-09-05,2023-09-05 09:03:00,LONG,20.0,152.5,0.56
VWAP_EMA20_ALIGN,2023-09-06,2023-09-06 09:01:00,SHORT,20.0,192.5,0.58
VWAP_EMA20_ALIGN,2023-09-11,2023-09-11 09:26:00,LONG,-20.0,152.5,0.56
VWAP_EMA20_ALIGN,2023-09-12,2023-09-12 09:09:00,SHORT,20.0,152.5,0.56
VWAP_EMA20_ALIGN,2023-09-13,2023-09-13 09:07:00,LONG,20.0,192.5,0.58
VWAP_EMA20_ALIGN,2023-09-14,2023-09-14 09:04:00,LONG,20.0,192.5,0.58
VWAP_EMA20_ALIGN,2023-09-15,2023-09-15 09:01:00,SHORT,-20.0,192.5,0.58
VWAP_EMA20_ALIGN,2023-09-18,2023-09-18 09:18:00,LONG,20.0,232.5,0.6
VWAP_EMA20_ALIGN,2023-09-20,2023-09-20 09:05:00,SHORT,20.0,232.5,0.6
VWAP_EMA20_ALIGN,2023-09-21,2023-09-21 09:15:00,SHORT,20.0,254.75,0.62
VWAP_EMA20_ALIGN,2023-09-22,2023-09-22 09:06:00,LONG,-20.0,254.75,0.62
VWAP_EMA20_ALIGN,2023-09-25,2023-09-25 09:10:00,LONG,20.0,254.75,0.62
VWAP_EMA20_ALIGN,2023-09-26,2023-09-26 09:08:00,SHORT,20.0,254.75,0.62
VWAP_EMA20_ALIGN,2023-09-27,2023-09-27 09:47:00,SHORT,20.0,294.75,0.64
VWAP_EMA20_ALIGN,2023-09-28,2023-09-28 09:22:00,LONG,20.0,334.75,0.66
VWAP_EMA20_ALIGN,2023-09-29,2023-09-29 09:15:00,SHORT,-20.0,294.75,0.64
VWAP_EMA20_ALIGN,2023-10-02,2023-10-02 09:13:00,LONG,20.0,294.75,0.64
VWAP_EMA20_ALIGN,2023-10-03,2023-10-03 09:02:00,SHORT,20.0,334.75,0.66
VWAP_EMA20_ALIGN,2023-10-04,2023-10-04 09:37:00,LONG,-20.0,334.75,0.66
VWAP_EMA20_ALIGN,2023-10-06,2023-10-06 09:05:00,LONG,20.0,334.75,0.66
VWAP_EMA20_ALIGN,2023-10-09,2023-10-09 09:10:00,SHORT,-20.0,294.75,0.64
VWAP_EMA20_ALIGN,2023-10-10,2023-10-10 09:05:00,LONG,20.0,334.75,0.66
VWAP_EMA20_ALIGN,2023-10-11,2023-10-11 09:01:00,LONG,-20.0,294.75,0.64
VWAP_EMA20_ALIGN,2023-10-12,2023-10-12 09:13:00,LONG,20.0,334.75,0.66
VWAP_EMA20_ALIGN,2023-10-13,2023-10-13 09:06:00,SHORT,-20.0,334.75,0.66
VWAP_EMA20_ALIGN,2023-10-17,2023-10-17 09:19:00,LONG,20.0,334.75,0.66
VWAP_EMA20_ALIGN,2023-10-18,2023-10-18 10:08:00,LONG,-20.0,334.75,0.66
VWAP_EMA20_ALIGN,2023-10-19,2023-10-19 09:15:00,SHORT,20.0,374.75,0.68
VWAP_EMA20_ALIGN,2023-10-20,2023-10-20 09:19:00,SHORT,20.0,374.75,0.68
VWAP_EMA20_ALIGN,2023-10-23,2023-10-23 09:01:00,LONG,20.0,374.75,0.68
VWAP_EMA20_ALIGN,2023-10-24,2023-10-24 10:00:00,SHORT,20.0,374.75,0.68
VWAP_EMA20_ALIGN,2023-10-25,2023-10-25 09:42:00,SHORT,20.0,374.75,0.68
VWAP_EMA20_ALIGN,2023-10-26,2023-10-26 09:24:00,SHORT,20.0,414.75,0.7
VWAP_EMA20_ALIGN,2023-10-27,2023-10-27 09:07:00,LONG,20.0,454.75,0.72
VWAP_EMA20_ALIGN,2023-10-30,2023-10-30 09:12:00,LONG,-20.0,414.75,0.7
VWAP_EMA20_ALIGN,2023-10-31,2023-10-31 10:46:00,LONG,8.5,403.25,0.7
VWAP_EMA20_ALIGN,2023-11-02,2023-11-02 09:05:00,LONG,-20.0,363.25,0.68
VWAP_EMA20_ALIGN,2023-11-03,2023-11-03 09:05:00,LONG,-20.0,323.25,0.66
VWAP_EMA20_ALIGN,2023-11-06,2023-11-06 09:11:00,SHORT,-20.0,283.25,0.64
VWAP_EMA20_ALIGN,2023-11-07,2023-11-07 09:01:00,LONG,-20.0,283.25,0.64
VWAP_EMA20_ALIGN,2023-11-08,2023-11-08 09:06:00,SHORT,20.0,283.25,0.64
VWAP_EMA20_ALIGN,2023-11-09,2023-11-09 09:08:00,SHORT,-20.0,283.25,0.64
VWAP_EMA20_ALIGN,2023-11-10,2023-11-10 10:04:00,LONG,20.0,283.25,0.64
VWAP_EMA20_ALIGN,2023-11-13,2023-11-13 09:47:00,LONG,20.0,283.25,0.64
VWAP_EMA20_ALIGN,2023-11-14,2023-11-14 09:01:00,LONG,20.0,323.25,0.66
VWAP_EMA20_ALIGN,2023-11-15,2023-11-15 10:52:00,SHORT,20.0,323.25,0.66
VWAP_EMA20_ALIGN,2023-11-16,2023-11-16 09:06:00,LONG,-20.0,283.25,0.64
VWAP_EMA20_ALIGN,2023-11-17,2023-11-17 10:06:00,SHORT,-20.0,283.25,0.64
VWAP_EMA20_ALIGN,2023-11-20,2023-11-20 09:05:00,LONG,-20.0,243.25,0.62
VWAP_EMA20_ALIGN,2023-11-21,2023-11-21 09:17:00,SHORT,20.0,268.5,0.64
VWAP_EMA20_ALIGN,2023-11-24,2023-11-24 09:16:00,SHORT,20.0,268.5,0.64
VWAP_EMA20_ALIGN,2023-11-27,2023-11-27 09:10:00,LONG,-20.0,228.5,0.62
VWAP_EMA20_ALIGN,2023-11-28,2023-11-28 09:40:00,LONG,20.0,268.5,0.64
VWAP_EMA20_ALIGN,2023-11-30,2023-11-30 09:05:00,SHORT,-20.0,228.5,0.62
VWAP_EMA20_ALIGN,2023-12-01,2023-12-01 09:02:00,LONG,-20.0,188.5,0.6
VWAP_EMA20_ALIGN,2023-12-04,2023-12-04 09:16:00,SHORT,20.0,188.5,0.6
VWAP_EMA20_ALIGN,2023-12-05,2023-12-05 09:27:00,LONG,20.0,228.5,0.62
VWAP_EMA20_ALIGN,2023-12-06,2023-12-06 09:01:00,SHORT,20.0,228.5,0.62
VWAP_EMA20_ALIGN,2023-12-07,2023-12-07 09:23:00,LONG,20.0,228.5,0.62
VWAP_EMA20_ALIGN,2023-12-08,2023-12-08 09:01:00,LONG,20.0,228.5,0.62
VWAP_EMA20_ALIGN,2023-12-11,2023-12-11 09:05:00,LONG,-20.0,228.5,0.62
VWAP_EMA20_ALIGN,2023-12-12,2023-12-12 09:01:00,LONG,20.0,228.5,0.62
VWAP_EMA20_ALIGN,2023-12-13,2023-12-13 11:03:00,SHORT,-5.75,202.75,0.6
VWAP_EMA20_ALIGN,2023-12-14,2023-12-14 09:16:00,SHORT,20.0,202.75,0.6
VWAP_EMA20_ALIGN,2023-12-15,2023-12-15 09:15:00,LONG,20.0,202.75,0.6
VWAP_EMA20_ALIGN,2023-12-18,2023-12-18 09:02:00,LONG,20.0,242.75,0.62
VWAP_EMA20_ALIGN,2023-12-19,2023-12-19 09:32:00,LONG,-20.0,202.75,0.6
VWAP_EMA20_ALIGN,2023-12-20,2023-12-20 09:01:00,LONG,20.0,202.75,0.6
VWAP_EMA20_ALIGN,2023-12-21,2023-12-21 09:05:00,SHORT,20.0,242.75,0.62
VWAP_EMA20_ALIGN,2023-12-22,2023-12-22 10:04:00,SHORT,20.0,242.75,0.62
VWAP_EMA20_ALIGN,2023-12-26,2023-12-26 09:25:00,LONG,-20.0,242.75,0.62
VWAP_EMA20_ALIGN,2023-12-27,2023-12-27 09:12:00,SHORT,20.0,242.75,0.62
VWAP_EMA20_ALIGN,2023-12-28,2023-12-28 09:06:00,SHORT,-20.0,242.75,0.62
VWAP_EMA20_ALIGN,2023-12-29,2023-12-29 09:35:00,SHORT,20.0,242.75,0.62
VWAP_EMA20_ALIGN,2024-01-03,2024-01-03 09:13:00,SHORT,20.0,282.75,0.64
VWAP_EMA20_ALIGN,2024-01-04,2024-01-04 09:09:00,LONG,20.0,282.75,0.64
VWAP_EMA20_ALIGN,2024-01-05,2024-01-05 09:01:00,LONG,20.0,322.75,0.66
VWAP_EMA20_ALIGN,2024-01-09,2024-01-09 09:28:00,LONG,20.0,322.75,0.66
VWAP_EMA20_ALIGN,2024-01-10,2024-01-10 09:03:00,SHORT,-20.0,282.75,0.64
VWAP_EMA20_ALIGN,2024-01-11,2024-01-11 09:31:00,SHORT,20.0,282.75,0.64
VWAP_EMA20_ALIGN,2024-01-12,2024-01-12 09:01:00,SHORT,20.0,282.75,0.64
VWAP_EMA20_ALIGN,2024-01-15,2024-01-15 10:05:00,LONG,1.75,264.5,0.64
VWAP_EMA20_ALIGN,2024-01-16,2024-01-16 09:17:00,LONG,20.0,264.5,0.64
VWAP_EMA20_ALIGN,2024-01-18,2024-01-18 09:38:00,LONG,20.0,264.5,0.64
VWAP_EMA20_ALIGN,2024-01-19,2024-01-19 09:01:00,LONG,-20.0,264.5,0.64
VWAP_EMA20_ALIGN,2024-01-22,2024-01-22 09:29:00,SHORT,20.0,276.0,0.64
VWAP_EMA20_ALIGN,2024-01-24,2024-01-24 09:16:00,LONG,20.0,316.0,0.66
VWAP_EMA20_ALIGN,2024-01-25,2024-01-25 09:28:00,LONG,-20.0,316.0,0.66
VWAP_EMA20_ALIGN,2024-01-26,2024-01-26 09:06:00,SHORT,-20.0,316.0,0.66
VWAP_EMA20_ALIGN,2024-01-29,2024-01-29 09:58:00,SHORT,-20.0,316.0,0.66
VWAP_EMA20_ALIGN,2024-01-30,2024-01-30 09:07:00,SHORT,20.0,316.0,0.66
VWAP_EMA20_ALIGN,2024-01-31,2024-01-31 09:14:00,SHORT,20.0,356.0,0.68
VWAP_EMA20_ALIGN,2024-02-01,2024-02-01 09:01:00,SHORT,-20.0,316.0,0.66
VWAP_EMA20_ALIGN,2024-02-05,2024-02-05 09:02:00,SHORT,20.0,316.0,0.66
VWAP_EMA20_ALIGN,2024-02-06,2024-02-06 09:02:00,SHORT,20.0,316.0,0.66
VWAP_EMA20_ALIGN,2024-02-08,2024-02-08 09:01:00,LONG,-20.0,276.0,0.64
VWAP_EMA20_ALIGN,2024-02-09,2024-02-09 09:16:00,LONG,20.0,316.0,0.66
VWAP_EMA20_ALIGN,2024-02-12,2024-02-12 09:40:00,LONG,20.0,356.0,0.68
VWAP_EMA20_ALIGN,2024-02-14,2024-02-14 09:22:00,LONG,20.0,396.0,0.7
VWAP_EMA20_ALIGN,2024-02-15,2024-02-15 09:04:00,SHORT,-20.0,356.0,0.68
VWAP_EMA20_ALIGN,2024-02-19,2024-02-19 09:45:00,SHORT,-2.0,334.0,0.66
VWAP_EMA20_ALIGN,2024-02-21,2024-02-21 09:05:00,LONG,-20.0,334.0,0.66
VWAP_EMA20_ALIGN,2024-02-22,2024-02-22 10:19:00,LONG,-20.0,294.0,0.64
VWAP_EMA20_ALIGN,2024-02-23,2024-02-23 09:22:00,SHORT,20.0,334.0,0.66
VWAP_EMA20_ALIGN,2024-02-26,2024-02-26 10:52:00,LONG,-20.0,334.0,0.66
VWAP_EMA20_ALIGN,2024-02-27,2024-02-27 09:20:00,LONG,-20.0,294.0,0.64
VWAP_EMA20_ALIGN,2024-02-28,2024-02-28 10:01:00,LONG,20.0,294.0,0.64
VWAP_EMA20_ALIGN,2024-03-01,2024-03-01 09:01:00,LONG,-20.0,254.0,0.62
VWAP_EMA20_ALIGN,2024-03-04,2024-03-04 09:05:00,SHORT,-20.0,214.0,0.6
VWAP_EMA20_ALIGN,2024-03-05,2024-03-05 09:10:00,SHORT,20.0,214.0,0.6
VWAP_EMA20_ALIGN,2024-03-06,2024-03-06 09:01:00,SHORT,20.0,254.0,0.62
VWAP_EMA20_ALIGN,2024-03-07,2024-03-07 09:16:00,LONG,20.0,254.0,0.62
VWAP_EMA20_ALIGN,2024-03-08,2024-03-08 09:01:00,LONG,20.0,279.75,0.64
VWAP_EMA20_ALIGN,2024-03-11,2024-03-11 09:30:00,SHORT,-20.0,239.75,0.62
VWAP_EMA20_ALIGN,2024-03-12,2024-03-12 09:24:00,LONG,-20.0,199.75,0.6
VWAP_EMA20_ALIGN,2024-03-13,2024-03-13 09:40:00,SHORT,20.0,199.75,0.6
VWAP_EMA20_ALIGN,2024-03-14,2024-03-14 09:24:00,SHORT,-20.0,199.75,0.6
VWAP_EMA20_ALIGN,2024-03-15,2024-03-15 09:21:00,SHORT,20.0,199.75,0.6
VWAP_EMA20_ALIGN,2024-03-19,2024-03-19 09:32:00,LONG,20.0,199.75,0.6
VWAP_EMA20_ALIGN,2024-03-21,2024-03-21 09:36:00,LONG,20.0,199.75,0.6
VWAP_EMA20_ALIGN,2024-03-22,2024-03-22 09:06:00,LONG,20.0,239.75,0.62
VWAP_EMA20_ALIGN,2024-03-25,2024-03-25 09:03:00,LONG,20.0,239.75,0.62
VWAP_EMA20_ALIGN,2024-03-26,2024-03-26 09:29:00,LONG,20.0,279.75,0.64
VWAP_EMA20_ALIGN,2024-03-27,2024-03-27 09:31:00,SHORT,-20.0,239.75,0.62
VWAP_EMA20_ALIGN,2024-03-28,2024-03-28 09:31:00,LONG,-20.0,199.75,0.6
VWAP_EMA20_ALIGN,2024-04-01,2024-04-01 09:10:00,SHORT,20.0,199.75,0.6
VWAP_EMA20_ALIGN,2024-04-03,2024-04-03 09:05:00,LONG,-20.0,159.75,0.58
VWAP_EMA20_ALIGN,2024-04-04,2024-04-04 09:14:00,SHORT,-20.0,119.75,0.56
VWAP_EMA20_ALIGN,2024-04-05,2024-04-05 09:40:00,LONG,20.0,159.75,0.58
VWAP_EMA20_ALIGN,2024-04-10,2024-04-10 09:43:00,SHORT,-20.0,119.75,0.56
VWAP_EMA20_ALIGN,2024-04-11,2024-04-11 09:04:00,LONG,-20.0,79.75,0.54
VWAP_EMA20_ALIGN,2024-04-12,2024-04-12 10:32:00,SHORT,20.0,98.0,0.54
VWAP_EMA20_ALIGN,2024-04-15,2024-04-15 09:16:00,SHORT,-20.0,58.0,0.52
VWAP_EMA20_ALIGN,2024-04-16,2024-04-16 09:07:00,LONG,20.0,58.0,0.52
VWAP_EMA20_ALIGN,2024-04-18,2024-04-18 09:17:00,LONG,-20.0,58.0,0.52
VWAP_EMA20_ALIGN,2024-04-19,2024-04-19 09:20:00,SHORT,20.0,58.0,0.52
VWAP_EMA20_ALIGN,2024-04-22,2024-04-22 09:14:00,SHORT,-20.0,18.0,0.5
VWAP_EMA20_ALIGN,2024-04-23,2024-04-23 09:22:00,LONG,-20.0,18.0,0.5
VWAP_EMA20_ALIGN,2024-04-24,2024-04-24 09:05:00,SHORT,20.0,58.0,0.52
VWAP_EMA20_ALIGN,2024-04-25,2024-04-25 10:20:00,LONG,20.0,98.0,0.54
VWAP_EMA20_ALIGN,2024-04-26,2024-04-26 09:01:00,LONG,20.0,98.0,0.54
VWAP_EMA20_ALIGN,2024-04-29,2024-04-29 09:30:00,SHORT,20.0,98.0,0.54
VWAP_EMA20_ALIGN,2024-04-30,2024-04-30 09:06:00,SHORT,20.0,138.0,0.56
VWAP_EMA20_ALIGN,2024-05-01,2024-05-01 09:10:00,SHORT,20.0,138.0,0.56
VWAP_EMA20_ALIGN,2024-05-02,2024-05-02 09:07:00,LONG,20.0,138.0,0.56
VWAP_EMA20_ALIGN,2024-05-03,2024-05-03 09:10:00,SHORT,-20.0,138.0,0.56
VWAP_EMA20_ALIGN,2024-05-06,2024-05-06 09:44:00,LONG,-20.0,98.0,0.54
VWAP_EMA20_ALIGN,2024-05-07,2024-05-07 09:01:00,LONG,-20.0,58.0,0.52
VWAP_EMA20_ALIGN,2024-05-09,2024-05-09 09:05:00,LONG,-20.0,18.0,0.5
VWAP_EMA20_ALIGN,2024-05-13,2024-05-13 09:12:00,LONG,-20.0,18.0,0.5
VWAP_EMA20_ALIGN,2024-05-15,2024-05-15 09:01:00,LONG,20.0,40.0,0.52
VWAP_EMA20_ALIGN,2024-05-16,2024-05-16 09:03:00,LONG,-20.0,40.0,0.52
VWAP_EMA20_ALIGN,2024-05-20,2024-05-20 10:42:00,LONG,20.0,80.0,0.54
VWAP_EMA20_ALIGN,2024-05-21,2024-05-21 09:22:00,LONG,-20.0,40.0,0.52
VWAP_EMA20_ALIGN,2024-05-22,2024-05-22 09:03:00,LONG,-20.0,40.0,0.52
VWAP_EMA20_ALIGN,2024-05-23,2024-05-23 09:38:00,LONG,-20.0,40.0,0.52
VWAP_EMA20_ALIGN,2024-05-24,2024-05-24 09:01:00,LONG,20.0,40.0,0.52
VWAP_EMA20_ALIGN,2024-05-27,2024-05-27 09:01:00,LONG,20.0,80.0,0.54
VWAP_EMA20_ALIGN,2024-05-28,2024-05-28 09:31:00,LONG,-20.0,80.0,0.54
VWAP_EMA20_ALIGN,2024-05-29,2024-05-29 09:22:00,SHORT,20.0,80.0,0.54
VWAP_EMA20_ALIGN,2024-05-30,2024-05-30 09:05:00,SHORT,-20.0,40.0,0.52
VWAP_EMA20_ALIGN,2024-05-31,2024-05-31 09:06:00,SHORT,20.0,40.0,0.52
VWAP_EMA20_ALIGN,2024-06-04,2024-06-04 09:06:00,SHORT,-20.0,0.0,0.5
VWAP_EMA20_ALIGN,2024-06-05,2024-06-05 09:05:00,LONG,20.0,40.0,0.52
VWAP_EMA20_ALIGN,2024-06-06,2024-06-06 09:24:00,SHORT,20.0,80.0,0.54
VWAP_EMA20_ALIGN,2024-06-07,2024-06-07 09:07:00,SHORT,-20.0,40.0,0.52
VWAP_EMA20_ALIGN,2024-06-10,2024-06-10 09:06:00,LONG,20.0,80.0,0.54
VWAP_EMA20_ALIGN,2024-06-11,2024-06-11 09:51:00,SHORT,-20.0,40.0,0.52
VWAP_EMA20_ALIGN,2024-06-13,2024-06-13 09:03:00,SHORT,-20.0,0.0,0.5
VWAP_EMA20_ALIGN,2024-06-14,2024-06-14 09:50:00,SHORT,-20.0,-40.0,0.48
VWAP_EMA20_ALIGN,2024-06-18,2024-06-18 09:05:00,SHORT,20.0,-40.0,0.48
VWAP_EMA20_ALIGN,2024-06-20,2024-06-20 10:00:00,SHORT,20.0,-40.0,0.48
VWAP_EMA20_ALIGN,2024-06-21,2024-06-21 09:02:00,LONG,20.0,-40.0,0.48
VWAP_EMA20_ALIGN,2024-06-24,2024-06-24 11:10:00,SHORT,10.75,-9.25,0.5
VWAP_EMA20_ALIGN,2024-06-25,2024-06-25 09:11:00,LONG,20.0,30.75,0.52
VWAP_EMA20_ALIGN,2024-06-26,2024-06-26 09:09:00,SHORT,20.0,30.75,0.52
VWAP_EMA20_ALIGN,2024-06-27,2024-06-27 10:02:00,SHORT,-20.0,30.75,0.52
VWAP_EMA20_ALIGN,2024-07-01,2024-07-01 09:29:00,LONG,-20.0,30.75,0.52
VWAP_EMA20_ALIGN,2024-07-02,2024-07-02 09:06:00,LONG,-20.0,-9.25,0.5
VWAP_EMA20_ALIGN,2024-07-03,2024-07-03 09:08:00,LONG,20.0,30.75,0.52
VWAP_EMA20_ALIGN,2024-07-05,2024-07-05 09:12:00,LONG,20.0,70.75,0.54
VWAP_EMA20_ALIGN,2024-07-08,2024-07-08 09:18:00,LONG,20.0,70.75,0.54
VWAP_EMA20_ALIGN,2024-07-09,2024-07-09 09:31:00,SHORT,-20.0,70.75,0.54
VWAP_EMA20_ALIGN,2024-07-10,2024-07-10 09:01:00,SHORT,20.0,70.75,0.54
VWAP_EMA20_ALIGN,2024-07-12,2024-07-12 09:10:00,LONG,-20.0,70.75,0.54
VWAP_EMA20_ALIGN,2024-07-15,2024-07-15 09:01:00,LONG,20.0,70.75,0.54
VWAP_EMA20_ALIGN,2024-07-16,2024-07-16 09:13:00,LONG,-20.0,70.75,0.54
VWAP_EMA20_ALIGN,2024-07-17,2024-07-17 09:05:00,SHORT,-20.0,70.75,0.54
VWAP_EMA20_ALIGN,2024-07-19,2024-07-19 09:51:00,SHORT,-20.0,30.75,0.52
VWAP_EMA20_ALIGN,2024-07-22,2024-07-22 09:14:00,SHORT,20.0,30.75,0.52
VWAP_EMA20_ALIGN,2024-07-23,2024-07-23 09:12:00,LONG,20.0,30.75,0.52
VWAP_EMA20_ALIGN,2024-07-24,2024-07-24 09:11:00,SHORT,20.0,30.75,0.52
VWAP_EMA20_ALIGN,2024-07-26,2024-07-26 09:08:00,LONG,-20.0,-9.25,0.5
VWAP_EMA20_ALIGN,2024-07-29,2024-07-29 09:03:00,SHORT,20.0,-9.25,0.5
VWAP_EMA20_ALIGN,2024-07-30,2024-07-30 09:01:00,SHORT,20.0,-9.25,0.5
VWAP_EMA20_ALIGN,2024-07-31,2024-07-31 09:31:00,LONG,20.0,30.75,0.52
VWAP_EMA20_ALIGN,2024-08-08,2024-08-08 10:12:00,LONG,20.0,70.75,0.54
VWAP_EMA20_ALIGN,2024-08-12,2024-08-12 09:03:00,LONG,20.0,110.75,0.56
VWAP_EMA20_ALIGN,2024-08-13,2024-08-13 09:05:00,LONG,20.0,150.75,0.58
VWAP_EMA20_ALIGN,2024-08-15,2024-08-15 09:19:00,LONG,-20.0,150.75,0.58
VWAP_EMA20_ALIGN,2024-08-16,2024-08-16 10:11:00,LONG,20.0,150.75,0.58
VWAP_EMA20_ALIGN,2024-08-19,2024-08-19 09:03:00,LONG,-20.0,150.75,0.58
VWAP_EMA20_ALIGN,2024-08-20,2024-08-20 10:04:00,LONG,-20.0,110.75,0.56
VWAP_EMA20_ALIGN,2024-08-27,2024-08-27 09:02:00,LONG,-20.0,110.75,0.56
VWAP_EMA20_ALIGN,2024-09-02,2024-09-02 09:11:00,LONG,-20.0,110.75,0.56
VWAP_EMA20_ALIGN,2024-09-04,2024-09-04 09:02:00,LONG,-20.0,110.75,0.56
VWAP_EMA20_ALIGN,2024-09-09,2024-09-09 09:13:00,SHORT,-20.0,70.75,0.54
VWAP_EMA20_ALIGN,2024-09-10,2024-09-10 09:54:00,SHORT,20.0,70.75,0.54
VWAP_EMA20_ALIGN,2024-09-12,2024-09-12 11:01:00,LONG,20.0,110.75,0.56
VWAP_EMA20_ALIGN,2024-09-17,2024-09-17 10:15:00,SHORT,20.0,110.75,0.56
VWAP_EMA20_ALIGN,2024-09-18,2024-09-18 09:11:00,SHORT,20.0,150.75,0.58
VWAP_EMA20_ALIGN,2024-09-19,2024-09-19 10:27:00,LONG,-20.0,110.75,0.56
VWAP_EMA20_ALIGN,2024-09-20,2024-09-20 09:02:00,SHORT,20.0,150.75,0.58
VWAP_EMA20_ALIGN,2024-09-23,2024-09-23 09:08:00,SHORT,-20.0,110.75,0.56
VWAP_EMA20_ALIGN,2024-09-25,2024-09-25 10:10:00,SHORT,20.0,110.75,0.56
VWAP_EMA20_ALIGN,2024-09-27,2024-09-27 09:11:00,SHORT,20.0,150.75,0.58
VWAP_EMA20_ALIGN,2024-09-30,2024-09-30 09:17:00,LONG,20.0,150.75,0.58
VWAP_EMA20_ALIGN,2024-10-01,2024-10-01 11:15:00,SHORT,20.0,190.75,0.6
VWAP_EMA20_ALIGN,2024-10-02,2024-10-02 09:16:00,LONG,20.0,230.75,0.62
VWAP_EMA20_ALIGN,2024-10-03,2024-10-03 09:44:00,LONG,20.0,270.75,0.64
VWAP_EMA20_ALIGN,2024-10-04,2024-10-04 09:01:00,LONG,20.0,270.75,0.64
VWAP_EMA20_ALIGN,2024-10-07,2024-10-07 09:05:00,SHORT,-20.0,230.75,0.62
VWAP_EMA20_ALIGN,2024-10-10,2024-10-10 09:15:00,LONG,20.0,230.75,0.62
VWAP_EMA20_ALIGN,2024-10-14,2024-10-14 09:01:00,SHORT,20.0,240.0,0.62
VWAP_EMA20_ALIGN,2024-10-17,2024-10-17 09:30:00,LONG,20.0,240.0,0.62
VWAP_EMA20_ALIGN,2024-10-18,2024-10-18 09:28:00,LONG,20.0,240.0,0.62
VWAP_EMA20_ALIGN,2024-10-22,2024-10-22 10:25:00,SHORT,20.0,280.0,0.64
VWAP_EMA20_ALIGN,2024-10-23,2024-10-23 09:07:00,SHORT,20.0,320.0,0.66
VWAP_EMA20_ALIGN,2024-10-24,2024-10-24 10:06:00,SHORT,20.0,360.0,0.68
VWAP_EMA20_ALIGN,2024-10-28,2024-10-28 09:01:00,SHORT,20.0,360.0,0.68
VWAP_EMA20_ALIGN,2024-10-29,2024-10-29 09:16:00,LONG,-20.0,320.0,0.66
VWAP_EMA20_ALIGN,2024-10-30,2024-10-30 09:12:00,SHORT,20.0,320.0,0.66
VWAP_EMA20_ALIGN,2024-10-31,2024-10-31 09:02:00,SHORT,-20.0,320.0,0.66
VWAP_EMA20_ALIGN,2024-11-07,2024-11-07 09:05:00,LONG,-20.0,280.0,0.64
VWAP_EMA20_ALIGN,2024-11-08,2024-11-08 09:10:00,SHORT,-20.0,280.0,0.64
VWAP_EMA20_ALIGN,2024-11-12,2024-11-12 10:09:00,SHORT,-20.0,240.0,0.62
VWAP_EMA20_ALIGN,2024-11-13,2024-11-13 09:01:00,SHORT,20.0,280.0,0.64
VWAP_EMA20_ALIGN,2024-11-14,2024-11-14 09:20:00,SHORT,-20.0,280.0,0.64
VWAP_EMA20_ALIGN,2024-11-15,2024-11-15 09:03:00,SHORT,20.0,320.0,0.66
VWAP_EMA20_ALIGN,2024-11-18,2024-11-18 09:05:00,LONG,20.0,320.0,0.66
VWAP_EMA20_ALIGN,2024-11-19,2024-11-19 09:31:00,LONG,20.0,320.0,0.66
VWAP_EMA20_ALIGN,2024-11-22,2024-11-22 09:11:00,SHORT,20.0,320.0,0.66
VWAP_EMA20_ALIGN,2024-11-26,2024-11-26 09:20:00,SHORT,-20.0,320.0,0.66
VWAP_EMA20_ALIGN,2024-11-27,2024-11-27 09:11:00,SHORT,20.0,320.0,0.66
VWAP_EMA20_ALIGN,2024-11-28,2024-11-28 09:21:00,LONG,-5.0,295.0,0.64
VWAP_EMA20_ALIGN,2024-11-29,2024-11-29 09:01:00,LONG,20.0,295.0,0.64
VWAP_EMA20_ALIGN,2024-12-03,2024-12-03 09:01:00,LONG,20.0,295.0,0.64
VWAP_EMA20_ALIGN,2024-12-04,2024-12-04 09:08:00,LONG,20.0,295.0,0.64
VWAP_EMA20_ALIGN,2024-12-05,2024-12-05 09:51:00,SHORT,-20.0,255.0,0.62
VWAP_EMA20_ALIGN,2024-12-09,2024-12-09 09:27:00,SHORT,20.0,295.0,0.64
VWAP_EMA20_ALIGN,2024-12-10,2024-12-10 09:08:00,LONG,-20.0,255.0,0.62
VWAP_EMA20_ALIGN,2024-12-12,2024-12-12 09:09:00,SHORT,20.0,295.0,0.64
VWAP_EMA20_ALIGN,2024-12-17,2024-12-17 09:03:00,SHORT,-20.0,295.0,0.64
VWAP_EMA20_ALIGN,2024-12-18,2024-12-18 09:12:00,LONG,20.0,335.0,0.66
VWAP_EMA20_ALIGN,2024-12-24,2024-12-24 09:01:00,LONG,20.0,375.0,0.68
VWAP_EMA20_ALIGN,2025-01-08,2025-01-08 09:03:00,LONG,-20.0,375.0,0.68
VWAP_EMA20_ALIGN,2025-01-20,2025-01-20 10:09:00,SHORT,20.0,415.0,0.7
VWAP_EMA20_ALIGN,2025-01-23,2025-01-23 09:35:00,LONG,20.0,415.0,0.7
VWAP_EMA20_ALIGN,2025-01-24,2025-01-24 09:20:00,SHORT,20.0,415.0,0.7
VWAP_EMA20_ALIGN,2025-01-29,2025-01-29 09:28:00,SHORT,-20.0,375.0,0.68
VWAP_EMA20_ALIGN,2025-01-31,2025-01-31 09:08:00,LONG,20.0,375.0,0.68
VWAP_EMA20_ALIGN,2025-02-05,2025-02-05 09:04:00,SHORT,-20.0,375.0,0.68
VWAP_EMA20_ALIGN,2025-02-06,2025-02-06 09:12:00,LONG,20.0,375.0,0.68
VWAP_EMA20_ALIGN,2025-02-10,2025-02-10 09:04:00,LONG,20.0,415.0,0.7
VWAP_EMA20_ALIGN,2025-02-11,2025-02-11 09:01:00,LONG,-20.0,375.0,0.68
VWAP_EMA20_ALIGN,2025-02-13,2025-02-13 09:16:00,LONG,20.0,375.0,0.68
VWAP_EMA20_ALIGN,2025-02-14,2025-02-14 09:09:00,LONG,-20.0,335.0,0.66
VWAP_EMA20_ALIGN,2025-02-17,2025-02-17 10:03:00,LONG,-20.0,295.0,0.64
VWAP_EMA20_ALIGN,2025-02-18,2025-02-18 09:02:00,SHORT,-20.0,255.0,0.62
VWAP_EMA20_ALIGN,2025-02-19,2025-02-19 09:03:00,SHORT,20.0,255.0,0.62
VWAP_EMA20_ALIGN,2025-02-21,2025-02-21 09:06:00,SHORT,20.0,255.0,0.62
VWAP_EMA20_ALIGN,2025-03-06,2025-03-06 10:39:00,LONG,-20.0,255.0,0.62
VWAP_EMA20_ALIGN,2025-03-18,2025-03-18 09:01:00,SHORT,20.0,255.0,0.62
VWAP_EMA20_ALIGN,2025-03-19,2025-03-19 09:22:00,LONG,20.0,255.0,0.62
VWAP_EMA20_ALIGN,2025-03-21,2025-03-21 09:01:00,LONG,-20.0,215.0,0.6
VWAP_EMA20_ALIGN,2025-03-24,2025-03-24 09:07:00,LONG,-20.0,175.0,0.58
VWAP_EMA20_ALIGN,2025-03-25,2025-03-25 11:30:00,SHORT,3.75,158.75,0.58
VWAP_EMA20_ALIGN,2025-03-26,2025-03-26 09:43:00,SHORT,20.0,158.75,0.58
VWAP_EMA20_ALIGN,2025-03-27,2025-03-27 10:09:00,SHORT,20.0,158.75,0.58
VWAP_EMA20_ALIGN,2025-03-28,2025-03-28 09:02:00,SHORT,20.0,158.75,0.58
VWAP_EMA20_ALIGN,2025-03-31,2025-03-31 09:02:00,LONG,-20.0,158.75,0.58
VWAP_EMA20_ALIGN,2025-04-02,2025-04-02 09:48:00,LONG,-20.0,118.75,0.56
VWAP_EMA20_ALIGN,2025-04-14,2025-04-14 09:03:00,SHORT,20.0,158.75,0.58
VWAP_EMA20_ALIGN,2025-04-15,2025-04-15 09:21:00,LONG,-20.0,158.75,0.58
VWAP_EMA20_ALIGN,2025-04-16,2025-04-16 09:24:00,LONG,20.0,198.75,0.6
VWAP_EMA20_ALIGN,2025-04-17,2025-04-17 11:29:00,LONG,20.0,238.75,0.62
VWAP_EMA20_ALIGN,2025-04-21,2025-04-21 09:15:00,SHORT,20.0,238.75,0.62
VWAP_EMA20_ALIGN,2025-04-22,2025-04-22 09:04:00,LONG,20.0,278.75,0.64
VWAP_EMA20_ALIGN,2025-04-24,2025-04-24 09:21:00,LONG,-20.0,238.75,0.62
VWAP_EMA20_ALIGN,2025-04-28,2025-04-28 09:07:00,SHORT,20.0,238.75,0.62
VWAP_EMA20_ALIGN,2025-04-29,2025-04-29 10:56:00,SHORT,-20.0,198.75,0.6
VWAP_EMA20_ALIGN,2025-04-30,2025-04-30 09:01:00,LONG,20.0,198.75,0.6
VWAP_EMA20_ALIGN,2025-05-01,2025-05-01 09:05:00,LONG,20.0,238.75,0.62
VWAP_EMA20_ALIGN,2025-05-02,2025-05-02 09:16:00,LONG,-20.0,198.75,0.6
VWAP_EMA20_ALIGN,2025-05-05,2025-05-05 09:21:00,LONG,-20.0,183.75,0.6
VWAP_EMA20_ALIGN,2025-05-06,2025-05-06 09:28:00,LONG,-20.0,143.75,0.58
VWAP_EMA20_ALIGN,2025-05-13,2025-05-13 09:18:00,LONG,20.0,143.75,0.58
VWAP_EMA20_ALIGN,2025-05-14,2025-05-14 09:28:00,LONG,20.0,143.75,0.58
VWAP_EMA20_ALIGN,2025-05-15,2025-05-15 09:01:00,LONG,20.0,183.75,0.6
VWAP_EMA20_ALIGN,2025-05-16,2025-05-16 09:33:00,LONG,20.0,183.75,0.6
VWAP_EMA20_ALIGN,2025-05-19,2025-05-19 09:38:00,LONG,20.0,223.75,0.62
VWAP_EMA20_ALIGN,2025-05-20,2025-05-20 10:39:00,LONG,20.0,223.75,0.62
VWAP_EMA20_ALIGN,2025-05-21,2025-05-21 09:03:00,LONG,20.0,263.75,0.64
VWAP_EMA20_ALIGN,2025-05-22,2025-05-22 09:45:00,LONG,-20.0,223.75,0.62
VWAP_EMA20_ALIGN,2025-05-23,2025-05-23 09:06:00,SHORT,-20.0,183.75,0.6
VWAP_EMA20_ALIGN,2025-05-26,2025-05-26 09:04:00,SHORT,-20.0,183.75,0.6
VWAP_EMA20_ALIGN,2025-05-27,2025-05-27 09:26:00,LONG,-20.0,143.75,0.58
VWAP_EMA20_ALIGN,2025-05-28,2025-05-28 10:42:00,LONG,20.0,143.75,0.58
VWAP_EMA20_ALIGN,2025-05-29,2025-05-29 09:49:00,SHORT,-20.0,103.75,0.56
VWAP_EMA20_ALIGN,2025-05-30,2025-05-30 09:12:00,SHORT,20.0,143.75,0.58
VWAP_EMA20_ALIGN,2025-06-02,2025-06-02 09:51:00,LONG,20.0,143.75,0.58
VWAP_EMA20_ALIGN,2025-06-03,2025-06-03 09:02:00,LONG,20.0,183.75,0.6
VWAP_EMA20_ALIGN,2025-06-04,2025-06-04 09:01:00,LONG,20.0,183.75,0.6
VWAP_EMA20_ALIGN,2025-06-06,2025-06-06 09:06:00,LONG,20.0,183.75,0.6
VWAP_EMA20_ALIGN,2025-06-10,2025-06-10 09:30:00,SHORT,20.0,223.75,0.62
VWAP_EMA20_ALIGN,2025-06-11,2025-06-11 09:03:00,LONG,-20.0,183.75,0.6
VWAP_EMA20_ALIGN,2025-06-12,2025-06-12 09:07:00,LONG,-20.0,183.75,0.6
VWAP_EMA20_ALIGN,2025-06-17,2025-06-17 09:10:00,LONG,20.0,223.75,0.62
VWAP_EMA20_ALIGN,2025-06-23,2025-06-23 11:11:00,SHORT,20.0,263.75,0.64
VWAP_EMA20_ALIGN,2025-06-24,2025-06-24 09:03:00,LONG,20.0,263.75,0.64
VWAP_EMA20_ALIGN,2025-06-25,2025-06-25 09:03:00,SHORT,20.0,263.75,0.64
VWAP_EMA20_ALIGN,2025-06-26,2025-06-26 09:17:00,LONG,-20.0,263.75,0.64
VWAP_EMA20_ALIGN,2025-06-27,2025-06-27 09:46:00,LONG,-20.0,223.75,0.62
VWAP_EMA20_ALIGN,2025-06-30,2025-06-30 09:17:00,SHORT,-20.0,183.75,0.6
VWAP_EMA20_ALIGN,2025-07-01,2025-07-01 09:07:00,SHORT,20.0,223.75,0.62
VWAP_EMA20_ALIGN,2025-07-02,2025-07-02 09:02:00,LONG,-20.0,223.75,0.62
VWAP_EMA20_ALIGN,2025-07-03,2025-07-03 09:14:00,LONG,20.0,240.0,0.62
VWAP_EMA20_ALIGN,2025-07-07,2025-07-07 10:01:00,LONG,20.0,240.0,0.62
VWAP_EMA20_ALIGN,2025-07-08,2025-07-08 10:24:00,LONG,20.0,240.0,0.62
VWAP_EMA20_ALIGN,2025-07-10,2025-07-10 09:32:00,LONG,20.0,240.0,0.62
VWAP_EMA20_ALIGN,2025-07-11,2025-07-11 09:23:00,SHORT,-20.0,240.0,0.62
VWAP_EMA20_ALIGN,2025-07-14,2025-07-14 09:01:00,LONG,20.0,280.0,0.64
VWAP_EMA20_ALIGN,2025-07-15,2025-07-15 11:15:00,SHORT,-20.0,240.0,0.62
VWAP_EMA20_ALIGN,2025-07-16,2025-07-16 09:14:00,LONG,-20.0,240.0,0.62
VWAP_EMA20_ALIGN,2025-07-17,2025-07-17 09:01:00,LONG,20.0,240.0,0.62
VWAP_EMA20_ALIGN,2025-07-18,2025-07-18 09:04:00,SHORT,-20.0,200.0,0.6
VWAP_EMA20_ALIGN,2025-07-22,2025-07-22 09:37:00,LONG,-20.0,160.0,0.58
VWAP_EMA20_ALIGN,2025-07-23,2025-07-23 09:01:00,LONG,-20.0,120.0,0.56
VWAP_EMA20_ALIGN,2025-07-24,2025-07-24 09:01:00,LONG,-20.0,120.0,0.56
VWAP_EMA20_ALIGN,2025-07-25,2025-07-25 09:56:00,LONG,20.0,120.0,0.56
VWAP_EMA20_ALIGN,2025-07-28,2025-07-28 09:29:00,SHORT,-20.0,120.0,0.56
VWAP_EMA20_ALIGN,2025-07-29,2025-07-29 09:07:00,SHORT,20.0,120.0,0.56
VWAP_EMA20_ALIGN,2025-07-30,2025-07-30 09:23:00,SHORT,20.0,120.0,0.56
VWAP_EMA20_ALIGN,2025-08-01,2025-08-01 09:01:00,SHORT,-20.0,120.0,0.56
VWAP_EMA20_ALIGN,2025-08-04,2025-08-04 09:58:00,LONG,20.0,160.0,0.58
VWAP_EMA20_ALIGN,2025-08-06,2025-08-06 09:09:00,LONG,20.0,200.0,0.6
VWAP_EMA20_ALIGN,2025-08-07,2025-08-07 09:15:00,SHORT,-20.0,160.0,0.58
VWAP_EMA20_ALIGN,2025-08-11,2025-08-11 09:07:00,SHORT,-20.0,120.0,0.56
VWAP_EMA20_ALIGN,2025-08-12,2025-08-12 09:02:00,LONG,20.0,120.0,0.56
VWAP_EMA20_ALIGN,2025-08-13,2025-08-13 09:06:00,SHORT,20.0,120.0,0.56
VWAP_EMA20_ALIGN,2025-08-14,2025-08-14 09:57:00,SHORT,20.0,120.0,0.56
VWAP_EMA20_ALIGN,2025-08-15,2025-08-15 10:01:00,SHORT,-20.0,80.0,0.54
VWAP_EMA20_ALIGN,2025-08-19,2025-08-19 09:02:00,SHORT,-20.0,40.0,0.52
VWAP_EMA20_ALIGN,2025-08-21,2025-08-21 09:20:00,SHORT,20.0,80.0,0.54
VWAP_EMA20_ALIGN,2025-08-25,2025-08-25 09:02:00,LONG,20.0,120.0,0.56
VWAP_EMA20_ALIGN,2025-08-27,2025-08-27 09:48:00,LONG,-20.0,120.0,0.56
VWAP_EMA20_ALIGN,2025-08-28,2025-08-28 09:16:00,LONG,20.0,160.0,0.58
VWAP_EMA20_ALIGN,2025-08-29,2025-08-29 11:16:00,SHORT,-20.0,120.0,0.56
VWAP_EMA20_ALIGN,2025-09-03,2025-09-03 09:35:00,SHORT,20.0,160.0,0.58
VWAP_EMA20_ALIGN,2025-09-04,2025-09-04 09:02:00,LONG,-20.0,120.0,0.56
VWAP_EMA20_ALIGN,2025-09-09,2025-09-09 10:10:00,LONG,20.0,120.0,0.56
VWAP_EMA20_ALIGN,2025-09-10,2025-09-10 09:17:00,SHORT,20.0,120.0,0.56
VWAP_EMA20_ALIGN,2025-09-11,2025-09-11 09:38:00,LONG,20.0,120.0,0.56
VWAP_EMA20_ALIGN,2025-09-16,2025-09-16 09:02:00,SHORT,20.0,120.0,0.56
VWAP_EMA20_ALIGN,2025-09-17,2025-09-17 09:05:00,SHORT,-20.0,80.0,0.54
VWAP_EMA20_ALIGN,2025-09-19,2025-09-19 09:15:00,SHORT,20.0,120.0,0.56
VWAP_EMA20_ALIGN,2025-09-22,2025-09-22 09:01:00,LONG,-20.0,120.0,0.56
VWAP_EMA20_ALIGN,2025-09-23,2025-09-23 09:02:00,SHORT,-20.0,80.0,0.54
VWAP_EMA20_ALIGN,2025-09-24,2025-09-24 09:04:00,SHORT,20.0,80.0,0.54
VWAP_EMA20_ALIGN,2025-09-25,2025-09-25 09:37:00,LONG,20.0,80.0,0.54
VWAP_EMA20_ALIGN,2025-09-26,2025-09-26 10:22:00,LONG,20.0,80.0,0.54
VWAP_EMA20_ALIGN,2025-09-30,2025-09-30 09:01:00,LONG,-20.0,80.0,0.54
VWAP_EMA20_ALIGN,2025-10-01,2025-10-01 09:02:00,LONG,-20.0,80.0,0.54
VWAP_EMA20_ALIGN,2025-10-02,2025-10-02 09:02:00,SHORT,20.0,120.0,0.56
VWAP_EMA20_ALIGN,2025-10-03,2025-10-03 09:17:00,LONG,-20.0,80.0,0.54
VWAP_EMA20_ALIGN,2025-10-06,2025-10-06 09:05:00,LONG,20.0,120.0,0.56
VWAP_EMA20_ALIGN,2025-10-07,2025-10-07 09:03:00,SHORT,20.0,120.0,0.56
VWAP_EMA20_ALIGN,2025-10-08,2025-10-08 09:34:00,LONG,20.0,120.0,0.56
VWAP_EMA20_ALIGN,2025-10-09,2025-10-09 11:16:00,SHORT,-20.0,80.0,0.54
VWAP_EMA20_ALIGN,2025-10-14,2025-10-14 09:06:00,LONG,-20.0,40.0,0.52
VWAP_EMA20_ALIGN,2025-10-20,2025-10-20 09:25:00,LONG,20.0,80.0,0.54
VWAP_EMA20_ALIGN,2025-10-21,2025-10-21 09:47:00,LONG,20.0,80.0,0.54
VWAP_EMA20_ALIGN,2025-10-23,2025-10-23 09:55:00,LONG,20.0,120.0,0.56
VWAP_EMA20_ALIGN,2025-10-24,2025-10-24 09:23:00,LONG,-20.0,120.0,0.56
VWAP_EMA20_ALIGN,2025-10-27,2025-10-27 09:14:00,LONG,20.0,120.0,0.56
VWAP_EMA20_ALIGN,2025-10-28,2025-10-28 09:09:00,LONG,-20.0,120.0,0.56
VWAP_EMA20_ALIGN,2025-10-29,2025-10-29 09:15:00,SHORT,-20.0,120.0,0.56
VWAP_EMA20_ALIGN,2025-10-30,2025-10-30 09:47:00,SHORT,-20.0,120.0,0.56
VWAP_EMA20_ALIGN,2025-10-31,2025-10-31 09:39:00,SHORT,20.0,160.0,0.58
VWAP_EMA20_ALIGN,2025-11-11,2025-11-11 09:15:00,SHORT,20.0,160.0,0.58
VWAP_EMA20_ALIGN,2025-11-28,2025-11-28 10:07:00,LONG,-20.0,160.0,0.58
VWAP_EMA20_ALIGN,2025-12-03,2025-12-03 09:17:00,LONG,20.0,160.0,0.58
VWAP_EMA20_ALIGN,2025-12-09,2025-12-09 09:29:00,LONG,20.0,160.0,0.58
VWAP_EMA20_ALIGN,2025-12-10,2025-12-10 09:55:00,SHORT,20.0,200.0,0.6
VWAP_EMA20_ALIGN,2025-12-12,2025-12-12 09:06:00,SHORT,20.0,200.0,0.6
VWAP_EMA20_ALIGN,2025-12-23,2025-12-23 09:04:00,SHORT,-20.0,160.0,0.58
VWAP_EMA20_ALIGN,2025-12-24,2025-12-24 09:12:00,LONG,-20.0,160.0,0.58
VWAP_EMA20_ALIGN,2025-12-26,2025-12-26 09:04:00,SHORT,20.0,200.0,0.6
VWAP_EMA20_ALIGN,2025-12-30,2025-12-30 10:21:00,LONG,-20.0,160.0,0.58
VWAP_EMA20_ALIGN,2025-12-31,2025-12-31 09:19:00,SHORT,-20.0,120.0,0.56
VWAP_EMA20_ALIGN,2026-01-07,2026-01-07 09:33:00,LONG,20.0,120.0,0.56
VWAP_EMA20_ALIGN,2026-01-13,2026-01-13 09:04:00,SHORT,-20.0,120.0,0.56
VWAP_EMA20_ALIGN,2026-01-15,2026-01-15 09:48:00,SHORT,20.0,160.0,0.58
VWAP_EMA20_ALIGN,2026-01-23,2026-01-23 09:01:00,LONG,20.0,160.0,0.58
VWAP_EMA20_ALIGN,2026-01-28,2026-01-28 09:32:00,SHORT,20.0,160.0,0.58
VWAP_EMA20_ALIGN,2026-02-16,2026-02-16 09:35:00,SHORT,-20.0,160.0,0.58
VWAP_EMA20_ALIGN,2026-03-18,2026-03-18 11:08:00,SHORT,20.0,160.0,0.58
VWAP_EMA20_ALIGN,2026-03-19,2026-03-19 09:12:00,LONG,20.0,200.0,0.6
VWAP_EMA20_ALIGN,2026-03-23,2026-03-23 09:04:00,LONG,20.0,200.0,0.6
VWAP_EMA20_ALIGN,2026-03-25,2026-03-25 09:08:00,SHORT,20.0,240.0,0.62
VWAP_EMA20_ALIGN,2026-03-27,2026-03-27 11:18:00,SHORT,20.0,240.0,0.62
VWAP_EMA20_ALIGN,2026-03-30,2026-03-30 09:01:00,LONG,20.0,240.0,0.62
VWAP_EMA20_ALIGN,2026-04-09,2026-04-09 09:13:00,LONG,20.0,240.0,0.62
VWAP_EMA20_ALIGN,2026-04-10,2026-04-10 09:16:00,LONG,-20.0,200.0,0.6
VWAP_EMA20_ALIGN,2026-04-13,2026-04-13 10:27:00,LONG,20.0,240.0,0.62
VWAP_EMA20_ALIGN,2026-04-14,2026-04-14 09:21:00,LONG,20.0,240.0,0.62
VWAP_EMA20_ALIGN,2026-04-15,2026-04-15 09:12:00,LONG,20.0,280.0,0.64
VWAP_EMA20_ALIGN,2026-04-17,2026-04-17 09:32:00,LONG,20.0,320.0,0.66
VWAP_EMA20_ALIGN,2026-04-22,2026-04-22 11:19:00,LONG,20.0,320.0,0.66
VWAP_EMA20_ALIGN,2026-04-23,2026-04-23 09:03:00,LONG,20.0,320.0,0.66
VWAP_EMA20_ALIGN,2026-04-27,2026-04-27 09:22:00,SHORT,-20.0,280.0,0.64
VWAP_EMA20_ALIGN,2026-04-29,2026-04-29 09:59:00,SHORT,-20.0,280.0,0.64
VWAP_EMA20_ALIGN,2026-05-04,2026-05-04 09:14:00,SHORT,20.0,320.0,0.66
VWAP_EMA20_ALIGN,2026-05-05,2026-05-05 09:38:00,LONG,-20.0,280.0,0.64
