model,trade_date,year,month,direction,break_time,entry_time,exit_time,or_high,or_low,or_range,entry,stop_price,target_price,outcome,pnl_points,break_above_vwap,break_below_vwap,break_above_ema20,break_below_ema20,break_displacement,rel_vol_20,atr_14
VWAP_ALIGN,2018-01-02,2018,2018-01,LONG,2018-01-02 09:00:00,2018-01-02 09:01:00,2018-01-02 10:01:00,6482.25,6426.25,56.0,6482.25,6462.25,6502.25,WIN,20.0,true,false,true,false,false,1.442,4.23
VWAP_ALIGN,2018-01-03,2018,2018-01,LONG,2018-01-03 09:00:00,2018-01-03 09:01:00,2018-01-03 11:01:00,6561.75,6526.0,35.75,6561.75,6541.75,6581.75,TIME_EXIT,11.0,true,false,true,false,false,1.573,3.09
VWAP_ALIGN,2018-01-12,2018,2018-01,LONG,2018-01-12 09:00:00,2018-01-12 09:01:00,2018-01-12 09:39:00,6727.5,6703.25,24.25,6727.5,6707.5,6747.5,WIN,20.0,true,false,true,false,false,1.165,3.55
VWAP_ALIGN,2018-01-16,2018,2018-01,SHORT,2018-01-16 09:37:00,2018-01-16 10:00:00,2018-01-16 10:53:00,6845.75,6809.25,36.5,6809.25,6829.25,6789.25,WIN,20.0,false,true,false,true,true,2.49,4.3
VWAP_ALIGN,2018-01-17,2018,2018-01,LONG,2018-01-17 10:09:00,2018-01-17 10:10:00,2018-01-17 11:30:00,6782.25,6751.5,30.75,6782.25,6762.25,6802.25,TIME_EXIT,5.5,true,false,true,false,true,3.305,3.41
VWAP_ALIGN,2018-01-19,2018,2018-01,SHORT,2018-01-19 09:01:00,2018-01-19 09:03:00,2018-01-19 11:03:00,6857.0,6829.5,27.5,6829.5,6849.5,6809.5,TIME_EXIT,4.5,false,true,false,true,false,1.286,4.71
VWAP_ALIGN,2018-01-23,2018,2018-01,LONG,2018-01-23 09:13:00,2018-01-23 09:19:00,2018-01-23 11:19:00,6964.0,6935.75,28.25,6964.0,6944.0,6984.0,TIME_EXIT,3.0,true,false,true,false,false,1.45,5.68
VWAP_ALIGN,2018-01-24,2018,2018-01,LONG,2018-01-24 09:13:00,2018-01-24 09:14:00,2018-01-24 10:11:00,6993.75,6965.5,28.25,6993.75,6973.75,7013.75,LOSS,-20.0,true,false,true,false,true,1.526,4.5
VWAP_ALIGN,2018-01-26,2018,2018-01,LONG,2018-01-26 09:01:00,2018-01-26 09:09:00,2018-01-26 11:09:00,6969.25,6949.25,20.0,6969.25,6949.25,6989.25,TIME_EXIT,6.0,true,false,true,false,false,1.565,4.71
VWAP_ALIGN,2018-01-29,2018,2018-01,SHORT,2018-01-29 09:37:00,2018-01-29 09:41:00,2018-01-29 10:45:00,7021.25,6992.5,28.75,6992.5,7012.5,6972.5,LOSS,-20.0,false,true,false,true,true,3.052,4.3
VWAP_ALIGN,2018-01-30,2018,2018-01,SHORT,2018-01-30 09:03:00,2018-01-30 09:05:00,2018-01-30 09:27:00,6949.75,6913.0,36.75,6913.0,6933.0,6893.0,LOSS,-20.0,false,true,false,true,false,1.147,7.8
VWAP_ALIGN,2018-02-01,2018,2018-02,LONG,2018-02-01 09:02:00,2018-02-01 09:03:00,2018-02-01 11:03:00,6955.0,6911.0,44.0,6955.0,6935.0,6975.0,TIME_EXIT,7.5,true,false,true,false,false,1.185,6.04
VWAP_ALIGN,2018-02-02,2018,2018-02,SHORT,2018-02-02 09:00:00,2018-02-02 09:01:00,2018-02-02 09:05:00,6895.75,6835.5,60.25,6835.5,6855.5,6815.5,WIN,20.0,false,true,false,true,true,0.906,8.18
VWAP_ALIGN,2018-02-05,2018,2018-02,LONG,2018-02-05 09:00:00,2018-02-05 09:03:00,2018-02-05 09:09:00,6746.25,6682.5,63.75,6746.25,6726.25,6766.25,WIN,20.0,true,false,true,false,false,0.889,7.79
VWAP_ALIGN,2018-02-07,2018,2018-02,LONG,2018-02-07 09:05:00,2018-02-07 09:06:00,2018-02-07 09:15:00,6668.25,6623.5,44.75,6668.25,6648.25,6688.25,WIN,20.0,true,false,true,false,true,2.455,9.84
VWAP_ALIGN,2018-02-08,2018,2018-02,SHORT,2018-02-08 09:29:00,2018-02-08 09:34:00,2018-02-08 09:45:00,6604.25,6545.75,58.5,6545.75,6565.75,6525.75,WIN,20.0,false,true,false,true,false,1.365,9.55
VWAP_ALIGN,2018-02-09,2018,2018-02,SHORT,2018-02-09 09:40:00,2018-02-09 09:41:00,2018-02-09 09:44:00,6424.0,6351.25,72.75,6351.25,6371.25,6331.25,WIN,20.0,false,true,false,true,false,2.149,11.12
VWAP_ALIGN,2018-02-12,2018,2018-02,SHORT,2018-02-12 09:12:00,2018-02-12 09:13:00,2018-02-12 09:19:00,6516.75,6470.5,46.25,6470.5,6490.5,6450.5,WIN,20.0,false,true,false,true,true,1.07,12.0
VWAP_ALIGN,2018-02-13,2018,2018-02,LONG,2018-02-13 09:00:00,2018-02-13 09:10:00,2018-02-13 09:24:00,6514.5,6476.0,38.5,6514.5,6494.5,6534.5,WIN,20.0,true,false,true,false,true,2.222,10.46
VWAP_ALIGN,2018-02-14,2018,2018-02,LONG,2018-02-14 09:09:00,2018-02-14 09:13:00,2018-02-14 09:18:00,6575.25,6516.25,59.0,6575.25,6555.25,6595.25,WIN,20.0,true,false,true,false,false,2.118,9.39
VWAP_ALIGN,2018-02-15,2018,2018-02,SHORT,2018-02-15 09:44:00,2018-02-15 09:46:00,2018-02-15 09:59:00,6754.5,6702.75,51.75,6702.75,6722.75,6682.75,WIN,20.0,false,true,false,true,false,1.293,8.0
VWAP_ALIGN,2018-02-16,2018,2018-02,LONG,2018-02-16 09:30:00,2018-02-16 09:31:00,2018-02-16 11:30:00,6825.75,6782.75,43.0,6825.75,6805.75,6845.75,TIME_EXIT,11.5,true,false,true,false,false,1.932,5.82
VWAP_ALIGN,2018-02-19,2018,2018-02,SHORT,2018-02-19 09:06:00,2018-02-19 09:07:00,2018-02-19 10:00:00,6807.25,6781.0,26.25,6781.0,6801.0,6761.0,WIN,20.0,false,true,false,true,true,2.113,2.84
VWAP_ALIGN,2018-02-20,2018,2018-02,LONG,2018-02-20 09:11:00,2018-02-20 09:13:00,2018-02-20 10:20:00,6797.75,6745.0,52.75,6797.75,6777.75,6817.75,WIN,20.0,true,false,true,false,false,0.673,5.77
VWAP_ALIGN,2018-02-21,2018,2018-02,LONG,2018-02-21 09:17:00,2018-02-21 09:18:00,2018-02-21 10:27:00,6832.75,6806.25,26.5,6832.75,6812.75,6852.75,WIN,20.0,true,false,true,false,false,1.468,5.46
VWAP_ALIGN,2018-02-22,2018,2018-02,LONG,2018-02-22 09:39:00,2018-02-22 09:46:00,2018-02-22 11:30:00,6820.5,6782.0,38.5,6820.5,6800.5,6840.5,TIME_EXIT,-11.75,true,false,true,false,false,1.784,5.45
VWAP_ALIGN,2018-02-23,2018,2018-02,SHORT,2018-02-23 09:14:00,2018-02-23 09:17:00,2018-02-23 10:00:00,6825.75,6802.0,23.75,6802.0,6822.0,6782.0,LOSS,-20.0,false,true,false,true,true,1.247,5.96
VWAP_ALIGN,2018-02-26,2018,2018-02,LONG,2018-02-26 10:32:00,2018-02-26 10:43:00,2018-02-26 11:30:00,6964.75,6929.5,35.25,6964.75,6944.75,6984.75,TIME_EXIT,1.5,true,false,true,false,false,0.896,3.0
VWAP_ALIGN,2018-02-27,2018,2018-02,LONG,2018-02-27 09:13:00,2018-02-27 09:14:00,2018-02-27 09:42:00,7000.0,6967.0,33.0,7000.0,6980.0,7020.0,LOSS,-20.0,true,false,true,false,false,1.254,5.05
VWAP_ALIGN,2018-02-28,2018,2018-02,LONG,2018-02-28 09:00:00,2018-02-28 09:16:00,2018-02-28 09:47:00,6958.0,6926.5,31.5,6958.0,6938.0,6978.0,LOSS,-20.0,true,false,true,false,false,1.145,4.75
VWAP_ALIGN,2018-03-02,2018,2018-03,LONG,2018-03-02 09:34:00,2018-03-02 09:35:00,2018-03-02 09:42:00,6704.25,6646.0,58.25,6704.25,6684.25,6724.25,WIN,20.0,true,false,true,false,false,1.765,9.86
VWAP_ALIGN,2018-03-05,2018,2018-03,SHORT,2018-03-05 09:11:00,2018-03-05 09:14:00,2018-03-05 09:32:00,6801.75,6762.0,39.75,6762.0,6782.0,6742.0,LOSS,-20.0,false,true,false,true,false,1.453,7.89
VWAP_ALIGN,2018-03-06,2018,2018-03,LONG,2018-03-06 09:00:00,2018-03-06 09:28:00,2018-03-06 09:49:00,6933.75,6898.0,35.75,6933.75,6913.75,6953.75,LOSS,-20.0,true,false,true,false,false,1.034,5.79
VWAP_ALIGN,2018-03-07,2018,2018-03,LONG,2018-03-07 09:24:00,2018-03-07 09:26:00,2018-03-07 10:20:00,6899.0,6856.25,42.75,6899.0,6879.0,6919.0,LOSS,-20.0,true,false,true,false,false,1.134,7.11
VWAP_ALIGN,2018-03-08,2018,2018-03,SHORT,2018-03-08 09:04:00,2018-03-08 09:05:00,2018-03-08 10:17:00,6971.0,6950.75,20.25,6950.75,6970.75,6930.75,LOSS,-20.0,false,true,false,true,true,1.883,5.0
VWAP_ALIGN,2018-03-13,2018,2018-03,SHORT,2018-03-13 09:00:00,2018-03-13 09:01:00,2018-03-13 09:07:00,7196.75,7158.5,38.25,7158.5,7178.5,7138.5,WIN,20.0,false,true,false,true,false,0.933,5.36
VWAP_ALIGN,2018-03-14,2018,2018-03,SHORT,2018-03-14 09:05:00,2018-03-14 09:13:00,2018-03-14 09:24:00,7101.0,7077.25,23.75,7077.25,7097.25,7057.25,WIN,20.0,false,true,false,true,false,1.07,5.48
VWAP_ALIGN,2018-03-19,2018,2018-03,SHORT,2018-03-19 09:01:00,2018-03-19 09:02:00,2018-03-19 09:32:00,6953.75,6905.0,48.75,6905.0,6925.0,6885.0,WIN,20.0,false,true,false,true,false,0.691,4.88
VWAP_ALIGN,2018-03-20,2018,2018-03,SHORT,2018-03-20 09:14:00,2018-03-20 09:15:00,2018-03-20 09:48:00,6916.75,6896.25,20.5,6896.25,6916.25,6876.25,WIN,20.0,false,true,false,true,true,2.426,5.39
VWAP_ALIGN,2018-03-22,2018,2018-03,SHORT,2018-03-22 09:25:00,2018-03-22 09:26:00,2018-03-22 09:39:00,6800.0,6745.0,55.0,6745.0,6765.0,6725.0,WIN,20.0,false,true,false,true,false,1.741,6.68
VWAP_ALIGN,2018-03-23,2018,2018-03,SHORT,2018-03-23 09:29:00,2018-03-23 09:30:00,2018-03-23 09:39:00,6713.75,6676.75,37.0,6676.75,6696.75,6656.75,WIN,20.0,false,true,false,true,false,1.525,6.21
VWAP_ALIGN,2018-03-26,2018,2018-03,SHORT,2018-03-26 09:02:00,2018-03-26 09:05:00,2018-03-26 09:09:00,6641.5,6607.25,34.25,6607.25,6627.25,6587.25,WIN,20.0,false,true,false,true,false,1.128,7.14
VWAP_ALIGN,2018-03-27,2018,2018-03,SHORT,2018-03-27 09:00:00,2018-03-27 09:01:00,2018-03-27 09:38:00,6796.0,6759.25,36.75,6759.25,6779.25,6739.25,LOSS,-20.0,false,true,false,true,false,1.423,8.41
VWAP_ALIGN,2018-03-28,2018,2018-03,LONG,2018-03-28 10:10:00,2018-03-28 10:32:00,2018-03-28 10:36:00,6513.0,6421.0,92.0,6513.0,6493.0,6533.0,WIN,20.0,true,false,true,false,true,2.33,15.09
VWAP_ALIGN,2018-03-29,2018,2018-03,LONG,2018-03-29 09:00:00,2018-03-29 09:01:00,2018-03-29 09:18:00,6564.0,6482.75,81.25,6564.0,6544.0,6584.0,LOSS,-20.0,true,false,true,false,false,1.59,7.46
VWAP_ALIGN,2018-04-02,2018,2018-04,SHORT,2018-04-02 09:00:00,2018-04-02 09:01:00,2018-04-02 09:05:00,6480.25,6444.25,36.0,6444.25,6464.25,6424.25,WIN,20.0,false,true,false,true,false,1.481,9.21
VWAP_ALIGN,2018-04-03,2018,2018-04,LONG,2018-04-03 09:00:00,2018-04-03 09:01:00,2018-04-03 09:07:00,6446.0,6385.0,61.0,6446.0,6426.0,6466.0,WIN,20.0,true,false,true,false,false,1.094,10.39
VWAP_ALIGN,2018-04-04,2018,2018-04,LONG,2018-04-04 09:16:00,2018-04-04 09:17:00,2018-04-04 09:23:00,6429.5,6362.75,66.75,6429.5,6409.5,6449.5,WIN,20.0,true,false,true,false,false,1.757,8.93
VWAP_ALIGN,2018-04-05,2018,2018-04,LONG,2018-04-05 09:02:00,2018-04-05 09:03:00,2018-04-05 09:08:00,6613.5,6589.75,23.75,6613.5,6593.5,6633.5,WIN,20.0,true,false,true,false,false,1.112,6.93
VWAP_ALIGN,2018-04-06,2018,2018-04,SHORT,2018-04-06 09:01:00,2018-04-06 09:02:00,2018-04-06 09:11:00,6574.0,6521.0,53.0,6521.0,6541.0,6501.0,LOSS,-20.0,false,true,false,true,false,1.032,8.2
VWAP_ALIGN,2018-04-10,2018,2018-04,SHORT,2018-04-10 09:45:00,2018-04-10 09:46:00,2018-04-10 10:25:00,6614.75,6585.25,29.5,6585.25,6605.25,6565.25,WIN,20.0,false,true,false,true,true,2.725,6.62
VWAP_ALIGN,2018-04-11,2018,2018-04,LONG,2018-04-11 09:53:00,2018-04-11 09:54:00,2018-04-11 10:46:00,6643.75,6609.75,34.0,6643.75,6623.75,6663.75,LOSS,-20.0,true,false,true,false,true,2.861,4.7
VWAP_ALIGN,2018-04-12,2018,2018-04,LONG,2018-04-12 09:23:00,2018-04-12 09:24:00,2018-04-12 09:50:00,6683.75,6662.75,21.0,6683.75,6663.75,6703.75,LOSS,-20.0,true,false,true,false,false,1.13,3.75
VWAP_ALIGN,2018-04-13,2018,2018-04,SHORT,2018-04-13 09:01:00,2018-04-13 09:03:00,2018-04-13 09:15:00,6664.0,6629.5,34.5,6629.5,6649.5,6609.5,LOSS,-20.0,false,true,false,true,true,2.033,6.71
VWAP_ALIGN,2018-04-16,2018,2018-04,SHORT,2018-04-16 09:12:00,2018-04-16 09:13:00,2018-04-16 10:00:00,6684.5,6654.25,30.25,6654.25,6674.25,6634.25,LOSS,-20.0,false,true,false,true,false,1.919,5.0
VWAP_ALIGN,2018-04-17,2018,2018-04,LONG,2018-04-17 09:00:00,2018-04-17 09:01:00,2018-04-17 09:25:00,6793.5,6770.0,23.5,6793.5,6773.5,6813.5,WIN,20.0,true,false,true,false,true,2.061,3.09
VWAP_ALIGN,2018-04-18,2018,2018-04,LONG,2018-04-18 09:01:00,2018-04-18 09:02:00,2018-04-18 11:02:00,6839.0,6818.5,20.5,6839.0,6819.0,6859.0,TIME_EXIT,16.0,true,false,true,false,false,1.94,4.29
VWAP_ALIGN,2018-04-19,2018,2018-04,SHORT,2018-04-19 09:03:00,2018-04-19 09:04:00,2018-04-19 10:00:00,6815.5,6783.5,32.0,6783.5,6803.5,6763.5,WIN,20.0,false,true,false,true,false,1.875,5.38
VWAP_ALIGN,2018-04-20,2018,2018-04,SHORT,2018-04-20 09:03:00,2018-04-20 09:04:00,2018-04-20 09:26:00,6742.75,6700.25,42.5,6700.25,6720.25,6680.25,WIN,20.0,false,true,false,true,true,2.084,5.04
VWAP_ALIGN,2018-04-23,2018,2018-04,LONG,2018-04-23 09:04:00,2018-04-23 09:05:00,2018-04-23 10:20:00,6712.25,6674.25,38.0,6712.25,6692.25,6732.25,LOSS,-20.0,true,false,true,false,true,1.283,4.66
VWAP_ALIGN,2018-04-24,2018,2018-04,SHORT,2018-04-24 09:01:00,2018-04-24 09:29:00,2018-04-24 09:59:00,6630.25,6600.25,30.0,6600.25,6620.25,6580.25,WIN,20.0,false,true,false,true,true,3.2,7.8
VWAP_ALIGN,2018-04-25,2018,2018-04,LONG,2018-04-25 09:01:00,2018-04-25 09:02:00,2018-04-25 09:06:00,6519.5,6473.75,45.75,6519.5,6499.5,6539.5,WIN,20.0,true,false,true,false,false,1.542,8.77
VWAP_ALIGN,2018-04-26,2018,2018-04,LONG,2018-04-26 10:26:00,2018-04-26 10:41:00,2018-04-26 11:30:00,6645.0,6622.5,22.5,6645.0,6625.0,6665.0,TIME_EXIT,13.0,true,false,true,false,false,0.816,3.62
VWAP_ALIGN,2018-04-30,2018,2018-04,SHORT,2018-04-30 09:16:00,2018-04-30 09:17:00,2018-04-30 09:36:00,6708.25,6685.0,23.25,6685.0,6705.0,6665.0,WIN,20.0,false,true,false,true,true,2.351,4.32
VWAP_ALIGN,2018-05-01,2018,2018-05,SHORT,2018-05-01 09:00:00,2018-05-01 09:10:00,2018-05-01 11:10:00,6633.5,6607.25,26.25,6607.25,6627.25,6587.25,TIME_EXIT,12.5,false,true,false,true,false,1.346,5.96
VWAP_ALIGN,2018-05-02,2018,2018-05,SHORT,2018-05-02 09:42:00,2018-05-02 09:43:00,2018-05-02 09:45:00,6698.75,6676.75,22.0,6676.75,6696.75,6656.75,WIN,20.0,false,true,false,true,true,1.724,3.57
VWAP_ALIGN,2018-05-03,2018,2018-05,LONG,2018-05-03 10:38:00,2018-05-03 10:39:00,2018-05-03 10:41:00,6591.75,6538.0,53.75,6591.75,6571.75,6611.75,WIN,20.0,true,false,true,false,true,3.761,5.39
VWAP_ALIGN,2018-05-04,2018,2018-05,LONG,2018-05-04 09:01:00,2018-05-04 09:02:00,2018-05-04 10:26:00,6735.75,6700.75,35.0,6735.75,6715.75,6755.75,WIN,20.0,true,false,true,false,false,1.291,5.09
VWAP_ALIGN,2018-05-07,2018,2018-05,LONG,2018-05-07 09:15:00,2018-05-07 09:21:00,2018-05-07 11:07:00,6844.0,6818.0,26.0,6844.0,6824.0,6864.0,LOSS,-20.0,true,false,true,false,false,1.776,3.66
VWAP_ALIGN,2018-05-08,2018,2018-05,SHORT,2018-05-08 09:06:00,2018-05-08 09:09:00,2018-05-08 09:13:00,6818.75,6796.25,22.5,6796.25,6816.25,6776.25,LOSS,-20.0,false,true,false,true,true,1.867,4.38
VWAP_ALIGN,2018-05-09,2018,2018-05,LONG,2018-05-09 10:01:00,2018-05-09 10:02:00,2018-05-09 10:28:00,6838.5,6809.25,29.25,6838.5,6818.5,6858.5,WIN,20.0,true,false,true,false,true,2.635,2.52
VWAP_ALIGN,2018-05-11,2018,2018-05,SHORT,2018-05-11 09:49:00,2018-05-11 10:13:00,2018-05-11 11:30:00,6975.0,6952.75,22.25,6952.75,6972.75,6932.75,TIME_EXIT,4.75,false,true,false,true,false,1.252,2.79
VWAP_ALIGN,2018-05-15,2018,2018-05,SHORT,2018-05-15 09:09:00,2018-05-15 09:10:00,2018-05-15 11:10:00,6908.25,6875.0,33.25,6875.0,6895.0,6855.0,TIME_EXIT,-0.75,false,true,false,true,false,1.348,5.96
VWAP_ALIGN,2018-05-18,2018,2018-05,LONG,2018-05-18 09:04:00,2018-05-18 09:07:00,2018-05-18 11:07:00,6887.75,6862.25,25.5,6887.75,6867.75,6907.75,TIME_EXIT,-0.5,true,false,true,false,false,1.173,4.66
VWAP_ALIGN,2018-05-23,2018,2018-05,LONG,2018-05-23 09:25:00,2018-05-23 09:36:00,2018-05-23 10:58:00,6887.0,6859.0,28.0,6887.0,6867.0,6907.0,WIN,20.0,true,false,true,false,false,0.977,4.0
VWAP_ALIGN,2018-05-29,2018,2018-05,SHORT,2018-05-29 09:37:00,2018-05-29 09:38:00,2018-05-29 09:44:00,6967.75,6939.0,28.75,6939.0,6959.0,6919.0,WIN,20.0,false,true,false,true,false,1.928,5.71
VWAP_ALIGN,2018-05-30,2018,2018-05,LONG,2018-05-30 09:00:00,2018-05-30 09:25:00,2018-05-30 11:25:00,6980.75,6955.75,25.0,6980.75,6960.75,7000.75,TIME_EXIT,6.25,true,false,true,false,false,1.61,2.62
VWAP_ALIGN,2018-05-31,2018,2018-05,LONG,2018-05-31 09:38:00,2018-05-31 09:39:00,2018-05-31 09:40:00,6996.75,6958.25,38.5,6996.75,6976.75,7016.75,WIN,20.0,true,false,true,false,true,2.702,4.75
VWAP_ALIGN,2018-06-01,2018,2018-06,LONG,2018-06-01 09:22:00,2018-06-01 09:35:00,2018-06-01 11:30:00,7072.75,7046.25,26.5,7072.75,7052.75,7092.75,TIME_EXIT,16.5,true,false,true,false,false,0.722,2.79
VWAP_ALIGN,2018-06-04,2018,2018-06,LONG,2018-06-04 09:00:00,2018-06-04 09:01:00,2018-06-04 10:26:00,7125.75,7105.0,20.75,7125.75,7105.75,7145.75,WIN,20.0,true,false,true,false,false,3.317,3.55
VWAP_ALIGN,2018-06-05,2018,2018-06,SHORT,2018-06-05 09:06:00,2018-06-05 09:07:00,2018-06-05 09:41:00,7184.5,7164.0,20.5,7164.0,7184.0,7144.0,WIN,20.0,false,true,false,true,false,2.328,2.66
VWAP_ALIGN,2018-06-06,2018,2018-06,LONG,2018-06-06 10:51:00,2018-06-06 11:21:00,2018-06-06 11:30:00,7163.25,7142.25,21.0,7163.25,7143.25,7183.25,TIME_EXIT,11.5,true,false,false,true,false,0.623,1.68
VWAP_ALIGN,2018-06-07,2018,2018-06,SHORT,2018-06-07 10:56:00,2018-06-07 10:57:00,2018-06-07 11:30:00,7166.0,7135.5,30.5,7135.5,7155.5,7115.5,TIME_EXIT,0.75,false,true,false,true,false,2.392,4.77
VWAP_ALIGN,2018-06-08,2018,2018-06,LONG,2018-06-08 09:08:00,2018-06-08 09:09:00,2018-06-08 09:35:00,7152.75,7101.25,51.5,7152.75,7132.75,7172.75,LOSS,-20.0,true,false,true,false,false,0.83,14.39
VWAP_ALIGN,2018-06-14,2018,2018-06,LONG,2018-06-14 09:38:00,2018-06-14 09:39:00,2018-06-14 11:30:00,7307.25,7281.5,25.75,7307.25,7287.25,7327.25,TIME_EXIT,8.0,true,false,true,false,false,1.009,3.0
VWAP_ALIGN,2018-06-15,2018,2018-06,LONG,2018-06-15 10:43:00,2018-06-15 10:55:00,2018-06-15 11:30:00,7278.25,7249.25,29.0,7278.25,7258.25,7298.25,TIME_EXIT,0.75,true,false,true,false,false,1.157,2.45
VWAP_ALIGN,2018-06-18,2018,2018-06,LONG,2018-06-18 09:01:00,2018-06-18 09:05:00,2018-06-18 11:05:00,7272.5,7237.5,35.0,7272.5,7252.5,7292.5,TIME_EXIT,-7.25,true,false,true,false,false,1.203,3.45
VWAP_ALIGN,2018-06-19,2018,2018-06,LONG,2018-06-19 09:10:00,2018-06-19 09:18:00,2018-06-19 09:55:00,7203.75,7157.5,46.25,7203.75,7183.75,7223.75,WIN,20.0,true,false,true,false,false,1.351,5.04
VWAP_ALIGN,2018-06-20,2018,2018-06,LONG,2018-06-20 09:23:00,2018-06-20 09:24:00,2018-06-20 10:42:00,7307.0,7280.0,27.0,7307.0,7287.0,7327.0,WIN,20.0,true,false,true,false,false,2.299,3.46
VWAP_ALIGN,2018-06-21,2018,2018-06,LONG,2018-06-21 09:48:00,2018-06-21 10:02:00,2018-06-21 10:34:00,7271.75,7235.5,36.25,7271.75,7251.75,7291.75,LOSS,-20.0,true,false,true,false,false,0.633,3.39
VWAP_ALIGN,2018-06-25,2018,2018-06,SHORT,2018-06-25 09:04:00,2018-06-25 09:06:00,2018-06-25 09:25:00,7112.5,7077.0,35.5,7077.0,7097.0,7057.0,WIN,20.0,false,true,false,true,true,1.876,7.52
VWAP_ALIGN,2018-06-26,2018,2018-06,LONG,2018-06-26 09:10:00,2018-06-26 09:15:00,2018-06-26 10:16:00,7090.0,7059.75,30.25,7090.0,7070.0,7110.0,WIN,20.0,true,false,true,false,true,2.148,6.0
VWAP_ALIGN,2018-06-28,2018,2018-06,LONG,2018-06-28 09:00:00,2018-06-28 09:25:00,2018-06-28 10:22:00,7026.25,6968.5,57.75,7026.25,7006.25,7046.25,LOSS,-20.0,true,false,true,false,false,1.602,8.07
VWAP_ALIGN,2018-06-29,2018,2018-06,SHORT,2018-06-29 09:54:00,2018-06-29 09:55:00,2018-06-29 11:30:00,7123.75,7092.25,31.5,7092.25,7112.25,7072.25,TIME_EXIT,-0.5,false,true,false,true,false,1.346,3.39
VWAP_ALIGN,2018-07-02,2018,2018-07,LONG,2018-07-02 09:01:00,2018-07-02 09:03:00,2018-07-02 09:16:00,7064.75,7044.0,20.75,7064.75,7044.75,7084.75,LOSS,-20.0,true,false,true,false,false,1.348,4.36
VWAP_ALIGN,2018-07-03,2018,2018-07,SHORT,2018-07-03 09:02:00,2018-07-03 09:10:00,2018-07-03 10:11:00,7122.75,7096.0,26.75,7096.0,7116.0,7076.0,WIN,20.0,false,true,false,true,false,1.276,5.25
VWAP_ALIGN,2018-07-05,2018,2018-07,LONG,2018-07-05 09:19:00,2018-07-05 09:20:00,2018-07-05 09:48:00,7069.5,7042.25,27.25,7069.5,7049.5,7089.5,WIN,20.0,true,false,true,false,false,1.601,4.34
VWAP_ALIGN,2018-07-06,2018,2018-07,LONG,2018-07-06 09:01:00,2018-07-06 09:07:00,2018-07-06 09:28:00,7178.75,7152.75,26.0,7178.75,7158.75,7198.75,WIN,20.0,true,false,true,false,false,1.194,3.93
VWAP_ALIGN,2018-07-09,2018,2018-07,LONG,2018-07-09 09:04:00,2018-07-09 09:08:00,2018-07-09 11:08:00,7261.5,7241.5,20.0,7261.5,7241.5,7281.5,TIME_EXIT,-1.0,true,false,true,false,false,0.853,3.57
VWAP_ALIGN,2018-07-11,2018,2018-07,SHORT,2018-07-11 09:30:00,2018-07-11 09:57:00,2018-07-11 10:08:00,7290.0,7269.0,21.0,7269.0,7289.0,7249.0,WIN,20.0,false,true,false,true,true,1.939,4.79
VWAP_ALIGN,2018-07-17,2018,2018-07,LONG,2018-07-17 09:04:00,2018-07-17 09:05:00,2018-07-17 10:00:00,7374.75,7350.25,24.5,7374.75,7354.75,7394.75,WIN,20.0,true,false,true,false,false,1.078,3.34
VWAP_ALIGN,2018-07-19,2018,2018-07,LONG,2018-07-19 09:05:00,2018-07-19 09:06:00,2018-07-19 10:45:00,7382.0,7361.75,20.25,7382.0,7362.0,7402.0,LOSS,-20.0,true,false,true,false,false,1.6,3.46
VWAP_ALIGN,2018-07-20,2018,2018-07,SHORT,2018-07-20 10:42:00,2018-07-20 11:12:00,2018-07-20 11:28:00,7413.75,7391.0,22.75,7391.0,7411.0,7371.0,WIN,20.0,false,true,true,false,false,0.769,2.36
VWAP_ALIGN,2018-07-23,2018,2018-07,LONG,2018-07-23 09:31:00,2018-07-23 09:32:00,2018-07-23 11:30:00,7361.5,7331.75,29.75,7361.5,7341.5,7381.5,TIME_EXIT,9.0,true,false,true,false,false,1.51,3.16
VWAP_ALIGN,2018-07-24,2018,2018-07,SHORT,2018-07-24 09:00:00,2018-07-24 09:01:00,2018-07-24 09:05:00,7484.75,7464.5,20.25,7464.5,7484.5,7444.5,WIN,20.0,false,true,false,true,false,1.298,4.2
VWAP_ALIGN,2018-07-27,2018,2018-07,SHORT,2018-07-27 09:59:00,2018-07-27 10:00:00,2018-07-27 10:03:00,7406.5,7367.75,38.75,7367.75,7387.75,7347.75,WIN,20.0,false,true,false,true,true,2.42,3.8
VWAP_ALIGN,2018-07-30,2018,2018-07,SHORT,2018-07-30 09:00:00,2018-07-30 09:01:00,2018-07-30 10:32:00,7244.75,7216.0,28.75,7216.0,7236.0,7196.0,WIN,20.0,false,true,false,true,false,1.577,6.71
VWAP_ALIGN,2018-07-31,2018,2018-07,LONG,2018-07-31 09:04:00,2018-07-31 09:05:00,2018-07-31 09:38:00,7228.75,7205.0,23.75,7228.75,7208.75,7248.75,WIN,20.0,true,false,true,false,true,1.842,5.75
VWAP_ALIGN,2018-08-02,2018,2018-08,LONG,2018-08-02 09:26:00,2018-08-02 09:27:00,2018-08-02 09:35:00,7313.25,7290.5,22.75,7313.25,7293.25,7333.25,WIN,20.0,true,false,true,false,false,2.069,4.12
VWAP_ALIGN,2018-08-03,2018,2018-08,SHORT,2018-08-03 09:31:00,2018-08-03 09:57:00,2018-08-03 11:30:00,7401.25,7374.5,26.75,7374.5,7394.5,7354.5,TIME_EXIT,-12.5,false,true,false,true,false,2.495,4.27
VWAP_ALIGN,2018-08-07,2018,2018-08,SHORT,2018-08-07 09:00:00,2018-08-07 09:27:00,2018-08-07 10:21:00,7485.5,7454.0,31.5,7454.0,7474.0,7434.0,LOSS,-20.0,false,true,false,true,true,2.237,4.05
VWAP_ALIGN,2018-08-14,2018,2018-08,LONG,2018-08-14 09:48:00,2018-08-14 09:49:00,2018-08-14 11:30:00,7453.5,7422.25,31.25,7453.5,7433.5,7473.5,TIME_EXIT,-4.0,true,false,true,false,true,3.259,3.04
VWAP_ALIGN,2018-08-16,2018,2018-08,LONG,2018-08-16 09:15:00,2018-08-16 09:16:00,2018-08-16 11:16:00,7422.5,7401.75,20.75,7422.5,7402.5,7442.5,TIME_EXIT,-4.0,true,false,true,false,false,2.285,2.91
VWAP_ALIGN,2018-08-20,2018,2018-08,LONG,2018-08-20 10:26:00,2018-08-20 10:27:00,2018-08-20 11:30:00,7375.5,7351.5,24.0,7375.5,7355.5,7395.5,TIME_EXIT,10.75,true,false,true,false,false,1.623,2.5
VWAP_ALIGN,2018-08-22,2018,2018-08,LONG,2018-08-22 09:03:00,2018-08-22 09:04:00,2018-08-22 11:04:00,7429.75,7399.25,30.5,7429.75,7409.75,7449.75,TIME_EXIT,-3.75,true,false,true,false,false,0.966,3.05
VWAP_ALIGN,2018-08-24,2018,2018-08,LONG,2018-08-24 09:35:00,2018-08-24 10:04:00,2018-08-24 11:30:00,7495.5,7469.25,26.25,7495.5,7475.5,7515.5,TIME_EXIT,-10.25,true,false,true,false,true,3.673,2.7
VWAP_ALIGN,2018-08-29,2018,2018-08,LONG,2018-08-29 09:13:00,2018-08-29 09:17:00,2018-08-29 11:17:00,7643.5,7621.0,22.5,7643.5,7623.5,7663.5,TIME_EXIT,10.25,true,false,true,false,false,1.681,2.45
VWAP_ALIGN,2018-08-30,2018,2018-08,LONG,2018-08-30 10:26:00,2018-08-30 10:33:00,2018-08-30 11:30:00,7681.0,7657.25,23.75,7681.0,7661.0,7701.0,TIME_EXIT,13.25,true,false,true,false,false,1.627,2.16
VWAP_ALIGN,2018-09-04,2018,2018-09,SHORT,2018-09-04 09:50:00,2018-09-04 09:51:00,2018-09-04 10:23:00,7650.0,7617.25,32.75,7617.25,7637.25,7597.25,WIN,20.0,false,true,false,true,true,2.514,4.39
VWAP_ALIGN,2018-09-05,2018,2018-09,LONG,2018-09-05 10:30:00,2018-09-05 10:51:00,2018-09-05 11:30:00,7541.25,7503.25,38.0,7541.25,7521.25,7561.25,TIME_EXIT,13.0,true,false,true,false,true,3.514,4.07
VWAP_ALIGN,2018-09-06,2018,2018-09,SHORT,2018-09-06 09:07:00,2018-09-06 09:09:00,2018-09-06 09:28:00,7481.75,7427.25,54.5,7427.25,7447.25,7407.25,LOSS,-20.0,false,true,false,true,false,1.3,6.54
VWAP_ALIGN,2018-09-07,2018,2018-09,LONG,2018-09-07 09:17:00,2018-09-07 09:36:00,2018-09-07 09:59:00,7488.75,7465.5,23.25,7488.75,7468.75,7508.75,LOSS,-20.0,true,false,true,false,false,2.758,3.93
VWAP_ALIGN,2018-09-10,2018,2018-09,LONG,2018-09-10 09:11:00,2018-09-10 09:12:00,2018-09-10 11:12:00,7445.5,7420.75,24.75,7445.5,7425.5,7465.5,TIME_EXIT,-1.5,true,false,true,false,false,1.465,4.84
VWAP_ALIGN,2018-09-11,2018,2018-09,LONG,2018-09-11 09:04:00,2018-09-11 09:10:00,2018-09-11 09:50:00,7474.75,7450.75,24.0,7474.75,7454.75,7494.75,WIN,20.0,true,false,true,false,false,1.475,3.79
VWAP_ALIGN,2018-09-12,2018,2018-09,LONG,2018-09-12 09:20:00,2018-09-12 09:50:00,2018-09-12 10:05:00,7452.25,7425.0,27.25,7452.25,7432.25,7472.25,WIN,20.0,true,false,true,false,false,1.395,7.77
VWAP_ALIGN,2018-09-13,2018,2018-09,LONG,2018-09-13 09:07:00,2018-09-13 09:08:00,2018-09-13 10:02:00,7558.75,7532.75,26.0,7558.75,7538.75,7578.75,WIN,20.0,true,false,true,false,false,1.181,5.25
VWAP_ALIGN,2018-09-17,2018,2018-09,LONG,2018-09-17 10:26:00,2018-09-17 10:29:00,2018-09-17 11:30:00,7513.25,7483.25,30.0,7513.25,7493.25,7533.25,TIME_EXIT,-17.25,true,false,true,false,false,1.284,2.59
VWAP_ALIGN,2018-09-18,2018,2018-09,LONG,2018-09-18 09:00:00,2018-09-18 09:14:00,2018-09-18 11:14:00,7546.75,7523.0,23.75,7546.75,7526.75,7566.75,TIME_EXIT,-2.25,true,false,true,false,false,2.303,4.07
VWAP_ALIGN,2018-09-19,2018,2018-09,LONG,2018-09-19 09:09:00,2018-09-19 09:30:00,2018-09-19 11:30:00,7494.0,7472.75,21.25,7494.0,7474.0,7514.0,TIME_EXIT,-2.0,true,false,true,false,false,1.754,5.23
VWAP_ALIGN,2018-09-24,2018,2018-09,LONG,2018-09-24 09:20:00,2018-09-24 09:21:00,2018-09-24 09:25:00,7546.25,7517.0,29.25,7546.25,7526.25,7566.25,WIN,20.0,true,false,true,false,false,3.059,4.71
VWAP_ALIGN,2018-09-25,2018,2018-09,LONG,2018-09-25 09:26:00,2018-09-25 09:27:00,2018-09-25 11:27:00,7580.0,7552.0,28.0,7580.0,7560.0,7600.0,TIME_EXIT,7.5,true,false,true,false,true,3.68,2.98
VWAP_ALIGN,2018-09-28,2018,2018-09,LONG,2018-09-28 09:01:00,2018-09-28 09:08:00,2018-09-28 10:47:00,7662.25,7638.0,24.25,7662.25,7642.25,7682.25,LOSS,-20.0,true,false,true,false,false,0.925,3.66
VWAP_ALIGN,2018-10-02,2018,2018-10,LONG,2018-10-02 09:23:00,2018-10-02 09:24:00,2018-10-02 11:24:00,7697.0,7671.0,26.0,7697.0,7677.0,7717.0,TIME_EXIT,-7.75,true,false,true,false,false,2.399,2.89
VWAP_ALIGN,2018-10-03,2018,2018-10,SHORT,2018-10-03 09:00:00,2018-10-03 09:01:00,2018-10-03 10:00:00,7700.25,7672.0,28.25,7672.0,7692.0,7652.0,LOSS,-20.0,false,true,false,true,true,3.291,5.02
VWAP_ALIGN,2018-10-04,2018,2018-10,SHORT,2018-10-04 09:31:00,2018-10-04 09:33:00,2018-10-04 09:50:00,7556.5,7536.0,20.5,7536.0,7556.0,7516.0,WIN,20.0,false,true,false,true,false,2.382,5.21
VWAP_ALIGN,2018-10-05,2018,2018-10,SHORT,2018-10-05 09:08:00,2018-10-05 09:09:00,2018-10-05 09:11:00,7500.0,7455.75,44.25,7455.75,7475.75,7435.75,WIN,20.0,false,true,false,true,true,2.449,7.02
VWAP_ALIGN,2018-10-08,2018,2018-10,SHORT,2018-10-08 09:01:00,2018-10-08 09:03:00,2018-10-08 09:26:00,7430.0,7389.25,40.75,7389.25,7409.25,7369.25,WIN,20.0,false,true,false,true,true,1.703,5.8
VWAP_ALIGN,2018-10-10,2018,2018-10,SHORT,2018-10-10 09:04:00,2018-10-10 09:05:00,2018-10-10 09:09:00,7280.75,7245.5,35.25,7245.5,7265.5,7225.5,WIN,20.0,false,true,false,true,true,1.327,9.88
VWAP_ALIGN,2018-10-11,2018,2018-10,SHORT,2018-10-11 09:00:00,2018-10-11 09:01:00,2018-10-11 09:04:00,7097.25,7025.5,71.75,7025.5,7045.5,7005.5,WIN,20.0,false,true,false,true,false,1.035,14.29
VWAP_ALIGN,2018-10-12,2018,2018-10,SHORT,2018-10-12 09:41:00,2018-10-12 09:56:00,2018-10-12 10:00:00,7169.5,7119.0,50.5,7119.0,7139.0,7099.0,WIN,20.0,false,true,false,true,true,1.844,9.05
VWAP_ALIGN,2018-10-15,2018,2018-10,LONG,2018-10-15 09:00:00,2018-10-15 09:01:00,2018-10-15 09:08:00,7114.25,7084.25,30.0,7114.25,7094.25,7134.25,WIN,20.0,true,false,true,false,false,1.424,6.98
VWAP_ALIGN,2018-10-16,2018,2018-10,LONG,2018-10-16 09:00:00,2018-10-16 09:13:00,2018-10-16 09:18:00,7199.25,7147.0,52.25,7199.25,7179.25,7219.25,WIN,20.0,true,false,true,false,false,0.876,6.16
VWAP_ALIGN,2018-10-17,2018,2018-10,LONG,2018-10-17 09:44:00,2018-10-17 09:55:00,2018-10-17 10:15:00,7272.75,7221.5,51.25,7272.75,7252.75,7292.75,WIN,20.0,true,false,true,false,false,1.445,7.93
VWAP_ALIGN,2018-10-18,2018,2018-10,SHORT,2018-10-18 09:06:00,2018-10-18 09:09:00,2018-10-18 09:20:00,7254.25,7222.25,32.0,7222.25,7242.25,7202.25,WIN,20.0,false,true,false,true,false,1.173,6.79
VWAP_ALIGN,2018-10-23,2018,2018-10,LONG,2018-10-23 09:23:00,2018-10-23 09:36:00,2018-10-23 10:09:00,7007.0,6963.5,43.5,7007.0,6987.0,7027.0,WIN,20.0,true,false,true,false,false,1.166,8.48
VWAP_ALIGN,2018-10-24,2018,2018-10,SHORT,2018-10-24 09:25:00,2018-10-24 09:55:00,2018-10-24 10:10:00,7085.75,7055.0,30.75,7055.0,7075.0,7035.0,WIN,20.0,false,true,false,true,false,0.944,10.41
VWAP_ALIGN,2018-10-25,2018,2018-10,LONG,2018-10-25 09:21:00,2018-10-25 09:25:00,2018-10-25 10:04:00,6997.75,6962.75,35.0,6997.75,6977.75,7017.75,LOSS,-20.0,true,false,true,false,false,1.789,10.29
VWAP_ALIGN,2018-10-26,2018,2018-10,LONG,2018-10-26 09:18:00,2018-10-26 09:19:00,2018-10-26 09:24:00,6810.0,6750.5,59.5,6810.0,6790.0,6830.0,WIN,20.0,true,false,true,false,false,1.27,12.59
VWAP_ALIGN,2018-10-29,2018,2018-10,SHORT,2018-10-29 09:09:00,2018-10-29 09:10:00,2018-10-29 09:13:00,6960.0,6911.25,48.75,6911.25,6931.25,6891.25,WIN,20.0,false,true,false,true,false,1.924,8.86
VWAP_ALIGN,2018-10-30,2018,2018-10,LONG,2018-10-30 09:32:00,2018-10-30 09:36:00,2018-10-30 09:49:00,6785.75,6695.0,90.75,6785.75,6765.75,6805.75,WIN,20.0,true,false,true,false,false,1.061,12.68
VWAP_ALIGN,2018-10-31,2018,2018-10,SHORT,2018-10-31 10:04:00,2018-10-31 10:19:00,2018-10-31 10:55:00,7024.25,6975.5,48.75,6975.5,6995.5,6955.5,LOSS,-20.0,false,true,false,true,false,1.47,10.25
VWAP_ALIGN,2018-11-01,2018,2018-11,LONG,2018-11-01 09:13:00,2018-11-01 09:18:00,2018-11-01 09:30:00,7022.75,6979.5,43.25,7022.75,7002.75,7042.75,WIN,20.0,true,false,true,false,false,2.272,9.21
VWAP_ALIGN,2018-11-02,2018,2018-11,SHORT,2018-11-02 09:20:00,2018-11-02 09:21:00,2018-11-02 09:30:00,7000.5,6952.75,47.75,6952.75,6972.75,6932.75,LOSS,-20.0,false,true,false,true,true,2.297,12.34
VWAP_ALIGN,2018-11-05,2018,2018-11,SHORT,2018-11-05 09:02:00,2018-11-05 09:03:00,2018-11-05 09:11:00,6971.25,6898.25,73.0,6898.25,6918.25,6878.25,WIN,20.0,false,true,false,true,false,1.788,8.88
VWAP_ALIGN,2018-11-07,2018,2018-11,LONG,2018-11-07 09:02:00,2018-11-07 09:03:00,2018-11-07 09:29:00,7108.75,7061.75,47.0,7108.75,7088.75,7128.75,WIN,20.0,true,false,true,false,true,1.332,9.25
VWAP_ALIGN,2018-11-08,2018,2018-11,LONG,2018-11-08 09:01:00,2018-11-08 09:03:00,2018-11-08 09:11:00,7198.0,7153.5,44.5,7198.0,7178.0,7218.0,LOSS,-20.0,true,false,true,false,false,1.043,8.23
VWAP_ALIGN,2018-11-09,2018,2018-11,SHORT,2018-11-09 09:09:00,2018-11-09 09:10:00,2018-11-09 09:15:00,7116.25,7068.75,47.5,7068.75,7088.75,7048.75,WIN,20.0,false,true,false,true,true,2.392,9.2
VWAP_ALIGN,2018-11-12,2018,2018-11,SHORT,2018-11-12 09:00:00,2018-11-12 09:01:00,2018-11-12 09:36:00,7009.0,6923.75,85.25,6923.75,6943.75,6903.75,WIN,20.0,false,true,false,true,false,1.448,8.14
VWAP_ALIGN,2018-11-13,2018,2018-11,SHORT,2018-11-13 09:00:00,2018-11-13 09:22:00,2018-11-13 09:29:00,6920.5,6860.25,60.25,6860.25,6880.25,6840.25,WIN,20.0,false,true,false,true,false,1.59,11.3
VWAP_ALIGN,2018-11-14,2018,2018-11,SHORT,2018-11-14 09:10:00,2018-11-14 09:12:00,2018-11-14 09:15:00,6929.5,6876.0,53.5,6876.0,6896.0,6856.0,WIN,20.0,false,true,false,true,false,1.087,10.11
VWAP_ALIGN,2018-11-15,2018,2018-11,SHORT,2018-11-15 09:30:00,2018-11-15 09:31:00,2018-11-15 09:35:00,6811.25,6740.25,71.0,6740.25,6760.25,6720.25,WIN,20.0,false,true,false,true,false,1.241,9.0
VWAP_ALIGN,2018-11-16,2018,2018-11,LONG,2018-11-16 09:02:00,2018-11-16 09:15:00,2018-11-16 09:36:00,6875.5,6807.5,68.0,6875.5,6855.5,6895.5,WIN,20.0,true,false,true,false,true,1.044,8.0
VWAP_ALIGN,2018-11-19,2018,2018-11,SHORT,2018-11-19 09:04:00,2018-11-19 09:05:00,2018-11-19 09:09:00,6852.5,6778.0,74.5,6778.0,6798.0,6758.0,WIN,20.0,false,true,false,true,false,1.051,8.32
VWAP_ALIGN,2018-11-20,2018,2018-11,SHORT,2018-11-20 09:11:00,2018-11-20 09:12:00,2018-11-20 09:14:00,6558.0,6476.5,81.5,6476.5,6496.5,6456.5,WIN,20.0,false,true,false,true,false,1.225,15.27
VWAP_ALIGN,2018-11-21,2018,2018-11,LONG,2018-11-21 10:19:00,2018-11-21 10:20:00,2018-11-21 10:40:00,6644.75,6571.0,73.75,6644.75,6624.75,6664.75,LOSS,-20.0,true,false,true,false,false,1.646,5.62
VWAP_ALIGN,2018-11-26,2018,2018-11,LONG,2018-11-26 09:00:00,2018-11-26 09:02:00,2018-11-26 09:18:00,6660.0,6598.75,61.25,6660.0,6640.0,6680.0,LOSS,-20.0,true,false,true,false,false,0.947,8.12
VWAP_ALIGN,2018-11-27,2018,2018-11,LONG,2018-11-27 09:00:00,2018-11-27 09:05:00,2018-11-27 09:12:00,6670.5,6613.25,57.25,6670.5,6650.5,6690.5,WIN,20.0,true,false,true,false,false,1.036,9.5
VWAP_ALIGN,2018-11-28,2018,2018-11,SHORT,2018-11-28 09:17:00,2018-11-28 09:30:00,2018-11-28 11:00:00,6765.0,6733.25,31.75,6733.25,6753.25,6713.25,LOSS,-20.0,false,true,false,true,false,1.993,5.91
VWAP_ALIGN,2018-11-29,2018,2018-11,SHORT,2018-11-29 09:18:00,2018-11-29 09:19:00,2018-11-29 09:30:00,6911.25,6875.0,36.25,6875.0,6895.0,6855.0,LOSS,-20.0,false,true,false,true,true,3.139,8.25
VWAP_ALIGN,2018-11-30,2018,2018-11,LONG,2018-11-30 09:30:00,2018-11-30 09:31:00,2018-11-30 09:40:00,6909.75,6872.5,37.25,6909.75,6889.75,6929.75,WIN,20.0,true,false,true,false,true,2.088,5.82
VWAP_ALIGN,2018-12-03,2018,2018-12,SHORT,2018-12-03 10:45:00,2018-12-03 10:58:00,2018-12-03 11:30:00,7107.75,7034.25,73.5,7034.25,7054.25,7014.25,TIME_EXIT,-19.0,false,true,false,true,false,1.293,6.34
VWAP_ALIGN,2018-12-04,2018,2018-12,SHORT,2018-12-04 10:17:00,2018-12-04 10:18:00,2018-12-04 11:00:00,7046.75,7011.25,35.5,7011.25,7031.25,6991.25,WIN,20.0,false,true,false,true,false,1.814,5.2
VWAP_ALIGN,2018-12-06,2018,2018-12,SHORT,2018-12-06 10:26:00,2018-12-06 10:27:00,2018-12-06 10:32:00,6731.25,6643.75,87.5,6643.75,6663.75,6623.75,LOSS,-20.0,false,true,false,true,false,1.621,8.43
VWAP_ALIGN,2018-12-07,2018,2018-12,SHORT,2018-12-07 09:10:00,2018-12-07 09:11:00,2018-12-07 09:13:00,6852.0,6801.5,50.5,6801.5,6821.5,6781.5,WIN,20.0,false,true,false,true,false,1.791,9.36
VWAP_ALIGN,2018-12-10,2018,2018-12,SHORT,2018-12-10 09:44:00,2018-12-10 09:54:00,2018-12-10 10:01:00,6672.5,6582.0,90.5,6582.0,6602.0,6562.0,WIN,20.0,false,true,false,true,false,1.261,11.11
VWAP_ALIGN,2018-12-11,2018,2018-12,SHORT,2018-12-11 09:10:00,2018-12-11 09:18:00,2018-12-11 09:24:00,6796.0,6763.5,32.5,6763.5,6783.5,6743.5,LOSS,-20.0,false,true,false,true,true,2.514,9.07
VWAP_ALIGN,2018-12-12,2018,2018-12,LONG,2018-12-12 09:00:00,2018-12-12 09:03:00,2018-12-12 09:14:00,6811.75,6779.0,32.75,6811.75,6791.75,6831.75,WIN,20.0,true,false,true,false,false,1.024,7.57
VWAP_ALIGN,2018-12-13,2018,2018-12,LONG,2018-12-13 09:12:00,2018-12-13 09:13:00,2018-12-13 09:24:00,6832.75,6779.25,53.5,6832.75,6812.75,6852.75,LOSS,-20.0,true,false,true,false,true,1.766,7.82
VWAP_ALIGN,2018-12-14,2018,2018-12,LONG,2018-12-14 09:03:00,2018-12-14 09:04:00,2018-12-14 09:05:00,6723.0,6665.75,57.25,6723.0,6703.0,6743.0,LOSS,-20.0,true,false,true,false,false,1.959,15.64
VWAP_ALIGN,2018-12-17,2018,2018-12,LONG,2018-12-17 09:27:00,2018-12-17 09:42:00,2018-12-17 10:03:00,6601.0,6523.0,78.0,6601.0,6581.0,6621.0,WIN,20.0,true,false,true,false,false,1.465,8.75
VWAP_ALIGN,2018-12-18,2018,2018-12,SHORT,2018-12-18 10:24:00,2018-12-18 10:25:00,2018-12-18 10:35:00,6549.5,6507.75,41.75,6507.75,6527.75,6487.75,LOSS,-20.0,false,true,false,true,false,1.769,6.57
VWAP_ALIGN,2018-12-19,2018,2018-12,LONG,2018-12-19 09:16:00,2018-12-19 09:31:00,2018-12-19 10:07:00,6587.0,6493.0,94.0,6587.0,6567.0,6607.0,LOSS,-20.0,true,false,true,false,true,1.801,7.68
VWAP_ALIGN,2018-12-20,2018,2018-12,LONG,2018-12-20 09:00:00,2018-12-20 09:05:00,2018-12-20 09:07:00,6381.25,6319.0,62.25,6381.25,6361.25,6401.25,WIN,20.0,true,false,true,false,false,0.88,16.09
VWAP_ALIGN,2018-12-21,2018,2018-12,SHORT,2018-12-21 09:01:00,2018-12-21 09:04:00,2018-12-21 09:06:00,6312.5,6252.75,59.75,6252.75,6272.75,6232.75,WIN,20.0,false,true,false,true,false,1.529,11.96
VWAP_ALIGN,2018-12-26,2018,2018-12,SHORT,2018-12-26 09:54:00,2018-12-26 10:04:00,2018-12-26 10:16:00,6051.75,5975.5,76.25,5975.5,5995.5,5955.5,LOSS,-20.0,false,true,false,true,false,2.375,11.8
VWAP_ALIGN,2018-12-27,2018,2018-12,SHORT,2018-12-27 09:12:00,2018-12-27 09:13:00,2018-12-27 09:19:00,6228.25,6146.75,81.5,6146.75,6166.75,6126.75,WIN,20.0,false,true,false,true,false,1.012,11.21
VWAP_ALIGN,2018-12-28,2018,2018-12,SHORT,2018-12-28 09:24:00,2018-12-28 09:25:00,2018-12-28 09:28:00,6348.75,6285.0,63.75,6285.0,6305.0,6265.0,WIN,20.0,false,true,false,true,true,2.002,11.55
VWAP_ALIGN,2018-12-31,2018,2018-12,SHORT,2018-12-31 09:14:00,2018-12-31 09:15:00,2018-12-31 09:37:00,6376.75,6329.75,47.0,6329.75,6349.75,6309.75,WIN,20.0,false,true,false,true,false,1.085,8.34
VWAP_ALIGN,2019-01-03,2019,2019-01,SHORT,2019-01-03 09:00:00,2019-01-03 09:01:00,2019-01-03 09:09:00,6304.25,6238.0,66.25,6238.0,6258.0,6218.0,WIN,20.0,false,true,false,true,true,1.726,9.93
VWAP_ALIGN,2019-01-04,2019,2019-01,LONG,2019-01-04 09:00:00,2019-01-04 09:01:00,2019-01-04 09:20:00,6311.25,6241.5,69.75,6311.25,6291.25,6331.25,LOSS,-20.0,true,false,true,false,false,0.828,7.7
VWAP_ALIGN,2019-01-07,2019,2019-01,LONG,2019-01-07 09:30:00,2019-01-07 09:31:00,2019-01-07 09:52:00,6462.0,6422.25,39.75,6462.0,6442.0,6482.0,WIN,20.0,true,false,true,false,true,2.254,8.38
VWAP_ALIGN,2019-01-08,2019,2019-01,SHORT,2019-01-08 09:13:00,2019-01-08 09:14:00,2019-01-08 09:17:00,6586.25,6536.0,50.25,6536.0,6556.0,6516.0,WIN,20.0,false,true,false,true,false,1.579,6.66
VWAP_ALIGN,2019-01-09,2019,2019-01,SHORT,2019-01-09 09:44:00,2019-01-09 09:45:00,2019-01-09 09:53:00,6613.25,6569.0,44.25,6569.0,6589.0,6549.0,LOSS,-20.0,false,true,false,true,false,1.364,7.23
VWAP_ALIGN,2019-01-10,2019,2019-01,LONG,2019-01-10 09:22:00,2019-01-10 09:23:00,2019-01-10 09:50:00,6570.0,6527.5,42.5,6570.0,6550.0,6590.0,WIN,20.0,true,false,true,false,false,2.079,6.8
VWAP_ALIGN,2019-01-11,2019,2019-01,LONG,2019-01-11 09:08:00,2019-01-11 09:09:00,2019-01-11 09:28:00,6600.25,6572.0,28.25,6600.25,6580.25,6620.25,LOSS,-20.0,true,false,true,false,false,0.98,5.86
VWAP_ALIGN,2019-01-14,2019,2019-01,LONG,2019-01-14 09:19:00,2019-01-14 09:20:00,2019-01-14 09:45:00,6553.0,6521.5,31.5,6553.0,6533.0,6573.0,WIN,20.0,true,false,true,false,true,2.424,5.61
VWAP_ALIGN,2019-01-15,2019,2019-01,LONG,2019-01-15 09:00:00,2019-01-15 09:10:00,2019-01-15 10:57:00,6648.0,6576.0,72.0,6648.0,6628.0,6668.0,WIN,20.0,true,false,true,false,true,3.251,6.88
VWAP_ALIGN,2019-01-16,2019,2019-01,SHORT,2019-01-16 09:41:00,2019-01-16 09:44:00,2019-01-16 10:17:00,6737.25,6685.75,51.5,6685.75,6705.75,6665.75,LOSS,-20.0,false,true,false,true,true,1.611,5.41
VWAP_ALIGN,2019-01-17,2019,2019-01,LONG,2019-01-17 10:06:00,2019-01-17 10:09:00,2019-01-17 11:30:00,6693.75,6644.25,49.5,6693.75,6673.75,6713.75,TIME_EXIT,-2.25,true,false,true,false,false,1.472,3.57
VWAP_ALIGN,2019-01-18,2019,2019-01,LONG,2019-01-18 09:43:00,2019-01-18 09:45:00,2019-01-18 10:03:00,6786.25,6739.5,46.75,6786.25,6766.25,6806.25,WIN,20.0,true,false,true,false,true,2.677,5.75
VWAP_ALIGN,2019-01-22,2019,2019-01,SHORT,2019-01-22 09:06:00,2019-01-22 09:07:00,2019-01-22 10:43:00,6748.75,6715.0,33.75,6715.0,6735.0,6695.0,WIN,20.0,false,true,false,true,false,1.785,6.39
VWAP_ALIGN,2019-01-23,2019,2019-01,SHORT,2019-01-23 09:22:00,2019-01-23 09:23:00,2019-01-23 09:45:00,6723.0,6689.75,33.25,6689.75,6709.75,6669.75,WIN,20.0,false,true,false,true,false,1.209,5.7
VWAP_ALIGN,2019-01-24,2019,2019-01,LONG,2019-01-24 09:15:00,2019-01-24 09:16:00,2019-01-24 09:48:00,6710.25,6672.75,37.5,6710.25,6690.25,6730.25,LOSS,-20.0,true,false,true,false,false,2.305,5.82
VWAP_ALIGN,2019-01-25,2019,2019-01,LONG,2019-01-25 09:00:00,2019-01-25 09:01:00,2019-01-25 09:45:00,6769.75,6739.0,30.75,6769.75,6749.75,6789.75,WIN,20.0,true,false,true,false,false,1.14,5.7
VWAP_ALIGN,2019-01-29,2019,2019-01,SHORT,2019-01-29 09:10:00,2019-01-29 09:12:00,2019-01-29 09:47:00,6709.75,6677.25,32.5,6677.25,6697.25,6657.25,WIN,20.0,false,true,false,true,false,1.711,5.86
VWAP_ALIGN,2019-01-30,2019,2019-01,SHORT,2019-01-30 09:04:00,2019-01-30 09:06:00,2019-01-30 10:19:00,6736.75,6706.75,30.0,6706.75,6726.75,6686.75,LOSS,-20.0,false,true,false,true,false,1.304,5.64
VWAP_ALIGN,2019-01-31,2019,2019-01,LONG,2019-01-31 09:03:00,2019-01-31 09:04:00,2019-01-31 09:25:00,6879.5,6840.25,39.25,6879.5,6859.5,6899.5,WIN,20.0,true,false,true,false,false,1.451,5.2
VWAP_ALIGN,2019-02-01,2019,2019-02,LONG,2019-02-01 09:05:00,2019-02-01 09:10:00,2019-02-01 09:59:00,6913.5,6871.25,42.25,6913.5,6893.5,6933.5,LOSS,-20.0,true,false,true,false,false,1.207,9.27
VWAP_ALIGN,2019-02-04,2019,2019-02,LONG,2019-02-04 09:11:00,2019-02-04 09:12:00,2019-02-04 09:36:00,6910.75,6873.5,37.25,6910.75,6890.75,6930.75,WIN,20.0,true,false,true,false,false,1.814,5.84
VWAP_ALIGN,2019-02-05,2019,2019-02,LONG,2019-02-05 09:20:00,2019-02-05 09:31:00,2019-02-05 11:30:00,7014.25,6969.5,44.75,7014.25,6994.25,7034.25,TIME_EXIT,-11.75,true,false,true,false,false,1.682,4.55
VWAP_ALIGN,2019-02-06,2019,2019-02,SHORT,2019-02-06 09:00:00,2019-02-06 09:01:00,2019-02-06 09:11:00,7038.75,7011.0,27.75,7011.0,7031.0,6991.0,WIN,20.0,false,true,false,true,true,1.754,5.07
VWAP_ALIGN,2019-02-07,2019,2019-02,LONG,2019-02-07 09:23:00,2019-02-07 09:24:00,2019-02-07 09:51:00,6943.0,6912.5,30.5,6943.0,6923.0,6963.0,LOSS,-20.0,true,false,true,false,true,1.756,4.98
VWAP_ALIGN,2019-02-08,2019,2019-02,SHORT,2019-02-08 09:00:00,2019-02-08 09:18:00,2019-02-08 09:31:00,6877.0,6846.25,30.75,6846.25,6866.25,6826.25,LOSS,-20.0,false,true,false,true,false,1.738,6.54
VWAP_ALIGN,2019-02-11,2019,2019-02,SHORT,2019-02-11 10:08:00,2019-02-11 10:15:00,2019-02-11 11:30:00,6964.5,6921.75,42.75,6921.75,6941.75,6901.75,TIME_EXIT,-10.75,false,true,false,true,true,3.643,5.52
VWAP_ALIGN,2019-02-12,2019,2019-02,LONG,2019-02-12 09:01:00,2019-02-12 09:02:00,2019-02-12 09:58:00,6988.5,6954.0,34.5,6988.5,6968.5,7008.5,WIN,20.0,true,false,true,false,true,1.847,4.05
VWAP_ALIGN,2019-02-13,2019,2019-02,SHORT,2019-02-13 09:10:00,2019-02-13 09:12:00,2019-02-13 10:31:00,7069.75,7041.75,28.0,7041.75,7061.75,7021.75,WIN,20.0,false,true,false,true,false,1.44,5.73
VWAP_ALIGN,2019-02-14,2019,2019-02,LONG,2019-02-14 09:02:00,2019-02-14 09:03:00,2019-02-14 09:39:00,7011.0,6972.0,39.0,7011.0,6991.0,7031.0,LOSS,-20.0,true,false,true,false,false,0.859,7.8
VWAP_ALIGN,2019-02-15,2019,2019-02,SHORT,2019-02-15 10:13:00,2019-02-15 10:18:00,2019-02-15 11:30:00,7084.25,7037.75,46.5,7037.75,7057.75,7017.75,TIME_EXIT,-10.0,false,true,false,true,false,1.714,4.66
VWAP_ALIGN,2019-02-19,2019,2019-02,LONG,2019-02-19 09:02:00,2019-02-19 09:06:00,2019-02-19 11:06:00,7070.75,7035.75,35.0,7070.75,7050.75,7090.75,TIME_EXIT,14.25,true,false,true,false,false,1.306,4.39
VWAP_ALIGN,2019-02-20,2019,2019-02,LONG,2019-02-20 09:28:00,2019-02-20 09:29:00,2019-02-20 11:05:00,7096.75,7075.0,21.75,7096.75,7076.75,7116.75,LOSS,-20.0,true,false,true,false,false,1.948,3.12
VWAP_ALIGN,2019-02-21,2019,2019-02,SHORT,2019-02-21 09:01:00,2019-02-21 09:12:00,2019-02-21 10:04:00,7066.25,7013.0,53.25,7013.0,7033.0,6993.0,LOSS,-20.0,false,true,false,true,false,1.162,6.5
VWAP_ALIGN,2019-02-22,2019,2019-02,LONG,2019-02-22 09:00:00,2019-02-22 09:01:00,2019-02-22 10:19:00,7077.25,7054.25,23.0,7077.25,7057.25,7097.25,WIN,20.0,true,false,true,false,false,1.023,4.14
VWAP_ALIGN,2019-02-25,2019,2019-02,LONG,2019-02-25 10:07:00,2019-02-25 10:08:00,2019-02-25 11:08:00,7167.75,7146.5,21.25,7167.75,7147.75,7187.75,LOSS,-20.0,true,false,true,false,false,2.108,2.86
VWAP_ALIGN,2019-02-26,2019,2019-02,LONG,2019-02-26 09:00:00,2019-02-26 09:01:00,2019-02-26 10:31:00,7119.5,7091.0,28.5,7119.5,7099.5,7139.5,WIN,20.0,true,false,true,false,true,1.727,4.5
VWAP_ALIGN,2019-02-27,2019,2019-02,SHORT,2019-02-27 09:02:00,2019-02-27 09:05:00,2019-02-27 09:12:00,7119.0,7086.0,33.0,7086.0,7106.0,7066.0,WIN,20.0,false,true,false,true,true,2.425,5.55
VWAP_ALIGN,2019-02-28,2019,2019-02,SHORT,2019-02-28 09:06:00,2019-02-28 09:07:00,2019-02-28 10:26:00,7122.0,7093.75,28.25,7093.75,7113.75,7073.75,LOSS,-20.0,false,true,false,true,true,2.414,5.0
VWAP_ALIGN,2019-03-05,2019,2019-03,LONG,2019-03-05 09:52:00,2019-03-05 10:09:00,2019-03-05 11:30:00,7162.5,7124.25,38.25,7162.5,7142.5,7182.5,TIME_EXIT,-0.5,true,false,true,false,false,1.95,4.73
VWAP_ALIGN,2019-03-06,2019,2019-03,SHORT,2019-03-06 09:21:00,2019-03-06 09:22:00,2019-03-06 09:33:00,7168.0,7142.0,26.0,7142.0,7162.0,7122.0,WIN,20.0,false,true,false,true,true,2.412,5.07
VWAP_ALIGN,2019-03-07,2019,2019-03,SHORT,2019-03-07 09:02:00,2019-03-07 09:17:00,2019-03-07 10:30:00,7101.75,7037.5,64.25,7037.5,7057.5,7017.5,LOSS,-20.0,false,true,false,true,false,1.165,8.25
VWAP_ALIGN,2019-03-08,2019,2019-03,LONG,2019-03-08 09:30:00,2019-03-08 09:43:00,2019-03-08 09:52:00,7004.75,6970.75,34.0,7004.75,6984.75,7024.75,LOSS,-20.0,true,false,true,false,false,0.97,5.96
VWAP_ALIGN,2019-03-11,2019,2019-03,LONG,2019-03-11 09:00:00,2019-03-11 09:01:00,2019-03-11 09:37:00,7148.5,7128.0,20.5,7148.5,7128.5,7168.5,WIN,20.0,true,false,true,false,false,3.027,2.09
VWAP_ALIGN,2019-03-12,2019,2019-03,LONG,2019-03-12 09:53:00,2019-03-12 09:54:00,2019-03-12 11:30:00,7241.0,7217.0,24.0,7241.0,7221.0,7261.0,TIME_EXIT,-1.25,true,false,true,false,false,2.208,3.23
VWAP_ALIGN,2019-03-13,2019,2019-03,LONG,2019-03-13 09:00:00,2019-03-13 09:01:00,2019-03-13 09:30:00,7292.25,7266.75,25.5,7292.25,7272.25,7312.25,WIN,20.0,true,false,true,false,false,0.993,3.27
VWAP_ALIGN,2019-03-14,2019,2019-03,LONG,2019-03-14 09:52:00,2019-03-14 10:00:00,2019-03-14 11:30:00,7290.75,7270.5,20.25,7290.75,7270.75,7310.75,TIME_EXIT,-3.5,true,false,true,false,false,0.916,2.77
VWAP_ALIGN,2019-03-18,2019,2019-03,SHORT,2019-03-18 09:18:00,2019-03-18 09:19:00,2019-03-18 09:26:00,7379.5,7358.0,21.5,7358.0,7378.0,7338.0,WIN,20.0,false,true,false,true,false,2.105,2.7
VWAP_ALIGN,2019-03-22,2019,2019-03,SHORT,2019-03-22 09:00:00,2019-03-22 09:09:00,2019-03-22 09:41:00,7478.5,7437.0,41.5,7437.0,7457.0,7417.0,WIN,20.0,false,true,false,true,false,1.408,6.71
VWAP_ALIGN,2019-03-25,2019,2019-03,LONG,2019-03-25 09:15:00,2019-03-25 09:16:00,2019-03-25 10:02:00,7350.75,7308.25,42.5,7350.75,7330.75,7370.75,LOSS,-20.0,true,false,true,false,false,1.238,6.41
VWAP_ALIGN,2019-03-26,2019,2019-03,SHORT,2019-03-26 09:47:00,2019-03-26 09:48:00,2019-03-26 10:40:00,7433.5,7401.75,31.75,7401.75,7421.75,7381.75,WIN,20.0,false,true,false,true,true,2.825,4.25
VWAP_ALIGN,2019-03-27,2019,2019-03,SHORT,2019-03-27 09:12:00,2019-03-27 09:13:00,2019-03-27 09:16:00,7394.75,7343.75,51.0,7343.75,7363.75,7323.75,WIN,20.0,false,true,false,true,false,1.584,5.29
VWAP_ALIGN,2019-03-28,2019,2019-03,SHORT,2019-03-28 09:00:00,2019-03-28 09:01:00,2019-03-28 09:06:00,7371.5,7339.25,32.25,7339.25,7359.25,7319.25,WIN,20.0,false,true,false,true,false,1.378,5.36
VWAP_ALIGN,2019-03-29,2019,2019-03,LONG,2019-03-29 09:31:00,2019-03-29 09:37:00,2019-03-29 10:14:00,7393.5,7356.0,37.5,7393.5,7373.5,7413.5,LOSS,-20.0,true,false,true,false,false,2.357,3.71
VWAP_ALIGN,2019-04-04,2019,2019-04,SHORT,2019-04-04 10:18:00,2019-04-04 10:19:00,2019-04-04 11:30:00,7574.25,7537.75,36.5,7537.75,7557.75,7517.75,TIME_EXIT,-12.0,false,true,false,true,true,2.893,4.11
VWAP_ALIGN,2019-04-10,2019,2019-04,LONG,2019-04-10 09:06:00,2019-04-10 09:12:00,2019-04-10 11:12:00,7627.5,7601.5,26.0,7627.5,7607.5,7647.5,TIME_EXIT,-14.5,true,false,true,false,false,1.747,3.07
VWAP_ALIGN,2019-04-12,2019,2019-04,SHORT,2019-04-12 09:02:00,2019-04-12 09:07:00,2019-04-12 11:07:00,7652.25,7629.5,22.75,7629.5,7649.5,7609.5,TIME_EXIT,-14.25,false,true,false,true,false,1.488,2.86
VWAP_ALIGN,2019-04-17,2019,2019-04,SHORT,2019-04-17 09:00:00,2019-04-17 09:27:00,2019-04-17 11:27:00,7717.75,7695.75,22.0,7695.75,7715.75,7675.75,TIME_EXIT,-3.0,false,true,false,true,false,0.837,3.77
VWAP_ALIGN,2019-04-18,2019,2019-04,LONG,2019-04-18 09:00:00,2019-04-18 09:09:00,2019-04-18 11:09:00,7691.25,7665.0,26.25,7691.25,7671.25,7711.25,TIME_EXIT,8.75,true,false,true,false,false,1.049,3.16
VWAP_ALIGN,2019-04-25,2019,2019-04,LONG,2019-04-25 09:44:00,2019-04-25 10:14:00,2019-04-25 11:30:00,7835.75,7803.25,32.5,7835.75,7815.75,7855.75,TIME_EXIT,4.25,true,false,true,false,false,0.379,3.0
VWAP_ALIGN,2019-05-02,2019,2019-05,SHORT,2019-05-02 09:02:00,2019-05-02 09:03:00,2019-05-02 09:22:00,7795.5,7764.75,30.75,7764.75,7784.75,7744.75,WIN,20.0,false,true,false,true,true,1.148,4.8
VWAP_ALIGN,2019-05-03,2019,2019-05,LONG,2019-05-03 09:01:00,2019-05-03 09:02:00,2019-05-03 11:02:00,7834.5,7811.25,23.25,7834.5,7814.5,7854.5,TIME_EXIT,7.75,true,false,true,false,false,1.57,3.11
VWAP_ALIGN,2019-05-06,2019,2019-05,LONG,2019-05-06 09:00:00,2019-05-06 09:21:00,2019-05-06 10:06:00,7778.75,7747.75,31.0,7778.75,7758.75,7798.75,LOSS,-20.0,true,false,true,false,false,1.232,6.07
VWAP_ALIGN,2019-05-07,2019,2019-05,SHORT,2019-05-07 09:02:00,2019-05-07 09:03:00,2019-05-07 09:13:00,7711.0,7653.75,57.25,7653.75,7673.75,7633.75,LOSS,-20.0,false,true,false,true,false,0.705,7.41
VWAP_ALIGN,2019-05-08,2019,2019-05,LONG,2019-05-08 09:00:00,2019-05-08 09:05:00,2019-05-08 09:33:00,7674.75,7617.25,57.5,7674.75,7654.75,7694.75,LOSS,-20.0,true,false,true,false,true,3.212,9.34
VWAP_ALIGN,2019-05-09,2019,2019-05,LONG,2019-05-09 09:55:00,2019-05-09 10:01:00,2019-05-09 10:25:00,7517.75,7484.25,33.5,7517.75,7497.75,7537.75,WIN,20.0,true,false,true,false,false,1.016,6.59
VWAP_ALIGN,2019-05-10,2019,2019-05,SHORT,2019-05-10 09:34:00,2019-05-10 09:43:00,2019-05-10 09:54:00,7510.0,7444.25,65.75,7444.25,7464.25,7424.25,LOSS,-20.0,false,true,false,true,false,1.15,8.71
VWAP_ALIGN,2019-05-13,2019,2019-05,SHORT,2019-05-13 09:16:00,2019-05-13 09:27:00,2019-05-13 09:50:00,7397.0,7354.25,42.75,7354.25,7374.25,7334.25,WIN,20.0,false,true,false,true,true,2.183,7.62
VWAP_ALIGN,2019-05-14,2019,2019-05,LONG,2019-05-14 09:12:00,2019-05-14 09:13:00,2019-05-14 09:25:00,7414.75,7393.0,21.75,7414.75,7394.75,7434.75,WIN,20.0,true,false,true,false,false,0.941,6.52
VWAP_ALIGN,2019-05-15,2019,2019-05,LONG,2019-05-15 10:27:00,2019-05-15 10:57:00,2019-05-15 11:26:00,7489.25,7462.5,26.75,7489.25,7469.25,7509.25,WIN,20.0,true,false,false,true,false,0.903,3.84
VWAP_ALIGN,2019-05-17,2019,2019-05,LONG,2019-05-17 09:01:00,2019-05-17 09:02:00,2019-05-17 09:31:00,7612.75,7556.75,56.0,7612.75,7592.75,7632.75,LOSS,-20.0,true,false,true,false,false,0.936,6.95
VWAP_ALIGN,2019-05-20,2019,2019-05,SHORT,2019-05-20 09:08:00,2019-05-20 09:09:00,2019-05-20 10:08:00,7437.75,7406.0,31.75,7406.0,7426.0,7386.0,LOSS,-20.0,false,true,false,true,false,1.168,7.3
VWAP_ALIGN,2019-05-22,2019,2019-05,SHORT,2019-05-22 09:00:00,2019-05-22 09:01:00,2019-05-22 09:29:00,7455.75,7427.5,28.25,7427.5,7447.5,7407.5,LOSS,-20.0,false,true,false,true,true,1.405,5.66
VWAP_ALIGN,2019-05-23,2019,2019-05,SHORT,2019-05-23 09:02:00,2019-05-23 09:04:00,2019-05-23 09:56:00,7344.75,7320.25,24.5,7320.25,7340.25,7300.25,WIN,20.0,false,true,false,true,false,1.796,6.75
VWAP_ALIGN,2019-05-24,2019,2019-05,SHORT,2019-05-24 09:10:00,2019-05-24 09:11:00,2019-05-24 09:39:00,7347.0,7315.5,31.5,7315.5,7335.5,7295.5,LOSS,-20.0,false,true,false,true,true,1.714,5.82
VWAP_ALIGN,2019-05-29,2019,2019-05,SHORT,2019-05-29 09:00:00,2019-05-29 09:11:00,2019-05-29 09:29:00,7262.25,7225.5,36.75,7225.5,7245.5,7205.5,WIN,20.0,false,true,false,true,false,1.31,5.32
VWAP_ALIGN,2019-05-30,2019,2019-05,SHORT,2019-05-30 09:01:00,2019-05-30 09:02:00,2019-05-30 10:50:00,7271.25,7240.5,30.75,7240.5,7260.5,7220.5,LOSS,-20.0,false,true,false,true,true,2.058,4.64
VWAP_ALIGN,2019-05-31,2019,2019-05,LONG,2019-05-31 09:03:00,2019-05-31 09:15:00,2019-05-31 10:22:00,7181.5,7153.0,28.5,7181.5,7161.5,7201.5,LOSS,-20.0,true,false,true,false,false,1.534,5.27
VWAP_ALIGN,2019-06-03,2019,2019-06,LONG,2019-06-03 09:00:00,2019-06-03 09:01:00,2019-06-03 09:42:00,7091.5,7071.5,20.0,7091.5,7071.5,7111.5,LOSS,-20.0,true,false,true,false,false,1.066,5.46
VWAP_ALIGN,2019-06-04,2019,2019-06,LONG,2019-06-04 09:00:00,2019-06-04 09:01:00,2019-06-04 09:10:00,7092.0,7069.5,22.5,7092.0,7072.0,7112.0,WIN,20.0,true,false,true,false,false,1.379,6.46
VWAP_ALIGN,2019-06-05,2019,2019-06,LONG,2019-06-05 09:45:00,2019-06-05 10:15:00,2019-06-05 10:29:00,7183.0,7150.25,32.75,7183.0,7163.0,7203.0,WIN,20.0,true,false,true,false,false,0.64,4.66
VWAP_ALIGN,2019-06-06,2019,2019-06,LONG,2019-06-06 09:08:00,2019-06-06 09:09:00,2019-06-06 11:09:00,7238.25,7204.0,34.25,7238.25,7218.25,7258.25,TIME_EXIT,-2.5,true,false,true,false,true,1.455,5.52
VWAP_ALIGN,2019-06-07,2019,2019-06,LONG,2019-06-07 09:01:00,2019-06-07 09:02:00,2019-06-07 09:12:00,7446.0,7396.5,49.5,7446.0,7426.0,7466.0,LOSS,-20.0,true,false,true,false,true,1.651,6.2
VWAP_ALIGN,2019-06-10,2019,2019-06,LONG,2019-06-10 09:10:00,2019-06-10 09:11:00,2019-06-10 09:43:00,7553.5,7526.0,27.5,7553.5,7533.5,7573.5,WIN,20.0,true,false,true,false,false,2.731,4.21
VWAP_ALIGN,2019-06-11,2019,2019-06,SHORT,2019-06-11 09:27:00,2019-06-11 09:28:00,2019-06-11 09:39:00,7579.25,7532.75,46.5,7532.75,7552.75,7512.75,WIN,20.0,false,true,false,true,false,1.783,5.04
VWAP_ALIGN,2019-06-13,2019,2019-06,SHORT,2019-06-13 09:06:00,2019-06-13 09:07:00,2019-06-13 11:07:00,7528.75,7504.0,24.75,7504.0,7524.0,7484.0,TIME_EXIT,-11.0,false,true,false,true,false,3.357,5.21
VWAP_ALIGN,2019-06-14,2019,2019-06,SHORT,2019-06-14 09:10:00,2019-06-14 09:20:00,2019-06-14 09:21:00,7521.0,7474.25,46.75,7474.25,7494.25,7454.25,LOSS,-20.0,false,true,false,true,false,1.437,12.61
VWAP_ALIGN,2019-06-21,2019,2019-06,LONG,2019-06-21 09:01:00,2019-06-21 09:02:00,2019-06-21 09:50:00,7786.5,7760.25,26.25,7786.5,7766.5,7806.5,LOSS,-20.0,true,false,true,false,true,2.647,4.29
VWAP_ALIGN,2019-06-26,2019,2019-06,SHORT,2019-06-26 09:14:00,2019-06-26 09:16:00,2019-06-26 11:16:00,7699.75,7679.5,20.25,7679.5,7699.5,7659.5,TIME_EXIT,2.0,false,true,false,true,true,3.154,4.0
VWAP_ALIGN,2019-07-01,2019,2019-07,SHORT,2019-07-01 10:22:00,2019-07-01 10:23:00,2019-07-01 10:55:00,7814.75,7793.75,21.0,7793.75,7813.75,7773.75,WIN,20.0,false,true,false,true,true,3.516,3.2
VWAP_ALIGN,2019-07-10,2019,2019-07,SHORT,2019-07-10 09:09:00,2019-07-10 09:10:00,2019-07-10 09:54:00,7930.0,7898.0,32.0,7898.0,7918.0,7878.0,LOSS,-20.0,false,true,false,true,false,1.834,5.09
VWAP_ALIGN,2019-07-18,2019,2019-07,SHORT,2019-07-18 09:06:00,2019-07-18 09:07:00,2019-07-18 09:24:00,7900.0,7875.0,25.0,7875.0,7895.0,7855.0,WIN,20.0,false,true,false,true,false,1.33,3.07
VWAP_ALIGN,2019-07-19,2019,2019-07,SHORT,2019-07-19 09:39:00,2019-07-19 09:40:00,2019-07-19 10:51:00,7942.25,7917.25,25.0,7917.25,7937.25,7897.25,LOSS,-20.0,false,true,false,true,true,2.807,3.88
VWAP_ALIGN,2019-07-22,2019,2019-07,LONG,2019-07-22 10:39:00,2019-07-22 10:44:00,2019-07-22 11:30:00,7911.75,7889.0,22.75,7911.75,7891.75,7931.75,TIME_EXIT,-2.75,true,false,true,false,true,1.381,2.66
VWAP_ALIGN,2019-07-23,2019,2019-07,SHORT,2019-07-23 09:37:00,2019-07-23 09:47:00,2019-07-23 11:30:00,7945.25,7921.75,23.5,7921.75,7941.75,7901.75,TIME_EXIT,-10.5,false,true,false,true,false,1.19,3.39
VWAP_ALIGN,2019-07-25,2019,2019-07,SHORT,2019-07-25 09:50:00,2019-07-25 09:52:00,2019-07-25 10:40:00,7985.5,7956.5,29.0,7956.5,7976.5,7936.5,WIN,20.0,false,true,false,true,false,1.289,4.16
VWAP_ALIGN,2019-08-01,2019,2019-08,LONG,2019-08-01 09:01:00,2019-08-01 09:02:00,2019-08-01 11:02:00,7997.25,7962.75,34.5,7997.25,7977.25,8017.25,TIME_EXIT,-1.75,true,false,true,false,false,0.71,4.89
VWAP_ALIGN,2019-08-05,2019,2019-08,SHORT,2019-08-05 10:00:00,2019-08-05 10:01:00,2019-08-05 10:47:00,7500.25,7462.5,37.75,7462.5,7482.5,7442.5,WIN,20.0,false,true,false,true,false,3.047,7.43
VWAP_ALIGN,2019-08-06,2019,2019-08,SHORT,2019-08-06 09:33:00,2019-08-06 09:50:00,2019-08-06 09:54:00,7515.75,7477.0,38.75,7477.0,7497.0,7457.0,WIN,20.0,false,true,false,true,true,1.692,6.64
VWAP_ALIGN,2019-08-07,2019,2019-08,SHORT,2019-08-07 10:04:00,2019-08-07 10:06:00,2019-08-07 10:42:00,7533.25,7467.0,66.25,7467.0,7487.0,7447.0,LOSS,-20.0,false,true,false,true,false,0.936,8.3
VWAP_ALIGN,2019-08-08,2019,2019-08,LONG,2019-08-08 09:22:00,2019-08-08 09:23:00,2019-08-08 10:01:00,7669.25,7637.75,31.5,7669.25,7649.25,7689.25,WIN,20.0,true,false,true,false,false,2.204,3.88
VWAP_ALIGN,2019-08-09,2019,2019-08,SHORT,2019-08-09 09:25:00,2019-08-09 09:26:00,2019-08-09 09:40:00,7664.0,7624.25,39.75,7624.25,7644.25,7604.25,WIN,20.0,false,true,false,true,false,2.365,5.77
VWAP_ALIGN,2019-08-12,2019,2019-08,SHORT,2019-08-12 09:05:00,2019-08-12 09:10:00,2019-08-12 09:13:00,7631.5,7598.0,33.5,7598.0,7618.0,7578.0,WIN,20.0,false,true,false,true,false,1.143,4.93
VWAP_ALIGN,2019-08-14,2019,2019-08,SHORT,2019-08-14 09:00:00,2019-08-14 09:04:00,2019-08-14 09:14:00,7605.0,7562.5,42.5,7562.5,7582.5,7542.5,WIN,20.0,false,true,false,true,false,1.867,7.05
VWAP_ALIGN,2019-08-15,2019,2019-08,SHORT,2019-08-15 09:04:00,2019-08-15 09:05:00,2019-08-15 09:09:00,7515.5,7485.25,30.25,7485.25,7505.25,7465.25,WIN,20.0,false,true,false,true,false,1.703,6.88
VWAP_ALIGN,2019-08-16,2019,2019-08,LONG,2019-08-16 09:00:00,2019-08-16 09:01:00,2019-08-16 09:18:00,7628.75,7580.75,48.0,7628.75,7608.75,7648.75,LOSS,-20.0,true,false,true,false,false,1.614,4.73
VWAP_ALIGN,2019-08-19,2019,2019-08,LONG,2019-08-19 09:02:00,2019-08-19 09:04:00,2019-08-19 11:04:00,7730.25,7707.75,22.5,7730.25,7710.25,7750.25,TIME_EXIT,13.0,true,false,true,false,false,1.089,4.07
VWAP_ALIGN,2019-08-20,2019,2019-08,LONG,2019-08-20 09:00:00,2019-08-20 09:02:00,2019-08-20 11:02:00,7727.5,7695.75,31.75,7727.5,7707.5,7747.5,TIME_EXIT,-7.0,true,false,true,false,false,2.155,4.57
VWAP_ALIGN,2019-08-26,2019,2019-08,LONG,2019-08-26 09:12:00,2019-08-26 09:18:00,2019-08-26 10:24:00,7553.0,7515.5,37.5,7553.0,7533.0,7573.0,WIN,20.0,true,false,true,false,true,2.542,7.02
VWAP_ALIGN,2019-08-27,2019,2019-08,SHORT,2019-08-27 09:00:00,2019-08-27 09:07:00,2019-08-27 09:16:00,7626.25,7603.5,22.75,7603.5,7623.5,7583.5,WIN,20.0,false,true,false,true,false,1.101,4.68
VWAP_ALIGN,2019-08-28,2019,2019-08,LONG,2019-08-28 09:23:00,2019-08-28 09:27:00,2019-08-28 11:27:00,7582.5,7549.0,33.5,7582.5,7562.5,7602.5,TIME_EXIT,-4.75,true,false,true,false,true,4.322,5.75
VWAP_ALIGN,2019-08-29,2019,2019-08,LONG,2019-08-29 09:24:00,2019-08-29 09:30:00,2019-08-29 11:30:00,7709.75,7655.25,54.5,7709.75,7689.75,7729.75,TIME_EXIT,3.25,true,false,true,false,true,2.43,3.79
VWAP_ALIGN,2019-09-03,2019,2019-09,SHORT,2019-09-03 11:08:00,2019-09-03 11:21:00,2019-09-03 11:30:00,7649.0,7609.25,39.75,7609.25,7629.25,7589.25,TIME_EXIT,1.25,false,true,false,true,false,3.083,4.48
VWAP_ALIGN,2019-09-06,2019,2019-09,SHORT,2019-09-06 10:43:00,2019-09-06 10:45:00,2019-09-06 11:30:00,7876.75,7856.0,20.75,7856.0,7876.0,7836.0,TIME_EXIT,-19.0,false,true,false,true,false,2.998,2.59
VWAP_ALIGN,2019-09-09,2019,2019-09,SHORT,2019-09-09 10:07:00,2019-09-09 10:08:00,2019-09-09 10:16:00,7875.5,7855.5,20.0,7855.5,7875.5,7835.5,WIN,20.0,false,true,false,true,true,1.591,2.43
VWAP_ALIGN,2019-09-10,2019,2019-09,SHORT,2019-09-10 09:24:00,2019-09-10 09:25:00,2019-09-10 09:48:00,7787.25,7759.25,28.0,7759.25,7779.25,7739.25,LOSS,-20.0,false,true,false,true,false,2.838,3.52
VWAP_ALIGN,2019-09-13,2019,2019-09,LONG,2019-09-13 09:06:00,2019-09-13 09:07:00,2019-09-13 09:37:00,7942.75,7901.5,41.25,7942.75,7922.75,7962.75,LOSS,-20.0,true,false,true,false,true,1.885,6.86
VWAP_ALIGN,2019-09-16,2019,2019-09,LONG,2019-09-16 09:09:00,2019-09-16 09:10:00,2019-09-16 09:50:00,7882.25,7861.25,21.0,7882.25,7862.25,7902.25,LOSS,-20.0,true,false,true,false,false,1.579,4.59
VWAP_ALIGN,2019-09-20,2019,2019-09,SHORT,2019-09-20 09:02:00,2019-09-20 09:17:00,2019-09-20 09:39:00,7932.25,7911.25,21.0,7911.25,7931.25,7891.25,WIN,20.0,false,true,false,true,false,1.098,2.93
VWAP_ALIGN,2019-09-23,2019,2019-09,LONG,2019-09-23 09:30:00,2019-09-23 09:31:00,2019-09-23 11:30:00,7842.75,7813.0,29.75,7842.75,7822.75,7862.75,TIME_EXIT,9.75,true,false,true,false,false,2.386,4.2
VWAP_ALIGN,2019-09-24,2019,2019-09,SHORT,2019-09-24 09:01:00,2019-09-24 09:03:00,2019-09-24 09:35:00,7865.25,7834.0,31.25,7834.0,7854.0,7814.0,WIN,20.0,false,true,false,true,false,1.587,4.36
VWAP_ALIGN,2019-09-25,2019,2019-09,LONG,2019-09-25 09:01:00,2019-09-25 09:03:00,2019-09-25 10:09:00,7749.75,7707.25,42.5,7749.75,7729.75,7769.75,WIN,20.0,true,false,true,false,false,1.229,8.05
VWAP_ALIGN,2019-09-26,2019,2019-09,SHORT,2019-09-26 09:00:00,2019-09-26 09:01:00,2019-09-26 09:19:00,7797.0,7763.75,33.25,7763.75,7783.75,7743.75,WIN,20.0,false,true,false,true,true,1.756,7.62
VWAP_ALIGN,2019-09-27,2019,2019-09,LONG,2019-09-27 09:01:00,2019-09-27 09:14:00,2019-09-27 09:36:00,7788.0,7754.25,33.75,7788.0,7768.0,7808.0,LOSS,-20.0,true,false,true,false,false,1.0,4.11
VWAP_ALIGN,2019-10-01,2019,2019-10,SHORT,2019-10-01 09:00:00,2019-10-01 09:03:00,2019-10-01 10:01:00,7783.25,7744.25,39.0,7744.25,7764.25,7724.25,WIN,20.0,false,true,false,true,false,2.333,6.71
VWAP_ALIGN,2019-10-02,2019,2019-10,SHORT,2019-10-02 09:31:00,2019-10-02 09:32:00,2019-10-02 10:39:00,7599.5,7558.25,41.25,7558.25,7578.25,7538.25,WIN,20.0,false,true,false,true,false,2.881,7.57
VWAP_ALIGN,2019-10-03,2019,2019-10,LONG,2019-10-03 09:00:00,2019-10-03 09:01:00,2019-10-03 09:03:00,7557.75,7517.75,40.0,7557.75,7537.75,7577.75,WIN,20.0,true,false,true,false,false,1.387,9.12
VWAP_ALIGN,2019-10-04,2019,2019-10,LONG,2019-10-04 09:00:00,2019-10-04 09:05:00,2019-10-04 09:37:00,7715.5,7688.75,26.75,7715.5,7695.5,7735.5,WIN,20.0,true,false,true,false,false,3.104,6.27
VWAP_ALIGN,2019-10-07,2019,2019-10,LONG,2019-10-07 09:00:00,2019-10-07 09:05:00,2019-10-07 11:05:00,7773.0,7750.0,23.0,7773.0,7753.0,7793.0,TIME_EXIT,-4.5,true,false,true,false,true,1.894,4.32
VWAP_ALIGN,2019-10-08,2019,2019-10,LONG,2019-10-08 10:45:00,2019-10-08 11:05:00,2019-10-08 11:30:00,7667.5,7632.75,34.75,7667.5,7647.5,7687.5,WIN,20.0,true,false,true,false,true,7.071,4.5
VWAP_ALIGN,2019-10-10,2019,2019-10,LONG,2019-10-10 09:00:00,2019-10-10 09:05:00,2019-10-10 10:22:00,7775.0,7748.25,26.75,7775.0,7755.0,7795.0,LOSS,-20.0,true,false,true,false,false,1.43,4.93
VWAP_ALIGN,2019-10-14,2019,2019-10,SHORT,2019-10-14 10:54:00,2019-10-14 10:56:00,2019-10-14 11:30:00,7877.5,7853.25,24.25,7853.25,7873.25,7833.25,TIME_EXIT,-1.25,false,true,false,true,false,1.187,2.32
VWAP_ALIGN,2019-10-15,2019,2019-10,LONG,2019-10-15 09:00:00,2019-10-15 09:01:00,2019-10-15 09:36:00,7954.0,7920.5,33.5,7954.0,7934.0,7974.0,LOSS,-20.0,true,false,true,false,false,1.692,2.88
VWAP_ALIGN,2019-10-17,2019,2019-10,SHORT,2019-10-17 09:00:00,2019-10-17 09:01:00,2019-10-17 11:01:00,7967.0,7938.0,29.0,7938.0,7958.0,7918.0,TIME_EXIT,-10.75,false,true,false,true,false,3.437,5.39
VWAP_ALIGN,2019-10-18,2019,2019-10,SHORT,2019-10-18 09:43:00,2019-10-18 09:44:00,2019-10-18 09:53:00,7927.25,7897.25,30.0,7897.25,7917.25,7877.25,WIN,20.0,false,true,false,true,false,2.756,4.96
VWAP_ALIGN,2019-10-23,2019,2019-10,LONG,2019-10-23 09:16:00,2019-10-23 09:17:00,2019-10-23 10:10:00,7892.5,7853.75,38.75,7892.5,7872.5,7912.5,LOSS,-20.0,true,false,true,false,true,3.572,3.2
VWAP_ALIGN,2019-10-24,2019,2019-10,LONG,2019-10-24 09:00:00,2019-10-24 09:01:00,2019-10-24 09:29:00,7943.5,7921.5,22.0,7943.5,7923.5,7963.5,WIN,20.0,true,false,true,false,false,1.588,3.57
VWAP_ALIGN,2019-10-25,2019,2019-10,LONG,2019-10-25 09:00:00,2019-10-25 09:08:00,2019-10-25 09:20:00,8008.5,7986.25,22.25,8008.5,7988.5,8028.5,WIN,20.0,true,false,true,false,false,1.133,3.95
VWAP_ALIGN,2019-10-29,2019,2019-10,SHORT,2019-10-29 09:19:00,2019-10-29 09:21:00,2019-10-29 09:59:00,8103.75,8072.75,31.0,8072.75,8092.75,8052.75,WIN,20.0,false,true,false,true,false,1.697,3.96
VWAP_ALIGN,2019-10-30,2019,2019-10,SHORT,2019-10-30 09:39:00,2019-10-30 09:40:00,2019-10-30 11:30:00,8068.0,8047.0,21.0,8047.0,8067.0,8027.0,TIME_EXIT,-5.0,false,true,false,true,false,1.367,2.79
VWAP_ALIGN,2019-10-31,2019,2019-10,LONG,2019-10-31 09:15:00,2019-10-31 09:18:00,2019-10-31 10:38:00,8083.0,8046.0,37.0,8083.0,8063.0,8103.0,LOSS,-20.0,true,false,true,false,true,1.545,3.32
VWAP_ALIGN,2019-11-04,2019,2019-11,SHORT,2019-11-04 09:02:00,2019-11-04 09:03:00,2019-11-04 11:03:00,8233.75,8213.5,20.25,8213.5,8233.5,8193.5,TIME_EXIT,9.5,false,true,false,true,false,1.469,4.09
VWAP_ALIGN,2019-11-05,2019,2019-11,SHORT,2019-11-05 09:09:00,2019-11-05 09:10:00,2019-11-05 11:04:00,8230.75,8208.25,22.5,8208.25,8228.25,8188.25,LOSS,-20.0,false,true,false,true,false,2.737,5.21
VWAP_ALIGN,2019-11-06,2019,2019-11,SHORT,2019-11-06 09:28:00,2019-11-06 09:29:00,2019-11-06 10:48:00,8211.25,8189.0,22.25,8189.0,8209.0,8169.0,WIN,20.0,false,true,false,true,false,2.0,3.7
VWAP_ALIGN,2019-11-07,2019,2019-11,LONG,2019-11-07 09:15:00,2019-11-07 09:16:00,2019-11-07 10:59:00,8261.0,8234.0,27.0,8261.0,8241.0,8281.0,WIN,20.0,true,false,true,false,true,2.102,3.48
VWAP_ALIGN,2019-11-08,2019,2019-11,SHORT,2019-11-08 09:00:00,2019-11-08 09:01:00,2019-11-08 09:25:00,8233.75,8204.25,29.5,8204.25,8224.25,8184.25,LOSS,-20.0,false,true,false,true,false,2.483,5.82
VWAP_ALIGN,2019-11-11,2019,2019-11,LONG,2019-11-11 09:00:00,2019-11-11 09:10:00,2019-11-11 11:10:00,8228.75,8206.5,22.25,8228.75,8208.75,8248.75,TIME_EXIT,7.75,true,false,true,false,false,1.573,4.07
VWAP_ALIGN,2019-11-12,2019,2019-11,LONG,2019-11-12 09:00:00,2019-11-12 09:01:00,2019-11-12 09:41:00,8273.75,8252.0,21.75,8273.75,8253.75,8293.75,WIN,20.0,true,false,true,false,false,1.506,2.98
VWAP_ALIGN,2019-11-13,2019,2019-11,LONG,2019-11-13 09:19:00,2019-11-13 09:20:00,2019-11-13 11:20:00,8264.0,8236.75,27.25,8264.0,8244.0,8284.0,TIME_EXIT,13.75,true,false,true,false,false,1.551,3.16
VWAP_ALIGN,2019-11-14,2019,2019-11,LONG,2019-11-14 09:03:00,2019-11-14 09:04:00,2019-11-14 09:56:00,8258.0,8237.75,20.25,8258.0,8238.0,8278.0,LOSS,-20.0,true,false,true,false,true,1.706,4.2
VWAP_ALIGN,2019-11-15,2019,2019-11,LONG,2019-11-15 10:01:00,2019-11-15 10:04:00,2019-11-15 11:30:00,8317.25,8289.0,28.25,8317.25,8297.25,8337.25,TIME_EXIT,-10.0,true,false,true,false,false,3.66,2.39
VWAP_ALIGN,2019-11-18,2019,2019-11,LONG,2019-11-18 10:10:00,2019-11-18 10:25:00,2019-11-18 11:30:00,8314.5,8279.25,35.25,8314.5,8294.5,8334.5,TIME_EXIT,-2.25,true,false,true,false,true,3.774,3.71
VWAP_ALIGN,2019-11-19,2019,2019-11,SHORT,2019-11-19 09:02:00,2019-11-19 09:03:00,2019-11-19 09:53:00,8364.5,8338.25,26.25,8338.25,8358.25,8318.25,WIN,20.0,false,true,false,true,false,1.326,4.39
VWAP_ALIGN,2019-11-21,2019,2019-11,SHORT,2019-11-21 09:16:00,2019-11-21 09:18:00,2019-11-21 11:18:00,8286.0,8261.0,25.0,8261.0,8281.0,8241.0,TIME_EXIT,5.75,false,true,false,true,true,2.762,6.2
VWAP_ALIGN,2019-11-22,2019,2019-11,SHORT,2019-11-22 09:09:00,2019-11-22 09:10:00,2019-11-22 09:30:00,8298.75,8277.5,21.25,8277.5,8297.5,8257.5,WIN,20.0,false,true,false,true,false,1.752,4.0
VWAP_ALIGN,2019-11-25,2019,2019-11,LONG,2019-11-25 09:06:00,2019-11-25 09:07:00,2019-11-25 11:07:00,8353.25,8311.75,41.5,8353.25,8333.25,8373.25,TIME_EXIT,9.75,true,false,true,false,false,1.546,3.14
VWAP_ALIGN,2019-11-26,2019,2019-11,LONG,2019-11-26 09:27:00,2019-11-26 09:47:00,2019-11-26 11:30:00,8390.0,8368.75,21.25,8390.0,8370.0,8410.0,TIME_EXIT,9.5,true,false,true,false,false,1.522,2.57
VWAP_ALIGN,2019-12-05,2019,2019-12,SHORT,2019-12-05 09:00:00,2019-12-05 09:02:00,2019-12-05 09:09:00,8327.25,8302.75,24.5,8302.75,8322.75,8282.75,WIN,20.0,false,true,false,true,false,2.256,4.59
VWAP_ALIGN,2019-12-06,2019,2019-12,LONG,2019-12-06 09:50:00,2019-12-06 09:51:00,2019-12-06 11:30:00,8392.5,8368.0,24.5,8392.5,8372.5,8412.5,TIME_EXIT,4.25,true,false,true,false,false,2.485,2.45
VWAP_ALIGN,2019-12-10,2019,2019-12,LONG,2019-12-10 09:06:00,2019-12-10 09:08:00,2019-12-10 09:25:00,8370.25,8338.5,31.75,8370.25,8350.25,8390.25,WIN,20.0,true,false,true,false,false,1.337,5.14
VWAP_ALIGN,2019-12-11,2019,2019-12,LONG,2019-12-11 09:00:00,2019-12-11 09:01:00,2019-12-11 11:01:00,8389.5,8363.5,26.0,8389.5,8369.5,8409.5,TIME_EXIT,-11.0,true,false,true,false,false,1.56,2.62
VWAP_ALIGN,2019-12-12,2019,2019-12,LONG,2019-12-12 09:15:00,2019-12-12 09:45:00,2019-12-12 09:55:00,8464.75,8381.0,83.75,8464.75,8444.75,8484.75,WIN,20.0,true,false,true,false,false,0.485,9.3
VWAP_ALIGN,2019-12-13,2019,2019-12,LONG,2019-12-13 09:01:00,2019-12-13 09:06:00,2019-12-13 09:07:00,8509.25,8465.75,43.5,8509.25,8489.25,8529.25,WIN,20.0,true,false,true,false,true,2.07,6.43
VWAP_ALIGN,2019-12-16,2019,2019-12,LONG,2019-12-16 09:12:00,2019-12-16 09:13:00,2019-12-16 11:13:00,8604.0,8571.5,32.5,8604.0,8584.0,8624.0,TIME_EXIT,8.0,true,false,true,false,false,1.6,3.32
VWAP_ALIGN,2019-12-26,2019,2019-12,LONG,2019-12-26 09:01:00,2019-12-26 09:05:00,2019-12-26 11:05:00,8761.0,8739.0,22.0,8761.0,8741.0,8781.0,TIME_EXIT,15.75,true,false,true,false,false,1.689,2.27
VWAP_ALIGN,2019-12-30,2019,2019-12,SHORT,2019-12-30 09:13:00,2019-12-30 09:14:00,2019-12-30 09:42:00,8793.0,8703.75,89.25,8703.75,8723.75,8683.75,LOSS,-20.0,false,true,false,true,false,2.834,6.8
VWAP_ALIGN,2020-01-02,2020,2020-01,SHORT,2020-01-02 09:15:00,2020-01-02 09:16:00,2020-01-02 11:16:00,8852.5,8815.5,37.0,8815.5,8835.5,8795.5,TIME_EXIT,-19.0,false,true,false,true,true,2.831,5.36
VWAP_ALIGN,2020-01-03,2020,2020-01,LONG,2020-01-03 11:01:00,2020-01-03 11:02:00,2020-01-03 11:30:00,8840.75,8770.5,70.25,8840.75,8820.75,8860.75,TIME_EXIT,4.0,true,false,true,false,false,3.753,2.68
VWAP_ALIGN,2020-01-06,2020,2020-01,LONG,2020-01-06 09:02:00,2020-01-06 09:03:00,2020-01-06 09:42:00,8800.5,8729.0,71.5,8800.5,8780.5,8820.5,WIN,20.0,true,false,true,false,false,0.747,6.27
VWAP_ALIGN,2020-01-07,2020,2020-01,LONG,2020-01-07 09:58:00,2020-01-07 10:01:00,2020-01-07 11:30:00,8878.0,8834.5,43.5,8878.0,8858.0,8898.0,TIME_EXIT,-2.25,true,false,true,false,false,2.13,4.27
VWAP_ALIGN,2020-01-08,2020,2020-01,LONG,2020-01-08 10:29:00,2020-01-08 10:30:00,2020-01-08 10:38:00,8896.0,8848.0,48.0,8896.0,8876.0,8916.0,WIN,20.0,true,false,true,false,false,6.95,5.12
VWAP_ALIGN,2020-01-09,2020,2020-01,SHORT,2020-01-09 11:20:00,2020-01-09 11:21:00,2020-01-09 11:30:00,9022.25,8996.0,26.25,8996.0,9016.0,8976.0,TIME_EXIT,15.75,false,true,false,true,false,2.371,2.61
VWAP_ALIGN,2020-01-10,2020,2020-01,SHORT,2020-01-10 11:06:00,2020-01-10 11:07:00,2020-01-10 11:30:00,9041.75,9004.5,37.25,9004.5,9024.5,8984.5,TIME_EXIT,-0.25,false,true,false,true,true,1.345,3.79
VWAP_ALIGN,2020-01-13,2020,2020-01,LONG,2020-01-13 09:57:00,2020-01-13 10:12:00,2020-01-13 10:59:00,9037.75,9003.75,34.0,9037.75,9017.75,9057.75,WIN,20.0,true,false,true,false,false,1.834,3.29
VWAP_ALIGN,2020-01-15,2020,2020-01,LONG,2020-01-15 09:09:00,2020-01-15 09:37:00,2020-01-15 11:30:00,9086.75,9051.25,35.5,9086.75,9066.75,9106.75,TIME_EXIT,-5.75,true,false,true,false,false,1.214,3.86
VWAP_ALIGN,2020-01-16,2020,2020-01,LONG,2020-01-16 09:09:00,2020-01-16 09:10:00,2020-01-16 09:38:00,9118.0,9088.0,30.0,9118.0,9098.0,9138.0,LOSS,-20.0,true,false,true,false,false,0.986,4.07
VWAP_ALIGN,2020-01-17,2020,2020-01,SHORT,2020-01-17 10:13:00,2020-01-17 10:14:00,2020-01-17 11:30:00,9180.0,9140.0,40.0,9140.0,9160.0,9120.0,TIME_EXIT,-13.5,false,true,false,true,true,2.539,3.77
VWAP_ALIGN,2020-01-21,2020,2020-01,LONG,2020-01-21 09:01:00,2020-01-21 09:02:00,2020-01-21 10:36:00,9176.5,9151.75,24.75,9176.5,9156.5,9196.5,WIN,20.0,true,false,true,false,false,1.148,4.29
VWAP_ALIGN,2020-01-22,2020,2020-01,LONG,2020-01-22 09:27:00,2020-01-22 09:33:00,2020-01-22 10:13:00,9244.5,9211.75,32.75,9244.5,9224.5,9264.5,LOSS,-20.0,true,false,true,false,false,1.11,3.5
VWAP_ALIGN,2020-01-23,2020,2020-01,LONG,2020-01-23 09:07:00,2020-01-23 09:14:00,2020-01-23 10:11:00,9201.0,9151.75,49.25,9201.0,9181.0,9221.0,LOSS,-20.0,true,false,true,false,false,1.488,5.18
VWAP_ALIGN,2020-01-24,2020,2020-01,SHORT,2020-01-24 09:05:00,2020-01-24 09:07:00,2020-01-24 09:29:00,9283.25,9256.0,27.25,9256.0,9276.0,9236.0,WIN,20.0,false,true,false,true,false,1.192,5.75
VWAP_ALIGN,2020-01-27,2020,2020-01,LONG,2020-01-27 11:12:00,2020-01-27 11:13:00,2020-01-27 11:30:00,8990.5,8925.5,65.0,8990.5,8970.5,9010.5,TIME_EXIT,9.25,true,false,true,false,false,0.882,5.0
VWAP_ALIGN,2020-01-29,2020,2020-01,SHORT,2020-01-29 09:00:00,2020-01-29 09:01:00,2020-01-29 09:04:00,9158.75,9100.75,58.0,9100.75,9120.75,9080.75,WIN,20.0,false,true,false,true,true,1.309,6.38
VWAP_ALIGN,2020-01-30,2020,2020-01,SHORT,2020-01-30 09:45:00,2020-01-30 09:46:00,2020-01-30 10:00:00,9114.75,9044.5,70.25,9044.5,9064.5,9024.5,WIN,20.0,false,true,false,true,true,1.68,6.48
VWAP_ALIGN,2020-01-31,2020,2020-01,SHORT,2020-01-31 09:04:00,2020-01-31 09:08:00,2020-01-31 09:17:00,9184.0,9102.75,81.25,9102.75,9122.75,9082.75,WIN,20.0,false,true,false,true,false,1.428,8.57
VWAP_ALIGN,2020-02-03,2020,2020-02,LONG,2020-02-03 09:00:00,2020-02-03 09:05:00,2020-02-03 09:19:00,9127.5,9035.75,91.75,9127.5,9107.5,9147.5,WIN,20.0,true,false,true,false,false,2.409,7.3
VWAP_ALIGN,2020-02-04,2020,2020-02,LONG,2020-02-04 09:10:00,2020-02-04 09:28:00,2020-02-04 10:11:00,9276.0,9227.0,49.0,9276.0,9256.0,9296.0,WIN,20.0,true,false,true,false,false,1.603,7.16
VWAP_ALIGN,2020-02-05,2020,2020-02,SHORT,2020-02-05 09:13:00,2020-02-05 09:14:00,2020-02-05 09:27:00,9457.75,9372.5,85.25,9372.5,9392.5,9352.5,WIN,20.0,false,true,false,true,false,1.284,10.64
VWAP_ALIGN,2020-02-06,2020,2020-02,LONG,2020-02-06 09:00:00,2020-02-06 09:05:00,2020-02-06 09:23:00,9414.5,9362.5,52.0,9414.5,9394.5,9434.5,LOSS,-20.0,true,false,true,false,false,1.002,7.21
VWAP_ALIGN,2020-02-07,2020,2020-02,LONG,2020-02-07 09:30:00,2020-02-07 09:31:00,2020-02-07 10:20:00,9424.0,9385.0,39.0,9424.0,9404.0,9444.0,WIN,20.0,true,false,true,false,false,1.448,4.36
VWAP_ALIGN,2020-02-10,2020,2020-02,LONG,2020-02-10 09:00:00,2020-02-10 09:03:00,2020-02-10 09:37:00,9448.75,9378.75,70.0,9448.75,9428.75,9468.75,WIN,20.0,true,false,true,false,false,1.662,5.82
VWAP_ALIGN,2020-02-11,2020,2020-02,LONG,2020-02-11 09:08:00,2020-02-11 09:14:00,2020-02-11 09:31:00,9581.5,9538.75,42.75,9581.5,9561.5,9601.5,WIN,20.0,true,false,true,false,false,1.027,6.07
VWAP_ALIGN,2020-02-12,2020,2020-02,LONG,2020-02-12 10:25:00,2020-02-12 10:26:00,2020-02-12 11:30:00,9604.0,9561.0,43.0,9604.0,9584.0,9624.0,TIME_EXIT,6.0,true,false,true,false,false,2.529,4.48
VWAP_ALIGN,2020-02-13,2020,2020-02,LONG,2020-02-13 09:35:00,2020-02-13 09:44:00,2020-02-13 10:01:00,9592.75,9539.25,53.5,9592.75,9572.75,9612.75,WIN,20.0,true,false,true,false,false,1.229,5.3
VWAP_ALIGN,2020-02-14,2020,2020-02,SHORT,2020-02-14 09:11:00,2020-02-14 09:12:00,2020-02-14 09:36:00,9640.0,9602.25,37.75,9602.25,9622.25,9582.25,LOSS,-20.0,false,true,false,true,false,1.368,6.59
VWAP_ALIGN,2020-02-18,2020,2020-02,LONG,2020-02-18 09:00:00,2020-02-18 09:07:00,2020-02-18 09:29:00,9622.75,9574.5,48.25,9622.75,9602.75,9642.75,LOSS,-20.0,true,false,true,false,false,1.256,5.91
VWAP_ALIGN,2020-02-19,2020,2020-02,LONG,2020-02-19 09:16:00,2020-02-19 09:20:00,2020-02-19 10:38:00,9717.25,9681.5,35.75,9717.25,9697.25,9737.25,WIN,20.0,true,false,true,false,false,1.585,4.27
VWAP_ALIGN,2020-02-20,2020,2020-02,LONG,2020-02-20 09:06:00,2020-02-20 09:07:00,2020-02-20 09:22:00,9719.25,9686.0,33.25,9719.25,9699.25,9739.25,LOSS,-20.0,true,false,true,false,false,2.215,4.73
VWAP_ALIGN,2020-02-25,2020,2020-02,SHORT,2020-02-25 09:20:00,2020-02-25 09:21:00,2020-02-25 09:24:00,9191.0,9093.75,97.25,9093.75,9113.75,9073.75,WIN,20.0,false,true,false,true,false,1.673,12.18
VWAP_ALIGN,2020-02-27,2020,2020-02,SHORT,2020-02-27 09:23:00,2020-02-27 09:25:00,2020-02-27 09:26:00,8722.5,8605.75,116.75,8605.75,8625.75,8585.75,WIN,20.0,false,true,false,true,true,1.549,19.09
VWAP_ALIGN,2020-03-02,2020,2020-03,SHORT,2020-03-02 09:05:00,2020-03-02 09:06:00,2020-03-02 09:07:00,8596.0,8485.0,111.0,8485.0,8505.0,8465.0,WIN,20.0,false,true,false,true,true,1.657,23.86
VWAP_ALIGN,2020-03-04,2020,2020-03,LONG,2020-03-04 09:22:00,2020-03-04 09:23:00,2020-03-04 09:31:00,8782.5,8665.25,117.25,8782.5,8762.5,8802.5,LOSS,-20.0,true,false,true,false,false,0.993,14.27
VWAP_ALIGN,2020-03-05,2020,2020-03,LONG,2020-03-05 09:18:00,2020-03-05 09:19:00,2020-03-05 09:22:00,8781.75,8701.5,80.25,8781.75,8761.75,8801.75,WIN,20.0,true,false,true,false,false,1.452,13.36
VWAP_ALIGN,2020-03-06,2020,2020-03,LONG,2020-03-06 09:39:00,2020-03-06 10:09:00,2020-03-06 10:31:00,8461.0,8363.5,97.5,8461.0,8441.0,8481.0,WIN,20.0,true,false,true,false,false,0.892,19.11
VWAP_ALIGN,2020-03-09,2020,2020-03,LONG,2020-03-09 09:17:00,2020-03-09 09:18:00,2020-03-09 09:24:00,8134.5,8045.25,89.25,8134.5,8114.5,8154.5,WIN,20.0,true,false,true,false,false,1.042,19.43
VWAP_ALIGN,2020-03-10,2020,2020-03,SHORT,2020-03-10 09:00:00,2020-03-10 09:01:00,2020-03-10 09:03:00,8198.0,8083.0,115.0,8083.0,8103.0,8063.0,LOSS,-20.0,false,true,false,true,false,1.098,15.71
VWAP_ALIGN,2020-03-11,2020,2020-03,SHORT,2020-03-11 09:21:00,2020-03-11 09:22:00,2020-03-11 09:24:00,8159.25,8087.0,72.25,8087.0,8107.0,8067.0,WIN,20.0,false,true,false,true,false,1.649,16.34
VWAP_ALIGN,2020-03-12,2020,2020-03,SHORT,2020-03-12 09:08:00,2020-03-12 09:09:00,2020-03-12 09:11:00,7615.25,7511.25,104.0,7511.25,7531.25,7491.25,WIN,20.0,false,true,false,true,false,1.522,19.68
VWAP_ALIGN,2020-03-24,2020,2020-03,LONG,2020-03-24 09:37:00,2020-03-24 09:38:00,2020-03-24 09:41:00,7431.25,7357.25,74.0,7431.25,7411.25,7451.25,WIN,20.0,true,false,true,false,false,1.0,14.43
VWAP_ALIGN,2020-03-25,2020,2020-03,LONG,2020-03-25 09:00:00,2020-03-25 09:06:00,2020-03-25 09:13:00,7517.5,7435.25,82.25,7517.5,7497.5,7537.5,LOSS,-20.0,true,false,true,false,false,0.974,24.43
VWAP_ALIGN,2020-03-26,2020,2020-03,LONG,2020-03-26 09:29:00,2020-03-26 09:30:00,2020-03-26 09:32:00,7717.0,7622.0,95.0,7717.0,7697.0,7737.0,WIN,20.0,true,false,true,false,false,1.221,15.86
VWAP_ALIGN,2020-03-27,2020,2020-03,LONG,2020-03-27 09:15:00,2020-03-27 09:32:00,2020-03-27 09:33:00,7625.25,7585.75,39.5,7625.25,7605.25,7645.25,WIN,20.0,true,false,true,false,false,1.736,11.77
VWAP_ALIGN,2020-03-30,2020,2020-03,LONG,2020-03-30 09:07:00,2020-03-30 09:08:00,2020-03-30 09:20:00,7796.5,7739.25,57.25,7796.5,7776.5,7816.5,WIN,20.0,true,false,true,false,false,1.003,11.12
VWAP_ALIGN,2020-04-01,2020,2020-04,LONG,2020-04-01 09:04:00,2020-04-01 09:05:00,2020-04-01 09:10:00,7657.75,7602.75,55.0,7657.75,7637.75,7677.75,WIN,20.0,true,false,true,false,false,1.692,10.7
VWAP_ALIGN,2020-04-02,2020,2020-04,SHORT,2020-04-02 11:26:00,2020-04-02 11:27:00,2020-04-02 11:30:00,7617.75,7513.25,104.5,7513.25,7533.25,7493.25,WIN,20.0,false,true,false,true,true,1.469,11.45
VWAP_ALIGN,2020-04-03,2020,2020-04,SHORT,2020-04-03 09:15:00,2020-04-03 09:18:00,2020-04-03 09:46:00,7575.0,7530.5,44.5,7530.5,7550.5,7510.5,WIN,20.0,false,true,false,true,false,1.581,10.5
VWAP_ALIGN,2020-04-06,2020,2020-04,LONG,2020-04-06 09:29:00,2020-04-06 09:30:00,2020-04-06 10:11:00,7881.25,7838.75,42.5,7881.25,7861.25,7901.25,WIN,20.0,true,false,true,false,false,1.949,6.82
VWAP_ALIGN,2020-04-07,2020,2020-04,LONG,2020-04-07 09:32:00,2020-04-07 09:33:00,2020-04-07 09:39:00,8169.25,8071.25,98.0,8169.25,8149.25,8189.25,WIN,20.0,true,false,true,false,false,1.366,11.0
VWAP_ALIGN,2020-04-08,2020,2020-04,LONG,2020-04-08 09:02:00,2020-04-08 09:12:00,2020-04-08 09:20:00,8137.75,8081.5,56.25,8137.75,8117.75,8157.75,WIN,20.0,true,false,true,false,false,1.654,9.89
VWAP_ALIGN,2020-04-09,2020,2020-04,SHORT,2020-04-09 09:06:00,2020-04-09 09:13:00,2020-04-09 09:28:00,8241.5,8180.0,61.5,8180.0,8200.0,8160.0,LOSS,-20.0,false,true,false,true,false,1.297,14.61
VWAP_ALIGN,2020-04-13,2020,2020-04,SHORT,2020-04-13 09:02:00,2020-04-13 09:03:00,2020-04-13 09:23:00,8197.0,8160.5,36.5,8160.5,8180.5,8140.5,LOSS,-20.0,false,true,false,true,true,1.487,11.38
VWAP_ALIGN,2020-04-14,2020,2020-04,LONG,2020-04-14 10:02:00,2020-04-14 10:04:00,2020-04-14 10:17:00,8609.0,8580.0,29.0,8609.0,8589.0,8629.0,WIN,20.0,true,false,true,false,false,1.507,9.04
VWAP_ALIGN,2020-04-15,2020,2020-04,LONG,2020-04-15 10:50:00,2020-04-15 10:51:00,2020-04-15 11:00:00,8582.75,8512.0,70.75,8582.75,8562.75,8602.75,LOSS,-20.0,true,false,true,false,true,2.53,7.89
VWAP_ALIGN,2020-04-16,2020,2020-04,LONG,2020-04-16 09:06:00,2020-04-16 09:09:00,2020-04-16 09:17:00,8714.0,8642.5,71.5,8714.0,8694.0,8734.0,WIN,20.0,true,false,true,false,true,1.566,10.91
VWAP_ALIGN,2020-04-17,2020,2020-04,SHORT,2020-04-17 09:21:00,2020-04-17 09:25:00,2020-04-17 09:27:00,8797.25,8740.25,57.0,8740.25,8760.25,8720.25,WIN,20.0,false,true,false,true,false,1.29,10.79
VWAP_ALIGN,2020-04-20,2020,2020-04,LONG,2020-04-20 09:06:00,2020-04-20 09:07:00,2020-04-20 09:16:00,8827.75,8781.0,46.75,8827.75,8807.75,8847.75,LOSS,-20.0,true,false,true,false,false,1.876,7.23
VWAP_ALIGN,2020-04-22,2020,2020-04,LONG,2020-04-22 10:39:00,2020-04-22 10:47:00,2020-04-22 11:21:00,8608.5,8565.5,43.0,8608.5,8588.5,8628.5,WIN,20.0,true,false,true,false,true,2.389,6.02
VWAP_ALIGN,2020-04-24,2020,2020-04,LONG,2020-04-24 10:28:00,2020-04-24 10:29:00,2020-04-24 10:42:00,8670.0,8628.5,41.5,8670.0,8650.0,8690.0,WIN,20.0,true,false,true,false,false,2.23,6.32
VWAP_ALIGN,2020-04-27,2020,2020-04,LONG,2020-04-27 09:19:00,2020-04-27 09:20:00,2020-04-27 10:01:00,8854.0,8812.75,41.25,8854.0,8834.0,8874.0,LOSS,-20.0,true,false,true,false,false,1.28,6.3
VWAP_ALIGN,2020-04-28,2020,2020-04,SHORT,2020-04-28 10:17:00,2020-04-28 10:18:00,2020-04-28 10:34:00,8794.5,8688.5,106.0,8688.5,8708.5,8668.5,LOSS,-20.0,false,true,false,true,true,1.955,9.68
VWAP_ALIGN,2020-04-29,2020,2020-04,LONG,2020-04-29 10:07:00,2020-04-29 10:09:00,2020-04-29 10:37:00,8939.75,8907.0,32.75,8939.75,8919.75,8959.75,WIN,20.0,true,false,true,false,false,2.069,5.96
VWAP_ALIGN,2020-04-30,2020,2020-04,SHORT,2020-04-30 09:54:00,2020-04-30 09:59:00,2020-04-30 10:01:00,9009.0,8945.5,63.5,8945.5,8965.5,8925.5,WIN,20.0,false,true,false,true,false,1.13,8.16
VWAP_ALIGN,2020-05-01,2020,2020-05,SHORT,2020-05-01 09:06:00,2020-05-01 09:16:00,2020-05-01 09:24:00,8846.75,8806.75,40.0,8806.75,8826.75,8786.75,WIN,20.0,false,true,false,true,false,1.225,8.93
VWAP_ALIGN,2020-05-04,2020,2020-05,LONG,2020-05-04 09:07:00,2020-05-04 09:10:00,2020-05-04 09:40:00,8757.75,8725.25,32.5,8757.75,8737.75,8777.75,WIN,20.0,true,false,true,false,false,1.266,8.8
VWAP_ALIGN,2020-05-05,2020,2020-05,LONG,2020-05-05 09:00:00,2020-05-05 09:03:00,2020-05-05 09:59:00,8965.0,8939.75,25.25,8965.0,8945.0,8985.0,WIN,20.0,true,false,true,false,false,1.016,5.79
VWAP_ALIGN,2020-05-07,2020,2020-05,LONG,2020-05-07 09:19:00,2020-05-07 09:33:00,2020-05-07 09:44:00,9077.0,9030.25,46.75,9077.0,9057.0,9097.0,WIN,20.0,true,false,true,false,false,1.578,5.27
VWAP_ALIGN,2020-05-08,2020,2020-05,LONG,2020-05-08 09:42:00,2020-05-08 09:43:00,2020-05-08 10:41:00,9194.75,9162.25,32.5,9194.75,9174.75,9214.75,WIN,20.0,true,false,true,false,false,2.594,4.29
VWAP_ALIGN,2020-05-11,2020,2020-05,LONG,2020-05-11 09:23:00,2020-05-11 09:26:00,2020-05-11 10:21:00,9254.25,9213.75,40.5,9254.25,9234.25,9274.25,WIN,20.0,true,false,true,false,false,2.279,6.14
VWAP_ALIGN,2020-05-12,2020,2020-05,LONG,2020-05-12 09:05:00,2020-05-12 09:06:00,2020-05-12 09:45:00,9318.5,9275.0,43.5,9318.5,9298.5,9338.5,LOSS,-20.0,true,false,true,false,false,1.029,6.59
VWAP_ALIGN,2020-05-13,2020,2020-05,SHORT,2020-05-13 09:00:00,2020-05-13 09:05:00,2020-05-13 09:14:00,9202.75,9108.25,94.5,9108.25,9128.25,9088.25,LOSS,-20.0,false,true,false,true,false,1.397,10.64
VWAP_ALIGN,2020-05-14,2020,2020-05,LONG,2020-05-14 09:06:00,2020-05-14 09:22:00,2020-05-14 09:35:00,8930.25,8847.0,83.25,8930.25,8910.25,8950.25,WIN,20.0,true,false,true,false,false,1.405,13.12
VWAP_ALIGN,2020-05-15,2020,2020-05,SHORT,2020-05-15 09:00:00,2020-05-15 09:02:00,2020-05-15 09:04:00,9031.5,8966.75,64.75,8966.75,8986.75,8946.75,WIN,20.0,false,true,false,true,true,1.6,10.43
VWAP_ALIGN,2020-05-18,2020,2020-05,LONG,2020-05-18 09:00:00,2020-05-18 09:05:00,2020-05-18 10:41:00,9332.25,9288.75,43.5,9332.25,9312.25,9352.25,LOSS,-20.0,true,false,true,false,false,1.226,6.52
VWAP_ALIGN,2020-05-19,2020,2020-05,LONG,2020-05-19 09:15:00,2020-05-19 09:18:00,2020-05-19 09:44:00,9397.25,9361.5,35.75,9397.25,9377.25,9417.25,LOSS,-20.0,true,false,true,false,true,2.538,7.39
VWAP_ALIGN,2020-05-20,2020,2020-05,LONG,2020-05-20 09:07:00,2020-05-20 09:14:00,2020-05-20 09:28:00,9468.75,9445.0,23.75,9468.75,9448.75,9488.75,WIN,20.0,true,false,true,false,false,0.654,5.57
VWAP_ALIGN,2020-05-21,2020,2020-05,SHORT,2020-05-21 09:06:00,2020-05-21 09:07:00,2020-05-21 09:17:00,9447.0,9388.5,58.5,9388.5,9408.5,9368.5,WIN,20.0,false,true,false,true,false,1.245,10.73
VWAP_ALIGN,2020-05-22,2020,2020-05,LONG,2020-05-22 10:36:00,2020-05-22 10:38:00,2020-05-22 11:22:00,9381.5,9345.5,36.0,9381.5,9361.5,9401.5,WIN,20.0,true,false,true,false,false,1.428,3.3
VWAP_ALIGN,2020-05-26,2020,2020-05,SHORT,2020-05-26 09:17:00,2020-05-26 09:25:00,2020-05-26 09:26:00,9526.0,9478.25,47.75,9478.25,9498.25,9458.25,WIN,20.0,false,true,false,true,false,2.044,7.89
VWAP_ALIGN,2020-05-28,2020,2020-05,LONG,2020-05-28 09:01:00,2020-05-28 09:06:00,2020-05-28 09:09:00,9498.5,9458.0,40.5,9498.5,9478.5,9518.5,LOSS,-20.0,true,false,true,false,false,1.445,6.8
VWAP_ALIGN,2020-05-29,2020,2020-05,SHORT,2020-05-29 09:03:00,2020-05-29 09:04:00,2020-05-29 09:08:00,9433.0,9384.0,49.0,9384.0,9404.0,9364.0,LOSS,-20.0,false,true,false,true,false,3.022,12.34
VWAP_ALIGN,2020-06-01,2020,2020-06,SHORT,2020-06-01 09:20:00,2020-06-01 09:21:00,2020-06-01 10:05:00,9579.25,9548.5,30.75,9548.5,9568.5,9528.5,LOSS,-20.0,false,true,false,true,false,1.338,6.82
VWAP_ALIGN,2020-06-02,2020,2020-06,SHORT,2020-06-02 09:02:00,2020-06-02 09:03:00,2020-06-02 09:08:00,9609.75,9535.25,74.5,9535.25,9555.25,9515.25,WIN,20.0,false,true,false,true,true,1.45,8.62
VWAP_ALIGN,2020-06-03,2020,2020-06,SHORT,2020-06-03 09:47:00,2020-06-03 10:07:00,2020-06-03 10:11:00,9694.75,9667.0,27.75,9667.0,9687.0,9647.0,WIN,20.0,false,true,false,true,false,1.973,5.71
VWAP_ALIGN,2020-06-05,2020,2020-06,LONG,2020-06-05 09:01:00,2020-06-05 09:03:00,2020-06-05 09:24:00,9786.25,9751.5,34.75,9786.25,9766.25,9806.25,WIN,20.0,true,false,true,false,false,1.635,7.2
VWAP_ALIGN,2020-06-08,2020,2020-06,LONG,2020-06-08 09:01:00,2020-06-08 09:12:00,2020-06-08 11:12:00,9810.75,9774.75,36.0,9810.75,9790.75,9830.75,TIME_EXIT,10.0,true,false,true,false,false,1.244,4.91
VWAP_ALIGN,2020-06-09,2020,2020-06,LONG,2020-06-09 09:00:00,2020-06-09 09:04:00,2020-06-09 09:15:00,9966.5,9902.0,64.5,9966.5,9946.5,9986.5,LOSS,-20.0,true,false,true,false,false,1.171,6.68
VWAP_ALIGN,2020-06-10,2020,2020-06,LONG,2020-06-10 09:26:00,2020-06-10 09:39:00,2020-06-10 09:48:00,10067.75,10017.75,50.0,10067.75,10047.75,10087.75,LOSS,-20.0,true,false,true,false,false,0.962,6.62
VWAP_ALIGN,2020-06-11,2020,2020-06,SHORT,2020-06-11 09:00:00,2020-06-11 09:02:00,2020-06-11 09:18:00,9981.0,9888.0,93.0,9888.0,9908.0,9868.0,LOSS,-20.0,false,true,false,true,true,1.275,9.93
VWAP_ALIGN,2020-06-15,2020,2020-06,LONG,2020-06-15 09:03:00,2020-06-15 09:04:00,2020-06-15 09:16:00,9612.5,9544.25,68.25,9612.5,9592.5,9632.5,LOSS,-20.0,true,false,true,false,false,1.069,14.32
VWAP_ALIGN,2020-06-17,2020,2020-06,LONG,2020-06-17 09:59:00,2020-06-17 10:00:00,2020-06-17 10:33:00,10005.75,9941.75,64.0,10005.75,9985.75,10025.75,WIN,20.0,true,false,true,false,false,0.985,5.86
VWAP_ALIGN,2020-06-18,2020,2020-06,LONG,2020-06-18 09:00:00,2020-06-18 09:09:00,2020-06-18 09:37:00,9995.75,9924.25,71.5,9995.75,9975.75,10015.75,LOSS,-20.0,true,false,true,false,false,1.249,8.88
VWAP_ALIGN,2020-06-19,2020,2020-06,SHORT,2020-06-19 09:20:00,2020-06-19 09:37:00,2020-06-19 10:00:00,10101.75,10065.5,36.25,10065.5,10085.5,10045.5,WIN,20.0,false,true,false,true,false,2.861,6.16
VWAP_ALIGN,2020-06-22,2020,2020-06,LONG,2020-06-22 09:38:00,2020-06-22 09:41:00,2020-06-22 10:04:00,10057.25,10021.5,35.75,10057.25,10037.25,10077.25,WIN,20.0,true,false,true,false,false,2.532,4.66
VWAP_ALIGN,2020-06-23,2020,2020-06,LONG,2020-06-23 09:08:00,2020-06-23 09:09:00,2020-06-23 09:23:00,10231.25,10196.0,35.25,10231.25,10211.25,10251.25,WIN,20.0,true,false,true,false,false,0.951,6.5
VWAP_ALIGN,2020-06-24,2020,2020-06,SHORT,2020-06-24 09:02:00,2020-06-24 09:08:00,2020-06-24 09:10:00,10125.0,10055.75,69.25,10055.75,10075.75,10035.75,WIN,20.0,false,true,false,true,true,1.366,13.14
VWAP_ALIGN,2020-06-25,2020,2020-06,SHORT,2020-06-25 09:01:00,2020-06-25 09:02:00,2020-06-25 09:06:00,10013.0,9972.0,41.0,9972.0,9992.0,9952.0,WIN,20.0,false,true,false,true,true,1.527,14.34
VWAP_ALIGN,2020-06-29,2020,2020-06,LONG,2020-06-29 09:28:00,2020-06-29 09:29:00,2020-06-29 10:00:00,9889.5,9836.0,53.5,9889.5,9869.5,9909.5,WIN,20.0,true,false,true,false,false,1.723,9.73
VWAP_ALIGN,2020-07-01,2020,2020-07,LONG,2020-07-01 09:07:00,2020-07-01 09:08:00,2020-07-01 09:29:00,10224.25,10193.75,30.5,10224.25,10204.25,10244.25,LOSS,-20.0,true,false,true,false,false,1.209,6.29
VWAP_ALIGN,2020-07-02,2020,2020-07,SHORT,2020-07-02 09:02:00,2020-07-02 09:03:00,2020-07-02 09:15:00,10404.75,10357.75,47.0,10357.75,10377.75,10337.75,WIN,20.0,false,true,false,true,true,1.6,11.48
VWAP_ALIGN,2020-07-06,2020,2020-07,LONG,2020-07-06 09:00:00,2020-07-06 09:02:00,2020-07-06 09:11:00,10574.75,10526.0,48.75,10574.75,10554.75,10594.75,WIN,20.0,true,false,true,false,false,1.331,4.93
VWAP_ALIGN,2020-07-07,2020,2020-07,LONG,2020-07-07 09:05:00,2020-07-07 09:06:00,2020-07-07 09:21:00,10673.0,10633.0,40.0,10673.0,10653.0,10693.0,WIN,20.0,true,false,true,false,false,1.756,6.2
VWAP_ALIGN,2020-07-08,2020,2020-07,SHORT,2020-07-08 09:07:00,2020-07-08 09:14:00,2020-07-08 09:16:00,10632.75,10599.75,33.0,10599.75,10619.75,10579.75,WIN,20.0,false,true,false,true,true,2.719,10.07
VWAP_ALIGN,2020-07-10,2020,2020-07,LONG,2020-07-10 09:26:00,2020-07-10 09:39:00,2020-07-10 10:40:00,10733.25,10696.0,37.25,10733.25,10713.25,10753.25,LOSS,-20.0,true,false,true,false,false,1.14,5.98
VWAP_ALIGN,2020-07-13,2020,2020-07,LONG,2020-07-13 09:01:00,2020-07-13 09:02:00,2020-07-13 09:18:00,11029.5,10975.5,54.0,11029.5,11009.5,11049.5,WIN,20.0,true,false,true,false,false,1.451,9.5
VWAP_ALIGN,2020-07-14,2020,2020-07,LONG,2020-07-14 09:33:00,2020-07-14 09:34:00,2020-07-14 09:42:00,10570.75,10463.5,107.25,10570.75,10550.75,10590.75,WIN,20.0,true,false,true,false,true,1.664,17.62
VWAP_ALIGN,2020-07-15,2020,2020-07,SHORT,2020-07-15 09:00:00,2020-07-15 09:02:00,2020-07-15 09:03:00,10758.75,10701.0,57.75,10701.0,10721.0,10681.0,WIN,20.0,false,true,false,true,false,1.64,11.3
VWAP_ALIGN,2020-07-16,2020,2020-07,SHORT,2020-07-16 09:00:00,2020-07-16 09:01:00,2020-07-16 09:09:00,10568.5,10501.5,67.0,10501.5,10521.5,10481.5,WIN,20.0,false,true,false,true,false,1.624,12.23
VWAP_ALIGN,2020-07-17,2020,2020-07,LONG,2020-07-17 09:02:00,2020-07-17 09:03:00,2020-07-17 09:09:00,10595.5,10540.5,55.0,10595.5,10575.5,10615.5,WIN,20.0,true,false,true,false,false,1.609,7.34
VWAP_ALIGN,2020-07-20,2020,2020-07,LONG,2020-07-20 09:16:00,2020-07-20 09:17:00,2020-07-20 09:37:00,10776.25,10746.25,30.0,10776.25,10756.25,10796.25,WIN,20.0,true,false,true,false,true,2.707,7.25
VWAP_ALIGN,2020-07-21,2020,2020-07,SHORT,2020-07-21 09:45:00,2020-07-21 09:48:00,2020-07-21 09:52:00,10915.75,10861.25,54.5,10861.25,10881.25,10841.25,WIN,20.0,false,true,false,true,false,1.116,9.84
VWAP_ALIGN,2020-07-22,2020,2020-07,SHORT,2020-07-22 09:13:00,2020-07-22 09:16:00,2020-07-22 09:25:00,10860.75,10785.25,75.5,10785.25,10805.25,10765.25,LOSS,-20.0,false,true,false,true,true,2.811,11.14
VWAP_ALIGN,2020-07-23,2020,2020-07,SHORT,2020-07-23 09:00:00,2020-07-23 09:04:00,2020-07-23 09:05:00,10846.0,10806.5,39.5,10806.5,10826.5,10786.5,WIN,20.0,false,true,false,true,false,1.226,9.73
VWAP_ALIGN,2020-07-24,2020,2020-07,LONG,2020-07-24 09:00:00,2020-07-24 09:24:00,2020-07-24 09:26:00,10503.75,10392.25,111.5,10503.75,10483.75,10523.75,WIN,20.0,true,false,true,false,false,1.638,13.93
VWAP_ALIGN,2020-07-27,2020,2020-07,SHORT,2020-07-27 09:14:00,2020-07-27 09:19:00,2020-07-27 09:22:00,10618.0,10578.75,39.25,10578.75,10598.75,10558.75,WIN,20.0,false,true,false,true,true,2.534,9.82
VWAP_ALIGN,2020-07-28,2020,2020-07,LONG,2020-07-28 09:32:00,2020-07-28 09:33:00,2020-07-28 09:41:00,10631.25,10585.75,45.5,10631.25,10611.25,10651.25,WIN,20.0,true,false,true,false,false,1.219,8.39
VWAP_ALIGN,2020-07-29,2020,2020-07,SHORT,2020-07-29 10:08:00,2020-07-29 10:22:00,2020-07-29 11:30:00,10645.25,10616.0,29.25,10616.0,10636.0,10596.0,TIME_EXIT,-8.75,false,true,false,true,false,3.83,6.52
VWAP_ALIGN,2020-07-30,2020,2020-07,LONG,2020-07-30 09:02:00,2020-07-30 09:03:00,2020-07-30 09:21:00,10599.0,10550.0,49.0,10599.0,10579.0,10619.0,WIN,20.0,true,false,true,false,false,1.583,11.16
VWAP_ALIGN,2020-07-31,2020,2020-07,SHORT,2020-07-31 10:34:00,2020-07-31 10:44:00,2020-07-31 10:47:00,10782.75,10735.5,47.25,10735.5,10755.5,10715.5,WIN,20.0,false,true,false,true,false,1.108,10.45
VWAP_ALIGN,2020-08-03,2020,2020-08,LONG,2020-08-03 09:10:00,2020-08-03 09:13:00,2020-08-03 11:13:00,11038.25,10991.25,47.0,11038.25,11018.25,11058.25,TIME_EXIT,16.25,true,false,true,false,false,1.56,7.8
VWAP_ALIGN,2020-08-04,2020,2020-08,SHORT,2020-08-04 09:01:00,2020-08-04 09:02:00,2020-08-04 09:23:00,11071.25,11047.0,24.25,11047.0,11067.0,11027.0,WIN,20.0,false,true,false,true,true,1.897,7.0
VWAP_ALIGN,2020-08-05,2020,2020-08,LONG,2020-08-05 09:03:00,2020-08-05 09:04:00,2020-08-05 09:27:00,11119.25,11088.0,31.25,11119.25,11099.25,11139.25,LOSS,-20.0,true,false,true,false,false,1.356,7.43
VWAP_ALIGN,2020-08-06,2020,2020-08,LONG,2020-08-06 10:05:00,2020-08-06 10:08:00,2020-08-06 10:24:00,11139.25,11081.0,58.25,11139.25,11119.25,11159.25,WIN,20.0,true,false,true,false,false,1.176,6.89
VWAP_ALIGN,2020-08-07,2020,2020-08,SHORT,2020-08-07 09:16:00,2020-08-07 09:17:00,2020-08-07 09:28:00,11268.0,11226.5,41.5,11226.5,11246.5,11206.5,WIN,20.0,false,true,false,true,false,1.141,7.73
VWAP_ALIGN,2020-08-11,2020,2020-08,LONG,2020-08-11 09:21:00,2020-08-11 09:51:00,2020-08-11 10:11:00,11022.75,10970.25,52.5,11022.75,11002.75,11042.75,WIN,20.0,true,false,true,false,false,0.912,8.2
VWAP_ALIGN,2020-08-12,2020,2020-08,LONG,2020-08-12 09:05:00,2020-08-12 09:19:00,2020-08-12 09:58:00,11114.75,11077.75,37.0,11114.75,11094.75,11134.75,WIN,20.0,true,false,false,true,false,1.626,7.64
VWAP_ALIGN,2020-08-13,2020,2020-08,LONG,2020-08-13 09:01:00,2020-08-13 09:02:00,2020-08-13 09:32:00,11249.0,11223.25,25.75,11249.0,11229.0,11269.0,LOSS,-20.0,true,false,true,false,false,1.194,6.95
VWAP_ALIGN,2020-08-14,2020,2020-08,LONG,2020-08-14 09:34:00,2020-08-14 09:35:00,2020-08-14 09:53:00,11154.75,11096.0,58.75,11154.75,11134.75,11174.75,LOSS,-20.0,true,false,true,false,false,1.33,6.11
VWAP_ALIGN,2020-08-18,2020,2020-08,LONG,2020-08-18 09:07:00,2020-08-18 09:08:00,2020-08-18 10:07:00,11343.5,11268.0,75.5,11343.5,11323.5,11363.5,WIN,20.0,true,false,true,false,false,1.17,7.3
VWAP_ALIGN,2020-08-19,2020,2020-08,LONG,2020-08-19 09:00:00,2020-08-19 09:01:00,2020-08-19 09:14:00,11412.75,11388.25,24.5,11412.75,11392.75,11432.75,LOSS,-20.0,true,false,true,false,true,2.143,7.2
VWAP_ALIGN,2020-08-20,2020,2020-08,LONG,2020-08-20 09:29:00,2020-08-20 09:35:00,2020-08-20 09:56:00,11399.5,11353.5,46.0,11399.5,11379.5,11419.5,WIN,20.0,true,false,true,false,false,1.208,6.14
VWAP_ALIGN,2020-08-24,2020,2020-08,LONG,2020-08-24 10:02:00,2020-08-24 10:16:00,2020-08-24 10:26:00,11634.5,11528.25,106.25,11634.5,11614.5,11654.5,LOSS,-20.0,true,false,true,false,false,1.152,9.48
VWAP_ALIGN,2020-08-25,2020,2020-08,LONG,2020-08-25 09:01:00,2020-08-25 09:02:00,2020-08-25 09:13:00,11649.25,11597.5,51.75,11649.25,11629.25,11669.25,WIN,20.0,true,false,true,false,false,1.619,8.7
VWAP_ALIGN,2020-08-26,2020,2020-08,LONG,2020-08-26 09:00:00,2020-08-26 09:01:00,2020-08-26 09:30:00,11843.0,11805.25,37.75,11843.0,11823.0,11863.0,WIN,20.0,true,false,true,false,false,1.365,5.29
VWAP_ALIGN,2020-08-27,2020,2020-08,LONG,2020-08-27 09:01:00,2020-08-27 09:11:00,2020-08-27 09:17:00,12012.5,11965.0,47.5,12012.5,11992.5,12032.5,LOSS,-20.0,true,false,true,false,false,1.25,10.55
VWAP_ALIGN,2020-08-28,2020,2020-08,SHORT,2020-08-28 11:12:00,2020-08-28 11:13:00,2020-08-28 11:30:00,12010.0,11948.25,61.75,11948.25,11968.25,11928.25,TIME_EXIT,12.25,false,true,false,true,false,1.847,6.54
VWAP_ALIGN,2020-08-31,2020,2020-08,LONG,2020-08-31 09:00:00,2020-08-31 09:03:00,2020-08-31 09:20:00,12089.75,12048.5,41.25,12089.75,12069.75,12109.75,LOSS,-20.0,true,false,true,false,false,1.772,5.82
VWAP_ALIGN,2020-09-02,2020,2020-09,SHORT,2020-09-02 09:08:00,2020-09-02 09:10:00,2020-09-02 09:16:00,12354.5,12282.5,72.0,12282.5,12302.5,12262.5,WIN,20.0,false,true,false,true,true,1.877,13.55
VWAP_ALIGN,2020-09-07,2020,2020-09,LONG,2020-09-07 09:01:00,2020-09-07 09:02:00,2020-09-07 09:43:00,11509.25,11477.75,31.5,11509.25,11489.25,11529.25,LOSS,-20.0,true,false,true,false,false,1.257,7.3
VWAP_ALIGN,2020-09-09,2020,2020-09,LONG,2020-09-09 09:00:00,2020-09-09 09:01:00,2020-09-09 09:03:00,11383.5,11329.5,54.0,11383.5,11363.5,11403.5,WIN,20.0,true,false,true,false,false,2.217,15.88
VWAP_ALIGN,2020-09-11,2020,2020-09,SHORT,2020-09-11 09:31:00,2020-09-11 09:32:00,2020-09-11 09:33:00,11258.5,11141.5,117.0,11141.5,11161.5,11121.5,WIN,20.0,false,true,false,true,false,0.748,20.77
VWAP_ALIGN,2020-09-15,2020,2020-09,LONG,2020-09-15 09:05:00,2020-09-15 09:06:00,2020-09-15 09:32:00,11437.0,11367.75,69.25,11437.0,11417.0,11457.0,WIN,20.0,true,false,true,false,false,1.237,9.89
VWAP_ALIGN,2020-09-16,2020,2020-09,SHORT,2020-09-16 11:11:00,2020-09-16 11:26:00,2020-09-16 11:30:00,11418.5,11336.25,82.25,11336.25,11356.25,11316.25,TIME_EXIT,3.75,false,true,false,true,false,2.447,8.54
VWAP_ALIGN,2020-09-17,2020,2020-09,LONG,2020-09-17 09:06:00,2020-09-17 09:07:00,2020-09-17 09:14:00,11129.25,11010.0,119.25,11129.25,11109.25,11149.25,LOSS,-20.0,true,false,true,false,false,1.379,14.8
VWAP_ALIGN,2020-09-18,2020,2020-09,SHORT,2020-09-18 09:00:00,2020-09-18 09:01:00,2020-09-18 09:06:00,11049.5,10944.5,105.0,10944.5,10964.5,10924.5,LOSS,-20.0,false,true,false,true,false,1.465,15.95
VWAP_ALIGN,2020-09-22,2020,2020-09,SHORT,2020-09-22 09:02:00,2020-09-22 09:03:00,2020-09-22 09:07:00,11052.5,10943.25,109.25,10943.25,10963.25,10923.25,WIN,20.0,false,true,false,true,true,1.35,16.8
VWAP_ALIGN,2020-09-23,2020,2020-09,SHORT,2020-09-23 09:29:00,2020-09-23 09:31:00,2020-09-23 09:36:00,11102.25,11040.75,61.5,11040.75,11060.75,11020.75,WIN,20.0,false,true,false,true,false,1.504,13.46
VWAP_ALIGN,2020-09-25,2020,2020-09,LONG,2020-09-25 09:12:00,2020-09-25 09:13:00,2020-09-25 09:16:00,10987.75,10928.25,59.5,10987.75,10967.75,11007.75,WIN,20.0,true,false,true,false,false,2.394,15.04
VWAP_ALIGN,2020-09-28,2020,2020-09,SHORT,2020-09-28 10:16:00,2020-09-28 10:17:00,2020-09-28 10:34:00,11316.5,11235.25,81.25,11235.25,11255.25,11215.25,LOSS,-20.0,false,true,false,true,true,2.334,8.93
VWAP_ALIGN,2020-09-29,2020,2020-09,LONG,2020-09-29 09:26:00,2020-09-29 09:39:00,2020-09-29 09:42:00,11359.75,11289.5,70.25,11359.75,11339.75,11379.75,LOSS,-20.0,true,false,true,false,false,1.099,8.55
VWAP_ALIGN,2020-09-30,2020,2020-09,LONG,2020-09-30 09:26:00,2020-09-30 09:27:00,2020-09-30 09:34:00,11475.0,11432.25,42.75,11475.0,11455.0,11495.0,LOSS,-20.0,true,false,true,false,false,1.785,7.09
VWAP_ALIGN,2020-10-01,2020,2020-10,SHORT,2020-10-01 09:10:00,2020-10-01 09:12:00,2020-10-01 09:18:00,11543.0,11491.75,51.25,11491.75,11511.75,11471.75,LOSS,-20.0,false,true,false,true,false,1.94,16.09
VWAP_ALIGN,2020-10-02,2020,2020-10,SHORT,2020-10-02 09:05:00,2020-10-02 09:26:00,2020-10-02 09:31:00,11465.25,11384.0,81.25,11384.0,11404.0,11364.0,WIN,20.0,false,true,false,true,false,2.446,14.16
VWAP_ALIGN,2020-10-05,2020,2020-10,LONG,2020-10-05 09:20:00,2020-10-05 09:21:00,2020-10-05 09:40:00,11433.5,11405.25,28.25,11433.5,11413.5,11453.5,LOSS,-20.0,true,false,true,false,false,1.478,6.45
VWAP_ALIGN,2020-10-06,2020,2020-10,SHORT,2020-10-06 09:08:00,2020-10-06 09:09:00,2020-10-06 09:17:00,11497.75,11433.75,64.0,11433.75,11453.75,11413.75,WIN,20.0,false,true,false,true,false,1.134,9.66
VWAP_ALIGN,2020-10-07,2020,2020-10,LONG,2020-10-07 09:00:00,2020-10-07 09:04:00,2020-10-07 09:41:00,11421.5,11363.0,58.5,11421.5,11401.5,11441.5,WIN,20.0,true,false,true,false,false,1.293,8.75
VWAP_ALIGN,2020-10-08,2020,2020-10,LONG,2020-10-08 09:05:00,2020-10-08 09:06:00,2020-10-08 09:32:00,11534.5,11501.0,33.5,11534.5,11514.5,11554.5,LOSS,-20.0,true,false,true,false,false,1.491,8.75
VWAP_ALIGN,2020-10-09,2020,2020-10,LONG,2020-10-09 09:03:00,2020-10-09 09:04:00,2020-10-09 09:44:00,11659.75,11629.5,30.25,11659.75,11639.75,11679.75,WIN,20.0,true,false,true,false,false,1.681,4.79
VWAP_ALIGN,2020-10-12,2020,2020-10,LONG,2020-10-12 09:00:00,2020-10-12 09:01:00,2020-10-12 09:08:00,11971.5,11904.75,66.75,11971.5,11951.5,11991.5,WIN,20.0,true,false,true,false,false,1.29,6.93
VWAP_ALIGN,2020-10-13,2020,2020-10,LONG,2020-10-13 09:00:00,2020-10-13 09:08:00,2020-10-13 09:19:00,12126.0,12055.5,70.5,12126.0,12106.0,12146.0,WIN,20.0,true,false,true,false,false,0.905,11.52
VWAP_ALIGN,2020-10-14,2020,2020-10,SHORT,2020-10-14 09:45:00,2020-10-14 09:46:00,2020-10-14 09:47:00,12093.5,12027.25,66.25,12027.25,12047.25,12007.25,WIN,20.0,false,true,false,true,true,2.662,10.71
VWAP_ALIGN,2020-10-15,2020,2020-10,LONG,2020-10-15 09:14:00,2020-10-15 09:29:00,2020-10-15 09:33:00,11811.25,11746.75,64.5,11811.25,11791.25,11831.25,WIN,20.0,true,false,true,false,false,0.589,11.41
VWAP_ALIGN,2020-10-19,2020,2020-10,SHORT,2020-10-19 10:21:00,2020-10-19 10:25:00,2020-10-19 10:30:00,11867.25,11755.0,112.25,11755.0,11775.0,11735.0,LOSS,-20.0,false,true,false,true,true,2.142,14.18
VWAP_ALIGN,2020-10-20,2020,2020-10,SHORT,2020-10-20 09:00:00,2020-10-20 09:09:00,2020-10-20 09:16:00,11708.0,11636.0,72.0,11636.0,11656.0,11616.0,LOSS,-20.0,false,true,false,true,true,2.27,14.16
VWAP_ALIGN,2020-10-21,2020,2020-10,SHORT,2020-10-21 09:04:00,2020-10-21 09:09:00,2020-10-21 09:10:00,11752.5,11692.0,60.5,11692.0,11712.0,11672.0,WIN,20.0,false,true,false,true,false,1.259,12.04
VWAP_ALIGN,2020-10-23,2020,2020-10,LONG,2020-10-23 09:11:00,2020-10-23 09:12:00,2020-10-23 09:20:00,11628.0,11571.75,56.25,11628.0,11608.0,11648.0,LOSS,-20.0,true,false,true,false,false,0.864,10.36
VWAP_ALIGN,2020-10-27,2020,2020-10,LONG,2020-10-27 09:12:00,2020-10-27 09:18:00,2020-10-27 09:28:00,11574.5,11494.25,80.25,11574.5,11554.5,11594.5,LOSS,-20.0,true,false,true,false,true,1.885,10.96
VWAP_ALIGN,2020-10-28,2020,2020-10,SHORT,2020-10-28 09:31:00,2020-10-28 09:32:00,2020-10-28 09:41:00,11267.25,11202.25,65.0,11202.25,11222.25,11182.25,LOSS,-20.0,false,true,false,true,false,1.644,12.11
VWAP_ALIGN,2020-10-29,2020,2020-10,LONG,2020-10-29 09:14:00,2020-10-29 09:15:00,2020-10-29 09:21:00,11307.25,11260.0,47.25,11307.25,11287.25,11327.25,WIN,20.0,true,false,true,false,false,1.373,11.2
VWAP_ALIGN,2020-10-30,2020,2020-10,SHORT,2020-10-30 09:38:00,2020-10-30 09:40:00,2020-10-30 09:44:00,11080.0,10988.25,91.75,10988.25,11008.25,10968.25,LOSS,-20.0,false,true,false,true,false,1.88,15.2
VWAP_ALIGN,2020-11-02,2020,2020-11,SHORT,2020-11-02 09:43:00,2020-11-02 10:12:00,2020-11-02 10:16:00,11212.0,11108.5,103.5,11108.5,11128.5,11088.5,WIN,20.0,false,true,false,true,false,0.792,11.43
VWAP_ALIGN,2020-11-03,2020,2020-11,LONG,2020-11-03 09:00:00,2020-11-03 09:01:00,2020-11-03 09:03:00,11200.75,11101.25,99.5,11200.75,11180.75,11220.75,WIN,20.0,true,false,true,false,false,1.343,10.61
VWAP_ALIGN,2020-11-05,2020,2020-11,LONG,2020-11-05 09:01:00,2020-11-05 09:02:00,2020-11-05 09:10:00,12087.5,11972.75,114.75,12087.5,12067.5,12107.5,WIN,20.0,true,false,true,false,true,1.415,14.11
VWAP_ALIGN,2020-11-12,2020,2020-11,LONG,2020-11-12 09:41:00,2020-11-12 09:42:00,2020-11-12 09:47:00,11964.25,11880.0,84.25,11964.25,11944.25,11984.25,LOSS,-20.0,true,false,true,false,false,2.132,10.68
VWAP_ALIGN,2020-11-13,2020,2020-11,SHORT,2020-11-13 09:00:00,2020-11-13 09:02:00,2020-11-13 09:10:00,11923.75,11870.75,53.0,11870.75,11890.75,11850.75,WIN,20.0,false,true,false,true,false,1.733,13.43
VWAP_ALIGN,2020-11-16,2020,2020-11,LONG,2020-11-16 09:22:00,2020-11-16 09:23:00,2020-11-16 09:32:00,11989.0,11887.75,101.25,11989.0,11969.0,12009.0,WIN,20.0,true,false,true,false,true,2.391,12.68
VWAP_ALIGN,2020-11-18,2020,2020-11,LONG,2020-11-18 10:55:00,2020-11-18 10:56:00,2020-11-18 11:01:00,11988.5,11913.5,75.0,11988.5,11968.5,12008.5,WIN,20.0,true,false,true,false,false,1.095,6.23
VWAP_ALIGN,2020-11-19,2020,2020-11,LONG,2020-11-19 09:38:00,2020-11-19 10:07:00,2020-11-19 10:26:00,11924.0,11841.75,82.25,11924.0,11904.0,11944.0,WIN,20.0,true,false,true,false,true,2.054,9.89
VWAP_ALIGN,2020-11-20,2020,2020-11,LONG,2020-11-20 09:22:00,2020-11-20 09:23:00,2020-11-20 09:51:00,11984.25,11946.0,38.25,11984.25,11964.25,12004.25,WIN,20.0,true,false,true,false,false,1.831,7.68
VWAP_ALIGN,2020-11-23,2020,2020-11,SHORT,2020-11-23 09:06:00,2020-11-23 09:07:00,2020-11-23 09:09:00,12001.75,11945.5,56.25,11945.5,11965.5,11925.5,WIN,20.0,false,true,false,true,true,2.197,9.05
VWAP_ALIGN,2020-11-25,2020,2020-11,SHORT,2020-11-25 09:04:00,2020-11-25 09:05:00,2020-11-25 09:07:00,12145.25,12099.25,46.0,12099.25,12119.25,12079.25,WIN,20.0,false,true,false,true,true,1.487,10.86
VWAP_ALIGN,2020-11-26,2020,2020-11,SHORT,2020-11-26 09:13:00,2020-11-26 09:19:00,2020-11-26 11:18:00,12214.5,12188.5,26.0,12188.5,12208.5,12168.5,WIN,20.0,false,true,false,true,false,2.872,1.88
VWAP_ALIGN,2020-11-27,2020,2020-11,LONG,2020-11-27 09:00:00,2020-11-27 09:10:00,2020-11-27 09:18:00,12254.5,12214.5,40.0,12254.5,12234.5,12274.5,WIN,20.0,true,false,true,false,false,1.512,8.12
VWAP_ALIGN,2020-11-30,2020,2020-11,SHORT,2020-11-30 09:23:00,2020-11-30 09:28:00,2020-11-30 09:29:00,12300.0,12223.5,76.5,12223.5,12243.5,12203.5,WIN,20.0,false,true,false,true,false,1.277,11.64
VWAP_ALIGN,2020-12-01,2020,2020-12,LONG,2020-12-01 09:00:00,2020-12-01 09:01:00,2020-12-01 09:03:00,12395.25,12334.25,61.0,12395.25,12375.25,12415.25,WIN,20.0,true,false,true,false,false,1.332,12.12
VWAP_ALIGN,2020-12-02,2020,2020-12,LONG,2020-12-02 09:12:00,2020-12-02 09:13:00,2020-12-02 09:21:00,12397.75,12312.5,85.25,12397.75,12377.75,12417.75,WIN,20.0,true,false,true,false,false,1.49,10.95
VWAP_ALIGN,2020-12-03,2020,2020-12,LONG,2020-12-03 09:03:00,2020-12-03 09:04:00,2020-12-03 09:09:00,12504.0,12463.5,40.5,12504.0,12484.0,12524.0,WIN,20.0,true,false,true,false,true,2.33,8.66
VWAP_ALIGN,2020-12-04,2020,2020-12,LONG,2020-12-04 09:00:00,2020-12-04 09:05:00,2020-12-04 09:26:00,12509.25,12448.5,60.75,12509.25,12489.25,12529.25,LOSS,-20.0,true,false,true,false,false,1.093,6.34
VWAP_ALIGN,2020-12-07,2020,2020-12,LONG,2020-12-07 09:00:00,2020-12-07 09:01:00,2020-12-07 10:09:00,12588.75,12525.75,63.0,12588.75,12568.75,12608.75,WIN,20.0,true,false,true,false,false,1.343,9.16
VWAP_ALIGN,2020-12-08,2020,2020-12,SHORT,2020-12-08 09:18:00,2020-12-08 09:20:00,2020-12-08 09:22:00,12587.25,12524.0,63.25,12524.0,12544.0,12504.0,WIN,20.0,false,true,false,true,false,1.467,8.98
VWAP_ALIGN,2020-12-09,2020,2020-12,SHORT,2020-12-09 09:11:00,2020-12-09 09:16:00,2020-12-09 09:20:00,12641.5,12587.75,53.75,12587.75,12607.75,12567.75,LOSS,-20.0,false,true,false,true,true,2.034,10.05
VWAP_ALIGN,2020-12-11,2020,2020-12,LONG,2020-12-11 09:12:00,2020-12-11 09:13:00,2020-12-11 09:23:00,12355.5,12274.75,80.75,12355.5,12335.5,12375.5,LOSS,-20.0,true,false,true,false,false,1.281,12.32
VWAP_ALIGN,2020-12-14,2020,2020-12,LONG,2020-12-14 09:00:00,2020-12-14 09:13:00,2020-12-14 09:23:00,12520.5,12421.25,99.25,12520.5,12500.5,12540.5,WIN,20.0,true,false,true,false,false,1.527,9.2
VWAP_ALIGN,2020-12-15,2020,2020-12,SHORT,2020-12-15 09:38:00,2020-12-15 09:39:00,2020-12-15 10:00:00,12585.0,12542.0,43.0,12542.0,12562.0,12522.0,WIN,20.0,false,true,false,true,true,2.441,8.61
VWAP_ALIGN,2020-12-16,2020,2020-12,LONG,2020-12-16 09:34:00,2020-12-16 09:36:00,2020-12-16 10:35:00,12625.25,12572.0,53.25,12625.25,12605.25,12645.25,WIN,20.0,true,false,true,false,false,0.973,7.46
VWAP_ALIGN,2020-12-17,2020,2020-12,SHORT,2020-12-17 09:03:00,2020-12-17 09:04:00,2020-12-17 09:16:00,12762.5,12728.25,34.25,12728.25,12748.25,12708.25,WIN,20.0,false,true,false,true,false,1.765,7.59
VWAP_ALIGN,2020-12-18,2020,2020-12,SHORT,2020-12-18 09:00:00,2020-12-18 09:02:00,2020-12-18 09:04:00,12787.75,12714.0,73.75,12714.0,12734.0,12694.0,WIN,20.0,false,true,false,true,true,1.297,9.93
VWAP_ALIGN,2020-12-21,2020,2020-12,SHORT,2020-12-21 10:02:00,2020-12-21 10:32:00,2020-12-21 10:41:00,12648.75,12565.0,83.75,12565.0,12585.0,12545.0,LOSS,-20.0,false,true,true,false,false,0.87,11.23
VWAP_ALIGN,2020-12-22,2020,2020-12,SHORT,2020-12-22 10:01:00,2020-12-22 10:02:00,2020-12-22 10:19:00,12754.25,12678.5,75.75,12678.5,12698.5,12658.5,LOSS,-20.0,false,true,false,true,true,1.619,10.25
VWAP_ALIGN,2020-12-24,2020,2020-12,LONG,2020-12-24 09:25:00,2020-12-24 09:26:00,2020-12-24 09:56:00,12717.5,12656.0,61.5,12717.5,12697.5,12737.5,LOSS,-20.0,true,false,true,false,false,1.807,5.96
VWAP_ALIGN,2020-12-28,2020,2020-12,SHORT,2020-12-28 09:05:00,2020-12-28 09:06:00,2020-12-28 09:08:00,12820.0,12782.75,37.25,12782.75,12802.75,12762.75,WIN,20.0,false,true,false,true,false,1.093,8.27
VWAP_ALIGN,2020-12-29,2020,2020-12,SHORT,2020-12-29 09:01:00,2020-12-29 09:11:00,2020-12-29 09:12:00,12918.25,12848.25,70.0,12848.25,12868.25,12828.25,WIN,20.0,false,true,false,true,true,1.439,11.79
VWAP_ALIGN,2020-12-30,2020,2020-12,SHORT,2020-12-30 09:08:00,2020-12-30 09:12:00,2020-12-30 09:38:00,12909.75,12849.75,60.0,12849.75,12869.75,12829.75,WIN,20.0,false,true,false,true,false,1.979,9.57
VWAP_ALIGN,2021-01-04,2021,2021-01,SHORT,2021-01-04 09:11:00,2021-01-04 09:12:00,2021-01-04 09:21:00,12941.25,12858.25,83.0,12858.25,12878.25,12838.25,LOSS,-20.0,false,true,false,true,false,1.873,11.34
VWAP_ALIGN,2021-01-05,2021,2021-01,LONG,2021-01-05 09:00:00,2021-01-05 09:04:00,2021-01-05 09:18:00,12768.75,12650.25,118.5,12768.75,12748.75,12788.75,LOSS,-20.0,true,false,true,false,false,1.598,11.02
VWAP_ALIGN,2021-01-06,2021,2021-01,LONG,2021-01-06 09:10:00,2021-01-06 09:12:00,2021-01-06 09:19:00,12668.0,12551.25,116.75,12668.0,12648.0,12688.0,WIN,20.0,true,false,true,false,true,1.75,16.12
VWAP_ALIGN,2021-01-07,2021,2021-01,LONG,2021-01-07 09:00:00,2021-01-07 09:01:00,2021-01-07 09:03:00,12839.75,12726.0,113.75,12839.75,12819.75,12859.75,WIN,20.0,true,false,true,false,false,1.326,11.05
VWAP_ALIGN,2021-01-08,2021,2021-01,SHORT,2021-01-08 09:26:00,2021-01-08 09:27:00,2021-01-08 09:28:00,13052.0,12985.75,66.25,12985.75,13005.75,12965.75,WIN,20.0,false,true,false,true,true,2.362,13.52
VWAP_ALIGN,2021-01-11,2021,2021-01,LONG,2021-01-11 09:17:00,2021-01-11 09:18:00,2021-01-11 09:28:00,12974.75,12892.25,82.5,12974.75,12954.75,12994.75,WIN,20.0,true,false,true,false,false,1.148,11.84
VWAP_ALIGN,2021-01-12,2021,2021-01,SHORT,2021-01-12 11:04:00,2021-01-12 11:05:00,2021-01-12 11:06:00,12948.0,12843.0,105.0,12843.0,12863.0,12823.0,WIN,20.0,false,true,false,true,true,2.923,9.34
VWAP_ALIGN,2021-01-13,2021,2021-01,LONG,2021-01-13 09:34:00,2021-01-13 09:35:00,2021-01-13 09:40:00,12945.5,12864.5,81.0,12945.5,12925.5,12965.5,WIN,20.0,true,false,true,false,false,1.284,7.7
VWAP_ALIGN,2021-01-14,2021,2021-01,LONG,2021-01-14 09:41:00,2021-01-14 09:45:00,2021-01-14 10:20:00,13015.0,12968.75,46.25,13015.0,12995.0,13035.0,LOSS,-20.0,true,false,true,false,true,2.429,7.52
VWAP_ALIGN,2021-01-18,2021,2021-01,LONG,2021-01-18 11:02:00,2021-01-18 11:06:00,2021-01-18 11:30:00,12814.0,12784.25,29.75,12814.0,12794.0,12834.0,TIME_EXIT,-8.0,true,false,true,false,true,2.764,2.07
VWAP_ALIGN,2021-01-19,2021,2021-01,SHORT,2021-01-19 10:15:00,2021-01-19 10:18:00,2021-01-19 10:40:00,12930.25,12860.5,69.75,12860.5,12880.5,12840.5,LOSS,-20.0,false,true,false,true,false,1.471,8.91
VWAP_ALIGN,2021-01-20,2021,2021-01,LONG,2021-01-20 09:07:00,2021-01-20 09:08:00,2021-01-20 09:10:00,13195.0,13121.0,74.0,13195.0,13175.0,13215.0,WIN,20.0,true,false,true,false,false,1.317,11.68
VWAP_ALIGN,2021-01-21,2021,2021-01,LONG,2021-01-21 09:10:00,2021-01-21 09:11:00,2021-01-21 09:12:00,13343.75,13283.25,60.5,13343.75,13323.75,13363.75,WIN,20.0,true,false,true,false,false,1.49,11.27
VWAP_ALIGN,2021-01-25,2021,2021-01,SHORT,2021-01-25 09:36:00,2021-01-25 09:44:00,2021-01-25 09:48:00,13554.5,13496.0,58.5,13496.0,13516.0,13476.0,WIN,20.0,false,true,false,true,false,1.957,9.41
VWAP_ALIGN,2021-01-26,2021,2021-01,LONG,2021-01-26 09:48:00,2021-01-26 09:49:00,2021-01-26 10:06:00,13509.25,13426.75,82.5,13509.25,13489.25,13529.25,WIN,20.0,true,false,true,false,false,1.994,9.68
VWAP_ALIGN,2021-02-02,2021,2021-02,LONG,2021-02-02 09:18:00,2021-02-02 09:19:00,2021-02-02 09:28:00,13423.25,13345.0,78.25,13423.25,13403.25,13443.25,LOSS,-20.0,true,false,true,false,false,1.788,13.55
VWAP_ALIGN,2021-02-03,2021,2021-02,SHORT,2021-02-03 09:10:00,2021-02-03 09:11:00,2021-02-03 09:19:00,13547.75,13461.5,86.25,13461.5,13481.5,13441.5,WIN,20.0,false,true,false,true,true,1.885,15.02
VWAP_ALIGN,2021-02-04,2021,2021-02,SHORT,2021-02-04 09:02:00,2021-02-04 09:04:00,2021-02-04 09:12:00,13480.25,13412.25,68.0,13412.25,13432.25,13392.25,LOSS,-20.0,false,true,false,true,true,2.049,16.73
VWAP_ALIGN,2021-02-05,2021,2021-02,SHORT,2021-02-05 09:00:00,2021-02-05 09:02:00,2021-02-05 09:06:00,13593.25,13535.25,58.0,13535.25,13555.25,13515.25,LOSS,-20.0,false,true,false,true,false,1.35,10.66
VWAP_ALIGN,2021-02-08,2021,2021-02,LONG,2021-02-08 09:04:00,2021-02-08 09:05:00,2021-02-08 09:22:00,13673.75,13632.75,41.0,13673.75,13653.75,13693.75,LOSS,-20.0,true,false,true,false,false,1.535,8.86
VWAP_ALIGN,2021-02-09,2021,2021-02,LONG,2021-02-09 09:00:00,2021-02-09 09:01:00,2021-02-09 09:33:00,13708.25,13645.25,63.0,13708.25,13688.25,13728.25,WIN,20.0,true,false,true,false,false,1.606,8.2
VWAP_ALIGN,2021-02-10,2021,2021-02,SHORT,2021-02-10 09:12:00,2021-02-10 09:13:00,2021-02-10 09:15:00,13762.0,13714.25,47.75,13714.25,13734.25,13694.25,WIN,20.0,false,true,false,true,true,1.909,8.68
VWAP_ALIGN,2021-02-11,2021,2021-02,LONG,2021-02-11 10:38:00,2021-02-11 10:43:00,2021-02-11 10:54:00,13738.75,13682.0,56.75,13738.75,13718.75,13758.75,LOSS,-20.0,true,false,true,false,false,0.973,4.45
VWAP_ALIGN,2021-02-12,2021,2021-02,LONG,2021-02-12 09:02:00,2021-02-12 09:14:00,2021-02-12 09:18:00,13705.5,13646.0,59.5,13705.5,13685.5,13725.5,LOSS,-20.0,true,false,true,false,false,1.506,9.73
VWAP_ALIGN,2021-02-16,2021,2021-02,LONG,2021-02-16 09:31:00,2021-02-16 09:32:00,2021-02-16 09:49:00,13868.5,13811.5,57.0,13868.5,13848.5,13888.5,LOSS,-20.0,true,false,true,false,false,1.196,7.48
VWAP_ALIGN,2021-02-17,2021,2021-02,SHORT,2021-02-17 09:21:00,2021-02-17 09:22:00,2021-02-17 09:27:00,13692.5,13610.75,81.75,13610.75,13630.75,13590.75,WIN,20.0,false,true,false,true,true,1.758,16.86
VWAP_ALIGN,2021-02-18,2021,2021-02,SHORT,2021-02-18 09:05:00,2021-02-18 09:06:00,2021-02-18 09:10:00,13583.5,13522.5,61.0,13522.5,13542.5,13502.5,WIN,20.0,false,true,false,true,true,2.665,14.45
VWAP_ALIGN,2021-02-19,2021,2021-02,SHORT,2021-02-19 09:11:00,2021-02-19 09:19:00,2021-02-19 09:24:00,13700.5,13641.0,59.5,13641.0,13661.0,13621.0,LOSS,-20.0,false,true,false,true,true,1.989,11.54
VWAP_ALIGN,2021-02-22,2021,2021-02,SHORT,2021-02-22 09:22:00,2021-02-22 09:24:00,2021-02-22 09:27:00,13439.0,13358.5,80.5,13358.5,13378.5,13338.5,WIN,20.0,false,true,false,true,false,1.932,16.48
VWAP_ALIGN,2021-02-24,2021,2021-02,SHORT,2021-02-24 09:01:00,2021-02-24 09:02:00,2021-02-24 09:03:00,13121.25,13002.0,119.25,13002.0,13022.0,12982.0,WIN,20.0,false,true,false,true,false,1.349,31.25
VWAP_ALIGN,2021-02-25,2021,2021-02,SHORT,2021-02-25 09:03:00,2021-02-25 09:04:00,2021-02-25 09:06:00,13290.0,13178.0,112.0,13178.0,13198.0,13158.0,WIN,20.0,false,true,false,true,false,1.331,18.11
VWAP_ALIGN,2021-03-01,2021,2021-03,LONG,2021-03-01 09:02:00,2021-03-01 09:17:00,2021-03-01 09:20:00,13115.5,13040.5,75.0,13115.5,13095.5,13135.5,WIN,20.0,true,false,true,false,false,1.472,21.89
VWAP_ALIGN,2021-03-11,2021,2021-03,SHORT,2021-03-11 09:18:00,2021-03-11 09:20:00,2021-03-11 09:22:00,13007.0,12931.25,75.75,12931.25,12951.25,12911.25,LOSS,-20.0,false,true,false,true,true,2.897,15.04
VWAP_ALIGN,2021-03-12,2021,2021-03,SHORT,2021-03-12 09:27:00,2021-03-12 09:52:00,2021-03-12 09:53:00,12894.75,12798.0,96.75,12798.0,12818.0,12778.0,WIN,20.0,false,true,false,true,true,1.983,16.3
VWAP_ALIGN,2021-03-15,2021,2021-03,LONG,2021-03-15 09:00:00,2021-03-15 09:07:00,2021-03-15 09:20:00,12967.75,12899.0,68.75,12967.75,12947.75,12987.75,LOSS,-20.0,true,false,true,false,false,1.519,9.91
VWAP_ALIGN,2021-03-17,2021,2021-03,SHORT,2021-03-17 09:01:00,2021-03-17 09:02:00,2021-03-17 09:19:00,13073.25,12989.75,83.5,12989.75,13009.75,12969.75,LOSS,-20.0,false,true,false,true,false,1.736,13.73
VWAP_ALIGN,2021-03-18,2021,2021-03,LONG,2021-03-18 10:14:00,2021-03-18 10:15:00,2021-03-18 10:35:00,12990.75,12927.25,63.5,12990.75,12970.75,13010.75,LOSS,-20.0,true,false,true,false,false,1.546,10.02
VWAP_ALIGN,2021-03-19,2021,2021-03,LONG,2021-03-19 09:02:00,2021-03-19 09:03:00,2021-03-19 09:09:00,12842.75,12731.5,111.25,12842.75,12822.75,12862.75,LOSS,-20.0,true,false,true,false,false,1.394,14.8
VWAP_ALIGN,2021-03-22,2021,2021-03,LONG,2021-03-22 09:10:00,2021-03-22 09:11:00,2021-03-22 09:24:00,13065.5,13009.75,55.75,13065.5,13045.5,13085.5,WIN,20.0,true,false,true,false,false,1.824,6.45
VWAP_ALIGN,2021-03-23,2021,2021-03,LONG,2021-03-23 09:00:00,2021-03-23 09:05:00,2021-03-23 09:06:00,13125.25,13051.0,74.25,13125.25,13105.25,13145.25,WIN,20.0,true,false,true,false,false,1.106,7.98
VWAP_ALIGN,2021-03-24,2021,2021-03,LONG,2021-03-24 09:02:00,2021-03-24 09:03:00,2021-03-24 09:07:00,13012.75,12924.25,88.5,13012.75,12992.75,13032.75,WIN,20.0,true,false,true,false,false,1.024,10.25
VWAP_ALIGN,2021-03-26,2021,2021-03,SHORT,2021-03-26 09:10:00,2021-03-26 09:17:00,2021-03-26 09:21:00,12864.25,12805.25,59.0,12805.25,12825.25,12785.25,WIN,20.0,false,true,false,true,true,2.161,11.18
VWAP_ALIGN,2021-03-29,2021,2021-03,LONG,2021-03-29 09:53:00,2021-03-29 09:54:00,2021-03-29 10:06:00,12906.75,12828.0,78.75,12906.75,12886.75,12926.75,LOSS,-20.0,true,false,true,false,false,1.515,13.66
VWAP_ALIGN,2021-03-30,2021,2021-03,LONG,2021-03-30 09:09:00,2021-03-30 09:10:00,2021-03-30 09:32:00,12874.5,12812.75,61.75,12874.5,12854.5,12894.5,WIN,20.0,true,false,true,false,false,1.428,11.46
VWAP_ALIGN,2021-03-31,2021,2021-03,LONG,2021-03-31 10:00:00,2021-03-31 10:01:00,2021-03-31 10:40:00,13126.75,13074.75,52.0,13126.75,13106.75,13146.75,WIN,20.0,true,false,true,false,false,2.096,6.38
VWAP_ALIGN,2021-04-05,2021,2021-04,LONG,2021-04-05 09:32:00,2021-04-05 09:33:00,2021-04-05 10:19:00,13538.25,13511.25,27.0,13538.25,13518.25,13558.25,WIN,20.0,true,false,true,false,true,3.672,6.23
VWAP_ALIGN,2021-04-06,2021,2021-04,LONG,2021-04-06 09:10:00,2021-04-06 09:11:00,2021-04-06 09:15:00,13618.75,13563.75,55.0,13618.75,13598.75,13638.75,WIN,20.0,true,false,true,false,true,2.178,8.45
VWAP_ALIGN,2021-04-07,2021,2021-04,LONG,2021-04-07 09:02:00,2021-04-07 09:05:00,2021-04-07 09:27:00,13620.5,13591.25,29.25,13620.5,13600.5,13640.5,LOSS,-20.0,true,false,true,false,false,2.158,7.3
VWAP_ALIGN,2021-04-08,2021,2021-04,SHORT,2021-04-08 09:02:00,2021-04-08 09:16:00,2021-04-08 09:23:00,13739.75,13703.25,36.5,13703.25,13723.25,13683.25,LOSS,-20.0,false,true,false,true,true,2.072,9.11
VWAP_ALIGN,2021-04-09,2021,2021-04,SHORT,2021-04-09 09:04:00,2021-04-09 09:05:00,2021-04-09 09:13:00,13739.0,13702.75,36.25,13702.75,13722.75,13682.75,LOSS,-20.0,false,true,false,true,false,2.407,8.73
VWAP_ALIGN,2021-04-12,2021,2021-04,LONG,2021-04-12 09:03:00,2021-04-12 09:04:00,2021-04-12 09:37:00,13781.75,13732.0,49.75,13781.75,13761.75,13801.75,LOSS,-20.0,true,false,true,false,false,0.745,6.12
VWAP_ALIGN,2021-04-13,2021,2021-04,LONG,2021-04-13 11:26:00,2021-04-13 11:27:00,2021-04-13 11:30:00,13936.75,13911.0,25.75,13936.75,13916.75,13956.75,TIME_EXIT,-2.0,true,false,true,false,false,0.8,3.23
VWAP_ALIGN,2021-04-14,2021,2021-04,SHORT,2021-04-14 09:02:00,2021-04-14 09:03:00,2021-04-14 09:12:00,13958.0,13912.5,45.5,13912.5,13932.5,13892.5,WIN,20.0,false,true,false,true,false,1.943,10.05
VWAP_ALIGN,2021-04-15,2021,2021-04,LONG,2021-04-15 09:03:00,2021-04-15 09:04:00,2021-04-15 09:27:00,14001.75,13974.5,27.25,14001.75,13981.75,14021.75,LOSS,-20.0,true,false,true,false,true,2.962,7.48
VWAP_ALIGN,2021-04-16,2021,2021-04,LONG,2021-04-16 10:01:00,2021-04-16 10:08:00,2021-04-16 11:30:00,14017.75,13979.5,38.25,14017.75,13997.75,14037.75,TIME_EXIT,-6.0,true,false,true,false,false,1.84,5.71
VWAP_ALIGN,2021-04-19,2021,2021-04,SHORT,2021-04-19 09:45:00,2021-04-19 10:03:00,2021-04-19 10:09:00,13944.5,13861.0,83.5,13861.0,13881.0,13841.0,LOSS,-20.0,false,true,false,true,false,1.898,11.25
VWAP_ALIGN,2021-04-20,2021,2021-04,SHORT,2021-04-20 09:27:00,2021-04-20 09:57:00,2021-04-20 09:59:00,13884.5,13786.5,98.0,13786.5,13806.5,13766.5,WIN,20.0,false,true,false,true,false,0.655,14.82
VWAP_ALIGN,2021-04-21,2021,2021-04,LONG,2021-04-21 09:12:00,2021-04-21 09:13:00,2021-04-21 09:16:00,13816.5,13768.25,48.25,13816.5,13796.5,13836.5,WIN,20.0,true,false,true,false,false,1.524,9.8
VWAP_ALIGN,2021-04-22,2021,2021-04,SHORT,2021-04-22 09:58:00,2021-04-22 09:59:00,2021-04-22 10:30:00,13944.75,13910.25,34.5,13910.25,13930.25,13890.25,LOSS,-20.0,false,true,false,true,false,1.599,5.62
VWAP_ALIGN,2021-04-23,2021,2021-04,LONG,2021-04-23 09:00:00,2021-04-23 09:10:00,2021-04-23 09:19:00,13874.0,13825.0,49.0,13874.0,13854.0,13894.0,WIN,20.0,true,false,true,false,false,1.278,7.02
VWAP_ALIGN,2021-04-26,2021,2021-04,LONG,2021-04-26 09:03:00,2021-04-26 09:11:00,2021-04-26 10:08:00,13978.25,13944.5,33.75,13978.25,13958.25,13998.25,LOSS,-20.0,true,false,true,false,false,2.368,6.71
VWAP_ALIGN,2021-04-27,2021,2021-04,LONG,2021-04-27 10:38:00,2021-04-27 10:53:00,2021-04-27 11:30:00,13964.0,13912.5,51.5,13964.0,13944.0,13984.0,TIME_EXIT,0.25,true,false,true,false,true,1.876,3.89
VWAP_ALIGN,2021-04-28,2021,2021-04,SHORT,2021-04-28 09:17:00,2021-04-28 09:46:00,2021-04-28 10:00:00,13950.0,13900.5,49.5,13900.5,13920.5,13880.5,WIN,20.0,false,true,false,true,false,1.992,7.98
VWAP_ALIGN,2021-04-29,2021,2021-04,SHORT,2021-04-29 09:55:00,2021-04-29 09:56:00,2021-04-29 09:57:00,13946.75,13883.25,63.5,13883.25,13903.25,13863.25,WIN,20.0,false,true,false,true,true,3.515,9.93
VWAP_ALIGN,2021-04-30,2021,2021-04,SHORT,2021-04-30 09:01:00,2021-04-30 09:02:00,2021-04-30 09:16:00,13956.75,13898.0,58.75,13898.0,13918.0,13878.0,WIN,20.0,false,true,false,true,false,1.486,10.04
VWAP_ALIGN,2021-05-03,2021,2021-05,SHORT,2021-05-03 09:00:00,2021-05-03 09:04:00,2021-05-03 09:11:00,13936.75,13837.5,99.25,13837.5,13857.5,13817.5,WIN,20.0,false,true,false,true,false,1.854,11.48
VWAP_ALIGN,2021-05-04,2021,2021-05,SHORT,2021-05-04 09:01:00,2021-05-04 09:05:00,2021-05-04 09:13:00,13546.0,13471.0,75.0,13471.0,13491.0,13451.0,WIN,20.0,false,true,false,true,false,1.717,13.43
VWAP_ALIGN,2021-05-05,2021,2021-05,LONG,2021-05-05 09:03:00,2021-05-05 09:05:00,2021-05-05 09:11:00,13621.0,13577.25,43.75,13621.0,13601.0,13641.0,LOSS,-20.0,true,false,true,false,false,2.028,11.29
VWAP_ALIGN,2021-05-06,2021,2021-05,SHORT,2021-05-06 09:11:00,2021-05-06 09:14:00,2021-05-06 09:17:00,13488.0,13411.75,76.25,13411.75,13431.75,13391.75,LOSS,-20.0,false,true,false,true,false,1.261,13.71
VWAP_ALIGN,2021-05-07,2021,2021-05,SHORT,2021-05-07 10:38:00,2021-05-07 10:57:00,2021-05-07 11:06:00,13800.5,13746.75,53.75,13746.75,13766.75,13726.75,WIN,20.0,false,true,false,true,false,0.745,7.45
VWAP_ALIGN,2021-05-12,2021,2021-05,SHORT,2021-05-12 09:38:00,2021-05-12 09:50:00,2021-05-12 09:55:00,13122.5,13036.0,86.5,13036.0,13056.0,13016.0,WIN,20.0,false,true,false,true,false,1.382,11.52
VWAP_ALIGN,2021-05-14,2021,2021-05,LONG,2021-05-14 09:00:00,2021-05-14 09:13:00,2021-05-14 10:03:00,13328.25,13286.0,42.25,13328.25,13308.25,13348.25,WIN,20.0,true,false,true,false,false,1.375,6.5
VWAP_ALIGN,2021-05-17,2021,2021-05,SHORT,2021-05-17 09:10:00,2021-05-17 09:12:00,2021-05-17 09:22:00,13328.5,13258.75,69.75,13258.75,13278.75,13238.75,LOSS,-20.0,false,true,false,true,true,2.475,15.43
VWAP_ALIGN,2021-05-18,2021,2021-05,SHORT,2021-05-18 09:56:00,2021-05-18 10:26:00,2021-05-18 11:05:00,13396.5,13366.25,30.25,13366.25,13386.25,13346.25,WIN,20.0,false,true,false,true,false,0.669,6.48
VWAP_ALIGN,2021-05-19,2021,2021-05,LONG,2021-05-19 09:08:00,2021-05-19 09:10:00,2021-05-19 09:14:00,13117.5,13044.0,73.5,13117.5,13097.5,13137.5,WIN,20.0,true,false,true,false,true,2.898,15.05
VWAP_ALIGN,2021-05-20,2021,2021-05,LONG,2021-05-20 09:19:00,2021-05-20 09:26:00,2021-05-20 09:28:00,13447.0,13415.25,31.75,13447.0,13427.0,13467.0,WIN,20.0,true,false,true,false,false,1.393,5.75
VWAP_ALIGN,2021-05-21,2021,2021-05,SHORT,2021-05-21 09:28:00,2021-05-21 09:29:00,2021-05-21 09:34:00,13507.5,13443.75,63.75,13443.75,13463.75,13423.75,LOSS,-20.0,false,true,false,true,false,2.272,8.12
VWAP_ALIGN,2021-05-24,2021,2021-05,LONG,2021-05-24 09:17:00,2021-05-24 09:18:00,2021-05-24 10:55:00,13649.75,13627.75,22.0,13649.75,13629.75,13669.75,LOSS,-20.0,true,false,true,false,false,2.143,5.46
VWAP_ALIGN,2021-05-25,2021,2021-05,SHORT,2021-05-25 09:16:00,2021-05-25 09:26:00,2021-05-25 09:33:00,13686.5,13636.5,50.0,13636.5,13656.5,13616.5,WIN,20.0,false,true,false,true,false,2.026,11.82
VWAP_ALIGN,2021-05-26,2021,2021-05,LONG,2021-05-26 09:06:00,2021-05-26 09:15:00,2021-05-26 09:31:00,13713.25,13691.0,22.25,13713.25,13693.25,13733.25,LOSS,-20.0,true,false,true,false,false,1.679,6.12
VWAP_ALIGN,2021-05-28,2021,2021-05,LONG,2021-05-28 09:32:00,2021-05-28 09:35:00,2021-05-28 10:01:00,13731.25,13697.25,34.0,13731.25,13711.25,13751.25,WIN,20.0,true,false,true,false,false,2.262,3.79
VWAP_ALIGN,2021-06-02,2021,2021-06,SHORT,2021-06-02 10:22:00,2021-06-02 10:23:00,2021-06-02 11:22:00,13712.75,13674.25,38.5,13674.25,13694.25,13654.25,WIN,20.0,false,true,false,true,false,1.919,4.77
VWAP_ALIGN,2021-06-03,2021,2021-06,LONG,2021-06-03 09:00:00,2021-06-03 09:01:00,2021-06-03 09:05:00,13579.0,13480.25,98.75,13579.0,13559.0,13599.0,WIN,20.0,true,false,true,false,false,1.457,12.27
VWAP_ALIGN,2021-06-04,2021,2021-06,LONG,2021-06-04 09:17:00,2021-06-04 09:19:00,2021-06-04 11:19:00,13756.25,13722.0,34.25,13756.25,13736.25,13776.25,TIME_EXIT,8.5,true,false,true,false,false,1.795,5.36
VWAP_ALIGN,2021-06-07,2021,2021-06,LONG,2021-06-07 10:07:00,2021-06-07 10:08:00,2021-06-07 11:30:00,13752.5,13720.0,32.5,13752.5,13732.5,13772.5,TIME_EXIT,-1.5,true,false,true,false,false,1.09,4.36
VWAP_ALIGN,2021-06-08,2021,2021-06,SHORT,2021-06-08 09:04:00,2021-06-08 09:14:00,2021-06-08 09:19:00,13838.5,13797.5,41.0,13797.5,13817.5,13777.5,WIN,20.0,false,true,false,true,false,1.522,10.02
VWAP_ALIGN,2021-06-09,2021,2021-06,SHORT,2021-06-09 09:35:00,2021-06-09 09:53:00,2021-06-09 10:22:00,13866.75,13836.0,30.75,13836.0,13856.0,13816.0,LOSS,-20.0,false,true,false,true,false,1.996,6.34
VWAP_ALIGN,2021-06-11,2021,2021-06,SHORT,2021-06-11 09:02:00,2021-06-11 09:03:00,2021-06-11 09:08:00,13980.25,13937.75,42.5,13937.75,13957.75,13917.75,LOSS,-20.0,false,true,false,true,false,0.613,9.91
VWAP_ALIGN,2021-06-14,2021,2021-06,LONG,2021-06-14 09:00:00,2021-06-14 09:02:00,2021-06-14 09:55:00,14014.25,13981.75,32.5,14014.25,13994.25,14034.25,WIN,20.0,true,false,true,false,false,1.105,4.79
VWAP_ALIGN,2021-06-15,2021,2021-06,SHORT,2021-06-15 09:28:00,2021-06-15 09:30:00,2021-06-15 09:39:00,14074.5,14049.5,25.0,14049.5,14069.5,14029.5,WIN,20.0,false,true,false,true,false,2.151,6.09
VWAP_ALIGN,2021-06-16,2021,2021-06,SHORT,2021-06-16 09:07:00,2021-06-16 09:08:00,2021-06-16 09:36:00,14083.75,14048.75,35.0,14048.75,14068.75,14028.75,WIN,20.0,false,true,false,true,true,1.83,4.55
VWAP_ALIGN,2021-06-17,2021,2021-06,LONG,2021-06-17 09:39:00,2021-06-17 10:09:00,2021-06-17 10:18:00,14128.5,14087.0,41.5,14128.5,14108.5,14148.5,LOSS,-20.0,true,false,true,false,false,0.645,7.02
VWAP_ALIGN,2021-06-18,2021,2021-06,SHORT,2021-06-18 09:09:00,2021-06-18 09:10:00,2021-06-18 09:12:00,14125.0,14064.0,61.0,14064.0,14084.0,14044.0,WIN,20.0,false,true,false,true,false,1.173,10.38
VWAP_ALIGN,2021-06-21,2021,2021-06,LONG,2021-06-21 09:03:00,2021-06-21 09:04:00,2021-06-21 09:26:00,14115.0,14033.75,81.25,14115.0,14095.0,14135.0,LOSS,-20.0,true,false,true,false,false,1.21,7.88
VWAP_ALIGN,2021-06-22,2021,2021-06,LONG,2021-06-22 09:09:00,2021-06-22 09:10:00,2021-06-22 09:24:00,14184.75,14146.5,38.25,14184.75,14164.75,14204.75,WIN,20.0,true,false,true,false,false,1.707,6.11
VWAP_ALIGN,2021-06-23,2021,2021-06,SHORT,2021-06-23 09:02:00,2021-06-23 09:03:00,2021-06-23 09:53:00,14300.75,14265.0,35.75,14265.0,14285.0,14245.0,LOSS,-20.0,false,true,false,true,false,1.371,7.46
VWAP_ALIGN,2021-06-24,2021,2021-06,LONG,2021-06-24 10:13:00,2021-06-24 10:14:00,2021-06-24 10:46:00,14411.75,14387.75,24.0,14411.75,14391.75,14431.75,LOSS,-20.0,true,false,true,false,true,4.542,3.66
VWAP_ALIGN,2021-06-25,2021,2021-06,SHORT,2021-06-25 10:22:00,2021-06-25 10:25:00,2021-06-25 11:30:00,14372.75,14335.75,37.0,14335.75,14355.75,14315.75,TIME_EXIT,5.75,false,true,false,true,false,1.471,4.43
VWAP_ALIGN,2021-06-28,2021,2021-06,LONG,2021-06-28 10:24:00,2021-06-28 10:26:00,2021-06-28 11:06:00,14488.0,14458.75,29.25,14488.0,14468.0,14508.0,LOSS,-20.0,true,false,true,false,false,2.628,4.77
VWAP_ALIGN,2021-06-29,2021,2021-06,LONG,2021-06-29 10:19:00,2021-06-29 10:20:00,2021-06-29 10:53:00,14532.5,14492.75,39.75,14532.5,14512.5,14552.5,WIN,20.0,true,false,true,false,false,3.056,3.62
VWAP_ALIGN,2021-06-30,2021,2021-06,SHORT,2021-06-30 10:24:00,2021-06-30 10:25:00,2021-06-30 10:28:00,14571.5,14541.25,30.25,14541.25,14561.25,14521.25,WIN,20.0,false,true,false,true,false,2.121,4.12
VWAP_ALIGN,2021-07-01,2021,2021-07,SHORT,2021-07-01 09:06:00,2021-07-01 09:07:00,2021-07-01 09:08:00,14551.25,14522.75,28.5,14522.75,14542.75,14502.75,WIN,20.0,false,true,false,true,true,1.871,6.77
VWAP_ALIGN,2021-07-02,2021,2021-07,LONG,2021-07-02 09:12:00,2021-07-02 09:37:00,2021-07-02 09:54:00,14648.5,14625.5,23.0,14648.5,14628.5,14668.5,WIN,20.0,true,false,true,false,false,1.406,4.7
VWAP_ALIGN,2021-07-06,2021,2021-07,SHORT,2021-07-06 09:45:00,2021-07-06 09:47:00,2021-07-06 10:07:00,14771.75,14714.75,57.0,14714.75,14734.75,14694.75,WIN,20.0,false,true,false,true,false,2.296,6.96
VWAP_ALIGN,2021-07-07,2021,2021-07,LONG,2021-07-07 09:49:00,2021-07-07 09:50:00,2021-07-07 09:55:00,14806.0,14726.25,79.75,14806.0,14786.0,14826.0,WIN,20.0,true,false,true,false,false,1.589,7.61
VWAP_ALIGN,2021-07-08,2021,2021-07,SHORT,2021-07-08 09:00:00,2021-07-08 09:01:00,2021-07-08 09:05:00,14657.5,14577.5,80.0,14577.5,14597.5,14557.5,LOSS,-20.0,false,true,false,true,false,1.284,13.46
VWAP_ALIGN,2021-07-09,2021,2021-07,LONG,2021-07-09 09:00:00,2021-07-09 09:01:00,2021-07-09 09:24:00,14775.25,14703.5,71.75,14775.25,14755.25,14795.25,WIN,20.0,true,false,true,false,false,1.161,6.98
VWAP_ALIGN,2021-07-12,2021,2021-07,LONG,2021-07-12 09:01:00,2021-07-12 09:02:00,2021-07-12 09:22:00,14852.25,14817.25,35.0,14852.25,14832.25,14872.25,LOSS,-20.0,true,false,true,false,false,1.222,7.29
VWAP_ALIGN,2021-07-13,2021,2021-07,LONG,2021-07-13 09:19:00,2021-07-13 09:20:00,2021-07-13 09:31:00,14973.0,14943.0,30.0,14973.0,14953.0,14993.0,WIN,20.0,true,false,true,false,false,2.339,5.45
VWAP_ALIGN,2021-07-14,2021,2021-07,SHORT,2021-07-14 09:27:00,2021-07-14 09:28:00,2021-07-14 09:29:00,14990.5,14937.25,53.25,14937.25,14957.25,14917.25,WIN,20.0,false,true,false,true,true,2.293,7.52
VWAP_ALIGN,2021-07-15,2021,2021-07,SHORT,2021-07-15 10:03:00,2021-07-15 10:08:00,2021-07-15 10:10:00,14843.25,14755.0,88.25,14755.0,14775.0,14735.0,WIN,20.0,false,true,false,true,false,2.24,9.25
VWAP_ALIGN,2021-07-16,2021,2021-07,SHORT,2021-07-16 09:04:00,2021-07-16 09:05:00,2021-07-16 09:13:00,14786.75,14739.0,47.75,14739.0,14759.0,14719.0,WIN,20.0,false,true,false,true,false,2.24,11.0
VWAP_ALIGN,2021-07-19,2021,2021-07,LONG,2021-07-19 09:03:00,2021-07-19 09:26:00,2021-07-19 09:28:00,14518.5,14445.0,73.5,14518.5,14498.5,14538.5,WIN,20.0,true,false,true,false,false,1.436,15.95
VWAP_ALIGN,2021-07-20,2021,2021-07,LONG,2021-07-20 09:08:00,2021-07-20 09:12:00,2021-07-20 09:41:00,14660.5,14581.25,79.25,14660.5,14640.5,14680.5,WIN,20.0,true,false,true,false,false,1.513,8.16
VWAP_ALIGN,2021-07-21,2021,2021-07,LONG,2021-07-21 09:00:00,2021-07-21 09:01:00,2021-07-21 10:57:00,14766.75,14743.25,23.5,14766.75,14746.75,14786.75,LOSS,-20.0,true,false,true,false,true,2.014,7.18
VWAP_ALIGN,2021-07-22,2021,2021-07,SHORT,2021-07-22 10:31:00,2021-07-22 11:01:00,2021-07-22 11:30:00,14923.25,14894.5,28.75,14894.5,14914.5,14874.5,TIME_EXIT,-11.5,false,true,true,false,false,0.712,7.02
VWAP_ALIGN,2021-07-23,2021,2021-07,LONG,2021-07-23 09:02:00,2021-07-23 09:03:00,2021-07-23 09:18:00,15020.0,14992.75,27.25,15020.0,15000.0,15040.0,WIN,20.0,true,false,true,false,false,1.352,6.16
VWAP_ALIGN,2021-07-26,2021,2021-07,LONG,2021-07-26 09:56:00,2021-07-26 09:57:00,2021-07-26 10:31:00,15122.0,15082.25,39.75,15122.0,15102.0,15142.0,LOSS,-20.0,true,false,true,false,false,2.852,3.89
VWAP_ALIGN,2021-07-27,2021,2021-07,SHORT,2021-07-27 09:16:00,2021-07-27 09:17:00,2021-07-27 09:19:00,14987.5,14886.25,101.25,14886.25,14906.25,14866.25,WIN,20.0,false,true,false,true,false,1.575,12.43
VWAP_ALIGN,2021-07-28,2021,2021-07,SHORT,2021-07-28 09:51:00,2021-07-28 09:52:00,2021-07-28 10:06:00,15074.5,14997.5,77.0,14997.5,15017.5,14977.5,LOSS,-20.0,false,true,false,true,false,0.652,8.77
VWAP_ALIGN,2021-07-29,2021,2021-07,LONG,2021-07-29 09:01:00,2021-07-29 09:07:00,2021-07-29 09:32:00,15080.25,15049.0,31.25,15080.25,15060.25,15100.25,LOSS,-20.0,true,false,true,false,true,1.69,6.8
VWAP_ALIGN,2021-07-30,2021,2021-07,LONG,2021-07-30 10:18:00,2021-07-30 10:19:00,2021-07-30 11:00:00,14957.0,14920.0,37.0,14957.0,14937.0,14977.0,WIN,20.0,true,false,true,false,false,1.273,6.27
VWAP_ALIGN,2021-08-02,2021,2021-08,LONG,2021-08-02 09:05:00,2021-08-02 09:08:00,2021-08-02 09:37:00,15030.75,14990.25,40.5,15030.75,15010.75,15050.75,WIN,20.0,true,false,true,false,false,1.665,7.14
VWAP_ALIGN,2021-08-03,2021,2021-08,SHORT,2021-08-03 09:19:00,2021-08-03 09:25:00,2021-08-03 09:28:00,14937.25,14869.75,67.5,14869.75,14889.75,14849.75,LOSS,-20.0,false,true,false,true,false,1.31,14.12
VWAP_ALIGN,2021-08-04,2021,2021-08,LONG,2021-08-04 09:01:00,2021-08-04 09:05:00,2021-08-04 09:21:00,15044.0,14997.0,47.0,15044.0,15024.0,15064.0,LOSS,-20.0,true,false,true,false,false,1.223,8.34
VWAP_ALIGN,2021-08-05,2021,2021-08,LONG,2021-08-05 09:00:00,2021-08-05 09:01:00,2021-08-05 11:01:00,15153.0,15115.0,38.0,15153.0,15133.0,15173.0,TIME_EXIT,-12.75,true,false,true,false,true,1.65,5.27
VWAP_ALIGN,2021-08-06,2021,2021-08,SHORT,2021-08-06 09:04:00,2021-08-06 09:11:00,2021-08-06 09:23:00,15122.5,15068.0,54.5,15068.0,15088.0,15048.0,LOSS,-20.0,false,true,false,true,true,1.637,7.96
VWAP_ALIGN,2021-08-09,2021,2021-08,SHORT,2021-08-09 09:13:00,2021-08-09 09:14:00,2021-08-09 09:59:00,15138.5,15100.75,37.75,15100.75,15120.75,15080.75,LOSS,-20.0,false,true,false,true,false,1.442,8.04
VWAP_ALIGN,2021-08-10,2021,2021-08,SHORT,2021-08-10 09:12:00,2021-08-10 09:13:00,2021-08-10 09:22:00,15096.75,15006.5,90.25,15006.5,15026.5,14986.5,LOSS,-20.0,false,true,false,true,false,1.52,13.29
VWAP_ALIGN,2021-08-11,2021,2021-08,SHORT,2021-08-11 09:00:00,2021-08-11 09:01:00,2021-08-11 09:03:00,15053.0,15009.0,44.0,15009.0,15029.0,14989.0,WIN,20.0,false,true,false,true,false,1.767,8.89
VWAP_ALIGN,2021-08-12,2021,2021-08,LONG,2021-08-12 09:02:00,2021-08-12 09:32:00,2021-08-12 11:03:00,15053.75,15019.0,34.75,15053.75,15033.75,15073.75,LOSS,-20.0,true,false,true,false,true,1.084,7.5
VWAP_ALIGN,2021-08-17,2021,2021-08,SHORT,2021-08-17 09:12:00,2021-08-17 09:26:00,2021-08-17 09:30:00,15058.0,14996.0,62.0,14996.0,15016.0,14976.0,WIN,20.0,false,true,false,true,false,1.69,9.91
VWAP_ALIGN,2021-08-18,2021,2021-08,SHORT,2021-08-18 09:11:00,2021-08-18 09:12:00,2021-08-18 09:36:00,15027.25,14985.0,42.25,14985.0,15005.0,14965.0,WIN,20.0,false,true,false,true,false,2.303,8.62
VWAP_ALIGN,2021-08-19,2021,2021-08,LONG,2021-08-19 09:00:00,2021-08-19 09:02:00,2021-08-19 09:12:00,14899.5,14823.5,76.0,14899.5,14879.5,14919.5,WIN,20.0,true,false,true,false,false,1.544,12.88
VWAP_ALIGN,2021-08-23,2021,2021-08,LONG,2021-08-23 09:00:00,2021-08-23 09:01:00,2021-08-23 09:39:00,15272.75,15238.0,34.75,15272.75,15252.75,15292.75,WIN,20.0,true,false,true,false,false,1.188,4.43
VWAP_ALIGN,2021-08-24,2021,2021-08,SHORT,2021-08-24 09:26:00,2021-08-24 09:27:00,2021-08-24 09:30:00,15380.5,15353.75,26.75,15353.75,15373.75,15333.75,WIN,20.0,false,true,false,true,true,2.536,5.05
VWAP_ALIGN,2021-08-25,2021,2021-08,LONG,2021-08-25 10:56:00,2021-08-25 10:57:00,2021-08-25 11:28:00,15366.25,15333.0,33.25,15366.25,15346.25,15386.25,LOSS,-20.0,true,false,true,false,true,3.05,3.07
VWAP_ALIGN,2021-08-26,2021,2021-08,SHORT,2021-08-26 09:01:00,2021-08-26 09:02:00,2021-08-26 09:09:00,15319.5,15270.25,49.25,15270.25,15290.25,15250.25,LOSS,-20.0,false,true,false,true,true,2.19,12.77
VWAP_ALIGN,2021-08-27,2021,2021-08,LONG,2021-08-27 10:02:00,2021-08-27 10:06:00,2021-08-27 11:30:00,15418.5,15358.75,59.75,15418.5,15398.5,15438.5,TIME_EXIT,14.25,true,false,true,false,false,1.21,3.91
VWAP_ALIGN,2021-08-31,2021,2021-08,LONG,2021-08-31 09:20:00,2021-08-31 09:21:00,2021-08-31 10:29:00,15568.5,15537.0,31.5,15568.5,15548.5,15588.5,WIN,20.0,true,false,true,false,false,1.611,6.57
VWAP_ALIGN,2021-09-02,2021,2021-09,SHORT,2021-09-02 09:08:00,2021-09-02 09:09:00,2021-09-02 09:15:00,15648.75,15622.5,26.25,15622.5,15642.5,15602.5,LOSS,-20.0,false,true,false,true,true,1.812,5.16
VWAP_ALIGN,2021-09-03,2021,2021-09,LONG,2021-09-03 09:15:00,2021-09-03 09:16:00,2021-09-03 11:13:00,15639.5,15603.75,35.75,15639.5,15619.5,15659.5,WIN,20.0,true,false,true,false,false,1.357,5.77
VWAP_ALIGN,2021-09-07,2021,2021-09,LONG,2021-09-07 10:08:00,2021-09-07 10:14:00,2021-09-07 10:45:00,15677.75,15629.5,48.25,15677.75,15657.75,15697.75,WIN,20.0,true,false,true,false,false,1.325,7.0
VWAP_ALIGN,2021-09-08,2021,2021-09,SHORT,2021-09-08 09:50:00,2021-09-08 09:52:00,2021-09-08 10:01:00,15633.0,15534.5,98.5,15534.5,15554.5,15514.5,LOSS,-20.0,false,true,false,true,false,1.692,7.77
VWAP_ALIGN,2021-09-10,2021,2021-09,SHORT,2021-09-10 09:20:00,2021-09-10 09:28:00,2021-09-10 09:30:00,15609.25,15559.0,50.25,15559.0,15579.0,15539.0,WIN,20.0,false,true,false,true,false,1.728,9.59
VWAP_ALIGN,2021-09-13,2021,2021-09,SHORT,2021-09-13 09:15:00,2021-09-13 09:18:00,2021-09-13 09:29:00,15440.75,15365.25,75.5,15365.25,15385.25,15345.25,LOSS,-20.0,false,true,false,true,false,2.753,13.79
VWAP_ALIGN,2021-09-14,2021,2021-09,LONG,2021-09-14 09:35:00,2021-09-14 09:36:00,2021-09-14 09:38:00,15444.0,15386.25,57.75,15444.0,15424.0,15464.0,WIN,20.0,true,false,true,false,false,1.133,6.39
VWAP_ALIGN,2021-09-15,2021,2021-09,LONG,2021-09-15 10:24:00,2021-09-15 10:25:00,2021-09-15 10:26:00,15370.75,15318.5,52.25,15370.75,15350.75,15390.75,WIN,20.0,true,false,true,false,true,2.62,4.75
VWAP_ALIGN,2021-09-16,2021,2021-09,SHORT,2021-09-16 09:19:00,2021-09-16 09:20:00,2021-09-16 09:37:00,15412.25,15366.25,46.0,15366.25,15386.25,15346.25,LOSS,-20.0,false,true,false,true,false,1.365,9.8
VWAP_ALIGN,2021-09-17,2021,2021-09,SHORT,2021-09-17 09:04:00,2021-09-17 09:05:00,2021-09-17 09:12:00,15387.5,15335.0,52.5,15335.0,15355.0,15315.0,WIN,20.0,false,true,false,true,false,1.531,9.43
VWAP_ALIGN,2021-09-20,2021,2021-09,SHORT,2021-09-20 09:01:00,2021-09-20 09:02:00,2021-09-20 09:05:00,15052.5,14989.25,63.25,14989.25,15009.25,14969.25,LOSS,-20.0,false,true,false,true,false,0.929,13.66
VWAP_ALIGN,2021-09-21,2021,2021-09,LONG,2021-09-21 09:13:00,2021-09-21 09:19:00,2021-09-21 09:32:00,15053.0,14974.5,78.5,15053.0,15033.0,15073.0,WIN,20.0,true,false,true,false,false,1.286,13.82
VWAP_ALIGN,2021-09-22,2021,2021-09,LONG,2021-09-22 09:00:00,2021-09-22 09:01:00,2021-09-22 09:32:00,15138.0,15111.25,26.75,15138.0,15118.0,15158.0,WIN,20.0,true,false,true,false,false,1.588,7.96
VWAP_ALIGN,2021-09-24,2021,2021-09,LONG,2021-09-24 09:52:00,2021-09-24 09:53:00,2021-09-24 10:13:00,15251.0,15205.0,46.0,15251.0,15231.0,15271.0,WIN,20.0,true,false,true,false,true,2.578,6.38
VWAP_ALIGN,2021-09-27,2021,2021-09,SHORT,2021-09-27 09:00:00,2021-09-27 09:26:00,2021-09-27 09:37:00,15207.5,15177.5,30.0,15177.5,15197.5,15157.5,WIN,20.0,false,true,false,true,false,1.759,9.34
VWAP_ALIGN,2021-09-28,2021,2021-09,SHORT,2021-09-28 09:01:00,2021-09-28 09:02:00,2021-09-28 09:08:00,14883.0,14819.5,63.5,14819.5,14839.5,14799.5,WIN,20.0,false,true,false,true,false,0.941,17.09
VWAP_ALIGN,2021-09-29,2021,2021-09,SHORT,2021-09-29 09:22:00,2021-09-29 09:23:00,2021-09-29 09:31:00,14889.0,14819.25,69.75,14819.25,14839.25,14799.25,WIN,20.0,false,true,false,true,false,1.499,10.16
VWAP_ALIGN,2021-09-30,2021,2021-09,SHORT,2021-09-30 09:38:00,2021-09-30 09:39:00,2021-09-30 09:40:00,14837.5,14771.5,66.0,14771.5,14791.5,14751.5,WIN,20.0,false,true,false,true,false,2.344,12.55
VWAP_ALIGN,2021-10-01,2021,2021-10,LONG,2021-10-01 09:01:00,2021-10-01 09:13:00,2021-10-01 09:14:00,14623.0,14537.0,86.0,14623.0,14603.0,14643.0,WIN,20.0,true,false,true,false,false,1.172,14.0
VWAP_ALIGN,2021-10-04,2021,2021-10,SHORT,2021-10-04 09:37:00,2021-10-04 09:38:00,2021-10-04 09:53:00,14511.25,14402.0,109.25,14402.0,14422.0,14382.0,LOSS,-20.0,false,true,false,true,false,1.612,17.04
VWAP_ALIGN,2021-10-05,2021,2021-10,LONG,2021-10-05 09:00:00,2021-10-05 09:01:00,2021-10-05 09:06:00,14679.5,14611.0,68.5,14679.5,14659.5,14699.5,WIN,20.0,true,false,true,false,false,1.413,7.62
VWAP_ALIGN,2021-10-06,2021,2021-10,SHORT,2021-10-06 11:07:00,2021-10-06 11:25:00,2021-10-06 11:29:00,14688.25,14623.75,64.5,14623.75,14643.75,14603.75,LOSS,-20.0,false,true,false,true,false,2.683,11.91
VWAP_ALIGN,2021-10-07,2021,2021-10,LONG,2021-10-07 09:57:00,2021-10-07 09:58:00,2021-10-07 10:13:00,14997.75,14972.25,25.5,14997.75,14977.75,15017.75,LOSS,-20.0,true,false,true,false,false,1.903,3.77
VWAP_ALIGN,2021-10-12,2021,2021-10,LONG,2021-10-12 09:08:00,2021-10-12 09:09:00,2021-10-12 09:15:00,14692.75,14633.0,59.75,14692.75,14672.75,14712.75,LOSS,-20.0,true,false,true,false,true,1.471,15.21
VWAP_ALIGN,2021-10-13,2021,2021-10,LONG,2021-10-13 09:49:00,2021-10-13 09:50:00,2021-10-13 10:05:00,14732.75,14668.0,64.75,14732.75,14712.75,14752.75,LOSS,-20.0,true,false,true,false,false,2.149,9.59
VWAP_ALIGN,2021-10-14,2021,2021-10,LONG,2021-10-14 09:30:00,2021-10-14 09:40:00,2021-10-14 09:59:00,14998.0,14965.5,32.5,14998.0,14978.0,15018.0,WIN,20.0,true,false,true,false,false,2.901,5.61
VWAP_ALIGN,2021-10-15,2021,2021-10,LONG,2021-10-15 09:00:00,2021-10-15 09:01:00,2021-10-15 09:37:00,15111.5,15050.5,61.0,15111.5,15091.5,15131.5,LOSS,-20.0,true,false,true,false,false,3.025,6.5
VWAP_ALIGN,2021-10-18,2021,2021-10,LONG,2021-10-18 09:00:00,2021-10-18 09:01:00,2021-10-18 09:07:00,15171.5,15125.5,46.0,15171.5,15151.5,15191.5,WIN,20.0,true,false,true,false,false,1.169,6.16
VWAP_ALIGN,2021-10-19,2021,2021-10,LONG,2021-10-19 09:00:00,2021-10-19 09:01:00,2021-10-19 11:01:00,15376.5,15327.5,49.0,15376.5,15356.5,15396.5,TIME_EXIT,16.75,true,false,true,false,false,1.519,6.43
VWAP_ALIGN,2021-10-20,2021,2021-10,SHORT,2021-10-20 09:00:00,2021-10-20 09:02:00,2021-10-20 10:43:00,15446.5,15402.75,43.75,15402.75,15422.75,15382.75,WIN,20.0,false,true,false,true,false,1.689,6.18
VWAP_ALIGN,2021-10-22,2021,2021-10,SHORT,2021-10-22 09:03:00,2021-10-22 09:06:00,2021-10-22 09:16:00,15463.5,15395.75,67.75,15395.75,15415.75,15375.75,WIN,20.0,false,true,false,true,false,1.479,8.11
VWAP_ALIGN,2021-10-25,2021,2021-10,LONG,2021-10-25 09:09:00,2021-10-25 09:12:00,2021-10-25 09:56:00,15420.0,15394.75,25.25,15420.0,15400.0,15440.0,WIN,20.0,true,false,true,false,false,1.223,7.39
VWAP_ALIGN,2021-10-27,2021,2021-10,LONG,2021-10-27 10:00:00,2021-10-27 10:01:00,2021-10-27 10:41:00,15660.25,15593.5,66.75,15660.25,15640.25,15680.25,WIN,20.0,true,false,true,false,false,1.714,9.25
VWAP_ALIGN,2021-10-28,2021,2021-10,LONG,2021-10-28 09:19:00,2021-10-28 09:44:00,2021-10-28 09:49:00,15747.5,15695.5,52.0,15747.5,15727.5,15767.5,LOSS,-20.0,true,false,true,false,false,1.462,6.98
VWAP_ALIGN,2021-10-29,2021,2021-10,LONG,2021-10-29 09:07:00,2021-10-29 09:09:00,2021-10-29 09:18:00,15707.0,15668.5,38.5,15707.0,15687.0,15727.0,WIN,20.0,true,false,true,false,false,1.58,8.09
VWAP_ALIGN,2021-11-01,2021,2021-11,LONG,2021-11-01 09:19:00,2021-11-01 09:20:00,2021-11-01 09:32:00,15829.25,15789.25,40.0,15829.25,15809.25,15849.25,WIN,20.0,true,false,true,false,false,1.104,6.05
VWAP_ALIGN,2021-11-02,2021,2021-11,LONG,2021-11-02 09:44:00,2021-11-02 09:47:00,2021-11-02 09:57:00,15962.25,15933.5,28.75,15962.25,15942.25,15982.25,LOSS,-20.0,true,false,true,false,true,3.337,5.8
VWAP_ALIGN,2021-11-03,2021,2021-11,LONG,2021-11-03 09:27:00,2021-11-03 09:45:00,2021-11-03 11:30:00,15966.75,15939.5,27.25,15966.75,15946.75,15986.75,TIME_EXIT,15.25,true,false,true,false,false,1.363,5.5
VWAP_ALIGN,2021-11-05,2021,2021-11,LONG,2021-11-05 09:48:00,2021-11-05 09:49:00,2021-11-05 10:15:00,16439.25,16418.25,21.0,16439.25,16419.25,16459.25,LOSS,-20.0,true,false,true,false,false,2.52,6.77
VWAP_ALIGN,2021-11-08,2021,2021-11,SHORT,2021-11-08 09:40:00,2021-11-08 09:43:00,2021-11-08 09:47:00,16394.0,16317.25,76.75,16317.25,16337.25,16297.25,LOSS,-20.0,false,true,false,true,false,2.297,12.66
VWAP_ALIGN,2021-11-11,2021,2021-11,SHORT,2021-11-11 09:16:00,2021-11-11 09:22:00,2021-11-11 09:41:00,16110.5,16053.25,57.25,16053.25,16073.25,16033.25,LOSS,-20.0,false,true,false,true,true,1.554,12.18
VWAP_ALIGN,2021-11-12,2021,2021-11,LONG,2021-11-12 09:46:00,2021-11-12 09:50:00,2021-11-12 09:53:00,16078.0,16001.75,76.25,16078.0,16058.0,16098.0,WIN,20.0,true,false,true,false,false,2.337,9.12
VWAP_ALIGN,2021-11-15,2021,2021-11,SHORT,2021-11-15 09:10:00,2021-11-15 09:14:00,2021-11-15 09:15:00,16254.25,16188.25,66.0,16188.25,16208.25,16168.25,WIN,20.0,false,true,false,true,false,1.7,11.02
VWAP_ALIGN,2021-11-16,2021,2021-11,LONG,2021-11-16 10:04:00,2021-11-16 10:09:00,2021-11-16 10:13:00,16251.75,16149.25,102.5,16251.75,16231.75,16271.75,WIN,20.0,true,false,true,false,false,1.363,8.09
VWAP_ALIGN,2021-11-17,2021,2021-11,LONG,2021-11-17 09:11:00,2021-11-17 09:12:00,2021-11-17 09:20:00,16322.5,16270.0,52.5,16322.5,16302.5,16342.5,LOSS,-20.0,true,false,true,false,false,1.446,8.8
VWAP_ALIGN,2021-11-18,2021,2021-11,SHORT,2021-11-18 09:10:00,2021-11-18 09:11:00,2021-11-18 09:12:00,16421.0,16353.25,67.75,16353.25,16373.25,16333.25,WIN,20.0,false,true,false,true,true,2.965,14.25
VWAP_ALIGN,2021-11-19,2021,2021-11,LONG,2021-11-19 10:37:00,2021-11-19 10:38:00,2021-11-19 10:56:00,16616.0,16516.25,99.75,16616.0,16596.0,16636.0,LOSS,-20.0,true,false,true,false,true,2.705,9.04
VWAP_ALIGN,2021-11-22,2021,2021-11,LONG,2021-11-22 09:00:00,2021-11-22 09:01:00,2021-11-22 09:04:00,16737.75,16638.25,99.5,16737.75,16717.75,16757.75,WIN,20.0,true,false,true,false,true,1.765,12.3
VWAP_ALIGN,2021-11-24,2021,2021-11,LONG,2021-11-24 09:01:00,2021-11-24 09:02:00,2021-11-24 09:03:00,16208.25,16102.0,106.25,16208.25,16188.25,16228.25,WIN,20.0,true,false,true,false,false,1.586,21.93
VWAP_ALIGN,2021-11-25,2021,2021-11,LONG,2021-11-25 09:00:00,2021-11-25 09:26:00,2021-11-25 09:59:00,16416.5,16379.25,37.25,16416.5,16396.5,16436.5,LOSS,-20.0,true,false,true,false,false,2.042,3.96
VWAP_ALIGN,2021-11-29,2021,2021-11,LONG,2021-11-29 09:02:00,2021-11-29 09:11:00,2021-11-29 09:16:00,16306.25,16208.5,97.75,16306.25,16286.25,16326.25,LOSS,-20.0,true,false,true,false,false,1.297,18.18
VWAP_ALIGN,2021-11-30,2021,2021-11,LONG,2021-11-30 09:00:00,2021-11-30 09:01:00,2021-11-30 09:06:00,16418.25,16319.0,99.25,16418.25,16398.25,16438.25,WIN,20.0,true,false,true,false,false,1.153,16.64
VWAP_ALIGN,2021-12-01,2021,2021-12,LONG,2021-12-01 09:01:00,2021-12-01 09:02:00,2021-12-01 09:09:00,16353.75,16270.5,83.25,16353.75,16333.75,16373.75,WIN,20.0,true,false,true,false,false,1.484,16.36
VWAP_ALIGN,2021-12-07,2021,2021-12,LONG,2021-12-07 09:00:00,2021-12-07 09:01:00,2021-12-07 09:10:00,16229.0,16119.0,110.0,16229.0,16209.0,16249.0,WIN,20.0,true,false,true,false,false,1.056,13.62
VWAP_ALIGN,2021-12-09,2021,2021-12,SHORT,2021-12-09 09:07:00,2021-12-09 09:11:00,2021-12-09 09:20:00,16414.25,16321.75,92.5,16321.75,16341.75,16301.75,LOSS,-20.0,false,true,false,true,true,1.206,15.75
VWAP_ALIGN,2021-12-13,2021,2021-12,SHORT,2021-12-13 09:02:00,2021-12-13 09:21:00,2021-12-13 09:24:00,16339.5,16255.0,84.5,16255.0,16275.0,16235.0,WIN,20.0,false,true,false,true,false,1.223,18.32
VWAP_ALIGN,2021-12-15,2021,2021-12,SHORT,2021-12-15 10:10:00,2021-12-15 10:13:00,2021-12-15 10:20:00,15927.75,15824.0,103.75,15824.0,15844.0,15804.0,WIN,20.0,false,true,false,true,false,1.643,10.98
VWAP_ALIGN,2021-12-20,2021,2021-12,SHORT,2021-12-20 09:58:00,2021-12-20 10:01:00,2021-12-20 10:04:00,15658.75,15543.0,115.75,15543.0,15563.0,15523.0,WIN,20.0,false,true,false,true,false,2.508,16.95
VWAP_ALIGN,2021-12-22,2021,2021-12,LONG,2021-12-22 09:37:00,2021-12-22 09:38:00,2021-12-22 09:39:00,16044.75,15933.25,111.5,16044.75,16024.75,16064.75,WIN,20.0,true,false,true,false,true,2.537,14.14
VWAP_ALIGN,2021-12-23,2021,2021-12,LONG,2021-12-23 09:00:00,2021-12-23 09:01:00,2021-12-23 09:14:00,16243.0,16176.5,66.5,16243.0,16223.0,16263.0,WIN,20.0,true,false,true,false,false,1.514,15.09
VWAP_ALIGN,2021-12-27,2021,2021-12,LONG,2021-12-27 09:01:00,2021-12-27 09:02:00,2021-12-27 09:07:00,16448.0,16344.5,103.5,16448.0,16428.0,16468.0,WIN,20.0,true,false,true,false,false,1.537,12.18
VWAP_ALIGN,2021-12-28,2021,2021-12,SHORT,2021-12-28 09:09:00,2021-12-28 09:14:00,2021-12-28 09:19:00,16608.5,16521.0,87.5,16521.0,16541.0,16501.0,WIN,20.0,false,true,false,true,false,1.78,13.52
VWAP_ALIGN,2021-12-29,2021,2021-12,SHORT,2021-12-29 09:05:00,2021-12-29 09:11:00,2021-12-29 09:12:00,16549.5,16477.5,72.0,16477.5,16497.5,16457.5,WIN,20.0,false,true,false,true,false,0.796,13.8
VWAP_ALIGN,2021-12-30,2021,2021-12,LONG,2021-12-30 09:05:00,2021-12-30 09:06:00,2021-12-30 09:08:00,16518.0,16449.25,68.75,16518.0,16498.0,16538.0,WIN,20.0,true,false,true,false,false,1.768,10.86
VWAP_ALIGN,2021-12-31,2021,2021-12,SHORT,2021-12-31 09:01:00,2021-12-31 09:06:00,2021-12-31 09:08:00,16464.0,16384.0,80.0,16384.0,16404.0,16364.0,LOSS,-20.0,false,true,false,true,true,2.712,16.55
VWAP_ALIGN,2022-01-04,2022,2022-01,SHORT,2022-01-04 09:00:00,2022-01-04 09:01:00,2022-01-04 09:02:00,16512.0,16443.75,68.25,16443.75,16463.75,16423.75,WIN,20.0,false,true,false,true,false,1.315,15.57
VWAP_ALIGN,2022-01-11,2022,2022-01,LONG,2022-01-11 09:03:00,2022-01-11 09:04:00,2022-01-11 09:05:00,15593.5,15475.0,118.5,15593.5,15573.5,15613.5,WIN,20.0,true,false,true,false,false,0.681,30.54
VWAP_ALIGN,2022-01-12,2022,2022-01,LONG,2022-01-12 09:09:00,2022-01-12 09:10:00,2022-01-12 09:16:00,15992.0,15884.5,107.5,15992.0,15972.0,16012.0,LOSS,-20.0,true,false,true,false,false,1.216,18.82
VWAP_ALIGN,2022-01-13,2022,2022-01,SHORT,2022-01-13 09:03:00,2022-01-13 09:04:00,2022-01-13 09:09:00,15979.75,15914.0,65.75,15914.0,15934.0,15894.0,WIN,20.0,false,true,false,true,false,0.854,17.68
VWAP_ALIGN,2022-01-18,2022,2022-01,LONG,2022-01-18 09:06:00,2022-01-18 09:07:00,2022-01-18 09:08:00,15375.0,15271.75,103.25,15375.0,15355.0,15395.0,WIN,20.0,true,false,true,false,true,1.408,26.79
VWAP_ALIGN,2022-01-19,2022,2022-01,SHORT,2022-01-19 09:35:00,2022-01-19 09:36:00,2022-01-19 09:38:00,15368.0,15251.25,116.75,15251.25,15271.25,15231.25,WIN,20.0,false,true,false,true,false,0.876,15.82
VWAP_ALIGN,2022-02-08,2022,2022-02,SHORT,2022-02-08 09:00:00,2022-02-08 09:07:00,2022-02-08 09:12:00,14588.0,14501.5,86.5,14501.5,14521.5,14481.5,WIN,20.0,false,true,false,true,false,2.061,25.04
VWAP_ALIGN,2022-02-09,2022,2022-02,LONG,2022-02-09 10:00:00,2022-02-09 10:01:00,2022-02-09 10:13:00,14951.25,14863.75,87.5,14951.25,14931.25,14971.25,LOSS,-20.0,true,false,true,false,true,2.772,12.66
VWAP_ALIGN,2022-02-15,2022,2022-02,LONG,2022-02-15 09:41:00,2022-02-15 09:42:00,2022-02-15 09:45:00,14522.0,14445.0,77.0,14522.0,14502.0,14542.0,WIN,20.0,true,false,true,false,false,2.301,13.3
VWAP_ALIGN,2022-02-17,2022,2022-02,SHORT,2022-02-17 09:19:00,2022-02-17 09:20:00,2022-02-17 09:21:00,14495.0,14376.0,119.0,14376.0,14396.0,14356.0,WIN,20.0,false,true,false,true,true,1.548,14.7
VWAP_ALIGN,2022-02-21,2022,2022-02,SHORT,2022-02-21 09:49:00,2022-02-21 10:10:00,2022-02-21 10:28:00,13883.75,13802.5,81.25,13802.5,13822.5,13782.5,WIN,20.0,false,true,false,true,false,4.655,12.91
VWAP_ALIGN,2022-03-01,2022,2022-03,LONG,2022-03-01 09:00:00,2022-03-01 09:21:00,2022-03-01 09:28:00,14253.25,14153.75,99.5,14253.25,14233.25,14273.25,LOSS,-20.0,true,false,true,false,false,1.865,32.45
VWAP_ALIGN,2022-03-02,2022,2022-03,SHORT,2022-03-02 09:08:00,2022-03-02 09:09:00,2022-03-02 09:10:00,14129.75,14011.0,118.75,14011.0,14031.0,13991.0,WIN,20.0,false,true,false,true,true,1.81,23.55
VWAP_ALIGN,2022-03-10,2022,2022-03,LONG,2022-03-10 09:17:00,2022-03-10 09:19:00,2022-03-10 09:21:00,13594.25,13486.25,108.0,13594.25,13574.25,13614.25,LOSS,-20.0,true,false,true,false,false,1.508,22.48
VWAP_ALIGN,2022-03-15,2022,2022-03,LONG,2022-03-15 09:05:00,2022-03-15 09:14:00,2022-03-15 09:21:00,13319.75,13255.75,64.0,13319.75,13299.75,13339.75,LOSS,-20.0,true,false,true,false,false,1.738,15.14
VWAP_ALIGN,2022-03-17,2022,2022-03,LONG,2022-03-17 10:21:00,2022-03-17 10:26:00,2022-03-17 10:30:00,13955.75,13848.0,107.75,13955.75,13935.75,13975.75,WIN,20.0,true,false,true,false,true,2.183,13.57
VWAP_ALIGN,2022-03-18,2022,2022-03,LONG,2022-03-18 09:02:00,2022-03-18 09:03:00,2022-03-18 09:06:00,14226.5,14138.75,87.75,14226.5,14206.5,14246.5,WIN,20.0,true,false,true,false,false,1.069,15.46
VWAP_ALIGN,2022-03-22,2022,2022-03,LONG,2022-03-22 09:07:00,2022-03-22 09:08:00,2022-03-22 09:11:00,14635.75,14586.25,49.5,14635.75,14615.75,14655.75,WIN,20.0,true,false,true,false,false,1.567,13.95
VWAP_ALIGN,2022-03-23,2022,2022-03,LONG,2022-03-23 09:02:00,2022-03-23 09:03:00,2022-03-23 09:07:00,14609.25,14527.75,81.5,14609.25,14589.25,14629.25,LOSS,-20.0,true,false,true,false,false,1.459,15.7
VWAP_ALIGN,2022-03-24,2022,2022-03,LONG,2022-03-24 09:01:00,2022-03-24 09:02:00,2022-03-24 09:05:00,14546.25,14433.5,112.75,14546.25,14526.25,14566.25,WIN,20.0,true,false,true,false,false,3.712,17.84
VWAP_ALIGN,2022-03-25,2022,2022-03,SHORT,2022-03-25 09:01:00,2022-03-25 09:04:00,2022-03-25 09:07:00,14808.0,14725.0,83.0,14725.0,14745.0,14705.0,WIN,20.0,false,true,false,true,true,1.88,17.48
VWAP_ALIGN,2022-03-28,2022,2022-03,SHORT,2022-03-28 09:32:00,2022-03-28 09:33:00,2022-03-28 09:35:00,14881.5,14793.25,88.25,14793.25,14813.25,14773.25,WIN,20.0,false,true,false,true,false,1.964,14.98
VWAP_ALIGN,2022-03-29,2022,2022-03,LONG,2022-03-29 09:26:00,2022-03-29 09:27:00,2022-03-29 09:46:00,15138.0,15034.75,103.25,15138.0,15118.0,15158.0,WIN,20.0,true,false,true,false,false,1.738,16.36
VWAP_ALIGN,2022-03-30,2022,2022-03,SHORT,2022-03-30 09:00:00,2022-03-30 09:03:00,2022-03-30 09:04:00,15234.75,15153.75,81.0,15153.75,15173.75,15133.75,WIN,20.0,false,true,false,true,false,1.625,11.5
VWAP_ALIGN,2022-03-31,2022,2022-03,SHORT,2022-03-31 10:11:00,2022-03-31 10:12:00,2022-03-31 10:24:00,15095.25,15013.75,81.5,15013.75,15033.75,14993.75,WIN,20.0,false,true,false,true,false,1.093,9.86
VWAP_ALIGN,2022-04-01,2022,2022-04,SHORT,2022-04-01 09:27:00,2022-04-01 09:30:00,2022-04-01 09:35:00,14899.0,14825.0,74.0,14825.0,14845.0,14805.0,WIN,20.0,false,true,false,true,false,1.039,13.52
VWAP_ALIGN,2022-04-04,2022,2022-04,LONG,2022-04-04 09:01:00,2022-04-04 09:02:00,2022-04-04 09:05:00,15074.25,15024.25,50.0,15074.25,15054.25,15094.25,WIN,20.0,true,false,true,false,false,2.322,11.89
VWAP_ALIGN,2022-04-05,2022,2022-04,SHORT,2022-04-05 09:36:00,2022-04-05 09:37:00,2022-04-05 09:48:00,14985.75,14913.0,72.75,14913.0,14933.0,14893.0,WIN,20.0,false,true,false,true,true,2.317,12.45
VWAP_ALIGN,2022-04-06,2022,2022-04,SHORT,2022-04-06 09:09:00,2022-04-06 09:12:00,2022-04-06 09:22:00,14525.5,14456.25,69.25,14456.25,14476.25,14436.25,LOSS,-20.0,false,true,false,true,false,2.043,14.38
VWAP_ALIGN,2022-04-08,2022,2022-04,LONG,2022-04-08 09:00:00,2022-04-08 09:01:00,2022-04-08 09:02:00,14470.0,14356.25,113.75,14470.0,14450.0,14490.0,WIN,20.0,true,false,true,false,false,1.455,20.3
VWAP_ALIGN,2022-04-12,2022,2022-04,SHORT,2022-04-12 10:25:00,2022-04-12 10:30:00,2022-04-12 10:47:00,14196.75,14088.0,108.75,14088.0,14108.0,14068.0,WIN,20.0,false,true,false,true,true,1.999,15.61
VWAP_ALIGN,2022-04-13,2022,2022-04,LONG,2022-04-13 09:03:00,2022-04-13 09:04:00,2022-04-13 09:13:00,14118.0,14042.25,75.75,14118.0,14098.0,14138.0,WIN,20.0,true,false,true,false,true,3.204,16.84
VWAP_ALIGN,2022-04-14,2022,2022-04,SHORT,2022-04-14 09:43:00,2022-04-14 10:00:00,2022-04-14 10:09:00,14082.75,14016.0,66.75,14016.0,14036.0,13996.0,LOSS,-20.0,false,true,false,true,false,1.516,11.64
VWAP_ALIGN,2022-04-19,2022,2022-04,LONG,2022-04-19 09:15:00,2022-04-19 09:23:00,2022-04-19 09:30:00,14153.75,14078.5,75.25,14153.75,14133.75,14173.75,WIN,20.0,true,false,true,false,true,1.846,10.18
VWAP_ALIGN,2022-04-20,2022,2022-04,SHORT,2022-04-20 09:08:00,2022-04-20 09:10:00,2022-04-20 09:12:00,14148.75,14080.0,68.75,14080.0,14100.0,14060.0,WIN,20.0,false,true,false,true,false,0.869,14.96
VWAP_ALIGN,2022-04-26,2022,2022-04,SHORT,2022-04-26 09:00:00,2022-04-26 09:01:00,2022-04-26 09:04:00,13221.0,13137.25,83.75,13137.25,13157.25,13117.25,WIN,20.0,false,true,false,true,false,1.32,17.96
VWAP_ALIGN,2022-04-28,2022,2022-04,LONG,2022-04-28 09:15:00,2022-04-28 09:45:00,2022-04-28 09:52:00,13119.25,13033.0,86.25,13119.25,13099.25,13139.25,WIN,20.0,true,false,true,false,false,1.555,17.96
VWAP_ALIGN,2022-04-29,2022,2022-04,SHORT,2022-04-29 09:12:00,2022-04-29 09:13:00,2022-04-29 09:14:00,13253.0,13167.0,86.0,13167.0,13187.0,13147.0,LOSS,-20.0,false,true,false,true,false,1.542,20.96
VWAP_ALIGN,2022-05-04,2022,2022-05,SHORT,2022-05-04 09:02:00,2022-05-04 09:03:00,2022-05-04 09:05:00,12982.75,12919.25,63.5,12919.25,12939.25,12899.25,WIN,20.0,false,true,false,true,false,1.071,14.39
VWAP_ALIGN,2022-05-05,2022,2022-05,SHORT,2022-05-05 09:06:00,2022-05-05 09:14:00,2022-05-05 09:15:00,13028.25,12926.0,102.25,12926.0,12946.0,12906.0,WIN,20.0,false,true,false,true,true,1.473,22.34
VWAP_ALIGN,2022-05-09,2022,2022-05,SHORT,2022-05-09 09:00:00,2022-05-09 09:05:00,2022-05-09 09:07:00,12375.75,12292.25,83.5,12292.25,12312.25,12272.25,WIN,20.0,false,true,false,true,false,1.381,24.41
VWAP_ALIGN,2022-05-13,2022,2022-05,LONG,2022-05-13 09:27:00,2022-05-13 09:28:00,2022-05-13 09:32:00,12344.25,12268.75,75.5,12344.25,12324.25,12364.25,LOSS,-20.0,true,false,true,false,false,2.454,16.75
VWAP_ALIGN,2022-05-17,2022,2022-05,LONG,2022-05-17 09:36:00,2022-05-17 10:06:00,2022-05-17 10:08:00,12427.5,12328.5,99.0,12427.5,12407.5,12447.5,WIN,20.0,true,false,true,false,false,0.869,11.59
VWAP_ALIGN,2022-05-18,2022,2022-05,SHORT,2022-05-18 09:06:00,2022-05-18 09:08:00,2022-05-18 09:10:00,12317.5,12260.0,57.5,12260.0,12280.0,12240.0,WIN,20.0,false,true,false,true,true,1.93,15.66
VWAP_ALIGN,2022-05-19,2022,2022-05,LONG,2022-05-19 09:10:00,2022-05-19 09:11:00,2022-05-19 09:14:00,11979.5,11869.0,110.5,11979.5,11959.5,11999.5,LOSS,-20.0,true,false,true,false,false,1.494,25.61
VWAP_ALIGN,2022-05-23,2022,2022-05,LONG,2022-05-23 09:04:00,2022-05-23 09:05:00,2022-05-23 09:08:00,11943.0,11838.0,105.0,11943.0,11923.0,11963.0,LOSS,-20.0,true,false,true,false,false,1.108,28.8
VWAP_ALIGN,2022-05-24,2022,2022-05,LONG,2022-05-24 10:12:00,2022-05-24 10:42:00,2022-05-24 10:43:00,11667.5,11589.5,78.0,11667.5,11647.5,11687.5,WIN,20.0,true,false,true,false,false,0.776,16.05
VWAP_ALIGN,2022-05-25,2022,2022-05,SHORT,2022-05-25 10:22:00,2022-05-25 10:49:00,2022-05-25 10:50:00,11930.0,11843.0,87.0,11843.0,11863.0,11823.0,WIN,20.0,false,true,false,true,false,1.825,13.38
VWAP_ALIGN,2022-05-26,2022,2022-05,LONG,2022-05-26 09:00:00,2022-05-26 09:28:00,2022-05-26 09:31:00,12197.5,12126.25,71.25,12197.5,12177.5,12217.5,WIN,20.0,true,false,true,false,false,1.944,11.2
VWAP_ALIGN,2022-05-27,2022,2022-05,LONG,2022-05-27 09:49:00,2022-05-27 09:50:00,2022-05-27 10:23:00,12593.75,12525.25,68.5,12593.75,12573.75,12613.75,LOSS,-20.0,true,false,true,false,false,1.424,8.36
VWAP_ALIGN,2022-05-30,2022,2022-05,LONG,2022-05-30 09:30:00,2022-05-30 09:48:00,2022-05-30 10:29:00,12798.75,12750.5,48.25,12798.75,12778.75,12818.75,WIN,20.0,true,false,true,false,false,2.831,5.2
VWAP_ALIGN,2022-05-31,2022,2022-05,LONG,2022-05-31 09:01:00,2022-05-31 09:04:00,2022-05-31 09:06:00,12646.5,12560.5,86.0,12646.5,12626.5,12666.5,LOSS,-20.0,true,false,true,false,false,1.209,17.71
VWAP_ALIGN,2022-06-01,2022,2022-06,SHORT,2022-06-01 09:18:00,2022-06-01 09:21:00,2022-06-01 09:23:00,12665.5,12557.5,108.0,12557.5,12577.5,12537.5,WIN,20.0,false,true,false,true,false,1.299,20.41
VWAP_ALIGN,2022-06-02,2022,2022-06,LONG,2022-06-02 09:00:00,2022-06-02 09:01:00,2022-06-02 09:02:00,12606.5,12516.25,90.25,12606.5,12586.5,12626.5,WIN,20.0,true,false,true,false,false,1.45,17.23
VWAP_ALIGN,2022-06-03,2022,2022-06,SHORT,2022-06-03 09:00:00,2022-06-03 09:01:00,2022-06-03 09:03:00,12642.75,12564.25,78.5,12564.25,12584.25,12544.25,WIN,20.0,false,true,false,true,false,1.39,15.96
VWAP_ALIGN,2022-06-08,2022,2022-06,SHORT,2022-06-08 09:03:00,2022-06-08 09:04:00,2022-06-08 09:11:00,12767.5,12701.25,66.25,12701.25,12721.25,12681.25,LOSS,-20.0,false,true,false,true,false,1.051,14.89
VWAP_ALIGN,2022-06-09,2022,2022-06,SHORT,2022-06-09 09:02:00,2022-06-09 09:04:00,2022-06-09 09:07:00,12673.25,12563.75,109.5,12563.75,12583.75,12543.75,WIN,20.0,false,true,false,true,false,1.436,14.0
VWAP_ALIGN,2022-06-10,2022,2022-06,SHORT,2022-06-10 09:00:00,2022-06-10 09:05:00,2022-06-10 09:20:00,11921.0,11855.25,65.75,11855.25,11875.25,11835.25,LOSS,-20.0,false,true,false,true,false,1.007,15.11
VWAP_ALIGN,2022-06-13,2022,2022-06,SHORT,2022-06-13 09:01:00,2022-06-13 09:03:00,2022-06-13 09:04:00,11456.0,11371.0,85.0,11371.0,11391.0,11351.0,WIN,20.0,false,true,false,true,false,1.252,13.18
VWAP_ALIGN,2022-06-14,2022,2022-06,LONG,2022-06-14 11:08:00,2022-06-14 11:09:00,2022-06-14 11:16:00,11383.5,11269.75,113.75,11383.5,11363.5,11403.5,WIN,20.0,true,false,true,false,false,1.881,12.82
VWAP_ALIGN,2022-06-15,2022,2022-06,LONG,2022-06-15 09:39:00,2022-06-15 09:56:00,2022-06-15 10:14:00,11530.75,11464.0,66.75,11530.75,11510.75,11550.75,WIN,20.0,true,false,true,false,false,1.168,12.29
VWAP_ALIGN,2022-06-17,2022,2022-06,LONG,2022-06-17 09:30:00,2022-06-17 10:00:00,2022-06-17 10:06:00,11211.5,11119.0,92.5,11211.5,11191.5,11231.5,WIN,20.0,true,false,true,false,false,1.274,19.38
VWAP_ALIGN,2022-06-23,2022,2022-06,LONG,2022-06-23 09:13:00,2022-06-23 09:16:00,2022-06-23 09:23:00,11731.75,11633.25,98.5,11731.75,11711.75,11751.75,LOSS,-20.0,true,false,true,false,false,1.677,15.07
VWAP_ALIGN,2022-06-28,2022,2022-06,SHORT,2022-06-28 09:17:00,2022-06-28 09:19:00,2022-06-28 09:21:00,12016.5,11934.5,82.0,11934.5,11954.5,11914.5,WIN,20.0,false,true,false,true,false,1.151,14.25
VWAP_ALIGN,2022-06-29,2022,2022-06,SHORT,2022-06-29 09:22:00,2022-06-29 09:23:00,2022-06-29 09:25:00,11749.0,11645.75,103.25,11645.75,11665.75,11625.75,LOSS,-20.0,false,true,false,true,false,1.1,15.16
VWAP_ALIGN,2022-06-30,2022,2022-06,LONG,2022-06-30 09:08:00,2022-06-30 09:09:00,2022-06-30 09:10:00,11493.0,11380.5,112.5,11493.0,11473.0,11513.0,WIN,20.0,true,false,true,false,true,1.597,12.75
VWAP_ALIGN,2022-07-01,2022,2022-07,LONG,2022-07-01 09:08:00,2022-07-01 09:09:00,2022-07-01 09:16:00,11491.0,11401.0,90.0,11491.0,11471.0,11511.0,WIN,20.0,true,false,true,false,true,1.869,20.93
VWAP_ALIGN,2022-07-06,2022,2022-07,SHORT,2022-07-06 09:10:00,2022-07-06 09:27:00,2022-07-06 09:30:00,11859.75,11795.25,64.5,11795.25,11815.25,11775.25,WIN,20.0,false,true,false,true,false,1.519,16.23
VWAP_ALIGN,2022-07-07,2022,2022-07,LONG,2022-07-07 09:07:00,2022-07-07 09:18:00,2022-07-07 09:22:00,12068.75,12012.75,56.0,12068.75,12048.75,12088.75,LOSS,-20.0,true,false,true,false,false,1.241,7.93
VWAP_ALIGN,2022-07-08,2022,2022-07,LONG,2022-07-08 09:01:00,2022-07-08 09:02:00,2022-07-08 09:09:00,12157.5,12111.25,46.25,12157.5,12137.5,12177.5,WIN,20.0,true,false,true,false,true,1.134,12.96
VWAP_ALIGN,2022-07-11,2022,2022-07,SHORT,2022-07-11 09:00:00,2022-07-11 09:03:00,2022-07-11 09:07:00,11967.75,11907.0,60.75,11907.0,11927.0,11887.0,LOSS,-20.0,false,true,false,true,false,1.187,11.86
VWAP_ALIGN,2022-07-12,2022,2022-07,LONG,2022-07-12 09:10:00,2022-07-12 09:14:00,2022-07-12 09:16:00,11906.25,11830.5,75.75,11906.25,11886.25,11926.25,LOSS,-20.0,true,false,true,false,false,2.264,15.52
VWAP_ALIGN,2022-07-14,2022,2022-07,LONG,2022-07-14 09:09:00,2022-07-14 09:14:00,2022-07-14 09:17:00,11607.5,11532.75,74.75,11607.5,11587.5,11627.5,WIN,20.0,true,false,true,false,false,1.263,17.95
VWAP_ALIGN,2022-07-15,2022,2022-07,LONG,2022-07-15 09:09:00,2022-07-15 09:10:00,2022-07-15 09:15:00,11974.0,11909.5,64.5,11974.0,11954.0,11994.0,WIN,20.0,true,false,true,false,true,1.945,11.64
VWAP_ALIGN,2022-07-18,2022,2022-07,LONG,2022-07-18 09:06:00,2022-07-18 09:35:00,2022-07-18 09:44:00,12149.75,12095.5,54.25,12149.75,12129.75,12169.75,WIN,20.0,true,false,true,false,false,1.028,9.62
VWAP_ALIGN,2022-07-19,2022,2022-07,LONG,2022-07-19 09:00:00,2022-07-19 09:01:00,2022-07-19 09:04:00,12145.75,12077.0,68.75,12145.75,12125.75,12165.75,WIN,20.0,true,false,true,false,false,1.224,7.84
VWAP_ALIGN,2022-07-20,2022,2022-07,LONG,2022-07-20 09:35:00,2022-07-20 09:50:00,2022-07-20 09:54:00,12486.5,12386.0,100.5,12486.5,12466.5,12506.5,WIN,20.0,true,false,true,false,false,1.813,10.23
VWAP_ALIGN,2022-07-21,2022,2022-07,LONG,2022-07-21 09:01:00,2022-07-21 09:02:00,2022-07-21 09:04:00,12482.25,12381.0,101.25,12482.25,12462.25,12502.25,WIN,20.0,true,false,true,false,false,0.944,12.27
VWAP_ALIGN,2022-07-22,2022,2022-07,SHORT,2022-07-22 09:03:00,2022-07-22 09:13:00,2022-07-22 09:16:00,12612.25,12561.25,51.0,12561.25,12581.25,12541.25,WIN,20.0,false,true,false,true,true,2.21,14.57
VWAP_ALIGN,2022-07-25,2022,2022-07,SHORT,2022-07-25 09:13:00,2022-07-25 09:15:00,2022-07-25 09:24:00,12379.75,12313.0,66.75,12313.0,12333.0,12293.0,LOSS,-20.0,false,true,false,true,false,1.578,14.82
VWAP_ALIGN,2022-07-26,2022,2022-07,SHORT,2022-07-26 09:06:00,2022-07-26 09:27:00,2022-07-26 09:31:00,12197.75,12158.0,39.75,12158.0,12178.0,12138.0,WIN,20.0,false,true,false,true,false,2.09,9.8
VWAP_ALIGN,2022-07-27,2022,2022-07,LONG,2022-07-27 09:00:00,2022-07-27 09:01:00,2022-07-27 09:03:00,12427.5,12387.5,40.0,12427.5,12407.5,12447.5,WIN,20.0,true,false,true,false,false,1.251,7.54
VWAP_ALIGN,2022-07-29,2022,2022-07,SHORT,2022-07-29 09:02:00,2022-07-29 09:03:00,2022-07-29 09:04:00,12929.5,12860.75,68.75,12860.75,12880.75,12840.75,WIN,20.0,false,true,false,true,false,1.243,12.11
VWAP_ALIGN,2022-08-03,2022,2022-08,LONG,2022-08-03 09:00:00,2022-08-03 09:01:00,2022-08-03 09:11:00,13144.5,13060.75,83.75,13144.5,13124.5,13164.5,WIN,20.0,true,false,true,false,false,1.371,11.61
VWAP_ALIGN,2022-08-04,2022,2022-08,LONG,2022-08-04 09:50:00,2022-08-04 09:51:00,2022-08-04 09:52:00,13264.5,13184.75,79.75,13264.5,13244.5,13284.5,WIN,20.0,true,false,true,false,false,0.981,13.39
VWAP_ALIGN,2022-08-05,2022,2022-08,SHORT,2022-08-05 09:00:00,2022-08-05 09:01:00,2022-08-05 09:02:00,13276.75,13214.75,62.0,13214.75,13234.75,13194.75,WIN,20.0,false,true,false,true,true,1.387,12.61
VWAP_ALIGN,2022-08-08,2022,2022-08,SHORT,2022-08-08 09:15:00,2022-08-08 09:16:00,2022-08-08 09:17:00,13386.75,13313.25,73.5,13313.25,13333.25,13293.25,WIN,20.0,false,true,false,true,false,1.389,11.77
VWAP_ALIGN,2022-08-09,2022,2022-08,SHORT,2022-08-09 09:01:00,2022-08-09 09:09:00,2022-08-09 09:14:00,13062.25,13008.0,54.25,13008.0,13028.0,12988.0,LOSS,-20.0,false,true,false,true,true,1.649,12.73
VWAP_ALIGN,2022-08-10,2022,2022-08,LONG,2022-08-10 09:00:00,2022-08-10 09:01:00,2022-08-10 09:02:00,13341.25,13271.5,69.75,13341.25,13321.25,13361.25,WIN,20.0,true,false,true,false,true,2.73,9.68
VWAP_ALIGN,2022-08-11,2022,2022-08,SHORT,2022-08-11 09:03:00,2022-08-11 09:04:00,2022-08-11 09:05:00,13548.75,13466.0,82.75,13466.0,13486.0,13446.0,WIN,20.0,false,true,false,true,false,1.422,10.7
VWAP_ALIGN,2022-08-12,2022,2022-08,LONG,2022-08-12 09:02:00,2022-08-12 09:04:00,2022-08-12 09:16:00,13446.0,13385.0,61.0,13446.0,13426.0,13466.0,WIN,20.0,true,false,true,false,true,2.223,10.93
VWAP_ALIGN,2022-08-15,2022,2022-08,SHORT,2022-08-15 09:00:00,2022-08-15 09:12:00,2022-08-15 09:18:00,13596.25,13548.75,47.5,13548.75,13568.75,13528.75,LOSS,-20.0,false,true,false,true,false,1.566,10.38
VWAP_ALIGN,2022-08-17,2022,2022-08,SHORT,2022-08-17 09:43:00,2022-08-17 09:45:00,2022-08-17 10:05:00,13491.25,13423.75,67.5,13423.75,13443.75,13403.75,LOSS,-20.0,false,true,false,true,false,2.535,10.43
VWAP_ALIGN,2022-08-18,2022,2022-08,LONG,2022-08-18 09:15:00,2022-08-18 09:23:00,2022-08-18 09:25:00,13533.75,13453.75,80.0,13533.75,13513.75,13553.75,WIN,20.0,true,false,true,false,false,1.509,12.04
VWAP_ALIGN,2022-08-19,2022,2022-08,SHORT,2022-08-19 09:04:00,2022-08-19 09:08:00,2022-08-19 09:46:00,13309.0,13262.5,46.5,13262.5,13282.5,13242.5,LOSS,-20.0,false,true,false,true,false,0.957,9.5
VWAP_ALIGN,2022-08-22,2022,2022-08,SHORT,2022-08-22 09:00:00,2022-08-22 09:11:00,2022-08-22 09:16:00,13006.75,12951.0,55.75,12951.0,12971.0,12931.0,LOSS,-20.0,false,true,false,true,false,1.229,9.2
VWAP_ALIGN,2022-08-23,2022,2022-08,SHORT,2022-08-23 09:01:00,2022-08-23 09:05:00,2022-08-23 09:12:00,12986.75,12894.5,92.25,12894.5,12914.5,12874.5,LOSS,-20.0,false,true,false,true,false,1.222,14.11
VWAP_ALIGN,2022-08-24,2022,2022-08,LONG,2022-08-24 10:39:00,2022-08-24 11:09:00,2022-08-24 11:21:00,12955.25,12907.75,47.5,12955.25,12935.25,12975.25,LOSS,-20.0,true,false,false,true,false,0.932,6.09
VWAP_ALIGN,2022-08-26,2022,2022-08,SHORT,2022-08-26 09:02:00,2022-08-26 09:03:00,2022-08-26 09:04:00,12987.25,12868.75,118.5,12868.75,12888.75,12848.75,WIN,20.0,false,true,false,true,false,1.549,19.66
VWAP_ALIGN,2022-08-31,2022,2022-08,SHORT,2022-08-31 09:00:00,2022-08-31 09:01:00,2022-08-31 09:02:00,12422.0,12352.25,69.75,12352.25,12372.25,12332.25,WIN,20.0,false,true,false,true,false,1.453,17.89
VWAP_ALIGN,2022-09-01,2022,2022-09,SHORT,2022-09-01 09:00:00,2022-09-01 09:03:00,2022-09-01 09:06:00,12167.25,12052.75,114.5,12052.75,12072.75,12032.75,LOSS,-20.0,false,true,false,true,false,1.322,11.29
VWAP_ALIGN,2022-09-07,2022,2022-09,LONG,2022-09-07 09:06:00,2022-09-07 09:08:00,2022-09-07 09:11:00,12109.75,12048.75,61.0,12109.75,12089.75,12129.75,WIN,20.0,true,false,true,false,false,0.991,12.98
VWAP_ALIGN,2022-09-08,2022,2022-09,SHORT,2022-09-08 10:04:00,2022-09-08 10:05:00,2022-09-08 10:06:00,12341.75,12235.75,106.0,12235.75,12255.75,12215.75,WIN,20.0,false,true,false,true,true,1.865,12.93
VWAP_ALIGN,2022-09-09,2022,2022-09,LONG,2022-09-09 09:33:00,2022-09-09 09:38:00,2022-09-09 09:50:00,12570.0,12512.25,57.75,12570.0,12550.0,12590.0,LOSS,-20.0,true,false,true,false,false,2.041,10.8
VWAP_ALIGN,2022-09-12,2022,2022-09,SHORT,2022-09-12 10:01:00,2022-09-12 10:31:00,2022-09-12 10:35:00,12830.75,12777.25,53.5,12777.25,12797.25,12757.25,WIN,20.0,false,true,false,true,false,0.787,27.3
VWAP_ALIGN,2022-09-13,2022,2022-09,SHORT,2022-09-13 09:07:00,2022-09-13 09:08:00,2022-09-13 09:22:00,12393.5,12292.0,101.5,12292.0,12312.0,12272.0,WIN,20.0,false,true,false,true,false,0.898,10.38
VWAP_ALIGN,2022-09-16,2022,2022-09,SHORT,2022-09-16 09:00:00,2022-09-16 09:03:00,2022-09-16 09:06:00,11916.5,11814.25,102.25,11814.25,11834.25,11794.25,LOSS,-20.0,false,true,false,true,false,1.12,15.3
VWAP_ALIGN,2022-09-19,2022,2022-09,SHORT,2022-09-19 09:35:00,2022-09-19 09:46:00,2022-09-19 09:58:00,11974.5,11893.0,81.5,11893.0,11913.0,11873.0,WIN,20.0,false,true,false,true,false,1.432,10.61
VWAP_ALIGN,2022-09-20,2022,2022-09,LONG,2022-09-20 09:00:00,2022-09-20 09:07:00,2022-09-20 09:12:00,11966.0,11890.25,75.75,11966.0,11946.0,11986.0,WIN,20.0,true,false,true,false,false,0.995,11.66
VWAP_ALIGN,2022-09-21,2022,2022-09,LONG,2022-09-21 10:34:00,2022-09-21 10:35:00,2022-09-21 11:00:00,11999.75,11941.0,58.75,11999.75,11979.75,12019.75,LOSS,-20.0,true,false,true,false,false,1.765,5.66
VWAP_ALIGN,2022-09-22,2022,2022-09,SHORT,2022-09-22 09:03:00,2022-09-22 09:15:00,2022-09-22 09:21:00,11624.25,11535.5,88.75,11535.5,11555.5,11515.5,WIN,20.0,false,true,false,true,false,0.966,12.61
VWAP_ALIGN,2022-09-23,2022,2022-09,SHORT,2022-09-23 09:44:00,2022-09-23 09:45:00,2022-09-23 09:46:00,11419.0,11363.75,55.25,11363.75,11383.75,11343.75,WIN,20.0,false,true,false,true,false,1.813,11.29
VWAP_ALIGN,2022-09-28,2022,2022-09,LONG,2022-09-28 09:20:00,2022-09-28 09:21:00,2022-09-28 09:22:00,11432.5,11380.0,52.5,11432.5,11412.5,11452.5,WIN,20.0,true,false,true,false,true,2.153,14.0
VWAP_ALIGN,2022-09-30,2022,2022-09,LONG,2022-09-30 09:04:00,2022-09-30 09:05:00,2022-09-30 09:08:00,11316.5,11249.5,67.0,11316.5,11296.5,11336.5,WIN,20.0,true,false,true,false,false,1.318,17.96
VWAP_ALIGN,2022-10-03,2022,2022-10,LONG,2022-10-03 11:11:00,2022-10-03 11:21:00,2022-10-03 11:23:00,11230.5,11194.0,36.5,11230.5,11210.5,11250.5,WIN,20.0,true,false,true,false,false,1.058,8.79
VWAP_ALIGN,2022-10-06,2022,2022-10,LONG,2022-10-06 09:00:00,2022-10-06 09:21:00,2022-10-06 09:35:00,11644.0,11526.5,117.5,11644.0,11624.0,11664.0,LOSS,-20.0,true,false,true,false,false,2.128,15.41
VWAP_ALIGN,2022-10-07,2022,2022-10,SHORT,2022-10-07 09:19:00,2022-10-07 09:27:00,2022-10-07 09:42:00,11262.0,11208.0,54.0,11208.0,11228.0,11188.0,WIN,20.0,false,true,false,true,true,2.677,13.09
VWAP_ALIGN,2022-10-11,2022,2022-10,LONG,2022-10-11 09:03:00,2022-10-11 09:15:00,2022-10-11 09:30:00,10901.5,10808.75,92.75,10901.5,10881.5,10921.5,WIN,20.0,true,false,true,false,true,3.032,17.21
VWAP_ALIGN,2022-10-12,2022,2022-10,LONG,2022-10-12 09:18:00,2022-10-12 09:21:00,2022-10-12 09:33:00,10889.0,10807.5,81.5,10889.0,10869.0,10909.0,LOSS,-20.0,true,false,true,false,false,1.184,12.23
VWAP_ALIGN,2022-10-14,2022,2022-10,SHORT,2022-10-14 09:45:00,2022-10-14 09:46:00,2022-10-14 09:52:00,10948.5,10852.75,95.75,10852.75,10872.75,10832.75,WIN,20.0,false,true,false,true,true,1.976,17.82
VWAP_ALIGN,2022-10-17,2022,2022-10,LONG,2022-10-17 09:41:00,2022-10-17 09:47:00,2022-10-17 09:53:00,11109.5,11027.25,82.25,11109.5,11089.5,11129.5,WIN,20.0,true,false,true,false,false,1.341,11.45
VWAP_ALIGN,2022-10-18,2022,2022-10,SHORT,2022-10-18 09:07:00,2022-10-18 09:10:00,2022-10-18 09:12:00,11282.0,11214.0,68.0,11214.0,11234.0,11194.0,WIN,20.0,false,true,false,true,true,2.56,14.5
VWAP_ALIGN,2022-10-19,2022,2022-10,SHORT,2022-10-19 09:27:00,2022-10-19 09:35:00,2022-10-19 09:38:00,11284.5,11177.25,107.25,11177.25,11197.25,11157.25,LOSS,-20.0,false,true,false,true,false,1.04,14.23
VWAP_ALIGN,2022-10-21,2022,2022-10,SHORT,2022-10-21 09:01:00,2022-10-21 09:03:00,2022-10-21 09:04:00,11156.0,11078.75,77.25,11078.75,11098.75,11058.75,WIN,20.0,false,true,false,true,false,1.246,21.8
VWAP_ALIGN,2022-10-25,2022,2022-10,LONG,2022-10-25 09:06:00,2022-10-25 09:07:00,2022-10-25 09:09:00,11650.5,11606.0,44.5,11650.5,11630.5,11670.5,WIN,20.0,true,false,true,false,false,1.175,9.84
VWAP_ALIGN,2022-10-26,2022,2022-10,LONG,2022-10-26 09:03:00,2022-10-26 09:06:00,2022-10-26 09:12:00,11654.75,11560.25,94.5,11654.75,11634.75,11674.75,WIN,20.0,true,false,true,false,false,1.269,11.07
VWAP_ALIGN,2022-10-28,2022,2022-10,LONG,2022-10-28 09:00:00,2022-10-28 09:10:00,2022-10-28 09:11:00,11471.75,11378.25,93.5,11471.75,11451.75,11491.75,WIN,20.0,true,false,true,false,false,1.359,11.54
VWAP_ALIGN,2022-10-31,2022,2022-10,LONG,2022-10-31 09:28:00,2022-10-31 09:58:00,2022-10-31 09:59:00,11436.75,11367.25,69.5,11436.75,11416.75,11456.75,WIN,20.0,true,false,true,false,false,1.374,11.61
VWAP_ALIGN,2022-11-01,2022,2022-11,SHORT,2022-11-01 09:39:00,2022-11-01 09:41:00,2022-11-01 09:57:00,11445.5,11342.25,103.25,11342.25,11362.25,11322.25,LOSS,-20.0,false,true,false,true,false,2.843,13.3
VWAP_ALIGN,2022-11-02,2022,2022-11,SHORT,2022-11-02 09:11:00,2022-11-02 09:12:00,2022-11-02 09:16:00,11287.25,11254.0,33.25,11254.0,11274.0,11234.0,WIN,20.0,false,true,false,true,false,1.123,7.59
VWAP_ALIGN,2022-11-03,2022,2022-11,SHORT,2022-11-03 09:29:00,2022-11-03 09:30:00,2022-11-03 09:32:00,10882.5,10780.25,102.25,10780.25,10800.25,10760.25,WIN,20.0,false,true,false,true,false,1.205,13.64
VWAP_ALIGN,2022-11-08,2022,2022-11,LONG,2022-11-08 09:16:00,2022-11-08 09:17:00,2022-11-08 09:21:00,11086.0,11006.75,79.25,11086.0,11066.0,11106.0,WIN,20.0,true,false,true,false,false,1.201,16.66
VWAP_ALIGN,2022-11-09,2022,2022-11,SHORT,2022-11-09 09:34:00,2022-11-09 09:41:00,2022-11-09 09:56:00,11040.0,10961.5,78.5,10961.5,10981.5,10941.5,WIN,20.0,false,true,false,true,false,2.497,16.3
VWAP_ALIGN,2022-11-14,2022,2022-11,LONG,2022-11-14 09:07:00,2022-11-14 09:08:00,2022-11-14 09:10:00,11785.5,11702.0,83.5,11785.5,11765.5,11805.5,WIN,20.0,true,false,true,false,false,1.343,16.68
VWAP_ALIGN,2022-11-15,2022,2022-11,SHORT,2022-11-15 09:50:00,2022-11-15 10:01:00,2022-11-15 10:07:00,12063.5,11963.0,100.5,11963.0,11983.0,11943.0,LOSS,-20.0,false,true,false,true,false,1.523,16.36
VWAP_ALIGN,2022-11-16,2022,2022-11,SHORT,2022-11-16 09:15:00,2022-11-16 09:16:00,2022-11-16 09:17:00,11836.25,11749.5,86.75,11749.5,11769.5,11729.5,WIN,20.0,false,true,false,true,false,1.587,15.66
VWAP_ALIGN,2022-11-17,2022,2022-11,LONG,2022-11-17 09:18:00,2022-11-17 09:35:00,2022-11-17 09:38:00,11635.25,11543.75,91.5,11635.25,11615.25,11655.25,WIN,20.0,true,false,true,false,false,0.994,16.34
VWAP_ALIGN,2022-11-18,2022,2022-11,SHORT,2022-11-18 09:00:00,2022-11-18 09:01:00,2022-11-18 09:02:00,11842.5,11735.5,107.0,11735.5,11755.5,11715.5,WIN,20.0,false,true,false,true,true,1.703,15.21
VWAP_ALIGN,2022-11-21,2022,2022-11,SHORT,2022-11-21 09:06:00,2022-11-21 09:08:00,2022-11-21 09:21:00,11699.75,11628.25,71.5,11628.25,11648.25,11608.25,WIN,20.0,false,true,false,true,false,2.624,13.41
VWAP_ALIGN,2022-11-22,2022,2022-11,LONG,2022-11-22 09:47:00,2022-11-22 09:48:00,2022-11-22 09:50:00,11628.25,11527.25,101.0,11628.25,11608.25,11648.25,WIN,20.0,true,false,true,false,true,1.673,11.88
VWAP_ALIGN,2022-11-23,2022,2022-11,LONG,2022-11-23 09:00:00,2022-11-23 09:06:00,2022-11-23 09:32:00,11852.0,11745.25,106.75,11852.0,11832.0,11872.0,WIN,20.0,true,false,true,false,false,2.448,14.79
VWAP_ALIGN,2022-11-28,2022,2022-11,SHORT,2022-11-28 09:25:00,2022-11-28 09:26:00,2022-11-28 09:40:00,11788.5,11694.0,94.5,11694.0,11714.0,11674.0,LOSS,-20.0,false,true,false,true,true,2.299,11.93
VWAP_ALIGN,2022-11-29,2022,2022-11,LONG,2022-11-29 09:30:00,2022-11-29 09:50:00,2022-11-29 09:51:00,11628.0,11565.25,62.75,11628.0,11608.0,11648.0,LOSS,-20.0,true,false,true,false,false,2.108,11.39
VWAP_ALIGN,2022-11-30,2022,2022-11,SHORT,2022-11-30 11:19:00,2022-11-30 11:20:00,2022-11-30 11:21:00,11581.5,11518.75,62.75,11518.75,11538.75,11498.75,WIN,20.0,false,true,false,true,false,2.505,7.41
VWAP_ALIGN,2022-12-01,2022,2022-12,SHORT,2022-12-01 09:20:00,2022-12-01 09:50:00,2022-12-01 09:57:00,12136.0,12031.5,104.5,12031.5,12051.5,12011.5,LOSS,-20.0,false,true,false,true,false,0.644,19.95
VWAP_ALIGN,2022-12-02,2022,2022-12,LONG,2022-12-02 09:12:00,2022-12-02 09:20:00,2022-12-02 09:28:00,11915.5,11837.25,78.25,11915.5,11895.5,11935.5,LOSS,-20.0,true,false,true,false,false,1.605,18.59
VWAP_ALIGN,2022-12-05,2022,2022-12,SHORT,2022-12-05 09:00:00,2022-12-05 09:04:00,2022-12-05 09:08:00,11972.25,11911.75,60.5,11911.75,11931.75,11891.75,WIN,20.0,false,true,false,true,false,4.883,15.62
VWAP_ALIGN,2022-12-09,2022,2022-12,LONG,2022-12-09 09:31:00,2022-12-09 09:32:00,2022-12-09 09:34:00,11660.75,11550.0,110.75,11660.75,11640.75,11680.75,LOSS,-20.0,true,false,true,false,false,1.811,18.29
VWAP_ALIGN,2022-12-14,2022,2022-12,LONG,2022-12-14 09:02:00,2022-12-14 09:04:00,2022-12-14 09:07:00,12015.25,11930.0,85.25,12015.25,11995.25,12035.25,WIN,20.0,true,false,true,false,false,0.811,14.93
VWAP_ALIGN,2022-12-16,2022,2022-12,SHORT,2022-12-16 09:06:00,2022-12-16 09:07:00,2022-12-16 09:09:00,11491.5,11406.0,85.5,11406.0,11426.0,11386.0,WIN,20.0,false,true,false,true,false,1.489,16.11
VWAP_ALIGN,2022-12-19,2022,2022-12,SHORT,2022-12-19 09:02:00,2022-12-19 09:03:00,2022-12-19 09:06:00,11359.0,11254.25,104.75,11254.25,11274.25,11234.25,WIN,20.0,false,true,false,true,false,2.037,10.93
VWAP_ALIGN,2022-12-20,2022,2022-12,LONG,2022-12-20 09:00:00,2022-12-20 09:02:00,2022-12-20 09:05:00,11177.75,11066.75,111.0,11177.75,11157.75,11197.75,WIN,20.0,true,false,true,false,false,1.129,17.89
VWAP_ALIGN,2022-12-21,2022,2022-12,LONG,2022-12-21 09:08:00,2022-12-21 09:12:00,2022-12-21 09:15:00,11273.75,11181.0,92.75,11273.75,11253.75,11293.75,WIN,20.0,true,false,true,false,false,1.395,16.0
VWAP_ALIGN,2022-12-30,2022,2022-12,LONG,2022-12-30 09:47:00,2022-12-30 09:48:00,2022-12-30 09:49:00,10947.75,10855.5,92.25,10947.75,10927.75,10967.75,WIN,20.0,true,false,true,false,false,2.482,10.0
VWAP_ALIGN,2023-01-04,2023,2023-01,SHORT,2023-01-04 09:00:00,2023-01-04 09:04:00,2023-01-04 09:05:00,11046.5,10954.5,92.0,10954.5,10974.5,10934.5,WIN,20.0,false,true,false,true,false,3.464,20.54
VWAP_ALIGN,2023-01-09,2023,2023-01,LONG,2023-01-09 09:00:00,2023-01-09 09:02:00,2023-01-09 09:13:00,11311.75,11194.75,117.0,11311.75,11291.75,11331.75,LOSS,-20.0,true,false,true,false,false,1.387,12.5
VWAP_ALIGN,2023-01-10,2023,2023-01,LONG,2023-01-10 09:12:00,2023-01-10 09:14:00,2023-01-10 09:16:00,11246.0,11138.0,108.0,11246.0,11226.0,11266.0,WIN,20.0,true,false,true,false,true,1.944,20.04
VWAP_ALIGN,2023-01-11,2023,2023-01,LONG,2023-01-11 09:10:00,2023-01-11 09:22:00,2023-01-11 09:27:00,11363.25,11291.0,72.25,11363.25,11343.25,11383.25,WIN,20.0,true,false,true,false,false,1.24,12.7
VWAP_ALIGN,2023-01-13,2023,2023-01,LONG,2023-01-13 09:00:00,2023-01-13 09:05:00,2023-01-13 09:06:00,11477.25,11408.75,68.5,11477.25,11457.25,11497.25,WIN,20.0,true,false,true,false,false,3.136,18.89
VWAP_ALIGN,2023-01-17,2023,2023-01,LONG,2023-01-17 09:00:00,2023-01-17 09:01:00,2023-01-17 09:02:00,11627.25,11549.5,77.75,11627.25,11607.25,11647.25,WIN,20.0,true,false,true,false,true,2.96,14.41
VWAP_ALIGN,2023-01-18,2023,2023-01,LONG,2023-01-18 09:00:00,2023-01-18 09:01:00,2023-01-18 09:02:00,11726.75,11672.25,54.5,11726.75,11706.75,11746.75,WIN,20.0,true,false,true,false,true,2.475,14.66
VWAP_ALIGN,2023-01-19,2023,2023-01,SHORT,2023-01-19 09:46:00,2023-01-19 09:52:00,2023-01-19 09:55:00,11446.5,11348.75,97.75,11348.75,11368.75,11328.75,WIN,20.0,false,true,false,true,false,2.344,13.95
VWAP_ALIGN,2023-01-20,2023,2023-01,LONG,2023-01-20 09:05:00,2023-01-20 09:06:00,2023-01-20 09:26:00,11473.0,11383.5,89.5,11473.0,11453.0,11493.0,LOSS,-20.0,true,false,true,false,true,1.405,13.04
VWAP_ALIGN,2023-01-25,2023,2023-01,SHORT,2023-01-25 09:00:00,2023-01-25 09:14:00,2023-01-25 09:17:00,11724.0,11622.0,102.0,11622.0,11642.0,11602.0,LOSS,-20.0,false,true,false,true,false,1.877,16.79
VWAP_ALIGN,2023-01-27,2023,2023-01,LONG,2023-01-27 09:02:00,2023-01-27 09:03:00,2023-01-27 09:06:00,12147.0,12041.75,105.25,12147.0,12127.0,12167.0,WIN,20.0,true,false,true,false,false,1.855,17.05
VWAP_ALIGN,2023-01-30,2023,2023-01,LONG,2023-01-30 09:01:00,2023-01-30 09:04:00,2023-01-30 09:11:00,12131.5,12059.5,72.0,12131.5,12111.5,12151.5,LOSS,-20.0,true,false,true,false,false,1.352,18.09
VWAP_ALIGN,2023-01-31,2023,2023-01,LONG,2023-01-31 09:29:00,2023-01-31 09:30:00,2023-01-31 09:50:00,12055.25,11969.0,86.25,12055.25,12035.25,12075.25,WIN,20.0,true,false,true,false,false,1.867,13.93
VWAP_ALIGN,2023-02-01,2023,2023-02,SHORT,2023-02-01 09:51:00,2023-02-01 09:52:00,2023-02-01 10:00:00,12158.0,12101.25,56.75,12101.25,12121.25,12081.25,WIN,20.0,false,true,false,true,false,2.007,11.29
VWAP_ALIGN,2023-02-06,2023,2023-02,LONG,2023-02-06 09:01:00,2023-02-06 09:02:00,2023-02-06 09:08:00,12569.0,12502.5,66.5,12569.0,12549.0,12589.0,WIN,20.0,true,false,true,false,false,1.241,22.16
VWAP_ALIGN,2023-02-07,2023,2023-02,SHORT,2023-02-07 09:00:00,2023-02-07 09:09:00,2023-02-07 09:18:00,12554.25,12488.75,65.5,12488.75,12508.75,12468.75,LOSS,-20.0,false,true,false,true,false,1.425,17.23
VWAP_ALIGN,2023-02-08,2023,2023-02,SHORT,2023-02-08 09:06:00,2023-02-08 09:30:00,2023-02-08 09:31:00,12752.0,12662.5,89.5,12662.5,12682.5,12642.5,WIN,20.0,false,true,false,true,false,1.31,19.59
VWAP_ALIGN,2023-02-09,2023,2023-02,SHORT,2023-02-09 09:27:00,2023-02-09 09:29:00,2023-02-09 09:30:00,12728.5,12634.25,94.25,12634.25,12654.25,12614.25,WIN,20.0,false,true,false,true,true,2.428,16.59
VWAP_ALIGN,2023-02-10,2023,2023-02,SHORT,2023-02-10 09:00:00,2023-02-10 09:02:00,2023-02-10 09:03:00,12394.0,12311.5,82.5,12311.5,12331.5,12291.5,WIN,20.0,false,true,false,true,true,2.101,22.16
VWAP_ALIGN,2023-02-13,2023,2023-02,LONG,2023-02-13 09:00:00,2023-02-13 09:01:00,2023-02-13 09:04:00,12465.75,12352.0,113.75,12465.75,12445.75,12485.75,LOSS,-20.0,true,false,true,false,false,1.426,15.54
VWAP_ALIGN,2023-02-15,2023,2023-02,SHORT,2023-02-15 09:07:00,2023-02-15 09:08:00,2023-02-15 09:13:00,12631.5,12543.5,88.0,12543.5,12563.5,12523.5,LOSS,-20.0,false,true,false,true,false,1.231,18.79
VWAP_ALIGN,2023-02-16,2023,2023-02,LONG,2023-02-16 09:22:00,2023-02-16 09:27:00,2023-02-16 09:29:00,12592.0,12496.5,95.5,12592.0,12572.0,12612.0,WIN,20.0,true,false,true,false,false,0.657,15.71
VWAP_ALIGN,2023-02-21,2023,2023-02,SHORT,2023-02-21 09:00:00,2023-02-21 09:10:00,2023-02-21 09:12:00,12290.0,12216.5,73.5,12216.5,12236.5,12196.5,WIN,20.0,false,true,false,true,false,1.244,19.27
VWAP_ALIGN,2023-02-22,2023,2023-02,SHORT,2023-02-22 09:00:00,2023-02-22 09:01:00,2023-02-22 09:02:00,12174.5,12115.5,59.0,12115.5,12135.5,12095.5,WIN,20.0,false,true,false,true,false,1.422,13.64
VWAP_ALIGN,2023-02-23,2023,2023-02,SHORT,2023-02-23 09:06:00,2023-02-23 09:15:00,2023-02-23 09:16:00,12259.75,12197.25,62.5,12197.25,12217.25,12177.25,WIN,20.0,false,true,false,true,true,1.945,14.23
VWAP_ALIGN,2023-02-24,2023,2023-02,SHORT,2023-02-24 09:07:00,2023-02-24 09:10:00,2023-02-24 09:16:00,12043.0,11955.25,87.75,11955.25,11975.25,11935.25,WIN,20.0,false,true,false,true,true,1.401,16.89
VWAP_ALIGN,2023-02-27,2023,2023-02,LONG,2023-02-27 09:00:00,2023-02-27 09:03:00,2023-02-27 09:08:00,12151.5,12106.25,45.25,12151.5,12131.5,12171.5,WIN,20.0,true,false,true,false,false,1.472,11.71
VWAP_ALIGN,2023-02-28,2023,2023-02,LONG,2023-02-28 09:01:00,2023-02-28 09:04:00,2023-02-28 09:10:00,12113.25,12041.5,71.75,12113.25,12093.25,12133.25,LOSS,-20.0,true,false,true,false,false,1.78,14.84
VWAP_ALIGN,2023-03-01,2023,2023-03,SHORT,2023-03-01 09:07:00,2023-03-01 09:37:00,2023-03-01 09:41:00,12079.5,12004.0,75.5,12004.0,12024.0,11984.0,LOSS,-20.0,false,true,false,true,false,1.297,17.79
VWAP_ALIGN,2023-03-02,2023,2023-03,LONG,2023-03-02 09:01:00,2023-03-02 09:04:00,2023-03-02 09:20:00,11911.5,11846.25,65.25,11911.5,11891.5,11931.5,LOSS,-20.0,true,false,true,false,false,1.38,12.16
VWAP_ALIGN,2023-03-03,2023,2023-03,LONG,2023-03-03 09:00:00,2023-03-03 09:15:00,2023-03-03 09:25:00,12199.5,12111.5,88.0,12199.5,12179.5,12219.5,WIN,20.0,true,false,true,false,false,2.27,11.46
VWAP_ALIGN,2023-03-06,2023,2023-03,LONG,2023-03-06 09:08:00,2023-03-06 09:10:00,2023-03-06 09:17:00,12396.5,12347.25,49.25,12396.5,12376.5,12416.5,WIN,20.0,true,false,true,false,false,1.74,12.09
VWAP_ALIGN,2023-03-07,2023,2023-03,SHORT,2023-03-07 09:05:00,2023-03-07 09:35:00,2023-03-07 09:39:00,12362.75,12313.0,49.75,12313.0,12333.0,12293.0,WIN,20.0,false,true,false,true,false,1.396,16.7
VWAP_ALIGN,2023-03-08,2023,2023-03,SHORT,2023-03-08 09:00:00,2023-03-08 09:02:00,2023-03-08 09:03:00,12216.0,12155.0,61.0,12155.0,12175.0,12135.0,WIN,20.0,false,true,false,true,true,4.252,14.39
VWAP_ALIGN,2023-03-09,2023,2023-03,LONG,2023-03-09 09:03:00,2023-03-09 09:04:00,2023-03-09 09:11:00,12339.5,12230.0,109.5,12339.5,12319.5,12359.5,LOSS,-20.0,true,false,true,false,false,1.383,11.39
VWAP_ALIGN,2023-03-14,2023,2023-03,LONG,2023-03-14 09:13:00,2023-03-14 09:16:00,2023-03-14 09:26:00,12327.25,12288.25,39.0,12327.25,12307.25,12347.25,WIN,20.0,true,false,true,false,false,0.996,7.88
VWAP_ALIGN,2023-03-15,2023,2023-03,LONG,2023-03-15 09:07:00,2023-03-15 09:08:00,2023-03-15 09:19:00,12238.75,12152.25,86.5,12238.75,12218.75,12258.75,WIN,20.0,true,false,true,false,false,1.491,16.91
VWAP_ALIGN,2023-03-17,2023,2023-03,SHORT,2023-03-17 09:23:00,2023-03-17 09:24:00,2023-03-17 09:25:00,12703.5,12605.75,97.75,12605.75,12625.75,12585.75,WIN,20.0,false,true,false,true,true,2.245,14.73
VWAP_ALIGN,2023-03-20,2023,2023-03,LONG,2023-03-20 09:00:00,2023-03-20 09:03:00,2023-03-20 09:27:00,12651.25,12585.25,66.0,12651.25,12631.25,12671.25,WIN,20.0,true,false,true,false,false,1.153,12.23
VWAP_ALIGN,2023-03-21,2023,2023-03,LONG,2023-03-21 09:14:00,2023-03-21 09:15:00,2023-03-21 09:39:00,12763.75,12713.25,50.5,12763.75,12743.75,12783.75,LOSS,-20.0,true,false,true,false,false,1.602,9.45
VWAP_ALIGN,2023-03-22,2023,2023-03,LONG,2023-03-22 09:38:00,2023-03-22 09:39:00,2023-03-22 10:07:00,12937.25,12901.75,35.5,12937.25,12917.25,12957.25,LOSS,-20.0,true,false,true,false,false,1.697,6.43
VWAP_ALIGN,2023-03-23,2023,2023-03,LONG,2023-03-23 09:00:00,2023-03-23 09:01:00,2023-03-23 09:08:00,13006.0,12920.25,85.75,13006.0,12986.0,13026.0,WIN,20.0,true,false,true,false,true,1.432,9.79
VWAP_ALIGN,2023-03-24,2023,2023-03,SHORT,2023-03-24 09:08:00,2023-03-24 09:09:00,2023-03-24 09:10:00,12840.25,12772.25,68.0,12772.25,12792.25,12752.25,WIN,20.0,false,true,false,true,false,1.441,15.43
VWAP_ALIGN,2023-03-27,2023,2023-03,SHORT,2023-03-27 09:00:00,2023-03-27 09:03:00,2023-03-27 09:07:00,12898.75,12858.5,40.25,12858.5,12878.5,12838.5,WIN,20.0,false,true,false,true,false,1.788,10.55
VWAP_ALIGN,2023-03-29,2023,2023-03,LONG,2023-03-29 09:24:00,2023-03-29 09:28:00,2023-03-29 09:48:00,12895.0,12854.5,40.5,12895.0,12875.0,12915.0,WIN,20.0,true,false,true,false,false,1.427,6.73
VWAP_ALIGN,2023-03-30,2023,2023-03,SHORT,2023-03-30 10:36:00,2023-03-30 10:42:00,2023-03-30 10:44:00,13108.5,13066.0,42.5,13066.0,13086.0,13046.0,WIN,20.0,false,true,false,true,false,0.954,7.05
VWAP_ALIGN,2023-03-31,2023,2023-03,LONG,2023-03-31 09:21:00,2023-03-31 09:22:00,2023-03-31 09:53:00,13190.75,13145.75,45.0,13190.75,13170.75,13210.75,WIN,20.0,true,false,true,false,false,1.715,5.79
VWAP_ALIGN,2023-04-03,2023,2023-04,SHORT,2023-04-03 09:00:00,2023-04-03 09:06:00,2023-04-03 09:11:00,13266.75,13177.5,89.25,13177.5,13197.5,13157.5,WIN,20.0,false,true,false,true,false,1.052,10.39
VWAP_ALIGN,2023-04-04,2023,2023-04,SHORT,2023-04-04 09:02:00,2023-04-04 09:07:00,2023-04-04 09:09:00,13301.5,13252.0,49.5,13252.0,13272.0,13232.0,WIN,20.0,false,true,false,true,false,1.395,9.98
VWAP_ALIGN,2023-04-05,2023,2023-04,SHORT,2023-04-05 09:00:00,2023-04-05 09:01:00,2023-04-05 09:13:00,13104.0,13027.25,76.75,13027.25,13047.25,13007.25,LOSS,-20.0,false,true,false,true,false,0.946,8.25
VWAP_ALIGN,2023-04-06,2023,2023-04,LONG,2023-04-06 09:04:00,2023-04-06 09:05:00,2023-04-06 09:17:00,13050.0,13007.75,42.25,13050.0,13030.0,13070.0,WIN,20.0,true,false,true,false,false,0.844,8.8
VWAP_ALIGN,2023-04-10,2023,2023-04,LONG,2023-04-10 09:03:00,2023-04-10 09:05:00,2023-04-10 09:12:00,13041.75,12993.0,48.75,13041.75,13021.75,13061.75,WIN,20.0,true,false,true,false,false,1.243,7.41
VWAP_ALIGN,2023-04-11,2023,2023-04,SHORT,2023-04-11 09:36:00,2023-04-11 09:45:00,2023-04-11 09:50:00,13107.25,13057.75,49.5,13057.75,13077.75,13037.75,LOSS,-20.0,false,true,false,true,false,1.865,6.38
VWAP_ALIGN,2023-04-13,2023,2023-04,LONG,2023-04-13 09:37:00,2023-04-13 09:41:00,2023-04-13 09:51:00,13135.25,13102.5,32.75,13135.25,13115.25,13155.25,LOSS,-20.0,true,false,true,false,false,1.626,7.43
VWAP_ALIGN,2023-04-14,2023,2023-04,SHORT,2023-04-14 09:38:00,2023-04-14 09:39:00,2023-04-14 09:47:00,13155.75,13115.25,40.5,13115.25,13135.25,13095.25,LOSS,-20.0,false,true,false,true,false,1.515,9.25
VWAP_ALIGN,2023-04-17,2023,2023-04,SHORT,2023-04-17 09:30:00,2023-04-17 09:34:00,2023-04-17 09:38:00,13163.25,13111.5,51.75,13111.5,13131.5,13091.5,WIN,20.0,false,true,false,true,true,3.304,9.75
VWAP_ALIGN,2023-04-19,2023,2023-04,LONG,2023-04-19 09:01:00,2023-04-19 09:02:00,2023-04-19 09:42:00,13149.0,13111.0,38.0,13149.0,13129.0,13169.0,WIN,20.0,true,false,true,false,true,2.025,7.48
VWAP_ALIGN,2023-04-20,2023,2023-04,SHORT,2023-04-20 09:07:00,2023-04-20 09:14:00,2023-04-20 09:42:00,13158.0,13118.0,40.0,13118.0,13138.0,13098.0,LOSS,-20.0,false,true,false,true,true,2.844,7.12
VWAP_ALIGN,2023-04-21,2023,2023-04,LONG,2023-04-21 09:03:00,2023-04-21 09:04:00,2023-04-21 09:10:00,13070.5,13004.0,66.5,13070.5,13050.5,13090.5,LOSS,-20.0,true,false,true,false,false,1.957,8.96
VWAP_ALIGN,2023-04-24,2023,2023-04,SHORT,2023-04-24 09:14:00,2023-04-24 09:15:00,2023-04-24 09:42:00,13098.0,13008.25,89.75,13008.25,13028.25,12988.25,WIN,20.0,false,true,false,true,false,1.311,9.32
VWAP_ALIGN,2023-04-25,2023,2023-04,SHORT,2023-04-25 09:51:00,2023-04-25 09:52:00,2023-04-25 10:06:00,12966.0,12930.0,36.0,12930.0,12950.0,12910.0,WIN,20.0,false,true,false,true,true,2.43,6.89
VWAP_ALIGN,2023-04-26,2023,2023-04,LONG,2023-04-26 09:01:00,2023-04-26 09:02:00,2023-04-26 09:08:00,12950.5,12915.0,35.5,12950.5,12930.5,12970.5,WIN,20.0,true,false,true,false,false,1.483,9.73
VWAP_ALIGN,2023-04-28,2023,2023-04,SHORT,2023-04-28 09:00:00,2023-04-28 09:01:00,2023-04-28 09:07:00,13293.0,13193.75,99.25,13193.75,13213.75,13173.75,LOSS,-20.0,false,true,false,true,false,1.403,13.57
VWAP_ALIGN,2023-05-01,2023,2023-05,LONG,2023-05-01 09:00:00,2023-05-01 09:01:00,2023-05-01 09:10:00,13326.0,13277.0,49.0,13326.0,13306.0,13346.0,LOSS,-20.0,true,false,true,false,false,1.198,7.62
VWAP_ALIGN,2023-05-02,2023,2023-05,SHORT,2023-05-02 09:01:00,2023-05-02 09:02:00,2023-05-02 09:07:00,13211.25,13137.25,74.0,13137.25,13157.25,13117.25,WIN,20.0,false,true,false,true,false,2.291,11.62
VWAP_ALIGN,2023-05-03,2023,2023-05,SHORT,2023-05-03 09:01:00,2023-05-03 09:02:00,2023-05-03 09:56:00,13224.75,13192.75,32.0,13192.75,13212.75,13172.75,LOSS,-20.0,false,true,false,true,true,1.134,8.66
VWAP_ALIGN,2023-05-04,2023,2023-05,LONG,2023-05-04 09:07:00,2023-05-04 09:08:00,2023-05-04 09:09:00,13064.75,13001.75,63.0,13064.75,13044.75,13084.75,WIN,20.0,true,false,true,false,true,1.679,12.77
VWAP_ALIGN,2023-05-05,2023,2023-05,LONG,2023-05-05 11:11:00,2023-05-05 11:12:00,2023-05-05 11:30:00,13277.75,13232.25,45.5,13277.75,13257.75,13297.75,TIME_EXIT,14.75,true,false,true,false,false,1.679,3.77
VWAP_ALIGN,2023-05-08,2023,2023-05,LONG,2023-05-08 09:01:00,2023-05-08 09:08:00,2023-05-08 09:53:00,13297.0,13254.5,42.5,13297.0,13277.0,13317.0,WIN,20.0,true,false,true,false,false,1.343,6.05
VWAP_ALIGN,2023-05-09,2023,2023-05,SHORT,2023-05-09 09:12:00,2023-05-09 09:29:00,2023-05-09 11:29:00,13303.5,13275.5,28.0,13275.5,13295.5,13255.5,TIME_EXIT,-5.0,false,true,false,true,true,3.687,6.45
VWAP_ALIGN,2023-05-11,2023,2023-05,LONG,2023-05-11 09:00:00,2023-05-11 09:01:00,2023-05-11 09:30:00,13418.5,13361.5,57.0,13418.5,13398.5,13438.5,WIN,20.0,true,false,true,false,false,1.043,8.0
VWAP_ALIGN,2023-05-12,2023,2023-05,SHORT,2023-05-12 09:16:00,2023-05-12 09:27:00,2023-05-12 09:59:00,13411.5,13382.25,29.25,13382.25,13402.25,13362.25,LOSS,-20.0,false,true,false,true,false,2.074,9.41
VWAP_ALIGN,2023-05-15,2023,2023-05,LONG,2023-05-15 09:12:00,2023-05-15 09:13:00,2023-05-15 09:20:00,13409.75,13362.0,47.75,13409.75,13389.75,13429.75,WIN,20.0,true,false,true,false,false,1.032,7.12
VWAP_ALIGN,2023-05-16,2023,2023-05,LONG,2023-05-16 09:29:00,2023-05-16 09:30:00,2023-05-16 09:36:00,13533.75,13479.5,54.25,13533.75,13513.75,13553.75,LOSS,-20.0,true,false,true,false,true,2.526,6.79
VWAP_ALIGN,2023-05-17,2023,2023-05,LONG,2023-05-17 09:00:00,2023-05-17 09:01:00,2023-05-17 09:18:00,13538.75,13512.5,26.25,13538.75,13518.75,13558.75,WIN,20.0,true,false,true,false,false,2.456,5.66
VWAP_ALIGN,2023-05-18,2023,2023-05,LONG,2023-05-18 09:00:00,2023-05-18 09:01:00,2023-05-18 09:02:00,13791.5,13758.0,33.5,13791.5,13771.5,13811.5,WIN,20.0,true,false,true,false,false,1.655,6.86
VWAP_ALIGN,2023-05-19,2023,2023-05,SHORT,2023-05-19 09:12:00,2023-05-19 09:15:00,2023-05-19 09:17:00,13908.5,13862.25,46.25,13862.25,13882.25,13842.25,LOSS,-20.0,false,true,false,true,false,2.648,11.39
VWAP_ALIGN,2023-05-22,2023,2023-05,LONG,2023-05-22 09:05:00,2023-05-22 09:23:00,2023-05-22 09:39:00,13916.0,13878.5,37.5,13916.0,13896.0,13936.0,LOSS,-20.0,true,false,true,false,false,0.719,8.34
VWAP_ALIGN,2023-05-23,2023,2023-05,LONG,2023-05-23 09:43:00,2023-05-23 09:44:00,2023-05-23 10:06:00,13865.5,13832.5,33.0,13865.5,13845.5,13885.5,LOSS,-20.0,true,false,true,false,false,1.847,4.8
VWAP_ALIGN,2023-05-25,2023,2023-05,LONG,2023-05-25 09:00:00,2023-05-25 09:03:00,2023-05-25 09:07:00,13935.0,13867.75,67.25,13935.0,13915.0,13955.0,WIN,20.0,true,false,true,false,false,1.485,8.04
VWAP_ALIGN,2023-05-26,2023,2023-05,LONG,2023-05-26 09:41:00,2023-05-26 09:42:00,2023-05-26 09:47:00,14269.25,14193.25,76.0,14269.25,14249.25,14289.25,WIN,20.0,true,false,true,false,false,2.462,9.02
VWAP_ALIGN,2023-05-30,2023,2023-05,SHORT,2023-05-30 10:28:00,2023-05-30 10:29:00,2023-05-30 10:41:00,14469.0,14414.75,54.25,14414.75,14434.75,14394.75,WIN,20.0,false,true,false,true,false,1.518,10.45
VWAP_ALIGN,2023-05-31,2023,2023-05,SHORT,2023-05-31 09:05:00,2023-05-31 09:17:00,2023-05-31 09:28:00,14333.75,14285.75,48.0,14285.75,14305.75,14265.75,WIN,20.0,false,true,false,true,false,0.927,11.2
VWAP_ALIGN,2023-06-01,2023,2023-06,LONG,2023-06-01 09:14:00,2023-06-01 09:15:00,2023-06-01 09:36:00,14384.0,14287.25,96.75,14384.0,14364.0,14404.0,WIN,20.0,true,false,true,false,false,1.675,10.41
VWAP_ALIGN,2023-06-02,2023,2023-06,LONG,2023-06-02 09:00:00,2023-06-02 09:01:00,2023-06-02 09:50:00,14589.0,14502.75,86.25,14589.0,14569.0,14609.0,LOSS,-20.0,true,false,true,false,false,1.303,9.75
VWAP_ALIGN,2023-06-05,2023,2023-06,LONG,2023-06-05 09:28:00,2023-06-05 09:29:00,2023-06-05 10:04:00,14671.75,14598.25,73.5,14671.75,14651.75,14691.75,LOSS,-20.0,true,false,true,false,false,1.615,7.0
VWAP_ALIGN,2023-06-06,2023,2023-06,SHORT,2023-06-06 09:25:00,2023-06-06 09:26:00,2023-06-06 09:39:00,14606.75,14560.75,46.0,14560.75,14580.75,14540.75,LOSS,-20.0,false,true,false,true,true,3.268,9.41
VWAP_ALIGN,2023-06-07,2023,2023-06,SHORT,2023-06-07 09:51:00,2023-06-07 09:52:00,2023-06-07 09:59:00,14560.0,14447.75,112.25,14447.75,14467.75,14427.75,WIN,20.0,false,true,false,true,true,2.485,11.38
VWAP_ALIGN,2023-06-08,2023,2023-06,LONG,2023-06-08 09:00:00,2023-06-08 09:02:00,2023-06-08 09:06:00,14459.25,14395.75,63.5,14459.25,14439.25,14479.25,WIN,20.0,true,false,true,false,false,1.317,7.84
VWAP_ALIGN,2023-06-09,2023,2023-06,SHORT,2023-06-09 09:26:00,2023-06-09 09:28:00,2023-06-09 09:30:00,14679.5,14559.5,120.0,14559.5,14579.5,14539.5,WIN,20.0,false,true,false,true,false,1.568,11.86
VWAP_ALIGN,2023-06-12,2023,2023-06,LONG,2023-06-12 09:34:00,2023-06-12 09:35:00,2023-06-12 09:45:00,14832.75,14792.5,40.25,14832.75,14812.75,14852.75,WIN,20.0,true,false,true,false,false,1.088,6.71
VWAP_ALIGN,2023-06-13,2023,2023-06,LONG,2023-06-13 09:11:00,2023-06-13 09:41:00,2023-06-13 09:48:00,15058.0,14978.5,79.5,15058.0,15038.0,15078.0,WIN,20.0,true,false,true,false,false,0.919,10.34
VWAP_ALIGN,2023-06-14,2023,2023-06,LONG,2023-06-14 09:14:00,2023-06-14 09:15:00,2023-06-14 09:22:00,15177.75,15143.75,34.0,15177.75,15157.75,15197.75,WIN,20.0,true,false,true,false,false,1.613,9.04
VWAP_ALIGN,2023-06-15,2023,2023-06,LONG,2023-06-15 09:17:00,2023-06-15 09:28:00,2023-06-15 09:35:00,15282.0,15216.5,65.5,15282.0,15262.0,15302.0,WIN,20.0,true,false,true,false,false,1.702,14.55
VWAP_ALIGN,2023-06-16,2023,2023-06,SHORT,2023-06-16 09:26:00,2023-06-16 09:27:00,2023-06-16 09:45:00,15415.0,15344.5,70.5,15344.5,15364.5,15324.5,LOSS,-20.0,false,true,false,true,false,1.529,11.84
VWAP_ALIGN,2023-06-21,2023,2023-06,SHORT,2023-06-21 09:04:00,2023-06-21 09:07:00,2023-06-21 09:08:00,15117.5,15037.75,79.75,15037.75,15057.75,15017.75,WIN,20.0,false,true,false,true,false,1.086,13.54
VWAP_ALIGN,2023-06-22,2023,2023-06,LONG,2023-06-22 09:07:00,2023-06-22 09:37:00,2023-06-22 09:42:00,15141.5,15056.0,85.5,15141.5,15121.5,15161.5,WIN,20.0,true,false,true,false,false,1.341,12.73
VWAP_ALIGN,2023-06-23,2023,2023-06,SHORT,2023-06-23 09:19:00,2023-06-23 09:21:00,2023-06-23 09:39:00,15084.25,15025.5,58.75,15025.5,15045.5,15005.5,LOSS,-20.0,false,true,false,true,false,1.07,10.84
VWAP_ALIGN,2023-06-26,2023,2023-06,SHORT,2023-06-26 09:05:00,2023-06-26 09:06:00,2023-06-26 09:16:00,15127.0,15028.75,98.25,15028.75,15048.75,15008.75,WIN,20.0,false,true,false,true,false,2.337,12.04
VWAP_ALIGN,2023-06-27,2023,2023-06,SHORT,2023-06-27 09:05:00,2023-06-27 09:10:00,2023-06-27 09:17:00,14946.75,14906.25,40.5,14906.25,14926.25,14886.25,LOSS,-20.0,false,true,false,true,false,1.255,10.29
VWAP_ALIGN,2023-06-28,2023,2023-06,LONG,2023-06-28 10:12:00,2023-06-28 10:13:00,2023-06-28 10:25:00,15207.25,15135.0,72.25,15207.25,15187.25,15227.25,LOSS,-20.0,true,false,true,false,false,1.656,10.05
VWAP_ALIGN,2023-06-29,2023,2023-06,LONG,2023-06-29 09:45:00,2023-06-29 10:15:00,2023-06-29 10:18:00,15085.75,15028.5,57.25,15085.75,15065.75,15105.75,WIN,20.0,true,false,false,true,false,0.962,9.16
VWAP_ALIGN,2023-07-03,2023,2023-07,LONG,2023-07-03 10:58:00,2023-07-03 10:59:00,2023-07-03 11:14:00,15359.25,15310.5,48.75,15359.25,15339.25,15379.25,TIME_EXIT,-2.25,true,false,true,false,true,1.92,4.96
VWAP_ALIGN,2023-07-06,2023,2023-07,SHORT,2023-07-06 09:14:00,2023-07-06 09:25:00,2023-07-06 09:28:00,15176.75,15119.75,57.0,15119.75,15139.75,15099.75,LOSS,-20.0,false,true,false,true,false,1.156,8.34
VWAP_ALIGN,2023-07-07,2023,2023-07,LONG,2023-07-07 09:02:00,2023-07-07 09:03:00,2023-07-07 09:48:00,15245.25,15179.5,65.75,15245.25,15225.25,15265.25,WIN,20.0,true,false,true,false,false,1.401,9.21
VWAP_ALIGN,2023-07-10,2023,2023-07,SHORT,2023-07-10 09:26:00,2023-07-10 09:45:00,2023-07-10 09:47:00,15184.0,15133.25,50.75,15133.25,15153.25,15113.25,WIN,20.0,false,true,false,true,false,1.696,11.14
VWAP_ALIGN,2023-07-11,2023,2023-07,LONG,2023-07-11 09:03:00,2023-07-11 09:04:00,2023-07-11 09:07:00,15212.0,15168.5,43.5,15212.0,15192.0,15232.0,LOSS,-20.0,true,false,true,false,false,1.372,9.14
VWAP_ALIGN,2023-07-13,2023,2023-07,LONG,2023-07-13 09:01:00,2023-07-13 09:03:00,2023-07-13 09:14:00,15611.5,15560.25,51.25,15611.5,15591.5,15631.5,LOSS,-20.0,true,false,true,false,false,1.425,7.48
VWAP_ALIGN,2023-07-14,2023,2023-07,SHORT,2023-07-14 11:01:00,2023-07-14 11:02:00,2023-07-14 11:05:00,15839.25,15753.25,86.0,15753.25,15773.25,15733.25,WIN,20.0,false,true,false,true,true,1.874,9.57
VWAP_ALIGN,2023-07-17,2023,2023-07,LONG,2023-07-17 09:26:00,2023-07-17 09:27:00,2023-07-17 09:41:00,15772.25,15738.75,33.5,15772.25,15752.25,15792.25,WIN,20.0,true,false,true,false,false,1.544,8.48
VWAP_ALIGN,2023-07-18,2023,2023-07,LONG,2023-07-18 09:11:00,2023-07-18 09:15:00,2023-07-18 09:29:00,15801.5,15752.75,48.75,15801.5,15781.5,15821.5,LOSS,-20.0,true,false,true,false,false,2.27,7.38
VWAP_ALIGN,2023-07-19,2023,2023-07,LONG,2023-07-19 09:16:00,2023-07-19 09:18:00,2023-07-19 09:23:00,16043.75,15973.0,70.75,16043.75,16023.75,16063.75,LOSS,-20.0,true,false,true,false,false,1.534,8.95
VWAP_ALIGN,2023-07-20,2023,2023-07,SHORT,2023-07-20 10:33:00,2023-07-20 10:34:00,2023-07-20 11:24:00,15755.25,15699.25,56.0,15699.25,15719.25,15679.25,WIN,20.0,false,true,false,true,false,1.521,10.0
VWAP_ALIGN,2023-07-21,2023,2023-07,LONG,2023-07-21 09:11:00,2023-07-21 09:13:00,2023-07-21 09:32:00,15620.5,15549.0,71.5,15620.5,15600.5,15640.5,WIN,20.0,true,false,true,false,false,1.249,13.79
VWAP_ALIGN,2023-07-24,2023,2023-07,SHORT,2023-07-24 09:05:00,2023-07-24 09:06:00,2023-07-24 09:12:00,15593.75,15543.5,50.25,15543.5,15563.5,15523.5,LOSS,-20.0,false,true,false,true,false,1.164,10.21
VWAP_ALIGN,2023-07-25,2023,2023-07,LONG,2023-07-25 09:11:00,2023-07-25 09:12:00,2023-07-25 09:26:00,15636.75,15604.0,32.75,15636.75,15616.75,15656.75,WIN,20.0,true,false,true,false,false,1.523,6.23
VWAP_ALIGN,2023-07-26,2023,2023-07,SHORT,2023-07-26 09:00:00,2023-07-26 09:01:00,2023-07-26 09:17:00,15620.25,15532.0,88.25,15532.0,15552.0,15512.0,LOSS,-20.0,false,true,false,true,true,1.878,10.55
VWAP_ALIGN,2023-07-27,2023,2023-07,LONG,2023-07-27 09:30:00,2023-07-27 09:31:00,2023-07-27 09:42:00,15835.0,15762.0,73.0,15835.0,15815.0,15855.0,LOSS,-20.0,true,false,true,false,true,2.451,9.34
VWAP_ALIGN,2023-07-28,2023,2023-07,LONG,2023-07-28 09:11:00,2023-07-28 09:12:00,2023-07-28 09:17:00,15837.75,15782.25,55.5,15837.75,15817.75,15857.75,WIN,20.0,true,false,true,false,false,1.704,8.64
VWAP_ALIGN,2023-07-31,2023,2023-07,LONG,2023-07-31 09:03:00,2023-07-31 09:04:00,2023-07-31 09:24:00,15874.0,15827.5,46.5,15874.0,15854.0,15894.0,LOSS,-20.0,true,false,true,false,false,0.826,7.38
VWAP_ALIGN,2023-08-01,2023,2023-08,LONG,2023-08-01 11:01:00,2023-08-01 11:05:00,2023-08-01 11:29:00,15836.5,15776.5,60.0,15836.5,15816.5,15856.5,LOSS,-20.0,true,false,true,false,false,2.228,5.59
VWAP_ALIGN,2023-08-02,2023,2023-08,SHORT,2023-08-02 10:17:00,2023-08-02 10:47:00,2023-08-02 10:52:00,15558.25,15485.25,73.0,15485.25,15505.25,15465.25,WIN,20.0,false,true,false,true,false,0.644,9.61
VWAP_ALIGN,2023-08-03,2023,2023-08,LONG,2023-08-03 09:00:00,2023-08-03 09:05:00,2023-08-03 09:15:00,15431.5,15353.5,78.0,15431.5,15411.5,15451.5,WIN,20.0,true,false,true,false,false,1.434,12.18
VWAP_ALIGN,2023-08-04,2023,2023-08,LONG,2023-08-04 09:01:00,2023-08-04 09:02:00,2023-08-04 09:08:00,15528.5,15464.0,64.5,15528.5,15508.5,15548.5,WIN,20.0,true,false,true,false,false,1.0,11.29
VWAP_ALIGN,2023-08-07,2023,2023-08,SHORT,2023-08-07 09:00:00,2023-08-07 09:03:00,2023-08-07 09:06:00,15443.5,15385.75,57.75,15385.75,15405.75,15365.75,WIN,20.0,false,true,false,true,false,0.981,12.62
VWAP_ALIGN,2023-08-08,2023,2023-08,SHORT,2023-08-08 09:00:00,2023-08-08 09:01:00,2023-08-08 09:24:00,15295.75,15229.75,66.0,15229.75,15249.75,15209.75,LOSS,-20.0,false,true,false,true,false,1.075,11.95
VWAP_ALIGN,2023-08-09,2023,2023-08,SHORT,2023-08-09 09:00:00,2023-08-09 09:01:00,2023-08-09 09:04:00,15290.75,15205.0,85.75,15205.0,15225.0,15185.0,LOSS,-20.0,false,true,false,true,false,1.808,11.32
VWAP_ALIGN,2023-08-10,2023,2023-08,SHORT,2023-08-10 09:01:00,2023-08-10 09:02:00,2023-08-10 09:05:00,15420.75,15306.5,114.25,15306.5,15326.5,15286.5,WIN,20.0,false,true,false,true,false,1.227,16.11
VWAP_ALIGN,2023-08-11,2023,2023-08,SHORT,2023-08-11 09:06:00,2023-08-11 09:07:00,2023-08-11 09:11:00,15165.5,15094.25,71.25,15094.25,15114.25,15074.25,WIN,20.0,false,true,false,true,false,1.583,10.71
VWAP_ALIGN,2023-08-15,2023,2023-08,LONG,2023-08-15 09:59:00,2023-08-15 10:16:00,2023-08-15 10:18:00,15161.25,15107.5,53.75,15161.25,15141.25,15181.25,WIN,20.0,true,false,true,false,false,1.089,8.02
VWAP_ALIGN,2023-08-16,2023,2023-08,SHORT,2023-08-16 09:27:00,2023-08-16 09:28:00,2023-08-16 09:45:00,15136.75,15093.75,43.0,15093.75,15113.75,15073.75,WIN,20.0,false,true,false,true,false,1.622,8.27
VWAP_ALIGN,2023-08-17,2023,2023-08,LONG,2023-08-17 10:24:00,2023-08-17 10:35:00,2023-08-17 10:52:00,14920.5,14856.75,63.75,14920.5,14900.5,14940.5,WIN,20.0,true,false,true,false,true,1.943,9.88
VWAP_ALIGN,2023-08-18,2023,2023-08,LONG,2023-08-18 09:00:00,2023-08-18 09:02:00,2023-08-18 09:09:00,14699.5,14634.5,65.0,14699.5,14679.5,14719.5,LOSS,-20.0,true,false,true,false,true,2.395,12.36
VWAP_ALIGN,2023-08-21,2023,2023-08,SHORT,2023-08-21 09:00:00,2023-08-21 09:10:00,2023-08-21 09:16:00,14868.25,14820.25,48.0,14820.25,14840.25,14800.25,WIN,20.0,false,true,false,true,false,2.12,12.21
VWAP_ALIGN,2023-08-22,2023,2023-08,LONG,2023-08-22 09:00:00,2023-08-22 09:01:00,2023-08-22 09:05:00,15052.0,14969.25,82.75,15052.0,15032.0,15072.0,LOSS,-20.0,true,false,true,false,false,0.971,9.23
VWAP_ALIGN,2023-08-23,2023,2023-08,LONG,2023-08-23 09:00:00,2023-08-23 09:14:00,2023-08-23 09:56:00,15184.5,15124.25,60.25,15184.5,15164.5,15204.5,WIN,20.0,true,false,true,false,false,1.642,7.86
VWAP_ALIGN,2023-08-24,2023,2023-08,SHORT,2023-08-24 09:00:00,2023-08-24 09:01:00,2023-08-24 09:06:00,15086.5,15030.25,56.25,15030.25,15050.25,15010.25,WIN,20.0,false,true,false,true,true,2.494,14.32
VWAP_ALIGN,2023-08-28,2023,2023-08,SHORT,2023-08-28 09:42:00,2023-08-28 09:43:00,2023-08-28 10:05:00,15096.75,14998.75,98.0,14998.75,15018.75,14978.75,LOSS,-20.0,false,true,false,true,false,3.454,11.95
VWAP_ALIGN,2023-08-29,2023,2023-08,LONG,2023-08-29 09:12:00,2023-08-29 09:15:00,2023-08-29 09:22:00,15328.0,15289.0,39.0,15328.0,15308.0,15348.0,WIN,20.0,true,false,true,false,false,2.025,9.82
VWAP_ALIGN,2023-08-30,2023,2023-08,LONG,2023-08-30 09:36:00,2023-08-30 09:37:00,2023-08-30 10:00:00,15478.75,15403.0,75.75,15478.75,15458.75,15498.75,WIN,20.0,true,false,true,false,false,2.168,8.57
VWAP_ALIGN,2023-08-31,2023,2023-08,SHORT,2023-08-31 10:41:00,2023-08-31 11:10:00,2023-08-31 11:26:00,15606.75,15548.75,58.0,15548.75,15568.75,15528.75,LOSS,-20.0,false,true,false,true,false,0.507,7.41
VWAP_ALIGN,2023-09-01,2023,2023-09,SHORT,2023-09-01 09:45:00,2023-09-01 09:46:00,2023-09-01 09:49:00,15583.5,15482.0,101.5,15482.0,15502.0,15462.0,WIN,20.0,false,true,false,true,true,2.899,11.62
VWAP_ALIGN,2023-09-04,2023,2023-09,SHORT,2023-09-04 09:00:00,2023-09-04 09:06:00,2023-09-04 10:59:00,15550.5,15518.5,32.0,15518.5,15538.5,15498.5,TIME_EXIT,-5.25,false,true,false,true,false,2.272,4.27
VWAP_ALIGN,2023-09-05,2023,2023-09,LONG,2023-09-05 09:02:00,2023-09-05 09:03:00,2023-09-05 09:05:00,15540.25,15477.0,63.25,15540.25,15520.25,15560.25,WIN,20.0,true,false,true,false,false,1.26,10.27
VWAP_ALIGN,2023-09-06,2023,2023-09,SHORT,2023-09-06 09:00:00,2023-09-06 09:01:00,2023-09-06 09:09:00,15422.75,15374.0,48.75,15374.0,15394.0,15354.0,WIN,20.0,false,true,false,true,false,1.916,12.2
VWAP_ALIGN,2023-09-11,2023,2023-09,LONG,2023-09-11 09:25:00,2023-09-11 09:26:00,2023-09-11 09:45:00,15589.0,15540.25,48.75,15589.0,15569.0,15609.0,LOSS,-20.0,true,false,true,false,false,2.409,8.02
VWAP_ALIGN,2023-09-12,2023,2023-09,SHORT,2023-09-12 09:00:00,2023-09-12 09:09:00,2023-09-12 09:10:00,15596.5,15542.25,54.25,15542.25,15562.25,15522.25,WIN,20.0,false,true,false,true,false,2.24,9.38
VWAP_ALIGN,2023-09-13,2023,2023-09,LONG,2023-09-13 09:04:00,2023-09-13 09:07:00,2023-09-13 09:25:00,15572.25,15522.5,49.75,15572.25,15552.25,15592.25,WIN,20.0,true,false,true,false,true,1.982,11.27
VWAP_ALIGN,2023-09-14,2023,2023-09,LONG,2023-09-14 09:02:00,2023-09-14 09:04:00,2023-09-14 09:09:00,15669.0,15579.5,89.5,15669.0,15649.0,15689.0,WIN,20.0,true,false,true,false,false,1.129,8.27
VWAP_ALIGN,2023-09-15,2023,2023-09,SHORT,2023-09-15 09:00:00,2023-09-15 09:01:00,2023-09-15 09:10:00,15506.75,15423.25,83.5,15423.25,15443.25,15403.25,LOSS,-20.0,false,true,false,true,false,1.199,11.62
VWAP_ALIGN,2023-09-18,2023,2023-09,LONG,2023-09-18 09:03:00,2023-09-18 09:18:00,2023-09-18 09:31:00,15415.25,15364.5,50.75,15415.25,15395.25,15435.25,WIN,20.0,true,false,true,false,false,0.767,10.25
VWAP_ALIGN,2023-09-20,2023,2023-09,SHORT,2023-09-20 09:04:00,2023-09-20 09:05:00,2023-09-20 09:22:00,15392.5,15356.0,36.5,15356.0,15376.0,15336.0,WIN,20.0,false,true,false,true,false,1.802,9.04
VWAP_ALIGN,2023-09-21,2023,2023-09,SHORT,2023-09-21 09:13:00,2023-09-21 09:15:00,2023-09-21 09:28:00,15018.75,14957.5,61.25,14957.5,14977.5,14937.5,WIN,20.0,false,true,false,true,false,1.258,10.96
VWAP_ALIGN,2023-09-22,2023,2023-09,LONG,2023-09-22 09:00:00,2023-09-22 09:06:00,2023-09-22 09:09:00,15015.25,14952.25,63.0,15015.25,14995.25,15035.25,LOSS,-20.0,true,false,true,false,false,1.556,10.39
VWAP_ALIGN,2023-09-25,2023,2023-09,LONG,2023-09-25 09:09:00,2023-09-25 09:10:00,2023-09-25 09:15:00,14866.75,14817.5,49.25,14866.75,14846.75,14886.75,WIN,20.0,true,false,true,false,true,2.759,11.41
VWAP_ALIGN,2023-09-26,2023,2023-09,SHORT,2023-09-26 09:07:00,2023-09-26 09:08:00,2023-09-26 09:28:00,14805.75,14755.75,50.0,14755.75,14775.75,14735.75,WIN,20.0,false,true,false,true,false,1.378,9.32
VWAP_ALIGN,2023-09-27,2023,2023-09,SHORT,2023-09-27 09:46:00,2023-09-27 09:47:00,2023-09-27 10:02:00,14772.0,14682.0,90.0,14682.0,14702.0,14662.0,WIN,20.0,false,true,false,true,false,1.394,9.29
VWAP_ALIGN,2023-09-28,2023,2023-09,LONG,2023-09-28 09:08:00,2023-09-28 09:22:00,2023-09-28 09:23:00,14788.0,14679.5,108.5,14788.0,14768.0,14808.0,WIN,20.0,true,false,true,false,false,1.516,14.23
VWAP_ALIGN,2023-09-29,2023,2023-09,SHORT,2023-09-29 09:14:00,2023-09-29 09:15:00,2023-09-29 09:21:00,15026.0,14978.25,47.75,14978.25,14998.25,14958.25,LOSS,-20.0,false,true,false,true,false,0.867,11.07
VWAP_ALIGN,2023-10-02,2023,2023-10,LONG,2023-10-02 09:03:00,2023-10-02 09:13:00,2023-10-02 09:15:00,14972.0,14906.0,66.0,14972.0,14952.0,14992.0,WIN,20.0,true,false,true,false,false,1.088,14.23
VWAP_ALIGN,2023-10-03,2023,2023-10,SHORT,2023-10-03 09:00:00,2023-10-03 09:02:00,2023-10-03 09:32:00,14811.0,14742.0,69.0,14742.0,14762.0,14722.0,WIN,20.0,false,true,false,true,false,1.351,11.64
VWAP_ALIGN,2023-10-04,2023,2023-10,LONG,2023-10-04 09:21:00,2023-10-04 09:37:00,2023-10-04 09:41:00,14850.0,14739.0,111.0,14850.0,14830.0,14870.0,LOSS,-20.0,true,false,true,false,false,1.616,11.61
VWAP_ALIGN,2023-10-06,2023,2023-10,LONG,2023-10-06 09:04:00,2023-10-06 09:05:00,2023-10-06 09:07:00,14901.25,14841.25,60.0,14901.25,14881.25,14921.25,WIN,20.0,true,false,true,false,true,2.076,14.34
VWAP_ALIGN,2023-10-09,2023,2023-10,SHORT,2023-10-09 09:07:00,2023-10-09 09:10:00,2023-10-09 09:19:00,15043.0,14978.75,64.25,14978.75,14998.75,14958.75,LOSS,-20.0,false,true,false,true,false,1.352,10.36
VWAP_ALIGN,2023-10-10,2023,2023-10,LONG,2023-10-10 09:04:00,2023-10-10 09:05:00,2023-10-10 09:15:00,15326.75,15285.5,41.25,15326.75,15306.75,15346.75,WIN,20.0,true,false,true,false,false,1.196,8.32
VWAP_ALIGN,2023-10-11,2023,2023-10,LONG,2023-10-11 09:00:00,2023-10-11 09:01:00,2023-10-11 09:17:00,15366.75,15300.5,66.25,15366.75,15346.75,15386.75,LOSS,-20.0,true,false,true,false,false,1.127,10.75
VWAP_ALIGN,2023-10-12,2023,2023-10,LONG,2023-10-12 09:12:00,2023-10-12 09:13:00,2023-10-12 09:23:00,15439.0,15396.5,42.5,15439.0,15419.0,15459.0,WIN,20.0,true,false,true,false,false,1.098,11.68
VWAP_ALIGN,2023-10-13,2023,2023-10,SHORT,2023-10-13 09:05:00,2023-10-13 09:06:00,2023-10-13 09:10:00,15296.5,15186.75,109.75,15186.75,15206.75,15166.75,LOSS,-20.0,false,true,false,true,false,1.045,12.38
VWAP_ALIGN,2023-10-17,2023,2023-10,LONG,2023-10-17 09:15:00,2023-10-17 09:19:00,2023-10-17 09:32:00,15237.0,15178.5,58.5,15237.0,15217.0,15257.0,WIN,20.0,true,false,true,false,false,2.526,13.8
VWAP_ALIGN,2023-10-18,2023,2023-10,LONG,2023-10-18 10:04:00,2023-10-18 10:08:00,2023-10-18 10:16:00,15158.0,15093.0,65.0,15158.0,15138.0,15178.0,LOSS,-20.0,true,false,true,false,true,3.428,14.11
VWAP_ALIGN,2023-10-19,2023,2023-10,SHORT,2023-10-19 09:14:00,2023-10-19 09:15:00,2023-10-19 09:18:00,15052.25,14995.75,56.5,14995.75,15015.75,14975.75,WIN,20.0,false,true,false,true,false,1.172,14.62
VWAP_ALIGN,2023-10-20,2023,2023-10,SHORT,2023-10-20 09:00:00,2023-10-20 09:19:00,2023-10-20 09:32:00,14775.5,14682.0,93.5,14682.0,14702.0,14662.0,WIN,20.0,false,true,false,true,true,1.457,13.32
VWAP_ALIGN,2023-10-23,2023,2023-10,LONG,2023-10-23 09:00:00,2023-10-23 09:01:00,2023-10-23 09:14:00,14701.5,14634.25,67.25,14701.5,14681.5,14721.5,WIN,20.0,true,false,true,false,false,1.601,11.45
VWAP_ALIGN,2023-10-24,2023,2023-10,SHORT,2023-10-24 09:30:00,2023-10-24 10:00:00,2023-10-24 10:01:00,14878.0,14830.75,47.25,14830.75,14850.75,14810.75,WIN,20.0,false,true,false,true,false,1.441,12.27
VWAP_ALIGN,2023-10-25,2023,2023-10,SHORT,2023-10-25 09:25:00,2023-10-25 09:42:00,2023-10-25 09:50:00,14678.5,14607.75,70.75,14607.75,14627.75,14587.75,WIN,20.0,false,true,false,true,false,1.181,14.43
VWAP_ALIGN,2023-10-26,2023,2023-10,SHORT,2023-10-26 09:23:00,2023-10-26 09:24:00,2023-10-26 09:41:00,14385.0,14267.0,118.0,14267.0,14287.0,14247.0,WIN,20.0,false,true,false,true,false,1.266,14.0
VWAP_ALIGN,2023-10-27,2023,2023-10,LONG,2023-10-27 09:05:00,2023-10-27 09:07:00,2023-10-27 09:12:00,14351.75,14274.0,77.75,14351.75,14331.75,14371.75,WIN,20.0,true,false,true,false,true,1.58,14.68
VWAP_ALIGN,2023-10-30,2023,2023-10,LONG,2023-10-30 09:03:00,2023-10-30 09:12:00,2023-10-30 09:22:00,14369.5,14306.25,63.25,14369.5,14349.5,14389.5,LOSS,-20.0,true,false,true,false,false,0.775,13.93
VWAP_ALIGN,2023-10-31,2023,2023-10,LONG,2023-10-31 10:42:00,2023-10-31 10:46:00,2023-10-31 11:30:00,14432.75,14344.0,88.75,14432.75,14412.75,14452.75,TIME_EXIT,8.5,true,false,true,false,false,1.829,13.89
VWAP_ALIGN,2023-11-02,2023,2023-11,LONG,2023-11-02 09:03:00,2023-11-02 09:05:00,2023-11-02 09:15:00,14965.0,14911.5,53.5,14965.0,14945.0,14985.0,LOSS,-20.0,true,false,true,false,false,1.654,9.18
VWAP_ALIGN,2023-11-03,2023,2023-11,LONG,2023-11-03 09:00:00,2023-11-03 09:05:00,2023-11-03 09:09:00,15114.25,15062.75,51.5,15114.25,15094.25,15134.25,LOSS,-20.0,true,false,true,false,false,1.49,11.7
VWAP_ALIGN,2023-11-06,2023,2023-11,SHORT,2023-11-06 09:03:00,2023-11-06 09:11:00,2023-11-06 09:22:00,15257.5,15197.0,60.5,15197.0,15217.0,15177.0,LOSS,-20.0,false,true,false,true,false,1.016,12.39
VWAP_ALIGN,2023-11-07,2023,2023-11,LONG,2023-11-07 09:00:00,2023-11-07 09:01:00,2023-11-07 09:08:00,15303.25,15224.0,79.25,15303.25,15283.25,15323.25,LOSS,-20.0,true,false,true,false,true,2.082,11.93
VWAP_ALIGN,2023-11-08,2023,2023-11,SHORT,2023-11-08 09:02:00,2023-11-08 09:06:00,2023-11-08 09:20:00,15417.5,15374.0,43.5,15374.0,15394.0,15354.0,WIN,20.0,false,true,false,true,false,2.177,9.96
VWAP_ALIGN,2023-11-09,2023,2023-11,SHORT,2023-11-09 09:07:00,2023-11-09 09:08:00,2023-11-09 09:15:00,15423.0,15365.5,57.5,15365.5,15385.5,15345.5,LOSS,-20.0,false,true,false,true,true,1.816,12.04
VWAP_ALIGN,2023-11-10,2023,2023-11,LONG,2023-11-10 10:03:00,2023-11-10 10:04:00,2023-11-10 10:05:00,15390.75,15305.5,85.25,15390.75,15370.75,15410.75,WIN,20.0,true,false,true,false,false,2.063,8.95
VWAP_ALIGN,2023-11-13,2023,2023-11,LONG,2023-11-13 09:46:00,2023-11-13 09:47:00,2023-11-13 10:13:00,15539.0,15465.25,73.75,15539.0,15519.0,15559.0,WIN,20.0,true,false,true,false,false,1.865,8.7
VWAP_ALIGN,2023-11-14,2023,2023-11,LONG,2023-11-14 09:00:00,2023-11-14 09:01:00,2023-11-14 09:06:00,15867.5,15790.25,77.25,15867.5,15847.5,15887.5,WIN,20.0,true,false,true,false,false,1.134,12.91
VWAP_ALIGN,2023-11-15,2023,2023-11,SHORT,2023-11-15 10:42:00,2023-11-15 10:52:00,2023-11-15 11:12:00,15973.5,15906.0,67.5,15906.0,15926.0,15886.0,WIN,20.0,false,true,false,true,false,2.322,10.34
VWAP_ALIGN,2023-11-16,2023,2023-11,LONG,2023-11-16 09:01:00,2023-11-16 09:06:00,2023-11-16 09:08:00,15898.0,15825.25,72.75,15898.0,15878.0,15918.0,LOSS,-20.0,true,false,true,false,false,1.298,9.66
VWAP_ALIGN,2023-11-17,2023,2023-11,SHORT,2023-11-17 10:05:00,2023-11-17 10:06:00,2023-11-17 10:10:00,15880.75,15831.5,49.25,15831.5,15851.5,15811.5,LOSS,-20.0,false,true,false,true,true,2.332,9.32
VWAP_ALIGN,2023-11-20,2023,2023-11,LONG,2023-11-20 09:00:00,2023-11-20 09:05:00,2023-11-20 09:13:00,15997.0,15894.75,102.25,15997.0,15977.0,16017.0,LOSS,-20.0,true,false,true,false,false,1.366,10.0
VWAP_ALIGN,2023-11-21,2023,2023-11,SHORT,2023-11-21 09:01:00,2023-11-21 09:17:00,2023-11-21 09:21:00,16020.75,15980.25,40.5,15980.25,16000.25,15960.25,WIN,20.0,false,true,false,true,false,1.685,10.41
VWAP_ALIGN,2023-11-24,2023,2023-11,SHORT,2023-11-24 09:15:00,2023-11-24 09:16:00,2023-11-24 09:52:00,16053.5,16002.0,51.5,16002.0,16022.0,15982.0,WIN,20.0,false,true,false,true,false,2.393,8.09
VWAP_ALIGN,2023-11-27,2023,2023-11,LONG,2023-11-27 09:09:00,2023-11-27 09:10:00,2023-11-27 09:18:00,16037.5,15970.25,67.25,16037.5,16017.5,16057.5,LOSS,-20.0,true,false,true,false,false,1.839,10.62
VWAP_ALIGN,2023-11-28,2023,2023-11,LONG,2023-11-28 09:39:00,2023-11-28 09:40:00,2023-11-28 09:41:00,16007.5,15958.5,49.0,16007.5,15987.5,16027.5,WIN,20.0,true,false,true,false,true,3.699,8.62
VWAP_ALIGN,2023-11-30,2023,2023-11,SHORT,2023-11-30 09:02:00,2023-11-30 09:05:00,2023-11-30 09:13:00,16051.5,15946.5,105.0,15946.5,15966.5,15926.5,LOSS,-20.0,false,true,false,true,true,2.409,14.21
VWAP_ALIGN,2023-12-01,2023,2023-12,LONG,2023-12-01 09:01:00,2023-12-01 09:02:00,2023-12-01 09:05:00,15943.25,15875.5,67.75,15943.25,15923.25,15963.25,LOSS,-20.0,true,false,true,false,true,1.833,14.11
VWAP_ALIGN,2023-12-04,2023,2023-12,SHORT,2023-12-04 09:15:00,2023-12-04 09:16:00,2023-12-04 09:21:00,15876.5,15823.0,53.5,15823.0,15843.0,15803.0,WIN,20.0,false,true,false,true,false,1.673,13.61
VWAP_ALIGN,2023-12-05,2023,2023-12,LONG,2023-12-05 09:00:00,2023-12-05 09:27:00,2023-12-05 09:29:00,15864.25,15783.25,81.0,15864.25,15844.25,15884.25,WIN,20.0,true,false,true,false,true,2.312,14.71
VWAP_ALIGN,2023-12-06,2023,2023-12,SHORT,2023-12-06 09:00:00,2023-12-06 09:01:00,2023-12-06 09:05:00,16037.75,15936.25,101.5,15936.25,15956.25,15916.25,WIN,20.0,false,true,false,true,true,1.995,11.5
VWAP_ALIGN,2023-12-07,2023,2023-12,LONG,2023-12-07 09:21:00,2023-12-07 09:23:00,2023-12-07 09:31:00,15982.0,15887.5,94.5,15982.0,15962.0,16002.0,WIN,20.0,true,false,true,false,false,1.672,15.7
VWAP_ALIGN,2023-12-08,2023,2023-12,LONG,2023-12-08 09:00:00,2023-12-08 09:01:00,2023-12-08 09:06:00,16026.0,15947.25,78.75,16026.0,16006.0,16046.0,WIN,20.0,true,false,true,false,true,2.594,16.62
VWAP_ALIGN,2023-12-11,2023,2023-12,LONG,2023-12-11 09:00:00,2023-12-11 09:05:00,2023-12-11 09:30:00,16377.0,16281.5,95.5,16377.0,16357.0,16397.0,LOSS,-20.0,true,false,true,false,false,1.495,15.25
VWAP_ALIGN,2023-12-12,2023,2023-12,LONG,2023-12-12 09:00:00,2023-12-12 09:01:00,2023-12-12 09:18:00,16467.5,16396.5,71.0,16467.5,16447.5,16487.5,WIN,20.0,true,false,true,false,false,1.145,12.12
VWAP_ALIGN,2023-12-13,2023,2023-12,SHORT,2023-12-13 11:02:00,2023-12-13 11:03:00,2023-12-13 11:30:00,16657.25,16597.25,60.0,16597.25,16617.25,16577.25,TIME_EXIT,-5.75,false,true,false,true,false,1.94,5.79
VWAP_ALIGN,2023-12-14,2023,2023-12,SHORT,2023-12-14 09:05:00,2023-12-14 09:16:00,2023-12-14 09:17:00,16877.25,16811.5,65.75,16811.5,16831.5,16791.5,WIN,20.0,false,true,false,true,false,1.43,15.02
VWAP_ALIGN,2023-12-15,2023,2023-12,LONG,2023-12-15 09:13:00,2023-12-15 09:15:00,2023-12-15 09:29:00,16844.25,16780.0,64.25,16844.25,16824.25,16864.25,WIN,20.0,true,false,true,false,false,1.687,11.16
VWAP_ALIGN,2023-12-18,2023,2023-12,LONG,2023-12-18 09:00:00,2023-12-18 09:02:00,2023-12-18 09:18:00,16883.0,16832.5,50.5,16883.0,16863.0,16903.0,WIN,20.0,true,false,true,false,false,1.42,9.23
VWAP_ALIGN,2023-12-19,2023,2023-12,LONG,2023-12-19 09:18:00,2023-12-19 09:32:00,2023-12-19 09:39:00,16995.5,16944.5,51.0,16995.5,16975.5,17015.5,LOSS,-20.0,true,false,true,false,false,0.741,8.45
VWAP_ALIGN,2023-12-20,2023,2023-12,LONG,2023-12-20 09:00:00,2023-12-20 09:01:00,2023-12-20 09:17:00,17024.0,16971.0,53.0,17024.0,17004.0,17044.0,WIN,20.0,true,false,true,false,false,2.668,6.34
VWAP_ALIGN,2023-12-21,2023,2023-12,SHORT,2023-12-21 09:04:00,2023-12-21 09:05:00,2023-12-21 09:06:00,16958.75,16885.5,73.25,16885.5,16905.5,16865.5,WIN,20.0,false,true,false,true,false,1.082,12.48
VWAP_ALIGN,2023-12-22,2023,2023-12,SHORT,2023-12-22 10:00:00,2023-12-22 10:04:00,2023-12-22 10:07:00,17041.5,16989.25,52.25,16989.25,17009.25,16969.25,WIN,20.0,false,true,false,true,false,4.932,9.07
VWAP_ALIGN,2023-12-26,2023,2023-12,LONG,2023-12-26 09:21:00,2023-12-26 09:25:00,2023-12-26 09:51:00,17052.0,17005.5,46.5,17052.0,17032.0,17072.0,LOSS,-20.0,true,false,true,false,false,1.267,4.77
VWAP_ALIGN,2023-12-27,2023,2023-12,SHORT,2023-12-27 09:11:00,2023-12-27 09:12:00,2023-12-27 09:13:00,17121.75,17091.75,30.0,17091.75,17111.75,17071.75,WIN,20.0,false,true,false,true,false,2.376,7.98
VWAP_ALIGN,2023-12-28,2023,2023-12,SHORT,2023-12-28 09:05:00,2023-12-28 09:06:00,2023-12-28 09:36:00,17159.0,17114.75,44.25,17114.75,17134.75,17094.75,LOSS,-20.0,false,true,false,true,false,2.594,7.0
VWAP_ALIGN,2023-12-29,2023,2023-12,SHORT,2023-12-29 09:34:00,2023-12-29 09:35:00,2023-12-29 09:41:00,17107.5,17073.75,33.75,17073.75,17093.75,17053.75,WIN,20.0,false,true,false,true,false,3.489,6.16
VWAP_ALIGN,2024-01-03,2024,2024-01,SHORT,2024-01-03 09:12:00,2024-01-03 09:13:00,2024-01-03 09:21:00,16642.25,16581.5,60.75,16581.5,16601.5,16561.5,WIN,20.0,false,true,false,true,false,1.285,21.48
VWAP_ALIGN,2024-01-04,2024,2024-01,LONG,2024-01-04 09:08:00,2024-01-04 09:09:00,2024-01-04 09:13:00,16500.25,16443.25,57.0,16500.25,16480.25,16520.25,WIN,20.0,true,false,true,false,false,1.421,15.46
VWAP_ALIGN,2024-01-05,2024,2024-01,LONG,2024-01-05 09:00:00,2024-01-05 09:01:00,2024-01-05 09:02:00,16495.5,16437.5,58.0,16495.5,16475.5,16515.5,WIN,20.0,true,false,true,false,true,3.4,11.79
VWAP_ALIGN,2024-01-09,2024,2024-01,LONG,2024-01-09 09:09:00,2024-01-09 09:28:00,2024-01-09 09:36:00,16714.5,16660.5,54.0,16714.5,16694.5,16734.5,WIN,20.0,true,false,true,false,false,1.365,10.91
VWAP_ALIGN,2024-01-10,2024,2024-01,SHORT,2024-01-10 09:02:00,2024-01-10 09:03:00,2024-01-10 09:10:00,16874.0,16813.5,60.5,16813.5,16833.5,16793.5,LOSS,-20.0,false,true,false,true,false,1.736,12.57
VWAP_ALIGN,2024-01-11,2024,2024-01,SHORT,2024-01-11 09:03:00,2024-01-11 09:31:00,2024-01-11 09:32:00,17043.5,16926.75,116.75,16926.75,16946.75,16906.75,WIN,20.0,false,true,false,true,false,1.163,17.45
VWAP_ALIGN,2024-01-12,2024,2024-01,SHORT,2024-01-12 09:00:00,2024-01-12 09:01:00,2024-01-12 09:02:00,17042.5,16974.0,68.5,16974.0,16994.0,16954.0,WIN,20.0,false,true,false,true,false,2.876,14.62
VWAP_ALIGN,2024-01-15,2024,2024-01,LONG,2024-01-15 09:55:00,2024-01-15 10:05:00,2024-01-15 11:30:00,16966.25,16936.25,30.0,16966.25,16946.25,16986.25,TIME_EXIT,1.75,true,false,true,false,false,2.034,2.68
VWAP_ALIGN,2024-01-16,2024,2024-01,LONG,2024-01-16 09:16:00,2024-01-16 09:17:00,2024-01-16 09:18:00,16946.25,16855.0,91.25,16946.25,16926.25,16966.25,WIN,20.0,true,false,true,false,false,1.234,15.38
VWAP_ALIGN,2024-01-18,2024,2024-01,LONG,2024-01-18 09:37:00,2024-01-18 09:38:00,2024-01-18 09:49:00,17054.25,16994.75,59.5,17054.25,17034.25,17074.25,WIN,20.0,true,false,true,false,false,1.654,13.82
VWAP_ALIGN,2024-01-19,2024,2024-01,LONG,2024-01-19 09:00:00,2024-01-19 09:01:00,2024-01-19 09:06:00,17212.75,17166.25,46.5,17212.75,17192.75,17232.75,LOSS,-20.0,true,false,true,false,false,2.655,13.12
VWAP_ALIGN,2024-01-22,2024,2024-01,SHORT,2024-01-22 09:28:00,2024-01-22 09:29:00,2024-01-22 09:30:00,17585.0,17492.0,93.0,17492.0,17512.0,17472.0,WIN,20.0,false,true,false,true,false,1.936,14.11
VWAP_ALIGN,2024-01-24,2024,2024-01,LONG,2024-01-24 09:15:00,2024-01-24 09:16:00,2024-01-24 09:28:00,17695.5,17637.5,58.0,17695.5,17675.5,17715.5,WIN,20.0,true,false,true,false,false,1.683,11.3
VWAP_ALIGN,2024-01-25,2024,2024-01,LONG,2024-01-25 09:22:00,2024-01-25 09:28:00,2024-01-25 09:35:00,17726.75,17660.5,66.25,17726.75,17706.75,17746.75,LOSS,-20.0,true,false,true,false,false,1.641,10.86
VWAP_ALIGN,2024-01-26,2024,2024-01,SHORT,2024-01-26 09:05:00,2024-01-26 09:06:00,2024-01-26 09:10:00,17571.0,17517.25,53.75,17517.25,17537.25,17497.25,LOSS,-20.0,false,true,false,true,false,1.387,13.3
VWAP_ALIGN,2024-01-29,2024,2024-01,SHORT,2024-01-29 09:49:00,2024-01-29 09:58:00,2024-01-29 10:16:00,17583.5,17529.75,53.75,17529.75,17549.75,17509.75,LOSS,-20.0,false,true,false,true,false,0.922,9.91
VWAP_ALIGN,2024-01-30,2024,2024-01,SHORT,2024-01-30 09:00:00,2024-01-30 09:07:00,2024-01-30 09:26:00,17684.75,17654.0,30.75,17654.0,17674.0,17634.0,WIN,20.0,false,true,false,true,true,3.261,9.11
VWAP_ALIGN,2024-01-31,2024,2024-01,SHORT,2024-01-31 09:13:00,2024-01-31 09:14:00,2024-01-31 09:28:00,17426.5,17347.25,79.25,17347.25,17367.25,17327.25,WIN,20.0,false,true,false,true,false,1.007,11.41
VWAP_ALIGN,2024-02-01,2024,2024-02,SHORT,2024-02-01 09:00:00,2024-02-01 09:01:00,2024-02-01 09:04:00,17337.75,17285.25,52.5,17285.25,17305.25,17265.25,LOSS,-20.0,false,true,false,true,false,1.96,14.43
VWAP_ALIGN,2024-02-05,2024,2024-02,SHORT,2024-02-05 09:01:00,2024-02-05 09:02:00,2024-02-05 09:04:00,17737.25,17676.5,60.75,17676.5,17696.5,17656.5,WIN,20.0,false,true,false,true,false,1.992,13.48
VWAP_ALIGN,2024-02-06,2024,2024-02,SHORT,2024-02-06 09:00:00,2024-02-06 09:02:00,2024-02-06 09:03:00,17767.75,17651.75,116.0,17651.75,17671.75,17631.75,WIN,20.0,false,true,false,true,false,1.63,15.59
VWAP_ALIGN,2024-02-08,2024,2024-02,LONG,2024-02-08 09:00:00,2024-02-08 09:01:00,2024-02-08 09:30:00,17852.5,17808.0,44.5,17852.5,17832.5,17872.5,LOSS,-20.0,true,false,true,false,false,1.571,10.3
VWAP_ALIGN,2024-02-09,2024,2024-02,LONG,2024-02-09 09:00:00,2024-02-09 09:16:00,2024-02-09 09:18:00,17944.0,17875.0,69.0,17944.0,17924.0,17964.0,WIN,20.0,true,false,true,false,false,1.749,10.12
VWAP_ALIGN,2024-02-12,2024,2024-02,LONG,2024-02-12 09:39:00,2024-02-12 09:40:00,2024-02-12 09:52:00,18051.0,18007.25,43.75,18051.0,18031.0,18071.0,WIN,20.0,true,false,true,false,false,1.386,5.98
VWAP_ALIGN,2024-02-14,2024,2024-02,LONG,2024-02-14 09:19:00,2024-02-14 09:22:00,2024-02-14 09:24:00,17819.0,17743.0,76.0,17819.0,17799.0,17839.0,WIN,20.0,true,false,true,false,false,1.737,12.77
VWAP_ALIGN,2024-02-15,2024,2024-02,SHORT,2024-02-15 09:03:00,2024-02-15 09:04:00,2024-02-15 09:07:00,17903.25,17810.5,92.75,17810.5,17830.5,17790.5,LOSS,-20.0,false,true,false,true,false,1.577,14.34
VWAP_ALIGN,2024-02-19,2024,2024-02,SHORT,2024-02-19 09:44:00,2024-02-19 09:45:00,2024-02-19 11:30:00,17807.5,17785.0,22.5,17785.0,17805.0,17765.0,TIME_EXIT,-2.0,false,true,false,true,false,1.027,2.98
VWAP_ALIGN,2024-02-21,2024,2024-02,LONG,2024-02-21 09:04:00,2024-02-21 09:05:00,2024-02-21 09:08:00,17511.75,17448.25,63.5,17511.75,17491.75,17531.75,LOSS,-20.0,true,false,true,false,true,1.64,15.61
VWAP_ALIGN,2024-02-22,2024,2024-02,LONG,2024-02-22 10:18:00,2024-02-22 10:19:00,2024-02-22 10:48:00,17970.25,17864.0,106.25,17970.25,17950.25,17990.25,LOSS,-20.0,true,false,true,false,false,1.01,12.2
VWAP_ALIGN,2024-02-23,2024,2024-02,SHORT,2024-02-23 09:00:00,2024-02-23 09:22:00,2024-02-23 09:30:00,18144.75,18060.75,84.0,18060.75,18080.75,18040.75,WIN,20.0,false,true,false,true,true,1.964,16.04
VWAP_ALIGN,2024-02-26,2024,2024-02,LONG,2024-02-26 10:51:00,2024-02-26 10:52:00,2024-02-26 11:00:00,18050.75,17966.0,84.75,18050.75,18030.75,18070.75,LOSS,-20.0,true,false,true,false,false,2.1,6.8
VWAP_ALIGN,2024-02-27,2024,2024-02,LONG,2024-02-27 09:19:00,2024-02-27 09:20:00,2024-02-27 09:26:00,18027.25,17941.0,86.25,18027.25,18007.25,18047.25,LOSS,-20.0,true,false,true,false,false,1.547,11.11
VWAP_ALIGN,2024-02-28,2024,2024-02,LONG,2024-02-28 10:00:00,2024-02-28 10:01:00,2024-02-28 10:20:00,17946.5,17876.0,70.5,17946.5,17926.5,17966.5,WIN,20.0,true,false,true,false,true,4.506,8.64
VWAP_ALIGN,2024-03-01,2024,2024-03,LONG,2024-03-01 09:00:00,2024-03-01 09:01:00,2024-03-01 09:04:00,18144.5,18093.75,50.75,18144.5,18124.5,18164.5,LOSS,-20.0,true,false,true,false,false,3.829,14.96
VWAP_ALIGN,2024-03-04,2024,2024-03,SHORT,2024-03-04 09:00:00,2024-03-04 09:05:00,2024-03-04 09:13:00,18334.75,18288.0,46.75,18288.0,18308.0,18268.0,LOSS,-20.0,false,true,false,true,false,1.82,11.07
VWAP_ALIGN,2024-03-05,2024,2024-03,SHORT,2024-03-05 09:08:00,2024-03-05 09:10:00,2024-03-05 09:12:00,18135.25,18023.25,112.0,18023.25,18043.25,18003.25,WIN,20.0,false,true,false,true,false,1.359,16.32
VWAP_ALIGN,2024-03-06,2024,2024-03,SHORT,2024-03-06 09:00:00,2024-03-06 09:01:00,2024-03-06 09:03:00,18126.5,18036.5,90.0,18036.5,18056.5,18016.5,WIN,20.0,false,true,false,true,false,1.583,17.0
VWAP_ALIGN,2024-03-07,2024,2024-03,LONG,2024-03-07 09:15:00,2024-03-07 09:16:00,2024-03-07 09:38:00,18225.75,18118.75,107.0,18225.75,18205.75,18245.75,WIN,20.0,true,false,true,false,false,2.176,15.09
VWAP_ALIGN,2024-03-08,2024,2024-03,LONG,2024-03-08 09:00:00,2024-03-08 09:01:00,2024-03-08 09:06:00,18390.0,18288.0,102.0,18390.0,18370.0,18410.0,WIN,20.0,true,false,true,false,false,1.145,13.41
VWAP_ALIGN,2024-03-11,2024,2024-03,SHORT,2024-03-11 09:29:00,2024-03-11 09:30:00,2024-03-11 09:37:00,18269.0,18173.25,95.75,18173.25,18193.25,18153.25,LOSS,-20.0,false,true,false,true,false,1.073,14.41
VWAP_ALIGN,2024-03-12,2024,2024-03,LONG,2024-03-12 09:23:00,2024-03-12 09:24:00,2024-03-12 09:40:00,18447.0,18364.75,82.25,18447.0,18427.0,18467.0,LOSS,-20.0,true,false,true,false,true,1.892,10.04
VWAP_ALIGN,2024-03-13,2024,2024-03,SHORT,2024-03-13 09:30:00,2024-03-13 09:40:00,2024-03-13 09:42:00,18384.5,18314.0,70.5,18314.0,18334.0,18294.0,WIN,20.0,false,true,false,true,false,1.586,10.14
VWAP_ALIGN,2024-03-14,2024,2024-03,SHORT,2024-03-14 09:23:00,2024-03-14 09:24:00,2024-03-14 09:36:00,18342.0,18276.0,66.0,18276.0,18296.0,18256.0,LOSS,-20.0,false,true,false,true,false,1.785,15.05
VWAP_ALIGN,2024-03-15,2024,2024-03,SHORT,2024-03-15 09:19:00,2024-03-15 09:21:00,2024-03-15 09:38:00,18172.0,18093.75,78.25,18093.75,18113.75,18073.75,WIN,20.0,false,true,false,true,false,0.844,12.18
VWAP_ALIGN,2024-03-19,2024,2024-03,LONG,2024-03-19 09:31:00,2024-03-19 09:32:00,2024-03-19 09:37:00,18146.75,18067.75,79.0,18146.75,18126.75,18166.75,WIN,20.0,true,false,true,false,false,1.884,10.62
VWAP_ALIGN,2024-03-21,2024,2024-03,LONG,2024-03-21 09:35:00,2024-03-21 09:36:00,2024-03-21 09:50:00,18669.0,18620.25,48.75,18669.0,18649.0,18689.0,WIN,20.0,true,false,true,false,false,1.117,8.73
VWAP_ALIGN,2024-03-22,2024,2024-03,LONG,2024-03-22 09:05:00,2024-03-22 09:06:00,2024-03-22 09:30:00,18538.0,18502.5,35.5,18538.0,18518.0,18558.0,WIN,20.0,true,false,true,false,false,1.223,8.64
VWAP_ALIGN,2024-03-25,2024,2024-03,LONG,2024-03-25 09:02:00,2024-03-25 09:03:00,2024-03-25 09:48:00,18529.0,18499.0,30.0,18529.0,18509.0,18549.0,WIN,20.0,true,false,true,false,false,1.168,7.45
VWAP_ALIGN,2024-03-26,2024,2024-03,LONG,2024-03-26 09:22:00,2024-03-26 09:29:00,2024-03-26 10:00:00,18565.0,18534.0,31.0,18565.0,18545.0,18585.0,WIN,20.0,true,false,true,false,false,1.514,6.86
VWAP_ALIGN,2024-03-27,2024,2024-03,SHORT,2024-03-27 09:29:00,2024-03-27 09:31:00,2024-03-27 09:42:00,18443.75,18403.0,40.75,18403.0,18423.0,18383.0,LOSS,-20.0,false,true,false,true,false,2.0,8.46
VWAP_ALIGN,2024-03-28,2024,2024-03,LONG,2024-03-28 09:06:00,2024-03-28 09:30:00,2024-03-28 09:36:00,18516.5,18484.5,32.0,18516.5,18496.5,18536.5,LOSS,-20.0,true,false,false,true,true,1.518,7.96
VWAP_ALIGN,2024-04-01,2024,2024-04,SHORT,2024-04-01 09:02:00,2024-04-01 09:10:00,2024-04-01 09:15:00,18541.75,18466.75,75.0,18466.75,18486.75,18446.75,WIN,20.0,false,true,false,true,false,1.154,9.62
VWAP_ALIGN,2024-04-03,2024,2024-04,LONG,2024-04-03 09:00:00,2024-04-03 09:05:00,2024-04-03 09:51:00,18434.0,18402.25,31.75,18434.0,18414.0,18454.0,LOSS,-20.0,true,false,true,false,false,1.633,7.62
VWAP_ALIGN,2024-04-04,2024,2024-04,SHORT,2024-04-04 09:12:00,2024-04-04 09:14:00,2024-04-04 09:30:00,18513.75,18487.75,26.0,18487.75,18507.75,18467.75,LOSS,-20.0,false,true,false,true,true,1.901,6.73
VWAP_ALIGN,2024-04-05,2024,2024-04,LONG,2024-04-05 09:38:00,2024-04-05 09:40:00,2024-04-05 09:43:00,18311.0,18192.5,118.5,18311.0,18291.0,18331.0,WIN,20.0,true,false,true,false,false,1.492,13.23
VWAP_ALIGN,2024-04-10,2024,2024-04,SHORT,2024-04-10 09:13:00,2024-04-10 09:43:00,2024-04-10 10:03:00,18234.0,18135.75,98.25,18135.75,18155.75,18115.75,LOSS,-20.0,false,true,false,true,false,1.915,12.89
VWAP_ALIGN,2024-04-11,2024,2024-04,LONG,2024-04-11 09:03:00,2024-04-11 09:04:00,2024-04-11 09:07:00,18264.25,18201.75,62.5,18264.25,18244.25,18284.25,LOSS,-20.0,true,false,true,false,false,1.846,8.88
VWAP_ALIGN,2024-04-12,2024,2024-04,SHORT,2024-04-12 10:31:00,2024-04-12 10:32:00,2024-04-12 10:38:00,18288.25,18193.25,95.0,18193.25,18213.25,18173.25,WIN,20.0,false,true,false,true,false,1.773,11.11
VWAP_ALIGN,2024-04-15,2024,2024-04,SHORT,2024-04-15 09:00:00,2024-04-15 09:16:00,2024-04-15 09:28:00,18249.25,18170.75,78.5,18170.75,18190.75,18150.75,LOSS,-20.0,false,true,false,true,false,1.692,14.25
VWAP_ALIGN,2024-04-16,2024,2024-04,LONG,2024-04-16 09:06:00,2024-04-16 09:07:00,2024-04-16 09:23:00,17883.5,17834.5,49.0,17883.5,17863.5,17903.5,WIN,20.0,true,false,true,false,false,1.285,12.29
VWAP_ALIGN,2024-04-18,2024,2024-04,LONG,2024-04-18 09:11:00,2024-04-18 09:17:00,2024-04-18 09:29:00,17731.0,17651.25,79.75,17731.0,17711.0,17751.0,LOSS,-20.0,true,false,true,false,false,1.289,12.93
VWAP_ALIGN,2024-04-19,2024,2024-04,SHORT,2024-04-19 09:19:00,2024-04-19 09:20:00,2024-04-19 09:26:00,17422.25,17345.0,77.25,17345.0,17365.0,17325.0,WIN,20.0,false,true,false,true,false,1.582,14.88
VWAP_ALIGN,2024-04-22,2024,2024-04,SHORT,2024-04-22 09:09:00,2024-04-22 09:14:00,2024-04-22 09:25:00,17237.0,17165.25,71.75,17165.25,17185.25,17145.25,LOSS,-20.0,false,true,false,true,false,1.283,10.09
VWAP_ALIGN,2024-04-23,2024,2024-04,LONG,2024-04-23 09:00:00,2024-04-23 09:22:00,2024-04-23 09:32:00,17599.0,17551.25,47.75,17599.0,17579.0,17619.0,LOSS,-20.0,true,false,true,false,false,1.356,10.45
VWAP_ALIGN,2024-04-24,2024,2024-04,SHORT,2024-04-24 09:03:00,2024-04-24 09:05:00,2024-04-24 09:07:00,17742.25,17677.75,64.5,17677.75,17697.75,17657.75,WIN,20.0,false,true,false,true,true,2.048,12.48
VWAP_ALIGN,2024-04-25,2024,2024-04,LONG,2024-04-25 10:09:00,2024-04-25 10:20:00,2024-04-25 10:21:00,17436.5,17341.75,94.75,17436.5,17416.5,17456.5,WIN,20.0,true,false,true,false,false,1.132,11.73
VWAP_ALIGN,2024-04-26,2024,2024-04,LONG,2024-04-26 09:00:00,2024-04-26 09:01:00,2024-04-26 09:02:00,17860.0,17781.25,78.75,17860.0,17840.0,17880.0,WIN,20.0,true,false,true,false,false,1.381,12.25
VWAP_ALIGN,2024-04-29,2024,2024-04,SHORT,2024-04-29 09:05:00,2024-04-29 09:30:00,2024-04-29 09:35:00,17916.5,17869.25,47.25,17869.25,17889.25,17849.25,WIN,20.0,false,true,false,true,true,2.211,10.75
VWAP_ALIGN,2024-04-30,2024,2024-04,SHORT,2024-04-30 09:04:00,2024-04-30 09:06:00,2024-04-30 09:08:00,17878.75,17818.0,60.75,17818.0,17838.0,17798.0,WIN,20.0,false,true,false,true,false,1.504,9.48
VWAP_ALIGN,2024-05-01,2024,2024-05,SHORT,2024-05-01 09:09:00,2024-05-01 09:10:00,2024-05-01 09:16:00,17506.25,17459.25,47.0,17459.25,17479.25,17439.25,WIN,20.0,false,true,false,true,false,1.514,10.77
VWAP_ALIGN,2024-05-02,2024,2024-05,LONG,2024-05-02 09:02:00,2024-05-02 09:07:00,2024-05-02 09:08:00,17538.75,17444.25,94.5,17538.75,17518.75,17558.75,WIN,20.0,true,false,true,false,false,0.904,15.43
VWAP_ALIGN,2024-05-03,2024,2024-05,SHORT,2024-05-03 09:09:00,2024-05-03 09:10:00,2024-05-03 09:17:00,17990.25,17910.5,79.75,17910.5,17930.5,17890.5,LOSS,-20.0,false,true,false,true,false,1.628,15.09
VWAP_ALIGN,2024-05-06,2024,2024-05,LONG,2024-05-06 09:35:00,2024-05-06 09:44:00,2024-05-06 10:14:00,18111.0,18087.75,23.25,18111.0,18091.0,18131.0,LOSS,-20.0,true,false,true,false,true,2.517,6.59
VWAP_ALIGN,2024-05-07,2024,2024-05,LONG,2024-05-07 09:00:00,2024-05-07 09:01:00,2024-05-07 10:51:00,18251.75,18185.0,66.75,18251.75,18231.75,18271.75,LOSS,-20.0,true,false,true,false,false,1.712,7.07
VWAP_ALIGN,2024-05-09,2024,2024-05,LONG,2024-05-09 09:02:00,2024-05-09 09:05:00,2024-05-09 09:46:00,18222.0,18150.75,71.25,18222.0,18202.0,18242.0,LOSS,-20.0,true,false,true,false,false,1.526,7.59
VWAP_ALIGN,2024-05-13,2024,2024-05,LONG,2024-05-13 09:10:00,2024-05-13 09:12:00,2024-05-13 09:22:00,18304.75,18277.5,27.25,18304.75,18284.75,18324.75,LOSS,-20.0,true,false,true,false,false,1.584,9.21
VWAP_ALIGN,2024-05-15,2024,2024-05,LONG,2024-05-15 09:00:00,2024-05-15 09:01:00,2024-05-15 09:08:00,18572.5,18527.5,45.0,18572.5,18552.5,18592.5,WIN,20.0,true,false,true,false,true,2.373,6.0
VWAP_ALIGN,2024-05-16,2024,2024-05,LONG,2024-05-16 09:00:00,2024-05-16 09:03:00,2024-05-16 09:15:00,18749.75,18709.5,40.25,18749.75,18729.75,18769.75,LOSS,-20.0,true,false,true,false,false,2.11,6.0
VWAP_ALIGN,2024-05-20,2024,2024-05,LONG,2024-05-20 10:41:00,2024-05-20 10:42:00,2024-05-20 10:58:00,18772.0,18735.25,36.75,18772.0,18752.0,18792.0,WIN,20.0,true,false,true,false,false,2.052,4.75
VWAP_ALIGN,2024-05-21,2024,2024-05,LONG,2024-05-21 09:01:00,2024-05-21 09:22:00,2024-05-21 09:52:00,18758.75,18727.25,31.5,18758.75,18738.75,18778.75,LOSS,-20.0,true,false,true,false,false,1.916,6.0
VWAP_ALIGN,2024-05-22,2024,2024-05,LONG,2024-05-22 09:01:00,2024-05-22 09:03:00,2024-05-22 09:50:00,18823.25,18801.5,21.75,18823.25,18803.25,18843.25,LOSS,-20.0,true,false,true,false,false,1.877,5.23
VWAP_ALIGN,2024-05-23,2024,2024-05,LONG,2024-05-23 09:37:00,2024-05-23 09:38:00,2024-05-23 10:11:00,18915.5,18802.0,113.5,18915.5,18895.5,18935.5,LOSS,-20.0,true,false,true,false,false,1.637,8.39
VWAP_ALIGN,2024-05-24,2024,2024-05,LONG,2024-05-24 09:00:00,2024-05-24 09:01:00,2024-05-24 09:04:00,18866.75,18813.5,53.25,18866.75,18846.75,18886.75,WIN,20.0,true,false,true,false,false,1.399,8.45
VWAP_ALIGN,2024-05-27,2024,2024-05,LONG,2024-05-27 09:00:00,2024-05-27 09:01:00,2024-05-27 09:47:00,18914.5,18878.0,36.5,18914.5,18894.5,18934.5,WIN,20.0,true,false,true,false,true,2.212,3.5
VWAP_ALIGN,2024-05-28,2024,2024-05,LONG,2024-05-28 09:30:00,2024-05-28 09:31:00,2024-05-28 10:20:00,18929.75,18877.75,52.0,18929.75,18909.75,18949.75,LOSS,-20.0,true,false,true,false,false,2.614,5.23
VWAP_ALIGN,2024-05-29,2024,2024-05,SHORT,2024-05-29 09:18:00,2024-05-29 09:22:00,2024-05-29 09:34:00,18879.75,18848.75,31.0,18848.75,18868.75,18828.75,WIN,20.0,false,true,false,true,false,1.269,8.86
VWAP_ALIGN,2024-05-30,2024,2024-05,SHORT,2024-05-30 09:04:00,2024-05-30 09:05:00,2024-05-30 09:25:00,18724.25,18645.5,78.75,18645.5,18665.5,18625.5,LOSS,-20.0,false,true,false,true,true,2.006,10.7
VWAP_ALIGN,2024-05-31,2024,2024-05,SHORT,2024-05-31 09:02:00,2024-05-31 09:06:00,2024-05-31 09:16:00,18421.0,18356.0,65.0,18356.0,18376.0,18336.0,WIN,20.0,false,true,false,true,true,1.647,14.3
VWAP_ALIGN,2024-06-04,2024,2024-06,SHORT,2024-06-04 09:00:00,2024-06-04 09:06:00,2024-06-04 09:10:00,18654.75,18595.25,59.5,18595.25,18615.25,18575.25,LOSS,-20.0,false,true,false,true,false,1.313,12.86
VWAP_ALIGN,2024-06-05,2024,2024-06,LONG,2024-06-05 09:04:00,2024-06-05 09:05:00,2024-06-05 09:13:00,18936.75,18892.0,44.75,18936.75,18916.75,18956.75,WIN,20.0,true,false,true,false,true,2.345,8.09
VWAP_ALIGN,2024-06-06,2024,2024-06,SHORT,2024-06-06 09:23:00,2024-06-06 09:24:00,2024-06-06 09:33:00,19106.5,19073.25,33.25,19073.25,19093.25,19053.25,WIN,20.0,false,true,false,true,false,1.86,7.73
VWAP_ALIGN,2024-06-07,2024,2024-06,SHORT,2024-06-07 09:06:00,2024-06-07 09:07:00,2024-06-07 09:23:00,19117.5,19032.5,85.0,19032.5,19052.5,19012.5,LOSS,-20.0,false,true,false,true,false,1.561,12.55
VWAP_ALIGN,2024-06-10,2024,2024-06,LONG,2024-06-10 09:00:00,2024-06-10 09:06:00,2024-06-10 09:27:00,19069.75,19022.25,47.5,19069.75,19049.75,19089.75,WIN,20.0,true,false,true,false,false,1.417,6.98
VWAP_ALIGN,2024-06-11,2024,2024-06,SHORT,2024-06-11 09:50:00,2024-06-11 09:51:00,2024-06-11 10:14:00,19136.5,19079.0,57.5,19079.0,19099.0,19059.0,LOSS,-20.0,false,true,false,true,true,1.867,12.3
VWAP_ALIGN,2024-06-13,2024,2024-06,SHORT,2024-06-13 09:02:00,2024-06-13 09:03:00,2024-06-13 09:06:00,19595.25,19552.0,43.25,19552.0,19572.0,19532.0,LOSS,-20.0,false,true,false,true,false,1.068,12.82
VWAP_ALIGN,2024-06-14,2024,2024-06,SHORT,2024-06-14 09:49:00,2024-06-14 09:50:00,2024-06-14 09:54:00,19633.5,19574.0,59.5,19574.0,19594.0,19554.0,LOSS,-20.0,false,true,false,true,false,1.53,9.02
VWAP_ALIGN,2024-06-18,2024,2024-06,SHORT,2024-06-18 09:04:00,2024-06-18 09:05:00,2024-06-18 09:11:00,20201.75,20155.0,46.75,20155.0,20175.0,20135.0,WIN,20.0,false,true,false,true,true,1.538,7.95
VWAP_ALIGN,2024-06-20,2024,2024-06,SHORT,2024-06-20 09:49:00,2024-06-20 10:00:00,2024-06-20 10:19:00,20216.25,20159.0,57.25,20159.0,20179.0,20139.0,WIN,20.0,false,true,false,true,true,2.619,9.12
VWAP_ALIGN,2024-06-21,2024,2024-06,LONG,2024-06-21 09:01:00,2024-06-21 09:02:00,2024-06-21 09:19:00,20012.0,19943.0,69.0,20012.0,19992.0,20032.0,WIN,20.0,true,false,true,false,false,1.177,12.32
VWAP_ALIGN,2024-06-24,2024,2024-06,SHORT,2024-06-24 11:08:00,2024-06-24 11:10:00,2024-06-24 11:30:00,19941.25,19821.25,120.0,19821.25,19841.25,19801.25,TIME_EXIT,10.75,false,true,false,true,true,3.115,12.46
VWAP_ALIGN,2024-06-25,2024,2024-06,LONG,2024-06-25 09:06:00,2024-06-25 09:11:00,2024-06-25 09:14:00,19902.0,19853.0,49.0,19902.0,19882.0,19922.0,WIN,20.0,true,false,true,false,true,1.504,10.3
VWAP_ALIGN,2024-06-26,2024,2024-06,SHORT,2024-06-26 09:02:00,2024-06-26 09:09:00,2024-06-26 09:10:00,20009.0,19958.75,50.25,19958.75,19978.75,19938.75,WIN,20.0,false,true,false,true,false,1.72,13.43
VWAP_ALIGN,2024-06-27,2024,2024-06,SHORT,2024-06-27 09:32:00,2024-06-27 10:02:00,2024-06-27 10:10:00,20084.5,20001.5,83.0,20001.5,20021.5,19981.5,LOSS,-20.0,false,true,false,true,false,1.393,14.91
VWAP_ALIGN,2024-07-01,2024,2024-07,LONG,2024-07-01 09:28:00,2024-07-01 09:29:00,2024-07-01 09:32:00,19950.5,19863.75,86.75,19950.5,19930.5,19970.5,LOSS,-20.0,true,false,true,false,false,1.026,11.2
VWAP_ALIGN,2024-07-02,2024,2024-07,LONG,2024-07-02 09:05:00,2024-07-02 09:06:00,2024-07-02 09:14:00,20124.25,20056.75,67.5,20124.25,20104.25,20144.25,LOSS,-20.0,true,false,true,false,false,0.942,10.96
VWAP_ALIGN,2024-07-03,2024,2024-07,LONG,2024-07-03 09:06:00,2024-07-03 09:08:00,2024-07-03 09:15:00,20320.75,20251.75,69.0,20320.75,20300.75,20340.75,WIN,20.0,true,false,true,false,false,1.919,9.95
VWAP_ALIGN,2024-07-05,2024,2024-07,LONG,2024-07-05 09:10:00,2024-07-05 09:12:00,2024-07-05 09:30:00,20552.0,20490.5,61.5,20552.0,20532.0,20572.0,WIN,20.0,true,false,true,false,false,1.697,12.48
VWAP_ALIGN,2024-07-08,2024,2024-07,LONG,2024-07-08 09:15:00,2024-07-08 09:18:00,2024-07-08 09:22:00,20633.25,20588.0,45.25,20633.25,20613.25,20653.25,WIN,20.0,true,false,true,false,false,1.241,6.48
VWAP_ALIGN,2024-07-09,2024,2024-07,SHORT,2024-07-09 09:24:00,2024-07-09 09:31:00,2024-07-09 09:47:00,20742.0,20680.5,61.5,20680.5,20700.5,20660.5,LOSS,-20.0,false,true,false,true,false,2.537,10.46
VWAP_ALIGN,2024-07-10,2024,2024-07,SHORT,2024-07-10 09:00:00,2024-07-10 09:01:00,2024-07-10 09:03:00,20774.25,20723.75,50.5,20723.75,20743.75,20703.75,WIN,20.0,false,true,false,true,false,1.748,9.8
VWAP_ALIGN,2024-07-12,2024,2024-07,LONG,2024-07-12 09:07:00,2024-07-12 09:10:00,2024-07-12 09:17:00,20661.25,20545.0,116.25,20661.25,20641.25,20681.25,LOSS,-20.0,true,false,true,false,false,0.838,11.38
VWAP_ALIGN,2024-07-15,2024,2024-07,LONG,2024-07-15 09:00:00,2024-07-15 09:01:00,2024-07-15 09:10:00,20738.5,20678.75,59.75,20738.5,20718.5,20758.5,WIN,20.0,true,false,true,false,false,2.69,10.23
VWAP_ALIGN,2024-07-16,2024,2024-07,LONG,2024-07-16 09:08:00,2024-07-16 09:13:00,2024-07-16 09:20:00,20580.0,20509.0,71.0,20580.0,20560.0,20600.0,LOSS,-20.0,true,false,true,false,true,2.143,16.68
VWAP_ALIGN,2024-07-17,2024,2024-07,SHORT,2024-07-17 09:04:00,2024-07-17 09:05:00,2024-07-17 09:09:00,20179.5,20104.25,75.25,20104.25,20124.25,20084.25,LOSS,-20.0,false,true,false,true,false,0.869,14.5
VWAP_ALIGN,2024-07-19,2024,2024-07,SHORT,2024-07-19 09:28:00,2024-07-19 09:51:00,2024-07-19 09:56:00,19839.0,19774.5,64.5,19774.5,19794.5,19754.5,LOSS,-20.0,false,true,false,true,false,2.078,17.5
VWAP_ALIGN,2024-07-22,2024,2024-07,SHORT,2024-07-22 09:09:00,2024-07-22 09:14:00,2024-07-22 09:16:00,20018.75,19929.5,89.25,19929.5,19949.5,19909.5,WIN,20.0,false,true,false,true,true,3.881,20.54
VWAP_ALIGN,2024-07-23,2024,2024-07,LONG,2024-07-23 09:11:00,2024-07-23 09:12:00,2024-07-23 09:14:00,20024.25,19927.5,96.75,20024.25,20004.25,20044.25,WIN,20.0,true,false,true,false,false,1.022,11.61
VWAP_ALIGN,2024-07-24,2024,2024-07,SHORT,2024-07-24 09:07:00,2024-07-24 09:11:00,2024-07-24 09:17:00,19498.0,19411.75,86.25,19411.75,19431.75,19391.75,WIN,20.0,false,true,false,true,false,0.919,10.88
VWAP_ALIGN,2024-07-26,2024,2024-07,LONG,2024-07-26 09:05:00,2024-07-26 09:08:00,2024-07-26 09:10:00,19149.0,19040.25,108.75,19149.0,19129.0,19169.0,LOSS,-20.0,true,false,true,false,false,1.339,20.23
VWAP_ALIGN,2024-07-29,2024,2024-07,SHORT,2024-07-29 09:00:00,2024-07-29 09:03:00,2024-07-29 09:08:00,19322.0,19218.5,103.5,19218.5,19238.5,19198.5,WIN,20.0,false,true,false,true,false,1.742,21.32
VWAP_ALIGN,2024-07-30,2024,2024-07,SHORT,2024-07-30 09:00:00,2024-07-30 09:01:00,2024-07-30 09:02:00,19178.0,19097.25,80.75,19097.25,19117.25,19077.25,WIN,20.0,false,true,false,true,false,1.532,18.7
VWAP_ALIGN,2024-07-31,2024,2024-07,LONG,2024-07-31 09:30:00,2024-07-31 09:31:00,2024-07-31 09:32:00,19494.0,19411.25,82.75,19494.0,19474.0,19514.0,WIN,20.0,true,false,true,false,false,1.757,11.39
VWAP_ALIGN,2024-08-08,2024,2024-08,LONG,2024-08-08 10:05:00,2024-08-08 10:12:00,2024-08-08 10:25:00,18438.0,18355.0,83.0,18438.0,18418.0,18458.0,WIN,20.0,true,false,true,false,false,2.47,15.95
VWAP_ALIGN,2024-08-12,2024,2024-08,LONG,2024-08-12 09:02:00,2024-08-12 09:03:00,2024-08-12 09:04:00,18743.25,18691.0,52.25,18743.25,18723.25,18763.25,WIN,20.0,true,false,true,false,true,2.306,14.82
VWAP_ALIGN,2024-08-13,2024,2024-08,LONG,2024-08-13 09:04:00,2024-08-13 09:05:00,2024-08-13 09:28:00,18951.5,18856.0,95.5,18951.5,18931.5,18971.5,WIN,20.0,true,false,true,false,false,1.382,9.66
VWAP_ALIGN,2024-08-15,2024,2024-08,LONG,2024-08-15 09:15:00,2024-08-15 09:19:00,2024-08-15 09:30:00,19514.75,19467.5,47.25,19514.75,19494.75,19534.75,LOSS,-20.0,true,false,true,false,true,1.574,8.95
VWAP_ALIGN,2024-08-16,2024,2024-08,LONG,2024-08-16 10:10:00,2024-08-16 10:11:00,2024-08-16 10:14:00,19591.0,19496.0,95.0,19591.0,19571.0,19611.0,WIN,20.0,true,false,true,false,false,1.618,8.14
VWAP_ALIGN,2024-08-19,2024,2024-08,LONG,2024-08-19 09:02:00,2024-08-19 09:03:00,2024-08-19 09:17:00,19662.0,19592.75,69.25,19662.0,19642.0,19682.0,LOSS,-20.0,true,false,true,false,false,0.934,10.38
VWAP_ALIGN,2024-08-20,2024,2024-08,LONG,2024-08-20 09:58:00,2024-08-20 10:04:00,2024-08-20 10:16:00,19835.5,19743.0,92.5,19835.5,19815.5,19855.5,LOSS,-20.0,true,false,true,false,false,2.065,12.27
VWAP_ALIGN,2024-08-27,2024,2024-08,LONG,2024-08-27 09:00:00,2024-08-27 09:02:00,2024-08-27 09:18:00,19673.5,19623.0,50.5,19673.5,19653.5,19693.5,LOSS,-20.0,true,false,true,false,false,2.782,13.62
VWAP_ALIGN,2024-09-02,2024,2024-09,LONG,2024-09-02 09:08:00,2024-09-02 09:11:00,2024-09-02 09:33:00,19665.0,19606.25,58.75,19665.0,19645.0,19685.0,LOSS,-20.0,true,false,true,false,false,2.344,4.3
VWAP_ALIGN,2024-09-04,2024,2024-09,LONG,2024-09-04 09:00:00,2024-09-04 09:02:00,2024-09-04 09:08:00,19095.75,18976.75,119.0,19095.75,19075.75,19115.75,LOSS,-20.0,true,false,true,false,false,1.319,15.98
VWAP_ALIGN,2024-09-09,2024,2024-09,SHORT,2024-09-09 09:00:00,2024-09-09 09:13:00,2024-09-09 09:24:00,18623.0,18516.5,106.5,18516.5,18536.5,18496.5,LOSS,-20.0,false,true,false,true,false,1.562,16.62
VWAP_ALIGN,2024-09-10,2024,2024-09,SHORT,2024-09-10 09:50:00,2024-09-10 09:54:00,2024-09-10 09:58:00,18786.0,18673.25,112.75,18673.25,18693.25,18653.25,WIN,20.0,false,true,false,true,true,3.14,18.04
VWAP_ALIGN,2024-09-12,2024,2024-09,LONG,2024-09-12 10:57:00,2024-09-12 11:01:00,2024-09-12 11:02:00,19366.25,19259.25,107.0,19366.25,19346.25,19386.25,WIN,20.0,true,false,true,false,true,2.6,10.98
VWAP_ALIGN,2024-09-17,2024,2024-09,SHORT,2024-09-17 10:10:00,2024-09-17 10:15:00,2024-09-17 10:18:00,19850.25,19745.5,104.75,19745.5,19765.5,19725.5,WIN,20.0,false,true,false,true,false,1.668,9.89
VWAP_ALIGN,2024-09-18,2024,2024-09,SHORT,2024-09-18 09:10:00,2024-09-18 09:11:00,2024-09-18 09:20:00,19724.5,19671.25,53.25,19671.25,19691.25,19651.25,WIN,20.0,false,true,false,true,false,1.7,10.73
VWAP_ALIGN,2024-09-19,2024,2024-09,LONG,2024-09-19 10:26:00,2024-09-19 10:27:00,2024-09-19 11:13:00,20158.5,20057.75,100.75,20158.5,20138.5,20178.5,LOSS,-20.0,true,false,true,false,false,2.196,11.16
VWAP_ALIGN,2024-09-20,2024,2024-09,SHORT,2024-09-20 09:00:00,2024-09-20 09:02:00,2024-09-20 09:11:00,20017.0,19933.25,83.75,19933.25,19953.25,19913.25,WIN,20.0,false,true,false,true,false,1.213,14.0
VWAP_ALIGN,2024-09-23,2024,2024-09,SHORT,2024-09-23 09:05:00,2024-09-23 09:08:00,2024-09-23 09:10:00,20126.75,20057.0,69.75,20057.0,20077.0,20037.0,LOSS,-20.0,false,true,false,true,false,1.807,15.55
VWAP_ALIGN,2024-09-25,2024,2024-09,SHORT,2024-09-25 10:05:00,2024-09-25 10:10:00,2024-09-25 10:46:00,20249.75,20205.0,44.75,20205.0,20225.0,20185.0,WIN,20.0,false,true,false,true,true,1.082,11.54
VWAP_ALIGN,2024-09-27,2024,2024-09,SHORT,2024-09-27 09:10:00,2024-09-27 09:11:00,2024-09-27 09:19:00,20333.75,20272.5,61.25,20272.5,20292.5,20252.5,WIN,20.0,false,true,false,true,false,1.981,12.91
VWAP_ALIGN,2024-09-30,2024,2024-09,LONG,2024-09-30 09:07:00,2024-09-30 09:17:00,2024-09-30 09:30:00,20210.0,20162.75,47.25,20210.0,20190.0,20230.0,WIN,20.0,true,false,true,false,false,1.578,11.86
VWAP_ALIGN,2024-10-01,2024,2024-10,SHORT,2024-10-01 10:47:00,2024-10-01 11:15:00,2024-10-01 11:19:00,19965.0,19866.25,98.75,19866.25,19886.25,19846.25,WIN,20.0,false,true,false,true,false,1.421,21.2
VWAP_ALIGN,2024-10-02,2024,2024-10,LONG,2024-10-02 09:15:00,2024-10-02 09:16:00,2024-10-02 09:19:00,20056.75,19979.75,77.0,20056.75,20036.75,20076.75,WIN,20.0,true,false,true,false,false,2.049,17.61
VWAP_ALIGN,2024-10-03,2024,2024-10,LONG,2024-10-03 09:40:00,2024-10-03 09:44:00,2024-10-03 09:51:00,20031.75,19912.5,119.25,20031.75,20011.75,20051.75,WIN,20.0,true,false,true,false,true,1.596,14.43
VWAP_ALIGN,2024-10-04,2024,2024-10,LONG,2024-10-04 09:00:00,2024-10-04 09:01:00,2024-10-04 09:02:00,20129.25,20018.75,110.5,20129.25,20109.25,20149.25,WIN,20.0,true,false,true,false,false,1.437,17.09
VWAP_ALIGN,2024-10-07,2024,2024-10,SHORT,2024-10-07 09:02:00,2024-10-07 09:05:00,2024-10-07 09:13:00,20187.25,20134.25,53.0,20134.25,20154.25,20114.25,LOSS,-20.0,false,true,false,true,false,1.638,15.07
VWAP_ALIGN,2024-10-10,2024,2024-10,LONG,2024-10-10 09:14:00,2024-10-10 09:15:00,2024-10-10 09:28:00,20420.0,20360.25,59.75,20420.0,20400.0,20440.0,WIN,20.0,true,false,true,false,false,1.631,12.12
VWAP_ALIGN,2024-10-14,2024,2024-10,SHORT,2024-10-14 09:00:00,2024-10-14 09:01:00,2024-10-14 09:03:00,20649.25,20551.0,98.25,20551.0,20571.0,20531.0,WIN,20.0,false,true,false,true,false,1.856,14.25
VWAP_ALIGN,2024-10-17,2024,2024-10,LONG,2024-10-17 09:29:00,2024-10-17 09:30:00,2024-10-17 09:38:00,20455.5,20377.25,78.25,20455.5,20435.5,20475.5,WIN,20.0,true,false,true,false,false,0.758,10.93
VWAP_ALIGN,2024-10-18,2024,2024-10,LONG,2024-10-18 09:22:00,2024-10-18 09:28:00,2024-10-18 09:31:00,20506.75,20452.0,54.75,20506.75,20486.75,20526.75,WIN,20.0,true,false,true,false,false,1.201,7.89
VWAP_ALIGN,2024-10-22,2024,2024-10,SHORT,2024-10-22 10:24:00,2024-10-22 10:25:00,2024-10-22 10:42:00,20512.0,20449.75,62.25,20449.75,20469.75,20429.75,WIN,20.0,false,true,false,true,false,1.227,6.52
VWAP_ALIGN,2024-10-23,2024,2024-10,SHORT,2024-10-23 09:00:00,2024-10-23 09:07:00,2024-10-23 09:12:00,20457.75,20390.5,67.25,20390.5,20410.5,20370.5,WIN,20.0,false,true,false,true,false,1.389,13.04
VWAP_ALIGN,2024-10-24,2024,2024-10,SHORT,2024-10-24 09:47:00,2024-10-24 10:06:00,2024-10-24 10:07:00,20374.0,20305.75,68.25,20305.75,20325.75,20285.75,WIN,20.0,false,true,false,true,true,4.193,12.18
VWAP_ALIGN,2024-10-28,2024,2024-10,SHORT,2024-10-28 09:00:00,2024-10-28 09:01:00,2024-10-28 09:02:00,20618.0,20564.25,53.75,20564.25,20584.25,20544.25,WIN,20.0,false,true,false,true,true,3.159,12.68
VWAP_ALIGN,2024-10-29,2024,2024-10,LONG,2024-10-29 09:00:00,2024-10-29 09:16:00,2024-10-29 09:20:00,20604.0,20542.0,62.0,20604.0,20584.0,20624.0,LOSS,-20.0,true,false,true,false,false,2.176,11.05
VWAP_ALIGN,2024-10-30,2024,2024-10,SHORT,2024-10-30 09:10:00,2024-10-30 09:12:00,2024-10-30 09:15:00,20692.75,20629.25,63.5,20629.25,20649.25,20609.25,WIN,20.0,false,true,false,true,false,1.471,11.59
VWAP_ALIGN,2024-10-31,2024,2024-10,SHORT,2024-10-31 09:01:00,2024-10-31 09:02:00,2024-10-31 09:07:00,20157.0,20070.25,86.75,20070.25,20090.25,20050.25,LOSS,-20.0,false,true,false,true,false,1.255,14.54
VWAP_ALIGN,2024-11-07,2024,2024-11,LONG,2024-11-07 09:00:00,2024-11-07 09:05:00,2024-11-07 09:33:00,21110.5,21004.0,106.5,21110.5,21090.5,21130.5,LOSS,-20.0,true,false,true,false,false,1.412,13.8
VWAP_ALIGN,2024-11-08,2024,2024-11,SHORT,2024-11-08 09:06:00,2024-11-08 09:10:00,2024-11-08 09:18:00,21232.25,21176.25,56.0,21176.25,21196.25,21156.25,LOSS,-20.0,false,true,false,true,false,1.564,13.45
VWAP_ALIGN,2024-11-12,2024,2024-11,SHORT,2024-11-12 09:59:00,2024-11-12 10:09:00,2024-11-12 10:20:00,21251.75,21181.5,70.25,21181.5,21201.5,21161.5,LOSS,-20.0,false,true,false,true,false,1.304,12.66
VWAP_ALIGN,2024-11-13,2024,2024-11,SHORT,2024-11-13 09:00:00,2024-11-13 09:01:00,2024-11-13 09:05:00,21184.5,21121.5,63.0,21121.5,21141.5,21101.5,WIN,20.0,false,true,false,true,true,1.827,19.07
VWAP_ALIGN,2024-11-14,2024,2024-11,SHORT,2024-11-14 09:19:00,2024-11-14 09:20:00,2024-11-14 09:29:00,21174.75,21064.0,110.75,21064.0,21084.0,21044.0,LOSS,-20.0,false,true,false,true,true,3.421,16.88
VWAP_ALIGN,2024-11-15,2024,2024-11,SHORT,2024-11-15 09:01:00,2024-11-15 09:03:00,2024-11-15 09:08:00,20773.75,20679.0,94.75,20679.0,20699.0,20659.0,WIN,20.0,false,true,false,true,false,1.272,18.93
VWAP_ALIGN,2024-11-18,2024,2024-11,LONG,2024-11-18 09:04:00,2024-11-18 09:05:00,2024-11-18 09:11:00,20571.5,20501.0,70.5,20571.5,20551.5,20591.5,WIN,20.0,true,false,true,false,true,1.517,14.54
VWAP_ALIGN,2024-11-19,2024,2024-11,LONG,2024-11-19 09:29:00,2024-11-19 09:31:00,2024-11-19 09:32:00,20586.0,20508.0,78.0,20586.0,20566.0,20606.0,WIN,20.0,true,false,true,false,true,3.29,15.41
VWAP_ALIGN,2024-11-22,2024,2024-11,SHORT,2024-11-22 09:10:00,2024-11-22 09:11:00,2024-11-22 09:12:00,20873.0,20775.0,98.0,20775.0,20795.0,20755.0,WIN,20.0,false,true,false,true,false,2.676,21.8
VWAP_ALIGN,2024-11-26,2024,2024-11,SHORT,2024-11-26 09:19:00,2024-11-26 09:20:00,2024-11-26 09:29:00,21024.75,20938.0,86.75,20938.0,20958.0,20918.0,LOSS,-20.0,false,true,false,true,false,1.432,16.62
VWAP_ALIGN,2024-11-27,2024,2024-11,SHORT,2024-11-27 09:01:00,2024-11-27 09:11:00,2024-11-27 09:12:00,20939.5,20839.0,100.5,20839.0,20859.0,20819.0,WIN,20.0,false,true,false,true,false,1.577,15.23
VWAP_ALIGN,2024-11-28,2024,2024-11,LONG,2024-11-28 09:19:00,2024-11-28 09:21:00,2024-11-28 11:21:00,20896.75,20874.0,22.75,20896.75,20876.75,20916.75,TIME_EXIT,-5.0,true,false,true,false,false,1.837,4.25
VWAP_ALIGN,2024-11-29,2024,2024-11,LONG,2024-11-29 09:00:00,2024-11-29 09:01:00,2024-11-29 09:07:00,20919.25,20805.5,113.75,20919.25,20899.25,20939.25,WIN,20.0,true,false,true,false,false,1.972,11.82
VWAP_ALIGN,2024-12-03,2024,2024-12,LONG,2024-12-03 09:00:00,2024-12-03 09:01:00,2024-12-03 09:05:00,21209.75,21134.25,75.5,21209.75,21189.75,21229.75,WIN,20.0,true,false,true,false,false,1.729,11.66
VWAP_ALIGN,2024-12-04,2024,2024-12,LONG,2024-12-04 09:07:00,2024-12-04 09:08:00,2024-12-04 09:10:00,21441.25,21388.25,53.0,21441.25,21421.25,21461.25,WIN,20.0,true,false,true,false,false,1.232,13.89
VWAP_ALIGN,2024-12-05,2024,2024-12,SHORT,2024-12-05 09:50:00,2024-12-05 09:51:00,2024-12-05 10:16:00,21551.5,21497.75,53.75,21497.75,21517.75,21477.75,LOSS,-20.0,false,true,false,true,false,3.131,9.68
VWAP_ALIGN,2024-12-09,2024,2024-12,SHORT,2024-12-09 09:26:00,2024-12-09 09:27:00,2024-12-09 09:28:00,21648.75,21582.75,66.0,21582.75,21602.75,21562.75,WIN,20.0,false,true,false,true,true,2.451,10.95
VWAP_ALIGN,2024-12-10,2024,2024-12,LONG,2024-12-10 09:07:00,2024-12-10 09:08:00,2024-12-10 09:26:00,21589.25,21505.5,83.75,21589.25,21569.25,21609.25,LOSS,-20.0,true,false,true,false,false,0.901,13.84
VWAP_ALIGN,2024-12-12,2024,2024-12,SHORT,2024-12-12 09:02:00,2024-12-12 09:09:00,2024-12-12 09:12:00,21696.75,21656.0,40.75,21656.0,21676.0,21636.0,WIN,20.0,false,true,false,true,false,1.717,12.36
VWAP_ALIGN,2024-12-17,2024,2024-12,SHORT,2024-12-17 09:01:00,2024-12-17 09:03:00,2024-12-17 09:06:00,22366.75,22279.5,87.25,22279.5,22299.5,22259.5,LOSS,-20.0,false,true,false,true,false,2.017,21.11
VWAP_ALIGN,2024-12-18,2024,2024-12,LONG,2024-12-18 09:05:00,2024-12-18 09:12:00,2024-12-18 09:41:00,22303.25,22211.25,92.0,22303.25,22283.25,22323.25,WIN,20.0,true,false,true,false,false,1.186,14.98
VWAP_ALIGN,2024-12-24,2024,2024-12,LONG,2024-12-24 09:00:00,2024-12-24 09:01:00,2024-12-24 09:04:00,21907.5,21799.25,108.25,21907.5,21887.5,21927.5,WIN,20.0,true,false,true,false,false,1.242,12.82
VWAP_ALIGN,2025-01-08,2025,2025-01,LONG,2025-01-08 09:02:00,2025-01-08 09:03:00,2025-01-08 09:06:00,21384.75,21286.0,98.75,21384.75,21364.75,21404.75,LOSS,-20.0,true,false,true,false,false,1.396,33.61
VWAP_ALIGN,2025-01-20,2025,2025-01,SHORT,2025-01-20 09:45:00,2025-01-20 10:09:00,2025-01-20 10:11:00,21778.75,21713.25,65.5,21713.25,21733.25,21693.25,WIN,20.0,false,true,false,true,false,1.454,12.41
VWAP_ALIGN,2025-01-23,2025,2025-01,LONG,2025-01-23 09:34:00,2025-01-23 09:35:00,2025-01-23 09:39:00,21918.0,21866.0,52.0,21918.0,21898.0,21938.0,WIN,20.0,true,false,true,false,false,2.455,10.98
VWAP_ALIGN,2025-01-24,2025,2025-01,SHORT,2025-01-24 09:16:00,2025-01-24 09:20:00,2025-01-24 09:39:00,22078.25,21999.75,78.5,21999.75,22019.75,21979.75,WIN,20.0,false,true,false,true,false,1.319,14.18
VWAP_ALIGN,2025-01-29,2025,2025-01,SHORT,2025-01-29 09:26:00,2025-01-29 09:28:00,2025-01-29 09:30:00,21606.25,21494.0,112.25,21494.0,21514.0,21474.0,LOSS,-20.0,false,true,false,true,false,1.434,19.54
VWAP_ALIGN,2025-01-31,2025,2025-01,LONG,2025-01-31 09:00:00,2025-01-31 09:08:00,2025-01-31 09:10:00,21872.25,21765.0,107.25,21872.25,21852.25,21892.25,WIN,20.0,true,false,true,false,false,1.964,19.48
VWAP_ALIGN,2025-02-05,2025,2025-02,SHORT,2025-02-05 09:03:00,2025-02-05 09:04:00,2025-02-05 09:05:00,21591.5,21519.0,72.5,21519.0,21539.0,21499.0,LOSS,-20.0,false,true,false,true,true,2.254,25.62
VWAP_ALIGN,2025-02-06,2025,2025-02,LONG,2025-02-06 09:11:00,2025-02-06 09:12:00,2025-02-06 09:15:00,21823.75,21738.25,85.5,21823.75,21803.75,21843.75,WIN,20.0,true,false,true,false,false,1.234,15.66
VWAP_ALIGN,2025-02-10,2025,2025-02,LONG,2025-02-10 09:01:00,2025-02-10 09:04:00,2025-02-10 09:05:00,21809.0,21744.0,65.0,21809.0,21789.0,21829.0,WIN,20.0,true,false,true,false,true,1.763,17.43
VWAP_ALIGN,2025-02-11,2025,2025-02,LONG,2025-02-11 09:00:00,2025-02-11 09:01:00,2025-02-11 09:04:00,21806.0,21700.75,105.25,21806.0,21786.0,21826.0,LOSS,-20.0,true,false,true,false,false,3.239,15.91
VWAP_ALIGN,2025-02-13,2025,2025-02,LONG,2025-02-13 09:02:00,2025-02-13 09:16:00,2025-02-13 09:19:00,21951.0,21834.75,116.25,21951.0,21931.0,21971.0,WIN,20.0,true,false,true,false,true,2.694,18.21
VWAP_ALIGN,2025-02-14,2025,2025-02,LONG,2025-02-14 09:07:00,2025-02-14 09:09:00,2025-02-14 09:19:00,22141.5,22090.0,51.5,22141.5,22121.5,22161.5,LOSS,-20.0,true,false,true,false,false,1.356,12.21
VWAP_ALIGN,2025-02-17,2025,2025-02,LONG,2025-02-17 10:02:00,2025-02-17 10:03:00,2025-02-17 11:10:00,22243.0,22192.5,50.5,22243.0,22223.0,22263.0,LOSS,-20.0,true,false,true,false,false,3.493,4.0
VWAP_ALIGN,2025-02-18,2025,2025-02,SHORT,2025-02-18 09:01:00,2025-02-18 09:02:00,2025-02-18 09:04:00,22268.0,22165.0,103.0,22165.0,22185.0,22145.0,LOSS,-20.0,false,true,false,true,true,1.97,16.54
VWAP_ALIGN,2025-02-19,2025,2025-02,SHORT,2025-02-19 09:02:00,2025-02-19 09:03:00,2025-02-19 09:04:00,22221.5,22154.75,66.75,22154.75,22174.75,22134.75,WIN,20.0,false,true,false,true,false,1.363,15.07
VWAP_ALIGN,2025-02-21,2025,2025-02,SHORT,2025-02-21 09:00:00,2025-02-21 09:06:00,2025-02-21 09:07:00,22188.0,22080.0,108.0,22080.0,22100.0,22060.0,WIN,20.0,false,true,false,true,false,2.215,22.96
VWAP_ALIGN,2025-03-06,2025,2025-03,LONG,2025-03-06 10:09:00,2025-03-06 10:39:00,2025-03-06 10:49:00,20344.0,20228.25,115.75,20344.0,20324.0,20364.0,LOSS,-20.0,true,false,true,false,false,1.258,24.95
VWAP_ALIGN,2025-03-18,2025,2025-03,SHORT,2025-03-18 09:00:00,2025-03-18 09:01:00,2025-03-18 09:02:00,19733.75,19652.5,81.25,19652.5,19672.5,19632.5,WIN,20.0,false,true,false,true,true,1.807,21.12
VWAP_ALIGN,2025-03-19,2025,2025-03,LONG,2025-03-19 09:11:00,2025-03-19 09:22:00,2025-03-19 09:33:00,19866.25,19788.0,78.25,19866.25,19846.25,19886.25,WIN,20.0,true,false,true,false,false,1.354,12.16
VWAP_ALIGN,2025-03-21,2025,2025-03,LONG,2025-03-21 09:00:00,2025-03-21 09:01:00,2025-03-21 09:05:00,19797.25,19695.25,102.0,19797.25,19777.25,19817.25,LOSS,-20.0,true,false,true,false,false,1.913,17.59
VWAP_ALIGN,2025-03-24,2025,2025-03,LONG,2025-03-24 09:06:00,2025-03-24 09:07:00,2025-03-24 09:37:00,20359.5,20315.5,44.0,20359.5,20339.5,20379.5,LOSS,-20.0,true,false,true,false,false,1.5,10.02
VWAP_ALIGN,2025-03-25,2025,2025-03,SHORT,2025-03-25 11:29:00,2025-03-25 11:30:00,2025-03-25 11:30:00,20491.0,20421.75,69.25,20421.75,20441.75,20401.75,TIME_EXIT,3.75,false,true,false,true,false,2.134,8.75
VWAP_ALIGN,2025-03-26,2025,2025-03,SHORT,2025-03-26 09:28:00,2025-03-26 09:43:00,2025-03-26 09:49:00,20312.25,20257.75,54.5,20257.75,20277.75,20237.75,WIN,20.0,false,true,false,true,false,1.774,12.39
VWAP_ALIGN,2025-03-27,2025,2025-03,SHORT,2025-03-27 09:40:00,2025-03-27 10:09:00,2025-03-27 10:10:00,20199.5,20106.5,93.0,20106.5,20126.5,20086.5,WIN,20.0,false,true,false,true,false,1.061,15.95
VWAP_ALIGN,2025-03-28,2025,2025-03,SHORT,2025-03-28 09:01:00,2025-03-28 09:02:00,2025-03-28 09:03:00,19660.75,19575.75,85.0,19575.75,19595.75,19555.75,WIN,20.0,false,true,false,true,false,2.035,19.16
VWAP_ALIGN,2025-03-31,2025,2025-03,LONG,2025-03-31 09:00:00,2025-03-31 09:02:00,2025-03-31 09:05:00,19165.5,19059.75,105.75,19165.5,19145.5,19185.5,LOSS,-20.0,true,false,true,false,false,1.67,21.93
VWAP_ALIGN,2025-04-02,2025,2025-04,LONG,2025-04-02 09:20:00,2025-04-02 09:48:00,2025-04-02 09:51:00,19639.75,19560.5,79.25,19639.75,19619.75,19659.75,LOSS,-20.0,true,false,true,false,true,2.391,15.68
VWAP_ALIGN,2025-04-14,2025,2025-04,SHORT,2025-04-14 09:02:00,2025-04-14 09:03:00,2025-04-14 09:04:00,19193.0,19114.0,79.0,19114.0,19134.0,19094.0,WIN,20.0,false,true,false,true,false,0.839,23.2
VWAP_ALIGN,2025-04-15,2025,2025-04,LONG,2025-04-15 09:20:00,2025-04-15 09:21:00,2025-04-15 09:25:00,19077.5,18966.75,110.75,19077.5,19057.5,19097.5,LOSS,-20.0,true,false,true,false,false,1.289,20.98
VWAP_ALIGN,2025-04-16,2025,2025-04,LONG,2025-04-16 09:23:00,2025-04-16 09:24:00,2025-04-16 09:25:00,18669.5,18595.5,74.0,18669.5,18649.5,18689.5,WIN,20.0,true,false,true,false,false,1.244,18.54
VWAP_ALIGN,2025-04-17,2025,2025-04,LONG,2025-04-17 10:59:00,2025-04-17 11:29:00,2025-04-17 11:30:00,18366.0,18261.5,104.5,18366.0,18346.0,18386.0,WIN,20.0,true,false,true,false,false,0.784,22.52
VWAP_ALIGN,2025-04-21,2025,2025-04,SHORT,2025-04-21 09:14:00,2025-04-21 09:15:00,2025-04-21 09:22:00,17988.25,17903.75,84.5,17903.75,17923.75,17883.75,WIN,20.0,false,true,false,true,true,2.234,19.27
VWAP_ALIGN,2025-04-22,2025,2025-04,LONG,2025-04-22 09:03:00,2025-04-22 09:04:00,2025-04-22 09:09:00,18354.75,18244.0,110.75,18354.75,18334.75,18374.75,WIN,20.0,true,false,true,false,false,0.616,13.71
VWAP_ALIGN,2025-04-24,2025,2025-04,LONG,2025-04-24 09:11:00,2025-04-24 09:21:00,2025-04-24 09:23:00,19180.0,19087.25,92.75,19180.0,19160.0,19200.0,LOSS,-20.0,true,false,true,false,true,2.115,16.3
VWAP_ALIGN,2025-04-28,2025,2025-04,SHORT,2025-04-28 09:06:00,2025-04-28 09:07:00,2025-04-28 09:09:00,19539.25,19446.25,93.0,19446.25,19466.25,19426.25,WIN,20.0,false,true,false,true,false,1.413,20.21
VWAP_ALIGN,2025-04-29,2025,2025-04,SHORT,2025-04-29 10:55:00,2025-04-29 10:56:00,2025-04-29 11:04:00,19609.0,19492.0,117.0,19492.0,19512.0,19472.0,LOSS,-20.0,false,true,false,true,true,1.551,17.79
VWAP_ALIGN,2025-04-30,2025,2025-04,LONG,2025-04-30 09:00:00,2025-04-30 09:01:00,2025-04-30 09:02:00,19356.75,19275.75,81.0,19356.75,19336.75,19376.75,WIN,20.0,true,false,true,false,true,1.69,28.66
VWAP_ALIGN,2025-05-01,2025,2025-05,LONG,2025-05-01 09:00:00,2025-05-01 09:05:00,2025-05-01 09:14:00,20073.5,19975.5,98.0,20073.5,20053.5,20093.5,WIN,20.0,true,false,true,false,false,1.129,11.7
VWAP_ALIGN,2025-05-02,2025,2025-05,LONG,2025-05-02 09:15:00,2025-05-02 09:16:00,2025-05-02 09:22:00,20180.75,20122.0,58.75,20180.75,20160.75,20200.75,LOSS,-20.0,true,false,true,false,false,1.872,11.91
VWAP_ALIGN,2025-05-05,2025,2025-05,LONG,2025-05-05 09:04:00,2025-05-05 09:21:00,2025-05-05 09:26:00,20115.25,20009.0,106.25,20115.25,20095.25,20135.25,LOSS,-20.0,true,false,true,false,false,0.924,12.02
VWAP_ALIGN,2025-05-06,2025,2025-05,LONG,2025-05-06 09:23:00,2025-05-06 09:28:00,2025-05-06 09:32:00,19937.75,19881.25,56.5,19937.75,19917.75,19957.75,LOSS,-20.0,true,false,true,false,false,2.708,12.39
VWAP_ALIGN,2025-05-13,2025,2025-05,LONG,2025-05-13 09:12:00,2025-05-13 09:18:00,2025-05-13 09:25:00,21260.0,21187.0,73.0,21260.0,21240.0,21280.0,WIN,20.0,true,false,true,false,false,1.618,10.41
VWAP_ALIGN,2025-05-14,2025,2025-05,LONG,2025-05-14 09:25:00,2025-05-14 09:28:00,2025-05-14 10:05:00,21370.0,21313.75,56.25,21370.0,21350.0,21390.0,WIN,20.0,true,false,true,false,false,1.433,11.11
VWAP_ALIGN,2025-05-15,2025,2025-05,LONG,2025-05-15 09:00:00,2025-05-15 09:01:00,2025-05-15 09:03:00,21335.75,21257.25,78.5,21335.75,21315.75,21355.75,WIN,20.0,true,false,true,false,false,1.419,13.02
VWAP_ALIGN,2025-05-16,2025,2025-05,LONG,2025-05-16 09:32:00,2025-05-16 09:33:00,2025-05-16 09:41:00,21414.5,21320.25,94.25,21414.5,21394.5,21434.5,WIN,20.0,true,false,true,false,false,0.985,10.86
VWAP_ALIGN,2025-05-19,2025,2025-05,LONG,2025-05-19 09:18:00,2025-05-19 09:38:00,2025-05-19 09:40:00,21434.75,21377.25,57.5,21434.75,21414.75,21454.75,WIN,20.0,true,false,true,false,false,1.645,12.43
VWAP_ALIGN,2025-05-20,2025,2025-05,LONG,2025-05-20 10:37:00,2025-05-20 10:39:00,2025-05-20 10:45:00,21451.0,21381.75,69.25,21451.0,21431.0,21471.0,WIN,20.0,true,false,true,false,false,1.868,9.61
VWAP_ALIGN,2025-05-21,2025,2025-05,LONG,2025-05-21 09:00:00,2025-05-21 09:03:00,2025-05-21 09:07:00,21459.0,21372.0,87.0,21459.0,21439.0,21479.0,WIN,20.0,true,false,true,false,false,1.834,14.93
VWAP_ALIGN,2025-05-22,2025,2025-05,LONG,2025-05-22 09:24:00,2025-05-22 09:45:00,2025-05-22 09:49:00,21265.25,21166.5,98.75,21265.25,21245.25,21285.25,LOSS,-20.0,true,false,true,false,false,1.505,16.38
VWAP_ALIGN,2025-05-23,2025,2025-05,SHORT,2025-05-23 09:05:00,2025-05-23 09:06:00,2025-05-23 09:10:00,20988.0,20908.0,80.0,20908.0,20928.0,20888.0,LOSS,-20.0,false,true,false,true,false,1.108,18.27
VWAP_ALIGN,2025-05-26,2025,2025-05,SHORT,2025-05-26 09:03:00,2025-05-26 09:04:00,2025-05-26 09:26:00,21268.5,21224.75,43.75,21224.75,21244.75,21204.75,LOSS,-20.0,false,true,false,true,false,2.234,6.55
VWAP_ALIGN,2025-05-27,2025,2025-05,LONG,2025-05-27 09:25:00,2025-05-27 09:26:00,2025-05-27 09:40:00,21389.5,21349.0,40.5,21389.5,21369.5,21409.5,LOSS,-20.0,true,false,true,false,false,1.847,8.11
VWAP_ALIGN,2025-05-28,2025,2025-05,LONG,2025-05-28 10:36:00,2025-05-28 10:42:00,2025-05-28 11:11:00,21464.0,21426.0,38.0,21464.0,21444.0,21484.0,WIN,20.0,true,false,true,false,true,2.177,5.93
VWAP_ALIGN,2025-05-29,2025,2025-05,SHORT,2025-05-29 09:34:00,2025-05-29 09:49:00,2025-05-29 09:51:00,21522.25,21430.0,92.25,21430.0,21450.0,21410.0,LOSS,-20.0,false,true,false,true,false,1.667,15.68
VWAP_ALIGN,2025-05-30,2025,2025-05,SHORT,2025-05-30 09:11:00,2025-05-30 09:12:00,2025-05-30 09:18:00,21399.5,21345.25,54.25,21345.25,21365.25,21325.25,WIN,20.0,false,true,false,true,false,1.524,13.46
VWAP_ALIGN,2025-06-02,2025,2025-06,LONG,2025-06-02 09:50:00,2025-06-02 09:51:00,2025-06-02 09:53:00,21418.75,21349.0,69.75,21418.75,21398.75,21438.75,WIN,20.0,true,false,true,false,true,2.3,12.0
VWAP_ALIGN,2025-06-03,2025,2025-06,LONG,2025-06-03 09:00:00,2025-06-03 09:02:00,2025-06-03 09:20:00,21664.0,21584.0,80.0,21664.0,21644.0,21684.0,WIN,20.0,true,false,true,false,false,1.589,9.2
VWAP_ALIGN,2025-06-04,2025,2025-06,LONG,2025-06-04 09:00:00,2025-06-04 09:01:00,2025-06-04 09:11:00,21764.25,21705.5,58.75,21764.25,21744.25,21784.25,WIN,20.0,true,false,true,false,false,1.756,12.61
VWAP_ALIGN,2025-06-06,2025,2025-06,LONG,2025-06-06 09:05:00,2025-06-06 09:06:00,2025-06-06 09:08:00,21841.25,21764.0,77.25,21841.25,21821.25,21861.25,WIN,20.0,true,false,true,false,false,1.631,11.5
VWAP_ALIGN,2025-06-10,2025,2025-06,SHORT,2025-06-10 09:00:00,2025-06-10 09:30:00,2025-06-10 09:31:00,21890.75,21850.25,40.5,21850.25,21870.25,21830.25,WIN,20.0,false,true,false,true,false,1.842,9.93
VWAP_ALIGN,2025-06-11,2025,2025-06,LONG,2025-06-11 09:00:00,2025-06-11 09:03:00,2025-06-11 09:08:00,22062.0,22025.25,36.75,22062.0,22042.0,22082.0,LOSS,-20.0,true,false,true,false,false,1.039,8.39
VWAP_ALIGN,2025-06-12,2025,2025-06,LONG,2025-06-12 09:01:00,2025-06-12 09:07:00,2025-06-12 09:17:00,21949.0,21910.0,39.0,21949.0,21929.0,21969.0,LOSS,-20.0,true,false,true,false,true,2.335,9.2
VWAP_ALIGN,2025-06-17,2025,2025-06,LONG,2025-06-17 09:09:00,2025-06-17 09:10:00,2025-06-17 09:14:00,22113.0,22070.0,43.0,22113.0,22093.0,22133.0,WIN,20.0,true,false,true,false,false,0.722,10.71
VWAP_ALIGN,2025-06-23,2025,2025-06,SHORT,2025-06-23 10:41:00,2025-06-23 11:11:00,2025-06-23 11:12:00,22018.0,21950.0,68.0,21950.0,21970.0,21930.0,WIN,20.0,false,true,true,false,false,1.269,30.46
VWAP_ALIGN,2025-06-24,2025,2025-06,LONG,2025-06-24 09:02:00,2025-06-24 09:03:00,2025-06-24 09:23:00,22340.25,22300.75,39.5,22340.25,22320.25,22360.25,WIN,20.0,true,false,true,false,true,1.752,11.8
VWAP_ALIGN,2025-06-25,2025,2025-06,SHORT,2025-06-25 09:02:00,2025-06-25 09:03:00,2025-06-25 09:06:00,22524.75,22475.75,49.0,22475.75,22495.75,22455.75,WIN,20.0,false,true,false,true,false,1.095,10.43
VWAP_ALIGN,2025-06-26,2025,2025-06,LONG,2025-06-26 09:16:00,2025-06-26 09:17:00,2025-06-26 09:28:00,22597.25,22556.5,40.75,22597.25,22577.25,22617.25,LOSS,-20.0,true,false,true,false,false,2.995,7.16
VWAP_ALIGN,2025-06-27,2025,2025-06,LONG,2025-06-27 09:41:00,2025-06-27 09:46:00,2025-06-27 10:15:00,22814.75,22748.5,66.25,22814.75,22794.75,22834.75,LOSS,-20.0,true,false,true,false,false,1.211,6.55
VWAP_ALIGN,2025-06-30,2025,2025-06,SHORT,2025-06-30 09:14:00,2025-06-30 09:17:00,2025-06-30 09:33:00,22845.0,22809.0,36.0,22809.0,22829.0,22789.0,LOSS,-20.0,false,true,false,true,false,1.371,9.02
VWAP_ALIGN,2025-07-01,2025,2025-07,SHORT,2025-07-01 09:01:00,2025-07-01 09:07:00,2025-07-01 09:08:00,22783.5,22674.5,109.0,22674.5,22694.5,22654.5,WIN,20.0,false,true,false,true,true,1.403,15.27
VWAP_ALIGN,2025-07-02,2025,2025-07,LONG,2025-07-02 09:01:00,2025-07-02 09:02:00,2025-07-02 09:27:00,22831.75,22771.0,60.75,22831.75,22811.75,22851.75,LOSS,-20.0,true,false,true,false,false,1.066,10.91
VWAP_ALIGN,2025-07-03,2025,2025-07,LONG,2025-07-03 09:08:00,2025-07-03 09:14:00,2025-07-03 09:38:00,23067.75,23036.0,31.75,23067.75,23047.75,23087.75,WIN,20.0,true,false,true,false,false,1.509,7.36
VWAP_ALIGN,2025-07-07,2025,2025-07,LONG,2025-07-07 10:00:00,2025-07-07 10:01:00,2025-07-07 10:18:00,22939.5,22882.5,57.0,22939.5,22919.5,22959.5,WIN,20.0,true,false,true,false,true,1.651,9.64
VWAP_ALIGN,2025-07-08,2025,2025-07,LONG,2025-07-08 10:23:00,2025-07-08 10:24:00,2025-07-08 10:27:00,22942.75,22841.0,101.75,22942.75,22922.75,22962.75,WIN,20.0,true,false,true,false,false,2.897,7.89
VWAP_ALIGN,2025-07-10,2025,2025-07,LONG,2025-07-10 09:26:00,2025-07-10 09:32:00,2025-07-10 09:43:00,22986.75,22934.75,52.0,22986.75,22966.75,23006.75,WIN,20.0,true,false,true,false,false,1.597,10.61
VWAP_ALIGN,2025-07-11,2025,2025-07,SHORT,2025-07-11 09:14:00,2025-07-11 09:23:00,2025-07-11 09:36:00,23009.0,22950.0,59.0,22950.0,22970.0,22930.0,LOSS,-20.0,false,true,false,true,true,2.927,10.93
VWAP_ALIGN,2025-07-14,2025,2025-07,LONG,2025-07-14 09:00:00,2025-07-14 09:01:00,2025-07-14 09:03:00,22992.5,22923.0,69.5,22992.5,22972.5,23012.5,WIN,20.0,true,false,true,false,false,1.58,10.46
VWAP_ALIGN,2025-07-15,2025,2025-07,SHORT,2025-07-15 10:57:00,2025-07-15 11:15:00,2025-07-15 11:20:00,23185.5,23096.0,89.5,23096.0,23116.0,23076.0,LOSS,-20.0,false,true,false,true,false,3.043,10.89
VWAP_ALIGN,2025-07-16,2025,2025-07,LONG,2025-07-16 09:12:00,2025-07-16 09:14:00,2025-07-16 09:16:00,23033.75,22960.0,73.75,23033.75,23013.75,23053.75,LOSS,-20.0,true,false,true,false,false,0.534,14.09
VWAP_ALIGN,2025-07-17,2025,2025-07,LONG,2025-07-17 09:00:00,2025-07-17 09:01:00,2025-07-17 09:05:00,23198.75,23146.25,52.5,23198.75,23178.75,23218.75,WIN,20.0,true,false,true,false,false,2.427,7.12
VWAP_ALIGN,2025-07-18,2025,2025-07,SHORT,2025-07-18 09:01:00,2025-07-18 09:04:00,2025-07-18 09:09:00,23230.75,23190.5,40.25,23190.5,23210.5,23170.5,LOSS,-20.0,false,true,false,true,false,1.634,9.7
VWAP_ALIGN,2025-07-22,2025,2025-07,LONG,2025-07-22 09:34:00,2025-07-22 09:37:00,2025-07-22 09:43:00,23230.0,23166.75,63.25,23230.0,23210.0,23250.0,LOSS,-20.0,true,false,true,false,false,1.782,8.09
VWAP_ALIGN,2025-07-23,2025,2025-07,LONG,2025-07-23 09:00:00,2025-07-23 09:01:00,2025-07-23 09:04:00,23203.5,23150.5,53.0,23203.5,23183.5,23223.5,LOSS,-20.0,true,false,true,false,true,2.075,7.39
VWAP_ALIGN,2025-07-24,2025,2025-07,LONG,2025-07-24 09:00:00,2025-07-24 09:01:00,2025-07-24 10:05:00,23381.0,23329.25,51.75,23381.0,23361.0,23401.0,LOSS,-20.0,true,false,true,false,true,1.973,7.5
VWAP_ALIGN,2025-07-25,2025,2025-07,LONG,2025-07-25 09:30:00,2025-07-25 09:56:00,2025-07-25 10:13:00,23423.5,23391.0,32.5,23423.5,23403.5,23443.5,WIN,20.0,true,false,true,false,false,2.429,6.46
VWAP_ALIGN,2025-07-28,2025,2025-07,SHORT,2025-07-28 09:18:00,2025-07-28 09:29:00,2025-07-28 10:20:00,23519.0,23482.5,36.5,23482.5,23502.5,23462.5,LOSS,-20.0,false,true,false,true,true,2.903,6.64
VWAP_ALIGN,2025-07-29,2025,2025-07,SHORT,2025-07-29 09:05:00,2025-07-29 09:07:00,2025-07-29 09:16:00,23576.5,23514.5,62.0,23514.5,23534.5,23494.5,WIN,20.0,false,true,false,true,false,1.371,12.71
VWAP_ALIGN,2025-07-30,2025,2025-07,SHORT,2025-07-30 09:11:00,2025-07-30 09:23:00,2025-07-30 09:30:00,23541.25,23504.0,37.25,23504.0,23524.0,23484.0,WIN,20.0,false,true,false,true,true,1.778,8.98
VWAP_ALIGN,2025-08-01,2025,2025-08,SHORT,2025-08-01 09:00:00,2025-08-01 09:01:00,2025-08-01 09:05:00,23022.75,22919.25,103.5,22919.25,22939.25,22899.25,LOSS,-20.0,false,true,false,true,false,0.885,21.25
VWAP_ALIGN,2025-08-04,2025,2025-08,LONG,2025-08-04 09:57:00,2025-08-04 09:58:00,2025-08-04 10:27:00,23254.75,23194.0,60.75,23254.75,23234.75,23274.75,WIN,20.0,true,false,true,false,false,2.493,8.88
VWAP_ALIGN,2025-08-06,2025,2025-08,LONG,2025-08-06 09:00:00,2025-08-06 09:09:00,2025-08-06 09:17:00,23287.0,23179.5,107.5,23287.0,23267.0,23307.0,WIN,20.0,true,false,true,false,false,1.392,13.52
VWAP_ALIGN,2025-08-07,2025,2025-08,SHORT,2025-08-07 09:04:00,2025-08-07 09:15:00,2025-08-07 09:17:00,23592.75,23516.0,76.75,23516.0,23536.0,23496.0,LOSS,-20.0,false,true,false,true,false,1.32,18.75
VWAP_ALIGN,2025-08-11,2025,2025-08,SHORT,2025-08-11 09:05:00,2025-08-11 09:07:00,2025-08-11 09:13:00,23761.25,23719.25,42.0,23719.25,23739.25,23699.25,LOSS,-20.0,false,true,false,true,false,1.079,9.11
VWAP_ALIGN,2025-08-12,2025,2025-08,LONG,2025-08-12 09:01:00,2025-08-12 09:02:00,2025-08-12 09:05:00,23781.75,23732.5,49.25,23781.75,23761.75,23801.75,WIN,20.0,true,false,true,false,false,1.958,12.52
VWAP_ALIGN,2025-08-13,2025,2025-08,SHORT,2025-08-13 09:04:00,2025-08-13 09:06:00,2025-08-13 09:12:00,23973.25,23932.5,40.75,23932.5,23952.5,23912.5,WIN,20.0,false,true,false,true,false,1.367,9.91
VWAP_ALIGN,2025-08-14,2025,2025-08,SHORT,2025-08-14 09:27:00,2025-08-14 09:57:00,2025-08-14 10:01:00,24007.75,23940.5,67.25,23940.5,23960.5,23920.5,WIN,20.0,false,true,false,true,false,1.809,13.29
VWAP_ALIGN,2025-08-15,2025,2025-08,SHORT,2025-08-15 09:39:00,2025-08-15 10:01:00,2025-08-15 10:12:00,23862.5,23785.25,77.25,23785.25,23805.25,23765.25,LOSS,-20.0,false,true,false,true,true,2.057,10.04
VWAP_ALIGN,2025-08-19,2025,2025-08,SHORT,2025-08-19 09:00:00,2025-08-19 09:02:00,2025-08-19 09:14:00,23659.5,23540.0,119.5,23540.0,23560.0,23520.0,LOSS,-20.0,false,true,false,true,false,1.826,16.77
VWAP_ALIGN,2025-08-21,2025,2025-08,SHORT,2025-08-21 09:11:00,2025-08-21 09:20:00,2025-08-21 09:21:00,23345.5,23249.25,96.25,23249.25,23269.25,23229.25,WIN,20.0,false,true,false,true,false,2.075,13.43
VWAP_ALIGN,2025-08-25,2025,2025-08,LONG,2025-08-25 09:00:00,2025-08-25 09:02:00,2025-08-25 09:21:00,23574.25,23532.5,41.75,23574.25,23554.25,23594.25,WIN,20.0,true,false,true,false,false,1.786,10.98
VWAP_ALIGN,2025-08-27,2025,2025-08,LONG,2025-08-27 09:47:00,2025-08-27 09:48:00,2025-08-27 10:17:00,23616.25,23583.75,32.5,23616.25,23596.25,23636.25,LOSS,-20.0,true,false,true,false,true,3.174,8.57
VWAP_ALIGN,2025-08-28,2025,2025-08,LONG,2025-08-28 09:12:00,2025-08-28 09:16:00,2025-08-28 09:17:00,23730.0,23628.75,101.25,23730.0,23710.0,23750.0,WIN,20.0,true,false,true,false,false,0.966,9.79
VWAP_ALIGN,2025-08-29,2025,2025-08,SHORT,2025-08-29 11:15:00,2025-08-29 11:16:00,2025-08-29 11:22:00,23515.5,23415.25,100.25,23415.25,23435.25,23395.25,LOSS,-20.0,false,true,false,true,true,1.614,12.16
VWAP_ALIGN,2025-09-03,2025,2025-09,SHORT,2025-09-03 09:30:00,2025-09-03 09:35:00,2025-09-03 09:48:00,23525.25,23432.25,93.0,23432.25,23452.25,23412.25,WIN,20.0,false,true,false,true,false,2.077,12.21
VWAP_ALIGN,2025-09-04,2025,2025-09,LONG,2025-09-04 09:00:00,2025-09-04 09:02:00,2025-09-04 09:11:00,23530.25,23479.5,50.75,23530.25,23510.25,23550.25,LOSS,-20.0,true,false,true,false,false,1.985,11.57
VWAP_ALIGN,2025-09-09,2025,2025-09,LONG,2025-09-09 09:54:00,2025-09-09 10:10:00,2025-09-09 10:17:00,23812.25,23726.0,86.25,23812.25,23792.25,23832.25,WIN,20.0,true,false,true,false,false,2.233,10.43
VWAP_ALIGN,2025-09-10,2025,2025-09,SHORT,2025-09-10 09:16:00,2025-09-10 09:17:00,2025-09-10 09:19:00,23991.0,23957.5,33.5,23957.5,23977.5,23937.5,WIN,20.0,false,true,false,true,false,2.471,9.62
VWAP_ALIGN,2025-09-11,2025,2025-09,LONG,2025-09-11 09:16:00,2025-09-11 09:38:00,2025-09-11 10:03:00,24020.0,23961.25,58.75,24020.0,24000.0,24040.0,WIN,20.0,true,false,true,false,true,3.179,7.71
VWAP_ALIGN,2025-09-16,2025,2025-09,SHORT,2025-09-16 09:01:00,2025-09-16 09:02:00,2025-09-16 09:41:00,24556.75,24527.0,29.75,24527.0,24547.0,24507.0,WIN,20.0,false,true,false,true,false,2.342,7.25
VWAP_ALIGN,2025-09-17,2025,2025-09,SHORT,2025-09-17 09:04:00,2025-09-17 09:05:00,2025-09-17 09:14:00,24459.75,24410.0,49.75,24410.0,24430.0,24390.0,LOSS,-20.0,false,true,false,true,false,0.982,7.73
VWAP_ALIGN,2025-09-19,2025,2025-09,SHORT,2025-09-19 09:06:00,2025-09-19 09:15:00,2025-09-19 09:30:00,24789.75,24734.0,55.75,24734.0,24754.0,24714.0,WIN,20.0,false,true,false,true,false,0.893,11.55
VWAP_ALIGN,2025-09-22,2025,2025-09,LONG,2025-09-22 09:00:00,2025-09-22 09:01:00,2025-09-22 09:12:00,24931.0,24890.0,41.0,24931.0,24911.0,24951.0,LOSS,-20.0,true,false,true,false,false,1.351,7.05
VWAP_ALIGN,2025-09-23,2025,2025-09,SHORT,2025-09-23 09:00:00,2025-09-23 09:02:00,2025-09-23 09:12:00,24975.25,24938.0,37.25,24938.0,24958.0,24918.0,LOSS,-20.0,false,true,false,true,false,1.189,8.52
VWAP_ALIGN,2025-09-24,2025,2025-09,SHORT,2025-09-24 09:00:00,2025-09-24 09:04:00,2025-09-24 09:34:00,24829.75,24790.25,39.5,24790.25,24810.25,24770.25,WIN,20.0,false,true,false,true,false,1.472,10.2
VWAP_ALIGN,2025-09-25,2025,2025-09,LONG,2025-09-25 09:35:00,2025-09-25 09:37:00,2025-09-25 09:40:00,24656.75,24609.0,47.75,24656.75,24636.75,24676.75,WIN,20.0,true,false,true,false,false,1.331,14.73
VWAP_ALIGN,2025-09-26,2025,2025-09,LONG,2025-09-26 10:21:00,2025-09-26 10:22:00,2025-09-26 10:24:00,24643.25,24539.0,104.25,24643.25,24623.25,24663.25,WIN,20.0,true,false,true,false,true,2.874,12.8
VWAP_ALIGN,2025-09-30,2025,2025-09,LONG,2025-09-30 09:00:00,2025-09-30 09:01:00,2025-09-30 09:11:00,24854.5,24752.25,102.25,24854.5,24834.5,24874.5,LOSS,-20.0,true,false,true,false,false,1.915,14.93
VWAP_ALIGN,2025-10-01,2025,2025-10,LONG,2025-10-01 09:01:00,2025-10-01 09:02:00,2025-10-01 09:12:00,24912.0,24874.75,37.25,24912.0,24892.0,24932.0,LOSS,-20.0,true,false,true,false,false,2.454,10.23
VWAP_ALIGN,2025-10-02,2025,2025-10,SHORT,2025-10-02 09:00:00,2025-10-02 09:02:00,2025-10-02 09:04:00,25090.75,25019.0,71.75,25019.0,25039.0,24999.0,WIN,20.0,false,true,false,true,false,1.699,13.71
VWAP_ALIGN,2025-10-03,2025,2025-10,LONG,2025-10-03 09:15:00,2025-10-03 09:17:00,2025-10-03 09:40:00,25128.75,25078.75,50.0,25128.75,25108.75,25148.75,LOSS,-20.0,true,false,true,false,false,1.299,9.05
VWAP_ALIGN,2025-10-06,2025,2025-10,LONG,2025-10-06 09:04:00,2025-10-06 09:05:00,2025-10-06 09:38:00,25158.0,25108.5,49.5,25158.0,25138.0,25178.0,WIN,20.0,true,false,true,false,false,1.133,8.93
VWAP_ALIGN,2025-10-07,2025,2025-10,SHORT,2025-10-07 09:02:00,2025-10-07 09:03:00,2025-10-07 09:04:00,25231.25,25172.25,59.0,25172.25,25192.25,25152.25,WIN,20.0,false,true,false,true,false,1.157,10.82
VWAP_ALIGN,2025-10-08,2025,2025-10,LONG,2025-10-08 09:25:00,2025-10-08 09:34:00,2025-10-08 09:41:00,25226.0,25172.75,53.25,25226.0,25206.0,25246.0,WIN,20.0,true,false,true,false,true,3.645,8.36
VWAP_ALIGN,2025-10-09,2025,2025-10,SHORT,2025-10-09 11:05:00,2025-10-09 11:16:00,2025-10-09 11:21:00,25260.0,25193.5,66.5,25193.5,25213.5,25173.5,LOSS,-20.0,false,true,false,true,false,1.472,14.52
VWAP_ALIGN,2025-10-14,2025,2025-10,LONG,2025-10-14 09:05:00,2025-10-14 09:06:00,2025-10-14 09:09:00,24743.75,24670.25,73.5,24743.75,24723.75,24763.75,LOSS,-20.0,true,false,true,false,true,1.601,18.32
VWAP_ALIGN,2025-10-20,2025,2025-10,LONG,2025-10-20 09:11:00,2025-10-20 09:25:00,2025-10-20 09:51:00,25322.0,25265.75,56.25,25322.0,25302.0,25342.0,WIN,20.0,true,false,true,false,false,0.873,8.71
VWAP_ALIGN,2025-10-21,2025,2025-10,LONG,2025-10-21 09:46:00,2025-10-21 09:47:00,2025-10-21 09:52:00,25302.0,25203.25,98.75,25302.0,25282.0,25322.0,WIN,20.0,true,false,true,false,false,1.529,11.68
VWAP_ALIGN,2025-10-23,2025,2025-10,LONG,2025-10-23 09:31:00,2025-10-23 09:55:00,2025-10-23 10:06:00,25198.5,25133.75,64.75,25198.5,25178.5,25218.5,WIN,20.0,true,false,true,false,false,1.846,13.46
VWAP_ALIGN,2025-10-24,2025,2025-10,LONG,2025-10-24 09:22:00,2025-10-24 09:23:00,2025-10-24 09:35:00,25536.0,25431.5,104.5,25536.0,25516.0,25556.0,LOSS,-20.0,true,false,true,false,false,1.452,11.23
VWAP_ALIGN,2025-10-27,2025,2025-10,LONG,2025-10-27 09:12:00,2025-10-27 09:14:00,2025-10-27 10:07:00,25892.0,25851.25,40.75,25892.0,25872.0,25912.0,WIN,20.0,true,false,true,false,false,1.545,9.73
VWAP_ALIGN,2025-10-28,2025,2025-10,LONG,2025-10-28 09:03:00,2025-10-28 09:09:00,2025-10-28 09:32:00,26052.0,26008.75,43.25,26052.0,26032.0,26072.0,LOSS,-20.0,true,false,false,true,true,1.209,8.68
VWAP_ALIGN,2025-10-29,2025,2025-10,SHORT,2025-10-29 09:10:00,2025-10-29 09:15:00,2025-10-29 09:19:00,26308.5,26243.5,65.0,26243.5,26263.5,26223.5,LOSS,-20.0,false,true,false,true,true,1.481,10.5
VWAP_ALIGN,2025-10-30,2025,2025-10,SHORT,2025-10-30 09:41:00,2025-10-30 09:47:00,2025-10-30 09:55:00,26098.75,25979.0,119.75,25979.0,25999.0,25959.0,LOSS,-20.0,false,true,false,true,false,2.035,14.2
VWAP_ALIGN,2025-10-31,2025,2025-10,SHORT,2025-10-31 09:37:00,2025-10-31 09:39:00,2025-10-31 09:42:00,26182.0,26100.5,81.5,26100.5,26120.5,26080.5,WIN,20.0,false,true,false,true,true,2.501,12.77
VWAP_ALIGN,2025-11-11,2025,2025-11,SHORT,2025-11-11 09:06:00,2025-11-11 09:15:00,2025-11-11 09:19:00,25646.0,25560.25,85.75,25560.25,25580.25,25540.25,WIN,20.0,false,true,false,true,true,1.971,21.82
VWAP_ALIGN,2025-11-28,2025,2025-11,LONG,2025-11-28 10:06:00,2025-11-28 10:07:00,2025-11-28 10:23:00,25422.0,25331.0,91.0,25422.0,25402.0,25442.0,LOSS,-20.0,true,false,true,false,false,1.928,10.61
VWAP_ALIGN,2025-12-03,2025,2025-12,LONG,2025-12-03 09:02:00,2025-12-03 09:17:00,2025-12-03 09:18:00,25538.0,25430.0,108.0,25538.0,25518.0,25558.0,WIN,20.0,true,false,true,false,false,2.19,29.2
VWAP_ALIGN,2025-12-09,2025,2025-12,LONG,2025-12-09 09:02:00,2025-12-09 09:29:00,2025-12-09 09:43:00,25653.5,25560.0,93.5,25653.5,25633.5,25673.5,WIN,20.0,true,false,true,false,true,2.089,19.18
VWAP_ALIGN,2025-12-10,2025,2025-12,SHORT,2025-12-10 09:40:00,2025-12-10 09:55:00,2025-12-10 10:00:00,25672.25,25567.0,105.25,25567.0,25587.0,25547.0,WIN,20.0,false,true,false,true,false,2.144,14.52
VWAP_ALIGN,2025-12-12,2025,2025-12,SHORT,2025-12-12 09:04:00,2025-12-12 09:06:00,2025-12-12 09:07:00,25619.5,25501.5,118.0,25501.5,25521.5,25481.5,WIN,20.0,false,true,false,true,false,1.709,22.88
VWAP_ALIGN,2025-12-23,2025,2025-12,SHORT,2025-12-23 09:03:00,2025-12-23 09:04:00,2025-12-23 09:09:00,25751.25,25638.0,113.25,25638.0,25658.0,25618.0,LOSS,-20.0,false,true,false,true,false,1.657,20.2
VWAP_ALIGN,2025-12-24,2025,2025-12,LONG,2025-12-24 09:10:00,2025-12-24 09:12:00,2025-12-24 09:24:00,25827.5,25784.0,43.5,25827.5,25807.5,25847.5,LOSS,-20.0,true,false,true,false,false,1.996,7.64
VWAP_ALIGN,2025-12-26,2025,2025-12,SHORT,2025-12-26 09:01:00,2025-12-26 09:04:00,2025-12-26 09:11:00,25935.25,25864.5,70.75,25864.5,25884.5,25844.5,WIN,20.0,false,true,false,true,true,2.554,16.46
VWAP_ALIGN,2025-12-30,2025,2025-12,LONG,2025-12-30 10:20:00,2025-12-30 10:21:00,2025-12-30 10:36:00,25774.75,25674.25,100.5,25774.75,25754.75,25794.75,LOSS,-20.0,true,false,true,false,true,2.737,7.39
VWAP_ALIGN,2025-12-31,2025,2025-12,SHORT,2025-12-31 09:18:00,2025-12-31 09:19:00,2025-12-31 09:26:00,25692.0,25581.5,110.5,25581.5,25601.5,25561.5,LOSS,-20.0,false,true,false,true,true,2.306,14.2
VWAP_ALIGN,2026-01-07,2026,2026-01,LONG,2026-01-07 09:32:00,2026-01-07 09:33:00,2026-01-07 09:35:00,25880.0,25771.0,109.0,25880.0,25860.0,25900.0,WIN,20.0,true,false,true,false,true,1.516,13.82
VWAP_ALIGN,2026-01-13,2026,2026-01,SHORT,2026-01-13 09:02:00,2026-01-13 09:04:00,2026-01-13 09:05:00,26042.75,25930.75,112.0,25930.75,25950.75,25910.75,LOSS,-20.0,false,true,false,true,true,1.865,27.2
VWAP_ALIGN,2026-01-15,2026,2026-01,SHORT,2026-01-15 09:46:00,2026-01-15 09:48:00,2026-01-15 09:49:00,25952.75,25843.0,109.75,25843.0,25863.0,25823.0,WIN,20.0,false,true,false,true,true,2.306,20.07
VWAP_ALIGN,2026-01-23,2026,2026-01,LONG,2026-01-23 09:00:00,2026-01-23 09:01:00,2026-01-23 09:02:00,25668.0,25562.5,105.5,25668.0,25648.0,25688.0,WIN,20.0,true,false,true,false,false,1.684,20.04
VWAP_ALIGN,2026-01-28,2026,2026-01,SHORT,2026-01-28 09:12:00,2026-01-28 09:32:00,2026-01-28 09:35:00,26301.0,26213.75,87.25,26213.75,26233.75,26193.75,WIN,20.0,false,true,false,true,false,1.347,17.09
VWAP_ALIGN,2026-02-16,2026,2026-02,SHORT,2026-02-16 09:33:00,2026-02-16 09:35:00,2026-02-16 09:47:00,24782.75,24692.75,90.0,24692.75,24712.75,24672.75,LOSS,-20.0,false,true,false,true,false,1.375,13.04
VWAP_ALIGN,2026-03-18,2026,2026-03,SHORT,2026-03-18 11:01:00,2026-03-18 11:08:00,2026-03-18 11:11:00,24883.25,24817.5,65.75,24817.5,24837.5,24797.5,WIN,20.0,false,true,false,true,true,3.649,12.52
VWAP_ALIGN,2026-03-19,2026,2026-03,LONG,2026-03-19 09:05:00,2026-03-19 09:12:00,2026-03-19 09:16:00,24540.5,24422.5,118.0,24540.5,24520.5,24560.5,WIN,20.0,true,false,true,false,true,3.088,21.61
VWAP_ALIGN,2026-03-23,2026,2026-03,LONG,2026-03-23 09:02:00,2026-03-23 09:04:00,2026-03-23 09:05:00,24654.25,24579.25,75.0,24654.25,24634.25,24674.25,WIN,20.0,true,false,true,false,true,1.778,25.02
VWAP_ALIGN,2026-03-25,2026,2026-03,SHORT,2026-03-25 09:07:00,2026-03-25 09:08:00,2026-03-25 09:09:00,24519.5,24456.5,63.0,24456.5,24476.5,24436.5,WIN,20.0,false,true,false,true,true,2.031,18.02
VWAP_ALIGN,2026-03-27,2026,2026-03,SHORT,2026-03-27 11:17:00,2026-03-27 11:18:00,2026-03-27 11:20:00,23537.75,23440.0,97.75,23440.0,23460.0,23420.0,WIN,20.0,false,true,false,true,false,1.482,21.71
VWAP_ALIGN,2026-03-30,2026,2026-03,LONG,2026-03-30 09:00:00,2026-03-30 09:01:00,2026-03-30 09:02:00,23379.5,23262.25,117.25,23379.5,23359.5,23399.5,WIN,20.0,true,false,true,false,false,1.974,26.11
VWAP_ALIGN,2026-04-09,2026,2026-04,LONG,2026-04-09 09:12:00,2026-04-09 09:13:00,2026-04-09 09:14:00,25053.5,24960.5,93.0,25053.5,25033.5,25073.5,WIN,20.0,true,false,true,false,true,2.022,13.18
VWAP_ALIGN,2026-04-10,2026,2026-04,LONG,2026-04-10 09:15:00,2026-04-10 09:16:00,2026-04-10 09:29:00,25373.75,25306.25,67.5,25373.75,25353.75,25393.75,LOSS,-20.0,true,false,true,false,false,1.417,11.45
VWAP_ALIGN,2026-04-13,2026,2026-04,LONG,2026-04-13 10:25:00,2026-04-13 10:27:00,2026-04-13 10:29:00,25360.75,25277.0,83.75,25360.75,25340.75,25380.75,WIN,20.0,true,false,true,false,false,1.58,12.96
VWAP_ALIGN,2026-04-14,2026,2026-04,LONG,2026-04-14 09:20:00,2026-04-14 09:21:00,2026-04-14 09:26:00,25820.25,25780.5,39.75,25820.25,25800.25,25840.25,WIN,20.0,true,false,true,false,false,1.881,10.66
VWAP_ALIGN,2026-04-15,2026,2026-04,LONG,2026-04-15 09:02:00,2026-04-15 09:12:00,2026-04-15 09:22:00,26176.25,26106.5,69.75,26176.25,26156.25,26196.25,WIN,20.0,true,false,true,false,false,1.488,10.91
VWAP_ALIGN,2026-04-17,2026,2026-04,LONG,2026-04-17 09:31:00,2026-04-17 09:32:00,2026-04-17 09:36:00,26855.75,26740.0,115.75,26855.75,26835.75,26875.75,WIN,20.0,true,false,true,false,false,1.605,15.2
VWAP_ALIGN,2026-04-22,2026,2026-04,LONG,2026-04-22 11:10:00,2026-04-22 11:19:00,2026-04-22 11:20:00,27006.25,26944.75,61.5,27006.25,26986.25,27026.25,WIN,20.0,true,false,true,false,false,3.816,13.43
VWAP_ALIGN,2026-04-23,2026,2026-04,LONG,2026-04-23 09:00:00,2026-04-23 09:03:00,2026-04-23 09:11:00,27106.25,27004.75,101.5,27106.25,27086.25,27126.25,WIN,20.0,true,false,true,false,false,1.831,13.55
VWAP_ALIGN,2026-04-27,2026,2026-04,SHORT,2026-04-27 09:21:00,2026-04-27 09:22:00,2026-04-27 09:28:00,27406.0,27321.5,84.5,27321.5,27341.5,27301.5,LOSS,-20.0,false,true,false,true,true,1.252,14.18
VWAP_ALIGN,2026-04-29,2026,2026-04,SHORT,2026-04-29 09:53:00,2026-04-29 09:59:00,2026-04-29 10:08:00,27315.5,27248.5,67.0,27248.5,27268.5,27228.5,LOSS,-20.0,false,true,false,true,true,2.792,17.16
VWAP_ALIGN,2026-05-04,2026,2026-05,SHORT,2026-05-04 09:13:00,2026-05-04 09:14:00,2026-05-04 09:17:00,27941.0,27864.0,77.0,27864.0,27884.0,27844.0,WIN,20.0,false,true,false,true,false,1.14,19.34
VWAP_ALIGN,2026-05-05,2026,2026-05,LONG,2026-05-05 09:37:00,2026-05-05 09:38:00,2026-05-05 10:27:00,28139.25,28077.5,61.75,28139.25,28119.25,28159.25,LOSS,-20.0,true,false,true,false,false,1.189,10.93
VWAP_EMA20_ALIGN,2018-01-02,2018,2018-01,LONG,2018-01-02 09:00:00,2018-01-02 09:01:00,2018-01-02 10:01:00,6482.25,6426.25,56.0,6482.25,6462.25,6502.25,WIN,20.0,true,false,true,false,false,1.442,4.23
VWAP_EMA20_ALIGN,2018-01-03,2018,2018-01,LONG,2018-01-03 09:00:00,2018-01-03 09:01:00,2018-01-03 11:01:00,6561.75,6526.0,35.75,6561.75,6541.75,6581.75,TIME_EXIT,11.0,true,false,true,false,false,1.573,3.09
VWAP_EMA20_ALIGN,2018-01-12,2018,2018-01,LONG,2018-01-12 09:00:00,2018-01-12 09:01:00,2018-01-12 09:39:00,6727.5,6703.25,24.25,6727.5,6707.5,6747.5,WIN,20.0,true,false,true,false,false,1.165,3.55
VWAP_EMA20_ALIGN,2018-01-16,2018,2018-01,SHORT,2018-01-16 09:37:00,2018-01-16 10:00:00,2018-01-16 10:53:00,6845.75,6809.25,36.5,6809.25,6829.25,6789.25,WIN,20.0,false,true,false,true,true,2.49,4.3
VWAP_EMA20_ALIGN,2018-01-17,2018,2018-01,LONG,2018-01-17 10:09:00,2018-01-17 10:10:00,2018-01-17 11:30:00,6782.25,6751.5,30.75,6782.25,6762.25,6802.25,TIME_EXIT,5.5,true,false,true,false,true,3.305,3.41
VWAP_EMA20_ALIGN,2018-01-19,2018,2018-01,SHORT,2018-01-19 09:01:00,2018-01-19 09:03:00,2018-01-19 11:03:00,6857.0,6829.5,27.5,6829.5,6849.5,6809.5,TIME_EXIT,4.5,false,true,false,true,false,1.286,4.71
VWAP_EMA20_ALIGN,2018-01-23,2018,2018-01,LONG,2018-01-23 09:13:00,2018-01-23 09:19:00,2018-01-23 11:19:00,6964.0,6935.75,28.25,6964.0,6944.0,6984.0,TIME_EXIT,3.0,true,false,true,false,false,1.45,5.68
VWAP_EMA20_ALIGN,2018-01-24,2018,2018-01,LONG,2018-01-24 09:13:00,2018-01-24 09:14:00,2018-01-24 10:11:00,6993.75,6965.5,28.25,6993.75,6973.75,7013.75,LOSS,-20.0,true,false,true,false,true,1.526,4.5
VWAP_EMA20_ALIGN,2018-01-26,2018,2018-01,LONG,2018-01-26 09:01:00,2018-01-26 09:09:00,2018-01-26 11:09:00,6969.25,6949.25,20.0,6969.25,6949.25,6989.25,TIME_EXIT,6.0,true,false,true,false,false,1.565,4.71
VWAP_EMA20_ALIGN,2018-01-29,2018,2018-01,SHORT,2018-01-29 09:37:00,2018-01-29 09:41:00,2018-01-29 10:45:00,7021.25,6992.5,28.75,6992.5,7012.5,6972.5,LOSS,-20.0,false,true,false,true,true,3.052,4.3
VWAP_EMA20_ALIGN,2018-01-30,2018,2018-01,SHORT,2018-01-30 09:03:00,2018-01-30 09:05:00,2018-01-30 09:27:00,6949.75,6913.0,36.75,6913.0,6933.0,6893.0,LOSS,-20.0,false,true,false,true,false,1.147,7.8
VWAP_EMA20_ALIGN,2018-02-01,2018,2018-02,LONG,2018-02-01 09:02:00,2018-02-01 09:03:00,2018-02-01 11:03:00,6955.0,6911.0,44.0,6955.0,6935.0,6975.0,TIME_EXIT,7.5,true,false,true,false,false,1.185,6.04
VWAP_EMA20_ALIGN,2018-02-02,2018,2018-02,SHORT,2018-02-02 09:00:00,2018-02-02 09:01:00,2018-02-02 09:05:00,6895.75,6835.5,60.25,6835.5,6855.5,6815.5,WIN,20.0,false,true,false,true,true,0.906,8.18
VWAP_EMA20_ALIGN,2018-02-05,2018,2018-02,LONG,2018-02-05 09:00:00,2018-02-05 09:03:00,2018-02-05 09:09:00,6746.25,6682.5,63.75,6746.25,6726.25,6766.25,WIN,20.0,true,false,true,false,false,0.889,7.79
VWAP_EMA20_ALIGN,2018-02-07,2018,2018-02,LONG,2018-02-07 09:05:00,2018-02-07 09:06:00,2018-02-07 09:15:00,6668.25,6623.5,44.75,6668.25,6648.25,6688.25,WIN,20.0,true,false,true,false,true,2.455,9.84
VWAP_EMA20_ALIGN,2018-02-08,2018,2018-02,SHORT,2018-02-08 09:29:00,2018-02-08 09:34:00,2018-02-08 09:45:00,6604.25,6545.75,58.5,6545.75,6565.75,6525.75,WIN,20.0,false,true,false,true,false,1.365,9.55
VWAP_EMA20_ALIGN,2018-02-09,2018,2018-02,SHORT,2018-02-09 09:40:00,2018-02-09 09:41:00,2018-02-09 09:44:00,6424.0,6351.25,72.75,6351.25,6371.25,6331.25,WIN,20.0,false,true,false,true,false,2.149,11.12
VWAP_EMA20_ALIGN,2018-02-12,2018,2018-02,SHORT,2018-02-12 09:12:00,2018-02-12 09:13:00,2018-02-12 09:19:00,6516.75,6470.5,46.25,6470.5,6490.5,6450.5,WIN,20.0,false,true,false,true,true,1.07,12.0
VWAP_EMA20_ALIGN,2018-02-13,2018,2018-02,LONG,2018-02-13 09:00:00,2018-02-13 09:10:00,2018-02-13 09:24:00,6514.5,6476.0,38.5,6514.5,6494.5,6534.5,WIN,20.0,true,false,true,false,true,2.222,10.46
VWAP_EMA20_ALIGN,2018-02-14,2018,2018-02,LONG,2018-02-14 09:09:00,2018-02-14 09:13:00,2018-02-14 09:18:00,6575.25,6516.25,59.0,6575.25,6555.25,6595.25,WIN,20.0,true,false,true,false,false,2.118,9.39
VWAP_EMA20_ALIGN,2018-02-15,2018,2018-02,SHORT,2018-02-15 09:44:00,2018-02-15 09:46:00,2018-02-15 09:59:00,6754.5,6702.75,51.75,6702.75,6722.75,6682.75,WIN,20.0,false,true,false,true,false,1.293,8.0
VWAP_EMA20_ALIGN,2018-02-16,2018,2018-02,LONG,2018-02-16 09:30:00,2018-02-16 09:31:00,2018-02-16 11:30:00,6825.75,6782.75,43.0,6825.75,6805.75,6845.75,TIME_EXIT,11.5,true,false,true,false,false,1.932,5.82
VWAP_EMA20_ALIGN,2018-02-19,2018,2018-02,SHORT,2018-02-19 09:06:00,2018-02-19 09:07:00,2018-02-19 10:00:00,6807.25,6781.0,26.25,6781.0,6801.0,6761.0,WIN,20.0,false,true,false,true,true,2.113,2.84
VWAP_EMA20_ALIGN,2018-02-20,2018,2018-02,LONG,2018-02-20 09:11:00,2018-02-20 09:13:00,2018-02-20 10:20:00,6797.75,6745.0,52.75,6797.75,6777.75,6817.75,WIN,20.0,true,false,true,false,false,0.673,5.77
VWAP_EMA20_ALIGN,2018-02-21,2018,2018-02,LONG,2018-02-21 09:17:00,2018-02-21 09:18:00,2018-02-21 10:27:00,6832.75,6806.25,26.5,6832.75,6812.75,6852.75,WIN,20.0,true,false,true,false,false,1.468,5.46
VWAP_EMA20_ALIGN,2018-02-22,2018,2018-02,LONG,2018-02-22 09:39:00,2018-02-22 09:46:00,2018-02-22 11:30:00,6820.5,6782.0,38.5,6820.5,6800.5,6840.5,TIME_EXIT,-11.75,true,false,true,false,false,1.784,5.45
VWAP_EMA20_ALIGN,2018-02-23,2018,2018-02,SHORT,2018-02-23 09:14:00,2018-02-23 09:17:00,2018-02-23 10:00:00,6825.75,6802.0,23.75,6802.0,6822.0,6782.0,LOSS,-20.0,false,true,false,true,true,1.247,5.96
VWAP_EMA20_ALIGN,2018-02-26,2018,2018-02,LONG,2018-02-26 10:32:00,2018-02-26 10:43:00,2018-02-26 11:30:00,6964.75,6929.5,35.25,6964.75,6944.75,6984.75,TIME_EXIT,1.5,true,false,true,false,false,0.896,3.0
VWAP_EMA20_ALIGN,2018-02-27,2018,2018-02,LONG,2018-02-27 09:13:00,2018-02-27 09:14:00,2018-02-27 09:42:00,7000.0,6967.0,33.0,7000.0,6980.0,7020.0,LOSS,-20.0,true,false,true,false,false,1.254,5.05
VWAP_EMA20_ALIGN,2018-02-28,2018,2018-02,LONG,2018-02-28 09:00:00,2018-02-28 09:16:00,2018-02-28 09:47:00,6958.0,6926.5,31.5,6958.0,6938.0,6978.0,LOSS,-20.0,true,false,true,false,false,1.145,4.75
VWAP_EMA20_ALIGN,2018-03-02,2018,2018-03,LONG,2018-03-02 09:34:00,2018-03-02 09:35:00,2018-03-02 09:42:00,6704.25,6646.0,58.25,6704.25,6684.25,6724.25,WIN,20.0,true,false,true,false,false,1.765,9.86
VWAP_EMA20_ALIGN,2018-03-05,2018,2018-03,SHORT,2018-03-05 09:11:00,2018-03-05 09:14:00,2018-03-05 09:32:00,6801.75,6762.0,39.75,6762.0,6782.0,6742.0,LOSS,-20.0,false,true,false,true,false,1.453,7.89
VWAP_EMA20_ALIGN,2018-03-06,2018,2018-03,LONG,2018-03-06 09:00:00,2018-03-06 09:28:00,2018-03-06 09:49:00,6933.75,6898.0,35.75,6933.75,6913.75,6953.75,LOSS,-20.0,true,false,true,false,false,1.034,5.79
VWAP_EMA20_ALIGN,2018-03-07,2018,2018-03,LONG,2018-03-07 09:24:00,2018-03-07 09:26:00,2018-03-07 10:20:00,6899.0,6856.25,42.75,6899.0,6879.0,6919.0,LOSS,-20.0,true,false,true,false,false,1.134,7.11
VWAP_EMA20_ALIGN,2018-03-08,2018,2018-03,SHORT,2018-03-08 09:04:00,2018-03-08 09:05:00,2018-03-08 10:17:00,6971.0,6950.75,20.25,6950.75,6970.75,6930.75,LOSS,-20.0,false,true,false,true,true,1.883,5.0
VWAP_EMA20_ALIGN,2018-03-13,2018,2018-03,SHORT,2018-03-13 09:00:00,2018-03-13 09:01:00,2018-03-13 09:07:00,7196.75,7158.5,38.25,7158.5,7178.5,7138.5,WIN,20.0,false,true,false,true,false,0.933,5.36
VWAP_EMA20_ALIGN,2018-03-14,2018,2018-03,SHORT,2018-03-14 09:05:00,2018-03-14 09:13:00,2018-03-14 09:24:00,7101.0,7077.25,23.75,7077.25,7097.25,7057.25,WIN,20.0,false,true,false,true,false,1.07,5.48
VWAP_EMA20_ALIGN,2018-03-19,2018,2018-03,SHORT,2018-03-19 09:01:00,2018-03-19 09:02:00,2018-03-19 09:32:00,6953.75,6905.0,48.75,6905.0,6925.0,6885.0,WIN,20.0,false,true,false,true,false,0.691,4.88
VWAP_EMA20_ALIGN,2018-03-20,2018,2018-03,SHORT,2018-03-20 09:14:00,2018-03-20 09:15:00,2018-03-20 09:48:00,6916.75,6896.25,20.5,6896.25,6916.25,6876.25,WIN,20.0,false,true,false,true,true,2.426,5.39
VWAP_EMA20_ALIGN,2018-03-22,2018,2018-03,SHORT,2018-03-22 09:25:00,2018-03-22 09:26:00,2018-03-22 09:39:00,6800.0,6745.0,55.0,6745.0,6765.0,6725.0,WIN,20.0,false,true,false,true,false,1.741,6.68
VWAP_EMA20_ALIGN,2018-03-23,2018,2018-03,SHORT,2018-03-23 09:29:00,2018-03-23 09:30:00,2018-03-23 09:39:00,6713.75,6676.75,37.0,6676.75,6696.75,6656.75,WIN,20.0,false,true,false,true,false,1.525,6.21
VWAP_EMA20_ALIGN,2018-03-26,2018,2018-03,SHORT,2018-03-26 09:02:00,2018-03-26 09:05:00,2018-03-26 09:09:00,6641.5,6607.25,34.25,6607.25,6627.25,6587.25,WIN,20.0,false,true,false,true,false,1.128,7.14
VWAP_EMA20_ALIGN,2018-03-27,2018,2018-03,SHORT,2018-03-27 09:00:00,2018-03-27 09:01:00,2018-03-27 09:38:00,6796.0,6759.25,36.75,6759.25,6779.25,6739.25,LOSS,-20.0,false,true,false,true,false,1.423,8.41
VWAP_EMA20_ALIGN,2018-03-28,2018,2018-03,LONG,2018-03-28 10:10:00,2018-03-28 10:32:00,2018-03-28 10:36:00,6513.0,6421.0,92.0,6513.0,6493.0,6533.0,WIN,20.0,true,false,true,false,true,2.33,15.09
VWAP_EMA20_ALIGN,2018-03-29,2018,2018-03,LONG,2018-03-29 09:00:00,2018-03-29 09:01:00,2018-03-29 09:18:00,6564.0,6482.75,81.25,6564.0,6544.0,6584.0,LOSS,-20.0,true,false,true,false,false,1.59,7.46
VWAP_EMA20_ALIGN,2018-04-02,2018,2018-04,SHORT,2018-04-02 09:00:00,2018-04-02 09:01:00,2018-04-02 09:05:00,6480.25,6444.25,36.0,6444.25,6464.25,6424.25,WIN,20.0,false,true,false,true,false,1.481,9.21
VWAP_EMA20_ALIGN,2018-04-03,2018,2018-04,LONG,2018-04-03 09:00:00,2018-04-03 09:01:00,2018-04-03 09:07:00,6446.0,6385.0,61.0,6446.0,6426.0,6466.0,WIN,20.0,true,false,true,false,false,1.094,10.39
VWAP_EMA20_ALIGN,2018-04-04,2018,2018-04,LONG,2018-04-04 09:16:00,2018-04-04 09:17:00,2018-04-04 09:23:00,6429.5,6362.75,66.75,6429.5,6409.5,6449.5,WIN,20.0,true,false,true,false,false,1.757,8.93
VWAP_EMA20_ALIGN,2018-04-05,2018,2018-04,LONG,2018-04-05 09:02:00,2018-04-05 09:03:00,2018-04-05 09:08:00,6613.5,6589.75,23.75,6613.5,6593.5,6633.5,WIN,20.0,true,false,true,false,false,1.112,6.93
VWAP_EMA20_ALIGN,2018-04-06,2018,2018-04,SHORT,2018-04-06 09:01:00,2018-04-06 09:02:00,2018-04-06 09:11:00,6574.0,6521.0,53.0,6521.0,6541.0,6501.0,LOSS,-20.0,false,true,false,true,false,1.032,8.2
VWAP_EMA20_ALIGN,2018-04-10,2018,2018-04,SHORT,2018-04-10 09:45:00,2018-04-10 09:46:00,2018-04-10 10:25:00,6614.75,6585.25,29.5,6585.25,6605.25,6565.25,WIN,20.0,false,true,false,true,true,2.725,6.62
VWAP_EMA20_ALIGN,2018-04-11,2018,2018-04,LONG,2018-04-11 09:53:00,2018-04-11 09:54:00,2018-04-11 10:46:00,6643.75,6609.75,34.0,6643.75,6623.75,6663.75,LOSS,-20.0,true,false,true,false,true,2.861,4.7
VWAP_EMA20_ALIGN,2018-04-12,2018,2018-04,LONG,2018-04-12 09:23:00,2018-04-12 09:24:00,2018-04-12 09:50:00,6683.75,6662.75,21.0,6683.75,6663.75,6703.75,LOSS,-20.0,true,false,true,false,false,1.13,3.75
VWAP_EMA20_ALIGN,2018-04-13,2018,2018-04,SHORT,2018-04-13 09:01:00,2018-04-13 09:03:00,2018-04-13 09:15:00,6664.0,6629.5,34.5,6629.5,6649.5,6609.5,LOSS,-20.0,false,true,false,true,true,2.033,6.71
VWAP_EMA20_ALIGN,2018-04-16,2018,2018-04,SHORT,2018-04-16 09:12:00,2018-04-16 09:13:00,2018-04-16 10:00:00,6684.5,6654.25,30.25,6654.25,6674.25,6634.25,LOSS,-20.0,false,true,false,true,false,1.919,5.0
VWAP_EMA20_ALIGN,2018-04-17,2018,2018-04,LONG,2018-04-17 09:00:00,2018-04-17 09:01:00,2018-04-17 09:25:00,6793.5,6770.0,23.5,6793.5,6773.5,6813.5,WIN,20.0,true,false,true,false,true,2.061,3.09
VWAP_EMA20_ALIGN,2018-04-18,2018,2018-04,LONG,2018-04-18 09:01:00,2018-04-18 09:02:00,2018-04-18 11:02:00,6839.0,6818.5,20.5,6839.0,6819.0,6859.0,TIME_EXIT,16.0,true,false,true,false,false,1.94,4.29
VWAP_EMA20_ALIGN,2018-04-19,2018,2018-04,SHORT,2018-04-19 09:03:00,2018-04-19 09:04:00,2018-04-19 10:00:00,6815.5,6783.5,32.0,6783.5,6803.5,6763.5,WIN,20.0,false,true,false,true,false,1.875,5.38
VWAP_EMA20_ALIGN,2018-04-20,2018,2018-04,SHORT,2018-04-20 09:03:00,2018-04-20 09:04:00,2018-04-20 09:26:00,6742.75,6700.25,42.5,6700.25,6720.25,6680.25,WIN,20.0,false,true,false,true,true,2.084,5.04
VWAP_EMA20_ALIGN,2018-04-23,2018,2018-04,LONG,2018-04-23 09:04:00,2018-04-23 09:05:00,2018-04-23 10:20:00,6712.25,6674.25,38.0,6712.25,6692.25,6732.25,LOSS,-20.0,true,false,true,false,true,1.283,4.66
VWAP_EMA20_ALIGN,2018-04-24,2018,2018-04,SHORT,2018-04-24 09:01:00,2018-04-24 09:29:00,2018-04-24 09:59:00,6630.25,6600.25,30.0,6600.25,6620.25,6580.25,WIN,20.0,false,true,false,true,true,3.2,7.8
VWAP_EMA20_ALIGN,2018-04-25,2018,2018-04,LONG,2018-04-25 09:01:00,2018-04-25 09:02:00,2018-04-25 09:06:00,6519.5,6473.75,45.75,6519.5,6499.5,6539.5,WIN,20.0,true,false,true,false,false,1.542,8.77
VWAP_EMA20_ALIGN,2018-04-26,2018,2018-04,LONG,2018-04-26 10:26:00,2018-04-26 10:41:00,2018-04-26 11:30:00,6645.0,6622.5,22.5,6645.0,6625.0,6665.0,TIME_EXIT,13.0,true,false,true,false,false,0.816,3.62
VWAP_EMA20_ALIGN,2018-04-30,2018,2018-04,SHORT,2018-04-30 09:16:00,2018-04-30 09:17:00,2018-04-30 09:36:00,6708.25,6685.0,23.25,6685.0,6705.0,6665.0,WIN,20.0,false,true,false,true,true,2.351,4.32
VWAP_EMA20_ALIGN,2018-05-01,2018,2018-05,SHORT,2018-05-01 09:00:00,2018-05-01 09:10:00,2018-05-01 11:10:00,6633.5,6607.25,26.25,6607.25,6627.25,6587.25,TIME_EXIT,12.5,false,true,false,true,false,1.346,5.96
VWAP_EMA20_ALIGN,2018-05-02,2018,2018-05,SHORT,2018-05-02 09:42:00,2018-05-02 09:43:00,2018-05-02 09:45:00,6698.75,6676.75,22.0,6676.75,6696.75,6656.75,WIN,20.0,false,true,false,true,true,1.724,3.57
VWAP_EMA20_ALIGN,2018-05-03,2018,2018-05,LONG,2018-05-03 10:38:00,2018-05-03 10:39:00,2018-05-03 10:41:00,6591.75,6538.0,53.75,6591.75,6571.75,6611.75,WIN,20.0,true,false,true,false,true,3.761,5.39
VWAP_EMA20_ALIGN,2018-05-04,2018,2018-05,LONG,2018-05-04 09:01:00,2018-05-04 09:02:00,2018-05-04 10:26:00,6735.75,6700.75,35.0,6735.75,6715.75,6755.75,WIN,20.0,true,false,true,false,false,1.291,5.09
VWAP_EMA20_ALIGN,2018-05-07,2018,2018-05,LONG,2018-05-07 09:15:00,2018-05-07 09:21:00,2018-05-07 11:07:00,6844.0,6818.0,26.0,6844.0,6824.0,6864.0,LOSS,-20.0,true,false,true,false,false,1.776,3.66
VWAP_EMA20_ALIGN,2018-05-08,2018,2018-05,SHORT,2018-05-08 09:06:00,2018-05-08 09:09:00,2018-05-08 09:13:00,6818.75,6796.25,22.5,6796.25,6816.25,6776.25,LOSS,-20.0,false,true,false,true,true,1.867,4.38
VWAP_EMA20_ALIGN,2018-05-09,2018,2018-05,LONG,2018-05-09 10:01:00,2018-05-09 10:02:00,2018-05-09 10:28:00,6838.5,6809.25,29.25,6838.5,6818.5,6858.5,WIN,20.0,true,false,true,false,true,2.635,2.52
VWAP_EMA20_ALIGN,2018-05-11,2018,2018-05,SHORT,2018-05-11 09:49:00,2018-05-11 10:13:00,2018-05-11 11:30:00,6975.0,6952.75,22.25,6952.75,6972.75,6932.75,TIME_EXIT,4.75,false,true,false,true,false,1.252,2.79
VWAP_EMA20_ALIGN,2018-05-15,2018,2018-05,SHORT,2018-05-15 09:09:00,2018-05-15 09:10:00,2018-05-15 11:10:00,6908.25,6875.0,33.25,6875.0,6895.0,6855.0,TIME_EXIT,-0.75,false,true,false,true,false,1.348,5.96
VWAP_EMA20_ALIGN,2018-05-18,2018,2018-05,LONG,2018-05-18 09:04:00,2018-05-18 09:07:00,2018-05-18 11:07:00,6887.75,6862.25,25.5,6887.75,6867.75,6907.75,TIME_EXIT,-0.5,true,false,true,false,false,1.173,4.66
VWAP_EMA20_ALIGN,2018-05-23,2018,2018-05,LONG,2018-05-23 09:25:00,2018-05-23 09:36:00,2018-05-23 10:58:00,6887.0,6859.0,28.0,6887.0,6867.0,6907.0,WIN,20.0,true,false,true,false,false,0.977,4.0
VWAP_EMA20_ALIGN,2018-05-29,2018,2018-05,SHORT,2018-05-29 09:37:00,2018-05-29 09:38:00,2018-05-29 09:44:00,6967.75,6939.0,28.75,6939.0,6959.0,6919.0,WIN,20.0,false,true,false,true,false,1.928,5.71
VWAP_EMA20_ALIGN,2018-05-30,2018,2018-05,LONG,2018-05-30 09:00:00,2018-05-30 09:25:00,2018-05-30 11:25:00,6980.75,6955.75,25.0,6980.75,6960.75,7000.75,TIME_EXIT,6.25,true,false,true,false,false,1.61,2.62
VWAP_EMA20_ALIGN,2018-05-31,2018,2018-05,LONG,2018-05-31 09:38:00,2018-05-31 09:39:00,2018-05-31 09:40:00,6996.75,6958.25,38.5,6996.75,6976.75,7016.75,WIN,20.0,true,false,true,false,true,2.702,4.75
VWAP_EMA20_ALIGN,2018-06-01,2018,2018-06,LONG,2018-06-01 09:22:00,2018-06-01 09:35:00,2018-06-01 11:30:00,7072.75,7046.25,26.5,7072.75,7052.75,7092.75,TIME_EXIT,16.5,true,false,true,false,false,0.722,2.79
VWAP_EMA20_ALIGN,2018-06-04,2018,2018-06,LONG,2018-06-04 09:00:00,2018-06-04 09:01:00,2018-06-04 10:26:00,7125.75,7105.0,20.75,7125.75,7105.75,7145.75,WIN,20.0,true,false,true,false,false,3.317,3.55
VWAP_EMA20_ALIGN,2018-06-05,2018,2018-06,SHORT,2018-06-05 09:06:00,2018-06-05 09:07:00,2018-06-05 09:41:00,7184.5,7164.0,20.5,7164.0,7184.0,7144.0,WIN,20.0,false,true,false,true,false,2.328,2.66
VWAP_EMA20_ALIGN,2018-06-06,2018,2018-06,LONG,2018-06-06 10:54:00,2018-06-06 11:21:00,2018-06-06 11:30:00,7163.25,7142.25,21.0,7163.25,7143.25,7183.25,TIME_EXIT,11.5,true,false,true,false,false,1.814,1.45
VWAP_EMA20_ALIGN,2018-06-07,2018,2018-06,SHORT,2018-06-07 10:56:00,2018-06-07 10:57:00,2018-06-07 11:30:00,7166.0,7135.5,30.5,7135.5,7155.5,7115.5,TIME_EXIT,0.75,false,true,false,true,false,2.392,4.77
VWAP_EMA20_ALIGN,2018-06-08,2018,2018-06,LONG,2018-06-08 09:08:00,2018-06-08 09:09:00,2018-06-08 09:35:00,7152.75,7101.25,51.5,7152.75,7132.75,7172.75,LOSS,-20.0,true,false,true,false,false,0.83,14.39
VWAP_EMA20_ALIGN,2018-06-14,2018,2018-06,LONG,2018-06-14 09:38:00,2018-06-14 09:39:00,2018-06-14 11:30:00,7307.25,7281.5,25.75,7307.25,7287.25,7327.25,TIME_EXIT,8.0,true,false,true,false,false,1.009,3.0
VWAP_EMA20_ALIGN,2018-06-15,2018,2018-06,LONG,2018-06-15 10:43:00,2018-06-15 10:55:00,2018-06-15 11:30:00,7278.25,7249.25,29.0,7278.25,7258.25,7298.25,TIME_EXIT,0.75,true,false,true,false,false,1.157,2.45
VWAP_EMA20_ALIGN,2018-06-18,2018,2018-06,LONG,2018-06-18 09:01:00,2018-06-18 09:05:00,2018-06-18 11:05:00,7272.5,7237.5,35.0,7272.5,7252.5,7292.5,TIME_EXIT,-7.25,true,false,true,false,false,1.203,3.45
VWAP_EMA20_ALIGN,2018-06-19,2018,2018-06,LONG,2018-06-19 09:10:00,2018-06-19 09:18:00,2018-06-19 09:55:00,7203.75,7157.5,46.25,7203.75,7183.75,7223.75,WIN,20.0,true,false,true,false,false,1.351,5.04
VWAP_EMA20_ALIGN,2018-06-20,2018,2018-06,LONG,2018-06-20 09:23:00,2018-06-20 09:24:00,2018-06-20 10:42:00,7307.0,7280.0,27.0,7307.0,7287.0,7327.0,WIN,20.0,true,false,true,false,false,2.299,3.46
VWAP_EMA20_ALIGN,2018-06-21,2018,2018-06,LONG,2018-06-21 09:48:00,2018-06-21 10:02:00,2018-06-21 10:34:00,7271.75,7235.5,36.25,7271.75,7251.75,7291.75,LOSS,-20.0,true,false,true,false,false,0.633,3.39
VWAP_EMA20_ALIGN,2018-06-25,2018,2018-06,SHORT,2018-06-25 09:04:00,2018-06-25 09:06:00,2018-06-25 09:25:00,7112.5,7077.0,35.5,7077.0,7097.0,7057.0,WIN,20.0,false,true,false,true,true,1.876,7.52
VWAP_EMA20_ALIGN,2018-06-26,2018,2018-06,LONG,2018-06-26 09:10:00,2018-06-26 09:15:00,2018-06-26 10:16:00,7090.0,7059.75,30.25,7090.0,7070.0,7110.0,WIN,20.0,true,false,true,false,true,2.148,6.0
VWAP_EMA20_ALIGN,2018-06-28,2018,2018-06,LONG,2018-06-28 09:00:00,2018-06-28 09:25:00,2018-06-28 10:22:00,7026.25,6968.5,57.75,7026.25,7006.25,7046.25,LOSS,-20.0,true,false,true,false,false,1.602,8.07
VWAP_EMA20_ALIGN,2018-06-29,2018,2018-06,SHORT,2018-06-29 09:54:00,2018-06-29 09:55:00,2018-06-29 11:30:00,7123.75,7092.25,31.5,7092.25,7112.25,7072.25,TIME_EXIT,-0.5,false,true,false,true,false,1.346,3.39
VWAP_EMA20_ALIGN,2018-07-02,2018,2018-07,LONG,2018-07-02 09:01:00,2018-07-02 09:03:00,2018-07-02 09:16:00,7064.75,7044.0,20.75,7064.75,7044.75,7084.75,LOSS,-20.0,true,false,true,false,false,1.348,4.36
VWAP_EMA20_ALIGN,2018-07-03,2018,2018-07,SHORT,2018-07-03 09:02:00,2018-07-03 09:10:00,2018-07-03 10:11:00,7122.75,7096.0,26.75,7096.0,7116.0,7076.0,WIN,20.0,false,true,false,true,false,1.276,5.25
VWAP_EMA20_ALIGN,2018-07-05,2018,2018-07,LONG,2018-07-05 09:19:00,2018-07-05 09:20:00,2018-07-05 09:48:00,7069.5,7042.25,27.25,7069.5,7049.5,7089.5,WIN,20.0,true,false,true,false,false,1.601,4.34
VWAP_EMA20_ALIGN,2018-07-06,2018,2018-07,LONG,2018-07-06 09:01:00,2018-07-06 09:07:00,2018-07-06 09:28:00,7178.75,7152.75,26.0,7178.75,7158.75,7198.75,WIN,20.0,true,false,true,false,false,1.194,3.93
VWAP_EMA20_ALIGN,2018-07-09,2018,2018-07,LONG,2018-07-09 09:04:00,2018-07-09 09:08:00,2018-07-09 11:08:00,7261.5,7241.5,20.0,7261.5,7241.5,7281.5,TIME_EXIT,-1.0,true,false,true,false,false,0.853,3.57
VWAP_EMA20_ALIGN,2018-07-11,2018,2018-07,SHORT,2018-07-11 09:30:00,2018-07-11 09:57:00,2018-07-11 10:08:00,7290.0,7269.0,21.0,7269.0,7289.0,7249.0,WIN,20.0,false,true,false,true,true,1.939,4.79
VWAP_EMA20_ALIGN,2018-07-17,2018,2018-07,LONG,2018-07-17 09:04:00,2018-07-17 09:05:00,2018-07-17 10:00:00,7374.75,7350.25,24.5,7374.75,7354.75,7394.75,WIN,20.0,true,false,true,false,false,1.078,3.34
VWAP_EMA20_ALIGN,2018-07-19,2018,2018-07,LONG,2018-07-19 09:05:00,2018-07-19 09:06:00,2018-07-19 10:45:00,7382.0,7361.75,20.25,7382.0,7362.0,7402.0,LOSS,-20.0,true,false,true,false,false,1.6,3.46
VWAP_EMA20_ALIGN,2018-07-20,2018,2018-07,SHORT,2018-07-20 10:49:00,2018-07-20 11:12:00,2018-07-20 11:28:00,7413.75,7391.0,22.75,7391.0,7411.0,7371.0,WIN,20.0,false,true,false,true,false,0.439,2.2
VWAP_EMA20_ALIGN,2018-07-23,2018,2018-07,LONG,2018-07-23 09:31:00,2018-07-23 09:32:00,2018-07-23 11:30:00,7361.5,7331.75,29.75,7361.5,7341.5,7381.5,TIME_EXIT,9.0,true,false,true,false,false,1.51,3.16
VWAP_EMA20_ALIGN,2018-07-24,2018,2018-07,SHORT,2018-07-24 09:00:00,2018-07-24 09:01:00,2018-07-24 09:05:00,7484.75,7464.5,20.25,7464.5,7484.5,7444.5,WIN,20.0,false,true,false,true,false,1.298,4.2
VWAP_EMA20_ALIGN,2018-07-27,2018,2018-07,SHORT,2018-07-27 09:59:00,2018-07-27 10:00:00,2018-07-27 10:03:00,7406.5,7367.75,38.75,7367.75,7387.75,7347.75,WIN,20.0,false,true,false,true,true,2.42,3.8
VWAP_EMA20_ALIGN,2018-07-30,2018,2018-07,SHORT,2018-07-30 09:00:00,2018-07-30 09:01:00,2018-07-30 10:32:00,7244.75,7216.0,28.75,7216.0,7236.0,7196.0,WIN,20.0,false,true,false,true,false,1.577,6.71
VWAP_EMA20_ALIGN,2018-07-31,2018,2018-07,LONG,2018-07-31 09:04:00,2018-07-31 09:05:00,2018-07-31 09:38:00,7228.75,7205.0,23.75,7228.75,7208.75,7248.75,WIN,20.0,true,false,true,false,true,1.842,5.75
VWAP_EMA20_ALIGN,2018-08-02,2018,2018-08,LONG,2018-08-02 09:26:00,2018-08-02 09:27:00,2018-08-02 09:35:00,7313.25,7290.5,22.75,7313.25,7293.25,7333.25,WIN,20.0,true,false,true,false,false,2.069,4.12
VWAP_EMA20_ALIGN,2018-08-03,2018,2018-08,SHORT,2018-08-03 09:31:00,2018-08-03 09:57:00,2018-08-03 11:30:00,7401.25,7374.5,26.75,7374.5,7394.5,7354.5,TIME_EXIT,-12.5,false,true,false,true,false,2.495,4.27
VWAP_EMA20_ALIGN,2018-08-07,2018,2018-08,SHORT,2018-08-07 09:00:00,2018-08-07 09:27:00,2018-08-07 10:21:00,7485.5,7454.0,31.5,7454.0,7474.0,7434.0,LOSS,-20.0,false,true,false,true,true,2.237,4.05
VWAP_EMA20_ALIGN,2018-08-14,2018,2018-08,LONG,2018-08-14 09:48:00,2018-08-14 09:49:00,2018-08-14 11:30:00,7453.5,7422.25,31.25,7453.5,7433.5,7473.5,TIME_EXIT,-4.0,true,false,true,false,true,3.259,3.04
VWAP_EMA20_ALIGN,2018-08-16,2018,2018-08,LONG,2018-08-16 09:15:00,2018-08-16 09:16:00,2018-08-16 11:16:00,7422.5,7401.75,20.75,7422.5,7402.5,7442.5,TIME_EXIT,-4.0,true,false,true,false,false,2.285,2.91
VWAP_EMA20_ALIGN,2018-08-20,2018,2018-08,LONG,2018-08-20 10:26:00,2018-08-20 10:27:00,2018-08-20 11:30:00,7375.5,7351.5,24.0,7375.5,7355.5,7395.5,TIME_EXIT,10.75,true,false,true,false,false,1.623,2.5
VWAP_EMA20_ALIGN,2018-08-22,2018,2018-08,LONG,2018-08-22 09:03:00,2018-08-22 09:04:00,2018-08-22 11:04:00,7429.75,7399.25,30.5,7429.75,7409.75,7449.75,TIME_EXIT,-3.75,true,false,true,false,false,0.966,3.05
VWAP_EMA20_ALIGN,2018-08-24,2018,2018-08,LONG,2018-08-24 09:35:00,2018-08-24 10:04:00,2018-08-24 11:30:00,7495.5,7469.25,26.25,7495.5,7475.5,7515.5,TIME_EXIT,-10.25,true,false,true,false,true,3.673,2.7
VWAP_EMA20_ALIGN,2018-08-29,2018,2018-08,LONG,2018-08-29 09:13:00,2018-08-29 09:17:00,2018-08-29 11:17:00,7643.5,7621.0,22.5,7643.5,7623.5,7663.5,TIME_EXIT,10.25,true,false,true,false,false,1.681,2.45
VWAP_EMA20_ALIGN,2018-08-30,2018,2018-08,LONG,2018-08-30 10:26:00,2018-08-30 10:33:00,2018-08-30 11:30:00,7681.0,7657.25,23.75,7681.0,7661.0,7701.0,TIME_EXIT,13.25,true,false,true,false,false,1.627,2.16
VWAP_EMA20_ALIGN,2018-09-04,2018,2018-09,SHORT,2018-09-04 09:50:00,2018-09-04 09:51:00,2018-09-04 10:23:00,7650.0,7617.25,32.75,7617.25,7637.25,7597.25,WIN,20.0,false,true,false,true,true,2.514,4.39
VWAP_EMA20_ALIGN,2018-09-05,2018,2018-09,LONG,2018-09-05 10:30:00,2018-09-05 10:51:00,2018-09-05 11:30:00,7541.25,7503.25,38.0,7541.25,7521.25,7561.25,TIME_EXIT,13.0,true,false,true,false,true,3.514,4.07
VWAP_EMA20_ALIGN,2018-09-06,2018,2018-09,SHORT,2018-09-06 09:07:00,2018-09-06 09:09:00,2018-09-06 09:28:00,7481.75,7427.25,54.5,7427.25,7447.25,7407.25,LOSS,-20.0,false,true,false,true,false,1.3,6.54
VWAP_EMA20_ALIGN,2018-09-07,2018,2018-09,LONG,2018-09-07 09:17:00,2018-09-07 09:36:00,2018-09-07 09:59:00,7488.75,7465.5,23.25,7488.75,7468.75,7508.75,LOSS,-20.0,true,false,true,false,false,2.758,3.93
VWAP_EMA20_ALIGN,2018-09-10,2018,2018-09,LONG,2018-09-10 09:11:00,2018-09-10 09:12:00,2018-09-10 11:12:00,7445.5,7420.75,24.75,7445.5,7425.5,7465.5,TIME_EXIT,-1.5,true,false,true,false,false,1.465,4.84
VWAP_EMA20_ALIGN,2018-09-11,2018,2018-09,LONG,2018-09-11 09:04:00,2018-09-11 09:10:00,2018-09-11 09:50:00,7474.75,7450.75,24.0,7474.75,7454.75,7494.75,WIN,20.0,true,false,true,false,false,1.475,3.79
VWAP_EMA20_ALIGN,2018-09-12,2018,2018-09,LONG,2018-09-12 09:20:00,2018-09-12 09:50:00,2018-09-12 10:05:00,7452.25,7425.0,27.25,7452.25,7432.25,7472.25,WIN,20.0,true,false,true,false,false,1.395,7.77
VWAP_EMA20_ALIGN,2018-09-13,2018,2018-09,LONG,2018-09-13 09:07:00,2018-09-13 09:08:00,2018-09-13 10:02:00,7558.75,7532.75,26.0,7558.75,7538.75,7578.75,WIN,20.0,true,false,true,false,false,1.181,5.25
VWAP_EMA20_ALIGN,2018-09-17,2018,2018-09,LONG,2018-09-17 10:26:00,2018-09-17 10:29:00,2018-09-17 11:30:00,7513.25,7483.25,30.0,7513.25,7493.25,7533.25,TIME_EXIT,-17.25,true,false,true,false,false,1.284,2.59
VWAP_EMA20_ALIGN,2018-09-18,2018,2018-09,LONG,2018-09-18 09:00:00,2018-09-18 09:14:00,2018-09-18 11:14:00,7546.75,7523.0,23.75,7546.75,7526.75,7566.75,TIME_EXIT,-2.25,true,false,true,false,false,2.303,4.07
VWAP_EMA20_ALIGN,2018-09-19,2018,2018-09,LONG,2018-09-19 09:09:00,2018-09-19 09:30:00,2018-09-19 11:30:00,7494.0,7472.75,21.25,7494.0,7474.0,7514.0,TIME_EXIT,-2.0,true,false,true,false,false,1.754,5.23
VWAP_EMA20_ALIGN,2018-09-24,2018,2018-09,LONG,2018-09-24 09:20:00,2018-09-24 09:21:00,2018-09-24 09:25:00,7546.25,7517.0,29.25,7546.25,7526.25,7566.25,WIN,20.0,true,false,true,false,false,3.059,4.71
VWAP_EMA20_ALIGN,2018-09-25,2018,2018-09,LONG,2018-09-25 09:26:00,2018-09-25 09:27:00,2018-09-25 11:27:00,7580.0,7552.0,28.0,7580.0,7560.0,7600.0,TIME_EXIT,7.5,true,false,true,false,true,3.68,2.98
VWAP_EMA20_ALIGN,2018-09-28,2018,2018-09,LONG,2018-09-28 09:01:00,2018-09-28 09:08:00,2018-09-28 10:47:00,7662.25,7638.0,24.25,7662.25,7642.25,7682.25,LOSS,-20.0,true,false,true,false,false,0.925,3.66
VWAP_EMA20_ALIGN,2018-10-02,2018,2018-10,LONG,2018-10-02 09:23:00,2018-10-02 09:24:00,2018-10-02 11:24:00,7697.0,7671.0,26.0,7697.0,7677.0,7717.0,TIME_EXIT,-7.75,true,false,true,false,false,2.399,2.89
VWAP_EMA20_ALIGN,2018-10-03,2018,2018-10,SHORT,2018-10-03 09:00:00,2018-10-03 09:01:00,2018-10-03 10:00:00,7700.25,7672.0,28.25,7672.0,7692.0,7652.0,LOSS,-20.0,false,true,false,true,true,3.291,5.02
VWAP_EMA20_ALIGN,2018-10-04,2018,2018-10,SHORT,2018-10-04 09:31:00,2018-10-04 09:33:00,2018-10-04 09:50:00,7556.5,7536.0,20.5,7536.0,7556.0,7516.0,WIN,20.0,false,true,false,true,false,2.382,5.21
VWAP_EMA20_ALIGN,2018-10-05,2018,2018-10,SHORT,2018-10-05 09:08:00,2018-10-05 09:09:00,2018-10-05 09:11:00,7500.0,7455.75,44.25,7455.75,7475.75,7435.75,WIN,20.0,false,true,false,true,true,2.449,7.02
VWAP_EMA20_ALIGN,2018-10-08,2018,2018-10,SHORT,2018-10-08 09:01:00,2018-10-08 09:03:00,2018-10-08 09:26:00,7430.0,7389.25,40.75,7389.25,7409.25,7369.25,WIN,20.0,false,true,false,true,true,1.703,5.8
VWAP_EMA20_ALIGN,2018-10-10,2018,2018-10,SHORT,2018-10-10 09:04:00,2018-10-10 09:05:00,2018-10-10 09:09:00,7280.75,7245.5,35.25,7245.5,7265.5,7225.5,WIN,20.0,false,true,false,true,true,1.327,9.88
VWAP_EMA20_ALIGN,2018-10-11,2018,2018-10,SHORT,2018-10-11 09:00:00,2018-10-11 09:01:00,2018-10-11 09:04:00,7097.25,7025.5,71.75,7025.5,7045.5,7005.5,WIN,20.0,false,true,false,true,false,1.035,14.29
VWAP_EMA20_ALIGN,2018-10-12,2018,2018-10,SHORT,2018-10-12 09:41:00,2018-10-12 09:56:00,2018-10-12 10:00:00,7169.5,7119.0,50.5,7119.0,7139.0,7099.0,WIN,20.0,false,true,false,true,true,1.844,9.05
VWAP_EMA20_ALIGN,2018-10-15,2018,2018-10,LONG,2018-10-15 09:00:00,2018-10-15 09:01:00,2018-10-15 09:08:00,7114.25,7084.25,30.0,7114.25,7094.25,7134.25,WIN,20.0,true,false,true,false,false,1.424,6.98
VWAP_EMA20_ALIGN,2018-10-16,2018,2018-10,LONG,2018-10-16 09:00:00,2018-10-16 09:13:00,2018-10-16 09:18:00,7199.25,7147.0,52.25,7199.25,7179.25,7219.25,WIN,20.0,true,false,true,false,false,0.876,6.16
VWAP_EMA20_ALIGN,2018-10-17,2018,2018-10,LONG,2018-10-17 09:44:00,2018-10-17 09:55:00,2018-10-17 10:15:00,7272.75,7221.5,51.25,7272.75,7252.75,7292.75,WIN,20.0,true,false,true,false,false,1.445,7.93
VWAP_EMA20_ALIGN,2018-10-18,2018,2018-10,SHORT,2018-10-18 09:06:00,2018-10-18 09:09:00,2018-10-18 09:20:00,7254.25,7222.25,32.0,7222.25,7242.25,7202.25,WIN,20.0,false,true,false,true,false,1.173,6.79
VWAP_EMA20_ALIGN,2018-10-23,2018,2018-10,LONG,2018-10-23 09:23:00,2018-10-23 09:36:00,2018-10-23 10:09:00,7007.0,6963.5,43.5,7007.0,6987.0,7027.0,WIN,20.0,true,false,true,false,false,1.166,8.48
VWAP_EMA20_ALIGN,2018-10-24,2018,2018-10,SHORT,2018-10-24 09:25:00,2018-10-24 09:55:00,2018-10-24 10:10:00,7085.75,7055.0,30.75,7055.0,7075.0,7035.0,WIN,20.0,false,true,false,true,false,0.944,10.41
VWAP_EMA20_ALIGN,2018-10-25,2018,2018-10,LONG,2018-10-25 09:21:00,2018-10-25 09:25:00,2018-10-25 10:04:00,6997.75,6962.75,35.0,6997.75,6977.75,7017.75,LOSS,-20.0,true,false,true,false,false,1.789,10.29
VWAP_EMA20_ALIGN,2018-10-26,2018,2018-10,LONG,2018-10-26 09:18:00,2018-10-26 09:19:00,2018-10-26 09:24:00,6810.0,6750.5,59.5,6810.0,6790.0,6830.0,WIN,20.0,true,false,true,false,false,1.27,12.59
VWAP_EMA20_ALIGN,2018-10-29,2018,2018-10,SHORT,2018-10-29 09:09:00,2018-10-29 09:10:00,2018-10-29 09:13:00,6960.0,6911.25,48.75,6911.25,6931.25,6891.25,WIN,20.0,false,true,false,true,false,1.924,8.86
VWAP_EMA20_ALIGN,2018-10-30,2018,2018-10,LONG,2018-10-30 09:32:00,2018-10-30 09:36:00,2018-10-30 09:49:00,6785.75,6695.0,90.75,6785.75,6765.75,6805.75,WIN,20.0,true,false,true,false,false,1.061,12.68
VWAP_EMA20_ALIGN,2018-10-31,2018,2018-10,SHORT,2018-10-31 10:04:00,2018-10-31 10:19:00,2018-10-31 10:55:00,7024.25,6975.5,48.75,6975.5,6995.5,6955.5,LOSS,-20.0,false,true,false,true,false,1.47,10.25
VWAP_EMA20_ALIGN,2018-11-01,2018,2018-11,LONG,2018-11-01 09:13:00,2018-11-01 09:18:00,2018-11-01 09:30:00,7022.75,6979.5,43.25,7022.75,7002.75,7042.75,WIN,20.0,true,false,true,false,false,2.272,9.21
VWAP_EMA20_ALIGN,2018-11-02,2018,2018-11,SHORT,2018-11-02 09:20:00,2018-11-02 09:21:00,2018-11-02 09:30:00,7000.5,6952.75,47.75,6952.75,6972.75,6932.75,LOSS,-20.0,false,true,false,true,true,2.297,12.34
VWAP_EMA20_ALIGN,2018-11-05,2018,2018-11,SHORT,2018-11-05 09:02:00,2018-11-05 09:03:00,2018-11-05 09:11:00,6971.25,6898.25,73.0,6898.25,6918.25,6878.25,WIN,20.0,false,true,false,true,false,1.788,8.88
VWAP_EMA20_ALIGN,2018-11-07,2018,2018-11,LONG,2018-11-07 09:02:00,2018-11-07 09:03:00,2018-11-07 09:29:00,7108.75,7061.75,47.0,7108.75,7088.75,7128.75,WIN,20.0,true,false,true,false,true,1.332,9.25
VWAP_EMA20_ALIGN,2018-11-08,2018,2018-11,LONG,2018-11-08 09:01:00,2018-11-08 09:03:00,2018-11-08 09:11:00,7198.0,7153.5,44.5,7198.0,7178.0,7218.0,LOSS,-20.0,true,false,true,false,false,1.043,8.23
VWAP_EMA20_ALIGN,2018-11-09,2018,2018-11,SHORT,2018-11-09 09:09:00,2018-11-09 09:10:00,2018-11-09 09:15:00,7116.25,7068.75,47.5,7068.75,7088.75,7048.75,WIN,20.0,false,true,false,true,true,2.392,9.2
VWAP_EMA20_ALIGN,2018-11-12,2018,2018-11,SHORT,2018-11-12 09:00:00,2018-11-12 09:01:00,2018-11-12 09:36:00,7009.0,6923.75,85.25,6923.75,6943.75,6903.75,WIN,20.0,false,true,false,true,false,1.448,8.14
VWAP_EMA20_ALIGN,2018-11-13,2018,2018-11,SHORT,2018-11-13 09:00:00,2018-11-13 09:22:00,2018-11-13 09:29:00,6920.5,6860.25,60.25,6860.25,6880.25,6840.25,WIN,20.0,false,true,false,true,false,1.59,11.3
VWAP_EMA20_ALIGN,2018-11-14,2018,2018-11,SHORT,2018-11-14 09:10:00,2018-11-14 09:12:00,2018-11-14 09:15:00,6929.5,6876.0,53.5,6876.0,6896.0,6856.0,WIN,20.0,false,true,false,true,false,1.087,10.11
VWAP_EMA20_ALIGN,2018-11-15,2018,2018-11,SHORT,2018-11-15 09:30:00,2018-11-15 09:31:00,2018-11-15 09:35:00,6811.25,6740.25,71.0,6740.25,6760.25,6720.25,WIN,20.0,false,true,false,true,false,1.241,9.0
VWAP_EMA20_ALIGN,2018-11-16,2018,2018-11,LONG,2018-11-16 09:02:00,2018-11-16 09:15:00,2018-11-16 09:36:00,6875.5,6807.5,68.0,6875.5,6855.5,6895.5,WIN,20.0,true,false,true,false,true,1.044,8.0
VWAP_EMA20_ALIGN,2018-11-19,2018,2018-11,SHORT,2018-11-19 09:04:00,2018-11-19 09:05:00,2018-11-19 09:09:00,6852.5,6778.0,74.5,6778.0,6798.0,6758.0,WIN,20.0,false,true,false,true,false,1.051,8.32
VWAP_EMA20_ALIGN,2018-11-20,2018,2018-11,SHORT,2018-11-20 09:11:00,2018-11-20 09:12:00,2018-11-20 09:14:00,6558.0,6476.5,81.5,6476.5,6496.5,6456.5,WIN,20.0,false,true,false,true,false,1.225,15.27
VWAP_EMA20_ALIGN,2018-11-21,2018,2018-11,LONG,2018-11-21 10:19:00,2018-11-21 10:20:00,2018-11-21 10:40:00,6644.75,6571.0,73.75,6644.75,6624.75,6664.75,LOSS,-20.0,true,false,true,false,false,1.646,5.62
VWAP_EMA20_ALIGN,2018-11-26,2018,2018-11,LONG,2018-11-26 09:00:00,2018-11-26 09:02:00,2018-11-26 09:18:00,6660.0,6598.75,61.25,6660.0,6640.0,6680.0,LOSS,-20.0,true,false,true,false,false,0.947,8.12
VWAP_EMA20_ALIGN,2018-11-27,2018,2018-11,LONG,2018-11-27 09:00:00,2018-11-27 09:05:00,2018-11-27 09:12:00,6670.5,6613.25,57.25,6670.5,6650.5,6690.5,WIN,20.0,true,false,true,false,false,1.036,9.5
VWAP_EMA20_ALIGN,2018-11-28,2018,2018-11,SHORT,2018-11-28 09:17:00,2018-11-28 09:30:00,2018-11-28 11:00:00,6765.0,6733.25,31.75,6733.25,6753.25,6713.25,LOSS,-20.0,false,true,false,true,false,1.993,5.91
VWAP_EMA20_ALIGN,2018-11-29,2018,2018-11,SHORT,2018-11-29 09:18:00,2018-11-29 09:19:00,2018-11-29 09:30:00,6911.25,6875.0,36.25,6875.0,6895.0,6855.0,LOSS,-20.0,false,true,false,true,true,3.139,8.25
VWAP_EMA20_ALIGN,2018-11-30,2018,2018-11,LONG,2018-11-30 09:30:00,2018-11-30 09:31:00,2018-11-30 09:40:00,6909.75,6872.5,37.25,6909.75,6889.75,6929.75,WIN,20.0,true,false,true,false,true,2.088,5.82
VWAP_EMA20_ALIGN,2018-12-03,2018,2018-12,SHORT,2018-12-03 10:45:00,2018-12-03 10:58:00,2018-12-03 11:30:00,7107.75,7034.25,73.5,7034.25,7054.25,7014.25,TIME_EXIT,-19.0,false,true,false,true,false,1.293,6.34
VWAP_EMA20_ALIGN,2018-12-04,2018,2018-12,SHORT,2018-12-04 10:17:00,2018-12-04 10:18:00,2018-12-04 11:00:00,7046.75,7011.25,35.5,7011.25,7031.25,6991.25,WIN,20.0,false,true,false,true,false,1.814,5.2
VWAP_EMA20_ALIGN,2018-12-06,2018,2018-12,SHORT,2018-12-06 10:26:00,2018-12-06 10:27:00,2018-12-06 10:32:00,6731.25,6643.75,87.5,6643.75,6663.75,6623.75,LOSS,-20.0,false,true,false,true,false,1.621,8.43
VWAP_EMA20_ALIGN,2018-12-07,2018,2018-12,SHORT,2018-12-07 09:10:00,2018-12-07 09:11:00,2018-12-07 09:13:00,6852.0,6801.5,50.5,6801.5,6821.5,6781.5,WIN,20.0,false,true,false,true,false,1.791,9.36
VWAP_EMA20_ALIGN,2018-12-10,2018,2018-12,SHORT,2018-12-10 09:44:00,2018-12-10 09:54:00,2018-12-10 10:01:00,6672.5,6582.0,90.5,6582.0,6602.0,6562.0,WIN,20.0,false,true,false,true,false,1.261,11.11
VWAP_EMA20_ALIGN,2018-12-11,2018,2018-12,SHORT,2018-12-11 09:10:00,2018-12-11 09:18:00,2018-12-11 09:24:00,6796.0,6763.5,32.5,6763.5,6783.5,6743.5,LOSS,-20.0,false,true,false,true,true,2.514,9.07
VWAP_EMA20_ALIGN,2018-12-12,2018,2018-12,LONG,2018-12-12 09:00:00,2018-12-12 09:03:00,2018-12-12 09:14:00,6811.75,6779.0,32.75,6811.75,6791.75,6831.75,WIN,20.0,true,false,true,false,false,1.024,7.57
VWAP_EMA20_ALIGN,2018-12-13,2018,2018-12,LONG,2018-12-13 09:12:00,2018-12-13 09:13:00,2018-12-13 09:24:00,6832.75,6779.25,53.5,6832.75,6812.75,6852.75,LOSS,-20.0,true,false,true,false,true,1.766,7.82
VWAP_EMA20_ALIGN,2018-12-14,2018,2018-12,LONG,2018-12-14 09:03:00,2018-12-14 09:04:00,2018-12-14 09:05:00,6723.0,6665.75,57.25,6723.0,6703.0,6743.0,LOSS,-20.0,true,false,true,false,false,1.959,15.64
VWAP_EMA20_ALIGN,2018-12-17,2018,2018-12,LONG,2018-12-17 09:27:00,2018-12-17 09:42:00,2018-12-17 10:03:00,6601.0,6523.0,78.0,6601.0,6581.0,6621.0,WIN,20.0,true,false,true,false,false,1.465,8.75
VWAP_EMA20_ALIGN,2018-12-18,2018,2018-12,SHORT,2018-12-18 10:24:00,2018-12-18 10:25:00,2018-12-18 10:35:00,6549.5,6507.75,41.75,6507.75,6527.75,6487.75,LOSS,-20.0,false,true,false,true,false,1.769,6.57
VWAP_EMA20_ALIGN,2018-12-19,2018,2018-12,LONG,2018-12-19 09:16:00,2018-12-19 09:31:00,2018-12-19 10:07:00,6587.0,6493.0,94.0,6587.0,6567.0,6607.0,LOSS,-20.0,true,false,true,false,true,1.801,7.68
VWAP_EMA20_ALIGN,2018-12-20,2018,2018-12,LONG,2018-12-20 09:00:00,2018-12-20 09:05:00,2018-12-20 09:07:00,6381.25,6319.0,62.25,6381.25,6361.25,6401.25,WIN,20.0,true,false,true,false,false,0.88,16.09
VWAP_EMA20_ALIGN,2018-12-21,2018,2018-12,SHORT,2018-12-21 09:01:00,2018-12-21 09:04:00,2018-12-21 09:06:00,6312.5,6252.75,59.75,6252.75,6272.75,6232.75,WIN,20.0,false,true,false,true,false,1.529,11.96
VWAP_EMA20_ALIGN,2018-12-26,2018,2018-12,SHORT,2018-12-26 09:54:00,2018-12-26 10:04:00,2018-12-26 10:16:00,6051.75,5975.5,76.25,5975.5,5995.5,5955.5,LOSS,-20.0,false,true,false,true,false,2.375,11.8
VWAP_EMA20_ALIGN,2018-12-27,2018,2018-12,SHORT,2018-12-27 09:12:00,2018-12-27 09:13:00,2018-12-27 09:19:00,6228.25,6146.75,81.5,6146.75,6166.75,6126.75,WIN,20.0,false,true,false,true,false,1.012,11.21
VWAP_EMA20_ALIGN,2018-12-28,2018,2018-12,SHORT,2018-12-28 09:24:00,2018-12-28 09:25:00,2018-12-28 09:28:00,6348.75,6285.0,63.75,6285.0,6305.0,6265.0,WIN,20.0,false,true,false,true,true,2.002,11.55
VWAP_EMA20_ALIGN,2018-12-31,2018,2018-12,SHORT,2018-12-31 09:14:00,2018-12-31 09:15:00,2018-12-31 09:37:00,6376.75,6329.75,47.0,6329.75,6349.75,6309.75,WIN,20.0,false,true,false,true,false,1.085,8.34
VWAP_EMA20_ALIGN,2019-01-03,2019,2019-01,SHORT,2019-01-03 09:00:00,2019-01-03 09:01:00,2019-01-03 09:09:00,6304.25,6238.0,66.25,6238.0,6258.0,6218.0,WIN,20.0,false,true,false,true,true,1.726,9.93
VWAP_EMA20_ALIGN,2019-01-04,2019,2019-01,LONG,2019-01-04 09:00:00,2019-01-04 09:01:00,2019-01-04 09:20:00,6311.25,6241.5,69.75,6311.25,6291.25,6331.25,LOSS,-20.0,true,false,true,false,false,0.828,7.7
VWAP_EMA20_ALIGN,2019-01-07,2019,2019-01,LONG,2019-01-07 09:30:00,2019-01-07 09:31:00,2019-01-07 09:52:00,6462.0,6422.25,39.75,6462.0,6442.0,6482.0,WIN,20.0,true,false,true,false,true,2.254,8.38
VWAP_EMA20_ALIGN,2019-01-08,2019,2019-01,SHORT,2019-01-08 09:13:00,2019-01-08 09:14:00,2019-01-08 09:17:00,6586.25,6536.0,50.25,6536.0,6556.0,6516.0,WIN,20.0,false,true,false,true,false,1.579,6.66
VWAP_EMA20_ALIGN,2019-01-09,2019,2019-01,SHORT,2019-01-09 09:44:00,2019-01-09 09:45:00,2019-01-09 09:53:00,6613.25,6569.0,44.25,6569.0,6589.0,6549.0,LOSS,-20.0,false,true,false,true,false,1.364,7.23
VWAP_EMA20_ALIGN,2019-01-10,2019,2019-01,LONG,2019-01-10 09:22:00,2019-01-10 09:23:00,2019-01-10 09:50:00,6570.0,6527.5,42.5,6570.0,6550.0,6590.0,WIN,20.0,true,false,true,false,false,2.079,6.8
VWAP_EMA20_ALIGN,2019-01-11,2019,2019-01,LONG,2019-01-11 09:08:00,2019-01-11 09:09:00,2019-01-11 09:28:00,6600.25,6572.0,28.25,6600.25,6580.25,6620.25,LOSS,-20.0,true,false,true,false,false,0.98,5.86
VWAP_EMA20_ALIGN,2019-01-14,2019,2019-01,LONG,2019-01-14 09:19:00,2019-01-14 09:20:00,2019-01-14 09:45:00,6553.0,6521.5,31.5,6553.0,6533.0,6573.0,WIN,20.0,true,false,true,false,true,2.424,5.61
VWAP_EMA20_ALIGN,2019-01-15,2019,2019-01,LONG,2019-01-15 09:00:00,2019-01-15 09:10:00,2019-01-15 10:57:00,6648.0,6576.0,72.0,6648.0,6628.0,6668.0,WIN,20.0,true,false,true,false,true,3.251,6.88
VWAP_EMA20_ALIGN,2019-01-16,2019,2019-01,SHORT,2019-01-16 09:41:00,2019-01-16 09:44:00,2019-01-16 10:17:00,6737.25,6685.75,51.5,6685.75,6705.75,6665.75,LOSS,-20.0,false,true,false,true,true,1.611,5.41
VWAP_EMA20_ALIGN,2019-01-17,2019,2019-01,LONG,2019-01-17 10:06:00,2019-01-17 10:09:00,2019-01-17 11:30:00,6693.75,6644.25,49.5,6693.75,6673.75,6713.75,TIME_EXIT,-2.25,true,false,true,false,false,1.472,3.57
VWAP_EMA20_ALIGN,2019-01-18,2019,2019-01,LONG,2019-01-18 09:43:00,2019-01-18 09:45:00,2019-01-18 10:03:00,6786.25,6739.5,46.75,6786.25,6766.25,6806.25,WIN,20.0,true,false,true,false,true,2.677,5.75
VWAP_EMA20_ALIGN,2019-01-22,2019,2019-01,SHORT,2019-01-22 09:06:00,2019-01-22 09:07:00,2019-01-22 10:43:00,6748.75,6715.0,33.75,6715.0,6735.0,6695.0,WIN,20.0,false,true,false,true,false,1.785,6.39
VWAP_EMA20_ALIGN,2019-01-23,2019,2019-01,SHORT,2019-01-23 09:22:00,2019-01-23 09:23:00,2019-01-23 09:45:00,6723.0,6689.75,33.25,6689.75,6709.75,6669.75,WIN,20.0,false,true,false,true,false,1.209,5.7
VWAP_EMA20_ALIGN,2019-01-24,2019,2019-01,LONG,2019-01-24 09:15:00,2019-01-24 09:16:00,2019-01-24 09:48:00,6710.25,6672.75,37.5,6710.25,6690.25,6730.25,LOSS,-20.0,true,false,true,false,false,2.305,5.82
VWAP_EMA20_ALIGN,2019-01-25,2019,2019-01,LONG,2019-01-25 09:00:00,2019-01-25 09:01:00,2019-01-25 09:45:00,6769.75,6739.0,30.75,6769.75,6749.75,6789.75,WIN,20.0,true,false,true,false,false,1.14,5.7
VWAP_EMA20_ALIGN,2019-01-29,2019,2019-01,SHORT,2019-01-29 09:10:00,2019-01-29 09:12:00,2019-01-29 09:47:00,6709.75,6677.25,32.5,6677.25,6697.25,6657.25,WIN,20.0,false,true,false,true,false,1.711,5.86
VWAP_EMA20_ALIGN,2019-01-30,2019,2019-01,SHORT,2019-01-30 09:04:00,2019-01-30 09:06:00,2019-01-30 10:19:00,6736.75,6706.75,30.0,6706.75,6726.75,6686.75,LOSS,-20.0,false,true,false,true,false,1.304,5.64
VWAP_EMA20_ALIGN,2019-01-31,2019,2019-01,LONG,2019-01-31 09:03:00,2019-01-31 09:04:00,2019-01-31 09:25:00,6879.5,6840.25,39.25,6879.5,6859.5,6899.5,WIN,20.0,true,false,true,false,false,1.451,5.2
VWAP_EMA20_ALIGN,2019-02-01,2019,2019-02,LONG,2019-02-01 09:05:00,2019-02-01 09:10:00,2019-02-01 09:59:00,6913.5,6871.25,42.25,6913.5,6893.5,6933.5,LOSS,-20.0,true,false,true,false,false,1.207,9.27
VWAP_EMA20_ALIGN,2019-02-04,2019,2019-02,LONG,2019-02-04 09:11:00,2019-02-04 09:12:00,2019-02-04 09:36:00,6910.75,6873.5,37.25,6910.75,6890.75,6930.75,WIN,20.0,true,false,true,false,false,1.814,5.84
VWAP_EMA20_ALIGN,2019-02-05,2019,2019-02,LONG,2019-02-05 09:20:00,2019-02-05 09:31:00,2019-02-05 11:30:00,7014.25,6969.5,44.75,7014.25,6994.25,7034.25,TIME_EXIT,-11.75,true,false,true,false,false,1.682,4.55
VWAP_EMA20_ALIGN,2019-02-06,2019,2019-02,SHORT,2019-02-06 09:00:00,2019-02-06 09:01:00,2019-02-06 09:11:00,7038.75,7011.0,27.75,7011.0,7031.0,6991.0,WIN,20.0,false,true,false,true,true,1.754,5.07
VWAP_EMA20_ALIGN,2019-02-07,2019,2019-02,LONG,2019-02-07 09:23:00,2019-02-07 09:24:00,2019-02-07 09:51:00,6943.0,6912.5,30.5,6943.0,6923.0,6963.0,LOSS,-20.0,true,false,true,false,true,1.756,4.98
VWAP_EMA20_ALIGN,2019-02-08,2019,2019-02,SHORT,2019-02-08 09:00:00,2019-02-08 09:18:00,2019-02-08 09:31:00,6877.0,6846.25,30.75,6846.25,6866.25,6826.25,LOSS,-20.0,false,true,false,true,false,1.738,6.54
VWAP_EMA20_ALIGN,2019-02-11,2019,2019-02,SHORT,2019-02-11 10:08:00,2019-02-11 10:15:00,2019-02-11 11:30:00,6964.5,6921.75,42.75,6921.75,6941.75,6901.75,TIME_EXIT,-10.75,false,true,false,true,true,3.643,5.52
VWAP_EMA20_ALIGN,2019-02-12,2019,2019-02,LONG,2019-02-12 09:01:00,2019-02-12 09:02:00,2019-02-12 09:58:00,6988.5,6954.0,34.5,6988.5,6968.5,7008.5,WIN,20.0,true,false,true,false,true,1.847,4.05
VWAP_EMA20_ALIGN,2019-02-13,2019,2019-02,SHORT,2019-02-13 09:10:00,2019-02-13 09:12:00,2019-02-13 10:31:00,7069.75,7041.75,28.0,7041.75,7061.75,7021.75,WIN,20.0,false,true,false,true,false,1.44,5.73
VWAP_EMA20_ALIGN,2019-02-14,2019,2019-02,LONG,2019-02-14 09:02:00,2019-02-14 09:03:00,2019-02-14 09:39:00,7011.0,6972.0,39.0,7011.0,6991.0,7031.0,LOSS,-20.0,true,false,true,false,false,0.859,7.8
VWAP_EMA20_ALIGN,2019-02-15,2019,2019-02,SHORT,2019-02-15 10:13:00,2019-02-15 10:18:00,2019-02-15 11:30:00,7084.25,7037.75,46.5,7037.75,7057.75,7017.75,TIME_EXIT,-10.0,false,true,false,true,false,1.714,4.66
VWAP_EMA20_ALIGN,2019-02-19,2019,2019-02,LONG,2019-02-19 09:02:00,2019-02-19 09:06:00,2019-02-19 11:06:00,7070.75,7035.75,35.0,7070.75,7050.75,7090.75,TIME_EXIT,14.25,true,false,true,false,false,1.306,4.39
VWAP_EMA20_ALIGN,2019-02-20,2019,2019-02,LONG,2019-02-20 09:28:00,2019-02-20 09:29:00,2019-02-20 11:05:00,7096.75,7075.0,21.75,7096.75,7076.75,7116.75,LOSS,-20.0,true,false,true,false,false,1.948,3.12
VWAP_EMA20_ALIGN,2019-02-21,2019,2019-02,SHORT,2019-02-21 09:01:00,2019-02-21 09:12:00,2019-02-21 10:04:00,7066.25,7013.0,53.25,7013.0,7033.0,6993.0,LOSS,-20.0,false,true,false,true,false,1.162,6.5
VWAP_EMA20_ALIGN,2019-02-22,2019,2019-02,LONG,2019-02-22 09:00:00,2019-02-22 09:01:00,2019-02-22 10:19:00,7077.25,7054.25,23.0,7077.25,7057.25,7097.25,WIN,20.0,true,false,true,false,false,1.023,4.14
VWAP_EMA20_ALIGN,2019-02-25,2019,2019-02,LONG,2019-02-25 10:07:00,2019-02-25 10:08:00,2019-02-25 11:08:00,7167.75,7146.5,21.25,7167.75,7147.75,7187.75,LOSS,-20.0,true,false,true,false,false,2.108,2.86
VWAP_EMA20_ALIGN,2019-02-26,2019,2019-02,LONG,2019-02-26 09:00:00,2019-02-26 09:01:00,2019-02-26 10:31:00,7119.5,7091.0,28.5,7119.5,7099.5,7139.5,WIN,20.0,true,false,true,false,true,1.727,4.5
VWAP_EMA20_ALIGN,2019-02-27,2019,2019-02,SHORT,2019-02-27 09:02:00,2019-02-27 09:05:00,2019-02-27 09:12:00,7119.0,7086.0,33.0,7086.0,7106.0,7066.0,WIN,20.0,false,true,false,true,true,2.425,5.55
VWAP_EMA20_ALIGN,2019-02-28,2019,2019-02,SHORT,2019-02-28 09:06:00,2019-02-28 09:07:00,2019-02-28 10:26:00,7122.0,7093.75,28.25,7093.75,7113.75,7073.75,LOSS,-20.0,false,true,false,true,true,2.414,5.0
VWAP_EMA20_ALIGN,2019-03-05,2019,2019-03,LONG,2019-03-05 09:52:00,2019-03-05 10:09:00,2019-03-05 11:30:00,7162.5,7124.25,38.25,7162.5,7142.5,7182.5,TIME_EXIT,-0.5,true,false,true,false,false,1.95,4.73
VWAP_EMA20_ALIGN,2019-03-06,2019,2019-03,SHORT,2019-03-06 09:21:00,2019-03-06 09:22:00,2019-03-06 09:33:00,7168.0,7142.0,26.0,7142.0,7162.0,7122.0,WIN,20.0,false,true,false,true,true,2.412,5.07
VWAP_EMA20_ALIGN,2019-03-07,2019,2019-03,SHORT,2019-03-07 09:02:00,2019-03-07 09:17:00,2019-03-07 10:30:00,7101.75,7037.5,64.25,7037.5,7057.5,7017.5,LOSS,-20.0,false,true,false,true,false,1.165,8.25
VWAP_EMA20_ALIGN,2019-03-08,2019,2019-03,LONG,2019-03-08 09:30:00,2019-03-08 09:43:00,2019-03-08 09:52:00,7004.75,6970.75,34.0,7004.75,6984.75,7024.75,LOSS,-20.0,true,false,true,false,false,0.97,5.96
VWAP_EMA20_ALIGN,2019-03-11,2019,2019-03,LONG,2019-03-11 09:00:00,2019-03-11 09:01:00,2019-03-11 09:37:00,7148.5,7128.0,20.5,7148.5,7128.5,7168.5,WIN,20.0,true,false,true,false,false,3.027,2.09
VWAP_EMA20_ALIGN,2019-03-12,2019,2019-03,LONG,2019-03-12 09:53:00,2019-03-12 09:54:00,2019-03-12 11:30:00,7241.0,7217.0,24.0,7241.0,7221.0,7261.0,TIME_EXIT,-1.25,true,false,true,false,false,2.208,3.23
VWAP_EMA20_ALIGN,2019-03-13,2019,2019-03,LONG,2019-03-13 09:00:00,2019-03-13 09:01:00,2019-03-13 09:30:00,7292.25,7266.75,25.5,7292.25,7272.25,7312.25,WIN,20.0,true,false,true,false,false,0.993,3.27
VWAP_EMA20_ALIGN,2019-03-14,2019,2019-03,LONG,2019-03-14 09:52:00,2019-03-14 10:00:00,2019-03-14 11:30:00,7290.75,7270.5,20.25,7290.75,7270.75,7310.75,TIME_EXIT,-3.5,true,false,true,false,false,0.916,2.77
VWAP_EMA20_ALIGN,2019-03-18,2019,2019-03,SHORT,2019-03-18 09:18:00,2019-03-18 09:19:00,2019-03-18 09:26:00,7379.5,7358.0,21.5,7358.0,7378.0,7338.0,WIN,20.0,false,true,false,true,false,2.105,2.7
VWAP_EMA20_ALIGN,2019-03-22,2019,2019-03,SHORT,2019-03-22 09:00:00,2019-03-22 09:09:00,2019-03-22 09:41:00,7478.5,7437.0,41.5,7437.0,7457.0,7417.0,WIN,20.0,false,true,false,true,false,1.408,6.71
VWAP_EMA20_ALIGN,2019-03-25,2019,2019-03,LONG,2019-03-25 09:15:00,2019-03-25 09:16:00,2019-03-25 10:02:00,7350.75,7308.25,42.5,7350.75,7330.75,7370.75,LOSS,-20.0,true,false,true,false,false,1.238,6.41
VWAP_EMA20_ALIGN,2019-03-26,2019,2019-03,SHORT,2019-03-26 09:47:00,2019-03-26 09:48:00,2019-03-26 10:40:00,7433.5,7401.75,31.75,7401.75,7421.75,7381.75,WIN,20.0,false,true,false,true,true,2.825,4.25
VWAP_EMA20_ALIGN,2019-03-27,2019,2019-03,SHORT,2019-03-27 09:12:00,2019-03-27 09:13:00,2019-03-27 09:16:00,7394.75,7343.75,51.0,7343.75,7363.75,7323.75,WIN,20.0,false,true,false,true,false,1.584,5.29
VWAP_EMA20_ALIGN,2019-03-28,2019,2019-03,SHORT,2019-03-28 09:00:00,2019-03-28 09:01:00,2019-03-28 09:06:00,7371.5,7339.25,32.25,7339.25,7359.25,7319.25,WIN,20.0,false,true,false,true,false,1.378,5.36
VWAP_EMA20_ALIGN,2019-03-29,2019,2019-03,LONG,2019-03-29 09:31:00,2019-03-29 09:37:00,2019-03-29 10:14:00,7393.5,7356.0,37.5,7393.5,7373.5,7413.5,LOSS,-20.0,true,false,true,false,false,2.357,3.71
VWAP_EMA20_ALIGN,2019-04-04,2019,2019-04,SHORT,2019-04-04 10:18:00,2019-04-04 10:19:00,2019-04-04 11:30:00,7574.25,7537.75,36.5,7537.75,7557.75,7517.75,TIME_EXIT,-12.0,false,true,false,true,true,2.893,4.11
VWAP_EMA20_ALIGN,2019-04-10,2019,2019-04,LONG,2019-04-10 09:06:00,2019-04-10 09:12:00,2019-04-10 11:12:00,7627.5,7601.5,26.0,7627.5,7607.5,7647.5,TIME_EXIT,-14.5,true,false,true,false,false,1.747,3.07
VWAP_EMA20_ALIGN,2019-04-12,2019,2019-04,SHORT,2019-04-12 09:02:00,2019-04-12 09:07:00,2019-04-12 11:07:00,7652.25,7629.5,22.75,7629.5,7649.5,7609.5,TIME_EXIT,-14.25,false,true,false,true,false,1.488,2.86
VWAP_EMA20_ALIGN,2019-04-17,2019,2019-04,SHORT,2019-04-17 09:00:00,2019-04-17 09:27:00,2019-04-17 11:27:00,7717.75,7695.75,22.0,7695.75,7715.75,7675.75,TIME_EXIT,-3.0,false,true,false,true,false,0.837,3.77
VWAP_EMA20_ALIGN,2019-04-18,2019,2019-04,LONG,2019-04-18 09:00:00,2019-04-18 09:09:00,2019-04-18 11:09:00,7691.25,7665.0,26.25,7691.25,7671.25,7711.25,TIME_EXIT,8.75,true,false,true,false,false,1.049,3.16
VWAP_EMA20_ALIGN,2019-04-25,2019,2019-04,LONG,2019-04-25 09:44:00,2019-04-25 10:14:00,2019-04-25 11:30:00,7835.75,7803.25,32.5,7835.75,7815.75,7855.75,TIME_EXIT,4.25,true,false,true,false,false,0.379,3.0
VWAP_EMA20_ALIGN,2019-05-02,2019,2019-05,SHORT,2019-05-02 09:02:00,2019-05-02 09:03:00,2019-05-02 09:22:00,7795.5,7764.75,30.75,7764.75,7784.75,7744.75,WIN,20.0,false,true,false,true,true,1.148,4.8
VWAP_EMA20_ALIGN,2019-05-03,2019,2019-05,LONG,2019-05-03 09:01:00,2019-05-03 09:02:00,2019-05-03 11:02:00,7834.5,7811.25,23.25,7834.5,7814.5,7854.5,TIME_EXIT,7.75,true,false,true,false,false,1.57,3.11
VWAP_EMA20_ALIGN,2019-05-06,2019,2019-05,LONG,2019-05-06 09:00:00,2019-05-06 09:21:00,2019-05-06 10:06:00,7778.75,7747.75,31.0,7778.75,7758.75,7798.75,LOSS,-20.0,true,false,true,false,false,1.232,6.07
VWAP_EMA20_ALIGN,2019-05-07,2019,2019-05,SHORT,2019-05-07 09:02:00,2019-05-07 09:03:00,2019-05-07 09:13:00,7711.0,7653.75,57.25,7653.75,7673.75,7633.75,LOSS,-20.0,false,true,false,true,false,0.705,7.41
VWAP_EMA20_ALIGN,2019-05-08,2019,2019-05,LONG,2019-05-08 09:00:00,2019-05-08 09:05:00,2019-05-08 09:33:00,7674.75,7617.25,57.5,7674.75,7654.75,7694.75,LOSS,-20.0,true,false,true,false,true,3.212,9.34
VWAP_EMA20_ALIGN,2019-05-09,2019,2019-05,LONG,2019-05-09 09:55:00,2019-05-09 10:01:00,2019-05-09 10:25:00,7517.75,7484.25,33.5,7517.75,7497.75,7537.75,WIN,20.0,true,false,true,false,false,1.016,6.59
VWAP_EMA20_ALIGN,2019-05-10,2019,2019-05,SHORT,2019-05-10 09:34:00,2019-05-10 09:43:00,2019-05-10 09:54:00,7510.0,7444.25,65.75,7444.25,7464.25,7424.25,LOSS,-20.0,false,true,false,true,false,1.15,8.71
VWAP_EMA20_ALIGN,2019-05-13,2019,2019-05,SHORT,2019-05-13 09:16:00,2019-05-13 09:27:00,2019-05-13 09:50:00,7397.0,7354.25,42.75,7354.25,7374.25,7334.25,WIN,20.0,false,true,false,true,true,2.183,7.62
VWAP_EMA20_ALIGN,2019-05-14,2019,2019-05,LONG,2019-05-14 09:12:00,2019-05-14 09:13:00,2019-05-14 09:25:00,7414.75,7393.0,21.75,7414.75,7394.75,7434.75,WIN,20.0,true,false,true,false,false,0.941,6.52
VWAP_EMA20_ALIGN,2019-05-15,2019,2019-05,LONG,2019-05-15 10:32:00,2019-05-15 10:57:00,2019-05-15 11:26:00,7489.25,7462.5,26.75,7489.25,7469.25,7509.25,WIN,20.0,true,false,true,false,false,0.829,3.82
VWAP_EMA20_ALIGN,2019-05-17,2019,2019-05,LONG,2019-05-17 09:01:00,2019-05-17 09:02:00,2019-05-17 09:31:00,7612.75,7556.75,56.0,7612.75,7592.75,7632.75,LOSS,-20.0,true,false,true,false,false,0.936,6.95
VWAP_EMA20_ALIGN,2019-05-20,2019,2019-05,SHORT,2019-05-20 09:08:00,2019-05-20 09:09:00,2019-05-20 10:08:00,7437.75,7406.0,31.75,7406.0,7426.0,7386.0,LOSS,-20.0,false,true,false,true,false,1.168,7.3
VWAP_EMA20_ALIGN,2019-05-22,2019,2019-05,SHORT,2019-05-22 09:00:00,2019-05-22 09:01:00,2019-05-22 09:29:00,7455.75,7427.5,28.25,7427.5,7447.5,7407.5,LOSS,-20.0,false,true,false,true,true,1.405,5.66
VWAP_EMA20_ALIGN,2019-05-23,2019,2019-05,SHORT,2019-05-23 09:02:00,2019-05-23 09:04:00,2019-05-23 09:56:00,7344.75,7320.25,24.5,7320.25,7340.25,7300.25,WIN,20.0,false,true,false,true,false,1.796,6.75
VWAP_EMA20_ALIGN,2019-05-24,2019,2019-05,SHORT,2019-05-24 09:10:00,2019-05-24 09:11:00,2019-05-24 09:39:00,7347.0,7315.5,31.5,7315.5,7335.5,7295.5,LOSS,-20.0,false,true,false,true,true,1.714,5.82
VWAP_EMA20_ALIGN,2019-05-29,2019,2019-05,SHORT,2019-05-29 09:00:00,2019-05-29 09:11:00,2019-05-29 09:29:00,7262.25,7225.5,36.75,7225.5,7245.5,7205.5,WIN,20.0,false,true,false,true,false,1.31,5.32
VWAP_EMA20_ALIGN,2019-05-30,2019,2019-05,SHORT,2019-05-30 09:01:00,2019-05-30 09:02:00,2019-05-30 10:50:00,7271.25,7240.5,30.75,7240.5,7260.5,7220.5,LOSS,-20.0,false,true,false,true,true,2.058,4.64
VWAP_EMA20_ALIGN,2019-05-31,2019,2019-05,LONG,2019-05-31 09:03:00,2019-05-31 09:15:00,2019-05-31 10:22:00,7181.5,7153.0,28.5,7181.5,7161.5,7201.5,LOSS,-20.0,true,false,true,false,false,1.534,5.27
VWAP_EMA20_ALIGN,2019-06-03,2019,2019-06,LONG,2019-06-03 09:00:00,2019-06-03 09:01:00,2019-06-03 09:42:00,7091.5,7071.5,20.0,7091.5,7071.5,7111.5,LOSS,-20.0,true,false,true,false,false,1.066,5.46
VWAP_EMA20_ALIGN,2019-06-04,2019,2019-06,LONG,2019-06-04 09:00:00,2019-06-04 09:01:00,2019-06-04 09:10:00,7092.0,7069.5,22.5,7092.0,7072.0,7112.0,WIN,20.0,true,false,true,false,false,1.379,6.46
VWAP_EMA20_ALIGN,2019-06-05,2019,2019-06,LONG,2019-06-05 09:45:00,2019-06-05 10:15:00,2019-06-05 10:29:00,7183.0,7150.25,32.75,7183.0,7163.0,7203.0,WIN,20.0,true,false,true,false,false,0.64,4.66
VWAP_EMA20_ALIGN,2019-06-06,2019,2019-06,LONG,2019-06-06 09:08:00,2019-06-06 09:09:00,2019-06-06 11:09:00,7238.25,7204.0,34.25,7238.25,7218.25,7258.25,TIME_EXIT,-2.5,true,false,true,false,true,1.455,5.52
VWAP_EMA20_ALIGN,2019-06-07,2019,2019-06,LONG,2019-06-07 09:01:00,2019-06-07 09:02:00,2019-06-07 09:12:00,7446.0,7396.5,49.5,7446.0,7426.0,7466.0,LOSS,-20.0,true,false,true,false,true,1.651,6.2
VWAP_EMA20_ALIGN,2019-06-10,2019,2019-06,LONG,2019-06-10 09:10:00,2019-06-10 09:11:00,2019-06-10 09:43:00,7553.5,7526.0,27.5,7553.5,7533.5,7573.5,WIN,20.0,true,false,true,false,false,2.731,4.21
VWAP_EMA20_ALIGN,2019-06-11,2019,2019-06,SHORT,2019-06-11 09:27:00,2019-06-11 09:28:00,2019-06-11 09:39:00,7579.25,7532.75,46.5,7532.75,7552.75,7512.75,WIN,20.0,false,true,false,true,false,1.783,5.04
VWAP_EMA20_ALIGN,2019-06-13,2019,2019-06,SHORT,2019-06-13 09:06:00,2019-06-13 09:07:00,2019-06-13 11:07:00,7528.75,7504.0,24.75,7504.0,7524.0,7484.0,TIME_EXIT,-11.0,false,true,false,true,false,3.357,5.21
VWAP_EMA20_ALIGN,2019-06-14,2019,2019-06,SHORT,2019-06-14 09:10:00,2019-06-14 09:20:00,2019-06-14 09:21:00,7521.0,7474.25,46.75,7474.25,7494.25,7454.25,LOSS,-20.0,false,true,false,true,false,1.437,12.61
VWAP_EMA20_ALIGN,2019-06-21,2019,2019-06,LONG,2019-06-21 09:01:00,2019-06-21 09:02:00,2019-06-21 09:50:00,7786.5,7760.25,26.25,7786.5,7766.5,7806.5,LOSS,-20.0,true,false,true,false,true,2.647,4.29
VWAP_EMA20_ALIGN,2019-06-26,2019,2019-06,SHORT,2019-06-26 09:14:00,2019-06-26 09:16:00,2019-06-26 11:16:00,7699.75,7679.5,20.25,7679.5,7699.5,7659.5,TIME_EXIT,2.0,false,true,false,true,true,3.154,4.0
VWAP_EMA20_ALIGN,2019-07-01,2019,2019-07,SHORT,2019-07-01 10:22:00,2019-07-01 10:23:00,2019-07-01 10:55:00,7814.75,7793.75,21.0,7793.75,7813.75,7773.75,WIN,20.0,false,true,false,true,true,3.516,3.2
VWAP_EMA20_ALIGN,2019-07-10,2019,2019-07,SHORT,2019-07-10 09:09:00,2019-07-10 09:10:00,2019-07-10 09:54:00,7930.0,7898.0,32.0,7898.0,7918.0,7878.0,LOSS,-20.0,false,true,false,true,false,1.834,5.09
VWAP_EMA20_ALIGN,2019-07-18,2019,2019-07,SHORT,2019-07-18 09:06:00,2019-07-18 09:07:00,2019-07-18 09:24:00,7900.0,7875.0,25.0,7875.0,7895.0,7855.0,WIN,20.0,false,true,false,true,false,1.33,3.07
VWAP_EMA20_ALIGN,2019-07-19,2019,2019-07,SHORT,2019-07-19 09:39:00,2019-07-19 09:40:00,2019-07-19 10:51:00,7942.25,7917.25,25.0,7917.25,7937.25,7897.25,LOSS,-20.0,false,true,false,true,true,2.807,3.88
VWAP_EMA20_ALIGN,2019-07-22,2019,2019-07,LONG,2019-07-22 10:39:00,2019-07-22 10:44:00,2019-07-22 11:30:00,7911.75,7889.0,22.75,7911.75,7891.75,7931.75,TIME_EXIT,-2.75,true,false,true,false,true,1.381,2.66
VWAP_EMA20_ALIGN,2019-07-23,2019,2019-07,SHORT,2019-07-23 09:37:00,2019-07-23 09:47:00,2019-07-23 11:30:00,7945.25,7921.75,23.5,7921.75,7941.75,7901.75,TIME_EXIT,-10.5,false,true,false,true,false,1.19,3.39
VWAP_EMA20_ALIGN,2019-07-25,2019,2019-07,SHORT,2019-07-25 09:50:00,2019-07-25 09:52:00,2019-07-25 10:40:00,7985.5,7956.5,29.0,7956.5,7976.5,7936.5,WIN,20.0,false,true,false,true,false,1.289,4.16
VWAP_EMA20_ALIGN,2019-08-01,2019,2019-08,LONG,2019-08-01 09:01:00,2019-08-01 09:02:00,2019-08-01 11:02:00,7997.25,7962.75,34.5,7997.25,7977.25,8017.25,TIME_EXIT,-1.75,true,false,true,false,false,0.71,4.89
VWAP_EMA20_ALIGN,2019-08-05,2019,2019-08,SHORT,2019-08-05 10:00:00,2019-08-05 10:01:00,2019-08-05 10:47:00,7500.25,7462.5,37.75,7462.5,7482.5,7442.5,WIN,20.0,false,true,false,true,false,3.047,7.43
VWAP_EMA20_ALIGN,2019-08-06,2019,2019-08,SHORT,2019-08-06 09:33:00,2019-08-06 09:50:00,2019-08-06 09:54:00,7515.75,7477.0,38.75,7477.0,7497.0,7457.0,WIN,20.0,false,true,false,true,true,1.692,6.64
VWAP_EMA20_ALIGN,2019-08-07,2019,2019-08,SHORT,2019-08-07 10:04:00,2019-08-07 10:06:00,2019-08-07 10:42:00,7533.25,7467.0,66.25,7467.0,7487.0,7447.0,LOSS,-20.0,false,true,false,true,false,0.936,8.3
VWAP_EMA20_ALIGN,2019-08-08,2019,2019-08,LONG,2019-08-08 09:22:00,2019-08-08 09:23:00,2019-08-08 10:01:00,7669.25,7637.75,31.5,7669.25,7649.25,7689.25,WIN,20.0,true,false,true,false,false,2.204,3.88
VWAP_EMA20_ALIGN,2019-08-09,2019,2019-08,SHORT,2019-08-09 09:25:00,2019-08-09 09:26:00,2019-08-09 09:40:00,7664.0,7624.25,39.75,7624.25,7644.25,7604.25,WIN,20.0,false,true,false,true,false,2.365,5.77
VWAP_EMA20_ALIGN,2019-08-12,2019,2019-08,SHORT,2019-08-12 09:05:00,2019-08-12 09:10:00,2019-08-12 09:13:00,7631.5,7598.0,33.5,7598.0,7618.0,7578.0,WIN,20.0,false,true,false,true,false,1.143,4.93
VWAP_EMA20_ALIGN,2019-08-14,2019,2019-08,SHORT,2019-08-14 09:00:00,2019-08-14 09:04:00,2019-08-14 09:14:00,7605.0,7562.5,42.5,7562.5,7582.5,7542.5,WIN,20.0,false,true,false,true,false,1.867,7.05
VWAP_EMA20_ALIGN,2019-08-15,2019,2019-08,SHORT,2019-08-15 09:04:00,2019-08-15 09:05:00,2019-08-15 09:09:00,7515.5,7485.25,30.25,7485.25,7505.25,7465.25,WIN,20.0,false,true,false,true,false,1.703,6.88
VWAP_EMA20_ALIGN,2019-08-16,2019,2019-08,LONG,2019-08-16 09:00:00,2019-08-16 09:01:00,2019-08-16 09:18:00,7628.75,7580.75,48.0,7628.75,7608.75,7648.75,LOSS,-20.0,true,false,true,false,false,1.614,4.73
VWAP_EMA20_ALIGN,2019-08-19,2019,2019-08,LONG,2019-08-19 09:02:00,2019-08-19 09:04:00,2019-08-19 11:04:00,7730.25,7707.75,22.5,7730.25,7710.25,7750.25,TIME_EXIT,13.0,true,false,true,false,false,1.089,4.07
VWAP_EMA20_ALIGN,2019-08-20,2019,2019-08,LONG,2019-08-20 09:00:00,2019-08-20 09:02:00,2019-08-20 11:02:00,7727.5,7695.75,31.75,7727.5,7707.5,7747.5,TIME_EXIT,-7.0,true,false,true,false,false,2.155,4.57
VWAP_EMA20_ALIGN,2019-08-26,2019,2019-08,LONG,2019-08-26 09:12:00,2019-08-26 09:18:00,2019-08-26 10:24:00,7553.0,7515.5,37.5,7553.0,7533.0,7573.0,WIN,20.0,true,false,true,false,true,2.542,7.02
VWAP_EMA20_ALIGN,2019-08-27,2019,2019-08,SHORT,2019-08-27 09:00:00,2019-08-27 09:07:00,2019-08-27 09:16:00,7626.25,7603.5,22.75,7603.5,7623.5,7583.5,WIN,20.0,false,true,false,true,false,1.101,4.68
VWAP_EMA20_ALIGN,2019-08-28,2019,2019-08,LONG,2019-08-28 09:23:00,2019-08-28 09:27:00,2019-08-28 11:27:00,7582.5,7549.0,33.5,7582.5,7562.5,7602.5,TIME_EXIT,-4.75,true,false,true,false,true,4.322,5.75
VWAP_EMA20_ALIGN,2019-08-29,2019,2019-08,LONG,2019-08-29 09:24:00,2019-08-29 09:30:00,2019-08-29 11:30:00,7709.75,7655.25,54.5,7709.75,7689.75,7729.75,TIME_EXIT,3.25,true,false,true,false,true,2.43,3.79
VWAP_EMA20_ALIGN,2019-09-03,2019,2019-09,SHORT,2019-09-03 11:08:00,2019-09-03 11:21:00,2019-09-03 11:30:00,7649.0,7609.25,39.75,7609.25,7629.25,7589.25,TIME_EXIT,1.25,false,true,false,true,false,3.083,4.48
VWAP_EMA20_ALIGN,2019-09-06,2019,2019-09,SHORT,2019-09-06 10:43:00,2019-09-06 10:45:00,2019-09-06 11:30:00,7876.75,7856.0,20.75,7856.0,7876.0,7836.0,TIME_EXIT,-19.0,false,true,false,true,false,2.998,2.59
VWAP_EMA20_ALIGN,2019-09-09,2019,2019-09,SHORT,2019-09-09 10:07:00,2019-09-09 10:08:00,2019-09-09 10:16:00,7875.5,7855.5,20.0,7855.5,7875.5,7835.5,WIN,20.0,false,true,false,true,true,1.591,2.43
VWAP_EMA20_ALIGN,2019-09-10,2019,2019-09,SHORT,2019-09-10 09:24:00,2019-09-10 09:25:00,2019-09-10 09:48:00,7787.25,7759.25,28.0,7759.25,7779.25,7739.25,LOSS,-20.0,false,true,false,true,false,2.838,3.52
VWAP_EMA20_ALIGN,2019-09-13,2019,2019-09,LONG,2019-09-13 09:06:00,2019-09-13 09:07:00,2019-09-13 09:37:00,7942.75,7901.5,41.25,7942.75,7922.75,7962.75,LOSS,-20.0,true,false,true,false,true,1.885,6.86
VWAP_EMA20_ALIGN,2019-09-16,2019,2019-09,LONG,2019-09-16 09:09:00,2019-09-16 09:10:00,2019-09-16 09:50:00,7882.25,7861.25,21.0,7882.25,7862.25,7902.25,LOSS,-20.0,true,false,true,false,false,1.579,4.59
VWAP_EMA20_ALIGN,2019-09-20,2019,2019-09,SHORT,2019-09-20 09:02:00,2019-09-20 09:17:00,2019-09-20 09:39:00,7932.25,7911.25,21.0,7911.25,7931.25,7891.25,WIN,20.0,false,true,false,true,false,1.098,2.93
VWAP_EMA20_ALIGN,2019-09-23,2019,2019-09,LONG,2019-09-23 09:30:00,2019-09-23 09:31:00,2019-09-23 11:30:00,7842.75,7813.0,29.75,7842.75,7822.75,7862.75,TIME_EXIT,9.75,true,false,true,false,false,2.386,4.2
VWAP_EMA20_ALIGN,2019-09-24,2019,2019-09,SHORT,2019-09-24 09:01:00,2019-09-24 09:03:00,2019-09-24 09:35:00,7865.25,7834.0,31.25,7834.0,7854.0,7814.0,WIN,20.0,false,true,false,true,false,1.587,4.36
VWAP_EMA20_ALIGN,2019-09-25,2019,2019-09,LONG,2019-09-25 09:01:00,2019-09-25 09:03:00,2019-09-25 10:09:00,7749.75,7707.25,42.5,7749.75,7729.75,7769.75,WIN,20.0,true,false,true,false,false,1.229,8.05
VWAP_EMA20_ALIGN,2019-09-26,2019,2019-09,SHORT,2019-09-26 09:00:00,2019-09-26 09:01:00,2019-09-26 09:19:00,7797.0,7763.75,33.25,7763.75,7783.75,7743.75,WIN,20.0,false,true,false,true,true,1.756,7.62
VWAP_EMA20_ALIGN,2019-09-27,2019,2019-09,LONG,2019-09-27 09:01:00,2019-09-27 09:14:00,2019-09-27 09:36:00,7788.0,7754.25,33.75,7788.0,7768.0,7808.0,LOSS,-20.0,true,false,true,false,false,1.0,4.11
VWAP_EMA20_ALIGN,2019-10-01,2019,2019-10,SHORT,2019-10-01 09:00:00,2019-10-01 09:03:00,2019-10-01 10:01:00,7783.25,7744.25,39.0,7744.25,7764.25,7724.25,WIN,20.0,false,true,false,true,false,2.333,6.71
VWAP_EMA20_ALIGN,2019-10-02,2019,2019-10,SHORT,2019-10-02 09:31:00,2019-10-02 09:32:00,2019-10-02 10:39:00,7599.5,7558.25,41.25,7558.25,7578.25,7538.25,WIN,20.0,false,true,false,true,false,2.881,7.57
VWAP_EMA20_ALIGN,2019-10-03,2019,2019-10,LONG,2019-10-03 09:00:00,2019-10-03 09:01:00,2019-10-03 09:03:00,7557.75,7517.75,40.0,7557.75,7537.75,7577.75,WIN,20.0,true,false,true,false,false,1.387,9.12
VWAP_EMA20_ALIGN,2019-10-04,2019,2019-10,LONG,2019-10-04 09:00:00,2019-10-04 09:05:00,2019-10-04 09:37:00,7715.5,7688.75,26.75,7715.5,7695.5,7735.5,WIN,20.0,true,false,true,false,false,3.104,6.27
VWAP_EMA20_ALIGN,2019-10-07,2019,2019-10,LONG,2019-10-07 09:00:00,2019-10-07 09:05:00,2019-10-07 11:05:00,7773.0,7750.0,23.0,7773.0,7753.0,7793.0,TIME_EXIT,-4.5,true,false,true,false,true,1.894,4.32
VWAP_EMA20_ALIGN,2019-10-08,2019,2019-10,LONG,2019-10-08 10:45:00,2019-10-08 11:05:00,2019-10-08 11:30:00,7667.5,7632.75,34.75,7667.5,7647.5,7687.5,WIN,20.0,true,false,true,false,true,7.071,4.5
VWAP_EMA20_ALIGN,2019-10-10,2019,2019-10,LONG,2019-10-10 09:00:00,2019-10-10 09:05:00,2019-10-10 10:22:00,7775.0,7748.25,26.75,7775.0,7755.0,7795.0,LOSS,-20.0,true,false,true,false,false,1.43,4.93
VWAP_EMA20_ALIGN,2019-10-14,2019,2019-10,SHORT,2019-10-14 10:54:00,2019-10-14 10:56:00,2019-10-14 11:30:00,7877.5,7853.25,24.25,7853.25,7873.25,7833.25,TIME_EXIT,-1.25,false,true,false,true,false,1.187,2.32
VWAP_EMA20_ALIGN,2019-10-15,2019,2019-10,LONG,2019-10-15 09:00:00,2019-10-15 09:01:00,2019-10-15 09:36:00,7954.0,7920.5,33.5,7954.0,7934.0,7974.0,LOSS,-20.0,true,false,true,false,false,1.692,2.88
VWAP_EMA20_ALIGN,2019-10-17,2019,2019-10,SHORT,2019-10-17 09:00:00,2019-10-17 09:01:00,2019-10-17 11:01:00,7967.0,7938.0,29.0,7938.0,7958.0,7918.0,TIME_EXIT,-10.75,false,true,false,true,false,3.437,5.39
VWAP_EMA20_ALIGN,2019-10-18,2019,2019-10,SHORT,2019-10-18 09:43:00,2019-10-18 09:44:00,2019-10-18 09:53:00,7927.25,7897.25,30.0,7897.25,7917.25,7877.25,WIN,20.0,false,true,false,true,false,2.756,4.96
VWAP_EMA20_ALIGN,2019-10-23,2019,2019-10,LONG,2019-10-23 09:16:00,2019-10-23 09:17:00,2019-10-23 10:10:00,7892.5,7853.75,38.75,7892.5,7872.5,7912.5,LOSS,-20.0,true,false,true,false,true,3.572,3.2
VWAP_EMA20_ALIGN,2019-10-24,2019,2019-10,LONG,2019-10-24 09:00:00,2019-10-24 09:01:00,2019-10-24 09:29:00,7943.5,7921.5,22.0,7943.5,7923.5,7963.5,WIN,20.0,true,false,true,false,false,1.588,3.57
VWAP_EMA20_ALIGN,2019-10-25,2019,2019-10,LONG,2019-10-25 09:00:00,2019-10-25 09:08:00,2019-10-25 09:20:00,8008.5,7986.25,22.25,8008.5,7988.5,8028.5,WIN,20.0,true,false,true,false,false,1.133,3.95
VWAP_EMA20_ALIGN,2019-10-29,2019,2019-10,SHORT,2019-10-29 09:19:00,2019-10-29 09:21:00,2019-10-29 09:59:00,8103.75,8072.75,31.0,8072.75,8092.75,8052.75,WIN,20.0,false,true,false,true,false,1.697,3.96
VWAP_EMA20_ALIGN,2019-10-30,2019,2019-10,SHORT,2019-10-30 09:39:00,2019-10-30 09:40:00,2019-10-30 11:30:00,8068.0,8047.0,21.0,8047.0,8067.0,8027.0,TIME_EXIT,-5.0,false,true,false,true,false,1.367,2.79
VWAP_EMA20_ALIGN,2019-10-31,2019,2019-10,LONG,2019-10-31 09:15:00,2019-10-31 09:18:00,2019-10-31 10:38:00,8083.0,8046.0,37.0,8083.0,8063.0,8103.0,LOSS,-20.0,true,false,true,false,true,1.545,3.32
VWAP_EMA20_ALIGN,2019-11-04,2019,2019-11,SHORT,2019-11-04 09:02:00,2019-11-04 09:03:00,2019-11-04 11:03:00,8233.75,8213.5,20.25,8213.5,8233.5,8193.5,TIME_EXIT,9.5,false,true,false,true,false,1.469,4.09
VWAP_EMA20_ALIGN,2019-11-05,2019,2019-11,SHORT,2019-11-05 09:09:00,2019-11-05 09:10:00,2019-11-05 11:04:00,8230.75,8208.25,22.5,8208.25,8228.25,8188.25,LOSS,-20.0,false,true,false,true,false,2.737,5.21
VWAP_EMA20_ALIGN,2019-11-06,2019,2019-11,SHORT,2019-11-06 09:28:00,2019-11-06 09:29:00,2019-11-06 10:48:00,8211.25,8189.0,22.25,8189.0,8209.0,8169.0,WIN,20.0,false,true,false,true,false,2.0,3.7
VWAP_EMA20_ALIGN,2019-11-07,2019,2019-11,LONG,2019-11-07 09:15:00,2019-11-07 09:16:00,2019-11-07 10:59:00,8261.0,8234.0,27.0,8261.0,8241.0,8281.0,WIN,20.0,true,false,true,false,true,2.102,3.48
VWAP_EMA20_ALIGN,2019-11-08,2019,2019-11,SHORT,2019-11-08 09:00:00,2019-11-08 09:01:00,2019-11-08 09:25:00,8233.75,8204.25,29.5,8204.25,8224.25,8184.25,LOSS,-20.0,false,true,false,true,false,2.483,5.82
VWAP_EMA20_ALIGN,2019-11-11,2019,2019-11,LONG,2019-11-11 09:00:00,2019-11-11 09:10:00,2019-11-11 11:10:00,8228.75,8206.5,22.25,8228.75,8208.75,8248.75,TIME_EXIT,7.75,true,false,true,false,false,1.573,4.07
VWAP_EMA20_ALIGN,2019-11-12,2019,2019-11,LONG,2019-11-12 09:00:00,2019-11-12 09:01:00,2019-11-12 09:41:00,8273.75,8252.0,21.75,8273.75,8253.75,8293.75,WIN,20.0,true,false,true,false,false,1.506,2.98
VWAP_EMA20_ALIGN,2019-11-13,2019,2019-11,LONG,2019-11-13 09:19:00,2019-11-13 09:20:00,2019-11-13 11:20:00,8264.0,8236.75,27.25,8264.0,8244.0,8284.0,TIME_EXIT,13.75,true,false,true,false,false,1.551,3.16
VWAP_EMA20_ALIGN,2019-11-14,2019,2019-11,LONG,2019-11-14 09:03:00,2019-11-14 09:04:00,2019-11-14 09:56:00,8258.0,8237.75,20.25,8258.0,8238.0,8278.0,LOSS,-20.0,true,false,true,false,true,1.706,4.2
VWAP_EMA20_ALIGN,2019-11-15,2019,2019-11,LONG,2019-11-15 10:01:00,2019-11-15 10:04:00,2019-11-15 11:30:00,8317.25,8289.0,28.25,8317.25,8297.25,8337.25,TIME_EXIT,-10.0,true,false,true,false,false,3.66,2.39
VWAP_EMA20_ALIGN,2019-11-18,2019,2019-11,LONG,2019-11-18 10:10:00,2019-11-18 10:25:00,2019-11-18 11:30:00,8314.5,8279.25,35.25,8314.5,8294.5,8334.5,TIME_EXIT,-2.25,true,false,true,false,true,3.774,3.71
VWAP_EMA20_ALIGN,2019-11-19,2019,2019-11,SHORT,2019-11-19 09:02:00,2019-11-19 09:03:00,2019-11-19 09:53:00,8364.5,8338.25,26.25,8338.25,8358.25,8318.25,WIN,20.0,false,true,false,true,false,1.326,4.39
VWAP_EMA20_ALIGN,2019-11-21,2019,2019-11,SHORT,2019-11-21 09:16:00,2019-11-21 09:18:00,2019-11-21 11:18:00,8286.0,8261.0,25.0,8261.0,8281.0,8241.0,TIME_EXIT,5.75,false,true,false,true,true,2.762,6.2
VWAP_EMA20_ALIGN,2019-11-22,2019,2019-11,SHORT,2019-11-22 09:09:00,2019-11-22 09:10:00,2019-11-22 09:30:00,8298.75,8277.5,21.25,8277.5,8297.5,8257.5,WIN,20.0,false,true,false,true,false,1.752,4.0
VWAP_EMA20_ALIGN,2019-11-25,2019,2019-11,LONG,2019-11-25 09:06:00,2019-11-25 09:07:00,2019-11-25 11:07:00,8353.25,8311.75,41.5,8353.25,8333.25,8373.25,TIME_EXIT,9.75,true,false,true,false,false,1.546,3.14
VWAP_EMA20_ALIGN,2019-11-26,2019,2019-11,LONG,2019-11-26 09:27:00,2019-11-26 09:47:00,2019-11-26 11:30:00,8390.0,8368.75,21.25,8390.0,8370.0,8410.0,TIME_EXIT,9.5,true,false,true,false,false,1.522,2.57
VWAP_EMA20_ALIGN,2019-12-05,2019,2019-12,SHORT,2019-12-05 09:00:00,2019-12-05 09:02:00,2019-12-05 09:09:00,8327.25,8302.75,24.5,8302.75,8322.75,8282.75,WIN,20.0,false,true,false,true,false,2.256,4.59
VWAP_EMA20_ALIGN,2019-12-06,2019,2019-12,LONG,2019-12-06 09:50:00,2019-12-06 09:51:00,2019-12-06 11:30:00,8392.5,8368.0,24.5,8392.5,8372.5,8412.5,TIME_EXIT,4.25,true,false,true,false,false,2.485,2.45
VWAP_EMA20_ALIGN,2019-12-10,2019,2019-12,LONG,2019-12-10 09:06:00,2019-12-10 09:08:00,2019-12-10 09:25:00,8370.25,8338.5,31.75,8370.25,8350.25,8390.25,WIN,20.0,true,false,true,false,false,1.337,5.14
VWAP_EMA20_ALIGN,2019-12-11,2019,2019-12,LONG,2019-12-11 09:00:00,2019-12-11 09:01:00,2019-12-11 11:01:00,8389.5,8363.5,26.0,8389.5,8369.5,8409.5,TIME_EXIT,-11.0,true,false,true,false,false,1.56,2.62
VWAP_EMA20_ALIGN,2019-12-12,2019,2019-12,LONG,2019-12-12 09:15:00,2019-12-12 09:45:00,2019-12-12 09:55:00,8464.75,8381.0,83.75,8464.75,8444.75,8484.75,WIN,20.0,true,false,true,false,false,0.485,9.3
VWAP_EMA20_ALIGN,2019-12-13,2019,2019-12,LONG,2019-12-13 09:01:00,2019-12-13 09:06:00,2019-12-13 09:07:00,8509.25,8465.75,43.5,8509.25,8489.25,8529.25,WIN,20.0,true,false,true,false,true,2.07,6.43
VWAP_EMA20_ALIGN,2019-12-16,2019,2019-12,LONG,2019-12-16 09:12:00,2019-12-16 09:13:00,2019-12-16 11:13:00,8604.0,8571.5,32.5,8604.0,8584.0,8624.0,TIME_EXIT,8.0,true,false,true,false,false,1.6,3.32
VWAP_EMA20_ALIGN,2019-12-26,2019,2019-12,LONG,2019-12-26 09:01:00,2019-12-26 09:05:00,2019-12-26 11:05:00,8761.0,8739.0,22.0,8761.0,8741.0,8781.0,TIME_EXIT,15.75,true,false,true,false,false,1.689,2.27
VWAP_EMA20_ALIGN,2019-12-30,2019,2019-12,SHORT,2019-12-30 09:13:00,2019-12-30 09:14:00,2019-12-30 09:42:00,8793.0,8703.75,89.25,8703.75,8723.75,8683.75,LOSS,-20.0,false,true,false,true,false,2.834,6.8
VWAP_EMA20_ALIGN,2020-01-02,2020,2020-01,SHORT,2020-01-02 09:15:00,2020-01-02 09:16:00,2020-01-02 11:16:00,8852.5,8815.5,37.0,8815.5,8835.5,8795.5,TIME_EXIT,-19.0,false,true,false,true,true,2.831,5.36
VWAP_EMA20_ALIGN,2020-01-03,2020,2020-01,LONG,2020-01-03 11:01:00,2020-01-03 11:02:00,2020-01-03 11:30:00,8840.75,8770.5,70.25,8840.75,8820.75,8860.75,TIME_EXIT,4.0,true,false,true,false,false,3.753,2.68
VWAP_EMA20_ALIGN,2020-01-06,2020,2020-01,LONG,2020-01-06 09:02:00,2020-01-06 09:03:00,2020-01-06 09:42:00,8800.5,8729.0,71.5,8800.5,8780.5,8820.5,WIN,20.0,true,false,true,false,false,0.747,6.27
VWAP_EMA20_ALIGN,2020-01-07,2020,2020-01,LONG,2020-01-07 09:58:00,2020-01-07 10:01:00,2020-01-07 11:30:00,8878.0,8834.5,43.5,8878.0,8858.0,8898.0,TIME_EXIT,-2.25,true,false,true,false,false,2.13,4.27
VWAP_EMA20_ALIGN,2020-01-08,2020,2020-01,LONG,2020-01-08 10:29:00,2020-01-08 10:30:00,2020-01-08 10:38:00,8896.0,8848.0,48.0,8896.0,8876.0,8916.0,WIN,20.0,true,false,true,false,false,6.95,5.12
VWAP_EMA20_ALIGN,2020-01-09,2020,2020-01,SHORT,2020-01-09 11:20:00,2020-01-09 11:21:00,2020-01-09 11:30:00,9022.25,8996.0,26.25,8996.0,9016.0,8976.0,TIME_EXIT,15.75,false,true,false,true,false,2.371,2.61
VWAP_EMA20_ALIGN,2020-01-10,2020,2020-01,SHORT,2020-01-10 11:06:00,2020-01-10 11:07:00,2020-01-10 11:30:00,9041.75,9004.5,37.25,9004.5,9024.5,8984.5,TIME_EXIT,-0.25,false,true,false,true,true,1.345,3.79
VWAP_EMA20_ALIGN,2020-01-13,2020,2020-01,LONG,2020-01-13 09:57:00,2020-01-13 10:12:00,2020-01-13 10:59:00,9037.75,9003.75,34.0,9037.75,9017.75,9057.75,WIN,20.0,true,false,true,false,false,1.834,3.29
VWAP_EMA20_ALIGN,2020-01-15,2020,2020-01,LONG,2020-01-15 09:09:00,2020-01-15 09:37:00,2020-01-15 11:30:00,9086.75,9051.25,35.5,9086.75,9066.75,9106.75,TIME_EXIT,-5.75,true,false,true,false,false,1.214,3.86
VWAP_EMA20_ALIGN,2020-01-16,2020,2020-01,LONG,2020-01-16 09:09:00,2020-01-16 09:10:00,2020-01-16 09:38:00,9118.0,9088.0,30.0,9118.0,9098.0,9138.0,LOSS,-20.0,true,false,true,false,false,0.986,4.07
VWAP_EMA20_ALIGN,2020-01-17,2020,2020-01,SHORT,2020-01-17 10:13:00,2020-01-17 10:14:00,2020-01-17 11:30:00,9180.0,9140.0,40.0,9140.0,9160.0,9120.0,TIME_EXIT,-13.5,false,true,false,true,true,2.539,3.77
VWAP_EMA20_ALIGN,2020-01-21,2020,2020-01,LONG,2020-01-21 09:01:00,2020-01-21 09:02:00,2020-01-21 10:36:00,9176.5,9151.75,24.75,9176.5,9156.5,9196.5,WIN,20.0,true,false,true,false,false,1.148,4.29
VWAP_EMA20_ALIGN,2020-01-22,2020,2020-01,LONG,2020-01-22 09:27:00,2020-01-22 09:33:00,2020-01-22 10:13:00,9244.5,9211.75,32.75,9244.5,9224.5,9264.5,LOSS,-20.0,true,false,true,false,false,1.11,3.5
VWAP_EMA20_ALIGN,2020-01-23,2020,2020-01,LONG,2020-01-23 09:07:00,2020-01-23 09:14:00,2020-01-23 10:11:00,9201.0,9151.75,49.25,9201.0,9181.0,9221.0,LOSS,-20.0,true,false,true,false,false,1.488,5.18
VWAP_EMA20_ALIGN,2020-01-24,2020,2020-01,SHORT,2020-01-24 09:05:00,2020-01-24 09:07:00,2020-01-24 09:29:00,9283.25,9256.0,27.25,9256.0,9276.0,9236.0,WIN,20.0,false,true,false,true,false,1.192,5.75
VWAP_EMA20_ALIGN,2020-01-27,2020,2020-01,LONG,2020-01-27 11:12:00,2020-01-27 11:13:00,2020-01-27 11:30:00,8990.5,8925.5,65.0,8990.5,8970.5,9010.5,TIME_EXIT,9.25,true,false,true,false,false,0.882,5.0
VWAP_EMA20_ALIGN,2020-01-29,2020,2020-01,SHORT,2020-01-29 09:00:00,2020-01-29 09:01:00,2020-01-29 09:04:00,9158.75,9100.75,58.0,9100.75,9120.75,9080.75,WIN,20.0,false,true,false,true,true,1.309,6.38
VWAP_EMA20_ALIGN,2020-01-30,2020,2020-01,SHORT,2020-01-30 09:45:00,2020-01-30 09:46:00,2020-01-30 10:00:00,9114.75,9044.5,70.25,9044.5,9064.5,9024.5,WIN,20.0,false,true,false,true,true,1.68,6.48
VWAP_EMA20_ALIGN,2020-01-31,2020,2020-01,SHORT,2020-01-31 09:04:00,2020-01-31 09:08:00,2020-01-31 09:17:00,9184.0,9102.75,81.25,9102.75,9122.75,9082.75,WIN,20.0,false,true,false,true,false,1.428,8.57
VWAP_EMA20_ALIGN,2020-02-03,2020,2020-02,LONG,2020-02-03 09:00:00,2020-02-03 09:05:00,2020-02-03 09:19:00,9127.5,9035.75,91.75,9127.5,9107.5,9147.5,WIN,20.0,true,false,true,false,false,2.409,7.3
VWAP_EMA20_ALIGN,2020-02-04,2020,2020-02,LONG,2020-02-04 09:10:00,2020-02-04 09:28:00,2020-02-04 10:11:00,9276.0,9227.0,49.0,9276.0,9256.0,9296.0,WIN,20.0,true,false,true,false,false,1.603,7.16
VWAP_EMA20_ALIGN,2020-02-05,2020,2020-02,SHORT,2020-02-05 09:13:00,2020-02-05 09:14:00,2020-02-05 09:27:00,9457.75,9372.5,85.25,9372.5,9392.5,9352.5,WIN,20.0,false,true,false,true,false,1.284,10.64
VWAP_EMA20_ALIGN,2020-02-06,2020,2020-02,LONG,2020-02-06 09:00:00,2020-02-06 09:05:00,2020-02-06 09:23:00,9414.5,9362.5,52.0,9414.5,9394.5,9434.5,LOSS,-20.0,true,false,true,false,false,1.002,7.21
VWAP_EMA20_ALIGN,2020-02-07,2020,2020-02,LONG,2020-02-07 09:30:00,2020-02-07 09:31:00,2020-02-07 10:20:00,9424.0,9385.0,39.0,9424.0,9404.0,9444.0,WIN,20.0,true,false,true,false,false,1.448,4.36
VWAP_EMA20_ALIGN,2020-02-10,2020,2020-02,LONG,2020-02-10 09:00:00,2020-02-10 09:03:00,2020-02-10 09:37:00,9448.75,9378.75,70.0,9448.75,9428.75,9468.75,WIN,20.0,true,false,true,false,false,1.662,5.82
VWAP_EMA20_ALIGN,2020-02-11,2020,2020-02,LONG,2020-02-11 09:08:00,2020-02-11 09:14:00,2020-02-11 09:31:00,9581.5,9538.75,42.75,9581.5,9561.5,9601.5,WIN,20.0,true,false,true,false,false,1.027,6.07
VWAP_EMA20_ALIGN,2020-02-12,2020,2020-02,LONG,2020-02-12 10:25:00,2020-02-12 10:26:00,2020-02-12 11:30:00,9604.0,9561.0,43.0,9604.0,9584.0,9624.0,TIME_EXIT,6.0,true,false,true,false,false,2.529,4.48
VWAP_EMA20_ALIGN,2020-02-13,2020,2020-02,LONG,2020-02-13 09:35:00,2020-02-13 09:44:00,2020-02-13 10:01:00,9592.75,9539.25,53.5,9592.75,9572.75,9612.75,WIN,20.0,true,false,true,false,false,1.229,5.3
VWAP_EMA20_ALIGN,2020-02-14,2020,2020-02,SHORT,2020-02-14 09:11:00,2020-02-14 09:12:00,2020-02-14 09:36:00,9640.0,9602.25,37.75,9602.25,9622.25,9582.25,LOSS,-20.0,false,true,false,true,false,1.368,6.59
VWAP_EMA20_ALIGN,2020-02-18,2020,2020-02,LONG,2020-02-18 09:00:00,2020-02-18 09:07:00,2020-02-18 09:29:00,9622.75,9574.5,48.25,9622.75,9602.75,9642.75,LOSS,-20.0,true,false,true,false,false,1.256,5.91
VWAP_EMA20_ALIGN,2020-02-19,2020,2020-02,LONG,2020-02-19 09:16:00,2020-02-19 09:20:00,2020-02-19 10:38:00,9717.25,9681.5,35.75,9717.25,9697.25,9737.25,WIN,20.0,true,false,true,false,false,1.585,4.27
VWAP_EMA20_ALIGN,2020-02-20,2020,2020-02,LONG,2020-02-20 09:06:00,2020-02-20 09:07:00,2020-02-20 09:22:00,9719.25,9686.0,33.25,9719.25,9699.25,9739.25,LOSS,-20.0,true,false,true,false,false,2.215,4.73
VWAP_EMA20_ALIGN,2020-02-25,2020,2020-02,SHORT,2020-02-25 09:20:00,2020-02-25 09:21:00,2020-02-25 09:24:00,9191.0,9093.75,97.25,9093.75,9113.75,9073.75,WIN,20.0,false,true,false,true,false,1.673,12.18
VWAP_EMA20_ALIGN,2020-02-27,2020,2020-02,SHORT,2020-02-27 09:23:00,2020-02-27 09:25:00,2020-02-27 09:26:00,8722.5,8605.75,116.75,8605.75,8625.75,8585.75,WIN,20.0,false,true,false,true,true,1.549,19.09
VWAP_EMA20_ALIGN,2020-03-02,2020,2020-03,SHORT,2020-03-02 09:05:00,2020-03-02 09:06:00,2020-03-02 09:07:00,8596.0,8485.0,111.0,8485.0,8505.0,8465.0,WIN,20.0,false,true,false,true,true,1.657,23.86
VWAP_EMA20_ALIGN,2020-03-04,2020,2020-03,LONG,2020-03-04 09:22:00,2020-03-04 09:23:00,2020-03-04 09:31:00,8782.5,8665.25,117.25,8782.5,8762.5,8802.5,LOSS,-20.0,true,false,true,false,false,0.993,14.27
VWAP_EMA20_ALIGN,2020-03-05,2020,2020-03,LONG,2020-03-05 09:18:00,2020-03-05 09:19:00,2020-03-05 09:22:00,8781.75,8701.5,80.25,8781.75,8761.75,8801.75,WIN,20.0,true,false,true,false,false,1.452,13.36
VWAP_EMA20_ALIGN,2020-03-06,2020,2020-03,LONG,2020-03-06 09:39:00,2020-03-06 10:09:00,2020-03-06 10:31:00,8461.0,8363.5,97.5,8461.0,8441.0,8481.0,WIN,20.0,true,false,true,false,false,0.892,19.11
VWAP_EMA20_ALIGN,2020-03-09,2020,2020-03,LONG,2020-03-09 09:17:00,2020-03-09 09:18:00,2020-03-09 09:24:00,8134.5,8045.25,89.25,8134.5,8114.5,8154.5,WIN,20.0,true,false,true,false,false,1.042,19.43
VWAP_EMA20_ALIGN,2020-03-10,2020,2020-03,SHORT,2020-03-10 09:00:00,2020-03-10 09:01:00,2020-03-10 09:03:00,8198.0,8083.0,115.0,8083.0,8103.0,8063.0,LOSS,-20.0,false,true,false,true,false,1.098,15.71
VWAP_EMA20_ALIGN,2020-03-11,2020,2020-03,SHORT,2020-03-11 09:21:00,2020-03-11 09:22:00,2020-03-11 09:24:00,8159.25,8087.0,72.25,8087.0,8107.0,8067.0,WIN,20.0,false,true,false,true,false,1.649,16.34
VWAP_EMA20_ALIGN,2020-03-12,2020,2020-03,SHORT,2020-03-12 09:08:00,2020-03-12 09:09:00,2020-03-12 09:11:00,7615.25,7511.25,104.0,7511.25,7531.25,7491.25,WIN,20.0,false,true,false,true,false,1.522,19.68
VWAP_EMA20_ALIGN,2020-03-24,2020,2020-03,LONG,2020-03-24 09:37:00,2020-03-24 09:38:00,2020-03-24 09:41:00,7431.25,7357.25,74.0,7431.25,7411.25,7451.25,WIN,20.0,true,false,true,false,false,1.0,14.43
VWAP_EMA20_ALIGN,2020-03-25,2020,2020-03,LONG,2020-03-25 09:00:00,2020-03-25 09:06:00,2020-03-25 09:13:00,7517.5,7435.25,82.25,7517.5,7497.5,7537.5,LOSS,-20.0,true,false,true,false,false,0.974,24.43
VWAP_EMA20_ALIGN,2020-03-26,2020,2020-03,LONG,2020-03-26 09:29:00,2020-03-26 09:30:00,2020-03-26 09:32:00,7717.0,7622.0,95.0,7717.0,7697.0,7737.0,WIN,20.0,true,false,true,false,false,1.221,15.86
VWAP_EMA20_ALIGN,2020-03-27,2020,2020-03,LONG,2020-03-27 09:15:00,2020-03-27 09:32:00,2020-03-27 09:33:00,7625.25,7585.75,39.5,7625.25,7605.25,7645.25,WIN,20.0,true,false,true,false,false,1.736,11.77
VWAP_EMA20_ALIGN,2020-03-30,2020,2020-03,LONG,2020-03-30 09:07:00,2020-03-30 09:08:00,2020-03-30 09:20:00,7796.5,7739.25,57.25,7796.5,7776.5,7816.5,WIN,20.0,true,false,true,false,false,1.003,11.12
VWAP_EMA20_ALIGN,2020-04-01,2020,2020-04,LONG,2020-04-01 09:04:00,2020-04-01 09:05:00,2020-04-01 09:10:00,7657.75,7602.75,55.0,7657.75,7637.75,7677.75,WIN,20.0,true,false,true,false,false,1.692,10.7
VWAP_EMA20_ALIGN,2020-04-02,2020,2020-04,SHORT,2020-04-02 11:26:00,2020-04-02 11:27:00,2020-04-02 11:30:00,7617.75,7513.25,104.5,7513.25,7533.25,7493.25,WIN,20.0,false,true,false,true,true,1.469,11.45
VWAP_EMA20_ALIGN,2020-04-03,2020,2020-04,SHORT,2020-04-03 09:15:00,2020-04-03 09:18:00,2020-04-03 09:46:00,7575.0,7530.5,44.5,7530.5,7550.5,7510.5,WIN,20.0,false,true,false,true,false,1.581,10.5
VWAP_EMA20_ALIGN,2020-04-06,2020,2020-04,LONG,2020-04-06 09:29:00,2020-04-06 09:30:00,2020-04-06 10:11:00,7881.25,7838.75,42.5,7881.25,7861.25,7901.25,WIN,20.0,true,false,true,false,false,1.949,6.82
VWAP_EMA20_ALIGN,2020-04-07,2020,2020-04,LONG,2020-04-07 09:32:00,2020-04-07 09:33:00,2020-04-07 09:39:00,8169.25,8071.25,98.0,8169.25,8149.25,8189.25,WIN,20.0,true,false,true,false,false,1.366,11.0
VWAP_EMA20_ALIGN,2020-04-08,2020,2020-04,LONG,2020-04-08 09:02:00,2020-04-08 09:12:00,2020-04-08 09:20:00,8137.75,8081.5,56.25,8137.75,8117.75,8157.75,WIN,20.0,true,false,true,false,false,1.654,9.89
VWAP_EMA20_ALIGN,2020-04-09,2020,2020-04,SHORT,2020-04-09 09:06:00,2020-04-09 09:13:00,2020-04-09 09:28:00,8241.5,8180.0,61.5,8180.0,8200.0,8160.0,LOSS,-20.0,false,true,false,true,false,1.297,14.61
VWAP_EMA20_ALIGN,2020-04-13,2020,2020-04,SHORT,2020-04-13 09:02:00,2020-04-13 09:03:00,2020-04-13 09:23:00,8197.0,8160.5,36.5,8160.5,8180.5,8140.5,LOSS,-20.0,false,true,false,true,true,1.487,11.38
VWAP_EMA20_ALIGN,2020-04-14,2020,2020-04,LONG,2020-04-14 10:02:00,2020-04-14 10:04:00,2020-04-14 10:17:00,8609.0,8580.0,29.0,8609.0,8589.0,8629.0,WIN,20.0,true,false,true,false,false,1.507,9.04
VWAP_EMA20_ALIGN,2020-04-15,2020,2020-04,LONG,2020-04-15 10:50:00,2020-04-15 10:51:00,2020-04-15 11:00:00,8582.75,8512.0,70.75,8582.75,8562.75,8602.75,LOSS,-20.0,true,false,true,false,true,2.53,7.89
VWAP_EMA20_ALIGN,2020-04-16,2020,2020-04,LONG,2020-04-16 09:06:00,2020-04-16 09:09:00,2020-04-16 09:17:00,8714.0,8642.5,71.5,8714.0,8694.0,8734.0,WIN,20.0,true,false,true,false,true,1.566,10.91
VWAP_EMA20_ALIGN,2020-04-17,2020,2020-04,SHORT,2020-04-17 09:21:00,2020-04-17 09:25:00,2020-04-17 09:27:00,8797.25,8740.25,57.0,8740.25,8760.25,8720.25,WIN,20.0,false,true,false,true,false,1.29,10.79
VWAP_EMA20_ALIGN,2020-04-20,2020,2020-04,LONG,2020-04-20 09:06:00,2020-04-20 09:07:00,2020-04-20 09:16:00,8827.75,8781.0,46.75,8827.75,8807.75,8847.75,LOSS,-20.0,true,false,true,false,false,1.876,7.23
VWAP_EMA20_ALIGN,2020-04-22,2020,2020-04,LONG,2020-04-22 10:39:00,2020-04-22 10:47:00,2020-04-22 11:21:00,8608.5,8565.5,43.0,8608.5,8588.5,8628.5,WIN,20.0,true,false,true,false,true,2.389,6.02
VWAP_EMA20_ALIGN,2020-04-24,2020,2020-04,LONG,2020-04-24 10:28:00,2020-04-24 10:29:00,2020-04-24 10:42:00,8670.0,8628.5,41.5,8670.0,8650.0,8690.0,WIN,20.0,true,false,true,false,false,2.23,6.32
VWAP_EMA20_ALIGN,2020-04-27,2020,2020-04,LONG,2020-04-27 09:19:00,2020-04-27 09:20:00,2020-04-27 10:01:00,8854.0,8812.75,41.25,8854.0,8834.0,8874.0,LOSS,-20.0,true,false,true,false,false,1.28,6.3
VWAP_EMA20_ALIGN,2020-04-28,2020,2020-04,SHORT,2020-04-28 10:17:00,2020-04-28 10:18:00,2020-04-28 10:34:00,8794.5,8688.5,106.0,8688.5,8708.5,8668.5,LOSS,-20.0,false,true,false,true,true,1.955,9.68
VWAP_EMA20_ALIGN,2020-04-29,2020,2020-04,LONG,2020-04-29 10:07:00,2020-04-29 10:09:00,2020-04-29 10:37:00,8939.75,8907.0,32.75,8939.75,8919.75,8959.75,WIN,20.0,true,false,true,false,false,2.069,5.96
VWAP_EMA20_ALIGN,2020-04-30,2020,2020-04,SHORT,2020-04-30 09:54:00,2020-04-30 09:59:00,2020-04-30 10:01:00,9009.0,8945.5,63.5,8945.5,8965.5,8925.5,WIN,20.0,false,true,false,true,false,1.13,8.16
VWAP_EMA20_ALIGN,2020-05-01,2020,2020-05,SHORT,2020-05-01 09:06:00,2020-05-01 09:16:00,2020-05-01 09:24:00,8846.75,8806.75,40.0,8806.75,8826.75,8786.75,WIN,20.0,false,true,false,true,false,1.225,8.93
VWAP_EMA20_ALIGN,2020-05-04,2020,2020-05,LONG,2020-05-04 09:07:00,2020-05-04 09:10:00,2020-05-04 09:40:00,8757.75,8725.25,32.5,8757.75,8737.75,8777.75,WIN,20.0,true,false,true,false,false,1.266,8.8
VWAP_EMA20_ALIGN,2020-05-05,2020,2020-05,LONG,2020-05-05 09:00:00,2020-05-05 09:03:00,2020-05-05 09:59:00,8965.0,8939.75,25.25,8965.0,8945.0,8985.0,WIN,20.0,true,false,true,false,false,1.016,5.79
VWAP_EMA20_ALIGN,2020-05-07,2020,2020-05,LONG,2020-05-07 09:19:00,2020-05-07 09:33:00,2020-05-07 09:44:00,9077.0,9030.25,46.75,9077.0,9057.0,9097.0,WIN,20.0,true,false,true,false,false,1.578,5.27
VWAP_EMA20_ALIGN,2020-05-08,2020,2020-05,LONG,2020-05-08 09:42:00,2020-05-08 09:43:00,2020-05-08 10:41:00,9194.75,9162.25,32.5,9194.75,9174.75,9214.75,WIN,20.0,true,false,true,false,false,2.594,4.29
VWAP_EMA20_ALIGN,2020-05-11,2020,2020-05,LONG,2020-05-11 09:23:00,2020-05-11 09:26:00,2020-05-11 10:21:00,9254.25,9213.75,40.5,9254.25,9234.25,9274.25,WIN,20.0,true,false,true,false,false,2.279,6.14
VWAP_EMA20_ALIGN,2020-05-12,2020,2020-05,LONG,2020-05-12 09:05:00,2020-05-12 09:06:00,2020-05-12 09:45:00,9318.5,9275.0,43.5,9318.5,9298.5,9338.5,LOSS,-20.0,true,false,true,false,false,1.029,6.59
VWAP_EMA20_ALIGN,2020-05-13,2020,2020-05,SHORT,2020-05-13 09:00:00,2020-05-13 09:05:00,2020-05-13 09:14:00,9202.75,9108.25,94.5,9108.25,9128.25,9088.25,LOSS,-20.0,false,true,false,true,false,1.397,10.64
VWAP_EMA20_ALIGN,2020-05-14,2020,2020-05,LONG,2020-05-14 09:06:00,2020-05-14 09:22:00,2020-05-14 09:35:00,8930.25,8847.0,83.25,8930.25,8910.25,8950.25,WIN,20.0,true,false,true,false,false,1.405,13.12
VWAP_EMA20_ALIGN,2020-05-15,2020,2020-05,SHORT,2020-05-15 09:00:00,2020-05-15 09:02:00,2020-05-15 09:04:00,9031.5,8966.75,64.75,8966.75,8986.75,8946.75,WIN,20.0,false,true,false,true,true,1.6,10.43
VWAP_EMA20_ALIGN,2020-05-18,2020,2020-05,LONG,2020-05-18 09:00:00,2020-05-18 09:05:00,2020-05-18 10:41:00,9332.25,9288.75,43.5,9332.25,9312.25,9352.25,LOSS,-20.0,true,false,true,false,false,1.226,6.52
VWAP_EMA20_ALIGN,2020-05-19,2020,2020-05,LONG,2020-05-19 09:15:00,2020-05-19 09:18:00,2020-05-19 09:44:00,9397.25,9361.5,35.75,9397.25,9377.25,9417.25,LOSS,-20.0,true,false,true,false,true,2.538,7.39
VWAP_EMA20_ALIGN,2020-05-20,2020,2020-05,LONG,2020-05-20 09:07:00,2020-05-20 09:14:00,2020-05-20 09:28:00,9468.75,9445.0,23.75,9468.75,9448.75,9488.75,WIN,20.0,true,false,true,false,false,0.654,5.57
VWAP_EMA20_ALIGN,2020-05-21,2020,2020-05,SHORT,2020-05-21 09:06:00,2020-05-21 09:07:00,2020-05-21 09:17:00,9447.0,9388.5,58.5,9388.5,9408.5,9368.5,WIN,20.0,false,true,false,true,false,1.245,10.73
VWAP_EMA20_ALIGN,2020-05-22,2020,2020-05,LONG,2020-05-22 10:36:00,2020-05-22 10:38:00,2020-05-22 11:22:00,9381.5,9345.5,36.0,9381.5,9361.5,9401.5,WIN,20.0,true,false,true,false,false,1.428,3.3
VWAP_EMA20_ALIGN,2020-05-26,2020,2020-05,SHORT,2020-05-26 09:17:00,2020-05-26 09:25:00,2020-05-26 09:26:00,9526.0,9478.25,47.75,9478.25,9498.25,9458.25,WIN,20.0,false,true,false,true,false,2.044,7.89
VWAP_EMA20_ALIGN,2020-05-28,2020,2020-05,LONG,2020-05-28 09:01:00,2020-05-28 09:06:00,2020-05-28 09:09:00,9498.5,9458.0,40.5,9498.5,9478.5,9518.5,LOSS,-20.0,true,false,true,false,false,1.445,6.8
VWAP_EMA20_ALIGN,2020-05-29,2020,2020-05,SHORT,2020-05-29 09:03:00,2020-05-29 09:04:00,2020-05-29 09:08:00,9433.0,9384.0,49.0,9384.0,9404.0,9364.0,LOSS,-20.0,false,true,false,true,false,3.022,12.34
VWAP_EMA20_ALIGN,2020-06-01,2020,2020-06,SHORT,2020-06-01 09:20:00,2020-06-01 09:21:00,2020-06-01 10:05:00,9579.25,9548.5,30.75,9548.5,9568.5,9528.5,LOSS,-20.0,false,true,false,true,false,1.338,6.82
VWAP_EMA20_ALIGN,2020-06-02,2020,2020-06,SHORT,2020-06-02 09:02:00,2020-06-02 09:03:00,2020-06-02 09:08:00,9609.75,9535.25,74.5,9535.25,9555.25,9515.25,WIN,20.0,false,true,false,true,true,1.45,8.62
VWAP_EMA20_ALIGN,2020-06-03,2020,2020-06,SHORT,2020-06-03 09:47:00,2020-06-03 10:07:00,2020-06-03 10:11:00,9694.75,9667.0,27.75,9667.0,9687.0,9647.0,WIN,20.0,false,true,false,true,false,1.973,5.71
VWAP_EMA20_ALIGN,2020-06-05,2020,2020-06,LONG,2020-06-05 09:01:00,2020-06-05 09:03:00,2020-06-05 09:24:00,9786.25,9751.5,34.75,9786.25,9766.25,9806.25,WIN,20.0,true,false,true,false,false,1.635,7.2
VWAP_EMA20_ALIGN,2020-06-08,2020,2020-06,LONG,2020-06-08 09:01:00,2020-06-08 09:12:00,2020-06-08 11:12:00,9810.75,9774.75,36.0,9810.75,9790.75,9830.75,TIME_EXIT,10.0,true,false,true,false,false,1.244,4.91
VWAP_EMA20_ALIGN,2020-06-09,2020,2020-06,LONG,2020-06-09 09:00:00,2020-06-09 09:04:00,2020-06-09 09:15:00,9966.5,9902.0,64.5,9966.5,9946.5,9986.5,LOSS,-20.0,true,false,true,false,false,1.171,6.68
VWAP_EMA20_ALIGN,2020-06-10,2020,2020-06,LONG,2020-06-10 09:26:00,2020-06-10 09:39:00,2020-06-10 09:48:00,10067.75,10017.75,50.0,10067.75,10047.75,10087.75,LOSS,-20.0,true,false,true,false,false,0.962,6.62
VWAP_EMA20_ALIGN,2020-06-11,2020,2020-06,SHORT,2020-06-11 09:00:00,2020-06-11 09:02:00,2020-06-11 09:18:00,9981.0,9888.0,93.0,9888.0,9908.0,9868.0,LOSS,-20.0,false,true,false,true,true,1.275,9.93
VWAP_EMA20_ALIGN,2020-06-15,2020,2020-06,LONG,2020-06-15 09:03:00,2020-06-15 09:04:00,2020-06-15 09:16:00,9612.5,9544.25,68.25,9612.5,9592.5,9632.5,LOSS,-20.0,true,false,true,false,false,1.069,14.32
VWAP_EMA20_ALIGN,2020-06-17,2020,2020-06,LONG,2020-06-17 09:59:00,2020-06-17 10:00:00,2020-06-17 10:33:00,10005.75,9941.75,64.0,10005.75,9985.75,10025.75,WIN,20.0,true,false,true,false,false,0.985,5.86
VWAP_EMA20_ALIGN,2020-06-18,2020,2020-06,LONG,2020-06-18 09:00:00,2020-06-18 09:09:00,2020-06-18 09:37:00,9995.75,9924.25,71.5,9995.75,9975.75,10015.75,LOSS,-20.0,true,false,true,false,false,1.249,8.88
VWAP_EMA20_ALIGN,2020-06-19,2020,2020-06,SHORT,2020-06-19 09:20:00,2020-06-19 09:37:00,2020-06-19 10:00:00,10101.75,10065.5,36.25,10065.5,10085.5,10045.5,WIN,20.0,false,true,false,true,false,2.861,6.16
VWAP_EMA20_ALIGN,2020-06-22,2020,2020-06,LONG,2020-06-22 09:38:00,2020-06-22 09:41:00,2020-06-22 10:04:00,10057.25,10021.5,35.75,10057.25,10037.25,10077.25,WIN,20.0,true,false,true,false,false,2.532,4.66
VWAP_EMA20_ALIGN,2020-06-23,2020,2020-06,LONG,2020-06-23 09:08:00,2020-06-23 09:09:00,2020-06-23 09:23:00,10231.25,10196.0,35.25,10231.25,10211.25,10251.25,WIN,20.0,true,false,true,false,false,0.951,6.5
VWAP_EMA20_ALIGN,2020-06-24,2020,2020-06,SHORT,2020-06-24 09:02:00,2020-06-24 09:08:00,2020-06-24 09:10:00,10125.0,10055.75,69.25,10055.75,10075.75,10035.75,WIN,20.0,false,true,false,true,true,1.366,13.14
VWAP_EMA20_ALIGN,2020-06-25,2020,2020-06,SHORT,2020-06-25 09:01:00,2020-06-25 09:02:00,2020-06-25 09:06:00,10013.0,9972.0,41.0,9972.0,9992.0,9952.0,WIN,20.0,false,true,false,true,true,1.527,14.34
VWAP_EMA20_ALIGN,2020-06-29,2020,2020-06,LONG,2020-06-29 09:28:00,2020-06-29 09:29:00,2020-06-29 10:00:00,9889.5,9836.0,53.5,9889.5,9869.5,9909.5,WIN,20.0,true,false,true,false,false,1.723,9.73
VWAP_EMA20_ALIGN,2020-07-01,2020,2020-07,LONG,2020-07-01 09:07:00,2020-07-01 09:08:00,2020-07-01 09:29:00,10224.25,10193.75,30.5,10224.25,10204.25,10244.25,LOSS,-20.0,true,false,true,false,false,1.209,6.29
VWAP_EMA20_ALIGN,2020-07-02,2020,2020-07,SHORT,2020-07-02 09:02:00,2020-07-02 09:03:00,2020-07-02 09:15:00,10404.75,10357.75,47.0,10357.75,10377.75,10337.75,WIN,20.0,false,true,false,true,true,1.6,11.48
VWAP_EMA20_ALIGN,2020-07-06,2020,2020-07,LONG,2020-07-06 09:00:00,2020-07-06 09:02:00,2020-07-06 09:11:00,10574.75,10526.0,48.75,10574.75,10554.75,10594.75,WIN,20.0,true,false,true,false,false,1.331,4.93
VWAP_EMA20_ALIGN,2020-07-07,2020,2020-07,LONG,2020-07-07 09:05:00,2020-07-07 09:06:00,2020-07-07 09:21:00,10673.0,10633.0,40.0,10673.0,10653.0,10693.0,WIN,20.0,true,false,true,false,false,1.756,6.2
VWAP_EMA20_ALIGN,2020-07-08,2020,2020-07,SHORT,2020-07-08 09:07:00,2020-07-08 09:14:00,2020-07-08 09:16:00,10632.75,10599.75,33.0,10599.75,10619.75,10579.75,WIN,20.0,false,true,false,true,true,2.719,10.07
VWAP_EMA20_ALIGN,2020-07-10,2020,2020-07,LONG,2020-07-10 09:26:00,2020-07-10 09:39:00,2020-07-10 10:40:00,10733.25,10696.0,37.25,10733.25,10713.25,10753.25,LOSS,-20.0,true,false,true,false,false,1.14,5.98
VWAP_EMA20_ALIGN,2020-07-13,2020,2020-07,LONG,2020-07-13 09:01:00,2020-07-13 09:02:00,2020-07-13 09:18:00,11029.5,10975.5,54.0,11029.5,11009.5,11049.5,WIN,20.0,true,false,true,false,false,1.451,9.5
VWAP_EMA20_ALIGN,2020-07-14,2020,2020-07,LONG,2020-07-14 09:33:00,2020-07-14 09:34:00,2020-07-14 09:42:00,10570.75,10463.5,107.25,10570.75,10550.75,10590.75,WIN,20.0,true,false,true,false,true,1.664,17.62
VWAP_EMA20_ALIGN,2020-07-15,2020,2020-07,SHORT,2020-07-15 09:00:00,2020-07-15 09:02:00,2020-07-15 09:03:00,10758.75,10701.0,57.75,10701.0,10721.0,10681.0,WIN,20.0,false,true,false,true,false,1.64,11.3
VWAP_EMA20_ALIGN,2020-07-16,2020,2020-07,SHORT,2020-07-16 09:00:00,2020-07-16 09:01:00,2020-07-16 09:09:00,10568.5,10501.5,67.0,10501.5,10521.5,10481.5,WIN,20.0,false,true,false,true,false,1.624,12.23
VWAP_EMA20_ALIGN,2020-07-17,2020,2020-07,LONG,2020-07-17 09:02:00,2020-07-17 09:03:00,2020-07-17 09:09:00,10595.5,10540.5,55.0,10595.5,10575.5,10615.5,WIN,20.0,true,false,true,false,false,1.609,7.34
VWAP_EMA20_ALIGN,2020-07-20,2020,2020-07,LONG,2020-07-20 09:16:00,2020-07-20 09:17:00,2020-07-20 09:37:00,10776.25,10746.25,30.0,10776.25,10756.25,10796.25,WIN,20.0,true,false,true,false,true,2.707,7.25
VWAP_EMA20_ALIGN,2020-07-21,2020,2020-07,SHORT,2020-07-21 09:45:00,2020-07-21 09:48:00,2020-07-21 09:52:00,10915.75,10861.25,54.5,10861.25,10881.25,10841.25,WIN,20.0,false,true,false,true,false,1.116,9.84
VWAP_EMA20_ALIGN,2020-07-22,2020,2020-07,SHORT,2020-07-22 09:13:00,2020-07-22 09:16:00,2020-07-22 09:25:00,10860.75,10785.25,75.5,10785.25,10805.25,10765.25,LOSS,-20.0,false,true,false,true,true,2.811,11.14
VWAP_EMA20_ALIGN,2020-07-23,2020,2020-07,SHORT,2020-07-23 09:00:00,2020-07-23 09:04:00,2020-07-23 09:05:00,10846.0,10806.5,39.5,10806.5,10826.5,10786.5,WIN,20.0,false,true,false,true,false,1.226,9.73
VWAP_EMA20_ALIGN,2020-07-24,2020,2020-07,LONG,2020-07-24 09:00:00,2020-07-24 09:24:00,2020-07-24 09:26:00,10503.75,10392.25,111.5,10503.75,10483.75,10523.75,WIN,20.0,true,false,true,false,false,1.638,13.93
VWAP_EMA20_ALIGN,2020-07-27,2020,2020-07,SHORT,2020-07-27 09:14:00,2020-07-27 09:19:00,2020-07-27 09:22:00,10618.0,10578.75,39.25,10578.75,10598.75,10558.75,WIN,20.0,false,true,false,true,true,2.534,9.82
VWAP_EMA20_ALIGN,2020-07-28,2020,2020-07,LONG,2020-07-28 09:32:00,2020-07-28 09:33:00,2020-07-28 09:41:00,10631.25,10585.75,45.5,10631.25,10611.25,10651.25,WIN,20.0,true,false,true,false,false,1.219,8.39
VWAP_EMA20_ALIGN,2020-07-29,2020,2020-07,SHORT,2020-07-29 10:08:00,2020-07-29 10:22:00,2020-07-29 11:30:00,10645.25,10616.0,29.25,10616.0,10636.0,10596.0,TIME_EXIT,-8.75,false,true,false,true,false,3.83,6.52
VWAP_EMA20_ALIGN,2020-07-30,2020,2020-07,LONG,2020-07-30 09:02:00,2020-07-30 09:03:00,2020-07-30 09:21:00,10599.0,10550.0,49.0,10599.0,10579.0,10619.0,WIN,20.0,true,false,true,false,false,1.583,11.16
VWAP_EMA20_ALIGN,2020-07-31,2020,2020-07,SHORT,2020-07-31 10:34:00,2020-07-31 10:44:00,2020-07-31 10:47:00,10782.75,10735.5,47.25,10735.5,10755.5,10715.5,WIN,20.0,false,true,false,true,false,1.108,10.45
VWAP_EMA20_ALIGN,2020-08-03,2020,2020-08,LONG,2020-08-03 09:10:00,2020-08-03 09:13:00,2020-08-03 11:13:00,11038.25,10991.25,47.0,11038.25,11018.25,11058.25,TIME_EXIT,16.25,true,false,true,false,false,1.56,7.8
VWAP_EMA20_ALIGN,2020-08-04,2020,2020-08,SHORT,2020-08-04 09:01:00,2020-08-04 09:02:00,2020-08-04 09:23:00,11071.25,11047.0,24.25,11047.0,11067.0,11027.0,WIN,20.0,false,true,false,true,true,1.897,7.0
VWAP_EMA20_ALIGN,2020-08-05,2020,2020-08,LONG,2020-08-05 09:03:00,2020-08-05 09:04:00,2020-08-05 09:27:00,11119.25,11088.0,31.25,11119.25,11099.25,11139.25,LOSS,-20.0,true,false,true,false,false,1.356,7.43
VWAP_EMA20_ALIGN,2020-08-06,2020,2020-08,LONG,2020-08-06 10:05:00,2020-08-06 10:08:00,2020-08-06 10:24:00,11139.25,11081.0,58.25,11139.25,11119.25,11159.25,WIN,20.0,true,false,true,false,false,1.176,6.89
VWAP_EMA20_ALIGN,2020-08-07,2020,2020-08,SHORT,2020-08-07 09:16:00,2020-08-07 09:17:00,2020-08-07 09:28:00,11268.0,11226.5,41.5,11226.5,11246.5,11206.5,WIN,20.0,false,true,false,true,false,1.141,7.73
VWAP_EMA20_ALIGN,2020-08-11,2020,2020-08,LONG,2020-08-11 09:21:00,2020-08-11 09:51:00,2020-08-11 10:11:00,11022.75,10970.25,52.5,11022.75,11002.75,11042.75,WIN,20.0,true,false,true,false,false,0.912,8.2
VWAP_EMA20_ALIGN,2020-08-12,2020,2020-08,LONG,2020-08-12 09:19:00,2020-08-12 09:20:00,2020-08-12 09:58:00,11114.75,11077.75,37.0,11114.75,11094.75,11134.75,WIN,20.0,true,false,true,false,false,1.673,6.25
VWAP_EMA20_ALIGN,2020-08-13,2020,2020-08,LONG,2020-08-13 09:01:00,2020-08-13 09:02:00,2020-08-13 09:32:00,11249.0,11223.25,25.75,11249.0,11229.0,11269.0,LOSS,-20.0,true,false,true,false,false,1.194,6.95
VWAP_EMA20_ALIGN,2020-08-14,2020,2020-08,LONG,2020-08-14 09:34:00,2020-08-14 09:35:00,2020-08-14 09:53:00,11154.75,11096.0,58.75,11154.75,11134.75,11174.75,LOSS,-20.0,true,false,true,false,false,1.33,6.11
VWAP_EMA20_ALIGN,2020-08-18,2020,2020-08,LONG,2020-08-18 09:07:00,2020-08-18 09:08:00,2020-08-18 10:07:00,11343.5,11268.0,75.5,11343.5,11323.5,11363.5,WIN,20.0,true,false,true,false,false,1.17,7.3
VWAP_EMA20_ALIGN,2020-08-19,2020,2020-08,LONG,2020-08-19 09:00:00,2020-08-19 09:01:00,2020-08-19 09:14:00,11412.75,11388.25,24.5,11412.75,11392.75,11432.75,LOSS,-20.0,true,false,true,false,true,2.143,7.2
VWAP_EMA20_ALIGN,2020-08-20,2020,2020-08,LONG,2020-08-20 09:29:00,2020-08-20 09:35:00,2020-08-20 09:56:00,11399.5,11353.5,46.0,11399.5,11379.5,11419.5,WIN,20.0,true,false,true,false,false,1.208,6.14
VWAP_EMA20_ALIGN,2020-08-24,2020,2020-08,LONG,2020-08-24 10:02:00,2020-08-24 10:16:00,2020-08-24 10:26:00,11634.5,11528.25,106.25,11634.5,11614.5,11654.5,LOSS,-20.0,true,false,true,false,false,1.152,9.48
VWAP_EMA20_ALIGN,2020-08-25,2020,2020-08,LONG,2020-08-25 09:01:00,2020-08-25 09:02:00,2020-08-25 09:13:00,11649.25,11597.5,51.75,11649.25,11629.25,11669.25,WIN,20.0,true,false,true,false,false,1.619,8.7
VWAP_EMA20_ALIGN,2020-08-26,2020,2020-08,LONG,2020-08-26 09:00:00,2020-08-26 09:01:00,2020-08-26 09:30:00,11843.0,11805.25,37.75,11843.0,11823.0,11863.0,WIN,20.0,true,false,true,false,false,1.365,5.29
VWAP_EMA20_ALIGN,2020-08-27,2020,2020-08,LONG,2020-08-27 09:01:00,2020-08-27 09:11:00,2020-08-27 09:17:00,12012.5,11965.0,47.5,12012.5,11992.5,12032.5,LOSS,-20.0,true,false,true,false,false,1.25,10.55
VWAP_EMA20_ALIGN,2020-08-28,2020,2020-08,SHORT,2020-08-28 11:12:00,2020-08-28 11:13:00,2020-08-28 11:30:00,12010.0,11948.25,61.75,11948.25,11968.25,11928.25,TIME_EXIT,12.25,false,true,false,true,false,1.847,6.54
VWAP_EMA20_ALIGN,2020-08-31,2020,2020-08,LONG,2020-08-31 09:00:00,2020-08-31 09:03:00,2020-08-31 09:20:00,12089.75,12048.5,41.25,12089.75,12069.75,12109.75,LOSS,-20.0,true,false,true,false,false,1.772,5.82
VWAP_EMA20_ALIGN,2020-09-02,2020,2020-09,SHORT,2020-09-02 09:08:00,2020-09-02 09:10:00,2020-09-02 09:16:00,12354.5,12282.5,72.0,12282.5,12302.5,12262.5,WIN,20.0,false,true,false,true,true,1.877,13.55
VWAP_EMA20_ALIGN,2020-09-07,2020,2020-09,LONG,2020-09-07 09:01:00,2020-09-07 09:02:00,2020-09-07 09:43:00,11509.25,11477.75,31.5,11509.25,11489.25,11529.25,LOSS,-20.0,true,false,true,false,false,1.257,7.3
VWAP_EMA20_ALIGN,2020-09-09,2020,2020-09,LONG,2020-09-09 09:00:00,2020-09-09 09:01:00,2020-09-09 09:03:00,11383.5,11329.5,54.0,11383.5,11363.5,11403.5,WIN,20.0,true,false,true,false,false,2.217,15.88
VWAP_EMA20_ALIGN,2020-09-11,2020,2020-09,SHORT,2020-09-11 09:31:00,2020-09-11 09:32:00,2020-09-11 09:33:00,11258.5,11141.5,117.0,11141.5,11161.5,11121.5,WIN,20.0,false,true,false,true,false,0.748,20.77
VWAP_EMA20_ALIGN,2020-09-15,2020,2020-09,LONG,2020-09-15 09:05:00,2020-09-15 09:06:00,2020-09-15 09:32:00,11437.0,11367.75,69.25,11437.0,11417.0,11457.0,WIN,20.0,true,false,true,false,false,1.237,9.89
VWAP_EMA20_ALIGN,2020-09-16,2020,2020-09,SHORT,2020-09-16 11:11:00,2020-09-16 11:26:00,2020-09-16 11:30:00,11418.5,11336.25,82.25,11336.25,11356.25,11316.25,TIME_EXIT,3.75,false,true,false,true,false,2.447,8.54
VWAP_EMA20_ALIGN,2020-09-17,2020,2020-09,LONG,2020-09-17 09:06:00,2020-09-17 09:07:00,2020-09-17 09:14:00,11129.25,11010.0,119.25,11129.25,11109.25,11149.25,LOSS,-20.0,true,false,true,false,false,1.379,14.8
VWAP_EMA20_ALIGN,2020-09-18,2020,2020-09,SHORT,2020-09-18 09:00:00,2020-09-18 09:01:00,2020-09-18 09:06:00,11049.5,10944.5,105.0,10944.5,10964.5,10924.5,LOSS,-20.0,false,true,false,true,false,1.465,15.95
VWAP_EMA20_ALIGN,2020-09-22,2020,2020-09,SHORT,2020-09-22 09:02:00,2020-09-22 09:03:00,2020-09-22 09:07:00,11052.5,10943.25,109.25,10943.25,10963.25,10923.25,WIN,20.0,false,true,false,true,true,1.35,16.8
VWAP_EMA20_ALIGN,2020-09-23,2020,2020-09,SHORT,2020-09-23 09:29:00,2020-09-23 09:31:00,2020-09-23 09:36:00,11102.25,11040.75,61.5,11040.75,11060.75,11020.75,WIN,20.0,false,true,false,true,false,1.504,13.46
VWAP_EMA20_ALIGN,2020-09-25,2020,2020-09,LONG,2020-09-25 09:12:00,2020-09-25 09:13:00,2020-09-25 09:16:00,10987.75,10928.25,59.5,10987.75,10967.75,11007.75,WIN,20.0,true,false,true,false,false,2.394,15.04
VWAP_EMA20_ALIGN,2020-09-28,2020,2020-09,SHORT,2020-09-28 10:16:00,2020-09-28 10:17:00,2020-09-28 10:34:00,11316.5,11235.25,81.25,11235.25,11255.25,11215.25,LOSS,-20.0,false,true,false,true,true,2.334,8.93
VWAP_EMA20_ALIGN,2020-09-29,2020,2020-09,LONG,2020-09-29 09:26:00,2020-09-29 09:39:00,2020-09-29 09:42:00,11359.75,11289.5,70.25,11359.75,11339.75,11379.75,LOSS,-20.0,true,false,true,false,false,1.099,8.55
VWAP_EMA20_ALIGN,2020-09-30,2020,2020-09,LONG,2020-09-30 09:26:00,2020-09-30 09:27:00,2020-09-30 09:34:00,11475.0,11432.25,42.75,11475.0,11455.0,11495.0,LOSS,-20.0,true,false,true,false,false,1.785,7.09
VWAP_EMA20_ALIGN,2020-10-01,2020,2020-10,SHORT,2020-10-01 09:10:00,2020-10-01 09:12:00,2020-10-01 09:18:00,11543.0,11491.75,51.25,11491.75,11511.75,11471.75,LOSS,-20.0,false,true,false,true,false,1.94,16.09
VWAP_EMA20_ALIGN,2020-10-02,2020,2020-10,SHORT,2020-10-02 09:05:00,2020-10-02 09:26:00,2020-10-02 09:31:00,11465.25,11384.0,81.25,11384.0,11404.0,11364.0,WIN,20.0,false,true,false,true,false,2.446,14.16
VWAP_EMA20_ALIGN,2020-10-05,2020,2020-10,LONG,2020-10-05 09:20:00,2020-10-05 09:21:00,2020-10-05 09:40:00,11433.5,11405.25,28.25,11433.5,11413.5,11453.5,LOSS,-20.0,true,false,true,false,false,1.478,6.45
VWAP_EMA20_ALIGN,2020-10-06,2020,2020-10,SHORT,2020-10-06 09:08:00,2020-10-06 09:09:00,2020-10-06 09:17:00,11497.75,11433.75,64.0,11433.75,11453.75,11413.75,WIN,20.0,false,true,false,true,false,1.134,9.66
VWAP_EMA20_ALIGN,2020-10-07,2020,2020-10,LONG,2020-10-07 09:00:00,2020-10-07 09:04:00,2020-10-07 09:41:00,11421.5,11363.0,58.5,11421.5,11401.5,11441.5,WIN,20.0,true,false,true,false,false,1.293,8.75
VWAP_EMA20_ALIGN,2020-10-08,2020,2020-10,LONG,2020-10-08 09:05:00,2020-10-08 09:06:00,2020-10-08 09:32:00,11534.5,11501.0,33.5,11534.5,11514.5,11554.5,LOSS,-20.0,true,false,true,false,false,1.491,8.75
VWAP_EMA20_ALIGN,2020-10-09,2020,2020-10,LONG,2020-10-09 09:03:00,2020-10-09 09:04:00,2020-10-09 09:44:00,11659.75,11629.5,30.25,11659.75,11639.75,11679.75,WIN,20.0,true,false,true,false,false,1.681,4.79
VWAP_EMA20_ALIGN,2020-10-12,2020,2020-10,LONG,2020-10-12 09:00:00,2020-10-12 09:01:00,2020-10-12 09:08:00,11971.5,11904.75,66.75,11971.5,11951.5,11991.5,WIN,20.0,true,false,true,false,false,1.29,6.93
VWAP_EMA20_ALIGN,2020-10-13,2020,2020-10,LONG,2020-10-13 09:00:00,2020-10-13 09:08:00,2020-10-13 09:19:00,12126.0,12055.5,70.5,12126.0,12106.0,12146.0,WIN,20.0,true,false,true,false,false,0.905,11.52
VWAP_EMA20_ALIGN,2020-10-14,2020,2020-10,SHORT,2020-10-14 09:45:00,2020-10-14 09:46:00,2020-10-14 09:47:00,12093.5,12027.25,66.25,12027.25,12047.25,12007.25,WIN,20.0,false,true,false,true,true,2.662,10.71
VWAP_EMA20_ALIGN,2020-10-15,2020,2020-10,LONG,2020-10-15 09:14:00,2020-10-15 09:29:00,2020-10-15 09:33:00,11811.25,11746.75,64.5,11811.25,11791.25,11831.25,WIN,20.0,true,false,true,false,false,0.589,11.41
VWAP_EMA20_ALIGN,2020-10-19,2020,2020-10,SHORT,2020-10-19 10:21:00,2020-10-19 10:25:00,2020-10-19 10:30:00,11867.25,11755.0,112.25,11755.0,11775.0,11735.0,LOSS,-20.0,false,true,false,true,true,2.142,14.18
VWAP_EMA20_ALIGN,2020-10-20,2020,2020-10,SHORT,2020-10-20 09:00:00,2020-10-20 09:09:00,2020-10-20 09:16:00,11708.0,11636.0,72.0,11636.0,11656.0,11616.0,LOSS,-20.0,false,true,false,true,true,2.27,14.16
VWAP_EMA20_ALIGN,2020-10-21,2020,2020-10,SHORT,2020-10-21 09:04:00,2020-10-21 09:09:00,2020-10-21 09:10:00,11752.5,11692.0,60.5,11692.0,11712.0,11672.0,WIN,20.0,false,true,false,true,false,1.259,12.04
VWAP_EMA20_ALIGN,2020-10-23,2020,2020-10,LONG,2020-10-23 09:11:00,2020-10-23 09:12:00,2020-10-23 09:20:00,11628.0,11571.75,56.25,11628.0,11608.0,11648.0,LOSS,-20.0,true,false,true,false,false,0.864,10.36
VWAP_EMA20_ALIGN,2020-10-27,2020,2020-10,LONG,2020-10-27 09:12:00,2020-10-27 09:18:00,2020-10-27 09:28:00,11574.5,11494.25,80.25,11574.5,11554.5,11594.5,LOSS,-20.0,true,false,true,false,true,1.885,10.96
VWAP_EMA20_ALIGN,2020-10-28,2020,2020-10,SHORT,2020-10-28 09:31:00,2020-10-28 09:32:00,2020-10-28 09:41:00,11267.25,11202.25,65.0,11202.25,11222.25,11182.25,LOSS,-20.0,false,true,false,true,false,1.644,12.11
VWAP_EMA20_ALIGN,2020-10-29,2020,2020-10,LONG,2020-10-29 09:14:00,2020-10-29 09:15:00,2020-10-29 09:21:00,11307.25,11260.0,47.25,11307.25,11287.25,11327.25,WIN,20.0,true,false,true,false,false,1.373,11.2
VWAP_EMA20_ALIGN,2020-10-30,2020,2020-10,SHORT,2020-10-30 09:38:00,2020-10-30 09:40:00,2020-10-30 09:44:00,11080.0,10988.25,91.75,10988.25,11008.25,10968.25,LOSS,-20.0,false,true,false,true,false,1.88,15.2
VWAP_EMA20_ALIGN,2020-11-02,2020,2020-11,SHORT,2020-11-02 09:43:00,2020-11-02 10:12:00,2020-11-02 10:16:00,11212.0,11108.5,103.5,11108.5,11128.5,11088.5,WIN,20.0,false,true,false,true,false,0.792,11.43
VWAP_EMA20_ALIGN,2020-11-03,2020,2020-11,LONG,2020-11-03 09:00:00,2020-11-03 09:01:00,2020-11-03 09:03:00,11200.75,11101.25,99.5,11200.75,11180.75,11220.75,WIN,20.0,true,false,true,false,false,1.343,10.61
VWAP_EMA20_ALIGN,2020-11-05,2020,2020-11,LONG,2020-11-05 09:01:00,2020-11-05 09:02:00,2020-11-05 09:10:00,12087.5,11972.75,114.75,12087.5,12067.5,12107.5,WIN,20.0,true,false,true,false,true,1.415,14.11
VWAP_EMA20_ALIGN,2020-11-12,2020,2020-11,LONG,2020-11-12 09:41:00,2020-11-12 09:42:00,2020-11-12 09:47:00,11964.25,11880.0,84.25,11964.25,11944.25,11984.25,LOSS,-20.0,true,false,true,false,false,2.132,10.68
VWAP_EMA20_ALIGN,2020-11-13,2020,2020-11,SHORT,2020-11-13 09:00:00,2020-11-13 09:02:00,2020-11-13 09:10:00,11923.75,11870.75,53.0,11870.75,11890.75,11850.75,WIN,20.0,false,true,false,true,false,1.733,13.43
VWAP_EMA20_ALIGN,2020-11-16,2020,2020-11,LONG,2020-11-16 09:22:00,2020-11-16 09:23:00,2020-11-16 09:32:00,11989.0,11887.75,101.25,11989.0,11969.0,12009.0,WIN,20.0,true,false,true,false,true,2.391,12.68
VWAP_EMA20_ALIGN,2020-11-18,2020,2020-11,LONG,2020-11-18 10:55:00,2020-11-18 10:56:00,2020-11-18 11:01:00,11988.5,11913.5,75.0,11988.5,11968.5,12008.5,WIN,20.0,true,false,true,false,false,1.095,6.23
VWAP_EMA20_ALIGN,2020-11-19,2020,2020-11,LONG,2020-11-19 09:38:00,2020-11-19 10:07:00,2020-11-19 10:26:00,11924.0,11841.75,82.25,11924.0,11904.0,11944.0,WIN,20.0,true,false,true,false,true,2.054,9.89
VWAP_EMA20_ALIGN,2020-11-20,2020,2020-11,LONG,2020-11-20 09:22:00,2020-11-20 09:23:00,2020-11-20 09:51:00,11984.25,11946.0,38.25,11984.25,11964.25,12004.25,WIN,20.0,true,false,true,false,false,1.831,7.68
VWAP_EMA20_ALIGN,2020-11-23,2020,2020-11,SHORT,2020-11-23 09:06:00,2020-11-23 09:07:00,2020-11-23 09:09:00,12001.75,11945.5,56.25,11945.5,11965.5,11925.5,WIN,20.0,false,true,false,true,true,2.197,9.05
VWAP_EMA20_ALIGN,2020-11-25,2020,2020-11,SHORT,2020-11-25 09:04:00,2020-11-25 09:05:00,2020-11-25 09:07:00,12145.25,12099.25,46.0,12099.25,12119.25,12079.25,WIN,20.0,false,true,false,true,true,1.487,10.86
VWAP_EMA20_ALIGN,2020-11-26,2020,2020-11,SHORT,2020-11-26 09:13:00,2020-11-26 09:19:00,2020-11-26 11:18:00,12214.5,12188.5,26.0,12188.5,12208.5,12168.5,WIN,20.0,false,true,false,true,false,2.872,1.88
VWAP_EMA20_ALIGN,2020-11-27,2020,2020-11,LONG,2020-11-27 09:00:00,2020-11-27 09:10:00,2020-11-27 09:18:00,12254.5,12214.5,40.0,12254.5,12234.5,12274.5,WIN,20.0,true,false,true,false,false,1.512,8.12
VWAP_EMA20_ALIGN,2020-11-30,2020,2020-11,SHORT,2020-11-30 09:23:00,2020-11-30 09:28:00,2020-11-30 09:29:00,12300.0,12223.5,76.5,12223.5,12243.5,12203.5,WIN,20.0,false,true,false,true,false,1.277,11.64
VWAP_EMA20_ALIGN,2020-12-01,2020,2020-12,LONG,2020-12-01 09:00:00,2020-12-01 09:01:00,2020-12-01 09:03:00,12395.25,12334.25,61.0,12395.25,12375.25,12415.25,WIN,20.0,true,false,true,false,false,1.332,12.12
VWAP_EMA20_ALIGN,2020-12-02,2020,2020-12,LONG,2020-12-02 09:12:00,2020-12-02 09:13:00,2020-12-02 09:21:00,12397.75,12312.5,85.25,12397.75,12377.75,12417.75,WIN,20.0,true,false,true,false,false,1.49,10.95
VWAP_EMA20_ALIGN,2020-12-03,2020,2020-12,LONG,2020-12-03 09:03:00,2020-12-03 09:04:00,2020-12-03 09:09:00,12504.0,12463.5,40.5,12504.0,12484.0,12524.0,WIN,20.0,true,false,true,false,true,2.33,8.66
VWAP_EMA20_ALIGN,2020-12-04,2020,2020-12,LONG,2020-12-04 09:00:00,2020-12-04 09:05:00,2020-12-04 09:26:00,12509.25,12448.5,60.75,12509.25,12489.25,12529.25,LOSS,-20.0,true,false,true,false,false,1.093,6.34
VWAP_EMA20_ALIGN,2020-12-07,2020,2020-12,LONG,2020-12-07 09:00:00,2020-12-07 09:01:00,2020-12-07 10:09:00,12588.75,12525.75,63.0,12588.75,12568.75,12608.75,WIN,20.0,true,false,true,false,false,1.343,9.16
VWAP_EMA20_ALIGN,2020-12-08,2020,2020-12,SHORT,2020-12-08 09:18:00,2020-12-08 09:20:00,2020-12-08 09:22:00,12587.25,12524.0,63.25,12524.0,12544.0,12504.0,WIN,20.0,false,true,false,true,false,1.467,8.98
VWAP_EMA20_ALIGN,2020-12-09,2020,2020-12,SHORT,2020-12-09 09:11:00,2020-12-09 09:16:00,2020-12-09 09:20:00,12641.5,12587.75,53.75,12587.75,12607.75,12567.75,LOSS,-20.0,false,true,false,true,true,2.034,10.05
VWAP_EMA20_ALIGN,2020-12-11,2020,2020-12,LONG,2020-12-11 09:12:00,2020-12-11 09:13:00,2020-12-11 09:23:00,12355.5,12274.75,80.75,12355.5,12335.5,12375.5,LOSS,-20.0,true,false,true,false,false,1.281,12.32
VWAP_EMA20_ALIGN,2020-12-14,2020,2020-12,LONG,2020-12-14 09:00:00,2020-12-14 09:13:00,2020-12-14 09:23:00,12520.5,12421.25,99.25,12520.5,12500.5,12540.5,WIN,20.0,true,false,true,false,false,1.527,9.2
VWAP_EMA20_ALIGN,2020-12-15,2020,2020-12,SHORT,2020-12-15 09:38:00,2020-12-15 09:39:00,2020-12-15 10:00:00,12585.0,12542.0,43.0,12542.0,12562.0,12522.0,WIN,20.0,false,true,false,true,true,2.441,8.61
VWAP_EMA20_ALIGN,2020-12-16,2020,2020-12,LONG,2020-12-16 09:34:00,2020-12-16 09:36:00,2020-12-16 10:35:00,12625.25,12572.0,53.25,12625.25,12605.25,12645.25,WIN,20.0,true,false,true,false,false,0.973,7.46
VWAP_EMA20_ALIGN,2020-12-17,2020,2020-12,SHORT,2020-12-17 09:03:00,2020-12-17 09:04:00,2020-12-17 09:16:00,12762.5,12728.25,34.25,12728.25,12748.25,12708.25,WIN,20.0,false,true,false,true,false,1.765,7.59
VWAP_EMA20_ALIGN,2020-12-18,2020,2020-12,SHORT,2020-12-18 09:00:00,2020-12-18 09:02:00,2020-12-18 09:04:00,12787.75,12714.0,73.75,12714.0,12734.0,12694.0,WIN,20.0,false,true,false,true,true,1.297,9.93
VWAP_EMA20_ALIGN,2020-12-22,2020,2020-12,SHORT,2020-12-22 10:01:00,2020-12-22 10:02:00,2020-12-22 10:19:00,12754.25,12678.5,75.75,12678.5,12698.5,12658.5,LOSS,-20.0,false,true,false,true,true,1.619,10.25
VWAP_EMA20_ALIGN,2020-12-24,2020,2020-12,LONG,2020-12-24 09:25:00,2020-12-24 09:26:00,2020-12-24 09:56:00,12717.5,12656.0,61.5,12717.5,12697.5,12737.5,LOSS,-20.0,true,false,true,false,false,1.807,5.96
VWAP_EMA20_ALIGN,2020-12-28,2020,2020-12,SHORT,2020-12-28 09:05:00,2020-12-28 09:06:00,2020-12-28 09:08:00,12820.0,12782.75,37.25,12782.75,12802.75,12762.75,WIN,20.0,false,true,false,true,false,1.093,8.27
VWAP_EMA20_ALIGN,2020-12-29,2020,2020-12,SHORT,2020-12-29 09:01:00,2020-12-29 09:11:00,2020-12-29 09:12:00,12918.25,12848.25,70.0,12848.25,12868.25,12828.25,WIN,20.0,false,true,false,true,true,1.439,11.79
VWAP_EMA20_ALIGN,2020-12-30,2020,2020-12,SHORT,2020-12-30 09:08:00,2020-12-30 09:12:00,2020-12-30 09:38:00,12909.75,12849.75,60.0,12849.75,12869.75,12829.75,WIN,20.0,false,true,false,true,false,1.979,9.57
VWAP_EMA20_ALIGN,2021-01-04,2021,2021-01,SHORT,2021-01-04 09:11:00,2021-01-04 09:12:00,2021-01-04 09:21:00,12941.25,12858.25,83.0,12858.25,12878.25,12838.25,LOSS,-20.0,false,true,false,true,false,1.873,11.34
VWAP_EMA20_ALIGN,2021-01-05,2021,2021-01,LONG,2021-01-05 09:00:00,2021-01-05 09:04:00,2021-01-05 09:18:00,12768.75,12650.25,118.5,12768.75,12748.75,12788.75,LOSS,-20.0,true,false,true,false,false,1.598,11.02
VWAP_EMA20_ALIGN,2021-01-06,2021,2021-01,LONG,2021-01-06 09:10:00,2021-01-06 09:12:00,2021-01-06 09:19:00,12668.0,12551.25,116.75,12668.0,12648.0,12688.0,WIN,20.0,true,false,true,false,true,1.75,16.12
VWAP_EMA20_ALIGN,2021-01-07,2021,2021-01,LONG,2021-01-07 09:00:00,2021-01-07 09:01:00,2021-01-07 09:03:00,12839.75,12726.0,113.75,12839.75,12819.75,12859.75,WIN,20.0,true,false,true,false,false,1.326,11.05
VWAP_EMA20_ALIGN,2021-01-08,2021,2021-01,SHORT,2021-01-08 09:26:00,2021-01-08 09:27:00,2021-01-08 09:28:00,13052.0,12985.75,66.25,12985.75,13005.75,12965.75,WIN,20.0,false,true,false,true,true,2.362,13.52
VWAP_EMA20_ALIGN,2021-01-11,2021,2021-01,LONG,2021-01-11 09:17:00,2021-01-11 09:18:00,2021-01-11 09:28:00,12974.75,12892.25,82.5,12974.75,12954.75,12994.75,WIN,20.0,true,false,true,false,false,1.148,11.84
VWAP_EMA20_ALIGN,2021-01-12,2021,2021-01,SHORT,2021-01-12 11:04:00,2021-01-12 11:05:00,2021-01-12 11:06:00,12948.0,12843.0,105.0,12843.0,12863.0,12823.0,WIN,20.0,false,true,false,true,true,2.923,9.34
VWAP_EMA20_ALIGN,2021-01-13,2021,2021-01,LONG,2021-01-13 09:34:00,2021-01-13 09:35:00,2021-01-13 09:40:00,12945.5,12864.5,81.0,12945.5,12925.5,12965.5,WIN,20.0,true,false,true,false,false,1.284,7.7
VWAP_EMA20_ALIGN,2021-01-14,2021,2021-01,LONG,2021-01-14 09:41:00,2021-01-14 09:45:00,2021-01-14 10:20:00,13015.0,12968.75,46.25,13015.0,12995.0,13035.0,LOSS,-20.0,true,false,true,false,true,2.429,7.52
VWAP_EMA20_ALIGN,2021-01-18,2021,2021-01,LONG,2021-01-18 11:02:00,2021-01-18 11:06:00,2021-01-18 11:30:00,12814.0,12784.25,29.75,12814.0,12794.0,12834.0,TIME_EXIT,-8.0,true,false,true,false,true,2.764,2.07
VWAP_EMA20_ALIGN,2021-01-19,2021,2021-01,SHORT,2021-01-19 10:15:00,2021-01-19 10:18:00,2021-01-19 10:40:00,12930.25,12860.5,69.75,12860.5,12880.5,12840.5,LOSS,-20.0,false,true,false,true,false,1.471,8.91
VWAP_EMA20_ALIGN,2021-01-20,2021,2021-01,LONG,2021-01-20 09:07:00,2021-01-20 09:08:00,2021-01-20 09:10:00,13195.0,13121.0,74.0,13195.0,13175.0,13215.0,WIN,20.0,true,false,true,false,false,1.317,11.68
VWAP_EMA20_ALIGN,2021-01-21,2021,2021-01,LONG,2021-01-21 09:10:00,2021-01-21 09:11:00,2021-01-21 09:12:00,13343.75,13283.25,60.5,13343.75,13323.75,13363.75,WIN,20.0,true,false,true,false,false,1.49,11.27
VWAP_EMA20_ALIGN,2021-01-25,2021,2021-01,SHORT,2021-01-25 09:36:00,2021-01-25 09:44:00,2021-01-25 09:48:00,13554.5,13496.0,58.5,13496.0,13516.0,13476.0,WIN,20.0,false,true,false,true,false,1.957,9.41
VWAP_EMA20_ALIGN,2021-01-26,2021,2021-01,LONG,2021-01-26 09:48:00,2021-01-26 09:49:00,2021-01-26 10:06:00,13509.25,13426.75,82.5,13509.25,13489.25,13529.25,WIN,20.0,true,false,true,false,false,1.994,9.68
VWAP_EMA20_ALIGN,2021-02-02,2021,2021-02,LONG,2021-02-02 09:18:00,2021-02-02 09:19:00,2021-02-02 09:28:00,13423.25,13345.0,78.25,13423.25,13403.25,13443.25,LOSS,-20.0,true,false,true,false,false,1.788,13.55
VWAP_EMA20_ALIGN,2021-02-03,2021,2021-02,SHORT,2021-02-03 09:10:00,2021-02-03 09:11:00,2021-02-03 09:19:00,13547.75,13461.5,86.25,13461.5,13481.5,13441.5,WIN,20.0,false,true,false,true,true,1.885,15.02
VWAP_EMA20_ALIGN,2021-02-04,2021,2021-02,SHORT,2021-02-04 09:02:00,2021-02-04 09:04:00,2021-02-04 09:12:00,13480.25,13412.25,68.0,13412.25,13432.25,13392.25,LOSS,-20.0,false,true,false,true,true,2.049,16.73
VWAP_EMA20_ALIGN,2021-02-05,2021,2021-02,SHORT,2021-02-05 09:00:00,2021-02-05 09:02:00,2021-02-05 09:06:00,13593.25,13535.25,58.0,13535.25,13555.25,13515.25,LOSS,-20.0,false,true,false,true,false,1.35,10.66
VWAP_EMA20_ALIGN,2021-02-08,2021,2021-02,LONG,2021-02-08 09:04:00,2021-02-08 09:05:00,2021-02-08 09:22:00,13673.75,13632.75,41.0,13673.75,13653.75,13693.75,LOSS,-20.0,true,false,true,false,false,1.535,8.86
VWAP_EMA20_ALIGN,2021-02-09,2021,2021-02,LONG,2021-02-09 09:00:00,2021-02-09 09:01:00,2021-02-09 09:33:00,13708.25,13645.25,63.0,13708.25,13688.25,13728.25,WIN,20.0,true,false,true,false,false,1.606,8.2
VWAP_EMA20_ALIGN,2021-02-10,2021,2021-02,SHORT,2021-02-10 09:12:00,2021-02-10 09:13:00,2021-02-10 09:15:00,13762.0,13714.25,47.75,13714.25,13734.25,13694.25,WIN,20.0,false,true,false,true,true,1.909,8.68
VWAP_EMA20_ALIGN,2021-02-11,2021,2021-02,LONG,2021-02-11 10:38:00,2021-02-11 10:43:00,2021-02-11 10:54:00,13738.75,13682.0,56.75,13738.75,13718.75,13758.75,LOSS,-20.0,true,false,true,false,false,0.973,4.45
VWAP_EMA20_ALIGN,2021-02-12,2021,2021-02,LONG,2021-02-12 09:02:00,2021-02-12 09:14:00,2021-02-12 09:18:00,13705.5,13646.0,59.5,13705.5,13685.5,13725.5,LOSS,-20.0,true,false,true,false,false,1.506,9.73
VWAP_EMA20_ALIGN,2021-02-16,2021,2021-02,LONG,2021-02-16 09:31:00,2021-02-16 09:32:00,2021-02-16 09:49:00,13868.5,13811.5,57.0,13868.5,13848.5,13888.5,LOSS,-20.0,true,false,true,false,false,1.196,7.48
VWAP_EMA20_ALIGN,2021-02-17,2021,2021-02,SHORT,2021-02-17 09:21:00,2021-02-17 09:22:00,2021-02-17 09:27:00,13692.5,13610.75,81.75,13610.75,13630.75,13590.75,WIN,20.0,false,true,false,true,true,1.758,16.86
VWAP_EMA20_ALIGN,2021-02-18,2021,2021-02,SHORT,2021-02-18 09:05:00,2021-02-18 09:06:00,2021-02-18 09:10:00,13583.5,13522.5,61.0,13522.5,13542.5,13502.5,WIN,20.0,false,true,false,true,true,2.665,14.45
VWAP_EMA20_ALIGN,2021-02-19,2021,2021-02,SHORT,2021-02-19 09:11:00,2021-02-19 09:19:00,2021-02-19 09:24:00,13700.5,13641.0,59.5,13641.0,13661.0,13621.0,LOSS,-20.0,false,true,false,true,true,1.989,11.54
VWAP_EMA20_ALIGN,2021-02-22,2021,2021-02,SHORT,2021-02-22 09:22:00,2021-02-22 09:24:00,2021-02-22 09:27:00,13439.0,13358.5,80.5,13358.5,13378.5,13338.5,WIN,20.0,false,true,false,true,false,1.932,16.48
VWAP_EMA20_ALIGN,2021-02-24,2021,2021-02,SHORT,2021-02-24 09:01:00,2021-02-24 09:02:00,2021-02-24 09:03:00,13121.25,13002.0,119.25,13002.0,13022.0,12982.0,WIN,20.0,false,true,false,true,false,1.349,31.25
VWAP_EMA20_ALIGN,2021-02-25,2021,2021-02,SHORT,2021-02-25 09:03:00,2021-02-25 09:04:00,2021-02-25 09:06:00,13290.0,13178.0,112.0,13178.0,13198.0,13158.0,WIN,20.0,false,true,false,true,false,1.331,18.11
VWAP_EMA20_ALIGN,2021-03-01,2021,2021-03,LONG,2021-03-01 09:02:00,2021-03-01 09:17:00,2021-03-01 09:20:00,13115.5,13040.5,75.0,13115.5,13095.5,13135.5,WIN,20.0,true,false,true,false,false,1.472,21.89
VWAP_EMA20_ALIGN,2021-03-11,2021,2021-03,SHORT,2021-03-11 09:18:00,2021-03-11 09:20:00,2021-03-11 09:22:00,13007.0,12931.25,75.75,12931.25,12951.25,12911.25,LOSS,-20.0,false,true,false,true,true,2.897,15.04
VWAP_EMA20_ALIGN,2021-03-12,2021,2021-03,SHORT,2021-03-12 09:27:00,2021-03-12 09:52:00,2021-03-12 09:53:00,12894.75,12798.0,96.75,12798.0,12818.0,12778.0,WIN,20.0,false,true,false,true,true,1.983,16.3
VWAP_EMA20_ALIGN,2021-03-15,2021,2021-03,LONG,2021-03-15 09:00:00,2021-03-15 09:07:00,2021-03-15 09:20:00,12967.75,12899.0,68.75,12967.75,12947.75,12987.75,LOSS,-20.0,true,false,true,false,false,1.519,9.91
VWAP_EMA20_ALIGN,2021-03-17,2021,2021-03,SHORT,2021-03-17 09:01:00,2021-03-17 09:02:00,2021-03-17 09:19:00,13073.25,12989.75,83.5,12989.75,13009.75,12969.75,LOSS,-20.0,false,true,false,true,false,1.736,13.73
VWAP_EMA20_ALIGN,2021-03-18,2021,2021-03,LONG,2021-03-18 10:14:00,2021-03-18 10:15:00,2021-03-18 10:35:00,12990.75,12927.25,63.5,12990.75,12970.75,13010.75,LOSS,-20.0,true,false,true,false,false,1.546,10.02
VWAP_EMA20_ALIGN,2021-03-19,2021,2021-03,LONG,2021-03-19 09:02:00,2021-03-19 09:03:00,2021-03-19 09:09:00,12842.75,12731.5,111.25,12842.75,12822.75,12862.75,LOSS,-20.0,true,false,true,false,false,1.394,14.8
VWAP_EMA20_ALIGN,2021-03-22,2021,2021-03,LONG,2021-03-22 09:10:00,2021-03-22 09:11:00,2021-03-22 09:24:00,13065.5,13009.75,55.75,13065.5,13045.5,13085.5,WIN,20.0,true,false,true,false,false,1.824,6.45
VWAP_EMA20_ALIGN,2021-03-23,2021,2021-03,LONG,2021-03-23 09:00:00,2021-03-23 09:05:00,2021-03-23 09:06:00,13125.25,13051.0,74.25,13125.25,13105.25,13145.25,WIN,20.0,true,false,true,false,false,1.106,7.98
VWAP_EMA20_ALIGN,2021-03-24,2021,2021-03,LONG,2021-03-24 09:02:00,2021-03-24 09:03:00,2021-03-24 09:07:00,13012.75,12924.25,88.5,13012.75,12992.75,13032.75,WIN,20.0,true,false,true,false,false,1.024,10.25
VWAP_EMA20_ALIGN,2021-03-26,2021,2021-03,SHORT,2021-03-26 09:10:00,2021-03-26 09:17:00,2021-03-26 09:21:00,12864.25,12805.25,59.0,12805.25,12825.25,12785.25,WIN,20.0,false,true,false,true,true,2.161,11.18
VWAP_EMA20_ALIGN,2021-03-29,2021,2021-03,LONG,2021-03-29 09:53:00,2021-03-29 09:54:00,2021-03-29 10:06:00,12906.75,12828.0,78.75,12906.75,12886.75,12926.75,LOSS,-20.0,true,false,true,false,false,1.515,13.66
VWAP_EMA20_ALIGN,2021-03-30,2021,2021-03,LONG,2021-03-30 09:09:00,2021-03-30 09:10:00,2021-03-30 09:32:00,12874.5,12812.75,61.75,12874.5,12854.5,12894.5,WIN,20.0,true,false,true,false,false,1.428,11.46
VWAP_EMA20_ALIGN,2021-03-31,2021,2021-03,LONG,2021-03-31 10:00:00,2021-03-31 10:01:00,2021-03-31 10:40:00,13126.75,13074.75,52.0,13126.75,13106.75,13146.75,WIN,20.0,true,false,true,false,false,2.096,6.38
VWAP_EMA20_ALIGN,2021-04-05,2021,2021-04,LONG,2021-04-05 09:32:00,2021-04-05 09:33:00,2021-04-05 10:19:00,13538.25,13511.25,27.0,13538.25,13518.25,13558.25,WIN,20.0,true,false,true,false,true,3.672,6.23
VWAP_EMA20_ALIGN,2021-04-06,2021,2021-04,LONG,2021-04-06 09:10:00,2021-04-06 09:11:00,2021-04-06 09:15:00,13618.75,13563.75,55.0,13618.75,13598.75,13638.75,WIN,20.0,true,false,true,false,true,2.178,8.45
VWAP_EMA20_ALIGN,2021-04-07,2021,2021-04,LONG,2021-04-07 09:02:00,2021-04-07 09:05:00,2021-04-07 09:27:00,13620.5,13591.25,29.25,13620.5,13600.5,13640.5,LOSS,-20.0,true,false,true,false,false,2.158,7.3
VWAP_EMA20_ALIGN,2021-04-08,2021,2021-04,SHORT,2021-04-08 09:02:00,2021-04-08 09:16:00,2021-04-08 09:23:00,13739.75,13703.25,36.5,13703.25,13723.25,13683.25,LOSS,-20.0,false,true,false,true,true,2.072,9.11
VWAP_EMA20_ALIGN,2021-04-09,2021,2021-04,SHORT,2021-04-09 09:04:00,2021-04-09 09:05:00,2021-04-09 09:13:00,13739.0,13702.75,36.25,13702.75,13722.75,13682.75,LOSS,-20.0,false,true,false,true,false,2.407,8.73
VWAP_EMA20_ALIGN,2021-04-12,2021,2021-04,LONG,2021-04-12 09:03:00,2021-04-12 09:04:00,2021-04-12 09:37:00,13781.75,13732.0,49.75,13781.75,13761.75,13801.75,LOSS,-20.0,true,false,true,false,false,0.745,6.12
VWAP_EMA20_ALIGN,2021-04-13,2021,2021-04,LONG,2021-04-13 11:26:00,2021-04-13 11:27:00,2021-04-13 11:30:00,13936.75,13911.0,25.75,13936.75,13916.75,13956.75,TIME_EXIT,-2.0,true,false,true,false,false,0.8,3.23
VWAP_EMA20_ALIGN,2021-04-14,2021,2021-04,SHORT,2021-04-14 09:02:00,2021-04-14 09:03:00,2021-04-14 09:12:00,13958.0,13912.5,45.5,13912.5,13932.5,13892.5,WIN,20.0,false,true,false,true,false,1.943,10.05
VWAP_EMA20_ALIGN,2021-04-15,2021,2021-04,LONG,2021-04-15 09:03:00,2021-04-15 09:04:00,2021-04-15 09:27:00,14001.75,13974.5,27.25,14001.75,13981.75,14021.75,LOSS,-20.0,true,false,true,false,true,2.962,7.48
VWAP_EMA20_ALIGN,2021-04-16,2021,2021-04,LONG,2021-04-16 10:01:00,2021-04-16 10:08:00,2021-04-16 11:30:00,14017.75,13979.5,38.25,14017.75,13997.75,14037.75,TIME_EXIT,-6.0,true,false,true,false,false,1.84,5.71
VWAP_EMA20_ALIGN,2021-04-19,2021,2021-04,SHORT,2021-04-19 09:45:00,2021-04-19 10:03:00,2021-04-19 10:09:00,13944.5,13861.0,83.5,13861.0,13881.0,13841.0,LOSS,-20.0,false,true,false,true,false,1.898,11.25
VWAP_EMA20_ALIGN,2021-04-20,2021,2021-04,SHORT,2021-04-20 09:27:00,2021-04-20 09:57:00,2021-04-20 09:59:00,13884.5,13786.5,98.0,13786.5,13806.5,13766.5,WIN,20.0,false,true,false,true,false,0.655,14.82
VWAP_EMA20_ALIGN,2021-04-21,2021,2021-04,LONG,2021-04-21 09:12:00,2021-04-21 09:13:00,2021-04-21 09:16:00,13816.5,13768.25,48.25,13816.5,13796.5,13836.5,WIN,20.0,true,false,true,false,false,1.524,9.8
VWAP_EMA20_ALIGN,2021-04-22,2021,2021-04,SHORT,2021-04-22 09:58:00,2021-04-22 09:59:00,2021-04-22 10:30:00,13944.75,13910.25,34.5,13910.25,13930.25,13890.25,LOSS,-20.0,false,true,false,true,false,1.599,5.62
VWAP_EMA20_ALIGN,2021-04-23,2021,2021-04,LONG,2021-04-23 09:00:00,2021-04-23 09:10:00,2021-04-23 09:19:00,13874.0,13825.0,49.0,13874.0,13854.0,13894.0,WIN,20.0,true,false,true,false,false,1.278,7.02
VWAP_EMA20_ALIGN,2021-04-26,2021,2021-04,LONG,2021-04-26 09:03:00,2021-04-26 09:11:00,2021-04-26 10:08:00,13978.25,13944.5,33.75,13978.25,13958.25,13998.25,LOSS,-20.0,true,false,true,false,false,2.368,6.71
VWAP_EMA20_ALIGN,2021-04-27,2021,2021-04,LONG,2021-04-27 10:38:00,2021-04-27 10:53:00,2021-04-27 11:30:00,13964.0,13912.5,51.5,13964.0,13944.0,13984.0,TIME_EXIT,0.25,true,false,true,false,true,1.876,3.89
VWAP_EMA20_ALIGN,2021-04-28,2021,2021-04,SHORT,2021-04-28 09:17:00,2021-04-28 09:46:00,2021-04-28 10:00:00,13950.0,13900.5,49.5,13900.5,13920.5,13880.5,WIN,20.0,false,true,false,true,false,1.992,7.98
VWAP_EMA20_ALIGN,2021-04-29,2021,2021-04,SHORT,2021-04-29 09:55:00,2021-04-29 09:56:00,2021-04-29 09:57:00,13946.75,13883.25,63.5,13883.25,13903.25,13863.25,WIN,20.0,false,true,false,true,true,3.515,9.93
VWAP_EMA20_ALIGN,2021-04-30,2021,2021-04,SHORT,2021-04-30 09:01:00,2021-04-30 09:02:00,2021-04-30 09:16:00,13956.75,13898.0,58.75,13898.0,13918.0,13878.0,WIN,20.0,false,true,false,true,false,1.486,10.04
VWAP_EMA20_ALIGN,2021-05-03,2021,2021-05,SHORT,2021-05-03 09:00:00,2021-05-03 09:04:00,2021-05-03 09:11:00,13936.75,13837.5,99.25,13837.5,13857.5,13817.5,WIN,20.0,false,true,false,true,false,1.854,11.48
VWAP_EMA20_ALIGN,2021-05-04,2021,2021-05,SHORT,2021-05-04 09:01:00,2021-05-04 09:05:00,2021-05-04 09:13:00,13546.0,13471.0,75.0,13471.0,13491.0,13451.0,WIN,20.0,false,true,false,true,false,1.717,13.43
VWAP_EMA20_ALIGN,2021-05-05,2021,2021-05,LONG,2021-05-05 09:03:00,2021-05-05 09:05:00,2021-05-05 09:11:00,13621.0,13577.25,43.75,13621.0,13601.0,13641.0,LOSS,-20.0,true,false,true,false,false,2.028,11.29
VWAP_EMA20_ALIGN,2021-05-06,2021,2021-05,SHORT,2021-05-06 09:11:00,2021-05-06 09:14:00,2021-05-06 09:17:00,13488.0,13411.75,76.25,13411.75,13431.75,13391.75,LOSS,-20.0,false,true,false,true,false,1.261,13.71
VWAP_EMA20_ALIGN,2021-05-07,2021,2021-05,SHORT,2021-05-07 10:38:00,2021-05-07 10:57:00,2021-05-07 11:06:00,13800.5,13746.75,53.75,13746.75,13766.75,13726.75,WIN,20.0,false,true,false,true,false,0.745,7.45
VWAP_EMA20_ALIGN,2021-05-12,2021,2021-05,SHORT,2021-05-12 09:38:00,2021-05-12 09:50:00,2021-05-12 09:55:00,13122.5,13036.0,86.5,13036.0,13056.0,13016.0,WIN,20.0,false,true,false,true,false,1.382,11.52
VWAP_EMA20_ALIGN,2021-05-14,2021,2021-05,LONG,2021-05-14 09:00:00,2021-05-14 09:13:00,2021-05-14 10:03:00,13328.25,13286.0,42.25,13328.25,13308.25,13348.25,WIN,20.0,true,false,true,false,false,1.375,6.5
VWAP_EMA20_ALIGN,2021-05-17,2021,2021-05,SHORT,2021-05-17 09:10:00,2021-05-17 09:12:00,2021-05-17 09:22:00,13328.5,13258.75,69.75,13258.75,13278.75,13238.75,LOSS,-20.0,false,true,false,true,true,2.475,15.43
VWAP_EMA20_ALIGN,2021-05-18,2021,2021-05,SHORT,2021-05-18 09:56:00,2021-05-18 10:26:00,2021-05-18 11:05:00,13396.5,13366.25,30.25,13366.25,13386.25,13346.25,WIN,20.0,false,true,false,true,false,0.669,6.48
VWAP_EMA20_ALIGN,2021-05-19,2021,2021-05,LONG,2021-05-19 09:08:00,2021-05-19 09:10:00,2021-05-19 09:14:00,13117.5,13044.0,73.5,13117.5,13097.5,13137.5,WIN,20.0,true,false,true,false,true,2.898,15.05
VWAP_EMA20_ALIGN,2021-05-20,2021,2021-05,LONG,2021-05-20 09:19:00,2021-05-20 09:26:00,2021-05-20 09:28:00,13447.0,13415.25,31.75,13447.0,13427.0,13467.0,WIN,20.0,true,false,true,false,false,1.393,5.75
VWAP_EMA20_ALIGN,2021-05-21,2021,2021-05,SHORT,2021-05-21 09:28:00,2021-05-21 09:29:00,2021-05-21 09:34:00,13507.5,13443.75,63.75,13443.75,13463.75,13423.75,LOSS,-20.0,false,true,false,true,false,2.272,8.12
VWAP_EMA20_ALIGN,2021-05-24,2021,2021-05,LONG,2021-05-24 09:17:00,2021-05-24 09:18:00,2021-05-24 10:55:00,13649.75,13627.75,22.0,13649.75,13629.75,13669.75,LOSS,-20.0,true,false,true,false,false,2.143,5.46
VWAP_EMA20_ALIGN,2021-05-25,2021,2021-05,SHORT,2021-05-25 09:16:00,2021-05-25 09:26:00,2021-05-25 09:33:00,13686.5,13636.5,50.0,13636.5,13656.5,13616.5,WIN,20.0,false,true,false,true,false,2.026,11.82
VWAP_EMA20_ALIGN,2021-05-26,2021,2021-05,LONG,2021-05-26 09:06:00,2021-05-26 09:15:00,2021-05-26 09:31:00,13713.25,13691.0,22.25,13713.25,13693.25,13733.25,LOSS,-20.0,true,false,true,false,false,1.679,6.12
VWAP_EMA20_ALIGN,2021-05-28,2021,2021-05,LONG,2021-05-28 09:32:00,2021-05-28 09:35:00,2021-05-28 10:01:00,13731.25,13697.25,34.0,13731.25,13711.25,13751.25,WIN,20.0,true,false,true,false,false,2.262,3.79
VWAP_EMA20_ALIGN,2021-06-02,2021,2021-06,SHORT,2021-06-02 10:22:00,2021-06-02 10:23:00,2021-06-02 11:22:00,13712.75,13674.25,38.5,13674.25,13694.25,13654.25,WIN,20.0,false,true,false,true,false,1.919,4.77
VWAP_EMA20_ALIGN,2021-06-03,2021,2021-06,LONG,2021-06-03 09:00:00,2021-06-03 09:01:00,2021-06-03 09:05:00,13579.0,13480.25,98.75,13579.0,13559.0,13599.0,WIN,20.0,true,false,true,false,false,1.457,12.27
VWAP_EMA20_ALIGN,2021-06-04,2021,2021-06,LONG,2021-06-04 09:17:00,2021-06-04 09:19:00,2021-06-04 11:19:00,13756.25,13722.0,34.25,13756.25,13736.25,13776.25,TIME_EXIT,8.5,true,false,true,false,false,1.795,5.36
VWAP_EMA20_ALIGN,2021-06-07,2021,2021-06,LONG,2021-06-07 10:07:00,2021-06-07 10:08:00,2021-06-07 11:30:00,13752.5,13720.0,32.5,13752.5,13732.5,13772.5,TIME_EXIT,-1.5,true,false,true,false,false,1.09,4.36
VWAP_EMA20_ALIGN,2021-06-08,2021,2021-06,SHORT,2021-06-08 09:04:00,2021-06-08 09:14:00,2021-06-08 09:19:00,13838.5,13797.5,41.0,13797.5,13817.5,13777.5,WIN,20.0,false,true,false,true,false,1.522,10.02
VWAP_EMA20_ALIGN,2021-06-09,2021,2021-06,SHORT,2021-06-09 09:35:00,2021-06-09 09:53:00,2021-06-09 10:22:00,13866.75,13836.0,30.75,13836.0,13856.0,13816.0,LOSS,-20.0,false,true,false,true,false,1.996,6.34
VWAP_EMA20_ALIGN,2021-06-11,2021,2021-06,SHORT,2021-06-11 09:02:00,2021-06-11 09:03:00,2021-06-11 09:08:00,13980.25,13937.75,42.5,13937.75,13957.75,13917.75,LOSS,-20.0,false,true,false,true,false,0.613,9.91
VWAP_EMA20_ALIGN,2021-06-14,2021,2021-06,LONG,2021-06-14 09:00:00,2021-06-14 09:02:00,2021-06-14 09:55:00,14014.25,13981.75,32.5,14014.25,13994.25,14034.25,WIN,20.0,true,false,true,false,false,1.105,4.79
VWAP_EMA20_ALIGN,2021-06-15,2021,2021-06,SHORT,2021-06-15 09:28:00,2021-06-15 09:30:00,2021-06-15 09:39:00,14074.5,14049.5,25.0,14049.5,14069.5,14029.5,WIN,20.0,false,true,false,true,false,2.151,6.09
VWAP_EMA20_ALIGN,2021-06-16,2021,2021-06,SHORT,2021-06-16 09:07:00,2021-06-16 09:08:00,2021-06-16 09:36:00,14083.75,14048.75,35.0,14048.75,14068.75,14028.75,WIN,20.0,false,true,false,true,true,1.83,4.55
VWAP_EMA20_ALIGN,2021-06-17,2021,2021-06,LONG,2021-06-17 09:39:00,2021-06-17 10:09:00,2021-06-17 10:18:00,14128.5,14087.0,41.5,14128.5,14108.5,14148.5,LOSS,-20.0,true,false,true,false,false,0.645,7.02
VWAP_EMA20_ALIGN,2021-06-18,2021,2021-06,SHORT,2021-06-18 09:09:00,2021-06-18 09:10:00,2021-06-18 09:12:00,14125.0,14064.0,61.0,14064.0,14084.0,14044.0,WIN,20.0,false,true,false,true,false,1.173,10.38
VWAP_EMA20_ALIGN,2021-06-21,2021,2021-06,LONG,2021-06-21 09:03:00,2021-06-21 09:04:00,2021-06-21 09:26:00,14115.0,14033.75,81.25,14115.0,14095.0,14135.0,LOSS,-20.0,true,false,true,false,false,1.21,7.88
VWAP_EMA20_ALIGN,2021-06-22,2021,2021-06,LONG,2021-06-22 09:09:00,2021-06-22 09:10:00,2021-06-22 09:24:00,14184.75,14146.5,38.25,14184.75,14164.75,14204.75,WIN,20.0,true,false,true,false,false,1.707,6.11
VWAP_EMA20_ALIGN,2021-06-23,2021,2021-06,SHORT,2021-06-23 09:02:00,2021-06-23 09:03:00,2021-06-23 09:53:00,14300.75,14265.0,35.75,14265.0,14285.0,14245.0,LOSS,-20.0,false,true,false,true,false,1.371,7.46
VWAP_EMA20_ALIGN,2021-06-24,2021,2021-06,LONG,2021-06-24 10:13:00,2021-06-24 10:14:00,2021-06-24 10:46:00,14411.75,14387.75,24.0,14411.75,14391.75,14431.75,LOSS,-20.0,true,false,true,false,true,4.542,3.66
VWAP_EMA20_ALIGN,2021-06-25,2021,2021-06,SHORT,2021-06-25 10:22:00,2021-06-25 10:25:00,2021-06-25 11:30:00,14372.75,14335.75,37.0,14335.75,14355.75,14315.75,TIME_EXIT,5.75,false,true,false,true,false,1.471,4.43
VWAP_EMA20_ALIGN,2021-06-28,2021,2021-06,LONG,2021-06-28 10:24:00,2021-06-28 10:26:00,2021-06-28 11:06:00,14488.0,14458.75,29.25,14488.0,14468.0,14508.0,LOSS,-20.0,true,false,true,false,false,2.628,4.77
VWAP_EMA20_ALIGN,2021-06-29,2021,2021-06,LONG,2021-06-29 10:19:00,2021-06-29 10:20:00,2021-06-29 10:53:00,14532.5,14492.75,39.75,14532.5,14512.5,14552.5,WIN,20.0,true,false,true,false,false,3.056,3.62
VWAP_EMA20_ALIGN,2021-06-30,2021,2021-06,SHORT,2021-06-30 10:24:00,2021-06-30 10:25:00,2021-06-30 10:28:00,14571.5,14541.25,30.25,14541.25,14561.25,14521.25,WIN,20.0,false,true,false,true,false,2.121,4.12
VWAP_EMA20_ALIGN,2021-07-01,2021,2021-07,SHORT,2021-07-01 09:06:00,2021-07-01 09:07:00,2021-07-01 09:08:00,14551.25,14522.75,28.5,14522.75,14542.75,14502.75,WIN,20.0,false,true,false,true,true,1.871,6.77
VWAP_EMA20_ALIGN,2021-07-02,2021,2021-07,LONG,2021-07-02 09:12:00,2021-07-02 09:37:00,2021-07-02 09:54:00,14648.5,14625.5,23.0,14648.5,14628.5,14668.5,WIN,20.0,true,false,true,false,false,1.406,4.7
VWAP_EMA20_ALIGN,2021-07-06,2021,2021-07,SHORT,2021-07-06 09:45:00,2021-07-06 09:47:00,2021-07-06 10:07:00,14771.75,14714.75,57.0,14714.75,14734.75,14694.75,WIN,20.0,false,true,false,true,false,2.296,6.96
VWAP_EMA20_ALIGN,2021-07-07,2021,2021-07,LONG,2021-07-07 09:49:00,2021-07-07 09:50:00,2021-07-07 09:55:00,14806.0,14726.25,79.75,14806.0,14786.0,14826.0,WIN,20.0,true,false,true,false,false,1.589,7.61
VWAP_EMA20_ALIGN,2021-07-08,2021,2021-07,SHORT,2021-07-08 09:00:00,2021-07-08 09:01:00,2021-07-08 09:05:00,14657.5,14577.5,80.0,14577.5,14597.5,14557.5,LOSS,-20.0,false,true,false,true,false,1.284,13.46
VWAP_EMA20_ALIGN,2021-07-09,2021,2021-07,LONG,2021-07-09 09:00:00,2021-07-09 09:01:00,2021-07-09 09:24:00,14775.25,14703.5,71.75,14775.25,14755.25,14795.25,WIN,20.0,true,false,true,false,false,1.161,6.98
VWAP_EMA20_ALIGN,2021-07-12,2021,2021-07,LONG,2021-07-12 09:01:00,2021-07-12 09:02:00,2021-07-12 09:22:00,14852.25,14817.25,35.0,14852.25,14832.25,14872.25,LOSS,-20.0,true,false,true,false,false,1.222,7.29
VWAP_EMA20_ALIGN,2021-07-13,2021,2021-07,LONG,2021-07-13 09:19:00,2021-07-13 09:20:00,2021-07-13 09:31:00,14973.0,14943.0,30.0,14973.0,14953.0,14993.0,WIN,20.0,true,false,true,false,false,2.339,5.45
VWAP_EMA20_ALIGN,2021-07-14,2021,2021-07,SHORT,2021-07-14 09:27:00,2021-07-14 09:28:00,2021-07-14 09:29:00,14990.5,14937.25,53.25,14937.25,14957.25,14917.25,WIN,20.0,false,true,false,true,true,2.293,7.52
VWAP_EMA20_ALIGN,2021-07-15,2021,2021-07,SHORT,2021-07-15 10:03:00,2021-07-15 10:08:00,2021-07-15 10:10:00,14843.25,14755.0,88.25,14755.0,14775.0,14735.0,WIN,20.0,false,true,false,true,false,2.24,9.25
VWAP_EMA20_ALIGN,2021-07-16,2021,2021-07,SHORT,2021-07-16 09:04:00,2021-07-16 09:05:00,2021-07-16 09:13:00,14786.75,14739.0,47.75,14739.0,14759.0,14719.0,WIN,20.0,false,true,false,true,false,2.24,11.0
VWAP_EMA20_ALIGN,2021-07-19,2021,2021-07,LONG,2021-07-19 09:03:00,2021-07-19 09:26:00,2021-07-19 09:28:00,14518.5,14445.0,73.5,14518.5,14498.5,14538.5,WIN,20.0,true,false,true,false,false,1.436,15.95
VWAP_EMA20_ALIGN,2021-07-20,2021,2021-07,LONG,2021-07-20 09:08:00,2021-07-20 09:12:00,2021-07-20 09:41:00,14660.5,14581.25,79.25,14660.5,14640.5,14680.5,WIN,20.0,true,false,true,false,false,1.513,8.16
VWAP_EMA20_ALIGN,2021-07-21,2021,2021-07,LONG,2021-07-21 09:00:00,2021-07-21 09:01:00,2021-07-21 10:57:00,14766.75,14743.25,23.5,14766.75,14746.75,14786.75,LOSS,-20.0,true,false,true,false,true,2.014,7.18
VWAP_EMA20_ALIGN,2021-07-22,2021,2021-07,SHORT,2021-07-22 10:48:00,2021-07-22 11:01:00,2021-07-22 11:30:00,14923.25,14894.5,28.75,14894.5,14914.5,14874.5,TIME_EXIT,-11.5,false,true,false,true,false,1.809,5.23
VWAP_EMA20_ALIGN,2021-07-23,2021,2021-07,LONG,2021-07-23 09:02:00,2021-07-23 09:03:00,2021-07-23 09:18:00,15020.0,14992.75,27.25,15020.0,15000.0,15040.0,WIN,20.0,true,false,true,false,false,1.352,6.16
VWAP_EMA20_ALIGN,2021-07-26,2021,2021-07,LONG,2021-07-26 09:56:00,2021-07-26 09:57:00,2021-07-26 10:31:00,15122.0,15082.25,39.75,15122.0,15102.0,15142.0,LOSS,-20.0,true,false,true,false,false,2.852,3.89
VWAP_EMA20_ALIGN,2021-07-27,2021,2021-07,SHORT,2021-07-27 09:16:00,2021-07-27 09:17:00,2021-07-27 09:19:00,14987.5,14886.25,101.25,14886.25,14906.25,14866.25,WIN,20.0,false,true,false,true,false,1.575,12.43
VWAP_EMA20_ALIGN,2021-07-28,2021,2021-07,SHORT,2021-07-28 09:51:00,2021-07-28 09:52:00,2021-07-28 10:06:00,15074.5,14997.5,77.0,14997.5,15017.5,14977.5,LOSS,-20.0,false,true,false,true,false,0.652,8.77
VWAP_EMA20_ALIGN,2021-07-29,2021,2021-07,LONG,2021-07-29 09:01:00,2021-07-29 09:07:00,2021-07-29 09:32:00,15080.25,15049.0,31.25,15080.25,15060.25,15100.25,LOSS,-20.0,true,false,true,false,true,1.69,6.8
VWAP_EMA20_ALIGN,2021-07-30,2021,2021-07,LONG,2021-07-30 10:18:00,2021-07-30 10:19:00,2021-07-30 11:00:00,14957.0,14920.0,37.0,14957.0,14937.0,14977.0,WIN,20.0,true,false,true,false,false,1.273,6.27
VWAP_EMA20_ALIGN,2021-08-02,2021,2021-08,LONG,2021-08-02 09:05:00,2021-08-02 09:08:00,2021-08-02 09:37:00,15030.75,14990.25,40.5,15030.75,15010.75,15050.75,WIN,20.0,true,false,true,false,false,1.665,7.14
VWAP_EMA20_ALIGN,2021-08-03,2021,2021-08,SHORT,2021-08-03 09:19:00,2021-08-03 09:25:00,2021-08-03 09:28:00,14937.25,14869.75,67.5,14869.75,14889.75,14849.75,LOSS,-20.0,false,true,false,true,false,1.31,14.12
VWAP_EMA20_ALIGN,2021-08-04,2021,2021-08,LONG,2021-08-04 09:01:00,2021-08-04 09:05:00,2021-08-04 09:21:00,15044.0,14997.0,47.0,15044.0,15024.0,15064.0,LOSS,-20.0,true,false,true,false,false,1.223,8.34
VWAP_EMA20_ALIGN,2021-08-05,2021,2021-08,LONG,2021-08-05 09:00:00,2021-08-05 09:01:00,2021-08-05 11:01:00,15153.0,15115.0,38.0,15153.0,15133.0,15173.0,TIME_EXIT,-12.75,true,false,true,false,true,1.65,5.27
VWAP_EMA20_ALIGN,2021-08-06,2021,2021-08,SHORT,2021-08-06 09:04:00,2021-08-06 09:11:00,2021-08-06 09:23:00,15122.5,15068.0,54.5,15068.0,15088.0,15048.0,LOSS,-20.0,false,true,false,true,true,1.637,7.96
VWAP_EMA20_ALIGN,2021-08-09,2021,2021-08,SHORT,2021-08-09 09:13:00,2021-08-09 09:14:00,2021-08-09 09:59:00,15138.5,15100.75,37.75,15100.75,15120.75,15080.75,LOSS,-20.0,false,true,false,true,false,1.442,8.04
VWAP_EMA20_ALIGN,2021-08-10,2021,2021-08,SHORT,2021-08-10 09:12:00,2021-08-10 09:13:00,2021-08-10 09:22:00,15096.75,15006.5,90.25,15006.5,15026.5,14986.5,LOSS,-20.0,false,true,false,true,false,1.52,13.29
VWAP_EMA20_ALIGN,2021-08-11,2021,2021-08,SHORT,2021-08-11 09:00:00,2021-08-11 09:01:00,2021-08-11 09:03:00,15053.0,15009.0,44.0,15009.0,15029.0,14989.0,WIN,20.0,false,true,false,true,false,1.767,8.89
VWAP_EMA20_ALIGN,2021-08-12,2021,2021-08,LONG,2021-08-12 09:02:00,2021-08-12 09:32:00,2021-08-12 11:03:00,15053.75,15019.0,34.75,15053.75,15033.75,15073.75,LOSS,-20.0,true,false,true,false,true,1.084,7.5
VWAP_EMA20_ALIGN,2021-08-17,2021,2021-08,SHORT,2021-08-17 09:12:00,2021-08-17 09:26:00,2021-08-17 09:30:00,15058.0,14996.0,62.0,14996.0,15016.0,14976.0,WIN,20.0,false,true,false,true,false,1.69,9.91
VWAP_EMA20_ALIGN,2021-08-18,2021,2021-08,SHORT,2021-08-18 09:11:00,2021-08-18 09:12:00,2021-08-18 09:36:00,15027.25,14985.0,42.25,14985.0,15005.0,14965.0,WIN,20.0,false,true,false,true,false,2.303,8.62
VWAP_EMA20_ALIGN,2021-08-19,2021,2021-08,LONG,2021-08-19 09:00:00,2021-08-19 09:02:00,2021-08-19 09:12:00,14899.5,14823.5,76.0,14899.5,14879.5,14919.5,WIN,20.0,true,false,true,false,false,1.544,12.88
VWAP_EMA20_ALIGN,2021-08-23,2021,2021-08,LONG,2021-08-23 09:00:00,2021-08-23 09:01:00,2021-08-23 09:39:00,15272.75,15238.0,34.75,15272.75,15252.75,15292.75,WIN,20.0,true,false,true,false,false,1.188,4.43
VWAP_EMA20_ALIGN,2021-08-24,2021,2021-08,SHORT,2021-08-24 09:26:00,2021-08-24 09:27:00,2021-08-24 09:30:00,15380.5,15353.75,26.75,15353.75,15373.75,15333.75,WIN,20.0,false,true,false,true,true,2.536,5.05
VWAP_EMA20_ALIGN,2021-08-25,2021,2021-08,LONG,2021-08-25 10:56:00,2021-08-25 10:57:00,2021-08-25 11:28:00,15366.25,15333.0,33.25,15366.25,15346.25,15386.25,LOSS,-20.0,true,false,true,false,true,3.05,3.07
VWAP_EMA20_ALIGN,2021-08-26,2021,2021-08,SHORT,2021-08-26 09:01:00,2021-08-26 09:02:00,2021-08-26 09:09:00,15319.5,15270.25,49.25,15270.25,15290.25,15250.25,LOSS,-20.0,false,true,false,true,true,2.19,12.77
VWAP_EMA20_ALIGN,2021-08-27,2021,2021-08,LONG,2021-08-27 10:02:00,2021-08-27 10:06:00,2021-08-27 11:30:00,15418.5,15358.75,59.75,15418.5,15398.5,15438.5,TIME_EXIT,14.25,true,false,true,false,false,1.21,3.91
VWAP_EMA20_ALIGN,2021-08-31,2021,2021-08,LONG,2021-08-31 09:20:00,2021-08-31 09:21:00,2021-08-31 10:29:00,15568.5,15537.0,31.5,15568.5,15548.5,15588.5,WIN,20.0,true,false,true,false,false,1.611,6.57
VWAP_EMA20_ALIGN,2021-09-02,2021,2021-09,SHORT,2021-09-02 09:08:00,2021-09-02 09:09:00,2021-09-02 09:15:00,15648.75,15622.5,26.25,15622.5,15642.5,15602.5,LOSS,-20.0,false,true,false,true,true,1.812,5.16
VWAP_EMA20_ALIGN,2021-09-03,2021,2021-09,LONG,2021-09-03 09:15:00,2021-09-03 09:16:00,2021-09-03 11:13:00,15639.5,15603.75,35.75,15639.5,15619.5,15659.5,WIN,20.0,true,false,true,false,false,1.357,5.77
VWAP_EMA20_ALIGN,2021-09-07,2021,2021-09,LONG,2021-09-07 10:08:00,2021-09-07 10:14:00,2021-09-07 10:45:00,15677.75,15629.5,48.25,15677.75,15657.75,15697.75,WIN,20.0,true,false,true,false,false,1.325,7.0
VWAP_EMA20_ALIGN,2021-09-08,2021,2021-09,SHORT,2021-09-08 09:50:00,2021-09-08 09:52:00,2021-09-08 10:01:00,15633.0,15534.5,98.5,15534.5,15554.5,15514.5,LOSS,-20.0,false,true,false,true,false,1.692,7.77
VWAP_EMA20_ALIGN,2021-09-10,2021,2021-09,SHORT,2021-09-10 09:20:00,2021-09-10 09:28:00,2021-09-10 09:30:00,15609.25,15559.0,50.25,15559.0,15579.0,15539.0,WIN,20.0,false,true,false,true,false,1.728,9.59
VWAP_EMA20_ALIGN,2021-09-13,2021,2021-09,SHORT,2021-09-13 09:15:00,2021-09-13 09:18:00,2021-09-13 09:29:00,15440.75,15365.25,75.5,15365.25,15385.25,15345.25,LOSS,-20.0,false,true,false,true,false,2.753,13.79
VWAP_EMA20_ALIGN,2021-09-14,2021,2021-09,LONG,2021-09-14 09:35:00,2021-09-14 09:36:00,2021-09-14 09:38:00,15444.0,15386.25,57.75,15444.0,15424.0,15464.0,WIN,20.0,true,false,true,false,false,1.133,6.39
VWAP_EMA20_ALIGN,2021-09-15,2021,2021-09,LONG,2021-09-15 10:24:00,2021-09-15 10:25:00,2021-09-15 10:26:00,15370.75,15318.5,52.25,15370.75,15350.75,15390.75,WIN,20.0,true,false,true,false,true,2.62,4.75
VWAP_EMA20_ALIGN,2021-09-16,2021,2021-09,SHORT,2021-09-16 09:19:00,2021-09-16 09:20:00,2021-09-16 09:37:00,15412.25,15366.25,46.0,15366.25,15386.25,15346.25,LOSS,-20.0,false,true,false,true,false,1.365,9.8
VWAP_EMA20_ALIGN,2021-09-17,2021,2021-09,SHORT,2021-09-17 09:04:00,2021-09-17 09:05:00,2021-09-17 09:12:00,15387.5,15335.0,52.5,15335.0,15355.0,15315.0,WIN,20.0,false,true,false,true,false,1.531,9.43
VWAP_EMA20_ALIGN,2021-09-20,2021,2021-09,SHORT,2021-09-20 09:01:00,2021-09-20 09:02:00,2021-09-20 09:05:00,15052.5,14989.25,63.25,14989.25,15009.25,14969.25,LOSS,-20.0,false,true,false,true,false,0.929,13.66
VWAP_EMA20_ALIGN,2021-09-21,2021,2021-09,LONG,2021-09-21 09:13:00,2021-09-21 09:19:00,2021-09-21 09:32:00,15053.0,14974.5,78.5,15053.0,15033.0,15073.0,WIN,20.0,true,false,true,false,false,1.286,13.82
VWAP_EMA20_ALIGN,2021-09-22,2021,2021-09,LONG,2021-09-22 09:00:00,2021-09-22 09:01:00,2021-09-22 09:32:00,15138.0,15111.25,26.75,15138.0,15118.0,15158.0,WIN,20.0,true,false,true,false,false,1.588,7.96
VWAP_EMA20_ALIGN,2021-09-24,2021,2021-09,LONG,2021-09-24 09:52:00,2021-09-24 09:53:00,2021-09-24 10:13:00,15251.0,15205.0,46.0,15251.0,15231.0,15271.0,WIN,20.0,true,false,true,false,true,2.578,6.38
VWAP_EMA20_ALIGN,2021-09-27,2021,2021-09,SHORT,2021-09-27 09:00:00,2021-09-27 09:26:00,2021-09-27 09:37:00,15207.5,15177.5,30.0,15177.5,15197.5,15157.5,WIN,20.0,false,true,false,true,false,1.759,9.34
VWAP_EMA20_ALIGN,2021-09-28,2021,2021-09,SHORT,2021-09-28 09:01:00,2021-09-28 09:02:00,2021-09-28 09:08:00,14883.0,14819.5,63.5,14819.5,14839.5,14799.5,WIN,20.0,false,true,false,true,false,0.941,17.09
VWAP_EMA20_ALIGN,2021-09-29,2021,2021-09,SHORT,2021-09-29 09:22:00,2021-09-29 09:23:00,2021-09-29 09:31:00,14889.0,14819.25,69.75,14819.25,14839.25,14799.25,WIN,20.0,false,true,false,true,false,1.499,10.16
VWAP_EMA20_ALIGN,2021-09-30,2021,2021-09,SHORT,2021-09-30 09:38:00,2021-09-30 09:39:00,2021-09-30 09:40:00,14837.5,14771.5,66.0,14771.5,14791.5,14751.5,WIN,20.0,false,true,false,true,false,2.344,12.55
VWAP_EMA20_ALIGN,2021-10-01,2021,2021-10,LONG,2021-10-01 09:01:00,2021-10-01 09:13:00,2021-10-01 09:14:00,14623.0,14537.0,86.0,14623.0,14603.0,14643.0,WIN,20.0,true,false,true,false,false,1.172,14.0
VWAP_EMA20_ALIGN,2021-10-04,2021,2021-10,SHORT,2021-10-04 09:37:00,2021-10-04 09:38:00,2021-10-04 09:53:00,14511.25,14402.0,109.25,14402.0,14422.0,14382.0,LOSS,-20.0,false,true,false,true,false,1.612,17.04
VWAP_EMA20_ALIGN,2021-10-05,2021,2021-10,LONG,2021-10-05 09:00:00,2021-10-05 09:01:00,2021-10-05 09:06:00,14679.5,14611.0,68.5,14679.5,14659.5,14699.5,WIN,20.0,true,false,true,false,false,1.413,7.62
VWAP_EMA20_ALIGN,2021-10-06,2021,2021-10,SHORT,2021-10-06 11:07:00,2021-10-06 11:25:00,2021-10-06 11:29:00,14688.25,14623.75,64.5,14623.75,14643.75,14603.75,LOSS,-20.0,false,true,false,true,false,2.683,11.91
VWAP_EMA20_ALIGN,2021-10-07,2021,2021-10,LONG,2021-10-07 09:57:00,2021-10-07 09:58:00,2021-10-07 10:13:00,14997.75,14972.25,25.5,14997.75,14977.75,15017.75,LOSS,-20.0,true,false,true,false,false,1.903,3.77
VWAP_EMA20_ALIGN,2021-10-12,2021,2021-10,LONG,2021-10-12 09:08:00,2021-10-12 09:09:00,2021-10-12 09:15:00,14692.75,14633.0,59.75,14692.75,14672.75,14712.75,LOSS,-20.0,true,false,true,false,true,1.471,15.21
VWAP_EMA20_ALIGN,2021-10-13,2021,2021-10,LONG,2021-10-13 09:49:00,2021-10-13 09:50:00,2021-10-13 10:05:00,14732.75,14668.0,64.75,14732.75,14712.75,14752.75,LOSS,-20.0,true,false,true,false,false,2.149,9.59
VWAP_EMA20_ALIGN,2021-10-14,2021,2021-10,LONG,2021-10-14 09:30:00,2021-10-14 09:40:00,2021-10-14 09:59:00,14998.0,14965.5,32.5,14998.0,14978.0,15018.0,WIN,20.0,true,false,true,false,false,2.901,5.61
VWAP_EMA20_ALIGN,2021-10-15,2021,2021-10,LONG,2021-10-15 09:00:00,2021-10-15 09:01:00,2021-10-15 09:37:00,15111.5,15050.5,61.0,15111.5,15091.5,15131.5,LOSS,-20.0,true,false,true,false,false,3.025,6.5
VWAP_EMA20_ALIGN,2021-10-18,2021,2021-10,LONG,2021-10-18 09:00:00,2021-10-18 09:01:00,2021-10-18 09:07:00,15171.5,15125.5,46.0,15171.5,15151.5,15191.5,WIN,20.0,true,false,true,false,false,1.169,6.16
VWAP_EMA20_ALIGN,2021-10-19,2021,2021-10,LONG,2021-10-19 09:00:00,2021-10-19 09:01:00,2021-10-19 11:01:00,15376.5,15327.5,49.0,15376.5,15356.5,15396.5,TIME_EXIT,16.75,true,false,true,false,false,1.519,6.43
VWAP_EMA20_ALIGN,2021-10-20,2021,2021-10,SHORT,2021-10-20 09:00:00,2021-10-20 09:02:00,2021-10-20 10:43:00,15446.5,15402.75,43.75,15402.75,15422.75,15382.75,WIN,20.0,false,true,false,true,false,1.689,6.18
VWAP_EMA20_ALIGN,2021-10-22,2021,2021-10,SHORT,2021-10-22 09:03:00,2021-10-22 09:06:00,2021-10-22 09:16:00,15463.5,15395.75,67.75,15395.75,15415.75,15375.75,WIN,20.0,false,true,false,true,false,1.479,8.11
VWAP_EMA20_ALIGN,2021-10-25,2021,2021-10,LONG,2021-10-25 09:09:00,2021-10-25 09:12:00,2021-10-25 09:56:00,15420.0,15394.75,25.25,15420.0,15400.0,15440.0,WIN,20.0,true,false,true,false,false,1.223,7.39
VWAP_EMA20_ALIGN,2021-10-27,2021,2021-10,LONG,2021-10-27 10:00:00,2021-10-27 10:01:00,2021-10-27 10:41:00,15660.25,15593.5,66.75,15660.25,15640.25,15680.25,WIN,20.0,true,false,true,false,false,1.714,9.25
VWAP_EMA20_ALIGN,2021-10-28,2021,2021-10,LONG,2021-10-28 09:19:00,2021-10-28 09:44:00,2021-10-28 09:49:00,15747.5,15695.5,52.0,15747.5,15727.5,15767.5,LOSS,-20.0,true,false,true,false,false,1.462,6.98
VWAP_EMA20_ALIGN,2021-10-29,2021,2021-10,LONG,2021-10-29 09:07:00,2021-10-29 09:09:00,2021-10-29 09:18:00,15707.0,15668.5,38.5,15707.0,15687.0,15727.0,WIN,20.0,true,false,true,false,false,1.58,8.09
VWAP_EMA20_ALIGN,2021-11-01,2021,2021-11,LONG,2021-11-01 09:19:00,2021-11-01 09:20:00,2021-11-01 09:32:00,15829.25,15789.25,40.0,15829.25,15809.25,15849.25,WIN,20.0,true,false,true,false,false,1.104,6.05
VWAP_EMA20_ALIGN,2021-11-02,2021,2021-11,LONG,2021-11-02 09:44:00,2021-11-02 09:47:00,2021-11-02 09:57:00,15962.25,15933.5,28.75,15962.25,15942.25,15982.25,LOSS,-20.0,true,false,true,false,true,3.337,5.8
VWAP_EMA20_ALIGN,2021-11-03,2021,2021-11,LONG,2021-11-03 09:27:00,2021-11-03 09:45:00,2021-11-03 11:30:00,15966.75,15939.5,27.25,15966.75,15946.75,15986.75,TIME_EXIT,15.25,true,false,true,false,false,1.363,5.5
VWAP_EMA20_ALIGN,2021-11-05,2021,2021-11,LONG,2021-11-05 09:48:00,2021-11-05 09:49:00,2021-11-05 10:15:00,16439.25,16418.25,21.0,16439.25,16419.25,16459.25,LOSS,-20.0,true,false,true,false,false,2.52,6.77
VWAP_EMA20_ALIGN,2021-11-08,2021,2021-11,SHORT,2021-11-08 09:40:00,2021-11-08 09:43:00,2021-11-08 09:47:00,16394.0,16317.25,76.75,16317.25,16337.25,16297.25,LOSS,-20.0,false,true,false,true,false,2.297,12.66
VWAP_EMA20_ALIGN,2021-11-11,2021,2021-11,SHORT,2021-11-11 09:16:00,2021-11-11 09:22:00,2021-11-11 09:41:00,16110.5,16053.25,57.25,16053.25,16073.25,16033.25,LOSS,-20.0,false,true,false,true,true,1.554,12.18
VWAP_EMA20_ALIGN,2021-11-12,2021,2021-11,LONG,2021-11-12 09:46:00,2021-11-12 09:50:00,2021-11-12 09:53:00,16078.0,16001.75,76.25,16078.0,16058.0,16098.0,WIN,20.0,true,false,true,false,false,2.337,9.12
VWAP_EMA20_ALIGN,2021-11-15,2021,2021-11,SHORT,2021-11-15 09:10:00,2021-11-15 09:14:00,2021-11-15 09:15:00,16254.25,16188.25,66.0,16188.25,16208.25,16168.25,WIN,20.0,false,true,false,true,false,1.7,11.02
VWAP_EMA20_ALIGN,2021-11-16,2021,2021-11,LONG,2021-11-16 10:04:00,2021-11-16 10:09:00,2021-11-16 10:13:00,16251.75,16149.25,102.5,16251.75,16231.75,16271.75,WIN,20.0,true,false,true,false,false,1.363,8.09
VWAP_EMA20_ALIGN,2021-11-17,2021,2021-11,LONG,2021-11-17 09:11:00,2021-11-17 09:12:00,2021-11-17 09:20:00,16322.5,16270.0,52.5,16322.5,16302.5,16342.5,LOSS,-20.0,true,false,true,false,false,1.446,8.8
VWAP_EMA20_ALIGN,2021-11-18,2021,2021-11,SHORT,2021-11-18 09:10:00,2021-11-18 09:11:00,2021-11-18 09:12:00,16421.0,16353.25,67.75,16353.25,16373.25,16333.25,WIN,20.0,false,true,false,true,true,2.965,14.25
VWAP_EMA20_ALIGN,2021-11-19,2021,2021-11,LONG,2021-11-19 10:37:00,2021-11-19 10:38:00,2021-11-19 10:56:00,16616.0,16516.25,99.75,16616.0,16596.0,16636.0,LOSS,-20.0,true,false,true,false,true,2.705,9.04
VWAP_EMA20_ALIGN,2021-11-22,2021,2021-11,LONG,2021-11-22 09:00:00,2021-11-22 09:01:00,2021-11-22 09:04:00,16737.75,16638.25,99.5,16737.75,16717.75,16757.75,WIN,20.0,true,false,true,false,true,1.765,12.3
VWAP_EMA20_ALIGN,2021-11-24,2021,2021-11,LONG,2021-11-24 09:01:00,2021-11-24 09:02:00,2021-11-24 09:03:00,16208.25,16102.0,106.25,16208.25,16188.25,16228.25,WIN,20.0,true,false,true,false,false,1.586,21.93
VWAP_EMA20_ALIGN,2021-11-25,2021,2021-11,LONG,2021-11-25 09:00:00,2021-11-25 09:26:00,2021-11-25 09:59:00,16416.5,16379.25,37.25,16416.5,16396.5,16436.5,LOSS,-20.0,true,false,true,false,false,2.042,3.96
VWAP_EMA20_ALIGN,2021-11-29,2021,2021-11,LONG,2021-11-29 09:02:00,2021-11-29 09:11:00,2021-11-29 09:16:00,16306.25,16208.5,97.75,16306.25,16286.25,16326.25,LOSS,-20.0,true,false,true,false,false,1.297,18.18
VWAP_EMA20_ALIGN,2021-11-30,2021,2021-11,LONG,2021-11-30 09:00:00,2021-11-30 09:01:00,2021-11-30 09:06:00,16418.25,16319.0,99.25,16418.25,16398.25,16438.25,WIN,20.0,true,false,true,false,false,1.153,16.64
VWAP_EMA20_ALIGN,2021-12-01,2021,2021-12,LONG,2021-12-01 09:01:00,2021-12-01 09:02:00,2021-12-01 09:09:00,16353.75,16270.5,83.25,16353.75,16333.75,16373.75,WIN,20.0,true,false,true,false,false,1.484,16.36
VWAP_EMA20_ALIGN,2021-12-07,2021,2021-12,LONG,2021-12-07 09:00:00,2021-12-07 09:01:00,2021-12-07 09:10:00,16229.0,16119.0,110.0,16229.0,16209.0,16249.0,WIN,20.0,true,false,true,false,false,1.056,13.62
VWAP_EMA20_ALIGN,2021-12-09,2021,2021-12,SHORT,2021-12-09 09:07:00,2021-12-09 09:11:00,2021-12-09 09:20:00,16414.25,16321.75,92.5,16321.75,16341.75,16301.75,LOSS,-20.0,false,true,false,true,true,1.206,15.75
VWAP_EMA20_ALIGN,2021-12-13,2021,2021-12,SHORT,2021-12-13 09:02:00,2021-12-13 09:21:00,2021-12-13 09:24:00,16339.5,16255.0,84.5,16255.0,16275.0,16235.0,WIN,20.0,false,true,false,true,false,1.223,18.32
VWAP_EMA20_ALIGN,2021-12-15,2021,2021-12,SHORT,2021-12-15 10:10:00,2021-12-15 10:13:00,2021-12-15 10:20:00,15927.75,15824.0,103.75,15824.0,15844.0,15804.0,WIN,20.0,false,true,false,true,false,1.643,10.98
VWAP_EMA20_ALIGN,2021-12-20,2021,2021-12,SHORT,2021-12-20 09:58:00,2021-12-20 10:01:00,2021-12-20 10:04:00,15658.75,15543.0,115.75,15543.0,15563.0,15523.0,WIN,20.0,false,true,false,true,false,2.508,16.95
VWAP_EMA20_ALIGN,2021-12-22,2021,2021-12,LONG,2021-12-22 09:37:00,2021-12-22 09:38:00,2021-12-22 09:39:00,16044.75,15933.25,111.5,16044.75,16024.75,16064.75,WIN,20.0,true,false,true,false,true,2.537,14.14
VWAP_EMA20_ALIGN,2021-12-23,2021,2021-12,LONG,2021-12-23 09:00:00,2021-12-23 09:01:00,2021-12-23 09:14:00,16243.0,16176.5,66.5,16243.0,16223.0,16263.0,WIN,20.0,true,false,true,false,false,1.514,15.09
VWAP_EMA20_ALIGN,2021-12-27,2021,2021-12,LONG,2021-12-27 09:01:00,2021-12-27 09:02:00,2021-12-27 09:07:00,16448.0,16344.5,103.5,16448.0,16428.0,16468.0,WIN,20.0,true,false,true,false,false,1.537,12.18
VWAP_EMA20_ALIGN,2021-12-28,2021,2021-12,SHORT,2021-12-28 09:09:00,2021-12-28 09:14:00,2021-12-28 09:19:00,16608.5,16521.0,87.5,16521.0,16541.0,16501.0,WIN,20.0,false,true,false,true,false,1.78,13.52
VWAP_EMA20_ALIGN,2021-12-29,2021,2021-12,SHORT,2021-12-29 09:05:00,2021-12-29 09:11:00,2021-12-29 09:12:00,16549.5,16477.5,72.0,16477.5,16497.5,16457.5,WIN,20.0,false,true,false,true,false,0.796,13.8
VWAP_EMA20_ALIGN,2021-12-30,2021,2021-12,LONG,2021-12-30 09:05:00,2021-12-30 09:06:00,2021-12-30 09:08:00,16518.0,16449.25,68.75,16518.0,16498.0,16538.0,WIN,20.0,true,false,true,false,false,1.768,10.86
VWAP_EMA20_ALIGN,2021-12-31,2021,2021-12,SHORT,2021-12-31 09:01:00,2021-12-31 09:06:00,2021-12-31 09:08:00,16464.0,16384.0,80.0,16384.0,16404.0,16364.0,LOSS,-20.0,false,true,false,true,true,2.712,16.55
VWAP_EMA20_ALIGN,2022-01-04,2022,2022-01,SHORT,2022-01-04 09:00:00,2022-01-04 09:01:00,2022-01-04 09:02:00,16512.0,16443.75,68.25,16443.75,16463.75,16423.75,WIN,20.0,false,true,false,true,false,1.315,15.57
VWAP_EMA20_ALIGN,2022-01-11,2022,2022-01,LONG,2022-01-11 09:03:00,2022-01-11 09:04:00,2022-01-11 09:05:00,15593.5,15475.0,118.5,15593.5,15573.5,15613.5,WIN,20.0,true,false,true,false,false,0.681,30.54
VWAP_EMA20_ALIGN,2022-01-12,2022,2022-01,LONG,2022-01-12 09:09:00,2022-01-12 09:10:00,2022-01-12 09:16:00,15992.0,15884.5,107.5,15992.0,15972.0,16012.0,LOSS,-20.0,true,false,true,false,false,1.216,18.82
VWAP_EMA20_ALIGN,2022-01-13,2022,2022-01,SHORT,2022-01-13 09:03:00,2022-01-13 09:04:00,2022-01-13 09:09:00,15979.75,15914.0,65.75,15914.0,15934.0,15894.0,WIN,20.0,false,true,false,true,false,0.854,17.68
VWAP_EMA20_ALIGN,2022-01-18,2022,2022-01,LONG,2022-01-18 09:06:00,2022-01-18 09:07:00,2022-01-18 09:08:00,15375.0,15271.75,103.25,15375.0,15355.0,15395.0,WIN,20.0,true,false,true,false,true,1.408,26.79
VWAP_EMA20_ALIGN,2022-01-19,2022,2022-01,SHORT,2022-01-19 09:35:00,2022-01-19 09:36:00,2022-01-19 09:38:00,15368.0,15251.25,116.75,15251.25,15271.25,15231.25,WIN,20.0,false,true,false,true,false,0.876,15.82
VWAP_EMA20_ALIGN,2022-02-08,2022,2022-02,SHORT,2022-02-08 09:00:00,2022-02-08 09:07:00,2022-02-08 09:12:00,14588.0,14501.5,86.5,14501.5,14521.5,14481.5,WIN,20.0,false,true,false,true,false,2.061,25.04
VWAP_EMA20_ALIGN,2022-02-09,2022,2022-02,LONG,2022-02-09 10:00:00,2022-02-09 10:01:00,2022-02-09 10:13:00,14951.25,14863.75,87.5,14951.25,14931.25,14971.25,LOSS,-20.0,true,false,true,false,true,2.772,12.66
VWAP_EMA20_ALIGN,2022-02-15,2022,2022-02,LONG,2022-02-15 09:41:00,2022-02-15 09:42:00,2022-02-15 09:45:00,14522.0,14445.0,77.0,14522.0,14502.0,14542.0,WIN,20.0,true,false,true,false,false,2.301,13.3
VWAP_EMA20_ALIGN,2022-02-17,2022,2022-02,SHORT,2022-02-17 09:19:00,2022-02-17 09:20:00,2022-02-17 09:21:00,14495.0,14376.0,119.0,14376.0,14396.0,14356.0,WIN,20.0,false,true,false,true,true,1.548,14.7
VWAP_EMA20_ALIGN,2022-02-21,2022,2022-02,SHORT,2022-02-21 09:49:00,2022-02-21 10:10:00,2022-02-21 10:28:00,13883.75,13802.5,81.25,13802.5,13822.5,13782.5,WIN,20.0,false,true,false,true,false,4.655,12.91
VWAP_EMA20_ALIGN,2022-03-01,2022,2022-03,LONG,2022-03-01 09:00:00,2022-03-01 09:21:00,2022-03-01 09:28:00,14253.25,14153.75,99.5,14253.25,14233.25,14273.25,LOSS,-20.0,true,false,true,false,false,1.865,32.45
VWAP_EMA20_ALIGN,2022-03-02,2022,2022-03,SHORT,2022-03-02 09:08:00,2022-03-02 09:09:00,2022-03-02 09:10:00,14129.75,14011.0,118.75,14011.0,14031.0,13991.0,WIN,20.0,false,true,false,true,true,1.81,23.55
VWAP_EMA20_ALIGN,2022-03-10,2022,2022-03,LONG,2022-03-10 09:17:00,2022-03-10 09:19:00,2022-03-10 09:21:00,13594.25,13486.25,108.0,13594.25,13574.25,13614.25,LOSS,-20.0,true,false,true,false,false,1.508,22.48
VWAP_EMA20_ALIGN,2022-03-15,2022,2022-03,LONG,2022-03-15 09:05:00,2022-03-15 09:14:00,2022-03-15 09:21:00,13319.75,13255.75,64.0,13319.75,13299.75,13339.75,LOSS,-20.0,true,false,true,false,false,1.738,15.14
VWAP_EMA20_ALIGN,2022-03-17,2022,2022-03,LONG,2022-03-17 10:21:00,2022-03-17 10:26:00,2022-03-17 10:30:00,13955.75,13848.0,107.75,13955.75,13935.75,13975.75,WIN,20.0,true,false,true,false,true,2.183,13.57
VWAP_EMA20_ALIGN,2022-03-18,2022,2022-03,LONG,2022-03-18 09:02:00,2022-03-18 09:03:00,2022-03-18 09:06:00,14226.5,14138.75,87.75,14226.5,14206.5,14246.5,WIN,20.0,true,false,true,false,false,1.069,15.46
VWAP_EMA20_ALIGN,2022-03-22,2022,2022-03,LONG,2022-03-22 09:07:00,2022-03-22 09:08:00,2022-03-22 09:11:00,14635.75,14586.25,49.5,14635.75,14615.75,14655.75,WIN,20.0,true,false,true,false,false,1.567,13.95
VWAP_EMA20_ALIGN,2022-03-23,2022,2022-03,LONG,2022-03-23 09:02:00,2022-03-23 09:03:00,2022-03-23 09:07:00,14609.25,14527.75,81.5,14609.25,14589.25,14629.25,LOSS,-20.0,true,false,true,false,false,1.459,15.7
VWAP_EMA20_ALIGN,2022-03-24,2022,2022-03,LONG,2022-03-24 09:01:00,2022-03-24 09:02:00,2022-03-24 09:05:00,14546.25,14433.5,112.75,14546.25,14526.25,14566.25,WIN,20.0,true,false,true,false,false,3.712,17.84
VWAP_EMA20_ALIGN,2022-03-25,2022,2022-03,SHORT,2022-03-25 09:01:00,2022-03-25 09:04:00,2022-03-25 09:07:00,14808.0,14725.0,83.0,14725.0,14745.0,14705.0,WIN,20.0,false,true,false,true,true,1.88,17.48
VWAP_EMA20_ALIGN,2022-03-28,2022,2022-03,SHORT,2022-03-28 09:32:00,2022-03-28 09:33:00,2022-03-28 09:35:00,14881.5,14793.25,88.25,14793.25,14813.25,14773.25,WIN,20.0,false,true,false,true,false,1.964,14.98
VWAP_EMA20_ALIGN,2022-03-29,2022,2022-03,LONG,2022-03-29 09:26:00,2022-03-29 09:27:00,2022-03-29 09:46:00,15138.0,15034.75,103.25,15138.0,15118.0,15158.0,WIN,20.0,true,false,true,false,false,1.738,16.36
VWAP_EMA20_ALIGN,2022-03-30,2022,2022-03,SHORT,2022-03-30 09:00:00,2022-03-30 09:03:00,2022-03-30 09:04:00,15234.75,15153.75,81.0,15153.75,15173.75,15133.75,WIN,20.0,false,true,false,true,false,1.625,11.5
VWAP_EMA20_ALIGN,2022-03-31,2022,2022-03,SHORT,2022-03-31 10:11:00,2022-03-31 10:12:00,2022-03-31 10:24:00,15095.25,15013.75,81.5,15013.75,15033.75,14993.75,WIN,20.0,false,true,false,true,false,1.093,9.86
VWAP_EMA20_ALIGN,2022-04-01,2022,2022-04,SHORT,2022-04-01 09:27:00,2022-04-01 09:30:00,2022-04-01 09:35:00,14899.0,14825.0,74.0,14825.0,14845.0,14805.0,WIN,20.0,false,true,false,true,false,1.039,13.52
VWAP_EMA20_ALIGN,2022-04-04,2022,2022-04,LONG,2022-04-04 09:01:00,2022-04-04 09:02:00,2022-04-04 09:05:00,15074.25,15024.25,50.0,15074.25,15054.25,15094.25,WIN,20.0,true,false,true,false,false,2.322,11.89
VWAP_EMA20_ALIGN,2022-04-05,2022,2022-04,SHORT,2022-04-05 09:36:00,2022-04-05 09:37:00,2022-04-05 09:48:00,14985.75,14913.0,72.75,14913.0,14933.0,14893.0,WIN,20.0,false,true,false,true,true,2.317,12.45
VWAP_EMA20_ALIGN,2022-04-06,2022,2022-04,SHORT,2022-04-06 09:09:00,2022-04-06 09:12:00,2022-04-06 09:22:00,14525.5,14456.25,69.25,14456.25,14476.25,14436.25,LOSS,-20.0,false,true,false,true,false,2.043,14.38
VWAP_EMA20_ALIGN,2022-04-08,2022,2022-04,LONG,2022-04-08 09:00:00,2022-04-08 09:01:00,2022-04-08 09:02:00,14470.0,14356.25,113.75,14470.0,14450.0,14490.0,WIN,20.0,true,false,true,false,false,1.455,20.3
VWAP_EMA20_ALIGN,2022-04-12,2022,2022-04,SHORT,2022-04-12 10:25:00,2022-04-12 10:30:00,2022-04-12 10:47:00,14196.75,14088.0,108.75,14088.0,14108.0,14068.0,WIN,20.0,false,true,false,true,true,1.999,15.61
VWAP_EMA20_ALIGN,2022-04-13,2022,2022-04,LONG,2022-04-13 09:03:00,2022-04-13 09:04:00,2022-04-13 09:13:00,14118.0,14042.25,75.75,14118.0,14098.0,14138.0,WIN,20.0,true,false,true,false,true,3.204,16.84
VWAP_EMA20_ALIGN,2022-04-14,2022,2022-04,SHORT,2022-04-14 09:43:00,2022-04-14 10:00:00,2022-04-14 10:09:00,14082.75,14016.0,66.75,14016.0,14036.0,13996.0,LOSS,-20.0,false,true,false,true,false,1.516,11.64
VWAP_EMA20_ALIGN,2022-04-19,2022,2022-04,LONG,2022-04-19 09:15:00,2022-04-19 09:23:00,2022-04-19 09:30:00,14153.75,14078.5,75.25,14153.75,14133.75,14173.75,WIN,20.0,true,false,true,false,true,1.846,10.18
VWAP_EMA20_ALIGN,2022-04-20,2022,2022-04,SHORT,2022-04-20 09:08:00,2022-04-20 09:10:00,2022-04-20 09:12:00,14148.75,14080.0,68.75,14080.0,14100.0,14060.0,WIN,20.0,false,true,false,true,false,0.869,14.96
VWAP_EMA20_ALIGN,2022-04-26,2022,2022-04,SHORT,2022-04-26 09:00:00,2022-04-26 09:01:00,2022-04-26 09:04:00,13221.0,13137.25,83.75,13137.25,13157.25,13117.25,WIN,20.0,false,true,false,true,false,1.32,17.96
VWAP_EMA20_ALIGN,2022-04-28,2022,2022-04,LONG,2022-04-28 09:15:00,2022-04-28 09:45:00,2022-04-28 09:52:00,13119.25,13033.0,86.25,13119.25,13099.25,13139.25,WIN,20.0,true,false,true,false,false,1.555,17.96
VWAP_EMA20_ALIGN,2022-04-29,2022,2022-04,SHORT,2022-04-29 09:12:00,2022-04-29 09:13:00,2022-04-29 09:14:00,13253.0,13167.0,86.0,13167.0,13187.0,13147.0,LOSS,-20.0,false,true,false,true,false,1.542,20.96
VWAP_EMA20_ALIGN,2022-05-04,2022,2022-05,SHORT,2022-05-04 09:02:00,2022-05-04 09:03:00,2022-05-04 09:05:00,12982.75,12919.25,63.5,12919.25,12939.25,12899.25,WIN,20.0,false,true,false,true,false,1.071,14.39
VWAP_EMA20_ALIGN,2022-05-05,2022,2022-05,SHORT,2022-05-05 09:06:00,2022-05-05 09:14:00,2022-05-05 09:15:00,13028.25,12926.0,102.25,12926.0,12946.0,12906.0,WIN,20.0,false,true,false,true,true,1.473,22.34
VWAP_EMA20_ALIGN,2022-05-09,2022,2022-05,SHORT,2022-05-09 09:00:00,2022-05-09 09:05:00,2022-05-09 09:07:00,12375.75,12292.25,83.5,12292.25,12312.25,12272.25,WIN,20.0,false,true,false,true,false,1.381,24.41
VWAP_EMA20_ALIGN,2022-05-13,2022,2022-05,LONG,2022-05-13 09:27:00,2022-05-13 09:28:00,2022-05-13 09:32:00,12344.25,12268.75,75.5,12344.25,12324.25,12364.25,LOSS,-20.0,true,false,true,false,false,2.454,16.75
VWAP_EMA20_ALIGN,2022-05-17,2022,2022-05,LONG,2022-05-17 09:36:00,2022-05-17 10:06:00,2022-05-17 10:08:00,12427.5,12328.5,99.0,12427.5,12407.5,12447.5,WIN,20.0,true,false,true,false,false,0.869,11.59
VWAP_EMA20_ALIGN,2022-05-18,2022,2022-05,SHORT,2022-05-18 09:06:00,2022-05-18 09:08:00,2022-05-18 09:10:00,12317.5,12260.0,57.5,12260.0,12280.0,12240.0,WIN,20.0,false,true,false,true,true,1.93,15.66
VWAP_EMA20_ALIGN,2022-05-19,2022,2022-05,LONG,2022-05-19 09:10:00,2022-05-19 09:11:00,2022-05-19 09:14:00,11979.5,11869.0,110.5,11979.5,11959.5,11999.5,LOSS,-20.0,true,false,true,false,false,1.494,25.61
VWAP_EMA20_ALIGN,2022-05-23,2022,2022-05,LONG,2022-05-23 09:04:00,2022-05-23 09:05:00,2022-05-23 09:08:00,11943.0,11838.0,105.0,11943.0,11923.0,11963.0,LOSS,-20.0,true,false,true,false,false,1.108,28.8
VWAP_EMA20_ALIGN,2022-05-24,2022,2022-05,LONG,2022-05-24 10:12:00,2022-05-24 10:42:00,2022-05-24 10:43:00,11667.5,11589.5,78.0,11667.5,11647.5,11687.5,WIN,20.0,true,false,true,false,false,0.776,16.05
VWAP_EMA20_ALIGN,2022-05-25,2022,2022-05,SHORT,2022-05-25 10:22:00,2022-05-25 10:49:00,2022-05-25 10:50:00,11930.0,11843.0,87.0,11843.0,11863.0,11823.0,WIN,20.0,false,true,false,true,false,1.825,13.38
VWAP_EMA20_ALIGN,2022-05-26,2022,2022-05,LONG,2022-05-26 09:00:00,2022-05-26 09:28:00,2022-05-26 09:31:00,12197.5,12126.25,71.25,12197.5,12177.5,12217.5,WIN,20.0,true,false,true,false,false,1.944,11.2
VWAP_EMA20_ALIGN,2022-05-27,2022,2022-05,LONG,2022-05-27 09:49:00,2022-05-27 09:50:00,2022-05-27 10:23:00,12593.75,12525.25,68.5,12593.75,12573.75,12613.75,LOSS,-20.0,true,false,true,false,false,1.424,8.36
VWAP_EMA20_ALIGN,2022-05-30,2022,2022-05,LONG,2022-05-30 09:30:00,2022-05-30 09:48:00,2022-05-30 10:29:00,12798.75,12750.5,48.25,12798.75,12778.75,12818.75,WIN,20.0,true,false,true,false,false,2.831,5.2
VWAP_EMA20_ALIGN,2022-05-31,2022,2022-05,LONG,2022-05-31 09:01:00,2022-05-31 09:04:00,2022-05-31 09:06:00,12646.5,12560.5,86.0,12646.5,12626.5,12666.5,LOSS,-20.0,true,false,true,false,false,1.209,17.71
VWAP_EMA20_ALIGN,2022-06-01,2022,2022-06,SHORT,2022-06-01 09:18:00,2022-06-01 09:21:00,2022-06-01 09:23:00,12665.5,12557.5,108.0,12557.5,12577.5,12537.5,WIN,20.0,false,true,false,true,false,1.299,20.41
VWAP_EMA20_ALIGN,2022-06-02,2022,2022-06,LONG,2022-06-02 09:00:00,2022-06-02 09:01:00,2022-06-02 09:02:00,12606.5,12516.25,90.25,12606.5,12586.5,12626.5,WIN,20.0,true,false,true,false,false,1.45,17.23
VWAP_EMA20_ALIGN,2022-06-03,2022,2022-06,SHORT,2022-06-03 09:00:00,2022-06-03 09:01:00,2022-06-03 09:03:00,12642.75,12564.25,78.5,12564.25,12584.25,12544.25,WIN,20.0,false,true,false,true,false,1.39,15.96
VWAP_EMA20_ALIGN,2022-06-08,2022,2022-06,SHORT,2022-06-08 09:03:00,2022-06-08 09:04:00,2022-06-08 09:11:00,12767.5,12701.25,66.25,12701.25,12721.25,12681.25,LOSS,-20.0,false,true,false,true,false,1.051,14.89
VWAP_EMA20_ALIGN,2022-06-09,2022,2022-06,SHORT,2022-06-09 09:02:00,2022-06-09 09:04:00,2022-06-09 09:07:00,12673.25,12563.75,109.5,12563.75,12583.75,12543.75,WIN,20.0,false,true,false,true,false,1.436,14.0
VWAP_EMA20_ALIGN,2022-06-10,2022,2022-06,SHORT,2022-06-10 09:00:00,2022-06-10 09:05:00,2022-06-10 09:20:00,11921.0,11855.25,65.75,11855.25,11875.25,11835.25,LOSS,-20.0,false,true,false,true,false,1.007,15.11
VWAP_EMA20_ALIGN,2022-06-13,2022,2022-06,SHORT,2022-06-13 09:01:00,2022-06-13 09:03:00,2022-06-13 09:04:00,11456.0,11371.0,85.0,11371.0,11391.0,11351.0,WIN,20.0,false,true,false,true,false,1.252,13.18
VWAP_EMA20_ALIGN,2022-06-14,2022,2022-06,LONG,2022-06-14 11:08:00,2022-06-14 11:09:00,2022-06-14 11:16:00,11383.5,11269.75,113.75,11383.5,11363.5,11403.5,WIN,20.0,true,false,true,false,false,1.881,12.82
VWAP_EMA20_ALIGN,2022-06-15,2022,2022-06,LONG,2022-06-15 09:39:00,2022-06-15 09:56:00,2022-06-15 10:14:00,11530.75,11464.0,66.75,11530.75,11510.75,11550.75,WIN,20.0,true,false,true,false,false,1.168,12.29
VWAP_EMA20_ALIGN,2022-06-17,2022,2022-06,LONG,2022-06-17 09:30:00,2022-06-17 10:00:00,2022-06-17 10:06:00,11211.5,11119.0,92.5,11211.5,11191.5,11231.5,WIN,20.0,true,false,true,false,false,1.274,19.38
VWAP_EMA20_ALIGN,2022-06-23,2022,2022-06,LONG,2022-06-23 09:13:00,2022-06-23 09:16:00,2022-06-23 09:23:00,11731.75,11633.25,98.5,11731.75,11711.75,11751.75,LOSS,-20.0,true,false,true,false,false,1.677,15.07
VWAP_EMA20_ALIGN,2022-06-28,2022,2022-06,SHORT,2022-06-28 09:17:00,2022-06-28 09:19:00,2022-06-28 09:21:00,12016.5,11934.5,82.0,11934.5,11954.5,11914.5,WIN,20.0,false,true,false,true,false,1.151,14.25
VWAP_EMA20_ALIGN,2022-06-29,2022,2022-06,SHORT,2022-06-29 09:22:00,2022-06-29 09:23:00,2022-06-29 09:25:00,11749.0,11645.75,103.25,11645.75,11665.75,11625.75,LOSS,-20.0,false,true,false,true,false,1.1,15.16
VWAP_EMA20_ALIGN,2022-06-30,2022,2022-06,LONG,2022-06-30 09:08:00,2022-06-30 09:09:00,2022-06-30 09:10:00,11493.0,11380.5,112.5,11493.0,11473.0,11513.0,WIN,20.0,true,false,true,false,true,1.597,12.75
VWAP_EMA20_ALIGN,2022-07-01,2022,2022-07,LONG,2022-07-01 09:08:00,2022-07-01 09:09:00,2022-07-01 09:16:00,11491.0,11401.0,90.0,11491.0,11471.0,11511.0,WIN,20.0,true,false,true,false,true,1.869,20.93
VWAP_EMA20_ALIGN,2022-07-06,2022,2022-07,SHORT,2022-07-06 09:10:00,2022-07-06 09:27:00,2022-07-06 09:30:00,11859.75,11795.25,64.5,11795.25,11815.25,11775.25,WIN,20.0,false,true,false,true,false,1.519,16.23
VWAP_EMA20_ALIGN,2022-07-07,2022,2022-07,LONG,2022-07-07 09:07:00,2022-07-07 09:18:00,2022-07-07 09:22:00,12068.75,12012.75,56.0,12068.75,12048.75,12088.75,LOSS,-20.0,true,false,true,false,false,1.241,7.93
VWAP_EMA20_ALIGN,2022-07-08,2022,2022-07,LONG,2022-07-08 09:01:00,2022-07-08 09:02:00,2022-07-08 09:09:00,12157.5,12111.25,46.25,12157.5,12137.5,12177.5,WIN,20.0,true,false,true,false,true,1.134,12.96
VWAP_EMA20_ALIGN,2022-07-11,2022,2022-07,SHORT,2022-07-11 09:00:00,2022-07-11 09:03:00,2022-07-11 09:07:00,11967.75,11907.0,60.75,11907.0,11927.0,11887.0,LOSS,-20.0,false,true,false,true,false,1.187,11.86
VWAP_EMA20_ALIGN,2022-07-12,2022,2022-07,LONG,2022-07-12 09:10:00,2022-07-12 09:14:00,2022-07-12 09:16:00,11906.25,11830.5,75.75,11906.25,11886.25,11926.25,LOSS,-20.0,true,false,true,false,false,2.264,15.52
VWAP_EMA20_ALIGN,2022-07-14,2022,2022-07,LONG,2022-07-14 09:09:00,2022-07-14 09:14:00,2022-07-14 09:17:00,11607.5,11532.75,74.75,11607.5,11587.5,11627.5,WIN,20.0,true,false,true,false,false,1.263,17.95
VWAP_EMA20_ALIGN,2022-07-15,2022,2022-07,LONG,2022-07-15 09:09:00,2022-07-15 09:10:00,2022-07-15 09:15:00,11974.0,11909.5,64.5,11974.0,11954.0,11994.0,WIN,20.0,true,false,true,false,true,1.945,11.64
VWAP_EMA20_ALIGN,2022-07-18,2022,2022-07,LONG,2022-07-18 09:06:00,2022-07-18 09:35:00,2022-07-18 09:44:00,12149.75,12095.5,54.25,12149.75,12129.75,12169.75,WIN,20.0,true,false,true,false,false,1.028,9.62
VWAP_EMA20_ALIGN,2022-07-19,2022,2022-07,LONG,2022-07-19 09:00:00,2022-07-19 09:01:00,2022-07-19 09:04:00,12145.75,12077.0,68.75,12145.75,12125.75,12165.75,WIN,20.0,true,false,true,false,false,1.224,7.84
VWAP_EMA20_ALIGN,2022-07-20,2022,2022-07,LONG,2022-07-20 09:35:00,2022-07-20 09:50:00,2022-07-20 09:54:00,12486.5,12386.0,100.5,12486.5,12466.5,12506.5,WIN,20.0,true,false,true,false,false,1.813,10.23
VWAP_EMA20_ALIGN,2022-07-21,2022,2022-07,LONG,2022-07-21 09:01:00,2022-07-21 09:02:00,2022-07-21 09:04:00,12482.25,12381.0,101.25,12482.25,12462.25,12502.25,WIN,20.0,true,false,true,false,false,0.944,12.27
VWAP_EMA20_ALIGN,2022-07-22,2022,2022-07,SHORT,2022-07-22 09:03:00,2022-07-22 09:13:00,2022-07-22 09:16:00,12612.25,12561.25,51.0,12561.25,12581.25,12541.25,WIN,20.0,false,true,false,true,true,2.21,14.57
VWAP_EMA20_ALIGN,2022-07-25,2022,2022-07,SHORT,2022-07-25 09:13:00,2022-07-25 09:15:00,2022-07-25 09:24:00,12379.75,12313.0,66.75,12313.0,12333.0,12293.0,LOSS,-20.0,false,true,false,true,false,1.578,14.82
VWAP_EMA20_ALIGN,2022-07-26,2022,2022-07,SHORT,2022-07-26 09:06:00,2022-07-26 09:27:00,2022-07-26 09:31:00,12197.75,12158.0,39.75,12158.0,12178.0,12138.0,WIN,20.0,false,true,false,true,false,2.09,9.8
VWAP_EMA20_ALIGN,2022-07-27,2022,2022-07,LONG,2022-07-27 09:00:00,2022-07-27 09:01:00,2022-07-27 09:03:00,12427.5,12387.5,40.0,12427.5,12407.5,12447.5,WIN,20.0,true,false,true,false,false,1.251,7.54
VWAP_EMA20_ALIGN,2022-07-29,2022,2022-07,SHORT,2022-07-29 09:02:00,2022-07-29 09:03:00,2022-07-29 09:04:00,12929.5,12860.75,68.75,12860.75,12880.75,12840.75,WIN,20.0,false,true,false,true,false,1.243,12.11
VWAP_EMA20_ALIGN,2022-08-03,2022,2022-08,LONG,2022-08-03 09:00:00,2022-08-03 09:01:00,2022-08-03 09:11:00,13144.5,13060.75,83.75,13144.5,13124.5,13164.5,WIN,20.0,true,false,true,false,false,1.371,11.61
VWAP_EMA20_ALIGN,2022-08-04,2022,2022-08,LONG,2022-08-04 09:50:00,2022-08-04 09:51:00,2022-08-04 09:52:00,13264.5,13184.75,79.75,13264.5,13244.5,13284.5,WIN,20.0,true,false,true,false,false,0.981,13.39
VWAP_EMA20_ALIGN,2022-08-05,2022,2022-08,SHORT,2022-08-05 09:00:00,2022-08-05 09:01:00,2022-08-05 09:02:00,13276.75,13214.75,62.0,13214.75,13234.75,13194.75,WIN,20.0,false,true,false,true,true,1.387,12.61
VWAP_EMA20_ALIGN,2022-08-08,2022,2022-08,SHORT,2022-08-08 09:15:00,2022-08-08 09:16:00,2022-08-08 09:17:00,13386.75,13313.25,73.5,13313.25,13333.25,13293.25,WIN,20.0,false,true,false,true,false,1.389,11.77
VWAP_EMA20_ALIGN,2022-08-09,2022,2022-08,SHORT,2022-08-09 09:01:00,2022-08-09 09:09:00,2022-08-09 09:14:00,13062.25,13008.0,54.25,13008.0,13028.0,12988.0,LOSS,-20.0,false,true,false,true,true,1.649,12.73
VWAP_EMA20_ALIGN,2022-08-10,2022,2022-08,LONG,2022-08-10 09:00:00,2022-08-10 09:01:00,2022-08-10 09:02:00,13341.25,13271.5,69.75,13341.25,13321.25,13361.25,WIN,20.0,true,false,true,false,true,2.73,9.68
VWAP_EMA20_ALIGN,2022-08-11,2022,2022-08,SHORT,2022-08-11 09:03:00,2022-08-11 09:04:00,2022-08-11 09:05:00,13548.75,13466.0,82.75,13466.0,13486.0,13446.0,WIN,20.0,false,true,false,true,false,1.422,10.7
VWAP_EMA20_ALIGN,2022-08-12,2022,2022-08,LONG,2022-08-12 09:02:00,2022-08-12 09:04:00,2022-08-12 09:16:00,13446.0,13385.0,61.0,13446.0,13426.0,13466.0,WIN,20.0,true,false,true,false,true,2.223,10.93
VWAP_EMA20_ALIGN,2022-08-15,2022,2022-08,SHORT,2022-08-15 09:00:00,2022-08-15 09:12:00,2022-08-15 09:18:00,13596.25,13548.75,47.5,13548.75,13568.75,13528.75,LOSS,-20.0,false,true,false,true,false,1.566,10.38
VWAP_EMA20_ALIGN,2022-08-17,2022,2022-08,SHORT,2022-08-17 09:43:00,2022-08-17 09:45:00,2022-08-17 10:05:00,13491.25,13423.75,67.5,13423.75,13443.75,13403.75,LOSS,-20.0,false,true,false,true,false,2.535,10.43
VWAP_EMA20_ALIGN,2022-08-18,2022,2022-08,LONG,2022-08-18 09:15:00,2022-08-18 09:23:00,2022-08-18 09:25:00,13533.75,13453.75,80.0,13533.75,13513.75,13553.75,WIN,20.0,true,false,true,false,false,1.509,12.04
VWAP_EMA20_ALIGN,2022-08-19,2022,2022-08,SHORT,2022-08-19 09:04:00,2022-08-19 09:08:00,2022-08-19 09:46:00,13309.0,13262.5,46.5,13262.5,13282.5,13242.5,LOSS,-20.0,false,true,false,true,false,0.957,9.5
VWAP_EMA20_ALIGN,2022-08-22,2022,2022-08,SHORT,2022-08-22 09:00:00,2022-08-22 09:11:00,2022-08-22 09:16:00,13006.75,12951.0,55.75,12951.0,12971.0,12931.0,LOSS,-20.0,false,true,false,true,false,1.229,9.2
VWAP_EMA20_ALIGN,2022-08-23,2022,2022-08,SHORT,2022-08-23 09:01:00,2022-08-23 09:05:00,2022-08-23 09:12:00,12986.75,12894.5,92.25,12894.5,12914.5,12874.5,LOSS,-20.0,false,true,false,true,false,1.222,14.11
VWAP_EMA20_ALIGN,2022-08-24,2022,2022-08,LONG,2022-08-24 11:09:00,2022-08-24 11:10:00,2022-08-24 11:21:00,12955.25,12907.75,47.5,12955.25,12935.25,12975.25,LOSS,-20.0,true,false,true,false,false,1.387,6.73
VWAP_EMA20_ALIGN,2022-08-26,2022,2022-08,SHORT,2022-08-26 09:02:00,2022-08-26 09:03:00,2022-08-26 09:04:00,12987.25,12868.75,118.5,12868.75,12888.75,12848.75,WIN,20.0,false,true,false,true,false,1.549,19.66
VWAP_EMA20_ALIGN,2022-08-31,2022,2022-08,SHORT,2022-08-31 09:00:00,2022-08-31 09:01:00,2022-08-31 09:02:00,12422.0,12352.25,69.75,12352.25,12372.25,12332.25,WIN,20.0,false,true,false,true,false,1.453,17.89
VWAP_EMA20_ALIGN,2022-09-01,2022,2022-09,SHORT,2022-09-01 09:00:00,2022-09-01 09:03:00,2022-09-01 09:06:00,12167.25,12052.75,114.5,12052.75,12072.75,12032.75,LOSS,-20.0,false,true,false,true,false,1.322,11.29
VWAP_EMA20_ALIGN,2022-09-07,2022,2022-09,LONG,2022-09-07 09:06:00,2022-09-07 09:08:00,2022-09-07 09:11:00,12109.75,12048.75,61.0,12109.75,12089.75,12129.75,WIN,20.0,true,false,true,false,false,0.991,12.98
VWAP_EMA20_ALIGN,2022-09-08,2022,2022-09,SHORT,2022-09-08 10:04:00,2022-09-08 10:05:00,2022-09-08 10:06:00,12341.75,12235.75,106.0,12235.75,12255.75,12215.75,WIN,20.0,false,true,false,true,true,1.865,12.93
VWAP_EMA20_ALIGN,2022-09-09,2022,2022-09,LONG,2022-09-09 09:33:00,2022-09-09 09:38:00,2022-09-09 09:50:00,12570.0,12512.25,57.75,12570.0,12550.0,12590.0,LOSS,-20.0,true,false,true,false,false,2.041,10.8
VWAP_EMA20_ALIGN,2022-09-12,2022,2022-09,SHORT,2022-09-12 10:01:00,2022-09-12 10:31:00,2022-09-12 10:35:00,12830.75,12777.25,53.5,12777.25,12797.25,12757.25,WIN,20.0,false,true,false,true,false,0.787,27.3
VWAP_EMA20_ALIGN,2022-09-13,2022,2022-09,SHORT,2022-09-13 09:07:00,2022-09-13 09:08:00,2022-09-13 09:22:00,12393.5,12292.0,101.5,12292.0,12312.0,12272.0,WIN,20.0,false,true,false,true,false,0.898,10.38
VWAP_EMA20_ALIGN,2022-09-16,2022,2022-09,SHORT,2022-09-16 09:00:00,2022-09-16 09:03:00,2022-09-16 09:06:00,11916.5,11814.25,102.25,11814.25,11834.25,11794.25,LOSS,-20.0,false,true,false,true,false,1.12,15.3
VWAP_EMA20_ALIGN,2022-09-19,2022,2022-09,SHORT,2022-09-19 09:35:00,2022-09-19 09:46:00,2022-09-19 09:58:00,11974.5,11893.0,81.5,11893.0,11913.0,11873.0,WIN,20.0,false,true,false,true,false,1.432,10.61
VWAP_EMA20_ALIGN,2022-09-20,2022,2022-09,LONG,2022-09-20 09:00:00,2022-09-20 09:07:00,2022-09-20 09:12:00,11966.0,11890.25,75.75,11966.0,11946.0,11986.0,WIN,20.0,true,false,true,false,false,0.995,11.66
VWAP_EMA20_ALIGN,2022-09-21,2022,2022-09,LONG,2022-09-21 10:34:00,2022-09-21 10:35:00,2022-09-21 11:00:00,11999.75,11941.0,58.75,11999.75,11979.75,12019.75,LOSS,-20.0,true,false,true,false,false,1.765,5.66
VWAP_EMA20_ALIGN,2022-09-22,2022,2022-09,SHORT,2022-09-22 09:03:00,2022-09-22 09:15:00,2022-09-22 09:21:00,11624.25,11535.5,88.75,11535.5,11555.5,11515.5,WIN,20.0,false,true,false,true,false,0.966,12.61
VWAP_EMA20_ALIGN,2022-09-23,2022,2022-09,SHORT,2022-09-23 09:44:00,2022-09-23 09:45:00,2022-09-23 09:46:00,11419.0,11363.75,55.25,11363.75,11383.75,11343.75,WIN,20.0,false,true,false,true,false,1.813,11.29
VWAP_EMA20_ALIGN,2022-09-28,2022,2022-09,LONG,2022-09-28 09:20:00,2022-09-28 09:21:00,2022-09-28 09:22:00,11432.5,11380.0,52.5,11432.5,11412.5,11452.5,WIN,20.0,true,false,true,false,true,2.153,14.0
VWAP_EMA20_ALIGN,2022-09-30,2022,2022-09,LONG,2022-09-30 09:04:00,2022-09-30 09:05:00,2022-09-30 09:08:00,11316.5,11249.5,67.0,11316.5,11296.5,11336.5,WIN,20.0,true,false,true,false,false,1.318,17.96
VWAP_EMA20_ALIGN,2022-10-03,2022,2022-10,LONG,2022-10-03 11:11:00,2022-10-03 11:21:00,2022-10-03 11:23:00,11230.5,11194.0,36.5,11230.5,11210.5,11250.5,WIN,20.0,true,false,true,false,false,1.058,8.79
VWAP_EMA20_ALIGN,2022-10-06,2022,2022-10,LONG,2022-10-06 09:00:00,2022-10-06 09:21:00,2022-10-06 09:35:00,11644.0,11526.5,117.5,11644.0,11624.0,11664.0,LOSS,-20.0,true,false,true,false,false,2.128,15.41
VWAP_EMA20_ALIGN,2022-10-07,2022,2022-10,SHORT,2022-10-07 09:19:00,2022-10-07 09:27:00,2022-10-07 09:42:00,11262.0,11208.0,54.0,11208.0,11228.0,11188.0,WIN,20.0,false,true,false,true,true,2.677,13.09
VWAP_EMA20_ALIGN,2022-10-11,2022,2022-10,LONG,2022-10-11 09:03:00,2022-10-11 09:15:00,2022-10-11 09:30:00,10901.5,10808.75,92.75,10901.5,10881.5,10921.5,WIN,20.0,true,false,true,false,true,3.032,17.21
VWAP_EMA20_ALIGN,2022-10-12,2022,2022-10,LONG,2022-10-12 09:18:00,2022-10-12 09:21:00,2022-10-12 09:33:00,10889.0,10807.5,81.5,10889.0,10869.0,10909.0,LOSS,-20.0,true,false,true,false,false,1.184,12.23
VWAP_EMA20_ALIGN,2022-10-14,2022,2022-10,SHORT,2022-10-14 09:45:00,2022-10-14 09:46:00,2022-10-14 09:52:00,10948.5,10852.75,95.75,10852.75,10872.75,10832.75,WIN,20.0,false,true,false,true,true,1.976,17.82
VWAP_EMA20_ALIGN,2022-10-17,2022,2022-10,LONG,2022-10-17 09:41:00,2022-10-17 09:47:00,2022-10-17 09:53:00,11109.5,11027.25,82.25,11109.5,11089.5,11129.5,WIN,20.0,true,false,true,false,false,1.341,11.45
VWAP_EMA20_ALIGN,2022-10-18,2022,2022-10,SHORT,2022-10-18 09:07:00,2022-10-18 09:10:00,2022-10-18 09:12:00,11282.0,11214.0,68.0,11214.0,11234.0,11194.0,WIN,20.0,false,true,false,true,true,2.56,14.5
VWAP_EMA20_ALIGN,2022-10-19,2022,2022-10,SHORT,2022-10-19 09:27:00,2022-10-19 09:35:00,2022-10-19 09:38:00,11284.5,11177.25,107.25,11177.25,11197.25,11157.25,LOSS,-20.0,false,true,false,true,false,1.04,14.23
VWAP_EMA20_ALIGN,2022-10-21,2022,2022-10,SHORT,2022-10-21 09:01:00,2022-10-21 09:03:00,2022-10-21 09:04:00,11156.0,11078.75,77.25,11078.75,11098.75,11058.75,WIN,20.0,false,true,false,true,false,1.246,21.8
VWAP_EMA20_ALIGN,2022-10-25,2022,2022-10,LONG,2022-10-25 09:06:00,2022-10-25 09:07:00,2022-10-25 09:09:00,11650.5,11606.0,44.5,11650.5,11630.5,11670.5,WIN,20.0,true,false,true,false,false,1.175,9.84
VWAP_EMA20_ALIGN,2022-10-26,2022,2022-10,LONG,2022-10-26 09:03:00,2022-10-26 09:06:00,2022-10-26 09:12:00,11654.75,11560.25,94.5,11654.75,11634.75,11674.75,WIN,20.0,true,false,true,false,false,1.269,11.07
VWAP_EMA20_ALIGN,2022-10-28,2022,2022-10,LONG,2022-10-28 09:00:00,2022-10-28 09:10:00,2022-10-28 09:11:00,11471.75,11378.25,93.5,11471.75,11451.75,11491.75,WIN,20.0,true,false,true,false,false,1.359,11.54
VWAP_EMA20_ALIGN,2022-10-31,2022,2022-10,LONG,2022-10-31 09:28:00,2022-10-31 09:58:00,2022-10-31 09:59:00,11436.75,11367.25,69.5,11436.75,11416.75,11456.75,WIN,20.0,true,false,true,false,false,1.374,11.61
VWAP_EMA20_ALIGN,2022-11-01,2022,2022-11,SHORT,2022-11-01 09:39:00,2022-11-01 09:41:00,2022-11-01 09:57:00,11445.5,11342.25,103.25,11342.25,11362.25,11322.25,LOSS,-20.0,false,true,false,true,false,2.843,13.3
VWAP_EMA20_ALIGN,2022-11-02,2022,2022-11,SHORT,2022-11-02 09:11:00,2022-11-02 09:12:00,2022-11-02 09:16:00,11287.25,11254.0,33.25,11254.0,11274.0,11234.0,WIN,20.0,false,true,false,true,false,1.123,7.59
VWAP_EMA20_ALIGN,2022-11-03,2022,2022-11,SHORT,2022-11-03 09:29:00,2022-11-03 09:30:00,2022-11-03 09:32:00,10882.5,10780.25,102.25,10780.25,10800.25,10760.25,WIN,20.0,false,true,false,true,false,1.205,13.64
VWAP_EMA20_ALIGN,2022-11-08,2022,2022-11,LONG,2022-11-08 09:16:00,2022-11-08 09:17:00,2022-11-08 09:21:00,11086.0,11006.75,79.25,11086.0,11066.0,11106.0,WIN,20.0,true,false,true,false,false,1.201,16.66
VWAP_EMA20_ALIGN,2022-11-09,2022,2022-11,SHORT,2022-11-09 09:34:00,2022-11-09 09:41:00,2022-11-09 09:56:00,11040.0,10961.5,78.5,10961.5,10981.5,10941.5,WIN,20.0,false,true,false,true,false,2.497,16.3
VWAP_EMA20_ALIGN,2022-11-14,2022,2022-11,LONG,2022-11-14 09:07:00,2022-11-14 09:08:00,2022-11-14 09:10:00,11785.5,11702.0,83.5,11785.5,11765.5,11805.5,WIN,20.0,true,false,true,false,false,1.343,16.68
VWAP_EMA20_ALIGN,2022-11-15,2022,2022-11,SHORT,2022-11-15 09:50:00,2022-11-15 10:01:00,2022-11-15 10:07:00,12063.5,11963.0,100.5,11963.0,11983.0,11943.0,LOSS,-20.0,false,true,false,true,false,1.523,16.36
VWAP_EMA20_ALIGN,2022-11-16,2022,2022-11,SHORT,2022-11-16 09:15:00,2022-11-16 09:16:00,2022-11-16 09:17:00,11836.25,11749.5,86.75,11749.5,11769.5,11729.5,WIN,20.0,false,true,false,true,false,1.587,15.66
VWAP_EMA20_ALIGN,2022-11-17,2022,2022-11,LONG,2022-11-17 09:18:00,2022-11-17 09:35:00,2022-11-17 09:38:00,11635.25,11543.75,91.5,11635.25,11615.25,11655.25,WIN,20.0,true,false,true,false,false,0.994,16.34
VWAP_EMA20_ALIGN,2022-11-18,2022,2022-11,SHORT,2022-11-18 09:00:00,2022-11-18 09:01:00,2022-11-18 09:02:00,11842.5,11735.5,107.0,11735.5,11755.5,11715.5,WIN,20.0,false,true,false,true,true,1.703,15.21
VWAP_EMA20_ALIGN,2022-11-21,2022,2022-11,SHORT,2022-11-21 09:06:00,2022-11-21 09:08:00,2022-11-21 09:21:00,11699.75,11628.25,71.5,11628.25,11648.25,11608.25,WIN,20.0,false,true,false,true,false,2.624,13.41
VWAP_EMA20_ALIGN,2022-11-22,2022,2022-11,LONG,2022-11-22 09:47:00,2022-11-22 09:48:00,2022-11-22 09:50:00,11628.25,11527.25,101.0,11628.25,11608.25,11648.25,WIN,20.0,true,false,true,false,true,1.673,11.88
VWAP_EMA20_ALIGN,2022-11-23,2022,2022-11,LONG,2022-11-23 09:00:00,2022-11-23 09:06:00,2022-11-23 09:32:00,11852.0,11745.25,106.75,11852.0,11832.0,11872.0,WIN,20.0,true,false,true,false,false,2.448,14.79
VWAP_EMA20_ALIGN,2022-11-28,2022,2022-11,SHORT,2022-11-28 09:25:00,2022-11-28 09:26:00,2022-11-28 09:40:00,11788.5,11694.0,94.5,11694.0,11714.0,11674.0,LOSS,-20.0,false,true,false,true,true,2.299,11.93
VWAP_EMA20_ALIGN,2022-11-29,2022,2022-11,LONG,2022-11-29 09:30:00,2022-11-29 09:50:00,2022-11-29 09:51:00,11628.0,11565.25,62.75,11628.0,11608.0,11648.0,LOSS,-20.0,true,false,true,false,false,2.108,11.39
VWAP_EMA20_ALIGN,2022-11-30,2022,2022-11,SHORT,2022-11-30 11:19:00,2022-11-30 11:20:00,2022-11-30 11:21:00,11581.5,11518.75,62.75,11518.75,11538.75,11498.75,WIN,20.0,false,true,false,true,false,2.505,7.41
VWAP_EMA20_ALIGN,2022-12-01,2022,2022-12,SHORT,2022-12-01 09:20:00,2022-12-01 09:50:00,2022-12-01 09:57:00,12136.0,12031.5,104.5,12031.5,12051.5,12011.5,LOSS,-20.0,false,true,false,true,false,0.644,19.95
VWAP_EMA20_ALIGN,2022-12-02,2022,2022-12,LONG,2022-12-02 09:12:00,2022-12-02 09:20:00,2022-12-02 09:28:00,11915.5,11837.25,78.25,11915.5,11895.5,11935.5,LOSS,-20.0,true,false,true,false,false,1.605,18.59
VWAP_EMA20_ALIGN,2022-12-05,2022,2022-12,SHORT,2022-12-05 09:00:00,2022-12-05 09:04:00,2022-12-05 09:08:00,11972.25,11911.75,60.5,11911.75,11931.75,11891.75,WIN,20.0,false,true,false,true,false,4.883,15.62
VWAP_EMA20_ALIGN,2022-12-09,2022,2022-12,LONG,2022-12-09 09:31:00,2022-12-09 09:32:00,2022-12-09 09:34:00,11660.75,11550.0,110.75,11660.75,11640.75,11680.75,LOSS,-20.0,true,false,true,false,false,1.811,18.29
VWAP_EMA20_ALIGN,2022-12-14,2022,2022-12,LONG,2022-12-14 09:02:00,2022-12-14 09:04:00,2022-12-14 09:07:00,12015.25,11930.0,85.25,12015.25,11995.25,12035.25,WIN,20.0,true,false,true,false,false,0.811,14.93
VWAP_EMA20_ALIGN,2022-12-16,2022,2022-12,SHORT,2022-12-16 09:06:00,2022-12-16 09:07:00,2022-12-16 09:09:00,11491.5,11406.0,85.5,11406.0,11426.0,11386.0,WIN,20.0,false,true,false,true,false,1.489,16.11
VWAP_EMA20_ALIGN,2022-12-19,2022,2022-12,SHORT,2022-12-19 09:02:00,2022-12-19 09:03:00,2022-12-19 09:06:00,11359.0,11254.25,104.75,11254.25,11274.25,11234.25,WIN,20.0,false,true,false,true,false,2.037,10.93
VWAP_EMA20_ALIGN,2022-12-20,2022,2022-12,LONG,2022-12-20 09:00:00,2022-12-20 09:02:00,2022-12-20 09:05:00,11177.75,11066.75,111.0,11177.75,11157.75,11197.75,WIN,20.0,true,false,true,false,false,1.129,17.89
VWAP_EMA20_ALIGN,2022-12-21,2022,2022-12,LONG,2022-12-21 09:08:00,2022-12-21 09:12:00,2022-12-21 09:15:00,11273.75,11181.0,92.75,11273.75,11253.75,11293.75,WIN,20.0,true,false,true,false,false,1.395,16.0
VWAP_EMA20_ALIGN,2022-12-30,2022,2022-12,LONG,2022-12-30 09:47:00,2022-12-30 09:48:00,2022-12-30 09:49:00,10947.75,10855.5,92.25,10947.75,10927.75,10967.75,WIN,20.0,true,false,true,false,false,2.482,10.0
VWAP_EMA20_ALIGN,2023-01-04,2023,2023-01,SHORT,2023-01-04 09:00:00,2023-01-04 09:04:00,2023-01-04 09:05:00,11046.5,10954.5,92.0,10954.5,10974.5,10934.5,WIN,20.0,false,true,false,true,false,3.464,20.54
VWAP_EMA20_ALIGN,2023-01-09,2023,2023-01,LONG,2023-01-09 09:00:00,2023-01-09 09:02:00,2023-01-09 09:13:00,11311.75,11194.75,117.0,11311.75,11291.75,11331.75,LOSS,-20.0,true,false,true,false,false,1.387,12.5
VWAP_EMA20_ALIGN,2023-01-10,2023,2023-01,LONG,2023-01-10 09:12:00,2023-01-10 09:14:00,2023-01-10 09:16:00,11246.0,11138.0,108.0,11246.0,11226.0,11266.0,WIN,20.0,true,false,true,false,true,1.944,20.04
VWAP_EMA20_ALIGN,2023-01-11,2023,2023-01,LONG,2023-01-11 09:10:00,2023-01-11 09:22:00,2023-01-11 09:27:00,11363.25,11291.0,72.25,11363.25,11343.25,11383.25,WIN,20.0,true,false,true,false,false,1.24,12.7
VWAP_EMA20_ALIGN,2023-01-13,2023,2023-01,LONG,2023-01-13 09:00:00,2023-01-13 09:05:00,2023-01-13 09:06:00,11477.25,11408.75,68.5,11477.25,11457.25,11497.25,WIN,20.0,true,false,true,false,false,3.136,18.89
VWAP_EMA20_ALIGN,2023-01-17,2023,2023-01,LONG,2023-01-17 09:00:00,2023-01-17 09:01:00,2023-01-17 09:02:00,11627.25,11549.5,77.75,11627.25,11607.25,11647.25,WIN,20.0,true,false,true,false,true,2.96,14.41
VWAP_EMA20_ALIGN,2023-01-18,2023,2023-01,LONG,2023-01-18 09:00:00,2023-01-18 09:01:00,2023-01-18 09:02:00,11726.75,11672.25,54.5,11726.75,11706.75,11746.75,WIN,20.0,true,false,true,false,true,2.475,14.66
VWAP_EMA20_ALIGN,2023-01-19,2023,2023-01,SHORT,2023-01-19 09:46:00,2023-01-19 09:52:00,2023-01-19 09:55:00,11446.5,11348.75,97.75,11348.75,11368.75,11328.75,WIN,20.0,false,true,false,true,false,2.344,13.95
VWAP_EMA20_ALIGN,2023-01-20,2023,2023-01,LONG,2023-01-20 09:05:00,2023-01-20 09:06:00,2023-01-20 09:26:00,11473.0,11383.5,89.5,11473.0,11453.0,11493.0,LOSS,-20.0,true,false,true,false,true,1.405,13.04
VWAP_EMA20_ALIGN,2023-01-25,2023,2023-01,SHORT,2023-01-25 09:00:00,2023-01-25 09:14:00,2023-01-25 09:17:00,11724.0,11622.0,102.0,11622.0,11642.0,11602.0,LOSS,-20.0,false,true,false,true,false,1.877,16.79
VWAP_EMA20_ALIGN,2023-01-27,2023,2023-01,LONG,2023-01-27 09:02:00,2023-01-27 09:03:00,2023-01-27 09:06:00,12147.0,12041.75,105.25,12147.0,12127.0,12167.0,WIN,20.0,true,false,true,false,false,1.855,17.05
VWAP_EMA20_ALIGN,2023-01-30,2023,2023-01,LONG,2023-01-30 09:01:00,2023-01-30 09:04:00,2023-01-30 09:11:00,12131.5,12059.5,72.0,12131.5,12111.5,12151.5,LOSS,-20.0,true,false,true,false,false,1.352,18.09
VWAP_EMA20_ALIGN,2023-01-31,2023,2023-01,LONG,2023-01-31 09:29:00,2023-01-31 09:30:00,2023-01-31 09:50:00,12055.25,11969.0,86.25,12055.25,12035.25,12075.25,WIN,20.0,true,false,true,false,false,1.867,13.93
VWAP_EMA20_ALIGN,2023-02-01,2023,2023-02,SHORT,2023-02-01 09:51:00,2023-02-01 09:52:00,2023-02-01 10:00:00,12158.0,12101.25,56.75,12101.25,12121.25,12081.25,WIN,20.0,false,true,false,true,false,2.007,11.29
VWAP_EMA20_ALIGN,2023-02-06,2023,2023-02,LONG,2023-02-06 09:01:00,2023-02-06 09:02:00,2023-02-06 09:08:00,12569.0,12502.5,66.5,12569.0,12549.0,12589.0,WIN,20.0,true,false,true,false,false,1.241,22.16
VWAP_EMA20_ALIGN,2023-02-07,2023,2023-02,SHORT,2023-02-07 09:00:00,2023-02-07 09:09:00,2023-02-07 09:18:00,12554.25,12488.75,65.5,12488.75,12508.75,12468.75,LOSS,-20.0,false,true,false,true,false,1.425,17.23
VWAP_EMA20_ALIGN,2023-02-08,2023,2023-02,SHORT,2023-02-08 09:06:00,2023-02-08 09:30:00,2023-02-08 09:31:00,12752.0,12662.5,89.5,12662.5,12682.5,12642.5,WIN,20.0,false,true,false,true,false,1.31,19.59
VWAP_EMA20_ALIGN,2023-02-09,2023,2023-02,SHORT,2023-02-09 09:27:00,2023-02-09 09:29:00,2023-02-09 09:30:00,12728.5,12634.25,94.25,12634.25,12654.25,12614.25,WIN,20.0,false,true,false,true,true,2.428,16.59
VWAP_EMA20_ALIGN,2023-02-10,2023,2023-02,SHORT,2023-02-10 09:00:00,2023-02-10 09:02:00,2023-02-10 09:03:00,12394.0,12311.5,82.5,12311.5,12331.5,12291.5,WIN,20.0,false,true,false,true,true,2.101,22.16
VWAP_EMA20_ALIGN,2023-02-13,2023,2023-02,LONG,2023-02-13 09:00:00,2023-02-13 09:01:00,2023-02-13 09:04:00,12465.75,12352.0,113.75,12465.75,12445.75,12485.75,LOSS,-20.0,true,false,true,false,false,1.426,15.54
VWAP_EMA20_ALIGN,2023-02-15,2023,2023-02,SHORT,2023-02-15 09:07:00,2023-02-15 09:08:00,2023-02-15 09:13:00,12631.5,12543.5,88.0,12543.5,12563.5,12523.5,LOSS,-20.0,false,true,false,true,false,1.231,18.79
VWAP_EMA20_ALIGN,2023-02-16,2023,2023-02,LONG,2023-02-16 09:22:00,2023-02-16 09:27:00,2023-02-16 09:29:00,12592.0,12496.5,95.5,12592.0,12572.0,12612.0,WIN,20.0,true,false,true,false,false,0.657,15.71
VWAP_EMA20_ALIGN,2023-02-21,2023,2023-02,SHORT,2023-02-21 09:00:00,2023-02-21 09:10:00,2023-02-21 09:12:00,12290.0,12216.5,73.5,12216.5,12236.5,12196.5,WIN,20.0,false,true,false,true,false,1.244,19.27
VWAP_EMA20_ALIGN,2023-02-22,2023,2023-02,SHORT,2023-02-22 09:00:00,2023-02-22 09:01:00,2023-02-22 09:02:00,12174.5,12115.5,59.0,12115.5,12135.5,12095.5,WIN,20.0,false,true,false,true,false,1.422,13.64
VWAP_EMA20_ALIGN,2023-02-23,2023,2023-02,SHORT,2023-02-23 09:06:00,2023-02-23 09:15:00,2023-02-23 09:16:00,12259.75,12197.25,62.5,12197.25,12217.25,12177.25,WIN,20.0,false,true,false,true,true,1.945,14.23
VWAP_EMA20_ALIGN,2023-02-24,2023,2023-02,SHORT,2023-02-24 09:07:00,2023-02-24 09:10:00,2023-02-24 09:16:00,12043.0,11955.25,87.75,11955.25,11975.25,11935.25,WIN,20.0,false,true,false,true,true,1.401,16.89
VWAP_EMA20_ALIGN,2023-02-27,2023,2023-02,LONG,2023-02-27 09:00:00,2023-02-27 09:03:00,2023-02-27 09:08:00,12151.5,12106.25,45.25,12151.5,12131.5,12171.5,WIN,20.0,true,false,true,false,false,1.472,11.71
VWAP_EMA20_ALIGN,2023-02-28,2023,2023-02,LONG,2023-02-28 09:01:00,2023-02-28 09:04:00,2023-02-28 09:10:00,12113.25,12041.5,71.75,12113.25,12093.25,12133.25,LOSS,-20.0,true,false,true,false,false,1.78,14.84
VWAP_EMA20_ALIGN,2023-03-01,2023,2023-03,SHORT,2023-03-01 09:07:00,2023-03-01 09:37:00,2023-03-01 09:41:00,12079.5,12004.0,75.5,12004.0,12024.0,11984.0,LOSS,-20.0,false,true,false,true,false,1.297,17.79
VWAP_EMA20_ALIGN,2023-03-02,2023,2023-03,LONG,2023-03-02 09:01:00,2023-03-02 09:04:00,2023-03-02 09:20:00,11911.5,11846.25,65.25,11911.5,11891.5,11931.5,LOSS,-20.0,true,false,true,false,false,1.38,12.16
VWAP_EMA20_ALIGN,2023-03-03,2023,2023-03,LONG,2023-03-03 09:00:00,2023-03-03 09:15:00,2023-03-03 09:25:00,12199.5,12111.5,88.0,12199.5,12179.5,12219.5,WIN,20.0,true,false,true,false,false,2.27,11.46
VWAP_EMA20_ALIGN,2023-03-06,2023,2023-03,LONG,2023-03-06 09:08:00,2023-03-06 09:10:00,2023-03-06 09:17:00,12396.5,12347.25,49.25,12396.5,12376.5,12416.5,WIN,20.0,true,false,true,false,false,1.74,12.09
VWAP_EMA20_ALIGN,2023-03-07,2023,2023-03,SHORT,2023-03-07 09:05:00,2023-03-07 09:35:00,2023-03-07 09:39:00,12362.75,12313.0,49.75,12313.0,12333.0,12293.0,WIN,20.0,false,true,false,true,false,1.396,16.7
VWAP_EMA20_ALIGN,2023-03-08,2023,2023-03,SHORT,2023-03-08 09:00:00,2023-03-08 09:02:00,2023-03-08 09:03:00,12216.0,12155.0,61.0,12155.0,12175.0,12135.0,WIN,20.0,false,true,false,true,true,4.252,14.39
VWAP_EMA20_ALIGN,2023-03-09,2023,2023-03,LONG,2023-03-09 09:03:00,2023-03-09 09:04:00,2023-03-09 09:11:00,12339.5,12230.0,109.5,12339.5,12319.5,12359.5,LOSS,-20.0,true,false,true,false,false,1.383,11.39
VWAP_EMA20_ALIGN,2023-03-14,2023,2023-03,LONG,2023-03-14 09:13:00,2023-03-14 09:16:00,2023-03-14 09:26:00,12327.25,12288.25,39.0,12327.25,12307.25,12347.25,WIN,20.0,true,false,true,false,false,0.996,7.88
VWAP_EMA20_ALIGN,2023-03-15,2023,2023-03,LONG,2023-03-15 09:07:00,2023-03-15 09:08:00,2023-03-15 09:19:00,12238.75,12152.25,86.5,12238.75,12218.75,12258.75,WIN,20.0,true,false,true,false,false,1.491,16.91
VWAP_EMA20_ALIGN,2023-03-17,2023,2023-03,SHORT,2023-03-17 09:23:00,2023-03-17 09:24:00,2023-03-17 09:25:00,12703.5,12605.75,97.75,12605.75,12625.75,12585.75,WIN,20.0,false,true,false,true,true,2.245,14.73
VWAP_EMA20_ALIGN,2023-03-20,2023,2023-03,LONG,2023-03-20 09:00:00,2023-03-20 09:03:00,2023-03-20 09:27:00,12651.25,12585.25,66.0,12651.25,12631.25,12671.25,WIN,20.0,true,false,true,false,false,1.153,12.23
VWAP_EMA20_ALIGN,2023-03-21,2023,2023-03,LONG,2023-03-21 09:14:00,2023-03-21 09:15:00,2023-03-21 09:39:00,12763.75,12713.25,50.5,12763.75,12743.75,12783.75,LOSS,-20.0,true,false,true,false,false,1.602,9.45
VWAP_EMA20_ALIGN,2023-03-22,2023,2023-03,LONG,2023-03-22 09:38:00,2023-03-22 09:39:00,2023-03-22 10:07:00,12937.25,12901.75,35.5,12937.25,12917.25,12957.25,LOSS,-20.0,true,false,true,false,false,1.697,6.43
VWAP_EMA20_ALIGN,2023-03-23,2023,2023-03,LONG,2023-03-23 09:00:00,2023-03-23 09:01:00,2023-03-23 09:08:00,13006.0,12920.25,85.75,13006.0,12986.0,13026.0,WIN,20.0,true,false,true,false,true,1.432,9.79
VWAP_EMA20_ALIGN,2023-03-24,2023,2023-03,SHORT,2023-03-24 09:08:00,2023-03-24 09:09:00,2023-03-24 09:10:00,12840.25,12772.25,68.0,12772.25,12792.25,12752.25,WIN,20.0,false,true,false,true,false,1.441,15.43
VWAP_EMA20_ALIGN,2023-03-27,2023,2023-03,SHORT,2023-03-27 09:00:00,2023-03-27 09:03:00,2023-03-27 09:07:00,12898.75,12858.5,40.25,12858.5,12878.5,12838.5,WIN,20.0,false,true,false,true,false,1.788,10.55
VWAP_EMA20_ALIGN,2023-03-29,2023,2023-03,LONG,2023-03-29 09:24:00,2023-03-29 09:28:00,2023-03-29 09:48:00,12895.0,12854.5,40.5,12895.0,12875.0,12915.0,WIN,20.0,true,false,true,false,false,1.427,6.73
VWAP_EMA20_ALIGN,2023-03-30,2023,2023-03,SHORT,2023-03-30 10:36:00,2023-03-30 10:42:00,2023-03-30 10:44:00,13108.5,13066.0,42.5,13066.0,13086.0,13046.0,WIN,20.0,false,true,false,true,false,0.954,7.05
VWAP_EMA20_ALIGN,2023-03-31,2023,2023-03,LONG,2023-03-31 09:21:00,2023-03-31 09:22:00,2023-03-31 09:53:00,13190.75,13145.75,45.0,13190.75,13170.75,13210.75,WIN,20.0,true,false,true,false,false,1.715,5.79
VWAP_EMA20_ALIGN,2023-04-03,2023,2023-04,SHORT,2023-04-03 09:00:00,2023-04-03 09:06:00,2023-04-03 09:11:00,13266.75,13177.5,89.25,13177.5,13197.5,13157.5,WIN,20.0,false,true,false,true,false,1.052,10.39
VWAP_EMA20_ALIGN,2023-04-04,2023,2023-04,SHORT,2023-04-04 09:02:00,2023-04-04 09:07:00,2023-04-04 09:09:00,13301.5,13252.0,49.5,13252.0,13272.0,13232.0,WIN,20.0,false,true,false,true,false,1.395,9.98
VWAP_EMA20_ALIGN,2023-04-05,2023,2023-04,SHORT,2023-04-05 09:00:00,2023-04-05 09:01:00,2023-04-05 09:13:00,13104.0,13027.25,76.75,13027.25,13047.25,13007.25,LOSS,-20.0,false,true,false,true,false,0.946,8.25
VWAP_EMA20_ALIGN,2023-04-06,2023,2023-04,LONG,2023-04-06 09:04:00,2023-04-06 09:05:00,2023-04-06 09:17:00,13050.0,13007.75,42.25,13050.0,13030.0,13070.0,WIN,20.0,true,false,true,false,false,0.844,8.8
VWAP_EMA20_ALIGN,2023-04-10,2023,2023-04,LONG,2023-04-10 09:03:00,2023-04-10 09:05:00,2023-04-10 09:12:00,13041.75,12993.0,48.75,13041.75,13021.75,13061.75,WIN,20.0,true,false,true,false,false,1.243,7.41
VWAP_EMA20_ALIGN,2023-04-11,2023,2023-04,SHORT,2023-04-11 09:36:00,2023-04-11 09:45:00,2023-04-11 09:50:00,13107.25,13057.75,49.5,13057.75,13077.75,13037.75,LOSS,-20.0,false,true,false,true,false,1.865,6.38
VWAP_EMA20_ALIGN,2023-04-13,2023,2023-04,LONG,2023-04-13 09:37:00,2023-04-13 09:41:00,2023-04-13 09:51:00,13135.25,13102.5,32.75,13135.25,13115.25,13155.25,LOSS,-20.0,true,false,true,false,false,1.626,7.43
VWAP_EMA20_ALIGN,2023-04-14,2023,2023-04,SHORT,2023-04-14 09:38:00,2023-04-14 09:39:00,2023-04-14 09:47:00,13155.75,13115.25,40.5,13115.25,13135.25,13095.25,LOSS,-20.0,false,true,false,true,false,1.515,9.25
VWAP_EMA20_ALIGN,2023-04-17,2023,2023-04,SHORT,2023-04-17 09:30:00,2023-04-17 09:34:00,2023-04-17 09:38:00,13163.25,13111.5,51.75,13111.5,13131.5,13091.5,WIN,20.0,false,true,false,true,true,3.304,9.75
VWAP_EMA20_ALIGN,2023-04-19,2023,2023-04,LONG,2023-04-19 09:01:00,2023-04-19 09:02:00,2023-04-19 09:42:00,13149.0,13111.0,38.0,13149.0,13129.0,13169.0,WIN,20.0,true,false,true,false,true,2.025,7.48
VWAP_EMA20_ALIGN,2023-04-20,2023,2023-04,SHORT,2023-04-20 09:07:00,2023-04-20 09:14:00,2023-04-20 09:42:00,13158.0,13118.0,40.0,13118.0,13138.0,13098.0,LOSS,-20.0,false,true,false,true,true,2.844,7.12
VWAP_EMA20_ALIGN,2023-04-21,2023,2023-04,LONG,2023-04-21 09:03:00,2023-04-21 09:04:00,2023-04-21 09:10:00,13070.5,13004.0,66.5,13070.5,13050.5,13090.5,LOSS,-20.0,true,false,true,false,false,1.957,8.96
VWAP_EMA20_ALIGN,2023-04-24,2023,2023-04,SHORT,2023-04-24 09:14:00,2023-04-24 09:15:00,2023-04-24 09:42:00,13098.0,13008.25,89.75,13008.25,13028.25,12988.25,WIN,20.0,false,true,false,true,false,1.311,9.32
VWAP_EMA20_ALIGN,2023-04-25,2023,2023-04,SHORT,2023-04-25 09:51:00,2023-04-25 09:52:00,2023-04-25 10:06:00,12966.0,12930.0,36.0,12930.0,12950.0,12910.0,WIN,20.0,false,true,false,true,true,2.43,6.89
VWAP_EMA20_ALIGN,2023-04-26,2023,2023-04,LONG,2023-04-26 09:01:00,2023-04-26 09:02:00,2023-04-26 09:08:00,12950.5,12915.0,35.5,12950.5,12930.5,12970.5,WIN,20.0,true,false,true,false,false,1.483,9.73
VWAP_EMA20_ALIGN,2023-04-28,2023,2023-04,SHORT,2023-04-28 09:00:00,2023-04-28 09:01:00,2023-04-28 09:07:00,13293.0,13193.75,99.25,13193.75,13213.75,13173.75,LOSS,-20.0,false,true,false,true,false,1.403,13.57
VWAP_EMA20_ALIGN,2023-05-01,2023,2023-05,LONG,2023-05-01 09:00:00,2023-05-01 09:01:00,2023-05-01 09:10:00,13326.0,13277.0,49.0,13326.0,13306.0,13346.0,LOSS,-20.0,true,false,true,false,false,1.198,7.62
VWAP_EMA20_ALIGN,2023-05-02,2023,2023-05,SHORT,2023-05-02 09:01:00,2023-05-02 09:02:00,2023-05-02 09:07:00,13211.25,13137.25,74.0,13137.25,13157.25,13117.25,WIN,20.0,false,true,false,true,false,2.291,11.62
VWAP_EMA20_ALIGN,2023-05-03,2023,2023-05,SHORT,2023-05-03 09:01:00,2023-05-03 09:02:00,2023-05-03 09:56:00,13224.75,13192.75,32.0,13192.75,13212.75,13172.75,LOSS,-20.0,false,true,false,true,true,1.134,8.66
VWAP_EMA20_ALIGN,2023-05-04,2023,2023-05,LONG,2023-05-04 09:07:00,2023-05-04 09:08:00,2023-05-04 09:09:00,13064.75,13001.75,63.0,13064.75,13044.75,13084.75,WIN,20.0,true,false,true,false,true,1.679,12.77
VWAP_EMA20_ALIGN,2023-05-05,2023,2023-05,LONG,2023-05-05 11:11:00,2023-05-05 11:12:00,2023-05-05 11:30:00,13277.75,13232.25,45.5,13277.75,13257.75,13297.75,TIME_EXIT,14.75,true,false,true,false,false,1.679,3.77
VWAP_EMA20_ALIGN,2023-05-08,2023,2023-05,LONG,2023-05-08 09:01:00,2023-05-08 09:08:00,2023-05-08 09:53:00,13297.0,13254.5,42.5,13297.0,13277.0,13317.0,WIN,20.0,true,false,true,false,false,1.343,6.05
VWAP_EMA20_ALIGN,2023-05-09,2023,2023-05,SHORT,2023-05-09 09:12:00,2023-05-09 09:29:00,2023-05-09 11:29:00,13303.5,13275.5,28.0,13275.5,13295.5,13255.5,TIME_EXIT,-5.0,false,true,false,true,true,3.687,6.45
VWAP_EMA20_ALIGN,2023-05-11,2023,2023-05,LONG,2023-05-11 09:00:00,2023-05-11 09:01:00,2023-05-11 09:30:00,13418.5,13361.5,57.0,13418.5,13398.5,13438.5,WIN,20.0,true,false,true,false,false,1.043,8.0
VWAP_EMA20_ALIGN,2023-05-12,2023,2023-05,SHORT,2023-05-12 09:16:00,2023-05-12 09:27:00,2023-05-12 09:59:00,13411.5,13382.25,29.25,13382.25,13402.25,13362.25,LOSS,-20.0,false,true,false,true,false,2.074,9.41
VWAP_EMA20_ALIGN,2023-05-15,2023,2023-05,LONG,2023-05-15 09:12:00,2023-05-15 09:13:00,2023-05-15 09:20:00,13409.75,13362.0,47.75,13409.75,13389.75,13429.75,WIN,20.0,true,false,true,false,false,1.032,7.12
VWAP_EMA20_ALIGN,2023-05-16,2023,2023-05,LONG,2023-05-16 09:29:00,2023-05-16 09:30:00,2023-05-16 09:36:00,13533.75,13479.5,54.25,13533.75,13513.75,13553.75,LOSS,-20.0,true,false,true,false,true,2.526,6.79
VWAP_EMA20_ALIGN,2023-05-17,2023,2023-05,LONG,2023-05-17 09:00:00,2023-05-17 09:01:00,2023-05-17 09:18:00,13538.75,13512.5,26.25,13538.75,13518.75,13558.75,WIN,20.0,true,false,true,false,false,2.456,5.66
VWAP_EMA20_ALIGN,2023-05-18,2023,2023-05,LONG,2023-05-18 09:00:00,2023-05-18 09:01:00,2023-05-18 09:02:00,13791.5,13758.0,33.5,13791.5,13771.5,13811.5,WIN,20.0,true,false,true,false,false,1.655,6.86
VWAP_EMA20_ALIGN,2023-05-19,2023,2023-05,SHORT,2023-05-19 09:12:00,2023-05-19 09:15:00,2023-05-19 09:17:00,13908.5,13862.25,46.25,13862.25,13882.25,13842.25,LOSS,-20.0,false,true,false,true,false,2.648,11.39
VWAP_EMA20_ALIGN,2023-05-22,2023,2023-05,LONG,2023-05-22 09:05:00,2023-05-22 09:23:00,2023-05-22 09:39:00,13916.0,13878.5,37.5,13916.0,13896.0,13936.0,LOSS,-20.0,true,false,true,false,false,0.719,8.34
VWAP_EMA20_ALIGN,2023-05-23,2023,2023-05,LONG,2023-05-23 09:43:00,2023-05-23 09:44:00,2023-05-23 10:06:00,13865.5,13832.5,33.0,13865.5,13845.5,13885.5,LOSS,-20.0,true,false,true,false,false,1.847,4.8
VWAP_EMA20_ALIGN,2023-05-25,2023,2023-05,LONG,2023-05-25 09:00:00,2023-05-25 09:03:00,2023-05-25 09:07:00,13935.0,13867.75,67.25,13935.0,13915.0,13955.0,WIN,20.0,true,false,true,false,false,1.485,8.04
VWAP_EMA20_ALIGN,2023-05-26,2023,2023-05,LONG,2023-05-26 09:41:00,2023-05-26 09:42:00,2023-05-26 09:47:00,14269.25,14193.25,76.0,14269.25,14249.25,14289.25,WIN,20.0,true,false,true,false,false,2.462,9.02
VWAP_EMA20_ALIGN,2023-05-30,2023,2023-05,SHORT,2023-05-30 10:28:00,2023-05-30 10:29:00,2023-05-30 10:41:00,14469.0,14414.75,54.25,14414.75,14434.75,14394.75,WIN,20.0,false,true,false,true,false,1.518,10.45
VWAP_EMA20_ALIGN,2023-05-31,2023,2023-05,SHORT,2023-05-31 09:05:00,2023-05-31 09:17:00,2023-05-31 09:28:00,14333.75,14285.75,48.0,14285.75,14305.75,14265.75,WIN,20.0,false,true,false,true,false,0.927,11.2
VWAP_EMA20_ALIGN,2023-06-01,2023,2023-06,LONG,2023-06-01 09:14:00,2023-06-01 09:15:00,2023-06-01 09:36:00,14384.0,14287.25,96.75,14384.0,14364.0,14404.0,WIN,20.0,true,false,true,false,false,1.675,10.41
VWAP_EMA20_ALIGN,2023-06-02,2023,2023-06,LONG,2023-06-02 09:00:00,2023-06-02 09:01:00,2023-06-02 09:50:00,14589.0,14502.75,86.25,14589.0,14569.0,14609.0,LOSS,-20.0,true,false,true,false,false,1.303,9.75
VWAP_EMA20_ALIGN,2023-06-05,2023,2023-06,LONG,2023-06-05 09:28:00,2023-06-05 09:29:00,2023-06-05 10:04:00,14671.75,14598.25,73.5,14671.75,14651.75,14691.75,LOSS,-20.0,true,false,true,false,false,1.615,7.0
VWAP_EMA20_ALIGN,2023-06-06,2023,2023-06,SHORT,2023-06-06 09:25:00,2023-06-06 09:26:00,2023-06-06 09:39:00,14606.75,14560.75,46.0,14560.75,14580.75,14540.75,LOSS,-20.0,false,true,false,true,true,3.268,9.41
VWAP_EMA20_ALIGN,2023-06-07,2023,2023-06,SHORT,2023-06-07 09:51:00,2023-06-07 09:52:00,2023-06-07 09:59:00,14560.0,14447.75,112.25,14447.75,14467.75,14427.75,WIN,20.0,false,true,false,true,true,2.485,11.38
VWAP_EMA20_ALIGN,2023-06-08,2023,2023-06,LONG,2023-06-08 09:00:00,2023-06-08 09:02:00,2023-06-08 09:06:00,14459.25,14395.75,63.5,14459.25,14439.25,14479.25,WIN,20.0,true,false,true,false,false,1.317,7.84
VWAP_EMA20_ALIGN,2023-06-09,2023,2023-06,SHORT,2023-06-09 09:26:00,2023-06-09 09:28:00,2023-06-09 09:30:00,14679.5,14559.5,120.0,14559.5,14579.5,14539.5,WIN,20.0,false,true,false,true,false,1.568,11.86
VWAP_EMA20_ALIGN,2023-06-12,2023,2023-06,LONG,2023-06-12 09:34:00,2023-06-12 09:35:00,2023-06-12 09:45:00,14832.75,14792.5,40.25,14832.75,14812.75,14852.75,WIN,20.0,true,false,true,false,false,1.088,6.71
VWAP_EMA20_ALIGN,2023-06-13,2023,2023-06,LONG,2023-06-13 09:11:00,2023-06-13 09:41:00,2023-06-13 09:48:00,15058.0,14978.5,79.5,15058.0,15038.0,15078.0,WIN,20.0,true,false,true,false,false,0.919,10.34
VWAP_EMA20_ALIGN,2023-06-14,2023,2023-06,LONG,2023-06-14 09:14:00,2023-06-14 09:15:00,2023-06-14 09:22:00,15177.75,15143.75,34.0,15177.75,15157.75,15197.75,WIN,20.0,true,false,true,false,false,1.613,9.04
VWAP_EMA20_ALIGN,2023-06-15,2023,2023-06,LONG,2023-06-15 09:17:00,2023-06-15 09:28:00,2023-06-15 09:35:00,15282.0,15216.5,65.5,15282.0,15262.0,15302.0,WIN,20.0,true,false,true,false,false,1.702,14.55
VWAP_EMA20_ALIGN,2023-06-16,2023,2023-06,SHORT,2023-06-16 09:26:00,2023-06-16 09:27:00,2023-06-16 09:45:00,15415.0,15344.5,70.5,15344.5,15364.5,15324.5,LOSS,-20.0,false,true,false,true,false,1.529,11.84
VWAP_EMA20_ALIGN,2023-06-21,2023,2023-06,SHORT,2023-06-21 09:04:00,2023-06-21 09:07:00,2023-06-21 09:08:00,15117.5,15037.75,79.75,15037.75,15057.75,15017.75,WIN,20.0,false,true,false,true,false,1.086,13.54
VWAP_EMA20_ALIGN,2023-06-22,2023,2023-06,LONG,2023-06-22 09:07:00,2023-06-22 09:37:00,2023-06-22 09:42:00,15141.5,15056.0,85.5,15141.5,15121.5,15161.5,WIN,20.0,true,false,true,false,false,1.341,12.73
VWAP_EMA20_ALIGN,2023-06-23,2023,2023-06,SHORT,2023-06-23 09:19:00,2023-06-23 09:21:00,2023-06-23 09:39:00,15084.25,15025.5,58.75,15025.5,15045.5,15005.5,LOSS,-20.0,false,true,false,true,false,1.07,10.84
VWAP_EMA20_ALIGN,2023-06-26,2023,2023-06,SHORT,2023-06-26 09:05:00,2023-06-26 09:06:00,2023-06-26 09:16:00,15127.0,15028.75,98.25,15028.75,15048.75,15008.75,WIN,20.0,false,true,false,true,false,2.337,12.04
VWAP_EMA20_ALIGN,2023-06-27,2023,2023-06,SHORT,2023-06-27 09:05:00,2023-06-27 09:10:00,2023-06-27 09:17:00,14946.75,14906.25,40.5,14906.25,14926.25,14886.25,LOSS,-20.0,false,true,false,true,false,1.255,10.29
VWAP_EMA20_ALIGN,2023-06-28,2023,2023-06,LONG,2023-06-28 10:12:00,2023-06-28 10:13:00,2023-06-28 10:25:00,15207.25,15135.0,72.25,15207.25,15187.25,15227.25,LOSS,-20.0,true,false,true,false,false,1.656,10.05
VWAP_EMA20_ALIGN,2023-06-29,2023,2023-06,LONG,2023-06-29 09:46:00,2023-06-29 10:15:00,2023-06-29 10:18:00,15085.75,15028.5,57.25,15085.75,15065.75,15105.75,WIN,20.0,true,false,true,false,false,0.835,9.16
VWAP_EMA20_ALIGN,2023-07-03,2023,2023-07,LONG,2023-07-03 10:58:00,2023-07-03 10:59:00,2023-07-03 11:14:00,15359.25,15310.5,48.75,15359.25,15339.25,15379.25,TIME_EXIT,-2.25,true,false,true,false,true,1.92,4.96
VWAP_EMA20_ALIGN,2023-07-06,2023,2023-07,SHORT,2023-07-06 09:14:00,2023-07-06 09:25:00,2023-07-06 09:28:00,15176.75,15119.75,57.0,15119.75,15139.75,15099.75,LOSS,-20.0,false,true,false,true,false,1.156,8.34
VWAP_EMA20_ALIGN,2023-07-07,2023,2023-07,LONG,2023-07-07 09:02:00,2023-07-07 09:03:00,2023-07-07 09:48:00,15245.25,15179.5,65.75,15245.25,15225.25,15265.25,WIN,20.0,true,false,true,false,false,1.401,9.21
VWAP_EMA20_ALIGN,2023-07-10,2023,2023-07,SHORT,2023-07-10 09:26:00,2023-07-10 09:45:00,2023-07-10 09:47:00,15184.0,15133.25,50.75,15133.25,15153.25,15113.25,WIN,20.0,false,true,false,true,false,1.696,11.14
VWAP_EMA20_ALIGN,2023-07-11,2023,2023-07,LONG,2023-07-11 09:03:00,2023-07-11 09:04:00,2023-07-11 09:07:00,15212.0,15168.5,43.5,15212.0,15192.0,15232.0,LOSS,-20.0,true,false,true,false,false,1.372,9.14
VWAP_EMA20_ALIGN,2023-07-13,2023,2023-07,LONG,2023-07-13 09:01:00,2023-07-13 09:03:00,2023-07-13 09:14:00,15611.5,15560.25,51.25,15611.5,15591.5,15631.5,LOSS,-20.0,true,false,true,false,false,1.425,7.48
VWAP_EMA20_ALIGN,2023-07-14,2023,2023-07,SHORT,2023-07-14 11:01:00,2023-07-14 11:02:00,2023-07-14 11:05:00,15839.25,15753.25,86.0,15753.25,15773.25,15733.25,WIN,20.0,false,true,false,true,true,1.874,9.57
VWAP_EMA20_ALIGN,2023-07-17,2023,2023-07,LONG,2023-07-17 09:26:00,2023-07-17 09:27:00,2023-07-17 09:41:00,15772.25,15738.75,33.5,15772.25,15752.25,15792.25,WIN,20.0,true,false,true,false,false,1.544,8.48
VWAP_EMA20_ALIGN,2023-07-18,2023,2023-07,LONG,2023-07-18 09:11:00,2023-07-18 09:15:00,2023-07-18 09:29:00,15801.5,15752.75,48.75,15801.5,15781.5,15821.5,LOSS,-20.0,true,false,true,false,false,2.27,7.38
VWAP_EMA20_ALIGN,2023-07-19,2023,2023-07,LONG,2023-07-19 09:16:00,2023-07-19 09:18:00,2023-07-19 09:23:00,16043.75,15973.0,70.75,16043.75,16023.75,16063.75,LOSS,-20.0,true,false,true,false,false,1.534,8.95
VWAP_EMA20_ALIGN,2023-07-20,2023,2023-07,SHORT,2023-07-20 10:33:00,2023-07-20 10:34:00,2023-07-20 11:24:00,15755.25,15699.25,56.0,15699.25,15719.25,15679.25,WIN,20.0,false,true,false,true,false,1.521,10.0
VWAP_EMA20_ALIGN,2023-07-21,2023,2023-07,LONG,2023-07-21 09:11:00,2023-07-21 09:13:00,2023-07-21 09:32:00,15620.5,15549.0,71.5,15620.5,15600.5,15640.5,WIN,20.0,true,false,true,false,false,1.249,13.79
VWAP_EMA20_ALIGN,2023-07-24,2023,2023-07,SHORT,2023-07-24 09:05:00,2023-07-24 09:06:00,2023-07-24 09:12:00,15593.75,15543.5,50.25,15543.5,15563.5,15523.5,LOSS,-20.0,false,true,false,true,false,1.164,10.21
VWAP_EMA20_ALIGN,2023-07-25,2023,2023-07,LONG,2023-07-25 09:11:00,2023-07-25 09:12:00,2023-07-25 09:26:00,15636.75,15604.0,32.75,15636.75,15616.75,15656.75,WIN,20.0,true,false,true,false,false,1.523,6.23
VWAP_EMA20_ALIGN,2023-07-26,2023,2023-07,SHORT,2023-07-26 09:00:00,2023-07-26 09:01:00,2023-07-26 09:17:00,15620.25,15532.0,88.25,15532.0,15552.0,15512.0,LOSS,-20.0,false,true,false,true,true,1.878,10.55
VWAP_EMA20_ALIGN,2023-07-27,2023,2023-07,LONG,2023-07-27 09:30:00,2023-07-27 09:31:00,2023-07-27 09:42:00,15835.0,15762.0,73.0,15835.0,15815.0,15855.0,LOSS,-20.0,true,false,true,false,true,2.451,9.34
VWAP_EMA20_ALIGN,2023-07-28,2023,2023-07,LONG,2023-07-28 09:11:00,2023-07-28 09:12:00,2023-07-28 09:17:00,15837.75,15782.25,55.5,15837.75,15817.75,15857.75,WIN,20.0,true,false,true,false,false,1.704,8.64
VWAP_EMA20_ALIGN,2023-07-31,2023,2023-07,LONG,2023-07-31 09:03:00,2023-07-31 09:04:00,2023-07-31 09:24:00,15874.0,15827.5,46.5,15874.0,15854.0,15894.0,LOSS,-20.0,true,false,true,false,false,0.826,7.38
VWAP_EMA20_ALIGN,2023-08-01,2023,2023-08,LONG,2023-08-01 11:01:00,2023-08-01 11:05:00,2023-08-01 11:29:00,15836.5,15776.5,60.0,15836.5,15816.5,15856.5,LOSS,-20.0,true,false,true,false,false,2.228,5.59
VWAP_EMA20_ALIGN,2023-08-02,2023,2023-08,SHORT,2023-08-02 10:17:00,2023-08-02 10:47:00,2023-08-02 10:52:00,15558.25,15485.25,73.0,15485.25,15505.25,15465.25,WIN,20.0,false,true,false,true,false,0.644,9.61
VWAP_EMA20_ALIGN,2023-08-03,2023,2023-08,LONG,2023-08-03 09:00:00,2023-08-03 09:05:00,2023-08-03 09:15:00,15431.5,15353.5,78.0,15431.5,15411.5,15451.5,WIN,20.0,true,false,true,false,false,1.434,12.18
VWAP_EMA20_ALIGN,2023-08-04,2023,2023-08,LONG,2023-08-04 09:01:00,2023-08-04 09:02:00,2023-08-04 09:08:00,15528.5,15464.0,64.5,15528.5,15508.5,15548.5,WIN,20.0,true,false,true,false,false,1.0,11.29
VWAP_EMA20_ALIGN,2023-08-07,2023,2023-08,SHORT,2023-08-07 09:00:00,2023-08-07 09:03:00,2023-08-07 09:06:00,15443.5,15385.75,57.75,15385.75,15405.75,15365.75,WIN,20.0,false,true,false,true,false,0.981,12.62
VWAP_EMA20_ALIGN,2023-08-08,2023,2023-08,SHORT,2023-08-08 09:00:00,2023-08-08 09:01:00,2023-08-08 09:24:00,15295.75,15229.75,66.0,15229.75,15249.75,15209.75,LOSS,-20.0,false,true,false,true,false,1.075,11.95
VWAP_EMA20_ALIGN,2023-08-09,2023,2023-08,SHORT,2023-08-09 09:00:00,2023-08-09 09:01:00,2023-08-09 09:04:00,15290.75,15205.0,85.75,15205.0,15225.0,15185.0,LOSS,-20.0,false,true,false,true,false,1.808,11.32
VWAP_EMA20_ALIGN,2023-08-10,2023,2023-08,SHORT,2023-08-10 09:01:00,2023-08-10 09:02:00,2023-08-10 09:05:00,15420.75,15306.5,114.25,15306.5,15326.5,15286.5,WIN,20.0,false,true,false,true,false,1.227,16.11
VWAP_EMA20_ALIGN,2023-08-11,2023,2023-08,SHORT,2023-08-11 09:06:00,2023-08-11 09:07:00,2023-08-11 09:11:00,15165.5,15094.25,71.25,15094.25,15114.25,15074.25,WIN,20.0,false,true,false,true,false,1.583,10.71
VWAP_EMA20_ALIGN,2023-08-15,2023,2023-08,LONG,2023-08-15 09:59:00,2023-08-15 10:16:00,2023-08-15 10:18:00,15161.25,15107.5,53.75,15161.25,15141.25,15181.25,WIN,20.0,true,false,true,false,false,1.089,8.02
VWAP_EMA20_ALIGN,2023-08-16,2023,2023-08,SHORT,2023-08-16 09:27:00,2023-08-16 09:28:00,2023-08-16 09:45:00,15136.75,15093.75,43.0,15093.75,15113.75,15073.75,WIN,20.0,false,true,false,true,false,1.622,8.27
VWAP_EMA20_ALIGN,2023-08-17,2023,2023-08,LONG,2023-08-17 10:24:00,2023-08-17 10:35:00,2023-08-17 10:52:00,14920.5,14856.75,63.75,14920.5,14900.5,14940.5,WIN,20.0,true,false,true,false,true,1.943,9.88
VWAP_EMA20_ALIGN,2023-08-18,2023,2023-08,LONG,2023-08-18 09:00:00,2023-08-18 09:02:00,2023-08-18 09:09:00,14699.5,14634.5,65.0,14699.5,14679.5,14719.5,LOSS,-20.0,true,false,true,false,true,2.395,12.36
VWAP_EMA20_ALIGN,2023-08-21,2023,2023-08,SHORT,2023-08-21 09:00:00,2023-08-21 09:10:00,2023-08-21 09:16:00,14868.25,14820.25,48.0,14820.25,14840.25,14800.25,WIN,20.0,false,true,false,true,false,2.12,12.21
VWAP_EMA20_ALIGN,2023-08-22,2023,2023-08,LONG,2023-08-22 09:00:00,2023-08-22 09:01:00,2023-08-22 09:05:00,15052.0,14969.25,82.75,15052.0,15032.0,15072.0,LOSS,-20.0,true,false,true,false,false,0.971,9.23
VWAP_EMA20_ALIGN,2023-08-23,2023,2023-08,LONG,2023-08-23 09:00:00,2023-08-23 09:14:00,2023-08-23 09:56:00,15184.5,15124.25,60.25,15184.5,15164.5,15204.5,WIN,20.0,true,false,true,false,false,1.642,7.86
VWAP_EMA20_ALIGN,2023-08-24,2023,2023-08,SHORT,2023-08-24 09:00:00,2023-08-24 09:01:00,2023-08-24 09:06:00,15086.5,15030.25,56.25,15030.25,15050.25,15010.25,WIN,20.0,false,true,false,true,true,2.494,14.32
VWAP_EMA20_ALIGN,2023-08-28,2023,2023-08,SHORT,2023-08-28 09:42:00,2023-08-28 09:43:00,2023-08-28 10:05:00,15096.75,14998.75,98.0,14998.75,15018.75,14978.75,LOSS,-20.0,false,true,false,true,false,3.454,11.95
VWAP_EMA20_ALIGN,2023-08-29,2023,2023-08,LONG,2023-08-29 09:12:00,2023-08-29 09:15:00,2023-08-29 09:22:00,15328.0,15289.0,39.0,15328.0,15308.0,15348.0,WIN,20.0,true,false,true,false,false,2.025,9.82
VWAP_EMA20_ALIGN,2023-08-30,2023,2023-08,LONG,2023-08-30 09:36:00,2023-08-30 09:37:00,2023-08-30 10:00:00,15478.75,15403.0,75.75,15478.75,15458.75,15498.75,WIN,20.0,true,false,true,false,false,2.168,8.57
VWAP_EMA20_ALIGN,2023-08-31,2023,2023-08,SHORT,2023-08-31 10:41:00,2023-08-31 11:10:00,2023-08-31 11:26:00,15606.75,15548.75,58.0,15548.75,15568.75,15528.75,LOSS,-20.0,false,true,false,true,false,0.507,7.41
VWAP_EMA20_ALIGN,2023-09-01,2023,2023-09,SHORT,2023-09-01 09:45:00,2023-09-01 09:46:00,2023-09-01 09:49:00,15583.5,15482.0,101.5,15482.0,15502.0,15462.0,WIN,20.0,false,true,false,true,true,2.899,11.62
VWAP_EMA20_ALIGN,2023-09-04,2023,2023-09,SHORT,2023-09-04 09:00:00,2023-09-04 09:06:00,2023-09-04 10:59:00,15550.5,15518.5,32.0,15518.5,15538.5,15498.5,TIME_EXIT,-5.25,false,true,false,true,false,2.272,4.27
VWAP_EMA20_ALIGN,2023-09-05,2023,2023-09,LONG,2023-09-05 09:02:00,2023-09-05 09:03:00,2023-09-05 09:05:00,15540.25,15477.0,63.25,15540.25,15520.25,15560.25,WIN,20.0,true,false,true,false,false,1.26,10.27
VWAP_EMA20_ALIGN,2023-09-06,2023,2023-09,SHORT,2023-09-06 09:00:00,2023-09-06 09:01:00,2023-09-06 09:09:00,15422.75,15374.0,48.75,15374.0,15394.0,15354.0,WIN,20.0,false,true,false,true,false,1.916,12.2
VWAP_EMA20_ALIGN,2023-09-11,2023,2023-09,LONG,2023-09-11 09:25:00,2023-09-11 09:26:00,2023-09-11 09:45:00,15589.0,15540.25,48.75,15589.0,15569.0,15609.0,LOSS,-20.0,true,false,true,false,false,2.409,8.02
VWAP_EMA20_ALIGN,2023-09-12,2023,2023-09,SHORT,2023-09-12 09:00:00,2023-09-12 09:09:00,2023-09-12 09:10:00,15596.5,15542.25,54.25,15542.25,15562.25,15522.25,WIN,20.0,false,true,false,true,false,2.24,9.38
VWAP_EMA20_ALIGN,2023-09-13,2023,2023-09,LONG,2023-09-13 09:04:00,2023-09-13 09:07:00,2023-09-13 09:25:00,15572.25,15522.5,49.75,15572.25,15552.25,15592.25,WIN,20.0,true,false,true,false,true,1.982,11.27
VWAP_EMA20_ALIGN,2023-09-14,2023,2023-09,LONG,2023-09-14 09:02:00,2023-09-14 09:04:00,2023-09-14 09:09:00,15669.0,15579.5,89.5,15669.0,15649.0,15689.0,WIN,20.0,true,false,true,false,false,1.129,8.27
VWAP_EMA20_ALIGN,2023-09-15,2023,2023-09,SHORT,2023-09-15 09:00:00,2023-09-15 09:01:00,2023-09-15 09:10:00,15506.75,15423.25,83.5,15423.25,15443.25,15403.25,LOSS,-20.0,false,true,false,true,false,1.199,11.62
VWAP_EMA20_ALIGN,2023-09-18,2023,2023-09,LONG,2023-09-18 09:03:00,2023-09-18 09:18:00,2023-09-18 09:31:00,15415.25,15364.5,50.75,15415.25,15395.25,15435.25,WIN,20.0,true,false,true,false,false,0.767,10.25
VWAP_EMA20_ALIGN,2023-09-20,2023,2023-09,SHORT,2023-09-20 09:04:00,2023-09-20 09:05:00,2023-09-20 09:22:00,15392.5,15356.0,36.5,15356.0,15376.0,15336.0,WIN,20.0,false,true,false,true,false,1.802,9.04
VWAP_EMA20_ALIGN,2023-09-21,2023,2023-09,SHORT,2023-09-21 09:13:00,2023-09-21 09:15:00,2023-09-21 09:28:00,15018.75,14957.5,61.25,14957.5,14977.5,14937.5,WIN,20.0,false,true,false,true,false,1.258,10.96
VWAP_EMA20_ALIGN,2023-09-22,2023,2023-09,LONG,2023-09-22 09:00:00,2023-09-22 09:06:00,2023-09-22 09:09:00,15015.25,14952.25,63.0,15015.25,14995.25,15035.25,LOSS,-20.0,true,false,true,false,false,1.556,10.39
VWAP_EMA20_ALIGN,2023-09-25,2023,2023-09,LONG,2023-09-25 09:09:00,2023-09-25 09:10:00,2023-09-25 09:15:00,14866.75,14817.5,49.25,14866.75,14846.75,14886.75,WIN,20.0,true,false,true,false,true,2.759,11.41
VWAP_EMA20_ALIGN,2023-09-26,2023,2023-09,SHORT,2023-09-26 09:07:00,2023-09-26 09:08:00,2023-09-26 09:28:00,14805.75,14755.75,50.0,14755.75,14775.75,14735.75,WIN,20.0,false,true,false,true,false,1.378,9.32
VWAP_EMA20_ALIGN,2023-09-27,2023,2023-09,SHORT,2023-09-27 09:46:00,2023-09-27 09:47:00,2023-09-27 10:02:00,14772.0,14682.0,90.0,14682.0,14702.0,14662.0,WIN,20.0,false,true,false,true,false,1.394,9.29
VWAP_EMA20_ALIGN,2023-09-28,2023,2023-09,LONG,2023-09-28 09:08:00,2023-09-28 09:22:00,2023-09-28 09:23:00,14788.0,14679.5,108.5,14788.0,14768.0,14808.0,WIN,20.0,true,false,true,false,false,1.516,14.23
VWAP_EMA20_ALIGN,2023-09-29,2023,2023-09,SHORT,2023-09-29 09:14:00,2023-09-29 09:15:00,2023-09-29 09:21:00,15026.0,14978.25,47.75,14978.25,14998.25,14958.25,LOSS,-20.0,false,true,false,true,false,0.867,11.07
VWAP_EMA20_ALIGN,2023-10-02,2023,2023-10,LONG,2023-10-02 09:03:00,2023-10-02 09:13:00,2023-10-02 09:15:00,14972.0,14906.0,66.0,14972.0,14952.0,14992.0,WIN,20.0,true,false,true,false,false,1.088,14.23
VWAP_EMA20_ALIGN,2023-10-03,2023,2023-10,SHORT,2023-10-03 09:00:00,2023-10-03 09:02:00,2023-10-03 09:32:00,14811.0,14742.0,69.0,14742.0,14762.0,14722.0,WIN,20.0,false,true,false,true,false,1.351,11.64
VWAP_EMA20_ALIGN,2023-10-04,2023,2023-10,LONG,2023-10-04 09:21:00,2023-10-04 09:37:00,2023-10-04 09:41:00,14850.0,14739.0,111.0,14850.0,14830.0,14870.0,LOSS,-20.0,true,false,true,false,false,1.616,11.61
VWAP_EMA20_ALIGN,2023-10-06,2023,2023-10,LONG,2023-10-06 09:04:00,2023-10-06 09:05:00,2023-10-06 09:07:00,14901.25,14841.25,60.0,14901.25,14881.25,14921.25,WIN,20.0,true,false,true,false,true,2.076,14.34
VWAP_EMA20_ALIGN,2023-10-09,2023,2023-10,SHORT,2023-10-09 09:07:00,2023-10-09 09:10:00,2023-10-09 09:19:00,15043.0,14978.75,64.25,14978.75,14998.75,14958.75,LOSS,-20.0,false,true,false,true,false,1.352,10.36
VWAP_EMA20_ALIGN,2023-10-10,2023,2023-10,LONG,2023-10-10 09:04:00,2023-10-10 09:05:00,2023-10-10 09:15:00,15326.75,15285.5,41.25,15326.75,15306.75,15346.75,WIN,20.0,true,false,true,false,false,1.196,8.32
VWAP_EMA20_ALIGN,2023-10-11,2023,2023-10,LONG,2023-10-11 09:00:00,2023-10-11 09:01:00,2023-10-11 09:17:00,15366.75,15300.5,66.25,15366.75,15346.75,15386.75,LOSS,-20.0,true,false,true,false,false,1.127,10.75
VWAP_EMA20_ALIGN,2023-10-12,2023,2023-10,LONG,2023-10-12 09:12:00,2023-10-12 09:13:00,2023-10-12 09:23:00,15439.0,15396.5,42.5,15439.0,15419.0,15459.0,WIN,20.0,true,false,true,false,false,1.098,11.68
VWAP_EMA20_ALIGN,2023-10-13,2023,2023-10,SHORT,2023-10-13 09:05:00,2023-10-13 09:06:00,2023-10-13 09:10:00,15296.5,15186.75,109.75,15186.75,15206.75,15166.75,LOSS,-20.0,false,true,false,true,false,1.045,12.38
VWAP_EMA20_ALIGN,2023-10-17,2023,2023-10,LONG,2023-10-17 09:15:00,2023-10-17 09:19:00,2023-10-17 09:32:00,15237.0,15178.5,58.5,15237.0,15217.0,15257.0,WIN,20.0,true,false,true,false,false,2.526,13.8
VWAP_EMA20_ALIGN,2023-10-18,2023,2023-10,LONG,2023-10-18 10:04:00,2023-10-18 10:08:00,2023-10-18 10:16:00,15158.0,15093.0,65.0,15158.0,15138.0,15178.0,LOSS,-20.0,true,false,true,false,true,3.428,14.11
VWAP_EMA20_ALIGN,2023-10-19,2023,2023-10,SHORT,2023-10-19 09:14:00,2023-10-19 09:15:00,2023-10-19 09:18:00,15052.25,14995.75,56.5,14995.75,15015.75,14975.75,WIN,20.0,false,true,false,true,false,1.172,14.62
VWAP_EMA20_ALIGN,2023-10-20,2023,2023-10,SHORT,2023-10-20 09:00:00,2023-10-20 09:19:00,2023-10-20 09:32:00,14775.5,14682.0,93.5,14682.0,14702.0,14662.0,WIN,20.0,false,true,false,true,true,1.457,13.32
VWAP_EMA20_ALIGN,2023-10-23,2023,2023-10,LONG,2023-10-23 09:00:00,2023-10-23 09:01:00,2023-10-23 09:14:00,14701.5,14634.25,67.25,14701.5,14681.5,14721.5,WIN,20.0,true,false,true,false,false,1.601,11.45
VWAP_EMA20_ALIGN,2023-10-24,2023,2023-10,SHORT,2023-10-24 09:30:00,2023-10-24 10:00:00,2023-10-24 10:01:00,14878.0,14830.75,47.25,14830.75,14850.75,14810.75,WIN,20.0,false,true,false,true,false,1.441,12.27
VWAP_EMA20_ALIGN,2023-10-25,2023,2023-10,SHORT,2023-10-25 09:25:00,2023-10-25 09:42:00,2023-10-25 09:50:00,14678.5,14607.75,70.75,14607.75,14627.75,14587.75,WIN,20.0,false,true,false,true,false,1.181,14.43
VWAP_EMA20_ALIGN,2023-10-26,2023,2023-10,SHORT,2023-10-26 09:23:00,2023-10-26 09:24:00,2023-10-26 09:41:00,14385.0,14267.0,118.0,14267.0,14287.0,14247.0,WIN,20.0,false,true,false,true,false,1.266,14.0
VWAP_EMA20_ALIGN,2023-10-27,2023,2023-10,LONG,2023-10-27 09:05:00,2023-10-27 09:07:00,2023-10-27 09:12:00,14351.75,14274.0,77.75,14351.75,14331.75,14371.75,WIN,20.0,true,false,true,false,true,1.58,14.68
VWAP_EMA20_ALIGN,2023-10-30,2023,2023-10,LONG,2023-10-30 09:03:00,2023-10-30 09:12:00,2023-10-30 09:22:00,14369.5,14306.25,63.25,14369.5,14349.5,14389.5,LOSS,-20.0,true,false,true,false,false,0.775,13.93
VWAP_EMA20_ALIGN,2023-10-31,2023,2023-10,LONG,2023-10-31 10:42:00,2023-10-31 10:46:00,2023-10-31 11:30:00,14432.75,14344.0,88.75,14432.75,14412.75,14452.75,TIME_EXIT,8.5,true,false,true,false,false,1.829,13.89
VWAP_EMA20_ALIGN,2023-11-02,2023,2023-11,LONG,2023-11-02 09:03:00,2023-11-02 09:05:00,2023-11-02 09:15:00,14965.0,14911.5,53.5,14965.0,14945.0,14985.0,LOSS,-20.0,true,false,true,false,false,1.654,9.18
VWAP_EMA20_ALIGN,2023-11-03,2023,2023-11,LONG,2023-11-03 09:00:00,2023-11-03 09:05:00,2023-11-03 09:09:00,15114.25,15062.75,51.5,15114.25,15094.25,15134.25,LOSS,-20.0,true,false,true,false,false,1.49,11.7
VWAP_EMA20_ALIGN,2023-11-06,2023,2023-11,SHORT,2023-11-06 09:03:00,2023-11-06 09:11:00,2023-11-06 09:22:00,15257.5,15197.0,60.5,15197.0,15217.0,15177.0,LOSS,-20.0,false,true,false,true,false,1.016,12.39
VWAP_EMA20_ALIGN,2023-11-07,2023,2023-11,LONG,2023-11-07 09:00:00,2023-11-07 09:01:00,2023-11-07 09:08:00,15303.25,15224.0,79.25,15303.25,15283.25,15323.25,LOSS,-20.0,true,false,true,false,true,2.082,11.93
VWAP_EMA20_ALIGN,2023-11-08,2023,2023-11,SHORT,2023-11-08 09:02:00,2023-11-08 09:06:00,2023-11-08 09:20:00,15417.5,15374.0,43.5,15374.0,15394.0,15354.0,WIN,20.0,false,true,false,true,false,2.177,9.96
VWAP_EMA20_ALIGN,2023-11-09,2023,2023-11,SHORT,2023-11-09 09:07:00,2023-11-09 09:08:00,2023-11-09 09:15:00,15423.0,15365.5,57.5,15365.5,15385.5,15345.5,LOSS,-20.0,false,true,false,true,true,1.816,12.04
VWAP_EMA20_ALIGN,2023-11-10,2023,2023-11,LONG,2023-11-10 10:03:00,2023-11-10 10:04:00,2023-11-10 10:05:00,15390.75,15305.5,85.25,15390.75,15370.75,15410.75,WIN,20.0,true,false,true,false,false,2.063,8.95
VWAP_EMA20_ALIGN,2023-11-13,2023,2023-11,LONG,2023-11-13 09:46:00,2023-11-13 09:47:00,2023-11-13 10:13:00,15539.0,15465.25,73.75,15539.0,15519.0,15559.0,WIN,20.0,true,false,true,false,false,1.865,8.7
VWAP_EMA20_ALIGN,2023-11-14,2023,2023-11,LONG,2023-11-14 09:00:00,2023-11-14 09:01:00,2023-11-14 09:06:00,15867.5,15790.25,77.25,15867.5,15847.5,15887.5,WIN,20.0,true,false,true,false,false,1.134,12.91
VWAP_EMA20_ALIGN,2023-11-15,2023,2023-11,SHORT,2023-11-15 10:42:00,2023-11-15 10:52:00,2023-11-15 11:12:00,15973.5,15906.0,67.5,15906.0,15926.0,15886.0,WIN,20.0,false,true,false,true,false,2.322,10.34
VWAP_EMA20_ALIGN,2023-11-16,2023,2023-11,LONG,2023-11-16 09:01:00,2023-11-16 09:06:00,2023-11-16 09:08:00,15898.0,15825.25,72.75,15898.0,15878.0,15918.0,LOSS,-20.0,true,false,true,false,false,1.298,9.66
VWAP_EMA20_ALIGN,2023-11-17,2023,2023-11,SHORT,2023-11-17 10:05:00,2023-11-17 10:06:00,2023-11-17 10:10:00,15880.75,15831.5,49.25,15831.5,15851.5,15811.5,LOSS,-20.0,false,true,false,true,true,2.332,9.32
VWAP_EMA20_ALIGN,2023-11-20,2023,2023-11,LONG,2023-11-20 09:00:00,2023-11-20 09:05:00,2023-11-20 09:13:00,15997.0,15894.75,102.25,15997.0,15977.0,16017.0,LOSS,-20.0,true,false,true,false,false,1.366,10.0
VWAP_EMA20_ALIGN,2023-11-21,2023,2023-11,SHORT,2023-11-21 09:01:00,2023-11-21 09:17:00,2023-11-21 09:21:00,16020.75,15980.25,40.5,15980.25,16000.25,15960.25,WIN,20.0,false,true,false,true,false,1.685,10.41
VWAP_EMA20_ALIGN,2023-11-24,2023,2023-11,SHORT,2023-11-24 09:15:00,2023-11-24 09:16:00,2023-11-24 09:52:00,16053.5,16002.0,51.5,16002.0,16022.0,15982.0,WIN,20.0,false,true,false,true,false,2.393,8.09
VWAP_EMA20_ALIGN,2023-11-27,2023,2023-11,LONG,2023-11-27 09:09:00,2023-11-27 09:10:00,2023-11-27 09:18:00,16037.5,15970.25,67.25,16037.5,16017.5,16057.5,LOSS,-20.0,true,false,true,false,false,1.839,10.62
VWAP_EMA20_ALIGN,2023-11-28,2023,2023-11,LONG,2023-11-28 09:39:00,2023-11-28 09:40:00,2023-11-28 09:41:00,16007.5,15958.5,49.0,16007.5,15987.5,16027.5,WIN,20.0,true,false,true,false,true,3.699,8.62
VWAP_EMA20_ALIGN,2023-11-30,2023,2023-11,SHORT,2023-11-30 09:02:00,2023-11-30 09:05:00,2023-11-30 09:13:00,16051.5,15946.5,105.0,15946.5,15966.5,15926.5,LOSS,-20.0,false,true,false,true,true,2.409,14.21
VWAP_EMA20_ALIGN,2023-12-01,2023,2023-12,LONG,2023-12-01 09:01:00,2023-12-01 09:02:00,2023-12-01 09:05:00,15943.25,15875.5,67.75,15943.25,15923.25,15963.25,LOSS,-20.0,true,false,true,false,true,1.833,14.11
VWAP_EMA20_ALIGN,2023-12-04,2023,2023-12,SHORT,2023-12-04 09:15:00,2023-12-04 09:16:00,2023-12-04 09:21:00,15876.5,15823.0,53.5,15823.0,15843.0,15803.0,WIN,20.0,false,true,false,true,false,1.673,13.61
VWAP_EMA20_ALIGN,2023-12-05,2023,2023-12,LONG,2023-12-05 09:00:00,2023-12-05 09:27:00,2023-12-05 09:29:00,15864.25,15783.25,81.0,15864.25,15844.25,15884.25,WIN,20.0,true,false,true,false,true,2.312,14.71
VWAP_EMA20_ALIGN,2023-12-06,2023,2023-12,SHORT,2023-12-06 09:00:00,2023-12-06 09:01:00,2023-12-06 09:05:00,16037.75,15936.25,101.5,15936.25,15956.25,15916.25,WIN,20.0,false,true,false,true,true,1.995,11.5
VWAP_EMA20_ALIGN,2023-12-07,2023,2023-12,LONG,2023-12-07 09:21:00,2023-12-07 09:23:00,2023-12-07 09:31:00,15982.0,15887.5,94.5,15982.0,15962.0,16002.0,WIN,20.0,true,false,true,false,false,1.672,15.7
VWAP_EMA20_ALIGN,2023-12-08,2023,2023-12,LONG,2023-12-08 09:00:00,2023-12-08 09:01:00,2023-12-08 09:06:00,16026.0,15947.25,78.75,16026.0,16006.0,16046.0,WIN,20.0,true,false,true,false,true,2.594,16.62
VWAP_EMA20_ALIGN,2023-12-11,2023,2023-12,LONG,2023-12-11 09:00:00,2023-12-11 09:05:00,2023-12-11 09:30:00,16377.0,16281.5,95.5,16377.0,16357.0,16397.0,LOSS,-20.0,true,false,true,false,false,1.495,15.25
VWAP_EMA20_ALIGN,2023-12-12,2023,2023-12,LONG,2023-12-12 09:00:00,2023-12-12 09:01:00,2023-12-12 09:18:00,16467.5,16396.5,71.0,16467.5,16447.5,16487.5,WIN,20.0,true,false,true,false,false,1.145,12.12
VWAP_EMA20_ALIGN,2023-12-13,2023,2023-12,SHORT,2023-12-13 11:02:00,2023-12-13 11:03:00,2023-12-13 11:30:00,16657.25,16597.25,60.0,16597.25,16617.25,16577.25,TIME_EXIT,-5.75,false,true,false,true,false,1.94,5.79
VWAP_EMA20_ALIGN,2023-12-14,2023,2023-12,SHORT,2023-12-14 09:05:00,2023-12-14 09:16:00,2023-12-14 09:17:00,16877.25,16811.5,65.75,16811.5,16831.5,16791.5,WIN,20.0,false,true,false,true,false,1.43,15.02
VWAP_EMA20_ALIGN,2023-12-15,2023,2023-12,LONG,2023-12-15 09:13:00,2023-12-15 09:15:00,2023-12-15 09:29:00,16844.25,16780.0,64.25,16844.25,16824.25,16864.25,WIN,20.0,true,false,true,false,false,1.687,11.16
VWAP_EMA20_ALIGN,2023-12-18,2023,2023-12,LONG,2023-12-18 09:00:00,2023-12-18 09:02:00,2023-12-18 09:18:00,16883.0,16832.5,50.5,16883.0,16863.0,16903.0,WIN,20.0,true,false,true,false,false,1.42,9.23
VWAP_EMA20_ALIGN,2023-12-19,2023,2023-12,LONG,2023-12-19 09:18:00,2023-12-19 09:32:00,2023-12-19 09:39:00,16995.5,16944.5,51.0,16995.5,16975.5,17015.5,LOSS,-20.0,true,false,true,false,false,0.741,8.45
VWAP_EMA20_ALIGN,2023-12-20,2023,2023-12,LONG,2023-12-20 09:00:00,2023-12-20 09:01:00,2023-12-20 09:17:00,17024.0,16971.0,53.0,17024.0,17004.0,17044.0,WIN,20.0,true,false,true,false,false,2.668,6.34
VWAP_EMA20_ALIGN,2023-12-21,2023,2023-12,SHORT,2023-12-21 09:04:00,2023-12-21 09:05:00,2023-12-21 09:06:00,16958.75,16885.5,73.25,16885.5,16905.5,16865.5,WIN,20.0,false,true,false,true,false,1.082,12.48
VWAP_EMA20_ALIGN,2023-12-22,2023,2023-12,SHORT,2023-12-22 10:00:00,2023-12-22 10:04:00,2023-12-22 10:07:00,17041.5,16989.25,52.25,16989.25,17009.25,16969.25,WIN,20.0,false,true,false,true,false,4.932,9.07
VWAP_EMA20_ALIGN,2023-12-26,2023,2023-12,LONG,2023-12-26 09:21:00,2023-12-26 09:25:00,2023-12-26 09:51:00,17052.0,17005.5,46.5,17052.0,17032.0,17072.0,LOSS,-20.0,true,false,true,false,false,1.267,4.77
VWAP_EMA20_ALIGN,2023-12-27,2023,2023-12,SHORT,2023-12-27 09:11:00,2023-12-27 09:12:00,2023-12-27 09:13:00,17121.75,17091.75,30.0,17091.75,17111.75,17071.75,WIN,20.0,false,true,false,true,false,2.376,7.98
VWAP_EMA20_ALIGN,2023-12-28,2023,2023-12,SHORT,2023-12-28 09:05:00,2023-12-28 09:06:00,2023-12-28 09:36:00,17159.0,17114.75,44.25,17114.75,17134.75,17094.75,LOSS,-20.0,false,true,false,true,false,2.594,7.0
VWAP_EMA20_ALIGN,2023-12-29,2023,2023-12,SHORT,2023-12-29 09:34:00,2023-12-29 09:35:00,2023-12-29 09:41:00,17107.5,17073.75,33.75,17073.75,17093.75,17053.75,WIN,20.0,false,true,false,true,false,3.489,6.16
VWAP_EMA20_ALIGN,2024-01-03,2024,2024-01,SHORT,2024-01-03 09:12:00,2024-01-03 09:13:00,2024-01-03 09:21:00,16642.25,16581.5,60.75,16581.5,16601.5,16561.5,WIN,20.0,false,true,false,true,false,1.285,21.48
VWAP_EMA20_ALIGN,2024-01-04,2024,2024-01,LONG,2024-01-04 09:08:00,2024-01-04 09:09:00,2024-01-04 09:13:00,16500.25,16443.25,57.0,16500.25,16480.25,16520.25,WIN,20.0,true,false,true,false,false,1.421,15.46
VWAP_EMA20_ALIGN,2024-01-05,2024,2024-01,LONG,2024-01-05 09:00:00,2024-01-05 09:01:00,2024-01-05 09:02:00,16495.5,16437.5,58.0,16495.5,16475.5,16515.5,WIN,20.0,true,false,true,false,true,3.4,11.79
VWAP_EMA20_ALIGN,2024-01-09,2024,2024-01,LONG,2024-01-09 09:09:00,2024-01-09 09:28:00,2024-01-09 09:36:00,16714.5,16660.5,54.0,16714.5,16694.5,16734.5,WIN,20.0,true,false,true,false,false,1.365,10.91
VWAP_EMA20_ALIGN,2024-01-10,2024,2024-01,SHORT,2024-01-10 09:02:00,2024-01-10 09:03:00,2024-01-10 09:10:00,16874.0,16813.5,60.5,16813.5,16833.5,16793.5,LOSS,-20.0,false,true,false,true,false,1.736,12.57
VWAP_EMA20_ALIGN,2024-01-11,2024,2024-01,SHORT,2024-01-11 09:03:00,2024-01-11 09:31:00,2024-01-11 09:32:00,17043.5,16926.75,116.75,16926.75,16946.75,16906.75,WIN,20.0,false,true,false,true,false,1.163,17.45
VWAP_EMA20_ALIGN,2024-01-12,2024,2024-01,SHORT,2024-01-12 09:00:00,2024-01-12 09:01:00,2024-01-12 09:02:00,17042.5,16974.0,68.5,16974.0,16994.0,16954.0,WIN,20.0,false,true,false,true,false,2.876,14.62
VWAP_EMA20_ALIGN,2024-01-15,2024,2024-01,LONG,2024-01-15 09:55:00,2024-01-15 10:05:00,2024-01-15 11:30:00,16966.25,16936.25,30.0,16966.25,16946.25,16986.25,TIME_EXIT,1.75,true,false,true,false,false,2.034,2.68
VWAP_EMA20_ALIGN,2024-01-16,2024,2024-01,LONG,2024-01-16 09:16:00,2024-01-16 09:17:00,2024-01-16 09:18:00,16946.25,16855.0,91.25,16946.25,16926.25,16966.25,WIN,20.0,true,false,true,false,false,1.234,15.38
VWAP_EMA20_ALIGN,2024-01-18,2024,2024-01,LONG,2024-01-18 09:37:00,2024-01-18 09:38:00,2024-01-18 09:49:00,17054.25,16994.75,59.5,17054.25,17034.25,17074.25,WIN,20.0,true,false,true,false,false,1.654,13.82
VWAP_EMA20_ALIGN,2024-01-19,2024,2024-01,LONG,2024-01-19 09:00:00,2024-01-19 09:01:00,2024-01-19 09:06:00,17212.75,17166.25,46.5,17212.75,17192.75,17232.75,LOSS,-20.0,true,false,true,false,false,2.655,13.12
VWAP_EMA20_ALIGN,2024-01-22,2024,2024-01,SHORT,2024-01-22 09:28:00,2024-01-22 09:29:00,2024-01-22 09:30:00,17585.0,17492.0,93.0,17492.0,17512.0,17472.0,WIN,20.0,false,true,false,true,false,1.936,14.11
VWAP_EMA20_ALIGN,2024-01-24,2024,2024-01,LONG,2024-01-24 09:15:00,2024-01-24 09:16:00,2024-01-24 09:28:00,17695.5,17637.5,58.0,17695.5,17675.5,17715.5,WIN,20.0,true,false,true,false,false,1.683,11.3
VWAP_EMA20_ALIGN,2024-01-25,2024,2024-01,LONG,2024-01-25 09:22:00,2024-01-25 09:28:00,2024-01-25 09:35:00,17726.75,17660.5,66.25,17726.75,17706.75,17746.75,LOSS,-20.0,true,false,true,false,false,1.641,10.86
VWAP_EMA20_ALIGN,2024-01-26,2024,2024-01,SHORT,2024-01-26 09:05:00,2024-01-26 09:06:00,2024-01-26 09:10:00,17571.0,17517.25,53.75,17517.25,17537.25,17497.25,LOSS,-20.0,false,true,false,true,false,1.387,13.3
VWAP_EMA20_ALIGN,2024-01-29,2024,2024-01,SHORT,2024-01-29 09:49:00,2024-01-29 09:58:00,2024-01-29 10:16:00,17583.5,17529.75,53.75,17529.75,17549.75,17509.75,LOSS,-20.0,false,true,false,true,false,0.922,9.91
VWAP_EMA20_ALIGN,2024-01-30,2024,2024-01,SHORT,2024-01-30 09:00:00,2024-01-30 09:07:00,2024-01-30 09:26:00,17684.75,17654.0,30.75,17654.0,17674.0,17634.0,WIN,20.0,false,true,false,true,true,3.261,9.11
VWAP_EMA20_ALIGN,2024-01-31,2024,2024-01,SHORT,2024-01-31 09:13:00,2024-01-31 09:14:00,2024-01-31 09:28:00,17426.5,17347.25,79.25,17347.25,17367.25,17327.25,WIN,20.0,false,true,false,true,false,1.007,11.41
VWAP_EMA20_ALIGN,2024-02-01,2024,2024-02,SHORT,2024-02-01 09:00:00,2024-02-01 09:01:00,2024-02-01 09:04:00,17337.75,17285.25,52.5,17285.25,17305.25,17265.25,LOSS,-20.0,false,true,false,true,false,1.96,14.43
VWAP_EMA20_ALIGN,2024-02-05,2024,2024-02,SHORT,2024-02-05 09:01:00,2024-02-05 09:02:00,2024-02-05 09:04:00,17737.25,17676.5,60.75,17676.5,17696.5,17656.5,WIN,20.0,false,true,false,true,false,1.992,13.48
VWAP_EMA20_ALIGN,2024-02-06,2024,2024-02,SHORT,2024-02-06 09:00:00,2024-02-06 09:02:00,2024-02-06 09:03:00,17767.75,17651.75,116.0,17651.75,17671.75,17631.75,WIN,20.0,false,true,false,true,false,1.63,15.59
VWAP_EMA20_ALIGN,2024-02-08,2024,2024-02,LONG,2024-02-08 09:00:00,2024-02-08 09:01:00,2024-02-08 09:30:00,17852.5,17808.0,44.5,17852.5,17832.5,17872.5,LOSS,-20.0,true,false,true,false,false,1.571,10.3
VWAP_EMA20_ALIGN,2024-02-09,2024,2024-02,LONG,2024-02-09 09:00:00,2024-02-09 09:16:00,2024-02-09 09:18:00,17944.0,17875.0,69.0,17944.0,17924.0,17964.0,WIN,20.0,true,false,true,false,false,1.749,10.12
VWAP_EMA20_ALIGN,2024-02-12,2024,2024-02,LONG,2024-02-12 09:39:00,2024-02-12 09:40:00,2024-02-12 09:52:00,18051.0,18007.25,43.75,18051.0,18031.0,18071.0,WIN,20.0,true,false,true,false,false,1.386,5.98
VWAP_EMA20_ALIGN,2024-02-14,2024,2024-02,LONG,2024-02-14 09:19:00,2024-02-14 09:22:00,2024-02-14 09:24:00,17819.0,17743.0,76.0,17819.0,17799.0,17839.0,WIN,20.0,true,false,true,false,false,1.737,12.77
VWAP_EMA20_ALIGN,2024-02-15,2024,2024-02,SHORT,2024-02-15 09:03:00,2024-02-15 09:04:00,2024-02-15 09:07:00,17903.25,17810.5,92.75,17810.5,17830.5,17790.5,LOSS,-20.0,false,true,false,true,false,1.577,14.34
VWAP_EMA20_ALIGN,2024-02-19,2024,2024-02,SHORT,2024-02-19 09:44:00,2024-02-19 09:45:00,2024-02-19 11:30:00,17807.5,17785.0,22.5,17785.0,17805.0,17765.0,TIME_EXIT,-2.0,false,true,false,true,false,1.027,2.98
VWAP_EMA20_ALIGN,2024-02-21,2024,2024-02,LONG,2024-02-21 09:04:00,2024-02-21 09:05:00,2024-02-21 09:08:00,17511.75,17448.25,63.5,17511.75,17491.75,17531.75,LOSS,-20.0,true,false,true,false,true,1.64,15.61
VWAP_EMA20_ALIGN,2024-02-22,2024,2024-02,LONG,2024-02-22 10:18:00,2024-02-22 10:19:00,2024-02-22 10:48:00,17970.25,17864.0,106.25,17970.25,17950.25,17990.25,LOSS,-20.0,true,false,true,false,false,1.01,12.2
VWAP_EMA20_ALIGN,2024-02-23,2024,2024-02,SHORT,2024-02-23 09:00:00,2024-02-23 09:22:00,2024-02-23 09:30:00,18144.75,18060.75,84.0,18060.75,18080.75,18040.75,WIN,20.0,false,true,false,true,true,1.964,16.04
VWAP_EMA20_ALIGN,2024-02-26,2024,2024-02,LONG,2024-02-26 10:51:00,2024-02-26 10:52:00,2024-02-26 11:00:00,18050.75,17966.0,84.75,18050.75,18030.75,18070.75,LOSS,-20.0,true,false,true,false,false,2.1,6.8
VWAP_EMA20_ALIGN,2024-02-27,2024,2024-02,LONG,2024-02-27 09:19:00,2024-02-27 09:20:00,2024-02-27 09:26:00,18027.25,17941.0,86.25,18027.25,18007.25,18047.25,LOSS,-20.0,true,false,true,false,false,1.547,11.11
VWAP_EMA20_ALIGN,2024-02-28,2024,2024-02,LONG,2024-02-28 10:00:00,2024-02-28 10:01:00,2024-02-28 10:20:00,17946.5,17876.0,70.5,17946.5,17926.5,17966.5,WIN,20.0,true,false,true,false,true,4.506,8.64
VWAP_EMA20_ALIGN,2024-03-01,2024,2024-03,LONG,2024-03-01 09:00:00,2024-03-01 09:01:00,2024-03-01 09:04:00,18144.5,18093.75,50.75,18144.5,18124.5,18164.5,LOSS,-20.0,true,false,true,false,false,3.829,14.96
VWAP_EMA20_ALIGN,2024-03-04,2024,2024-03,SHORT,2024-03-04 09:00:00,2024-03-04 09:05:00,2024-03-04 09:13:00,18334.75,18288.0,46.75,18288.0,18308.0,18268.0,LOSS,-20.0,false,true,false,true,false,1.82,11.07
VWAP_EMA20_ALIGN,2024-03-05,2024,2024-03,SHORT,2024-03-05 09:08:00,2024-03-05 09:10:00,2024-03-05 09:12:00,18135.25,18023.25,112.0,18023.25,18043.25,18003.25,WIN,20.0,false,true,false,true,false,1.359,16.32
VWAP_EMA20_ALIGN,2024-03-06,2024,2024-03,SHORT,2024-03-06 09:00:00,2024-03-06 09:01:00,2024-03-06 09:03:00,18126.5,18036.5,90.0,18036.5,18056.5,18016.5,WIN,20.0,false,true,false,true,false,1.583,17.0
VWAP_EMA20_ALIGN,2024-03-07,2024,2024-03,LONG,2024-03-07 09:15:00,2024-03-07 09:16:00,2024-03-07 09:38:00,18225.75,18118.75,107.0,18225.75,18205.75,18245.75,WIN,20.0,true,false,true,false,false,2.176,15.09
VWAP_EMA20_ALIGN,2024-03-08,2024,2024-03,LONG,2024-03-08 09:00:00,2024-03-08 09:01:00,2024-03-08 09:06:00,18390.0,18288.0,102.0,18390.0,18370.0,18410.0,WIN,20.0,true,false,true,false,false,1.145,13.41
VWAP_EMA20_ALIGN,2024-03-11,2024,2024-03,SHORT,2024-03-11 09:29:00,2024-03-11 09:30:00,2024-03-11 09:37:00,18269.0,18173.25,95.75,18173.25,18193.25,18153.25,LOSS,-20.0,false,true,false,true,false,1.073,14.41
VWAP_EMA20_ALIGN,2024-03-12,2024,2024-03,LONG,2024-03-12 09:23:00,2024-03-12 09:24:00,2024-03-12 09:40:00,18447.0,18364.75,82.25,18447.0,18427.0,18467.0,LOSS,-20.0,true,false,true,false,true,1.892,10.04
VWAP_EMA20_ALIGN,2024-03-13,2024,2024-03,SHORT,2024-03-13 09:30:00,2024-03-13 09:40:00,2024-03-13 09:42:00,18384.5,18314.0,70.5,18314.0,18334.0,18294.0,WIN,20.0,false,true,false,true,false,1.586,10.14
VWAP_EMA20_ALIGN,2024-03-14,2024,2024-03,SHORT,2024-03-14 09:23:00,2024-03-14 09:24:00,2024-03-14 09:36:00,18342.0,18276.0,66.0,18276.0,18296.0,18256.0,LOSS,-20.0,false,true,false,true,false,1.785,15.05
VWAP_EMA20_ALIGN,2024-03-15,2024,2024-03,SHORT,2024-03-15 09:19:00,2024-03-15 09:21:00,2024-03-15 09:38:00,18172.0,18093.75,78.25,18093.75,18113.75,18073.75,WIN,20.0,false,true,false,true,false,0.844,12.18
VWAP_EMA20_ALIGN,2024-03-19,2024,2024-03,LONG,2024-03-19 09:31:00,2024-03-19 09:32:00,2024-03-19 09:37:00,18146.75,18067.75,79.0,18146.75,18126.75,18166.75,WIN,20.0,true,false,true,false,false,1.884,10.62
VWAP_EMA20_ALIGN,2024-03-21,2024,2024-03,LONG,2024-03-21 09:35:00,2024-03-21 09:36:00,2024-03-21 09:50:00,18669.0,18620.25,48.75,18669.0,18649.0,18689.0,WIN,20.0,true,false,true,false,false,1.117,8.73
VWAP_EMA20_ALIGN,2024-03-22,2024,2024-03,LONG,2024-03-22 09:05:00,2024-03-22 09:06:00,2024-03-22 09:30:00,18538.0,18502.5,35.5,18538.0,18518.0,18558.0,WIN,20.0,true,false,true,false,false,1.223,8.64
VWAP_EMA20_ALIGN,2024-03-25,2024,2024-03,LONG,2024-03-25 09:02:00,2024-03-25 09:03:00,2024-03-25 09:48:00,18529.0,18499.0,30.0,18529.0,18509.0,18549.0,WIN,20.0,true,false,true,false,false,1.168,7.45
VWAP_EMA20_ALIGN,2024-03-26,2024,2024-03,LONG,2024-03-26 09:22:00,2024-03-26 09:29:00,2024-03-26 10:00:00,18565.0,18534.0,31.0,18565.0,18545.0,18585.0,WIN,20.0,true,false,true,false,false,1.514,6.86
VWAP_EMA20_ALIGN,2024-03-27,2024,2024-03,SHORT,2024-03-27 09:29:00,2024-03-27 09:31:00,2024-03-27 09:42:00,18443.75,18403.0,40.75,18403.0,18423.0,18383.0,LOSS,-20.0,false,true,false,true,false,2.0,8.46
VWAP_EMA20_ALIGN,2024-03-28,2024,2024-03,LONG,2024-03-28 09:30:00,2024-03-28 09:31:00,2024-03-28 09:36:00,18516.5,18484.5,32.0,18516.5,18496.5,18536.5,LOSS,-20.0,true,false,true,false,false,1.269,6.68
VWAP_EMA20_ALIGN,2024-04-01,2024,2024-04,SHORT,2024-04-01 09:02:00,2024-04-01 09:10:00,2024-04-01 09:15:00,18541.75,18466.75,75.0,18466.75,18486.75,18446.75,WIN,20.0,false,true,false,true,false,1.154,9.62
VWAP_EMA20_ALIGN,2024-04-03,2024,2024-04,LONG,2024-04-03 09:00:00,2024-04-03 09:05:00,2024-04-03 09:51:00,18434.0,18402.25,31.75,18434.0,18414.0,18454.0,LOSS,-20.0,true,false,true,false,false,1.633,7.62
VWAP_EMA20_ALIGN,2024-04-04,2024,2024-04,SHORT,2024-04-04 09:12:00,2024-04-04 09:14:00,2024-04-04 09:30:00,18513.75,18487.75,26.0,18487.75,18507.75,18467.75,LOSS,-20.0,false,true,false,true,true,1.901,6.73
VWAP_EMA20_ALIGN,2024-04-05,2024,2024-04,LONG,2024-04-05 09:38:00,2024-04-05 09:40:00,2024-04-05 09:43:00,18311.0,18192.5,118.5,18311.0,18291.0,18331.0,WIN,20.0,true,false,true,false,false,1.492,13.23
VWAP_EMA20_ALIGN,2024-04-10,2024,2024-04,SHORT,2024-04-10 09:13:00,2024-04-10 09:43:00,2024-04-10 10:03:00,18234.0,18135.75,98.25,18135.75,18155.75,18115.75,LOSS,-20.0,false,true,false,true,false,1.915,12.89
VWAP_EMA20_ALIGN,2024-04-11,2024,2024-04,LONG,2024-04-11 09:03:00,2024-04-11 09:04:00,2024-04-11 09:07:00,18264.25,18201.75,62.5,18264.25,18244.25,18284.25,LOSS,-20.0,true,false,true,false,false,1.846,8.88
VWAP_EMA20_ALIGN,2024-04-12,2024,2024-04,SHORT,2024-04-12 10:31:00,2024-04-12 10:32:00,2024-04-12 10:38:00,18288.25,18193.25,95.0,18193.25,18213.25,18173.25,WIN,20.0,false,true,false,true,false,1.773,11.11
VWAP_EMA20_ALIGN,2024-04-15,2024,2024-04,SHORT,2024-04-15 09:00:00,2024-04-15 09:16:00,2024-04-15 09:28:00,18249.25,18170.75,78.5,18170.75,18190.75,18150.75,LOSS,-20.0,false,true,false,true,false,1.692,14.25
VWAP_EMA20_ALIGN,2024-04-16,2024,2024-04,LONG,2024-04-16 09:06:00,2024-04-16 09:07:00,2024-04-16 09:23:00,17883.5,17834.5,49.0,17883.5,17863.5,17903.5,WIN,20.0,true,false,true,false,false,1.285,12.29
VWAP_EMA20_ALIGN,2024-04-18,2024,2024-04,LONG,2024-04-18 09:11:00,2024-04-18 09:17:00,2024-04-18 09:29:00,17731.0,17651.25,79.75,17731.0,17711.0,17751.0,LOSS,-20.0,true,false,true,false,false,1.289,12.93
VWAP_EMA20_ALIGN,2024-04-19,2024,2024-04,SHORT,2024-04-19 09:19:00,2024-04-19 09:20:00,2024-04-19 09:26:00,17422.25,17345.0,77.25,17345.0,17365.0,17325.0,WIN,20.0,false,true,false,true,false,1.582,14.88
VWAP_EMA20_ALIGN,2024-04-22,2024,2024-04,SHORT,2024-04-22 09:09:00,2024-04-22 09:14:00,2024-04-22 09:25:00,17237.0,17165.25,71.75,17165.25,17185.25,17145.25,LOSS,-20.0,false,true,false,true,false,1.283,10.09
VWAP_EMA20_ALIGN,2024-04-23,2024,2024-04,LONG,2024-04-23 09:00:00,2024-04-23 09:22:00,2024-04-23 09:32:00,17599.0,17551.25,47.75,17599.0,17579.0,17619.0,LOSS,-20.0,true,false,true,false,false,1.356,10.45
VWAP_EMA20_ALIGN,2024-04-24,2024,2024-04,SHORT,2024-04-24 09:03:00,2024-04-24 09:05:00,2024-04-24 09:07:00,17742.25,17677.75,64.5,17677.75,17697.75,17657.75,WIN,20.0,false,true,false,true,true,2.048,12.48
VWAP_EMA20_ALIGN,2024-04-25,2024,2024-04,LONG,2024-04-25 10:09:00,2024-04-25 10:20:00,2024-04-25 10:21:00,17436.5,17341.75,94.75,17436.5,17416.5,17456.5,WIN,20.0,true,false,true,false,false,1.132,11.73
VWAP_EMA20_ALIGN,2024-04-26,2024,2024-04,LONG,2024-04-26 09:00:00,2024-04-26 09:01:00,2024-04-26 09:02:00,17860.0,17781.25,78.75,17860.0,17840.0,17880.0,WIN,20.0,true,false,true,false,false,1.381,12.25
VWAP_EMA20_ALIGN,2024-04-29,2024,2024-04,SHORT,2024-04-29 09:05:00,2024-04-29 09:30:00,2024-04-29 09:35:00,17916.5,17869.25,47.25,17869.25,17889.25,17849.25,WIN,20.0,false,true,false,true,true,2.211,10.75
VWAP_EMA20_ALIGN,2024-04-30,2024,2024-04,SHORT,2024-04-30 09:04:00,2024-04-30 09:06:00,2024-04-30 09:08:00,17878.75,17818.0,60.75,17818.0,17838.0,17798.0,WIN,20.0,false,true,false,true,false,1.504,9.48
VWAP_EMA20_ALIGN,2024-05-01,2024,2024-05,SHORT,2024-05-01 09:09:00,2024-05-01 09:10:00,2024-05-01 09:16:00,17506.25,17459.25,47.0,17459.25,17479.25,17439.25,WIN,20.0,false,true,false,true,false,1.514,10.77
VWAP_EMA20_ALIGN,2024-05-02,2024,2024-05,LONG,2024-05-02 09:02:00,2024-05-02 09:07:00,2024-05-02 09:08:00,17538.75,17444.25,94.5,17538.75,17518.75,17558.75,WIN,20.0,true,false,true,false,false,0.904,15.43
VWAP_EMA20_ALIGN,2024-05-03,2024,2024-05,SHORT,2024-05-03 09:09:00,2024-05-03 09:10:00,2024-05-03 09:17:00,17990.25,17910.5,79.75,17910.5,17930.5,17890.5,LOSS,-20.0,false,true,false,true,false,1.628,15.09
VWAP_EMA20_ALIGN,2024-05-06,2024,2024-05,LONG,2024-05-06 09:35:00,2024-05-06 09:44:00,2024-05-06 10:14:00,18111.0,18087.75,23.25,18111.0,18091.0,18131.0,LOSS,-20.0,true,false,true,false,true,2.517,6.59
VWAP_EMA20_ALIGN,2024-05-07,2024,2024-05,LONG,2024-05-07 09:00:00,2024-05-07 09:01:00,2024-05-07 10:51:00,18251.75,18185.0,66.75,18251.75,18231.75,18271.75,LOSS,-20.0,true,false,true,false,false,1.712,7.07
VWAP_EMA20_ALIGN,2024-05-09,2024,2024-05,LONG,2024-05-09 09:02:00,2024-05-09 09:05:00,2024-05-09 09:46:00,18222.0,18150.75,71.25,18222.0,18202.0,18242.0,LOSS,-20.0,true,false,true,false,false,1.526,7.59
VWAP_EMA20_ALIGN,2024-05-13,2024,2024-05,LONG,2024-05-13 09:10:00,2024-05-13 09:12:00,2024-05-13 09:22:00,18304.75,18277.5,27.25,18304.75,18284.75,18324.75,LOSS,-20.0,true,false,true,false,false,1.584,9.21
VWAP_EMA20_ALIGN,2024-05-15,2024,2024-05,LONG,2024-05-15 09:00:00,2024-05-15 09:01:00,2024-05-15 09:08:00,18572.5,18527.5,45.0,18572.5,18552.5,18592.5,WIN,20.0,true,false,true,false,true,2.373,6.0
VWAP_EMA20_ALIGN,2024-05-16,2024,2024-05,LONG,2024-05-16 09:00:00,2024-05-16 09:03:00,2024-05-16 09:15:00,18749.75,18709.5,40.25,18749.75,18729.75,18769.75,LOSS,-20.0,true,false,true,false,false,2.11,6.0
VWAP_EMA20_ALIGN,2024-05-20,2024,2024-05,LONG,2024-05-20 10:41:00,2024-05-20 10:42:00,2024-05-20 10:58:00,18772.0,18735.25,36.75,18772.0,18752.0,18792.0,WIN,20.0,true,false,true,false,false,2.052,4.75
VWAP_EMA20_ALIGN,2024-05-21,2024,2024-05,LONG,2024-05-21 09:01:00,2024-05-21 09:22:00,2024-05-21 09:52:00,18758.75,18727.25,31.5,18758.75,18738.75,18778.75,LOSS,-20.0,true,false,true,false,false,1.916,6.0
VWAP_EMA20_ALIGN,2024-05-22,2024,2024-05,LONG,2024-05-22 09:01:00,2024-05-22 09:03:00,2024-05-22 09:50:00,18823.25,18801.5,21.75,18823.25,18803.25,18843.25,LOSS,-20.0,true,false,true,false,false,1.877,5.23
VWAP_EMA20_ALIGN,2024-05-23,2024,2024-05,LONG,2024-05-23 09:37:00,2024-05-23 09:38:00,2024-05-23 10:11:00,18915.5,18802.0,113.5,18915.5,18895.5,18935.5,LOSS,-20.0,true,false,true,false,false,1.637,8.39
VWAP_EMA20_ALIGN,2024-05-24,2024,2024-05,LONG,2024-05-24 09:00:00,2024-05-24 09:01:00,2024-05-24 09:04:00,18866.75,18813.5,53.25,18866.75,18846.75,18886.75,WIN,20.0,true,false,true,false,false,1.399,8.45
VWAP_EMA20_ALIGN,2024-05-27,2024,2024-05,LONG,2024-05-27 09:00:00,2024-05-27 09:01:00,2024-05-27 09:47:00,18914.5,18878.0,36.5,18914.5,18894.5,18934.5,WIN,20.0,true,false,true,false,true,2.212,3.5
VWAP_EMA20_ALIGN,2024-05-28,2024,2024-05,LONG,2024-05-28 09:30:00,2024-05-28 09:31:00,2024-05-28 10:20:00,18929.75,18877.75,52.0,18929.75,18909.75,18949.75,LOSS,-20.0,true,false,true,false,false,2.614,5.23
VWAP_EMA20_ALIGN,2024-05-29,2024,2024-05,SHORT,2024-05-29 09:18:00,2024-05-29 09:22:00,2024-05-29 09:34:00,18879.75,18848.75,31.0,18848.75,18868.75,18828.75,WIN,20.0,false,true,false,true,false,1.269,8.86
VWAP_EMA20_ALIGN,2024-05-30,2024,2024-05,SHORT,2024-05-30 09:04:00,2024-05-30 09:05:00,2024-05-30 09:25:00,18724.25,18645.5,78.75,18645.5,18665.5,18625.5,LOSS,-20.0,false,true,false,true,true,2.006,10.7
VWAP_EMA20_ALIGN,2024-05-31,2024,2024-05,SHORT,2024-05-31 09:02:00,2024-05-31 09:06:00,2024-05-31 09:16:00,18421.0,18356.0,65.0,18356.0,18376.0,18336.0,WIN,20.0,false,true,false,true,true,1.647,14.3
VWAP_EMA20_ALIGN,2024-06-04,2024,2024-06,SHORT,2024-06-04 09:00:00,2024-06-04 09:06:00,2024-06-04 09:10:00,18654.75,18595.25,59.5,18595.25,18615.25,18575.25,LOSS,-20.0,false,true,false,true,false,1.313,12.86
VWAP_EMA20_ALIGN,2024-06-05,2024,2024-06,LONG,2024-06-05 09:04:00,2024-06-05 09:05:00,2024-06-05 09:13:00,18936.75,18892.0,44.75,18936.75,18916.75,18956.75,WIN,20.0,true,false,true,false,true,2.345,8.09
VWAP_EMA20_ALIGN,2024-06-06,2024,2024-06,SHORT,2024-06-06 09:23:00,2024-06-06 09:24:00,2024-06-06 09:33:00,19106.5,19073.25,33.25,19073.25,19093.25,19053.25,WIN,20.0,false,true,false,true,false,1.86,7.73
VWAP_EMA20_ALIGN,2024-06-07,2024,2024-06,SHORT,2024-06-07 09:06:00,2024-06-07 09:07:00,2024-06-07 09:23:00,19117.5,19032.5,85.0,19032.5,19052.5,19012.5,LOSS,-20.0,false,true,false,true,false,1.561,12.55
VWAP_EMA20_ALIGN,2024-06-10,2024,2024-06,LONG,2024-06-10 09:00:00,2024-06-10 09:06:00,2024-06-10 09:27:00,19069.75,19022.25,47.5,19069.75,19049.75,19089.75,WIN,20.0,true,false,true,false,false,1.417,6.98
VWAP_EMA20_ALIGN,2024-06-11,2024,2024-06,SHORT,2024-06-11 09:50:00,2024-06-11 09:51:00,2024-06-11 10:14:00,19136.5,19079.0,57.5,19079.0,19099.0,19059.0,LOSS,-20.0,false,true,false,true,true,1.867,12.3
VWAP_EMA20_ALIGN,2024-06-13,2024,2024-06,SHORT,2024-06-13 09:02:00,2024-06-13 09:03:00,2024-06-13 09:06:00,19595.25,19552.0,43.25,19552.0,19572.0,19532.0,LOSS,-20.0,false,true,false,true,false,1.068,12.82
VWAP_EMA20_ALIGN,2024-06-14,2024,2024-06,SHORT,2024-06-14 09:49:00,2024-06-14 09:50:00,2024-06-14 09:54:00,19633.5,19574.0,59.5,19574.0,19594.0,19554.0,LOSS,-20.0,false,true,false,true,false,1.53,9.02
VWAP_EMA20_ALIGN,2024-06-18,2024,2024-06,SHORT,2024-06-18 09:04:00,2024-06-18 09:05:00,2024-06-18 09:11:00,20201.75,20155.0,46.75,20155.0,20175.0,20135.0,WIN,20.0,false,true,false,true,true,1.538,7.95
VWAP_EMA20_ALIGN,2024-06-20,2024,2024-06,SHORT,2024-06-20 09:49:00,2024-06-20 10:00:00,2024-06-20 10:19:00,20216.25,20159.0,57.25,20159.0,20179.0,20139.0,WIN,20.0,false,true,false,true,true,2.619,9.12
VWAP_EMA20_ALIGN,2024-06-21,2024,2024-06,LONG,2024-06-21 09:01:00,2024-06-21 09:02:00,2024-06-21 09:19:00,20012.0,19943.0,69.0,20012.0,19992.0,20032.0,WIN,20.0,true,false,true,false,false,1.177,12.32
VWAP_EMA20_ALIGN,2024-06-24,2024,2024-06,SHORT,2024-06-24 11:08:00,2024-06-24 11:10:00,2024-06-24 11:30:00,19941.25,19821.25,120.0,19821.25,19841.25,19801.25,TIME_EXIT,10.75,false,true,false,true,true,3.115,12.46
VWAP_EMA20_ALIGN,2024-06-25,2024,2024-06,LONG,2024-06-25 09:06:00,2024-06-25 09:11:00,2024-06-25 09:14:00,19902.0,19853.0,49.0,19902.0,19882.0,19922.0,WIN,20.0,true,false,true,false,true,1.504,10.3
VWAP_EMA20_ALIGN,2024-06-26,2024,2024-06,SHORT,2024-06-26 09:02:00,2024-06-26 09:09:00,2024-06-26 09:10:00,20009.0,19958.75,50.25,19958.75,19978.75,19938.75,WIN,20.0,false,true,false,true,false,1.72,13.43
VWAP_EMA20_ALIGN,2024-06-27,2024,2024-06,SHORT,2024-06-27 09:32:00,2024-06-27 10:02:00,2024-06-27 10:10:00,20084.5,20001.5,83.0,20001.5,20021.5,19981.5,LOSS,-20.0,false,true,false,true,false,1.393,14.91
VWAP_EMA20_ALIGN,2024-07-01,2024,2024-07,LONG,2024-07-01 09:28:00,2024-07-01 09:29:00,2024-07-01 09:32:00,19950.5,19863.75,86.75,19950.5,19930.5,19970.5,LOSS,-20.0,true,false,true,false,false,1.026,11.2
VWAP_EMA20_ALIGN,2024-07-02,2024,2024-07,LONG,2024-07-02 09:05:00,2024-07-02 09:06:00,2024-07-02 09:14:00,20124.25,20056.75,67.5,20124.25,20104.25,20144.25,LOSS,-20.0,true,false,true,false,false,0.942,10.96
VWAP_EMA20_ALIGN,2024-07-03,2024,2024-07,LONG,2024-07-03 09:06:00,2024-07-03 09:08:00,2024-07-03 09:15:00,20320.75,20251.75,69.0,20320.75,20300.75,20340.75,WIN,20.0,true,false,true,false,false,1.919,9.95
VWAP_EMA20_ALIGN,2024-07-05,2024,2024-07,LONG,2024-07-05 09:10:00,2024-07-05 09:12:00,2024-07-05 09:30:00,20552.0,20490.5,61.5,20552.0,20532.0,20572.0,WIN,20.0,true,false,true,false,false,1.697,12.48
VWAP_EMA20_ALIGN,2024-07-08,2024,2024-07,LONG,2024-07-08 09:15:00,2024-07-08 09:18:00,2024-07-08 09:22:00,20633.25,20588.0,45.25,20633.25,20613.25,20653.25,WIN,20.0,true,false,true,false,false,1.241,6.48
VWAP_EMA20_ALIGN,2024-07-09,2024,2024-07,SHORT,2024-07-09 09:24:00,2024-07-09 09:31:00,2024-07-09 09:47:00,20742.0,20680.5,61.5,20680.5,20700.5,20660.5,LOSS,-20.0,false,true,false,true,false,2.537,10.46
VWAP_EMA20_ALIGN,2024-07-10,2024,2024-07,SHORT,2024-07-10 09:00:00,2024-07-10 09:01:00,2024-07-10 09:03:00,20774.25,20723.75,50.5,20723.75,20743.75,20703.75,WIN,20.0,false,true,false,true,false,1.748,9.8
VWAP_EMA20_ALIGN,2024-07-12,2024,2024-07,LONG,2024-07-12 09:07:00,2024-07-12 09:10:00,2024-07-12 09:17:00,20661.25,20545.0,116.25,20661.25,20641.25,20681.25,LOSS,-20.0,true,false,true,false,false,0.838,11.38
VWAP_EMA20_ALIGN,2024-07-15,2024,2024-07,LONG,2024-07-15 09:00:00,2024-07-15 09:01:00,2024-07-15 09:10:00,20738.5,20678.75,59.75,20738.5,20718.5,20758.5,WIN,20.0,true,false,true,false,false,2.69,10.23
VWAP_EMA20_ALIGN,2024-07-16,2024,2024-07,LONG,2024-07-16 09:08:00,2024-07-16 09:13:00,2024-07-16 09:20:00,20580.0,20509.0,71.0,20580.0,20560.0,20600.0,LOSS,-20.0,true,false,true,false,true,2.143,16.68
VWAP_EMA20_ALIGN,2024-07-17,2024,2024-07,SHORT,2024-07-17 09:04:00,2024-07-17 09:05:00,2024-07-17 09:09:00,20179.5,20104.25,75.25,20104.25,20124.25,20084.25,LOSS,-20.0,false,true,false,true,false,0.869,14.5
VWAP_EMA20_ALIGN,2024-07-19,2024,2024-07,SHORT,2024-07-19 09:28:00,2024-07-19 09:51:00,2024-07-19 09:56:00,19839.0,19774.5,64.5,19774.5,19794.5,19754.5,LOSS,-20.0,false,true,false,true,false,2.078,17.5
VWAP_EMA20_ALIGN,2024-07-22,2024,2024-07,SHORT,2024-07-22 09:09:00,2024-07-22 09:14:00,2024-07-22 09:16:00,20018.75,19929.5,89.25,19929.5,19949.5,19909.5,WIN,20.0,false,true,false,true,true,3.881,20.54
VWAP_EMA20_ALIGN,2024-07-23,2024,2024-07,LONG,2024-07-23 09:11:00,2024-07-23 09:12:00,2024-07-23 09:14:00,20024.25,19927.5,96.75,20024.25,20004.25,20044.25,WIN,20.0,true,false,true,false,false,1.022,11.61
VWAP_EMA20_ALIGN,2024-07-24,2024,2024-07,SHORT,2024-07-24 09:07:00,2024-07-24 09:11:00,2024-07-24 09:17:00,19498.0,19411.75,86.25,19411.75,19431.75,19391.75,WIN,20.0,false,true,false,true,false,0.919,10.88
VWAP_EMA20_ALIGN,2024-07-26,2024,2024-07,LONG,2024-07-26 09:05:00,2024-07-26 09:08:00,2024-07-26 09:10:00,19149.0,19040.25,108.75,19149.0,19129.0,19169.0,LOSS,-20.0,true,false,true,false,false,1.339,20.23
VWAP_EMA20_ALIGN,2024-07-29,2024,2024-07,SHORT,2024-07-29 09:00:00,2024-07-29 09:03:00,2024-07-29 09:08:00,19322.0,19218.5,103.5,19218.5,19238.5,19198.5,WIN,20.0,false,true,false,true,false,1.742,21.32
VWAP_EMA20_ALIGN,2024-07-30,2024,2024-07,SHORT,2024-07-30 09:00:00,2024-07-30 09:01:00,2024-07-30 09:02:00,19178.0,19097.25,80.75,19097.25,19117.25,19077.25,WIN,20.0,false,true,false,true,false,1.532,18.7
VWAP_EMA20_ALIGN,2024-07-31,2024,2024-07,LONG,2024-07-31 09:30:00,2024-07-31 09:31:00,2024-07-31 09:32:00,19494.0,19411.25,82.75,19494.0,19474.0,19514.0,WIN,20.0,true,false,true,false,false,1.757,11.39
VWAP_EMA20_ALIGN,2024-08-08,2024,2024-08,LONG,2024-08-08 10:05:00,2024-08-08 10:12:00,2024-08-08 10:25:00,18438.0,18355.0,83.0,18438.0,18418.0,18458.0,WIN,20.0,true,false,true,false,false,2.47,15.95
VWAP_EMA20_ALIGN,2024-08-12,2024,2024-08,LONG,2024-08-12 09:02:00,2024-08-12 09:03:00,2024-08-12 09:04:00,18743.25,18691.0,52.25,18743.25,18723.25,18763.25,WIN,20.0,true,false,true,false,true,2.306,14.82
VWAP_EMA20_ALIGN,2024-08-13,2024,2024-08,LONG,2024-08-13 09:04:00,2024-08-13 09:05:00,2024-08-13 09:28:00,18951.5,18856.0,95.5,18951.5,18931.5,18971.5,WIN,20.0,true,false,true,false,false,1.382,9.66
VWAP_EMA20_ALIGN,2024-08-15,2024,2024-08,LONG,2024-08-15 09:15:00,2024-08-15 09:19:00,2024-08-15 09:30:00,19514.75,19467.5,47.25,19514.75,19494.75,19534.75,LOSS,-20.0,true,false,true,false,true,1.574,8.95
VWAP_EMA20_ALIGN,2024-08-16,2024,2024-08,LONG,2024-08-16 10:10:00,2024-08-16 10:11:00,2024-08-16 10:14:00,19591.0,19496.0,95.0,19591.0,19571.0,19611.0,WIN,20.0,true,false,true,false,false,1.618,8.14
VWAP_EMA20_ALIGN,2024-08-19,2024,2024-08,LONG,2024-08-19 09:02:00,2024-08-19 09:03:00,2024-08-19 09:17:00,19662.0,19592.75,69.25,19662.0,19642.0,19682.0,LOSS,-20.0,true,false,true,false,false,0.934,10.38
VWAP_EMA20_ALIGN,2024-08-20,2024,2024-08,LONG,2024-08-20 09:58:00,2024-08-20 10:04:00,2024-08-20 10:16:00,19835.5,19743.0,92.5,19835.5,19815.5,19855.5,LOSS,-20.0,true,false,true,false,false,2.065,12.27
VWAP_EMA20_ALIGN,2024-08-27,2024,2024-08,LONG,2024-08-27 09:00:00,2024-08-27 09:02:00,2024-08-27 09:18:00,19673.5,19623.0,50.5,19673.5,19653.5,19693.5,LOSS,-20.0,true,false,true,false,false,2.782,13.62
VWAP_EMA20_ALIGN,2024-09-02,2024,2024-09,LONG,2024-09-02 09:08:00,2024-09-02 09:11:00,2024-09-02 09:33:00,19665.0,19606.25,58.75,19665.0,19645.0,19685.0,LOSS,-20.0,true,false,true,false,false,2.344,4.3
VWAP_EMA20_ALIGN,2024-09-04,2024,2024-09,LONG,2024-09-04 09:00:00,2024-09-04 09:02:00,2024-09-04 09:08:00,19095.75,18976.75,119.0,19095.75,19075.75,19115.75,LOSS,-20.0,true,false,true,false,false,1.319,15.98
VWAP_EMA20_ALIGN,2024-09-09,2024,2024-09,SHORT,2024-09-09 09:00:00,2024-09-09 09:13:00,2024-09-09 09:24:00,18623.0,18516.5,106.5,18516.5,18536.5,18496.5,LOSS,-20.0,false,true,false,true,false,1.562,16.62
VWAP_EMA20_ALIGN,2024-09-10,2024,2024-09,SHORT,2024-09-10 09:50:00,2024-09-10 09:54:00,2024-09-10 09:58:00,18786.0,18673.25,112.75,18673.25,18693.25,18653.25,WIN,20.0,false,true,false,true,true,3.14,18.04
VWAP_EMA20_ALIGN,2024-09-12,2024,2024-09,LONG,2024-09-12 10:57:00,2024-09-12 11:01:00,2024-09-12 11:02:00,19366.25,19259.25,107.0,19366.25,19346.25,19386.25,WIN,20.0,true,false,true,false,true,2.6,10.98
VWAP_EMA20_ALIGN,2024-09-17,2024,2024-09,SHORT,2024-09-17 10:10:00,2024-09-17 10:15:00,2024-09-17 10:18:00,19850.25,19745.5,104.75,19745.5,19765.5,19725.5,WIN,20.0,false,true,false,true,false,1.668,9.89
VWAP_EMA20_ALIGN,2024-09-18,2024,2024-09,SHORT,2024-09-18 09:10:00,2024-09-18 09:11:00,2024-09-18 09:20:00,19724.5,19671.25,53.25,19671.25,19691.25,19651.25,WIN,20.0,false,true,false,true,false,1.7,10.73
VWAP_EMA20_ALIGN,2024-09-19,2024,2024-09,LONG,2024-09-19 10:26:00,2024-09-19 10:27:00,2024-09-19 11:13:00,20158.5,20057.75,100.75,20158.5,20138.5,20178.5,LOSS,-20.0,true,false,true,false,false,2.196,11.16
VWAP_EMA20_ALIGN,2024-09-20,2024,2024-09,SHORT,2024-09-20 09:00:00,2024-09-20 09:02:00,2024-09-20 09:11:00,20017.0,19933.25,83.75,19933.25,19953.25,19913.25,WIN,20.0,false,true,false,true,false,1.213,14.0
VWAP_EMA20_ALIGN,2024-09-23,2024,2024-09,SHORT,2024-09-23 09:05:00,2024-09-23 09:08:00,2024-09-23 09:10:00,20126.75,20057.0,69.75,20057.0,20077.0,20037.0,LOSS,-20.0,false,true,false,true,false,1.807,15.55
VWAP_EMA20_ALIGN,2024-09-25,2024,2024-09,SHORT,2024-09-25 10:05:00,2024-09-25 10:10:00,2024-09-25 10:46:00,20249.75,20205.0,44.75,20205.0,20225.0,20185.0,WIN,20.0,false,true,false,true,true,1.082,11.54
VWAP_EMA20_ALIGN,2024-09-27,2024,2024-09,SHORT,2024-09-27 09:10:00,2024-09-27 09:11:00,2024-09-27 09:19:00,20333.75,20272.5,61.25,20272.5,20292.5,20252.5,WIN,20.0,false,true,false,true,false,1.981,12.91
VWAP_EMA20_ALIGN,2024-09-30,2024,2024-09,LONG,2024-09-30 09:07:00,2024-09-30 09:17:00,2024-09-30 09:30:00,20210.0,20162.75,47.25,20210.0,20190.0,20230.0,WIN,20.0,true,false,true,false,false,1.578,11.86
VWAP_EMA20_ALIGN,2024-10-01,2024,2024-10,SHORT,2024-10-01 10:47:00,2024-10-01 11:15:00,2024-10-01 11:19:00,19965.0,19866.25,98.75,19866.25,19886.25,19846.25,WIN,20.0,false,true,false,true,false,1.421,21.2
VWAP_EMA20_ALIGN,2024-10-02,2024,2024-10,LONG,2024-10-02 09:15:00,2024-10-02 09:16:00,2024-10-02 09:19:00,20056.75,19979.75,77.0,20056.75,20036.75,20076.75,WIN,20.0,true,false,true,false,false,2.049,17.61
VWAP_EMA20_ALIGN,2024-10-03,2024,2024-10,LONG,2024-10-03 09:40:00,2024-10-03 09:44:00,2024-10-03 09:51:00,20031.75,19912.5,119.25,20031.75,20011.75,20051.75,WIN,20.0,true,false,true,false,true,1.596,14.43
VWAP_EMA20_ALIGN,2024-10-04,2024,2024-10,LONG,2024-10-04 09:00:00,2024-10-04 09:01:00,2024-10-04 09:02:00,20129.25,20018.75,110.5,20129.25,20109.25,20149.25,WIN,20.0,true,false,true,false,false,1.437,17.09
VWAP_EMA20_ALIGN,2024-10-07,2024,2024-10,SHORT,2024-10-07 09:02:00,2024-10-07 09:05:00,2024-10-07 09:13:00,20187.25,20134.25,53.0,20134.25,20154.25,20114.25,LOSS,-20.0,false,true,false,true,false,1.638,15.07
VWAP_EMA20_ALIGN,2024-10-10,2024,2024-10,LONG,2024-10-10 09:14:00,2024-10-10 09:15:00,2024-10-10 09:28:00,20420.0,20360.25,59.75,20420.0,20400.0,20440.0,WIN,20.0,true,false,true,false,false,1.631,12.12
VWAP_EMA20_ALIGN,2024-10-14,2024,2024-10,SHORT,2024-10-14 09:00:00,2024-10-14 09:01:00,2024-10-14 09:03:00,20649.25,20551.0,98.25,20551.0,20571.0,20531.0,WIN,20.0,false,true,false,true,false,1.856,14.25
VWAP_EMA20_ALIGN,2024-10-17,2024,2024-10,LONG,2024-10-17 09:29:00,2024-10-17 09:30:00,2024-10-17 09:38:00,20455.5,20377.25,78.25,20455.5,20435.5,20475.5,WIN,20.0,true,false,true,false,false,0.758,10.93
VWAP_EMA20_ALIGN,2024-10-18,2024,2024-10,LONG,2024-10-18 09:22:00,2024-10-18 09:28:00,2024-10-18 09:31:00,20506.75,20452.0,54.75,20506.75,20486.75,20526.75,WIN,20.0,true,false,true,false,false,1.201,7.89
VWAP_EMA20_ALIGN,2024-10-22,2024,2024-10,SHORT,2024-10-22 10:24:00,2024-10-22 10:25:00,2024-10-22 10:42:00,20512.0,20449.75,62.25,20449.75,20469.75,20429.75,WIN,20.0,false,true,false,true,false,1.227,6.52
VWAP_EMA20_ALIGN,2024-10-23,2024,2024-10,SHORT,2024-10-23 09:00:00,2024-10-23 09:07:00,2024-10-23 09:12:00,20457.75,20390.5,67.25,20390.5,20410.5,20370.5,WIN,20.0,false,true,false,true,false,1.389,13.04
VWAP_EMA20_ALIGN,2024-10-24,2024,2024-10,SHORT,2024-10-24 09:47:00,2024-10-24 10:06:00,2024-10-24 10:07:00,20374.0,20305.75,68.25,20305.75,20325.75,20285.75,WIN,20.0,false,true,false,true,true,4.193,12.18
VWAP_EMA20_ALIGN,2024-10-28,2024,2024-10,SHORT,2024-10-28 09:00:00,2024-10-28 09:01:00,2024-10-28 09:02:00,20618.0,20564.25,53.75,20564.25,20584.25,20544.25,WIN,20.0,false,true,false,true,true,3.159,12.68
VWAP_EMA20_ALIGN,2024-10-29,2024,2024-10,LONG,2024-10-29 09:00:00,2024-10-29 09:16:00,2024-10-29 09:20:00,20604.0,20542.0,62.0,20604.0,20584.0,20624.0,LOSS,-20.0,true,false,true,false,false,2.176,11.05
VWAP_EMA20_ALIGN,2024-10-30,2024,2024-10,SHORT,2024-10-30 09:10:00,2024-10-30 09:12:00,2024-10-30 09:15:00,20692.75,20629.25,63.5,20629.25,20649.25,20609.25,WIN,20.0,false,true,false,true,false,1.471,11.59
VWAP_EMA20_ALIGN,2024-10-31,2024,2024-10,SHORT,2024-10-31 09:01:00,2024-10-31 09:02:00,2024-10-31 09:07:00,20157.0,20070.25,86.75,20070.25,20090.25,20050.25,LOSS,-20.0,false,true,false,true,false,1.255,14.54
VWAP_EMA20_ALIGN,2024-11-07,2024,2024-11,LONG,2024-11-07 09:00:00,2024-11-07 09:05:00,2024-11-07 09:33:00,21110.5,21004.0,106.5,21110.5,21090.5,21130.5,LOSS,-20.0,true,false,true,false,false,1.412,13.8
VWAP_EMA20_ALIGN,2024-11-08,2024,2024-11,SHORT,2024-11-08 09:06:00,2024-11-08 09:10:00,2024-11-08 09:18:00,21232.25,21176.25,56.0,21176.25,21196.25,21156.25,LOSS,-20.0,false,true,false,true,false,1.564,13.45
VWAP_EMA20_ALIGN,2024-11-12,2024,2024-11,SHORT,2024-11-12 09:59:00,2024-11-12 10:09:00,2024-11-12 10:20:00,21251.75,21181.5,70.25,21181.5,21201.5,21161.5,LOSS,-20.0,false,true,false,true,false,1.304,12.66
VWAP_EMA20_ALIGN,2024-11-13,2024,2024-11,SHORT,2024-11-13 09:00:00,2024-11-13 09:01:00,2024-11-13 09:05:00,21184.5,21121.5,63.0,21121.5,21141.5,21101.5,WIN,20.0,false,true,false,true,true,1.827,19.07
VWAP_EMA20_ALIGN,2024-11-14,2024,2024-11,SHORT,2024-11-14 09:19:00,2024-11-14 09:20:00,2024-11-14 09:29:00,21174.75,21064.0,110.75,21064.0,21084.0,21044.0,LOSS,-20.0,false,true,false,true,true,3.421,16.88
VWAP_EMA20_ALIGN,2024-11-15,2024,2024-11,SHORT,2024-11-15 09:01:00,2024-11-15 09:03:00,2024-11-15 09:08:00,20773.75,20679.0,94.75,20679.0,20699.0,20659.0,WIN,20.0,false,true,false,true,false,1.272,18.93
VWAP_EMA20_ALIGN,2024-11-18,2024,2024-11,LONG,2024-11-18 09:04:00,2024-11-18 09:05:00,2024-11-18 09:11:00,20571.5,20501.0,70.5,20571.5,20551.5,20591.5,WIN,20.0,true,false,true,false,true,1.517,14.54
VWAP_EMA20_ALIGN,2024-11-19,2024,2024-11,LONG,2024-11-19 09:29:00,2024-11-19 09:31:00,2024-11-19 09:32:00,20586.0,20508.0,78.0,20586.0,20566.0,20606.0,WIN,20.0,true,false,true,false,true,3.29,15.41
VWAP_EMA20_ALIGN,2024-11-22,2024,2024-11,SHORT,2024-11-22 09:10:00,2024-11-22 09:11:00,2024-11-22 09:12:00,20873.0,20775.0,98.0,20775.0,20795.0,20755.0,WIN,20.0,false,true,false,true,false,2.676,21.8
VWAP_EMA20_ALIGN,2024-11-26,2024,2024-11,SHORT,2024-11-26 09:19:00,2024-11-26 09:20:00,2024-11-26 09:29:00,21024.75,20938.0,86.75,20938.0,20958.0,20918.0,LOSS,-20.0,false,true,false,true,false,1.432,16.62
VWAP_EMA20_ALIGN,2024-11-27,2024,2024-11,SHORT,2024-11-27 09:01:00,2024-11-27 09:11:00,2024-11-27 09:12:00,20939.5,20839.0,100.5,20839.0,20859.0,20819.0,WIN,20.0,false,true,false,true,false,1.577,15.23
VWAP_EMA20_ALIGN,2024-11-28,2024,2024-11,LONG,2024-11-28 09:19:00,2024-11-28 09:21:00,2024-11-28 11:21:00,20896.75,20874.0,22.75,20896.75,20876.75,20916.75,TIME_EXIT,-5.0,true,false,true,false,false,1.837,4.25
VWAP_EMA20_ALIGN,2024-11-29,2024,2024-11,LONG,2024-11-29 09:00:00,2024-11-29 09:01:00,2024-11-29 09:07:00,20919.25,20805.5,113.75,20919.25,20899.25,20939.25,WIN,20.0,true,false,true,false,false,1.972,11.82
VWAP_EMA20_ALIGN,2024-12-03,2024,2024-12,LONG,2024-12-03 09:00:00,2024-12-03 09:01:00,2024-12-03 09:05:00,21209.75,21134.25,75.5,21209.75,21189.75,21229.75,WIN,20.0,true,false,true,false,false,1.729,11.66
VWAP_EMA20_ALIGN,2024-12-04,2024,2024-12,LONG,2024-12-04 09:07:00,2024-12-04 09:08:00,2024-12-04 09:10:00,21441.25,21388.25,53.0,21441.25,21421.25,21461.25,WIN,20.0,true,false,true,false,false,1.232,13.89
VWAP_EMA20_ALIGN,2024-12-05,2024,2024-12,SHORT,2024-12-05 09:50:00,2024-12-05 09:51:00,2024-12-05 10:16:00,21551.5,21497.75,53.75,21497.75,21517.75,21477.75,LOSS,-20.0,false,true,false,true,false,3.131,9.68
VWAP_EMA20_ALIGN,2024-12-09,2024,2024-12,SHORT,2024-12-09 09:26:00,2024-12-09 09:27:00,2024-12-09 09:28:00,21648.75,21582.75,66.0,21582.75,21602.75,21562.75,WIN,20.0,false,true,false,true,true,2.451,10.95
VWAP_EMA20_ALIGN,2024-12-10,2024,2024-12,LONG,2024-12-10 09:07:00,2024-12-10 09:08:00,2024-12-10 09:26:00,21589.25,21505.5,83.75,21589.25,21569.25,21609.25,LOSS,-20.0,true,false,true,false,false,0.901,13.84
VWAP_EMA20_ALIGN,2024-12-12,2024,2024-12,SHORT,2024-12-12 09:02:00,2024-12-12 09:09:00,2024-12-12 09:12:00,21696.75,21656.0,40.75,21656.0,21676.0,21636.0,WIN,20.0,false,true,false,true,false,1.717,12.36
VWAP_EMA20_ALIGN,2024-12-17,2024,2024-12,SHORT,2024-12-17 09:01:00,2024-12-17 09:03:00,2024-12-17 09:06:00,22366.75,22279.5,87.25,22279.5,22299.5,22259.5,LOSS,-20.0,false,true,false,true,false,2.017,21.11
VWAP_EMA20_ALIGN,2024-12-18,2024,2024-12,LONG,2024-12-18 09:05:00,2024-12-18 09:12:00,2024-12-18 09:41:00,22303.25,22211.25,92.0,22303.25,22283.25,22323.25,WIN,20.0,true,false,true,false,false,1.186,14.98
VWAP_EMA20_ALIGN,2024-12-24,2024,2024-12,LONG,2024-12-24 09:00:00,2024-12-24 09:01:00,2024-12-24 09:04:00,21907.5,21799.25,108.25,21907.5,21887.5,21927.5,WIN,20.0,true,false,true,false,false,1.242,12.82
VWAP_EMA20_ALIGN,2025-01-08,2025,2025-01,LONG,2025-01-08 09:02:00,2025-01-08 09:03:00,2025-01-08 09:06:00,21384.75,21286.0,98.75,21384.75,21364.75,21404.75,LOSS,-20.0,true,false,true,false,false,1.396,33.61
VWAP_EMA20_ALIGN,2025-01-20,2025,2025-01,SHORT,2025-01-20 09:45:00,2025-01-20 10:09:00,2025-01-20 10:11:00,21778.75,21713.25,65.5,21713.25,21733.25,21693.25,WIN,20.0,false,true,false,true,false,1.454,12.41
VWAP_EMA20_ALIGN,2025-01-23,2025,2025-01,LONG,2025-01-23 09:34:00,2025-01-23 09:35:00,2025-01-23 09:39:00,21918.0,21866.0,52.0,21918.0,21898.0,21938.0,WIN,20.0,true,false,true,false,false,2.455,10.98
VWAP_EMA20_ALIGN,2025-01-24,2025,2025-01,SHORT,2025-01-24 09:16:00,2025-01-24 09:20:00,2025-01-24 09:39:00,22078.25,21999.75,78.5,21999.75,22019.75,21979.75,WIN,20.0,false,true,false,true,false,1.319,14.18
VWAP_EMA20_ALIGN,2025-01-29,2025,2025-01,SHORT,2025-01-29 09:26:00,2025-01-29 09:28:00,2025-01-29 09:30:00,21606.25,21494.0,112.25,21494.0,21514.0,21474.0,LOSS,-20.0,false,true,false,true,false,1.434,19.54
VWAP_EMA20_ALIGN,2025-01-31,2025,2025-01,LONG,2025-01-31 09:00:00,2025-01-31 09:08:00,2025-01-31 09:10:00,21872.25,21765.0,107.25,21872.25,21852.25,21892.25,WIN,20.0,true,false,true,false,false,1.964,19.48
VWAP_EMA20_ALIGN,2025-02-05,2025,2025-02,SHORT,2025-02-05 09:03:00,2025-02-05 09:04:00,2025-02-05 09:05:00,21591.5,21519.0,72.5,21519.0,21539.0,21499.0,LOSS,-20.0,false,true,false,true,true,2.254,25.62
VWAP_EMA20_ALIGN,2025-02-06,2025,2025-02,LONG,2025-02-06 09:11:00,2025-02-06 09:12:00,2025-02-06 09:15:00,21823.75,21738.25,85.5,21823.75,21803.75,21843.75,WIN,20.0,true,false,true,false,false,1.234,15.66
VWAP_EMA20_ALIGN,2025-02-10,2025,2025-02,LONG,2025-02-10 09:01:00,2025-02-10 09:04:00,2025-02-10 09:05:00,21809.0,21744.0,65.0,21809.0,21789.0,21829.0,WIN,20.0,true,false,true,false,true,1.763,17.43
VWAP_EMA20_ALIGN,2025-02-11,2025,2025-02,LONG,2025-02-11 09:00:00,2025-02-11 09:01:00,2025-02-11 09:04:00,21806.0,21700.75,105.25,21806.0,21786.0,21826.0,LOSS,-20.0,true,false,true,false,false,3.239,15.91
VWAP_EMA20_ALIGN,2025-02-13,2025,2025-02,LONG,2025-02-13 09:02:00,2025-02-13 09:16:00,2025-02-13 09:19:00,21951.0,21834.75,116.25,21951.0,21931.0,21971.0,WIN,20.0,true,false,true,false,true,2.694,18.21
VWAP_EMA20_ALIGN,2025-02-14,2025,2025-02,LONG,2025-02-14 09:07:00,2025-02-14 09:09:00,2025-02-14 09:19:00,22141.5,22090.0,51.5,22141.5,22121.5,22161.5,LOSS,-20.0,true,false,true,false,false,1.356,12.21
VWAP_EMA20_ALIGN,2025-02-17,2025,2025-02,LONG,2025-02-17 10:02:00,2025-02-17 10:03:00,2025-02-17 11:10:00,22243.0,22192.5,50.5,22243.0,22223.0,22263.0,LOSS,-20.0,true,false,true,false,false,3.493,4.0
VWAP_EMA20_ALIGN,2025-02-18,2025,2025-02,SHORT,2025-02-18 09:01:00,2025-02-18 09:02:00,2025-02-18 09:04:00,22268.0,22165.0,103.0,22165.0,22185.0,22145.0,LOSS,-20.0,false,true,false,true,true,1.97,16.54
VWAP_EMA20_ALIGN,2025-02-19,2025,2025-02,SHORT,2025-02-19 09:02:00,2025-02-19 09:03:00,2025-02-19 09:04:00,22221.5,22154.75,66.75,22154.75,22174.75,22134.75,WIN,20.0,false,true,false,true,false,1.363,15.07
VWAP_EMA20_ALIGN,2025-02-21,2025,2025-02,SHORT,2025-02-21 09:00:00,2025-02-21 09:06:00,2025-02-21 09:07:00,22188.0,22080.0,108.0,22080.0,22100.0,22060.0,WIN,20.0,false,true,false,true,false,2.215,22.96
VWAP_EMA20_ALIGN,2025-03-06,2025,2025-03,LONG,2025-03-06 10:09:00,2025-03-06 10:39:00,2025-03-06 10:49:00,20344.0,20228.25,115.75,20344.0,20324.0,20364.0,LOSS,-20.0,true,false,true,false,false,1.258,24.95
VWAP_EMA20_ALIGN,2025-03-18,2025,2025-03,SHORT,2025-03-18 09:00:00,2025-03-18 09:01:00,2025-03-18 09:02:00,19733.75,19652.5,81.25,19652.5,19672.5,19632.5,WIN,20.0,false,true,false,true,true,1.807,21.12
VWAP_EMA20_ALIGN,2025-03-19,2025,2025-03,LONG,2025-03-19 09:11:00,2025-03-19 09:22:00,2025-03-19 09:33:00,19866.25,19788.0,78.25,19866.25,19846.25,19886.25,WIN,20.0,true,false,true,false,false,1.354,12.16
VWAP_EMA20_ALIGN,2025-03-21,2025,2025-03,LONG,2025-03-21 09:00:00,2025-03-21 09:01:00,2025-03-21 09:05:00,19797.25,19695.25,102.0,19797.25,19777.25,19817.25,LOSS,-20.0,true,false,true,false,false,1.913,17.59
VWAP_EMA20_ALIGN,2025-03-24,2025,2025-03,LONG,2025-03-24 09:06:00,2025-03-24 09:07:00,2025-03-24 09:37:00,20359.5,20315.5,44.0,20359.5,20339.5,20379.5,LOSS,-20.0,true,false,true,false,false,1.5,10.02
VWAP_EMA20_ALIGN,2025-03-25,2025,2025-03,SHORT,2025-03-25 11:29:00,2025-03-25 11:30:00,2025-03-25 11:30:00,20491.0,20421.75,69.25,20421.75,20441.75,20401.75,TIME_EXIT,3.75,false,true,false,true,false,2.134,8.75
VWAP_EMA20_ALIGN,2025-03-26,2025,2025-03,SHORT,2025-03-26 09:28:00,2025-03-26 09:43:00,2025-03-26 09:49:00,20312.25,20257.75,54.5,20257.75,20277.75,20237.75,WIN,20.0,false,true,false,true,false,1.774,12.39
VWAP_EMA20_ALIGN,2025-03-27,2025,2025-03,SHORT,2025-03-27 09:40:00,2025-03-27 10:09:00,2025-03-27 10:10:00,20199.5,20106.5,93.0,20106.5,20126.5,20086.5,WIN,20.0,false,true,false,true,false,1.061,15.95
VWAP_EMA20_ALIGN,2025-03-28,2025,2025-03,SHORT,2025-03-28 09:01:00,2025-03-28 09:02:00,2025-03-28 09:03:00,19660.75,19575.75,85.0,19575.75,19595.75,19555.75,WIN,20.0,false,true,false,true,false,2.035,19.16
VWAP_EMA20_ALIGN,2025-03-31,2025,2025-03,LONG,2025-03-31 09:00:00,2025-03-31 09:02:00,2025-03-31 09:05:00,19165.5,19059.75,105.75,19165.5,19145.5,19185.5,LOSS,-20.0,true,false,true,false,false,1.67,21.93
VWAP_EMA20_ALIGN,2025-04-02,2025,2025-04,LONG,2025-04-02 09:20:00,2025-04-02 09:48:00,2025-04-02 09:51:00,19639.75,19560.5,79.25,19639.75,19619.75,19659.75,LOSS,-20.0,true,false,true,false,true,2.391,15.68
VWAP_EMA20_ALIGN,2025-04-14,2025,2025-04,SHORT,2025-04-14 09:02:00,2025-04-14 09:03:00,2025-04-14 09:04:00,19193.0,19114.0,79.0,19114.0,19134.0,19094.0,WIN,20.0,false,true,false,true,false,0.839,23.2
VWAP_EMA20_ALIGN,2025-04-15,2025,2025-04,LONG,2025-04-15 09:20:00,2025-04-15 09:21:00,2025-04-15 09:25:00,19077.5,18966.75,110.75,19077.5,19057.5,19097.5,LOSS,-20.0,true,false,true,false,false,1.289,20.98
VWAP_EMA20_ALIGN,2025-04-16,2025,2025-04,LONG,2025-04-16 09:23:00,2025-04-16 09:24:00,2025-04-16 09:25:00,18669.5,18595.5,74.0,18669.5,18649.5,18689.5,WIN,20.0,true,false,true,false,false,1.244,18.54
VWAP_EMA20_ALIGN,2025-04-17,2025,2025-04,LONG,2025-04-17 10:59:00,2025-04-17 11:29:00,2025-04-17 11:30:00,18366.0,18261.5,104.5,18366.0,18346.0,18386.0,WIN,20.0,true,false,true,false,false,0.784,22.52
VWAP_EMA20_ALIGN,2025-04-21,2025,2025-04,SHORT,2025-04-21 09:14:00,2025-04-21 09:15:00,2025-04-21 09:22:00,17988.25,17903.75,84.5,17903.75,17923.75,17883.75,WIN,20.0,false,true,false,true,true,2.234,19.27
VWAP_EMA20_ALIGN,2025-04-22,2025,2025-04,LONG,2025-04-22 09:03:00,2025-04-22 09:04:00,2025-04-22 09:09:00,18354.75,18244.0,110.75,18354.75,18334.75,18374.75,WIN,20.0,true,false,true,false,false,0.616,13.71
VWAP_EMA20_ALIGN,2025-04-24,2025,2025-04,LONG,2025-04-24 09:11:00,2025-04-24 09:21:00,2025-04-24 09:23:00,19180.0,19087.25,92.75,19180.0,19160.0,19200.0,LOSS,-20.0,true,false,true,false,true,2.115,16.3
VWAP_EMA20_ALIGN,2025-04-28,2025,2025-04,SHORT,2025-04-28 09:06:00,2025-04-28 09:07:00,2025-04-28 09:09:00,19539.25,19446.25,93.0,19446.25,19466.25,19426.25,WIN,20.0,false,true,false,true,false,1.413,20.21
VWAP_EMA20_ALIGN,2025-04-29,2025,2025-04,SHORT,2025-04-29 10:55:00,2025-04-29 10:56:00,2025-04-29 11:04:00,19609.0,19492.0,117.0,19492.0,19512.0,19472.0,LOSS,-20.0,false,true,false,true,true,1.551,17.79
VWAP_EMA20_ALIGN,2025-04-30,2025,2025-04,LONG,2025-04-30 09:00:00,2025-04-30 09:01:00,2025-04-30 09:02:00,19356.75,19275.75,81.0,19356.75,19336.75,19376.75,WIN,20.0,true,false,true,false,true,1.69,28.66
VWAP_EMA20_ALIGN,2025-05-01,2025,2025-05,LONG,2025-05-01 09:00:00,2025-05-01 09:05:00,2025-05-01 09:14:00,20073.5,19975.5,98.0,20073.5,20053.5,20093.5,WIN,20.0,true,false,true,false,false,1.129,11.7
VWAP_EMA20_ALIGN,2025-05-02,2025,2025-05,LONG,2025-05-02 09:15:00,2025-05-02 09:16:00,2025-05-02 09:22:00,20180.75,20122.0,58.75,20180.75,20160.75,20200.75,LOSS,-20.0,true,false,true,false,false,1.872,11.91
VWAP_EMA20_ALIGN,2025-05-05,2025,2025-05,LONG,2025-05-05 09:04:00,2025-05-05 09:21:00,2025-05-05 09:26:00,20115.25,20009.0,106.25,20115.25,20095.25,20135.25,LOSS,-20.0,true,false,true,false,false,0.924,12.02
VWAP_EMA20_ALIGN,2025-05-06,2025,2025-05,LONG,2025-05-06 09:23:00,2025-05-06 09:28:00,2025-05-06 09:32:00,19937.75,19881.25,56.5,19937.75,19917.75,19957.75,LOSS,-20.0,true,false,true,false,false,2.708,12.39
VWAP_EMA20_ALIGN,2025-05-13,2025,2025-05,LONG,2025-05-13 09:12:00,2025-05-13 09:18:00,2025-05-13 09:25:00,21260.0,21187.0,73.0,21260.0,21240.0,21280.0,WIN,20.0,true,false,true,false,false,1.618,10.41
VWAP_EMA20_ALIGN,2025-05-14,2025,2025-05,LONG,2025-05-14 09:25:00,2025-05-14 09:28:00,2025-05-14 10:05:00,21370.0,21313.75,56.25,21370.0,21350.0,21390.0,WIN,20.0,true,false,true,false,false,1.433,11.11
VWAP_EMA20_ALIGN,2025-05-15,2025,2025-05,LONG,2025-05-15 09:00:00,2025-05-15 09:01:00,2025-05-15 09:03:00,21335.75,21257.25,78.5,21335.75,21315.75,21355.75,WIN,20.0,true,false,true,false,false,1.419,13.02
VWAP_EMA20_ALIGN,2025-05-16,2025,2025-05,LONG,2025-05-16 09:32:00,2025-05-16 09:33:00,2025-05-16 09:41:00,21414.5,21320.25,94.25,21414.5,21394.5,21434.5,WIN,20.0,true,false,true,false,false,0.985,10.86
VWAP_EMA20_ALIGN,2025-05-19,2025,2025-05,LONG,2025-05-19 09:18:00,2025-05-19 09:38:00,2025-05-19 09:40:00,21434.75,21377.25,57.5,21434.75,21414.75,21454.75,WIN,20.0,true,false,true,false,false,1.645,12.43
VWAP_EMA20_ALIGN,2025-05-20,2025,2025-05,LONG,2025-05-20 10:37:00,2025-05-20 10:39:00,2025-05-20 10:45:00,21451.0,21381.75,69.25,21451.0,21431.0,21471.0,WIN,20.0,true,false,true,false,false,1.868,9.61
VWAP_EMA20_ALIGN,2025-05-21,2025,2025-05,LONG,2025-05-21 09:00:00,2025-05-21 09:03:00,2025-05-21 09:07:00,21459.0,21372.0,87.0,21459.0,21439.0,21479.0,WIN,20.0,true,false,true,false,false,1.834,14.93
VWAP_EMA20_ALIGN,2025-05-22,2025,2025-05,LONG,2025-05-22 09:24:00,2025-05-22 09:45:00,2025-05-22 09:49:00,21265.25,21166.5,98.75,21265.25,21245.25,21285.25,LOSS,-20.0,true,false,true,false,false,1.505,16.38
VWAP_EMA20_ALIGN,2025-05-23,2025,2025-05,SHORT,2025-05-23 09:05:00,2025-05-23 09:06:00,2025-05-23 09:10:00,20988.0,20908.0,80.0,20908.0,20928.0,20888.0,LOSS,-20.0,false,true,false,true,false,1.108,18.27
VWAP_EMA20_ALIGN,2025-05-26,2025,2025-05,SHORT,2025-05-26 09:03:00,2025-05-26 09:04:00,2025-05-26 09:26:00,21268.5,21224.75,43.75,21224.75,21244.75,21204.75,LOSS,-20.0,false,true,false,true,false,2.234,6.55
VWAP_EMA20_ALIGN,2025-05-27,2025,2025-05,LONG,2025-05-27 09:25:00,2025-05-27 09:26:00,2025-05-27 09:40:00,21389.5,21349.0,40.5,21389.5,21369.5,21409.5,LOSS,-20.0,true,false,true,false,false,1.847,8.11
VWAP_EMA20_ALIGN,2025-05-28,2025,2025-05,LONG,2025-05-28 10:36:00,2025-05-28 10:42:00,2025-05-28 11:11:00,21464.0,21426.0,38.0,21464.0,21444.0,21484.0,WIN,20.0,true,false,true,false,true,2.177,5.93
VWAP_EMA20_ALIGN,2025-05-29,2025,2025-05,SHORT,2025-05-29 09:34:00,2025-05-29 09:49:00,2025-05-29 09:51:00,21522.25,21430.0,92.25,21430.0,21450.0,21410.0,LOSS,-20.0,false,true,false,true,false,1.667,15.68
VWAP_EMA20_ALIGN,2025-05-30,2025,2025-05,SHORT,2025-05-30 09:11:00,2025-05-30 09:12:00,2025-05-30 09:18:00,21399.5,21345.25,54.25,21345.25,21365.25,21325.25,WIN,20.0,false,true,false,true,false,1.524,13.46
VWAP_EMA20_ALIGN,2025-06-02,2025,2025-06,LONG,2025-06-02 09:50:00,2025-06-02 09:51:00,2025-06-02 09:53:00,21418.75,21349.0,69.75,21418.75,21398.75,21438.75,WIN,20.0,true,false,true,false,true,2.3,12.0
VWAP_EMA20_ALIGN,2025-06-03,2025,2025-06,LONG,2025-06-03 09:00:00,2025-06-03 09:02:00,2025-06-03 09:20:00,21664.0,21584.0,80.0,21664.0,21644.0,21684.0,WIN,20.0,true,false,true,false,false,1.589,9.2
VWAP_EMA20_ALIGN,2025-06-04,2025,2025-06,LONG,2025-06-04 09:00:00,2025-06-04 09:01:00,2025-06-04 09:11:00,21764.25,21705.5,58.75,21764.25,21744.25,21784.25,WIN,20.0,true,false,true,false,false,1.756,12.61
VWAP_EMA20_ALIGN,2025-06-06,2025,2025-06,LONG,2025-06-06 09:05:00,2025-06-06 09:06:00,2025-06-06 09:08:00,21841.25,21764.0,77.25,21841.25,21821.25,21861.25,WIN,20.0,true,false,true,false,false,1.631,11.5
VWAP_EMA20_ALIGN,2025-06-10,2025,2025-06,SHORT,2025-06-10 09:00:00,2025-06-10 09:30:00,2025-06-10 09:31:00,21890.75,21850.25,40.5,21850.25,21870.25,21830.25,WIN,20.0,false,true,false,true,false,1.842,9.93
VWAP_EMA20_ALIGN,2025-06-11,2025,2025-06,LONG,2025-06-11 09:00:00,2025-06-11 09:03:00,2025-06-11 09:08:00,22062.0,22025.25,36.75,22062.0,22042.0,22082.0,LOSS,-20.0,true,false,true,false,false,1.039,8.39
VWAP_EMA20_ALIGN,2025-06-12,2025,2025-06,LONG,2025-06-12 09:01:00,2025-06-12 09:07:00,2025-06-12 09:17:00,21949.0,21910.0,39.0,21949.0,21929.0,21969.0,LOSS,-20.0,true,false,true,false,true,2.335,9.2
VWAP_EMA20_ALIGN,2025-06-17,2025,2025-06,LONG,2025-06-17 09:09:00,2025-06-17 09:10:00,2025-06-17 09:14:00,22113.0,22070.0,43.0,22113.0,22093.0,22133.0,WIN,20.0,true,false,true,false,false,0.722,10.71
VWAP_EMA20_ALIGN,2025-06-23,2025,2025-06,SHORT,2025-06-23 10:52:00,2025-06-23 11:11:00,2025-06-23 11:12:00,22018.0,21950.0,68.0,21950.0,21970.0,21930.0,WIN,20.0,false,true,false,true,false,0.413,28.5
VWAP_EMA20_ALIGN,2025-06-24,2025,2025-06,LONG,2025-06-24 09:02:00,2025-06-24 09:03:00,2025-06-24 09:23:00,22340.25,22300.75,39.5,22340.25,22320.25,22360.25,WIN,20.0,true,false,true,false,true,1.752,11.8
VWAP_EMA20_ALIGN,2025-06-25,2025,2025-06,SHORT,2025-06-25 09:02:00,2025-06-25 09:03:00,2025-06-25 09:06:00,22524.75,22475.75,49.0,22475.75,22495.75,22455.75,WIN,20.0,false,true,false,true,false,1.095,10.43
VWAP_EMA20_ALIGN,2025-06-26,2025,2025-06,LONG,2025-06-26 09:16:00,2025-06-26 09:17:00,2025-06-26 09:28:00,22597.25,22556.5,40.75,22597.25,22577.25,22617.25,LOSS,-20.0,true,false,true,false,false,2.995,7.16
VWAP_EMA20_ALIGN,2025-06-27,2025,2025-06,LONG,2025-06-27 09:41:00,2025-06-27 09:46:00,2025-06-27 10:15:00,22814.75,22748.5,66.25,22814.75,22794.75,22834.75,LOSS,-20.0,true,false,true,false,false,1.211,6.55
VWAP_EMA20_ALIGN,2025-06-30,2025,2025-06,SHORT,2025-06-30 09:14:00,2025-06-30 09:17:00,2025-06-30 09:33:00,22845.0,22809.0,36.0,22809.0,22829.0,22789.0,LOSS,-20.0,false,true,false,true,false,1.371,9.02
VWAP_EMA20_ALIGN,2025-07-01,2025,2025-07,SHORT,2025-07-01 09:01:00,2025-07-01 09:07:00,2025-07-01 09:08:00,22783.5,22674.5,109.0,22674.5,22694.5,22654.5,WIN,20.0,false,true,false,true,true,1.403,15.27
VWAP_EMA20_ALIGN,2025-07-02,2025,2025-07,LONG,2025-07-02 09:01:00,2025-07-02 09:02:00,2025-07-02 09:27:00,22831.75,22771.0,60.75,22831.75,22811.75,22851.75,LOSS,-20.0,true,false,true,false,false,1.066,10.91
VWAP_EMA20_ALIGN,2025-07-03,2025,2025-07,LONG,2025-07-03 09:08:00,2025-07-03 09:14:00,2025-07-03 09:38:00,23067.75,23036.0,31.75,23067.75,23047.75,23087.75,WIN,20.0,true,false,true,false,false,1.509,7.36
VWAP_EMA20_ALIGN,2025-07-07,2025,2025-07,LONG,2025-07-07 10:00:00,2025-07-07 10:01:00,2025-07-07 10:18:00,22939.5,22882.5,57.0,22939.5,22919.5,22959.5,WIN,20.0,true,false,true,false,true,1.651,9.64
VWAP_EMA20_ALIGN,2025-07-08,2025,2025-07,LONG,2025-07-08 10:23:00,2025-07-08 10:24:00,2025-07-08 10:27:00,22942.75,22841.0,101.75,22942.75,22922.75,22962.75,WIN,20.0,true,false,true,false,false,2.897,7.89
VWAP_EMA20_ALIGN,2025-07-10,2025,2025-07,LONG,2025-07-10 09:26:00,2025-07-10 09:32:00,2025-07-10 09:43:00,22986.75,22934.75,52.0,22986.75,22966.75,23006.75,WIN,20.0,true,false,true,false,false,1.597,10.61
VWAP_EMA20_ALIGN,2025-07-11,2025,2025-07,SHORT,2025-07-11 09:14:00,2025-07-11 09:23:00,2025-07-11 09:36:00,23009.0,22950.0,59.0,22950.0,22970.0,22930.0,LOSS,-20.0,false,true,false,true,true,2.927,10.93
VWAP_EMA20_ALIGN,2025-07-14,2025,2025-07,LONG,2025-07-14 09:00:00,2025-07-14 09:01:00,2025-07-14 09:03:00,22992.5,22923.0,69.5,22992.5,22972.5,23012.5,WIN,20.0,true,false,true,false,false,1.58,10.46
VWAP_EMA20_ALIGN,2025-07-15,2025,2025-07,SHORT,2025-07-15 10:57:00,2025-07-15 11:15:00,2025-07-15 11:20:00,23185.5,23096.0,89.5,23096.0,23116.0,23076.0,LOSS,-20.0,false,true,false,true,false,3.043,10.89
VWAP_EMA20_ALIGN,2025-07-16,2025,2025-07,LONG,2025-07-16 09:12:00,2025-07-16 09:14:00,2025-07-16 09:16:00,23033.75,22960.0,73.75,23033.75,23013.75,23053.75,LOSS,-20.0,true,false,true,false,false,0.534,14.09
VWAP_EMA20_ALIGN,2025-07-17,2025,2025-07,LONG,2025-07-17 09:00:00,2025-07-17 09:01:00,2025-07-17 09:05:00,23198.75,23146.25,52.5,23198.75,23178.75,23218.75,WIN,20.0,true,false,true,false,false,2.427,7.12
VWAP_EMA20_ALIGN,2025-07-18,2025,2025-07,SHORT,2025-07-18 09:01:00,2025-07-18 09:04:00,2025-07-18 09:09:00,23230.75,23190.5,40.25,23190.5,23210.5,23170.5,LOSS,-20.0,false,true,false,true,false,1.634,9.7
VWAP_EMA20_ALIGN,2025-07-22,2025,2025-07,LONG,2025-07-22 09:34:00,2025-07-22 09:37:00,2025-07-22 09:43:00,23230.0,23166.75,63.25,23230.0,23210.0,23250.0,LOSS,-20.0,true,false,true,false,false,1.782,8.09
VWAP_EMA20_ALIGN,2025-07-23,2025,2025-07,LONG,2025-07-23 09:00:00,2025-07-23 09:01:00,2025-07-23 09:04:00,23203.5,23150.5,53.0,23203.5,23183.5,23223.5,LOSS,-20.0,true,false,true,false,true,2.075,7.39
VWAP_EMA20_ALIGN,2025-07-24,2025,2025-07,LONG,2025-07-24 09:00:00,2025-07-24 09:01:00,2025-07-24 10:05:00,23381.0,23329.25,51.75,23381.0,23361.0,23401.0,LOSS,-20.0,true,false,true,false,true,1.973,7.5
VWAP_EMA20_ALIGN,2025-07-25,2025,2025-07,LONG,2025-07-25 09:30:00,2025-07-25 09:56:00,2025-07-25 10:13:00,23423.5,23391.0,32.5,23423.5,23403.5,23443.5,WIN,20.0,true,false,true,false,false,2.429,6.46
VWAP_EMA20_ALIGN,2025-07-28,2025,2025-07,SHORT,2025-07-28 09:18:00,2025-07-28 09:29:00,2025-07-28 10:20:00,23519.0,23482.5,36.5,23482.5,23502.5,23462.5,LOSS,-20.0,false,true,false,true,true,2.903,6.64
VWAP_EMA20_ALIGN,2025-07-29,2025,2025-07,SHORT,2025-07-29 09:05:00,2025-07-29 09:07:00,2025-07-29 09:16:00,23576.5,23514.5,62.0,23514.5,23534.5,23494.5,WIN,20.0,false,true,false,true,false,1.371,12.71
VWAP_EMA20_ALIGN,2025-07-30,2025,2025-07,SHORT,2025-07-30 09:11:00,2025-07-30 09:23:00,2025-07-30 09:30:00,23541.25,23504.0,37.25,23504.0,23524.0,23484.0,WIN,20.0,false,true,false,true,true,1.778,8.98
VWAP_EMA20_ALIGN,2025-08-01,2025,2025-08,SHORT,2025-08-01 09:00:00,2025-08-01 09:01:00,2025-08-01 09:05:00,23022.75,22919.25,103.5,22919.25,22939.25,22899.25,LOSS,-20.0,false,true,false,true,false,0.885,21.25
VWAP_EMA20_ALIGN,2025-08-04,2025,2025-08,LONG,2025-08-04 09:57:00,2025-08-04 09:58:00,2025-08-04 10:27:00,23254.75,23194.0,60.75,23254.75,23234.75,23274.75,WIN,20.0,true,false,true,false,false,2.493,8.88
VWAP_EMA20_ALIGN,2025-08-06,2025,2025-08,LONG,2025-08-06 09:00:00,2025-08-06 09:09:00,2025-08-06 09:17:00,23287.0,23179.5,107.5,23287.0,23267.0,23307.0,WIN,20.0,true,false,true,false,false,1.392,13.52
VWAP_EMA20_ALIGN,2025-08-07,2025,2025-08,SHORT,2025-08-07 09:04:00,2025-08-07 09:15:00,2025-08-07 09:17:00,23592.75,23516.0,76.75,23516.0,23536.0,23496.0,LOSS,-20.0,false,true,false,true,false,1.32,18.75
VWAP_EMA20_ALIGN,2025-08-11,2025,2025-08,SHORT,2025-08-11 09:05:00,2025-08-11 09:07:00,2025-08-11 09:13:00,23761.25,23719.25,42.0,23719.25,23739.25,23699.25,LOSS,-20.0,false,true,false,true,false,1.079,9.11
VWAP_EMA20_ALIGN,2025-08-12,2025,2025-08,LONG,2025-08-12 09:01:00,2025-08-12 09:02:00,2025-08-12 09:05:00,23781.75,23732.5,49.25,23781.75,23761.75,23801.75,WIN,20.0,true,false,true,false,false,1.958,12.52
VWAP_EMA20_ALIGN,2025-08-13,2025,2025-08,SHORT,2025-08-13 09:04:00,2025-08-13 09:06:00,2025-08-13 09:12:00,23973.25,23932.5,40.75,23932.5,23952.5,23912.5,WIN,20.0,false,true,false,true,false,1.367,9.91
VWAP_EMA20_ALIGN,2025-08-14,2025,2025-08,SHORT,2025-08-14 09:27:00,2025-08-14 09:57:00,2025-08-14 10:01:00,24007.75,23940.5,67.25,23940.5,23960.5,23920.5,WIN,20.0,false,true,false,true,false,1.809,13.29
VWAP_EMA20_ALIGN,2025-08-15,2025,2025-08,SHORT,2025-08-15 09:39:00,2025-08-15 10:01:00,2025-08-15 10:12:00,23862.5,23785.25,77.25,23785.25,23805.25,23765.25,LOSS,-20.0,false,true,false,true,true,2.057,10.04
VWAP_EMA20_ALIGN,2025-08-19,2025,2025-08,SHORT,2025-08-19 09:00:00,2025-08-19 09:02:00,2025-08-19 09:14:00,23659.5,23540.0,119.5,23540.0,23560.0,23520.0,LOSS,-20.0,false,true,false,true,false,1.826,16.77
VWAP_EMA20_ALIGN,2025-08-21,2025,2025-08,SHORT,2025-08-21 09:11:00,2025-08-21 09:20:00,2025-08-21 09:21:00,23345.5,23249.25,96.25,23249.25,23269.25,23229.25,WIN,20.0,false,true,false,true,false,2.075,13.43
VWAP_EMA20_ALIGN,2025-08-25,2025,2025-08,LONG,2025-08-25 09:00:00,2025-08-25 09:02:00,2025-08-25 09:21:00,23574.25,23532.5,41.75,23574.25,23554.25,23594.25,WIN,20.0,true,false,true,false,false,1.786,10.98
VWAP_EMA20_ALIGN,2025-08-27,2025,2025-08,LONG,2025-08-27 09:47:00,2025-08-27 09:48:00,2025-08-27 10:17:00,23616.25,23583.75,32.5,23616.25,23596.25,23636.25,LOSS,-20.0,true,false,true,false,true,3.174,8.57
VWAP_EMA20_ALIGN,2025-08-28,2025,2025-08,LONG,2025-08-28 09:12:00,2025-08-28 09:16:00,2025-08-28 09:17:00,23730.0,23628.75,101.25,23730.0,23710.0,23750.0,WIN,20.0,true,false,true,false,false,0.966,9.79
VWAP_EMA20_ALIGN,2025-08-29,2025,2025-08,SHORT,2025-08-29 11:15:00,2025-08-29 11:16:00,2025-08-29 11:22:00,23515.5,23415.25,100.25,23415.25,23435.25,23395.25,LOSS,-20.0,false,true,false,true,true,1.614,12.16
VWAP_EMA20_ALIGN,2025-09-03,2025,2025-09,SHORT,2025-09-03 09:30:00,2025-09-03 09:35:00,2025-09-03 09:48:00,23525.25,23432.25,93.0,23432.25,23452.25,23412.25,WIN,20.0,false,true,false,true,false,2.077,12.21
VWAP_EMA20_ALIGN,2025-09-04,2025,2025-09,LONG,2025-09-04 09:00:00,2025-09-04 09:02:00,2025-09-04 09:11:00,23530.25,23479.5,50.75,23530.25,23510.25,23550.25,LOSS,-20.0,true,false,true,false,false,1.985,11.57
VWAP_EMA20_ALIGN,2025-09-09,2025,2025-09,LONG,2025-09-09 09:54:00,2025-09-09 10:10:00,2025-09-09 10:17:00,23812.25,23726.0,86.25,23812.25,23792.25,23832.25,WIN,20.0,true,false,true,false,false,2.233,10.43
VWAP_EMA20_ALIGN,2025-09-10,2025,2025-09,SHORT,2025-09-10 09:16:00,2025-09-10 09:17:00,2025-09-10 09:19:00,23991.0,23957.5,33.5,23957.5,23977.5,23937.5,WIN,20.0,false,true,false,true,false,2.471,9.62
VWAP_EMA20_ALIGN,2025-09-11,2025,2025-09,LONG,2025-09-11 09:16:00,2025-09-11 09:38:00,2025-09-11 10:03:00,24020.0,23961.25,58.75,24020.0,24000.0,24040.0,WIN,20.0,true,false,true,false,true,3.179,7.71
VWAP_EMA20_ALIGN,2025-09-16,2025,2025-09,SHORT,2025-09-16 09:01:00,2025-09-16 09:02:00,2025-09-16 09:41:00,24556.75,24527.0,29.75,24527.0,24547.0,24507.0,WIN,20.0,false,true,false,true,false,2.342,7.25
VWAP_EMA20_ALIGN,2025-09-17,2025,2025-09,SHORT,2025-09-17 09:04:00,2025-09-17 09:05:00,2025-09-17 09:14:00,24459.75,24410.0,49.75,24410.0,24430.0,24390.0,LOSS,-20.0,false,true,false,true,false,0.982,7.73
VWAP_EMA20_ALIGN,2025-09-19,2025,2025-09,SHORT,2025-09-19 09:06:00,2025-09-19 09:15:00,2025-09-19 09:30:00,24789.75,24734.0,55.75,24734.0,24754.0,24714.0,WIN,20.0,false,true,false,true,false,0.893,11.55
VWAP_EMA20_ALIGN,2025-09-22,2025,2025-09,LONG,2025-09-22 09:00:00,2025-09-22 09:01:00,2025-09-22 09:12:00,24931.0,24890.0,41.0,24931.0,24911.0,24951.0,LOSS,-20.0,true,false,true,false,false,1.351,7.05
VWAP_EMA20_ALIGN,2025-09-23,2025,2025-09,SHORT,2025-09-23 09:00:00,2025-09-23 09:02:00,2025-09-23 09:12:00,24975.25,24938.0,37.25,24938.0,24958.0,24918.0,LOSS,-20.0,false,true,false,true,false,1.189,8.52
VWAP_EMA20_ALIGN,2025-09-24,2025,2025-09,SHORT,2025-09-24 09:00:00,2025-09-24 09:04:00,2025-09-24 09:34:00,24829.75,24790.25,39.5,24790.25,24810.25,24770.25,WIN,20.0,false,true,false,true,false,1.472,10.2
VWAP_EMA20_ALIGN,2025-09-25,2025,2025-09,LONG,2025-09-25 09:35:00,2025-09-25 09:37:00,2025-09-25 09:40:00,24656.75,24609.0,47.75,24656.75,24636.75,24676.75,WIN,20.0,true,false,true,false,false,1.331,14.73
VWAP_EMA20_ALIGN,2025-09-26,2025,2025-09,LONG,2025-09-26 10:21:00,2025-09-26 10:22:00,2025-09-26 10:24:00,24643.25,24539.0,104.25,24643.25,24623.25,24663.25,WIN,20.0,true,false,true,false,true,2.874,12.8
VWAP_EMA20_ALIGN,2025-09-30,2025,2025-09,LONG,2025-09-30 09:00:00,2025-09-30 09:01:00,2025-09-30 09:11:00,24854.5,24752.25,102.25,24854.5,24834.5,24874.5,LOSS,-20.0,true,false,true,false,false,1.915,14.93
VWAP_EMA20_ALIGN,2025-10-01,2025,2025-10,LONG,2025-10-01 09:01:00,2025-10-01 09:02:00,2025-10-01 09:12:00,24912.0,24874.75,37.25,24912.0,24892.0,24932.0,LOSS,-20.0,true,false,true,false,false,2.454,10.23
VWAP_EMA20_ALIGN,2025-10-02,2025,2025-10,SHORT,2025-10-02 09:00:00,2025-10-02 09:02:00,2025-10-02 09:04:00,25090.75,25019.0,71.75,25019.0,25039.0,24999.0,WIN,20.0,false,true,false,true,false,1.699,13.71
VWAP_EMA20_ALIGN,2025-10-03,2025,2025-10,LONG,2025-10-03 09:15:00,2025-10-03 09:17:00,2025-10-03 09:40:00,25128.75,25078.75,50.0,25128.75,25108.75,25148.75,LOSS,-20.0,true,false,true,false,false,1.299,9.05
VWAP_EMA20_ALIGN,2025-10-06,2025,2025-10,LONG,2025-10-06 09:04:00,2025-10-06 09:05:00,2025-10-06 09:38:00,25158.0,25108.5,49.5,25158.0,25138.0,25178.0,WIN,20.0,true,false,true,false,false,1.133,8.93
VWAP_EMA20_ALIGN,2025-10-07,2025,2025-10,SHORT,2025-10-07 09:02:00,2025-10-07 09:03:00,2025-10-07 09:04:00,25231.25,25172.25,59.0,25172.25,25192.25,25152.25,WIN,20.0,false,true,false,true,false,1.157,10.82
VWAP_EMA20_ALIGN,2025-10-08,2025,2025-10,LONG,2025-10-08 09:25:00,2025-10-08 09:34:00,2025-10-08 09:41:00,25226.0,25172.75,53.25,25226.0,25206.0,25246.0,WIN,20.0,true,false,true,false,true,3.645,8.36
VWAP_EMA20_ALIGN,2025-10-09,2025,2025-10,SHORT,2025-10-09 11:05:00,2025-10-09 11:16:00,2025-10-09 11:21:00,25260.0,25193.5,66.5,25193.5,25213.5,25173.5,LOSS,-20.0,false,true,false,true,false,1.472,14.52
VWAP_EMA20_ALIGN,2025-10-14,2025,2025-10,LONG,2025-10-14 09:05:00,2025-10-14 09:06:00,2025-10-14 09:09:00,24743.75,24670.25,73.5,24743.75,24723.75,24763.75,LOSS,-20.0,true,false,true,false,true,1.601,18.32
VWAP_EMA20_ALIGN,2025-10-20,2025,2025-10,LONG,2025-10-20 09:11:00,2025-10-20 09:25:00,2025-10-20 09:51:00,25322.0,25265.75,56.25,25322.0,25302.0,25342.0,WIN,20.0,true,false,true,false,false,0.873,8.71
VWAP_EMA20_ALIGN,2025-10-21,2025,2025-10,LONG,2025-10-21 09:46:00,2025-10-21 09:47:00,2025-10-21 09:52:00,25302.0,25203.25,98.75,25302.0,25282.0,25322.0,WIN,20.0,true,false,true,false,false,1.529,11.68
VWAP_EMA20_ALIGN,2025-10-23,2025,2025-10,LONG,2025-10-23 09:31:00,2025-10-23 09:55:00,2025-10-23 10:06:00,25198.5,25133.75,64.75,25198.5,25178.5,25218.5,WIN,20.0,true,false,true,false,false,1.846,13.46
VWAP_EMA20_ALIGN,2025-10-24,2025,2025-10,LONG,2025-10-24 09:22:00,2025-10-24 09:23:00,2025-10-24 09:35:00,25536.0,25431.5,104.5,25536.0,25516.0,25556.0,LOSS,-20.0,true,false,true,false,false,1.452,11.23
VWAP_EMA20_ALIGN,2025-10-27,2025,2025-10,LONG,2025-10-27 09:12:00,2025-10-27 09:14:00,2025-10-27 10:07:00,25892.0,25851.25,40.75,25892.0,25872.0,25912.0,WIN,20.0,true,false,true,false,false,1.545,9.73
VWAP_EMA20_ALIGN,2025-10-28,2025,2025-10,LONG,2025-10-28 09:08:00,2025-10-28 09:09:00,2025-10-28 09:32:00,26052.0,26008.75,43.25,26052.0,26032.0,26072.0,LOSS,-20.0,true,false,true,false,false,1.073,8.71
VWAP_EMA20_ALIGN,2025-10-29,2025,2025-10,SHORT,2025-10-29 09:10:00,2025-10-29 09:15:00,2025-10-29 09:19:00,26308.5,26243.5,65.0,26243.5,26263.5,26223.5,LOSS,-20.0,false,true,false,true,true,1.481,10.5
VWAP_EMA20_ALIGN,2025-10-30,2025,2025-10,SHORT,2025-10-30 09:41:00,2025-10-30 09:47:00,2025-10-30 09:55:00,26098.75,25979.0,119.75,25979.0,25999.0,25959.0,LOSS,-20.0,false,true,false,true,false,2.035,14.2
VWAP_EMA20_ALIGN,2025-10-31,2025,2025-10,SHORT,2025-10-31 09:37:00,2025-10-31 09:39:00,2025-10-31 09:42:00,26182.0,26100.5,81.5,26100.5,26120.5,26080.5,WIN,20.0,false,true,false,true,true,2.501,12.77
VWAP_EMA20_ALIGN,2025-11-11,2025,2025-11,SHORT,2025-11-11 09:06:00,2025-11-11 09:15:00,2025-11-11 09:19:00,25646.0,25560.25,85.75,25560.25,25580.25,25540.25,WIN,20.0,false,true,false,true,true,1.971,21.82
VWAP_EMA20_ALIGN,2025-11-28,2025,2025-11,LONG,2025-11-28 10:06:00,2025-11-28 10:07:00,2025-11-28 10:23:00,25422.0,25331.0,91.0,25422.0,25402.0,25442.0,LOSS,-20.0,true,false,true,false,false,1.928,10.61
VWAP_EMA20_ALIGN,2025-12-03,2025,2025-12,LONG,2025-12-03 09:02:00,2025-12-03 09:17:00,2025-12-03 09:18:00,25538.0,25430.0,108.0,25538.0,25518.0,25558.0,WIN,20.0,true,false,true,false,false,2.19,29.2
VWAP_EMA20_ALIGN,2025-12-09,2025,2025-12,LONG,2025-12-09 09:02:00,2025-12-09 09:29:00,2025-12-09 09:43:00,25653.5,25560.0,93.5,25653.5,25633.5,25673.5,WIN,20.0,true,false,true,false,true,2.089,19.18
VWAP_EMA20_ALIGN,2025-12-10,2025,2025-12,SHORT,2025-12-10 09:40:00,2025-12-10 09:55:00,2025-12-10 10:00:00,25672.25,25567.0,105.25,25567.0,25587.0,25547.0,WIN,20.0,false,true,false,true,false,2.144,14.52
VWAP_EMA20_ALIGN,2025-12-12,2025,2025-12,SHORT,2025-12-12 09:04:00,2025-12-12 09:06:00,2025-12-12 09:07:00,25619.5,25501.5,118.0,25501.5,25521.5,25481.5,WIN,20.0,false,true,false,true,false,1.709,22.88
VWAP_EMA20_ALIGN,2025-12-23,2025,2025-12,SHORT,2025-12-23 09:03:00,2025-12-23 09:04:00,2025-12-23 09:09:00,25751.25,25638.0,113.25,25638.0,25658.0,25618.0,LOSS,-20.0,false,true,false,true,false,1.657,20.2
VWAP_EMA20_ALIGN,2025-12-24,2025,2025-12,LONG,2025-12-24 09:10:00,2025-12-24 09:12:00,2025-12-24 09:24:00,25827.5,25784.0,43.5,25827.5,25807.5,25847.5,LOSS,-20.0,true,false,true,false,false,1.996,7.64
VWAP_EMA20_ALIGN,2025-12-26,2025,2025-12,SHORT,2025-12-26 09:01:00,2025-12-26 09:04:00,2025-12-26 09:11:00,25935.25,25864.5,70.75,25864.5,25884.5,25844.5,WIN,20.0,false,true,false,true,true,2.554,16.46
VWAP_EMA20_ALIGN,2025-12-30,2025,2025-12,LONG,2025-12-30 10:20:00,2025-12-30 10:21:00,2025-12-30 10:36:00,25774.75,25674.25,100.5,25774.75,25754.75,25794.75,LOSS,-20.0,true,false,true,false,true,2.737,7.39
VWAP_EMA20_ALIGN,2025-12-31,2025,2025-12,SHORT,2025-12-31 09:18:00,2025-12-31 09:19:00,2025-12-31 09:26:00,25692.0,25581.5,110.5,25581.5,25601.5,25561.5,LOSS,-20.0,false,true,false,true,true,2.306,14.2
VWAP_EMA20_ALIGN,2026-01-07,2026,2026-01,LONG,2026-01-07 09:32:00,2026-01-07 09:33:00,2026-01-07 09:35:00,25880.0,25771.0,109.0,25880.0,25860.0,25900.0,WIN,20.0,true,false,true,false,true,1.516,13.82
VWAP_EMA20_ALIGN,2026-01-13,2026,2026-01,SHORT,2026-01-13 09:02:00,2026-01-13 09:04:00,2026-01-13 09:05:00,26042.75,25930.75,112.0,25930.75,25950.75,25910.75,LOSS,-20.0,false,true,false,true,true,1.865,27.2
VWAP_EMA20_ALIGN,2026-01-15,2026,2026-01,SHORT,2026-01-15 09:46:00,2026-01-15 09:48:00,2026-01-15 09:49:00,25952.75,25843.0,109.75,25843.0,25863.0,25823.0,WIN,20.0,false,true,false,true,true,2.306,20.07
VWAP_EMA20_ALIGN,2026-01-23,2026,2026-01,LONG,2026-01-23 09:00:00,2026-01-23 09:01:00,2026-01-23 09:02:00,25668.0,25562.5,105.5,25668.0,25648.0,25688.0,WIN,20.0,true,false,true,false,false,1.684,20.04
VWAP_EMA20_ALIGN,2026-01-28,2026,2026-01,SHORT,2026-01-28 09:12:00,2026-01-28 09:32:00,2026-01-28 09:35:00,26301.0,26213.75,87.25,26213.75,26233.75,26193.75,WIN,20.0,false,true,false,true,false,1.347,17.09
VWAP_EMA20_ALIGN,2026-02-16,2026,2026-02,SHORT,2026-02-16 09:33:00,2026-02-16 09:35:00,2026-02-16 09:47:00,24782.75,24692.75,90.0,24692.75,24712.75,24672.75,LOSS,-20.0,false,true,false,true,false,1.375,13.04
VWAP_EMA20_ALIGN,2026-03-18,2026,2026-03,SHORT,2026-03-18 11:01:00,2026-03-18 11:08:00,2026-03-18 11:11:00,24883.25,24817.5,65.75,24817.5,24837.5,24797.5,WIN,20.0,false,true,false,true,true,3.649,12.52
VWAP_EMA20_ALIGN,2026-03-19,2026,2026-03,LONG,2026-03-19 09:05:00,2026-03-19 09:12:00,2026-03-19 09:16:00,24540.5,24422.5,118.0,24540.5,24520.5,24560.5,WIN,20.0,true,false,true,false,true,3.088,21.61
VWAP_EMA20_ALIGN,2026-03-23,2026,2026-03,LONG,2026-03-23 09:02:00,2026-03-23 09:04:00,2026-03-23 09:05:00,24654.25,24579.25,75.0,24654.25,24634.25,24674.25,WIN,20.0,true,false,true,false,true,1.778,25.02
VWAP_EMA20_ALIGN,2026-03-25,2026,2026-03,SHORT,2026-03-25 09:07:00,2026-03-25 09:08:00,2026-03-25 09:09:00,24519.5,24456.5,63.0,24456.5,24476.5,24436.5,WIN,20.0,false,true,false,true,true,2.031,18.02
VWAP_EMA20_ALIGN,2026-03-27,2026,2026-03,SHORT,2026-03-27 11:17:00,2026-03-27 11:18:00,2026-03-27 11:20:00,23537.75,23440.0,97.75,23440.0,23460.0,23420.0,WIN,20.0,false,true,false,true,false,1.482,21.71
VWAP_EMA20_ALIGN,2026-03-30,2026,2026-03,LONG,2026-03-30 09:00:00,2026-03-30 09:01:00,2026-03-30 09:02:00,23379.5,23262.25,117.25,23379.5,23359.5,23399.5,WIN,20.0,true,false,true,false,false,1.974,26.11
VWAP_EMA20_ALIGN,2026-04-09,2026,2026-04,LONG,2026-04-09 09:12:00,2026-04-09 09:13:00,2026-04-09 09:14:00,25053.5,24960.5,93.0,25053.5,25033.5,25073.5,WIN,20.0,true,false,true,false,true,2.022,13.18
VWAP_EMA20_ALIGN,2026-04-10,2026,2026-04,LONG,2026-04-10 09:15:00,2026-04-10 09:16:00,2026-04-10 09:29:00,25373.75,25306.25,67.5,25373.75,25353.75,25393.75,LOSS,-20.0,true,false,true,false,false,1.417,11.45
VWAP_EMA20_ALIGN,2026-04-13,2026,2026-04,LONG,2026-04-13 10:25:00,2026-04-13 10:27:00,2026-04-13 10:29:00,25360.75,25277.0,83.75,25360.75,25340.75,25380.75,WIN,20.0,true,false,true,false,false,1.58,12.96
VWAP_EMA20_ALIGN,2026-04-14,2026,2026-04,LONG,2026-04-14 09:20:00,2026-04-14 09:21:00,2026-04-14 09:26:00,25820.25,25780.5,39.75,25820.25,25800.25,25840.25,WIN,20.0,true,false,true,false,false,1.881,10.66
VWAP_EMA20_ALIGN,2026-04-15,2026,2026-04,LONG,2026-04-15 09:02:00,2026-04-15 09:12:00,2026-04-15 09:22:00,26176.25,26106.5,69.75,26176.25,26156.25,26196.25,WIN,20.0,true,false,true,false,false,1.488,10.91
VWAP_EMA20_ALIGN,2026-04-17,2026,2026-04,LONG,2026-04-17 09:31:00,2026-04-17 09:32:00,2026-04-17 09:36:00,26855.75,26740.0,115.75,26855.75,26835.75,26875.75,WIN,20.0,true,false,true,false,false,1.605,15.2
VWAP_EMA20_ALIGN,2026-04-22,2026,2026-04,LONG,2026-04-22 11:10:00,2026-04-22 11:19:00,2026-04-22 11:20:00,27006.25,26944.75,61.5,27006.25,26986.25,27026.25,WIN,20.0,true,false,true,false,false,3.816,13.43
VWAP_EMA20_ALIGN,2026-04-23,2026,2026-04,LONG,2026-04-23 09:00:00,2026-04-23 09:03:00,2026-04-23 09:11:00,27106.25,27004.75,101.5,27106.25,27086.25,27126.25,WIN,20.0,true,false,true,false,false,1.831,13.55
VWAP_EMA20_ALIGN,2026-04-27,2026,2026-04,SHORT,2026-04-27 09:21:00,2026-04-27 09:22:00,2026-04-27 09:28:00,27406.0,27321.5,84.5,27321.5,27341.5,27301.5,LOSS,-20.0,false,true,false,true,true,1.252,14.18
VWAP_EMA20_ALIGN,2026-04-29,2026,2026-04,SHORT,2026-04-29 09:53:00,2026-04-29 09:59:00,2026-04-29 10:08:00,27315.5,27248.5,67.0,27248.5,27268.5,27228.5,LOSS,-20.0,false,true,false,true,true,2.792,17.16
VWAP_EMA20_ALIGN,2026-05-04,2026,2026-05,SHORT,2026-05-04 09:13:00,2026-05-04 09:14:00,2026-05-04 09:17:00,27941.0,27864.0,77.0,27864.0,27884.0,27844.0,WIN,20.0,false,true,false,true,false,1.14,19.34
VWAP_EMA20_ALIGN,2026-05-05,2026,2026-05,LONG,2026-05-05 09:37:00,2026-05-05 09:38:00,2026-05-05 10:27:00,28139.25,28077.5,61.75,28139.25,28119.25,28159.25,LOSS,-20.0,true,false,true,false,false,1.189,10.93
