date,entry_time,entry,stop,target,exit_price,outcome,risk_points,pnl_points,rr,mfe,mae
2018-01-04,2018-01-04 08:41:00,6596.75,6603.5,6583.25,6603.5,loss,6.75,-6.75,-1.0,10.25,-7.75
2018-01-04,2018-01-04 09:02:00,6594.5,6602.5,6578.5,6602.5,loss,8.0,-8.0,-1.0,2.25,-9.75
2018-01-04,2018-01-04 09:23:00,6594.5,6599.25,6585.0,6599.25,loss,4.75,-4.75,-1.0,0.5,-5.0
2018-01-04,2018-01-04 09:31:00,6601.25,6607.0,6589.75,6607.0,loss,5.75,-5.75,-1.0,0.0,-6.25
2018-01-04,2018-01-04 10:17:00,6597.0,6601.5,6588.0,6601.5,loss,4.5,-4.5,-1.0,5.5,-4.5
2018-01-04,2018-01-04 10:19:00,6594.25,6598.0,6586.75,6598.0,loss,3.75,-3.75,-1.0,2.75,-5.25
2018-01-04,2018-01-04 10:45:00,6596.25,6599.5,6589.75,6599.5,loss,3.25,-3.25,-1.0,0.5,-3.75
2018-01-04,2018-01-04 10:52:00,6597.5,6601.0,6590.5,6601.0,loss,3.5,-3.5,-1.0,3.0,-3.5
2018-01-04,2018-01-04 10:56:00,6597.75,6601.0,6591.25,6601.0,loss,3.25,-3.25,-1.0,3.25,-3.25
2018-01-05,2018-01-05 08:43:00,6618.25,6624.0,6606.75,6624.0,loss,5.75,-5.75,-1.0,1.75,-9.25
2018-01-08,2018-01-08 08:32:00,6660.5,6668.25,6645.0,6668.25,loss,7.75,-7.75,-1.0,0.5,-8.75
2018-01-08,2018-01-08 08:38:00,6663.25,6670.5,6648.75,6670.5,loss,7.25,-7.25,-1.0,3.25,-10.25
2018-01-08,2018-01-08 09:09:00,6661.25,6669.0,6645.75,6669.0,loss,7.75,-7.75,-1.0,1.5,-8.25
2018-01-09,2018-01-09 08:37:00,6690.0,6696.5,6677.0,6677.0,win,6.5,13.0,2.0,15.0,-2.5
2018-01-09,2018-01-09 08:39:00,6689.25,6693.25,6681.25,6681.25,win,4.0,8.0,2.0,9.25,-1.0
2018-01-09,2018-01-09 08:41:00,6684.75,6690.25,6673.75,6673.75,win,5.5,11.0,2.0,16.75,-2.0
2018-01-09,2018-01-09 08:44:00,6678.75,6684.5,6667.25,6684.5,loss,5.75,-5.75,-1.0,3.75,-6.75
2018-01-10,2018-01-10 08:31:00,6649.5,6663.5,6621.5,6663.5,loss,14.0,-14.0,-1.0,0.5,-17.0
2018-01-10,2018-01-10 08:34:00,6659.0,6667.0,6643.0,6667.0,loss,8.0,-8.0,-1.0,1.0,-10.0
2018-01-10,2018-01-10 08:36:00,6659.25,6666.5,6644.75,6666.5,loss,7.25,-7.25,-1.0,0.5,-9.75
2018-01-10,2018-01-10 08:42:00,6657.0,6663.75,6643.5,6663.75,loss,6.75,-6.75,-1.0,4.0,-7.75
2018-01-10,2018-01-10 08:47:00,6658.75,6665.75,6644.75,6644.75,win,7.0,14.0,2.0,14.75,0.0
2018-01-10,2018-01-10 08:52:00,6647.0,6654.0,6633.0,6633.0,win,7.0,14.0,2.0,16.25,-0.5
2018-01-10,2018-01-10 08:53:00,6639.0,6648.5,6620.0,6648.5,loss,9.5,-9.5,-1.0,10.75,-9.5
2018-01-10,2018-01-10 10:21:00,6651.75,6655.5,6644.25,6655.5,loss,3.75,-3.75,-1.0,0.5,-4.0
2018-01-11,2018-01-11 08:33:00,6681.5,6687.25,6670.0,6687.25,loss,5.75,-5.75,-1.0,4.75,-6.5
2018-01-11,2018-01-11 08:41:00,6679.5,6683.5,6671.5,6683.5,loss,4.0,-4.0,-1.0,2.25,-5.75
2018-01-11,2018-01-11 08:47:00,6681.0,6686.25,6670.5,6686.25,loss,5.25,-5.25,-1.0,3.0,-7.25
2018-01-11,2018-01-11 09:22:00,6683.25,6687.0,6675.75,6675.75,win,3.75,7.5,2.0,9.5,-1.25
2018-01-11,2018-01-11 09:57:00,6683.5,6686.25,6678.0,6686.25,loss,2.75,-2.75,-1.0,2.0,-3.0
2018-01-15,2018-01-15 08:31:00,6778.0,6781.75,6770.5,6781.75,loss,3.75,-3.75,-1.0,2.75,-4.5
2018-01-15,2018-01-15 09:03:00,6776.75,6779.25,6771.75,6779.25,loss,2.5,-2.5,-1.0,0.0,-4.25
2018-01-15,2018-01-15 09:24:00,6780.25,6782.25,6776.25,6782.25,loss,2.0,-2.0,-1.0,2.75,-2.5
2018-01-15,2018-01-15 10:08:00,6779.25,6782.25,6773.25,6773.25,win,3.0,6.0,2.0,6.0,-2.75
2018-01-15,2018-01-15 10:17:00,6780.75,6782.5,6777.25,6777.25,win,1.75,3.5,2.0,4.5,-1.25
2018-01-15,2018-01-15 10:27:00,6780.0,6782.25,6775.5,6775.5,win,2.25,4.5,2.0,4.5,-0.5
2018-01-16,2018-01-16 09:38:00,6807.25,6818.5,6784.75,6818.5,loss,11.25,-11.25,-1.0,0.0,-13.25
2018-01-16,2018-01-16 09:58:00,6810.0,6816.75,6796.5,6796.5,win,6.75,13.5,2.0,16.25,-6.5
2018-01-16,2018-01-16 10:01:00,6806.75,6815.0,6790.25,6815.0,loss,8.25,-8.25,-1.0,3.0,-8.75
2018-01-16,2018-01-16 10:07:00,6808.0,6814.5,6795.0,6795.0,win,6.5,13.0,2.0,14.25,-3.0
2018-01-16,2018-01-16 10:09:00,6805.5,6811.5,6793.5,6793.5,win,6.0,12.0,2.0,13.25,-3.25
2018-01-16,2018-01-16 10:10:00,6801.5,6809.0,6786.5,6809.0,loss,7.5,-7.5,-1.0,9.25,-8.0
2018-01-16,2018-01-16 10:15:00,6795.25,6806.0,6773.75,6806.0,loss,10.75,-10.75,-1.0,3.0,-13.0
2018-01-16,2018-01-16 10:45:00,6798.0,6806.25,6781.5,6781.5,win,8.25,16.5,2.0,20.25,-8.0
2018-01-16,2018-01-16 10:51:00,6792.25,6798.5,6779.75,6798.5,loss,6.25,-6.25,-1.0,6.0,-6.25
2018-01-16,2018-01-16 10:53:00,6793.0,6798.75,6781.5,6798.75,loss,5.75,-5.75,-1.0,6.75,-7.0
2018-01-16,2018-01-16 10:57:00,6791.0,6798.0,6777.0,6798.0,loss,7.0,-7.0,-1.0,4.75,-7.5
2018-01-17,2018-01-17 08:35:00,6767.0,6774.25,6752.5,6774.25,loss,7.25,-7.25,-1.0,5.25,-8.25
2018-01-17,2018-01-17 08:36:00,6762.25,6773.25,6740.25,6773.25,loss,11.0,-11.0,-1.0,0.5,-13.0
2018-01-17,2018-01-17 08:41:00,6758.75,6770.75,6734.75,6770.75,loss,12.0,-12.0,-1.0,7.25,-12.0
2018-01-17,2018-01-17 08:46:00,6753.0,6764.75,6729.5,6764.75,loss,11.75,-11.75,-1.0,1.5,-13.5
2018-01-17,2018-01-17 09:23:00,6769.0,6776.25,6754.5,6776.25,loss,7.25,-7.25,-1.0,12.25,-7.75
2018-01-17,2018-01-17 09:26:00,6764.25,6770.75,6751.25,6770.75,loss,6.5,-6.5,-1.0,7.5,-8.5
2018-01-17,2018-01-17 09:28:00,6758.0,6765.5,6743.0,6765.5,loss,7.5,-7.5,-1.0,1.25,-10.0
2018-01-18,2018-01-18 08:31:00,6811.25,6818.75,6796.25,6818.75,loss,7.5,-7.5,-1.0,0.0,-9.25
2018-01-18,2018-01-18 08:35:00,6811.0,6820.25,6792.5,6820.25,loss,9.25,-9.25,-1.0,0.75,-10.75
2018-01-18,2018-01-18 08:45:00,6813.75,6822.25,6796.75,6822.25,loss,8.5,-8.5,-1.0,2.25,-8.5
2018-01-18,2018-01-18 08:52:00,6813.25,6820.0,6799.75,6820.0,loss,6.75,-6.75,-1.0,1.75,-7.5
2018-01-18,2018-01-18 09:01:00,6815.0,6821.25,6802.5,6802.5,win,6.25,12.5,2.0,12.5,-0.5
2018-01-18,2018-01-18 09:02:00,6809.5,6816.5,6795.5,6816.5,loss,7.0,-7.0,-1.0,13.5,-7.75
2018-01-18,2018-01-18 09:03:00,6806.0,6812.25,6793.5,6812.25,loss,6.25,-6.25,-1.0,10.0,-6.75
2018-01-18,2018-01-18 09:05:00,6804.0,6809.0,6794.0,6809.0,loss,5.0,-5.0,-1.0,1.5,-5.0
2018-01-18,2018-01-18 09:43:00,6811.75,6816.75,6801.75,6816.75,loss,5.0,-5.0,-1.0,0.0,-6.5
2018-01-18,2018-01-18 10:00:00,6811.5,6817.5,6799.5,6817.5,loss,6.0,-6.0,-1.0,3.0,-6.75
2018-01-18,2018-01-18 10:29:00,6812.75,6819.75,6798.75,6819.75,loss,7.0,-7.0,-1.0,0.5,-8.25
2018-01-18,2018-01-18 10:44:00,6809.75,6815.25,6798.75,6815.25,loss,5.5,-5.5,-1.0,7.0,-6.0
2018-01-18,2018-01-18 10:46:00,6805.0,6813.0,6789.0,6813.0,loss,8.0,-8.0,-1.0,0.75,-9.25
2018-01-19,2018-01-19 08:53:00,6837.25,6845.0,6821.75,6821.75,win,7.75,15.5,2.0,17.75,-0.5
2018-01-19,2018-01-19 08:54:00,6833.25,6838.75,6822.25,6822.25,win,5.5,11.0,2.0,13.75,-4.5
2018-01-19,2018-01-19 08:57:00,6830.25,6836.25,6818.25,6818.25,win,6.0,12.0,2.0,13.5,-5.5
2018-01-19,2018-01-19 09:05:00,6821.5,6828.0,6808.5,6828.0,loss,6.5,-6.5,-1.0,4.75,-8.25
2018-01-19,2018-01-19 09:16:00,6821.25,6830.25,6803.25,6830.25,loss,9.0,-9.0,-1.0,3.25,-11.25
2018-01-19,2018-01-19 09:21:00,6820.75,6825.75,6810.75,6825.75,loss,5.0,-5.0,-1.0,0.5,-8.0
2018-01-19,2018-01-19 09:49:00,6824.0,6829.0,6814.0,6814.0,win,5.0,10.0,2.0,10.75,-0.75
2018-01-19,2018-01-19 09:53:00,6816.75,6822.0,6806.25,6822.0,loss,5.25,-5.25,-1.0,6.0,-6.5
2018-01-19,2018-01-19 10:25:00,6825.75,6830.0,6817.25,6830.0,loss,4.25,-4.25,-1.0,0.0,-6.0
2018-01-19,2018-01-19 10:56:00,6823.5,6829.25,6812.0,6829.25,loss,5.75,-5.75,-1.0,2.75,-6.25
2018-01-19,2018-01-19 10:57:00,6821.0,6824.75,6813.5,6824.75,loss,3.75,-3.75,-1.0,0.25,-4.0
2018-01-22,2018-01-22 08:40:00,6839.25,6845.75,6826.25,6845.75,loss,6.5,-6.5,-1.0,1.5,-7.0
2018-01-23,2018-01-23 08:58:00,6940.75,6950.0,6922.25,6950.0,loss,9.25,-9.25,-1.0,0.0,-13.25
2018-01-24,2018-01-24 08:37:00,6978.5,6985.0,6965.5,6985.0,loss,6.5,-6.5,-1.0,6.25,-7.0
2018-01-24,2018-01-24 08:48:00,6975.0,6983.5,6958.0,6983.5,loss,8.5,-8.5,-1.0,9.5,-10.0
2018-01-24,2018-01-24 08:51:00,6968.25,6973.75,6957.25,6973.75,loss,5.5,-5.5,-1.0,2.75,-5.5
2018-01-24,2018-01-24 09:58:00,6979.5,6986.25,6966.0,6986.25,loss,6.75,-6.75,-1.0,1.5,-8.0
2018-01-24,2018-01-24 10:05:00,6980.5,6985.25,6971.0,6971.0,win,4.75,9.5,2.0,12.25,-4.25
2018-01-24,2018-01-24 10:09:00,6978.75,6984.0,6968.25,6968.25,win,5.25,10.5,2.0,10.5,-0.25
2018-01-24,2018-01-24 10:12:00,6973.0,6978.0,6963.0,6963.0,win,5.0,10.0,2.0,17.5,0.0
2018-01-24,2018-01-24 10:13:00,6968.25,6974.0,6956.75,6956.75,win,5.75,11.5,2.0,12.75,0.0
2018-01-24,2018-01-24 10:14:00,6959.5,6969.25,6940.0,6940.0,win,9.75,19.5,2.0,23.5,-3.75
2018-01-24,2018-01-24 10:15:00,6951.25,6962.75,6928.25,6962.75,loss,11.5,-11.5,-1.0,7.75,-12.0
2018-01-24,2018-01-24 10:16:00,6945.75,6954.75,6927.75,6954.75,loss,9.0,-9.0,-1.0,2.25,-10.0
2018-01-25,2018-01-25 08:54:00,6944.25,6952.25,6928.25,6928.25,win,8.0,16.0,2.0,20.25,-5.25
2018-01-25,2018-01-25 08:56:00,6933.25,6946.75,6906.25,6946.75,loss,13.5,-13.5,-1.0,17.0,-13.75
2018-01-25,2018-01-25 08:57:00,6926.0,6935.0,6908.0,6935.0,loss,9.0,-9.0,-1.0,9.75,-9.0
2018-01-25,2018-01-25 08:58:00,6919.25,6930.0,6897.75,6930.0,loss,10.75,-10.75,-1.0,3.0,-15.75
2018-01-25,2018-01-25 09:38:00,6941.75,6948.0,6929.25,6929.25,win,6.25,12.5,2.0,17.75,-2.5
2018-01-25,2018-01-25 09:40:00,6937.0,6943.75,6923.5,6923.5,win,6.75,13.5,2.0,13.75,-3.75
2018-01-25,2018-01-25 09:43:00,6935.25,6941.75,6922.25,6941.75,loss,6.5,-6.5,-1.0,12.0,-7.25
2018-01-25,2018-01-25 10:09:00,6946.5,6951.0,6937.5,6951.0,loss,4.5,-4.5,-1.0,2.5,-5.5
2018-01-25,2018-01-25 10:14:00,6946.25,6953.25,6932.25,6953.25,loss,7.0,-7.0,-1.0,7.0,-7.0
2018-01-26,2018-01-26 08:32:00,6954.75,6960.0,6944.25,6960.0,loss,5.25,-5.25,-1.0,5.5,-9.0
2018-01-26,2018-01-26 08:33:00,6952.5,6957.0,6943.5,6957.0,loss,4.5,-4.5,-1.0,3.25,-5.25
2018-01-26,2018-01-26 08:49:00,6952.0,6961.75,6932.5,6961.75,loss,9.75,-9.75,-1.0,0.0,-11.25
2018-01-26,2018-01-26 09:16:00,6957.75,6963.75,6945.75,6963.75,loss,6.0,-6.0,-1.0,3.75,-6.75
2018-01-26,2018-01-26 09:18:00,6954.75,6963.75,6936.75,6963.75,loss,9.0,-9.0,-1.0,0.5,-9.75
2018-01-29,2018-01-29 08:51:00,7008.75,7016.0,6994.25,7016.0,loss,7.25,-7.25,-1.0,5.75,-8.0
2018-01-29,2018-01-29 09:01:00,7011.25,7017.5,6998.75,6998.75,win,6.25,12.5,2.0,14.25,0.0
2018-01-29,2018-01-29 09:02:00,7007.25,7012.25,6997.25,6997.25,win,5.0,10.0,2.0,10.25,-1.5
2018-01-31,2018-01-31 09:05:00,6971.0,6978.5,6956.0,6978.5,loss,7.5,-7.5,-1.0,1.25,-7.5
2018-01-31,2018-01-31 09:52:00,6974.0,6978.5,6965.0,6965.0,win,4.5,9.0,2.0,12.0,-1.5
2018-01-31,2018-01-31 09:58:00,6968.0,6972.75,6958.5,6958.5,win,4.75,9.5,2.0,11.0,-3.0
2018-01-31,2018-01-31 09:59:00,6964.0,6969.75,6952.5,6969.75,loss,5.75,-5.75,-1.0,1.5,-6.0
2018-02-02,2018-02-02 08:40:00,6880.25,6891.5,6857.75,6857.75,win,11.25,22.5,2.0,31.5,-4.25
2018-02-05,2018-02-05 10:48:00,6748.25,6754.0,6736.75,6754.0,loss,5.75,-5.75,-1.0,6.25,-12.0
2018-02-08,2018-02-08 08:43:00,6572.5,6587.25,6543.0,6587.25,loss,14.75,-14.75,-1.0,26.75,-17.0
2018-02-08,2018-02-08 09:00:00,6567.75,6581.75,6539.75,6581.75,loss,14.0,-14.0,-1.0,17.5,-15.5
2018-02-08,2018-02-08 09:01:00,6554.0,6571.25,6519.5,6571.25,loss,17.25,-17.25,-1.0,3.75,-19.0
2018-02-08,2018-02-08 09:20:00,6568.0,6580.75,6542.5,6542.5,win,12.75,25.5,2.0,26.25,-5.0
2018-02-08,2018-02-08 09:22:00,6561.0,6570.25,6542.5,6570.25,loss,9.25,-9.25,-1.0,5.25,-10.25
2018-02-09,2018-02-09 09:39:00,6363.75,6381.0,6329.25,6329.25,win,17.25,34.5,2.0,39.0,-5.75
2018-02-09,2018-02-09 09:42:00,6343.0,6355.25,6318.5,6318.5,win,12.25,24.5,2.0,24.75,-5.25
2018-02-09,2018-02-09 09:46:00,6320.75,6334.25,6293.75,6293.75,win,13.5,27.0,2.0,33.5,-6.75
2018-02-09,2018-02-09 09:47:00,6307.5,6328.5,6265.5,6328.5,loss,21.0,-21.0,-1.0,22.5,-22.0
2018-02-09,2018-02-09 10:12:00,6345.75,6360.75,6315.75,6315.75,win,15.0,30.0,2.0,34.5,-10.75
2018-02-12,2018-02-12 09:13:00,6468.25,6487.75,6429.25,6429.25,win,19.5,39.0,2.0,39.25,-7.25
2018-02-12,2018-02-12 09:16:00,6455.5,6471.75,6423.0,6471.75,loss,16.25,-16.25,-1.0,0.75,-16.5
2018-02-12,2018-02-12 09:23:00,6451.25,6462.75,6428.25,6428.25,win,11.5,23.0,2.0,26.25,-4.0
2018-02-12,2018-02-12 09:27:00,6430.5,6442.75,6406.0,6442.75,loss,12.25,-12.25,-1.0,5.5,-12.25
2018-02-12,2018-02-12 09:48:00,6456.75,6469.25,6431.75,6469.25,loss,12.5,-12.5,-1.0,0.0,-14.75
2018-02-15,2018-02-15 08:32:00,6719.25,6730.5,6696.75,6730.5,loss,11.25,-11.25,-1.0,16.5,-13.5
2018-02-15,2018-02-15 08:35:00,6716.25,6724.5,6699.75,6724.5,loss,8.25,-8.25,-1.0,13.5,-10.75
2018-02-15,2018-02-15 08:36:00,6703.75,6718.75,6673.75,6718.75,loss,15.0,-15.0,-1.0,1.0,-16.5
2018-02-15,2018-02-15 08:43:00,6719.5,6729.25,6700.0,6729.25,loss,9.75,-9.75,-1.0,0.0,-11.75
2018-02-15,2018-02-15 09:17:00,6727.25,6740.75,6700.25,6740.75,loss,13.5,-13.5,-1.0,1.5,-20.75
2018-02-15,2018-02-15 09:38:00,6727.75,6738.5,6706.25,6706.25,win,10.75,21.5,2.0,22.25,-4.5
2018-02-15,2018-02-15 09:42:00,6719.75,6729.25,6700.75,6700.75,win,9.5,19.0,2.0,21.25,-3.0
2018-02-15,2018-02-15 09:44:00,6706.25,6717.75,6683.25,6683.25,win,11.5,23.0,2.0,26.5,-9.0
2018-02-15,2018-02-15 09:45:00,6700.25,6711.75,6677.25,6711.75,loss,11.5,-11.5,-1.0,4.75,-15.0
2018-02-15,2018-02-15 10:00:00,6682.0,6694.25,6657.5,6694.25,loss,12.25,-12.25,-1.0,12.25,-15.25
2018-02-23,2018-02-23 08:58:00,6806.75,6817.75,6784.75,6817.75,loss,11.0,-11.0,-1.0,2.25,-11.25
2018-02-23,2018-02-23 09:12:00,6803.75,6813.5,6784.25,6813.5,loss,9.75,-9.75,-1.0,12.5,-10.5
2018-02-23,2018-02-23 09:15:00,6804.0,6811.5,6789.0,6811.5,loss,7.5,-7.5,-1.0,12.75,-8.5
2018-02-23,2018-02-23 09:19:00,6794.5,6802.5,6778.5,6802.5,loss,8.0,-8.0,-1.0,1.5,-8.75
2018-02-23,2018-02-23 09:21:00,6794.5,6800.0,6783.5,6800.0,loss,5.5,-5.5,-1.0,1.5,-5.75
2018-02-26,2018-02-26 09:37:00,6936.5,6942.25,6925.0,6942.25,loss,5.75,-5.75,-1.0,1.25,-8.5
2018-02-27,2018-02-27 09:39:00,6990.5,6995.5,6980.5,6980.5,win,5.0,10.0,2.0,13.0,-2.25
2018-02-28,2018-02-28 09:54:00,6928.25,6934.75,6915.25,6915.25,win,6.5,13.0,2.0,13.0,-3.25
2018-02-28,2018-02-28 09:56:00,6920.5,6930.75,6900.0,6930.75,loss,10.25,-10.25,-1.0,14.25,-11.5
2018-02-28,2018-02-28 09:57:00,6916.5,6924.25,6901.0,6924.25,loss,7.75,-7.75,-1.0,3.75,-8.25
2018-03-01,2018-03-01 08:36:00,6863.75,6880.75,6829.75,6829.75,win,17.0,34.0,2.0,39.25,-0.75
2018-03-01,2018-03-01 08:42:00,6844.75,6854.0,6826.25,6826.25,win,9.25,18.5,2.0,20.25,-4.5
2018-03-02,2018-03-02 08:35:00,6691.5,6705.0,6664.5,6664.5,win,13.5,27.0,2.0,27.0,-8.0
2018-03-02,2018-03-02 08:37:00,6683.0,6700.5,6648.0,6648.0,win,17.5,35.0,2.0,37.0,-5.5
2018-03-02,2018-03-02 08:38:00,6671.25,6684.75,6644.25,6684.75,loss,13.5,-13.5,-1.0,5.0,-14.75
2018-03-02,2018-03-02 08:40:00,6668.25,6687.0,6630.75,6687.0,loss,18.75,-18.75,-1.0,3.75,-20.25
2018-03-02,2018-03-02 08:43:00,6674.0,6689.5,6643.0,6689.5,loss,15.5,-15.5,-1.0,28.0,-16.5
2018-03-02,2018-03-02 08:44:00,6660.75,6678.5,6625.25,6678.5,loss,17.75,-17.75,-1.0,14.75,-20.75
2018-03-02,2018-03-02 09:06:00,6679.0,6692.0,6653.0,6692.0,loss,13.0,-13.0,-1.0,4.75,-15.75
2018-03-02,2018-03-02 09:09:00,6677.5,6692.75,6647.0,6692.75,loss,15.25,-15.25,-1.0,1.5,-17.25
2018-03-02,2018-03-02 10:06:00,6696.75,6705.5,6679.25,6705.5,loss,8.75,-8.75,-1.0,4.25,-11.75
2018-03-02,2018-03-02 10:19:00,6696.75,6708.0,6674.25,6708.0,loss,11.25,-11.25,-1.0,4.0,-11.25
2018-03-06,2018-03-06 08:40:00,6907.0,6915.75,6889.5,6915.75,loss,8.75,-8.75,-1.0,9.0,-9.0
2018-03-06,2018-03-06 09:53:00,6907.25,6916.0,6889.75,6889.75,win,8.75,17.5,2.0,18.25,-3.5
2018-03-06,2018-03-06 09:55:00,6903.0,6911.75,6885.5,6885.5,win,8.75,17.5,2.0,17.75,-5.5
2018-03-06,2018-03-06 09:58:00,6889.0,6909.0,6849.0,6896.75,loss,20.0,-7.75,-0.39,17.25,-18.25
2018-03-06,2018-03-06 10:04:00,6889.5,6901.5,6865.5,6901.5,loss,12.0,-12.0,-1.0,1.25,-12.0
2018-03-06,2018-03-06 10:09:00,6892.75,6902.75,6872.75,6872.75,win,10.0,20.0,2.0,21.0,-9.5
2018-03-06,2018-03-06 10:21:00,6892.5,6899.5,6878.5,6878.5,win,7.0,14.0,2.0,14.0,-1.5
2018-03-06,2018-03-06 10:28:00,6875.0,6881.25,6862.5,6881.25,loss,6.25,-6.25,-1.0,2.0,-7.25
2018-03-06,2018-03-06 10:53:00,6892.0,6897.5,6881.0,6897.5,loss,5.5,-5.5,-1.0,0.0,-5.75
2018-03-06,2018-03-06 10:56:00,6892.5,6898.75,6880.0,6898.75,loss,6.25,-6.25,-1.0,1.75,-9.5
2018-03-07,2018-03-07 11:00:00,6869.0,6877.75,6851.5,6851.5,win,8.75,17.5,2.0,18.75,-5.0
2018-03-12,2018-03-12 09:25:00,7141.5,7146.5,7131.5,7146.5,loss,5.0,-5.0,-1.0,6.25,-5.0
2018-03-12,2018-03-12 09:28:00,7136.5,7144.25,7121.0,7144.25,loss,7.75,-7.75,-1.0,0.75,-8.0
2018-03-13,2018-03-13 08:32:00,7184.25,7191.5,7169.75,7169.75,win,7.25,14.5,2.0,17.75,0.0
2018-03-13,2018-03-13 08:34:00,7178.75,7185.25,7165.75,7165.75,win,6.5,13.0,2.0,17.5,-5.0
2018-03-13,2018-03-13 08:37:00,7173.5,7179.5,7161.5,7179.5,loss,6.0,-6.0,-1.0,2.25,-8.25
2018-03-13,2018-03-13 08:39:00,7174.25,7179.75,7163.25,7179.75,loss,5.5,-5.5,-1.0,2.75,-7.5
2018-03-13,2018-03-13 08:53:00,7162.0,7169.75,7146.5,7146.5,win,7.75,15.5,2.0,16.25,-7.25
2018-03-13,2018-03-13 08:56:00,7160.25,7170.25,7140.25,7140.25,win,10.0,20.0,2.0,23.75,-9.0
2018-03-13,2018-03-13 08:58:00,7163.5,7170.25,7150.0,7150.0,win,6.75,13.5,2.0,14.75,-0.75
2018-03-13,2018-03-13 09:04:00,7149.0,7156.75,7133.5,7133.5,win,7.75,15.5,2.0,15.5,-3.25
2018-03-14,2018-03-14 09:19:00,7065.5,7072.5,7051.5,7072.5,loss,7.0,-7.0,-1.0,9.25,-7.0
2018-03-14,2018-03-14 09:21:00,7063.75,7068.5,7054.25,7068.5,loss,4.75,-4.75,-1.0,7.5,-5.0
2018-03-14,2018-03-14 09:34:00,7069.5,7076.25,7056.0,7056.0,win,6.75,13.5,2.0,17.25,-1.25
2018-03-14,2018-03-14 09:35:00,7066.0,7071.75,7054.5,7054.5,win,5.75,11.5,2.0,13.75,0.0
2018-03-14,2018-03-14 09:36:00,7056.25,7067.0,7034.75,7067.0,loss,10.75,-10.75,-1.0,19.75,-11.75
2018-03-14,2018-03-14 09:38:00,7046.75,7055.25,7029.75,7055.25,loss,8.5,-8.5,-1.0,8.75,-8.5
2018-03-14,2018-03-14 11:01:00,7069.25,7075.25,7057.25,7075.25,loss,6.0,-6.0,-1.0,11.75,-6.0
2018-03-15,2018-03-15 10:32:00,7065.5,7075.25,7046.0,7075.25,loss,9.75,-9.75,-1.0,3.25,-14.0
2018-03-16,2018-03-16 08:42:00,7071.0,7075.75,7061.5,7075.75,loss,4.75,-4.75,-1.0,2.5,-5.0
2018-03-16,2018-03-16 08:44:00,7069.5,7074.0,7060.5,7074.0,loss,4.5,-4.5,-1.0,1.0,-5.5
2018-03-20,2018-03-20 08:50:00,6897.0,6906.0,6879.0,6906.0,loss,9.0,-9.0,-1.0,0.75,-12.75
2018-03-20,2018-03-20 09:13:00,6899.25,6904.25,6889.25,6889.25,win,5.0,10.0,2.0,10.25,-2.5
2018-03-20,2018-03-20 09:15:00,6891.75,6899.25,6876.75,6899.25,loss,7.5,-7.5,-1.0,0.75,-7.75
2018-03-20,2018-03-20 10:47:00,6896.0,6901.25,6885.5,6901.25,loss,5.25,-5.25,-1.0,0.75,-5.25
2018-03-23,2018-03-23 09:39:00,6664.0,6680.25,6631.5,6631.5,win,16.25,32.5,2.0,33.75,-1.25
2018-03-23,2018-03-23 09:40:00,6656.75,6666.25,6637.75,6637.75,win,9.5,19.0,2.0,19.25,-6.25
2018-03-23,2018-03-23 09:43:00,6650.75,6657.5,6637.25,6637.25,win,6.75,13.5,2.0,13.5,-0.75
2018-03-26,2018-03-26 08:48:00,6610.75,6619.5,6593.25,6619.5,loss,8.75,-8.75,-1.0,0.5,-13.75
2018-03-26,2018-03-26 09:00:00,6619.25,6628.5,6600.75,6600.75,win,9.25,18.5,2.0,19.0,-4.0
2018-03-26,2018-03-26 09:03:00,6607.5,6618.5,6585.5,6618.5,loss,11.0,-11.0,-1.0,1.0,-12.25
2018-03-26,2018-03-26 09:06:00,6603.5,6618.25,6574.0,6574.0,win,14.75,29.5,2.0,32.0,-0.75
2018-03-26,2018-03-26 09:07:00,6595.25,6605.25,6575.25,6575.25,win,10.0,20.0,2.0,23.75,-4.75
2018-03-26,2018-03-26 09:57:00,6617.25,6627.25,6597.25,6627.25,loss,10.0,-10.0,-1.0,19.0,-14.25
2018-03-26,2018-03-26 10:01:00,6610.5,6617.75,6596.0,6617.75,loss,7.25,-7.25,-1.0,12.25,-12.5
2018-03-26,2018-03-26 10:02:00,6604.25,6615.75,6581.25,6615.75,loss,11.5,-11.5,-1.0,6.0,-18.75
2018-03-26,2018-03-26 10:04:00,6602.0,6608.25,6589.5,6608.25,loss,6.25,-6.25,-1.0,3.75,-9.25
2018-03-26,2018-03-26 10:19:00,6625.25,6630.5,6614.75,6630.5,loss,5.25,-5.25,-1.0,0.5,-12.5
2018-03-27,2018-03-27 08:52:00,6777.0,6785.0,6761.0,6761.0,win,8.0,16.0,2.0,20.75,-4.75
2018-03-27,2018-03-27 08:54:00,6767.75,6776.0,6751.25,6776.0,loss,8.25,-8.25,-1.0,0.75,-13.75
2018-03-27,2018-03-27 09:58:00,6786.0,6792.0,6774.0,6792.0,loss,6.0,-6.0,-1.0,1.5,-6.75
2018-03-27,2018-03-27 10:03:00,6784.75,6792.0,6770.25,6792.0,loss,7.25,-7.25,-1.0,0.75,-10.0
2018-03-27,2018-03-27 10:06:00,6788.25,6796.25,6772.25,6772.25,win,8.0,16.0,2.0,16.5,-0.25
2018-03-27,2018-03-27 10:07:00,6783.0,6789.5,6770.0,6770.0,win,6.5,13.0,2.0,13.0,-1.0
2018-03-27,2018-03-27 10:08:00,6773.0,6785.0,6749.0,6749.0,win,12.0,24.0,2.0,29.25,-6.5
2018-04-03,2018-04-03 09:50:00,6410.5,6426.0,6379.5,6379.5,win,15.5,31.0,2.0,33.25,-9.0
2018-04-03,2018-04-03 09:51:00,6403.5,6412.0,6386.5,6412.0,loss,8.5,-8.5,-1.0,11.75,-9.25
2018-04-05,2018-04-05 08:41:00,6594.75,6603.0,6578.25,6603.0,loss,8.25,-8.25,-1.0,1.0,-9.0
2018-04-05,2018-04-05 08:47:00,6598.75,6608.5,6579.25,6608.5,loss,9.75,-9.75,-1.0,9.0,-12.0
2018-04-06,2018-04-06 08:46:00,6528.75,6541.0,6504.25,6541.0,loss,12.25,-12.25,-1.0,7.75,-17.5
2018-04-06,2018-04-06 08:58:00,6536.25,6544.75,6519.25,6519.25,win,8.5,17.0,2.0,17.25,-2.5
2018-04-06,2018-04-06 09:01:00,6527.5,6538.5,6505.5,6538.5,loss,11.0,-11.0,-1.0,15.0,-13.5
2018-04-06,2018-04-06 09:03:00,6516.5,6524.0,6501.5,6524.0,loss,7.5,-7.5,-1.0,4.0,-14.0
2018-04-06,2018-04-06 09:16:00,6529.5,6541.0,6506.5,6541.0,loss,11.5,-11.5,-1.0,0.25,-13.25
2018-04-06,2018-04-06 09:19:00,6531.75,6541.0,6513.25,6541.0,loss,9.25,-9.25,-1.0,3.25,-11.0
2018-04-06,2018-04-06 09:23:00,6521.25,6535.0,6493.75,6535.0,loss,13.75,-13.75,-1.0,5.5,-15.5
2018-04-06,2018-04-06 09:25:00,6519.5,6527.0,6504.5,6527.0,loss,7.5,-7.5,-1.0,1.25,-14.25
2018-04-06,2018-04-06 09:29:00,6527.75,6537.25,6508.75,6537.25,loss,9.5,-9.5,-1.0,0.25,-10.75
2018-04-06,2018-04-06 09:49:00,6536.25,6542.25,6524.25,6542.25,loss,6.0,-6.0,-1.0,4.0,-11.75
2018-04-06,2018-04-06 10:14:00,6535.75,6545.25,6516.75,6516.75,win,9.5,19.0,2.0,19.75,-3.25
2018-04-06,2018-04-06 10:20:00,6523.75,6534.5,6502.25,6534.5,loss,10.75,-10.75,-1.0,11.25,-13.0
2018-04-10,2018-04-10 09:46:00,6575.75,6595.0,6537.25,6595.0,loss,19.25,-19.25,-1.0,3.25,-23.75
2018-04-12,2018-04-12 09:53:00,6655.75,6667.0,6633.25,6667.0,loss,11.25,-11.25,-1.0,1.25,-13.0
2018-04-13,2018-04-13 09:38:00,6650.75,6661.75,6628.75,6661.75,loss,11.0,-11.0,-1.0,13.75,-13.75
2018-04-13,2018-04-13 09:39:00,6645.5,6652.25,6632.0,6652.25,loss,6.75,-6.75,-1.0,3.75,-9.25
2018-04-13,2018-04-13 09:41:00,6642.5,6651.25,6625.0,6651.25,loss,8.75,-8.75,-1.0,0.25,-12.25
2018-04-13,2018-04-13 10:07:00,6655.25,6664.25,6637.25,6664.25,loss,9.0,-9.0,-1.0,12.75,-9.5
2018-04-13,2018-04-13 10:08:00,6649.5,6656.5,6635.5,6656.5,loss,7.0,-7.0,-1.0,7.0,-8.5
2018-04-13,2018-04-13 10:31:00,6657.0,6662.5,6646.0,6646.0,win,5.5,11.0,2.0,12.5,-3.75
2018-04-30,2018-04-30 09:08:00,6690.0,6695.75,6678.5,6695.75,loss,5.75,-5.75,-1.0,2.75,-6.0
2018-04-30,2018-04-30 09:16:00,6690.5,6696.75,6678.0,6678.0,win,6.25,12.5,2.0,12.5,-0.75
2018-04-30,2018-04-30 09:17:00,6684.25,6692.25,6668.25,6668.25,win,8.0,16.0,2.0,17.75,-4.0
2018-04-30,2018-04-30 09:20:00,6681.0,6689.0,6665.0,6665.0,win,8.0,16.0,2.0,18.0,-3.5
2018-05-07,2018-05-07 08:42:00,6820.25,6828.25,6804.25,6828.25,loss,8.0,-8.0,-1.0,0.0,-9.75
2018-05-07,2018-05-07 10:58:00,6825.25,6830.0,6815.75,6830.0,loss,4.75,-4.75,-1.0,0.0,-5.0
2018-05-09,2018-05-09 08:34:00,6822.25,6828.5,6809.75,6828.5,loss,6.25,-6.25,-1.0,0.25,-9.0
2018-05-09,2018-05-09 08:51:00,6829.5,6836.25,6816.0,6816.0,win,6.75,13.5,2.0,14.25,-3.0
2018-05-09,2018-05-09 08:55:00,6815.75,6825.75,6795.75,6825.75,loss,10.0,-10.0,-1.0,7.5,-11.25
2018-05-09,2018-05-09 09:27:00,6823.25,6828.25,6813.25,6828.25,loss,5.0,-5.0,-1.0,0.0,-5.25
2018-05-14,2018-05-14 09:41:00,6992.0,6997.25,6981.5,6997.25,loss,5.25,-5.25,-1.0,6.5,-6.75
2018-05-14,2018-05-14 09:44:00,6988.25,6992.25,6980.25,6992.25,loss,4.0,-4.0,-1.0,2.75,-4.5
2018-05-14,2018-05-14 09:46:00,6985.5,6991.0,6974.5,6991.0,loss,5.5,-5.5,-1.0,0.0,-5.75
2018-05-14,2018-05-14 10:04:00,6990.5,6994.25,6983.0,6994.25,loss,3.75,-3.75,-1.0,6.0,-4.25
2018-05-14,2018-05-14 10:05:00,6986.5,6991.75,6976.0,6991.75,loss,5.25,-5.25,-1.0,2.0,-7.25
2018-05-14,2018-05-14 10:50:00,6991.25,6994.5,6984.75,6984.75,win,3.25,6.5,2.0,6.5,-1.0
2018-05-14,2018-05-14 10:54:00,6989.0,6993.25,6980.5,6980.5,win,4.25,8.5,2.0,9.0,-1.0
2018-05-14,2018-05-14 10:56:00,6985.5,6989.5,6977.5,6977.5,win,4.0,8.0,2.0,10.0,-1.25
2018-05-14,2018-05-14 10:59:00,6981.75,6985.5,6974.25,6974.25,win,3.75,7.5,2.0,8.25,-1.0
2018-05-17,2018-05-17 10:41:00,6925.5,6936.75,6903.0,6903.0,win,11.25,22.5,2.0,22.5,-1.25
2018-05-17,2018-05-17 10:42:00,6923.25,6927.75,6914.25,6914.25,win,4.5,9.0,2.0,9.25,-1.5
2018-05-17,2018-05-17 10:43:00,6920.5,6925.25,6911.0,6911.0,win,4.75,9.5,2.0,14.5,-4.25
2018-05-21,2018-05-21 09:06:00,6934.0,6938.5,6925.0,6925.0,win,4.5,9.0,2.0,12.5,-1.25
2018-05-21,2018-05-21 09:12:00,6932.0,6936.0,6924.0,6924.0,win,4.0,8.0,2.0,10.5,-0.75
2018-05-21,2018-05-21 09:15:00,6922.25,6929.25,6908.25,6908.25,win,7.0,14.0,2.0,16.5,-1.75
2018-05-21,2018-05-21 09:16:00,6917.5,6925.0,6902.5,6902.5,win,7.5,15.0,2.0,18.0,-3.0
2018-05-21,2018-05-21 09:18:00,6915.5,6920.0,6906.5,6906.5,win,4.5,9.0,2.0,9.75,-2.0
2018-05-22,2018-05-22 08:46:00,6917.0,6923.0,6905.0,6923.0,loss,6.0,-6.0,-1.0,4.25,-8.5
2018-05-22,2018-05-22 09:00:00,6917.5,6922.5,6907.5,6922.5,loss,5.0,-5.0,-1.0,1.75,-5.25
2018-05-22,2018-05-22 09:30:00,6920.25,6923.75,6913.25,6913.25,win,3.5,7.0,2.0,7.75,-2.0
2018-05-22,2018-05-22 09:32:00,6918.75,6922.75,6910.75,6910.75,win,4.0,8.0,2.0,9.5,-1.5
2018-05-22,2018-05-22 09:35:00,6916.5,6920.25,6909.0,6920.25,loss,3.75,-3.75,-1.0,1.5,-3.75
2018-05-22,2018-05-22 10:07:00,6919.0,6922.0,6913.0,6922.0,loss,3.0,-3.0,-1.0,4.5,-4.25
2018-05-22,2018-05-22 10:11:00,6915.0,6920.25,6904.5,6920.25,loss,5.25,-5.25,-1.0,0.25,-5.5
2018-05-22,2018-05-22 10:19:00,6919.5,6923.5,6911.5,6911.5,win,4.0,8.0,2.0,9.5,-1.25
2018-05-22,2018-05-22 10:21:00,6918.25,6921.0,6912.75,6912.75,win,2.75,5.5,2.0,8.25,-0.75
2018-05-22,2018-05-22 10:24:00,6911.5,6916.75,6901.0,6901.0,win,5.25,10.5,2.0,11.25,-2.25
2018-05-22,2018-05-22 10:27:00,6910.0,6914.0,6902.0,6902.0,win,4.0,8.0,2.0,8.25,-3.0
2018-05-25,2018-05-25 10:11:00,6969.0,6972.75,6961.5,6972.75,loss,3.75,-3.75,-1.0,0.5,-5.25
2018-05-25,2018-05-25 10:53:00,6970.75,6975.25,6961.75,6975.25,loss,4.5,-4.5,-1.0,0.0,-5.5
2018-05-28,2018-05-28 09:42:00,6987.0,6990.0,6981.0,6990.0,loss,3.0,-3.0,-1.0,3.5,-4.0
2018-05-28,2018-05-28 09:46:00,6984.5,6988.75,6976.0,6988.75,loss,4.25,-4.25,-1.0,1.0,-4.75
2018-05-31,2018-05-31 08:38:00,6985.75,6992.25,6972.75,6972.75,win,6.5,13.0,2.0,16.25,-4.25
2018-05-31,2018-05-31 10:41:00,6989.25,6998.25,6971.25,6998.25,loss,9.0,-9.0,-1.0,0.0,-10.0
2018-06-04,2018-06-04 08:34:00,7106.75,7111.5,7097.25,7111.5,loss,4.75,-4.75,-1.0,1.25,-6.5
2018-06-05,2018-06-05 09:10:00,7153.25,7159.0,7141.75,7159.0,loss,5.75,-5.75,-1.0,1.0,-5.75
2018-06-05,2018-06-05 09:35:00,7150.75,7156.75,7138.75,7156.75,loss,6.0,-6.0,-1.0,11.0,-6.75
2018-06-05,2018-06-05 09:41:00,7148.25,7155.0,7134.75,7155.0,loss,6.75,-6.75,-1.0,8.5,-7.25
2018-06-05,2018-06-05 09:42:00,7144.0,7150.25,7131.5,7150.25,loss,6.25,-6.25,-1.0,4.25,-7.5
2018-06-05,2018-06-05 09:45:00,7140.0,7146.25,7127.5,7146.25,loss,6.25,-6.25,-1.0,0.25,-11.5
2018-06-05,2018-06-05 10:01:00,7151.5,7155.25,7144.0,7144.0,win,3.75,7.5,2.0,7.75,-2.25
2018-06-05,2018-06-05 10:04:00,7145.25,7153.0,7129.75,7153.0,loss,7.75,-7.75,-1.0,4.75,-7.75
2018-06-05,2018-06-05 10:06:00,7142.5,7152.5,7122.5,7152.5,loss,10.0,-10.0,-1.0,0.0,-10.5
2018-06-05,2018-06-05 10:23:00,7144.5,7151.5,7130.5,7151.5,loss,7.0,-7.0,-1.0,3.75,-7.0
2018-06-05,2018-06-05 10:49:00,7150.0,7154.0,7142.0,7154.0,loss,4.0,-4.0,-1.0,0.75,-4.75
2018-06-11,2018-06-11 08:42:00,7171.25,7176.5,7160.75,7176.5,loss,5.25,-5.25,-1.0,0.75,-5.5
2018-06-11,2018-06-11 08:48:00,7174.5,7179.0,7165.5,7179.0,loss,4.5,-4.5,-1.0,1.75,-5.0
2018-06-11,2018-06-11 08:54:00,7176.25,7182.0,7164.75,7182.0,loss,5.75,-5.75,-1.0,0.5,-7.0
2018-06-26,2018-06-26 08:38:00,7073.0,7083.75,7051.5,7083.75,loss,10.75,-10.75,-1.0,13.25,-11.5
2018-06-26,2018-06-26 08:46:00,7070.5,7079.75,7052.0,7079.75,loss,9.25,-9.25,-1.0,10.75,-14.0
2018-06-26,2018-06-26 08:48:00,7062.75,7073.5,7041.25,7073.5,loss,10.75,-10.75,-1.0,1.25,-11.25
2018-06-26,2018-06-26 09:01:00,7073.0,7084.75,7049.5,7084.75,loss,11.75,-11.75,-1.0,0.0,-14.0
2018-06-26,2018-06-26 09:30:00,7076.5,7082.0,7065.5,7082.0,loss,5.5,-5.5,-1.0,6.0,-7.0
2018-06-26,2018-06-26 09:31:00,7072.0,7081.0,7054.0,7081.0,loss,9.0,-9.0,-1.0,1.5,-11.5
2018-06-26,2018-06-26 09:43:00,7082.75,7088.75,7070.75,7088.75,loss,6.0,-6.0,-1.0,5.75,-6.0
2018-06-26,2018-06-26 09:44:00,7078.0,7083.75,7066.5,7083.75,loss,5.75,-5.75,-1.0,0.25,-5.75
2018-06-26,2018-06-26 09:49:00,7079.25,7084.0,7069.75,7084.0,loss,4.75,-4.75,-1.0,2.25,-7.5
2018-06-26,2018-06-26 09:55:00,7082.75,7088.0,7072.25,7088.0,loss,5.25,-5.25,-1.0,1.0,-5.75
2018-06-27,2018-06-27 09:27:00,7103.0,7109.75,7089.5,7109.75,loss,6.75,-6.75,-1.0,11.75,-6.75
2018-06-27,2018-06-27 09:29:00,7098.25,7108.5,7077.75,7108.5,loss,10.25,-10.25,-1.0,7.0,-11.5
2018-06-29,2018-06-29 09:55:00,7092.0,7096.0,7084.0,7096.0,loss,4.0,-4.0,-1.0,6.75,-4.25
2018-06-29,2018-06-29 09:56:00,7087.75,7094.25,7074.75,7094.25,loss,6.5,-6.5,-1.0,2.5,-6.75
2018-06-29,2018-06-29 10:31:00,7093.75,7098.25,7084.75,7084.75,win,4.5,9.0,2.0,9.0,-1.75
2018-06-29,2018-06-29 10:33:00,7092.25,7096.5,7083.75,7083.75,win,4.25,8.5,2.0,14.0,-3.75
2018-06-29,2018-06-29 10:34:00,7087.75,7094.5,7074.25,7094.5,loss,6.75,-6.75,-1.0,0.5,-7.25
2018-07-03,2018-07-03 08:46:00,7115.5,7120.0,7106.5,7106.5,win,4.5,9.0,2.0,13.75,0.0
2018-07-03,2018-07-03 08:47:00,7104.75,7116.5,7081.25,7081.25,win,11.75,23.5,2.0,23.75,-7.0
2018-07-05,2018-07-05 08:54:00,7046.0,7056.25,7025.5,7056.25,loss,10.25,-10.25,-1.0,3.75,-11.25
2018-07-05,2018-07-05 09:08:00,7049.0,7055.0,7037.0,7055.0,loss,6.0,-6.0,-1.0,3.0,-9.25
2018-07-09,2018-07-09 09:31:00,7257.75,7266.0,7241.25,7266.0,loss,8.25,-8.25,-1.0,3.25,-9.0
2018-07-10,2018-07-10 08:53:00,7304.0,7308.75,7294.5,7308.75,loss,4.75,-4.75,-1.0,0.5,-4.75
2018-07-10,2018-07-10 09:13:00,7305.0,7311.0,7293.0,7311.0,loss,6.0,-6.0,-1.0,7.75,-6.5
2018-07-10,2018-07-10 09:15:00,7303.25,7307.5,7294.75,7307.5,loss,4.25,-4.25,-1.0,0.5,-5.75
2018-07-11,2018-07-11 09:31:00,7249.75,7257.5,7234.25,7257.5,loss,7.75,-7.75,-1.0,1.5,-11.75
2018-07-11,2018-07-11 09:44:00,7255.0,7262.0,7241.0,7262.0,loss,7.0,-7.0,-1.0,9.25,-7.75
2018-07-11,2018-07-11 10:00:00,7254.5,7262.0,7239.5,7262.0,loss,7.5,-7.5,-1.0,11.0,-7.5
2018-07-24,2018-07-24 09:06:00,7442.5,7450.75,7426.0,7426.0,win,8.25,16.5,2.0,18.0,-7.5
2018-07-24,2018-07-24 09:11:00,7436.75,7443.25,7423.75,7443.25,loss,6.5,-6.5,-1.0,3.75,-7.25
2018-07-24,2018-07-24 09:32:00,7443.5,7447.75,7435.0,7435.0,win,4.25,8.5,2.0,9.0,-1.0
2018-07-24,2018-07-24 09:33:00,7440.75,7445.5,7431.25,7431.25,win,4.75,9.5,2.0,10.25,-3.0
2018-07-24,2018-07-24 09:48:00,7432.0,7440.75,7414.5,7440.75,loss,8.75,-8.75,-1.0,9.75,-9.75
2018-07-24,2018-07-24 09:49:00,7426.25,7434.25,7410.25,7434.25,loss,8.0,-8.0,-1.0,4.0,-9.5
2018-07-24,2018-07-24 09:51:00,7424.0,7431.5,7409.0,7431.5,loss,7.5,-7.5,-1.0,1.75,-8.75
2018-07-24,2018-07-24 10:28:00,7429.0,7436.0,7415.0,7436.0,loss,7.0,-7.0,-1.0,0.75,-7.25
2018-07-24,2018-07-24 10:36:00,7432.0,7435.75,7424.5,7435.75,loss,3.75,-3.75,-1.0,0.0,-3.75
2018-07-24,2018-07-24 10:41:00,7429.0,7437.0,7413.0,7413.0,win,8.0,16.0,2.0,16.75,-0.75
2018-07-24,2018-07-24 10:44:00,7417.75,7428.0,7397.25,7397.25,win,10.25,20.5,2.0,21.25,-2.25
2018-07-24,2018-07-24 10:46:00,7412.5,7417.5,7402.5,7402.5,win,5.0,10.0,2.0,11.0,-3.5
2018-07-26,2018-07-26 10:25:00,7420.0,7425.75,7408.5,7408.5,win,5.75,11.5,2.0,16.0,-3.75
2018-07-31,2018-07-31 08:43:00,7214.25,7220.25,7202.25,7220.25,loss,6.0,-6.0,-1.0,1.5,-11.25
2018-07-31,2018-07-31 08:48:00,7218.25,7225.75,7203.25,7225.75,loss,7.5,-7.5,-1.0,1.5,-8.5
2018-07-31,2018-07-31 08:54:00,7222.25,7227.5,7211.75,7227.5,loss,5.25,-5.25,-1.0,4.75,-6.5
2018-08-01,2018-08-01 09:34:00,7271.25,7277.75,7258.25,7258.25,win,6.5,13.0,2.0,13.0,-2.5
2018-08-03,2018-08-03 08:46:00,7387.0,7394.5,7372.0,7372.0,win,7.5,15.0,2.0,15.25,-5.25
2018-08-03,2018-08-03 08:51:00,7387.0,7393.0,7375.0,7375.0,win,6.0,12.0,2.0,12.5,-1.25
2018-08-03,2018-08-03 08:53:00,7377.25,7385.0,7361.75,7385.0,loss,7.75,-7.75,-1.0,5.0,-8.75
2018-08-07,2018-08-07 08:53:00,7460.25,7465.75,7449.25,7465.75,loss,5.5,-5.5,-1.0,9.75,-6.5
2018-08-07,2018-08-07 09:01:00,7451.5,7460.75,7433.0,7460.75,loss,9.25,-9.25,-1.0,0.5,-11.0
2018-08-07,2018-08-07 09:11:00,7462.0,7467.75,7450.5,7467.75,loss,5.75,-5.75,-1.0,10.75,-6.5
2018-08-07,2018-08-07 09:16:00,7459.5,7465.25,7448.0,7465.25,loss,5.75,-5.75,-1.0,8.25,-8.0
2018-08-07,2018-08-07 09:19:00,7461.0,7464.75,7453.5,7453.5,win,3.75,7.5,2.0,8.5,-0.75
2018-08-07,2018-08-07 09:23:00,7456.75,7461.0,7448.25,7461.0,loss,4.25,-4.25,-1.0,5.5,-6.0
2018-08-07,2018-08-07 09:26:00,7455.25,7459.25,7447.25,7459.25,loss,4.0,-4.0,-1.0,4.0,-4.0
2018-08-07,2018-08-07 09:47:00,7457.75,7462.0,7449.25,7462.0,loss,4.25,-4.25,-1.0,0.25,-4.25
2018-08-07,2018-08-07 09:50:00,7459.5,7464.5,7449.5,7464.5,loss,5.0,-5.0,-1.0,0.25,-5.5
2018-08-07,2018-08-07 09:57:00,7459.75,7464.5,7450.25,7464.5,loss,4.75,-4.75,-1.0,0.25,-5.25
2018-08-08,2018-08-08 10:03:00,7467.25,7472.0,7457.75,7472.0,loss,4.75,-4.75,-1.0,1.75,-4.75
2018-08-09,2018-08-09 09:51:00,7478.75,7484.5,7467.25,7484.5,loss,5.75,-5.75,-1.0,0.0,-6.25
2018-08-13,2018-08-13 09:37:00,7427.25,7433.5,7414.75,7433.5,loss,6.25,-6.25,-1.0,2.0,-8.5
2018-08-13,2018-08-13 09:53:00,7421.0,7429.75,7403.5,7429.75,loss,8.75,-8.75,-1.0,1.25,-8.75
2018-08-13,2018-08-13 09:56:00,7420.75,7429.5,7403.25,7429.5,loss,8.75,-8.75,-1.0,0.25,-9.0
2018-08-13,2018-08-13 09:59:00,7424.75,7429.75,7414.75,7429.75,loss,5.0,-5.0,-1.0,4.25,-6.5
2018-08-13,2018-08-13 10:24:00,7425.0,7430.75,7413.5,7413.5,win,5.75,11.5,2.0,11.75,-0.75
2018-08-13,2018-08-13 10:25:00,7420.75,7426.75,7408.75,7426.75,loss,6.0,-6.0,-1.0,9.5,-6.5
2018-08-13,2018-08-13 10:26:00,7417.5,7423.25,7406.0,7423.25,loss,5.75,-5.75,-1.0,6.25,-6.75
2018-08-13,2018-08-13 10:28:00,7414.5,7420.5,7402.5,7420.5,loss,6.0,-6.0,-1.0,3.25,-7.75
2018-08-13,2018-08-13 10:47:00,7419.25,7424.5,7408.75,7424.5,loss,5.25,-5.25,-1.0,3.75,-5.5
2018-08-13,2018-08-13 10:49:00,7416.75,7422.5,7405.25,7422.5,loss,5.75,-5.75,-1.0,1.25,-8.0
2018-08-13,2018-08-13 10:53:00,7420.75,7428.0,7406.25,7406.25,win,7.25,14.5,2.0,14.5,-4.25
2018-08-13,2018-08-13 10:58:00,7420.5,7425.0,7411.5,7411.5,win,4.5,9.0,2.0,11.75,-2.5
2018-08-21,2018-08-21 09:16:00,7412.25,7417.0,7402.75,7417.0,loss,4.75,-4.75,-1.0,3.5,-5.0
2018-08-23,2018-08-23 09:09:00,7444.25,7450.0,7432.75,7432.75,win,5.75,11.5,2.0,14.25,-4.5
2018-08-23,2018-08-23 09:16:00,7437.5,7442.5,7427.5,7427.5,win,5.0,10.0,2.0,18.5,-2.0
2018-08-23,2018-08-23 09:19:00,7431.0,7437.5,7418.0,7418.0,win,6.5,13.0,2.0,15.5,-0.25
2018-08-23,2018-08-23 09:20:00,7420.5,7432.25,7397.0,7432.25,loss,11.75,-11.75,-1.0,5.0,-12.25
2018-08-23,2018-08-23 10:35:00,7440.25,7443.75,7433.25,7443.75,loss,3.5,-3.5,-1.0,2.0,-4.75
2018-08-28,2018-08-28 08:47:00,7576.5,7583.0,7563.5,7583.0,loss,6.5,-6.5,-1.0,7.5,-7.75
2018-08-28,2018-08-28 08:48:00,7573.25,7578.5,7562.75,7578.5,loss,5.25,-5.25,-1.0,4.25,-5.5
2018-08-28,2018-08-28 08:50:00,7570.25,7574.5,7561.75,7574.5,loss,4.25,-4.25,-1.0,0.25,-7.25
2018-08-28,2018-08-28 09:14:00,7580.5,7584.0,7573.5,7584.0,loss,3.5,-3.5,-1.0,4.0,-3.5
2018-08-28,2018-08-28 09:31:00,7580.25,7584.5,7571.75,7571.75,win,4.25,8.5,2.0,8.75,-0.5
2018-08-28,2018-08-28 09:32:00,7578.5,7581.75,7572.0,7572.0,win,3.25,6.5,2.0,7.0,-1.75
2018-08-28,2018-08-28 09:35:00,7572.75,7577.0,7564.25,7564.25,win,4.25,8.5,2.0,8.5,-2.75
2018-08-28,2018-08-28 09:36:00,7568.75,7574.5,7557.25,7574.5,loss,5.75,-5.75,-1.0,3.0,-6.75
2018-08-28,2018-08-28 10:37:00,7579.0,7583.0,7571.0,7583.0,loss,4.0,-4.0,-1.0,1.0,-4.5
2018-08-28,2018-08-28 11:01:00,7580.0,7583.0,7574.0,7583.0,loss,3.0,-3.0,-1.0,3.25,-3.25
2018-08-31,2018-08-31 09:29:00,7660.75,7663.75,7654.75,7663.75,loss,3.0,-3.0,-1.0,4.5,-3.0
2018-08-31,2018-08-31 09:30:00,7658.75,7663.0,7650.25,7663.0,loss,4.25,-4.25,-1.0,0.75,-4.75
2018-08-31,2018-08-31 09:35:00,7657.5,7662.75,7647.0,7662.75,loss,5.25,-5.25,-1.0,1.25,-6.25
2018-08-31,2018-08-31 09:42:00,7659.25,7664.25,7649.25,7649.25,win,5.0,10.0,2.0,10.5,-0.25
2018-08-31,2018-08-31 09:43:00,7653.25,7660.5,7638.75,7653.0,win,7.25,0.25,0.03,10.75,-5.25
2018-09-07,2018-09-07 10:09:00,7443.75,7460.5,7410.25,7460.5,loss,16.75,-16.75,-1.0,15.25,-17.25
2018-09-07,2018-09-07 10:10:00,7432.5,7444.75,7408.0,7444.75,loss,12.25,-12.25,-1.0,4.0,-16.0
2018-09-07,2018-09-07 10:16:00,7445.75,7453.25,7430.75,7453.25,loss,7.5,-7.5,-1.0,13.25,-8.75
2018-09-10,2018-09-10 10:03:00,7445.5,7451.0,7434.5,7451.0,loss,5.5,-5.5,-1.0,4.5,-6.5
2018-09-10,2018-09-10 10:06:00,7442.0,7446.25,7433.5,7446.25,loss,4.25,-4.25,-1.0,0.75,-5.25
2018-09-10,2018-09-10 10:20:00,7439.25,7448.25,7421.25,7448.25,loss,9.0,-9.0,-1.0,5.5,-9.75
2018-09-10,2018-09-10 10:21:00,7435.25,7441.25,7423.25,7441.25,loss,6.0,-6.0,-1.0,1.5,-7.75
2018-09-10,2018-09-10 10:38:00,7440.25,7444.75,7431.25,7444.75,loss,4.5,-4.5,-1.0,6.25,-5.0
2018-09-10,2018-09-10 10:40:00,7437.75,7441.75,7429.75,7441.75,loss,4.0,-4.0,-1.0,3.75,-4.25
2018-09-13,2018-09-13 08:42:00,7539.0,7544.5,7528.0,7544.5,loss,5.5,-5.5,-1.0,6.25,-7.75
2018-09-13,2018-09-13 08:43:00,7534.5,7544.25,7515.0,7544.25,loss,9.75,-9.75,-1.0,1.75,-9.75
2018-09-14,2018-09-14 08:50:00,7600.0,7607.0,7586.0,7607.0,loss,7.0,-7.0,-1.0,5.75,-7.0
2018-09-14,2018-09-14 09:01:00,7596.5,7604.75,7580.0,7604.75,loss,8.25,-8.25,-1.0,1.0,-9.75
2018-09-14,2018-09-14 09:12:00,7596.0,7602.5,7583.0,7583.0,win,6.5,13.0,2.0,31.25,-2.75
2018-09-14,2018-09-14 09:13:00,7590.5,7598.25,7575.0,7598.25,loss,7.75,-7.75,-1.0,2.75,-8.0
2018-09-14,2018-09-14 09:27:00,7594.5,7599.75,7584.0,7584.0,win,5.25,10.5,2.0,29.75,-4.25
2018-09-28,2018-09-28 10:47:00,7643.0,7649.25,7630.5,7649.25,loss,6.25,-6.25,-1.0,8.75,-6.25
2018-09-28,2018-09-28 10:49:00,7635.5,7643.5,7619.5,7643.5,loss,8.0,-8.0,-1.0,1.25,-9.75
2018-10-01,2018-10-01 09:02:00,7712.5,7717.25,7703.0,7717.25,loss,4.75,-4.75,-1.0,1.25,-5.0
2018-10-01,2018-10-01 10:46:00,7683.5,7689.5,7671.5,7689.5,loss,6.0,-6.0,-1.0,1.0,-8.75
2018-10-03,2018-10-03 09:01:00,7665.75,7678.5,7640.25,7678.5,loss,12.75,-12.75,-1.0,2.25,-13.75
2018-10-03,2018-10-03 09:36:00,7674.75,7684.0,7656.25,7684.0,loss,9.25,-9.25,-1.0,5.75,-10.25
2018-10-03,2018-10-03 09:40:00,7673.25,7678.75,7662.25,7678.75,loss,5.5,-5.5,-1.0,4.25,-9.75
2018-10-09,2018-10-09 10:45:00,7392.25,7400.75,7375.25,7375.25,win,8.5,17.0,2.0,21.5,-7.5
2018-10-09,2018-10-09 10:46:00,7385.25,7400.75,7354.25,7400.75,loss,15.5,-15.5,-1.0,15.5,-17.25
2018-10-11,2018-10-11 08:50:00,7031.0,7054.25,6984.5,6984.5,win,23.25,46.5,2.0,50.75,-22.25
2018-10-11,2018-10-11 09:00:00,7030.75,7047.75,6996.75,6996.75,win,17.0,34.0,2.0,50.5,-1.75
2018-10-11,2018-10-11 09:05:00,6987.5,7016.0,6930.5,7016.0,loss,28.5,-28.5,-1.0,1.75,-32.5
2018-10-12,2018-10-12 09:36:00,7134.75,7146.25,7111.75,7111.75,win,11.5,23.0,2.0,30.75,-1.0
2018-10-12,2018-10-12 09:37:00,7128.5,7136.75,7112.0,7112.0,win,8.25,16.5,2.0,24.5,-7.25
2018-10-12,2018-10-12 09:42:00,7114.25,7126.5,7089.75,7089.75,win,12.25,24.5,2.0,28.75,-0.5
2018-10-12,2018-10-12 09:43:00,7104.0,7115.75,7080.5,7115.75,loss,11.75,-11.75,-1.0,18.5,-12.75
2018-10-19,2018-10-19 09:30:00,7185.0,7192.5,7170.0,7170.0,win,7.5,15.0,2.0,15.25,-6.75
2018-10-19,2018-10-19 09:33:00,7179.5,7189.0,7160.5,7160.5,win,9.5,19.0,2.0,19.5,-7.25
2018-10-19,2018-10-19 09:37:00,7170.0,7178.75,7152.5,7178.75,loss,8.75,-8.75,-1.0,0.5,-11.0
2018-10-29,2018-10-29 08:35:00,6945.75,6956.25,6924.75,6924.75,win,10.5,21.0,2.0,21.5,-1.25
2018-10-29,2018-10-29 08:36:00,6934.25,6948.0,6906.75,6906.75,win,13.75,27.5,2.0,28.0,-4.75
2018-10-29,2018-10-29 08:38:00,6927.75,6938.5,6906.25,6938.5,loss,10.75,-10.75,-1.0,5.75,-11.25
2018-11-06,2018-11-06 10:02:00,6967.75,6981.0,6941.25,6981.0,loss,13.25,-13.25,-1.0,6.25,-14.25
2018-11-08,2018-11-08 08:34:00,7165.5,7183.0,7130.5,7183.0,loss,17.5,-17.5,-1.0,12.0,-17.5
2018-11-08,2018-11-08 09:12:00,7176.5,7187.75,7154.0,7187.75,loss,11.25,-11.25,-1.0,11.5,-12.0
2018-11-08,2018-11-08 09:15:00,7169.75,7176.0,7157.25,7176.0,loss,6.25,-6.25,-1.0,4.75,-6.25
2018-11-08,2018-11-08 09:45:00,7170.5,7185.75,7140.0,7185.75,loss,15.25,-15.25,-1.0,5.0,-15.25
2018-11-08,2018-11-08 10:45:00,7179.75,7186.25,7166.75,7186.25,loss,6.5,-6.5,-1.0,1.25,-7.75
2018-11-13,2018-11-13 08:53:00,6877.25,6889.0,6853.75,6889.0,loss,11.75,-11.75,-1.0,3.25,-13.25
2018-11-13,2018-11-13 08:57:00,6868.5,6881.25,6843.0,6843.0,win,12.75,25.5,2.0,25.5,-4.5
2018-11-13,2018-11-13 09:01:00,6850.5,6862.5,6826.5,6862.5,loss,12.0,-12.0,-1.0,16.0,-13.75
2018-11-13,2018-11-13 09:21:00,6873.0,6887.75,6843.5,6843.5,win,14.75,29.5,2.0,29.75,-0.5
2018-11-13,2018-11-13 09:22:00,6861.75,6874.5,6836.25,6874.5,loss,12.75,-12.75,-1.0,25.25,-15.0
2018-11-16,2018-11-16 10:22:00,6846.5,6855.0,6829.5,6855.0,loss,8.5,-8.5,-1.0,1.25,-8.75
2018-11-16,2018-11-16 10:33:00,6849.0,6859.0,6829.0,6829.0,win,10.0,20.0,2.0,21.75,-7.25
2018-11-16,2018-11-16 10:42:00,6839.25,6849.25,6819.25,6849.25,loss,10.0,-10.0,-1.0,18.75,-13.25
2018-11-21,2018-11-21 09:12:00,6594.75,6611.75,6560.75,6611.75,loss,17.0,-17.0,-1.0,4.25,-24.75
2018-11-21,2018-11-21 09:44:00,6599.0,6608.0,6581.0,6608.0,loss,9.0,-9.0,-1.0,7.0,-10.5
2018-11-23,2018-11-23 10:52:00,6554.5,6563.0,6537.5,6563.0,loss,8.5,-8.5,-1.0,14.5,-9.25
2018-11-23,2018-11-23 10:55:00,6554.5,6561.75,6540.0,6540.0,win,7.25,14.5,2.0,14.5,-0.5
2018-11-23,2018-11-23 10:58:00,6548.0,6552.75,6538.5,6552.75,loss,4.75,-4.75,-1.0,8.0,-7.0
2018-11-26,2018-11-26 10:36:00,6626.5,6637.25,6605.0,6637.25,loss,10.75,-10.75,-1.0,8.25,-11.5
2018-11-27,2018-11-27 08:38:00,6640.5,6663.5,6594.5,6663.5,loss,23.0,-23.0,-1.0,27.25,-27.75
2018-11-27,2018-11-27 08:39:00,6633.75,6643.5,6614.25,6614.25,win,9.75,19.5,2.0,20.5,-8.75
2018-11-28,2018-11-28 09:08:00,6741.5,6751.25,6722.0,6722.0,win,9.75,19.5,2.0,19.5,-6.0
2018-11-28,2018-11-28 09:31:00,6728.5,6738.25,6709.0,6738.25,loss,9.75,-9.75,-1.0,12.0,-12.0
2018-11-28,2018-11-28 09:32:00,6723.75,6730.0,6711.25,6730.0,loss,6.25,-6.25,-1.0,2.75,-8.0
2018-11-28,2018-11-28 09:38:00,6725.5,6734.75,6707.0,6734.75,loss,9.25,-9.25,-1.0,9.0,-11.25
2018-11-28,2018-11-28 10:16:00,6732.25,6741.25,6714.25,6741.25,loss,9.0,-9.0,-1.0,10.75,-9.25
2018-11-28,2018-11-28 10:41:00,6733.5,6738.25,6724.0,6738.25,loss,4.75,-4.75,-1.0,2.5,-8.0
2018-11-28,2018-11-28 10:58:00,6733.5,6743.25,6714.0,6743.25,loss,9.75,-9.75,-1.0,0.5,-13.75
2018-11-29,2018-11-29 08:35:00,6890.0,6903.5,6863.0,6903.5,loss,13.5,-13.5,-1.0,15.0,-13.75
2018-11-29,2018-11-29 08:41:00,6881.75,6897.5,6850.25,6897.5,loss,15.75,-15.75,-1.0,2.5,-17.75
2018-11-29,2018-11-29 08:46:00,6888.25,6897.75,6869.25,6897.75,loss,9.5,-9.5,-1.0,13.25,-12.75
2018-11-29,2018-11-29 08:48:00,6883.75,6895.75,6859.75,6895.75,loss,12.0,-12.0,-1.0,8.75,-12.5
2018-11-29,2018-11-29 09:02:00,6890.5,6901.0,6869.5,6869.5,win,10.5,21.0,2.0,21.5,-7.25
2018-11-29,2018-11-29 09:03:00,6884.0,6895.25,6861.5,6895.25,loss,11.25,-11.25,-1.0,2.75,-13.75
2018-11-29,2018-11-29 09:07:00,6882.5,6891.75,6864.0,6891.75,loss,9.25,-9.25,-1.0,0.75,-15.25
2018-12-06,2018-12-06 08:53:00,6676.5,6695.5,6638.5,6695.5,loss,19.0,-19.0,-1.0,23.75,-24.25
2018-12-06,2018-12-06 08:55:00,6656.5,6672.75,6624.0,6672.75,loss,16.25,-16.25,-1.0,3.75,-18.75
2018-12-06,2018-12-06 09:49:00,6685.25,6708.25,6639.25,6639.25,win,23.0,46.0,2.0,46.25,-14.5
2018-12-06,2018-12-06 09:56:00,6686.75,6698.5,6663.25,6663.25,win,11.75,23.5,2.0,26.0,-0.75
2018-12-06,2018-12-06 09:57:00,6677.0,6688.5,6654.0,6654.0,win,11.5,23.0,2.0,25.5,-10.0
2018-12-07,2018-12-07 08:51:00,6814.0,6823.5,6795.0,6823.5,loss,9.5,-9.5,-1.0,2.5,-14.75
2018-12-10,2018-12-10 08:53:00,6602.75,6621.0,6566.25,6621.0,loss,18.25,-18.25,-1.0,20.75,-22.25
2018-12-10,2018-12-10 08:54:00,6587.0,6605.5,6550.0,6605.5,loss,18.5,-18.5,-1.0,5.0,-19.5
2018-12-10,2018-12-10 09:40:00,6592.25,6611.0,6554.75,6611.0,loss,18.75,-18.75,-1.0,13.0,-21.25
2018-12-10,2018-12-10 09:50:00,6602.5,6615.0,6577.5,6615.0,loss,12.5,-12.5,-1.0,3.25,-16.25
2018-12-10,2018-12-10 09:53:00,6594.5,6609.0,6565.5,6565.5,win,14.5,29.0,2.0,34.25,-1.75
2018-12-10,2018-12-10 09:55:00,6575.25,6593.75,6538.25,6593.75,loss,18.5,-18.5,-1.0,1.0,-21.0
2018-12-10,2018-12-10 10:54:00,6598.75,6610.25,6575.75,6610.25,loss,11.5,-11.5,-1.0,1.25,-13.0
2018-12-10,2018-12-10 10:58:00,6591.25,6604.25,6565.25,6565.25,win,13.0,26.0,2.0,27.25,0.0
2018-12-10,2018-12-10 10:59:00,6582.75,6592.25,6563.75,6592.25,loss,9.5,-9.5,-1.0,18.75,-15.25
2018-12-13,2018-12-13 08:47:00,6802.25,6815.25,6776.25,6815.25,loss,13.0,-13.0,-1.0,23.0,-16.25
2018-12-13,2018-12-13 08:52:00,6797.25,6811.25,6769.25,6811.25,loss,14.0,-14.0,-1.0,18.0,-21.25
2018-12-13,2018-12-13 09:30:00,6802.75,6813.25,6781.75,6781.75,win,10.5,21.0,2.0,21.0,-2.0
2018-12-13,2018-12-13 09:31:00,6796.25,6805.5,6777.75,6777.75,win,9.25,18.5,2.0,19.75,-8.5
2018-12-13,2018-12-13 09:34:00,6798.5,6805.5,6784.5,6784.5,win,7.0,14.0,2.0,16.75,-2.25
2018-12-13,2018-12-13 09:35:00,6790.5,6800.75,6770.0,6800.75,loss,10.25,-10.25,-1.0,0.5,-10.25
2018-12-14,2018-12-14 10:25:00,6701.5,6712.25,6680.0,6712.25,loss,10.75,-10.75,-1.0,4.5,-13.5
2018-12-18,2018-12-18 08:39:00,6510.5,6524.75,6482.0,6524.75,loss,14.25,-14.25,-1.0,2.75,-22.5
2018-12-18,2018-12-18 09:22:00,6519.0,6531.5,6494.0,6531.5,loss,12.5,-12.5,-1.0,1.25,-18.0
2018-12-18,2018-12-18 10:44:00,6523.75,6530.75,6509.75,6530.75,loss,7.0,-7.0,-1.0,5.5,-9.25
2018-12-18,2018-12-18 10:59:00,6523.25,6530.75,6508.25,6530.75,loss,7.5,-7.5,-1.0,4.25,-11.75
2018-12-24,2018-12-24 08:36:00,6030.75,6067.75,5956.75,5956.75,win,37.0,74.0,2.0,77.5,-9.5
2018-12-24,2018-12-24 08:37:00,6019.0,6041.25,5974.5,5974.5,win,22.25,44.5,2.0,58.5,-14.5
2018-12-24,2018-12-24 08:43:00,6006.75,6024.0,5972.25,5972.25,win,17.25,34.5,2.0,46.25,-1.25
2018-12-24,2018-12-24 10:05:00,6026.25,6041.75,5995.25,6041.75,loss,15.5,-15.5,-1.0,5.75,-16.5
2018-12-24,2018-12-24 10:11:00,6020.25,6033.0,5994.75,6033.0,loss,12.75,-12.75,-1.0,7.25,-19.25
2018-12-27,2018-12-27 08:48:00,6176.25,6191.75,6145.25,6191.75,loss,15.5,-15.5,-1.0,29.5,-18.5
2018-12-27,2018-12-27 08:49:00,6159.5,6178.0,6122.5,6178.0,loss,18.5,-18.5,-1.0,12.75,-29.25
2018-12-28,2018-12-28 08:33:00,6320.75,6339.75,6282.75,6339.75,loss,19.0,-19.0,-1.0,35.75,-19.25
2018-12-28,2018-12-28 08:34:00,6313.25,6323.0,6293.75,6293.75,win,9.75,19.5,2.0,19.75,-0.5
2018-12-28,2018-12-28 08:35:00,6305.5,6314.75,6287.0,6287.0,win,9.25,18.5,2.0,20.5,-1.75
2018-12-28,2018-12-28 08:36:00,6296.5,6308.25,6273.0,6308.25,loss,11.75,-11.75,-1.0,11.5,-14.5
2018-12-28,2018-12-28 08:51:00,6315.5,6328.0,6290.5,6328.0,loss,12.5,-12.5,-1.0,15.0,-18.25
2018-12-31,2018-12-31 08:46:00,6355.25,6369.5,6326.75,6326.75,win,14.25,28.5,2.0,29.25,-5.5
2018-12-31,2018-12-31 08:51:00,6345.25,6355.75,6324.25,6355.75,loss,10.5,-10.5,-1.0,15.5,-12.0
2018-12-31,2018-12-31 08:52:00,6338.25,6346.75,6321.25,6346.75,loss,8.5,-8.5,-1.0,8.5,-8.5
2019-01-03,2019-01-03 09:01:00,6232.25,6252.25,6192.25,6192.25,win,20.0,40.0,2.0,46.25,-10.0
2019-01-07,2019-01-07 08:32:00,6431.0,6447.5,6398.0,6447.5,loss,16.5,-16.5,-1.0,2.25,-22.5
2019-01-07,2019-01-07 08:36:00,6431.25,6447.75,6398.25,6447.75,loss,16.5,-16.5,-1.0,6.25,-17.25
2019-01-07,2019-01-07 08:38:00,6431.0,6442.0,6409.0,6442.0,loss,11.0,-11.0,-1.0,3.75,-12.25
2019-01-07,2019-01-07 08:52:00,6431.25,6445.5,6402.75,6445.5,loss,14.25,-14.25,-1.0,9.0,-18.75
2019-01-07,2019-01-07 08:54:00,6427.75,6439.5,6404.25,6439.5,loss,11.75,-11.75,-1.0,5.5,-12.5
2019-01-07,2019-01-07 09:11:00,6434.0,6446.25,6409.5,6446.25,loss,12.25,-12.25,-1.0,8.0,-14.25
2019-01-08,2019-01-08 08:52:00,6544.25,6556.25,6520.25,6556.25,loss,12.0,-12.0,-1.0,8.25,-12.0
2019-01-08,2019-01-08 09:14:00,6533.0,6543.0,6513.0,6513.0,win,10.0,20.0,2.0,24.25,-1.0
2019-01-08,2019-01-08 09:18:00,6516.25,6528.75,6491.25,6491.25,win,12.5,25.0,2.0,28.5,-9.75
2019-01-08,2019-01-08 09:20:00,6510.25,6519.0,6492.75,6519.0,loss,8.75,-8.75,-1.0,0.25,-9.25
2019-01-09,2019-01-09 08:31:00,6581.75,6593.25,6558.75,6593.25,loss,11.5,-11.5,-1.0,12.75,-15.25
2019-01-09,2019-01-09 08:32:00,6574.75,6586.75,6550.75,6586.75,loss,12.0,-12.0,-1.0,5.75,-14.25
2019-01-09,2019-01-09 08:47:00,6575.75,6597.25,6532.75,6597.25,loss,21.5,-21.5,-1.0,1.75,-26.75
2019-01-09,2019-01-09 09:07:00,6586.0,6611.5,6535.0,6611.5,loss,25.5,-25.5,-1.0,0.75,-26.5
2019-01-09,2019-01-09 09:31:00,6590.25,6608.0,6554.75,6608.0,loss,17.75,-17.75,-1.0,30.0,-17.75
2019-01-09,2019-01-09 09:33:00,6583.5,6592.75,6565.0,6592.75,loss,9.25,-9.25,-1.0,6.25,-11.25
2019-01-09,2019-01-09 09:44:00,6573.5,6584.75,6551.0,6584.75,loss,11.25,-11.25,-1.0,13.25,-16.75
2019-01-09,2019-01-09 09:46:00,6563.75,6573.0,6545.25,6573.0,loss,9.25,-9.25,-1.0,3.5,-10.75
2019-01-09,2019-01-09 09:55:00,6580.75,6588.0,6566.25,6588.0,loss,7.25,-7.25,-1.0,5.5,-8.75
2019-01-09,2019-01-09 09:58:00,6578.5,6585.0,6565.5,6585.0,loss,6.5,-6.5,-1.0,2.25,-11.0
2019-01-11,2019-01-11 09:16:00,6594.25,6600.75,6581.25,6600.75,loss,6.5,-6.5,-1.0,1.25,-7.0
2019-01-16,2019-01-16 09:40:00,6689.5,6697.0,6674.5,6697.0,loss,7.5,-7.5,-1.0,10.25,-8.0
2019-01-16,2019-01-16 09:42:00,6681.0,6691.25,6660.5,6691.25,loss,10.25,-10.25,-1.0,1.0,-11.25
2019-01-16,2019-01-16 10:01:00,6688.25,6697.75,6669.25,6697.75,loss,9.5,-9.5,-1.0,12.25,-10.5
2019-01-16,2019-01-16 10:07:00,6678.0,6686.25,6661.5,6686.25,loss,8.25,-8.25,-1.0,2.0,-10.25
2019-01-16,2019-01-16 10:49:00,6691.5,6698.5,6677.5,6677.5,win,7.0,14.0,2.0,15.5,-3.75
2019-01-16,2019-01-16 10:56:00,6683.5,6689.5,6671.5,6689.5,loss,6.0,-6.0,-1.0,4.5,-9.25
2019-01-18,2019-01-18 08:52:00,6745.25,6756.5,6722.75,6756.5,loss,11.25,-11.25,-1.0,9.0,-11.5
2019-01-18,2019-01-18 09:03:00,6738.5,6746.25,6723.0,6746.25,loss,7.75,-7.75,-1.0,2.25,-10.0
2019-01-18,2019-01-18 09:08:00,6744.0,6750.5,6731.0,6750.5,loss,6.5,-6.5,-1.0,0.5,-11.0
2019-01-23,2019-01-23 09:23:00,6688.5,6695.75,6674.0,6674.0,win,7.25,14.5,2.0,15.25,-5.75
2019-01-23,2019-01-23 09:35:00,6688.5,6695.0,6675.5,6675.5,win,6.5,13.0,2.0,15.25,-5.25
2019-01-23,2019-01-23 09:40:00,6683.75,6691.25,6668.75,6668.75,win,7.5,15.0,2.0,17.25,-3.5
2019-01-23,2019-01-23 09:41:00,6679.25,6688.25,6661.25,6661.25,win,9.0,18.0,2.0,18.25,-3.75
2019-01-23,2019-01-23 09:48:00,6665.5,6673.25,6650.0,6650.0,win,7.75,15.5,2.0,18.0,-7.0
2019-01-24,2019-01-24 08:41:00,6679.75,6694.5,6650.25,6694.5,loss,14.75,-14.75,-1.0,7.0,-26.0
2019-01-24,2019-01-24 08:56:00,6685.25,6701.75,6652.25,6701.75,loss,16.5,-16.5,-1.0,7.25,-21.75
2019-01-24,2019-01-24 09:01:00,6680.5,6689.5,6662.5,6689.5,loss,9.0,-9.0,-1.0,0.0,-11.5
2019-01-24,2019-01-24 09:49:00,6688.75,6697.75,6670.75,6670.75,win,9.0,18.0,2.0,19.0,-4.25
2019-01-24,2019-01-24 09:50:00,6680.75,6689.75,6662.75,6689.75,loss,9.0,-9.0,-1.0,7.25,-11.25
2019-01-24,2019-01-24 09:52:00,6675.75,6684.25,6658.75,6684.25,loss,8.5,-8.5,-1.0,2.25,-10.5
2019-01-29,2019-01-29 08:39:00,6687.5,6693.5,6675.5,6693.5,loss,6.0,-6.0,-1.0,10.25,-8.5
2019-01-29,2019-01-29 09:11:00,6677.5,6683.75,6665.0,6683.75,loss,6.25,-6.25,-1.0,9.0,-8.0
2019-01-30,2019-01-30 09:05:00,6698.25,6706.75,6681.25,6706.75,loss,8.5,-8.5,-1.0,3.75,-9.0
2019-01-31,2019-01-31 08:37:00,6844.75,6856.5,6821.25,6856.5,loss,11.75,-11.75,-1.0,1.5,-19.0
2019-02-01,2019-02-01 08:50:00,6886.25,6898.75,6861.25,6898.75,loss,12.5,-12.5,-1.0,10.25,-14.0
2019-02-01,2019-02-01 08:51:00,6879.5,6888.5,6861.5,6888.5,loss,9.0,-9.0,-1.0,0.75,-9.75
2019-02-01,2019-02-01 09:02:00,6884.0,6893.5,6865.0,6893.5,loss,9.5,-9.5,-1.0,3.5,-12.75
2019-02-01,2019-02-01 09:57:00,6896.0,6903.25,6881.5,6903.25,loss,7.25,-7.25,-1.0,9.75,-7.25
2019-02-01,2019-02-01 10:00:00,6894.25,6902.0,6878.75,6902.0,loss,7.75,-7.75,-1.0,8.0,-9.0
2019-02-01,2019-02-01 10:02:00,6889.75,6895.0,6879.25,6895.0,loss,5.25,-5.25,-1.0,0.25,-7.75
2019-02-04,2019-02-04 08:38:00,6879.0,6893.75,6849.5,6893.75,loss,14.75,-14.75,-1.0,5.5,-18.75
2019-02-04,2019-02-04 08:45:00,6878.25,6888.25,6858.25,6888.25,loss,10.0,-10.0,-1.0,0.25,-14.5
2019-02-06,2019-02-06 08:42:00,7014.0,7023.0,6996.0,7023.0,loss,9.0,-9.0,-1.0,0.25,-13.0
2019-02-06,2019-02-06 08:59:00,7018.5,7025.25,7005.0,7005.0,win,6.75,13.5,2.0,16.0,-1.75
2019-02-06,2019-02-06 09:01:00,7013.0,7019.75,6999.5,6999.5,win,6.75,13.5,2.0,18.5,-0.5
2019-02-06,2019-02-06 09:02:00,7007.0,7014.5,6992.0,6992.0,win,7.5,15.0,2.0,15.25,-3.0
2019-02-08,2019-02-08 08:46:00,6854.75,6867.0,6830.25,6867.0,loss,12.25,-12.25,-1.0,13.25,-14.25
2019-02-08,2019-02-08 08:51:00,6855.25,6861.0,6843.75,6843.75,win,5.75,11.5,2.0,13.75,-4.5
2019-02-08,2019-02-08 09:14:00,6858.0,6865.0,6844.0,6844.0,win,7.0,14.0,2.0,14.25,-1.0
2019-02-08,2019-02-08 09:15:00,6852.5,6860.0,6837.5,6860.0,loss,7.5,-7.5,-1.0,11.5,-9.0
2019-02-08,2019-02-08 09:17:00,6851.75,6857.5,6840.25,6857.5,loss,5.75,-5.75,-1.0,10.75,-9.75
2019-02-08,2019-02-08 09:19:00,6846.5,6853.75,6832.0,6853.75,loss,7.25,-7.25,-1.0,5.5,-9.25
2019-02-08,2019-02-08 10:03:00,6855.75,6862.75,6841.75,6862.75,loss,7.0,-7.0,-1.0,2.25,-7.0
2019-02-08,2019-02-08 10:12:00,6859.75,6864.25,6850.75,6864.25,loss,4.5,-4.5,-1.0,1.75,-6.5
2019-02-08,2019-02-08 10:32:00,6858.75,6866.25,6843.75,6843.75,win,7.5,15.0,2.0,15.75,-4.0
2019-02-08,2019-02-08 10:38:00,6848.75,6855.5,6835.25,6855.5,loss,6.75,-6.75,-1.0,1.0,-8.75
2019-02-08,2019-02-08 10:47:00,6847.0,6855.75,6829.5,6855.75,loss,8.75,-8.75,-1.0,4.0,-8.75
2019-02-11,2019-02-11 08:41:00,6936.5,6948.75,6912.0,6912.0,win,12.25,24.5,2.0,27.0,-11.5
2019-02-11,2019-02-11 08:48:00,6929.75,6942.25,6904.75,6942.25,loss,12.5,-12.5,-1.0,8.0,-13.25
2019-02-11,2019-02-11 09:08:00,6931.0,6942.5,6908.0,6942.5,loss,11.5,-11.5,-1.0,0.25,-11.75
2019-02-11,2019-02-11 09:15:00,6932.25,6940.75,6915.25,6940.75,loss,8.5,-8.5,-1.0,0.5,-13.5
2019-02-11,2019-02-11 09:24:00,6924.0,6939.75,6892.5,6939.75,loss,15.75,-15.75,-1.0,2.75,-16.0
2019-02-11,2019-02-11 09:31:00,6924.25,6932.5,6907.75,6932.5,loss,8.25,-8.25,-1.0,0.25,-9.75
2019-02-11,2019-02-11 09:53:00,6927.75,6936.25,6910.75,6910.75,win,8.5,17.0,2.0,18.25,-6.5
2019-02-11,2019-02-11 09:55:00,6927.25,6933.75,6914.25,6933.75,loss,6.5,-6.5,-1.0,4.75,-7.0
2019-02-11,2019-02-11 10:02:00,6925.5,6935.25,6906.0,6935.25,loss,9.75,-9.75,-1.0,16.0,-10.5
2019-02-11,2019-02-11 10:09:00,6913.75,6927.75,6885.75,6927.75,loss,14.0,-14.0,-1.0,4.25,-14.25
2019-02-11,2019-02-11 10:31:00,6919.5,6925.5,6907.5,6925.5,loss,6.0,-6.0,-1.0,6.5,-6.5
2019-02-11,2019-02-11 10:53:00,6916.25,6921.75,6905.25,6921.75,loss,5.5,-5.5,-1.0,0.75,-6.5
2019-02-12,2019-02-12 08:32:00,6955.5,6963.75,6939.0,6963.75,loss,8.25,-8.25,-1.0,0.25,-10.0
2019-02-12,2019-02-12 08:34:00,6959.0,6967.75,6941.5,6967.75,loss,8.75,-8.75,-1.0,0.25,-9.0
2019-02-13,2019-02-13 09:09:00,7044.75,7052.75,7028.75,7028.75,win,8.0,16.0,2.0,16.0,-5.0
2019-02-13,2019-02-13 10:31:00,7022.75,7034.0,7000.25,7034.0,loss,11.25,-11.25,-1.0,2.5,-11.5
2019-02-13,2019-02-13 10:44:00,7026.0,7030.25,7017.5,7030.25,loss,4.25,-4.25,-1.0,4.0,-4.25
2019-02-26,2019-02-26 08:32:00,7095.75,7106.0,7075.25,7106.0,loss,10.25,-10.25,-1.0,4.75,-10.75
2019-02-27,2019-02-27 08:53:00,7099.75,7105.25,7088.75,7088.75,win,5.5,11.0,2.0,13.75,-0.75
2019-02-27,2019-02-27 08:56:00,7094.0,7100.25,7081.5,7081.5,win,6.25,12.5,2.0,16.0,-2.0
2019-02-27,2019-02-27 08:57:00,7089.25,7095.5,7076.75,7095.5,loss,6.25,-6.25,-1.0,2.75,-6.75
2019-02-28,2019-02-28 09:02:00,7102.75,7109.0,7090.25,7090.25,win,6.25,12.5,2.0,16.5,-0.25
2019-02-28,2019-02-28 09:04:00,7097.75,7103.75,7085.75,7085.75,win,6.0,12.0,2.0,13.25,-5.25
2019-02-28,2019-02-28 09:06:00,7095.5,7104.0,7078.5,7104.0,loss,8.5,-8.5,-1.0,11.0,-11.5
2019-02-28,2019-02-28 09:07:00,7089.25,7096.75,7074.25,7096.75,loss,7.5,-7.5,-1.0,4.75,-12.25
2019-03-01,2019-03-01 09:02:00,7136.0,7148.75,7110.5,7148.75,loss,12.75,-12.75,-1.0,0.25,-14.0
2019-03-01,2019-03-01 09:16:00,7130.75,7141.5,7109.25,7117.75,win,10.75,13.0,1.21,16.75,-8.0
2019-03-01,2019-03-01 09:22:00,7127.0,7134.5,7112.0,7134.5,loss,7.5,-7.5,-1.0,7.75,-7.5
2019-03-01,2019-03-01 10:01:00,7130.5,7137.25,7117.0,7137.25,loss,6.75,-6.75,-1.0,2.5,-7.0
2019-03-01,2019-03-01 10:04:00,7132.5,7137.75,7122.0,7122.0,win,5.25,10.5,2.0,11.25,0.0
2019-03-01,2019-03-01 10:08:00,7125.0,7130.5,7114.0,7114.0,win,5.5,11.0,2.0,11.0,-4.25
2019-03-01,2019-03-01 10:11:00,7124.5,7128.75,7116.0,7128.75,loss,4.25,-4.25,-1.0,4.5,-4.25
2019-03-01,2019-03-01 10:12:00,7121.25,7125.5,7112.75,7125.5,loss,4.25,-4.25,-1.0,1.25,-4.25
2019-03-04,2019-03-04 08:51:00,7197.5,7203.75,7185.0,7203.75,loss,6.25,-6.25,-1.0,3.25,-6.5
2019-03-04,2019-03-04 09:12:00,7187.75,7195.75,7171.75,7195.75,loss,8.0,-8.0,-1.0,4.25,-8.5
2019-03-04,2019-03-04 09:35:00,7195.75,7200.5,7186.25,7186.25,win,4.75,9.5,2.0,10.25,0.0
2019-03-04,2019-03-04 09:36:00,7191.25,7196.75,7180.25,7196.75,loss,5.5,-5.5,-1.0,6.25,-5.5
2019-03-04,2019-03-04 09:39:00,7186.5,7191.0,7177.5,7191.0,loss,4.5,-4.5,-1.0,1.5,-5.5
2019-03-05,2019-03-05 08:32:00,7149.75,7157.75,7133.75,7157.75,loss,8.0,-8.0,-1.0,5.25,-8.5
2019-03-05,2019-03-05 08:46:00,7141.5,7151.5,7121.5,7151.5,loss,10.0,-10.0,-1.0,17.25,-12.5
2019-03-05,2019-03-05 08:47:00,7136.75,7143.25,7123.75,7143.25,loss,6.5,-6.5,-1.0,0.25,-6.75
2019-03-05,2019-03-05 08:50:00,7132.25,7144.75,7107.25,7144.75,loss,12.5,-12.5,-1.0,8.0,-19.0
2019-03-05,2019-03-05 08:52:00,7131.75,7139.5,7116.25,7139.5,loss,7.75,-7.75,-1.0,7.5,-8.25
2019-03-05,2019-03-05 09:17:00,7140.25,7147.5,7125.75,7147.5,loss,7.25,-7.25,-1.0,5.75,-7.25
2019-03-05,2019-03-05 09:29:00,7137.25,7145.25,7121.25,7145.25,loss,8.0,-8.0,-1.0,0.0,-15.75
2019-03-06,2019-03-06 08:37:00,7154.25,7162.0,7138.75,7162.0,loss,7.75,-7.75,-1.0,1.25,-9.25
2019-03-06,2019-03-06 08:48:00,7151.5,7160.5,7133.5,7160.5,loss,9.0,-9.0,-1.0,9.5,-9.25
2019-03-06,2019-03-06 08:51:00,7145.25,7152.75,7130.25,7152.75,loss,7.5,-7.5,-1.0,3.25,-8.5
2019-03-06,2019-03-06 09:17:00,7149.0,7159.0,7129.0,7129.0,win,10.0,20.0,2.0,25.5,-2.75
2019-03-06,2019-03-06 09:19:00,7146.25,7152.75,7133.25,7133.25,win,6.5,13.0,2.0,13.75,-2.0
2019-03-06,2019-03-06 09:22:00,7136.75,7148.5,7113.25,7113.25,win,11.75,23.5,2.0,23.75,-11.25
2019-03-18,2019-03-18 09:25:00,7341.5,7346.25,7332.0,7332.0,win,4.75,9.5,2.0,11.75,-0.75
2019-03-18,2019-03-18 09:26:00,7338.5,7342.75,7330.0,7330.0,win,4.25,8.5,2.0,8.75,-3.75
2019-03-18,2019-03-18 10:58:00,7340.25,7342.75,7335.25,7342.75,loss,2.5,-2.5,-1.0,3.5,-2.5
2019-03-18,2019-03-18 10:59:00,7338.5,7341.5,7332.5,7341.5,loss,3.0,-3.0,-1.0,1.75,-3.0
2019-03-19,2019-03-19 08:59:00,7378.0,7382.0,7370.0,7382.0,loss,4.0,-4.0,-1.0,4.5,-4.5
2019-03-19,2019-03-19 09:00:00,7375.25,7380.75,7364.25,7380.75,loss,5.5,-5.5,-1.0,0.0,-6.0
2019-03-19,2019-03-19 09:11:00,7376.25,7380.75,7367.25,7380.75,loss,4.5,-4.5,-1.0,1.0,-8.0
2019-03-19,2019-03-19 10:49:00,7390.25,7398.25,7374.25,7398.25,loss,8.0,-8.0,-1.0,15.0,-10.0
2019-03-19,2019-03-19 10:50:00,7378.75,7391.25,7353.75,7391.25,loss,12.5,-12.5,-1.0,2.0,-13.25
2019-03-20,2019-03-20 08:42:00,7373.5,7380.0,7360.5,7380.0,loss,6.5,-6.5,-1.0,1.0,-8.0
2019-03-20,2019-03-20 10:32:00,7371.75,7377.75,7359.75,7359.75,win,6.0,12.0,2.0,18.5,-0.25
2019-03-20,2019-03-20 10:33:00,7364.25,7373.0,7346.75,7373.0,loss,8.75,-8.75,-1.0,14.75,-8.75
2019-03-20,2019-03-20 10:34:00,7358.25,7366.25,7342.25,7366.25,loss,8.0,-8.0,-1.0,8.75,-9.0
2019-03-26,2019-03-26 10:27:00,7387.5,7395.0,7372.5,7395.0,loss,7.5,-7.5,-1.0,0.75,-7.75
2019-03-26,2019-03-26 10:40:00,7383.75,7389.25,7372.75,7389.25,loss,5.5,-5.5,-1.0,8.5,-5.75
2019-03-26,2019-03-26 10:41:00,7380.25,7387.0,7366.75,7387.0,loss,6.75,-6.75,-1.0,5.0,-6.75
2019-03-26,2019-03-26 10:58:00,7386.5,7392.5,7374.5,7392.5,loss,6.0,-6.0,-1.0,3.0,-7.5
2019-03-26,2019-03-26 11:01:00,7387.5,7391.75,7379.0,7391.75,loss,4.25,-4.25,-1.0,1.0,-6.5
2019-03-28,2019-03-28 09:06:00,7323.75,7330.25,7310.75,7330.25,loss,6.5,-6.5,-1.0,5.0,-8.5
2019-03-28,2019-03-28 09:23:00,7316.0,7327.25,7293.5,7327.25,loss,11.25,-11.25,-1.0,14.5,-11.75
2019-03-28,2019-03-28 09:53:00,7313.75,7321.5,7298.25,7321.5,loss,7.75,-7.75,-1.0,0.25,-8.0
2019-03-28,2019-03-28 10:11:00,7312.5,7320.25,7297.0,7320.25,loss,7.75,-7.75,-1.0,6.75,-7.75
2019-03-28,2019-03-28 10:14:00,7309.0,7314.5,7298.0,7314.5,loss,5.5,-5.5,-1.0,3.25,-5.75
2019-03-28,2019-03-28 10:33:00,7323.0,7326.75,7315.5,7326.75,loss,3.75,-3.75,-1.0,2.25,-5.25
2019-03-29,2019-03-29 08:45:00,7373.75,7385.25,7350.75,7385.25,loss,11.5,-11.5,-1.0,17.75,-11.75
2019-03-29,2019-03-29 08:50:00,7373.0,7378.0,7363.0,7363.0,win,5.0,10.0,2.0,10.0,0.0
2019-03-29,2019-03-29 08:51:00,7365.25,7374.0,7347.75,7374.0,loss,8.75,-8.75,-1.0,9.25,-12.75
2019-03-29,2019-03-29 08:53:00,7363.25,7368.25,7353.25,7368.25,loss,5.0,-5.0,-1.0,7.25,-8.0
2019-03-29,2019-03-29 10:15:00,7373.25,7383.75,7352.25,7383.75,loss,10.5,-10.5,-1.0,1.25,-11.75
2019-04-01,2019-04-01 08:32:00,7456.5,7461.75,7446.0,7461.75,loss,5.25,-5.25,-1.0,4.75,-6.5
2019-04-02,2019-04-02 09:04:00,7500.75,7508.0,7486.25,7508.0,loss,7.25,-7.25,-1.0,9.25,-7.75
2019-04-02,2019-04-02 09:10:00,7497.5,7501.5,7489.5,7501.5,loss,4.0,-4.0,-1.0,6.0,-6.0
2019-04-02,2019-04-02 09:11:00,7494.75,7498.5,7487.25,7498.5,loss,3.75,-3.75,-1.0,3.25,-4.5
2019-04-09,2019-04-09 08:43:00,7605.0,7609.75,7595.5,7595.5,win,4.75,9.5,2.0,9.75,-1.5
2019-04-09,2019-04-09 08:45:00,7602.5,7607.25,7593.0,7607.25,loss,4.75,-4.75,-1.0,7.25,-5.0
2019-04-12,2019-04-12 09:17:00,7623.0,7626.5,7616.0,7626.5,loss,3.5,-3.5,-1.0,5.5,-6.5
2019-04-16,2019-04-16 08:46:00,7672.0,7677.0,7662.0,7677.0,loss,5.0,-5.0,-1.0,0.5,-7.0
2019-04-16,2019-04-16 09:46:00,7672.75,7676.5,7665.25,7676.5,loss,3.75,-3.75,-1.0,0.5,-3.75
2019-04-17,2019-04-17 08:53:00,7700.5,7705.75,7690.0,7705.75,loss,5.25,-5.25,-1.0,6.0,-8.0
2019-04-17,2019-04-17 09:00:00,7697.5,7702.0,7688.5,7702.0,loss,4.5,-4.5,-1.0,3.0,-4.5
2019-04-17,2019-04-17 09:17:00,7700.25,7706.25,7688.25,7688.25,win,6.0,12.0,2.0,14.25,-4.25
2019-04-17,2019-04-17 09:23:00,7698.0,7703.75,7686.5,7686.5,win,5.75,11.5,2.0,12.0,-2.25
2019-04-17,2019-04-17 09:26:00,7697.0,7701.25,7688.5,7688.5,win,4.25,8.5,2.0,11.0,-2.0
2019-04-17,2019-04-17 09:28:00,7692.5,7699.25,7679.0,7679.0,win,6.75,13.5,2.0,13.75,-0.5
2019-04-17,2019-04-17 09:29:00,7689.5,7694.0,7680.5,7680.5,win,4.5,9.0,2.0,9.25,-3.25
2019-04-17,2019-04-17 09:32:00,7686.5,7692.25,7675.0,7692.25,loss,5.75,-5.75,-1.0,7.75,-6.0
2019-04-17,2019-04-17 09:54:00,7702.25,7705.75,7695.25,7695.25,win,3.5,7.0,2.0,9.0,-1.75
2019-04-17,2019-04-17 09:56:00,7701.0,7705.0,7693.0,7693.0,win,4.0,8.0,2.0,10.0,-0.75
2019-04-17,2019-04-17 10:03:00,7692.75,7695.75,7686.75,7686.75,win,3.0,6.0,2.0,6.5,-1.75
2019-04-17,2019-04-17 10:06:00,7689.5,7695.0,7678.5,7695.0,loss,5.5,-5.5,-1.0,10.25,-8.25
2019-04-17,2019-04-17 10:07:00,7687.0,7691.0,7679.0,7691.0,loss,4.0,-4.0,-1.0,7.75,-4.0
2019-04-24,2019-04-24 08:44:00,7829.25,7833.25,7821.25,7833.25,loss,4.0,-4.0,-1.0,4.25,-4.75
2019-04-24,2019-04-24 08:45:00,7826.25,7830.75,7817.25,7830.75,loss,4.5,-4.5,-1.0,1.25,-5.25
2019-04-24,2019-04-24 09:48:00,7831.0,7834.75,7823.5,7823.5,win,3.75,7.5,2.0,8.5,-1.75
2019-04-24,2019-04-24 09:50:00,7829.25,7833.5,7820.75,7820.75,win,4.25,8.5,2.0,9.0,-0.25
2019-04-24,2019-04-24 09:51:00,7825.75,7830.5,7816.25,7816.25,win,4.75,9.5,2.0,11.25,-3.25
2019-04-29,2019-04-29 09:50:00,7844.25,7848.0,7836.75,7848.0,loss,3.75,-3.75,-1.0,2.5,-4.0
2019-04-29,2019-04-29 10:01:00,7843.0,7845.75,7837.5,7845.75,loss,2.75,-2.75,-1.0,1.25,-5.25
2019-05-02,2019-05-02 08:58:00,7768.75,7778.25,7749.75,7778.25,loss,9.5,-9.5,-1.0,7.75,-12.0
2019-05-02,2019-05-02 08:59:00,7765.75,7770.5,7756.25,7770.5,loss,4.75,-4.75,-1.0,0.25,-8.0
2019-05-02,2019-05-02 09:03:00,7764.5,7772.75,7748.0,7772.75,loss,8.25,-8.25,-1.0,3.5,-8.75
2019-05-02,2019-05-02 09:18:00,7758.25,7767.0,7740.75,7740.75,win,8.75,17.5,2.0,19.25,-3.25
2019-05-02,2019-05-02 09:20:00,7755.5,7761.75,7743.0,7743.0,win,6.25,12.5,2.0,16.5,-1.5
2019-05-02,2019-05-02 09:22:00,7748.5,7754.5,7736.5,7736.5,win,6.0,12.0,2.0,12.0,-0.25
2019-05-02,2019-05-02 09:23:00,7740.0,7749.75,7720.5,7749.75,loss,9.75,-9.75,-1.0,9.5,-12.0
2019-05-08,2019-05-08 09:38:00,7645.0,7653.5,7628.0,7653.5,loss,8.5,-8.5,-1.0,6.5,-11.0
2019-05-08,2019-05-08 10:04:00,7645.0,7651.5,7632.0,7651.5,loss,6.5,-6.5,-1.0,8.5,-7.75
2019-05-20,2019-05-20 08:45:00,7418.75,7430.5,7395.25,7430.5,loss,11.75,-11.75,-1.0,12.75,-15.25
2019-05-20,2019-05-20 08:50:00,7412.0,7422.25,7391.5,7422.25,loss,10.25,-10.25,-1.0,6.0,-11.75
2019-05-20,2019-05-20 09:02:00,7417.5,7428.75,7395.0,7395.0,win,11.25,22.5,2.0,22.5,-4.75
2019-05-20,2019-05-20 10:09:00,7419.5,7427.25,7404.0,7427.25,loss,7.75,-7.75,-1.0,1.75,-9.5
2019-05-20,2019-05-20 10:29:00,7424.0,7430.25,7411.5,7411.5,win,6.25,12.5,2.0,18.25,-1.25
2019-05-20,2019-05-20 10:30:00,7416.25,7426.25,7396.25,7426.25,loss,10.0,-10.0,-1.0,10.5,-11.25
2019-05-20,2019-05-20 10:32:00,7410.0,7419.5,7391.0,7419.5,loss,9.5,-9.5,-1.0,2.25,-11.75
2019-05-20,2019-05-20 10:41:00,7421.25,7425.75,7412.25,7412.25,win,4.5,9.0,2.0,10.0,-1.5
2019-05-20,2019-05-20 10:45:00,7415.0,7422.75,7399.5,7399.5,win,7.75,15.5,2.0,15.75,-4.0
2019-05-28,2019-05-28 08:32:00,7328.0,7337.75,7308.5,7337.75,loss,9.75,-9.75,-1.0,6.5,-11.5
2019-05-28,2019-05-28 08:33:00,7322.75,7330.25,7307.75,7330.25,loss,7.5,-7.5,-1.0,0.75,-8.0
2019-05-28,2019-05-28 09:23:00,7334.5,7341.0,7321.5,7341.0,loss,6.5,-6.5,-1.0,12.5,-7.0
2019-05-28,2019-05-28 09:27:00,7331.5,7337.25,7320.0,7337.25,loss,5.75,-5.75,-1.0,9.5,-10.0
2019-05-28,2019-05-28 09:30:00,7327.5,7334.25,7314.0,7334.25,loss,6.75,-6.75,-1.0,5.5,-7.25
2019-05-28,2019-05-28 09:53:00,7334.5,7341.5,7320.5,7341.5,loss,7.0,-7.0,-1.0,4.0,-9.25
2019-05-30,2019-05-30 09:07:00,7236.75,7241.25,7227.75,7241.25,loss,4.5,-4.5,-1.0,0.5,-6.25
2019-05-30,2019-05-30 09:34:00,7235.0,7244.25,7216.5,7244.25,loss,9.25,-9.25,-1.0,0.25,-9.5
2019-05-30,2019-05-30 09:52:00,7233.25,7243.25,7213.25,7243.25,loss,10.0,-10.0,-1.0,1.5,-10.75
2019-05-31,2019-05-31 10:11:00,7163.0,7168.75,7151.5,7151.5,win,5.75,11.5,2.0,13.5,-4.5
2019-06-06,2019-06-06 09:48:00,7231.5,7237.75,7219.0,7237.75,loss,6.25,-6.25,-1.0,5.75,-6.5
2019-06-11,2019-06-11 08:51:00,7539.0,7547.0,7523.0,7547.0,loss,8.0,-8.0,-1.0,6.25,-8.0
2019-06-11,2019-06-11 09:01:00,7538.25,7548.25,7518.25,7548.25,loss,10.0,-10.0,-1.0,2.5,-11.25
2019-06-11,2019-06-11 09:12:00,7542.0,7548.5,7529.0,7548.5,loss,6.5,-6.5,-1.0,4.75,-6.5
2019-06-11,2019-06-11 09:26:00,7538.0,7549.25,7515.5,7515.5,win,11.25,22.5,2.0,25.25,-3.0
2019-06-20,2019-06-20 08:35:00,7763.5,7769.75,7751.0,7769.75,loss,6.25,-6.25,-1.0,9.25,-7.0
2019-06-20,2019-06-20 08:38:00,7757.75,7764.75,7743.75,7764.75,loss,7.0,-7.0,-1.0,3.5,-7.0
2019-06-20,2019-06-20 08:48:00,7765.0,7769.5,7756.0,7769.5,loss,4.5,-4.5,-1.0,0.75,-5.5
2019-06-20,2019-06-20 08:52:00,7766.0,7770.75,7756.5,7756.5,win,4.75,9.5,2.0,12.75,-3.75
2019-06-20,2019-06-20 08:55:00,7765.5,7770.75,7755.0,7755.0,win,5.25,10.5,2.0,12.25,-2.0
2019-06-20,2019-06-20 08:58:00,7758.0,7764.25,7745.5,7764.25,loss,6.25,-6.25,-1.0,4.75,-8.75
2019-06-20,2019-06-20 09:00:00,7755.25,7764.75,7736.25,7764.75,loss,9.5,-9.5,-1.0,1.75,-11.5
2019-06-20,2019-06-20 09:04:00,7756.75,7764.5,7741.25,7764.5,loss,7.75,-7.75,-1.0,4.0,-8.0
2019-06-20,2019-06-20 09:15:00,7757.5,7764.0,7744.5,7744.5,win,6.5,13.0,2.0,16.75,-0.5
2019-06-20,2019-06-20 09:16:00,7752.5,7759.0,7739.5,7739.5,win,6.5,13.0,2.0,13.5,-1.75
2019-06-20,2019-06-20 09:18:00,7747.75,7755.25,7732.75,7755.25,loss,7.5,-7.5,-1.0,10.0,-11.0
2019-06-20,2019-06-20 10:17:00,7716.25,7727.0,7694.75,7727.0,loss,10.75,-10.75,-1.0,9.75,-12.5
2019-06-20,2019-06-20 10:19:00,7713.75,7721.0,7699.25,7721.0,loss,7.25,-7.25,-1.0,7.25,-11.0
2019-06-21,2019-06-21 10:11:00,7760.75,7765.5,7751.25,7751.25,win,4.75,9.5,2.0,9.5,-2.5
2019-06-24,2019-06-24 08:41:00,7760.5,7767.75,7746.0,7767.75,loss,7.25,-7.25,-1.0,2.5,-8.75
2019-06-24,2019-06-24 09:18:00,7768.75,7773.0,7760.25,7760.25,win,4.25,8.5,2.0,8.5,-0.5
2019-06-24,2019-06-24 09:19:00,7766.25,7770.25,7758.25,7770.25,loss,4.0,-4.0,-1.0,7.5,-4.0
2019-06-24,2019-06-24 09:21:00,7761.5,7766.0,7752.5,7766.0,loss,4.5,-4.5,-1.0,2.75,-8.75
2019-06-24,2019-06-24 09:36:00,7768.0,7773.5,7757.0,7773.5,loss,5.5,-5.5,-1.0,2.75,-6.0
2019-06-24,2019-06-24 10:59:00,7768.5,7770.75,7764.0,7764.0,win,2.25,4.5,2.0,4.5,-1.25
2019-06-24,2019-06-24 11:01:00,7767.25,7770.0,7761.75,7761.75,win,2.75,5.5,2.0,5.75,-2.5
2019-06-27,2019-06-27 08:47:00,7684.0,7691.25,7669.5,7691.25,loss,7.25,-7.25,-1.0,6.75,-7.25
2019-06-27,2019-06-27 08:48:00,7680.25,7686.25,7668.25,7686.25,loss,6.0,-6.0,-1.0,0.25,-6.0
2019-06-27,2019-06-27 09:19:00,7674.0,7692.5,7637.0,7692.5,loss,18.5,-18.5,-1.0,11.0,-19.75
2019-07-15,2019-07-15 08:45:00,7968.75,7972.5,7961.25,7972.5,loss,3.75,-3.75,-1.0,5.0,-4.25
2019-07-15,2019-07-15 08:47:00,7965.75,7969.0,7959.25,7969.0,loss,3.25,-3.25,-1.0,2.0,-5.25
2019-07-15,2019-07-15 10:12:00,7967.25,7970.25,7961.25,7970.25,loss,3.0,-3.0,-1.0,0.5,-3.75
2019-07-15,2019-07-15 10:30:00,7967.5,7970.75,7961.0,7970.75,loss,3.25,-3.25,-1.0,6.0,-4.0
2019-07-15,2019-07-15 10:38:00,7965.75,7968.5,7960.25,7968.5,loss,2.75,-2.75,-1.0,4.25,-2.75
2019-07-15,2019-07-15 10:43:00,7964.75,7967.5,7959.25,7967.5,loss,2.75,-2.75,-1.0,3.25,-3.5
2019-07-15,2019-07-15 10:47:00,7962.75,7966.5,7955.25,7966.5,loss,3.75,-3.75,-1.0,1.25,-4.5
2019-07-15,2019-07-15 10:52:00,7963.75,7966.5,7958.25,7966.5,loss,2.75,-2.75,-1.0,2.25,-3.5
2019-07-18,2019-07-18 09:07:00,7874.25,7880.0,7862.75,7862.75,win,5.75,11.5,2.0,13.25,-1.75
2019-07-18,2019-07-18 09:10:00,7871.5,7875.5,7863.5,7863.5,win,4.0,8.0,2.0,10.5,-3.5
2019-07-18,2019-07-18 09:12:00,7871.25,7876.0,7861.75,7861.75,win,4.75,9.5,2.0,10.25,-0.25
2019-07-23,2019-07-23 08:50:00,7933.75,7937.25,7926.75,7937.25,loss,3.5,-3.5,-1.0,1.25,-3.5
2019-07-23,2019-07-23 09:01:00,7934.75,7939.75,7924.75,7939.75,loss,5.0,-5.0,-1.0,8.75,-5.5
2019-07-23,2019-07-23 09:27:00,7935.5,7940.5,7925.5,7925.5,win,5.0,10.0,2.0,12.5,-2.75
2019-07-23,2019-07-23 09:31:00,7934.25,7939.0,7924.75,7924.75,win,4.75,9.5,2.0,11.25,-3.75
2019-07-23,2019-07-23 09:34:00,7929.5,7934.5,7919.5,7919.5,win,5.0,10.0,2.0,10.25,-1.75
2019-07-23,2019-07-23 09:37:00,7923.5,7929.25,7912.0,7929.25,loss,5.75,-5.75,-1.0,2.0,-6.25
2019-08-06,2019-08-06 09:34:00,7446.75,7458.75,7422.75,7458.75,loss,12.0,-12.0,-1.0,9.75,-16.5
2019-08-06,2019-08-06 09:37:00,7442.0,7450.0,7426.0,7450.0,loss,8.0,-8.0,-1.0,5.0,-9.25
2019-08-07,2019-08-07 09:42:00,7473.25,7484.0,7451.75,7484.0,loss,10.75,-10.75,-1.0,1.75,-13.0
2019-08-12,2019-08-12 10:41:00,7618.25,7629.75,7595.25,7595.25,win,11.5,23.0,2.0,26.0,-2.0
2019-08-12,2019-08-12 10:42:00,7613.5,7620.75,7599.0,7599.0,win,7.25,14.5,2.0,16.0,-6.75
2019-08-23,2019-08-23 09:01:00,7659.5,7708.25,7562.0,7562.0,win,48.75,97.5,2.0,106.0,-9.25
2019-08-23,2019-08-23 09:02:00,7649.25,7669.75,7608.25,7608.25,win,20.5,41.0,2.0,49.25,-2.75
2019-08-23,2019-08-23 09:03:00,7634.25,7653.0,7596.75,7596.75,win,18.75,37.5,2.0,45.25,-17.75
2019-08-23,2019-08-23 09:08:00,7603.5,7628.25,7554.0,7554.0,win,24.75,49.5,2.0,50.0,-7.25
2019-08-27,2019-08-27 09:08:00,7603.5,7608.75,7593.0,7593.0,win,5.25,10.5,2.0,10.75,-1.75
2019-08-27,2019-08-27 09:11:00,7596.25,7601.5,7585.75,7585.75,win,5.25,10.5,2.0,23.25,-1.5
2019-09-02,2019-09-02 09:11:00,7649.25,7655.5,7636.75,7655.5,loss,6.25,-6.25,-1.0,1.75,-7.5
2019-09-02,2019-09-02 09:50:00,7606.5,7662.0,7495.5,7631.75,loss,55.5,-25.25,-0.45,25.75,-33.5
2019-09-02,2019-09-02 09:52:00,7605.0,7618.5,7578.0,7618.5,loss,13.5,-13.5,-1.0,11.5,-35.0
2019-09-02,2019-09-02 09:56:00,7601.75,7616.0,7573.25,7616.0,loss,14.25,-14.25,-1.0,6.5,-38.25
2019-09-02,2019-09-02 10:20:00,7621.25,7629.5,7604.75,7629.5,loss,8.25,-8.25,-1.0,16.25,-9.25
2019-09-09,2019-09-09 09:12:00,7865.25,7871.0,7853.75,7871.0,loss,5.75,-5.75,-1.0,0.25,-9.25
2019-09-12,2019-09-12 08:51:00,7934.75,7967.5,7869.25,7936.25,loss,32.75,-1.5,-0.05,19.0,-18.25
2019-09-13,2019-09-13 09:30:00,7927.25,7935.0,7911.75,7911.75,win,7.75,15.5,2.0,22.75,-4.25
2019-09-16,2019-09-16 10:17:00,7861.5,7864.5,7855.5,7864.5,loss,3.0,-3.0,-1.0,4.0,-4.25
2019-09-16,2019-09-16 10:44:00,7859.25,7865.25,7847.25,7865.25,loss,6.0,-6.0,-1.0,3.25,-7.25
2019-09-19,2019-09-19 10:29:00,7927.75,7935.5,7912.25,7935.5,loss,7.75,-7.75,-1.0,6.75,-7.75
2019-10-17,2019-10-17 08:36:00,7950.5,7959.75,7932.0,7959.75,loss,9.25,-9.25,-1.0,0.75,-10.0
2019-10-17,2019-10-17 08:49:00,7950.0,7956.75,7936.5,7936.5,win,6.75,13.5,2.0,20.0,-2.25
2019-10-17,2019-10-17 08:50:00,7942.5,7951.0,7925.5,7951.0,loss,8.5,-8.5,-1.0,4.5,-8.75
2019-10-17,2019-10-17 09:18:00,7951.0,7955.0,7943.0,7943.0,win,4.0,8.0,2.0,9.0,-3.5
2019-10-17,2019-10-17 09:25:00,7948.5,7953.75,7938.0,7938.0,win,5.25,10.5,2.0,13.0,-3.25
2019-10-22,2019-10-22 09:14:00,7945.5,7949.5,7937.5,7937.5,win,4.0,8.0,2.0,9.5,-3.25
2019-10-24,2019-10-24 08:31:00,7924.75,7933.5,7907.25,7933.5,loss,8.75,-8.75,-1.0,2.25,-9.5
2019-10-24,2019-10-24 10:17:00,7940.5,7949.25,7923.0,7949.25,loss,8.75,-8.75,-1.0,0.25,-9.75
2019-10-30,2019-10-30 09:19:00,8053.0,8058.0,8043.0,8043.0,win,5.0,10.0,2.0,11.5,-1.0
2019-11-01,2019-11-01 10:05:00,8133.0,8136.5,8126.0,8126.0,win,3.5,7.0,2.0,10.0,-0.5
2019-11-01,2019-11-01 10:11:00,8122.5,8127.25,8113.0,8127.25,loss,4.75,-4.75,-1.0,8.25,-5.25
2019-11-01,2019-11-01 10:12:00,8118.5,8124.5,8106.5,8124.5,loss,6.0,-6.0,-1.0,3.75,-6.0
2019-11-01,2019-11-01 10:17:00,8115.25,8120.5,8104.75,8120.5,loss,5.25,-5.25,-1.0,0.0,-6.5
2019-11-01,2019-11-01 10:58:00,8123.5,8127.75,8115.0,8127.75,loss,4.25,-4.25,-1.0,2.25,-4.75
2019-11-05,2019-11-05 09:06:00,8222.75,8228.5,8211.25,8211.25,win,5.75,11.5,2.0,19.25,-0.5
2019-11-05,2019-11-05 09:08:00,8216.25,8222.75,8203.25,8203.25,win,6.5,13.0,2.0,19.0,-0.25
2019-11-06,2019-11-06 08:31:00,8205.25,8212.25,8191.25,8191.25,win,7.0,14.0,2.0,14.5,-0.75
2019-11-06,2019-11-06 08:32:00,8201.75,8207.0,8191.25,8191.25,win,5.25,10.5,2.0,11.0,-0.25
2019-11-06,2019-11-06 08:33:00,8197.25,8203.0,8185.75,8203.0,loss,5.75,-5.75,-1.0,8.25,-6.5
2019-11-08,2019-11-08 09:00:00,8206.5,8223.5,8172.5,8223.5,loss,17.0,-17.0,-1.0,16.5,-19.25
2019-11-08,2019-11-08 09:01:00,8201.0,8216.0,8171.0,8216.0,loss,15.0,-15.0,-1.0,11.0,-16.0
2019-11-13,2019-11-13 08:50:00,8244.5,8251.0,8231.5,8251.0,loss,6.5,-6.5,-1.0,6.75,-7.0
2019-11-14,2019-11-14 08:34:00,8245.75,8254.25,8228.75,8254.25,loss,8.5,-8.5,-1.0,2.0,-9.25
2019-11-14,2019-11-14 08:40:00,8253.25,8258.25,8243.25,8243.25,win,5.0,10.0,2.0,10.75,-1.0
2019-11-14,2019-11-14 08:44:00,8247.75,8253.5,8236.25,8253.5,loss,5.75,-5.75,-1.0,6.25,-5.75
2019-11-14,2019-11-14 08:45:00,8243.25,8249.75,8230.25,8249.75,loss,6.5,-6.5,-1.0,1.75,-7.5
2019-11-14,2019-11-14 08:54:00,8248.5,8254.0,8237.5,8254.0,loss,5.5,-5.5,-1.0,1.25,-5.5
2019-11-14,2019-11-14 09:33:00,8248.5,8252.0,8241.5,8252.0,loss,3.5,-3.5,-1.0,3.0,-3.5
2019-11-14,2019-11-14 09:45:00,8248.0,8252.25,8239.5,8239.5,win,4.25,8.5,2.0,11.75,-2.0
2019-11-19,2019-11-19 08:33:00,8355.5,8360.5,8345.5,8345.5,win,5.0,10.0,2.0,13.25,-2.75
2019-11-19,2019-11-19 08:52:00,8344.25,8353.5,8325.75,8325.75,win,9.25,18.5,2.0,18.5,-4.5
2019-11-19,2019-11-19 08:59:00,8339.75,8344.75,8329.75,8344.75,loss,5.0,-5.0,-1.0,1.5,-5.0
2019-11-19,2019-11-19 10:47:00,8344.5,8349.25,8335.0,8349.25,loss,4.75,-4.75,-1.0,2.25,-6.25
2019-11-20,2019-11-20 10:59:00,8321.75,8327.5,8310.25,8327.5,loss,5.75,-5.75,-1.0,4.75,-7.75
2019-11-26,2019-11-26 08:32:00,8375.75,8386.25,8354.75,8386.25,loss,10.5,-10.5,-1.0,7.0,-10.5
2019-11-26,2019-11-26 08:33:00,8372.75,8378.25,8361.75,8378.25,loss,5.5,-5.5,-1.0,1.0,-7.75
2019-11-26,2019-11-26 08:44:00,8374.0,8382.0,8358.0,8382.0,loss,8.0,-8.0,-1.0,5.25,-8.25
2019-11-26,2019-11-26 09:06:00,8377.5,8384.0,8364.5,8384.0,loss,6.5,-6.5,-1.0,3.75,-6.75
2019-11-26,2019-11-26 09:19:00,8382.5,8386.25,8375.0,8386.25,loss,3.75,-3.75,-1.0,0.25,-4.75
2019-11-26,2019-11-26 09:39:00,8382.0,8385.5,8375.0,8385.5,loss,3.5,-3.5,-1.0,3.0,-5.0
2019-11-27,2019-11-27 08:31:00,8409.75,8414.75,8399.75,8414.75,loss,5.0,-5.0,-1.0,4.75,-5.75
2019-11-27,2019-11-27 08:32:00,8406.25,8411.5,8395.75,8411.5,loss,5.25,-5.25,-1.0,1.25,-8.25
2019-11-27,2019-11-27 08:40:00,8409.0,8413.5,8400.0,8413.5,loss,4.5,-4.5,-1.0,6.5,-5.5
2019-11-27,2019-11-27 09:02:00,8411.25,8417.75,8398.25,8417.75,loss,6.5,-6.5,-1.0,0.25,-7.25
2019-12-05,2019-12-05 08:32:00,8309.5,8315.5,8297.5,8315.5,loss,6.0,-6.0,-1.0,5.75,-6.75
2019-12-05,2019-12-05 08:51:00,8311.25,8316.5,8300.75,8316.5,loss,5.25,-5.25,-1.0,2.75,-6.0
2019-12-05,2019-12-05 08:59:00,8305.0,8312.0,8291.0,8291.0,win,7.0,14.0,2.0,17.75,-2.75
2019-12-05,2019-12-05 09:01:00,8302.5,8308.0,8291.5,8291.5,win,5.5,11.0,2.0,15.25,-4.75
2019-12-05,2019-12-05 09:06:00,8299.75,8304.75,8289.75,8289.75,win,5.0,10.0,2.0,12.5,-2.0
2019-12-09,2019-12-09 10:45:00,8393.75,8398.0,8385.25,8398.0,loss,4.25,-4.25,-1.0,2.25,-4.5
2019-12-11,2019-12-11 08:39:00,8367.25,8372.0,8357.75,8372.0,loss,4.75,-4.75,-1.0,3.75,-4.75
2019-12-11,2019-12-11 08:41:00,8364.5,8370.5,8352.5,8370.5,loss,6.0,-6.0,-1.0,0.0,-7.5
2019-12-12,2019-12-12 10:28:00,8442.25,8447.0,8432.75,8432.75,win,4.75,9.5,2.0,11.25,-4.25
2019-12-12,2019-12-12 10:30:00,8437.25,8442.75,8426.25,8442.75,loss,5.5,-5.5,-1.0,3.0,-6.5
2019-12-12,2019-12-12 10:34:00,8441.25,8447.5,8428.75,8428.75,win,6.25,12.5,2.0,25.0,-5.0
2019-12-12,2019-12-12 10:35:00,8436.5,8443.25,8423.0,8443.25,loss,6.75,-6.75,-1.0,3.25,-8.0
2019-12-12,2019-12-12 10:41:00,8436.0,8442.5,8423.0,8442.5,loss,6.5,-6.5,-1.0,5.5,-7.25
2019-12-12,2019-12-12 10:42:00,8431.75,8438.25,8418.75,8438.25,loss,6.5,-6.5,-1.0,1.25,-6.75
2019-12-12,2019-12-12 10:55:00,8432.25,8441.5,8413.75,8413.75,win,9.25,18.5,2.0,21.0,-2.75
2019-12-12,2019-12-12 10:56:00,8427.25,8436.0,8409.75,8409.75,win,8.75,17.5,2.0,24.75,-7.75
2019-12-13,2019-12-13 08:50:00,8490.0,8496.25,8477.5,8496.25,loss,6.25,-6.25,-1.0,2.0,-8.75
2019-12-13,2019-12-13 09:55:00,8499.5,8506.75,8485.0,8506.75,loss,7.25,-7.25,-1.0,0.75,-9.0
2019-12-13,2019-12-13 10:20:00,8494.0,8500.5,8481.0,8481.0,win,6.5,13.0,2.0,13.0,-3.25
2019-12-13,2019-12-13 10:25:00,8487.75,8495.25,8472.75,8495.25,loss,7.5,-7.5,-1.0,6.75,-8.0
2019-12-17,2019-12-17 08:41:00,8605.75,8615.0,8587.25,8601.25,win,9.25,4.5,0.49,9.5,-8.0
2019-12-23,2019-12-23 09:06:00,8722.5,8729.5,8708.5,8729.5,loss,7.0,-7.0,-1.0,2.0,-7.0
2019-12-23,2019-12-23 09:27:00,8723.5,8726.75,8717.0,8726.75,loss,3.25,-3.25,-1.0,0.75,-3.75
2019-12-24,2019-12-24 08:34:00,8726.25,8733.0,8712.75,8712.75,win,6.75,13.5,2.0,17.25,0.0
2019-12-24,2019-12-24 08:35:00,8723.0,8727.25,8714.5,8714.5,win,4.25,8.5,2.0,8.5,-2.25
2019-12-24,2019-12-24 08:36:00,8720.0,8724.0,8712.0,8724.0,loss,4.0,-4.0,-1.0,1.25,-5.25
2019-12-27,2019-12-27 08:53:00,8804.5,8809.5,8794.5,8794.5,win,5.0,10.0,2.0,15.0,-2.75
2019-12-27,2019-12-27 08:56:00,8801.0,8807.5,8788.0,8788.0,win,6.5,13.0,2.0,15.0,-0.75
2019-12-27,2019-12-27 08:57:00,8797.0,8802.75,8785.5,8785.5,win,5.75,11.5,2.0,16.5,-1.75
2019-12-27,2019-12-27 08:58:00,8791.25,8799.75,8774.25,8799.75,loss,8.5,-8.5,-1.0,11.25,-8.75
2019-12-27,2019-12-27 08:59:00,8787.5,8793.25,8776.0,8793.25,loss,5.75,-5.75,-1.0,7.5,-7.25
2019-12-27,2019-12-27 09:00:00,8781.5,8791.0,8762.5,8791.0,loss,9.5,-9.5,-1.0,1.5,-11.0
2019-12-27,2019-12-27 09:29:00,8803.5,8809.75,8791.0,8809.75,loss,6.25,-6.25,-1.0,4.0,-7.5
2019-12-27,2019-12-27 09:33:00,8800.25,8807.5,8785.75,8807.5,loss,7.25,-7.25,-1.0,0.75,-10.75
2019-12-27,2019-12-27 09:39:00,8803.5,8808.0,8794.5,8808.0,loss,4.5,-4.5,-1.0,1.5,-5.5
2019-12-27,2019-12-27 09:42:00,8803.25,8808.5,8792.75,8808.5,loss,5.25,-5.25,-1.0,1.0,-5.75
2019-12-31,2019-12-31 09:03:00,8726.75,8734.0,8712.25,8712.25,win,7.25,14.5,2.0,17.5,-3.5
2019-12-31,2019-12-31 09:07:00,8716.75,8722.0,8706.25,8722.0,loss,5.25,-5.25,-1.0,2.25,-6.0
2020-01-02,2020-01-02 09:16:00,8811.75,8824.75,8785.75,8824.75,loss,13.0,-13.0,-1.0,9.5,-14.25
2020-01-07,2020-01-07 08:31:00,8862.0,8875.5,8835.0,8875.5,loss,13.5,-13.5,-1.0,5.0,-16.0
2020-01-07,2020-01-07 08:38:00,8868.25,8875.75,8853.25,8853.25,win,7.5,15.0,2.0,28.25,0.0
2020-01-07,2020-01-07 08:39:00,8855.25,8869.25,8827.25,8869.25,loss,14.0,-14.0,-1.0,20.75,-14.5
2020-01-07,2020-01-07 08:40:00,8845.0,8856.5,8822.0,8856.5,loss,11.5,-11.5,-1.0,10.5,-17.5
2020-01-07,2020-01-07 09:26:00,8860.25,8868.0,8844.75,8868.0,loss,7.75,-7.75,-1.0,5.5,-12.25
2020-01-10,2020-01-10 08:31:00,9034.75,9042.75,9018.75,9018.75,win,8.0,16.0,2.0,19.0,-1.25
2020-01-10,2020-01-10 08:33:00,9029.0,9035.5,9016.0,9016.0,win,6.5,13.0,2.0,13.25,-1.5
2020-01-10,2020-01-10 08:34:00,9022.75,9031.5,9005.25,9005.25,win,8.75,17.5,2.0,18.25,-3.5
2020-01-10,2020-01-10 08:35:00,9018.5,9027.25,9001.0,9027.25,loss,8.75,-8.75,-1.0,14.0,-11.25
2020-01-10,2020-01-10 08:37:00,9017.75,9025.25,9002.75,9025.25,loss,7.5,-7.5,-1.0,13.25,-8.5
2020-01-10,2020-01-10 08:38:00,9012.75,9021.0,8996.25,9021.0,loss,8.25,-8.25,-1.0,8.25,-8.25
2020-01-10,2020-01-10 08:39:00,9008.0,9016.0,8992.0,9016.0,loss,8.0,-8.0,-1.0,3.5,-10.25
2020-01-10,2020-01-10 10:32:00,9016.25,9022.0,9004.75,9022.0,loss,5.75,-5.75,-1.0,3.25,-7.25
2020-01-10,2020-01-10 10:49:00,9014.25,9019.0,9004.75,9019.0,loss,4.75,-4.75,-1.0,4.0,-7.5
2020-01-10,2020-01-10 10:50:00,9010.75,9016.25,8999.75,9016.25,loss,5.5,-5.5,-1.0,0.5,-5.5
2020-01-13,2020-01-13 08:42:00,9011.25,9022.5,8988.75,9022.5,loss,11.25,-11.25,-1.0,7.5,-11.75
2020-01-16,2020-01-16 09:39:00,9098.75,9106.0,9084.25,9106.0,loss,7.25,-7.25,-1.0,1.0,-8.0
2020-01-16,2020-01-16 09:54:00,9095.0,9100.75,9083.5,9100.75,loss,5.75,-5.75,-1.0,5.25,-8.0
2020-01-16,2020-01-16 10:09:00,9098.0,9102.0,9090.0,9090.0,win,4.0,8.0,2.0,12.0,-1.5
2020-01-16,2020-01-16 10:12:00,9092.0,9097.75,9080.5,9080.5,win,5.75,11.5,2.0,15.5,-0.5
2020-01-16,2020-01-16 10:13:00,9088.25,9093.5,9077.75,9077.75,win,5.25,10.5,2.0,11.75,-3.0
2020-01-16,2020-01-16 10:15:00,9085.75,9092.25,9072.75,9092.25,loss,6.5,-6.5,-1.0,9.25,-7.25
2020-01-16,2020-01-16 10:16:00,9082.75,9089.25,9069.75,9089.25,loss,6.5,-6.5,-1.0,6.25,-6.5
2020-01-16,2020-01-16 10:57:00,9094.25,9097.25,9088.25,9097.25,loss,3.0,-3.0,-1.0,1.5,-4.25
2020-01-16,2020-01-16 11:00:00,9094.0,9097.25,9087.5,9097.25,loss,3.25,-3.25,-1.0,0.25,-4.5
2020-01-17,2020-01-17 08:37:00,9150.75,9163.25,9125.75,9163.25,loss,12.5,-12.5,-1.0,10.75,-14.25
2020-01-17,2020-01-17 08:39:00,9145.75,9155.25,9126.75,9155.25,loss,9.5,-9.5,-1.0,5.75,-9.5
2020-01-17,2020-01-17 09:07:00,9156.25,9161.0,9146.75,9161.0,loss,4.75,-4.75,-1.0,1.75,-4.75
2020-01-17,2020-01-17 09:12:00,9153.75,9159.5,9142.25,9159.5,loss,5.75,-5.75,-1.0,8.5,-6.25
2020-01-17,2020-01-17 09:13:00,9149.75,9155.5,9138.25,9155.5,loss,5.75,-5.75,-1.0,4.5,-6.0
2020-01-17,2020-01-17 09:16:00,9146.25,9152.25,9134.25,9152.25,loss,6.0,-6.0,-1.0,1.0,-7.75
2020-01-17,2020-01-17 09:37:00,9156.0,9161.25,9145.5,9145.5,win,5.25,10.5,2.0,10.5,-2.5
2020-01-17,2020-01-17 09:40:00,9154.5,9159.0,9145.5,9145.5,win,4.5,9.0,2.0,9.0,-3.25
2020-01-17,2020-01-17 10:14:00,9134.25,9141.5,9119.75,9141.5,loss,7.25,-7.25,-1.0,4.25,-7.5
2020-01-17,2020-01-17 10:15:00,9131.0,9137.75,9117.5,9137.75,loss,6.75,-6.75,-1.0,1.0,-7.0
2020-01-17,2020-01-17 10:43:00,9139.25,9144.5,9128.75,9144.5,loss,5.25,-5.25,-1.0,0.0,-5.25
2020-01-17,2020-01-17 10:47:00,9141.5,9144.25,9136.0,9144.25,loss,2.75,-2.75,-1.0,3.0,-3.0
2020-01-17,2020-01-17 10:49:00,9138.75,9143.5,9129.25,9143.5,loss,4.75,-4.75,-1.0,0.0,-4.75
2020-01-20,2020-01-20 09:33:00,9167.75,9170.5,9162.25,9162.25,win,2.75,5.5,2.0,6.5,-0.75
2020-01-20,2020-01-20 09:34:00,9166.5,9169.5,9160.5,9169.5,loss,3.0,-3.0,-1.0,5.25,-4.25
2020-01-20,2020-01-20 09:35:00,9164.0,9167.5,9157.0,9167.5,loss,3.5,-3.5,-1.0,2.75,-3.5
2020-01-20,2020-01-20 09:36:00,9162.5,9166.0,9155.5,9166.0,loss,3.5,-3.5,-1.0,0.0,-5.0
2020-01-20,2020-01-20 09:41:00,9164.25,9167.0,9158.75,9167.0,loss,2.75,-2.75,-1.0,0.0,-2.75
2020-01-20,2020-01-20 10:06:00,9166.0,9169.0,9160.0,9169.0,loss,3.0,-3.0,-1.0,1.0,-3.25
2020-01-22,2020-01-22 10:14:00,9225.75,9233.0,9211.25,9233.0,loss,7.25,-7.25,-1.0,7.25,-8.25
2020-01-22,2020-01-22 10:15:00,9219.5,9227.5,9203.5,9227.5,loss,8.0,-8.0,-1.0,1.0,-8.0
2020-01-22,2020-01-22 10:58:00,9227.5,9231.75,9219.0,9231.75,loss,4.25,-4.25,-1.0,0.0,-6.25
2020-01-24,2020-01-24 08:33:00,9272.5,9284.25,9249.0,9249.0,win,11.75,23.5,2.0,24.25,-3.25
2020-01-24,2020-01-24 08:35:00,9264.0,9274.5,9243.0,9243.0,win,10.5,21.0,2.0,24.75,-9.75
2020-01-24,2020-01-24 08:48:00,9259.0,9268.0,9241.0,9268.0,loss,9.0,-9.0,-1.0,1.0,-9.25
2020-01-24,2020-01-24 09:19:00,9248.75,9255.75,9234.75,9234.75,win,7.0,14.0,2.0,16.25,-2.5
2020-01-24,2020-01-24 09:21:00,9242.75,9250.25,9227.75,9250.25,loss,7.5,-7.5,-1.0,14.25,-8.75
2020-01-24,2020-01-24 10:14:00,9252.25,9256.0,9244.75,9244.75,win,3.75,7.5,2.0,27.25,-2.0
2020-01-24,2020-01-24 10:15:00,9249.75,9255.25,9238.75,9238.75,win,5.5,11.0,2.0,24.75,-4.5
2020-01-24,2020-01-24 10:18:00,9246.75,9252.0,9236.25,9236.25,win,5.25,10.5,2.0,21.75,0.0
2020-01-24,2020-01-24 10:19:00,9228.0,9247.75,9188.5,9188.5,win,19.75,39.5,2.0,43.0,-10.25
2020-01-27,2020-01-27 08:56:00,8980.75,8991.0,8960.25,8960.25,win,10.25,20.5,2.0,21.25,-5.25
2020-01-27,2020-01-27 09:01:00,8975.0,8987.0,8951.0,8987.0,loss,12.0,-12.0,-1.0,16.5,-19.0
2020-01-27,2020-01-27 09:02:00,8966.5,8977.0,8945.5,8977.0,loss,10.5,-10.5,-1.0,8.0,-14.25
2020-01-27,2020-01-27 09:37:00,8973.25,8983.0,8953.75,8983.0,loss,9.75,-9.75,-1.0,1.0,-12.75
2020-01-29,2020-01-29 08:49:00,9127.25,9133.25,9115.25,9115.25,win,6.0,12.0,2.0,16.5,-0.75
2020-01-29,2020-01-29 08:50:00,9120.5,9129.0,9103.5,9103.5,win,8.5,17.0,2.0,19.75,-7.0
2020-01-29,2020-01-29 08:55:00,9119.75,9126.0,9107.25,9107.25,win,6.25,12.5,2.0,12.5,0.0
2020-02-05,2020-02-05 09:27:00,9357.0,9374.25,9322.5,9322.5,win,17.25,34.5,2.0,39.25,0.0
2020-02-05,2020-02-05 09:28:00,9348.25,9358.0,9328.75,9328.75,win,9.75,19.5,2.0,21.25,-6.25
2020-02-05,2020-02-05 09:31:00,9342.75,9354.75,9318.75,9318.75,win,12.0,24.0,2.0,25.0,-11.75
2020-02-05,2020-02-05 10:25:00,9354.5,9360.5,9342.5,9360.5,loss,6.0,-6.0,-1.0,6.5,-6.0
2020-02-11,2020-02-11 10:37:00,9573.0,9580.25,9558.5,9558.5,win,7.25,14.5,2.0,16.25,-1.25
2020-02-11,2020-02-11 10:38:00,9568.25,9575.25,9554.25,9554.25,win,7.0,14.0,2.0,15.5,0.0
2020-02-11,2020-02-11 10:39:00,9560.25,9569.25,9542.25,9569.25,loss,9.0,-9.0,-1.0,7.5,-11.5
2020-02-12,2020-02-12 08:52:00,9569.0,9576.75,9553.5,9576.75,loss,7.75,-7.75,-1.0,8.0,-7.75
2020-02-12,2020-02-12 08:56:00,9566.0,9572.0,9554.0,9572.0,loss,6.0,-6.0,-1.0,5.0,-7.0
2020-02-12,2020-02-12 09:05:00,9565.75,9577.75,9541.75,9577.75,loss,12.0,-12.0,-1.0,6.5,-12.75
2020-02-12,2020-02-12 09:08:00,9559.75,9571.5,9536.25,9571.5,loss,11.75,-11.75,-1.0,0.25,-12.0
2020-02-13,2020-02-13 09:02:00,9559.5,9569.75,9539.0,9569.75,loss,10.25,-10.25,-1.0,5.25,-11.5
2020-02-17,2020-02-17 08:46:00,9657.75,9663.5,9646.25,9663.5,loss,5.75,-5.75,-1.0,2.0,-6.5
2020-02-18,2020-02-18 10:29:00,9589.0,9597.0,9573.0,9597.0,loss,8.0,-8.0,-1.0,0.75,-10.0
2020-02-18,2020-02-18 10:40:00,9588.0,9593.5,9577.0,9593.5,loss,5.5,-5.5,-1.0,9.75,-5.5
2020-02-18,2020-02-18 10:45:00,9579.0,9584.25,9568.5,9584.25,loss,5.25,-5.25,-1.0,0.5,-6.75
2020-02-20,2020-02-20 09:17:00,9713.5,9718.75,9703.0,9703.0,win,5.25,10.5,2.0,15.25,-3.0
2020-02-20,2020-02-20 09:20:00,9711.75,9717.5,9700.25,9700.25,win,5.75,11.5,2.0,13.5,-1.0
2020-02-20,2020-02-20 09:21:00,9709.0,9713.75,9699.5,9699.5,win,4.75,9.5,2.0,10.75,-0.25
2020-02-20,2020-02-20 09:22:00,9706.0,9710.25,9697.5,9697.5,win,4.25,8.5,2.0,8.75,-0.25
2020-02-20,2020-02-20 09:23:00,9700.0,9707.25,9685.5,9707.25,loss,7.25,-7.25,-1.0,2.75,-7.25
2020-02-25,2020-02-25 08:33:00,9144.0,9178.5,9075.0,9075.0,win,34.5,69.0,2.0,75.75,-33.75
2020-02-25,2020-02-25 08:35:00,9134.75,9155.25,9093.75,9155.25,loss,20.5,-20.5,-1.0,1.25,-32.5
2020-02-25,2020-02-25 08:37:00,9134.75,9154.25,9095.75,9154.25,loss,19.5,-19.5,-1.0,0.5,-32.5
2020-02-27,2020-02-27 10:24:00,8691.0,8719.75,8633.5,8633.5,win,28.75,57.5,2.0,57.75,-4.0
2020-03-02,2020-03-02 08:40:00,8491.5,8523.0,8428.5,8523.0,loss,31.5,-31.5,-1.0,0.5,-41.75
2020-03-03,2020-03-03 08:36:00,8831.5,8854.5,8785.5,8785.5,win,23.0,46.0,2.0,50.5,-11.5
2020-03-03,2020-03-03 08:37:00,8812.75,8834.25,8769.75,8834.25,loss,21.5,-21.5,-1.0,11.25,-24.5
2020-03-03,2020-03-03 09:16:00,8829.5,8879.75,8729.0,8879.75,loss,50.25,-50.25,-1.0,1.5,-56.0
2020-03-03,2020-03-03 10:13:00,8801.25,8830.0,8743.75,8830.0,loss,28.75,-28.75,-1.0,15.5,-35.75
2020-03-04,2020-03-04 08:38:00,8700.25,8723.75,8653.25,8723.75,loss,23.5,-23.5,-1.0,13.25,-24.25
2020-03-04,2020-03-04 08:50:00,8697.25,8719.0,8653.75,8719.0,loss,21.75,-21.75,-1.0,32.0,-25.25
2020-03-04,2020-03-04 08:55:00,8672.25,8693.0,8630.75,8693.0,loss,20.75,-20.75,-1.0,6.25,-22.0
2020-03-04,2020-03-04 09:04:00,8693.25,8717.25,8645.25,8717.25,loss,24.0,-24.0,-1.0,12.5,-34.25
2020-03-04,2020-03-04 09:06:00,8683.0,8706.0,8637.0,8706.0,loss,23.0,-23.0,-1.0,2.25,-30.0
2020-03-04,2020-03-04 09:57:00,8708.25,8724.25,8676.25,8724.25,loss,16.0,-16.0,-1.0,0.0,-24.75
2020-03-04,2020-03-04 10:04:00,8719.0,8740.75,8675.5,8740.75,loss,21.75,-21.75,-1.0,19.5,-22.75
2020-03-04,2020-03-04 10:08:00,8709.25,8727.0,8673.75,8727.0,loss,17.75,-17.75,-1.0,9.75,-20.0
2020-03-04,2020-03-04 10:43:00,8707.5,8733.5,8655.5,8733.5,loss,26.0,-26.0,-1.0,5.75,-30.5
2020-03-04,2020-03-04 10:50:00,8705.0,8722.75,8669.5,8722.75,loss,17.75,-17.75,-1.0,0.5,-23.75
2020-03-04,2020-03-04 10:53:00,8712.5,8728.0,8681.5,8728.0,loss,15.5,-15.5,-1.0,9.5,-18.75
2020-03-05,2020-03-05 08:50:00,8740.25,8761.0,8698.75,8761.0,loss,20.75,-20.75,-1.0,34.0,-26.25
2020-03-05,2020-03-05 08:56:00,8719.25,8737.5,8682.75,8737.5,loss,18.25,-18.25,-1.0,13.0,-21.75
2020-03-05,2020-03-05 09:05:00,8721.5,8738.5,8687.5,8738.5,loss,17.0,-17.0,-1.0,6.5,-17.0
2020-03-06,2020-03-06 08:49:00,8404.5,8425.5,8362.5,8425.5,loss,21.0,-21.0,-1.0,41.0,-33.0
2020-03-12,2020-03-12 08:56:00,7585.75,7610.0,7537.25,7537.25,win,24.25,48.5,2.0,53.25,-16.5
2020-03-12,2020-03-12 09:01:00,7559.5,7585.5,7507.5,7507.5,win,26.0,52.0,2.0,52.75,-1.0
2020-03-20,2020-03-20 09:21:00,7364.5,7385.75,7322.0,7322.0,win,21.25,42.5,2.0,63.25,-4.5
2020-03-20,2020-03-20 09:22:00,7334.75,7370.0,7264.25,7370.0,loss,35.25,-35.25,-1.0,38.0,-39.25
2020-03-20,2020-03-20 09:25:00,7301.25,7338.25,7227.25,7338.25,loss,37.0,-37.0,-1.0,4.5,-51.5
2020-03-20,2020-03-20 09:46:00,7314.0,7338.0,7266.0,7338.0,loss,24.0,-24.0,-1.0,13.5,-24.0
2020-03-23,2020-03-23 09:44:00,6778.75,6819.75,6696.75,6819.75,loss,41.0,-41.0,-1.0,18.75,-45.0
2020-03-23,2020-03-23 09:57:00,6806.5,6827.0,6765.5,6827.0,loss,20.5,-20.5,-1.0,11.25,-33.25
2020-03-27,2020-03-27 09:22:00,7662.25,7678.25,7630.25,7630.25,win,16.0,32.0,2.0,33.25,-8.25
2020-03-27,2020-03-27 09:24:00,7648.0,7671.5,7601.0,7601.0,win,23.5,47.0,2.0,48.5,-21.25
2020-03-31,2020-03-31 10:26:00,7875.25,7889.75,7846.25,7846.25,win,14.5,29.0,2.0,34.75,-2.25
2020-03-31,2020-03-31 10:27:00,7866.0,7878.5,7841.0,7841.0,win,12.5,25.0,2.0,25.5,-7.5
2020-03-31,2020-03-31 10:32:00,7858.25,7869.25,7836.25,7836.25,win,11.0,22.0,2.0,32.25,-6.75
2020-04-07,2020-04-07 08:49:00,8098.0,8113.5,8067.0,8113.5,loss,15.5,-15.5,-1.0,26.75,-22.0
2020-04-07,2020-04-07 08:50:00,8084.5,8101.25,8051.0,8101.25,loss,16.75,-16.75,-1.0,13.25,-24.0
2020-04-07,2020-04-07 09:02:00,8085.0,8105.75,8043.5,8105.75,loss,20.75,-20.75,-1.0,9.0,-26.25
2020-04-09,2020-04-09 08:53:00,8208.0,8222.0,8180.0,8222.0,loss,14.0,-14.0,-1.0,7.5,-14.5
2020-04-09,2020-04-09 08:55:00,8204.5,8221.25,8171.0,8221.25,loss,16.75,-16.75,-1.0,0.5,-18.0
2020-04-09,2020-04-09 09:01:00,8205.0,8229.75,8155.5,8229.75,loss,24.75,-24.75,-1.0,40.75,-25.25
2020-04-09,2020-04-09 09:06:00,8181.25,8199.25,8145.25,8199.25,loss,18.0,-18.0,-1.0,7.0,-19.75
2020-04-13,2020-04-13 09:01:00,8164.5,8179.75,8134.0,8179.75,loss,15.25,-15.25,-1.0,23.25,-18.0
2020-04-13,2020-04-13 09:03:00,8160.5,8174.5,8132.5,8174.5,loss,14.0,-14.0,-1.0,19.25,-14.0
2020-04-13,2020-04-13 09:06:00,8153.0,8166.75,8125.5,8166.75,loss,13.75,-13.75,-1.0,11.75,-16.75
2020-04-13,2020-04-13 09:09:00,8146.75,8156.0,8128.25,8156.0,loss,9.25,-9.25,-1.0,5.5,-12.25
2020-04-15,2020-04-15 09:03:00,8556.0,8568.75,8530.5,8568.75,loss,12.75,-12.75,-1.0,12.5,-17.75
2020-04-15,2020-04-15 09:06:00,8550.5,8561.75,8528.0,8561.75,loss,11.25,-11.25,-1.0,7.0,-12.25
2020-04-15,2020-04-15 09:17:00,8551.25,8561.0,8531.75,8531.75,win,9.75,19.5,2.0,24.0,-3.25
2020-04-15,2020-04-15 09:21:00,8540.5,8552.75,8516.0,8552.75,loss,12.25,-12.25,-1.0,16.5,-20.0
2020-04-15,2020-04-15 10:41:00,8557.25,8565.75,8540.25,8565.75,loss,8.5,-8.5,-1.0,0.75,-12.75
2020-04-16,2020-04-16 10:27:00,8663.75,8682.0,8627.25,8627.25,win,18.25,36.5,2.0,50.5,-17.75
2020-04-16,2020-04-16 10:37:00,8607.25,8632.25,8557.25,8632.25,loss,25.0,-25.0,-1.0,0.0,-26.25
2020-04-23,2020-04-23 10:45:00,8699.0,8757.25,8582.5,8637.75,win,58.25,61.25,1.05,91.5,-35.25
2020-04-23,2020-04-23 10:46:00,8645.25,8718.75,8498.25,8718.75,loss,73.5,-73.5,-1.0,33.0,-79.5
2020-04-23,2020-04-23 10:47:00,8618.5,8688.5,8478.5,8688.5,loss,70.0,-70.0,-1.0,2.5,-99.0
2020-04-23,2020-04-23 10:51:00,8666.25,8694.0,8610.75,8694.0,loss,27.75,-27.75,-1.0,14.25,-34.5
2020-05-07,2020-05-07 08:48:00,9048.25,9060.25,9024.25,9060.25,loss,12.0,-12.0,-1.0,18.0,-14.0
2020-05-07,2020-05-07 08:49:00,9035.5,9050.25,9006.0,9050.25,loss,14.75,-14.75,-1.0,2.25,-15.25
2020-05-13,2020-05-13 09:06:00,9108.0,9120.75,9082.5,9120.75,loss,12.75,-12.75,-1.0,5.0,-18.0
2020-05-13,2020-05-13 09:20:00,9109.75,9130.5,9068.25,9068.25,win,20.75,41.5,2.0,49.25,-0.75
2020-05-13,2020-05-13 09:21:00,9099.25,9111.5,9074.75,9074.75,win,12.25,24.5,2.0,29.75,0.0
2020-05-13,2020-05-13 09:22:00,9088.25,9100.25,9064.25,9064.25,win,12.0,24.0,2.0,27.75,-4.25
2020-05-13,2020-05-13 09:23:00,9073.0,9093.5,9032.0,9032.0,win,20.5,41.0,2.0,42.0,-18.75
2020-06-02,2020-06-02 08:34:00,9598.75,9605.0,9586.25,9586.25,win,6.25,12.5,2.0,21.75,-0.5
2020-06-02,2020-06-02 08:35:00,9591.5,9600.25,9574.0,9574.0,win,8.75,17.5,2.0,26.5,-7.25
2020-06-02,2020-06-02 08:40:00,9592.25,9599.0,9578.75,9578.75,win,6.75,13.5,2.0,15.25,-3.0
2020-06-02,2020-06-02 08:41:00,9579.0,9596.25,9544.5,9544.5,win,17.25,34.5,2.0,37.5,-6.75
2020-06-03,2020-06-03 09:22:00,9676.75,9687.0,9656.25,9687.0,loss,10.25,-10.25,-1.0,4.5,-13.25
2020-06-03,2020-06-03 09:45:00,9668.5,9675.5,9654.5,9675.5,loss,7.0,-7.0,-1.0,7.25,-8.0
2020-06-03,2020-06-03 09:48:00,9664.25,9674.5,9643.75,9674.5,loss,10.25,-10.25,-1.0,0.0,-12.25
2020-06-03,2020-06-03 09:55:00,9673.75,9679.0,9663.25,9679.0,loss,5.25,-5.25,-1.0,0.0,-7.0
2020-06-03,2020-06-03 10:01:00,9669.5,9676.5,9655.5,9655.5,win,7.0,14.0,2.0,19.5,-6.75
2020-06-03,2020-06-03 10:05:00,9669.25,9675.5,9656.75,9656.75,win,6.25,12.5,2.0,13.0,-3.75
2020-06-03,2020-06-03 10:08:00,9666.0,9673.25,9651.5,9651.5,win,7.25,14.5,2.0,16.0,-0.5
2020-06-03,2020-06-03 10:09:00,9659.25,9667.5,9642.75,9642.75,win,8.25,16.5,2.0,18.5,-1.75
2020-06-03,2020-06-03 10:10:00,9651.75,9662.0,9631.25,9662.0,loss,10.25,-10.25,-1.0,11.0,-10.5
2020-06-03,2020-06-03 10:48:00,9668.25,9672.5,9659.75,9672.5,loss,4.25,-4.25,-1.0,1.25,-6.5
2020-06-03,2020-06-03 10:53:00,9668.5,9673.75,9658.0,9673.75,loss,5.25,-5.25,-1.0,9.75,-6.25
2020-06-03,2020-06-03 11:00:00,9662.75,9670.0,9648.25,9670.0,loss,7.25,-7.25,-1.0,4.0,-9.25
2020-06-04,2020-06-04 09:10:00,9687.5,9694.5,9673.5,9673.5,win,7.0,14.0,2.0,19.75,-1.25
2020-06-04,2020-06-04 09:11:00,9675.5,9689.75,9647.0,9647.0,win,14.25,28.5,2.0,33.25,-9.75
2020-06-04,2020-06-04 09:13:00,9668.75,9684.25,9637.75,9637.75,win,15.5,31.0,2.0,31.5,-5.25
2020-06-11,2020-06-11 08:44:00,9951.75,9963.75,9927.75,9927.75,win,12.0,24.0,2.0,26.0,-10.25
2020-06-11,2020-06-11 08:47:00,9941.5,9957.0,9910.5,9910.5,win,15.5,31.0,2.0,35.25,-4.25
2020-06-12,2020-06-12 08:38:00,9725.25,9752.25,9671.25,9671.25,win,27.0,54.0,2.0,58.5,-22.5
2020-06-12,2020-06-12 08:40:00,9708.75,9737.25,9651.75,9737.25,loss,28.5,-28.5,-1.0,1.5,-30.25
2020-06-12,2020-06-12 08:48:00,9720.5,9748.75,9664.0,9664.0,win,28.25,56.5,2.0,58.75,-1.5
2020-06-12,2020-06-12 08:51:00,9710.25,9723.0,9684.75,9684.75,win,12.75,25.5,2.0,37.75,-0.75
2020-06-12,2020-06-12 08:52:00,9693.5,9712.0,9656.5,9656.5,win,18.5,37.0,2.0,38.0,-8.25
2020-06-12,2020-06-12 08:54:00,9675.75,9691.0,9645.25,9645.25,win,15.25,30.5,2.0,45.25,-3.5
2020-06-16,2020-06-16 08:42:00,9939.0,9957.25,9902.5,9902.5,win,18.25,36.5,2.0,41.25,-12.75
2020-06-16,2020-06-16 08:46:00,9916.25,9935.0,9878.75,9935.0,loss,18.75,-18.75,-1.0,4.25,-21.25
2020-06-16,2020-06-16 09:01:00,9798.0,9832.25,9729.5,9832.25,loss,34.25,-34.25,-1.0,11.5,-47.5
2020-06-17,2020-06-17 09:16:00,9985.25,9999.5,9956.75,9999.5,loss,14.25,-14.25,-1.0,0.0,-17.5
2020-06-17,2020-06-17 09:21:00,9984.75,9994.5,9965.25,9994.5,loss,9.75,-9.75,-1.0,11.25,-12.0
2020-06-17,2020-06-17 09:50:00,9986.75,9995.75,9968.75,9995.75,loss,9.0,-9.0,-1.0,3.5,-14.25
2020-06-17,2020-06-17 09:54:00,9984.25,9992.0,9968.75,9992.0,loss,7.75,-7.75,-1.0,0.0,-11.25
2020-06-19,2020-06-19 10:13:00,10023.25,10033.5,10002.75,10002.75,win,10.25,20.5,2.0,35.25,-2.25
2020-06-19,2020-06-19 10:14:00,10004.25,10026.5,9959.75,9959.75,win,22.25,44.5,2.0,47.0,-5.0
2020-06-19,2020-06-19 10:15:00,9988.25,10010.25,9944.25,9944.25,win,22.0,44.0,2.0,51.5,-12.5
2020-06-19,2020-06-19 10:17:00,9983.5,10001.5,9947.5,9947.5,win,18.0,36.0,2.0,38.75,-0.75
2020-06-19,2020-06-19 10:19:00,9957.25,9984.0,9903.75,9984.0,loss,26.75,-26.75,-1.0,20.75,-28.75
2020-07-07,2020-07-07 10:44:00,10611.5,10624.0,10586.5,10624.0,loss,12.5,-12.5,-1.0,1.5,-15.5
2020-07-08,2020-07-08 09:19:00,10561.25,10580.75,10522.25,10522.25,win,19.5,39.0,2.0,44.25,-1.5
2020-07-08,2020-07-08 09:20:00,10547.25,10563.75,10514.25,10514.25,win,16.5,33.0,2.0,34.75,-8.25
2020-07-08,2020-07-08 09:21:00,10529.75,10556.5,10476.25,10556.5,loss,26.75,-26.75,-1.0,17.25,-28.0
2020-07-08,2020-07-08 09:23:00,10517.75,10537.25,10478.75,10537.25,loss,19.5,-19.5,-1.0,5.25,-20.75
2020-07-09,2020-07-09 08:40:00,10683.0,10697.25,10654.5,10654.5,win,14.25,28.5,2.0,33.75,-3.5
2020-07-09,2020-07-09 08:42:00,10668.5,10681.5,10642.5,10642.5,win,13.0,26.0,2.0,26.25,-10.0
2020-07-09,2020-07-09 08:44:00,10649.25,10668.75,10610.25,10610.25,win,19.5,39.0,2.0,52.5,-14.75
2020-07-15,2020-07-15 08:57:00,10711.5,10736.25,10662.0,10662.0,win,24.75,49.5,2.0,68.0,-9.5
2020-07-15,2020-07-15 09:00:00,10704.25,10721.25,10670.25,10670.25,win,17.0,34.0,2.0,41.0,-6.75
2020-07-15,2020-07-15 09:01:00,10694.25,10712.0,10658.75,10658.75,win,17.75,35.5,2.0,50.75,-5.5
2020-07-17,2020-07-17 09:45:00,10595.25,10610.5,10564.75,10610.5,loss,15.25,-15.25,-1.0,15.5,-16.75
2020-07-17,2020-07-17 09:47:00,10589.0,10597.75,10571.5,10597.75,loss,8.75,-8.75,-1.0,9.25,-14.0
2020-07-17,2020-07-17 09:48:00,10583.5,10594.0,10562.5,10594.0,loss,10.5,-10.5,-1.0,3.75,-11.0
2020-07-24,2020-07-24 10:42:00,10440.0,10450.0,10420.0,10450.0,loss,10.0,-10.0,-1.0,19.75,-13.25
2020-07-27,2020-07-27 09:28:00,10543.25,10553.75,10522.25,10553.75,loss,10.5,-10.5,-1.0,13.5,-10.75
2020-07-27,2020-07-27 09:29:00,10535.75,10546.0,10515.25,10546.0,loss,10.25,-10.25,-1.0,6.0,-12.25
2020-07-27,2020-07-27 09:36:00,10528.0,10547.75,10488.5,10547.75,loss,19.75,-19.75,-1.0,16.5,-19.75
2020-07-28,2020-07-28 09:48:00,10626.75,10636.0,10608.25,10608.25,win,9.25,18.5,2.0,19.25,-8.25
2020-08-05,2020-08-05 09:28:00,11099.0,11107.25,11082.5,11107.25,loss,8.25,-8.25,-1.0,2.0,-9.0
2020-08-05,2020-08-05 09:43:00,11097.75,11105.0,11083.25,11105.0,loss,7.25,-7.25,-1.0,13.0,-7.25
2020-08-05,2020-08-05 09:52:00,11088.5,11097.0,11071.5,11097.0,loss,8.5,-8.5,-1.0,3.75,-12.25
2020-08-05,2020-08-05 09:59:00,11095.25,11101.0,11083.75,11101.0,loss,5.75,-5.75,-1.0,5.25,-6.25
2020-08-05,2020-08-05 10:00:00,11090.5,11097.5,11076.5,11097.5,loss,7.0,-7.0,-1.0,0.0,-9.25
2020-08-05,2020-08-05 10:07:00,11096.0,11102.75,11082.5,11102.75,loss,6.75,-6.75,-1.0,4.5,-7.5
2020-08-05,2020-08-05 10:27:00,11096.25,11101.5,11085.75,11101.5,loss,5.25,-5.25,-1.0,5.75,-7.5
2020-08-05,2020-08-05 10:36:00,11098.5,11105.75,11084.0,11105.75,loss,7.25,-7.25,-1.0,0.0,-8.75
2020-08-05,2020-08-05 10:44:00,11099.5,11105.5,11087.5,11105.5,loss,6.0,-6.0,-1.0,1.0,-6.0
2020-08-05,2020-08-05 10:50:00,11097.0,11104.25,11082.5,11104.25,loss,7.25,-7.25,-1.0,3.75,-8.0
2020-08-05,2020-08-05 10:51:00,11094.0,11101.25,11079.5,11101.25,loss,7.25,-7.25,-1.0,0.75,-8.0
2020-08-07,2020-08-07 09:19:00,11216.75,11226.0,11198.25,11226.0,loss,9.25,-9.25,-1.0,1.25,-9.75
2020-08-11,2020-08-11 09:52:00,11025.0,11042.5,10990.0,11042.5,loss,17.5,-17.5,-1.0,12.5,-20.0
2020-08-11,2020-08-11 09:55:00,11017.25,11026.5,10998.75,11026.5,loss,9.25,-9.25,-1.0,1.0,-15.75
2020-08-24,2020-08-24 08:41:00,11608.0,11626.0,11572.0,11572.0,win,18.0,36.0,2.0,41.75,-7.75
2020-08-24,2020-08-24 08:43:00,11604.0,11616.75,11578.5,11578.5,win,12.75,25.5,2.0,28.5,-8.5
2020-08-24,2020-08-24 08:46:00,11593.25,11613.0,11553.75,11553.75,win,19.75,39.5,2.0,49.5,-0.75
2020-08-24,2020-08-24 08:54:00,11545.75,11567.75,11501.75,11567.75,loss,22.0,-22.0,-1.0,17.5,-22.25
2020-08-24,2020-08-24 09:27:00,11576.5,11586.0,11557.5,11557.5,win,9.5,19.0,2.0,20.5,-4.25
2020-08-24,2020-08-24 09:28:00,11565.25,11581.75,11532.25,11581.75,loss,16.5,-16.5,-1.0,9.25,-16.5
2020-08-24,2020-08-24 09:39:00,11585.5,11596.75,11563.0,11596.75,loss,11.25,-11.25,-1.0,1.75,-14.25
2020-08-24,2020-08-24 09:52:00,11602.25,11616.75,11573.25,11616.75,loss,14.5,-14.5,-1.0,3.5,-15.75
2020-08-24,2020-08-24 09:59:00,11613.0,11623.75,11591.5,11623.75,loss,10.75,-10.75,-1.0,3.75,-18.75
2020-08-24,2020-08-24 10:07:00,11622.75,11634.0,11600.25,11634.0,loss,11.25,-11.25,-1.0,2.0,-16.75
2020-08-24,2020-08-24 10:38:00,11612.5,11622.75,11592.0,11622.75,loss,10.25,-10.25,-1.0,16.25,-12.75
2020-08-24,2020-08-24 10:42:00,11610.5,11618.25,11595.0,11618.25,loss,7.75,-7.75,-1.0,14.25,-10.25
2020-08-24,2020-08-24 10:43:00,11602.75,11612.5,11583.25,11612.5,loss,9.75,-9.75,-1.0,6.5,-11.0
2020-08-27,2020-08-27 10:20:00,11961.75,11977.0,11931.25,11977.0,loss,15.25,-15.25,-1.0,13.75,-15.75
2020-08-27,2020-08-27 10:26:00,11967.25,11977.25,11947.25,11977.25,loss,10.0,-10.0,-1.0,0.0,-14.5
2020-08-27,2020-08-27 10:30:00,11953.75,11970.75,11919.75,11919.75,win,17.0,34.0,2.0,41.5,-13.0
2020-08-31,2020-08-31 09:27:00,12024.0,12046.25,11979.5,12046.25,loss,22.25,-22.25,-1.0,7.75,-25.75
2020-08-31,2020-08-31 09:34:00,12026.0,12041.75,11994.5,12041.75,loss,15.75,-15.75,-1.0,3.75,-21.5
2020-09-02,2020-09-02 08:39:00,12314.25,12333.0,12276.75,12333.0,loss,18.75,-18.75,-1.0,31.75,-22.5
2020-09-02,2020-09-02 08:40:00,12299.75,12316.25,12266.75,12316.25,loss,16.5,-16.5,-1.0,17.25,-23.5
2020-09-02,2020-09-02 08:41:00,12289.0,12304.5,12258.0,12304.5,loss,15.5,-15.5,-1.0,2.25,-20.5
2020-09-02,2020-09-02 08:59:00,12320.25,12336.0,12288.75,12288.75,win,15.75,31.5,2.0,32.0,-7.25
2020-09-10,2020-09-10 08:47:00,11456.5,11481.75,11406.0,11481.75,loss,25.25,-25.25,-1.0,18.75,-28.25
2020-09-10,2020-09-10 08:50:00,11445.0,11470.75,11393.5,11470.75,loss,25.75,-25.75,-1.0,7.25,-36.5
2020-09-10,2020-09-10 08:57:00,11442.75,11468.75,11390.75,11390.75,win,26.0,52.0,2.0,64.25,-0.5
2020-09-10,2020-09-10 08:58:00,11411.25,11444.25,11345.25,11444.25,loss,33.0,-33.0,-1.0,57.25,-44.0
2020-09-10,2020-09-10 08:59:00,11386.25,11420.0,11318.75,11420.0,loss,33.75,-33.75,-1.0,32.25,-40.5
2020-09-10,2020-09-10 09:01:00,11359.75,11395.75,11287.75,11395.75,loss,36.0,-36.0,-1.0,0.0,-49.25
2020-09-10,2020-09-10 09:17:00,11412.0,11442.0,11352.0,11442.0,loss,30.0,-30.0,-1.0,11.75,-36.5
2020-09-10,2020-09-10 09:19:00,11407.5,11441.25,11340.0,11441.25,loss,33.75,-33.75,-1.0,7.25,-41.0
2020-09-10,2020-09-10 09:35:00,11447.25,11472.0,11397.75,11472.0,loss,24.75,-24.75,-1.0,2.25,-28.75
2020-09-10,2020-09-10 09:56:00,11432.75,11462.5,11373.25,11373.25,win,29.75,59.5,2.0,66.25,-23.75
2020-09-10,2020-09-10 09:58:00,11428.25,11442.25,11400.25,11442.25,loss,14.0,-14.0,-1.0,5.0,-17.5
2020-09-10,2020-09-10 10:04:00,11426.75,11449.25,11381.75,11381.75,win,22.5,45.0,2.0,47.5,-20.75
2020-09-10,2020-09-10 10:05:00,11414.75,11427.75,11388.75,11427.75,loss,13.0,-13.0,-1.0,1.0,-17.0
2020-09-22,2020-09-22 08:45:00,10998.0,11015.25,10963.5,10963.5,win,17.25,34.5,2.0,36.25,-8.25
2020-09-22,2020-09-22 08:47:00,10980.5,10996.0,10949.5,10996.0,loss,15.5,-15.5,-1.0,10.5,-19.0
2020-10-01,2020-10-01 08:48:00,11513.0,11527.25,11484.5,11527.25,loss,14.25,-14.25,-1.0,21.25,-14.25
2020-10-01,2020-10-01 08:51:00,11507.25,11520.5,11480.75,11520.5,loss,13.25,-13.25,-1.0,0.0,-18.75
2020-10-01,2020-10-01 09:01:00,11498.75,11528.25,11439.75,11528.25,loss,29.5,-29.5,-1.0,24.75,-30.75
2020-10-01,2020-10-01 10:02:00,11514.0,11530.0,11482.0,11530.0,loss,16.0,-16.0,-1.0,11.0,-16.75
2020-10-01,2020-10-01 10:04:00,11508.0,11516.75,11490.5,11516.75,loss,8.75,-8.75,-1.0,4.5,-10.0
2020-10-01,2020-10-01 10:16:00,11514.0,11531.75,11478.5,11531.75,loss,17.75,-17.75,-1.0,15.75,-19.25
2020-10-01,2020-10-01 10:17:00,11505.25,11516.0,11483.75,11516.0,loss,10.75,-10.75,-1.0,4.25,-11.75
2020-10-01,2020-10-01 10:36:00,11522.5,11534.25,11499.0,11534.25,loss,11.75,-11.75,-1.0,8.75,-12.0
2020-10-06,2020-10-06 08:44:00,11451.75,11492.75,11369.75,11369.75,win,41.0,82.0,2.0,93.25,-25.25
2020-10-08,2020-10-08 08:48:00,11516.75,11523.75,11502.75,11523.75,loss,7.0,-7.0,-1.0,4.75,-14.25
2020-10-08,2020-10-08 08:54:00,11517.5,11527.25,11498.0,11527.25,loss,9.75,-9.75,-1.0,16.5,-10.5
2020-10-08,2020-10-08 08:55:00,11504.5,11520.25,11473.0,11520.25,loss,15.75,-15.75,-1.0,2.25,-17.0
2020-10-08,2020-10-08 09:33:00,11514.25,11524.0,11494.75,11524.0,loss,9.75,-9.75,-1.0,18.25,-21.25
2020-10-08,2020-10-08 09:34:00,11505.5,11515.75,11485.0,11515.75,loss,10.25,-10.25,-1.0,9.5,-13.5
2020-10-08,2020-10-08 09:55:00,11514.5,11524.75,11494.0,11524.75,loss,10.25,-10.25,-1.0,0.0,-10.5
2020-10-08,2020-10-08 09:59:00,11525.25,11534.25,11507.25,11534.25,loss,9.0,-9.0,-1.0,4.0,-11.75
2020-10-13,2020-10-13 10:11:00,12094.25,12128.75,12025.25,12128.75,loss,34.5,-34.5,-1.0,40.25,-40.75
2020-10-13,2020-10-13 10:16:00,12087.75,12103.75,12055.75,12103.75,loss,16.0,-16.0,-1.0,15.25,-21.0
2020-10-13,2020-10-13 10:35:00,12107.0,12120.5,12080.0,12120.5,loss,13.5,-13.5,-1.0,6.25,-15.0
2020-10-13,2020-10-13 10:37:00,12103.0,12115.0,12079.0,12115.0,loss,12.0,-12.0,-1.0,1.75,-13.75
2020-10-13,2020-10-13 10:46:00,12105.5,12115.25,12086.0,12115.25,loss,9.75,-9.75,-1.0,16.75,-12.25
2020-10-13,2020-10-13 11:01:00,12100.25,12117.5,12065.75,12065.75,win,17.25,34.5,2.0,46.25,-11.0
2020-10-16,2020-10-16 09:09:00,11935.0,11944.0,11917.0,11917.0,win,9.0,18.0,2.0,20.75,-8.25
2020-10-16,2020-10-16 09:11:00,11927.25,11944.25,11893.25,11893.25,win,17.0,34.0,2.0,49.0,-11.75
2020-10-16,2020-10-16 09:18:00,11915.75,11929.25,11888.75,11888.75,win,13.5,27.0,2.0,37.5,-3.0
2020-10-26,2020-10-26 08:33:00,11590.5,11616.0,11539.5,11539.5,win,25.5,51.0,2.0,57.0,-20.25
2020-10-27,2020-10-27 08:42:00,11525.5,11539.75,11497.0,11539.75,loss,14.25,-14.25,-1.0,7.75,-17.0
2020-11-02,2020-11-02 09:42:00,11116.5,11133.5,11082.5,11133.5,loss,17.0,-17.0,-1.0,9.5,-19.75
2020-11-02,2020-11-02 10:29:00,11076.5,11091.25,11047.0,11091.25,loss,14.75,-14.75,-1.0,25.5,-20.75
2020-11-02,2020-11-02 11:00:00,11076.0,11088.0,11052.0,11088.0,loss,12.0,-12.0,-1.0,21.25,-14.5
2020-11-02,2020-11-02 11:01:00,11058.5,11082.0,11011.5,11082.0,loss,23.5,-23.5,-1.0,3.75,-28.25
2020-11-03,2020-11-03 08:33:00,11117.25,11134.0,11083.75,11134.0,loss,16.75,-16.75,-1.0,16.0,-16.75
2020-11-05,2020-11-05 08:34:00,11980.75,12000.0,11942.25,12000.0,loss,19.25,-19.25,-1.0,8.0,-37.0
2020-11-09,2020-11-09 08:35:00,12092.75,12125.25,12027.75,12125.25,loss,32.5,-32.5,-1.0,21.0,-47.75
2020-11-09,2020-11-09 08:39:00,12105.25,12140.25,12035.25,12140.25,loss,35.0,-35.0,-1.0,63.25,-37.25
2020-11-09,2020-11-09 08:43:00,12045.0,12083.0,11969.0,12083.0,loss,38.0,-38.0,-1.0,0.0,-66.25
2020-11-09,2020-11-09 10:05:00,12104.5,12133.75,12046.0,12133.75,loss,29.25,-29.25,-1.0,29.5,-29.25
2020-11-10,2020-11-10 08:36:00,11676.75,11739.5,11551.25,11551.25,win,62.75,125.5,2.0,131.25,-19.75
2020-11-10,2020-11-10 08:41:00,11634.25,11662.75,11577.25,11662.75,loss,28.5,-28.5,-1.0,3.75,-40.25
2020-11-12,2020-11-12 10:33:00,11900.5,11914.75,11872.0,11872.0,win,14.25,28.5,2.0,33.75,-3.5
2020-11-12,2020-11-12 10:40:00,11884.75,11895.5,11863.25,11863.25,win,10.75,21.5,2.0,27.25,0.0
2020-11-13,2020-11-13 09:01:00,11869.5,11888.25,11832.0,11832.0,win,18.75,37.5,2.0,37.75,-10.25
2020-11-13,2020-11-13 09:09:00,11866.5,11880.75,11838.0,11838.0,win,14.25,28.5,2.0,32.5,-0.5
2020-11-13,2020-11-13 09:10:00,11857.0,11868.0,11835.0,11835.0,win,11.0,22.0,2.0,23.0,-6.0
2020-11-13,2020-11-13 09:33:00,11846.5,11859.75,11820.0,11820.0,win,13.25,26.5,2.0,36.5,-11.25
2020-11-17,2020-11-17 08:36:00,12020.0,12035.0,11990.0,11990.0,win,15.0,30.0,2.0,32.25,-6.5
2020-11-17,2020-11-17 08:38:00,12009.5,12020.5,11987.5,12020.5,loss,11.0,-11.0,-1.0,10.75,-15.5
2020-11-18,2020-11-18 08:50:00,11960.75,11973.5,11935.25,11935.25,win,12.75,25.5,2.0,27.75,-9.75
2020-11-23,2020-11-23 09:07:00,11942.25,11960.75,11905.25,11905.25,win,18.5,37.0,2.0,39.0,-1.5
2020-11-23,2020-11-23 09:10:00,11927.75,11942.25,11898.75,11898.75,win,14.5,29.0,2.0,35.75,0.0
2020-11-23,2020-11-23 09:11:00,11912.5,11928.75,11880.0,11880.0,win,16.25,32.5,2.0,37.0,-10.0
2020-11-23,2020-11-23 09:12:00,11904.25,11917.0,11878.75,11917.0,loss,12.75,-12.75,-1.0,12.25,-18.0
2020-11-25,2020-11-25 08:58:00,12114.75,12129.0,12086.25,12086.25,win,14.25,28.5,2.0,31.75,-13.5
2020-11-25,2020-11-25 09:01:00,12115.5,12129.25,12088.0,12088.0,win,13.75,27.5,2.0,32.5,-3.75
2020-11-25,2020-11-25 09:02:00,12108.0,12120.25,12083.5,12083.5,win,12.25,24.5,2.0,25.0,-7.0
2020-11-25,2020-11-25 09:05:00,12092.5,12109.25,12059.0,12109.25,loss,16.75,-16.75,-1.0,14.25,-17.5
2020-11-25,2020-11-25 09:28:00,12098.0,12108.75,12076.5,12108.75,loss,10.75,-10.75,-1.0,12.25,-11.5
2020-11-25,2020-11-25 09:29:00,12091.25,12101.25,12071.25,12101.25,loss,10.0,-10.0,-1.0,5.5,-13.5
2020-11-25,2020-11-25 09:58:00,12107.75,12115.5,12092.25,12115.5,loss,7.75,-7.75,-1.0,1.0,-7.75
2020-11-25,2020-11-25 10:20:00,12115.75,12123.25,12100.75,12123.25,loss,7.5,-7.5,-1.0,12.25,-9.25
2020-11-25,2020-11-25 10:23:00,12111.0,12118.0,12097.0,12118.0,loss,7.0,-7.0,-1.0,7.5,-11.75
2020-11-25,2020-11-25 10:38:00,12112.75,12121.25,12095.75,12095.75,win,8.5,17.0,2.0,19.0,-4.75
2020-11-25,2020-11-25 10:40:00,12108.75,12117.5,12091.25,12091.25,win,8.75,17.5,2.0,21.75,-1.75
2020-11-25,2020-11-25 10:42:00,12095.0,12106.5,12072.0,12106.5,loss,11.5,-11.5,-1.0,8.0,-12.25
2020-11-30,2020-11-30 08:36:00,12261.5,12287.5,12209.5,12209.5,win,26.0,52.0,2.0,59.5,-20.75
2020-11-30,2020-11-30 08:37:00,12252.75,12270.5,12217.25,12270.5,loss,17.75,-17.75,-1.0,0.5,-29.5
2020-12-01,2020-12-01 09:37:00,12373.75,12385.0,12351.25,12351.25,win,11.25,22.5,2.0,23.75,-1.0
2020-12-01,2020-12-01 09:40:00,12354.0,12366.0,12330.0,12366.0,loss,12.0,-12.0,-1.0,4.0,-20.75
2020-12-03,2020-12-03 09:59:00,12483.0,12496.25,12456.5,12456.5,win,13.25,26.5,2.0,30.5,-7.0
2020-12-03,2020-12-03 10:09:00,12470.5,12480.0,12451.5,12451.5,win,9.5,19.0,2.0,22.0,-1.0
2020-12-03,2020-12-03 10:10:00,12462.75,12472.5,12443.25,12472.5,loss,9.75,-9.75,-1.0,14.25,-13.0
2020-12-03,2020-12-03 10:48:00,12486.75,12493.75,12472.75,12493.75,loss,7.0,-7.0,-1.0,4.5,-7.75
2020-12-04,2020-12-04 09:24:00,12491.25,12500.5,12472.75,12472.75,win,9.25,18.5,2.0,18.5,-7.0
2020-12-04,2020-12-04 09:27:00,12491.0,12498.0,12477.0,12477.0,win,7.0,14.0,2.0,18.25,-1.0
2020-12-04,2020-12-04 10:03:00,12490.5,12496.75,12478.0,12496.75,loss,6.25,-6.25,-1.0,8.25,-7.75
2020-12-08,2020-12-08 08:33:00,12558.25,12572.25,12530.25,12572.25,loss,14.0,-14.0,-1.0,5.5,-17.5
2020-12-08,2020-12-08 08:37:00,12562.25,12575.75,12535.25,12535.25,win,13.5,27.0,2.0,30.75,-4.25
2020-12-08,2020-12-08 08:39:00,12553.0,12563.5,12532.0,12532.0,win,10.5,21.0,2.0,21.5,-7.5
2020-12-09,2020-12-09 09:03:00,12625.5,12633.0,12610.5,12610.5,win,7.5,15.0,2.0,18.5,-2.75
2020-12-09,2020-12-09 09:04:00,12615.5,12629.25,12588.0,12588.0,win,13.75,27.5,2.0,34.5,-5.75
2020-12-11,2020-12-11 08:33:00,12310.75,12341.25,12249.75,12341.25,loss,30.5,-30.5,-1.0,36.0,-36.25
2020-12-11,2020-12-11 08:37:00,12312.5,12334.25,12269.0,12334.25,loss,21.75,-21.75,-1.0,1.25,-24.0
2020-12-11,2020-12-11 08:41:00,12315.5,12336.0,12274.5,12336.0,loss,20.5,-20.5,-1.0,40.75,-23.25
2020-12-11,2020-12-11 09:32:00,12324.5,12336.25,12301.0,12336.25,loss,11.75,-11.75,-1.0,4.75,-13.75
2020-12-11,2020-12-11 09:46:00,12324.75,12335.5,12303.25,12303.25,win,10.75,21.5,2.0,23.25,-5.75
2020-12-11,2020-12-11 09:52:00,12306.25,12319.75,12279.25,12319.75,loss,13.5,-13.5,-1.0,8.75,-19.0
2020-12-15,2020-12-15 09:39:00,12537.5,12556.75,12499.0,12499.0,win,19.25,38.5,2.0,43.25,-10.75
2020-12-15,2020-12-15 10:07:00,12487.75,12502.0,12459.25,12502.0,loss,14.25,-14.25,-1.0,15.75,-16.75
2020-12-15,2020-12-15 10:08:00,12473.5,12491.0,12438.5,12491.0,loss,17.5,-17.5,-1.0,0.75,-18.0
2020-12-15,2020-12-15 10:55:00,12485.25,12496.25,12463.25,12496.25,loss,11.0,-11.0,-1.0,2.25,-12.0
2020-12-16,2020-12-16 08:34:00,12602.0,12618.5,12569.0,12618.5,loss,16.5,-16.5,-1.0,30.0,-17.5
2020-12-16,2020-12-16 08:36:00,12595.5,12607.0,12572.5,12572.5,win,11.5,23.0,2.0,23.5,-10.5
2020-12-16,2020-12-16 08:38:00,12586.5,12606.5,12546.5,12606.5,loss,20.0,-20.0,-1.0,14.5,-22.5
2020-12-16,2020-12-16 09:00:00,12601.5,12613.25,12578.0,12613.25,loss,11.75,-11.75,-1.0,4.75,-13.0
2020-12-16,2020-12-16 09:14:00,12608.25,12616.75,12591.25,12591.25,win,8.5,17.0,2.0,22.5,-1.5
2020-12-16,2020-12-16 09:18:00,12589.75,12607.0,12555.25,12607.0,loss,17.25,-17.25,-1.0,15.25,-19.75
2020-12-16,2020-12-16 09:22:00,12583.75,12593.5,12564.25,12593.5,loss,9.75,-9.75,-1.0,9.25,-21.25
2020-12-17,2020-12-17 08:57:00,12731.0,12740.75,12711.5,12740.75,loss,9.75,-9.75,-1.0,1.5,-11.25
2020-12-17,2020-12-17 09:17:00,12709.0,12716.25,12694.5,12716.25,loss,7.25,-7.25,-1.0,1.75,-15.0
2020-12-17,2020-12-17 09:58:00,12710.0,12720.75,12688.5,12720.75,loss,10.75,-10.75,-1.0,9.25,-12.25
2020-12-17,2020-12-17 10:13:00,12710.75,12722.0,12688.25,12722.0,loss,11.25,-11.25,-1.0,2.75,-12.25
2020-12-17,2020-12-17 10:15:00,12709.5,12720.25,12688.0,12720.25,loss,10.75,-10.75,-1.0,1.5,-13.5
2020-12-17,2020-12-17 10:20:00,12713.75,12722.75,12695.75,12722.75,loss,9.0,-9.0,-1.0,7.5,-9.0
2020-12-17,2020-12-17 10:37:00,12712.25,12720.25,12696.25,12696.25,win,8.0,16.0,2.0,22.0,-5.25
2020-12-17,2020-12-17 10:50:00,12698.25,12708.75,12677.25,12708.75,loss,10.5,-10.5,-1.0,14.5,-15.25
2020-12-17,2020-12-17 10:52:00,12690.75,12697.25,12677.75,12697.25,loss,6.5,-6.5,-1.0,7.0,-8.5
2020-12-18,2020-12-18 08:45:00,12744.0,12755.0,12722.0,12722.0,win,11.0,22.0,2.0,22.0,-2.5
2020-12-21,2020-12-21 08:36:00,12620.0,12635.5,12589.0,12635.5,loss,15.5,-15.5,-1.0,3.25,-28.75
2020-12-21,2020-12-21 08:49:00,12583.5,12602.5,12545.5,12602.5,loss,19.0,-19.0,-1.0,18.5,-25.0
2020-12-21,2020-12-21 09:03:00,12568.5,12595.75,12514.0,12514.0,win,27.25,54.5,2.0,56.5,0.0
2020-12-21,2020-12-21 09:04:00,12552.0,12569.5,12517.0,12517.0,win,17.5,35.0,2.0,40.0,-7.25
2020-12-21,2020-12-21 09:05:00,12533.5,12560.25,12480.0,12480.0,win,26.75,53.5,2.0,64.25,-5.5
2020-12-21,2020-12-21 09:06:00,12514.25,12540.0,12462.75,12462.75,win,25.75,51.5,2.0,53.25,-19.5
2020-12-22,2020-12-22 08:31:00,12701.25,12721.25,12661.25,12721.25,loss,20.0,-20.0,-1.0,22.75,-20.0
2020-12-22,2020-12-22 08:32:00,12695.75,12706.75,12673.75,12706.75,loss,11.0,-11.0,-1.0,17.25,-12.5
2020-12-22,2020-12-22 08:34:00,12691.0,12703.75,12665.5,12703.75,loss,12.75,-12.75,-1.0,12.5,-13.5
2020-12-22,2020-12-22 09:13:00,12703.5,12724.75,12661.0,12724.75,loss,21.25,-21.25,-1.0,15.0,-25.5
2020-12-22,2020-12-22 09:48:00,12708.25,12719.5,12685.75,12685.75,win,11.25,22.5,2.0,25.75,0.0
2020-12-22,2020-12-22 09:49:00,12699.0,12709.25,12678.5,12678.5,win,10.25,20.5,2.0,23.0,-6.25
2020-12-22,2020-12-22 09:50:00,12687.0,12700.25,12660.5,12700.25,loss,13.25,-13.25,-1.0,6.5,-18.25
2020-12-24,2020-12-24 10:52:00,12670.0,12676.5,12657.0,12676.5,loss,6.5,-6.5,-1.0,5.0,-8.25
2020-12-28,2020-12-28 09:06:00,12778.5,12790.75,12754.0,12754.0,win,12.25,24.5,2.0,29.75,-1.0
2020-12-28,2020-12-28 09:07:00,12769.0,12780.5,12746.0,12746.0,win,11.5,23.0,2.0,24.5,-8.5
2020-12-28,2020-12-28 09:09:00,12759.25,12773.25,12731.25,12773.25,loss,14.0,-14.0,-1.0,3.25,-15.75
2020-12-29,2020-12-29 08:56:00,12875.75,12892.75,12841.75,12841.75,win,17.0,34.0,2.0,34.0,-1.0
2020-12-29,2020-12-29 08:57:00,12853.5,12877.75,12805.0,12877.75,loss,24.25,-24.25,-1.0,42.75,-24.5
2020-12-29,2020-12-29 09:02:00,12844.5,12862.25,12809.0,12862.25,loss,17.75,-17.75,-1.0,5.25,-22.0
2020-12-29,2020-12-29 09:12:00,12837.5,12850.0,12812.5,12812.5,win,12.5,25.0,2.0,26.75,-2.25
2020-12-29,2020-12-29 09:13:00,12822.75,12840.75,12786.75,12840.75,loss,18.0,-18.0,-1.0,12.0,-24.5
2020-12-29,2020-12-29 10:16:00,12853.0,12868.0,12823.0,12868.0,loss,15.0,-15.0,-1.0,8.0,-15.0
2020-12-29,2020-12-29 10:18:00,12851.5,12859.25,12836.0,12859.25,loss,7.75,-7.75,-1.0,6.5,-10.0
2020-12-29,2020-12-29 10:55:00,12853.0,12859.25,12840.5,12859.25,loss,6.25,-6.25,-1.0,2.0,-7.75
2020-12-30,2020-12-30 08:35:00,12873.75,12890.5,12840.25,12840.25,win,16.75,33.5,2.0,38.75,-6.25
2021-01-04,2021-01-04 08:34:00,12900.0,12910.25,12879.5,12879.5,win,10.25,20.5,2.0,22.25,-6.75
2021-01-04,2021-01-04 08:36:00,12896.75,12906.0,12878.25,12878.25,win,9.25,18.5,2.0,19.0,0.0
2021-01-04,2021-01-04 08:37:00,12882.75,12897.75,12852.75,12897.75,loss,15.0,-15.0,-1.0,24.5,-23.25
2021-01-04,2021-01-04 08:39:00,12873.5,12883.0,12854.5,12883.0,loss,9.5,-9.5,-1.0,15.25,-14.25
2021-01-04,2021-01-04 08:52:00,12884.5,12901.25,12851.0,12901.25,loss,16.75,-16.75,-1.0,13.5,-17.0
2021-01-04,2021-01-04 08:53:00,12872.5,12890.75,12836.0,12890.75,loss,18.25,-18.25,-1.0,0.0,-25.0
2021-01-04,2021-01-04 09:12:00,12854.0,12868.5,12825.0,12868.5,loss,14.5,-14.5,-1.0,7.5,-15.25
2021-01-04,2021-01-04 09:46:00,12830.25,12868.5,12753.75,12753.75,win,38.25,76.5,2.0,77.0,-7.0
2021-01-04,2021-01-04 09:53:00,12805.75,12818.75,12779.75,12779.75,win,13.0,26.0,2.0,27.75,-6.25
2021-01-05,2021-01-05 10:12:00,12712.0,12722.5,12691.0,12722.5,loss,10.5,-10.5,-1.0,4.5,-12.0
2021-01-08,2021-01-08 09:27:00,12979.5,13003.5,12931.5,13003.5,loss,24.0,-24.0,-1.0,27.0,-31.5
2021-01-08,2021-01-08 09:28:00,12965.25,12983.25,12929.25,12983.25,loss,18.0,-18.0,-1.0,12.75,-18.5
2021-01-12,2021-01-12 08:47:00,12904.5,12919.0,12875.5,12875.5,win,14.5,29.0,2.0,45.75,-1.5
2021-01-13,2021-01-13 08:40:00,12875.25,12900.0,12825.75,12900.0,loss,24.75,-24.75,-1.0,10.75,-29.25
2021-01-13,2021-01-13 09:02:00,12894.75,12930.0,12824.25,12930.0,loss,35.25,-35.25,-1.0,23.75,-36.25
2021-01-13,2021-01-13 09:05:00,12872.25,12889.25,12838.25,12889.25,loss,17.0,-17.0,-1.0,1.25,-26.25
2021-01-14,2021-01-14 10:37:00,12980.75,12988.0,12966.25,12988.0,loss,7.25,-7.25,-1.0,8.25,-7.5
2021-01-14,2021-01-14 10:50:00,12978.75,12986.75,12962.75,12962.75,win,8.0,16.0,2.0,18.0,-3.5
2021-01-14,2021-01-14 10:53:00,12974.0,12983.0,12956.0,12956.0,win,9.0,18.0,2.0,19.75,-8.25
2021-01-15,2021-01-15 08:56:00,12892.0,12915.75,12844.5,12844.5,win,23.75,47.5,2.0,51.25,-17.75
2021-01-19,2021-01-19 08:32:00,12892.75,12920.75,12836.75,12920.75,loss,28.0,-28.0,-1.0,2.0,-37.5
2021-01-19,2021-01-19 08:40:00,12899.0,12921.75,12853.5,12921.75,loss,22.75,-22.75,-1.0,0.0,-24.75
2021-01-19,2021-01-19 08:42:00,12908.25,12924.75,12875.25,12875.25,win,16.5,33.0,2.0,34.75,-10.0
2021-01-19,2021-01-19 08:44:00,12902.25,12919.25,12868.25,12868.25,win,17.0,34.0,2.0,37.25,-7.5
2021-01-19,2021-01-19 08:48:00,12882.5,12905.25,12837.0,12905.25,loss,22.75,-22.75,-1.0,24.75,-29.75
2021-01-19,2021-01-19 09:19:00,12890.5,12902.5,12866.5,12866.5,win,12.0,24.0,2.0,25.25,-1.5
2021-01-19,2021-01-19 09:21:00,12873.75,12888.25,12844.75,12888.25,loss,14.5,-14.5,-1.0,9.5,-17.75
2021-01-21,2021-01-21 08:31:00,13325.25,13344.75,13286.25,13286.25,win,19.5,39.0,2.0,39.25,-11.25
2021-01-21,2021-01-21 08:33:00,13310.0,13332.25,13265.5,13332.25,loss,22.25,-22.25,-1.0,26.75,-23.75
2021-01-21,2021-01-21 08:40:00,13303.5,13329.75,13251.0,13329.75,loss,26.25,-26.25,-1.0,20.25,-28.5
2021-01-21,2021-01-21 08:42:00,13288.25,13313.75,13237.25,13313.75,loss,25.5,-25.5,-1.0,5.0,-37.0
2021-01-21,2021-01-21 08:52:00,13313.5,13331.25,13278.0,13331.25,loss,17.75,-17.75,-1.0,21.0,-18.0
2021-01-21,2021-01-21 08:56:00,13303.75,13318.0,13275.25,13318.0,loss,14.25,-14.25,-1.0,11.25,-16.25
2021-01-22,2021-01-22 08:33:00,13332.25,13351.0,13294.75,13351.0,loss,18.75,-18.75,-1.0,4.5,-22.0
2021-01-22,2021-01-22 09:28:00,13349.5,13359.0,13330.5,13359.0,loss,9.5,-9.5,-1.0,13.5,-11.5
2021-01-22,2021-01-22 09:29:00,13340.0,13352.25,13315.5,13352.25,loss,12.25,-12.25,-1.0,4.0,-21.0
2021-01-22,2021-01-22 09:35:00,13348.25,13358.5,13327.75,13327.75,win,10.25,20.5,2.0,23.25,-4.5
2021-01-22,2021-01-22 09:37:00,13341.0,13353.25,13316.5,13353.25,loss,12.25,-12.25,-1.0,18.0,-16.0
2021-01-22,2021-01-22 10:30:00,13346.75,13356.5,13327.25,13356.5,loss,9.75,-9.75,-1.0,9.75,-11.75
2021-01-22,2021-01-22 10:36:00,13340.25,13346.5,13327.75,13346.5,loss,6.25,-6.25,-1.0,3.25,-8.75
2021-01-25,2021-01-25 09:36:00,13504.0,13512.5,13487.0,13512.5,loss,8.5,-8.5,-1.0,10.0,-11.0
2021-01-25,2021-01-25 09:48:00,13484.5,13502.75,13448.0,13448.0,win,18.25,36.5,2.0,59.25,-0.25
2021-01-25,2021-01-25 09:49:00,13475.0,13485.75,13453.5,13453.5,win,10.75,21.5,2.0,24.75,-0.25
2021-01-25,2021-01-25 09:50:00,13461.0,13476.25,13430.5,13430.5,win,15.25,30.5,2.0,35.75,-7.75
2021-01-25,2021-01-25 09:51:00,13450.25,13469.75,13411.25,13411.25,win,19.5,39.0,2.0,46.25,-3.25
2021-01-25,2021-01-25 09:52:00,13437.0,13454.5,13402.0,13402.0,win,17.5,35.0,2.0,73.75,-8.75
2021-01-25,2021-01-25 09:54:00,13420.5,13443.75,13374.0,13374.0,win,23.25,46.5,2.0,57.25,-12.0
2021-01-25,2021-01-25 09:59:00,13367.25,13405.25,13291.25,13291.25,win,38.0,76.0,2.0,101.75,-19.0
2021-01-25,2021-01-25 10:00:00,13349.25,13379.0,13289.75,13379.0,loss,29.75,-29.75,-1.0,7.5,-37.0
2021-01-25,2021-01-25 10:04:00,13310.0,13373.5,13183.0,13373.5,loss,63.5,-63.5,-1.0,121.0,-64.25
2021-01-25,2021-01-25 10:05:00,13281.25,13319.5,13204.75,13204.75,win,38.25,76.5,2.0,92.25,-2.0
2021-01-25,2021-01-25 10:06:00,13234.75,13284.25,13135.75,13284.25,loss,49.5,-49.5,-1.0,45.75,-53.75
2021-01-26,2021-01-26 08:44:00,13436.0,13465.25,13377.5,13465.25,loss,29.25,-29.25,-1.0,9.25,-35.0
2021-01-26,2021-01-26 09:12:00,13458.75,13475.5,13425.25,13475.5,loss,16.75,-16.75,-1.0,6.75,-25.0
2021-01-26,2021-01-26 09:20:00,13450.5,13464.5,13422.5,13464.5,loss,14.0,-14.0,-1.0,10.25,-24.0
2021-01-26,2021-01-26 10:45:00,13471.25,13483.5,13446.75,13483.5,loss,12.25,-12.25,-1.0,16.0,-18.25
2021-02-01,2021-02-01 08:55:00,12975.5,13000.5,12925.5,13000.5,loss,25.0,-25.0,-1.0,0.25,-33.0
2021-02-03,2021-02-03 08:31:00,13522.75,13548.75,13470.75,13470.75,win,26.0,52.0,2.0,52.25,-0.75
2021-02-03,2021-02-03 08:32:00,13495.0,13523.75,13437.5,13523.75,loss,28.75,-28.75,-1.0,33.5,-33.0
2021-02-03,2021-02-03 08:33:00,13477.5,13496.25,13440.0,13496.25,loss,18.75,-18.75,-1.0,5.5,-36.75
2021-02-03,2021-02-03 08:37:00,13497.5,13514.0,13464.5,13464.5,win,16.5,33.0,2.0,34.5,-4.0
2021-02-03,2021-02-03 08:39:00,13477.0,13491.25,13448.5,13491.25,loss,14.25,-14.25,-1.0,15.5,-15.75
2021-02-03,2021-02-03 08:40:00,13463.75,13487.25,13416.75,13487.25,loss,23.5,-23.5,-1.0,2.25,-29.0
2021-02-03,2021-02-03 09:01:00,13515.75,13534.0,13479.25,13479.25,win,18.25,36.5,2.0,38.5,-17.75
2021-02-03,2021-02-03 09:07:00,13504.5,13516.25,13481.0,13481.0,win,11.75,23.5,2.0,27.25,0.0
2021-02-03,2021-02-03 09:08:00,13486.75,13505.5,13449.25,13449.25,win,18.75,37.5,2.0,43.0,-0.25
2021-02-03,2021-02-03 09:11:00,13460.0,13483.25,13413.5,13413.5,win,23.25,46.5,2.0,47.0,-18.25
2021-02-04,2021-02-04 08:51:00,13430.0,13460.75,13368.5,13436.0,loss,30.75,-6.0,-0.2,38.25,-22.75
2021-02-04,2021-02-04 09:27:00,13427.5,13440.25,13402.0,13440.25,loss,12.75,-12.75,-1.0,24.5,-15.25
2021-02-04,2021-02-04 09:29:00,13415.25,13426.5,13392.75,13426.5,loss,11.25,-11.25,-1.0,12.25,-12.0
2021-02-05,2021-02-05 08:35:00,13560.5,13575.25,13531.0,13575.25,loss,14.75,-14.75,-1.0,16.0,-15.0
2021-02-05,2021-02-05 08:40:00,13552.0,13568.5,13519.0,13568.5,loss,16.5,-16.5,-1.0,1.5,-17.75
2021-02-05,2021-02-05 08:50:00,13567.5,13580.75,13541.0,13541.0,win,13.25,26.5,2.0,27.75,-7.75
2021-02-05,2021-02-05 08:56:00,13542.25,13562.75,13501.25,13562.75,loss,20.5,-20.5,-1.0,13.75,-22.0
2021-02-05,2021-02-05 10:09:00,13557.5,13567.75,13537.0,13567.75,loss,10.25,-10.25,-1.0,19.25,-13.5
2021-02-05,2021-02-05 10:13:00,13555.5,13560.5,13545.5,13545.5,win,5.0,10.0,2.0,11.25,-1.5
2021-02-08,2021-02-08 09:23:00,13654.0,13664.0,13634.0,13664.0,loss,10.0,-10.0,-1.0,16.25,-10.5
2021-02-08,2021-02-08 10:27:00,13638.0,13646.0,13622.0,13622.0,win,8.0,16.0,2.0,26.25,-3.25
2021-02-08,2021-02-08 10:32:00,13613.0,13637.25,13564.5,13637.25,loss,24.25,-24.25,-1.0,17.0,-24.5
2021-02-09,2021-02-09 08:40:00,13663.25,13675.0,13639.75,13675.0,loss,11.75,-11.75,-1.0,8.5,-16.25
2021-02-09,2021-02-09 10:11:00,13687.25,13698.75,13664.25,13698.75,loss,11.5,-11.5,-1.0,19.75,-11.5
2021-02-09,2021-02-09 10:17:00,13677.25,13685.5,13660.75,13685.5,loss,8.25,-8.25,-1.0,9.75,-9.25
2021-02-10,2021-02-10 08:33:00,13729.0,13751.25,13684.5,13751.25,loss,22.25,-22.25,-1.0,14.75,-24.25
2021-02-10,2021-02-10 08:35:00,13728.75,13748.5,13689.25,13748.5,loss,19.75,-19.75,-1.0,14.5,-24.5
2021-02-10,2021-02-10 08:41:00,13725.25,13737.5,13700.75,13737.5,loss,12.25,-12.25,-1.0,11.0,-20.25
2021-02-10,2021-02-10 08:51:00,13726.0,13736.5,13705.0,13736.5,loss,10.5,-10.5,-1.0,6.25,-11.0
2021-02-10,2021-02-10 09:13:00,13712.75,13728.5,13681.25,13681.25,win,15.75,31.5,2.0,39.0,-0.75
2021-02-10,2021-02-10 09:14:00,13704.0,13714.5,13683.0,13683.0,win,10.5,21.0,2.0,30.25,-5.25
2021-02-10,2021-02-10 09:16:00,13692.75,13706.0,13666.25,13666.25,win,13.25,26.5,2.0,46.25,-8.5
2021-02-11,2021-02-11 08:52:00,13684.0,13703.25,13645.5,13703.25,loss,19.25,-19.25,-1.0,2.0,-21.25
2021-02-19,2021-02-19 09:12:00,13636.75,13656.25,13597.75,13656.25,loss,19.5,-19.5,-1.0,7.25,-24.0
2021-02-19,2021-02-19 09:34:00,13648.25,13660.75,13623.25,13660.75,loss,12.5,-12.5,-1.0,7.25,-13.5
2021-02-22,2021-02-22 09:02:00,13426.75,13447.0,13386.25,13386.25,win,20.25,40.5,2.0,41.75,-19.0
2021-02-22,2021-02-22 09:06:00,13421.5,13439.0,13386.5,13386.5,win,17.5,35.0,2.0,36.5,-11.75
2021-02-22,2021-02-22 09:16:00,13390.25,13422.5,13325.75,13325.75,win,32.25,64.5,2.0,72.0,-4.5
2021-02-22,2021-02-22 09:19:00,13369.5,13390.0,13328.5,13328.5,win,20.5,41.0,2.0,41.25,-15.25
2021-02-22,2021-02-22 09:22:00,13363.75,13385.75,13319.75,13319.75,win,22.0,44.0,2.0,45.5,0.0
2021-02-23,2021-02-23 10:31:00,13016.0,13030.75,12986.5,13030.75,loss,14.75,-14.75,-1.0,11.0,-24.0
2021-02-23,2021-02-23 10:42:00,13014.5,13026.25,12991.0,12991.0,win,11.75,23.5,2.0,28.5,-0.75
2021-02-23,2021-02-23 10:43:00,12989.0,13016.25,12934.5,12934.5,win,27.25,54.5,2.0,61.75,-18.5
2021-02-25,2021-02-25 09:03:00,13180.0,13207.75,13124.5,13124.5,win,27.75,55.5,2.0,58.5,-10.75
2021-02-25,2021-02-25 09:07:00,13133.25,13161.5,13076.75,13161.5,loss,28.25,-28.25,-1.0,4.5,-39.5
2021-02-26,2021-02-26 09:01:00,12844.5,12881.0,12771.5,12881.0,loss,36.5,-36.5,-1.0,10.25,-50.5
2021-02-26,2021-02-26 09:10:00,12814.75,12848.0,12748.25,12848.0,loss,33.25,-33.25,-1.0,17.75,-42.25
2021-02-26,2021-02-26 09:23:00,12841.25,12881.0,12761.75,12761.75,win,39.75,79.5,2.0,86.5,-35.75
2021-02-26,2021-02-26 09:28:00,12796.0,12856.25,12675.5,12856.25,loss,60.25,-60.25,-1.0,44.0,-83.25
2021-02-26,2021-02-26 09:29:00,12769.75,12807.5,12694.25,12807.5,loss,37.75,-37.75,-1.0,17.75,-37.75
2021-03-01,2021-03-01 08:37:00,13047.75,13092.5,12958.25,13092.5,loss,44.75,-44.75,-1.0,3.0,-56.0
2021-03-01,2021-03-01 08:50:00,13053.75,13088.0,12985.25,13088.0,loss,34.25,-34.25,-1.0,12.75,-42.25
2021-03-02,2021-03-02 08:37:00,13237.75,13256.75,13199.75,13199.75,win,19.0,38.0,2.0,39.0,-8.0
2021-03-04,2021-03-04 08:49:00,12630.0,12660.25,12569.5,12569.5,win,30.25,60.5,2.0,61.75,-11.5
2021-03-05,2021-03-05 08:43:00,12450.0,12489.0,12372.0,12489.0,loss,39.0,-39.0,-1.0,3.5,-49.25
2021-03-05,2021-03-05 08:50:00,12440.25,12495.75,12329.25,12329.25,win,55.5,111.0,2.0,113.25,-52.5
2021-03-05,2021-03-05 08:54:00,12425.5,12457.0,12362.5,12362.5,win,31.5,63.0,2.0,67.0,-2.0
2021-03-05,2021-03-05 09:12:00,12436.75,12477.75,12354.75,12354.75,win,41.0,82.0,2.0,86.0,-2.25
2021-03-05,2021-03-05 09:13:00,12382.75,12440.0,12268.25,12268.25,win,57.25,114.5,2.0,120.5,-48.25
2021-03-08,2021-03-08 09:04:00,12544.0,12579.5,12473.0,12579.5,loss,35.5,-35.5,-1.0,8.5,-53.25
2021-03-10,2021-03-10 09:22:00,12852.0,12873.75,12808.5,12808.5,win,21.75,43.5,2.0,63.25,-10.25
2021-03-10,2021-03-10 09:26:00,12826.5,12850.75,12778.0,12778.0,win,24.25,48.5,2.0,64.25,-11.25
2021-03-10,2021-03-10 09:30:00,12796.75,12820.0,12750.25,12820.0,loss,23.25,-23.25,-1.0,4.75,-26.25
2021-03-10,2021-03-10 09:36:00,12814.5,12835.25,12773.0,12773.0,win,20.75,41.5,2.0,52.25,-7.75
2021-03-10,2021-03-10 09:38:00,12802.5,12819.5,12768.5,12768.5,win,17.0,34.0,2.0,40.25,-9.75
2021-03-10,2021-03-10 09:40:00,12767.5,12802.5,12697.5,12802.5,loss,35.0,-35.0,-1.0,11.25,-36.0
2021-03-10,2021-03-10 09:50:00,12819.25,12835.0,12787.75,12787.75,win,15.75,31.5,2.0,36.25,0.0
2021-03-10,2021-03-10 09:51:00,12786.0,12820.25,12717.5,12820.25,loss,34.25,-34.25,-1.0,32.0,-42.0
2021-03-10,2021-03-10 09:54:00,12757.0,12790.25,12690.5,12790.25,loss,33.25,-33.25,-1.0,3.0,-36.5
2021-03-10,2021-03-10 10:23:00,12797.5,12829.25,12734.0,12829.25,loss,31.75,-31.75,-1.0,8.75,-45.75
2021-03-10,2021-03-10 10:32:00,12832.75,12850.25,12797.75,12797.75,win,17.5,35.0,2.0,57.0,-3.25
2021-03-12,2021-03-12 09:11:00,12849.25,12879.5,12788.75,12788.75,win,30.25,60.5,2.0,68.5,-24.25
2021-03-15,2021-03-15 09:22:00,12933.5,12946.5,12907.5,12907.5,win,13.0,26.0,2.0,31.5,-4.0
2021-03-15,2021-03-15 09:23:00,12923.25,12938.5,12892.75,12892.75,win,15.25,30.5,2.0,35.25,-2.5
2021-03-17,2021-03-17 08:41:00,13034.25,13047.0,13008.75,13008.75,win,12.75,25.5,2.0,26.0,0.0
2021-03-17,2021-03-17 08:42:00,13017.0,13035.25,12980.5,12980.5,win,18.25,36.5,2.0,39.25,-9.75
2021-03-19,2021-03-19 09:25:00,12787.5,12813.0,12736.5,12813.0,loss,25.5,-25.5,-1.0,30.0,-27.0
2021-03-19,2021-03-19 09:26:00,12768.0,12789.0,12726.0,12789.0,loss,21.0,-21.0,-1.0,0.75,-31.5
2021-03-23,2021-03-23 08:34:00,13071.0,13085.75,13041.5,13085.75,loss,14.75,-14.75,-1.0,20.0,-15.25
2021-03-23,2021-03-23 08:39:00,13058.75,13071.0,13034.25,13071.0,loss,12.25,-12.25,-1.0,2.75,-12.5
2021-03-23,2021-03-23 10:06:00,13086.25,13125.5,13007.75,13125.5,loss,39.25,-39.25,-1.0,12.25,-39.25
2021-03-23,2021-03-23 10:35:00,13080.25,13098.5,13043.75,13098.5,loss,18.25,-18.25,-1.0,1.25,-27.75
2021-03-23,2021-03-23 10:50:00,13090.25,13104.75,13061.25,13104.75,loss,14.5,-14.5,-1.0,4.5,-17.0
2021-04-07,2021-04-07 10:17:00,13573.25,13585.25,13549.25,13585.25,loss,12.0,-12.0,-1.0,7.5,-17.0
2021-04-08,2021-04-08 08:51:00,13713.5,13726.75,13687.0,13726.75,loss,13.25,-13.25,-1.0,7.75,-14.25
2021-04-08,2021-04-08 10:49:00,13716.5,13723.25,13703.0,13723.25,loss,6.75,-6.75,-1.0,3.25,-7.25
2021-05-03,2021-05-03 08:52:00,13871.75,13892.5,13830.25,13830.25,win,20.75,41.5,2.0,68.75,-2.0
2021-05-03,2021-05-03 08:53:00,13855.0,13874.75,13815.5,13815.5,win,19.75,39.5,2.0,52.0,0.0
2021-05-03,2021-05-03 08:54:00,13844.25,13856.0,13820.75,13820.75,win,11.75,23.5,2.0,41.25,-10.5
2021-05-03,2021-05-03 08:59:00,13840.75,13853.0,13816.25,13816.25,win,12.25,24.5,2.0,37.75,-7.25
2021-05-05,2021-05-05 08:37:00,13589.5,13602.5,13563.5,13602.5,loss,13.0,-13.0,-1.0,6.5,-25.5
2021-05-05,2021-05-05 09:26:00,13582.25,13592.25,13562.25,13592.25,loss,10.0,-10.0,-1.0,6.75,-12.25
2021-05-05,2021-05-05 10:40:00,13579.75,13588.75,13561.75,13588.75,loss,9.0,-9.0,-1.0,11.25,-10.25
2021-05-05,2021-05-05 10:43:00,13570.0,13577.5,13555.0,13577.5,loss,7.5,-7.5,-1.0,1.5,-10.0
2021-05-05,2021-05-05 10:57:00,13578.0,13592.25,13549.5,13549.5,win,14.25,28.5,2.0,29.0,0.0
2021-05-18,2021-05-18 09:32:00,13357.25,13365.0,13341.75,13341.75,win,7.75,15.5,2.0,15.5,-3.25
2021-05-18,2021-05-18 09:33:00,13348.25,13361.5,13321.75,13361.5,loss,13.25,-13.25,-1.0,22.0,-15.25
2021-05-25,2021-05-25 09:04:00,13662.5,13681.75,13624.0,13624.0,win,19.25,38.5,2.0,43.25,-4.5
2021-06-02,2021-06-02 10:28:00,13657.25,13664.0,13643.75,13664.0,loss,6.75,-6.75,-1.0,0.0,-7.25
2021-06-03,2021-06-03 09:35:00,13547.5,13559.75,13523.0,13559.75,loss,12.25,-12.25,-1.0,20.5,-12.25
2021-06-03,2021-06-03 09:38:00,13547.5,13559.25,13524.0,13559.25,loss,11.75,-11.75,-1.0,20.5,-12.25
2021-06-08,2021-06-08 08:32:00,13815.75,13829.25,13788.75,13829.25,loss,13.5,-13.5,-1.0,6.75,-18.0
2021-06-08,2021-06-08 08:54:00,13815.25,13832.5,13780.75,13780.75,win,17.25,34.5,2.0,45.0,-9.75
2021-06-08,2021-06-08 08:56:00,13806.0,13814.25,13789.5,13814.25,loss,8.25,-8.25,-1.0,8.5,-8.5
2021-06-09,2021-06-09 09:55:00,13829.75,13835.5,13818.25,13818.25,win,5.75,11.5,2.0,12.5,-1.0
2021-06-09,2021-06-09 09:57:00,13823.25,13830.25,13809.25,13830.25,loss,7.0,-7.0,-1.0,2.25,-7.5
2021-06-09,2021-06-09 10:01:00,13825.75,13833.0,13811.25,13833.0,loss,7.25,-7.25,-1.0,0.0,-10.25
2021-06-10,2021-06-10 08:55:00,13832.25,13860.25,13776.25,13860.25,loss,28.0,-28.0,-1.0,6.5,-33.5
2021-06-16,2021-06-16 09:33:00,14045.0,14052.25,14030.5,14030.5,win,7.25,14.5,2.0,16.25,0.0
2021-06-16,2021-06-16 09:34:00,14040.75,14046.0,14030.25,14030.25,win,5.25,10.5,2.0,12.0,-1.25
2021-06-16,2021-06-16 09:37:00,14029.75,14037.25,14014.75,14037.25,loss,7.5,-7.5,-1.0,1.0,-7.5
2021-06-23,2021-06-23 08:56:00,14272.75,14279.5,14259.25,14279.5,loss,6.75,-6.75,-1.0,7.75,-8.75
2021-06-23,2021-06-23 09:01:00,14270.5,14282.5,14246.5,14282.5,loss,12.0,-12.0,-1.0,20.25,-12.0
2021-06-23,2021-06-23 09:05:00,14252.75,14262.5,14233.25,14262.5,loss,9.75,-9.75,-1.0,2.5,-14.25
2021-06-23,2021-06-23 10:14:00,14274.25,14281.25,14260.25,14281.25,loss,7.0,-7.0,-1.0,2.5,-7.25
2021-06-23,2021-06-23 10:31:00,14272.75,14278.75,14260.75,14260.75,win,6.0,12.0,2.0,12.25,0.0
2021-06-23,2021-06-23 10:33:00,14267.0,14272.0,14257.0,14257.0,win,5.0,10.0,2.0,15.0,-0.5
2021-06-23,2021-06-23 10:34:00,14264.25,14268.5,14255.75,14255.75,win,4.25,8.5,2.0,12.25,-2.5
2021-06-23,2021-06-23 10:36:00,14263.75,14267.5,14256.25,14256.25,win,3.75,7.5,2.0,11.75,-0.5
2021-07-06,2021-07-06 08:36:00,14717.5,14730.25,14692.0,14730.25,loss,12.75,-12.75,-1.0,0.5,-17.25
2021-07-06,2021-07-06 09:01:00,14719.5,14732.75,14693.0,14732.75,loss,13.25,-13.25,-1.0,5.5,-14.0
2021-07-06,2021-07-06 09:16:00,14723.0,14743.5,14682.0,14743.5,loss,20.5,-20.5,-1.0,2.5,-22.25
2021-07-06,2021-07-06 09:27:00,14718.5,14729.0,14697.5,14729.0,loss,10.5,-10.5,-1.0,0.75,-11.25
2021-07-06,2021-07-06 09:45:00,14718.0,14732.25,14689.5,14689.5,win,14.25,28.5,2.0,32.75,-8.25
2021-07-06,2021-07-06 09:46:00,14710.75,14720.75,14690.75,14720.75,loss,10.0,-10.0,-1.0,9.0,-11.25
2021-07-06,2021-07-06 09:48:00,14705.25,14718.25,14679.25,14718.25,loss,13.0,-13.0,-1.0,3.5,-13.0
2021-07-06,2021-07-06 09:54:00,14717.25,14726.25,14699.25,14726.25,loss,9.0,-9.0,-1.0,5.0,-9.0
2021-07-06,2021-07-06 10:01:00,14706.75,14721.5,14677.25,14677.25,win,14.75,29.5,2.0,33.5,-7.25
2021-07-06,2021-07-06 10:03:00,14699.5,14710.75,14677.0,14677.0,win,11.25,22.5,2.0,26.25,-8.0
2021-07-07,2021-07-07 08:33:00,14787.5,14804.25,14754.0,14754.0,win,16.75,33.5,2.0,39.75,-8.5
2021-07-07,2021-07-07 08:39:00,14779.75,14795.0,14749.25,14749.25,win,15.25,30.5,2.0,32.0,-4.0
2021-07-07,2021-07-07 08:40:00,14768.75,14784.75,14736.75,14736.75,win,16.0,32.0,2.0,39.25,-4.25
2021-07-07,2021-07-07 08:43:00,14749.0,14767.75,14711.5,14767.75,loss,18.75,-18.75,-1.0,22.75,-19.25
2021-07-07,2021-07-07 10:30:00,14795.0,14802.25,14780.5,14802.25,loss,7.25,-7.25,-1.0,10.25,-8.5
2021-07-07,2021-07-07 10:31:00,14789.5,14797.25,14774.0,14797.25,loss,7.75,-7.75,-1.0,0.25,-8.5
2021-07-07,2021-07-07 10:59:00,14799.0,14805.25,14786.5,14786.5,win,6.25,12.5,2.0,14.75,-2.75
2021-07-07,2021-07-07 11:01:00,14794.75,14802.0,14780.25,14780.25,win,7.25,14.5,2.0,15.5,0.0
2021-07-08,2021-07-08 08:37:00,14604.75,14623.5,14567.25,14623.5,loss,18.75,-18.75,-1.0,18.75,-25.5
2021-07-12,2021-07-12 08:31:00,14822.75,14835.0,14798.25,14835.0,loss,12.25,-12.25,-1.0,5.5,-14.75
2021-07-12,2021-07-12 09:23:00,14832.5,14837.75,14822.0,14837.75,loss,5.25,-5.25,-1.0,9.0,-6.5
2021-07-12,2021-07-12 09:29:00,14828.25,14837.0,14810.75,14837.0,loss,8.75,-8.75,-1.0,3.75,-10.75
2021-07-12,2021-07-12 09:42:00,14830.25,14835.5,14819.75,14835.5,loss,5.25,-5.25,-1.0,3.75,-9.5
2021-07-12,2021-07-12 10:09:00,14833.5,14838.75,14823.0,14838.75,loss,5.25,-5.25,-1.0,2.75,-7.75
2021-07-12,2021-07-12 10:42:00,14836.25,14843.25,14822.25,14843.25,loss,7.0,-7.0,-1.0,1.75,-7.75
2021-07-12,2021-07-12 11:01:00,14834.75,14841.5,14821.25,14841.5,loss,6.75,-6.75,-1.0,12.5,-11.0
2021-07-14,2021-07-14 09:53:00,14886.0,14896.0,14866.0,14866.0,win,10.0,20.0,2.0,22.0,-6.0
2021-07-14,2021-07-14 09:55:00,14873.0,14885.5,14848.0,14885.5,loss,12.5,-12.5,-1.0,11.0,-14.0
2021-08-02,2021-08-02 08:35:00,14994.0,15003.5,14975.0,15003.5,loss,9.5,-9.5,-1.0,3.0,-9.75
2021-08-02,2021-08-02 08:45:00,14997.0,15007.75,14975.5,15007.75,loss,10.75,-10.75,-1.0,6.75,-14.75
2021-08-02,2021-08-02 10:00:00,15001.25,15009.5,14984.75,14984.75,win,8.25,16.5,2.0,18.5,-0.5
2021-08-02,2021-08-02 10:01:00,14989.25,15002.75,14962.25,14962.25,win,13.5,27.0,2.0,27.75,-3.75
2021-08-09,2021-08-09 09:14:00,15094.75,15104.5,15075.25,15104.5,loss,9.75,-9.75,-1.0,5.0,-10.0
2021-08-10,2021-08-10 08:31:00,15076.75,15097.75,15034.75,15034.75,win,21.0,42.0,2.0,70.25,-1.75
2021-08-10,2021-08-10 08:33:00,15057.75,15074.25,15024.75,15024.75,win,16.5,33.0,2.0,51.25,-12.0
2021-08-11,2021-08-11 08:32:00,15038.5,15052.5,15010.5,15010.5,win,14.0,28.0,2.0,29.5,-5.5
2021-08-18,2021-08-18 08:43:00,14993.75,15005.0,14971.25,15005.0,loss,11.25,-11.25,-1.0,8.75,-12.25
2021-08-24,2021-08-24 09:30:00,15341.25,15348.75,15326.25,15348.75,loss,7.5,-7.5,-1.0,9.5,-11.25
2021-08-24,2021-08-24 09:47:00,15339.0,15346.75,15323.5,15346.75,loss,7.75,-7.75,-1.0,0.75,-8.0
2021-08-24,2021-08-24 10:28:00,15339.5,15344.0,15330.5,15330.5,win,4.5,9.0,2.0,9.25,-0.5
2021-08-24,2021-08-24 10:31:00,15331.0,15339.0,15315.0,15339.0,loss,8.0,-8.0,-1.0,0.0,-8.25
2021-08-24,2021-08-24 10:49:00,15339.0,15343.75,15329.5,15343.75,loss,4.75,-4.75,-1.0,2.0,-5.5
2021-08-24,2021-08-24 10:58:00,15338.0,15341.5,15331.0,15341.5,loss,3.5,-3.5,-1.0,0.75,-4.0
2021-08-25,2021-08-25 08:32:00,15356.75,15366.75,15336.75,15336.75,win,10.0,20.0,2.0,20.25,-3.0
2021-08-25,2021-08-25 08:33:00,15350.25,15360.75,15329.25,15360.75,loss,10.5,-10.5,-1.0,17.25,-11.75
2021-09-02,2021-09-02 08:48:00,15641.0,15646.5,15630.0,15646.5,loss,5.5,-5.5,-1.0,2.5,-6.0
2021-09-02,2021-09-02 09:08:00,15628.75,15634.5,15617.25,15634.5,loss,5.75,-5.75,-1.0,9.5,-12.5
2021-09-02,2021-09-02 09:09:00,15623.0,15630.0,15609.0,15630.0,loss,7.0,-7.0,-1.0,3.75,-9.5
2021-09-02,2021-09-02 10:00:00,15630.5,15635.5,15620.5,15620.5,win,5.0,10.0,2.0,18.0,-3.25
2021-09-02,2021-09-02 10:04:00,15628.0,15634.0,15616.0,15616.0,win,6.0,12.0,2.0,15.5,-1.75
2021-09-02,2021-09-02 10:05:00,15624.0,15630.75,15610.5,15610.5,win,6.75,13.5,2.0,13.5,-5.75
2021-09-02,2021-09-02 10:08:00,15623.25,15628.75,15612.25,15612.25,win,5.5,11.0,2.0,12.75,-5.25
2021-09-03,2021-09-03 08:40:00,15607.5,15619.25,15584.0,15619.25,loss,11.75,-11.75,-1.0,3.75,-12.25
2021-09-10,2021-09-10 08:31:00,15594.25,15610.25,15562.25,15562.25,win,16.0,32.0,2.0,35.25,-7.25
2021-09-10,2021-09-10 08:32:00,15583.75,15598.25,15554.75,15598.25,loss,14.5,-14.5,-1.0,20.25,-17.75
2021-09-10,2021-09-10 08:33:00,15572.0,15590.25,15535.5,15590.25,loss,18.25,-18.25,-1.0,8.5,-21.5
2021-09-10,2021-09-10 08:37:00,15573.75,15586.25,15548.75,15586.25,loss,12.5,-12.5,-1.0,3.5,-12.75
2021-09-10,2021-09-10 08:55:00,15579.25,15602.5,15532.75,15532.75,win,23.25,46.5,2.0,47.0,-16.25
2021-09-10,2021-09-10 10:53:00,15590.0,15597.0,15576.0,15597.0,loss,7.0,-7.0,-1.0,13.5,-17.25
2021-09-21,2021-09-21 10:53:00,15043.25,15069.0,14991.75,15069.0,loss,25.75,-25.75,-1.0,0.25,-26.0
2021-09-27,2021-09-27 09:10:00,15182.25,15203.0,15140.75,15203.0,loss,20.75,-20.75,-1.0,6.0,-23.5
2021-09-27,2021-09-27 09:13:00,15182.75,15193.75,15160.75,15193.75,loss,11.0,-11.0,-1.0,3.0,-15.25
2021-09-29,2021-09-29 08:32:00,14833.5,14850.5,14799.5,14850.5,loss,17.0,-17.0,-1.0,14.25,-17.75
2021-10-12,2021-10-12 08:31:00,14679.25,14693.75,14650.25,14650.25,win,14.5,29.0,2.0,31.0,-8.25
2021-10-12,2021-10-12 09:16:00,14664.25,14685.25,14622.25,14685.25,loss,21.0,-21.0,-1.0,5.25,-25.0
2021-10-12,2021-10-12 10:34:00,14667.0,14694.5,14612.0,14663.5,win,27.5,3.5,0.13,31.25,-13.5
2021-10-15,2021-10-15 09:50:00,15069.25,15075.25,15057.25,15075.25,loss,6.0,-6.0,-1.0,10.75,-6.25
2021-10-20,2021-10-20 09:00:00,15403.75,15411.25,15388.75,15388.75,win,7.5,15.0,2.0,20.5,-6.5
2021-10-20,2021-10-20 09:03:00,15395.5,15409.0,15368.5,15409.0,loss,13.5,-13.5,-1.0,12.25,-17.75
2021-10-20,2021-10-20 09:04:00,15390.5,15398.0,15375.5,15398.0,loss,7.5,-7.5,-1.0,7.25,-7.5
2021-10-20,2021-10-20 09:05:00,15384.75,15395.25,15363.75,15395.25,loss,10.5,-10.5,-1.0,0.25,-13.25
2021-10-20,2021-10-20 10:07:00,15404.5,15411.25,15391.0,15391.0,win,6.75,13.5,2.0,14.0,-2.5
2021-10-22,2021-10-22 08:43:00,15412.5,15424.25,15389.0,15424.25,loss,11.75,-11.75,-1.0,2.5,-16.0
2021-10-22,2021-10-22 08:49:00,15416.0,15424.25,15399.5,15399.5,win,8.25,16.5,2.0,17.25,-0.5
2021-10-22,2021-10-22 08:50:00,15408.75,15417.5,15391.25,15391.25,win,8.75,17.5,2.0,18.25,-6.0
2021-10-22,2021-10-22 08:51:00,15403.5,15412.0,15386.5,15412.0,loss,8.5,-8.5,-1.0,7.75,-8.75
2021-10-22,2021-10-22 08:55:00,15397.75,15408.5,15376.25,15408.5,loss,10.75,-10.75,-1.0,1.25,-12.25
2021-10-26,2021-10-26 10:01:00,15580.25,15599.5,15541.75,15599.5,loss,19.25,-19.25,-1.0,23.0,-19.25
2021-10-26,2021-10-26 10:05:00,15569.75,15586.25,15536.75,15586.25,loss,16.5,-16.5,-1.0,12.5,-21.5
2021-10-26,2021-10-26 10:06:00,15560.0,15574.75,15530.5,15574.75,loss,14.75,-14.75,-1.0,0.25,-14.75
2021-10-26,2021-10-26 10:30:00,15578.0,15586.25,15561.5,15586.25,loss,8.25,-8.25,-1.0,5.25,-9.25
2021-10-26,2021-10-26 10:36:00,15584.25,15597.5,15557.75,15557.75,win,13.25,26.5,2.0,31.75,-1.5
2021-10-26,2021-10-26 10:40:00,15568.5,15582.0,15541.5,15541.5,win,13.5,27.0,2.0,34.5,-1.5
2021-10-26,2021-10-26 10:41:00,15554.5,15571.0,15521.5,15521.5,win,16.5,33.0,2.0,33.75,-1.0
2021-10-26,2021-10-26 10:44:00,15534.25,15545.75,15511.25,15511.25,win,11.5,23.0,2.0,23.25,-10.25
2021-10-26,2021-10-26 10:46:00,15523.5,15543.25,15484.0,15543.25,loss,19.75,-19.75,-1.0,20.5,-20.75
2021-10-26,2021-10-26 10:47:00,15513.5,15528.25,15484.0,15528.25,loss,14.75,-14.75,-1.0,7.0,-17.25
2021-10-26,2021-10-26 10:50:00,15519.0,15531.5,15494.0,15531.5,loss,12.5,-12.5,-1.0,16.0,-22.25
2021-11-05,2021-11-05 10:58:00,16369.0,16390.75,16325.5,16325.5,win,21.75,43.5,2.0,52.0,-18.75
2021-11-05,2021-11-05 11:01:00,16373.0,16383.75,16351.5,16383.75,loss,10.75,-10.75,-1.0,7.25,-13.75
2021-11-08,2021-11-08 09:01:00,16327.75,16342.0,16299.25,16342.0,loss,14.25,-14.25,-1.0,9.5,-21.25
2021-11-08,2021-11-08 09:39:00,16329.0,16343.25,16300.5,16343.25,loss,14.25,-14.25,-1.0,26.5,-15.0
2021-11-08,2021-11-08 09:41:00,16308.5,16330.5,16264.5,16330.5,loss,22.0,-22.0,-1.0,6.0,-27.5
2021-11-08,2021-11-08 10:15:00,16321.5,16332.25,16300.0,16332.25,loss,10.75,-10.75,-1.0,5.5,-16.0
2021-11-08,2021-11-08 10:53:00,16327.75,16340.0,16303.25,16340.0,loss,12.25,-12.25,-1.0,1.0,-14.0
2021-11-08,2021-11-08 10:56:00,16329.75,16337.75,16313.75,16337.75,loss,8.0,-8.0,-1.0,2.25,-11.75
2021-11-09,2021-11-09 08:53:00,16306.5,16326.5,16266.5,16266.5,win,20.0,40.0,2.0,57.0,-6.0
2021-11-09,2021-11-09 08:54:00,16292.25,16308.5,16259.75,16308.5,loss,16.25,-16.25,-1.0,3.75,-20.25
2021-11-09,2021-11-09 08:57:00,16270.0,16293.75,16222.5,16222.5,win,23.75,47.5,2.0,65.25,-4.0
2021-11-09,2021-11-09 08:59:00,16213.75,16261.5,16118.25,16261.5,loss,47.75,-47.75,-1.0,24.25,-48.25
2021-11-10,2021-11-10 10:30:00,16148.75,16157.0,16132.25,16132.25,win,8.25,16.5,2.0,19.0,-7.5
2021-11-15,2021-11-15 08:31:00,16227.0,16244.25,16192.5,16244.25,loss,17.25,-17.25,-1.0,12.25,-20.5
2021-11-15,2021-11-15 08:36:00,16234.75,16248.5,16207.25,16248.5,loss,13.75,-13.75,-1.0,9.25,-19.5
2021-11-15,2021-11-15 08:41:00,16230.25,16253.5,16183.75,16183.75,win,23.25,46.5,2.0,53.75,-4.75
2021-11-15,2021-11-15 08:51:00,16207.75,16222.75,16177.75,16222.75,loss,15.0,-15.0,-1.0,19.5,-15.5
2021-11-15,2021-11-15 08:52:00,16190.25,16209.0,16152.75,16209.0,loss,18.75,-18.75,-1.0,1.0,-23.5
2021-11-15,2021-11-15 09:02:00,16211.25,16225.0,16183.75,16183.75,win,13.75,27.5,2.0,34.75,-0.25
2021-11-16,2021-11-16 09:30:00,16198.25,16219.0,16156.75,16219.0,loss,20.75,-20.75,-1.0,3.5,-24.75
2021-11-17,2021-11-17 08:32:00,16300.25,16320.25,16260.25,16320.25,loss,20.0,-20.0,-1.0,7.75,-21.5
2021-11-17,2021-11-17 08:37:00,16305.0,16315.25,16284.5,16315.25,loss,10.25,-10.25,-1.0,10.25,-11.25
2021-11-17,2021-11-17 08:50:00,16303.75,16317.25,16276.75,16276.75,win,13.5,27.0,2.0,33.75,-2.0
2021-11-17,2021-11-17 08:52:00,16275.75,16299.5,16228.25,16299.5,loss,23.75,-23.75,-1.0,2.5,-28.25
2021-11-17,2021-11-17 09:24:00,16303.5,16314.0,16282.5,16314.0,loss,10.5,-10.5,-1.0,3.5,-13.75
2021-11-18,2021-11-18 08:32:00,16372.75,16387.5,16343.25,16387.5,loss,14.75,-14.75,-1.0,19.5,-18.5
2021-11-18,2021-11-18 09:10:00,16378.25,16409.0,16316.75,16316.75,win,30.75,61.5,2.0,74.75,-1.5
2021-11-18,2021-11-18 09:11:00,16349.25,16380.75,16286.25,16380.75,loss,31.5,-31.5,-1.0,45.75,-33.75
2021-11-18,2021-11-18 09:39:00,16359.5,16373.75,16331.0,16373.75,loss,14.25,-14.25,-1.0,26.25,-23.5
2021-11-18,2021-11-18 09:44:00,16345.0,16357.75,16319.5,16357.75,loss,12.75,-12.75,-1.0,9.5,-15.0
2021-11-18,2021-11-18 10:03:00,16348.25,16363.75,16317.25,16363.75,loss,15.5,-15.5,-1.0,15.0,-18.75
2021-11-19,2021-11-19 09:28:00,16554.25,16566.25,16530.25,16566.25,loss,12.0,-12.0,-1.0,7.75,-13.5
2021-11-19,2021-11-19 09:30:00,16548.25,16563.0,16518.75,16563.0,loss,14.75,-14.75,-1.0,1.75,-19.5
2021-11-22,2021-11-22 10:12:00,16649.75,16668.75,16611.75,16611.75,win,19.0,38.0,2.0,41.25,-9.0
2021-11-22,2021-11-22 10:23:00,16629.25,16644.0,16599.75,16599.75,win,14.75,29.5,2.0,37.5,-9.5
2021-11-22,2021-11-22 10:26:00,16618.25,16634.0,16586.75,16634.0,loss,15.75,-15.75,-1.0,15.0,-18.0
2021-11-22,2021-11-22 10:28:00,16608.25,16623.0,16578.75,16623.0,loss,14.75,-14.75,-1.0,5.0,-20.5
2021-11-22,2021-11-22 10:35:00,16625.25,16636.25,16603.25,16603.25,win,11.0,22.0,2.0,33.5,-9.0
2021-11-22,2021-11-22 10:38:00,16619.0,16633.75,16589.5,16589.5,win,14.75,29.5,2.0,37.0,-6.5
2021-11-22,2021-11-22 10:42:00,16608.25,16623.0,16578.75,16578.75,win,14.75,29.5,2.0,29.5,-0.5
2021-11-22,2021-11-22 10:43:00,16592.25,16609.75,16557.25,16557.25,win,17.5,35.0,2.0,38.25,-9.25
2021-11-23,2021-11-23 09:07:00,16312.5,16361.0,16215.5,16215.5,win,48.5,97.0,2.0,101.75,-15.25
2021-11-25,2021-11-25 09:51:00,16397.75,16403.25,16386.75,16403.25,loss,5.5,-5.5,-1.0,0.25,-5.5
2021-11-25,2021-11-25 09:59:00,16398.25,16403.75,16387.25,16403.75,loss,5.5,-5.5,-1.0,5.25,-5.5
2021-11-25,2021-11-25 10:02:00,16397.75,16401.5,16390.25,16401.5,loss,3.75,-3.75,-1.0,4.75,-6.0
2021-11-25,2021-11-25 10:18:00,16396.75,16400.0,16390.25,16400.0,loss,3.25,-3.25,-1.0,3.75,-4.25
2021-11-26,2021-11-26 08:42:00,16230.25,16261.5,16167.75,16167.75,win,31.25,62.5,2.0,65.0,-18.25
2021-11-26,2021-11-26 08:46:00,16181.25,16206.5,16130.75,16206.5,loss,25.25,-25.25,-1.0,7.5,-28.5
2021-11-26,2021-11-26 08:48:00,16176.25,16210.75,16107.25,16210.75,loss,34.5,-34.5,-1.0,8.0,-36.5
2021-11-29,2021-11-29 08:46:00,16223.0,16261.5,16146.0,16261.5,loss,38.5,-38.5,-1.0,14.5,-51.75
2021-11-30,2021-11-30 09:38:00,16348.75,16376.25,16293.75,16293.75,win,27.5,55.0,2.0,62.75,-23.75
2021-12-01,2021-12-01 10:58:00,16335.75,16359.0,16289.25,16359.0,loss,23.25,-23.25,-1.0,11.5,-23.25
2021-12-02,2021-12-02 09:11:00,15902.75,15943.5,15821.25,15821.25,win,40.75,81.5,2.0,99.75,-25.0
2021-12-02,2021-12-02 09:16:00,15878.0,15913.25,15807.5,15913.25,loss,35.25,-35.25,-1.0,40.0,-38.25
2021-12-02,2021-12-02 09:33:00,15891.5,15914.5,15845.5,15845.5,win,23.0,46.0,2.0,51.5,0.0
2021-12-02,2021-12-02 09:34:00,15868.5,15892.5,15820.5,15820.5,win,24.0,48.0,2.0,65.5,-2.0
2021-12-02,2021-12-02 09:35:00,15841.5,15871.5,15781.5,15781.5,win,30.0,60.0,2.0,69.25,-7.5
2021-12-02,2021-12-02 09:39:00,15807.5,15837.25,15748.0,15837.25,loss,29.75,-29.75,-1.0,11.75,-31.0
2021-12-02,2021-12-02 10:01:00,15872.75,15912.75,15792.75,15912.75,loss,40.0,-40.0,-1.0,17.25,-60.75
2021-12-02,2021-12-02 10:44:00,15887.0,15925.0,15811.0,15925.0,loss,38.0,-38.0,-1.0,15.25,-43.75
2021-12-02,2021-12-02 10:48:00,15879.75,15898.0,15843.25,15898.0,loss,18.25,-18.25,-1.0,3.5,-51.0
2021-12-03,2021-12-03 08:36:00,15994.75,16055.5,15873.25,15873.25,win,60.75,121.5,2.0,126.75,-25.5
2021-12-03,2021-12-03 08:39:00,15989.5,16021.25,15926.0,15926.0,win,31.75,63.5,2.0,74.5,-10.75
2021-12-06,2021-12-06 08:32:00,15686.75,15748.25,15563.75,15563.75,win,61.5,123.0,2.0,123.0,-8.5
2021-12-06,2021-12-06 08:33:00,15661.75,15696.25,15592.75,15592.75,win,34.5,69.0,2.0,85.75,-21.75
2021-12-06,2021-12-06 08:35:00,15626.5,15665.0,15549.5,15665.0,loss,38.5,-38.5,-1.0,67.25,-52.5
2021-12-06,2021-12-06 08:36:00,15601.5,15629.75,15545.0,15629.75,loss,28.25,-28.25,-1.0,42.25,-56.0
2021-12-06,2021-12-06 08:38:00,15563.75,15604.25,15482.75,15604.25,loss,40.5,-40.5,-1.0,4.5,-41.75
2021-12-06,2021-12-06 09:44:00,15690.5,15734.75,15602.0,15734.75,loss,44.25,-44.25,-1.0,34.75,-46.0
2021-12-09,2021-12-09 08:56:00,16338.0,16364.5,16285.0,16364.5,loss,26.5,-26.5,-1.0,16.25,-28.0
2021-12-09,2021-12-09 09:08:00,16319.75,16348.0,16263.25,16348.0,loss,28.25,-28.25,-1.0,8.5,-28.25
2021-12-09,2021-12-09 09:25:00,16304.5,16338.75,16236.0,16338.75,loss,34.25,-34.25,-1.0,51.25,-40.0
2021-12-09,2021-12-09 09:29:00,16284.5,16299.75,16254.0,16254.0,win,15.25,30.5,2.0,31.25,-8.25
2021-12-09,2021-12-09 09:30:00,16271.75,16290.75,16233.75,16290.75,loss,19.0,-19.0,-1.0,4.0,-21.0
2021-12-09,2021-12-09 10:35:00,16329.0,16338.75,16309.5,16309.5,win,9.75,19.5,2.0,20.0,-1.0
2021-12-09,2021-12-09 10:36:00,16319.5,16331.0,16296.5,16296.5,win,11.5,23.0,2.0,25.25,-9.75
2021-12-09,2021-12-09 10:39:00,16314.75,16325.0,16294.25,16294.25,win,10.25,20.5,2.0,20.5,-6.5
2021-12-10,2021-12-10 09:48:00,16188.5,16209.0,16147.5,16209.0,loss,20.5,-20.5,-1.0,23.0,-24.25
2021-12-10,2021-12-10 09:50:00,16169.0,16189.25,16128.5,16189.25,loss,20.25,-20.25,-1.0,3.5,-28.0
2021-12-10,2021-12-10 10:04:00,16182.75,16198.75,16150.75,16150.75,win,16.0,32.0,2.0,35.25,-1.5
2021-12-10,2021-12-10 10:05:00,16167.25,16185.25,16131.25,16185.25,loss,18.0,-18.0,-1.0,31.25,-25.75
2021-12-10,2021-12-10 10:36:00,16177.75,16194.25,16144.75,16194.25,loss,16.5,-16.5,-1.0,3.25,-30.5
2021-12-13,2021-12-13 08:31:00,16313.25,16340.5,16258.75,16258.75,win,27.25,54.5,2.0,58.25,-19.5
2021-12-13,2021-12-13 08:32:00,16298.5,16322.25,16251.0,16322.25,loss,23.75,-23.75,-1.0,28.75,-32.5
2021-12-13,2021-12-13 08:33:00,16289.0,16309.25,16248.5,16309.25,loss,20.25,-20.25,-1.0,19.25,-25.0
2021-12-16,2021-12-16 08:32:00,16294.25,16315.75,16251.25,16315.75,loss,21.5,-21.5,-1.0,11.0,-25.0
2021-12-16,2021-12-16 08:34:00,16287.75,16320.25,16222.75,16320.25,loss,32.5,-32.5,-1.0,2.25,-54.25
2021-12-16,2021-12-16 08:37:00,16285.75,16313.0,16231.25,16231.25,win,27.25,54.5,2.0,70.5,-9.0
2021-12-16,2021-12-16 08:38:00,16269.75,16295.75,16217.75,16217.75,win,26.0,52.0,2.0,54.5,-9.0
2021-12-16,2021-12-16 08:41:00,16244.5,16274.5,16184.5,16274.5,loss,30.0,-30.0,-1.0,32.25,-36.0
2021-12-16,2021-12-16 08:42:00,16224.0,16246.0,16180.0,16246.0,loss,22.0,-22.0,-1.0,11.75,-40.75
2021-12-17,2021-12-17 08:36:00,15729.25,15780.0,15627.75,15780.0,loss,50.75,-50.75,-1.0,72.25,-67.5
2021-12-17,2021-12-17 08:37:00,15686.0,15736.25,15585.5,15736.25,loss,50.25,-50.25,-1.0,29.0,-75.5
2021-12-17,2021-12-17 08:42:00,15677.0,15727.0,15577.0,15727.0,loss,50.0,-50.0,-1.0,20.0,-57.5
2021-12-17,2021-12-17 09:07:00,15728.5,15765.0,15655.5,15765.0,loss,36.5,-36.5,-1.0,3.0,-37.0
2021-12-17,2021-12-17 09:11:00,15740.75,15762.0,15698.25,15698.25,win,21.25,42.5,2.0,52.0,-6.5
2021-12-17,2021-12-17 09:14:00,15698.25,15731.75,15631.25,15731.75,loss,33.5,-33.5,-1.0,46.5,-33.75
2021-12-17,2021-12-17 09:31:00,15717.0,15750.5,15650.0,15750.5,loss,33.5,-33.5,-1.0,1.5,-64.0
2021-12-20,2021-12-20 08:32:00,15559.5,15606.75,15465.0,15606.75,loss,47.25,-47.25,-1.0,16.5,-55.5
2021-12-20,2021-12-20 08:34:00,15563.75,15597.25,15496.75,15597.25,loss,33.5,-33.5,-1.0,20.75,-51.25
2021-12-20,2021-12-20 08:37:00,15580.25,15610.0,15520.75,15610.0,loss,29.75,-29.75,-1.0,9.5,-33.75
2021-12-20,2021-12-20 08:41:00,15557.75,15635.75,15401.75,15635.75,loss,78.0,-78.0,-1.0,7.75,-84.5
2021-12-20,2021-12-20 09:09:00,15569.25,15599.5,15508.75,15599.5,loss,30.25,-30.25,-1.0,10.75,-40.75
2021-12-20,2021-12-20 09:25:00,15594.5,15617.0,15549.5,15617.0,loss,22.5,-22.5,-1.0,42.0,-35.75
2021-12-20,2021-12-20 09:30:00,15578.75,15595.25,15545.75,15595.25,loss,16.5,-16.5,-1.0,26.25,-22.75
2021-12-20,2021-12-20 09:31:00,15562.0,15581.5,15523.0,15581.5,loss,19.5,-19.5,-1.0,9.5,-26.75
2021-12-20,2021-12-20 09:54:00,15556.5,15576.5,15516.5,15576.5,loss,20.0,-20.0,-1.0,2.25,-21.25
2021-12-21,2021-12-21 08:35:00,15754.0,15799.25,15663.5,15663.5,win,45.25,90.5,2.0,96.75,-24.25
2021-12-21,2021-12-21 08:40:00,15760.75,15779.25,15723.75,15723.75,win,18.5,37.0,2.0,42.25,-4.25
2021-12-21,2021-12-21 08:41:00,15744.25,15766.0,15700.75,15700.75,win,21.75,43.5,2.0,60.5,-8.0
2021-12-22,2021-12-22 08:33:00,15940.0,15962.5,15895.0,15962.5,loss,22.5,-22.5,-1.0,2.5,-26.75
2021-12-28,2021-12-28 08:32:00,16566.75,16591.25,16517.75,16591.25,loss,24.5,-24.5,-1.0,45.75,-29.0
2021-12-28,2021-12-28 08:36:00,16542.75,16576.0,16476.25,16576.0,loss,33.25,-33.25,-1.0,21.75,-39.0
2021-12-28,2021-12-28 09:08:00,16544.0,16572.5,16487.0,16572.5,loss,28.5,-28.5,-1.0,52.5,-40.75
2021-12-28,2021-12-28 09:10:00,16520.0,16536.5,16487.0,16536.5,loss,16.5,-16.5,-1.0,7.75,-19.0
2021-12-28,2021-12-28 09:42:00,16562.25,16572.5,16541.75,16541.75,win,10.25,20.5,2.0,26.25,0.0
2021-12-28,2021-12-28 09:43:00,16537.0,16563.25,16484.5,16563.25,loss,26.25,-26.25,-1.0,5.0,-27.5
2021-12-29,2021-12-29 09:01:00,16496.25,16518.0,16452.75,16452.75,win,21.75,43.5,2.0,70.0,-11.25
2021-12-29,2021-12-29 09:06:00,16476.0,16495.0,16438.0,16495.0,loss,19.0,-19.0,-1.0,0.5,-25.25
2021-12-30,2021-12-30 08:42:00,16470.75,16493.25,16425.75,16493.25,loss,22.5,-22.5,-1.0,21.5,-24.25
2021-12-30,2021-12-30 08:43:00,16451.75,16473.75,16407.75,16473.75,loss,22.0,-22.0,-1.0,2.5,-30.75
2021-12-31,2021-12-31 08:48:00,16395.75,16423.75,16339.75,16423.75,loss,28.0,-28.0,-1.0,11.75,-34.75
2022-01-03,2022-01-03 08:48:00,16379.25,16414.0,16309.75,16309.75,win,34.75,69.5,2.0,82.0,-4.5
2022-01-03,2022-01-03 08:49:00,16359.25,16384.75,16308.25,16308.25,win,25.5,51.0,2.0,62.0,-0.75
2022-01-03,2022-01-03 08:51:00,16319.0,16355.75,16245.5,16355.75,loss,36.75,-36.75,-1.0,27.0,-45.0
2022-01-04,2022-01-04 08:31:00,16495.5,16513.0,16460.5,16460.5,win,17.5,35.0,2.0,46.0,-7.5
2022-01-04,2022-01-04 08:33:00,16485.75,16502.75,16451.75,16502.75,loss,17.0,-17.0,-1.0,17.0,-17.25
2022-01-04,2022-01-04 08:34:00,16473.75,16493.0,16435.25,16493.0,loss,19.25,-19.25,-1.0,5.0,-22.5
2022-01-06,2022-01-06 08:55:00,15739.5,15783.5,15651.5,15651.5,win,44.0,88.0,2.0,103.75,-27.25
2022-01-06,2022-01-06 08:57:00,15725.5,15767.75,15641.0,15641.0,win,42.25,84.5,2.0,89.75,-23.5
2022-01-06,2022-01-06 09:01:00,15683.0,15750.0,15549.0,15750.0,loss,67.0,-67.0,-1.0,84.5,-88.0
2022-01-06,2022-01-06 09:19:00,15704.25,15737.5,15637.75,15737.5,loss,33.25,-33.25,-1.0,37.0,-66.75
2022-01-06,2022-01-06 09:22:00,15679.25,15725.75,15586.25,15725.75,loss,46.5,-46.5,-1.0,12.0,-58.0
2022-01-07,2022-01-07 09:05:00,15745.5,15774.0,15688.5,15688.5,win,28.5,57.0,2.0,67.75,-4.0
2022-01-11,2022-01-11 09:32:00,15585.0,15638.5,15478.0,15638.5,loss,53.5,-53.5,-1.0,81.0,-53.5
2022-01-11,2022-01-11 09:35:00,15558.5,15592.0,15491.5,15592.0,loss,33.5,-33.5,-1.0,54.5,-62.75
2022-01-12,2022-01-12 09:40:00,15886.0,15907.75,15842.5,15842.5,win,21.75,43.5,2.0,45.5,-20.75
2022-01-12,2022-01-12 09:42:00,15871.25,15903.25,15807.25,15903.25,loss,32.0,-32.0,-1.0,12.75,-34.5
2022-01-12,2022-01-12 09:49:00,15878.75,15898.0,15840.25,15840.25,win,19.25,38.5,2.0,40.75,-11.75
2022-01-12,2022-01-12 09:53:00,15843.0,15873.0,15783.0,15873.0,loss,30.0,-30.0,-1.0,7.0,-33.5
2022-01-12,2022-01-12 10:06:00,15835.25,15868.25,15769.25,15868.25,loss,33.0,-33.0,-1.0,38.0,-38.0
2022-01-12,2022-01-12 10:07:00,15810.5,15839.0,15753.5,15839.0,loss,28.5,-28.5,-1.0,11.0,-30.0
2022-01-12,2022-01-12 10:16:00,15810.25,15839.0,15752.75,15839.0,loss,28.75,-28.75,-1.0,7.0,-29.5
2022-01-13,2022-01-13 09:13:00,15867.75,15885.5,15832.25,15832.25,win,17.75,35.5,2.0,36.5,-14.25
2022-01-13,2022-01-13 09:17:00,15850.0,15874.25,15801.5,15874.25,loss,24.25,-24.25,-1.0,18.75,-26.75
2022-01-14,2022-01-14 09:38:00,15469.0,15491.75,15423.5,15491.75,loss,22.75,-22.75,-1.0,5.25,-29.75
2022-01-14,2022-01-14 10:04:00,15477.0,15499.5,15432.0,15432.0,win,22.5,45.0,2.0,58.75,-11.0
2022-01-14,2022-01-14 10:06:00,15462.75,15485.25,15417.75,15485.25,loss,22.5,-22.5,-1.0,44.5,-34.0
2022-01-14,2022-01-14 10:08:00,15446.5,15477.25,15385.0,15477.25,loss,30.75,-30.75,-1.0,28.25,-50.25
2022-01-18,2022-01-18 09:46:00,15354.75,15388.0,15288.25,15288.25,win,33.25,66.5,2.0,74.0,-19.25
2022-01-19,2022-01-19 09:36:00,15247.25,15260.75,15220.25,15220.25,win,13.5,27.0,2.0,39.5,-4.5
2022-01-19,2022-01-19 09:39:00,15232.25,15252.75,15191.25,15191.25,win,20.5,41.0,2.0,50.0,-0.5
2022-01-19,2022-01-19 09:40:00,15213.25,15233.75,15172.25,15172.25,win,20.5,41.0,2.0,43.5,-1.75
2022-01-21,2022-01-21 08:44:00,14695.0,14723.75,14637.5,14723.75,loss,28.75,-28.75,-1.0,26.75,-56.0
2022-01-21,2022-01-21 08:45:00,14671.75,14703.75,14607.75,14703.75,loss,32.0,-32.0,-1.0,2.25,-79.25
2022-01-21,2022-01-21 08:51:00,14698.0,14742.0,14610.0,14610.0,win,44.0,88.0,2.0,90.0,-3.75
2022-01-21,2022-01-21 08:54:00,14656.5,14688.5,14592.5,14592.5,win,32.0,64.0,2.0,70.5,-31.0
2022-01-21,2022-01-21 10:42:00,14713.5,14739.75,14661.0,14661.0,win,26.25,52.5,2.0,53.0,-22.5
2022-01-25,2022-01-25 08:33:00,14188.5,14264.25,14037.0,14264.25,loss,75.75,-75.75,-1.0,0.75,-91.5
2022-01-25,2022-01-25 08:35:00,14220.75,14254.5,14153.25,14254.5,loss,33.75,-33.75,-1.0,22.0,-59.25
2022-01-25,2022-01-25 08:46:00,14146.0,14219.0,14000.0,14219.0,loss,73.0,-73.0,-1.0,109.5,-79.5
2022-01-25,2022-01-25 09:51:00,14201.25,14234.0,14135.75,14135.75,win,32.75,65.5,2.0,87.0,-25.0
2022-01-28,2022-01-28 08:33:00,14011.0,14046.0,13941.0,13941.0,win,35.0,70.0,2.0,88.0,-12.25
2022-01-28,2022-01-28 08:34:00,13983.5,14024.25,13902.0,13902.0,win,40.75,81.5,2.0,83.75,-15.75
2022-01-28,2022-01-28 08:36:00,13931.75,13977.75,13839.75,13977.75,loss,46.0,-46.0,-1.0,71.5,-49.75
2022-01-31,2022-01-31 08:32:00,14437.0,14498.75,14313.5,14498.75,loss,61.75,-61.75,-1.0,20.75,-84.75
2022-01-31,2022-01-31 08:33:00,14426.5,14459.0,14361.5,14459.0,loss,32.5,-32.5,-1.0,0.25,-95.25
2022-02-01,2022-02-01 08:31:00,14900.5,14953.0,14795.5,14795.5,win,52.5,105.0,2.0,114.0,-18.5
2022-02-01,2022-02-01 08:32:00,14886.25,14906.75,14845.25,14906.75,loss,20.5,-20.5,-1.0,20.75,-29.5
2022-02-01,2022-02-01 08:37:00,14873.75,14913.75,14793.75,14793.75,win,40.0,80.0,2.0,87.25,-15.5
2022-02-01,2022-02-01 08:40:00,14857.5,14890.25,14792.0,14792.0,win,32.75,65.5,2.0,71.0,-31.75
2022-02-01,2022-02-01 08:43:00,14820.5,14857.25,14747.0,14857.25,loss,36.75,-36.75,-1.0,34.0,-39.75
2022-02-02,2022-02-02 08:31:00,15129.75,15173.25,15042.75,15173.25,loss,43.5,-43.5,-1.0,37.25,-47.5
2022-02-02,2022-02-02 08:32:00,15118.5,15130.75,15094.0,15094.0,win,12.25,24.5,2.0,26.0,-1.0
2022-02-02,2022-02-02 08:33:00,15106.25,15120.5,15077.75,15120.5,loss,14.25,-14.25,-1.0,13.75,-31.75
2022-02-02,2022-02-02 08:40:00,15155.25,15179.0,15107.75,15107.75,win,23.75,47.5,2.0,51.25,-6.5
2022-02-02,2022-02-02 08:42:00,15110.75,15146.25,15039.75,15039.75,win,35.5,71.0,2.0,84.0,-13.25
2022-02-02,2022-02-02 08:43:00,15086.5,15125.0,15009.5,15125.0,loss,38.5,-38.5,-1.0,59.75,-43.75
2022-02-02,2022-02-02 08:44:00,15064.25,15100.5,14991.75,15100.5,loss,36.25,-36.25,-1.0,37.5,-47.0
2022-02-02,2022-02-02 08:47:00,15060.0,15092.0,14996.0,15092.0,loss,32.0,-32.0,-1.0,33.25,-36.0
2022-02-02,2022-02-02 09:11:00,15138.75,15161.5,15093.25,15093.25,win,22.75,45.5,2.0,49.5,-22.5
2022-02-02,2022-02-02 09:14:00,15117.75,15138.75,15075.75,15075.75,win,21.0,42.0,2.0,46.25,-2.0
2022-02-02,2022-02-02 09:15:00,15098.5,15120.75,15054.0,15120.75,loss,22.25,-22.25,-1.0,27.0,-24.0
2022-02-02,2022-02-02 09:18:00,15083.0,15116.5,15016.0,15116.5,loss,33.5,-33.5,-1.0,11.5,-39.5
2022-02-04,2022-02-04 09:30:00,14559.0,14631.5,14414.0,14582.0,loss,72.5,-23.0,-0.32,117.0,-66.0
2022-02-07,2022-02-07 08:34:00,14680.25,14720.0,14600.75,14720.0,loss,39.75,-39.75,-1.0,10.25,-42.5
2022-02-07,2022-02-07 09:18:00,14696.75,14723.75,14642.75,14723.75,loss,27.0,-27.0,-1.0,10.0,-28.5
2022-02-07,2022-02-07 09:42:00,14705.75,14725.5,14666.25,14725.5,loss,19.75,-19.75,-1.0,9.25,-24.0
2022-02-07,2022-02-07 09:49:00,14704.0,14720.75,14670.5,14720.75,loss,16.75,-16.75,-1.0,13.0,-32.5
2022-02-07,2022-02-07 10:05:00,14709.25,14724.5,14678.75,14678.75,win,15.25,30.5,2.0,46.0,-13.0
2022-02-07,2022-02-07 10:09:00,14699.0,14723.25,14650.5,14650.5,win,24.25,48.5,2.0,52.5,-0.75
2022-02-07,2022-02-07 10:10:00,14672.25,14700.75,14615.25,14615.25,win,28.5,57.0,2.0,67.25,-22.0
2022-02-08,2022-02-08 08:33:00,14542.5,14565.0,14497.5,14565.0,loss,22.5,-22.5,-1.0,41.0,-33.0
2022-02-08,2022-02-08 08:34:00,14526.75,14549.25,14481.75,14549.25,loss,22.5,-22.5,-1.0,25.25,-28.25
2022-02-08,2022-02-08 08:35:00,14512.0,14542.75,14450.5,14542.75,loss,30.75,-30.75,-1.0,0.75,-43.0
2022-02-08,2022-02-08 08:43:00,14543.5,14569.5,14491.5,14569.5,loss,26.0,-26.0,-1.0,13.25,-28.5
2022-02-08,2022-02-08 09:01:00,14494.5,14524.0,14435.5,14524.0,loss,29.5,-29.5,-1.0,27.0,-57.0
2022-02-08,2022-02-08 09:02:00,14477.5,14496.5,14439.5,14496.5,loss,19.0,-19.0,-1.0,10.0,-32.0
2022-02-08,2022-02-08 09:27:00,14520.0,14542.5,14475.0,14475.0,win,22.5,45.0,2.0,47.0,-1.75
2022-02-08,2022-02-08 09:28:00,14504.0,14522.75,14466.5,14522.75,loss,18.75,-18.75,-1.0,31.0,-33.25
2022-02-11,2022-02-11 08:59:00,14632.0,14658.0,14580.0,14658.0,loss,26.0,-26.0,-1.0,2.0,-40.75
2022-02-11,2022-02-11 09:12:00,14647.75,14685.5,14572.25,14685.5,loss,37.75,-37.75,-1.0,57.75,-41.25
2022-02-23,2022-02-23 08:36:00,13963.75,14012.25,13866.75,14012.25,loss,48.5,-48.5,-1.0,1.0,-65.25
2022-02-23,2022-02-23 08:42:00,13961.75,14020.0,13845.25,13845.25,win,58.25,116.5,2.0,118.5,-19.0
2022-02-25,2022-02-25 08:43:00,13895.0,13948.0,13789.0,13948.0,loss,53.0,-53.0,-1.0,23.0,-55.75
2022-02-25,2022-02-25 08:57:00,13887.75,13921.0,13821.25,13921.0,loss,33.25,-33.25,-1.0,56.0,-43.0
2022-03-01,2022-03-01 09:11:00,14158.5,14190.75,14094.0,14190.75,loss,32.25,-32.25,-1.0,11.5,-46.25
2022-03-01,2022-03-01 09:42:00,14191.5,14212.5,14149.5,14149.5,win,21.0,42.0,2.0,43.5,-5.25
2022-03-01,2022-03-01 09:45:00,14156.5,14178.0,14113.5,14178.0,loss,21.5,-21.5,-1.0,6.25,-21.5
2022-03-01,2022-03-01 10:20:00,14173.0,14194.0,14131.0,14194.0,loss,21.0,-21.0,-1.0,9.0,-27.75
2022-03-02,2022-03-02 09:08:00,14034.75,14063.25,13977.75,13977.75,win,28.5,57.0,2.0,64.75,0.0
2022-03-02,2022-03-02 09:09:00,14011.0,14035.75,13961.5,13961.5,win,24.75,49.5,2.0,49.75,-2.0
2022-03-02,2022-03-02 09:10:00,13990.0,14014.0,13942.0,14014.0,loss,24.0,-24.0,-1.0,28.75,-30.0
2022-03-02,2022-03-02 09:47:00,14045.25,14066.25,14003.25,14066.25,loss,21.0,-21.0,-1.0,12.0,-40.25
2022-03-02,2022-03-02 09:55:00,14019.5,14052.0,13954.5,14052.0,loss,32.5,-32.5,-1.0,5.25,-43.0
2022-03-03,2022-03-03 08:49:00,14257.0,14294.25,14182.5,14182.5,win,37.25,74.5,2.0,75.5,-32.25
2022-03-03,2022-03-03 09:06:00,14249.0,14271.75,14203.5,14203.5,win,22.75,45.5,2.0,45.5,-2.5
2022-03-03,2022-03-03 09:07:00,14223.25,14252.5,14164.75,14164.75,win,29.25,58.5,2.0,76.75,-17.25
2022-03-07,2022-03-07 09:00:00,13673.25,13704.25,13611.25,13611.25,win,31.0,62.0,2.0,63.0,-20.75
2022-03-08,2022-03-08 08:37:00,13275.5,13355.25,13116.0,13355.25,loss,79.75,-79.75,-1.0,53.75,-98.25
2022-03-08,2022-03-08 10:13:00,13241.5,13271.0,13182.5,13271.0,loss,29.5,-29.5,-1.0,9.25,-29.5
2022-03-11,2022-03-11 08:55:00,13597.0,13618.0,13555.0,13555.0,win,21.0,42.0,2.0,57.0,-6.25
2022-03-11,2022-03-11 09:01:00,13536.0,13595.0,13418.0,13463.25,win,59.0,72.75,1.23,74.5,-45.0
2022-03-21,2022-03-21 10:31:00,14342.25,14409.5,14207.75,14207.75,win,67.25,134.5,2.0,138.25,-13.25
2022-03-21,2022-03-21 10:32:00,14318.25,14356.5,14241.75,14241.75,win,38.25,76.5,2.0,78.75,-30.25
2022-03-21,2022-03-21 10:34:00,14321.5,14346.0,14272.5,14272.5,win,24.5,49.0,2.0,49.5,-7.5
2022-03-23,2022-03-23 08:46:00,14543.75,14563.0,14505.25,14563.0,loss,19.25,-19.25,-1.0,16.0,-22.25
2022-03-25,2022-03-25 08:55:00,14747.0,14760.25,14720.5,14720.5,win,13.25,26.5,2.0,44.5,-10.75
2022-03-25,2022-03-25 08:56:00,14731.75,14755.5,14684.25,14755.5,loss,23.75,-23.75,-1.0,6.75,-26.0
2022-03-25,2022-03-25 09:01:00,14732.0,14758.75,14678.5,14678.5,win,26.75,53.5,2.0,76.25,-1.25
2022-03-28,2022-03-28 09:50:00,14729.75,14756.0,14677.25,14756.0,loss,26.25,-26.25,-1.0,11.75,-28.5
2022-03-28,2022-03-28 10:11:00,14736.0,14749.0,14710.0,14710.0,win,13.0,26.0,2.0,30.0,-2.75
2022-03-28,2022-03-28 10:12:00,14721.25,14738.25,14687.25,14738.25,loss,17.0,-17.0,-1.0,7.0,-17.5
2022-03-28,2022-03-28 10:17:00,14723.0,14736.25,14696.5,14736.25,loss,13.25,-13.25,-1.0,22.0,-15.25
2022-03-28,2022-03-28 10:27:00,14736.0,14750.0,14708.0,14750.0,loss,14.0,-14.0,-1.0,12.0,-19.0
2022-04-07,2022-04-07 08:33:00,14506.0,14536.0,14446.0,14536.0,loss,30.0,-30.0,-1.0,8.75,-37.25
2022-04-07,2022-04-07 08:39:00,14511.0,14540.25,14452.5,14452.5,win,29.25,58.5,2.0,64.0,-0.25
2022-04-07,2022-04-07 08:40:00,14490.25,14512.25,14446.25,14446.25,win,22.0,44.0,2.0,48.5,0.0
2022-04-07,2022-04-07 08:41:00,14457.0,14491.25,14388.5,14491.25,loss,34.25,-34.25,-1.0,31.5,-50.5
2022-04-18,2022-04-18 09:25:00,13875.0,13889.25,13846.5,13846.5,win,14.25,28.5,2.0,32.25,-7.0
2022-04-18,2022-04-18 10:49:00,13802.25,13813.75,13779.25,13813.75,loss,11.5,-11.5,-1.0,1.5,-15.5
2022-04-20,2022-04-20 08:48:00,14107.75,14125.5,14072.25,14125.5,loss,17.75,-17.75,-1.0,3.0,-25.75
2022-04-20,2022-04-20 08:57:00,14122.75,14142.0,14084.25,14084.25,win,19.25,38.5,2.0,39.0,-9.0
2022-04-20,2022-04-20 09:01:00,14102.5,14131.75,14044.0,14044.0,win,29.25,58.5,2.0,61.0,-10.25
2022-04-20,2022-04-20 09:05:00,14089.25,14113.75,14040.25,14040.25,win,24.5,49.0,2.0,58.75,-23.5
2022-04-21,2022-04-21 08:46:00,14125.25,14142.75,14090.25,14090.25,win,17.5,35.0,2.0,39.25,-12.5
2022-04-21,2022-04-21 08:48:00,14101.5,14125.0,14054.5,14054.5,win,23.5,47.0,2.0,49.0,-23.25
2022-04-25,2022-04-25 09:16:00,13274.75,13313.75,13196.75,13313.75,loss,39.0,-39.0,-1.0,8.25,-66.75
2022-04-27,2022-04-27 08:55:00,13056.75,13081.25,13007.75,13081.25,loss,24.5,-24.5,-1.0,20.75,-59.5
2022-04-27,2022-04-27 09:10:00,13076.5,13108.75,13012.0,13108.75,loss,32.25,-32.25,-1.0,29.5,-37.25
2022-04-27,2022-04-27 09:17:00,13074.75,13109.75,13004.75,13109.75,loss,35.0,-35.0,-1.0,25.25,-50.5
2022-04-27,2022-04-27 09:21:00,13065.5,13100.0,12996.5,13100.0,loss,34.5,-34.5,-1.0,6.75,-59.75
2022-04-27,2022-04-27 10:02:00,13053.5,13090.25,12980.0,13090.25,loss,36.75,-36.75,-1.0,6.25,-53.0
2022-04-28,2022-04-28 09:36:00,13167.5,13187.5,13127.5,13127.5,win,20.0,40.0,2.0,42.5,-14.0
2022-04-28,2022-04-28 09:38:00,13154.5,13179.5,13104.5,13179.5,loss,25.0,-25.0,-1.0,45.25,-30.0
2022-05-02,2022-05-02 09:04:00,12876.0,12906.5,12815.0,12906.5,loss,30.5,-30.5,-1.0,16.75,-42.0
2022-05-02,2022-05-02 09:17:00,12874.75,12902.25,12819.75,12902.25,loss,27.5,-27.5,-1.0,44.75,-30.0
2022-05-02,2022-05-02 09:18:00,12837.25,12875.75,12760.25,12875.75,loss,38.5,-38.5,-1.0,6.25,-44.5
2022-05-02,2022-05-02 10:04:00,12846.0,12891.5,12755.0,12891.5,loss,45.5,-45.5,-1.0,14.0,-48.0
2022-05-02,2022-05-02 10:40:00,12881.75,12911.25,12822.75,12822.75,win,29.5,59.0,2.0,64.25,-16.25
2022-05-02,2022-05-02 10:42:00,12865.25,12895.0,12805.75,12805.75,win,29.75,59.5,2.0,65.75,-10.75
2022-05-03,2022-05-03 08:38:00,13053.0,13077.25,13004.5,13004.5,win,24.25,48.5,2.0,56.5,-7.25
2022-05-03,2022-05-03 08:44:00,13002.5,13029.5,12948.5,13029.5,loss,27.0,-27.0,-1.0,26.0,-35.25
2022-05-03,2022-05-03 10:07:00,13068.0,13088.75,13026.5,13026.5,win,20.75,41.5,2.0,42.0,0.0
2022-05-03,2022-05-03 10:09:00,13031.0,13061.5,12970.0,13061.5,loss,30.5,-30.5,-1.0,5.0,-31.5
2022-05-03,2022-05-03 10:30:00,13055.0,13081.25,13002.5,13081.25,loss,26.25,-26.25,-1.0,20.25,-31.5
2022-05-03,2022-05-03 10:31:00,13042.5,13056.0,13015.5,13056.0,loss,13.5,-13.5,-1.0,4.0,-31.75
2022-05-03,2022-05-03 10:46:00,13059.5,13080.5,13017.5,13080.5,loss,21.0,-21.0,-1.0,3.25,-33.25
2022-05-03,2022-05-03 10:56:00,13055.25,13071.25,13023.25,13071.25,loss,16.0,-16.0,-1.0,10.25,-26.75
2022-05-06,2022-05-06 09:40:00,12731.25,12767.75,12658.25,12767.75,loss,36.5,-36.5,-1.0,4.5,-36.5
2022-05-10,2022-05-10 08:41:00,12349.75,12372.5,12304.25,12304.25,win,22.75,45.5,2.0,49.5,-8.0
2022-05-10,2022-05-10 08:47:00,12320.75,12345.0,12272.25,12272.25,win,24.25,48.5,2.0,64.5,-9.25
2022-05-10,2022-05-10 08:48:00,12304.75,12331.0,12252.25,12252.25,win,26.25,52.5,2.0,62.25,-10.75
2022-05-17,2022-05-17 08:46:00,12336.75,12356.5,12297.25,12356.5,loss,19.75,-19.75,-1.0,5.5,-22.0
2022-05-17,2022-05-17 08:51:00,12339.25,12354.25,12309.25,12354.25,loss,15.0,-15.0,-1.0,10.75,-22.25
2022-05-19,2022-05-19 10:46:00,11903.0,11927.0,11855.0,11927.0,loss,24.0,-24.0,-1.0,14.25,-37.75
2022-05-23,2022-05-23 08:50:00,11901.0,11937.5,11828.0,11937.5,loss,36.5,-36.5,-1.0,63.0,-41.25
2022-05-23,2022-05-23 08:52:00,11870.75,11904.0,11804.25,11904.0,loss,33.25,-33.25,-1.0,32.75,-51.0
2022-05-23,2022-05-23 08:53:00,11845.75,11879.25,11778.75,11879.25,loss,33.5,-33.5,-1.0,7.75,-34.75
2022-06-06,2022-06-06 09:18:00,12646.5,12665.0,12609.5,12665.0,loss,18.5,-18.5,-1.0,16.0,-20.5
2022-06-06,2022-06-06 09:20:00,12638.5,12660.75,12594.0,12660.75,loss,22.25,-22.25,-1.0,8.0,-25.25
2022-06-06,2022-06-06 09:31:00,12649.25,12668.0,12611.75,12668.0,loss,18.75,-18.75,-1.0,21.5,-23.5
2022-06-06,2022-06-06 09:40:00,12645.0,12663.0,12609.0,12663.0,loss,18.0,-18.0,-1.0,2.5,-27.75
2022-06-06,2022-06-06 10:02:00,12636.5,12661.0,12587.5,12587.5,win,24.5,49.0,2.0,54.25,0.0
2022-06-06,2022-06-06 10:03:00,12608.5,12637.5,12550.5,12550.5,win,29.0,58.0,2.0,73.75,-2.5
2022-06-06,2022-06-06 10:04:00,12597.5,12612.0,12568.5,12568.5,win,14.5,29.0,2.0,35.0,-7.5
2022-06-06,2022-06-06 10:09:00,12585.0,12603.75,12547.5,12547.5,win,18.75,37.5,2.0,50.25,-2.0
2022-06-06,2022-06-06 10:13:00,12558.5,12575.5,12524.5,12575.5,loss,17.0,-17.0,-1.0,3.5,-17.25
2022-06-06,2022-06-06 10:41:00,12579.75,12594.75,12549.75,12594.75,loss,15.0,-15.0,-1.0,1.25,-20.0
2022-06-06,2022-06-06 10:48:00,12592.75,12601.5,12575.25,12601.5,loss,8.75,-8.75,-1.0,12.0,-10.75
2022-06-08,2022-06-08 10:22:00,12704.5,12722.25,12669.0,12669.0,win,17.75,35.5,2.0,39.25,-6.25
2022-06-08,2022-06-08 10:24:00,12697.25,12711.75,12668.25,12668.25,win,14.5,29.0,2.0,32.0,-5.0
2022-06-08,2022-06-08 10:26:00,12689.5,12703.25,12662.0,12662.0,win,13.75,27.5,2.0,32.0,-5.0
2022-06-08,2022-06-08 10:27:00,12678.75,12695.5,12645.25,12645.25,win,16.75,33.5,2.0,52.5,-11.75
2022-06-09,2022-06-09 08:47:00,12604.25,12621.75,12569.25,12569.25,win,17.5,35.0,2.0,35.25,-11.5
2022-06-23,2022-06-23 10:05:00,11602.0,11616.5,11573.0,11616.5,loss,14.5,-14.5,-1.0,5.25,-20.75
2022-06-23,2022-06-23 10:09:00,11608.5,11625.25,11575.0,11625.25,loss,16.75,-16.75,-1.0,7.0,-17.5
2022-06-23,2022-06-23 10:46:00,11581.5,11592.25,11560.0,11592.25,loss,10.75,-10.75,-1.0,8.75,-20.75
2022-06-29,2022-06-29 08:38:00,11657.0,11681.5,11608.0,11681.5,loss,24.5,-24.5,-1.0,11.25,-31.0
2022-07-05,2022-07-05 09:01:00,11505.75,11530.75,11455.75,11530.75,loss,25.0,-25.0,-1.0,38.0,-25.75
2022-07-05,2022-07-05 09:03:00,11496.25,11513.0,11462.75,11513.0,loss,16.75,-16.75,-1.0,28.5,-22.0
2022-07-05,2022-07-05 09:06:00,11484.25,11507.5,11437.75,11507.5,loss,23.25,-23.25,-1.0,16.5,-25.25
2022-07-05,2022-07-05 09:37:00,11492.75,11512.75,11452.75,11512.75,loss,20.0,-20.0,-1.0,6.25,-20.75
2022-07-06,2022-07-06 09:04:00,11807.75,11830.5,11762.25,11830.5,loss,22.75,-22.75,-1.0,22.0,-24.5
2022-07-06,2022-07-06 09:10:00,11804.0,11824.5,11763.0,11824.5,loss,20.5,-20.5,-1.0,18.25,-23.5
2022-07-06,2022-07-06 09:27:00,11804.0,11822.0,11768.0,11768.0,win,18.0,36.0,2.0,47.25,-5.0
2022-07-08,2022-07-08 10:30:00,12088.0,12098.5,12067.0,12067.0,win,10.5,21.0,2.0,23.5,-9.25
2022-07-08,2022-07-08 10:31:00,12079.75,12095.75,12047.75,12095.75,loss,16.0,-16.0,-1.0,9.5,-16.5
2022-07-12,2022-07-12 09:44:00,11873.0,11890.0,11839.0,11890.0,loss,17.0,-17.0,-1.0,4.5,-20.0
2022-07-18,2022-07-18 08:47:00,12107.75,12122.5,12078.25,12122.5,loss,14.75,-14.75,-1.0,10.5,-23.75
2022-07-22,2022-07-22 08:48:00,12567.0,12582.25,12536.5,12582.25,loss,15.25,-15.25,-1.0,5.0,-17.5
2022-07-22,2022-07-22 08:51:00,12563.25,12582.5,12524.75,12582.5,loss,19.25,-19.25,-1.0,0.0,-21.25
2022-07-22,2022-07-22 09:04:00,12547.5,12577.25,12488.0,12488.0,win,29.75,59.5,2.0,61.0,-12.0
2022-07-22,2022-07-22 09:05:00,12532.0,12551.25,12493.5,12551.25,loss,19.25,-19.25,-1.0,6.25,-24.75
2022-08-01,2022-08-01 10:57:00,12994.0,13007.75,12966.5,13007.75,loss,13.75,-13.75,-1.0,1.0,-14.0
2022-08-04,2022-08-04 08:31:00,13227.0,13248.5,13184.0,13248.5,loss,21.5,-21.5,-1.0,42.25,-22.0
2022-08-04,2022-08-04 10:47:00,13266.0,13282.0,13234.0,13282.0,loss,16.0,-16.0,-1.0,22.5,-20.0
2022-08-04,2022-08-04 10:48:00,13253.5,13267.5,13225.5,13267.5,loss,14.0,-14.0,-1.0,10.0,-15.5
2022-08-08,2022-08-08 09:35:00,13286.0,13301.5,13255.0,13255.0,win,15.5,31.0,2.0,48.75,-8.0
2022-08-08,2022-08-08 09:37:00,13282.0,13295.0,13256.0,13256.0,win,13.0,26.0,2.0,44.75,-2.25
2022-08-08,2022-08-08 09:39:00,13266.0,13283.0,13232.0,13232.0,win,17.0,34.0,2.0,42.0,-0.25
2022-08-08,2022-08-08 09:40:00,13243.5,13267.25,13196.0,13196.0,win,23.75,47.5,2.0,52.25,-17.25
2022-08-08,2022-08-08 09:43:00,13225.25,13244.5,13186.75,13244.5,loss,19.25,-19.25,-1.0,28.25,-20.5
2022-08-08,2022-08-08 09:44:00,13207.5,13226.25,13170.0,13226.25,loss,18.75,-18.75,-1.0,10.5,-19.25
2022-08-11,2022-08-11 09:06:00,13445.0,13466.75,13401.5,13401.5,win,21.75,43.5,2.0,57.5,-0.75
2022-08-11,2022-08-11 09:07:00,13423.0,13446.75,13375.5,13375.5,win,23.75,47.5,2.0,47.75,-14.0
2022-08-11,2022-08-11 09:12:00,13406.5,13421.5,13376.5,13421.5,loss,15.0,-15.0,-1.0,3.25,-21.25
2022-08-11,2022-08-11 09:18:00,13408.5,13430.75,13364.0,13430.75,loss,22.25,-22.25,-1.0,32.0,-23.75
2022-08-11,2022-08-11 09:19:00,13388.5,13416.25,13333.0,13416.25,loss,27.75,-27.75,-1.0,12.0,-29.25
2022-08-11,2022-08-11 09:20:00,13377.25,13396.0,13339.75,13396.0,loss,18.75,-18.75,-1.0,0.75,-21.25
2022-08-11,2022-08-11 09:46:00,13405.0,13423.0,13369.0,13369.0,win,18.0,36.0,2.0,43.5,-9.25
2022-08-11,2022-08-11 09:49:00,13399.0,13415.25,13366.5,13366.5,win,16.25,32.5,2.0,37.5,-6.25
2022-08-11,2022-08-11 09:51:00,13377.0,13396.75,13337.5,13396.75,loss,19.75,-19.75,-1.0,15.5,-21.0
2022-08-11,2022-08-11 09:52:00,13366.5,13395.0,13309.5,13395.0,loss,28.5,-28.5,-1.0,1.75,-31.5
2022-08-11,2022-08-11 10:46:00,13407.0,13421.0,13379.0,13421.0,loss,14.0,-14.0,-1.0,3.25,-17.5
2022-08-15,2022-08-15 08:57:00,13552.5,13567.5,13522.5,13567.5,loss,15.0,-15.0,-1.0,1.0,-16.5
2022-08-15,2022-08-15 09:01:00,13548.25,13568.0,13508.75,13568.0,loss,19.75,-19.75,-1.0,1.75,-23.0
2022-08-15,2022-08-15 09:13:00,13542.75,13557.25,13513.75,13557.25,loss,14.5,-14.5,-1.0,1.75,-18.25
2022-08-23,2022-08-23 08:54:00,12933.0,12949.5,12900.0,12900.0,win,16.5,33.0,2.0,38.5,-0.75
2022-08-23,2022-08-23 08:55:00,12915.5,12934.75,12877.0,12877.0,win,19.25,38.5,2.0,38.75,-2.75
2022-08-25,2022-08-25 09:25:00,13003.25,13017.25,12975.25,13017.25,loss,14.0,-14.0,-1.0,2.5,-18.25
2022-08-25,2022-08-25 10:49:00,13000.75,13024.0,12954.25,13024.0,loss,23.25,-23.25,-1.0,3.5,-24.0
2022-08-29,2022-08-29 08:53:00,12479.75,12496.5,12446.25,12496.5,loss,16.75,-16.75,-1.0,21.75,-19.25
2022-08-29,2022-08-29 08:54:00,12467.75,12488.0,12427.25,12488.0,loss,20.25,-20.25,-1.0,9.75,-21.25
2022-08-29,2022-08-29 09:08:00,12465.5,12482.0,12432.5,12482.0,loss,16.5,-16.5,-1.0,17.25,-17.25
2022-08-29,2022-08-29 09:11:00,12468.0,12481.75,12440.5,12481.75,loss,13.75,-13.75,-1.0,19.75,-14.75
2022-08-29,2022-08-29 09:39:00,12499.75,12520.5,12458.25,12458.25,win,20.75,41.5,2.0,42.5,0.0
2022-08-29,2022-08-29 09:43:00,12472.75,12490.25,12437.75,12490.25,loss,17.5,-17.5,-1.0,15.5,-22.0
2022-08-29,2022-08-29 10:37:00,12500.75,12513.0,12476.25,12513.0,loss,12.25,-12.25,-1.0,0.25,-14.75
2022-09-02,2022-09-02 10:33:00,12304.75,12324.75,12264.75,12264.75,win,20.0,40.0,2.0,55.0,-3.75
2022-09-02,2022-09-02 10:34:00,12280.75,12309.5,12223.25,12223.25,win,28.75,57.5,2.0,81.5,-13.0
2022-09-02,2022-09-02 10:37:00,12274.25,12290.5,12241.75,12241.75,win,16.25,32.5,2.0,39.25,-3.75
2022-09-02,2022-09-02 10:38:00,12252.0,12278.5,12199.0,12199.0,win,26.5,53.0,2.0,62.0,-26.0
2022-09-08,2022-09-08 10:04:00,12253.25,12265.25,12229.25,12229.25,win,12.0,24.0,2.0,37.75,-1.0
2022-09-08,2022-09-08 10:05:00,12235.0,12255.25,12194.5,12194.5,win,20.25,40.5,2.0,59.0,-4.5
2022-09-08,2022-09-08 10:06:00,12217.0,12240.5,12170.0,12170.0,win,23.5,47.0,2.0,58.5,-4.25
2022-09-08,2022-09-08 10:07:00,12206.75,12222.25,12175.75,12175.75,win,15.5,31.0,2.0,48.25,-2.0
2022-09-08,2022-09-08 10:08:00,12185.5,12209.75,12137.0,12209.75,loss,24.25,-24.25,-1.0,47.75,-25.25
2022-09-12,2022-09-12 09:57:00,12737.0,12763.25,12684.5,12684.5,win,26.25,52.5,2.0,77.5,-20.0
2022-09-16,2022-09-16 08:47:00,11848.25,11869.5,11805.75,11805.75,win,21.25,42.5,2.0,42.5,-15.0
2022-09-20,2022-09-20 09:02:00,11947.25,11964.0,11913.75,11964.0,loss,16.75,-16.75,-1.0,5.0,-17.0
2022-09-20,2022-09-20 10:33:00,11944.25,11964.5,11903.75,11903.75,win,20.25,40.5,2.0,41.75,-11.25
2022-09-20,2022-09-20 10:56:00,11946.75,11955.5,11929.25,11955.5,loss,8.75,-8.75,-1.0,0.75,-8.75
2022-09-21,2022-09-21 09:04:00,11942.0,11960.25,11905.5,11960.25,loss,18.25,-18.25,-1.0,2.75,-21.75
2022-09-21,2022-09-21 09:08:00,11944.75,11958.75,11916.75,11958.75,loss,14.0,-14.0,-1.0,5.5,-14.75
2022-09-26,2022-09-26 09:24:00,11393.75,11407.75,11365.75,11407.75,loss,14.0,-14.0,-1.0,18.25,-22.25
2022-09-26,2022-09-26 09:26:00,11384.75,11405.0,11344.25,11405.0,loss,20.25,-20.25,-1.0,9.25,-21.75
2022-09-26,2022-09-26 09:45:00,11366.25,11397.25,11304.25,11397.25,loss,31.0,-31.0,-1.0,10.75,-33.25
2022-09-26,2022-09-26 09:54:00,11371.25,11388.5,11336.75,11388.5,loss,17.25,-17.25,-1.0,0.75,-28.25
2022-09-26,2022-09-26 10:02:00,11396.75,11413.25,11363.75,11363.75,win,16.5,33.0,2.0,33.25,-5.5
2022-09-26,2022-09-26 10:22:00,11370.0,11388.25,11333.5,11333.5,win,18.25,36.5,2.0,52.5,-3.75
2022-09-26,2022-09-26 10:25:00,11346.5,11366.0,11307.5,11366.0,loss,19.5,-19.5,-1.0,36.75,-25.5
2022-09-26,2022-09-26 10:26:00,11337.0,11349.0,11313.0,11313.0,win,12.0,24.0,2.0,27.25,-11.0
2022-09-27,2022-09-27 09:23:00,11416.75,11440.0,11370.25,11370.25,win,23.25,46.5,2.0,61.0,-4.25
2022-09-27,2022-09-27 09:26:00,11403.5,11422.0,11366.5,11366.5,win,18.5,37.0,2.0,47.75,-3.0
2022-09-27,2022-09-27 09:27:00,11390.5,11404.75,11362.0,11404.75,loss,14.25,-14.25,-1.0,20.0,-14.25
2022-09-27,2022-09-27 09:29:00,11380.75,11398.75,11344.75,11398.75,loss,18.0,-18.0,-1.0,10.25,-19.0
2022-09-30,2022-09-30 09:50:00,11253.0,11264.75,11229.5,11229.5,win,11.75,23.5,2.0,40.0,-2.25
2022-10-18,2022-10-18 09:13:00,11169.25,11214.25,11079.25,11214.25,loss,45.0,-45.0,-1.0,85.75,-50.0
2022-10-18,2022-10-18 09:20:00,11158.5,11178.0,11119.5,11119.5,win,19.5,39.0,2.0,39.25,-4.75
2022-10-18,2022-10-18 10:31:00,11173.75,11189.0,11143.25,11189.0,loss,15.25,-15.25,-1.0,0.0,-15.75
2022-10-18,2022-10-18 10:59:00,11196.0,11209.75,11168.5,11168.5,win,13.75,27.5,2.0,41.5,-7.0
2022-10-18,2022-10-18 11:01:00,11175.25,11204.0,11117.75,11204.0,loss,28.75,-28.75,-1.0,28.0,-30.5
2022-10-20,2022-10-20 10:46:00,11154.25,11173.0,11116.75,11173.0,loss,18.75,-18.75,-1.0,9.5,-19.0
2022-10-20,2022-10-20 10:54:00,11158.75,11170.0,11136.25,11170.0,loss,11.25,-11.25,-1.0,5.5,-19.25
2022-10-21,2022-10-21 09:02:00,11055.25,11082.25,11001.25,11082.25,loss,27.0,-27.0,-1.0,4.25,-28.5
2022-10-26,2022-10-26 10:58:00,11553.0,11566.0,11527.0,11527.0,win,13.0,26.0,2.0,34.75,-6.75
2022-11-03,2022-11-03 09:07:00,10835.75,10852.25,10802.75,10802.75,win,16.5,33.0,2.0,33.0,-9.25
2022-11-03,2022-11-03 09:13:00,10811.0,10830.5,10772.0,10772.0,win,19.5,39.0,2.0,45.5,-8.25
2022-11-04,2022-11-04 09:41:00,10778.25,10795.25,10744.25,10744.25,win,17.0,34.0,2.0,46.75,-6.5
2022-11-07,2022-11-07 08:34:00,10898.0,10925.75,10842.5,10925.75,loss,27.75,-27.75,-1.0,50.75,-33.75
2022-11-07,2022-11-07 08:37:00,10882.75,10907.75,10832.75,10907.75,loss,25.0,-25.0,-1.0,18.0,-25.25
2022-11-07,2022-11-07 08:48:00,10867.5,10892.25,10818.0,10892.25,loss,24.75,-24.75,-1.0,20.25,-34.75
2022-11-07,2022-11-07 08:53:00,10855.25,10872.25,10821.25,10872.25,loss,17.0,-17.0,-1.0,0.0,-23.25
2022-11-07,2022-11-07 08:59:00,10864.75,10903.25,10787.75,10903.25,loss,38.5,-38.5,-1.0,6.0,-44.5
2022-11-07,2022-11-07 09:24:00,10898.25,10915.75,10863.25,10915.75,loss,17.5,-17.5,-1.0,33.25,-22.5
2022-11-07,2022-11-07 09:31:00,10881.0,10897.5,10848.0,10897.5,loss,16.5,-16.5,-1.0,14.0,-21.5
2022-11-07,2022-11-07 09:39:00,10886.5,10902.25,10855.0,10902.25,loss,15.75,-15.75,-1.0,21.5,-21.5
2022-11-07,2022-11-07 09:40:00,10873.25,10888.25,10843.25,10888.25,loss,15.0,-15.0,-1.0,4.25,-24.5
2022-11-07,2022-11-07 09:49:00,10885.5,10900.75,10855.0,10900.75,loss,15.25,-15.25,-1.0,10.25,-15.25
2022-11-07,2022-11-07 10:42:00,10886.0,10899.75,10858.5,10858.5,win,13.75,27.5,2.0,32.0,-10.0
2022-11-07,2022-11-07 10:57:00,10876.0,10891.0,10846.0,10891.0,loss,15.0,-15.0,-1.0,25.75,-15.5
2022-11-07,2022-11-07 10:58:00,10869.0,10883.25,10840.5,10883.25,loss,14.25,-14.25,-1.0,18.75,-14.25
2022-11-07,2022-11-07 11:01:00,10854.0,10873.25,10815.5,10873.25,loss,19.25,-19.25,-1.0,3.75,-29.25
2022-11-08,2022-11-08 08:39:00,11036.0,11050.0,11008.0,11008.0,win,14.0,28.0,2.0,29.25,-7.25
2022-11-08,2022-11-08 08:42:00,11017.5,11031.75,10989.0,11031.75,loss,14.25,-14.25,-1.0,3.0,-21.5
2022-11-08,2022-11-08 08:46:00,11010.75,11041.25,10949.75,11041.25,loss,30.5,-30.5,-1.0,4.0,-31.25
2022-11-11,2022-11-11 08:54:00,11663.25,11683.5,11622.75,11683.5,loss,20.25,-20.25,-1.0,70.5,-20.75
2022-11-11,2022-11-11 08:58:00,11644.5,11672.0,11589.5,11672.0,loss,27.5,-27.5,-1.0,51.75,-39.5
2022-11-11,2022-11-11 09:08:00,11650.5,11685.5,11580.5,11685.5,loss,35.0,-35.0,-1.0,15.0,-42.5
2022-11-11,2022-11-11 10:27:00,11677.0,11705.25,11620.5,11705.25,loss,28.25,-28.25,-1.0,38.5,-37.5
2022-11-11,2022-11-11 10:28:00,11666.0,11685.0,11628.0,11685.0,loss,19.0,-19.0,-1.0,27.5,-26.25
2022-11-11,2022-11-11 10:31:00,11644.75,11663.25,11607.75,11663.25,loss,18.5,-18.5,-1.0,6.25,-25.0
2022-11-14,2022-11-14 09:27:00,11765.0,11784.75,11725.5,11784.75,loss,19.75,-19.75,-1.0,4.0,-30.25
2022-11-14,2022-11-14 10:02:00,11769.0,11791.0,11725.0,11791.0,loss,22.0,-22.0,-1.0,5.75,-22.75
2022-11-17,2022-11-17 08:53:00,11608.75,11625.0,11576.25,11576.25,win,16.25,32.5,2.0,35.75,-5.5
2022-11-17,2022-11-17 09:35:00,11632.5,11648.25,11601.0,11648.25,loss,15.75,-15.75,-1.0,0.25,-22.5
2022-11-17,2022-11-17 09:42:00,11643.5,11659.75,11611.0,11611.0,win,16.25,32.5,2.0,37.5,-10.75
2022-11-17,2022-11-17 09:46:00,11627.0,11648.5,11584.0,11648.5,loss,21.5,-21.5,-1.0,29.0,-22.0
2022-11-17,2022-11-17 09:49:00,11615.75,11629.5,11588.25,11629.5,loss,13.75,-13.75,-1.0,2.5,-14.0
2022-11-17,2022-11-17 10:09:00,11613.5,11633.5,11573.5,11633.5,loss,20.0,-20.0,-1.0,15.5,-22.5
2022-11-17,2022-11-17 10:10:00,11602.25,11616.0,11574.75,11616.0,loss,13.75,-13.75,-1.0,4.25,-16.75
2022-11-18,2022-11-18 08:32:00,11771.0,11814.5,11684.0,11684.0,win,43.5,87.0,2.0,94.5,-17.75
2022-11-18,2022-11-18 08:37:00,11757.5,11788.75,11695.0,11695.0,win,31.25,62.5,2.0,68.25,-27.0
2022-11-18,2022-11-18 08:49:00,11741.25,11762.75,11698.25,11762.75,loss,21.5,-21.5,-1.0,5.75,-22.25
2022-11-18,2022-11-18 09:01:00,11731.0,11759.0,11675.0,11675.0,win,28.0,56.0,2.0,71.75,-6.75
2022-11-18,2022-11-18 09:03:00,11713.0,11731.75,11675.5,11675.5,win,18.75,37.5,2.0,53.75,-14.5
2022-11-18,2022-11-18 09:04:00,11701.0,11717.75,11667.5,11717.75,loss,16.75,-16.75,-1.0,25.25,-17.5
2022-11-18,2022-11-18 09:07:00,11694.0,11712.0,11658.0,11712.0,loss,18.0,-18.0,-1.0,18.25,-18.25
2022-11-21,2022-11-21 08:35:00,11639.25,11660.0,11597.75,11660.0,loss,20.75,-20.75,-1.0,11.0,-26.5
2022-11-21,2022-11-21 09:03:00,11642.25,11668.25,11590.25,11590.25,win,26.0,52.0,2.0,55.0,-6.0
2022-11-21,2022-11-21 09:07:00,11622.25,11637.75,11591.25,11637.75,loss,15.5,-15.5,-1.0,7.25,-16.0
2022-11-22,2022-11-22 08:38:00,11579.75,11597.5,11544.25,11544.25,win,17.75,35.5,2.0,47.25,-3.5
2022-11-23,2022-11-23 10:57:00,11773.5,11786.25,11748.0,11786.25,loss,12.75,-12.75,-1.0,3.0,-14.5
2022-11-24,2022-11-24 08:52:00,11904.0,11909.25,11893.5,11909.25,loss,5.25,-5.25,-1.0,5.25,-6.0
2022-11-24,2022-11-24 08:53:00,11899.5,11906.75,11885.0,11906.75,loss,7.25,-7.25,-1.0,0.0,-9.0
2022-11-28,2022-11-28 09:22:00,11717.5,11731.25,11690.0,11690.0,win,13.75,27.5,2.0,32.75,-4.0
2022-11-28,2022-11-28 09:26:00,11685.75,11708.75,11639.75,11708.75,loss,23.0,-23.0,-1.0,4.0,-25.75
2022-11-28,2022-11-28 09:44:00,11707.25,11718.0,11685.75,11685.75,win,10.75,21.5,2.0,28.75,-6.0
2022-11-28,2022-11-28 09:48:00,11702.0,11713.5,11679.0,11679.0,win,11.5,23.0,2.0,23.5,-5.25
2022-11-30,2022-11-30 08:32:00,11526.25,11542.5,11493.75,11542.5,loss,16.25,-16.25,-1.0,7.5,-29.5
2022-11-30,2022-11-30 08:38:00,11541.0,11563.25,11496.5,11563.25,loss,22.25,-22.25,-1.0,11.75,-33.75
2022-11-30,2022-11-30 09:01:00,11531.0,11575.25,11442.5,11575.25,loss,44.25,-44.25,-1.0,10.25,-47.5
2022-11-30,2022-11-30 09:18:00,11543.0,11557.5,11514.0,11557.5,loss,14.5,-14.5,-1.0,3.75,-18.0
2022-11-30,2022-11-30 09:27:00,11548.25,11560.0,11524.75,11560.0,loss,11.75,-11.75,-1.0,8.25,-13.0
2022-11-30,2022-11-30 09:34:00,11539.75,11551.0,11517.25,11551.0,loss,11.25,-11.25,-1.0,3.0,-14.75
2022-11-30,2022-11-30 09:46:00,11530.75,11546.75,11498.75,11546.75,loss,16.0,-16.0,-1.0,22.5,-18.5
2022-11-30,2022-11-30 09:47:00,11522.75,11535.25,11497.75,11535.25,loss,12.5,-12.5,-1.0,3.5,-15.0
2022-11-30,2022-11-30 10:18:00,11541.25,11550.75,11522.25,11550.75,loss,9.5,-9.5,-1.0,3.25,-12.25
2022-12-01,2022-12-01 08:31:00,12036.5,12064.5,11980.5,12064.5,loss,28.0,-28.0,-1.0,2.25,-35.75
2022-12-01,2022-12-01 09:12:00,12044.25,12072.0,11988.75,11988.75,win,27.75,55.5,2.0,62.25,-0.5
2022-12-01,2022-12-01 09:13:00,12014.25,12045.75,11951.25,11951.25,win,31.5,63.0,2.0,71.0,-4.25
2022-12-05,2022-12-05 08:41:00,11948.75,11967.75,11910.75,11967.75,loss,19.0,-19.0,-1.0,7.5,-22.75
2022-12-05,2022-12-05 08:56:00,11945.25,11958.0,11919.75,11919.75,win,12.75,25.5,2.0,81.0,-1.25
2022-12-07,2022-12-07 08:33:00,11514.25,11542.25,11458.25,11542.25,loss,28.0,-28.0,-1.0,0.25,-43.75
2022-12-07,2022-12-07 08:47:00,11506.5,11536.5,11446.5,11446.5,win,30.0,60.0,2.0,63.0,-4.25
2022-12-07,2022-12-07 08:48:00,11484.0,11511.75,11428.5,11511.75,loss,27.75,-27.75,-1.0,43.5,-28.0
2022-12-07,2022-12-07 08:50:00,11478.0,11492.75,11448.5,11448.5,win,14.75,29.5,2.0,34.5,-11.5
2022-12-07,2022-12-07 08:53:00,11461.25,11485.5,11412.75,11485.5,loss,24.25,-24.25,-1.0,0.0,-24.5
2022-12-07,2022-12-07 09:11:00,11475.25,11521.0,11383.75,11521.0,loss,45.75,-45.75,-1.0,17.75,-48.25
2022-12-07,2022-12-07 09:35:00,11485.0,11507.75,11439.5,11507.75,loss,22.75,-22.75,-1.0,24.75,-23.5
2022-12-07,2022-12-07 10:21:00,11498.25,11521.25,11452.25,11521.25,loss,23.0,-23.0,-1.0,40.25,-23.0
2022-12-07,2022-12-07 10:22:00,11485.25,11500.0,11455.75,11500.0,loss,14.75,-14.75,-1.0,27.25,-16.0
2022-12-14,2022-12-14 08:32:00,11939.25,11967.0,11883.75,11967.0,loss,27.75,-27.75,-1.0,0.25,-39.75
2022-12-16,2022-12-16 09:07:00,11400.5,11415.5,11370.5,11370.5,win,15.0,30.0,2.0,31.5,-2.5
2022-12-16,2022-12-16 09:08:00,11388.75,11404.0,11358.25,11358.25,win,15.25,30.5,2.0,34.25,-12.5
2022-12-20,2022-12-20 10:16:00,11138.75,11166.75,11082.75,11166.75,loss,28.0,-28.0,-1.0,37.0,-30.75
2022-12-20,2022-12-20 10:17:00,11124.5,11146.0,11081.5,11146.0,loss,21.5,-21.5,-1.0,22.75,-23.75
2022-12-28,2022-12-28 08:54:00,10928.0,10948.0,10888.0,10948.0,loss,20.0,-20.0,-1.0,6.75,-29.0
2022-12-28,2022-12-28 09:12:00,10934.75,10951.25,10901.75,10951.25,loss,16.5,-16.5,-1.0,7.5,-25.25
2022-12-28,2022-12-28 09:26:00,10924.0,10946.25,10879.5,10879.5,win,22.25,44.5,2.0,45.5,-0.25
2022-12-30,2022-12-30 08:41:00,10901.5,10923.5,10857.5,10923.5,loss,22.0,-22.0,-1.0,15.0,-28.0
2022-12-30,2022-12-30 08:49:00,10863.75,10895.25,10800.75,10895.25,loss,31.5,-31.5,-1.0,8.25,-35.25
2022-12-30,2022-12-30 09:26:00,10931.25,10946.25,10901.25,10946.25,loss,15.0,-15.0,-1.0,26.0,-26.0
2022-12-30,2022-12-30 10:13:00,10925.5,10935.75,10905.0,10905.0,win,10.25,20.5,2.0,26.25,-3.25
2022-12-30,2022-12-30 10:16:00,10912.0,10927.0,10882.0,10927.0,loss,15.0,-15.0,-1.0,12.75,-16.25
2022-12-30,2022-12-30 10:41:00,10927.25,10937.25,10907.25,10937.25,loss,10.0,-10.0,-1.0,0.5,-10.25
2022-12-30,2022-12-30 10:50:00,10931.75,10938.0,10919.25,10938.0,loss,6.25,-6.25,-1.0,6.75,-11.5
2023-01-03,2023-01-03 08:49:00,11060.75,11106.75,10968.75,10968.75,win,46.0,92.0,2.0,93.0,-23.75
2023-01-03,2023-01-03 08:53:00,11028.5,11079.75,10926.0,10926.0,win,51.25,102.5,2.0,103.25,-14.75
2023-01-04,2023-01-04 08:33:00,10983.25,11000.25,10949.25,11000.25,loss,17.0,-17.0,-1.0,21.5,-30.75
2023-01-04,2023-01-04 08:34:00,10965.75,10986.25,10924.75,10986.25,loss,20.5,-20.5,-1.0,2.75,-48.25
2023-01-04,2023-01-04 08:45:00,10970.75,11004.0,10904.25,11004.0,loss,33.25,-33.25,-1.0,16.25,-41.0
2023-01-04,2023-01-04 09:01:00,10947.25,10986.0,10869.75,10986.0,loss,38.75,-38.75,-1.0,3.5,-71.0
2023-01-04,2023-01-04 09:04:00,10958.0,10988.25,10897.5,10897.5,win,30.25,60.5,2.0,74.0,-4.75
2023-01-04,2023-01-04 09:05:00,10915.5,10963.75,10819.0,10963.75,loss,48.25,-48.25,-1.0,52.0,-49.0
2023-01-06,2023-01-06 08:39:00,10831.25,10867.0,10759.75,10867.0,loss,35.75,-35.75,-1.0,65.0,-53.75
2023-01-06,2023-01-06 09:04:00,10847.5,10895.5,10751.5,10895.5,loss,48.0,-48.0,-1.0,14.25,-56.25
2023-01-10,2023-01-10 08:47:00,11153.0,11195.0,11069.0,11195.0,loss,42.0,-42.0,-1.0,11.0,-68.5
2023-01-10,2023-01-10 09:32:00,11163.75,11191.0,11109.25,11191.0,loss,27.25,-27.25,-1.0,43.0,-32.75
2023-01-10,2023-01-10 09:34:00,11151.25,11172.5,11108.75,11172.5,loss,21.25,-21.25,-1.0,3.5,-25.25
2023-01-10,2023-01-10 09:45:00,11130.75,11149.5,11093.25,11149.5,loss,18.75,-18.75,-1.0,10.0,-24.0
2023-01-10,2023-01-10 10:34:00,11174.0,11198.25,11125.5,11198.25,loss,24.25,-24.25,-1.0,6.0,-26.5
2023-01-10,2023-01-10 10:46:00,11173.5,11193.25,11134.0,11193.25,loss,19.75,-19.75,-1.0,0.0,-20.5
2023-01-10,2023-01-10 10:49:00,11179.0,11189.75,11157.5,11189.75,loss,10.75,-10.75,-1.0,0.75,-16.0
2023-01-10,2023-01-10 11:01:00,11158.5,11192.5,11090.5,11192.5,loss,34.0,-34.0,-1.0,0.0,-35.25
2023-01-12,2023-01-12 08:33:00,11458.25,11496.5,11381.75,11381.75,win,38.25,76.5,2.0,89.5,-12.0
2023-01-12,2023-01-12 08:35:00,11441.75,11471.25,11382.75,11382.75,win,29.5,59.0,2.0,73.0,-19.5
2023-01-12,2023-01-12 08:37:00,11422.25,11460.5,11345.75,11460.5,loss,38.25,-38.25,-1.0,2.0,-39.0
2023-01-12,2023-01-12 09:45:00,11434.25,11459.75,11383.25,11459.75,loss,25.5,-25.5,-1.0,28.75,-26.25
2023-01-13,2023-01-13 08:33:00,11425.25,11449.5,11376.75,11449.5,loss,24.25,-24.25,-1.0,8.25,-29.75
2023-01-13,2023-01-13 08:39:00,11426.75,11446.0,11388.25,11446.0,loss,19.25,-19.25,-1.0,5.25,-39.75
2023-01-13,2023-01-13 08:42:00,11432.25,11458.5,11379.75,11458.5,loss,26.25,-26.25,-1.0,23.5,-33.25
2023-01-17,2023-01-17 08:39:00,11567.5,11589.75,11523.0,11589.75,loss,22.25,-22.25,-1.0,18.0,-26.25
2023-01-17,2023-01-17 09:43:00,11589.25,11615.5,11536.75,11615.5,loss,26.25,-26.25,-1.0,3.5,-28.5
2023-01-17,2023-01-17 10:02:00,11600.0,11611.75,11576.5,11611.75,loss,11.75,-11.75,-1.0,5.75,-11.75
2023-01-17,2023-01-17 10:07:00,11585.75,11603.5,11550.25,11603.5,loss,17.75,-17.75,-1.0,31.0,-18.0
2023-01-17,2023-01-17 10:11:00,11560.75,11586.25,11509.75,11586.25,loss,25.5,-25.5,-1.0,6.0,-25.75
2023-01-18,2023-01-18 09:38:00,11671.5,11692.25,11630.0,11630.0,win,20.75,41.5,2.0,43.5,-5.0
2023-01-18,2023-01-18 09:39:00,11659.5,11677.5,11623.5,11623.5,win,18.0,36.0,2.0,43.5,-8.5
2023-01-18,2023-01-18 09:44:00,11630.0,11648.0,11594.0,11594.0,win,18.0,36.0,2.0,36.0,-10.0
2023-01-19,2023-01-19 08:44:00,11404.0,11426.5,11359.0,11359.0,win,22.5,45.0,2.0,46.5,-2.0
2023-01-19,2023-01-19 08:45:00,11387.0,11407.0,11347.0,11407.0,loss,20.0,-20.0,-1.0,38.25,-29.25
2023-01-19,2023-01-19 09:01:00,11383.25,11397.75,11354.25,11397.75,loss,14.5,-14.5,-1.0,3.5,-21.0
2023-01-19,2023-01-19 09:04:00,11383.0,11400.0,11349.0,11400.0,loss,17.0,-17.0,-1.0,1.5,-26.25
2023-01-19,2023-01-19 09:13:00,11365.25,11387.0,11321.75,11387.0,loss,21.75,-21.75,-1.0,1.25,-47.25
2023-01-20,2023-01-20 08:33:00,11398.75,11420.0,11356.25,11420.0,loss,21.25,-21.25,-1.0,15.25,-28.5
2023-01-23,2023-01-23 08:32:00,11679.75,11700.0,11639.25,11700.0,loss,20.25,-20.25,-1.0,5.0,-27.75
2023-01-24,2023-01-24 09:00:00,11884.0,11906.0,11840.0,11840.0,win,22.0,44.0,2.0,45.75,-8.75
2023-01-24,2023-01-24 09:01:00,11869.5,11893.75,11821.0,11893.75,loss,24.25,-24.25,-1.0,31.25,-37.5
2023-01-24,2023-01-24 09:06:00,11841.5,11871.5,11781.5,11871.5,loss,30.0,-30.0,-1.0,3.25,-34.75
2023-01-24,2023-01-24 09:20:00,11882.25,11898.75,11849.25,11898.75,loss,16.5,-16.5,-1.0,18.5,-18.5
2023-01-24,2023-01-24 09:37:00,11866.25,11891.25,11816.25,11891.25,loss,25.0,-25.0,-1.0,5.0,-37.5
2023-01-26,2023-01-26 08:51:00,11970.75,12001.5,11909.25,12001.5,loss,30.75,-30.75,-1.0,7.75,-32.0
2023-01-26,2023-01-26 08:55:00,11972.75,11997.5,11923.25,11997.5,loss,24.75,-24.75,-1.0,25.75,-31.25
2023-01-26,2023-01-26 08:57:00,11948.25,11977.5,11889.75,11977.5,loss,29.25,-29.25,-1.0,0.75,-31.75
2023-01-26,2023-01-26 09:07:00,11975.25,11996.0,11933.75,11996.0,loss,20.75,-20.75,-1.0,22.0,-23.25
2023-01-26,2023-01-26 09:08:00,11956.0,11982.5,11903.0,11982.5,loss,26.5,-26.5,-1.0,2.75,-29.0
2023-01-26,2023-01-26 09:39:00,11987.75,12008.5,11946.25,11946.25,win,20.75,41.5,2.0,55.25,-15.25
2023-01-26,2023-01-26 09:40:00,11972.25,11994.25,11928.25,11994.25,loss,22.0,-22.0,-1.0,8.75,-22.0
2023-01-26,2023-01-26 09:54:00,11968.0,11985.25,11933.5,11933.5,win,17.25,34.5,2.0,35.5,-1.0
2023-01-26,2023-01-26 09:55:00,11936.0,11970.0,11868.0,11970.0,loss,34.0,-34.0,-1.0,31.75,-38.5
2023-01-26,2023-01-26 09:58:00,11913.5,11934.75,11871.0,11934.75,loss,21.25,-21.25,-1.0,6.5,-23.75
2023-01-26,2023-01-26 10:21:00,11936.75,11951.5,11907.25,11907.25,win,14.75,29.5,2.0,31.25,-3.25
2023-01-26,2023-01-26 10:25:00,11905.5,11932.0,11852.5,11932.0,loss,26.5,-26.5,-1.0,1.25,-27.0
2023-01-27,2023-01-27 09:56:00,12098.5,12112.75,12070.0,12112.75,loss,14.25,-14.25,-1.0,6.25,-17.75
2023-01-30,2023-01-30 08:32:00,12097.0,12111.75,12067.5,12067.5,win,14.75,29.5,2.0,32.25,-12.25
2023-01-30,2023-01-30 08:35:00,12072.25,12098.25,12020.25,12098.25,loss,26.0,-26.0,-1.0,12.75,-29.25
2023-01-30,2023-01-30 08:41:00,12081.5,12096.75,12051.0,12096.75,loss,15.25,-15.25,-1.0,13.0,-27.0
2023-01-30,2023-01-30 08:55:00,12082.5,12117.5,12012.5,12117.5,loss,35.0,-35.0,-1.0,6.5,-35.75
2023-01-30,2023-01-30 09:16:00,12096.25,12113.0,12062.75,12062.75,win,16.75,33.5,2.0,40.25,-0.25
2023-01-30,2023-01-30 09:17:00,12079.75,12097.5,12044.25,12044.25,win,17.75,35.5,2.0,37.25,-11.5
2023-01-30,2023-01-30 09:22:00,12072.75,12089.75,12038.75,12038.75,win,17.0,34.0,2.0,45.25,-8.25
2023-02-01,2023-02-01 08:35:00,12112.0,12127.5,12081.0,12127.5,loss,15.5,-15.5,-1.0,10.75,-17.5
2023-02-01,2023-02-01 09:04:00,12119.25,12142.0,12073.75,12142.0,loss,22.75,-22.75,-1.0,9.75,-22.75
2023-02-01,2023-02-01 09:08:00,12112.75,12132.0,12074.25,12132.0,loss,19.25,-19.25,-1.0,3.25,-22.0
2023-02-01,2023-02-01 09:45:00,12122.0,12133.0,12100.0,12100.0,win,11.0,22.0,2.0,28.5,-9.25
2023-02-01,2023-02-01 09:50:00,12116.75,12127.75,12094.75,12094.75,win,11.0,22.0,2.0,23.25,-1.0
2023-02-01,2023-02-01 09:51:00,12104.75,12118.75,12076.75,12076.75,win,14.0,28.0,2.0,28.0,-1.0
2023-02-01,2023-02-01 10:56:00,12119.0,12129.5,12098.0,12129.5,loss,10.5,-10.5,-1.0,7.5,-11.5
2023-02-01,2023-02-01 11:00:00,12121.25,12131.5,12100.75,12100.75,win,10.25,20.5,2.0,23.5,-4.75
2023-02-06,2023-02-06 08:38:00,12524.0,12544.0,12484.0,12544.0,loss,20.0,-20.0,-1.0,5.25,-22.0
2023-02-06,2023-02-06 08:44:00,12526.0,12551.25,12475.5,12551.25,loss,25.25,-25.25,-1.0,4.5,-42.75
2023-02-06,2023-02-06 08:54:00,12517.75,12542.25,12468.75,12542.25,loss,24.5,-24.5,-1.0,4.75,-34.0
2023-02-06,2023-02-06 09:16:00,12520.25,12554.25,12452.25,12554.25,loss,34.0,-34.0,-1.0,64.5,-34.75
2023-02-06,2023-02-06 09:21:00,12500.75,12515.0,12472.25,12472.25,win,14.25,28.5,2.0,42.0,-6.5
2023-02-06,2023-02-06 10:58:00,12536.25,12550.25,12508.25,12550.25,loss,14.0,-14.0,-1.0,18.25,-17.0
2023-02-08,2023-02-08 08:50:00,12715.75,12737.75,12671.75,12671.75,win,22.0,44.0,2.0,44.5,-0.25
2023-02-08,2023-02-08 08:51:00,12701.25,12717.0,12669.75,12669.75,win,15.75,31.5,2.0,37.25,-13.25
2023-02-08,2023-02-08 08:53:00,12686.5,12706.75,12646.0,12706.75,loss,20.25,-20.25,-1.0,24.0,-20.75
2023-02-08,2023-02-08 08:56:00,12665.75,12689.75,12617.75,12689.75,loss,24.0,-24.0,-1.0,3.25,-29.0
2023-02-09,2023-02-09 10:04:00,12597.5,12618.5,12555.5,12618.5,loss,21.0,-21.0,-1.0,13.5,-24.5
2023-02-09,2023-02-09 10:21:00,12598.25,12610.25,12574.25,12574.25,win,12.0,24.0,2.0,30.5,-0.25
2023-02-10,2023-02-10 08:41:00,12322.75,12362.0,12244.25,12362.0,loss,39.25,-39.25,-1.0,11.25,-47.0
2023-02-10,2023-02-10 08:43:00,12322.25,12340.5,12285.75,12340.5,loss,18.25,-18.25,-1.0,8.0,-47.5
2023-02-10,2023-02-10 08:53:00,12350.25,12382.0,12286.75,12286.75,win,31.75,63.5,2.0,65.75,-8.0
2023-02-10,2023-02-10 09:01:00,12312.25,12351.5,12233.75,12351.5,loss,39.25,-39.25,-1.0,27.75,-66.25
2023-02-10,2023-02-10 09:03:00,12308.75,12333.5,12259.25,12333.5,loss,24.75,-24.75,-1.0,24.25,-33.75
2023-02-10,2023-02-10 09:04:00,12289.75,12309.75,12249.75,12309.75,loss,20.0,-20.0,-1.0,2.25,-42.25
2023-02-10,2023-02-10 09:43:00,12348.0,12365.25,12313.5,12313.5,win,17.25,34.5,2.0,40.25,-11.75
2023-02-10,2023-02-10 09:52:00,12325.75,12341.0,12295.25,12341.0,loss,15.25,-15.25,-1.0,18.0,-18.0
2023-02-10,2023-02-10 10:13:00,12342.0,12359.0,12308.0,12359.0,loss,17.0,-17.0,-1.0,25.75,-18.75
2023-02-10,2023-02-10 10:14:00,12328.75,12345.75,12294.75,12345.75,loss,17.0,-17.0,-1.0,12.5,-20.5
2023-02-10,2023-02-10 10:27:00,12333.25,12349.75,12300.25,12300.25,win,16.5,33.0,2.0,36.5,-11.0
2023-02-10,2023-02-10 10:32:00,12312.25,12331.5,12273.75,12273.75,win,19.25,38.5,2.0,49.0,-17.25
2023-02-13,2023-02-13 08:36:00,12358.75,12382.25,12311.75,12382.25,loss,23.5,-23.5,-1.0,6.75,-36.25
2023-02-14,2023-02-14 09:36:00,12531.0,12565.25,12462.5,12462.5,win,34.25,68.5,2.0,90.5,-2.5
2023-02-14,2023-02-14 09:38:00,12509.5,12528.75,12471.0,12471.0,win,19.25,38.5,2.0,44.25,-5.0
2023-02-14,2023-02-14 09:39:00,12495.75,12515.5,12456.25,12456.25,win,19.75,39.5,2.0,55.25,-5.0
2023-02-15,2023-02-15 08:54:00,12563.75,12598.5,12494.25,12598.5,loss,34.75,-34.75,-1.0,39.5,-35.75
2023-02-17,2023-02-17 08:38:00,12375.0,12394.0,12337.0,12337.0,win,19.0,38.0,2.0,47.75,-7.75
2023-02-17,2023-02-17 08:40:00,12362.25,12383.75,12319.25,12319.25,win,21.5,43.0,2.0,45.0,-14.0
2023-02-17,2023-02-17 08:41:00,12350.25,12367.5,12315.75,12367.5,loss,17.25,-17.25,-1.0,4.0,-26.0
2023-02-21,2023-02-21 08:49:00,12252.75,12277.0,12204.25,12204.25,win,24.25,48.5,2.0,50.75,-16.0
2023-02-21,2023-02-21 08:59:00,12219.75,12246.25,12166.75,12166.75,win,26.5,53.0,2.0,55.0,-21.75
2023-02-23,2023-02-23 09:05:00,12207.5,12218.75,12185.0,12185.0,win,11.25,22.5,2.0,24.25,-2.75
2023-02-23,2023-02-23 09:07:00,12185.25,12209.5,12136.75,12136.75,win,24.25,48.5,2.0,52.0,-19.25
2023-02-23,2023-02-23 09:11:00,12173.75,12191.5,12138.25,12191.5,loss,17.75,-17.75,-1.0,9.0,-22.25
2023-02-23,2023-02-23 09:17:00,12181.25,12193.25,12157.25,12193.25,loss,12.0,-12.0,-1.0,12.75,-14.0
2023-02-23,2023-02-23 09:20:00,12177.5,12190.0,12152.5,12190.0,loss,12.5,-12.5,-1.0,9.0,-14.25
2023-02-23,2023-02-23 09:31:00,12179.25,12196.5,12144.75,12196.5,loss,17.25,-17.25,-1.0,27.5,-23.0
2023-02-23,2023-02-23 09:32:00,12164.25,12180.25,12132.25,12180.25,loss,16.0,-16.0,-1.0,3.0,-24.0
2023-03-02,2023-03-02 09:22:00,11880.25,11890.5,11859.75,11890.5,loss,10.25,-10.25,-1.0,0.25,-19.5
2023-03-02,2023-03-02 10:29:00,11891.5,11900.25,11874.0,11900.25,loss,8.75,-8.75,-1.0,8.25,-14.25
2023-03-02,2023-03-02 10:34:00,11888.5,11897.0,11871.5,11897.0,loss,8.5,-8.5,-1.0,5.25,-10.5
2023-03-02,2023-03-02 10:43:00,11888.75,11896.75,11872.75,11896.75,loss,8.0,-8.0,-1.0,2.5,-9.25
2023-03-08,2023-03-08 08:45:00,12157.75,12180.75,12111.75,12180.75,loss,23.0,-23.0,-1.0,2.75,-30.0
2023-03-08,2023-03-08 09:01:00,12137.25,12184.25,12043.25,12184.25,loss,47.0,-47.0,-1.0,29.0,-52.0
2023-03-08,2023-03-08 09:02:00,12118.0,12153.0,12048.0,12153.0,loss,35.0,-35.0,-1.0,6.75,-36.75
2023-03-08,2023-03-08 09:19:00,12151.25,12172.0,12109.75,12172.0,loss,20.75,-20.75,-1.0,17.25,-25.5
2023-03-08,2023-03-08 10:36:00,12170.5,12180.0,12151.5,12180.0,loss,9.5,-9.5,-1.0,3.75,-12.25
2023-03-21,2023-03-21 08:52:00,12737.0,12754.75,12701.5,12754.75,loss,17.75,-17.75,-1.0,23.75,-18.75
2023-03-21,2023-03-21 09:45:00,12726.5,12739.0,12701.5,12739.0,loss,12.5,-12.5,-1.0,14.0,-13.25
2023-03-21,2023-03-21 09:47:00,12717.25,12730.0,12691.75,12730.0,loss,12.75,-12.75,-1.0,0.5,-22.5
2023-03-21,2023-03-21 10:02:00,12728.25,12739.0,12706.75,12739.0,loss,10.75,-10.75,-1.0,0.5,-15.75
2023-03-21,2023-03-21 10:05:00,12728.25,12742.5,12699.75,12742.5,loss,14.25,-14.25,-1.0,0.75,-17.0
2023-03-22,2023-03-22 10:23:00,12877.25,12887.25,12857.25,12887.25,loss,10.0,-10.0,-1.0,2.0,-13.75
2023-03-22,2023-03-22 10:30:00,12884.0,12893.75,12864.5,12893.75,loss,9.75,-9.75,-1.0,7.0,-12.0
2023-03-22,2023-03-22 10:33:00,12884.0,12890.0,12872.0,12890.0,loss,6.0,-6.0,-1.0,6.75,-6.75
2023-03-22,2023-03-22 10:47:00,12883.25,12891.25,12867.25,12891.25,loss,8.0,-8.0,-1.0,6.25,-12.75
2023-03-24,2023-03-24 10:09:00,12794.25,12813.5,12755.75,12755.75,win,19.25,38.5,2.0,41.25,-6.25
2023-04-04,2023-04-04 08:41:00,13269.5,13283.25,13242.0,13283.25,loss,13.75,-13.75,-1.0,10.75,-14.75
2023-04-04,2023-04-04 08:44:00,13261.75,13281.0,13223.25,13281.0,loss,19.25,-19.25,-1.0,1.5,-20.75
2023-04-04,2023-04-04 08:46:00,13269.25,13283.5,13240.75,13283.5,loss,14.25,-14.25,-1.0,10.5,-15.0
2023-04-04,2023-04-04 08:58:00,13264.0,13275.0,13242.0,13242.0,win,11.0,22.0,2.0,23.75,-4.5
2023-04-04,2023-04-04 08:59:00,13255.5,13269.5,13227.5,13227.5,win,14.0,28.0,2.0,32.25,-13.0
2023-04-04,2023-04-04 09:08:00,13245.75,13257.75,13221.75,13221.75,win,12.0,24.0,2.0,25.5,-3.75
2023-04-04,2023-04-04 09:10:00,13235.25,13245.0,13215.75,13215.75,win,9.75,19.5,2.0,23.25,-9.0
2023-04-12,2023-04-12 08:34:00,13089.0,13113.5,13040.0,13040.0,win,24.5,49.0,2.0,49.0,0.0
2023-04-12,2023-04-12 08:35:00,13073.0,13090.0,13039.0,13039.0,win,17.0,34.0,2.0,60.0,-5.25
2023-04-12,2023-04-12 08:38:00,13042.0,13065.5,12995.0,13065.5,loss,23.5,-23.5,-1.0,2.5,-23.75
2023-04-18,2023-04-18 08:31:00,13161.0,13178.5,13126.0,13178.5,loss,17.5,-17.5,-1.0,4.25,-21.25
2023-04-18,2023-04-18 08:48:00,13178.75,13187.25,13161.75,13161.75,win,8.5,17.0,2.0,17.25,-4.75
2023-04-18,2023-04-18 08:50:00,13174.75,13184.5,13155.25,13184.5,loss,9.75,-9.75,-1.0,13.25,-11.0
2023-04-18,2023-04-18 08:51:00,13164.75,13181.25,13131.75,13181.25,loss,16.5,-16.5,-1.0,2.25,-21.0
2023-04-18,2023-04-18 08:54:00,13170.75,13184.0,13144.25,13184.0,loss,13.25,-13.25,-1.0,3.75,-14.75
2023-04-18,2023-04-18 09:08:00,13182.25,13191.5,13163.75,13191.5,loss,9.25,-9.25,-1.0,10.0,-10.5
2023-04-18,2023-04-18 09:09:00,13174.25,13184.5,13153.75,13184.5,loss,10.25,-10.25,-1.0,2.0,-18.5
2023-04-18,2023-04-18 09:19:00,13184.75,13196.25,13161.75,13196.25,loss,11.5,-11.5,-1.0,15.25,-12.5
2023-04-18,2023-04-18 09:38:00,13182.75,13195.0,13158.25,13158.25,win,12.25,24.5,2.0,29.75,-0.25
2023-04-18,2023-04-18 09:39:00,13174.0,13184.0,13154.0,13154.0,win,10.0,20.0,2.0,21.0,-0.5
2023-04-18,2023-04-18 09:40:00,13154.5,13175.5,13112.5,13175.5,loss,21.0,-21.0,-1.0,3.0,-21.5
2023-04-18,2023-04-18 10:40:00,13178.75,13186.0,13164.25,13186.0,loss,7.25,-7.25,-1.0,1.75,-8.75
2023-04-18,2023-04-18 10:45:00,13179.75,13187.5,13164.25,13187.5,loss,7.75,-7.75,-1.0,13.25,-8.75
2023-04-18,2023-04-18 10:48:00,13173.0,13179.5,13160.0,13179.5,loss,6.5,-6.5,-1.0,1.0,-8.0
2023-04-18,2023-04-18 10:52:00,13174.75,13186.5,13151.25,13186.5,loss,11.75,-11.75,-1.0,8.25,-11.75
2023-04-24,2023-04-24 08:35:00,13068.5,13082.25,13041.0,13041.0,win,13.75,27.5,2.0,35.0,-0.5
2023-04-24,2023-04-24 08:37:00,13050.75,13063.5,13025.25,13025.25,win,12.75,25.5,2.0,34.0,-2.5
2023-04-24,2023-04-24 08:38:00,13042.0,13054.25,13017.5,13017.5,win,12.25,24.5,2.0,25.25,-1.5
2023-04-28,2023-04-28 08:57:00,13220.5,13245.5,13170.5,13245.5,loss,25.0,-25.0,-1.0,37.0,-25.25
2023-04-28,2023-04-28 08:58:00,13210.5,13223.25,13185.0,13185.0,win,12.75,25.5,2.0,27.0,-4.25
2023-04-28,2023-04-28 08:59:00,13198.75,13215.75,13164.75,13215.75,loss,17.0,-17.0,-1.0,15.25,-17.25
2023-04-28,2023-04-28 09:01:00,13196.75,13211.75,13166.75,13211.75,loss,15.0,-15.0,-1.0,13.25,-17.0
2023-04-28,2023-04-28 09:40:00,13220.5,13228.5,13204.5,13228.5,loss,8.0,-8.0,-1.0,6.5,-11.0
2023-05-03,2023-05-03 08:55:00,13199.25,13210.25,13177.25,13210.25,loss,11.0,-11.0,-1.0,3.0,-11.25
2023-05-03,2023-05-03 09:02:00,13188.75,13203.25,13159.75,13203.25,loss,14.5,-14.5,-1.0,6.25,-15.0
2023-05-03,2023-05-03 09:07:00,13186.0,13195.0,13168.0,13195.0,loss,9.0,-9.0,-1.0,3.5,-9.5
2023-05-03,2023-05-03 09:09:00,13186.25,13195.5,13167.75,13195.5,loss,9.25,-9.25,-1.0,3.75,-9.25
2023-05-03,2023-05-03 09:23:00,13197.0,13204.75,13181.5,13181.5,win,7.75,15.5,2.0,17.75,-5.0
2023-05-03,2023-05-03 09:27:00,13184.75,13196.25,13161.75,13196.25,loss,11.5,-11.5,-1.0,7.5,-11.5
2023-05-03,2023-05-03 09:29:00,13181.75,13189.25,13166.75,13189.25,loss,7.5,-7.5,-1.0,4.5,-8.25
2023-05-03,2023-05-03 09:54:00,13198.0,13205.0,13184.0,13205.0,loss,7.0,-7.0,-1.0,1.75,-8.0
2023-05-03,2023-05-03 10:19:00,13195.5,13202.0,13182.5,13202.0,loss,6.5,-6.5,-1.0,7.5,-8.25
2023-05-03,2023-05-03 10:20:00,13192.25,13197.0,13182.75,13197.0,loss,4.75,-4.75,-1.0,4.25,-6.5
2023-05-10,2023-05-10 08:45:00,13336.75,13355.25,13299.75,13299.75,win,18.5,37.0,2.0,38.5,-11.75
2023-05-10,2023-05-10 08:46:00,13325.75,13339.75,13297.75,13339.75,loss,14.0,-14.0,-1.0,9.25,-15.75
2023-05-10,2023-05-10 08:56:00,13305.75,13324.0,13269.25,13324.0,loss,18.25,-18.25,-1.0,7.5,-26.5
2023-05-10,2023-05-10 09:15:00,13327.0,13344.0,13293.0,13344.0,loss,17.0,-17.0,-1.0,1.25,-17.5
2023-05-10,2023-05-10 10:02:00,13343.75,13360.25,13310.75,13360.25,loss,16.5,-16.5,-1.0,11.25,-18.0
2023-05-10,2023-05-10 10:08:00,13339.5,13347.25,13324.0,13347.25,loss,7.75,-7.75,-1.0,1.0,-8.25
2023-05-10,2023-05-10 10:11:00,13336.0,13345.25,13317.5,13345.25,loss,9.25,-9.25,-1.0,3.5,-16.75
2023-05-10,2023-05-10 10:21:00,13346.0,13357.5,13323.0,13357.5,loss,11.5,-11.5,-1.0,1.0,-13.0
2023-05-10,2023-05-10 10:27:00,13346.25,13358.25,13322.25,13358.25,loss,12.0,-12.0,-1.0,3.5,-15.5
2023-05-10,2023-05-10 10:32:00,13349.25,13359.5,13328.75,13359.5,loss,10.25,-10.25,-1.0,8.0,-14.25
2023-05-10,2023-05-10 10:37:00,13344.25,13356.25,13320.25,13356.25,loss,12.0,-12.0,-1.0,3.0,-19.25
2023-05-10,2023-05-10 10:53:00,13343.0,13349.75,13329.5,13329.5,win,6.75,13.5,2.0,19.25,-3.0
2023-05-10,2023-05-10 10:59:00,13325.75,13339.0,13299.25,13339.0,loss,13.25,-13.25,-1.0,2.5,-17.25
2023-05-17,2023-05-17 09:23:00,13506.5,13529.25,13461.0,13529.25,loss,22.75,-22.75,-1.0,1.25,-28.5
2023-05-25,2023-05-25 08:32:00,13873.25,13890.5,13838.75,13890.5,loss,17.25,-17.25,-1.0,5.5,-19.75
2023-05-29,2023-05-29 08:35:00,14381.25,14384.25,14375.25,14384.25,loss,3.0,-3.0,-1.0,2.75,-3.5
2023-05-29,2023-05-29 08:54:00,14384.0,14387.5,14377.0,14387.5,loss,3.5,-3.5,-1.0,1.0,-4.0
2023-05-29,2023-05-29 09:03:00,14380.5,14385.0,14371.5,14385.0,loss,4.5,-4.5,-1.0,0.0,-6.5
2023-05-29,2023-05-29 09:08:00,14382.5,14388.25,14371.0,14388.25,loss,5.75,-5.75,-1.0,6.75,-6.75
2023-05-29,2023-05-29 09:41:00,14383.75,14386.25,14378.75,14378.75,win,2.5,5.0,2.0,5.0,-1.5
2023-05-29,2023-05-29 09:44:00,14382.5,14385.75,14376.0,14376.0,win,3.25,6.5,2.0,6.75,-2.0
2023-05-29,2023-05-29 09:49:00,14382.5,14384.75,14378.0,14378.0,win,2.25,4.5,2.0,5.5,-2.0
2023-05-30,2023-05-30 08:34:00,14430.5,14450.75,14390.0,14450.75,loss,20.25,-20.25,-1.0,11.25,-26.75
2023-05-30,2023-05-30 08:42:00,14429.75,14441.75,14405.75,14441.75,loss,12.0,-12.0,-1.0,10.5,-19.75
2023-05-30,2023-05-30 08:45:00,14424.5,14436.75,14400.0,14436.75,loss,12.25,-12.25,-1.0,5.25,-14.75
2023-05-30,2023-05-30 09:21:00,14431.5,14446.25,14402.0,14446.25,loss,14.75,-14.75,-1.0,14.25,-23.0
2023-05-30,2023-05-30 10:02:00,14444.0,14456.0,14420.0,14456.0,loss,12.0,-12.0,-1.0,2.0,-18.0
2023-05-30,2023-05-30 10:05:00,14442.25,14456.75,14413.25,14413.25,win,14.5,29.0,2.0,30.75,-4.0
2023-05-30,2023-05-30 10:06:00,14431.75,14444.5,14406.25,14444.5,loss,12.75,-12.75,-1.0,4.75,-14.5
2023-05-30,2023-05-30 10:41:00,14401.25,14413.5,14376.75,14413.5,loss,12.25,-12.25,-1.0,8.0,-14.0
2023-06-06,2023-06-06 09:26:00,14545.25,14568.25,14499.25,14568.25,loss,23.0,-23.0,-1.0,5.25,-23.0
2023-06-06,2023-06-06 10:42:00,14553.25,14568.0,14523.75,14568.0,loss,14.75,-14.75,-1.0,4.5,-16.0
2023-06-09,2023-06-09 10:01:00,14522.0,14539.0,14488.0,14539.0,loss,17.0,-17.0,-1.0,17.0,-22.25
2023-06-09,2023-06-09 10:02:00,14510.25,14529.0,14472.75,14529.0,loss,18.75,-18.75,-1.0,1.75,-23.25
2023-06-09,2023-06-09 10:27:00,14520.5,14532.75,14496.0,14532.75,loss,12.25,-12.25,-1.0,17.25,-13.5
2023-06-09,2023-06-09 10:28:00,14509.25,14523.75,14480.25,14523.75,loss,14.5,-14.5,-1.0,6.0,-16.75
2023-06-09,2023-06-09 10:37:00,14516.0,14529.75,14488.5,14529.75,loss,13.75,-13.75,-1.0,19.75,-22.5
2023-06-13,2023-06-13 09:03:00,15034.75,15046.75,15010.75,15046.75,loss,12.0,-12.0,-1.0,0.0,-16.75
2023-06-13,2023-06-13 10:01:00,15039.25,15057.0,15003.75,15057.0,loss,17.75,-17.75,-1.0,0.25,-21.5
2023-06-16,2023-06-16 09:01:00,15363.75,15376.75,15337.75,15376.75,loss,13.0,-13.0,-1.0,6.25,-15.75
2023-06-16,2023-06-16 09:07:00,15370.0,15389.0,15332.0,15389.0,loss,19.0,-19.0,-1.0,0.0,-30.0
2023-06-16,2023-06-16 09:23:00,15361.75,15383.0,15319.25,15383.0,loss,21.25,-21.25,-1.0,37.5,-21.25
2023-06-16,2023-06-16 09:24:00,15350.0,15363.5,15323.0,15363.5,loss,13.5,-13.5,-1.0,25.75,-16.75
2023-06-16,2023-06-16 09:27:00,15343.25,15358.0,15313.75,15358.0,loss,14.75,-14.75,-1.0,19.0,-15.25
2023-06-16,2023-06-16 09:28:00,15329.75,15344.25,15300.75,15344.25,loss,14.5,-14.5,-1.0,3.75,-16.5
2023-06-16,2023-06-16 10:15:00,15364.0,15376.25,15339.5,15376.25,loss,12.25,-12.25,-1.0,4.0,-12.25
2023-06-26,2023-06-26 08:58:00,15070.75,15084.75,15042.75,15042.75,win,14.0,28.0,2.0,28.5,-12.0
2023-06-27,2023-06-27 09:11:00,14898.5,14910.5,14874.5,14910.5,loss,12.0,-12.0,-1.0,8.75,-21.5
2023-07-03,2023-07-03 08:32:00,15341.0,15359.75,15303.5,15320.0,win,18.75,21.0,1.12,33.0,-6.25
2023-07-05,2023-07-05 10:01:00,15341.0,15355.25,15312.5,15355.25,loss,14.25,-14.25,-1.0,2.75,-14.75
2023-07-05,2023-07-05 10:37:00,15345.5,15364.5,15307.5,15364.5,loss,19.0,-19.0,-1.0,5.25,-22.25
2023-07-05,2023-07-05 10:47:00,15345.0,15351.0,15333.0,15351.0,loss,6.0,-6.0,-1.0,4.75,-6.25
2023-07-07,2023-07-07 08:57:00,15218.5,15233.25,15189.0,15233.25,loss,14.75,-14.75,-1.0,1.75,-20.75
2023-07-11,2023-07-11 10:29:00,15189.75,15208.75,15151.75,15208.75,loss,19.0,-19.0,-1.0,3.75,-23.5
2023-07-19,2023-07-19 08:56:00,15984.25,16003.25,15946.25,16003.25,loss,19.0,-19.0,-1.0,8.75,-24.25
2023-07-19,2023-07-19 10:22:00,15996.5,16019.25,15951.0,15951.0,win,22.75,45.5,2.0,45.5,-4.25
2023-07-19,2023-07-19 10:32:00,15955.25,15970.75,15924.25,15970.75,loss,15.5,-15.5,-1.0,2.5,-25.5
2023-07-19,2023-07-19 10:40:00,15959.75,15973.75,15931.75,15973.75,loss,14.0,-14.0,-1.0,12.0,-18.0
2023-07-21,2023-07-21 08:52:00,15598.75,15611.0,15574.25,15574.25,win,12.25,24.5,2.0,26.5,-3.5
2023-07-21,2023-07-21 08:55:00,15584.75,15603.25,15547.75,15603.25,loss,18.5,-18.5,-1.0,16.25,-21.75
2023-07-21,2023-07-21 09:20:00,15605.0,15617.0,15581.0,15617.0,loss,12.0,-12.0,-1.0,1.5,-15.75
2023-07-21,2023-07-21 09:26:00,15617.25,15631.0,15589.75,15631.0,loss,13.75,-13.75,-1.0,0.25,-13.75
2023-07-21,2023-07-21 09:35:00,15611.5,15621.75,15591.0,15621.75,loss,10.25,-10.25,-1.0,0.25,-10.25
2023-07-21,2023-07-21 09:43:00,15604.5,15618.25,15577.0,15577.0,win,13.75,27.5,2.0,30.25,-4.5
2023-07-21,2023-07-21 09:44:00,15591.75,15610.0,15555.25,15610.0,loss,18.25,-18.25,-1.0,17.5,-22.75
2023-07-21,2023-07-21 09:53:00,15607.5,15620.75,15581.0,15581.0,win,13.25,26.5,2.0,29.25,-8.5
2023-07-21,2023-07-21 09:54:00,15595.0,15609.0,15567.0,15609.0,loss,14.0,-14.0,-1.0,10.5,-15.0
2023-07-21,2023-07-21 10:03:00,15599.75,15616.5,15566.25,15566.25,win,16.75,33.5,2.0,37.5,-11.0
2023-07-24,2023-07-24 09:06:00,15542.0,15555.5,15515.0,15555.5,loss,13.5,-13.5,-1.0,7.0,-19.25
2023-07-24,2023-07-24 09:30:00,15555.0,15568.0,15529.0,15529.0,win,13.0,26.0,2.0,30.0,-3.25
2023-07-24,2023-07-24 09:33:00,15546.0,15556.75,15524.5,15524.5,win,10.75,21.5,2.0,27.5,-2.5
2023-07-24,2023-07-24 10:08:00,15553.0,15567.25,15524.5,15567.25,loss,14.25,-14.25,-1.0,3.75,-17.0
2023-07-24,2023-07-24 10:19:00,15555.75,15575.75,15515.75,15575.75,loss,20.0,-20.0,-1.0,22.5,-20.25
2023-07-24,2023-07-24 10:24:00,15537.75,15549.0,15515.25,15549.0,loss,11.25,-11.25,-1.0,1.0,-12.0
2023-07-24,2023-07-24 10:34:00,15555.0,15566.5,15532.0,15566.5,loss,11.5,-11.5,-1.0,21.75,-13.5
2023-07-25,2023-07-25 08:51:00,15618.25,15626.5,15601.75,15626.5,loss,8.25,-8.25,-1.0,14.25,-9.0
2023-07-25,2023-07-25 08:53:00,15607.5,15618.5,15585.5,15618.5,loss,11.0,-11.0,-1.0,3.5,-11.5
2023-08-07,2023-08-07 09:04:00,15385.25,15401.5,15352.75,15352.75,win,16.25,32.5,2.0,37.75,-2.5
2023-08-07,2023-08-07 09:07:00,15360.25,15383.25,15314.25,15383.25,loss,23.0,-23.0,-1.0,5.0,-25.5
2023-08-10,2023-08-10 09:51:00,15229.75,15252.75,15183.75,15252.75,loss,23.0,-23.0,-1.0,33.5,-28.5
2023-08-10,2023-08-10 10:54:00,15245.75,15261.75,15213.75,15213.75,win,16.0,32.0,2.0,32.75,-1.75
2023-08-10,2023-08-10 10:55:00,15237.0,15248.5,15214.0,15214.0,win,11.5,23.0,2.0,24.0,-3.5
2023-08-10,2023-08-10 10:57:00,15222.5,15241.5,15184.5,15184.5,win,19.0,38.0,2.0,38.5,-11.0
2023-08-16,2023-08-16 08:49:00,15096.0,15109.5,15069.0,15109.5,loss,13.5,-13.5,-1.0,1.0,-15.0
2023-08-18,2023-08-18 09:28:00,14676.0,14690.75,14646.5,14690.75,loss,14.75,-14.75,-1.0,28.0,-16.0
2023-08-22,2023-08-22 08:32:00,14989.75,15008.25,14952.75,15008.25,loss,18.5,-18.5,-1.0,20.5,-22.5
2023-08-22,2023-08-22 08:34:00,14978.0,14992.0,14950.0,14992.0,loss,14.0,-14.0,-1.0,8.75,-16.5
2023-08-22,2023-08-22 09:40:00,15005.5,15033.5,14949.5,14949.5,win,28.0,56.0,2.0,58.25,-9.5
2023-08-22,2023-08-22 09:45:00,15000.0,15016.0,14968.0,14968.0,win,16.0,32.0,2.0,33.25,-12.75
2023-08-22,2023-08-22 09:52:00,14995.5,15005.5,14975.5,14975.5,win,10.0,20.0,2.0,21.0,-1.5
2023-08-22,2023-08-22 09:53:00,14981.25,14998.0,14947.75,14947.75,win,16.75,33.5,2.0,34.0,-10.25
2023-08-22,2023-08-22 10:02:00,14978.25,14989.75,14955.25,14955.25,win,11.5,23.0,2.0,31.0,-10.75
2023-08-22,2023-08-22 10:10:00,14972.0,14983.5,14949.0,14949.0,win,11.5,23.0,2.0,24.75,-1.0
2023-08-22,2023-08-22 11:00:00,14973.75,14989.75,14941.75,14941.75,win,16.0,32.0,2.0,38.5,-8.0
2023-08-25,2023-08-25 08:37:00,14850.25,14882.0,14786.75,14882.0,loss,31.75,-31.75,-1.0,12.75,-35.0
2023-08-25,2023-08-25 08:43:00,14847.5,14873.25,14796.0,14796.0,win,25.75,51.5,2.0,61.25,-7.0
2023-08-25,2023-08-25 08:46:00,14808.25,14830.25,14764.25,14764.25,win,22.0,44.0,2.0,48.0,-10.0
2023-08-25,2023-08-25 08:48:00,14788.0,14810.0,14744.0,14810.0,loss,22.0,-22.0,-1.0,36.25,-31.75
2023-08-25,2023-08-25 09:46:00,14861.75,14875.25,14834.75,14834.75,win,13.5,27.0,2.0,27.75,-13.25
2023-08-25,2023-08-25 09:51:00,14840.75,14868.5,14785.25,14868.5,loss,27.75,-27.75,-1.0,0.25,-34.25
2023-08-25,2023-08-25 10:52:00,14868.0,14883.5,14837.0,14883.5,loss,15.5,-15.5,-1.0,18.75,-16.5
2023-08-28,2023-08-28 08:54:00,15007.75,15025.75,14971.75,15025.75,loss,18.0,-18.0,-1.0,8.25,-23.5
2023-08-28,2023-08-28 09:06:00,15014.5,15029.25,14985.0,15029.25,loss,14.75,-14.75,-1.0,10.75,-16.5
2023-08-28,2023-08-28 09:08:00,15004.75,15022.0,14970.25,15022.0,loss,17.25,-17.25,-1.0,0.75,-26.25
2023-08-28,2023-08-28 09:11:00,15012.25,15030.0,14976.75,15030.0,loss,17.75,-17.75,-1.0,0.5,-20.75
2023-08-28,2023-08-28 09:23:00,15023.25,15033.5,15002.75,15033.5,loss,10.25,-10.25,-1.0,6.5,-13.0
2023-08-28,2023-08-28 09:29:00,15015.25,15041.0,14963.75,15041.0,loss,25.75,-25.75,-1.0,31.75,-32.75
2023-08-28,2023-08-28 09:42:00,15014.75,15036.25,14971.75,15036.25,loss,21.5,-21.5,-1.0,31.25,-26.0
2023-08-28,2023-08-28 09:43:00,14997.25,15016.25,14959.25,15016.25,loss,19.0,-19.0,-1.0,13.75,-20.25
2023-08-28,2023-08-28 09:47:00,14990.5,15006.5,14958.5,15006.5,loss,16.0,-16.0,-1.0,7.0,-17.25
2023-08-28,2023-08-28 10:18:00,15007.25,15016.75,14988.25,15016.75,loss,9.5,-9.5,-1.0,14.25,-10.5
2023-08-28,2023-08-28 10:20:00,15006.75,15016.25,14987.75,15016.25,loss,9.5,-9.5,-1.0,13.75,-11.0
2023-08-31,2023-08-31 10:22:00,15531.25,15550.25,15493.25,15493.25,win,19.0,38.0,2.0,38.25,-11.75
2023-08-31,2023-08-31 10:24:00,15519.25,15531.25,15495.25,15531.25,loss,12.0,-12.0,-1.0,1.75,-14.5
2023-08-31,2023-08-31 10:42:00,15535.75,15544.0,15519.25,15519.25,win,8.25,16.5,2.0,24.75,-3.5
2023-08-31,2023-08-31 10:44:00,15530.0,15537.75,15514.5,15514.5,win,7.75,15.5,2.0,19.0,-1.5
2023-08-31,2023-08-31 10:45:00,15524.0,15532.5,15507.0,15507.0,win,8.5,17.0,2.0,20.75,-0.75
2023-08-31,2023-08-31 10:47:00,15505.5,15523.25,15470.0,15523.25,loss,17.75,-17.75,-1.0,12.5,-21.0
2023-08-31,2023-08-31 10:49:00,15503.75,15514.75,15481.75,15514.75,loss,11.0,-11.0,-1.0,10.75,-13.0
2023-08-31,2023-08-31 11:01:00,15521.75,15529.5,15506.25,15529.5,loss,7.75,-7.75,-1.0,2.5,-9.25
2023-09-01,2023-09-01 08:31:00,15554.75,15584.5,15495.25,15495.25,win,29.75,59.5,2.0,70.25,-9.5
2023-09-01,2023-09-01 08:40:00,15546.75,15565.25,15509.75,15509.75,win,18.5,37.0,2.0,41.25,-3.25
2023-09-01,2023-09-01 08:47:00,15520.0,15538.5,15483.0,15483.0,win,18.5,37.0,2.0,38.0,-7.25
2023-09-04,2023-09-04 08:32:00,15544.25,15550.75,15531.25,15531.25,win,6.5,13.0,2.0,14.25,-0.25
2023-09-04,2023-09-04 08:33:00,15541.25,15545.5,15532.75,15532.75,win,4.25,8.5,2.0,11.25,-2.0
2023-09-04,2023-09-04 08:36:00,15537.5,15544.0,15524.5,15524.5,win,6.5,13.0,2.0,13.25,-5.75
2023-09-04,2023-09-04 09:00:00,15519.5,15528.5,15501.5,15528.5,loss,9.0,-9.0,-1.0,4.75,-9.25
2023-09-04,2023-09-04 09:07:00,15516.75,15525.0,15500.25,15525.0,loss,8.25,-8.25,-1.0,2.0,-8.25
2023-09-04,2023-09-04 09:20:00,15520.5,15528.0,15505.5,15528.0,loss,7.5,-7.5,-1.0,8.25,-8.25
2023-09-04,2023-09-04 09:21:00,15516.75,15521.75,15506.75,15521.75,loss,5.0,-5.0,-1.0,4.5,-5.5
2023-09-04,2023-09-04 09:25:00,15514.0,15518.0,15506.0,15518.0,loss,4.0,-4.0,-1.0,0.0,-6.0
2023-09-04,2023-09-04 09:49:00,15521.75,15526.5,15512.25,15526.5,loss,4.75,-4.75,-1.0,2.25,-6.0
2023-09-04,2023-09-04 10:00:00,15522.0,15528.75,15508.5,15528.75,loss,6.75,-6.75,-1.0,0.0,-6.75
2023-09-04,2023-09-04 10:30:00,15522.75,15527.75,15512.75,15527.75,loss,5.0,-5.0,-1.0,0.75,-6.75
2023-09-04,2023-09-04 10:54:00,15523.25,15529.75,15510.25,15529.75,loss,6.5,-6.5,-1.0,0.5,-7.75
2023-09-04,2023-09-04 10:58:00,15528.25,15533.25,15518.25,15533.25,loss,5.0,-5.0,-1.0,5.75,-6.5
2023-09-07,2023-09-07 08:57:00,15235.0,15245.5,15214.0,15245.5,loss,10.5,-10.5,-1.0,4.75,-11.25
2023-09-07,2023-09-07 09:22:00,15238.0,15253.0,15208.0,15253.0,loss,15.0,-15.0,-1.0,17.0,-21.75
2023-09-07,2023-09-07 09:28:00,15229.0,15240.5,15206.0,15240.5,loss,11.5,-11.5,-1.0,8.0,-13.5
2023-09-07,2023-09-07 09:42:00,15235.5,15248.25,15210.0,15210.0,win,12.75,25.5,2.0,29.75,-1.25
2023-09-11,2023-09-11 08:31:00,15558.5,15580.75,15514.0,15580.75,loss,22.25,-22.25,-1.0,18.25,-23.5
2023-09-11,2023-09-11 08:32:00,15543.25,15560.25,15509.25,15560.25,loss,17.0,-17.0,-1.0,0.25,-21.5
2023-09-11,2023-09-11 08:58:00,15556.5,15570.0,15529.5,15570.0,loss,13.5,-13.5,-1.0,11.5,-16.0
2023-09-18,2023-09-18 08:34:00,15396.0,15408.75,15370.5,15408.75,loss,12.75,-12.75,-1.0,6.0,-14.5
2023-09-18,2023-09-18 08:37:00,15391.75,15411.5,15352.25,15411.5,loss,19.75,-19.75,-1.0,27.25,-21.25
2023-09-18,2023-09-18 08:38:00,15373.75,15396.5,15328.25,15396.5,loss,22.75,-22.75,-1.0,9.25,-32.5
2023-09-18,2023-09-18 09:07:00,15395.75,15407.75,15371.75,15407.75,loss,12.0,-12.0,-1.0,0.5,-15.0
2023-09-18,2023-09-18 09:10:00,15395.5,15405.25,15376.0,15405.25,loss,9.75,-9.75,-1.0,8.0,-13.75
2023-09-20,2023-09-20 08:39:00,15375.75,15387.25,15352.75,15387.25,loss,11.5,-11.5,-1.0,2.0,-12.5
2023-09-20,2023-09-20 08:47:00,15380.25,15389.5,15361.75,15361.75,win,9.25,18.5,2.0,24.25,-2.75
2023-09-20,2023-09-20 08:50:00,15368.5,15381.5,15342.5,15342.5,win,13.0,26.0,2.0,28.5,-12.25
2023-09-20,2023-09-20 08:52:00,15364.5,15375.5,15342.5,15375.5,loss,11.0,-11.0,-1.0,0.5,-16.25
2023-09-27,2023-09-27 08:32:00,14751.75,14765.25,14724.75,14765.25,loss,13.5,-13.5,-1.0,6.0,-20.25
2023-09-27,2023-09-27 08:41:00,14738.5,14748.5,14718.5,14748.5,loss,10.0,-10.0,-1.0,16.0,-17.5
2023-09-27,2023-09-27 08:43:00,14732.75,14746.0,14706.25,14746.0,loss,13.25,-13.25,-1.0,10.25,-23.25
2023-09-29,2023-09-29 09:35:00,14939.75,14953.75,14911.75,14911.75,win,14.0,28.0,2.0,32.0,-12.0
2023-09-29,2023-09-29 09:38:00,14935.25,14947.0,14911.75,14911.75,win,11.75,23.5,2.0,27.5,-10.0
2023-09-29,2023-09-29 10:14:00,14917.25,14945.75,14860.25,14945.75,loss,28.5,-28.5,-1.0,3.75,-28.5
2023-09-29,2023-09-29 10:34:00,14937.0,14953.5,14904.0,14953.5,loss,16.5,-16.5,-1.0,3.0,-16.5
2023-09-29,2023-09-29 10:39:00,14941.0,14954.0,14915.0,14915.0,win,13.0,26.0,2.0,42.25,-9.0
2023-09-29,2023-09-29 10:43:00,14927.75,14946.5,14890.25,14890.25,win,18.75,37.5,2.0,38.75,-15.0
2023-09-29,2023-09-29 10:48:00,14924.0,14937.75,14896.5,14896.5,win,13.75,27.5,2.0,35.0,0.0
2023-09-29,2023-09-29 10:49:00,14900.25,14925.0,14850.75,14850.75,win,24.75,49.5,2.0,53.25,-11.25
2023-09-29,2023-09-29 10:53:00,14890.0,14906.5,14857.0,14857.0,win,16.5,33.0,2.0,35.75,-9.25
2023-09-29,2023-09-29 11:01:00,14881.0,14897.0,14849.0,14849.0,win,16.0,32.0,2.0,34.0,-3.75
2023-10-09,2023-10-09 08:39:00,15001.75,15017.0,14971.25,15017.0,loss,15.25,-15.25,-1.0,8.0,-22.25
2023-10-11,2023-10-11 09:42:00,15302.25,15310.75,15285.25,15310.75,loss,8.5,-8.5,-1.0,10.25,-10.75
2023-10-11,2023-10-11 09:44:00,15294.75,15305.0,15274.25,15305.0,loss,10.25,-10.25,-1.0,0.25,-18.25
2023-10-11,2023-10-11 10:04:00,15304.0,15312.5,15287.0,15287.0,win,8.5,17.0,2.0,18.75,-4.75
2023-10-11,2023-10-11 10:06:00,15297.25,15306.75,15278.25,15306.75,loss,9.5,-9.5,-1.0,4.0,-11.5
2023-10-11,2023-10-11 10:13:00,15290.75,15303.75,15264.75,15303.75,loss,13.0,-13.0,-1.0,14.5,-16.0
2023-10-11,2023-10-11 10:15:00,15294.0,15302.0,15278.0,15278.0,win,8.0,16.0,2.0,16.5,-0.5
2023-10-11,2023-10-11 10:16:00,15286.25,15295.5,15267.75,15295.5,loss,9.25,-9.25,-1.0,10.0,-9.25
2023-10-11,2023-10-11 10:18:00,15283.5,15291.75,15267.0,15291.75,loss,8.25,-8.25,-1.0,7.25,-10.25
2023-10-11,2023-10-11 10:33:00,15297.75,15306.0,15281.25,15306.0,loss,8.25,-8.25,-1.0,8.5,-10.0
2023-10-11,2023-10-11 10:44:00,15299.25,15309.25,15279.25,15279.25,win,10.0,20.0,2.0,23.5,-4.0
2023-10-11,2023-10-11 10:48:00,15291.5,15298.75,15277.0,15298.75,loss,7.25,-7.25,-1.0,1.0,-7.25
2023-10-12,2023-10-12 08:45:00,15402.75,15427.75,15352.75,15427.75,loss,25.0,-25.0,-1.0,6.25,-30.25
2023-10-12,2023-10-12 09:34:00,15409.75,15424.75,15379.75,15424.75,loss,15.0,-15.0,-1.0,0.5,-18.25
2023-10-12,2023-10-12 09:36:00,15409.5,15424.75,15379.0,15424.75,loss,15.25,-15.25,-1.0,0.25,-18.5
2023-10-19,2023-10-19 10:28:00,15040.0,15069.5,14981.0,14981.0,win,29.5,59.0,2.0,84.5,-11.75
2023-10-19,2023-10-19 10:35:00,14962.75,14994.25,14899.75,14994.25,loss,31.5,-31.5,-1.0,37.5,-33.25
2023-10-24,2023-10-24 09:40:00,14785.75,14799.0,14759.25,14799.0,loss,13.25,-13.25,-1.0,8.0,-17.25
2023-10-24,2023-10-24 09:42:00,14781.75,14797.0,14751.25,14797.0,loss,15.25,-15.25,-1.0,4.0,-15.25
2023-10-24,2023-10-24 10:17:00,14784.5,14795.75,14762.0,14762.0,win,11.25,22.5,2.0,24.0,-4.75
2023-10-24,2023-10-24 10:20:00,14774.75,14787.25,14749.75,14749.75,win,12.5,25.0,2.0,38.75,-3.5
2023-10-24,2023-10-24 10:21:00,14765.5,14779.25,14738.0,14738.0,win,13.75,27.5,2.0,29.5,-5.5
2023-10-27,2023-10-27 08:42:00,14288.5,14304.5,14256.5,14304.5,loss,16.0,-16.0,-1.0,14.5,-19.5
2023-10-27,2023-10-27 10:28:00,14321.25,14335.5,14292.75,14335.5,loss,14.25,-14.25,-1.0,4.25,-20.5
2023-10-27,2023-10-27 10:51:00,14300.0,14319.0,14262.0,14262.0,win,19.0,38.0,2.0,45.25,-14.75
2023-10-30,2023-10-30 08:43:00,14335.75,14349.75,14307.75,14307.75,win,14.0,28.0,2.0,29.5,-1.75
2023-10-30,2023-10-30 08:45:00,14312.75,14338.5,14261.25,14338.5,loss,25.75,-25.75,-1.0,6.5,-33.5
2023-10-30,2023-10-30 09:23:00,14332.5,14361.75,14274.0,14361.75,loss,29.25,-29.25,-1.0,11.0,-31.75
2023-10-30,2023-10-30 09:33:00,14341.25,14359.0,14305.75,14359.0,loss,17.75,-17.75,-1.0,3.25,-23.0
2023-10-30,2023-10-30 09:38:00,14368.0,14378.5,14347.0,14347.0,win,10.5,21.0,2.0,26.0,-1.25
2023-10-30,2023-10-30 09:39:00,14356.5,14370.25,14329.0,14370.25,loss,13.75,-13.75,-1.0,22.0,-25.0
2023-10-30,2023-10-30 09:40:00,14342.75,14358.5,14311.25,14358.5,loss,15.75,-15.75,-1.0,8.25,-18.25
2023-10-30,2023-10-30 09:43:00,14337.25,14352.5,14306.75,14352.5,loss,15.25,-15.25,-1.0,0.75,-20.25
2023-10-30,2023-10-30 10:24:00,14349.25,14360.0,14327.75,14360.0,loss,10.75,-10.75,-1.0,0.0,-13.5
2023-10-30,2023-10-30 10:33:00,14349.5,14362.5,14323.5,14362.5,loss,13.0,-13.0,-1.0,2.5,-14.0
2023-10-30,2023-10-30 10:39:00,14351.0,14363.0,14327.0,14327.0,win,12.0,24.0,2.0,31.5,-1.5
2023-10-30,2023-10-30 10:43:00,14339.75,14353.5,14312.25,14312.25,win,13.75,27.5,2.0,29.25,-2.0
2023-10-30,2023-10-30 10:44:00,14322.25,14342.75,14281.25,14342.75,loss,20.5,-20.5,-1.0,11.75,-21.0
2023-10-31,2023-10-31 09:43:00,14373.0,14388.0,14343.0,14388.0,loss,15.0,-15.0,-1.0,6.75,-20.25
2023-11-06,2023-11-06 08:49:00,15203.75,15221.0,15169.25,15221.0,loss,17.25,-17.25,-1.0,0.5,-17.75
2023-11-06,2023-11-06 08:53:00,15201.75,15218.0,15169.25,15218.0,loss,16.25,-16.25,-1.0,4.75,-22.5
2023-11-06,2023-11-06 09:03:00,15203.0,15226.0,15157.0,15226.0,loss,23.0,-23.0,-1.0,18.0,-24.5
2023-11-06,2023-11-06 09:11:00,15198.25,15215.75,15163.25,15215.75,loss,17.5,-17.5,-1.0,13.25,-26.0
2023-11-06,2023-11-06 10:48:00,15196.75,15204.75,15180.75,15204.75,loss,8.0,-8.0,-1.0,2.75,-10.5
2023-11-08,2023-11-08 09:02:00,15375.5,15389.75,15347.0,15347.0,win,14.25,28.5,2.0,29.25,-11.5
2023-11-08,2023-11-08 09:03:00,15363.0,15377.0,15335.0,15377.0,loss,14.0,-14.0,-1.0,14.25,-15.5
2023-11-08,2023-11-08 09:04:00,15353.25,15366.0,15327.75,15366.0,loss,12.75,-12.75,-1.0,4.5,-20.0
2023-11-08,2023-11-08 09:12:00,15370.75,15385.25,15341.75,15341.75,win,14.5,29.0,2.0,31.0,-9.25
2023-11-08,2023-11-08 09:21:00,15351.5,15370.0,15314.5,15349.0,win,18.5,2.5,0.14,21.0,-18.0
2023-11-09,2023-11-09 09:07:00,15375.5,15391.25,15344.0,15391.25,loss,15.75,-15.75,-1.0,23.0,-18.25
2023-11-09,2023-11-09 09:08:00,15355.75,15380.0,15307.25,15380.0,loss,24.25,-24.25,-1.0,3.25,-28.25
2023-11-09,2023-11-09 09:20:00,15376.5,15389.25,15351.0,15351.0,win,12.75,25.5,2.0,30.5,-7.75
2023-11-09,2023-11-09 09:26:00,15370.0,15381.75,15346.5,15346.5,win,11.75,23.5,2.0,24.0,-3.75
2023-11-09,2023-11-09 09:27:00,15363.0,15374.75,15339.5,15374.75,loss,11.75,-11.75,-1.0,17.0,-11.75
2023-11-09,2023-11-09 09:32:00,15350.0,15368.75,15312.5,15368.75,loss,18.75,-18.75,-1.0,2.75,-24.75
2023-11-15,2023-11-15 08:42:00,15934.75,15954.25,15895.75,15954.25,loss,19.5,-19.5,-1.0,28.75,-20.75
2023-11-15,2023-11-15 08:53:00,15917.0,15937.75,15875.5,15937.75,loss,20.75,-20.75,-1.0,11.0,-21.0
2023-11-15,2023-11-15 08:56:00,15909.75,15921.75,15885.75,15921.75,loss,12.0,-12.0,-1.0,3.75,-13.0
2023-11-15,2023-11-15 09:11:00,15918.0,15931.5,15891.0,15931.5,loss,13.5,-13.5,-1.0,1.25,-15.75
2023-11-15,2023-11-15 09:30:00,15937.75,15950.5,15912.25,15950.5,loss,12.75,-12.75,-1.0,18.25,-15.5
2023-11-15,2023-11-15 09:32:00,15927.0,15940.75,15899.5,15940.75,loss,13.75,-13.75,-1.0,7.5,-17.0
2023-11-15,2023-11-15 09:44:00,15940.25,15949.5,15921.75,15949.5,loss,9.25,-9.25,-1.0,1.5,-13.0
2023-11-15,2023-11-15 10:36:00,15935.0,15953.0,15899.0,15899.0,win,18.0,36.0,2.0,42.25,-5.0
2023-11-15,2023-11-15 10:37:00,15929.5,15941.0,15906.5,15906.5,win,11.5,23.0,2.0,24.5,-6.75
2023-11-15,2023-11-15 10:39:00,15925.0,15937.25,15900.5,15900.5,win,12.25,24.5,2.0,25.75,-11.25
2023-11-15,2023-11-15 10:41:00,15923.25,15935.0,15899.75,15899.75,win,11.75,23.5,2.0,24.0,-8.25
2023-11-15,2023-11-15 10:42:00,15915.25,15928.5,15888.75,15928.5,loss,13.25,-13.25,-1.0,10.25,-16.25
2023-11-15,2023-11-15 10:52:00,15914.0,15923.75,15894.5,15894.5,win,9.75,19.5,2.0,21.25,-0.5
2023-11-15,2023-11-15 10:53:00,15905.0,15915.5,15884.0,15884.0,win,10.5,21.0,2.0,21.0,-6.75
2023-11-15,2023-11-15 10:54:00,15893.5,15906.25,15868.0,15906.25,loss,12.75,-12.75,-1.0,0.25,-12.75
2023-11-16,2023-11-16 09:18:00,15858.75,15875.0,15826.25,15875.0,loss,16.25,-16.25,-1.0,12.75,-16.75
2023-11-16,2023-11-16 09:20:00,15846.5,15864.25,15811.0,15864.25,loss,17.75,-17.75,-1.0,0.0,-25.75
2023-11-16,2023-11-16 09:35:00,15859.25,15876.25,15825.25,15825.25,win,17.0,34.0,2.0,36.25,-1.5
2023-11-16,2023-11-16 09:36:00,15837.5,15861.75,15789.0,15861.75,loss,24.25,-24.25,-1.0,23.0,-25.25
2023-11-16,2023-11-16 09:39:00,15834.25,15850.0,15802.75,15850.0,loss,15.75,-15.75,-1.0,19.75,-15.75
2023-11-22,2023-11-22 08:54:00,16063.0,16079.75,16029.5,16029.5,win,16.75,33.5,2.0,46.25,-13.25
2023-11-22,2023-11-22 08:56:00,16046.75,16063.5,16013.25,16063.5,loss,16.75,-16.75,-1.0,11.75,-17.75
2023-11-22,2023-11-22 09:53:00,16050.75,16065.0,16022.25,16065.0,loss,14.25,-14.25,-1.0,23.75,-15.75
2023-11-22,2023-11-22 09:54:00,16031.0,16052.0,15989.0,16052.0,loss,21.0,-21.0,-1.0,4.0,-23.75
2023-11-23,2023-11-23 08:43:00,16062.5,16067.75,16052.0,16052.0,win,5.25,10.5,2.0,11.0,-3.25
2023-11-23,2023-11-23 08:46:00,16061.0,16065.25,16052.5,16065.25,loss,4.25,-4.25,-1.0,2.0,-4.75
2023-11-23,2023-11-23 08:56:00,16055.25,16061.0,16043.75,16061.0,loss,5.75,-5.75,-1.0,3.75,-6.0
2023-11-23,2023-11-23 10:54:00,16065.0,16069.0,16057.0,16069.0,loss,4.0,-4.0,-1.0,6.5,-12.0
2023-11-27,2023-11-27 08:35:00,15988.0,16001.25,15961.5,16001.25,loss,13.25,-13.25,-1.0,17.75,-15.75
2023-11-27,2023-11-27 08:36:00,15977.0,15991.75,15947.5,15991.75,loss,14.75,-14.75,-1.0,6.75,-26.75
2023-11-28,2023-11-28 08:44:00,15974.75,15985.75,15952.75,15985.75,loss,11.0,-11.0,-1.0,12.5,-11.25
2023-11-28,2023-11-28 09:11:00,15974.5,15992.75,15938.0,15992.75,loss,18.25,-18.25,-1.0,7.25,-19.5
2023-11-28,2023-11-28 09:36:00,15979.5,15990.75,15957.0,15990.75,loss,11.25,-11.25,-1.0,8.25,-16.5
2023-11-29,2023-11-29 09:08:00,16128.75,16146.25,16093.75,16093.75,win,17.5,35.0,2.0,36.25,-4.5
2023-11-29,2023-11-29 10:11:00,16070.75,16093.0,16026.25,16093.0,loss,22.25,-22.25,-1.0,39.0,-22.25
2023-11-29,2023-11-29 10:13:00,16071.25,16086.75,16040.25,16040.25,win,15.5,31.0,2.0,32.0,-2.5
2023-11-29,2023-11-29 10:18:00,16052.75,16069.75,16018.75,16069.75,loss,17.0,-17.0,-1.0,21.0,-17.5
2023-11-29,2023-11-29 10:21:00,16050.75,16062.0,16028.25,16062.0,loss,11.25,-11.25,-1.0,19.0,-11.25
2023-12-01,2023-12-01 09:04:00,15936.5,15951.5,15906.5,15906.5,win,15.0,30.0,2.0,38.25,-13.5
2023-12-01,2023-12-01 09:06:00,15925.75,15944.5,15888.25,15944.5,loss,18.75,-18.75,-1.0,3.75,-24.25
2023-12-01,2023-12-01 09:15:00,15914.5,15932.75,15878.0,15878.0,win,18.25,36.5,2.0,38.0,-6.75
2023-12-01,2023-12-01 09:16:00,15903.0,15922.25,15864.5,15864.5,win,19.25,38.5,2.0,39.0,-16.25
2023-12-05,2023-12-05 10:53:00,15861.25,15882.75,15818.25,15882.75,loss,21.5,-21.5,-1.0,28.75,-26.5
2023-12-05,2023-12-05 10:54:00,15847.5,15865.5,15811.5,15865.5,loss,18.0,-18.0,-1.0,15.0,-21.0
2023-12-05,2023-12-05 10:55:00,15834.75,15850.0,15804.25,15850.0,loss,15.25,-15.25,-1.0,1.25,-20.5
2023-12-06,2023-12-06 08:35:00,15966.0,15990.5,15917.0,15917.0,win,24.5,49.0,2.0,51.0,-11.25
2023-12-06,2023-12-06 08:38:00,15954.25,15970.0,15922.75,15970.0,loss,15.75,-15.75,-1.0,18.0,-16.75
2023-12-06,2023-12-06 08:39:00,15943.25,15963.5,15902.75,15963.5,loss,20.25,-20.25,-1.0,7.0,-22.0
2023-12-06,2023-12-06 08:45:00,15948.5,15965.0,15915.5,15965.0,loss,16.5,-16.5,-1.0,11.25,-18.25
2023-12-06,2023-12-06 08:54:00,15958.75,15969.75,15936.75,15936.75,win,11.0,22.0,2.0,31.75,-5.75
2023-12-06,2023-12-06 08:55:00,15949.0,15965.5,15916.0,15916.0,win,16.5,33.0,2.0,34.0,-6.5
2023-12-06,2023-12-06 09:01:00,15933.0,15950.5,15898.0,15950.5,loss,17.5,-17.5,-1.0,18.0,-25.25
2023-12-06,2023-12-06 09:02:00,15919.5,15937.5,15883.5,15937.5,loss,18.0,-18.0,-1.0,4.5,-19.0
2023-12-06,2023-12-06 09:19:00,15946.75,15969.75,15900.75,15900.75,win,23.0,46.0,2.0,53.75,-5.5
2023-12-06,2023-12-06 09:22:00,15935.5,15946.0,15914.5,15914.5,win,10.5,21.0,2.0,26.5,-5.0
2023-12-06,2023-12-06 09:24:00,15913.0,15939.75,15859.5,15939.75,loss,26.75,-26.75,-1.0,37.25,-26.75
2023-12-06,2023-12-06 09:25:00,15893.5,15920.5,15839.5,15920.5,loss,27.0,-27.0,-1.0,17.75,-33.5
2023-12-06,2023-12-06 09:26:00,15879.25,15896.75,15844.25,15896.75,loss,17.5,-17.5,-1.0,3.5,-22.75
2023-12-08,2023-12-08 08:58:00,15979.5,15992.25,15954.0,15992.25,loss,12.75,-12.75,-1.0,1.75,-19.25
2023-12-13,2023-12-13 08:48:00,16611.0,16622.25,16588.5,16622.25,loss,11.25,-11.25,-1.0,13.75,-11.25
2023-12-13,2023-12-13 08:57:00,16603.0,16614.25,16580.5,16614.25,loss,11.25,-11.25,-1.0,5.75,-12.0
2023-12-13,2023-12-13 10:23:00,16609.75,16622.0,16585.25,16596.5,win,12.25,13.25,1.08,21.75,-10.25
2023-12-13,2023-12-13 10:35:00,16607.75,16619.5,16584.25,16584.25,win,11.75,23.5,2.0,23.5,-7.75
2023-12-13,2023-12-13 10:39:00,16603.25,16610.25,16589.25,16610.25,loss,7.0,-7.0,-1.0,1.75,-8.0
2023-12-13,2023-12-13 10:47:00,16605.0,16615.0,16585.0,16585.0,win,10.0,20.0,2.0,20.75,-7.5
2023-12-13,2023-12-13 10:52:00,16605.75,16612.0,16593.25,16593.25,win,6.25,12.5,2.0,13.5,-4.75
2023-12-13,2023-12-13 10:53:00,16601.75,16610.0,16585.25,16610.0,loss,8.25,-8.25,-1.0,1.0,-8.75
2023-12-14,2023-12-14 08:51:00,16839.25,16855.5,16806.75,16855.5,loss,16.25,-16.25,-1.0,9.25,-19.5
2023-12-14,2023-12-14 08:59:00,16845.5,16869.75,16797.0,16797.0,win,24.25,48.5,2.0,57.75,-5.25
2023-12-14,2023-12-14 09:01:00,16835.75,16851.75,16803.75,16803.75,win,16.0,32.0,2.0,33.75,-5.0
2023-12-14,2023-12-14 09:18:00,16790.75,16822.25,16727.75,16782.0,win,31.5,8.75,0.28,48.75,-29.75
2023-12-14,2023-12-14 09:37:00,16788.5,16804.5,16756.5,16804.5,loss,16.0,-16.0,-1.0,21.75,-19.0
2023-12-14,2023-12-14 10:03:00,16796.75,16811.25,16767.75,16767.75,win,14.5,29.0,2.0,35.25,-6.0
2023-12-14,2023-12-14 10:05:00,16779.25,16792.0,16753.75,16792.0,loss,12.75,-12.75,-1.0,0.0,-15.25
2023-12-19,2023-12-19 09:01:00,16958.75,16982.75,16910.75,16982.75,loss,24.0,-24.0,-1.0,4.5,-25.5
2023-12-22,2023-12-22 10:01:00,16986.0,16997.5,16963.0,16997.5,loss,11.5,-11.5,-1.0,1.0,-14.5
2023-12-26,2023-12-26 09:52:00,17027.5,17038.0,17006.5,17038.0,loss,10.5,-10.5,-1.0,1.0,-11.75
2023-12-26,2023-12-26 10:25:00,17028.0,17037.5,17009.0,17037.5,loss,9.5,-9.5,-1.0,2.25,-10.0
2023-12-27,2023-12-27 09:08:00,17098.5,17108.5,17078.5,17078.5,win,10.0,20.0,2.0,32.25,-6.75
2023-12-27,2023-12-27 09:12:00,17090.75,17101.0,17070.25,17070.25,win,10.25,20.5,2.0,24.5,-5.0
2023-12-27,2023-12-27 09:13:00,17084.75,17096.75,17060.75,17060.75,win,12.0,24.0,2.0,29.25,-0.25
2023-12-27,2023-12-27 09:14:00,17066.5,17086.0,17027.5,17086.0,loss,19.5,-19.5,-1.0,11.0,-20.0
2023-12-28,2023-12-28 08:34:00,17136.0,17146.0,17116.0,17116.0,win,10.0,20.0,2.0,21.25,-0.75
2023-12-28,2023-12-28 08:35:00,17129.0,17137.0,17113.0,17113.0,win,8.0,16.0,2.0,23.0,-7.75
2023-12-28,2023-12-28 09:57:00,17124.5,17138.5,17096.5,17121.5,win,14.0,3.0,0.21,20.0,-10.25
2023-12-29,2023-12-29 08:36:00,17085.25,17092.5,17070.75,17092.5,loss,7.25,-7.25,-1.0,11.5,-10.75
2023-12-29,2023-12-29 08:37:00,17079.75,17089.5,17060.25,17089.5,loss,9.75,-9.75,-1.0,6.0,-16.25
2023-12-29,2023-12-29 08:53:00,17097.5,17106.0,17080.5,17106.0,loss,8.5,-8.5,-1.0,2.5,-10.0
2023-12-29,2023-12-29 09:01:00,17091.0,17098.0,17077.0,17098.0,loss,7.0,-7.0,-1.0,6.75,-11.0
2023-12-29,2023-12-29 09:04:00,17085.25,17091.75,17072.25,17091.75,loss,6.5,-6.5,-1.0,0.5,-11.75
2023-12-29,2023-12-29 09:17:00,17092.0,17098.75,17078.5,17078.5,win,6.75,13.5,2.0,18.0,-4.0
2024-01-03,2024-01-03 09:02:00,16603.5,16639.75,16531.0,16639.75,loss,36.25,-36.25,-1.0,0.0,-38.25
2024-01-10,2024-01-10 08:51:00,16832.0,16853.5,16789.0,16853.5,loss,21.5,-21.5,-1.0,30.5,-22.25
2024-01-11,2024-01-11 08:46:00,16967.75,16991.25,16920.75,16920.75,win,23.5,47.0,2.0,55.25,-14.75
2024-01-11,2024-01-11 08:49:00,16951.0,16967.5,16918.0,16918.0,win,16.5,33.0,2.0,38.5,-10.5
2024-01-11,2024-01-11 08:51:00,16933.25,16955.25,16889.25,16955.25,loss,22.0,-22.0,-1.0,6.5,-23.5
2024-01-12,2024-01-12 09:01:00,16965.0,16989.25,16916.5,16989.25,loss,24.25,-24.25,-1.0,22.0,-33.0
2024-01-12,2024-01-12 09:18:00,16956.0,16975.25,16917.5,16975.25,loss,19.25,-19.25,-1.0,20.75,-20.5
2024-01-12,2024-01-12 09:27:00,16957.5,16972.25,16928.0,16972.25,loss,14.75,-14.75,-1.0,6.5,-15.25
2024-01-12,2024-01-12 09:40:00,16956.0,16970.0,16928.0,16970.0,loss,14.0,-14.0,-1.0,1.5,-21.5
2024-01-12,2024-01-12 09:43:00,16957.5,16974.75,16923.0,16923.0,win,17.25,34.5,2.0,38.75,-15.0
2024-01-12,2024-01-12 09:50:00,16933.25,16950.0,16899.75,16950.0,loss,16.75,-16.75,-1.0,19.75,-23.0
2024-01-12,2024-01-12 10:37:00,16963.5,16977.0,16936.5,16936.5,win,13.5,27.0,2.0,28.25,-0.5
2024-01-12,2024-01-12 10:38:00,16940.75,16965.0,16892.25,16965.0,loss,24.25,-24.25,-1.0,23.5,-24.25
2024-01-15,2024-01-15 10:09:00,16967.0,16972.0,16957.0,16972.0,loss,5.0,-5.0,-1.0,5.0,-6.0
2024-01-15,2024-01-15 10:16:00,16967.5,16971.25,16960.0,16971.25,loss,3.75,-3.75,-1.0,5.5,-5.5
2024-01-15,2024-01-15 10:53:00,16966.5,16970.0,16959.5,16959.5,win,3.5,7.0,2.0,12.25,-0.75
2024-01-16,2024-01-16 08:42:00,16883.75,16898.0,16855.25,16898.0,loss,14.25,-14.25,-1.0,13.5,-15.75
2024-01-16,2024-01-16 08:45:00,16879.0,16897.0,16843.0,16897.0,loss,18.0,-18.0,-1.0,24.0,-23.75
2024-01-19,2024-01-19 08:32:00,17177.25,17189.75,17152.25,17189.75,loss,12.5,-12.5,-1.0,11.0,-20.75
2024-01-19,2024-01-19 08:36:00,17180.75,17197.25,17147.75,17197.25,loss,16.5,-16.5,-1.0,0.25,-18.25
2024-01-22,2024-01-22 08:41:00,17534.0,17550.0,17502.0,17502.0,win,16.0,32.0,2.0,40.75,-1.0
2024-01-22,2024-01-22 09:37:00,17467.0,17482.25,17436.5,17482.25,loss,15.25,-15.25,-1.0,0.0,-23.5
2024-01-22,2024-01-22 09:41:00,17477.0,17491.0,17449.0,17449.0,win,14.0,28.0,2.0,31.25,-8.75
2024-01-22,2024-01-22 09:46:00,17464.25,17479.75,17433.25,17479.75,loss,15.5,-15.5,-1.0,25.5,-16.75
2024-01-23,2024-01-23 08:32:00,17455.0,17478.5,17408.0,17478.5,loss,23.5,-23.5,-1.0,45.5,-25.5
2024-01-23,2024-01-23 08:33:00,17430.5,17457.0,17377.5,17457.0,loss,26.5,-26.5,-1.0,21.0,-33.5
2024-01-23,2024-01-23 08:35:00,17420.5,17437.25,17387.0,17437.25,loss,16.75,-16.75,-1.0,11.0,-29.25
2024-01-29,2024-01-29 08:31:00,17537.25,17552.75,17506.25,17552.75,loss,15.5,-15.5,-1.0,7.5,-19.5
2024-01-29,2024-01-29 09:01:00,17551.0,17560.5,17532.0,17532.0,win,9.5,19.0,2.0,25.0,-4.5
2024-01-29,2024-01-29 09:04:00,17536.25,17548.25,17512.25,17548.25,loss,12.0,-12.0,-1.0,10.25,-12.25
2024-01-29,2024-01-29 09:23:00,17539.25,17555.5,17506.75,17555.5,loss,16.25,-16.25,-1.0,11.0,-25.0
2024-01-29,2024-01-29 09:26:00,17531.25,17543.75,17506.25,17543.75,loss,12.5,-12.5,-1.0,1.25,-16.25
2024-01-29,2024-01-29 09:33:00,17550.25,17565.0,17520.75,17520.75,win,14.75,29.5,2.0,30.5,-6.75
2024-01-29,2024-01-29 09:34:00,17532.75,17551.75,17494.75,17551.75,loss,19.0,-19.0,-1.0,2.5,-20.75
2024-01-29,2024-01-29 09:44:00,17540.0,17554.25,17511.5,17554.25,loss,14.25,-14.25,-1.0,20.25,-14.75
2024-01-29,2024-01-29 09:48:00,17539.25,17548.5,17520.75,17548.5,loss,9.25,-9.25,-1.0,10.5,-11.75
2024-01-29,2024-01-29 09:58:00,17533.0,17544.5,17510.0,17544.5,loss,11.5,-11.5,-1.0,13.25,-12.0
2024-01-29,2024-01-29 10:01:00,17521.75,17534.75,17495.75,17534.75,loss,13.0,-13.0,-1.0,0.25,-15.0
2024-01-29,2024-01-29 10:23:00,17539.5,17552.75,17513.0,17552.75,loss,13.25,-13.25,-1.0,3.25,-14.25
2024-01-29,2024-01-29 10:27:00,17543.25,17556.5,17516.75,17556.5,loss,13.25,-13.25,-1.0,0.25,-18.0
2024-01-30,2024-01-30 08:35:00,17669.0,17683.0,17641.0,17641.0,win,14.0,28.0,2.0,30.5,-13.0
2024-02-01,2024-02-01 08:33:00,17306.5,17324.0,17271.5,17324.0,loss,17.5,-17.5,-1.0,1.25,-27.75
2024-02-01,2024-02-01 08:36:00,17322.5,17338.75,17290.0,17290.0,win,16.25,32.5,2.0,37.25,-13.0
2024-02-01,2024-02-01 08:39:00,17314.0,17328.5,17285.0,17328.5,loss,14.5,-14.5,-1.0,7.25,-18.5
2024-02-01,2024-02-01 08:49:00,17310.5,17326.75,17278.0,17278.0,win,16.25,32.5,2.0,40.5,-12.5
2024-02-01,2024-02-01 09:22:00,17314.5,17334.25,17275.0,17334.25,loss,19.75,-19.75,-1.0,0.75,-20.5
2024-02-01,2024-02-01 09:51:00,17319.0,17338.5,17280.0,17280.0,win,19.5,39.0,2.0,39.5,-8.5
2024-02-01,2024-02-01 09:53:00,17309.25,17323.0,17281.75,17281.75,win,13.75,27.5,2.0,27.75,-6.25
2024-02-01,2024-02-01 09:54:00,17298.75,17316.5,17263.25,17316.5,loss,17.75,-17.75,-1.0,34.75,-22.0
2024-02-01,2024-02-01 09:55:00,17290.25,17303.0,17264.75,17264.75,win,12.75,25.5,2.0,26.25,-5.0
2024-02-01,2024-02-01 09:57:00,17282.75,17296.25,17255.75,17296.25,loss,13.5,-13.5,-1.0,18.75,-14.0
2024-02-01,2024-02-01 10:42:00,17316.0,17330.5,17287.0,17330.5,loss,14.5,-14.5,-1.0,8.75,-15.75
2024-02-01,2024-02-01 10:48:00,17315.25,17325.0,17295.75,17325.0,loss,9.75,-9.75,-1.0,8.0,-16.5
2024-02-05,2024-02-05 08:39:00,17703.25,17724.75,17660.25,17660.25,win,21.5,43.0,2.0,51.0,-16.5
2024-02-05,2024-02-05 08:41:00,17699.5,17719.5,17659.5,17719.5,loss,20.0,-20.0,-1.0,8.25,-20.25
2024-02-06,2024-02-06 08:35:00,17730.25,17740.0,17710.75,17710.75,win,9.75,19.5,2.0,21.25,-0.5
2024-02-06,2024-02-06 08:36:00,17714.75,17731.75,17680.75,17731.75,loss,17.0,-17.0,-1.0,12.5,-17.5
2024-02-08,2024-02-08 08:31:00,17827.75,17846.25,17790.75,17846.25,loss,18.5,-18.5,-1.0,8.5,-19.0
2024-02-08,2024-02-08 08:41:00,17826.25,17844.0,17790.75,17844.0,loss,17.75,-17.75,-1.0,18.25,-18.5
2024-02-08,2024-02-08 08:42:00,17814.75,17829.0,17786.25,17829.0,loss,14.25,-14.25,-1.0,6.75,-20.25
2024-02-08,2024-02-08 09:31:00,17827.75,17842.5,17798.25,17842.5,loss,14.75,-14.75,-1.0,3.75,-14.75
2024-02-09,2024-02-09 08:31:00,17894.5,17912.25,17859.0,17912.25,loss,17.75,-17.75,-1.0,19.5,-18.0
2024-02-09,2024-02-09 08:36:00,17888.0,17904.75,17854.5,17904.75,loss,16.75,-16.75,-1.0,13.0,-18.0
2024-02-09,2024-02-09 08:37:00,17879.25,17892.0,17853.75,17892.0,loss,12.75,-12.75,-1.0,3.5,-12.75
2024-02-15,2024-02-15 08:33:00,17879.75,17899.5,17840.25,17840.25,win,19.75,39.5,2.0,41.5,-13.25
2024-02-15,2024-02-15 08:35:00,17873.75,17891.5,17838.25,17838.25,win,17.75,35.5,2.0,35.5,-5.0
2024-02-15,2024-02-15 08:37:00,17855.25,17873.25,17819.25,17873.25,loss,18.0,-18.0,-1.0,8.0,-18.5
2024-02-20,2024-02-20 08:37:00,17648.5,17684.75,17576.0,17576.0,win,36.25,72.5,2.0,89.25,-13.5
2024-02-20,2024-02-20 08:39:00,17625.25,17651.5,17572.75,17572.75,win,26.25,52.5,2.0,66.0,-11.25
2024-02-20,2024-02-20 08:41:00,17586.0,17631.75,17494.5,17494.5,win,45.75,91.5,2.0,104.0,-15.0
2024-02-21,2024-02-21 09:19:00,17497.75,17518.25,17456.75,17456.75,win,20.5,41.0,2.0,43.5,-14.75
2024-02-21,2024-02-21 10:17:00,17498.75,17512.0,17472.25,17512.0,loss,13.25,-13.25,-1.0,4.0,-14.0
2024-02-23,2024-02-23 08:58:00,18070.25,18091.25,18028.25,18091.25,loss,21.0,-21.0,-1.0,16.0,-21.0
2024-02-23,2024-02-23 09:01:00,18057.5,18084.0,18004.5,18084.0,loss,26.5,-26.5,-1.0,3.25,-30.5
2024-02-23,2024-02-23 09:13:00,18067.25,18081.25,18039.25,18081.25,loss,14.0,-14.0,-1.0,1.25,-20.25
2024-02-23,2024-02-23 09:18:00,18073.5,18087.5,18045.5,18045.5,win,14.0,28.0,2.0,29.75,-10.0
2024-02-23,2024-02-23 09:22:00,18071.25,18083.25,18047.25,18047.25,win,12.0,24.0,2.0,27.5,0.0
2024-02-23,2024-02-23 09:23:00,18057.5,18072.25,18028.0,18072.25,loss,14.75,-14.75,-1.0,13.75,-20.25
2024-02-23,2024-02-23 09:29:00,18063.0,18078.25,18032.5,18032.5,win,15.25,30.5,2.0,35.5,-10.0
2024-02-23,2024-02-23 09:30:00,18049.0,18066.75,18013.5,18066.75,loss,17.75,-17.75,-1.0,12.0,-20.25
2024-02-23,2024-02-23 09:42:00,18060.0,18074.0,18032.0,18032.0,win,14.0,28.0,2.0,32.5,-4.75
2024-02-23,2024-02-23 09:43:00,18037.0,18065.75,17979.5,17979.5,win,28.75,57.5,2.0,78.0,-18.0
2024-02-23,2024-02-23 09:56:00,18029.75,18047.5,17994.25,17994.25,win,17.75,35.5,2.0,35.5,-3.75
2024-02-23,2024-02-23 10:00:00,18018.0,18028.0,17998.0,17998.0,win,10.0,20.0,2.0,22.5,-8.0
2024-02-26,2024-02-26 08:47:00,17985.25,18003.0,17949.75,18003.0,loss,17.75,-17.75,-1.0,19.25,-21.25
2024-02-27,2024-02-27 08:41:00,17960.5,17983.25,17915.0,17983.25,loss,22.75,-22.75,-1.0,19.5,-34.75
2024-02-27,2024-02-27 08:42:00,17945.0,17964.5,17906.0,17964.5,loss,19.5,-19.5,-1.0,4.0,-22.75
2024-02-29,2024-02-29 10:40:00,17922.0,17936.5,17893.0,17936.5,loss,14.5,-14.5,-1.0,23.75,-16.0
2024-02-29,2024-02-29 10:41:00,17907.75,17931.75,17859.75,17931.75,loss,24.0,-24.0,-1.0,9.5,-30.25
2024-03-06,2024-03-06 08:54:00,18060.0,18075.5,18029.0,18029.0,win,15.5,31.0,2.0,48.0,-9.75
2024-03-06,2024-03-06 09:10:00,17986.5,18006.0,17947.5,18006.0,loss,19.5,-19.5,-1.0,3.0,-23.0
2024-03-06,2024-03-06 09:13:00,17987.75,18008.25,17946.75,18008.25,loss,20.5,-20.5,-1.0,9.25,-32.75
2024-03-08,2024-03-08 10:03:00,18333.75,18364.5,18272.25,18272.25,win,30.75,61.5,2.0,68.75,0.0
2024-03-08,2024-03-08 10:09:00,18287.0,18325.0,18211.0,18211.0,win,38.0,76.0,2.0,93.5,-6.25
2024-03-08,2024-03-08 10:10:00,18266.5,18292.25,18215.0,18292.25,loss,25.75,-25.75,-1.0,9.0,-26.75
2024-03-11,2024-03-11 09:12:00,18190.25,18215.25,18140.25,18215.25,loss,25.0,-25.0,-1.0,27.75,-27.25
2024-03-20,2024-03-20 08:36:00,18272.75,18286.0,18246.25,18286.0,loss,13.25,-13.25,-1.0,23.75,-15.0
2024-03-20,2024-03-20 08:37:00,18259.0,18276.25,18224.5,18276.25,loss,17.25,-17.25,-1.0,10.0,-20.5
2024-03-20,2024-03-20 08:41:00,18258.5,18271.0,18233.5,18271.0,loss,12.5,-12.5,-1.0,9.5,-13.5
2024-03-20,2024-03-20 09:58:00,18277.75,18285.75,18261.75,18261.75,win,8.0,16.0,2.0,18.5,-3.75
2024-03-20,2024-03-20 10:31:00,18267.75,18282.0,18239.25,18282.0,loss,14.25,-14.25,-1.0,11.0,-15.75
2024-03-26,2024-03-26 08:32:00,18539.5,18550.5,18517.5,18550.5,loss,11.0,-11.0,-1.0,2.75,-11.5
2024-03-26,2024-03-26 08:41:00,18546.25,18561.0,18516.75,18561.0,loss,14.75,-14.75,-1.0,11.25,-15.5
2024-03-26,2024-03-26 08:57:00,18549.0,18559.0,18529.0,18559.0,loss,10.0,-10.0,-1.0,1.75,-12.0
2024-03-26,2024-03-26 10:23:00,18550.75,18557.75,18536.75,18557.75,loss,7.0,-7.0,-1.0,2.0,-8.5
2024-03-26,2024-03-26 10:26:00,18549.75,18557.5,18534.25,18557.5,loss,7.75,-7.75,-1.0,3.25,-11.25
2024-03-26,2024-03-26 10:35:00,18552.0,18564.25,18527.5,18548.25,win,12.25,3.75,0.31,22.5,-11.25
2024-03-26,2024-03-26 10:39:00,18551.75,18559.25,18536.75,18536.75,win,7.5,15.0,2.0,16.0,-4.0
2024-03-28,2024-03-28 09:08:00,18494.5,18504.0,18475.5,18504.0,loss,9.5,-9.5,-1.0,6.0,-10.5
2024-03-28,2024-03-28 09:40:00,18493.75,18500.5,18480.25,18500.5,loss,6.75,-6.75,-1.0,1.75,-6.75
2024-03-28,2024-03-28 10:06:00,18497.0,18506.5,18478.0,18478.0,win,9.5,19.0,2.0,24.75,-1.5
2024-03-28,2024-03-28 10:07:00,18485.0,18499.5,18456.0,18456.0,win,14.5,29.0,2.0,31.0,-9.5
2024-04-04,2024-04-04 09:15:00,18483.5,18491.75,18467.0,18491.75,loss,8.25,-8.25,-1.0,3.75,-8.25
2024-04-04,2024-04-04 09:20:00,18485.75,18492.25,18472.75,18492.25,loss,6.5,-6.5,-1.0,1.0,-8.25
2024-04-08,2024-04-08 09:37:00,18303.25,18323.5,18262.75,18262.75,win,20.25,40.5,2.0,51.25,-16.25
2024-04-09,2024-04-09 08:31:00,18244.5,18285.0,18163.5,18163.5,win,40.5,81.0,2.0,83.75,-22.0
2024-04-09,2024-04-09 08:35:00,18241.0,18263.0,18197.0,18197.0,win,22.0,44.0,2.0,60.25,-5.0
2024-04-10,2024-04-10 08:47:00,18180.25,18201.25,18138.25,18138.25,win,21.0,42.0,2.0,42.25,-13.75
2024-04-10,2024-04-10 08:52:00,18169.0,18190.75,18125.5,18125.5,win,21.75,43.5,2.0,43.75,-13.75
2024-04-11,2024-04-11 08:33:00,18216.75,18242.5,18165.25,18242.5,loss,25.75,-25.75,-1.0,4.0,-32.75
2024-04-15,2024-04-15 08:34:00,18230.0,18250.25,18189.5,18189.5,win,20.25,40.5,2.0,42.0,-6.5
2024-04-15,2024-04-15 08:38:00,18210.0,18235.75,18158.5,18158.5,win,25.75,51.5,2.0,51.5,-15.0
2024-04-15,2024-04-15 08:39:00,18192.5,18213.25,18151.0,18213.25,loss,20.75,-20.75,-1.0,4.5,-31.25
2024-04-16,2024-04-16 10:02:00,17867.75,17880.75,17841.75,17880.75,loss,13.0,-13.0,-1.0,5.25,-16.25
2024-04-22,2024-04-22 10:02:00,17248.25,17260.0,17224.75,17260.0,loss,11.75,-11.75,-1.0,2.0,-12.0
2024-04-22,2024-04-22 10:31:00,17247.75,17260.75,17221.75,17260.75,loss,13.0,-13.0,-1.0,13.5,-17.75
2024-04-24,2024-04-24 08:46:00,17696.75,17709.25,17671.75,17709.25,loss,12.5,-12.5,-1.0,0.25,-21.0
2024-04-24,2024-04-24 08:51:00,17700.5,17714.75,17672.0,17672.0,win,14.25,28.5,2.0,35.75,-4.75
2024-04-24,2024-04-24 08:52:00,17689.75,17706.25,17656.75,17656.75,win,16.5,33.0,2.0,36.5,-13.0
2024-04-24,2024-04-24 08:56:00,17679.25,17694.0,17649.75,17694.0,loss,14.75,-14.75,-1.0,0.75,-16.0
2024-04-24,2024-04-24 09:04:00,17666.25,17685.5,17627.75,17627.75,win,19.25,38.5,2.0,43.0,-15.75
2024-04-29,2024-04-29 09:06:00,17863.5,17882.75,17825.0,17882.75,loss,19.25,-19.25,-1.0,2.5,-19.5
2024-04-29,2024-04-29 09:23:00,17876.5,17885.5,17858.5,17885.5,loss,9.0,-9.0,-1.0,10.75,-9.0
2024-04-29,2024-04-29 09:24:00,17870.75,17879.5,17853.25,17879.5,loss,8.75,-8.75,-1.0,5.0,-10.25
2024-04-29,2024-04-29 09:31:00,17867.5,17880.75,17841.0,17880.75,loss,13.25,-13.25,-1.0,22.75,-17.75
2024-04-29,2024-04-29 09:33:00,17861.5,17874.0,17836.5,17874.0,loss,12.5,-12.5,-1.0,16.75,-18.5
2024-04-29,2024-04-29 09:47:00,17865.5,17881.25,17834.0,17881.25,loss,15.75,-15.75,-1.0,2.5,-16.5
2024-05-10,2024-05-10 08:31:00,18219.5,18239.25,18180.0,18239.25,loss,19.75,-19.75,-1.0,3.5,-22.25
2024-05-10,2024-05-10 08:46:00,18234.75,18248.5,18207.25,18248.5,loss,13.75,-13.75,-1.0,7.0,-14.5
2024-05-10,2024-05-10 08:52:00,18232.0,18245.5,18205.0,18205.0,win,13.5,27.0,2.0,38.5,-3.5
2024-05-10,2024-05-10 08:54:00,18206.75,18232.5,18155.25,18232.5,loss,25.75,-25.75,-1.0,18.25,-28.5
2024-05-10,2024-05-10 08:55:00,18195.0,18208.5,18168.0,18208.5,loss,13.5,-13.5,-1.0,6.5,-17.5
2024-05-10,2024-05-10 09:33:00,18233.5,18241.75,18217.0,18217.0,win,8.25,16.5,2.0,23.0,-3.5
2024-05-10,2024-05-10 09:34:00,18227.5,18236.75,18209.0,18236.75,loss,9.25,-9.25,-1.0,0.25,-9.5
2024-05-10,2024-05-10 09:38:00,18216.0,18227.5,18193.0,18193.0,win,11.5,23.0,2.0,23.0,-11.0
2024-05-10,2024-05-10 10:33:00,18230.0,18237.5,18215.0,18237.5,loss,7.5,-7.5,-1.0,1.75,-8.0
2024-05-10,2024-05-10 10:52:00,18240.75,18248.25,18225.75,18248.25,loss,7.5,-7.5,-1.0,1.0,-9.25
2024-05-13,2024-05-13 08:32:00,18285.0,18295.75,18263.5,18295.75,loss,10.75,-10.75,-1.0,2.5,-13.75
2024-05-13,2024-05-13 08:59:00,18292.0,18303.5,18269.0,18303.5,loss,11.5,-11.5,-1.0,13.75,-14.0
2024-05-13,2024-05-13 09:03:00,18285.5,18298.5,18259.5,18298.5,loss,13.0,-13.0,-1.0,7.25,-13.25
2024-05-13,2024-05-13 09:21:00,18291.25,18298.5,18276.75,18276.75,win,7.25,14.5,2.0,17.75,-4.25
2024-05-13,2024-05-13 09:22:00,18286.5,18292.75,18274.0,18292.75,loss,6.25,-6.25,-1.0,4.5,-7.5
2024-05-14,2024-05-14 08:41:00,18291.0,18304.75,18263.5,18304.75,loss,13.75,-13.75,-1.0,4.75,-15.75
2024-05-16,2024-05-16 10:36:00,18711.0,18720.0,18693.0,18720.0,loss,9.0,-9.0,-1.0,1.5,-11.75
2024-05-17,2024-05-17 09:04:00,18643.5,18653.5,18623.5,18653.5,loss,10.0,-10.0,-1.0,15.5,-10.0
2024-05-17,2024-05-17 09:05:00,18634.75,18645.0,18614.25,18645.0,loss,10.25,-10.25,-1.0,3.75,-11.5
2024-05-22,2024-05-22 10:37:00,18811.25,18817.0,18799.75,18817.0,loss,5.75,-5.75,-1.0,5.0,-6.5
2024-05-22,2024-05-22 10:47:00,18809.0,18817.75,18791.5,18791.5,win,8.75,17.5,2.0,18.5,-0.5
2024-05-22,2024-05-22 10:48:00,18802.75,18810.5,18787.25,18810.5,loss,7.75,-7.75,-1.0,12.25,-8.5
2024-05-22,2024-05-22 10:49:00,18798.25,18804.0,18786.75,18804.0,loss,5.75,-5.75,-1.0,7.75,-6.75
2024-05-23,2024-05-23 08:31:00,18876.25,18897.5,18833.75,18897.5,loss,21.25,-21.25,-1.0,2.5,-32.75
2024-05-23,2024-05-23 08:44:00,18884.0,18897.0,18858.0,18858.0,win,13.0,26.0,2.0,37.75,-9.0
2024-05-23,2024-05-23 08:48:00,18872.75,18888.25,18841.75,18841.75,win,15.5,31.0,2.0,33.5,-2.0
2024-05-23,2024-05-23 08:51:00,18850.75,18868.0,18816.25,18816.25,win,17.25,34.5,2.0,42.5,-6.25
2024-05-23,2024-05-23 09:17:00,18879.0,18894.25,18848.5,18894.25,loss,15.25,-15.25,-1.0,4.25,-15.75
2024-05-23,2024-05-23 09:28:00,18886.0,18898.0,18862.0,18898.0,loss,12.0,-12.0,-1.0,3.5,-12.5
2024-05-23,2024-05-23 10:48:00,18874.5,18891.5,18840.5,18840.5,win,17.0,34.0,2.0,37.75,-1.75
2024-06-03,2024-06-03 08:44:00,18654.25,18671.0,18620.75,18620.75,win,16.75,33.5,2.0,41.25,-1.25
2024-06-03,2024-06-03 08:49:00,18614.75,18635.0,18574.25,18574.25,win,20.25,40.5,2.0,43.75,-2.0
2024-06-03,2024-06-03 08:54:00,18584.5,18596.5,18560.5,18596.5,loss,12.0,-12.0,-1.0,20.25,-13.5
2024-06-03,2024-06-03 09:14:00,18589.75,18600.75,18567.75,18600.75,loss,11.0,-11.0,-1.0,8.25,-12.5
2024-06-03,2024-06-03 09:47:00,18594.5,18612.5,18558.5,18612.5,loss,18.0,-18.0,-1.0,1.75,-18.0
2024-06-03,2024-06-03 10:03:00,18581.5,18604.5,18535.5,18535.5,win,23.0,46.0,2.0,50.5,-14.25
2024-06-06,2024-06-06 08:52:00,19078.75,19088.25,19059.75,19088.25,loss,9.5,-9.5,-1.0,5.0,-10.75
2024-06-06,2024-06-06 09:00:00,19082.75,19092.75,19062.75,19092.75,loss,10.0,-10.0,-1.0,14.75,-11.25
2024-06-06,2024-06-06 09:01:00,19076.0,19088.0,19052.0,19088.0,loss,12.0,-12.0,-1.0,8.0,-18.0
2024-06-07,2024-06-07 09:07:00,19039.75,19052.0,19015.25,19015.25,win,12.25,24.5,2.0,24.5,0.0
2024-06-07,2024-06-07 09:08:00,19029.75,19040.75,19007.75,19040.75,loss,11.0,-11.0,-1.0,14.5,-11.0
2024-06-11,2024-06-11 09:51:00,19069.75,19083.5,19042.25,19083.5,loss,13.75,-13.75,-1.0,6.5,-15.75
2024-06-19,2024-06-19 08:34:00,20227.75,20231.75,20219.75,20231.75,loss,4.0,-4.0,-1.0,4.25,-4.25
2024-06-19,2024-06-19 08:35:00,20225.75,20228.75,20219.75,20228.75,loss,3.0,-3.0,-1.0,2.25,-4.25
2024-06-19,2024-06-19 10:52:00,20229.25,20234.5,20218.75,20234.5,loss,5.25,-5.25,-1.0,1.25,-12.0
2024-06-26,2024-06-26 08:38:00,19980.25,19996.0,19948.75,19996.0,loss,15.75,-15.75,-1.0,15.0,-18.0
2024-06-26,2024-06-26 08:53:00,19979.25,20003.75,19930.25,20003.75,loss,24.5,-24.5,-1.0,2.75,-25.75
2024-06-26,2024-06-26 09:00:00,19974.75,19993.25,19937.75,19937.75,win,18.5,37.0,2.0,44.5,-10.0
2024-06-26,2024-06-26 09:03:00,19956.5,19973.0,19923.5,19973.0,loss,16.5,-16.5,-1.0,1.25,-17.5
2024-06-26,2024-06-26 10:43:00,19979.0,19991.5,19954.0,19954.0,win,12.5,25.0,2.0,34.75,-4.25
2024-06-26,2024-06-26 10:45:00,19968.0,19978.75,19946.5,19946.5,win,10.75,21.5,2.0,23.75,-9.5
2024-06-26,2024-06-26 10:47:00,19970.25,19978.25,19954.25,19954.25,win,8.0,16.0,2.0,26.0,-2.0
2024-06-26,2024-06-26 10:48:00,19959.0,19973.25,19930.5,19973.25,loss,14.25,-14.25,-1.0,14.75,-16.5
2024-06-26,2024-06-26 10:49:00,19949.0,19960.0,19927.0,19960.0,loss,11.0,-11.0,-1.0,3.0,-12.0
2024-06-27,2024-06-27 08:51:00,20008.25,20038.75,19947.25,20038.75,loss,30.5,-30.5,-1.0,6.75,-30.75
2024-06-28,2024-06-28 08:58:00,20125.75,20148.75,20079.75,20079.75,win,23.0,46.0,2.0,46.0,-16.0
2024-06-28,2024-06-28 09:01:00,20129.0,20141.75,20103.5,20103.5,win,12.75,25.5,2.0,32.75,0.0
2024-06-28,2024-06-28 09:02:00,20096.5,20130.0,20029.5,20130.0,loss,33.5,-33.5,-1.0,20.75,-34.0
2024-06-28,2024-06-28 09:09:00,20088.5,20103.5,20058.5,20103.5,loss,15.0,-15.0,-1.0,10.0,-15.25
2024-06-28,2024-06-28 09:26:00,20096.75,20120.25,20049.75,20120.25,loss,23.5,-23.5,-1.0,21.0,-26.25
2024-06-28,2024-06-28 09:38:00,20101.5,20114.75,20075.0,20114.75,loss,13.25,-13.25,-1.0,4.75,-18.25
2024-06-28,2024-06-28 09:43:00,20102.75,20122.5,20063.25,20122.5,loss,19.75,-19.75,-1.0,11.75,-20.75
2024-06-28,2024-06-28 09:53:00,20109.75,20121.5,20086.25,20086.25,win,11.75,23.5,2.0,25.75,-7.0
2024-07-08,2024-07-08 08:34:00,20614.5,20629.0,20585.5,20629.0,loss,14.5,-14.5,-1.0,26.5,-15.25
2024-07-08,2024-07-08 08:36:00,20609.25,20625.0,20577.75,20625.0,loss,15.75,-15.75,-1.0,21.25,-18.75
2024-07-08,2024-07-08 08:37:00,20596.25,20614.25,20560.25,20614.25,loss,18.0,-18.0,-1.0,4.75,-23.75
2024-07-08,2024-07-08 08:44:00,20595.5,20611.5,20563.5,20611.5,loss,16.0,-16.0,-1.0,4.0,-16.5
2024-07-08,2024-07-08 08:56:00,20599.75,20606.5,20586.25,20606.5,loss,6.75,-6.75,-1.0,8.25,-10.25
2024-07-08,2024-07-08 10:10:00,20621.25,20643.75,20576.25,20643.75,loss,22.5,-22.5,-1.0,12.25,-23.5
2024-07-08,2024-07-08 10:12:00,20617.25,20630.0,20591.75,20630.0,loss,12.75,-12.75,-1.0,2.25,-20.0
2024-07-08,2024-07-08 10:38:00,20613.25,20622.25,20595.25,20622.25,loss,9.0,-9.0,-1.0,3.0,-9.0
2024-07-09,2024-07-09 09:05:00,20697.75,20708.5,20676.25,20676.25,win,10.75,21.5,2.0,23.75,-10.5
2024-07-09,2024-07-09 09:11:00,20692.25,20705.75,20665.25,20705.75,loss,13.5,-13.5,-1.0,7.75,-14.5
2024-07-09,2024-07-09 09:16:00,20693.75,20706.75,20667.75,20706.75,loss,13.0,-13.0,-1.0,3.75,-14.5
2024-07-09,2024-07-09 09:25:00,20684.5,20695.25,20663.0,20695.25,loss,10.75,-10.75,-1.0,14.25,-11.75
2024-07-09,2024-07-09 10:03:00,20693.25,20701.5,20676.75,20701.5,loss,8.25,-8.25,-1.0,5.0,-9.0
2024-07-09,2024-07-09 10:15:00,20696.75,20713.5,20663.25,20713.5,loss,16.75,-16.75,-1.0,0.75,-19.0
2024-07-09,2024-07-09 10:27:00,20696.25,20704.25,20680.25,20680.25,win,8.0,16.0,2.0,21.75,-7.75
2024-07-09,2024-07-09 10:33:00,20694.75,20701.0,20682.25,20682.25,win,6.25,12.5,2.0,12.75,-1.5
2024-07-09,2024-07-09 10:35:00,20689.25,20697.0,20673.75,20673.75,win,7.75,15.5,2.0,16.0,-6.25
2024-07-09,2024-07-09 10:38:00,20682.5,20693.5,20660.5,20660.5,win,11.0,22.0,2.0,27.0,-6.0
2024-07-09,2024-07-09 10:40:00,20675.0,20686.25,20652.5,20652.5,win,11.25,22.5,2.0,29.25,-5.75
2024-07-10,2024-07-10 08:34:00,20751.5,20764.25,20726.0,20726.0,win,12.75,25.5,2.0,27.75,-10.5
2024-07-15,2024-07-15 10:09:00,20655.0,20675.5,20614.0,20614.0,win,20.5,41.0,2.0,51.75,-10.75
2024-07-15,2024-07-15 10:12:00,20643.0,20657.75,20613.5,20613.5,win,14.75,29.5,2.0,39.75,-9.0
2024-07-18,2024-07-18 08:31:00,20026.5,20048.75,19982.0,19982.0,win,22.25,44.5,2.0,49.75,-3.25
2024-07-18,2024-07-18 08:32:00,19994.0,20030.75,19920.5,19920.5,win,36.75,73.5,2.0,87.0,-4.25
2024-07-18,2024-07-18 08:35:00,19961.5,19984.5,19915.5,19915.5,win,23.0,46.0,2.0,54.5,-16.5
2024-07-22,2024-07-22 09:29:00,19835.75,19859.0,19789.25,19859.0,loss,23.25,-23.25,-1.0,26.0,-31.0
2024-07-22,2024-07-22 09:46:00,19820.75,19838.5,19785.25,19838.5,loss,17.75,-17.75,-1.0,6.75,-21.0
2024-07-22,2024-07-22 09:56:00,19855.0,19869.0,19827.0,19869.0,loss,14.0,-14.0,-1.0,2.75,-17.75
2024-07-23,2024-07-23 08:39:00,19977.25,20005.0,19921.75,20005.0,loss,27.75,-27.75,-1.0,3.25,-33.25
2024-07-23,2024-07-23 08:46:00,19960.5,19984.0,19913.5,19984.0,loss,23.5,-23.5,-1.0,33.0,-27.5
2024-07-23,2024-07-23 10:24:00,19963.25,19997.25,19895.25,19974.25,loss,34.0,-11.0,-0.32,47.5,-15.75
2024-07-26,2024-07-26 08:31:00,19098.75,19150.0,18996.25,19150.0,loss,51.25,-51.25,-1.0,58.5,-59.0
2024-07-26,2024-07-26 08:32:00,19076.25,19106.5,19015.75,19106.5,loss,30.25,-30.25,-1.0,24.5,-33.0
2024-07-26,2024-07-26 09:13:00,19114.25,19144.5,19053.75,19144.5,loss,30.25,-30.25,-1.0,23.75,-32.0
2024-07-26,2024-07-26 09:16:00,19109.0,19132.75,19061.5,19132.75,loss,23.75,-23.75,-1.0,15.75,-25.5
2024-07-26,2024-07-26 09:35:00,19113.5,19134.25,19072.0,19134.25,loss,20.75,-20.75,-1.0,14.75,-22.0
2024-07-29,2024-07-29 08:55:00,19238.75,19266.25,19183.75,19183.75,win,27.5,55.0,2.0,65.5,-15.25
2024-07-29,2024-07-29 09:00:00,19222.0,19242.75,19180.5,19180.5,win,20.75,41.5,2.0,48.75,-9.5
2024-07-29,2024-07-29 09:01:00,19200.75,19224.0,19154.25,19224.0,loss,23.25,-23.25,-1.0,9.25,-24.25
2024-08-06,2024-08-06 09:30:00,18184.75,18225.0,18104.25,18225.0,loss,40.25,-40.25,-1.0,1.75,-50.25
2024-08-07,2024-08-07 09:41:00,18440.75,18454.5,18413.25,18454.5,loss,13.75,-13.75,-1.0,3.75,-18.0
2024-08-07,2024-08-07 09:45:00,18389.75,18445.5,18278.25,18278.25,win,55.75,111.5,2.0,117.25,-20.25
2024-08-07,2024-08-07 09:46:00,18364.5,18396.5,18300.5,18396.5,loss,32.0,-32.0,-1.0,23.25,-39.0
2024-08-12,2024-08-12 09:24:00,18640.0,18687.5,18545.0,18687.5,loss,47.5,-47.5,-1.0,63.75,-47.75
2024-08-12,2024-08-12 09:25:00,18590.25,18652.75,18465.25,18652.75,loss,62.5,-62.5,-1.0,14.0,-64.75
2024-08-12,2024-08-12 10:57:00,18644.75,18678.75,18576.75,18678.75,loss,34.0,-34.0,-1.0,48.5,-45.25
2024-08-12,2024-08-12 11:00:00,18622.75,18644.5,18579.25,18644.5,loss,21.75,-21.75,-1.0,26.5,-25.0
2024-08-12,2024-08-12 11:01:00,18598.75,18628.75,18538.75,18628.75,loss,30.0,-30.0,-1.0,0.5,-34.25
2024-08-14,2024-08-14 10:24:00,19070.75,19104.0,19004.25,19087.25,loss,33.25,-16.5,-0.5,53.0,-31.75
2024-08-14,2024-08-14 10:26:00,19051.75,19074.5,19006.25,19074.5,loss,22.75,-22.75,-1.0,4.75,-23.75
2024-08-21,2024-08-21 08:51:00,19865.75,19916.75,19763.75,19835.75,win,51.0,30.0,0.59,94.25,-28.75
2024-08-21,2024-08-21 08:53:00,19829.0,19862.25,19762.5,19862.25,loss,33.25,-33.25,-1.0,26.5,-38.25
2024-08-21,2024-08-21 08:55:00,19815.25,19840.5,19764.75,19840.5,loss,25.25,-25.25,-1.0,11.25,-34.5
2024-08-21,2024-08-21 09:35:00,19846.25,19864.0,19810.75,19864.0,loss,17.75,-17.75,-1.0,1.5,-25.0
2024-08-21,2024-08-21 09:43:00,19846.0,19858.75,19820.5,19858.75,loss,12.75,-12.75,-1.0,7.75,-21.25
2024-08-21,2024-08-21 09:47:00,19855.75,19870.5,19826.25,19826.25,win,14.75,29.5,2.0,39.5,-1.75
2024-08-21,2024-08-21 09:50:00,19834.75,19850.25,19803.75,19803.75,win,15.5,31.0,2.0,60.25,-6.5
2024-08-21,2024-08-21 09:52:00,19823.0,19835.25,19798.5,19835.25,loss,12.25,-12.25,-1.0,10.25,-13.25
2024-08-23,2024-08-23 08:52:00,19648.75,19682.25,19581.75,19682.25,loss,33.5,-33.5,-1.0,9.0,-37.25
2024-08-23,2024-08-23 09:01:00,19687.5,19723.0,19616.5,19723.0,loss,35.5,-35.5,-1.0,0.25,-40.25
2024-08-23,2024-08-23 09:11:00,19677.25,19738.25,19555.25,19738.25,loss,61.0,-61.0,-1.0,14.75,-80.5
2024-08-23,2024-08-23 10:01:00,19681.0,19726.25,19590.5,19726.25,loss,45.25,-45.25,-1.0,89.25,-51.5
2024-08-23,2024-08-23 10:06:00,19668.5,19693.0,19619.5,19693.0,loss,24.5,-24.5,-1.0,15.0,-28.25
2024-08-30,2024-08-30 08:58:00,19479.75,19530.25,19378.75,19432.0,win,50.5,47.75,0.95,67.25,-23.25
2024-08-30,2024-08-30 09:18:00,19467.75,19490.0,19423.25,19423.25,win,22.25,44.5,2.0,46.0,-7.75
2024-08-30,2024-08-30 09:21:00,19451.25,19470.0,19413.75,19470.0,loss,18.75,-18.75,-1.0,3.75,-19.25
2024-08-30,2024-08-30 10:12:00,19463.75,19477.25,19436.75,19436.75,win,13.5,27.0,2.0,32.75,-8.25
2024-08-30,2024-08-30 10:17:00,19453.25,19473.0,19413.75,19413.75,win,19.75,39.5,2.0,40.5,-15.25
2024-09-05,2024-09-05 09:00:00,18983.5,19010.0,18930.5,18930.5,win,26.5,53.0,2.0,66.5,-8.25
2024-09-05,2024-09-05 09:01:00,18958.25,18992.75,18889.25,18889.25,win,34.5,69.0,2.0,80.0,-29.5
2024-09-05,2024-09-05 09:02:00,18924.75,18960.5,18853.25,18960.5,loss,35.75,-35.75,-1.0,3.75,-55.25
2024-09-09,2024-09-09 08:31:00,18584.0,18624.0,18504.0,18504.0,win,40.0,80.0,2.0,86.75,-14.25
2024-09-09,2024-09-09 08:38:00,18570.5,18585.25,18541.0,18541.0,win,14.75,29.5,2.0,39.0,-2.5
2024-09-09,2024-09-09 08:39:00,18554.5,18573.75,18516.0,18573.75,loss,19.25,-19.25,-1.0,23.0,-22.0
2024-09-09,2024-09-09 09:39:00,18581.75,18597.5,18550.25,18597.5,loss,15.75,-15.75,-1.0,1.0,-17.5
2024-09-10,2024-09-10 08:45:00,18720.0,18735.25,18689.5,18735.25,loss,15.25,-15.25,-1.0,20.5,-16.5
2024-09-10,2024-09-10 08:51:00,18699.0,18727.0,18643.0,18727.0,loss,28.0,-28.0,-1.0,25.75,-32.0
2024-09-10,2024-09-10 09:02:00,18719.5,18738.75,18681.0,18738.75,loss,19.25,-19.25,-1.0,14.75,-32.0
2024-09-10,2024-09-10 09:07:00,18712.25,18733.75,18669.25,18733.75,loss,21.5,-21.5,-1.0,7.5,-22.5
2024-09-10,2024-09-10 09:51:00,18672.75,18712.75,18592.75,18592.75,win,40.0,80.0,2.0,83.0,-11.25
2024-09-12,2024-09-12 09:00:00,19280.0,19309.0,19222.0,19309.0,loss,29.0,-29.0,-1.0,24.5,-31.5
2024-09-12,2024-09-12 09:39:00,19285.0,19304.0,19247.0,19247.0,win,19.0,38.0,2.0,38.75,-15.75
2024-09-12,2024-09-12 09:43:00,19285.5,19300.75,19255.0,19255.0,win,15.25,30.5,2.0,39.25,-7.0
2024-09-12,2024-09-12 09:47:00,19252.0,19271.0,19214.0,19271.0,loss,19.0,-19.0,-1.0,0.25,-27.75
2024-09-12,2024-09-12 10:08:00,19280.0,19301.25,19237.5,19301.25,loss,21.25,-21.25,-1.0,8.25,-22.0
2024-09-17,2024-09-17 09:05:00,19760.5,19782.0,19717.5,19782.0,loss,21.5,-21.5,-1.0,1.75,-23.75
2024-09-17,2024-09-17 09:33:00,19754.75,19771.5,19721.25,19771.5,loss,16.75,-16.75,-1.0,13.75,-24.5
2024-09-17,2024-09-17 10:05:00,19765.0,19779.5,19736.0,19736.0,win,14.5,29.0,2.0,29.75,-11.25
2024-09-17,2024-09-17 10:10:00,19754.25,19764.5,19733.75,19733.75,win,10.25,20.5,2.0,26.5,-6.25
2024-09-17,2024-09-17 10:23:00,19675.0,19699.25,19626.5,19699.25,loss,24.25,-24.25,-1.0,33.75,-25.75
2024-09-17,2024-09-17 10:24:00,19650.25,19676.0,19598.75,19676.0,loss,25.75,-25.75,-1.0,9.0,-36.0
2024-09-17,2024-09-17 10:27:00,19657.25,19683.0,19605.75,19683.0,loss,25.75,-25.75,-1.0,9.75,-37.5
2024-09-17,2024-09-17 10:31:00,19676.25,19692.25,19644.25,19692.25,loss,16.0,-16.0,-1.0,12.25,-21.0
2024-09-23,2024-09-23 10:16:00,20046.25,20066.0,20006.75,20066.0,loss,19.75,-19.75,-1.0,1.5,-33.75
2024-09-23,2024-09-23 10:19:00,20068.25,20081.5,20041.75,20041.75,win,13.25,26.5,2.0,29.25,-10.25
2024-09-23,2024-09-23 10:53:00,20038.0,20053.25,20007.5,20053.25,loss,15.25,-15.25,-1.0,19.25,-15.5
2024-09-23,2024-09-23 10:56:00,20039.25,20053.0,20011.75,20053.0,loss,13.75,-13.75,-1.0,20.5,-14.25
2024-09-23,2024-09-23 11:01:00,20034.0,20048.25,20005.5,20048.25,loss,14.25,-14.25,-1.0,15.25,-17.5
2024-09-25,2024-09-25 10:06:00,20184.25,20200.0,20152.75,20200.0,loss,15.75,-15.75,-1.0,14.5,-17.5
2024-09-25,2024-09-25 10:47:00,20187.5,20201.5,20159.5,20159.5,win,14.0,28.0,2.0,52.0,-12.75
2024-09-25,2024-09-25 10:56:00,20187.75,20198.0,20167.25,20167.25,win,10.25,20.5,2.0,52.25,-4.25
2024-09-25,2024-09-25 11:00:00,20178.75,20188.0,20160.25,20160.25,win,9.25,18.5,2.0,43.25,-1.5
2024-09-25,2024-09-25 11:01:00,20157.0,20181.25,20108.5,20181.25,loss,24.25,-24.25,-1.0,2.25,-31.75
2024-09-26,2024-09-26 08:56:00,20214.25,20263.75,20115.25,20263.75,loss,49.5,-49.5,-1.0,26.25,-53.25
2024-09-26,2024-09-26 09:11:00,20265.25,20283.0,20229.75,20229.75,win,17.75,35.5,2.0,42.25,-15.0
2024-09-26,2024-09-26 09:19:00,20257.0,20276.25,20218.5,20276.25,loss,19.25,-19.25,-1.0,34.0,-36.0
2024-09-26,2024-09-26 09:20:00,20236.25,20261.5,20185.75,20261.5,loss,25.25,-25.25,-1.0,13.25,-26.75
2024-09-26,2024-09-26 10:22:00,20256.75,20276.75,20216.75,20276.75,loss,20.0,-20.0,-1.0,14.0,-20.0
2024-09-26,2024-09-26 10:24:00,20244.0,20263.5,20205.0,20263.5,loss,19.5,-19.5,-1.0,1.25,-27.5
2024-10-04,2024-10-04 09:14:00,20111.0,20136.0,20061.0,20061.0,win,25.0,50.0,2.0,50.0,-15.25
2024-10-04,2024-10-04 09:15:00,20097.25,20120.25,20051.25,20120.25,loss,23.0,-23.0,-1.0,9.75,-24.5
2024-10-04,2024-10-04 09:21:00,20093.25,20114.5,20050.75,20050.75,win,21.25,42.5,2.0,48.25,-14.5
2024-10-04,2024-10-04 09:23:00,20072.0,20100.5,20015.0,20100.5,loss,28.5,-28.5,-1.0,37.75,-31.0
2024-10-04,2024-10-04 09:26:00,20067.0,20082.75,20035.5,20035.5,win,15.75,31.5,2.0,32.75,-7.75
2024-10-04,2024-10-04 09:31:00,20042.5,20062.25,20003.0,20062.25,loss,19.75,-19.75,-1.0,8.25,-20.25
2024-10-04,2024-10-04 09:44:00,20068.0,20090.5,20023.0,20090.5,loss,22.5,-22.5,-1.0,29.25,-35.0
2024-10-04,2024-10-04 09:50:00,20048.75,20066.25,20013.75,20066.25,loss,17.5,-17.5,-1.0,1.25,-31.25
2024-10-04,2024-10-04 10:09:00,20108.0,20127.0,20070.0,20127.0,loss,19.0,-19.0,-1.0,26.5,-22.25
2024-10-04,2024-10-04 10:10:00,20094.0,20110.25,20061.5,20110.25,loss,16.25,-16.25,-1.0,3.0,-19.25
2024-10-04,2024-10-04 10:23:00,20100.5,20114.0,20073.5,20114.0,loss,13.5,-13.5,-1.0,19.0,-14.5
2024-10-10,2024-10-10 08:53:00,20379.5,20396.0,20346.5,20396.0,loss,16.5,-16.5,-1.0,9.5,-21.5
2024-10-17,2024-10-17 08:44:00,20397.75,20424.25,20344.75,20424.25,loss,26.5,-26.5,-1.0,28.75,-32.25
2024-10-17,2024-10-17 08:51:00,20389.0,20408.75,20349.5,20408.75,loss,19.75,-19.75,-1.0,11.75,-20.25
2024-10-17,2024-10-17 09:05:00,20372.25,20400.5,20315.75,20400.5,loss,28.25,-28.25,-1.0,3.25,-30.75
2024-10-24,2024-10-24 08:48:00,20342.5,20357.5,20312.5,20312.5,win,15.0,30.0,2.0,30.5,-3.5
2024-10-24,2024-10-24 08:52:00,20319.25,20334.0,20289.75,20334.0,loss,14.75,-14.75,-1.0,2.25,-24.25
2024-10-24,2024-10-24 09:24:00,20338.25,20352.75,20309.25,20352.75,loss,14.5,-14.5,-1.0,6.75,-14.75
2024-10-24,2024-10-24 09:26:00,20333.25,20348.5,20302.75,20348.5,loss,15.25,-15.25,-1.0,1.75,-19.75
2024-10-24,2024-10-24 09:36:00,20339.75,20354.25,20310.75,20310.75,win,14.5,29.0,2.0,55.75,-0.75
2024-10-24,2024-10-24 09:37:00,20330.25,20340.75,20309.25,20309.25,win,10.5,21.0,2.0,46.25,-10.25
2024-10-24,2024-10-24 09:40:00,20322.5,20339.5,20288.5,20288.5,win,17.0,34.0,2.0,38.5,-9.5
2024-10-24,2024-10-24 10:37:00,20338.75,20350.75,20314.75,20350.75,loss,12.0,-12.0,-1.0,7.0,-18.25
2024-11-04,2024-11-04 10:33:00,20148.25,20166.0,20112.75,20112.75,win,17.75,35.5,2.0,51.5,-11.5
2024-11-08,2024-11-08 09:05:00,21191.0,21216.75,21139.5,21216.75,loss,25.75,-25.75,-1.0,29.75,-26.0
2024-11-08,2024-11-08 09:06:00,21180.75,21194.0,21154.25,21194.0,loss,13.25,-13.25,-1.0,9.5,-16.0
2024-11-08,2024-11-08 09:15:00,21166.5,21184.25,21131.0,21184.25,loss,17.75,-17.75,-1.0,5.25,-23.0
2024-11-08,2024-11-08 09:36:00,21190.75,21210.0,21152.25,21210.0,loss,19.25,-19.25,-1.0,15.5,-19.25
2024-11-08,2024-11-08 09:41:00,21177.5,21196.5,21139.5,21196.5,loss,19.0,-19.0,-1.0,2.25,-23.25
2024-11-08,2024-11-08 09:43:00,21181.25,21197.25,21149.25,21197.25,loss,16.0,-16.0,-1.0,3.75,-19.5
2024-11-08,2024-11-08 10:01:00,21187.0,21199.5,21162.0,21199.5,loss,12.5,-12.5,-1.0,16.25,-14.0
2024-11-08,2024-11-08 10:03:00,21173.0,21193.75,21131.5,21193.75,loss,20.75,-20.75,-1.0,2.25,-21.5
2024-11-08,2024-11-08 10:07:00,21185.0,21195.25,21164.5,21195.25,loss,10.25,-10.25,-1.0,0.25,-13.0
2024-11-11,2024-11-11 08:33:00,21261.25,21293.5,21196.75,21196.75,win,32.25,64.5,2.0,68.75,-31.25
2024-11-11,2024-11-11 08:35:00,21270.5,21291.0,21229.5,21229.5,win,20.5,41.0,2.0,44.25,-13.25
2024-11-11,2024-11-11 08:39:00,21255.25,21276.5,21212.75,21212.75,win,21.25,42.5,2.0,48.75,-6.5
2024-11-11,2024-11-11 08:40:00,21242.0,21262.75,21200.5,21200.5,win,20.75,41.5,2.0,49.5,-19.75
2024-11-11,2024-11-11 08:44:00,21226.75,21244.5,21191.25,21191.25,win,17.75,35.5,2.0,36.0,-0.25
2024-11-11,2024-11-11 08:45:00,21211.0,21228.0,21177.0,21177.0,win,17.0,34.0,2.0,37.25,-7.25
2024-11-11,2024-11-11 08:46:00,21195.0,21214.75,21155.5,21214.75,loss,19.75,-19.75,-1.0,4.25,-23.25
2024-11-12,2024-11-12 09:04:00,21202.5,21225.5,21156.5,21225.5,loss,23.0,-23.0,-1.0,23.0,-30.25
2024-11-12,2024-11-12 09:45:00,21204.0,21216.5,21179.0,21216.5,loss,12.5,-12.5,-1.0,4.0,-17.0
2024-11-13,2024-11-13 08:32:00,21160.25,21179.0,21122.75,21179.0,loss,18.75,-18.75,-1.0,10.0,-24.25
2024-11-13,2024-11-13 08:38:00,21148.25,21179.5,21085.75,21179.5,loss,31.25,-31.25,-1.0,9.25,-31.25
2024-11-21,2024-11-21 08:37:00,20724.0,20759.25,20653.5,20653.5,win,35.25,70.5,2.0,76.5,0.0
2024-11-21,2024-11-21 08:38:00,20700.5,20725.0,20651.5,20651.5,win,24.5,49.0,2.0,53.0,-13.0
2024-11-21,2024-11-21 08:39:00,20658.25,20714.5,20545.75,20714.5,loss,56.25,-56.25,-1.0,30.0,-63.5
2024-11-21,2024-11-21 08:53:00,20721.5,20766.25,20632.0,20632.0,win,44.75,89.5,2.0,108.0,-26.0
2024-11-21,2024-11-21 08:57:00,20687.25,20717.75,20626.25,20626.25,win,30.5,61.0,2.0,73.75,-16.75
2024-11-22,2024-11-22 09:10:00,20785.0,20806.75,20741.5,20741.5,win,21.75,43.5,2.0,43.75,-9.25
2024-11-22,2024-11-22 09:15:00,20767.75,20790.25,20722.75,20790.25,loss,22.5,-22.5,-1.0,10.5,-25.5
2024-11-22,2024-11-22 10:14:00,20793.25,20811.75,20756.25,20756.25,win,18.5,37.0,2.0,45.25,-12.0
2024-11-22,2024-11-22 10:19:00,20784.75,20800.75,20752.75,20752.75,win,16.0,32.0,2.0,36.75,-3.25
2024-11-22,2024-11-22 10:20:00,20766.5,20789.0,20721.5,20789.0,loss,22.5,-22.5,-1.0,23.25,-32.5
2024-11-25,2024-11-25 08:32:00,20966.75,20995.75,20908.75,20995.75,loss,29.0,-29.0,-1.0,3.5,-45.75
2024-11-25,2024-11-25 08:52:00,20974.0,21015.75,20890.5,20890.5,win,41.75,83.5,2.0,90.0,-5.25
2024-11-25,2024-11-25 08:54:00,20931.75,20980.25,20834.75,20931.5,win,48.5,0.25,0.01,62.5,-26.75
2024-11-25,2024-11-25 09:01:00,20920.25,20946.5,20867.75,20946.5,loss,26.25,-26.25,-1.0,20.75,-37.0
2024-11-25,2024-11-25 09:20:00,20889.75,20910.25,20848.75,20910.25,loss,20.5,-20.5,-1.0,5.25,-24.0
2024-11-26,2024-11-26 09:26:00,20926.25,20942.25,20894.25,20942.25,loss,16.0,-16.0,-1.0,3.0,-22.75
2024-11-29,2024-11-29 08:49:00,20861.0,20883.0,20817.0,20883.0,loss,22.0,-22.0,-1.0,8.5,-24.0
2024-12-05,2024-12-05 08:50:00,21518.75,21534.25,21487.75,21534.25,loss,15.5,-15.5,-1.0,21.0,-16.0
2024-12-05,2024-12-05 09:05:00,21520.0,21530.75,21498.5,21530.75,loss,10.75,-10.75,-1.0,17.25,-12.5
2024-12-05,2024-12-05 09:07:00,21506.0,21520.75,21476.5,21520.75,loss,14.75,-14.75,-1.0,1.5,-21.75
2024-12-05,2024-12-05 09:40:00,21515.25,21527.25,21491.25,21527.25,loss,12.0,-12.0,-1.0,4.5,-13.0
2024-12-05,2024-12-05 09:47:00,21518.25,21529.75,21495.25,21495.25,win,11.5,23.0,2.0,30.5,-2.25
2024-12-05,2024-12-05 09:49:00,21508.25,21518.5,21487.75,21487.75,win,10.25,20.5,2.0,20.5,-2.5
2024-12-05,2024-12-05 09:50:00,21500.75,21511.75,21478.75,21511.75,loss,11.0,-11.0,-1.0,13.0,-12.5
2024-12-09,2024-12-09 08:34:00,21604.5,21637.0,21539.5,21637.0,loss,32.5,-32.5,-1.0,17.0,-35.75
2024-12-09,2024-12-09 08:35:00,21590.5,21610.25,21551.0,21610.25,loss,19.75,-19.75,-1.0,1.0,-25.75
2024-12-09,2024-12-09 08:52:00,21628.0,21638.0,21608.0,21638.0,loss,10.0,-10.0,-1.0,5.5,-15.5
2024-12-09,2024-12-09 08:57:00,21625.0,21635.0,21605.0,21605.0,win,10.0,20.0,2.0,20.0,-6.5
2024-12-09,2024-12-09 09:03:00,21618.0,21632.0,21590.0,21590.0,win,14.0,28.0,2.0,30.5,-10.0
2024-12-10,2024-12-10 09:51:00,21536.0,21550.0,21508.0,21508.0,win,14.0,28.0,2.0,29.0,-7.5
2024-12-10,2024-12-10 09:53:00,21526.0,21543.0,21492.0,21492.0,win,17.0,34.0,2.0,38.25,-11.0
2024-12-10,2024-12-10 09:55:00,21523.5,21537.75,21495.0,21495.0,win,14.25,28.5,2.0,30.75,-5.5
2024-12-10,2024-12-10 09:58:00,21508.5,21521.0,21483.5,21483.5,win,12.5,25.0,2.0,30.75,-7.5
2024-12-10,2024-12-10 10:09:00,21478.75,21495.25,21445.75,21495.25,loss,16.5,-16.5,-1.0,9.0,-20.25
2024-12-10,2024-12-10 10:32:00,21468.0,21480.0,21444.0,21480.0,loss,12.0,-12.0,-1.0,19.0,-13.75
2024-12-13,2024-12-13 09:26:00,21821.75,21837.0,21791.25,21791.25,win,15.25,30.5,2.0,30.5,-7.5
2024-12-13,2024-12-13 09:27:00,21810.0,21823.5,21783.0,21823.5,loss,13.5,-13.5,-1.0,11.25,-15.25
2024-12-13,2024-12-13 09:30:00,21803.25,21826.25,21757.25,21826.25,loss,23.0,-23.0,-1.0,3.25,-26.0
2024-12-13,2024-12-13 09:41:00,21759.75,21797.5,21684.25,21684.25,win,37.75,75.5,2.0,79.25,-17.5
2024-12-13,2024-12-13 09:42:00,21741.25,21767.75,21688.25,21767.75,loss,26.5,-26.5,-1.0,17.25,-32.25
2024-12-13,2024-12-13 09:43:00,21729.5,21747.0,21694.5,21747.0,loss,17.5,-17.5,-1.0,5.5,-21.5
2024-12-13,2024-12-13 09:51:00,21750.5,21777.25,21697.0,21697.0,win,26.75,53.5,2.0,64.0,-5.0
2024-12-16,2024-12-16 09:20:00,21950.25,21966.75,21917.25,21966.75,loss,16.5,-16.5,-1.0,21.0,-20.5
2024-12-16,2024-12-16 09:22:00,21932.5,21951.25,21895.0,21951.25,loss,18.75,-18.75,-1.0,3.25,-38.25
2024-12-19,2024-12-19 08:38:00,21579.5,21624.75,21489.0,21624.75,loss,45.25,-45.25,-1.0,5.5,-50.0
2024-12-19,2024-12-19 09:23:00,21542.5,21591.5,21444.5,21591.5,loss,49.0,-49.0,-1.0,81.5,-53.0
2024-12-19,2024-12-19 09:27:00,21551.75,21583.75,21487.75,21487.75,win,32.0,64.0,2.0,68.75,-8.75
2024-12-19,2024-12-19 09:28:00,21520.5,21561.5,21438.5,21561.5,loss,41.0,-41.0,-1.0,52.75,-46.0
2024-12-19,2024-12-19 09:52:00,21551.5,21585.0,21484.5,21484.5,win,33.5,67.0,2.0,70.5,-9.25
2024-12-19,2024-12-19 09:57:00,21513.0,21542.5,21454.0,21542.5,loss,29.5,-29.5,-1.0,13.75,-47.75
2024-12-19,2024-12-19 10:02:00,21520.5,21555.0,21451.5,21555.0,loss,34.5,-34.5,-1.0,59.5,-34.75
2024-12-19,2024-12-19 10:03:00,21501.0,21523.75,21455.5,21523.75,loss,22.75,-22.75,-1.0,40.0,-34.75
2024-12-19,2024-12-19 10:05:00,21483.5,21509.25,21432.0,21509.25,loss,25.75,-25.75,-1.0,22.5,-31.25
2024-12-20,2024-12-20 08:51:00,21169.25,21218.25,21071.25,21218.25,loss,49.0,-49.0,-1.0,4.0,-67.25
2024-12-23,2024-12-23 08:35:00,21643.5,21669.75,21591.0,21669.75,loss,26.25,-26.25,-1.0,9.5,-32.0
2024-12-23,2024-12-23 08:38:00,21629.5,21668.25,21552.0,21552.0,win,38.75,77.5,2.0,77.75,-36.5
2024-12-23,2024-12-23 08:41:00,21633.5,21665.0,21570.5,21665.0,loss,31.5,-31.5,-1.0,6.75,-32.5
2024-12-26,2024-12-26 08:50:00,21953.75,21970.5,21920.25,21920.25,win,16.75,33.5,2.0,77.5,-2.5
2024-12-26,2024-12-26 08:53:00,21926.25,21955.0,21868.75,21955.0,loss,28.75,-28.75,-1.0,56.0,-41.0
2024-12-26,2024-12-26 08:54:00,21879.75,21929.0,21781.25,21929.0,loss,49.25,-49.25,-1.0,9.5,-61.25
2024-12-26,2024-12-26 09:10:00,21929.25,21954.0,21879.75,21954.0,loss,24.75,-24.75,-1.0,1.0,-25.5
2024-12-31,2024-12-31 08:32:00,21441.25,21477.25,21369.25,21477.25,loss,36.0,-36.0,-1.0,8.0,-47.25
2024-12-31,2024-12-31 08:37:00,21426.5,21457.75,21364.0,21457.75,loss,31.25,-31.25,-1.0,58.5,-32.75
2024-12-31,2024-12-31 08:38:00,21408.75,21434.25,21357.75,21434.25,loss,25.5,-25.5,-1.0,40.75,-31.25
2024-12-31,2024-12-31 08:39:00,21389.0,21411.0,21345.0,21411.0,loss,22.0,-22.0,-1.0,21.0,-22.25
2024-12-31,2024-12-31 09:05:00,21419.25,21439.25,21379.25,21379.25,win,20.0,40.0,2.0,60.25,-13.25
2024-12-31,2024-12-31 09:07:00,21401.75,21423.0,21359.25,21359.25,win,21.25,42.5,2.0,42.75,-1.25
2024-12-31,2024-12-31 09:08:00,21368.0,21404.0,21296.0,21404.0,loss,36.0,-36.0,-1.0,34.5,-43.5
2024-12-31,2024-12-31 09:34:00,21388.25,21429.5,21305.75,21305.75,win,41.25,82.5,2.0,94.0,-35.5
2025-01-02,2025-01-02 09:21:00,21324.5,21370.5,21232.5,21232.5,win,46.0,92.0,2.0,99.5,-4.25
2025-01-02,2025-01-02 09:22:00,21304.25,21329.75,21253.25,21253.25,win,25.5,51.0,2.0,79.25,-14.0
2025-01-02,2025-01-02 09:23:00,21283.25,21314.25,21221.25,21314.25,loss,31.0,-31.0,-1.0,28.25,-35.0
2025-01-03,2025-01-03 09:21:00,21280.75,21329.0,21184.25,21329.0,loss,48.25,-48.25,-1.0,19.25,-50.25
2025-01-07,2025-01-07 08:35:00,21749.75,21775.0,21699.25,21699.25,win,25.25,50.5,2.0,54.5,-3.0
2025-01-07,2025-01-07 08:36:00,21734.0,21753.75,21694.5,21753.75,loss,19.75,-19.75,-1.0,38.75,-35.0
2025-01-07,2025-01-07 08:40:00,21701.5,21729.75,21645.0,21729.75,loss,28.25,-28.25,-1.0,5.75,-28.5
2025-01-08,2025-01-08 09:11:00,21309.25,21368.25,21191.25,21368.25,loss,59.0,-59.0,-1.0,78.25,-59.75
2025-01-13,2025-01-13 09:10:00,20800.5,20828.5,20744.5,20744.5,win,28.0,56.0,2.0,56.25,-14.0
2025-01-14,2025-01-14 08:31:00,21045.5,21084.5,20967.5,21084.5,loss,39.0,-39.0,-1.0,27.25,-43.25
2025-01-14,2025-01-14 08:32:00,21023.25,21054.5,20960.75,21054.5,loss,31.25,-31.25,-1.0,4.5,-34.25
2025-01-14,2025-01-14 08:48:00,21056.25,21082.75,21003.25,21003.25,win,26.5,53.0,2.0,65.75,-22.75
2025-01-14,2025-01-14 08:53:00,21038.75,21068.5,20979.25,20979.25,win,29.75,59.5,2.0,72.5,-9.5
2025-01-14,2025-01-14 08:54:00,21008.75,21049.25,20927.75,21049.25,loss,40.5,-40.5,-1.0,42.5,-44.25
2025-01-14,2025-01-14 08:58:00,20989.25,21021.25,20925.25,21021.25,loss,32.0,-32.0,-1.0,23.0,-37.5
2025-01-14,2025-01-14 09:23:00,21036.5,21075.25,20959.0,20959.0,win,38.75,77.5,2.0,77.5,-29.75
2025-01-14,2025-01-14 09:33:00,21005.5,21029.0,20958.5,20958.5,win,23.5,47.0,2.0,53.0,-9.5
2025-01-14,2025-01-14 09:35:00,20993.5,21014.25,20952.0,20952.0,win,20.75,41.5,2.0,45.25,-14.25
2025-01-16,2025-01-16 08:32:00,21450.25,21490.5,21369.75,21369.75,win,40.25,80.5,2.0,80.75,-23.75
2025-01-16,2025-01-16 08:33:00,21435.75,21473.25,21360.75,21473.25,loss,37.5,-37.5,-1.0,30.0,-38.25
2025-01-16,2025-01-16 08:34:00,21419.0,21443.5,21370.0,21443.5,loss,24.5,-24.5,-1.0,13.25,-28.0
2025-01-16,2025-01-16 08:38:00,21416.75,21443.5,21363.25,21443.5,loss,26.75,-26.75,-1.0,9.0,-36.0
2025-01-16,2025-01-16 08:42:00,21446.5,21472.5,21394.5,21394.5,win,26.0,52.0,2.0,59.0,-2.75
2025-01-16,2025-01-16 08:44:00,21407.5,21443.0,21336.5,21336.5,win,35.5,71.0,2.0,71.25,-16.25
2025-01-16,2025-01-16 10:17:00,21428.5,21442.75,21400.0,21400.0,win,14.25,28.5,2.0,34.0,-2.75
2025-01-16,2025-01-16 10:18:00,21405.25,21432.25,21351.25,21432.25,loss,27.0,-27.0,-1.0,4.25,-27.5
2025-01-16,2025-01-16 10:21:00,21395.25,21427.0,21331.75,21331.75,win,31.75,63.5,2.0,76.25,-28.75
2025-01-20,2025-01-20 09:46:00,21650.0,21664.75,21620.5,21664.75,loss,14.75,-14.75,-1.0,0.5,-21.25
2025-01-29,2025-01-29 08:31:00,21583.0,21607.25,21534.5,21534.5,win,24.25,48.5,2.0,50.0,-3.75
2025-01-29,2025-01-29 08:32:00,21571.0,21587.75,21537.5,21537.5,win,16.75,33.5,2.0,38.0,-6.5
2025-01-29,2025-01-29 08:33:00,21554.5,21578.5,21506.5,21506.5,win,24.0,48.0,2.0,55.75,-12.5
2025-01-29,2025-01-29 08:35:00,21538.0,21568.0,21478.0,21478.0,win,30.0,60.0,2.0,69.0,-29.0
2025-01-30,2025-01-30 09:01:00,21645.0,21677.25,21580.5,21580.5,win,32.25,64.5,2.0,72.0,-14.5
2025-01-30,2025-01-30 09:03:00,21598.25,21656.25,21482.25,21482.25,win,58.0,116.0,2.0,123.0,-27.75
2025-01-31,2025-01-31 08:37:00,21771.5,21796.5,21721.5,21796.5,loss,25.0,-25.0,-1.0,1.75,-32.5
2025-02-03,2025-02-03 09:11:00,21159.0,21203.25,21070.5,21203.25,loss,44.25,-44.25,-1.0,45.75,-45.0
2025-02-03,2025-02-03 09:15:00,21129.25,21158.5,21070.75,21158.5,loss,29.25,-29.25,-1.0,16.0,-74.75
2025-02-05,2025-02-05 09:04:00,21519.25,21575.0,21407.75,21575.0,loss,55.75,-55.75,-1.0,18.25,-64.75
2025-02-05,2025-02-05 09:17:00,21521.5,21548.0,21468.5,21548.0,loss,26.5,-26.5,-1.0,11.5,-31.5
2025-02-06,2025-02-06 09:02:00,21776.25,21796.0,21736.75,21796.0,loss,19.75,-19.75,-1.0,11.25,-28.75
2025-02-06,2025-02-06 09:40:00,21763.25,21835.0,21619.75,21776.25,loss,71.75,-13.0,-0.18,23.0,-51.75
2025-02-06,2025-02-06 09:44:00,21781.25,21804.5,21734.75,21804.5,loss,23.25,-23.25,-1.0,41.0,-25.5
2025-02-06,2025-02-06 09:48:00,21742.75,21766.0,21696.25,21766.0,loss,23.25,-23.25,-1.0,2.5,-23.75
2025-02-06,2025-02-06 10:05:00,21774.25,21787.5,21747.75,21787.5,loss,13.25,-13.25,-1.0,6.0,-15.25
2025-02-06,2025-02-06 10:38:00,21773.5,21792.75,21735.0,21792.75,loss,19.25,-19.25,-1.0,25.5,-26.5
2025-02-06,2025-02-06 10:54:00,21778.25,21788.0,21758.75,21758.75,win,9.75,19.5,2.0,30.25,-7.0
2025-02-06,2025-02-06 10:58:00,21772.5,21783.75,21750.0,21750.0,win,11.25,22.5,2.0,24.5,-5.5
2025-02-06,2025-02-06 11:01:00,21753.25,21774.0,21711.75,21774.0,loss,20.75,-20.75,-1.0,4.0,-21.5
2025-02-07,2025-02-07 09:01:00,21839.0,21906.0,21705.0,21705.0,win,67.0,134.0,2.0,143.25,-7.5
2025-02-07,2025-02-07 09:02:00,21819.75,21847.5,21764.25,21764.25,win,27.75,55.5,2.0,61.25,0.0
2025-02-07,2025-02-07 09:03:00,21784.0,21820.75,21710.5,21710.5,win,36.75,73.5,2.0,88.25,-21.25
2025-02-07,2025-02-07 09:05:00,21752.75,21783.25,21691.75,21783.25,loss,30.5,-30.5,-1.0,17.75,-41.5
2025-02-13,2025-02-13 08:39:00,21838.0,21899.0,21716.0,21899.0,loss,61.0,-61.0,-1.0,3.25,-70.25
2025-02-14,2025-02-14 08:32:00,22105.75,22139.0,22039.25,22139.0,loss,33.25,-33.25,-1.0,15.75,-34.25
2025-02-14,2025-02-14 08:36:00,22100.5,22115.0,22071.5,22115.0,loss,14.5,-14.5,-1.0,10.5,-15.25
2025-02-14,2025-02-14 09:39:00,22112.0,22124.0,22088.0,22124.0,loss,12.0,-12.0,-1.0,11.5,-14.5
2025-02-14,2025-02-14 10:21:00,22110.5,22129.25,22073.0,22129.25,loss,18.75,-18.75,-1.0,7.0,-21.5
2025-02-14,2025-02-14 10:37:00,22120.75,22138.0,22086.25,22138.0,loss,17.25,-17.25,-1.0,2.5,-19.25
2025-02-17,2025-02-17 08:33:00,22219.75,22231.25,22196.75,22196.75,win,11.5,23.0,2.0,23.25,-9.75
2025-02-17,2025-02-17 08:36:00,22207.25,22219.75,22182.25,22219.75,loss,12.5,-12.5,-1.0,14.75,-12.75
2025-02-17,2025-02-17 08:38:00,22200.5,22208.75,22184.0,22208.75,loss,8.25,-8.25,-1.0,4.0,-9.25
2025-02-18,2025-02-18 08:32:00,22232.0,22257.25,22181.5,22257.25,loss,25.25,-25.25,-1.0,6.25,-36.0
2025-02-20,2025-02-20 08:34:00,22181.0,22204.25,22134.5,22204.25,loss,23.25,-23.25,-1.0,9.25,-26.75
2025-02-21,2025-02-21 08:31:00,22160.75,22189.0,22104.25,22104.25,win,28.25,56.5,2.0,63.0,-15.25
2025-02-21,2025-02-21 08:32:00,22138.5,22170.5,22074.5,22170.5,loss,32.0,-32.0,-1.0,2.25,-37.5
2025-02-21,2025-02-21 08:37:00,22147.0,22176.0,22089.0,22089.0,win,29.0,58.0,2.0,60.75,-4.75
2025-02-21,2025-02-21 08:38:00,22125.0,22148.75,22077.5,22148.75,loss,23.75,-23.75,-1.0,27.25,-26.75
2025-02-24,2025-02-24 08:34:00,21745.25,21782.5,21670.75,21670.75,win,37.25,74.5,2.0,75.25,-5.75
2025-02-24,2025-02-24 08:38:00,21712.5,21733.5,21670.5,21670.5,win,21.0,42.0,2.0,42.5,-20.0
2025-02-27,2025-02-27 08:41:00,21274.25,21309.75,21203.25,21203.25,win,35.5,71.0,2.0,88.0,-3.75
2025-02-27,2025-02-27 08:42:00,21242.75,21279.0,21170.25,21170.25,win,36.25,72.5,2.0,72.5,-3.5
2025-02-27,2025-02-27 08:49:00,21170.75,21210.0,21092.25,21092.25,win,39.25,78.5,2.0,102.75,-25.5
2025-03-03,2025-03-03 08:50:00,20941.5,20986.0,20852.5,20852.5,win,44.5,89.0,2.0,94.25,-22.0
2025-03-03,2025-03-03 08:53:00,20927.25,20958.0,20865.75,20865.75,win,30.75,61.5,2.0,80.0,-12.0
2025-03-03,2025-03-03 08:57:00,20849.0,20897.75,20751.5,20897.75,loss,48.75,-48.75,-1.0,89.0,-49.5
2025-03-03,2025-03-03 09:38:00,20887.5,20941.25,20780.0,20941.25,loss,53.75,-53.75,-1.0,1.75,-54.75
2025-03-03,2025-03-03 09:47:00,20920.75,20962.0,20838.25,20962.0,loss,41.25,-41.25,-1.0,72.5,-46.5
2025-03-03,2025-03-03 09:49:00,20904.75,20935.25,20843.75,20935.25,loss,30.5,-30.5,-1.0,15.25,-30.5
2025-03-03,2025-03-03 10:26:00,20928.25,20979.5,20825.75,20868.25,win,51.25,60.0,1.17,97.25,-36.25
2025-03-03,2025-03-03 10:28:00,20919.25,20940.25,20877.25,20877.25,win,21.0,42.0,2.0,45.75,-3.0
2025-03-03,2025-03-03 10:29:00,20899.5,20923.25,20852.0,20852.0,win,23.75,47.5,2.0,58.75,-8.25
2025-03-04,2025-03-04 08:40:00,20357.5,20415.25,20242.0,20242.0,win,57.75,115.5,2.0,130.0,-55.5
2025-03-04,2025-03-04 08:43:00,20277.5,20343.25,20146.0,20343.25,loss,65.75,-65.75,-1.0,15.5,-70.0
2025-03-04,2025-03-04 08:50:00,20327.0,20383.5,20214.0,20214.0,win,56.5,113.0,2.0,146.75,-22.0
2025-03-06,2025-03-06 10:27:00,20378.75,20418.0,20300.25,20418.0,loss,39.25,-39.25,-1.0,29.75,-60.5
2025-03-06,2025-03-06 10:36:00,20398.5,20448.5,20298.5,20298.5,win,50.0,100.0,2.0,105.25,-20.0
2025-03-07,2025-03-07 09:01:00,20100.25,20144.75,20011.25,20144.75,loss,44.5,-44.5,-1.0,1.0,-47.75
2025-03-11,2025-03-11 09:59:00,19441.0,19480.0,19363.0,19363.0,win,39.0,78.0,2.0,81.5,-5.0
2025-03-11,2025-03-11 10:01:00,19403.75,19424.5,19362.25,19424.5,loss,20.75,-20.75,-1.0,14.0,-42.25
2025-03-11,2025-03-11 10:04:00,19422.75,19444.75,19378.75,19378.75,win,22.0,44.0,2.0,63.25,-6.25
2025-03-12,2025-03-12 08:58:00,19497.0,19521.0,19449.0,19449.0,win,24.0,48.0,2.0,59.5,-13.0
2025-03-12,2025-03-12 09:00:00,19474.25,19497.75,19427.25,19427.25,win,23.5,47.0,2.0,55.25,-15.0
2025-03-12,2025-03-12 09:03:00,19441.75,19469.5,19386.25,19469.5,loss,27.75,-27.75,-1.0,46.5,-50.75
2025-03-12,2025-03-12 09:05:00,19439.5,19461.25,19396.0,19396.0,win,21.75,43.5,2.0,44.25,-14.75
2025-03-17,2025-03-17 11:01:00,19684.25,19707.5,19637.75,19707.5,loss,23.25,-23.25,-1.0,11.0,-26.25
2025-03-21,2025-03-21 09:16:00,19733.25,19756.25,19687.25,19687.25,win,23.0,46.0,2.0,48.0,-21.75
2025-03-21,2025-03-21 09:20:00,19726.5,19748.75,19682.0,19748.75,loss,22.25,-22.25,-1.0,17.75,-22.5
2025-04-08,2025-04-08 10:23:00,17860.5,17901.75,17778.0,17901.75,loss,41.25,-41.25,-1.0,18.75,-48.0
2025-04-08,2025-04-08 10:32:00,17854.25,17934.0,17694.75,17694.75,win,79.75,159.5,2.0,163.0,-16.0
2025-04-08,2025-04-08 10:35:00,17830.0,17871.25,17747.5,17747.5,win,41.25,82.5,2.0,94.75,-32.75
2025-04-14,2025-04-14 09:06:00,19074.5,19100.75,19022.0,19022.0,win,26.25,52.5,2.0,56.5,-17.5
2025-04-15,2025-04-15 11:01:00,18946.75,18974.25,18891.75,18974.25,loss,27.5,-27.5,-1.0,3.5,-28.5
2025-04-16,2025-04-16 09:46:00,18637.0,18659.75,18591.5,18591.5,win,22.75,45.5,2.0,60.75,-10.75
2025-04-23,2025-04-23 10:19:00,18786.25,18816.5,18725.75,18816.5,loss,30.25,-30.25,-1.0,39.25,-40.5
2025-04-23,2025-04-23 10:27:00,18752.75,18783.0,18692.25,18783.0,loss,30.25,-30.25,-1.0,2.0,-74.0
2025-04-28,2025-04-28 08:31:00,19471.25,19499.25,19415.25,19499.25,loss,28.0,-28.0,-1.0,25.0,-43.75
2025-04-28,2025-04-28 08:42:00,19486.0,19519.5,19419.0,19519.5,loss,33.5,-33.5,-1.0,3.0,-37.25
2025-04-28,2025-04-28 08:51:00,19505.5,19533.75,19449.0,19449.0,win,28.25,56.5,2.0,61.25,-21.0
2025-04-28,2025-04-28 08:53:00,19498.75,19527.5,19441.25,19441.25,win,28.75,57.5,2.0,61.5,-4.0
2025-04-28,2025-04-28 08:59:00,19465.75,19491.0,19415.25,19491.0,loss,25.25,-25.25,-1.0,5.75,-28.25
2025-04-28,2025-04-28 09:07:00,19445.0,19472.0,19391.0,19391.0,win,27.0,54.0,2.0,60.0,-16.25
2025-04-28,2025-04-28 09:10:00,19420.25,19439.0,19382.75,19439.0,loss,18.75,-18.75,-1.0,20.0,-19.0
2025-04-28,2025-04-28 09:11:00,19403.25,19440.25,19329.25,19440.25,loss,37.0,-37.0,-1.0,3.0,-41.75
2025-04-30,2025-04-30 08:36:00,19305.75,19323.5,19270.25,19323.5,loss,17.75,-17.75,-1.0,30.0,-30.75
2025-04-30,2025-04-30 08:42:00,19281.5,19302.75,19239.0,19302.75,loss,21.25,-21.25,-1.0,5.75,-55.0
2025-04-30,2025-04-30 08:51:00,19293.0,19332.5,19214.0,19332.5,loss,39.5,-39.5,-1.0,8.0,-40.5
2025-05-01,2025-05-01 09:56:00,19966.5,19997.25,19905.0,19997.25,loss,30.75,-30.75,-1.0,33.5,-31.75
2025-05-01,2025-05-01 09:58:00,19947.25,19975.25,19891.25,19975.25,loss,28.0,-28.0,-1.0,8.0,-28.75
2025-05-01,2025-05-01 10:04:00,19958.25,19980.5,19913.75,19980.5,loss,22.25,-22.25,-1.0,10.25,-22.75
2025-05-01,2025-05-01 10:11:00,19983.75,20000.0,19951.25,19951.25,win,16.25,32.5,2.0,40.75,-7.25
2025-05-01,2025-05-01 10:15:00,19966.25,19992.0,19914.75,19914.75,win,25.75,51.5,2.0,56.25,-2.25
2025-05-01,2025-05-01 10:16:00,19947.5,19969.5,19903.5,19969.5,loss,22.0,-22.0,-1.0,37.5,-31.75
2025-05-01,2025-05-01 10:17:00,19916.0,19951.75,19844.5,19951.75,loss,35.75,-35.75,-1.0,6.0,-36.25
2025-05-01,2025-05-01 10:41:00,19973.5,19985.5,19949.5,19949.5,win,12.0,24.0,2.0,28.75,0.0
2025-05-01,2025-05-01 10:53:00,19929.75,19950.0,19889.25,19950.0,loss,20.25,-20.25,-1.0,7.0,-24.5
2025-05-06,2025-05-06 10:51:00,19880.0,19898.5,19843.0,19898.5,loss,18.5,-18.5,-1.0,19.75,-28.75
2025-05-08,2025-05-08 08:37:00,20076.5,20095.25,20039.0,20039.0,win,18.75,37.5,2.0,38.75,-7.75
2025-05-08,2025-05-08 08:40:00,20062.0,20081.25,20023.5,20081.25,loss,19.25,-19.25,-1.0,6.5,-22.25
2025-05-14,2025-05-14 09:05:00,21302.25,21328.25,21250.25,21328.25,loss,26.0,-26.0,-1.0,13.75,-31.0
2025-05-16,2025-05-16 08:31:00,21402.0,21415.5,21375.0,21375.0,win,13.5,27.0,2.0,27.0,-7.0
2025-05-22,2025-05-22 08:56:00,21180.75,21199.0,21144.25,21199.0,loss,18.25,-18.25,-1.0,14.25,-33.25
2025-05-26,2025-05-26 08:57:00,21229.0,21239.25,21208.5,21239.25,loss,10.25,-10.25,-1.0,13.5,-11.5
2025-05-26,2025-05-26 09:12:00,21221.5,21232.5,21199.5,21232.5,loss,11.0,-11.0,-1.0,2.5,-12.0
2025-05-26,2025-05-26 09:23:00,21237.0,21241.75,21227.5,21241.75,loss,4.75,-4.75,-1.0,2.0,-10.75
2025-06-04,2025-06-04 08:44:00,21716.25,21729.0,21690.75,21729.0,loss,12.75,-12.75,-1.0,10.75,-14.75
2025-06-04,2025-06-04 08:53:00,21716.0,21735.75,21676.5,21735.75,loss,19.75,-19.75,-1.0,2.0,-25.25
2025-06-04,2025-06-04 10:14:00,21713.75,21723.5,21694.25,21723.5,loss,9.75,-9.75,-1.0,6.5,-10.75
2025-06-04,2025-06-04 10:29:00,21727.0,21737.0,21707.0,21737.0,loss,10.0,-10.0,-1.0,14.25,-15.0
2025-06-04,2025-06-04 10:30:00,21719.25,21729.75,21698.25,21729.75,loss,10.5,-10.5,-1.0,3.0,-16.5
2025-06-05,2025-06-05 08:33:00,21745.5,21781.5,21673.5,21781.5,loss,36.0,-36.0,-1.0,41.5,-50.75
2025-06-05,2025-06-05 08:36:00,21727.5,21759.0,21664.5,21759.0,loss,31.5,-31.5,-1.0,10.75,-68.75
2025-06-05,2025-06-05 10:46:00,21772.75,21803.0,21712.25,21712.25,win,30.25,60.5,2.0,65.25,0.0
2025-06-05,2025-06-05 10:47:00,21758.5,21773.75,21728.0,21728.0,win,15.25,30.5,2.0,45.5,0.0
2025-06-05,2025-06-05 10:48:00,21739.75,21759.5,21700.25,21700.25,win,19.75,39.5,2.0,69.5,-2.0
2025-06-05,2025-06-05 10:49:00,21719.5,21741.0,21676.5,21741.0,loss,21.5,-21.5,-1.0,12.0,-22.25
2025-06-05,2025-06-05 10:52:00,21722.0,21740.5,21685.0,21685.0,win,18.5,37.0,2.0,51.75,0.0
2025-06-05,2025-06-05 10:53:00,21686.0,21723.0,21612.0,21723.0,loss,37.0,-37.0,-1.0,5.75,-39.5
2025-06-11,2025-06-11 09:49:00,21985.75,22010.5,21936.25,22010.5,loss,24.75,-24.75,-1.0,8.75,-26.75
2025-06-11,2025-06-11 10:06:00,21983.0,21996.25,21956.5,21956.5,win,13.25,26.5,2.0,30.0,-3.75
2025-06-11,2025-06-11 10:07:00,21967.25,21987.75,21926.25,21926.25,win,20.5,41.0,2.0,42.25,-14.5
2025-06-11,2025-06-11 10:11:00,21942.75,21976.25,21875.75,21976.25,loss,33.5,-33.5,-1.0,34.75,-37.0
2025-06-20,2025-06-20 08:41:00,21909.5,21967.0,21794.5,21794.5,win,57.5,115.0,2.0,131.25,-15.5
2025-06-20,2025-06-20 08:42:00,21889.75,21926.0,21817.25,21817.25,win,36.25,72.5,2.0,85.25,-7.0
2025-06-20,2025-06-20 08:46:00,21852.25,21881.5,21793.75,21793.75,win,29.25,58.5,2.0,74.0,-20.0
2025-06-23,2025-06-23 10:34:00,21815.75,21838.25,21770.75,21770.75,win,22.5,45.0,2.0,54.0,-4.5
2025-06-23,2025-06-23 10:35:00,21795.5,21821.25,21744.0,21744.0,win,25.75,51.5,2.0,57.25,-11.25
2025-06-23,2025-06-23 10:37:00,21763.75,21807.75,21675.75,21807.75,loss,44.0,-44.0,-1.0,25.5,-51.25
2025-06-25,2025-06-25 09:33:00,22430.25,22456.0,22378.75,22456.0,loss,25.75,-25.75,-1.0,0.25,-28.5
2025-06-25,2025-06-25 09:41:00,22441.5,22453.75,22417.0,22453.75,loss,12.25,-12.25,-1.0,6.0,-16.5
2025-06-25,2025-06-25 09:59:00,22443.75,22453.25,22424.75,22453.25,loss,9.5,-9.5,-1.0,1.0,-13.0
2025-06-25,2025-06-25 10:09:00,22439.75,22448.75,22421.75,22421.75,win,9.0,18.0,2.0,19.5,-8.25
2025-06-25,2025-06-25 10:17:00,22435.25,22446.75,22412.25,22412.25,win,11.5,23.0,2.0,25.25,-9.75
2025-06-25,2025-06-25 10:20:00,22433.75,22442.5,22416.25,22442.5,loss,8.75,-8.75,-1.0,13.5,-9.25
2025-06-25,2025-06-25 10:21:00,22424.0,22436.5,22399.0,22436.5,loss,12.5,-12.5,-1.0,3.75,-14.25
2025-06-25,2025-06-25 10:34:00,22432.5,22442.5,22412.5,22412.5,win,10.0,20.0,2.0,22.5,-7.0
2025-06-25,2025-06-25 10:36:00,22423.75,22432.0,22407.25,22432.0,loss,8.25,-8.25,-1.0,2.0,-12.0
2025-06-25,2025-06-25 10:45:00,22427.75,22436.25,22410.75,22410.75,win,8.5,17.0,2.0,17.75,-3.75
2025-06-25,2025-06-25 10:47:00,22421.0,22429.5,22404.0,22429.5,loss,8.5,-8.5,-1.0,11.0,-9.5
2025-06-30,2025-06-30 08:38:00,22815.75,22829.25,22788.75,22829.25,loss,13.5,-13.5,-1.0,6.75,-13.75
2025-06-30,2025-06-30 09:58:00,22836.75,22847.5,22815.25,22847.5,loss,10.75,-10.75,-1.0,0.5,-12.0
2025-06-30,2025-06-30 10:24:00,22837.25,22845.0,22821.75,22845.0,loss,7.75,-7.75,-1.0,4.75,-10.0
2025-07-04,2025-07-04 08:52:00,22935.0,22939.0,22927.0,22939.0,loss,4.0,-4.0,-1.0,3.5,-8.0
2025-07-04,2025-07-04 09:04:00,22934.25,22941.75,22919.25,22919.25,win,7.5,15.0,2.0,22.0,-5.0
2025-07-04,2025-07-04 09:08:00,22932.0,22938.5,22919.0,22919.0,win,6.5,13.0,2.0,19.75,-3.5
2025-07-04,2025-07-04 09:12:00,22930.5,22936.25,22919.0,22919.0,win,5.75,11.5,2.0,18.25,-2.0
2025-07-04,2025-07-04 09:17:00,22920.5,22928.75,22904.0,22928.75,loss,8.25,-8.25,-1.0,9.75,-15.75
2025-07-04,2025-07-04 09:18:00,22915.0,22923.0,22899.0,22923.0,loss,8.0,-8.0,-1.0,4.25,-9.75
2025-07-04,2025-07-04 10:01:00,22929.5,22935.0,22918.5,22935.0,loss,5.5,-5.5,-1.0,2.75,-6.75
2025-07-04,2025-07-04 10:08:00,22928.75,22933.75,22918.75,22918.75,win,5.0,10.0,2.0,13.75,-3.0
2025-07-08,2025-07-08 08:46:00,22910.75,22930.5,22871.25,22871.25,win,19.75,39.5,2.0,56.5,-10.75
2025-07-08,2025-07-08 10:36:00,22897.75,22928.25,22836.75,22928.25,loss,30.5,-30.5,-1.0,9.5,-30.5
2025-07-09,2025-07-09 08:37:00,22971.25,22994.0,22925.75,22994.0,loss,22.75,-22.75,-1.0,3.5,-27.25
2025-07-09,2025-07-09 08:48:00,22968.5,22998.25,22909.0,22960.75,win,29.75,7.75,0.26,48.75,-21.5
2025-07-09,2025-07-09 08:51:00,22948.5,22966.0,22913.5,22966.0,loss,17.5,-17.5,-1.0,28.75,-23.25
2025-07-09,2025-07-09 08:55:00,22951.75,22964.75,22925.75,22925.75,win,13.0,26.0,2.0,28.0,-12.25
2025-07-09,2025-07-09 09:39:00,22954.75,22974.75,22914.75,22974.75,loss,20.0,-20.0,-1.0,1.75,-21.5
2025-07-09,2025-07-09 09:52:00,22958.75,22978.25,22919.75,22978.25,loss,19.5,-19.5,-1.0,21.75,-23.25
2025-07-09,2025-07-09 09:53:00,22951.5,22963.75,22927.0,22963.75,loss,12.25,-12.25,-1.0,8.5,-15.5
2025-07-09,2025-07-09 10:22:00,22959.5,22970.25,22938.0,22970.25,loss,10.75,-10.75,-1.0,3.25,-11.25
2025-07-15,2025-07-15 08:41:00,23145.5,23163.0,23110.5,23163.0,loss,17.5,-17.5,-1.0,14.0,-18.75
2025-07-15,2025-07-15 08:44:00,23132.25,23154.25,23088.25,23154.25,loss,22.0,-22.0,-1.0,0.25,-26.25
2025-07-16,2025-07-16 09:17:00,22979.5,23041.0,22856.5,22856.5,win,61.5,123.0,2.0,134.0,-16.75
2025-07-16,2025-07-16 09:20:00,22940.75,22977.5,22867.25,22977.5,loss,36.75,-36.75,-1.0,42.25,-38.25
2025-07-16,2025-07-16 09:22:00,22909.0,22939.0,22849.0,22939.0,loss,30.0,-30.0,-1.0,10.5,-43.25
2025-07-29,2025-07-29 08:32:00,23558.25,23569.75,23535.25,23569.75,loss,11.5,-11.5,-1.0,6.0,-17.75
2025-07-29,2025-07-29 08:52:00,23539.5,23550.0,23518.5,23518.5,win,10.5,21.0,2.0,25.0,-6.0
2025-07-29,2025-07-29 08:53:00,23531.25,23546.5,23500.75,23500.75,win,15.25,30.5,2.0,32.25,-11.25
2025-07-29,2025-07-29 08:54:00,23522.75,23532.5,23503.25,23532.5,loss,9.75,-9.75,-1.0,6.75,-10.25
2025-07-30,2025-07-30 09:12:00,23484.25,23501.75,23449.25,23501.75,loss,17.5,-17.5,-1.0,8.75,-19.25
2025-08-06,2025-08-06 08:33:00,23181.25,23209.0,23125.75,23209.0,loss,27.75,-27.75,-1.0,1.25,-28.0
2025-08-07,2025-08-07 09:16:00,23505.75,23536.0,23445.25,23536.0,loss,30.25,-30.25,-1.0,1.75,-44.25
2025-08-07,2025-08-07 09:32:00,23513.25,23532.0,23475.75,23475.75,win,18.75,37.5,2.0,40.0,-14.5
2025-08-07,2025-08-07 09:34:00,23506.0,23521.5,23475.0,23521.5,loss,15.5,-15.5,-1.0,6.0,-17.25
2025-08-07,2025-08-07 09:38:00,23512.0,23528.75,23478.5,23478.5,win,16.75,33.5,2.0,35.0,-15.75
2025-08-07,2025-08-07 09:40:00,23512.5,23528.0,23481.5,23481.5,win,15.5,31.0,2.0,35.5,-6.5
2025-08-07,2025-08-07 09:47:00,23498.75,23515.0,23466.25,23515.0,loss,16.25,-16.25,-1.0,21.75,-18.0
2025-08-07,2025-08-07 09:49:00,23490.5,23506.0,23459.5,23506.0,loss,15.5,-15.5,-1.0,13.5,-21.75
2025-08-07,2025-08-07 09:50:00,23478.75,23491.75,23452.75,23491.75,loss,13.0,-13.0,-1.0,0.5,-33.5
2025-08-07,2025-08-07 09:59:00,23502.5,23522.75,23462.0,23462.0,win,20.25,40.5,2.0,42.5,-5.5
2025-08-07,2025-08-07 10:02:00,23482.75,23498.5,23451.25,23498.5,loss,15.75,-15.75,-1.0,22.75,-28.75
2025-08-07,2025-08-07 10:06:00,23482.0,23494.25,23457.5,23494.25,loss,12.25,-12.25,-1.0,10.0,-13.25
2025-08-07,2025-08-07 10:19:00,23488.75,23504.25,23457.75,23504.25,loss,15.5,-15.5,-1.0,6.5,-16.5
2025-08-07,2025-08-07 10:38:00,23477.75,23497.5,23438.25,23438.25,win,19.75,39.5,2.0,52.75,-1.5
2025-08-07,2025-08-07 10:39:00,23468.25,23480.25,23444.25,23444.25,win,12.0,24.0,2.0,24.25,-4.75
2025-08-07,2025-08-07 10:41:00,23445.75,23469.0,23399.25,23399.25,win,23.25,46.5,2.0,55.75,-5.75
2025-08-07,2025-08-07 10:42:00,23425.5,23452.5,23371.5,23452.5,loss,27.0,-27.0,-1.0,35.5,-33.0
2025-08-07,2025-08-07 10:44:00,23409.5,23436.5,23355.5,23436.5,loss,27.0,-27.0,-1.0,19.5,-37.75
2025-08-07,2025-08-07 11:00:00,23460.25,23481.5,23417.75,23481.5,loss,21.25,-21.25,-1.0,0.25,-27.75
2025-08-13,2025-08-13 08:32:00,23947.5,23969.5,23903.5,23969.5,loss,22.0,-22.0,-1.0,5.25,-25.75
2025-08-13,2025-08-13 08:46:00,23957.25,23970.0,23931.75,23970.0,loss,12.75,-12.75,-1.0,24.75,-12.75
2025-08-13,2025-08-13 08:47:00,23943.25,23959.75,23910.25,23959.75,loss,16.5,-16.5,-1.0,10.75,-18.5
2025-08-13,2025-08-13 08:48:00,23934.75,23950.0,23904.25,23950.0,loss,15.25,-15.25,-1.0,2.25,-27.0
2025-08-13,2025-08-13 09:03:00,23946.5,23959.25,23921.0,23921.0,win,12.75,25.5,2.0,30.5,-3.75
2025-08-13,2025-08-13 09:04:00,23937.25,23951.25,23909.25,23909.25,win,14.0,28.0,2.0,30.5,-7.75
2025-08-13,2025-08-13 09:07:00,23925.75,23946.0,23885.25,23946.0,loss,20.25,-20.25,-1.0,33.5,-23.0
2025-08-13,2025-08-13 09:51:00,23941.75,23952.0,23921.25,23921.25,win,10.25,20.5,2.0,20.75,-4.0
2025-08-13,2025-08-13 09:52:00,23934.75,23946.75,23910.75,23910.75,win,12.0,24.0,2.0,27.0,-5.25
2025-09-10,2025-09-10 09:31:00,23932.0,23948.0,23900.0,23948.0,loss,16.0,-16.0,-1.0,9.0,-17.25
2025-09-10,2025-09-10 09:33:00,23925.0,23935.75,23903.5,23935.75,loss,10.75,-10.75,-1.0,0.25,-11.0
2025-09-10,2025-09-10 10:15:00,23933.25,23941.25,23917.25,23917.25,win,8.0,16.0,2.0,20.25,-7.75
2025-09-10,2025-09-10 10:20:00,23919.75,23935.75,23887.75,23935.75,loss,16.0,-16.0,-1.0,22.5,-20.5
2025-09-10,2025-09-10 10:23:00,23909.5,23919.0,23890.5,23919.0,loss,9.5,-9.5,-1.0,5.0,-13.25
2025-09-10,2025-09-10 10:40:00,23914.25,23920.5,23901.75,23901.75,win,6.25,12.5,2.0,13.25,-3.75
2025-09-10,2025-09-10 10:41:00,23908.0,23916.0,23892.0,23916.0,loss,8.0,-8.0,-1.0,2.0,-10.0
2025-09-10,2025-09-10 10:45:00,23902.75,23911.25,23885.75,23911.25,loss,8.5,-8.5,-1.0,5.5,-12.0
2025-09-10,2025-09-10 10:57:00,23916.0,23927.5,23893.0,23927.5,loss,11.5,-11.5,-1.0,0.5,-14.25
2025-09-19,2025-09-19 08:51:00,24748.0,24761.0,24722.0,24761.0,loss,13.0,-13.0,-1.0,1.25,-30.25
2025-09-19,2025-09-19 08:56:00,24751.0,24766.75,24719.5,24766.75,loss,15.75,-15.75,-1.0,5.0,-19.0
2025-09-19,2025-09-19 09:31:00,24718.0,24728.25,24697.5,24728.25,loss,10.25,-10.25,-1.0,5.0,-11.0
2025-09-26,2025-09-26 08:46:00,24600.25,24636.75,24527.25,24602.0,loss,36.5,-1.75,-0.05,54.5,-36.25
2025-09-26,2025-09-26 08:50:00,24564.75,24593.75,24506.75,24593.75,loss,29.0,-29.0,-1.0,14.75,-30.5
2025-09-29,2025-09-29 09:53:00,24836.75,24848.5,24813.25,24848.5,loss,11.75,-11.75,-1.0,6.0,-18.0
2025-09-29,2025-09-29 10:04:00,24831.5,24842.25,24810.0,24842.25,loss,10.75,-10.75,-1.0,5.5,-14.5
2025-09-29,2025-09-29 10:18:00,24828.5,24854.25,24777.0,24854.25,loss,25.75,-25.75,-1.0,0.0,-26.5
2025-09-29,2025-09-29 10:52:00,24838.0,24847.25,24819.5,24819.5,win,9.25,18.5,2.0,23.75,-0.75
2025-09-29,2025-09-29 10:54:00,24829.25,24837.25,24813.25,24837.25,loss,8.0,-8.0,-1.0,7.25,-9.25
2025-09-30,2025-09-30 09:21:00,24794.25,24813.75,24755.25,24813.75,loss,19.5,-19.5,-1.0,38.75,-25.5
2025-10-02,2025-10-02 08:32:00,25070.5,25091.75,25028.0,25028.0,win,21.25,42.5,2.0,44.5,-18.5
2025-10-02,2025-10-02 08:41:00,25079.5,25090.0,25058.5,25058.5,win,10.5,21.0,2.0,25.5,-4.75
2025-10-02,2025-10-02 08:46:00,25053.5,25069.25,25022.0,25022.0,win,15.75,31.5,2.0,33.0,-3.25
2025-10-02,2025-10-02 08:47:00,25027.0,25055.0,24971.0,25055.0,loss,28.0,-28.0,-1.0,0.75,-29.75
2025-10-02,2025-10-02 08:51:00,25034.0,25053.0,24996.0,24996.0,win,19.0,38.0,2.0,40.25,-9.25
2025-10-02,2025-10-02 08:55:00,25022.75,25041.0,24986.25,25041.0,loss,18.25,-18.25,-1.0,29.0,-28.5
2025-10-02,2025-10-02 09:13:00,25024.0,25041.75,24988.5,25041.75,loss,17.75,-17.75,-1.0,1.75,-18.5
2025-10-02,2025-10-02 09:38:00,25005.5,25029.75,24957.0,25029.75,loss,24.25,-24.25,-1.0,0.0,-34.5
2025-10-02,2025-10-02 09:48:00,25018.0,25033.75,24986.5,25033.75,loss,15.75,-15.75,-1.0,1.5,-20.5
2025-10-02,2025-10-02 10:01:00,25068.75,25078.75,25048.75,25048.75,win,10.0,20.0,2.0,27.25,-6.5
2025-10-02,2025-10-02 10:05:00,25066.0,25076.25,25045.5,25045.5,win,10.25,20.5,2.0,24.5,-0.5
2025-10-02,2025-10-02 10:06:00,25054.5,25067.5,25028.5,25067.5,loss,13.0,-13.0,-1.0,10.5,-13.0
2025-10-07,2025-10-07 08:57:00,25181.0,25193.5,25156.0,25156.0,win,12.5,25.0,2.0,26.0,-10.5
2025-10-07,2025-10-07 09:02:00,25180.5,25191.25,25159.0,25159.0,win,10.75,21.5,2.0,25.5,-2.25
2025-10-07,2025-10-07 09:03:00,25172.0,25183.75,25148.5,25148.5,win,11.75,23.5,2.0,32.0,-2.0
2025-10-07,2025-10-07 09:04:00,25158.0,25175.0,25124.0,25124.0,win,17.0,34.0,2.0,44.5,-3.75
2025-10-07,2025-10-07 09:05:00,25144.25,25162.75,25107.25,25107.25,win,18.5,37.0,2.0,63.75,-3.0
2025-10-07,2025-10-07 09:06:00,25116.75,25148.25,25053.75,25053.75,win,31.5,63.0,2.0,63.75,-0.25
2025-10-07,2025-10-07 09:07:00,25089.75,25118.0,25033.25,25118.0,loss,28.25,-28.25,-1.0,36.75,-31.25
2025-10-13,2025-10-13 08:47:00,24814.25,24851.5,24739.75,24851.5,loss,37.25,-37.25,-1.0,70.25,-38.25
2025-10-13,2025-10-13 08:49:00,24805.5,24838.25,24740.0,24838.25,loss,32.75,-32.75,-1.0,61.5,-43.0
2025-10-15,2025-10-15 09:36:00,24994.0,25016.25,24949.5,24949.5,win,22.25,44.5,2.0,51.0,-12.25
2025-10-15,2025-10-15 09:37:00,24974.75,24995.0,24934.25,24995.0,loss,20.25,-20.25,-1.0,7.5,-20.25
2025-10-15,2025-10-15 09:51:00,24886.0,24927.5,24803.0,24927.5,loss,41.5,-41.5,-1.0,8.75,-54.75
2025-10-15,2025-10-15 10:46:00,24917.25,24939.5,24872.75,24872.75,win,22.25,44.5,2.0,85.0,-18.75
2025-10-15,2025-10-15 10:54:00,24904.75,24926.75,24860.75,24860.75,win,22.0,44.0,2.0,72.5,-17.25
2025-10-15,2025-10-15 10:58:00,24900.25,24917.25,24866.25,24866.25,win,17.0,34.0,2.0,68.0,-14.75
2025-10-15,2025-10-15 11:01:00,24834.25,24904.75,24693.25,24693.25,win,70.5,141.0,2.0,169.25,-23.5
2025-10-16,2025-10-16 09:27:00,25051.75,25071.0,25013.25,25013.25,win,19.25,38.5,2.0,49.75,-2.25
2025-10-16,2025-10-16 09:46:00,24977.5,25002.25,24928.0,25002.25,loss,24.75,-24.75,-1.0,17.5,-35.5
2025-10-16,2025-10-16 09:50:00,24970.5,25014.0,24883.5,25014.0,loss,43.5,-43.5,-1.0,0.25,-47.25
2025-10-16,2025-10-16 09:57:00,24952.75,24988.75,24880.75,24988.75,loss,36.0,-36.0,-1.0,19.0,-36.0
2025-10-16,2025-10-16 10:01:00,24949.75,24975.75,24897.75,24975.75,loss,26.0,-26.0,-1.0,16.0,-39.0
2025-10-16,2025-10-16 10:08:00,24972.75,24995.75,24926.75,24995.75,loss,23.0,-23.0,-1.0,20.75,-23.5
2025-10-16,2025-10-16 10:14:00,24969.25,24991.0,24925.75,24991.0,loss,21.75,-21.75,-1.0,6.0,-27.0
2025-10-16,2025-10-16 10:17:00,24960.0,24984.5,24911.0,24911.0,win,24.5,49.0,2.0,55.75,-8.75
2025-10-16,2025-10-16 10:20:00,24912.25,24934.75,24867.25,24934.75,loss,22.5,-22.5,-1.0,17.25,-30.5
2025-10-28,2025-10-28 08:46:00,26011.0,26025.25,25982.5,26025.25,loss,14.25,-14.25,-1.0,1.0,-26.75
2025-10-29,2025-10-29 08:50:00,26261.0,26275.75,26231.5,26275.75,loss,14.75,-14.75,-1.0,17.5,-21.25
2025-10-29,2025-10-29 08:51:00,26252.75,26276.25,26205.75,26276.25,loss,23.5,-23.5,-1.0,1.75,-29.5
2025-10-29,2025-10-29 09:04:00,26260.0,26276.0,26228.0,26276.0,loss,16.0,-16.0,-1.0,22.0,-16.75
2025-10-29,2025-10-29 09:11:00,26243.25,26263.0,26203.75,26263.0,loss,19.75,-19.75,-1.0,5.25,-23.5
2025-10-29,2025-10-29 09:28:00,26259.5,26268.5,26241.5,26241.5,win,9.0,18.0,2.0,20.25,-4.0
2025-10-29,2025-10-29 09:30:00,26253.25,26261.75,26236.25,26236.25,win,8.5,17.0,2.0,18.5,-5.75
2025-10-29,2025-10-29 09:32:00,26246.75,26254.5,26231.25,26231.25,win,7.75,15.5,2.0,17.25,-6.75
2025-10-29,2025-10-29 09:34:00,26240.0,26247.75,26224.5,26247.75,loss,7.75,-7.75,-1.0,5.25,-8.75
2025-10-29,2025-10-29 09:38:00,26230.5,26244.75,26202.0,26244.75,loss,14.25,-14.25,-1.0,0.75,-15.25
2025-10-29,2025-10-29 09:48:00,26227.75,26243.25,26196.75,26243.25,loss,15.5,-15.5,-1.0,9.25,-20.75
2025-10-29,2025-10-29 09:51:00,26233.25,26250.25,26199.25,26250.25,loss,17.0,-17.0,-1.0,30.0,-21.5
2025-10-29,2025-10-29 09:57:00,26230.0,26246.0,26198.0,26246.0,loss,16.0,-16.0,-1.0,26.75,-18.25
2025-10-29,2025-10-29 10:05:00,26214.25,26230.75,26181.25,26230.75,loss,16.5,-16.5,-1.0,6.25,-16.75
2025-10-29,2025-10-29 10:10:00,26213.5,26232.0,26176.5,26232.0,loss,18.5,-18.5,-1.0,10.25,-18.75
2025-10-29,2025-10-29 10:49:00,26247.75,26262.25,26218.75,26262.25,loss,14.5,-14.5,-1.0,7.25,-14.5
2025-11-03,2025-11-03 09:01:00,26115.0,26145.0,26055.0,26145.0,loss,30.0,-30.0,-1.0,26.75,-31.25
2025-11-03,2025-11-03 09:05:00,26111.0,26132.25,26068.5,26132.25,loss,21.25,-21.25,-1.0,22.75,-24.0
2025-11-03,2025-11-03 09:06:00,26094.5,26118.0,26047.5,26118.0,loss,23.5,-23.5,-1.0,6.25,-32.25
2025-11-03,2025-11-03 09:16:00,26109.25,26129.0,26069.75,26069.75,win,19.75,39.5,2.0,39.75,-4.75
2025-11-03,2025-11-03 09:17:00,26085.0,26112.25,26030.5,26112.25,loss,27.25,-27.25,-1.0,2.75,-29.0
2025-11-03,2025-11-03 09:21:00,26087.5,26113.0,26036.5,26036.5,win,25.5,51.0,2.0,54.5,-23.0
2025-11-03,2025-11-03 11:01:00,26096.75,26121.5,26047.25,26121.5,loss,24.75,-24.75,-1.0,13.5,-29.0
2025-11-04,2025-11-04 10:33:00,25763.5,25779.5,25731.5,25779.5,loss,16.0,-16.0,-1.0,11.5,-18.75
2025-11-04,2025-11-04 10:41:00,25758.5,25789.25,25697.0,25789.25,loss,30.75,-30.75,-1.0,2.75,-37.0
2025-11-04,2025-11-04 10:45:00,25773.0,25797.5,25724.0,25724.0,win,24.5,49.0,2.0,49.75,-7.75
2025-11-04,2025-11-04 10:57:00,25730.0,25768.25,25653.5,25653.5,win,38.25,76.5,2.0,87.75,-27.75
2025-11-04,2025-11-04 11:01:00,25736.5,25758.75,25692.0,25692.0,win,22.25,44.5,2.0,46.5,-5.0
2025-11-10,2025-11-10 09:52:00,25551.25,25581.5,25490.75,25490.75,win,30.25,60.5,2.0,80.25,-9.25
2025-11-10,2025-11-10 09:56:00,25539.75,25558.25,25502.75,25502.75,win,18.5,37.0,2.0,46.75,-8.25
2025-11-10,2025-11-10 10:00:00,25523.75,25540.25,25490.75,25490.75,win,16.5,33.0,2.0,52.75,-1.5
2025-11-10,2025-11-10 10:01:00,25502.25,25526.25,25454.25,25526.25,loss,24.0,-24.0,-1.0,31.25,-27.25
2025-11-10,2025-11-10 10:06:00,25489.5,25506.75,25455.0,25506.75,loss,17.25,-17.25,-1.0,7.75,-24.5
2025-11-10,2025-11-10 10:22:00,25495.25,25519.0,25447.75,25519.0,loss,23.75,-23.75,-1.0,43.25,-29.0
2025-11-10,2025-11-10 10:23:00,25481.5,25508.25,25428.0,25508.25,loss,26.75,-26.75,-1.0,0.0,-29.5
2025-11-10,2025-11-10 10:35:00,25496.25,25518.25,25452.25,25452.25,win,22.0,44.0,2.0,44.25,-6.5
2025-11-10,2025-11-10 10:44:00,25462.5,25487.25,25413.0,25487.25,loss,24.75,-24.75,-1.0,0.75,-28.0
2025-11-11,2025-11-11 08:35:00,25617.25,25633.25,25585.25,25633.25,loss,16.0,-16.0,-1.0,8.5,-28.75
2025-11-11,2025-11-11 08:38:00,25612.0,25647.0,25542.0,25542.0,win,35.0,70.0,2.0,76.0,-21.5
2025-11-11,2025-11-11 09:07:00,25548.25,25596.0,25452.75,25596.0,loss,47.75,-47.75,-1.0,3.0,-49.25
2025-11-12,2025-11-12 08:31:00,25735.75,25781.75,25643.75,25643.75,win,46.0,92.0,2.0,93.0,-2.25
2025-11-12,2025-11-12 08:32:00,25702.5,25739.0,25629.5,25629.5,win,36.5,73.0,2.0,109.5,-10.75
2025-11-12,2025-11-12 08:35:00,25678.5,25706.0,25623.5,25623.5,win,27.5,55.0,2.0,85.5,-26.5
2025-11-17,2025-11-17 09:05:00,25118.5,25152.75,25050.0,25152.75,loss,34.25,-34.25,-1.0,10.0,-40.5
2025-11-17,2025-11-17 09:08:00,25116.0,25153.25,25041.5,25153.25,loss,37.25,-37.25,-1.0,62.25,-42.0
2025-11-17,2025-11-17 09:09:00,25084.25,25118.25,25016.25,25118.25,loss,34.0,-34.0,-1.0,23.5,-55.25
2025-11-17,2025-11-17 09:18:00,25096.0,25134.5,25019.0,25134.5,loss,38.5,-38.5,-1.0,42.25,-45.75
2025-11-17,2025-11-17 09:33:00,25087.5,25139.5,24983.5,25139.5,loss,52.0,-52.0,-1.0,29.25,-53.0
2025-11-17,2025-11-17 09:50:00,25108.0,25142.5,25039.0,25039.0,win,34.5,69.0,2.0,78.5,-13.75
2025-11-17,2025-11-17 09:51:00,25088.75,25120.75,25024.75,25120.75,loss,32.0,-32.0,-1.0,11.25,-33.0
2025-11-17,2025-11-17 09:57:00,25080.5,25109.5,25022.5,25022.5,win,29.0,58.0,2.0,70.75,-16.75
2025-11-18,2025-11-18 08:35:00,24743.75,24803.75,24623.75,24623.75,win,60.0,120.0,2.0,120.25,-42.75
2025-11-18,2025-11-18 08:47:00,24669.75,24731.75,24545.75,24545.75,win,62.0,124.0,2.0,126.75,-11.0
2025-11-19,2025-11-19 10:25:00,24686.0,24719.0,24620.0,24719.0,loss,33.0,-33.0,-1.0,27.25,-39.0
2025-11-19,2025-11-19 10:36:00,24679.0,24706.75,24623.5,24706.75,loss,27.75,-27.75,-1.0,30.25,-28.25
2025-11-20,2025-11-20 09:55:00,25193.25,25224.0,25131.75,25131.75,win,30.75,61.5,2.0,76.25,-12.75
2025-11-20,2025-11-20 09:56:00,25178.0,25196.25,25141.5,25196.25,loss,18.25,-18.25,-1.0,12.75,-28.0
2025-11-20,2025-11-20 09:59:00,25173.25,25198.25,25123.25,25123.25,win,25.0,50.0,2.0,56.25,-4.75
2025-11-20,2025-11-20 10:01:00,25129.5,25165.75,25057.0,25057.0,win,36.25,72.5,2.0,81.0,-8.5
2025-11-20,2025-11-20 10:16:00,24981.75,25013.0,24919.25,24919.25,win,31.25,62.5,2.0,62.5,-8.5
2025-11-20,2025-11-20 10:19:00,24941.75,24991.0,24843.25,24843.25,win,49.25,98.5,2.0,108.5,-35.25
2025-11-20,2025-11-20 10:23:00,24907.25,24950.25,24821.25,24950.25,loss,43.0,-43.0,-1.0,21.0,-68.25
2025-11-21,2025-11-21 08:46:00,24146.0,24211.5,24015.0,24211.5,loss,65.5,-65.5,-1.0,44.5,-78.0
2025-11-26,2025-11-26 08:59:00,25186.5,25222.75,25114.0,25222.75,loss,36.25,-36.25,-1.0,52.75,-38.75
2025-11-26,2025-11-26 09:00:00,25167.0,25187.75,25125.5,25187.75,loss,20.75,-20.75,-1.0,33.25,-27.75
2025-11-26,2025-11-26 09:01:00,25149.5,25171.5,25105.5,25171.5,loss,22.0,-22.0,-1.0,4.5,-45.25
2025-11-26,2025-11-26 09:06:00,25155.25,25179.25,25107.25,25179.25,loss,24.0,-24.0,-1.0,5.0,-28.5
2025-11-27,2025-11-27 08:35:00,25311.0,25318.0,25297.0,25297.0,win,7.0,14.0,2.0,18.25,-2.0
2025-11-27,2025-11-27 08:37:00,25299.25,25311.75,25274.25,25293.75,win,12.5,5.5,0.44,13.5,-8.0
2025-11-27,2025-11-27 08:41:00,25289.0,25297.75,25271.5,25297.75,loss,8.75,-8.75,-1.0,0.25,-10.25
2025-11-28,2025-11-28 08:41:00,25352.75,25384.75,25288.75,25384.75,loss,32.0,-32.0,-1.0,21.75,-34.5
2025-11-28,2025-11-28 08:45:00,25357.75,25378.25,25316.75,25378.25,loss,20.5,-20.5,-1.0,15.0,-29.5
2025-11-28,2025-11-28 08:53:00,25371.25,25391.25,25331.25,25391.25,loss,20.0,-20.0,-1.0,19.0,-23.0
2025-11-28,2025-11-28 09:05:00,25365.5,25378.0,25340.5,25378.0,loss,12.5,-12.5,-1.0,13.25,-15.75
2025-11-28,2025-11-28 09:27:00,25371.0,25383.0,25347.0,25383.0,loss,12.0,-12.0,-1.0,11.75,-21.0
2025-11-28,2025-11-28 10:27:00,25380.75,25397.5,25347.25,25397.5,loss,16.75,-16.75,-1.0,13.25,-22.25
2025-11-28,2025-11-28 10:28:00,25372.25,25385.5,25345.75,25385.5,loss,13.25,-13.25,-1.0,2.5,-20.0
2025-11-28,2025-11-28 10:31:00,25380.75,25392.75,25356.75,25392.75,loss,12.0,-12.0,-1.0,0.5,-15.25
2025-12-01,2025-12-01 08:40:00,25260.25,25307.25,25166.25,25307.25,loss,47.0,-47.0,-1.0,51.0,-55.75
2025-12-01,2025-12-01 08:44:00,25216.75,25250.25,25149.75,25250.25,loss,33.5,-33.5,-1.0,7.5,-62.0
2025-12-01,2025-12-01 09:35:00,25288.0,25310.0,25244.0,25310.0,loss,22.0,-22.0,-1.0,20.5,-45.0
2025-12-02,2025-12-02 10:14:00,25534.5,25557.75,25488.0,25488.0,win,23.25,46.5,2.0,50.25,-19.25
2025-12-02,2025-12-02 10:22:00,25512.75,25544.0,25450.25,25450.25,win,31.25,62.5,2.0,66.5,0.0
2025-12-02,2025-12-02 10:24:00,25478.25,25500.5,25433.75,25433.75,win,22.25,44.5,2.0,58.0,-6.0
2025-12-02,2025-12-02 10:32:00,25422.25,25453.5,25359.75,25453.5,loss,31.25,-31.25,-1.0,7.75,-34.5
2025-12-02,2025-12-02 10:45:00,25488.5,25509.75,25446.0,25509.75,loss,21.25,-21.25,-1.0,6.0,-22.25
2025-12-02,2025-12-02 10:49:00,25490.0,25511.75,25446.5,25511.75,loss,21.75,-21.75,-1.0,12.25,-27.5
2025-12-02,2025-12-02 10:58:00,25509.75,25527.25,25474.75,25527.25,loss,17.5,-17.5,-1.0,7.75,-24.75
2025-12-04,2025-12-04 08:32:00,25647.75,25679.5,25584.25,25584.25,win,31.75,63.5,2.0,87.75,-20.0
2025-12-04,2025-12-04 08:34:00,25618.75,25668.75,25518.75,25550.25,win,50.0,68.5,1.37,98.25,-24.0
2025-12-04,2025-12-04 08:35:00,25567.5,25620.25,25462.0,25620.25,loss,52.75,-52.75,-1.0,16.75,-69.5
2025-12-05,2025-12-05 09:57:00,25725.5,25752.0,25672.5,25752.0,loss,26.5,-26.5,-1.0,9.25,-41.5
2025-12-05,2025-12-05 10:08:00,25731.75,25754.0,25687.25,25687.25,win,22.25,44.5,2.0,45.75,-11.5
2025-12-05,2025-12-05 10:15:00,25706.5,25736.25,25647.0,25736.25,loss,29.75,-29.75,-1.0,23.25,-30.25
2025-12-05,2025-12-05 10:24:00,25711.0,25735.25,25662.5,25735.25,loss,24.25,-24.25,-1.0,7.0,-25.75
2025-12-05,2025-12-05 10:29:00,25699.0,25724.25,25648.5,25724.25,loss,25.25,-25.25,-1.0,47.75,-32.0
2025-12-05,2025-12-05 10:32:00,25661.75,25691.75,25601.75,25691.75,loss,30.0,-30.0,-1.0,10.5,-31.25
2025-12-05,2025-12-05 11:00:00,25729.5,25762.25,25664.0,25744.0,loss,32.75,-14.5,-0.44,64.75,-17.75
2025-12-08,2025-12-08 08:42:00,25792.5,25814.75,25748.0,25814.75,loss,22.25,-22.25,-1.0,21.0,-23.0
2025-12-08,2025-12-08 08:48:00,25782.25,25804.5,25737.75,25737.75,win,22.25,44.5,2.0,60.75,-3.75
2025-12-08,2025-12-08 08:49:00,25741.5,25787.0,25650.5,25650.5,win,45.5,91.0,2.0,91.75,-39.5
2025-12-09,2025-12-09 09:09:00,25620.5,25641.0,25579.5,25641.0,loss,20.5,-20.5,-1.0,2.0,-24.5
2025-12-17,2025-12-17 08:35:00,25401.0,25422.25,25358.5,25358.5,win,21.25,42.5,2.0,69.25,-5.75
2025-12-17,2025-12-17 08:36:00,25379.0,25407.75,25321.5,25321.5,win,28.75,57.5,2.0,69.25,-1.75
2025-12-17,2025-12-17 08:37:00,25346.75,25381.75,25276.75,25276.75,win,35.0,70.0,2.0,101.25,-21.75
2025-12-17,2025-12-17 08:40:00,25337.0,25364.5,25282.0,25282.0,win,27.5,55.0,2.0,91.5,-16.5
2025-12-17,2025-12-17 08:42:00,25309.75,25354.5,25220.25,25220.25,win,44.75,89.5,2.0,114.0,-39.25
2025-12-22,2025-12-22 08:35:00,25706.25,25728.5,25661.75,25728.5,loss,22.25,-22.25,-1.0,34.0,-27.0
2025-12-22,2025-12-22 09:11:00,25692.5,25711.0,25655.5,25711.0,loss,18.5,-18.5,-1.0,18.0,-22.5
2025-12-22,2025-12-22 09:23:00,25693.25,25706.25,25667.25,25706.25,loss,13.0,-13.0,-1.0,9.75,-16.75
2025-12-22,2025-12-22 09:27:00,25697.5,25710.75,25671.0,25671.0,win,13.25,26.5,2.0,29.5,-3.25
2025-12-22,2025-12-22 09:36:00,25660.5,25675.5,25630.5,25630.5,win,15.0,30.0,2.0,32.5,-2.0
2025-12-22,2025-12-22 10:35:00,25694.5,25703.0,25677.5,25703.0,loss,8.5,-8.5,-1.0,1.0,-10.5
2025-12-22,2025-12-22 10:39:00,25696.5,25704.5,25680.5,25704.5,loss,8.0,-8.0,-1.0,1.5,-9.5
2025-12-22,2025-12-22 10:45:00,25690.5,25700.25,25671.0,25700.25,loss,9.75,-9.75,-1.0,1.0,-11.0
2025-12-23,2025-12-23 08:57:00,25683.0,25703.75,25641.5,25641.5,win,20.75,41.5,2.0,54.75,-16.25
2025-12-23,2025-12-23 08:59:00,25679.75,25700.25,25638.75,25638.75,win,20.5,41.0,2.0,51.5,-15.0
2025-12-23,2025-12-23 09:02:00,25663.75,25684.5,25622.25,25684.5,loss,20.75,-20.75,-1.0,35.5,-22.75
2025-12-23,2025-12-23 09:03:00,25648.75,25667.5,25611.25,25667.5,loss,18.75,-18.75,-1.0,20.5,-22.5
2025-12-23,2025-12-23 09:26:00,25669.5,25688.75,25631.0,25688.75,loss,19.25,-19.25,-1.0,10.0,-21.75
2025-12-23,2025-12-23 09:29:00,25670.0,25684.25,25641.5,25684.25,loss,14.25,-14.25,-1.0,10.5,-21.25
2025-12-26,2025-12-26 08:31:00,25876.5,25911.25,25807.0,25911.25,loss,34.75,-34.75,-1.0,12.0,-43.75
2025-12-26,2025-12-26 08:51:00,25896.25,25916.75,25855.25,25855.25,win,20.5,41.0,2.0,51.75,-15.25
2025-12-26,2025-12-26 08:52:00,25881.75,25900.75,25843.75,25900.75,loss,19.0,-19.0,-1.0,5.0,-29.75
2025-12-26,2025-12-26 08:55:00,25886.0,25902.75,25852.5,25852.5,win,16.75,33.5,2.0,41.5,-5.75
2025-12-26,2025-12-26 09:02:00,25851.0,25874.0,25805.0,25874.0,loss,23.0,-23.0,-1.0,16.75,-30.5
2025-12-26,2025-12-26 10:12:00,25882.5,25895.25,25857.0,25857.0,win,12.75,25.5,2.0,25.5,-1.75
2025-12-26,2025-12-26 10:13:00,25875.0,25885.25,25854.5,25885.25,loss,10.25,-10.25,-1.0,18.0,-11.0
2025-12-26,2025-12-26 10:15:00,25861.75,25873.0,25839.25,25873.0,loss,11.25,-11.25,-1.0,4.75,-12.0
2025-12-29,2025-12-29 08:46:00,25747.25,25794.5,25652.75,25702.25,win,47.25,45.0,0.95,85.5,-29.25
2025-12-29,2025-12-29 08:52:00,25715.75,25742.5,25662.25,25742.5,loss,26.75,-26.75,-1.0,4.75,-38.25
2025-12-30,2025-12-30 09:10:00,25721.0,25732.5,25698.0,25698.0,win,11.5,23.0,2.0,27.5,-1.25
2025-12-31,2025-12-31 08:38:00,25623.25,25639.0,25591.75,25591.75,win,15.75,31.5,2.0,34.5,-15.0
2026-01-02,2026-01-02 08:36:00,25656.0,25699.5,25569.0,25699.5,loss,43.5,-43.5,-1.0,5.25,-48.25
2026-01-02,2026-01-02 08:40:00,25651.25,25685.25,25583.25,25685.25,loss,34.0,-34.0,-1.0,13.0,-41.5
2026-01-02,2026-01-02 09:12:00,25656.5,25690.5,25588.5,25588.5,win,34.0,68.0,2.0,74.75,-10.75
2026-01-02,2026-01-02 09:13:00,25626.5,25668.25,25543.0,25543.0,win,41.75,83.5,2.0,97.0,-10.25
2026-01-02,2026-01-02 09:15:00,25603.75,25628.5,25554.25,25554.25,win,24.75,49.5,2.0,51.0,-2.75
2026-01-02,2026-01-02 09:18:00,25564.5,25607.5,25478.5,25478.5,win,43.0,86.0,2.0,107.25,-14.25
2026-01-06,2026-01-06 10:07:00,25650.5,25676.5,25598.5,25676.5,loss,26.0,-26.0,-1.0,11.25,-32.75
2026-01-07,2026-01-07 08:31:00,25777.25,25811.75,25708.25,25811.75,loss,34.5,-34.5,-1.0,6.25,-38.75
2026-01-09,2026-01-09 08:31:00,25682.0,25716.75,25612.5,25716.75,loss,34.75,-34.75,-1.0,33.5,-49.0
2026-01-09,2026-01-09 08:32:00,25668.75,25688.0,25630.25,25688.0,loss,19.25,-19.25,-1.0,20.25,-26.0
2026-01-09,2026-01-09 08:49:00,25688.0,25765.75,25532.5,25765.75,loss,77.75,-77.75,-1.0,72.5,-82.0
2026-01-09,2026-01-09 09:07:00,25672.5,25711.75,25594.0,25711.75,loss,39.25,-39.25,-1.0,57.0,-53.75
2026-01-09,2026-01-09 09:09:00,25638.25,25675.0,25564.75,25675.0,loss,36.75,-36.75,-1.0,10.25,-47.75
2026-01-13,2026-01-13 08:52:00,25944.0,25979.75,25872.5,25979.75,loss,35.75,-35.75,-1.0,2.25,-48.0
2026-01-13,2026-01-13 09:03:00,25905.75,25954.25,25808.75,25954.25,loss,48.5,-48.5,-1.0,13.0,-52.0
2026-01-16,2026-01-16 08:45:00,25820.75,25844.25,25773.75,25773.75,win,23.5,47.0,2.0,56.25,-23.25
2026-01-16,2026-01-16 08:54:00,25794.5,25813.75,25756.0,25756.0,win,19.25,38.5,2.0,43.25,-8.75
2026-01-16,2026-01-16 08:56:00,25766.75,25788.25,25723.75,25723.75,win,21.5,43.0,2.0,49.25,-7.5
2026-01-16,2026-01-16 08:57:00,25752.75,25775.25,25707.75,25707.75,win,22.5,45.0,2.0,47.75,-12.75
2026-01-20,2026-01-20 08:41:00,25251.5,25305.0,25144.5,25305.0,loss,53.5,-53.5,-1.0,6.75,-59.25
2026-01-20,2026-01-20 09:09:00,25270.0,25299.75,25210.5,25299.75,loss,29.75,-29.75,-1.0,9.75,-30.0
2026-01-20,2026-01-20 09:19:00,25262.0,25304.25,25177.5,25304.25,loss,42.25,-42.25,-1.0,7.25,-70.0
2026-01-21,2026-01-21 10:56:00,25242.25,25272.0,25182.75,25182.75,win,29.75,59.5,2.0,75.5,-20.5
2026-01-22,2026-01-22 08:47:00,25612.0,25639.75,25556.5,25556.5,win,27.75,55.5,2.0,56.0,-10.5
2026-01-22,2026-01-22 08:49:00,25576.25,25605.75,25517.25,25605.75,loss,29.5,-29.5,-1.0,22.0,-35.5
2026-01-22,2026-01-22 08:56:00,25588.0,25630.75,25502.5,25630.75,loss,42.75,-42.75,-1.0,51.25,-45.5
2026-01-22,2026-01-22 09:01:00,25559.75,25586.0,25507.25,25586.0,loss,26.25,-26.25,-1.0,23.0,-31.25
2026-01-22,2026-01-22 09:25:00,25549.25,25598.5,25450.75,25598.5,loss,49.25,-49.25,-1.0,7.25,-52.5
2026-01-23,2026-01-23 08:33:00,25599.75,25649.0,25501.25,25649.0,loss,49.25,-49.25,-1.0,37.25,-58.75
2026-01-23,2026-01-23 08:38:00,25571.5,25616.25,25482.0,25616.25,loss,44.75,-44.75,-1.0,7.5,-48.0
2026-01-23,2026-01-23 08:47:00,25598.5,25637.0,25521.5,25637.0,loss,38.5,-38.5,-1.0,19.25,-60.0
2026-01-27,2026-01-27 08:34:00,25976.25,25999.0,25930.75,25930.75,win,22.75,45.5,2.0,48.5,-3.0
2026-01-27,2026-01-27 08:35:00,25962.0,25980.25,25925.5,25925.5,win,18.25,36.5,2.0,44.5,-10.25
2026-01-27,2026-01-27 08:37:00,25933.75,25953.0,25895.25,25953.0,loss,19.25,-19.25,-1.0,16.5,-25.25
2026-01-27,2026-01-27 08:38:00,25920.25,25937.25,25886.25,25937.25,loss,17.0,-17.0,-1.0,3.0,-38.75
2026-01-28,2026-01-28 08:34:00,26262.5,26289.0,26209.5,26289.0,loss,26.5,-26.5,-1.0,48.75,-33.5
2026-01-28,2026-01-28 08:36:00,26235.0,26258.0,26189.0,26258.0,loss,23.0,-23.0,-1.0,21.25,-33.5
2026-01-28,2026-01-28 08:48:00,26240.0,26270.5,26179.0,26270.5,loss,30.5,-30.5,-1.0,9.5,-33.5
2026-01-28,2026-01-28 09:11:00,26227.0,26245.75,26189.5,26245.75,loss,18.75,-18.75,-1.0,22.0,-27.0
2026-01-28,2026-01-28 09:13:00,26219.5,26235.0,26188.5,26235.0,loss,15.5,-15.5,-1.0,14.5,-25.5
2026-01-28,2026-01-28 09:18:00,26231.75,26247.25,26200.75,26247.25,loss,15.5,-15.5,-1.0,9.0,-15.5
2026-01-28,2026-01-28 09:26:00,26225.0,26240.0,26195.0,26195.0,win,15.0,30.0,2.0,30.75,-11.5
2026-01-28,2026-01-28 09:32:00,26216.5,26232.5,26184.5,26184.5,win,16.0,32.0,2.0,35.25,-11.75
2026-01-28,2026-01-28 10:52:00,26110.75,26131.25,26069.75,26131.25,loss,20.5,-20.5,-1.0,10.0,-25.0
2026-01-30,2026-01-30 09:03:00,25822.0,25875.25,25715.5,25875.25,loss,53.25,-53.25,-1.0,11.75,-75.5
2026-01-30,2026-01-30 09:27:00,25825.25,25858.0,25759.75,25858.0,loss,32.75,-32.75,-1.0,54.5,-57.5
2026-01-30,2026-01-30 09:29:00,25817.5,25846.5,25759.5,25846.5,loss,29.0,-29.0,-1.0,46.75,-65.25
2026-01-30,2026-01-30 09:37:00,25835.5,25892.5,25721.5,25892.5,loss,57.0,-57.0,-1.0,2.25,-58.75
2026-02-03,2026-02-03 08:32:00,25891.0,25946.75,25779.5,25779.5,win,55.75,111.5,2.0,168.0,-11.5
2026-02-03,2026-02-03 08:34:00,25859.25,25887.25,25803.25,25887.25,loss,28.0,-28.0,-1.0,20.5,-34.0
2026-02-03,2026-02-03 08:38:00,25842.5,25869.5,25788.5,25788.5,win,27.0,54.0,2.0,55.0,-2.5
2026-02-05,2026-02-05 08:42:00,24855.75,24930.75,24705.75,24930.75,loss,75.0,-75.0,-1.0,13.5,-80.25
2026-02-05,2026-02-05 09:01:00,24724.25,24801.75,24569.25,24569.25,win,77.5,155.0,2.0,167.0,-11.75
2026-02-09,2026-02-09 08:58:00,25114.0,25146.0,25050.0,25146.0,loss,32.0,-32.0,-1.0,9.5,-37.0
2026-02-10,2026-02-10 08:37:00,25336.0,25375.5,25257.0,25257.0,win,39.5,79.0,2.0,80.25,-4.5
2026-02-10,2026-02-10 08:38:00,25305.25,25337.0,25241.75,25337.0,loss,31.75,-31.75,-1.0,6.0,-35.25
2026-02-10,2026-02-10 09:57:00,25352.75,25380.0,25298.25,25380.0,loss,27.25,-27.25,-1.0,1.25,-43.5
2026-02-10,2026-02-10 10:10:00,25352.25,25383.0,25290.75,25383.0,loss,30.75,-30.75,-1.0,1.25,-31.75
2026-02-11,2026-02-11 08:59:00,25295.5,25330.75,25225.0,25330.75,loss,35.25,-35.25,-1.0,5.5,-47.75
2026-02-11,2026-02-11 09:03:00,25279.5,25328.25,25182.0,25182.0,win,48.75,97.5,2.0,109.5,-23.75
2026-02-12,2026-02-12 08:45:00,25309.0,25345.5,25236.0,25236.0,win,36.5,73.0,2.0,73.75,-14.75
2026-02-12,2026-02-12 08:46:00,25273.75,25324.75,25171.75,25171.75,win,51.0,102.0,2.0,104.0,-28.25
2026-02-13,2026-02-13 08:51:00,24720.25,24779.25,24602.25,24779.25,loss,59.0,-59.0,-1.0,34.25,-59.75
2026-02-13,2026-02-13 09:17:00,24719.75,24798.5,24562.25,24798.5,loss,78.75,-78.75,-1.0,1.75,-91.25
2026-02-13,2026-02-13 09:47:00,24738.75,24798.75,24618.75,24798.75,loss,60.0,-60.0,-1.0,17.75,-74.25
2026-02-17,2026-02-17 08:46:00,24667.25,24712.5,24576.75,24576.75,win,45.25,90.5,2.0,98.5,-44.25
2026-02-17,2026-02-17 08:48:00,24626.0,24683.75,24510.5,24510.5,win,57.75,115.5,2.0,126.0,-51.25
2026-02-17,2026-02-17 08:54:00,24526.5,24581.75,24416.0,24581.75,loss,55.25,-55.25,-1.0,64.25,-91.75
2026-02-18,2026-02-18 08:49:00,24822.5,24860.5,24746.5,24860.5,loss,38.0,-38.0,-1.0,28.75,-40.5
2026-02-19,2026-02-19 08:33:00,24844.0,24877.25,24777.5,24777.5,win,33.25,66.5,2.0,81.0,-22.25
2026-02-19,2026-02-19 08:35:00,24834.25,24859.5,24783.75,24783.75,win,25.25,50.5,2.0,71.25,-3.75
2026-02-19,2026-02-19 08:36:00,24806.0,24839.0,24740.0,24839.0,loss,33.0,-33.0,-1.0,43.0,-51.5
2026-02-19,2026-02-19 09:22:00,24860.5,24918.0,24745.5,24918.0,loss,57.5,-57.5,-1.0,3.25,-61.0
2026-02-19,2026-02-19 09:51:00,24876.75,24921.75,24786.75,24921.75,loss,45.0,-45.0,-1.0,14.5,-51.25
2026-02-19,2026-02-19 10:07:00,24867.25,24889.0,24823.75,24889.0,loss,21.75,-21.75,-1.0,15.0,-31.5
2026-02-19,2026-02-19 10:12:00,24877.75,24903.25,24826.75,24903.25,loss,25.5,-25.5,-1.0,1.25,-36.25
2026-02-19,2026-02-19 10:29:00,24878.5,24905.5,24824.5,24905.5,loss,27.0,-27.0,-1.0,5.75,-28.25
2026-02-19,2026-02-19 10:36:00,24889.75,24919.0,24831.25,24831.25,win,29.25,58.5,2.0,60.75,-11.75
2026-02-19,2026-02-19 10:45:00,24842.0,24883.0,24760.0,24883.0,loss,41.0,-41.0,-1.0,40.75,-47.0
2026-02-19,2026-02-19 10:47:00,24834.25,24853.75,24795.25,24853.75,loss,19.5,-19.5,-1.0,33.0,-38.75
2026-02-19,2026-02-19 10:49:00,24831.5,24847.75,24799.0,24847.75,loss,16.25,-16.25,-1.0,30.25,-41.5
2026-02-19,2026-02-19 10:52:00,24805.0,24827.0,24761.0,24827.0,loss,22.0,-22.0,-1.0,3.75,-41.5
2026-02-24,2026-02-24 09:01:00,24830.25,24881.0,24728.75,24881.0,loss,50.75,-50.75,-1.0,4.0,-66.25
2026-03-03,2026-03-03 08:35:00,24529.0,24596.0,24395.0,24596.0,loss,67.0,-67.0,-1.0,26.5,-91.0
2026-03-03,2026-03-03 08:40:00,24592.75,24662.25,24453.75,24453.75,win,69.5,139.0,2.0,148.75,-21.5
2026-03-03,2026-03-03 08:42:00,24560.5,24603.75,24474.0,24603.75,loss,43.25,-43.25,-1.0,46.0,-53.75
2026-03-05,2026-03-05 08:41:00,25063.5,25104.5,24981.5,25104.5,loss,41.0,-41.0,-1.0,4.25,-48.0
2026-03-05,2026-03-05 09:25:00,25023.25,25058.0,24953.75,24953.75,win,34.75,69.5,2.0,78.0,-10.0
2026-03-05,2026-03-05 09:57:00,25053.5,25082.25,24996.0,25082.25,loss,28.75,-28.75,-1.0,3.75,-30.25
2026-03-05,2026-03-05 10:05:00,25029.75,25053.75,24981.75,24981.75,win,24.0,48.0,2.0,49.25,-23.0
2026-03-13,2026-03-13 08:41:00,24629.75,24662.75,24563.75,24563.75,win,33.0,66.0,2.0,78.0,-1.25
2026-03-13,2026-03-13 08:47:00,24553.5,24594.0,24472.5,24594.0,loss,40.5,-40.5,-1.0,7.75,-44.0
2026-03-19,2026-03-19 09:20:00,24486.75,24521.75,24416.75,24416.75,win,35.0,70.0,2.0,72.0,-10.75
2026-03-24,2026-03-24 08:55:00,24281.0,24324.0,24195.0,24324.0,loss,43.0,-43.0,-1.0,13.75,-53.0
2026-03-24,2026-03-24 08:59:00,24278.0,24318.25,24197.5,24197.5,win,40.25,80.5,2.0,94.75,-2.25
2026-03-24,2026-03-24 09:00:00,24244.5,24311.75,24110.0,24311.75,loss,67.25,-67.25,-1.0,4.0,-74.5
2026-03-24,2026-03-24 10:02:00,24286.75,24313.25,24233.75,24313.25,loss,26.5,-26.5,-1.0,20.5,-42.75
2026-03-24,2026-03-24 10:36:00,24280.75,24311.5,24219.25,24311.5,loss,30.75,-30.75,-1.0,36.5,-33.5
2026-03-24,2026-03-24 10:38:00,24262.25,24287.5,24211.75,24287.5,loss,25.25,-25.25,-1.0,18.0,-26.75
2026-03-24,2026-03-24 10:40:00,24250.0,24265.0,24220.0,24265.0,loss,15.0,-15.0,-1.0,5.75,-19.0
2026-03-25,2026-03-25 09:08:00,24435.25,24465.0,24375.75,24375.75,win,29.75,59.5,2.0,126.25,-18.75
2026-03-25,2026-03-25 09:10:00,24420.5,24445.0,24371.5,24371.5,win,24.5,49.0,2.0,111.5,-14.75
2026-03-30,2026-03-30 08:50:00,23307.5,23336.0,23250.5,23336.0,loss,28.5,-28.5,-1.0,14.25,-31.0
2026-03-30,2026-03-30 09:08:00,23354.5,23384.25,23295.0,23295.0,win,29.75,59.5,2.0,72.5,-7.25
2026-03-30,2026-03-30 09:15:00,23317.75,23335.75,23281.75,23335.75,loss,18.0,-18.0,-1.0,35.75,-19.0
2026-03-30,2026-03-30 10:03:00,23337.25,23361.0,23289.75,23289.75,win,23.75,47.5,2.0,51.0,-9.75
2026-03-30,2026-03-30 10:08:00,23315.0,23335.25,23274.5,23335.25,loss,20.25,-20.25,-1.0,6.25,-20.5
2026-04-06,2026-04-06 08:39:00,24298.5,24375.25,24145.0,24289.25,win,76.75,9.25,0.12,46.25,-49.5
2026-04-06,2026-04-06 09:00:00,24306.25,24327.75,24263.25,24327.75,loss,21.5,-21.5,-1.0,2.0,-23.25
2026-04-06,2026-04-06 09:04:00,24301.5,24323.0,24258.5,24323.0,loss,21.5,-21.5,-1.0,9.0,-25.5
2026-04-06,2026-04-06 10:05:00,24297.75,24312.0,24269.25,24312.0,loss,14.25,-14.25,-1.0,0.75,-15.0
2026-04-06,2026-04-06 10:07:00,24300.75,24313.75,24274.75,24313.75,loss,13.0,-13.0,-1.0,17.5,-13.0
2026-04-06,2026-04-06 11:01:00,24295.0,24312.0,24261.0,24261.0,win,17.0,34.0,2.0,35.75,-6.25
2026-04-10,2026-04-10 09:40:00,25302.0,25317.75,25270.5,25270.5,win,15.75,31.5,2.0,37.0,-12.5
2026-04-10,2026-04-10 09:41:00,25290.5,25305.5,25260.5,25305.5,loss,15.0,-15.0,-1.0,1.75,-16.75
2026-04-10,2026-04-10 09:49:00,25292.5,25309.25,25259.0,25259.0,win,16.75,33.5,2.0,34.75,-12.0
2026-04-10,2026-04-10 09:54:00,25283.0,25295.0,25259.0,25259.0,win,12.0,24.0,2.0,25.25,-10.5
2026-04-10,2026-04-10 09:57:00,25259.5,25275.0,25228.5,25275.0,loss,15.5,-15.5,-1.0,14.75,-22.0
2026-04-10,2026-04-10 10:33:00,25263.5,25284.5,25221.5,25262.25,win,21.0,1.25,0.06,41.25,-12.5
2026-04-10,2026-04-10 10:37:00,25253.0,25263.0,25233.0,25233.0,win,10.0,20.0,2.0,23.5,-9.0
2026-04-10,2026-04-10 11:01:00,25254.25,25267.25,25228.25,25228.25,win,13.0,26.0,2.0,26.5,-6.0
2026-04-20,2026-04-20 08:41:00,26712.25,26731.25,26674.25,26674.25,win,19.0,38.0,2.0,101.0,-8.75
2026-04-20,2026-04-20 08:51:00,26694.25,26722.0,26638.75,26638.75,win,27.75,55.5,2.0,83.0,0.0
2026-04-20,2026-04-20 08:52:00,26658.5,26695.25,26585.0,26585.0,win,36.75,73.5,2.0,82.0,-22.25
2026-04-20,2026-04-20 08:56:00,26653.75,26672.75,26615.75,26615.75,win,19.0,38.0,2.0,44.25,-7.5
2026-04-20,2026-04-20 09:31:00,26679.5,26701.25,26636.0,26636.0,win,21.75,43.5,2.0,45.25,-6.25
2026-04-20,2026-04-20 09:37:00,26654.0,26670.0,26622.0,26670.0,loss,16.0,-16.0,-1.0,5.25,-24.0
2026-04-20,2026-04-20 09:43:00,26666.5,26680.5,26638.5,26638.5,win,14.0,28.0,2.0,32.25,-7.0
2026-04-20,2026-04-20 09:50:00,26654.0,26669.75,26622.5,26669.75,loss,15.75,-15.75,-1.0,19.75,-16.5
2026-04-20,2026-04-20 10:17:00,26657.75,26672.25,26628.75,26672.25,loss,14.5,-14.5,-1.0,7.0,-23.75
2026-04-20,2026-04-20 10:25:00,26674.5,26684.0,26655.5,26684.0,loss,9.5,-9.5,-1.0,8.75,-11.75
2026-04-20,2026-04-20 10:38:00,26669.25,26684.0,26639.75,26684.0,loss,14.75,-14.75,-1.0,3.0,-26.0
2026-04-20,2026-04-20 10:56:00,26673.75,26687.25,26646.75,26687.25,loss,13.5,-13.5,-1.0,13.25,-18.25
2026-04-21,2026-04-21 08:46:00,26812.25,26830.25,26776.25,26776.25,win,18.0,36.0,2.0,36.0,-0.75
2026-04-29,2026-04-29 09:54:00,27227.0,27264.25,27152.5,27264.25,loss,37.25,-37.25,-1.0,27.75,-40.75
2026-05-07,2026-05-07 09:58:00,28793.25,28815.5,28748.75,28748.75,win,22.25,44.5,2.0,53.0,-1.5
2026-05-07,2026-05-07 10:05:00,28757.5,28782.25,28708.0,28708.0,win,24.75,49.5,2.0,65.5,-1.0
2026-05-07,2026-05-07 10:12:00,28714.75,28737.75,28668.75,28668.75,win,23.0,46.0,2.0,77.75,-4.5
2026-05-07,2026-05-07 10:13:00,28692.25,28720.25,28636.25,28720.25,loss,28.0,-28.0,-1.0,55.25,-38.5
2026-05-07,2026-05-07 10:16:00,28657.0,28701.5,28568.0,28701.5,loss,44.5,-44.5,-1.0,13.25,-46.25
2026-05-07,2026-05-07 10:19:00,28668.25,28696.25,28612.25,28696.25,loss,28.0,-28.0,-1.0,20.75,-35.0
2026-05-07,2026-05-07 10:40:00,28715.75,28733.75,28679.75,28733.75,loss,18.0,-18.0,-1.0,6.25,-29.0
2026-05-07,2026-05-07 10:44:00,28708.5,28739.25,28647.0,28647.0,win,30.75,61.5,2.0,65.75,-26.75
2026-05-07,2026-05-07 10:52:00,28689.75,28709.75,28649.75,28709.75,loss,20.0,-20.0,-1.0,2.75,-24.25
