signal_time,entry_time,year,month,hour,minute,entry,stop,target,risk,result_points,exit_reason,bars_held,body_pct,lower_wick_pct,upper_wick_pct,dist_pdh,dist_vwap,sweep_count
2018-02-02T10:24:00.000000,2018-02-02T10:25:00.000000,2018,2018-02,10,25,6840.75,6849.75,6822.75,9.0,-9.0,stop,4,0.896551724137931,0.06896551724137931,0.034482758620689655,-146.75,-23.33517994390968,2
2018-02-02T10:43:00.000000,2018-02-02T10:44:00.000000,2018,2018-02,10,44,6838.75,6848.5,6819.25,9.75,-9.75,stop,44,0.8064516129032258,0.0,0.1935483870967742,-149.0,-24.229734047225065,1
2018-02-08T08:47:00.000000,2018-02-08T08:48:00.000000,2018,2018-02,8,48,6553.5,6563.5,6533.5,10.0,-10.0,stop,4,0.8235294117647058,0.0,0.17647058823529413,-164.75,-20.93705709454025,1
2018-02-08T10:10:00.000000,2018-02-08T10:11:00.000000,2018,2018-02,10,11,6494.0,6507.75,6466.5,13.75,-13.75,stop,2,0.9148936170212766,0.0425531914893617,0.0425531914893617,-223.25,-63.888626520889375,1
2018-02-08T10:16:00.000000,2018-02-08T10:17:00.000000,2018,2018-02,10,17,6475.0,6489.25,6446.5,14.25,-14.25,stop,19,0.8571428571428571,0.02040816326530612,0.12244897959183673,-242.5,-80.731539417985,1
2018-02-08T10:17:00.000000,2018-02-08T10:18:00.000000,2018,2018-02,10,18,6483.25,6489.75,6470.25,6.5,13.0,target,2,0.7058823529411765,0.0,0.29411764705882354,-233.75,-71.4393824729832,1
2018-02-08T10:28:00.000000,2018-02-08T10:29:00.000000,2018,2018-02,10,29,6475.5,6479.0,6468.5,3.5,7.0,target,1,0.8225806451612904,0.03225806451612903,0.14516129032258066,-243.0,-76.46989070498694,1
2018-02-08T10:29:00.000000,2018-02-08T10:30:00.000000,2018,2018-02,10,30,6467.0,6478.75,6443.5,11.75,-11.75,stop,1,0.8717948717948718,0.0,0.1282051282051282,-250.75,-83.88222623154161,1
2018-02-08T10:36:00.000000,2018-02-08T10:37:00.000000,2018,2018-02,10,37,6482.75,6494.25,6459.75,11.5,-11.5,stop,3,0.85,0.075,0.075,-234.75,-65.47896297190437,1
2018-02-08T10:40:00.000000,2018-02-08T10:41:00.000000,2018,2018-02,10,41,6487.5,6499.0,6464.5,11.5,-11.5,stop,11,0.7948717948717948,0.0,0.20512820512820512,-230.5,-60.251722439174955,1
2018-02-08T10:50:00.000000,2018-02-08T10:51:00.000000,2018,2018-02,10,51,6493.25,6499.75,6480.25,6.5,-6.5,stop,2,0.7681159420289855,0.0,0.2318840579710145,-224.0,-51.522271496511166,1
2018-02-09T10:16:00.000000,2018-02-09T10:17:00.000000,2018,2018-02,10,17,6316.25,6332.0,6284.75,15.75,-15.75,stop,4,0.9629629629629629,0.018518518518518517,0.018518518518518517,-301.75,-41.43912801325223,5
2018-02-09T10:18:00.000000,2018-02-09T10:19:00.000000,2018,2018-02,10,19,6306.5,6319.5,6280.5,13.0,-13.0,stop,1,0.875,0.020833333333333332,0.10416666666666667,-312.75,-52.117314038256154,5
2018-02-09T10:19:00.000000,2018-02-09T10:20:00.000000,2018,2018-02,10,20,6325.5,6333.75,6309.0,8.25,-8.25,stop,1,0.7128712871287128,0.0,0.2871287128712871,-294.0,-33.18771630094034,4
2018-02-09T10:26:00.000000,2018-02-09T10:27:00.000000,2018,2018-02,10,27,6310.75,6314.25,6303.75,3.5,-3.5,stop,1,0.7297297297297297,0.05405405405405406,0.21621621621621623,-308.25,-46.48251870370041,3
2018-02-09T10:27:00.000000,2018-02-09T10:28:00.000000,2018,2018-02,10,28,6318.75,6320.75,6314.75,2.0,-2.0,stop,1,0.9142857142857143,0.08571428571428572,0.0,-299.75,-37.87703588286513,3
2018-02-09T10:41:00.000000,2018-02-09T10:42:00.000000,2018,2018-02,10,42,6329.0,6336.25,6314.5,7.25,14.5,target,8,0.8214285714285714,0.10714285714285714,0.07142857142857142,-290.5,-27.712273787596132,2
2018-02-19T10:13:00.000000,2018-02-19T10:14:00.000000,2018,2018-02,10,14,6766.25,6769.0,6760.75,2.75,-2.75,stop,5,0.75,0.0,0.25,-93.5,-27.216005364926787,1
2018-02-19T10:14:00.000000,2018-02-19T10:15:00.000000,2018,2018-02,10,15,6764.75,6768.5,6757.25,3.75,-3.75,stop,4,0.875,0.0,0.125,-95.25,-28.927207277597518,1
2018-02-19T10:18:00.000000,2018-02-19T10:19:00.000000,2018,2018-02,10,19,6770.25,6772.5,6765.75,2.25,-2.25,stop,1,0.875,0.0,0.125,-89.75,-23.169420072048524,1
2018-02-28T10:49:00.000000,2018-02-28T10:50:00.000000,2018,2018-02,10,50,6903.5,6907.25,6896.0,3.75,-3.75,stop,1,0.71875,0.0,0.28125,-106.0,-26.468041392268788,4
2018-03-01T08:45:00.000000,2018-03-01T08:46:00.000000,2018,2018-03,8,46,6831.25,6834.0,6825.75,2.75,-2.75,stop,1,0.8703703703703703,0.09259259259259259,0.037037037037037035,-139.0,-29.97463127553874,5
2018-03-01T08:48:00.000000,2018-03-01T08:49:00.000000,2018,2018-03,8,49,6835.5,6838.5,6829.5,3.0,6.0,target,1,0.7916666666666666,0.10416666666666667,0.10416666666666667,-135.25,-25.0363742407917,5
2018-03-02T08:41:00.000000,2018-03-02T08:42:00.000000,2018,2018-03,8,42,6685.75,6687.5,6682.25,1.75,-1.75,stop,1,0.9615384615384616,0.038461538461538464,0.0,-213.25,-25.79087487117613,3
2018-03-02T08:44:00.000000,2018-03-02T08:45:00.000000,2018,2018-03,8,45,6649.0,6665.0,6617.0,16.0,-16.0,stop,2,0.8070175438596491,0.03508771929824561,0.15789473684210525,-249.5,-59.92116257618818,3
2018-03-02T08:50:00.000000,2018-03-02T08:51:00.000000,2018,2018-03,8,51,6672.5,6675.75,6666.0,3.25,-3.25,stop,2,0.7758620689655172,0.10344827586206896,0.1206896551724138,-226.75,-33.96973016282118,4
2018-03-13T10:15:00.000000,2018-03-13T10:16:00.000000,2018,2018-03,10,16,7099.5,7102.0,7094.5,2.5,-2.5,stop,1,0.9310344827586207,0.034482758620689655,0.034482758620689655,-85.25,-59.09981462246196,1
2018-03-14T10:15:00.000000,2018-03-14T10:16:00.000000,2018,2018-03,10,16,7050.25,7053.75,7043.25,3.5,-3.5,stop,1,0.7272727272727273,0.045454545454545456,0.22727272727272727,-164.0,-29.15254884319802,2
2018-03-19T08:45:00.000000,2018-03-19T08:46:00.000000,2018,2018-03,8,46,6928.5,6932.0,6921.5,3.5,7.0,target,6,0.6956521739130435,0.043478260869565216,0.2608695652173913,-114.5,-34.1424666372377,2
2018-03-19T08:47:00.000000,2018-03-19T08:48:00.000000,2018,2018-03,8,48,6928.5,6933.75,6918.0,5.25,10.5,target,6,0.7142857142857143,0.07142857142857142,0.21428571428571427,-114.5,-33.749868604976655,2
2018-03-19T08:50:00.000000,2018-03-19T08:51:00.000000,2018,2018-03,8,51,6922.25,6929.75,6907.25,7.5,15.0,target,6,0.8695652173913043,0.0,0.13043478260869565,-121.0,-39.750897757674466,2
2018-03-23T10:43:00.000000,2018-03-23T10:44:00.000000,2018,2018-03,10,44,6635.25,6638.75,6628.25,3.5,7.0,target,1,0.6666666666666666,0.0,0.3333333333333333,-279.5,-31.780784691128247,2
2018-03-28T08:40:00.000000,2018-03-28T08:41:00.000000,2018,2018-03,8,41,6466.5,6480.75,6438.0,14.25,28.5,target,6,0.8392857142857143,0.10714285714285714,0.05357142857142857,-383.0,-48.50176110499888,3
2018-03-28T08:43:00.000000,2018-03-28T08:44:00.000000,2018,2018-03,8,44,6450.25,6459.75,6431.25,9.5,-9.5,stop,1,0.7419354838709677,0.0967741935483871,0.16129032258064516,-398.5,-62.72749463444052,3
2018-03-28T08:44:00.000000,2018-03-28T08:45:00.000000,2018,2018-03,8,45,6463.0,6470.5,6448.0,7.5,15.0,target,2,0.684931506849315,0.0,0.3150684931506849,-386.5,-50.37014198073666,3
2018-03-28T08:45:00.000000,2018-03-28T08:46:00.000000,2018,2018-03,8,46,6450.25,6465.0,6420.75,14.75,-14.75,stop,9,0.9107142857142857,0.08928571428571429,0.0,-399.0,-62.47452219676143,3
2018-03-28T08:47:00.000000,2018-03-28T08:48:00.000000,2018,2018-03,8,48,6423.75,6445.0,6381.25,21.25,-21.25,stop,4,0.975,0.025,0.0,-425.75,-87.27959292226751,3
2018-04-02T08:44:00.000000,2018-04-02T08:45:00.000000,2018,2018-04,8,45,6470.25,6480.0,6450.75,9.75,19.5,target,13,0.9411764705882353,0.058823529411764705,0.0,-118.5,-43.35377185688321,1
2018-04-02T08:50:00.000000,2018-04-02T08:51:00.000000,2018,2018-04,8,51,6466.5,6478.25,6443.0,11.75,23.5,target,10,0.7333333333333333,0.1111111111111111,0.15555555555555556,-122.25,-44.979589436159586,1
2018-04-03T08:31:00.000000,2018-04-03T08:32:00.000000,2018,2018-04,8,32,6395.5,6398.25,6390.0,2.75,-2.75,stop,1,0.7241379310344828,0.10344827586206896,0.1724137931034483,-181.5,-20.747542316755244,2
2018-04-03T08:37:00.000000,2018-04-03T08:38:00.000000,2018,2018-04,8,38,6390.5,6402.25,6367.0,11.75,-11.75,stop,3,0.9512195121951219,0.024390243902439025,0.024390243902439025,-186.25,-24.499913073713287,2
2018-04-03T10:17:00.000000,2018-04-03T10:18:00.000000,2018,2018-04,10,18,6394.75,6406.75,6370.75,12.0,-12.0,stop,23,0.8571428571428571,0.047619047619047616,0.09523809523809523,-181.75,-26.715802565527156,2
2018-04-03T10:23:00.000000,2018-04-03T10:24:00.000000,2018,2018-04,10,24,6380.75,6392.75,6356.75,12.0,-12.0,stop,8,0.9285714285714286,0.07142857142857142,0.0,-195.5,-39.96128137504547,2
2018-04-03T10:26:00.000000,2018-04-03T10:27:00.000000,2018,2018-04,10,27,6380.25,6388.0,6364.75,7.75,-7.75,stop,1,0.782608695652174,0.043478260869565216,0.17391304347826086,-196.0,-40.24903642167192,2
2018-04-03T10:33:00.000000,2018-04-03T10:34:00.000000,2018,2018-04,10,34,6396.5,6399.25,6391.0,2.75,-2.75,stop,1,0.8333333333333334,0.08333333333333333,0.08333333333333333,-180.0,-23.785064906919615,1
2018-04-03T10:36:00.000000,2018-04-03T10:37:00.000000,2018,2018-04,10,37,6397.5,6403.75,6385.0,6.25,-6.25,stop,4,0.85,0.0,0.15,-179.75,-23.3747854738931,1
2018-04-03T10:39:00.000000,2018-04-03T10:40:00.000000,2018,2018-04,10,40,6398.5,6401.0,6393.5,2.5,-2.5,stop,1,0.9142857142857143,0.02857142857142857,0.05714285714285714,-178.0,-21.42290330540709,1
2018-04-06T10:19:00.000000,2018-04-06T10:20:00.000000,2018,2018-04,10,20,6523.75,6535.5,6500.25,11.75,-11.75,stop,18,0.9230769230769231,0.05128205128205128,0.02564102564102564,-130.25,-21.832023476437826,1
2018-04-24T08:44:00.000000,2018-04-24T08:45:00.000000,2018,2018-04,8,45,6618.0,6621.0,6612.0,3.0,6.0,target,1,0.7058823529411765,0.058823529411764705,0.23529411764705882,-110.0,-44.45692447061447,2
2018-04-27T10:14:00.000000,2018-04-27T10:15:00.000000,2018,2018-04,10,15,6669.0,6671.75,6663.5,2.75,5.5,target,4,0.9230769230769231,0.0,0.07692307692307693,-83.75,-21.684526018519136,1
2018-04-27T10:19:00.000000,2018-04-27T10:20:00.000000,2018,2018-04,10,20,6667.5,6671.0,6660.5,3.5,7.0,target,3,0.7619047619047619,0.0,0.23809523809523808,-85.25,-23.04859771156589,1
2018-04-27T10:21:00.000000,2018-04-27T10:22:00.000000,2018,2018-04,10,22,6662.75,6669.25,6649.75,6.5,13.0,target,9,0.9090909090909091,0.09090909090909091,0.0,-90.75,-28.484453162654972,1
2018-04-27T10:27:00.000000,2018-04-27T10:28:00.000000,2018,2018-04,10,28,6656.75,6663.75,6642.75,7.0,14.0,target,7,0.85,0.0,0.15,-96.25,-33.7442293754566,1
2018-04-27T10:42:00.000000,2018-04-27T10:43:00.000000,2018,2018-04,10,43,6650.5,6655.5,6640.5,5.0,-5.0,stop,5,0.7209302325581395,0.046511627906976744,0.23255813953488372,-102.0,-37.816805063883294,1
2018-05-03T08:35:00.000000,2018-05-03T08:36:00.000000,2018,2018-05,8,36,6571.75,6579.5,6556.25,7.75,15.5,target,3,0.9166666666666666,0.041666666666666664,0.041666666666666664,-157.75,-39.944668684323005,4
2018-05-03T08:42:00.000000,2018-05-03T08:43:00.000000,2018,2018-05,8,43,6565.0,6567.5,6560.0,2.5,-2.5,stop,1,0.8571428571428571,0.047619047619047616,0.09523809523809523,-164.5,-42.519121797385196,2
2018-05-03T08:44:00.000000,2018-05-03T08:45:00.000000,2018,2018-05,8,45,6561.75,6571.5,6542.25,9.75,19.5,target,12,0.8235294117647058,0.11764705882352941,0.058823529411764705,-167.5,-44.6765676746254,2
2018-05-03T08:46:00.000000,2018-05-03T08:47:00.000000,2018,2018-05,8,47,6564.75,6568.0,6558.25,3.25,-3.25,stop,2,0.7142857142857143,0.09523809523809523,0.19047619047619047,-164.5,-41.18778724793083,2
2018-05-03T10:24:00.000000,2018-05-03T10:25:00.000000,2018,2018-05,10,25,6566.75,6575.75,6548.75,9.0,-9.0,stop,9,0.8,0.03333333333333333,0.16666666666666666,-163.0,-23.410422500000095,1
2018-05-29T10:18:00.000000,2018-05-29T10:19:00.000000,2018,2018-05,10,19,6904.25,6907.5,6897.75,3.25,-3.25,stop,3,0.75,0.041666666666666664,0.20833333333333334,-119.25,-33.300775488438376,2
2018-05-29T10:21:00.000000,2018-05-29T10:22:00.000000,2018,2018-05,10,22,6909.0,6912.0,6903.0,3.0,-3.0,stop,4,0.6666666666666666,0.09523809523809523,0.23809523809523808,-114.75,-28.45240709017162,1
2018-05-29T10:28:00.000000,2018-05-29T10:29:00.000000,2018,2018-05,10,29,6909.75,6914.75,6899.75,5.0,-5.0,stop,2,0.9230769230769231,0.07692307692307693,0.0,-113.75,-27.013568250349635,1
2018-06-19T08:37:00.000000,2018-06-19T08:38:00.000000,2018,2018-06,8,38,7171.5,7174.5,7165.5,3.0,6.0,target,2,0.8636363636363636,0.0,0.13636363636363635,-116.25,-20.35975095510821,2
2018-06-19T08:39:00.000000,2018-06-19T08:40:00.000000,2018,2018-06,8,40,7165.75,7174.25,7148.75,8.5,-8.5,stop,2,0.7777777777777778,0.037037037037037035,0.18518518518518517,-122.25,-26.196141684466056,2
2018-06-22T08:45:00.000000,2018-06-22T08:46:00.000000,2018,2018-06,8,46,7212.25,7214.75,7207.25,2.5,5.0,target,2,0.8918918918918919,0.08108108108108109,0.02702702702702703,-146.0,-21.13705198867865,2
2018-07-30T10:16:00.000000,2018-07-30T10:17:00.000000,2018,2018-07,10,17,7205.5,7208.25,7200.0,2.75,5.5,target,2,0.7777777777777778,0.0,0.2222222222222222,-94.5,-37.47772929476105,1
2018-08-15T08:44:00.000000,2018-08-15T08:45:00.000000,2018,2018-08,8,45,7336.75,7345.25,7319.75,8.5,-8.5,stop,25,0.7142857142857143,0.07142857142857142,0.21428571428571427,-146.75,-42.45552878608669,1
2018-08-15T08:50:00.000000,2018-08-15T08:51:00.000000,2018,2018-08,8,51,7328.25,7340.5,7303.75,12.25,-12.25,stop,14,0.975,0.0,0.025,-155.0,-49.479295136359724,1
2018-08-17T08:30:00.000000,2018-08-17T08:31:00.000000,2018,2018-08,8,31,7334.0,7337.25,7327.5,3.25,-3.25,stop,6,0.8064516129032258,0.0,0.1935483870967742,-100.75,-27.003936773433452,1
2018-09-05T08:37:00.000000,2018-09-05T08:38:00.000000,2018,2018-09,8,38,7509.5,7518.5,7491.5,9.0,-9.0,stop,7,0.7857142857142857,0.0,0.21428571428571427,-184.25,-63.76170803884088,1
2018-09-05T08:38:00.000000,2018-09-05T08:39:00.000000,2018,2018-09,8,39,7506.75,7512.5,7495.25,5.75,-5.75,stop,1,0.7058823529411765,0.058823529411764705,0.23529411764705882,-187.25,-66.2624951160251,1
2018-09-05T08:43:00.000000,2018-09-05T08:44:00.000000,2018,2018-09,8,44,7517.0,7519.5,7512.0,2.5,-2.5,stop,1,0.8387096774193549,0.0967741935483871,0.06451612903225806,-176.75,-52.997980851347165,1
2018-09-06T08:30:00.000000,2018-09-06T08:31:00.000000,2018,2018-09,8,31,7472.5,7483.75,7450.0,11.25,22.5,target,8,0.9736842105263158,0.0,0.02631578947368421,-171.0,-35.9001692497186,1
2018-09-12T08:48:00.000000,2018-09-12T08:49:00.000000,2018,2018-09,8,49,7436.75,7445.75,7418.75,9.0,-9.0,stop,13,0.8709677419354839,0.0967741935483871,0.03225806451612903,-88.0,-44.13962161547988,1
2018-09-12T08:49:00.000000,2018-09-12T08:50:00.000000,2018,2018-09,8,50,7431.0,7439.25,7414.5,8.25,-8.25,stop,2,0.8846153846153846,0.038461538461538464,0.07692307692307693,-93.75,-49.607177012255306,1
2018-10-04T08:50:00.000000,2018-10-04T08:51:00.000000,2018,2018-10,8,51,7555.75,7558.5,7550.25,2.75,5.5,target,1,0.8709677419354839,0.0,0.12903225806451613,-148.25,-33.34214259530836,1
2018-10-10T10:19:00.000000,2018-10-10T10:20:00.000000,2018,2018-10,10,20,7253.25,7256.5,7246.75,3.25,6.5,target,2,0.7931034482758621,0.034482758620689655,0.1724137931034483,-202.5,-30.085340978789645,1
2018-10-10T10:23:00.000000,2018-10-10T10:24:00.000000,2018,2018-10,10,24,7242.25,7250.0,7226.75,7.75,15.5,target,8,0.7916666666666666,0.0,0.20833333333333334,-213.75,-40.981946041931224,1
2018-10-10T10:38:00.000000,2018-10-10T10:39:00.000000,2018,2018-10,10,39,7226.25,7229.25,7220.25,3.0,-3.0,stop,3,0.7916666666666666,0.08333333333333333,0.125,-229.25,-54.77410510979007,1
2018-10-10T10:41:00.000000,2018-10-10T10:42:00.000000,2018,2018-10,10,42,7228.75,7232.5,7221.25,3.75,7.5,target,2,0.6774193548387096,0.0967741935483871,0.22580645161290322,-227.0,-52.201913152925954,1
2018-10-10T10:47:00.000000,2018-10-10T10:48:00.000000,2018,2018-10,10,48,7227.75,7233.5,7216.25,5.75,-5.75,stop,1,0.8235294117647058,0.058823529411764705,0.11764705882352941,-228.25,-52.90985863109472,1
2018-10-10T10:50:00.000000,2018-10-10T10:51:00.000000,2018,2018-10,10,51,7236.25,7238.75,7231.25,2.5,-2.5,stop,1,0.90625,0.03125,0.0625,-219.5,-43.84498589521081,1
2018-10-12T10:44:00.000000,2018-10-12T10:45:00.000000,2018,2018-10,10,45,7044.5,7056.0,7021.5,11.5,-11.5,stop,9,0.7441860465116279,0.11627906976744186,0.13953488372093023,-93.5,-83.9850950696391,1
2018-10-19T10:12:00.000000,2018-10-19T10:13:00.000000,2018,2018-10,10,13,7158.0,7169.0,7136.0,11.0,22.0,target,9,0.7692307692307693,0.10256410256410256,0.1282051282051282,-146.75,-37.86768511016453,1
2018-10-19T10:14:00.000000,2018-10-19T10:15:00.000000,2018,2018-10,10,15,7157.25,7165.5,7140.75,8.25,16.5,target,6,0.7692307692307693,0.11538461538461539,0.11538461538461539,-147.25,-38.15623603620497,1
2018-10-19T10:15:00.000000,2018-10-19T10:16:00.000000,2018,2018-10,10,16,7151.0,7161.25,7130.5,10.25,-10.25,stop,2,0.7575757575757576,0.0,0.24242424242424243,-154.0,-44.71791900037533,1
2018-10-19T10:16:00.000000,2018-10-19T10:17:00.000000,2018,2018-10,10,17,7157.75,7160.5,7152.25,2.75,-2.75,stop,1,0.9032258064516129,0.03225806451612903,0.06451612903225806,-147.0,-37.62544807029735,1
2018-10-19T10:21:00.000000,2018-10-19T10:22:00.000000,2018,2018-10,10,22,7134.25,7143.75,7115.25,9.5,19.0,target,5,0.78125,0.0625,0.15625,-170.75,-60.09978939793473,1
2018-10-19T10:24:00.000000,2018-10-19T10:25:00.000000,2018,2018-10,10,25,7128.0,7138.0,7108.0,10.0,20.0,target,10,0.96875,0.0,0.03125,-177.0,-65.65274240404324,2
2018-10-19T10:35:00.000000,2018-10-19T10:36:00.000000,2018,2018-10,10,36,7112.5,7116.5,7104.5,4.0,-4.0,stop,1,0.7368421052631579,0.05263157894736842,0.21052631578947367,-192.5,-78.18751104984221,2
2018-10-19T10:39:00.000000,2018-10-19T10:40:00.000000,2018,2018-10,10,40,7112.25,7115.5,7105.75,3.25,6.5,target,1,0.7567567567567568,0.10810810810810811,0.13513513513513514,-192.75,-77.12452697144181,1
2018-10-19T10:41:00.000000,2018-10-19T10:42:00.000000,2018,2018-10,10,42,7109.25,7113.5,7100.75,4.25,-4.25,stop,1,0.7037037037037037,0.037037037037037035,0.25925925925925924,-195.25,-79.16748789199119,1
2018-10-19T10:45:00.000000,2018-10-19T10:46:00.000000,2018,2018-10,10,46,7123.75,7127.25,7116.75,3.5,-3.5,stop,2,0.75,0.0,0.25,-181.5,-64.58704403416323,1
2018-10-19T10:49:00.000000,2018-10-19T10:50:00.000000,2018,2018-10,10,50,7125.25,7130.0,7115.75,4.75,9.5,target,1,0.7027027027027027,0.02702702702702703,0.2702702702702703,-179.5,-61.87518555650968,1
2018-10-24T08:31:00.000000,2018-10-24T08:32:00.000000,2018,2018-10,8,32,7076.0,7082.75,7062.5,6.75,-6.75,stop,4,0.7654320987654321,0.024691358024691357,0.20987654320987653,-87.5,-26.777968526735094,2
2018-10-24T08:35:00.000000,2018-10-24T08:36:00.000000,2018,2018-10,8,36,7082.25,7085.5,7075.75,3.25,-3.25,stop,1,0.813953488372093,0.06976744186046512,0.11627906976744186,-81.75,-20.557121710950923,2
2018-10-24T08:42:00.000000,2018-10-24T08:43:00.000000,2018,2018-10,8,43,7074.0,7082.25,7057.5,8.25,16.5,target,17,0.8275862068965517,0.10344827586206896,0.06896551724137931,-90.25,-28.21393007698134,1
2018-10-24T08:44:00.000000,2018-10-24T08:45:00.000000,2018,2018-10,8,45,7069.25,7083.0,7041.75,13.75,27.5,target,18,0.96,0.0,0.04,-95.5,-33.218344155844534,1
2018-10-24T08:45:00.000000,2018-10-24T08:46:00.000000,2018,2018-10,8,46,7060.75,7074.5,7033.25,13.75,-13.75,stop,4,0.723404255319149,0.0,0.2765957446808511,-103.25,-40.678819297801056,1
2018-10-24T10:18:00.000000,2018-10-24T10:19:00.000000,2018,2018-10,10,19,7029.25,7042.5,7002.75,13.25,26.5,target,25,0.8333333333333334,0.041666666666666664,0.125,-135.0,-46.61188572809715,1
2018-10-26T08:32:00.000000,2018-10-26T08:33:00.000000,2018,2018-10,8,33,6788.0,6809.0,6746.0,21.0,-21.0,stop,46,0.8421052631578947,0.013157894736842105,0.14473684210526316,-287.5,-34.18176054131982,2
2018-10-26T08:36:00.000000,2018-10-26T08:37:00.000000,2018,2018-10,8,37,6794.25,6803.25,6776.25,9.0,18.0,target,3,0.9,0.03333333333333333,0.06666666666666667,-281.75,-27.946790129525652,2
2018-10-26T08:47:00.000000,2018-10-26T08:48:00.000000,2018,2018-10,8,48,6780.75,6785.5,6771.25,4.75,-4.75,stop,1,0.8513513513513513,0.02702702702702703,0.12162162162162163,-294.5,-38.03077291118916,3
2018-10-29T10:10:00.000000,2018-10-29T10:11:00.000000,2018,2018-10,10,11,6823.0,6835.5,6798.0,12.5,-12.5,stop,6,0.7674418604651163,0.046511627906976744,0.18604651162790697,-126.0,-103.04936878798435,2
2018-10-29T10:24:00.000000,2018-10-29T10:25:00.000000,2018,2018-10,10,25,6807.25,6811.0,6799.75,3.75,-3.75,stop,1,0.78,0.06,0.16,-142.25,-111.80965916868172,1
2018-10-30T08:40:00.000000,2018-10-30T08:41:00.000000,2018,2018-10,8,41,6713.0,6729.25,6680.5,16.25,-16.25,stop,9,0.9473684210526315,0.017543859649122806,0.03508771929824561,-278.25,-31.383069465994595,1
2018-10-30T08:47:00.000000,2018-10-30T08:48:00.000000,2018,2018-10,8,48,6715.25,6721.5,6702.75,6.25,-6.25,stop,1,0.6721311475409836,0.0,0.32786885245901637,-277.0,-28.91813639425618,2
2018-11-02T08:32:00.000000,2018-11-02T08:33:00.000000,2018,2018-11,8,33,6989.25,6993.5,6980.75,4.25,8.5,target,1,0.7435897435897436,0.0,0.2564102564102564,-90.75,-69.78099844708231,3
2018-11-02T08:45:00.000000,2018-11-02T08:46:00.000000,2018,2018-11,8,46,6977.75,6982.5,6968.25,4.75,-4.75,stop,1,0.6904761904761905,0.023809523809523808,0.2857142857142857,-102.25,-74.5339241626034,3
2018-11-02T08:47:00.000000,2018-11-02T08:48:00.000000,2018,2018-11,8,48,6976.75,6989.5,6951.25,12.75,-12.75,stop,4,0.6888888888888889,0.0,0.3111111111111111,-103.5,-75.12928848996853,3
2018-11-02T08:50:00.000000,2018-11-02T08:51:00.000000,2018,2018-11,8,51,6983.25,6989.0,6971.75,5.75,-5.75,stop,1,0.7450980392156863,0.0,0.2549019607843137,-96.0,-66.7220579372688,2
2018-11-02T10:11:00.000000,2018-11-02T10:12:00.000000,2018,2018-11,10,12,6971.75,6975.75,6963.75,4.0,-4.0,stop,2,0.75,0.06818181818181818,0.18181818181818182,-108.0,-60.31177810601639,1
2018-11-05T08:43:00.000000,2018-11-05T08:44:00.000000,2018,2018-11,8,44,6912.75,6922.25,6893.75,9.5,19.0,target,19,0.75,0.09375,0.15625,-230.25,-45.19405759285746,1
2018-11-05T08:47:00.000000,2018-11-05T08:48:00.000000,2018,2018-11,8,48,6915.0,6917.5,6910.0,2.5,5.0,target,1,0.8823529411764706,0.029411764705882353,0.08823529411764706,-228.5,-39.464328413364456,2
2018-11-05T08:50:00.000000,2018-11-05T08:51:00.000000,2018,2018-11,8,51,6917.25,6921.5,6908.75,4.25,8.5,target,2,0.8793103448275862,0.0,0.1206896551724138,-225.5,-34.94596477869709,2
2018-11-09T08:37:00.000000,2018-11-09T08:38:00.000000,2018,2018-11,8,38,7083.0,7093.5,7062.0,10.5,-10.5,stop,23,0.8108108108108109,0.08108108108108109,0.10810810810810811,-148.0,-33.97970557842473,1
2018-11-12T08:40:00.000000,2018-11-12T08:41:00.000000,2018,2018-11,8,41,6932.75,6941.75,6914.75,9.0,-9.0,stop,2,0.6666666666666666,0.06666666666666667,0.26666666666666666,-233.5,-85.24590278164851,1
2018-11-14T10:14:00.000000,2018-11-14T10:15:00.000000,2018,2018-11,10,15,6804.0,6814.5,6783.0,10.5,-10.5,stop,2,0.8421052631578947,0.10526315789473684,0.05263157894736842,-158.0,-55.86657669782289,2
2018-11-14T10:19:00.000000,2018-11-14T10:20:00.000000,2018,2018-11,10,20,6810.25,6820.0,6790.75,9.75,-9.75,stop,2,0.7096774193548387,0.06451612903225806,0.22580645161290322,-151.25,-48.110554880167,1
2018-11-14T10:20:00.000000,2018-11-14T10:21:00.000000,2018,2018-11,10,21,6815.0,6818.5,6808.0,3.5,-3.5,stop,1,0.7692307692307693,0.038461538461538464,0.19230769230769232,-146.75,-43.48067166505098,1
2018-11-14T10:31:00.000000,2018-11-14T10:32:00.000000,2018,2018-11,10,32,6801.25,6814.25,6775.25,13.0,-13.0,stop,26,0.9361702127659575,0.0425531914893617,0.02127659574468085,-161.0,-55.471827742910136,1
2018-11-14T10:43:00.000000,2018-11-14T10:44:00.000000,2018,2018-11,10,44,6794.25,6797.0,6788.75,2.75,-2.75,stop,1,0.8518518518518519,0.037037037037037035,0.1111111111111111,-167.75,-59.877413211606836,1
2018-11-16T10:49:00.000000,2018-11-16T10:50:00.000000,2018,2018-11,10,50,6835.5,6842.5,6821.5,7.0,14.0,target,14,0.8181818181818182,0.0,0.18181818181818182,-85.5,-20.677146627264847,2
2018-11-16T10:50:00.000000,2018-11-16T10:51:00.000000,2018,2018-11,10,51,6830.75,6839.0,6814.25,8.25,-8.25,stop,8,0.6666666666666666,0.1111111111111111,0.2222222222222222,-89.5,-24.601981950283516,2
2018-11-19T08:43:00.000000,2018-11-19T08:44:00.000000,2018,2018-11,8,44,6824.25,6833.75,6805.25,9.5,19.0,target,7,0.7272727272727273,0.06060606060606061,0.21212121212121213,-91.0,-43.33368502106441,1
2018-11-19T08:44:00.000000,2018-11-19T08:45:00.000000,2018,2018-11,8,45,6819.25,6827.0,6803.75,7.75,-7.75,stop,3,0.8260869565217391,0.043478260869565216,0.13043478260869565,-95.5,-47.1956183477123,1
2018-11-19T08:47:00.000000,2018-11-19T08:48:00.000000,2018,2018-11,8,48,6830.0,6834.25,6821.5,4.25,8.5,target,2,0.7346938775510204,0.08163265306122448,0.1836734693877551,-85.0,-34.455754145773426,1
2018-11-19T08:49:00.000000,2018-11-19T08:50:00.000000,2018,2018-11,8,50,6813.25,6828.0,6783.75,14.75,29.5,target,8,0.9629629629629629,0.037037037037037035,0.0,-102.0,-50.27178042465766,1
2018-11-20T08:31:00.000000,2018-11-20T08:32:00.000000,2018,2018-11,8,32,6506.5,6512.5,6494.5,6.0,-6.0,stop,1,0.7788461538461539,0.07692307692307693,0.14423076923076922,-427.75,-68.9543524823066,1
2018-11-20T08:36:00.000000,2018-11-20T08:37:00.000000,2018,2018-11,8,37,6535.75,6542.0,6523.25,6.25,-6.25,stop,1,0.7014925373134329,0.014925373134328358,0.2835820895522388,-399.25,-34.734927268154934,1
2018-11-20T08:47:00.000000,2018-11-20T08:48:00.000000,2018,2018-11,8,48,6535.25,6556.75,6492.25,21.5,43.0,target,6,0.9024390243902439,0.036585365853658534,0.06097560975609756,-399.5,-31.74376492806732,2
2018-11-20T08:50:00.000000,2018-11-20T08:51:00.000000,2018,2018-11,8,51,6512.0,6533.25,6469.5,21.25,42.5,target,22,0.961038961038961,0.0,0.03896103896103896,-422.5,-53.02365912117148,2
2018-11-22T10:39:00.000000,2018-11-22T10:40:00.000000,2018,2018-11,10,40,6523.75,6526.75,6517.75,3.0,-3.0,stop,1,0.8,0.0,0.2,-123.75,-26.93105180293969,1
2018-12-04T10:28:00.000000,2018-12-04T10:29:00.000000,2018,2018-12,10,29,7005.0,7011.5,6992.0,6.5,13.0,target,32,0.7,0.1,0.2,-134.0,-20.911610612609365,2
2018-12-04T10:31:00.000000,2018-12-04T10:32:00.000000,2018,2018-12,10,32,7004.75,7010.0,6994.25,5.25,10.5,target,27,0.8461538461538461,0.0,0.15384615384615385,-134.25,-20.995298257165814,2
2018-12-04T10:35:00.000000,2018-12-04T10:36:00.000000,2018,2018-12,10,36,6998.75,7005.25,6985.75,6.5,-6.5,stop,5,0.8823529411764706,0.0,0.11764705882352941,-140.0,-26.285704441247617,2
2018-12-06T10:34:00.000000,2018-12-06T10:35:00.000000,2018,2018-12,10,35,6665.0,6670.75,6653.5,5.75,-5.75,stop,1,0.7037037037037037,0.05555555555555555,0.24074074074074073,-196.25,-21.456576469441643,2
2018-12-10T10:14:00.000000,2018-12-10T10:15:00.000000,2018,2018-12,10,15,6565.0,6569.75,6555.5,4.75,9.5,target,2,0.8481012658227848,0.02531645569620253,0.12658227848101267,-291.25,-42.86812064814421,4
2018-12-10T10:17:00.000000,2018-12-10T10:18:00.000000,2018,2018-12,10,18,6547.75,6562.5,6518.25,14.75,-14.75,stop,4,0.8928571428571429,0.07142857142857142,0.03571428571428571,-309.0,-59.833029902902126,3
2018-12-10T10:23:00.000000,2018-12-10T10:24:00.000000,2018,2018-12,10,24,6545.25,6555.25,6525.25,10.0,-10.0,stop,3,0.8,0.08571428571428572,0.11428571428571428,-311.25,-60.476717969017045,1
2018-12-10T10:25:00.000000,2018-12-10T10:26:00.000000,2018,2018-12,10,26,6552.5,6555.5,6546.5,3.0,-3.0,stop,1,0.9180327868852459,0.01639344262295082,0.06557377049180328,-304.0,-52.54689590169983,1
2018-12-10T10:34:00.000000,2018-12-10T10:35:00.000000,2018,2018-12,10,35,6564.0,6577.75,6536.5,13.75,-13.75,stop,2,0.7843137254901961,0.058823529411764705,0.1568627450980392,-292.75,-39.41546900432877,2
2018-12-10T10:35:00.000000,2018-12-10T10:36:00.000000,2018,2018-12,10,36,6571.5,6575.75,6563.0,4.25,-4.25,stop,1,0.7948717948717948,0.0,0.20512820512820512,-284.75,-31.27272848371831,2
2018-12-13T10:22:00.000000,2018-12-13T10:23:00.000000,2018,2018-12,10,23,6755.25,6766.5,6732.75,11.25,-11.25,stop,3,0.8648648648648649,0.02702702702702703,0.10810810810810811,-116.5,-39.439378186377326,2
2018-12-13T10:25:00.000000,2018-12-13T10:26:00.000000,2018,2018-12,10,26,6766.5,6770.0,6759.5,3.5,-3.5,stop,1,0.8214285714285714,0.0,0.17857142857142858,-105.25,-27.804963982421214,2
2018-12-13T10:38:00.000000,2018-12-13T10:39:00.000000,2018,2018-12,10,39,6772.5,6776.5,6764.5,4.0,8.0,target,3,0.7575757575757576,0.030303030303030304,0.21212121212121213,-99.25,-20.52817777819382,2
2018-12-17T08:42:00.000000,2018-12-17T08:43:00.000000,2018,2018-12,8,43,6544.75,6559.0,6516.25,14.25,-14.25,stop,19,0.9411764705882353,0.0196078431372549,0.0392156862745098,-241.5,-59.76944046524568,4
2018-12-17T08:47:00.000000,2018-12-17T08:48:00.000000,2018,2018-12,8,48,6539.5,6551.75,6515.0,12.25,-12.25,stop,11,0.7333333333333333,0.08888888888888889,0.17777777777777778,-246.5,-59.35864533795939,4
2018-12-18T10:25:00.000000,2018-12-18T10:26:00.000000,2018,2018-12,10,26,6502.0,6510.5,6485.0,8.5,-8.5,stop,4,0.8846153846153846,0.038461538461538464,0.07692307692307693,-153.75,-22.281289728883166,2
2018-12-20T10:16:00.000000,2018-12-20T10:17:00.000000,2018,2018-12,10,17,6315.25,6324.75,6296.25,9.5,19.0,target,4,0.6666666666666666,0.06060606060606061,0.2727272727272727,-295.0,-34.89528188828717,1
2018-12-20T10:20:00.000000,2018-12-20T10:21:00.000000,2018,2018-12,10,21,6294.0,6309.5,6263.0,15.5,31.0,target,22,0.8545454545454545,0.05454545454545454,0.09090909090909091,-315.5,-54.56353077251788,1
2018-12-20T10:28:00.000000,2018-12-20T10:29:00.000000,2018,2018-12,10,29,6273.25,6284.25,6251.25,11.0,-11.0,stop,1,0.813953488372093,0.11627906976744186,0.06976744186046512,-337.25,-73.49296888754088,2
2018-12-20T10:29:00.000000,2018-12-20T10:30:00.000000,2018,2018-12,10,30,6284.25,6288.0,6276.75,3.75,-3.75,stop,2,0.8823529411764706,0.0,0.11764705882352941,-325.5,-61.370216939035345,2
2018-12-20T10:40:00.000000,2018-12-20T10:41:00.000000,2018,2018-12,10,41,6286.5,6290.0,6279.5,3.5,7.0,target,1,0.7916666666666666,0.08333333333333333,0.125,-323.5,-56.35111353858338,2
2018-12-20T10:48:00.000000,2018-12-20T10:49:00.000000,2018,2018-12,10,49,6243.0,6257.25,6214.5,14.25,-14.25,stop,7,0.9387755102040817,0.04081632653061224,0.02040816326530612,-366.5,-95.57136609414738,1
2018-12-21T08:40:00.000000,2018-12-21T08:41:00.000000,2018,2018-12,8,41,6279.75,6302.0,6235.25,22.25,-22.25,stop,3,0.7528089887640449,0.06741573033707865,0.1797752808988764,-125.25,-20.37615444061703,3
2018-12-21T08:50:00.000000,2018-12-21T08:51:00.000000,2018,2018-12,8,51,6267.5,6282.0,6238.5,14.5,29.0,target,16,0.7321428571428571,0.10714285714285714,0.16071428571428573,-137.0,-29.99246313913136,4
2018-12-21T10:10:00.000000,2018-12-21T10:11:00.000000,2018,2018-12,10,11,6220.25,6224.75,6211.25,4.5,9.0,target,2,0.8229166666666666,0.08333333333333333,0.09375,-184.0,-64.31759078579125,2
2018-12-21T10:12:00.000000,2018-12-21T10:13:00.000000,2018,2018-12,10,13,6206.5,6219.25,6181.0,12.75,-12.75,stop,4,0.9069767441860465,0.023255813953488372,0.06976744186046512,-197.75,-77.48357524015682,2
2018-12-21T10:15:00.000000,2018-12-21T10:16:00.000000,2018,2018-12,10,16,6217.75,6221.0,6211.25,3.25,6.5,target,1,0.8307692307692308,0.09230769230769231,0.07692307692307693,-186.75,-65.65211244834245,2
2018-12-24T08:39:00.000000,2018-12-24T08:40:00.000000,2018,2018-12,8,40,6031.5,6034.0,6026.5,2.5,5.0,target,1,0.8888888888888888,0.09523809523809523,0.015873015873015872,-306.25,-26.862086047977755,3
2018-12-24T08:43:00.000000,2018-12-24T08:44:00.000000,2018,2018-12,8,44,5997.0,6010.0,5971.0,13.0,26.0,target,4,0.8478260869565217,0.043478260869565216,0.10869565217391304,-341.0,-59.38053675462652,5
2018-12-24T10:46:00.000000,2018-12-24T10:47:00.000000,2018,2018-12,10,47,5983.5,5999.5,5951.5,16.0,-16.0,stop,14,0.7627118644067796,0.1016949152542373,0.13559322033898305,-353.75,-45.510729504718256,1
2018-12-27T10:12:00.000000,2018-12-27T10:13:00.000000,2018,2018-12,10,13,6136.75,6140.25,6129.75,3.5,-3.5,stop,1,0.8529411764705882,0.029411764705882353,0.11764705882352941,-172.75,-44.554734853082664,1
2018-12-27T10:40:00.000000,2018-12-27T10:41:00.000000,2018,2018-12,10,41,6157.0,6168.25,6134.5,11.25,22.5,target,4,0.8292682926829268,0.0975609756097561,0.07317073170731707,-153.0,-23.176283780927406,2
2018-12-31T10:16:00.000000,2018-12-31T10:17:00.000000,2018,2018-12,10,17,6308.25,6313.25,6298.25,5.0,10.0,target,4,0.7307692307692307,0.038461538461538464,0.23076923076923078,-94.25,-30.498247172251467,1
2018-12-31T10:25:00.000000,2018-12-31T10:26:00.000000,2018,2018-12,10,26,6299.25,6302.75,6292.25,3.5,-3.5,stop,2,0.7872340425531915,0.10638297872340426,0.10638297872340426,-103.0,-37.478221470065364,1
2018-12-31T10:33:00.000000,2018-12-31T10:34:00.000000,2018,2018-12,10,34,6285.75,6295.5,6266.25,9.75,-9.75,stop,2,0.90625,0.0,0.09375,-117.0,-49.61342972274997,1
2018-12-31T10:34:00.000000,2018-12-31T10:35:00.000000,2018,2018-12,10,35,6291.5,6295.0,6284.5,3.5,-3.5,stop,1,0.7666666666666667,0.03333333333333333,0.2,-111.0,-43.42415222391082,1
2019-01-10T08:47:00.000000,2019-01-10T08:48:00.000000,2019,2019-01,8,48,6540.25,6550.0,6520.75,9.75,-9.75,stop,14,0.696969696969697,0.030303030303030304,0.2727272727272727,-105.0,-22.635619430168845,3
2019-01-23T10:37:00.000000,2019-01-23T10:38:00.000000,2019,2019-01,10,38,6642.5,6649.5,6628.5,7.0,14.0,target,9,0.7142857142857143,0.09523809523809523,0.19047619047619047,-135.5,-38.558389614928274,2
2019-01-23T10:49:00.000000,2019-01-23T10:50:00.000000,2019,2019-01,10,50,6620.75,6627.75,6606.75,7.0,14.0,target,6,0.9523809523809523,0.0,0.047619047619047616,-157.75,-58.39395458549734,2
2019-01-28T08:49:00.000000,2019-01-28T08:50:00.000000,2019,2019-01,8,50,6663.0,6674.75,6639.5,11.75,-11.75,stop,10,0.975,0.025,0.0,-147.5,-59.81625596520098,2
2019-01-28T10:46:00.000000,2019-01-28T10:47:00.000000,2019,2019-01,10,47,6665.25,6671.5,6652.75,6.25,12.5,target,14,0.8333333333333334,0.0,0.16666666666666666,-145.5,-34.05852775141102,1
2019-01-29T10:10:00.000000,2019-01-29T10:11:00.000000,2019,2019-01,10,11,6636.75,6639.5,6631.25,2.75,-2.75,stop,5,0.7777777777777778,0.05555555555555555,0.16666666666666666,-154.25,-39.71591213611646,1
2019-01-29T10:11:00.000000,2019-01-29T10:12:00.000000,2019,2019-01,10,12,6633.5,6639.25,6622.0,5.75,-5.75,stop,4,0.8235294117647058,0.058823529411764705,0.11764705882352941,-157.75,-43.012868175066615,1
2019-02-07T08:48:00.000000,2019-02-07T08:49:00.000000,2019,2019-02,8,49,6919.5,6929.25,6900.0,9.75,-9.75,stop,9,0.7058823529411765,0.08823529411764706,0.20588235294117646,-119.25,-27.535321787387147,1
2019-03-07T08:45:00.000000,2019-03-07T08:46:00.000000,2019,2019-03,8,46,7060.25,7070.75,7039.25,10.5,21.0,target,7,0.8918918918918919,0.08108108108108109,0.02702702702702703,-111.0,-33.54403715134231,4
2019-03-22T08:43:00.000000,2019-03-22T08:44:00.000000,2019,2019-03,8,44,7458.75,7462.5,7451.25,3.75,-3.75,stop,1,0.7391304347826086,0.0,0.2608695652173913,-82.0,-31.496080922109286,1
2019-03-22T08:46:00.000000,2019-03-22T08:47:00.000000,2019,2019-03,8,47,7449.75,7455.75,7437.75,6.0,12.0,target,5,0.8421052631578947,0.10526315789473684,0.05263157894736842,-91.5,-40.3711983987705,1
2019-03-22T08:49:00.000000,2019-03-22T08:50:00.000000,2019,2019-03,8,50,7442.5,7453.0,7421.5,10.5,-10.5,stop,6,0.9142857142857143,0.02857142857142857,0.05714285714285714,-98.5,-46.357278408923776,1
2019-03-28T10:10:00.000000,2019-03-28T10:11:00.000000,2019,2019-03,10,11,7312.5,7321.25,7295.0,8.75,-8.75,stop,12,0.9259259259259259,0.037037037037037035,0.037037037037037035,-92.0,-21.59174417351369,2
2019-03-28T10:17:00.000000,2019-03-28T10:18:00.000000,2019,2019-03,10,18,7313.75,7316.75,7307.75,3.0,-3.0,stop,2,0.7222222222222222,0.05555555555555555,0.2222222222222222,-91.0,-20.172213594590175,2
2019-04-04T10:32:00.000000,2019-04-04T10:33:00.000000,2019,2019-04,10,33,7534.5,7541.25,7521.0,6.75,-6.75,stop,25,0.8571428571428571,0.09523809523809523,0.047619047619047616,-81.75,-32.128835868858914,1
2019-04-04T10:37:00.000000,2019-04-04T10:38:00.000000,2019,2019-04,10,38,7534.25,7538.75,7525.25,4.5,9.0,target,8,0.7777777777777778,0.0,0.2222222222222222,-81.75,-31.73420172146416,1
2019-05-07T08:31:00.000000,2019-05-07T08:32:00.000000,2019,2019-05,8,32,7699.0,7709.0,7679.0,10.0,20.0,target,7,0.9375,0.0,0.0625,-118.5,-28.81975568109374,1
2019-05-07T08:41:00.000000,2019-05-07T08:42:00.000000,2019,2019-05,8,42,7671.0,7683.0,7647.0,12.0,24.0,target,22,0.8571428571428571,0.047619047619047616,0.09523809523809523,-146.5,-54.01432881906294,2
2019-05-07T10:24:00.000000,2019-05-07T10:25:00.000000,2019,2019-05,10,25,7677.5,7680.0,7672.5,2.5,-2.5,stop,1,0.8181818181818182,0.09090909090909091,0.09090909090909091,-140.0,-26.92434244623655,1
2019-05-07T10:33:00.000000,2019-05-07T10:34:00.000000,2019,2019-05,10,34,7682.5,7691.5,7664.5,9.0,18.0,target,26,0.6666666666666666,0.0,0.3333333333333333,-135.5,-22.06628676389846,2
2019-05-07T10:34:00.000000,2019-05-07T10:35:00.000000,2019,2019-05,10,35,7678.5,7684.75,7666.0,6.25,-6.25,stop,1,0.8823529411764706,0.058823529411764705,0.058823529411764705,-138.75,-25.25822385120955,2
2019-05-07T10:43:00.000000,2019-05-07T10:44:00.000000,2019,2019-05,10,44,7671.0,7677.0,7659.0,6.0,-6.0,stop,4,0.7222222222222222,0.1111111111111111,0.16666666666666666,-146.5,-32.650634443519266,2
2019-05-07T10:47:00.000000,2019-05-07T10:48:00.000000,2019,2019-05,10,48,7676.75,7679.5,7671.25,2.75,-2.75,stop,3,0.76,0.12,0.12,-140.75,-26.70982622811971,1
2019-05-07T10:50:00.000000,2019-05-07T10:51:00.000000,2019,2019-05,10,51,7680.0,7682.5,7675.0,2.5,-2.5,stop,1,0.7692307692307693,0.11538461538461539,0.11538461538461539,-137.75,-23.569601247350874,1
2019-05-08T08:36:00.000000,2019-05-08T08:37:00.000000,2019,2019-05,8,37,7617.75,7624.75,7603.75,7.0,-7.0,stop,2,0.7142857142857143,0.09523809523809523,0.19047619047619047,-186.0,-22.057119796788356,1
2019-05-10T08:42:00.000000,2019-05-10T08:43:00.000000,2019,2019-05,8,43,7462.75,7464.75,7458.75,2.0,-2.0,stop,1,0.9787234042553191,0.02127659574468085,0.0,-181.75,-96.65595996755656,1
2019-05-10T10:15:00.000000,2019-05-10T10:16:00.000000,2019,2019-05,10,16,7489.75,7493.5,7482.25,3.75,-3.75,stop,1,0.7666666666666667,0.03333333333333333,0.2,-154.5,-37.75180589078991,1
2019-05-10T10:21:00.000000,2019-05-10T10:22:00.000000,2019,2019-05,10,22,7496.75,7505.75,7478.75,9.0,-9.0,stop,6,0.9642857142857143,0.0,0.03571428571428571,-147.75,-30.520165097263998,2
2019-05-10T10:23:00.000000,2019-05-10T10:24:00.000000,2019,2019-05,10,24,7504.25,7507.0,7498.75,2.75,5.5,target,1,0.7692307692307693,0.07692307692307693,0.15384615384615385,-140.5,-23.191572875606653,2
2019-05-13T10:23:00.000000,2019-05-13T10:24:00.000000,2019,2019-05,10,24,7348.75,7356.25,7333.75,7.5,-7.5,stop,14,0.8695652173913043,0.043478260869565216,0.08695652173913043,-202.75,-56.28153940453831,1
2019-05-13T10:24:00.000000,2019-05-13T10:25:00.000000,2019,2019-05,10,25,7345.5,7351.0,7334.5,5.5,11.0,target,2,0.875,0.0625,0.0625,-206.25,-59.68146081784289,1
2019-05-13T10:35:00.000000,2019-05-13T10:36:00.000000,2019,2019-05,10,36,7347.0,7349.75,7341.5,2.75,5.5,target,1,0.9,0.04,0.06,-204.5,-56.50487513978442,1
2019-05-13T10:37:00.000000,2019-05-13T10:38:00.000000,2019,2019-05,10,38,7355.0,7359.75,7345.5,4.75,9.5,target,3,0.75,0.11764705882352941,0.1323529411764706,-196.0,-47.61083375731323,1
2019-05-13T10:46:00.000000,2019-05-13T10:47:00.000000,2019,2019-05,10,47,7351.0,7354.0,7345.0,3.0,-3.0,stop,1,0.8181818181818182,0.06060606060606061,0.12121212121212122,-200.5,-51.42697792298077,1
2019-05-13T10:49:00.000000,2019-05-13T10:50:00.000000,2019,2019-05,10,50,7354.75,7361.5,7341.25,6.75,13.5,target,6,0.95,0.0,0.05,-197.0,-47.69431359184364,1
2019-05-13T10:50:00.000000,2019-05-13T10:51:00.000000,2019,2019-05,10,51,7350.0,7357.5,7335.0,7.5,15.0,target,10,0.7916666666666666,0.08333333333333333,0.125,-201.5,-52.11517811479371,1
2019-05-23T10:16:00.000000,2019-05-23T10:17:00.000000,2019,2019-05,10,17,7282.5,7290.0,7267.5,7.5,-7.5,stop,14,0.8333333333333334,0.041666666666666664,0.125,-192.25,-49.7893851957615,1
2019-05-24T08:47:00.000000,2019-05-24T08:48:00.000000,2019,2019-05,8,48,7330.0,7339.75,7310.5,9.75,6.5,time,90,0.8387096774193549,0.0,0.16129032258064516,-98.25,-23.125043895008275,3
2019-05-24T08:49:00.000000,2019-05-24T08:50:00.000000,2019,2019-05,8,50,7324.5,7332.75,7308.0,8.25,-8.25,stop,47,0.8076923076923077,0.11538461538461539,0.07692307692307693,-103.25,-27.69641710527594,3
2019-05-24T10:17:00.000000,2019-05-24T10:18:00.000000,2019,2019-05,10,18,7323.5,7329.75,7311.0,6.25,-6.25,stop,3,0.7894736842105263,0.10526315789473684,0.10526315789473684,-104.75,-22.150862318892905,1
2019-05-29T10:42:00.000000,2019-05-29T10:43:00.000000,2019,2019-05,10,43,7208.5,7215.25,7195.0,6.75,-6.75,stop,2,0.95,0.05,0.0,-163.25,-21.6154369850683,1
2019-06-03T10:11:00.000000,2019-06-03T10:12:00.000000,2019,2019-06,10,12,7031.0,7038.5,7016.0,7.5,15.0,target,10,0.9047619047619048,0.0,0.09523809523809523,-79.25,-49.949767781506125,3
2019-06-03T10:14:00.000000,2019-06-03T10:15:00.000000,2019,2019-06,10,15,7031.25,7036.5,7020.75,5.25,10.5,target,7,0.6829268292682927,0.0,0.3170731707317073,-79.25,-49.19940126293113,2
2019-06-03T10:24:00.000000,2019-06-03T10:25:00.000000,2019,2019-06,10,25,7003.0,7014.5,6980.0,11.5,-11.5,stop,15,0.9024390243902439,0.07317073170731707,0.024390243902439025,-107.5,-75.07312955832549,1
2019-06-25T08:39:00.000000,2019-06-25T08:40:00.000000,2019,2019-06,8,40,7692.5,7699.75,7678.0,7.25,-7.25,stop,2,0.8181818181818182,0.045454545454545456,0.13636363636363635,-101.75,-36.83973658242576,1
2019-06-25T08:40:00.000000,2019-06-25T08:41:00.000000,2019,2019-06,8,41,7697.25,7700.5,7690.75,3.25,-3.25,stop,1,0.72,0.04,0.24,-97.25,-32.04923552593846,1
2019-06-25T08:49:00.000000,2019-06-25T08:50:00.000000,2019,2019-06,8,50,7688.5,7693.5,7678.5,5.0,-5.0,stop,1,0.9230769230769231,0.0,0.07692307692307693,-106.0,-39.1106133585763,1
2019-07-05T08:31:00.000000,2019-07-05T08:32:00.000000,2019,2019-07,8,32,7806.75,7809.5,7801.25,2.75,5.5,target,3,0.6666666666666666,0.06666666666666667,0.26666666666666666,-103.25,-36.66913395135089,2
2019-07-05T08:35:00.000000,2019-07-05T08:36:00.000000,2019,2019-07,8,36,7799.0,7804.75,7787.5,5.75,-5.75,stop,4,0.6875,0.0625,0.25,-110.75,-43.34953912827132,2
2019-07-05T08:47:00.000000,2019-07-05T08:48:00.000000,2019,2019-07,8,48,7806.5,7809.25,7801.0,2.75,-2.75,stop,3,0.92,0.0,0.08,-103.0,-33.21376374218562,1
2019-07-05T08:50:00.000000,2019-07-05T08:51:00.000000,2019,2019-07,8,51,7810.75,7812.75,7806.75,2.0,-2.0,stop,2,0.95,0.05,0.0,-99.0,-28.714202148295044,1
2019-07-25T10:48:00.000000,2019-07-25T10:49:00.000000,2019,2019-07,10,49,7946.75,7949.75,7940.75,3.0,6.0,target,4,0.76,0.08,0.16,-105.0,-30.854292082243774,1
2019-08-02T10:49:00.000000,2019-08-02T10:50:00.000000,2019,2019-08,10,50,7682.25,7688.5,7669.75,6.25,12.5,target,11,0.6666666666666666,0.05555555555555555,0.2777777777777778,-332.25,-38.562319096577085,1
2019-08-05T08:37:00.000000,2019-08-05T08:38:00.000000,2019,2019-08,8,38,7479.25,7490.75,7456.25,11.5,-11.5,stop,26,0.9487179487179487,0.02564102564102564,0.02564102564102564,-222.5,-72.74827874992661,1
2019-08-05T08:39:00.000000,2019-08-05T08:40:00.000000,2019,2019-08,8,40,7472.25,7481.75,7453.25,9.5,-9.5,stop,14,0.7419354838709677,0.06451612903225806,0.1935483870967742,-229.25,-78.821750157118,1
2019-08-05T08:41:00.000000,2019-08-05T08:42:00.000000,2019,2019-08,8,42,7467.5,7475.75,7451.0,8.25,-8.25,stop,6,0.68,0.0,0.32,-234.25,-83.24031158109847,1
2019-08-09T08:35:00.000000,2019-08-09T08:36:00.000000,2019,2019-08,8,36,7637.25,7640.5,7630.75,3.25,-3.25,stop,2,0.7777777777777778,0.06666666666666667,0.15555555555555556,-101.75,-42.77376150219152,1
2019-08-09T08:50:00.000000,2019-08-09T08:51:00.000000,2019,2019-08,8,51,7650.5,7655.0,7641.5,4.5,-4.5,stop,2,0.6666666666666666,0.09523809523809523,0.23809523809523808,-88.0,-25.797361490702315,1
2019-08-14T08:40:00.000000,2019-08-14T08:41:00.000000,2019,2019-08,8,41,7571.5,7580.5,7553.5,9.0,-9.0,stop,2,0.9310344827586207,0.0,0.06896551724137931,-218.25,-76.29278966182483,2
2019-08-14T08:41:00.000000,2019-08-14T08:42:00.000000,2019,2019-08,8,42,7576.0,7578.75,7570.5,2.75,-2.75,stop,1,0.782608695652174,0.08695652173913043,0.13043478260869565,-213.5,-71.21548291443105,2
2019-08-14T08:45:00.000000,2019-08-14T08:46:00.000000,2019,2019-08,8,46,7578.5,7590.5,7554.5,12.0,24.0,target,16,0.9024390243902439,0.024390243902439025,0.07317073170731707,-211.0,-67.66779410675281,2
2019-08-14T08:50:00.000000,2019-08-14T08:51:00.000000,2019,2019-08,8,51,7569.0,7579.0,7549.0,10.0,-10.0,stop,5,0.8484848484848485,0.030303030303030304,0.12121212121212122,-220.5,-75.83122064874806,2
2019-08-14T10:12:00.000000,2019-08-14T10:13:00.000000,2019,2019-08,10,13,7521.25,7523.5,7516.75,2.25,4.5,target,1,0.9076923076923077,0.09230769230769231,0.0,-268.0,-92.52798009728303,1
2019-08-14T10:30:00.000000,2019-08-14T10:31:00.000000,2019,2019-08,10,31,7523.25,7527.0,7515.75,3.75,-3.75,stop,1,0.717948717948718,0.10256410256410256,0.1794871794871795,-266.25,-86.12449276475854,1
2019-08-14T10:33:00.000000,2019-08-14T10:34:00.000000,2019,2019-08,10,34,7528.75,7535.75,7514.75,7.0,14.0,target,9,0.75,0.08333333333333333,0.16666666666666666,-261.25,-80.38107746508467,1
2019-08-14T10:37:00.000000,2019-08-14T10:38:00.000000,2019,2019-08,10,38,7530.75,7532.75,7526.75,2.0,4.0,target,1,0.8823529411764706,0.058823529411764705,0.058823529411764705,-259.0,-77.67720083325366,1
2019-08-14T10:44:00.000000,2019-08-14T10:45:00.000000,2019,2019-08,10,45,7517.25,7524.0,7503.75,6.75,13.5,target,6,0.6842105263157895,0.0,0.3157894736842105,-272.25,-89.61640661488491,1
2019-08-14T10:49:00.000000,2019-08-14T10:50:00.000000,2019,2019-08,10,50,7506.75,7517.75,7484.75,11.0,-11.0,stop,35,0.7631578947368421,0.02631578947368421,0.21052631578947367,-283.0,-99.36126377626351,1
2019-08-22T08:37:00.000000,2019-08-22T08:38:00.000000,2019,2019-08,8,38,7674.0,7677.5,7667.0,3.5,-3.5,stop,1,0.7647058823529411,0.029411764705882353,0.20588235294117646,-108.5,-64.81491843583808,3
2019-08-22T08:41:00.000000,2019-08-22T08:42:00.000000,2019,2019-08,8,42,7678.5,7681.25,7673.0,2.75,5.5,target,2,0.7777777777777778,0.1111111111111111,0.1111111111111111,-103.5,-58.1591488168533,3
2019-08-22T08:49:00.000000,2019-08-22T08:50:00.000000,2019,2019-08,8,50,7675.5,7678.75,7669.0,3.25,6.5,target,2,0.8857142857142857,0.02857142857142857,0.08571428571428572,-106.25,-57.17761227237679,3
2019-08-22T10:26:00.000000,2019-08-22T10:27:00.000000,2019,2019-08,10,27,7699.75,7702.25,7694.75,2.5,-2.5,stop,5,0.6666666666666666,0.0,0.3333333333333333,-82.5,-20.4409431690774,1
2019-08-22T10:38:00.000000,2019-08-22T10:39:00.000000,2019,2019-08,10,39,7694.75,7697.0,7690.25,2.25,-2.25,stop,3,0.8571428571428571,0.0,0.14285714285714285,-87.5,-25.05015980213102,1
2019-09-26T10:10:00.000000,2019-09-26T10:11:00.000000,2019,2019-09,10,11,7762.0,7768.0,7750.0,6.0,-6.0,stop,5,0.6666666666666666,0.1111111111111111,0.2222222222222222,-82.25,-21.613286982977115,1
2019-09-27T08:32:00.000000,2019-09-27T08:33:00.000000,2019,2019-09,8,33,7758.75,7766.5,7743.25,7.75,-7.75,stop,4,0.9583333333333334,0.041666666666666664,0.0,-84.0,-20.817594071139865,1
2019-09-27T10:32:00.000000,2019-09-27T10:33:00.000000,2019,2019-09,10,33,7734.5,7737.25,7729.0,2.75,-2.75,stop,5,0.8636363636363636,0.045454545454545456,0.09090909090909091,-108.0,-34.18919465385261,3
2019-10-02T08:42:00.000000,2019-10-02T08:43:00.000000,2019,2019-10,8,43,7581.75,7584.75,7575.75,3.0,6.0,target,3,0.9285714285714286,0.047619047619047616,0.023809523809523808,-259.0,-48.01407956841467,1
2019-10-18T08:34:00.000000,2019-10-18T08:35:00.000000,2019,2019-10,8,35,7913.75,7920.25,7900.75,6.5,13.0,target,9,0.7,0.1,0.2,-81.0,-27.683758217410286,2
2019-10-18T08:42:00.000000,2019-10-18T08:43:00.000000,2019,2019-10,8,43,7906.0,7914.0,7890.0,8.0,-8.0,stop,18,0.8846153846153846,0.038461538461538464,0.07692307692307693,-89.0,-33.932869505083545,2
2019-10-18T08:50:00.000000,2019-10-18T08:51:00.000000,2019,2019-10,8,51,7909.5,7911.75,7905.0,2.25,-2.25,stop,1,0.782608695652174,0.08695652173913043,0.13043478260869565,-85.75,-28.281101210422094,2
2019-12-03T08:37:00.000000,2019-12-03T08:38:00.000000,2019,2019-12,8,38,8206.5,8219.75,8180.0,13.25,26.5,target,11,0.8888888888888888,0.044444444444444446,0.06666666666666667,-250.25,-59.44577984595708,1
2019-12-03T08:40:00.000000,2019-12-03T08:41:00.000000,2019,2019-12,8,41,8191.0,8199.0,8175.0,8.0,-8.0,stop,2,0.88,0.04,0.08,-266.25,-71.89687826449517,1
2019-12-03T08:46:00.000000,2019-12-03T08:47:00.000000,2019,2019-12,8,47,8205.75,8208.25,8200.75,2.5,5.0,target,1,0.9555555555555556,0.0,0.044444444444444446,-251.5,-52.50215121117981,1
2019-12-03T10:21:00.000000,2019-12-03T10:22:00.000000,2019,2019-12,10,22,8207.0,8209.75,8201.5,2.75,5.5,target,3,0.75,0.1,0.15,-250.25,-25.291794445418418,1
2019-12-03T10:44:00.000000,2019-12-03T10:45:00.000000,2019,2019-12,10,45,8202.0,8208.0,8190.0,6.0,-6.0,stop,4,0.7058823529411765,0.0,0.29411764705882354,-255.5,-28.77100015673568,1
2019-12-30T08:41:00.000000,2019-12-30T08:42:00.000000,2019,2019-12,8,42,8738.75,8745.25,8725.75,6.5,13.0,target,3,0.8571428571428571,0.09523809523809523,0.047619047619047616,-105.0,-42.94685693568863,2
2019-12-30T08:49:00.000000,2019-12-30T08:50:00.000000,2019,2019-12,8,50,8708.5,8718.5,8688.5,10.0,-10.0,stop,2,0.9117647058823529,0.058823529411764705,0.029411764705882353,-135.0,-63.72301714671812,2
2020-01-27T08:31:00.000000,2020-01-27T08:32:00.000000,2020,2020-01,8,32,8951.5,8955.75,8943.0,4.25,-4.25,stop,1,0.9,0.0,0.1,-335.5,-45.63865984061158,2
2020-01-27T10:28:00.000000,2020-01-27T10:29:00.000000,2020,2020-01,10,29,8960.75,8965.25,8951.75,4.5,-4.5,stop,2,0.6666666666666666,0.10416666666666667,0.22916666666666666,-326.75,-23.87687212324454,1
2020-01-27T10:31:00.000000,2020-01-27T10:32:00.000000,2020,2020-01,10,32,8961.25,8968.0,8947.75,6.75,-6.75,stop,4,0.8,0.05,0.15,-326.0,-22.90273819032882,1
2020-02-20T10:15:00.000000,2020-02-20T10:16:00.000000,2020,2020-02,10,16,9655.0,9664.0,9637.0,9.0,18.0,target,10,0.8666666666666667,0.1,0.03333333333333333,-93.5,-55.74302034644279,3
2020-02-20T10:26:00.000000,2020-02-20T10:27:00.000000,2020,2020-02,10,27,9619.75,9632.25,9594.75,12.5,25.0,target,4,0.7619047619047619,0.023809523809523808,0.21428571428571427,-128.75,-84.30767965433006,4
2020-02-20T10:39:00.000000,2020-02-20T10:40:00.000000,2020,2020-02,10,40,9583.0,9588.0,9573.0,5.0,10.0,target,1,0.8641975308641975,0.0,0.13580246913580246,-165.5,-100.15322615975674,1
2020-02-21T08:41:00.000000,2020-02-21T08:42:00.000000,2020,2020-02,8,42,9536.5,9551.0,9507.5,14.5,29.0,target,6,0.98,0.02,0.0,-226.25,-40.50733977365417,1
2020-02-21T08:50:00.000000,2020-02-21T08:51:00.000000,2020,2020-02,8,51,9503.25,9509.0,9491.75,5.75,-5.75,stop,1,0.826530612244898,0.030612244897959183,0.14285714285714285,-259.5,-63.30763026211753,2
2020-02-21T10:47:00.000000,2020-02-21T10:48:00.000000,2020,2020-02,10,48,9509.25,9517.5,9492.75,8.25,-8.25,stop,5,0.8928571428571429,0.10714285714285714,0.0,-253.75,-30.06502122443817,1
2020-02-21T10:50:00.000000,2020-02-21T10:51:00.000000,2020,2020-02,10,51,9513.75,9517.25,9506.75,3.5,-3.5,stop,2,0.75,0.0,0.25,-249.25,-25.383869810746546,1
2020-02-24T08:31:00.000000,2020-02-24T08:32:00.000000,2020,2020-02,8,32,9131.75,9134.25,9126.75,2.5,-2.5,stop,1,0.9230769230769231,0.06787330316742081,0.00904977375565611,-492.0,-72.3243659217951,2
2020-02-24T08:40:00.000000,2020-02-24T08:41:00.000000,2020,2020-02,8,41,9146.5,9167.5,9104.5,21.0,-21.0,stop,4,0.8352941176470589,0.10588235294117647,0.058823529411764705,-477.25,-52.79680618069324,2
2020-02-24T08:43:00.000000,2020-02-24T08:44:00.000000,2020,2020-02,8,44,9153.75,9159.0,9143.25,5.25,-5.25,stop,1,0.8421052631578947,0.0,0.15789473684210525,-469.75,-44.265777712265844,2
2020-02-24T10:16:00.000000,2020-02-24T10:17:00.000000,2020,2020-02,10,17,9138.25,9141.0,9132.75,2.75,-2.75,stop,1,0.9230769230769231,0.0,0.07692307692307693,-485.5,-47.863678845858885,1
2020-02-24T10:48:00.000000,2020-02-24T10:49:00.000000,2020,2020-02,10,49,9100.5,9102.75,9096.0,2.25,4.5,target,1,0.9333333333333333,0.0,0.06666666666666667,-523.5,-81.150771387036,2
2020-02-25T08:36:00.000000,2020-02-25T08:37:00.000000,2020,2020-02,8,37,9134.75,9151.0,9102.25,16.25,-16.25,stop,1,0.8225806451612904,0.08064516129032258,0.0967741935483871,-230.25,-25.774544645440983,2
2020-02-27T08:45:00.000000,2020-02-27T08:46:00.000000,2020,2020-02,8,46,8646.5,8668.75,8602.0,22.25,-22.25,stop,9,0.9310344827586207,0.05747126436781609,0.011494252873563218,-391.25,-96.67628501829131,4
2020-02-27T08:47:00.000000,2020-02-27T08:48:00.000000,2020,2020-02,8,48,8612.0,8634.75,8566.5,22.75,-22.75,stop,2,0.9090909090909091,0.06818181818181818,0.022727272727272728,-425.25,-128.2272228544971,4
2020-02-27T10:28:00.000000,2020-02-27T10:29:00.000000,2020,2020-02,10,29,8664.5,8680.25,8633.0,15.75,31.5,target,10,0.8181818181818182,0.01818181818181818,0.16363636363636364,-372.75,-37.44741411724681,5
2020-02-27T10:31:00.000000,2020-02-27T10:32:00.000000,2020,2020-02,10,32,8653.25,8656.5,8646.75,3.25,-3.25,stop,1,0.7222222222222222,0.1111111111111111,0.16666666666666666,-384.5,-48.75745972441655,5
2020-02-27T10:32:00.000000,2020-02-27T10:33:00.000000,2020,2020-02,10,33,8670.0,8672.5,8665.0,2.5,-2.5,stop,1,0.9178082191780822,0.0547945205479452,0.0273972602739726,-367.5,-31.63055003348927,5
2020-02-27T10:36:00.000000,2020-02-27T10:37:00.000000,2020,2020-02,10,37,8639.75,8659.25,8600.75,19.5,-19.5,stop,6,0.8472222222222222,0.05555555555555555,0.09722222222222222,-397.25,-60.70667690553819,5
2020-02-27T10:47:00.000000,2020-02-27T10:48:00.000000,2020,2020-02,10,48,8635.5,8642.0,8622.5,6.5,-6.5,stop,1,0.7708333333333334,0.0625,0.16666666666666666,-401.5,-63.08416551814662,4
2020-03-03T10:41:00.000000,2020-03-03T10:42:00.000000,2020,2020-03,10,42,8785.5,8810.0,8736.5,24.5,-24.5,stop,13,0.8229166666666666,0.10416666666666667,0.07291666666666667,-96.75,-64.96292264436124,3
2020-03-05T08:49:00.000000,2020-03-05T08:50:00.000000,2020,2020-03,8,50,8740.25,8762.0,8696.75,21.75,-21.75,stop,24,0.8478260869565217,0.11956521739130435,0.03260869565217391,-210.25,-33.37540194342364,2
2020-03-06T08:41:00.000000,2020-03-06T08:42:00.000000,2020,2020-03,8,42,8420.75,8439.0,8384.25,18.25,-18.25,stop,2,0.9545454545454546,0.0,0.045454545454545456,-479.25,-67.04365274986412,1
2020-03-06T08:43:00.000000,2020-03-06T08:44:00.000000,2020,2020-03,8,44,8437.25,8445.25,8421.25,8.0,-8.0,stop,1,0.6804123711340206,0.10309278350515463,0.21649484536082475,-461.75,-48.74241747827,1
2020-03-06T08:50:00.000000,2020-03-06T08:51:00.000000,2020,2020-03,8,51,8386.0,8398.25,8361.5,12.25,-12.25,stop,1,0.717391304347826,0.08695652173913043,0.1956521739130435,-514.0,-97.90242923744154,2
2020-03-10T10:10:00.000000,2020-03-10T10:11:00.000000,2020,2020-03,10,11,8083.5,8088.75,8073.0,5.25,-5.25,stop,1,0.8602150537634409,0.03225806451612903,0.10752688172043011,-156.0,-63.15387768057735,1
2020-03-10T10:17:00.000000,2020-03-10T10:18:00.000000,2020,2020-03,10,18,8106.25,8128.5,8061.75,22.25,-22.25,stop,2,0.8181818181818182,0.11363636363636363,0.06818181818181818,-133.25,-39.76046809507625,1
2020-03-11T10:31:00.000000,2020-03-11T10:32:00.000000,2020,2020-03,10,32,8119.5,8124.25,8110.0,4.75,-4.75,stop,1,0.75,0.0,0.25,-259.5,-23.530353880621988,1
2020-03-11T10:41:00.000000,2020-03-11T10:42:00.000000,2020,2020-03,10,42,8061.75,8083.5,8018.25,21.75,43.5,target,23,0.8705882352941177,0.10588235294117647,0.023529411764705882,-316.25,-79.00057339349132,1
2020-03-12T10:13:00.000000,2020-03-12T10:14:00.000000,2020,2020-03,10,14,7357.25,7364.75,7342.25,7.5,-7.5,stop,1,0.8321678321678322,0.03496503496503497,0.13286713286713286,-902.0,-222.8361040017362,1
2020-03-12T10:27:00.000000,2020-03-12T10:28:00.000000,2020,2020-03,10,28,7443.25,7448.5,7432.75,5.25,10.5,target,2,0.8636363636363636,0.011363636363636364,0.125,-816.25,-127.82470619948526,1
2020-03-12T10:33:00.000000,2020-03-12T10:34:00.000000,2020,2020-03,10,34,7391.75,7404.75,7365.75,13.0,-13.0,stop,5,0.8604651162790697,0.0,0.13953488372093023,-868.0,-176.927989808838,1
2020-03-18T10:44:00.000000,2020-03-18T10:45:00.000000,2020,2020-03,10,45,7115.0,7119.5,7106.0,4.5,-4.5,stop,1,0.879746835443038,0.0379746835443038,0.08227848101265822,-422.75,-49.72138153448486,1
2020-03-20T10:10:00.000000,2020-03-20T10:11:00.000000,2020,2020-03,10,11,7229.25,7232.5,7222.75,3.25,6.5,target,1,0.8740740740740741,0.07407407407407407,0.05185185185185185,-273.75,-171.7072900754065,1
2020-03-20T10:12:00.000000,2020-03-20T10:13:00.000000,2020,2020-03,10,13,7234.25,7245.25,7212.25,11.0,-11.0,stop,2,0.7272727272727273,0.0,0.2727272727272727,-266.0,-163.11265405929225,1
2020-03-25T08:32:00.000000,2020-03-25T08:33:00.000000,2020,2020-03,8,33,7447.75,7469.5,7404.25,21.75,-21.75,stop,4,0.7073170731707317,0.08536585365853659,0.2073170731707317,-185.25,-69.33191009179882,2
2020-03-25T08:40:00.000000,2020-03-25T08:41:00.000000,2020,2020-03,8,41,7486.0,7491.0,7476.0,5.0,-5.0,stop,1,0.6792452830188679,0.11320754716981132,0.20754716981132076,-147.75,-29.845737346622627,2
2020-03-27T08:31:00.000000,2020-03-27T08:32:00.000000,2020,2020-03,8,32,7606.75,7610.75,7598.75,4.0,-4.0,stop,1,0.7872340425531915,0.02127659574468085,0.19148936170212766,-287.0,-74.23733642822481,1
2020-03-27T08:42:00.000000,2020-03-27T08:43:00.000000,2020,2020-03,8,43,7619.25,7626.5,7604.75,7.25,14.5,target,2,0.7297297297297297,0.0,0.2702702702702703,-274.0,-57.82822197560836,1
2020-03-27T08:48:00.000000,2020-03-27T08:49:00.000000,2020,2020-03,8,49,7606.0,7610.75,7596.5,4.75,-4.75,stop,1,0.7727272727272727,0.030303030303030304,0.19696969696969696,-288.0,-69.53765186337023,1
2020-03-27T10:17:00.000000,2020-03-27T10:18:00.000000,2020,2020-03,10,18,7609.25,7612.0,7603.75,2.75,-2.75,stop,1,0.8235294117647058,0.058823529411764705,0.11764705882352941,-285.0,-54.37760218264157,1
2020-03-27T10:31:00.000000,2020-03-27T10:32:00.000000,2020,2020-03,10,32,7630.0,7634.5,7621.0,4.5,-4.5,stop,1,0.875,0.0,0.125,-263.25,-31.116219784765235,1
2020-03-27T10:33:00.000000,2020-03-27T10:34:00.000000,2020,2020-03,10,34,7624.75,7637.75,7598.75,13.0,-13.0,stop,1,0.7291666666666666,0.0,0.2708333333333333,-269.75,-37.440506469311,1
2020-03-27T10:47:00.000000,2020-03-27T10:48:00.000000,2020,2020-03,10,48,7638.25,7645.75,7623.25,7.5,15.0,target,3,0.8571428571428571,0.07142857142857142,0.07142857142857142,-256.25,-23.42664313604837,1
2020-04-01T10:10:00.000000,2020-04-01T10:11:00.000000,2020,2020-04,10,11,7575.5,7580.25,7566.0,4.75,-4.75,stop,2,0.7142857142857143,0.07142857142857142,0.21428571428571427,-419.0,-34.367201818509784,1
2020-04-01T10:13:00.000000,2020-04-01T10:14:00.000000,2020,2020-04,10,14,7572.25,7575.25,7566.25,3.0,-3.0,stop,1,0.85,0.025,0.125,-423.0,-38.03191907471137,1
2020-04-01T10:24:00.000000,2020-04-01T10:25:00.000000,2020,2020-04,10,25,7569.25,7580.25,7547.25,11.0,22.0,target,11,0.75,0.1,0.15,-425.75,-39.96387204538769,1
2020-04-01T10:26:00.000000,2020-04-01T10:27:00.000000,2020,2020-04,10,27,7564.5,7577.5,7538.5,13.0,26.0,target,12,0.9056603773584906,0.09433962264150944,0.0,-431.5,-45.51091075263139,1
2020-04-01T10:30:00.000000,2020-04-01T10:31:00.000000,2020,2020-04,10,31,7562.0,7565.75,7554.5,3.75,-3.75,stop,1,0.723404255319149,0.0851063829787234,0.19148936170212766,-433.5,-47.06346044393831,2
2020-04-01T10:37:00.000000,2020-04-01T10:38:00.000000,2020,2020-04,10,38,7539.25,7548.5,7520.75,9.25,18.5,target,4,0.9,0.06666666666666667,0.03333333333333333,-455.5,-68.31928766711371,2
2020-04-01T10:38:00.000000,2020-04-01T10:39:00.000000,2020,2020-04,10,39,7527.5,7541.75,7499.0,14.25,28.5,target,11,0.8846153846153846,0.07692307692307693,0.038461538461538464,-467.25,-79.75153987720387,2
2020-04-01T10:41:00.000000,2020-04-01T10:42:00.000000,2020,2020-04,10,42,7517.0,7529.75,7491.5,12.75,-12.75,stop,15,0.8222222222222222,0.022222222222222223,0.15555555555555556,-478.25,-90.10075521199906,3
2020-04-01T10:46:00.000000,2020-04-01T10:47:00.000000,2020,2020-04,10,47,7513.5,7525.0,7490.5,11.5,-11.5,stop,9,0.8378378378378378,0.0,0.16216216216216217,-481.25,-92.13288074807133,3
2020-04-01T10:50:00.000000,2020-04-01T10:51:00.000000,2020,2020-04,10,51,7509.5,7516.0,7496.5,6.5,-6.5,stop,4,0.6842105263157895,0.05263157894736842,0.2631578947368421,-484.75,-94.58304755525751,3
2020-04-03T10:12:00.000000,2020-04-03T10:13:00.000000,2020,2020-04,10,13,7483.75,7497.25,7456.75,13.5,-13.5,stop,27,0.8076923076923077,0.11538461538461539,0.07692307692307693,-172.5,-86.39129294355735,2
2020-04-03T10:27:00.000000,2020-04-03T10:28:00.000000,2020,2020-04,10,28,7480.25,7482.5,7475.75,2.25,-2.25,stop,1,0.8571428571428571,0.08571428571428572,0.05714285714285714,-176.25,-86.8421074688913,2
2020-04-03T10:33:00.000000,2020-04-03T10:34:00.000000,2020,2020-04,10,34,7485.0,7488.5,7478.0,3.5,-3.5,stop,1,0.7906976744186046,0.06976744186046512,0.13953488372093023,-171.25,-80.3351315900818,2
2020-04-15T08:31:00.000000,2020-04-15T08:32:00.000000,2020,2020-04,8,32,8542.0,8546.25,8533.5,4.25,-4.25,stop,1,0.72,0.12,0.16,-167.75,-27.679547544945308,1
2020-04-17T08:37:00.000000,2020-04-17T08:38:00.000000,2020,2020-04,8,38,8776.75,8781.0,8768.25,4.25,8.5,target,1,0.7,0.03333333333333333,0.26666666666666666,-160.0,-79.33825461229753,1
2020-04-17T08:50:00.000000,2020-04-17T08:51:00.000000,2020,2020-04,8,51,8749.0,8753.5,8740.0,4.5,-4.5,stop,1,0.6756756756756757,0.08108108108108109,0.24324324324324326,-187.75,-101.72874085662261,1
2020-04-17T10:13:00.000000,2020-04-17T10:14:00.000000,2020,2020-04,10,14,8733.0,8735.0,8729.0,2.0,-2.0,stop,1,0.9428571428571428,0.02857142857142857,0.02857142857142857,-204.25,-93.0993350974586,1
2020-04-21T08:39:00.000000,2020-04-21T08:40:00.000000,2020,2020-04,8,40,8493.0,8506.5,8466.0,13.5,27.0,target,9,0.7021276595744681,0.02127659574468085,0.2765957446808511,-353.0,-123.74112088595757,1
2020-04-21T08:47:00.000000,2020-04-21T08:48:00.000000,2020,2020-04,8,48,8469.0,8485.0,8437.0,16.0,32.0,target,3,0.8688524590163934,0.11475409836065574,0.01639344262295082,-376.5,-142.66594451071614,1
2020-04-28T08:35:00.000000,2020-04-28T08:36:00.000000,2020,2020-04,8,36,8789.75,8794.0,8781.25,4.25,-4.25,stop,1,0.7142857142857143,0.0,0.2857142857142857,-109.0,-61.238428693890455,2
2020-04-28T08:39:00.000000,2020-04-28T08:40:00.000000,2020,2020-04,8,40,8780.25,8794.0,8752.75,13.75,27.5,target,4,0.88,0.0,0.12,-118.5,-69.31738014750226,2
2020-04-28T08:40:00.000000,2020-04-28T08:41:00.000000,2020,2020-04,8,41,8773.75,8784.25,8752.75,10.5,21.0,target,3,0.7297297297297297,0.05405405405405406,0.21621621621621623,-124.5,-74.8032478863679,2
2020-04-28T10:16:00.000000,2020-04-28T10:17:00.000000,2020,2020-04,10,17,8702.0,8704.5,8697.0,2.5,5.0,target,1,0.8717948717948718,0.02564102564102564,0.10256410256410256,-196.5,-106.65798981389707,1
2020-04-30T10:23:00.000000,2020-04-30T10:24:00.000000,2020,2020-04,10,24,8925.25,8928.5,8918.75,3.25,6.5,target,2,0.8571428571428571,0.09523809523809523,0.047619047619047616,-192.75,-84.61799927905668,1
2020-04-30T10:36:00.000000,2020-04-30T10:37:00.000000,2020,2020-04,10,37,8918.0,8922.5,8909.0,4.5,-4.5,stop,1,0.7567567567567568,0.0,0.24324324324324326,-200.5,-89.850774834591,1
2020-05-01T10:10:00.000000,2020-05-01T10:11:00.000000,2020,2020-05,10,11,8713.25,8718.25,8703.25,5.0,-5.0,stop,2,0.675,0.0,0.325,-431.75,-86.1551154790377,1
2020-05-01T10:16:00.000000,2020-05-01T10:17:00.000000,2020,2020-05,10,17,8718.25,8728.0,8698.75,9.75,-9.75,stop,2,0.71875,0.0625,0.21875,-426.25,-79.12003831092079,1
2020-05-01T10:17:00.000000,2020-05-01T10:18:00.000000,2020,2020-05,10,18,8727.5,8729.5,8723.5,2.0,-2.0,stop,1,0.972972972972973,0.0,0.02702702702702703,-417.5,-70.22494209327488,1
2020-05-01T10:20:00.000000,2020-05-01T10:21:00.000000,2020,2020-05,10,21,8728.5,8732.5,8720.5,4.0,-4.0,stop,1,0.6774193548387096,0.0967741935483871,0.22580645161290322,-416.0,-68.19562597557706,1
2020-05-01T10:22:00.000000,2020-05-01T10:23:00.000000,2020,2020-05,10,23,8725.5,8734.25,8708.0,8.75,17.5,target,7,0.7586206896551724,0.06896551724137931,0.1724137931034483,-419.25,-71.10821173926706,1
2020-05-01T10:29:00.000000,2020-05-01T10:30:00.000000,2020,2020-05,10,30,8706.5,8720.0,8679.5,13.5,-13.5,stop,6,0.9361702127659575,0.06382978723404255,0.0,-437.75,-88.31523953430042,1
2020-05-01T10:33:00.000000,2020-05-01T10:34:00.000000,2020,2020-05,10,34,8715.0,8719.25,8706.5,4.25,-4.25,stop,1,0.835820895522388,0.0,0.16417910447761194,-430.25,-79.82502527506222,1
2020-05-01T10:39:00.000000,2020-05-01T10:40:00.000000,2020,2020-05,10,40,8696.5,8706.5,8676.5,10.0,20.0,target,3,0.7878787878787878,0.030303030303030304,0.18181818181818182,-448.25,-96.63100000730628,1
2020-05-01T10:45:00.000000,2020-05-01T10:46:00.000000,2020,2020-05,10,46,8695.0,8697.5,8690.0,2.5,-2.5,stop,1,0.9111111111111111,0.044444444444444446,0.044444444444444446,-449.75,-95.98018647392746,1
2020-05-01T10:47:00.000000,2020-05-01T10:48:00.000000,2020,2020-05,10,48,8695.25,8699.0,8687.75,3.75,-3.75,stop,3,0.7941176470588235,0.0,0.20588235294117646,-449.5,-95.21579103882323,1
2020-05-13T10:20:00.000000,2020-05-13T10:21:00.000000,2020,2020-05,10,21,8911.5,8916.5,8901.5,5.0,-5.0,stop,1,0.8,0.05555555555555555,0.14444444444444443,-434.25,-175.6221430849364,1
2020-05-13T10:26:00.000000,2020-05-13T10:27:00.000000,2020,2020-05,10,27,8937.0,8941.0,8929.0,4.0,8.0,target,1,0.8076923076923077,0.057692307692307696,0.1346153846153846,-408.25,-145.96291977032706,1
2020-05-14T08:36:00.000000,2020-05-14T08:37:00.000000,2020,2020-05,8,37,8886.0,8888.75,8880.5,2.75,-2.75,stop,1,0.859375,0.09375,0.046875,-316.75,-52.91688932540637,3
2020-05-14T08:38:00.000000,2020-05-14T08:39:00.000000,2020,2020-05,8,39,8900.25,8906.5,8887.75,6.25,-6.25,stop,1,0.845360824742268,0.010309278350515464,0.14432989690721648,-301.75,-37.42025834294145,3
2020-05-14T08:46:00.000000,2020-05-14T08:47:00.000000,2020,2020-05,8,47,8878.25,8899.75,8835.25,21.5,-21.5,stop,2,0.8048780487804879,0.07317073170731707,0.12195121951219512,-324.0,-58.011310972029605,3
2020-05-14T08:48:00.000000,2020-05-14T08:49:00.000000,2020,2020-05,8,49,8903.25,8906.75,8896.25,3.5,-3.5,stop,1,0.8481012658227848,0.08860759493670886,0.06329113924050633,-299.25,-32.81447236898384,3
2020-05-21T08:47:00.000000,2020-05-21T08:48:00.000000,2020,2020-05,8,48,9418.0,9420.75,9412.5,2.75,-2.75,stop,1,0.8461538461538461,0.05128205128205128,0.10256410256410256,-85.5,-33.38086795399977,2
2020-05-21T10:40:00.000000,2020-05-21T10:41:00.000000,2020,2020-05,10,41,9403.75,9407.75,9395.75,4.0,-4.0,stop,1,0.6857142857142857,0.05714285714285714,0.2571428571428571,-99.75,-31.69638916081567,3
2020-05-21T10:41:00.000000,2020-05-21T10:42:00.000000,2020,2020-05,10,42,9412.0,9416.25,9403.5,4.25,-4.25,stop,5,0.6956521739130435,0.08695652173913043,0.21739130434782608,-91.5,-23.38763347904751,3
2020-05-27T10:11:00.000000,2020-05-27T10:12:00.000000,2020,2020-05,10,12,9295.75,9305.25,9276.75,9.5,-9.5,stop,16,0.8333333333333334,0.1111111111111111,0.05555555555555555,-308.75,-41.75296098619765,1
2020-05-29T08:48:00.000000,2020-05-29T08:49:00.000000,2020,2020-05,8,49,9392.5,9406.0,9365.5,13.5,-13.5,stop,8,0.8723404255319149,0.02127659574468085,0.10638297872340426,-173.0,-40.22926339866535,2
2020-06-04T10:33:00.000000,2020-06-04T10:34:00.000000,2020,2020-06,10,34,9642.75,9646.75,9634.75,4.0,-4.0,stop,8,0.7,0.03333333333333333,0.26666666666666666,-85.5,-40.843378412431775,2
2020-06-04T10:50:00.000000,2020-06-04T10:51:00.000000,2020,2020-06,10,51,9641.75,9645.0,9635.25,3.25,-3.25,stop,5,0.7307692307692307,0.038461538461538464,0.23076923076923078,-86.75,-40.54073469229115,3
2020-06-12T10:28:00.000000,2020-06-12T10:29:00.000000,2020,2020-06,10,29,9685.5,9688.25,9680.0,2.75,-2.75,stop,1,0.8867924528301887,0.02830188679245283,0.08490566037735849,-411.5,-32.7111112264065,1
2020-06-12T10:32:00.000000,2020-06-12T10:33:00.000000,2020,2020-06,10,33,9655.5,9678.25,9610.0,22.75,-22.75,stop,26,0.6808510638297872,0.0851063829787234,0.23404255319148937,-440.75,-61.34845303848488,1
2020-06-12T10:33:00.000000,2020-06-12T10:34:00.000000,2020,2020-06,10,34,9645.25,9660.25,9615.25,15.0,-15.0,stop,7,0.7692307692307693,0.019230769230769232,0.21153846153846154,-450.0,-70.43070235632331,1
2020-06-24T08:30:00.000000,2020-06-24T08:31:00.000000,2020,2020-06,8,31,10115.75,10127.0,10093.25,11.25,22.5,target,3,0.825,0.05,0.125,-180.75,-41.82063843941978,1
2020-06-24T08:43:00.000000,2020-06-24T08:44:00.000000,2020,2020-06,8,44,10079.5,10084.5,10069.5,5.0,-5.0,stop,1,0.6976744186046512,0.0,0.3023255813953488,-217.0,-70.88584245650054,1
2020-06-24T08:45:00.000000,2020-06-24T08:46:00.000000,2020,2020-06,8,46,10078.0,10090.5,10053.0,12.5,-12.5,stop,7,0.8181818181818182,0.0,0.18181818181818182,-218.75,-72.06011799091539,1
2020-06-24T10:19:00.000000,2020-06-24T10:20:00.000000,2020,2020-06,10,20,9990.0,9994.5,9981.0,4.5,-4.5,stop,2,0.7857142857142857,0.08571428571428572,0.12857142857142856,-306.0,-104.46553488290556,1
2020-06-24T10:23:00.000000,2020-06-24T10:24:00.000000,2020,2020-06,10,24,9992.5,10001.5,9974.5,9.0,18.0,target,11,0.8529411764705882,0.11764705882352941,0.029411764705882353,-304.25,-101.56063243687095,1
2020-06-24T10:26:00.000000,2020-06-24T10:27:00.000000,2020,2020-06,10,27,9976.0,9985.75,9956.5,9.75,-9.75,stop,2,0.8235294117647058,0.029411764705882353,0.14705882352941177,-320.75,-116.96721256275305,1
2020-06-24T10:28:00.000000,2020-06-24T10:29:00.000000,2020,2020-06,10,29,9988.0,9990.25,9983.5,2.25,-2.25,stop,1,0.9722222222222222,0.0,0.027777777777777776,-308.25,-104.03679207543973,1
2020-06-24T10:32:00.000000,2020-06-24T10:33:00.000000,2020,2020-06,10,33,9978.0,9989.75,9954.5,11.75,-11.75,stop,9,0.6666666666666666,0.02564102564102564,0.3076923076923077,-318.0,-112.79390529441844,1
2020-06-24T10:36:00.000000,2020-06-24T10:37:00.000000,2020,2020-06,10,37,9984.5,9987.5,9978.5,3.0,-3.0,stop,1,0.8275862068965517,0.0,0.1724137931034483,-312.0,-105.92136676728114,1
2020-06-24T10:39:00.000000,2020-06-24T10:40:00.000000,2020,2020-06,10,40,9980.75,9984.25,9973.75,3.5,-3.5,stop,1,0.7307692307692307,0.038461538461538464,0.23076923076923078,-315.5,-108.86076714812225,1
2020-06-26T10:21:00.000000,2020-06-26T10:22:00.000000,2020,2020-06,10,22,9895.5,9901.5,9883.5,6.0,-6.0,stop,2,0.7,0.02,0.28,-211.0,-78.12857393309423,2
2020-06-26T10:23:00.000000,2020-06-26T10:24:00.000000,2020,2020-06,10,24,9909.75,9913.5,9902.25,3.75,-3.75,stop,1,0.7962962962962963,0.05555555555555555,0.14814814814814814,-197.5,-64.09423896218686,2
2020-06-26T10:33:00.000000,2020-06-26T10:34:00.000000,2020,2020-06,10,34,9898.75,9913.0,9870.25,14.25,-14.25,stop,20,0.6730769230769231,0.0,0.3269230769230769,-209.0,-73.67986666056458,2
2020-06-26T10:35:00.000000,2020-06-26T10:36:00.000000,2020,2020-06,10,36,9892.75,9906.75,9864.75,14.0,-14.0,stop,4,0.6875,0.020833333333333332,0.2916666666666667,-214.0,-78.31864638328807,2
2020-06-26T10:39:00.000000,2020-06-26T10:40:00.000000,2020,2020-06,10,40,9911.5,9914.0,9906.5,2.5,5.0,target,1,0.9523809523809523,0.0,0.047619047619047616,-195.5,-59.055810802063206,2
2020-06-26T10:40:00.000000,2020-06-26T10:41:00.000000,2020,2020-06,10,41,9901.0,9914.25,9874.5,13.25,-13.25,stop,13,0.9130434782608695,0.021739130434782608,0.06521739130434782,-206.0,-69.39390776358232,2
2020-06-26T10:46:00.000000,2020-06-26T10:47:00.000000,2020,2020-06,10,47,9878.25,9891.0,9852.75,12.75,-12.75,stop,1,0.7111111111111111,0.08888888888888889,0.2,-228.25,-90.4236847783086,2
2020-06-26T10:47:00.000000,2020-06-26T10:48:00.000000,2020,2020-06,10,48,9888.0,9893.25,9877.5,5.25,-5.25,stop,1,0.6785714285714286,0.07142857142857142,0.25,-219.25,-81.16146587258845,2
2020-06-26T10:48:00.000000,2020-06-26T10:49:00.000000,2020,2020-06,10,49,9902.0,9908.5,9889.0,6.5,-6.5,stop,4,0.7432432432432432,0.0,0.25675675675675674,-205.25,-66.8712543821839,2
2020-07-03T08:39:00.000000,2020-07-03T08:40:00.000000,2020,2020-07,8,40,10314.25,10320.75,10301.25,6.5,-6.5,stop,3,0.7619047619047619,0.09523809523809523,0.14285714285714285,-108.25,-43.844049528392134,3
2020-07-03T10:14:00.000000,2020-07-03T10:15:00.000000,2020,2020-07,10,15,10334.0,10336.25,10329.5,2.25,-2.25,stop,7,0.8,0.0,0.2,-88.25,-20.012889585475932,1
2020-07-14T08:32:00.000000,2020-07-14T08:33:00.000000,2020,2020-07,8,33,10514.0,10518.5,10505.0,4.5,-4.5,stop,1,0.898989898989899,0.0,0.10101010101010101,-544.5,-20.50566259174593,1
2020-07-14T08:40:00.000000,2020-07-14T08:41:00.000000,2020,2020-07,8,41,10501.25,10503.75,10496.25,2.5,-2.5,stop,1,0.8870967741935484,0.08870967741935484,0.024193548387096774,-557.5,-31.490498645631305,1
2020-07-17T08:33:00.000000,2020-07-17T08:34:00.000000,2020,2020-07,8,34,10552.5,10557.0,10543.5,4.5,-4.5,stop,2,0.7727272727272727,0.022727272727272728,0.20454545454545456,-101.5,-46.65765664961691,1
2020-07-17T08:35:00.000000,2020-07-17T08:36:00.000000,2020,2020-07,8,36,10562.5,10565.0,10557.5,2.5,-2.5,stop,1,0.9583333333333334,0.0,0.041666666666666664,-91.75,-36.43145982492206,2
2020-07-17T08:40:00.000000,2020-07-17T08:41:00.000000,2020,2020-07,8,41,10566.75,10570.75,10558.75,4.0,-4.0,stop,1,0.7073170731707317,0.04878048780487805,0.24390243902439024,-88.0,-31.854071685165763,3
2020-07-17T08:44:00.000000,2020-07-17T08:45:00.000000,2020,2020-07,8,45,10562.75,10576.75,10534.75,14.0,-14.0,stop,3,0.8541666666666666,0.0,0.14583333333333334,-91.5,-34.96895561711972,3
2020-07-17T08:46:00.000000,2020-07-17T08:47:00.000000,2020,2020-07,8,47,10571.5,10576.5,10561.5,5.0,-5.0,stop,1,0.8333333333333334,0.0,0.16666666666666666,-82.25,-25.370875915112265,3
2020-07-21T08:46:00.000000,2020-07-21T08:47:00.000000,2020,2020-07,8,47,10881.5,10887.75,10869.0,6.25,12.5,target,2,0.6727272727272727,0.0,0.32727272727272727,-92.5,-82.69465132335245,2
2020-07-21T08:50:00.000000,2020-07-21T08:51:00.000000,2020,2020-07,8,51,10888.0,10893.5,10877.0,5.5,-5.5,stop,1,0.7068965517241379,0.05172413793103448,0.2413793103448276,-85.75,-74.46411411628105,1
2020-07-22T08:47:00.000000,2020-07-22T08:48:00.000000,2020,2020-07,8,48,10818.0,10833.25,10787.5,15.25,30.5,target,5,0.8909090909090909,0.03636363636363636,0.07272727272727272,-240.0,-36.31921998055623,2
2020-07-22T08:48:00.000000,2020-07-22T08:49:00.000000,2020,2020-07,8,49,10808.5,10823.75,10778.0,15.25,30.5,target,25,0.6785714285714286,0.05357142857142857,0.26785714285714285,-249.5,-45.46883270049511,2
2020-07-23T10:13:00.000000,2020-07-23T10:14:00.000000,2020,2020-07,10,14,10747.25,10750.5,10740.75,3.25,-3.25,stop,1,0.8809523809523809,0.047619047619047616,0.07142857142857142,-168.5,-82.021503605416,1
2020-07-28T08:34:00.000000,2020-07-28T08:35:00.000000,2020,2020-07,8,35,10594.0,10606.75,10568.5,12.75,-12.75,stop,5,0.9787234042553191,0.02127659574468085,0.0,-111.75,-44.995269038128754,1
2020-07-28T08:41:00.000000,2020-07-28T08:42:00.000000,2020,2020-07,8,42,10614.5,10618.5,10606.5,4.0,-4.0,stop,1,0.725,0.025,0.25,-91.0,-23.069077930906133,1
2020-07-28T08:44:00.000000,2020-07-28T08:45:00.000000,2020,2020-07,8,45,10601.5,10618.25,10568.0,16.75,-16.75,stop,11,0.9310344827586207,0.0,0.06896551724137931,-103.25,-35.01326506154328,1
2020-07-28T08:46:00.000000,2020-07-28T08:47:00.000000,2020,2020-07,8,47,10608.75,10613.25,10599.75,4.5,-4.5,stop,1,0.6944444444444444,0.05555555555555555,0.25,-96.0,-27.480494752484447,1
2020-07-28T10:30:00.000000,2020-07-28T10:31:00.000000,2020,2020-07,10,31,10612.25,10621.5,10593.75,9.25,-9.25,stop,3,0.696969696969697,0.06060606060606061,0.24242424242424243,-93.25,-20.008101171886665,1
2020-07-31T10:40:00.000000,2020-07-31T10:41:00.000000,2020,2020-07,10,41,10722.0,10725.25,10715.5,3.25,-3.25,stop,1,0.8382352941176471,0.08823529411764706,0.07352941176470588,-205.0,-93.1865146220207,1
2020-08-07T10:10:00.000000,2020-08-07T10:11:00.000000,2020,2020-08,10,11,11176.0,11180.0,11168.0,4.0,-4.0,stop,1,0.7906976744186046,0.0,0.20930232558139536,-96.0,-47.8765242128884,2
2020-08-07T10:14:00.000000,2020-08-07T10:15:00.000000,2020,2020-08,10,15,11189.0,11192.5,11182.0,3.5,-3.5,stop,3,0.6857142857142857,0.11428571428571428,0.2,-83.0,-34.43973278066187,2
2020-08-07T10:17:00.000000,2020-08-07T10:18:00.000000,2020,2020-08,10,18,11192.25,11195.75,11185.25,3.5,7.0,target,2,0.7575757575757576,0.09090909090909091,0.15151515151515152,-79.25,-30.41664365327415,3
2020-08-07T10:20:00.000000,2020-08-07T10:21:00.000000,2020,2020-08,10,21,11183.25,11191.0,11167.75,7.75,-7.75,stop,1,0.8695652173913043,0.043478260869565216,0.08695652173913043,-88.25,-39.19555531565311,3
2020-08-07T10:21:00.000000,2020-08-07T10:22:00.000000,2020,2020-08,10,22,11191.75,11193.75,11187.75,2.0,4.0,target,2,0.9142857142857143,0.02857142857142857,0.05714285714285714,-80.5,-31.39064503519876,2
2020-08-07T10:30:00.000000,2020-08-07T10:31:00.000000,2020,2020-08,10,31,11190.0,11198.0,11174.0,8.0,-8.0,stop,4,0.9230769230769231,0.0,0.07692307692307693,-82.25,-32.56684877293446,2
2020-08-07T10:33:00.000000,2020-08-07T10:34:00.000000,2020,2020-08,10,34,11191.75,11193.75,11187.75,2.0,-2.0,stop,1,0.8260869565217391,0.0,0.17391304347826086,-81.0,-31.087220542838622,2
2020-08-07T10:40:00.000000,2020-08-07T10:41:00.000000,2020,2020-08,10,41,11190.0,11200.25,11169.5,10.25,20.5,target,8,0.8181818181818182,0.0,0.18181818181818182,-81.75,-31.46854126020662,2
2020-08-10T08:30:00.000000,2020-08-10T08:31:00.000000,2020,2020-08,8,31,11052.75,11065.75,11026.75,13.0,26.0,target,11,0.8181818181818182,0.0,0.18181818181818182,-103.75,-51.7789675576023,1
2020-08-10T08:31:00.000000,2020-08-10T08:32:00.000000,2020,2020-08,8,32,11044.0,11057.5,11017.0,13.5,-13.5,stop,4,0.6923076923076923,0.09615384615384616,0.21153846153846154,-112.75,-60.05382773622114,1
2020-08-10T08:33:00.000000,2020-08-10T08:34:00.000000,2020,2020-08,8,34,11050.25,11052.5,11045.75,2.25,-2.25,stop,1,0.8378378378378378,0.10810810810810811,0.05405405405405406,-106.5,-52.63558994553205,2
2020-08-10T08:37:00.000000,2020-08-10T08:38:00.000000,2020,2020-08,8,38,11049.0,11057.25,11032.5,8.25,16.5,target,4,0.9310344827586207,0.06896551724137931,0.0,-108.0,-52.98049986226397,2
2020-08-10T08:41:00.000000,2020-08-10T08:42:00.000000,2020,2020-08,8,42,11027.5,11042.75,10997.0,15.25,30.5,target,6,0.9298245614035088,0.05263157894736842,0.017543859649122806,-129.25,-71.54070585734553,2
2020-08-11T08:30:00.000000,2020-08-11T08:31:00.000000,2020,2020-08,8,31,10987.25,11001.75,10958.25,14.5,-14.5,stop,8,0.9038461538461539,0.038461538461538464,0.057692307692307696,-159.5,-46.33371392524168,1
2020-08-11T08:35:00.000000,2020-08-11T08:36:00.000000,2020,2020-08,8,36,10986.5,10989.75,10980.0,3.25,-3.25,stop,1,0.84,0.1,0.06,-159.75,-45.12344400688016,1
2020-08-14T08:31:00.000000,2020-08-14T08:32:00.000000,2020,2020-08,8,32,11114.25,11118.0,11106.75,3.75,-3.75,stop,1,0.7894736842105263,0.0,0.21052631578947367,-152.0,-54.51388724719618,1
2020-08-14T08:34:00.000000,2020-08-14T08:35:00.000000,2020,2020-08,8,35,11126.25,11129.25,11120.25,3.0,-3.0,stop,1,0.775,0.075,0.15,-140.25,-41.96510495689472,1
2020-08-14T08:44:00.000000,2020-08-14T08:45:00.000000,2020,2020-08,8,45,11140.25,11143.75,11133.25,3.5,-3.5,stop,1,0.75,0.03125,0.21875,-126.0,-25.972909247988355,2
2020-08-27T10:38:00.000000,2020-08-27T10:39:00.000000,2020,2020-08,10,39,11912.75,11930.0,11878.25,17.25,-17.25,stop,2,0.8095238095238095,0.031746031746031744,0.15873015873015872,-88.75,-61.249765054453746,4
2020-08-27T10:41:00.000000,2020-08-27T10:42:00.000000,2020,2020-08,10,42,11917.0,11937.0,11877.0,20.0,40.0,target,10,0.8846153846153846,0.08974358974358974,0.02564102564102564,-84.25,-56.09680904987363,4
2020-08-27T10:46:00.000000,2020-08-27T10:47:00.000000,2020,2020-08,10,47,11916.0,11922.25,11903.5,6.25,12.5,target,1,0.7230769230769231,0.046153846153846156,0.23076923076923078,-85.0,-55.52618709945091,4
2020-09-03T08:34:00.000000,2020-09-03T08:35:00.000000,2020,2020-09,8,35,12038.5,12062.5,11990.5,24.0,48.0,target,5,0.8979591836734694,0.08163265306122448,0.02040816326530612,-427.25,-178.72975127040263,2
2020-09-03T08:40:00.000000,2020-09-03T08:41:00.000000,2020,2020-09,8,41,12007.25,12013.0,11995.75,5.75,-5.75,stop,1,0.7894736842105263,0.02631578947368421,0.18421052631578946,-457.75,-196.42464218266286,1
2020-09-03T08:42:00.000000,2020-09-03T08:43:00.000000,2020,2020-09,8,43,11989.0,12013.25,11940.5,24.25,48.5,target,4,0.9120879120879121,0.01098901098901099,0.07692307692307693,-476.5,-212.67764613422696,1
2020-09-03T08:50:00.000000,2020-09-03T08:51:00.000000,2020,2020-09,8,51,11957.25,11959.75,11952.25,2.5,-2.5,stop,1,0.9794871794871794,0.010256410256410256,0.010256410256410256,-508.0,-223.74261101233606,1
2020-09-04T08:38:00.000000,2020-09-04T08:39:00.000000,2020,2020-09,8,39,11280.0,11287.0,11266.0,7.0,-7.0,stop,1,0.8871794871794871,0.02564102564102564,0.08717948717948718,-1158.0,-327.4560182581845,1
2020-09-04T08:45:00.000000,2020-09-04T08:46:00.000000,2020,2020-09,8,46,11206.0,11213.75,11190.5,7.75,-7.75,stop,1,0.9102040816326531,0.0,0.08979591836734693,-1232.5,-381.808448719079,1
2020-09-04T08:47:00.000000,2020-09-04T08:48:00.000000,2020,2020-09,8,48,11244.5,11248.0,11237.5,3.5,7.0,target,1,0.8214285714285714,0.08673469387755102,0.09183673469387756,-1197.25,-342.66356102828104,1
2020-09-04T10:14:00.000000,2020-09-04T10:15:00.000000,2020,2020-09,10,15,11451.75,11462.0,11431.25,10.25,-10.25,stop,1,0.6851851851851852,0.0,0.3148148148148148,-987.25,-70.58253664085169,1
2020-09-10T10:21:00.000000,2020-09-10T10:22:00.000000,2020,2020-09,10,22,11381.5,11404.0,11336.5,22.5,-22.5,stop,11,0.8901098901098901,0.08791208791208792,0.02197802197802198,-97.5,-71.37147030391498,2
2020-09-10T10:42:00.000000,2020-09-10T10:43:00.000000,2020,2020-09,10,43,11355.75,11362.75,11341.75,7.0,14.0,target,2,0.7872340425531915,0.0,0.2127659574468085,-123.0,-91.5980089048935,1
2020-09-10T10:44:00.000000,2020-09-10T10:45:00.000000,2020,2020-09,10,45,11332.75,11352.75,11292.75,20.0,-20.0,stop,1,0.9615384615384616,0.038461538461538464,0.0,-146.75,-114.84244634735296,1
2020-09-11T08:41:00.000000,2020-09-11T08:42:00.000000,2020,2020-09,8,42,11198.5,11200.25,11195.0,1.75,-1.75,stop,1,0.9363636363636364,0.06363636363636363,0.0,-368.5,-22.701753037903472,2
2020-09-16T08:42:00.000000,2020-09-16T08:43:00.000000,2020,2020-09,8,43,11371.75,11388.5,11338.25,16.75,33.5,target,5,0.7377049180327869,0.01639344262295082,0.2459016393442623,-110.25,-76.033495907197,2
2020-09-16T10:19:00.000000,2020-09-16T10:20:00.000000,2020,2020-09,10,20,11369.0,11372.25,11362.5,3.25,-3.25,stop,1,0.8095238095238095,0.0,0.19047619047619047,-112.5,-60.53365604421924,2
2020-09-16T10:22:00.000000,2020-09-16T10:23:00.000000,2020,2020-09,10,23,11368.25,11373.25,11358.25,5.0,-5.0,stop,1,0.7692307692307693,0.07692307692307693,0.15384615384615385,-113.5,-61.23220862852577,2
2020-09-16T10:23:00.000000,2020-09-16T10:24:00.000000,2020,2020-09,10,24,11373.0,11376.5,11366.0,3.5,7.0,target,2,0.84,0.0,0.16,-108.25,-55.914825589279644,2
2020-09-16T10:25:00.000000,2020-09-16T10:26:00.000000,2020,2020-09,10,26,11365.0,11373.5,11348.0,8.5,-8.5,stop,3,0.9,0.06666666666666667,0.03333333333333333,-117.25,-64.71407279228697,2
2020-09-16T10:26:00.000000,2020-09-16T10:27:00.000000,2020,2020-09,10,27,11370.0,11373.0,11364.0,3.0,6.0,target,1,0.7407407407407407,0.1111111111111111,0.14814814814814814,-111.75,-59.135128156663995,2
2020-09-16T10:27:00.000000,2020-09-16T10:28:00.000000,2020,2020-09,10,28,11363.0,11373.5,11342.0,10.5,-10.5,stop,1,0.7692307692307693,0.07692307692307693,0.15384615384615385,-119.25,-66.50695302999156,2
2020-09-16T10:30:00.000000,2020-09-16T10:31:00.000000,2020,2020-09,10,31,11369.0,11379.5,11348.0,10.5,21.0,target,18,0.8108108108108109,0.08108108108108109,0.10810810810810811,-112.75,-59.64136796209459,1
2020-09-16T10:33:00.000000,2020-09-16T10:34:00.000000,2020,2020-09,10,34,11365.25,11367.75,11360.25,2.5,5.0,target,1,0.8947368421052632,0.0,0.10526315789473684,-116.5,-63.079159035663906,1
2020-09-17T08:31:00.000000,2020-09-17T08:32:00.000000,2020,2020-09,8,32,11018.75,11031.75,10992.75,13.0,-13.0,stop,1,0.9148936170212766,0.06382978723404255,0.02127659574468085,-520.25,-34.3208245026035,1
2020-09-18T10:12:00.000000,2020-09-18T10:13:00.000000,2020,2020-09,10,13,10950.5,10966.75,10918.0,16.25,32.5,target,3,0.9344262295081968,0.06557377049180328,0.0,-334.5,-89.1509571252027,1
2020-09-18T10:26:00.000000,2020-09-18T10:27:00.000000,2020,2020-09,10,27,10910.75,10915.25,10901.75,4.5,9.0,target,1,0.7441860465116279,0.0,0.2558139534883721,-374.5,-121.6603853182969,1
2020-09-18T10:37:00.000000,2020-09-18T10:38:00.000000,2020,2020-09,10,38,10853.75,10868.0,10825.25,14.25,28.5,target,13,0.74,0.0,0.26,-431.5,-171.478180951146,1
2020-09-18T10:44:00.000000,2020-09-18T10:45:00.000000,2020,2020-09,10,45,10848.0,10851.0,10842.0,3.0,-3.0,stop,1,0.9032258064516129,0.03225806451612903,0.06451612903225806,-437.0,-171.6812795719634,1
2020-09-21T08:41:00.000000,2020-09-21T08:42:00.000000,2020,2020-09,8,42,10689.75,10695.25,10678.75,5.5,-5.5,stop,1,0.911504424778761,0.0,0.08849557522123894,-248.75,-94.78023603604743,2
2020-09-21T08:43:00.000000,2020-09-21T08:44:00.000000,2020,2020-09,8,44,10679.25,10700.75,10636.25,21.5,-21.5,stop,6,0.8117647058823529,0.11764705882352941,0.07058823529411765,-259.5,-104.73791867606451,2
2020-09-23T08:40:00.000000,2020-09-23T08:41:00.000000,2020,2020-09,8,41,11072.75,11076.0,11066.25,3.25,-3.25,stop,1,0.881578947368421,0.05263157894736842,0.06578947368421052,-118.25,-41.8738290543497,1
2020-09-23T10:13:00.000000,2020-09-23T10:14:00.000000,2020,2020-09,10,14,11005.5,11015.25,10986.0,9.75,-9.75,stop,1,0.8857142857142857,0.11428571428571428,0.0,-185.5,-87.17143270675842,1
2020-09-23T10:49:00.000000,2020-09-23T10:50:00.000000,2020,2020-09,10,50,11034.0,11038.0,11026.0,4.0,-4.0,stop,1,0.6666666666666666,0.0,0.3333333333333333,-157.5,-50.27887914918392,1
2020-09-29T10:17:00.000000,2020-09-29T10:18:00.000000,2020,2020-09,10,18,11329.75,11332.25,11324.75,2.5,5.0,target,1,0.8392857142857143,0.07142857142857142,0.08928571428571429,-84.75,-25.8789074014403,2
2020-10-02T10:21:00.000000,2020-10-02T10:22:00.000000,2020,2020-10,10,22,11333.0,11344.75,11309.5,11.75,-11.75,stop,5,0.926829268292683,0.07317073170731707,0.0,-271.5,-39.35633865355521,3
2020-10-02T10:24:00.000000,2020-10-02T10:25:00.000000,2020,2020-10,10,25,11336.25,11341.25,11326.25,5.0,-5.0,stop,2,0.7241379310344828,0.06896551724137931,0.20689655172413793,-268.5,-35.994068246991446,3
2020-10-02T10:41:00.000000,2020-10-02T10:42:00.000000,2020,2020-10,10,42,11335.0,11346.5,11312.0,11.5,23.0,target,9,0.7441860465116279,0.09302325581395349,0.16279069767441862,-270.0,-35.3075827849043,3
2020-10-06T10:34:00.000000,2020-10-06T10:35:00.000000,2020,2020-10,10,35,11417.75,11426.75,11399.75,9.0,-9.0,stop,2,0.84375,0.09375,0.0625,-80.0,-21.377886803562433,3
2020-10-14T08:36:00.000000,2020-10-14T08:37:00.000000,2020,2020-10,8,37,12050.25,12053.25,12044.25,3.0,-3.0,stop,2,0.8983050847457628,0.03389830508474576,0.06779661016949153,-198.75,-62.603342206657544,2
2020-10-14T08:40:00.000000,2020-10-14T08:41:00.000000,2020,2020-10,8,41,12067.0,12072.0,12057.0,5.0,-5.0,stop,2,0.6896551724137931,0.06896551724137931,0.2413793103448276,-182.5,-45.05034149433777,3
2020-10-15T08:47:00.000000,2020-10-15T08:48:00.000000,2020,2020-10,8,48,11777.5,11781.75,11769.0,4.25,-4.25,stop,1,0.7647058823529411,0.11764705882352941,0.11764705882352941,-400.25,-43.61706705450706,1
2020-10-19T08:36:00.000000,2020-10-19T08:37:00.000000,2020,2020-10,8,37,11794.25,11807.5,11767.75,13.25,26.5,target,9,0.7391304347826086,0.021739130434782608,0.2391304347826087,-94.75,-94.12156283673175,2
2020-10-19T08:47:00.000000,2020-10-19T08:48:00.000000,2020,2020-10,8,48,11763.25,11785.5,11718.75,22.25,-22.25,stop,1,0.8804347826086957,0.11956521739130435,0.0,-125.75,-112.27875433789086,1
2020-10-19T08:48:00.000000,2020-10-19T08:49:00.000000,2020,2020-10,8,49,11782.25,11789.0,11768.75,6.75,-6.75,stop,2,0.76,0.05,0.19,-106.75,-92.56343021378052,1
2020-10-20T08:44:00.000000,2020-10-20T08:45:00.000000,2020,2020-10,8,45,11670.0,11673.25,11663.5,3.25,-3.25,stop,1,0.8571428571428571,0.04081632653061224,0.10204081632653061,-280.5,-21.95209534714195,1
2020-10-21T10:13:00.000000,2020-10-21T10:14:00.000000,2020,2020-10,10,14,11659.5,11663.25,11652.0,3.75,-3.75,stop,1,0.8043478260869565,0.06521739130434782,0.13043478260869565,-132.25,-37.97473797818202,1
2020-10-21T10:32:00.000000,2020-10-21T10:33:00.000000,2020,2020-10,10,33,11676.5,11694.0,11641.5,17.5,35.0,target,12,0.9047619047619048,0.0,0.09523809523809523,-115.75,-21.3294080316864,2
2020-10-21T10:48:00.000000,2020-10-21T10:49:00.000000,2020,2020-10,10,49,11637.75,11657.5,11598.25,19.75,-19.75,stop,9,0.9210526315789473,0.07894736842105263,0.0,-154.0,-57.4977096276325,2
2020-10-22T08:34:00.000000,2020-10-22T08:35:00.000000,2020,2020-10,8,35,11556.0,11558.25,11551.5,2.25,-2.25,stop,1,0.8928571428571429,0.03571428571428571,0.07142857142857142,-223.5,-94.14947400635901,3
2020-10-22T10:15:00.000000,2020-10-22T10:16:00.000000,2020,2020-10,10,16,11592.25,11600.0,11576.75,7.75,15.5,target,9,0.6842105263157895,0.013157894736842105,0.3026315789473684,-187.0,-23.929655084974,4
2020-10-22T10:36:00.000000,2020-10-22T10:37:00.000000,2020,2020-10,10,37,11552.25,11563.75,11529.25,11.5,-11.5,stop,4,0.8048780487804879,0.07317073170731707,0.12195121951219512,-227.0,-62.51518858225609,3
2020-10-22T10:42:00.000000,2020-10-22T10:43:00.000000,2020,2020-10,10,43,11549.5,11561.5,11525.5,12.0,-12.0,stop,2,0.6976744186046512,0.046511627906976744,0.2558139534883721,-230.0,-64.74426561359178,3
2020-10-22T10:44:00.000000,2020-10-22T10:45:00.000000,2020,2020-10,10,45,11568.75,11574.0,11558.25,5.25,-5.25,stop,1,0.7741935483870968,0.016129032258064516,0.20967741935483872,-210.5,-44.930336119597996,3
2020-10-22T10:48:00.000000,2020-10-22T10:49:00.000000,2020,2020-10,10,49,11573.25,11576.5,11566.75,3.25,-3.25,stop,1,0.7777777777777778,0.1111111111111111,0.1111111111111111,-205.75,-39.66038034720623,2
2020-10-23T10:21:00.000000,2020-10-23T10:22:00.000000,2020,2020-10,10,22,11565.5,11579.0,11538.5,13.5,-13.5,stop,2,0.6666666666666666,0.0,0.3333333333333333,-159.0,-48.57126804469408,1
2020-10-23T10:22:00.000000,2020-10-23T10:23:00.000000,2020,2020-10,10,23,11574.25,11577.75,11567.25,3.5,-3.5,stop,1,0.7674418604651163,0.046511627906976744,0.18604651162790697,-150.25,-39.68580646812188,1
2020-10-23T10:26:00.000000,2020-10-23T10:27:00.000000,2020,2020-10,10,27,11580.5,11584.75,11572.0,4.25,-4.25,stop,2,0.6857142857142857,0.05714285714285714,0.2571428571428571,-143.5,-32.161975549746785,1
2020-10-28T10:49:00.000000,2020-10-28T10:50:00.000000,2020,2020-10,10,50,11200.25,11213.5,11173.75,13.25,-13.25,stop,8,0.74,0.12,0.14,-422.5,-115.68364764824946,1
2020-10-30T08:37:00.000000,2020-10-30T08:38:00.000000,2020,2020-10,8,38,11058.25,11062.5,11049.75,4.25,-4.25,stop,1,0.8625954198473282,0.07633587786259542,0.061068702290076333,-399.25,-100.6876281262812,3
2020-10-30T10:31:00.000000,2020-10-30T10:32:00.000000,2020,2020-10,10,32,11075.0,11089.5,11046.0,14.5,29.0,target,6,0.75,0.019230769230769232,0.23076923076923078,-383.0,-32.307704530769115,3
2020-10-30T10:33:00.000000,2020-10-30T10:34:00.000000,2020,2020-10,10,34,11063.25,11072.5,11044.75,9.25,18.5,target,4,0.7,0.1,0.2,-394.0,-43.08052264213802,3
2020-10-30T10:40:00.000000,2020-10-30T10:41:00.000000,2020,2020-10,10,41,11052.0,11056.75,11042.5,4.75,9.5,target,2,0.6785714285714286,0.03571428571428571,0.2857142857142857,-405.0,-53.07966381743972,3
2020-11-02T10:16:00.000000,2020-11-02T10:17:00.000000,2020,2020-11,10,17,11083.5,11095.0,11060.5,11.5,23.0,target,22,0.9047619047619048,0.047619047619047616,0.047619047619047616,-198.25,-46.71398835960645,2
2020-11-02T10:26:00.000000,2020-11-02T10:27:00.000000,2020,2020-11,10,27,11083.0,11087.5,11074.0,4.5,-4.5,stop,2,0.717948717948718,0.05128205128205128,0.23076923076923078,-198.0,-44.66433846370637,2
2020-11-02T10:31:00.000000,2020-11-02T10:32:00.000000,2020,2020-11,10,32,11082.25,11087.25,11072.25,5.0,10.0,target,3,0.8333333333333334,0.0,0.16666666666666666,-198.25,-44.1099137387846,2
2020-11-02T10:36:00.000000,2020-11-02T10:37:00.000000,2020,2020-11,10,37,11065.75,11076.75,11043.75,11.0,-11.0,stop,6,0.8461538461538461,0.05128205128205128,0.10256410256410256,-215.75,-60.98720155123192,2
2020-11-02T10:39:00.000000,2020-11-02T10:40:00.000000,2020,2020-11,10,40,11062.25,11067.25,11052.25,5.0,-5.0,stop,1,0.7291666666666666,0.0,0.2708333333333333,-219.25,-63.73810998151566,2
2020-11-02T10:40:00.000000,2020-11-02T10:41:00.000000,2020,2020-11,10,41,11073.25,11078.25,11063.25,5.0,10.0,target,1,0.7543859649122807,0.017543859649122806,0.22807017543859648,-208.25,-52.48812035100855,2
2020-11-02T10:49:00.000000,2020-11-02T10:50:00.000000,2020,2020-11,10,50,11094.75,11103.5,11077.25,8.75,-8.75,stop,2,0.8518518518518519,0.07407407407407407,0.07407407407407407,-186.0,-29.162062072609842,1
2020-11-06T08:39:00.000000,2020-11-06T08:40:00.000000,2020,2020-11,8,40,11922.75,11939.5,11889.25,16.75,-16.75,stop,1,0.7121212121212122,0.07575757575757576,0.21212121212121213,-197.25,-58.247058663770076,1
2020-11-06T08:42:00.000000,2020-11-06T08:43:00.000000,2020,2020-11,8,43,11913.5,11934.0,11872.5,20.5,-20.5,stop,3,0.8414634146341463,0.10975609756097561,0.04878048780487805,-205.75,-65.12088465727538,2
2020-11-10T08:42:00.000000,2020-11-10T08:43:00.000000,2020,2020-11,8,43,11673.0,11676.5,11666.0,3.5,-3.5,stop,1,0.8676470588235294,0.11029411764705882,0.022058823529411766,-735.0,-38.01422726500823,2
2020-11-10T08:49:00.000000,2020-11-10T08:50:00.000000,2020,2020-11,8,50,11654.5,11658.5,11646.5,4.0,-4.0,stop,1,0.8308823529411765,0.11764705882352941,0.051470588235294115,-754.0,-52.80111114821739,2
2020-11-10T10:12:00.000000,2020-11-10T10:13:00.000000,2020,2020-11,10,13,11622.5,11630.0,11607.5,7.5,15.0,target,2,0.6901408450704225,0.028169014084507043,0.28169014084507044,-785.75,-45.30832412474956,2
2020-11-10T10:35:00.000000,2020-11-10T10:36:00.000000,2020,2020-11,10,36,11636.0,11651.5,11605.0,15.5,-15.5,stop,2,0.7358490566037735,0.018867924528301886,0.24528301886792453,-772.25,-27.846354834819067,1
2020-11-13T10:11:00.000000,2020-11-13T10:12:00.000000,2020,2020-11,10,12,11845.75,11850.25,11836.75,4.5,9.0,target,2,0.725,0.05,0.225,-129.75,-27.599317477270233,2
2020-11-13T10:31:00.000000,2020-11-13T10:32:00.000000,2020,2020-11,10,32,11836.75,11851.0,11808.25,14.25,-14.25,stop,9,0.9038461538461539,0.038461538461538464,0.057692307692307696,-139.25,-35.80654341436457,1
2020-11-13T10:39:00.000000,2020-11-13T10:40:00.000000,2020,2020-11,10,40,11840.5,11850.5,11820.5,10.0,-10.0,stop,1,0.7272727272727273,0.030303030303030304,0.24242424242424243,-135.25,-31.038784596728874,1
2020-11-17T08:45:00.000000,2020-11-17T08:46:00.000000,2020,2020-11,8,46,11982.5,11999.5,11948.5,17.0,-17.0,stop,10,0.8307692307692308,0.09230769230769231,0.07692307692307693,-82.25,-41.48717222961568,4
2020-11-17T08:50:00.000000,2020-11-17T08:51:00.000000,2020,2020-11,8,51,11979.0,11997.5,11942.0,18.5,-18.5,stop,5,0.782608695652174,0.028985507246376812,0.18840579710144928,-86.25,-43.128043688020625,4
2020-11-23T10:12:00.000000,2020-11-23T10:13:00.000000,2020,2020-11,10,13,11827.25,11838.75,11804.25,11.5,-11.5,stop,10,0.7906976744186046,0.06976744186046512,0.13953488372093023,-194.25,-105.78977205285446,2
2020-11-23T10:21:00.000000,2020-11-23T10:22:00.000000,2020,2020-11,10,22,11833.5,11837.5,11825.5,4.0,-4.0,stop,1,0.7272727272727273,0.06060606060606061,0.21212121212121213,-187.25,-92.91683664300399,2
2020-11-30T10:11:00.000000,2020-11-30T10:12:00.000000,2020,2020-11,10,12,12176.75,12179.75,12170.75,3.0,6.0,target,2,0.68,0.12,0.2,-131.0,-50.3446449925832,1
2020-11-30T10:17:00.000000,2020-11-30T10:18:00.000000,2020,2020-11,10,18,12176.5,12186.5,12156.5,10.0,20.0,target,11,0.9166666666666666,0.027777777777777776,0.05555555555555555,-131.75,-49.99848260260478,1
2020-11-30T10:18:00.000000,2020-11-30T10:19:00.000000,2020,2020-11,10,19,12169.0,12178.5,12150.0,9.5,-9.5,stop,5,0.9090909090909091,0.09090909090909091,0.0,-138.5,-56.57323937693218,1
2020-11-30T10:39:00.000000,2020-11-30T10:40:00.000000,2020,2020-11,10,40,12172.5,12174.5,12168.5,2.0,4.0,target,1,0.8421052631578947,0.10526315789473684,0.05263157894736842,-135.5,-48.599252692829396,1
2020-11-30T10:48:00.000000,2020-11-30T10:49:00.000000,2020,2020-11,10,49,12194.25,12197.5,12187.75,3.25,-3.25,stop,5,0.7037037037037037,0.037037037037037035,0.25925925925925924,-113.75,-25.807092089255093,2
2020-12-02T08:37:00.000000,2020-12-02T08:38:00.000000,2020,2020-12,8,38,12365.0,12369.0,12357.0,4.0,-4.0,stop,1,0.7555555555555555,0.044444444444444446,0.2,-147.5,-42.10831040830635,1
2020-12-02T08:39:00.000000,2020-12-02T08:40:00.000000,2020,2020-12,8,40,12353.0,12366.0,12327.0,13.0,26.0,target,5,0.8823529411764706,0.11764705882352941,0.0,-159.5,-52.24946806923981,1
2020-12-02T08:43:00.000000,2020-12-02T08:44:00.000000,2020,2020-12,8,44,12328.75,12348.75,12288.75,20.0,-20.0,stop,9,0.8533333333333334,0.013333333333333334,0.13333333333333333,-184.0,-69.37987888432144,1
2020-12-10T08:35:00.000000,2020-12-10T08:36:00.000000,2020,2020-12,8,36,12245.5,12252.5,12231.5,7.0,-7.0,stop,1,0.7321428571428571,0.08928571428571429,0.17857142857142858,-429.5,-57.7645608070452,1
2020-12-11T08:44:00.000000,2020-12-11T08:45:00.000000,2020,2020-12,8,45,12278.25,12288.25,12258.25,10.0,-10.0,stop,1,0.9230769230769231,0.07692307692307693,0.0,-171.75,-55.126539791226605,2
2020-12-11T10:27:00.000000,2020-12-11T10:28:00.000000,2020,2020-12,10,28,12287.75,12297.5,12268.25,9.75,19.5,target,10,0.7419354838709677,0.06451612903225806,0.1935483870967742,-160.75,-39.39325655425091,1
2020-12-11T10:39:00.000000,2020-12-11T10:40:00.000000,2020,2020-12,10,40,12269.0,12277.75,12251.5,8.75,-8.75,stop,2,0.8076923076923077,0.07692307692307693,0.11538461538461539,-179.25,-55.87734795687538,1
2020-12-11T10:43:00.000000,2020-12-11T10:44:00.000000,2020,2020-12,10,44,12272.25,12281.75,12253.25,9.5,-9.5,stop,17,0.8823529411764706,0.029411764705882353,0.08823529411764706,-177.5,-53.41591139247612,1
2020-12-11T10:46:00.000000,2020-12-11T10:47:00.000000,2020,2020-12,10,47,12268.5,12272.5,12260.5,4.0,-4.0,stop,2,0.8979591836734694,0.0,0.10204081632653061,-179.75,-54.569613886094885,2
2020-12-11T10:48:00.000000,2020-12-11T10:49:00.000000,2020,2020-12,10,49,12273.5,12276.25,12268.0,2.75,-2.75,stop,2,0.7142857142857143,0.047619047619047616,0.23809523809523808,-176.0,-50.532397324635895,1
2020-12-18T10:18:00.000000,2020-12-18T10:19:00.000000,2020,2020-12,10,19,12676.0,12679.25,12669.5,3.25,-3.25,stop,4,0.8,0.03333333333333333,0.16666666666666666,-90.75,-55.68546955845159,3
2020-12-21T08:48:00.000000,2020-12-21T08:49:00.000000,2020,2020-12,8,49,12583.5,12603.5,12543.5,20.0,-20.0,stop,7,0.9722222222222222,0.0,0.027777777777777776,-206.25,-40.48440195708463,2
2020-12-21T10:13:00.000000,2020-12-21T10:14:00.000000,2020,2020-12,10,14,12518.25,12520.25,12514.25,2.0,-2.0,stop,1,0.8888888888888888,0.1111111111111111,0.0,-271.5,-63.05924864808185,1
2020-12-21T10:30:00.000000,2020-12-21T10:31:00.000000,2020,2020-12,10,31,12551.75,12555.5,12544.25,3.75,-3.75,stop,1,0.717948717948718,0.07692307692307693,0.20512820512820512,-238.25,-27.82927452052536,1
2020-12-21T10:34:00.000000,2020-12-21T10:35:00.000000,2020,2020-12,10,35,12556.5,12563.25,12543.0,6.75,-6.75,stop,2,0.8695652173913043,0.08695652173913043,0.043478260869565216,-233.75,-23.16246535872051,1
2020-12-22T10:34:00.000000,2020-12-22T10:35:00.000000,2020,2020-12,10,35,12639.75,12650.75,12617.75,11.0,22.0,target,2,0.7692307692307693,0.10256410256410256,0.1282051282051282,-142.5,-65.33366083856163,1
2020-12-22T10:39:00.000000,2020-12-22T10:40:00.000000,2020,2020-12,10,40,12631.0,12633.25,12626.5,2.25,-2.25,stop,1,0.9215686274509803,0.058823529411764705,0.0196078431372549,-151.5,-71.04856339508478,1
2020-12-22T10:45:00.000000,2020-12-22T10:46:00.000000,2020,2020-12,10,46,12601.5,12611.75,12581.0,10.25,-10.25,stop,2,0.8484848484848485,0.030303030303030304,0.12121212121212122,-180.75,-96.8238716393098,1
2020-12-22T10:47:00.000000,2020-12-22T10:48:00.000000,2020,2020-12,10,48,12622.5,12625.5,12616.5,3.0,-3.0,stop,1,0.8533333333333334,0.08,0.06666666666666667,-160.25,-75.40555917934762,1
2021-01-04T10:11:00.000000,2021-01-04T10:12:00.000000,2021,2021-01,10,12,12722.25,12727.0,12712.75,4.75,-4.75,stop,1,0.83,0.05,0.12,-133.0,-136.52559193387788,1
2021-01-06T08:35:00.000000,2021-01-06T08:36:00.000000,2021,2021-01,8,36,12588.0,12594.5,12575.0,6.5,-6.5,stop,1,0.7911392405063291,0.10759493670886076,0.10126582278481013,-220.5,-34.65972195959512,3
2021-01-11T08:39:00.000000,2021-01-11T08:40:00.000000,2021,2021-01,8,40,12933.25,12940.0,12919.75,6.75,-6.75,stop,1,0.828125,0.0078125,0.1640625,-192.25,-67.82838737526617,2
2021-01-11T08:41:00.000000,2021-01-11T08:42:00.000000,2021,2021-01,8,42,12947.25,12951.0,12939.75,3.75,-3.75,stop,1,0.9142857142857143,0.02857142857142857,0.05714285714285714,-177.5,-49.69115528133807,2
2021-01-11T08:43:00.000000,2021-01-11T08:44:00.000000,2021,2021-01,8,44,12921.25,12939.25,12885.25,18.0,-18.0,stop,4,0.8840579710144928,0.057971014492753624,0.057971014492753624,-204.0,-73.94654458906007,2
2021-01-11T08:47:00.000000,2021-01-11T08:48:00.000000,2021,2021-01,8,48,12940.75,12944.0,12934.25,3.25,-3.25,stop,1,0.84,0.10666666666666667,0.05333333333333334,-184.0,-49.63256201555487,2
2021-01-11T10:14:00.000000,2021-01-11T10:15:00.000000,2021,2021-01,10,15,12937.75,12949.25,12914.75,11.5,-11.5,stop,6,0.9,0.05,0.05,-187.25,-41.143565996999314,1
2021-01-12T10:46:00.000000,2021-01-12T10:47:00.000000,2021,2021-01,10,47,12880.25,12888.0,12864.75,7.75,15.5,target,4,0.6666666666666666,0.041666666666666664,0.2916666666666667,-225.0,-26.053544991766103,2
2021-01-12T10:47:00.000000,2021-01-12T10:48:00.000000,2021,2021-01,10,48,12873.0,12884.0,12851.0,11.0,22.0,target,17,0.7380952380952381,0.09523809523809523,0.16666666666666666,-232.75,-33.620287912252024,3
2021-01-27T08:39:00.000000,2021-01-27T08:40:00.000000,2021,2021-01,8,40,13264.75,13269.75,13254.75,5.0,10.0,target,1,0.9125,0.01875,0.06875,-334.75,-143.94264351610218,1
2021-01-27T08:46:00.000000,2021-01-27T08:47:00.000000,2021,2021-01,8,47,13255.25,13257.5,13250.75,2.25,4.5,target,1,0.9622641509433962,0.0,0.03773584905660377,-345.25,-137.98996080674806,1
2021-01-29T10:31:00.000000,2021-01-29T10:32:00.000000,2021,2021-01,10,32,13004.5,13009.75,12994.0,5.25,10.5,target,1,0.84375,0.041666666666666664,0.11458333333333333,-389.0,-53.272484804692795,2
2021-01-29T10:38:00.000000,2021-01-29T10:39:00.000000,2021,2021-01,10,39,12981.0,12984.75,12973.5,3.75,-3.75,stop,1,0.8,0.075,0.125,-413.75,-76.04010492907582,2
2021-02-16T10:28:00.000000,2021-02-16T10:29:00.000000,2021,2021-02,10,29,13775.75,13787.25,13752.75,11.5,-11.5,stop,6,0.8947368421052632,0.05263157894736842,0.05263157894736842,-102.0,-70.32976381140725,2
2021-02-16T10:29:00.000000,2021-02-16T10:30:00.000000,2021,2021-02,10,30,13784.0,13787.5,13777.0,3.5,7.0,target,1,0.825,0.025,0.15,-94.25,-62.241459859737006,2
2021-02-16T10:33:00.000000,2021-02-16T10:34:00.000000,2021,2021-02,10,34,13774.5,13777.0,13769.5,2.5,-2.5,stop,1,0.7837837837837838,0.10810810810810811,0.10810810810810811,-104.25,-70.21899764515001,2
2021-02-16T10:34:00.000000,2021-02-16T10:35:00.000000,2021,2021-02,10,35,13793.25,13796.0,13787.75,2.75,-2.75,stop,1,0.9620253164556962,0.012658227848101266,0.02531645569620253,-84.75,-50.25952738532578,1
2021-02-16T10:37:00.000000,2021-02-16T10:38:00.000000,2021,2021-02,10,38,13797.25,13805.5,13780.75,8.25,16.5,target,9,0.6896551724137931,0.034482758620689655,0.27586206896551724,-81.75,-46.55095728241395,1
2021-02-16T10:44:00.000000,2021-02-16T10:45:00.000000,2021,2021-02,10,45,13791.5,13799.75,13775.0,8.25,16.5,target,2,0.8620689655172413,0.06896551724137931,0.06896551724137931,-87.25,-51.11070124141952,1
2021-02-16T10:49:00.000000,2021-02-16T10:50:00.000000,2021,2021-02,10,50,13763.25,13774.5,13740.75,11.25,22.5,target,11,0.9230769230769231,0.05128205128205128,0.02564102564102564,-115.0,-77.32185903950631,1
2021-02-17T08:39:00.000000,2021-02-17T08:40:00.000000,2021,2021-02,8,40,13644.75,13653.75,13626.75,9.0,-9.0,stop,1,0.7833333333333333,0.0,0.21666666666666667,-255.25,-53.51916060081203,1
2021-02-17T08:41:00.000000,2021-02-17T08:42:00.000000,2021,2021-02,8,42,13660.0,13664.25,13651.5,4.25,-4.25,stop,1,0.868421052631579,0.02631578947368421,0.10526315789473684,-240.25,-37.24548724009219,1
2021-02-17T10:13:00.000000,2021-02-17T10:14:00.000000,2021,2021-02,10,14,13589.25,13605.5,13556.75,16.25,32.5,target,6,0.7142857142857143,0.1111111111111111,0.1746031746031746,-311.0,-74.6971936364207,1
2021-02-17T10:19:00.000000,2021-02-17T10:20:00.000000,2021,2021-02,10,20,13557.5,13573.25,13526.0,15.75,-15.75,stop,2,0.7931034482758621,0.05172413793103448,0.15517241379310345,-343.0,-103.49035836324038,1
2021-02-17T10:26:00.000000,2021-02-17T10:27:00.000000,2021,2021-02,10,27,13574.75,13578.0,13568.25,3.25,-3.25,stop,1,0.925531914893617,0.031914893617021274,0.0425531914893617,-325.5,-82.79339369291301,1
2021-02-17T10:32:00.000000,2021-02-17T10:33:00.000000,2021,2021-02,10,33,13574.75,13588.25,13547.75,13.5,27.0,target,1,0.9791666666666666,0.020833333333333332,0.0,-326.0,-81.52341933482603,1
2021-02-18T08:39:00.000000,2021-02-18T08:40:00.000000,2021,2021-02,8,40,13544.0,13559.0,13514.0,15.0,-15.0,stop,4,0.8793103448275862,0.10344827586206896,0.017241379310344827,-241.0,-60.78865436034539,2
2021-02-18T08:43:00.000000,2021-02-18T08:44:00.000000,2021,2021-02,8,44,13565.25,13570.75,13554.25,5.5,11.0,target,2,0.7777777777777778,0.04938271604938271,0.1728395061728395,-219.75,-36.15589431878652,2
2021-02-18T10:40:00.000000,2021-02-18T10:41:00.000000,2021,2021-02,10,41,13535.0,13537.25,13530.5,2.25,4.5,target,1,0.8076923076923077,0.11538461538461539,0.07692307692307693,-250.25,-28.37073124158269,2
2021-02-18T10:41:00.000000,2021-02-18T10:42:00.000000,2021,2021-02,10,42,13527.0,13538.0,13505.0,11.0,22.0,target,24,0.8421052631578947,0.05263157894736842,0.10526315789473684,-258.0,-36.04486518238264,2
2021-02-18T10:45:00.000000,2021-02-18T10:46:00.000000,2021,2021-02,10,46,13523.75,13536.0,13499.25,12.25,-12.25,stop,11,0.975,0.025,0.0,-260.75,-38.4842680831116,2
2021-02-22T08:41:00.000000,2021-02-22T08:42:00.000000,2021,2021-02,8,42,13378.0,13399.25,13335.5,21.25,-21.25,stop,2,0.8625,0.025,0.1125,-351.25,-66.24911850650096,2
2021-02-22T08:43:00.000000,2021-02-22T08:44:00.000000,2021,2021-02,8,44,13401.0,13406.0,13391.0,5.0,-5.0,stop,1,0.8153846153846154,0.046153846153846156,0.13846153846153847,-327.25,-41.39487999074481,2
2021-02-23T08:37:00.000000,2021-02-23T08:38:00.000000,2021,2021-02,8,38,12924.5,12946.75,12880.0,22.25,44.5,target,2,0.9047619047619048,0.047619047619047616,0.047619047619047616,-704.25,-168.4557628557559,1
2021-02-23T10:49:00.000000,2021-02-23T10:50:00.000000,2021,2021-02,10,50,12974.25,12988.25,12946.25,14.0,-14.0,stop,2,0.94,0.04,0.02,-654.75,-43.587595666580455,1
2021-02-25T10:18:00.000000,2021-02-25T10:19:00.000000,2021,2021-02,10,19,13153.75,13158.25,13144.75,4.5,9.0,target,2,0.8301886792452831,0.0,0.16981132075471697,-180.0,-47.37317808975058,2
2021-02-25T10:36:00.000000,2021-02-25T10:37:00.000000,2021,2021-02,10,37,13066.5,13087.5,13024.5,21.0,42.0,target,11,0.7926829268292683,0.06097560975609756,0.14634146341463414,-267.75,-129.72702701093294,2
2021-02-25T10:40:00.000000,2021-02-25T10:41:00.000000,2021,2021-02,10,41,13048.75,13070.75,13004.75,22.0,44.0,target,10,0.8902439024390244,0.036585365853658534,0.07317073170731707,-285.0,-145.00057967613247,2
2021-02-25T10:47:00.000000,2021-02-25T10:48:00.000000,2021,2021-02,10,48,13022.25,13036.5,12993.75,14.25,-14.25,stop,1,0.9245283018867925,0.05660377358490566,0.018867924528301886,-312.0,-168.01678084462765,2
2021-02-25T10:49:00.000000,2021-02-25T10:50:00.000000,2021,2021-02,10,50,13009.25,13031.5,12964.75,22.25,-22.25,stop,4,0.9425287356321839,0.05747126436781609,0.0,-325.0,-179.30386427332814,2
2021-03-02T08:46:00.000000,2021-03-02T08:47:00.000000,2021,2021-03,8,47,13214.5,13237.75,13168.0,23.25,-23.25,stop,21,0.9310344827586207,0.022988505747126436,0.04597701149425287,-103.5,-28.73513202306458,3
2021-03-02T10:27:00.000000,2021-03-02T10:28:00.000000,2021,2021-03,10,28,13141.5,13144.0,13136.5,2.5,-2.5,stop,1,0.8705882352941177,0.11764705882352941,0.011764705882352941,-176.25,-73.55010789404332,1
2021-03-02T10:33:00.000000,2021-03-02T10:34:00.000000,2021,2021-03,10,34,13121.0,13136.0,13091.0,15.0,-15.0,stop,16,0.9322033898305084,0.05084745762711865,0.01694915254237288,-198.0,-93.48736620000454,1
2021-03-03T08:42:00.000000,2021-03-03T08:43:00.000000,2021,2021-03,8,43,12956.0,12979.0,12910.0,23.0,-23.0,stop,8,0.8586956521739131,0.11956521739130435,0.021739130434782608,-371.5,-119.31626803877225,1
2021-03-03T08:43:00.000000,2021-03-03T08:44:00.000000,2021,2021-03,8,44,12933.75,12958.0,12885.25,24.25,-24.25,stop,6,0.967032967032967,0.03296703296703297,0.0,-394.25,-139.3377768422397,1
2021-03-05T10:29:00.000000,2021-03-05T10:30:00.000000,2021,2021-03,10,30,12231.0,12239.5,12214.0,8.5,-8.5,stop,1,0.7657657657657657,0.009009009009009009,0.22522522522522523,-565.75,-178.61938622818343,3
2021-03-05T10:35:00.000000,2021-03-05T10:36:00.000000,2021,2021-03,10,36,12277.75,12280.5,12272.25,2.75,-2.75,stop,1,0.8837209302325582,0.08139534883720931,0.03488372093023256,-519.25,-128.48255592847636,2
2021-03-05T10:38:00.000000,2021-03-05T10:39:00.000000,2021,2021-03,10,39,12315.75,12322.25,12302.75,6.5,-6.5,stop,1,0.8758169934640523,0.013071895424836602,0.1111111111111111,-481.0,-88.89901914479742,2
2021-03-05T10:44:00.000000,2021-03-05T10:45:00.000000,2021,2021-03,10,45,12331.0,12334.75,12323.5,3.75,-3.75,stop,1,0.9027777777777778,0.027777777777777776,0.06944444444444445,-466.75,-72.41723140297108,2
2021-03-08T10:44:00.000000,2021-03-08T10:45:00.000000,2021,2021-03,10,45,12537.25,12551.0,12509.75,13.75,-13.75,stop,2,0.9166666666666666,0.020833333333333332,0.0625,-160.5,-44.43240259581762,2
2021-03-08T10:48:00.000000,2021-03-08T10:49:00.000000,2021,2021-03,10,49,12553.0,12555.5,12548.0,2.5,5.0,target,1,0.796875,0.109375,0.09375,-145.75,-29.291886966449965,2
2021-03-10T10:45:00.000000,2021-03-10T10:46:00.000000,2021,2021-03,10,46,12789.75,12792.5,12784.25,2.75,-2.75,stop,1,0.8266666666666667,0.06666666666666667,0.10666666666666667,-79.0,-53.43203594651641,2
2021-03-12T08:47:00.000000,2021-03-12T08:48:00.000000,2021,2021-03,8,48,12829.0,12853.25,12780.5,24.25,-24.25,stop,2,0.7244897959183674,0.09183673469387756,0.1836734693877551,-290.25,-69.946226121172,1
2021-03-12T08:48:00.000000,2021-03-12T08:49:00.000000,2021,2021-03,8,49,12847.0,12850.5,12840.0,3.5,-3.5,stop,1,0.9487179487179487,0.0,0.05128205128205128,-271.75,-51.11621197876593,1
2021-03-12T08:49:00.000000,2021-03-12T08:50:00.000000,2021,2021-03,8,50,12858.0,12864.0,12846.0,6.0,-6.0,stop,1,0.7833333333333333,0.0,0.21666666666666667,-260.5,-39.61278751181999,1
2021-03-12T10:29:00.000000,2021-03-12T10:30:00.000000,2021,2021-03,10,30,12836.0,12839.0,12830.0,3.0,-3.0,stop,1,0.7083333333333334,0.08333333333333333,0.20833333333333334,-283.5,-36.821253944930504,2
2021-03-12T10:30:00.000000,2021-03-12T10:31:00.000000,2021,2021-03,10,31,12844.75,12849.5,12835.25,4.75,9.5,target,2,0.6956521739130435,0.0,0.30434782608695654,-275.25,-28.47099380763575,2
2021-03-12T10:37:00.000000,2021-03-12T10:38:00.000000,2021,2021-03,10,38,12846.0,12848.5,12841.0,2.5,-2.5,stop,1,0.9680851063829787,0.031914893617021274,0.0,-272.75,-25.422078638097446,1
2021-03-12T10:40:00.000000,2021-03-12T10:41:00.000000,2021,2021-03,10,41,12836.5,12849.0,12811.5,12.5,-12.5,stop,1,0.8409090909090909,0.11363636363636363,0.045454545454545456,-282.0,-34.437538804537326,1
2021-03-17T08:49:00.000000,2021-03-17T08:50:00.000000,2021,2021-03,8,50,12999.25,13007.0,12983.75,7.75,-7.75,stop,2,0.7391304347826086,0.043478260869565216,0.21739130434782608,-287.75,-35.48021867940588,2
2021-03-17T10:20:00.000000,2021-03-17T10:21:00.000000,2021,2021-03,10,21,12997.25,13004.5,12982.75,7.25,-7.25,stop,1,0.7692307692307693,0.11538461538461539,0.11538461538461539,-290.5,-24.552189263249602,1
2021-03-17T10:37:00.000000,2021-03-17T10:38:00.000000,2021,2021-03,10,38,12988.0,12990.75,12982.5,2.75,-2.75,stop,1,0.8333333333333334,0.06666666666666667,0.1,-299.25,-32.566143988849944,1
2021-03-17T10:50:00.000000,2021-03-17T10:51:00.000000,2021,2021-03,10,51,12993.25,12997.0,12985.75,3.75,-3.75,stop,1,0.7368421052631579,0.10526315789473684,0.15789473684210525,-293.75,-26.06654585054821,1
2021-03-19T08:35:00.000000,2021-03-19T08:36:00.000000,2021,2021-03,8,36,12751.75,12759.25,12736.75,7.5,-7.5,stop,1,0.6746987951807228,0.03614457831325301,0.2891566265060241,-515.75,-39.60285255476265,3
2021-03-24T08:36:00.000000,2021-03-24T08:37:00.000000,2021,2021-03,8,37,12956.25,12961.75,12945.25,5.5,-5.5,stop,2,0.7792207792207793,0.03896103896103896,0.18181818181818182,-215.75,-64.16104496942717,1
2021-03-24T08:49:00.000000,2021-03-24T08:50:00.000000,2021,2021-03,8,50,12972.75,12985.0,12948.25,12.25,-12.25,stop,4,0.8780487804878049,0.07317073170731707,0.04878048780487805,-198.5,-43.75978510303139,1
2021-03-24T10:13:00.000000,2021-03-24T10:14:00.000000,2021,2021-03,10,14,12977.5,12980.5,12971.5,3.0,-3.0,stop,1,0.8461538461538461,0.0,0.15384615384615385,-194.5,-34.756487137343356,1
2021-03-24T10:15:00.000000,2021-03-24T10:16:00.000000,2021,2021-03,10,16,12975.0,12984.0,12957.0,9.0,-9.0,stop,7,0.9032258064516129,0.0967741935483871,0.0,-197.0,-37.09983696346535,1
2021-03-24T10:17:00.000000,2021-03-24T10:18:00.000000,2021,2021-03,10,18,12976.5,12978.75,12972.0,2.25,-2.25,stop,1,0.9302325581395349,0.023255813953488372,0.046511627906976744,-195.75,-35.68309051731376,1
2021-03-24T10:27:00.000000,2021-03-24T10:28:00.000000,2021,2021-03,10,28,12958.5,12962.0,12951.5,3.5,-3.5,stop,1,0.6666666666666666,0.0,0.3333333333333333,-214.0,-52.90362221430405,1
2021-03-24T10:37:00.000000,2021-03-24T10:38:00.000000,2021,2021-03,10,38,12960.5,12972.25,12937.0,11.75,-11.75,stop,7,0.9,0.0,0.1,-211.75,-49.639071542507736,1
2021-03-25T08:38:00.000000,2021-03-25T08:39:00.000000,2021,2021-03,8,39,12733.75,12739.75,12721.75,6.0,-6.0,stop,1,0.8350515463917526,0.0,0.16494845360824742,-411.5,-41.10774325838793,2
2021-03-25T08:44:00.000000,2021-03-25T08:45:00.000000,2021,2021-03,8,45,12716.0,12719.25,12709.5,3.25,-3.25,stop,1,0.9347826086956522,0.0,0.06521739130434782,-428.75,-56.063930448986866,2
2021-03-25T08:46:00.000000,2021-03-25T08:47:00.000000,2021,2021-03,8,47,12698.25,12720.25,12654.25,22.0,44.0,target,5,0.8068181818181818,0.07954545454545454,0.11363636363636363,-447.25,-73.57383719542668,2
2021-03-25T10:15:00.000000,2021-03-25T10:16:00.000000,2021,2021-03,10,16,12714.75,12723.5,12697.25,8.75,-8.75,stop,1,0.7768595041322314,0.008264462809917356,0.21487603305785125,-430.25,-20.798758051190816,2
2021-04-14T10:43:00.000000,2021-04-14T10:44:00.000000,2021,2021-04,10,44,13914.5,13919.0,13905.5,4.5,9.0,target,17,0.8333333333333334,0.08333333333333333,0.08333333333333333,-79.75,-24.56429419970118,1
2021-04-14T10:46:00.000000,2021-04-14T10:47:00.000000,2021,2021-04,10,47,13907.5,13914.0,13894.5,6.5,-6.5,stop,4,0.75,0.05,0.2,-86.75,-31.42321146332324,1
2021-04-19T10:22:00.000000,2021-04-19T10:23:00.000000,2021,2021-04,10,23,13889.0,13898.25,13870.5,9.25,18.5,target,3,0.8529411764705882,0.11764705882352941,0.029411764705882353,-109.25,-53.608007801987696,1
2021-04-19T10:39:00.000000,2021-04-19T10:40:00.000000,2021,2021-04,10,40,13838.0,13848.5,13817.0,10.5,-10.5,stop,12,0.7837837837837838,0.08108108108108109,0.13513513513513514,-160.0,-99.2887599521564,1
2021-04-19T10:43:00.000000,2021-04-19T10:44:00.000000,2021,2021-04,10,44,13836.5,13840.5,13828.5,4.0,8.0,target,2,0.725,0.075,0.2,-161.5,-99.02066519684558,1
2021-04-19T10:45:00.000000,2021-04-19T10:46:00.000000,2021,2021-04,10,46,13822.75,13836.5,13795.25,13.75,-13.75,stop,2,0.9583333333333334,0.041666666666666664,0.0,-175.0,-112.03918397612142,1
2021-04-19T10:46:00.000000,2021-04-19T10:47:00.000000,2021,2021-04,10,47,13830.0,13835.0,13820.0,5.0,-5.0,stop,1,0.6818181818181818,0.06818181818181818,0.25,-167.75,-104.57547892403818,1
2021-04-20T08:49:00.000000,2021-04-20T08:50:00.000000,2021,2021-04,8,50,13819.75,13830.0,13799.25,10.25,20.5,target,4,0.8571428571428571,0.08571428571428572,0.05714285714285714,-232.25,-61.118791764492926,2
2021-04-27T08:43:00.000000,2021-04-27T08:44:00.000000,2021,2021-04,8,44,13929.75,13934.0,13921.25,4.25,-4.25,stop,1,0.68,0.04,0.28,-109.0,-51.5659527165426,1
2021-04-29T08:35:00.000000,2021-04-29T08:36:00.000000,2021,2021-04,8,36,13902.75,13919.5,13869.25,16.75,-16.75,stop,7,0.8888888888888888,0.07936507936507936,0.031746031746031744,-90.5,-89.88868891458515,1
2021-04-29T08:36:00.000000,2021-04-29T08:37:00.000000,2021,2021-04,8,37,13891.75,13909.75,13855.75,18.0,-18.0,stop,4,0.671875,0.015625,0.3125,-101.5,-99.62276496130471,1
2021-05-10T08:39:00.000000,2021-05-10T08:40:00.000000,2021,2021-05,8,40,13524.25,13526.5,13519.75,2.25,4.5,target,1,0.9104477611940298,0.07462686567164178,0.014925373134328358,-217.75,-68.17254083135049,1
2021-05-10T10:10:00.000000,2021-05-10T10:11:00.000000,2021,2021-05,10,11,13531.75,13534.25,13526.75,2.5,-2.5,stop,1,0.9302325581395349,0.0,0.06976744186046512,-210.5,-27.616442969647323,1
2021-05-10T10:12:00.000000,2021-05-10T10:13:00.000000,2021,2021-05,10,13,13536.75,13539.75,13530.75,3.0,6.0,target,4,0.7941176470588235,0.11764705882352941,0.08823529411764706,-205.0,-21.99387094388294,1
2021-05-10T10:16:00.000000,2021-05-10T10:17:00.000000,2021,2021-05,10,17,13529.0,13539.0,13509.0,10.0,-10.0,stop,9,0.84375,0.0625,0.09375,-212.5,-29.277557527369936,1
2021-05-10T10:18:00.000000,2021-05-10T10:19:00.000000,2021,2021-05,10,19,13535.0,13538.25,13528.5,3.25,6.5,target,3,0.84,0.0,0.16,-206.75,-23.426392609277173,1
2021-05-10T10:49:00.000000,2021-05-10T10:50:00.000000,2021,2021-05,10,50,13502.25,13507.75,13491.25,5.5,-5.5,stop,2,0.875,0.0625,0.0625,-240.0,-53.81427037224421,1
2021-05-12T08:37:00.000000,2021-05-12T08:38:00.000000,2021,2021-05,8,38,13106.0,13111.5,13095.0,5.5,-5.5,stop,1,0.7706422018348624,0.11926605504587157,0.11009174311926606,-269.25,-90.35128927322148,2
2021-05-12T08:43:00.000000,2021-05-12T08:44:00.000000,2021,2021-05,8,44,13054.75,13077.25,13009.75,22.5,-22.5,stop,2,0.9761904761904762,0.0,0.023809523809523808,-321.5,-137.96126359211848,2
2021-05-17T08:50:00.000000,2021-05-17T08:51:00.000000,2021,2021-05,8,51,13289.25,13310.75,13246.25,21.5,-21.5,stop,1,0.6835443037974683,0.0,0.31645569620253167,-159.5,-24.717798270172352,1
2021-05-17T10:14:00.000000,2021-05-17T10:15:00.000000,2021,2021-05,10,15,13225.75,13241.75,13193.75,16.0,-16.0,stop,1,0.9285714285714286,0.0,0.07142857142857142,-222.75,-75.1320001355216,1
2021-05-17T10:30:00.000000,2021-05-17T10:31:00.000000,2021,2021-05,10,31,13238.75,13248.25,13219.75,9.5,-9.5,stop,7,0.875,0.0625,0.0625,-209.75,-60.41049849810406,1
2021-06-03T08:36:00.000000,2021-06-03T08:37:00.000000,2021,2021-06,8,37,13517.25,13527.25,13497.25,10.0,20.0,target,3,0.7428571428571429,0.05714285714285714,0.2,-195.75,-35.760836538149306,1
2021-06-03T08:38:00.000000,2021-06-03T08:39:00.000000,2021,2021-06,8,39,13501.5,13512.25,13480.0,10.75,-10.75,stop,10,0.9714285714285714,0.0,0.02857142857142857,-211.25,-50.66586955389721,1
2021-06-03T08:47:00.000000,2021-06-03T08:48:00.000000,2021,2021-06,8,48,13505.75,13510.25,13496.75,4.5,-4.5,stop,1,0.813953488372093,0.08139534883720931,0.10465116279069768,-206.75,-42.57961615910244,1
2021-06-16T10:20:00.000000,2021-06-16T10:21:00.000000,2021,2021-06,10,21,13996.0,14002.5,13983.0,6.5,13.0,target,5,0.8421052631578947,0.10526315789473684,0.05263157894736842,-159.5,-55.58418157878077,2
2021-06-16T10:22:00.000000,2021-06-16T10:23:00.000000,2021,2021-06,10,23,13994.75,13997.5,13989.25,2.75,5.5,target,2,0.7058823529411765,0.11764705882352941,0.17647058823529413,-161.0,-56.50382692946005,2
2021-06-16T10:28:00.000000,2021-06-16T10:29:00.000000,2021,2021-06,10,29,13987.25,13990.0,13981.75,2.75,-2.75,stop,1,0.8695652173913043,0.0,0.13043478260869565,-168.5,-62.083170510532,2
2021-06-16T10:43:00.000000,2021-06-16T10:44:00.000000,2021,2021-06,10,44,14003.25,14006.25,13997.25,3.0,-3.0,stop,5,0.7,0.1,0.2,-152.5,-43.99047230542237,1
2021-06-16T10:48:00.000000,2021-06-16T10:49:00.000000,2021,2021-06,10,49,14006.25,14008.75,14001.25,2.5,-2.5,stop,1,0.8181818181818182,0.09090909090909091,0.09090909090909091,-149.5,-40.50934016369865,1
2021-06-18T10:14:00.000000,2021-06-18T10:15:00.000000,2021,2021-06,10,15,14069.25,14077.5,14052.75,8.25,-8.25,stop,9,0.8888888888888888,0.0,0.1111111111111111,-130.25,-25.89492107254773,2
2021-06-18T10:18:00.000000,2021-06-18T10:19:00.000000,2021,2021-06,10,19,14063.75,14074.0,14043.25,10.25,-10.25,stop,4,0.875,0.03125,0.09375,-134.75,-30.25735187365899,2
2021-06-18T10:19:00.000000,2021-06-18T10:20:00.000000,2021,2021-06,10,20,14071.75,14074.0,14067.25,2.25,4.5,target,1,0.9393939393939394,0.0,0.06060606060606061,-127.5,-22.968448048182836,2
2021-06-18T10:20:00.000000,2021-06-18T10:21:00.000000,2021,2021-06,10,21,14067.25,14074.0,14053.75,6.75,-6.75,stop,2,0.9090909090909091,0.045454545454545456,0.045454545454545456,-132.25,-27.688647021130237,2
2021-06-25T10:31:00.000000,2021-06-25T10:32:00.000000,2021,2021-06,10,32,14328.75,14332.75,14320.75,4.0,-4.0,stop,2,0.7142857142857143,0.03571428571428571,0.25,-93.0,-28.7371586751633,1
2021-06-25T10:40:00.000000,2021-06-25T10:41:00.000000,2021,2021-06,10,41,14337.0,14339.25,14332.5,2.25,-2.25,stop,4,0.8571428571428571,0.07142857142857142,0.07142857142857142,-85.0,-20.343568901784238,2
2021-06-25T10:48:00.000000,2021-06-25T10:49:00.000000,2021,2021-06,10,49,14335.5,14340.0,14326.5,4.5,-4.5,stop,7,0.8181818181818182,0.09090909090909091,0.09090909090909091,-86.5,-21.619058988599136,1
2021-06-25T10:49:00.000000,2021-06-25T10:50:00.000000,2021,2021-06,10,50,14332.5,14338.0,14321.5,5.5,-5.5,stop,4,0.7894736842105263,0.10526315789473684,0.10526315789473684,-90.25,-25.331426082248072,1
2021-07-01T10:22:00.000000,2021-07-01T10:23:00.000000,2021,2021-07,10,23,14510.0,14512.75,14504.5,2.75,-2.75,stop,1,0.75,0.1,0.15,-88.5,-23.015779567154823,2
2021-07-01T10:31:00.000000,2021-07-01T10:32:00.000000,2021,2021-07,10,32,14512.25,14518.0,14500.75,5.75,11.5,target,4,0.75,0.0625,0.1875,-86.25,-20.455373412480185,2
2021-07-01T10:41:00.000000,2021-07-01T10:42:00.000000,2021,2021-07,10,42,14501.0,14503.25,14496.5,2.25,-2.25,stop,3,0.8333333333333334,0.05555555555555555,0.1111111111111111,-97.75,-31.181782680854667,3
2021-07-01T10:46:00.000000,2021-07-01T10:47:00.000000,2021,2021-07,10,47,14499.75,14506.25,14486.75,6.5,-6.5,stop,45,0.7368421052631579,0.05263157894736842,0.21052631578947367,-98.75,-31.948933433559432,3
2021-07-01T10:48:00.000000,2021-07-01T10:49:00.000000,2021,2021-07,10,49,14497.75,14504.0,14485.25,6.25,-6.25,stop,36,0.6875,0.0,0.3125,-100.5,-33.60563899881345,3
2021-07-06T10:20:00.000000,2021-07-06T10:21:00.000000,2021,2021-07,10,21,14626.0,14634.0,14610.0,8.0,-8.0,stop,1,0.8148148148148148,0.07407407407407407,0.1111111111111111,-95.75,-106.56116752597882,3
2021-07-06T10:21:00.000000,2021-07-06T10:22:00.000000,2021,2021-07,10,22,14642.5,14645.5,14636.5,3.0,-3.0,stop,1,0.9027777777777778,0.027777777777777776,0.06944444444444445,-79.25,-89.5492651607492,3
2021-07-14T10:12:00.000000,2021-07-14T10:13:00.000000,2021,2021-07,10,13,14912.75,14915.0,14908.25,2.25,-2.25,stop,1,0.9148936170212766,0.0851063829787234,0.0,-81.75,-23.192839386263586,1
2021-07-15T08:39:00.000000,2021-07-15T08:40:00.000000,2021,2021-07,8,40,14839.5,14845.25,14828.0,5.75,11.5,target,1,0.6808510638297872,0.0,0.3191489361702128,-156.5,-30.54553586507791,2
2021-07-15T08:43:00.000000,2021-07-15T08:44:00.000000,2021,2021-07,8,44,14791.5,14814.75,14745.0,23.25,-23.25,stop,31,0.7802197802197802,0.06593406593406594,0.15384615384615385,-204.5,-76.55592317992705,2
2021-07-15T10:15:00.000000,2021-07-15T10:16:00.000000,2021,2021-07,10,16,14739.25,14749.5,14718.75,10.25,-10.25,stop,2,0.8857142857142857,0.08571428571428572,0.02857142857142857,-256.5,-102.16692678385698,1
2021-07-16T08:42:00.000000,2021-07-16T08:43:00.000000,2021,2021-07,8,43,14772.0,14783.75,14748.5,11.75,-11.75,stop,10,0.7073170731707317,0.07317073170731707,0.21951219512195122,-190.5,-29.964589018980405,3
2021-07-16T08:44:00.000000,2021-07-16T08:45:00.000000,2021,2021-07,8,45,14769.75,14783.75,14741.75,14.0,-14.0,stop,8,0.7884615384615384,0.057692307692307696,0.15384615384615385,-193.25,-32.386043768838135,3
2021-07-16T08:49:00.000000,2021-07-16T08:50:00.000000,2021,2021-07,8,50,14773.0,14775.75,14767.5,2.75,-2.75,stop,1,0.868421052631579,0.07894736842105263,0.05263157894736842,-189.5,-27.67646902481829,2
2021-07-16T10:12:00.000000,2021-07-16T10:13:00.000000,2021,2021-07,10,13,14751.0,14754.0,14745.0,3.0,-3.0,stop,3,0.7333333333333333,0.06666666666666667,0.2,-211.5,-29.734802076322012,3
2021-07-16T10:28:00.000000,2021-07-16T10:29:00.000000,2021,2021-07,10,29,14756.25,14763.25,14742.25,7.0,-7.0,stop,6,0.782608695652174,0.043478260869565216,0.17391304347826086,-207.0,-24.603009139209462,3
2021-07-16T10:29:00.000000,2021-07-16T10:30:00.000000,2021,2021-07,10,30,14758.75,14760.75,14754.75,2.0,4.0,target,1,0.8181818181818182,0.09090909090909091,0.09090909090909091,-204.25,-21.82383322783062,3
2021-07-16T10:41:00.000000,2021-07-16T10:42:00.000000,2021,2021-07,10,42,14744.75,14752.25,14729.75,7.5,-7.5,stop,3,0.92,0.08,0.0,-218.25,-35.27416702336086,1
2021-07-16T10:43:00.000000,2021-07-16T10:44:00.000000,2021,2021-07,10,44,14745.0,14749.25,14736.5,4.25,-4.25,stop,1,0.8181818181818182,0.09090909090909091,0.09090909090909091,-218.0,-34.93628172432,1
2021-07-16T10:44:00.000000,2021-07-16T10:45:00.000000,2021,2021-07,10,45,14752.5,14754.75,14748.0,2.25,-2.25,stop,1,0.9354838709677419,0.0,0.06451612903225806,-210.5,-27.40264760584978,1
2021-07-19T08:41:00.000000,2021-07-19T08:42:00.000000,2021,2021-07,8,42,14494.25,14498.0,14486.75,3.75,-3.75,stop,1,0.864406779661017,0.03389830508474576,0.1016949152542373,-188.0,-47.00563962416891,2
2021-07-19T10:27:00.000000,2021-07-19T10:28:00.000000,2021,2021-07,10,28,14509.0,14523.0,14481.0,14.0,28.0,target,9,0.9591836734693877,0.04081632653061224,0.0,-173.25,-28.97023982695282,1
2021-07-19T10:33:00.000000,2021-07-19T10:34:00.000000,2021,2021-07,10,34,14486.25,14496.5,14465.75,10.25,20.5,target,9,0.6756756756756757,0.08108108108108109,0.24324324324324326,-196.5,-51.545325156239414,1
2021-07-19T10:36:00.000000,2021-07-19T10:37:00.000000,2021,2021-07,10,37,14480.5,14488.5,14464.5,8.0,-8.0,stop,1,0.92,0.04,0.04,-202.0,-56.76354732992513,1
2021-07-19T10:38:00.000000,2021-07-19T10:39:00.000000,2021,2021-07,10,39,14482.25,14488.5,14469.75,6.25,12.5,target,4,0.7368421052631579,0.10526315789473684,0.15789473684210525,-200.25,-54.87714609811155,1
2021-07-19T10:50:00.000000,2021-07-19T10:51:00.000000,2021,2021-07,10,51,14456.75,14468.0,14434.25,11.25,-11.25,stop,1,0.868421052631579,0.07894736842105263,0.05263157894736842,-225.25,-77.9956560830633,1
2021-07-27T08:30:00.000000,2021-07-27T08:31:00.000000,2021,2021-07,8,31,14973.5,14989.5,14941.5,16.0,32.0,target,3,0.859375,0.109375,0.03125,-160.75,-79.2943183797197,2
2021-07-27T08:31:00.000000,2021-07-27T08:32:00.000000,2021,2021-07,8,32,14956.0,14976.0,14916.0,20.0,40.0,target,5,0.971830985915493,0.0,0.028169014084507043,-177.75,-94.89494874530283,1
2021-08-03T08:33:00.000000,2021-08-03T08:34:00.000000,2021,2021-08,8,34,14908.25,14922.0,14880.75,13.75,27.5,target,12,0.8627450980392157,0.0784313725490196,0.058823529411764705,-148.0,-39.02921952070392,1
2021-08-03T08:47:00.000000,2021-08-03T08:48:00.000000,2021,2021-08,8,48,14888.5,14892.0,14881.5,3.5,-3.5,stop,1,0.7777777777777778,0.09259259259259259,0.12962962962962962,-168.0,-53.303259701673596,1
2021-08-06T10:13:00.000000,2021-08-06T10:14:00.000000,2021,2021-08,10,14,15083.25,15091.5,15066.75,8.25,-8.25,stop,11,0.84,0.04,0.12,-89.0,-25.678159992990913,2
2021-08-06T10:20:00.000000,2021-08-06T10:21:00.000000,2021,2021-08,10,21,15082.0,15087.25,15071.5,5.25,-5.25,stop,2,0.6923076923076923,0.07692307692307693,0.23076923076923078,-90.25,-26.4440271164749,2
2021-08-11T08:37:00.000000,2021-08-11T08:38:00.000000,2021,2021-08,8,38,15033.75,15036.5,15028.25,2.75,-2.75,stop,1,0.9130434782608695,0.0,0.08695652173913043,-123.75,-24.08357638598136,2
2021-08-11T08:39:00.000000,2021-08-11T08:40:00.000000,2021,2021-08,8,40,15025.25,15035.25,15005.25,10.0,-10.0,stop,1,0.8181818181818182,0.09090909090909091,0.09090909090909091,-131.5,-31.519103417827864,2
2021-08-11T08:49:00.000000,2021-08-11T08:50:00.000000,2021,2021-08,8,50,15032.75,15044.0,15010.25,11.25,-11.25,stop,2,0.8421052631578947,0.02631578947368421,0.13157894736842105,-124.5,-23.50337631252478,3
2021-08-11T10:26:00.000000,2021-08-11T10:27:00.000000,2021,2021-08,10,27,14997.5,15005.5,14981.5,8.0,-8.0,stop,6,0.8,0.0,0.2,-160.0,-38.03228185122316,1
2021-08-11T10:31:00.000000,2021-08-11T10:32:00.000000,2021,2021-08,10,32,15004.0,15006.0,15000.0,2.0,-2.0,stop,1,0.88,0.12,0.0,-153.25,-31.05224459773308,1
2021-08-11T10:45:00.000000,2021-08-11T10:46:00.000000,2021,2021-08,10,46,15008.0,15010.25,15003.5,2.25,4.5,target,1,0.9230769230769231,0.0,0.07692307692307693,-149.5,-26.76329779675143,1
2021-08-11T10:47:00.000000,2021-08-11T10:48:00.000000,2021,2021-08,10,48,15008.25,15011.0,15002.75,2.75,-2.75,stop,2,0.85,0.05,0.1,-148.75,-25.93527772030393,1
2021-08-16T08:36:00.000000,2021-08-16T08:37:00.000000,2021,2021-08,8,37,14959.0,14968.75,14939.5,9.75,19.5,target,5,0.8181818181818182,0.06060606060606061,0.12121212121212122,-164.0,-81.0521593400299,1
2021-08-16T08:39:00.000000,2021-08-16T08:40:00.000000,2021,2021-08,8,40,14948.5,14959.5,14926.5,11.0,-11.0,stop,10,0.9,0.1,0.0,-174.5,-90.02921814501315,1
2021-08-16T08:50:00.000000,2021-08-16T08:51:00.000000,2021,2021-08,8,51,14947.5,14961.5,14919.5,14.0,-14.0,stop,25,0.8518518518518519,0.09259259259259259,0.05555555555555555,-175.75,-85.41210563290406,1
2021-08-17T10:10:00.000000,2021-08-17T10:11:00.000000,2021,2021-08,10,11,14936.0,14948.5,14911.0,12.5,-12.5,stop,2,0.7619047619047619,0.047619047619047616,0.19047619047619047,-202.5,-74.69397782555461,1
2021-08-17T10:12:00.000000,2021-08-17T10:13:00.000000,2021,2021-08,10,13,14950.5,14953.5,14944.5,3.0,-3.0,stop,1,0.9090909090909091,0.0,0.09090909090909091,-188.75,-60.52502616484344,1
2021-08-17T10:24:00.000000,2021-08-17T10:25:00.000000,2021,2021-08,10,25,14950.25,14955.0,14940.75,4.75,-4.75,stop,2,0.7916666666666666,0.0,0.20833333333333334,-188.5,-57.85254591617377,1
2021-08-17T10:26:00.000000,2021-08-17T10:27:00.000000,2021,2021-08,10,27,14953.0,14957.0,14945.0,4.0,-4.0,stop,2,0.7241379310344828,0.034482758620689655,0.2413793103448276,-185.75,-54.75881991439928,1
2021-08-17T10:28:00.000000,2021-08-17T10:29:00.000000,2021,2021-08,10,29,14968.75,14971.5,14963.25,2.75,-2.75,stop,1,0.9230769230769231,0.015384615384615385,0.06153846153846154,-170.5,-39.17203554668595,1
2021-08-17T10:30:00.000000,2021-08-17T10:31:00.000000,2021,2021-08,10,31,14967.5,14976.25,14950.0,8.75,17.5,target,4,0.9629629629629629,0.0,0.037037037037037035,-171.5,-39.91471832620664,1
2021-08-17T10:38:00.000000,2021-08-17T10:39:00.000000,2021,2021-08,10,39,14934.75,14949.75,14904.75,15.0,30.0,target,12,0.864406779661017,0.0847457627118644,0.05084745762711865,-204.75,-71.68248288809264,1
2021-09-02T10:23:00.000000,2021-09-02T10:24:00.000000,2021,2021-09,10,24,15610.5,15617.0,15597.5,6.5,-6.5,stop,5,0.8333333333333334,0.1111111111111111,0.05555555555555555,-88.0,-31.063166518924845,1
2021-09-02T10:27:00.000000,2021-09-02T10:28:00.000000,2021,2021-09,10,28,15614.0,15616.75,15608.5,2.75,-2.75,stop,1,0.8333333333333334,0.0,0.16666666666666666,-84.75,-27.60119145126555,1
2021-09-02T10:29:00.000000,2021-09-02T10:30:00.000000,2021,2021-09,10,30,15615.0,15619.5,15606.0,4.5,-4.5,stop,3,0.75,0.08333333333333333,0.16666666666666666,-84.25,-27.01495390620221,3
2021-09-02T10:33:00.000000,2021-09-02T10:34:00.000000,2021,2021-09,10,34,15615.75,15619.5,15608.25,3.75,-3.75,stop,2,0.8888888888888888,0.0,0.1111111111111111,-83.75,-26.343687673195745,2
2021-09-10T08:34:00.000000,2021-09-10T08:35:00.000000,2021,2021-09,8,35,15578.0,15588.5,15557.0,10.5,-10.5,stop,13,0.7837837837837838,0.05405405405405406,0.16216216216216217,-90.75,-35.47351391853226,2
2021-09-10T10:19:00.000000,2021-09-10T10:20:00.000000,2021,2021-09,10,20,15569.75,15575.75,15557.75,6.0,-6.0,stop,2,0.8421052631578947,0.10526315789473684,0.05263157894736842,-106.25,-27.959420135523033,3
2021-09-13T10:10:00.000000,2021-09-13T10:11:00.000000,2021,2021-09,10,11,15385.25,15388.5,15378.75,3.25,-3.25,stop,1,0.8688524590163934,0.04918032786885246,0.08196721311475409,-97.5,-47.4301863415094,1
2021-09-13T10:41:00.000000,2021-09-13T10:42:00.000000,2021,2021-09,10,42,15403.25,15414.25,15381.25,11.0,-11.0,stop,6,0.8461538461538461,0.05128205128205128,0.10256410256410256,-79.75,-27.977538565459326,1
2021-09-14T08:41:00.000000,2021-09-14T08:42:00.000000,2021,2021-09,8,42,15406.5,15409.5,15400.5,3.0,-3.0,stop,1,0.8,0.12,0.08,-150.5,-44.564662578181014,2
2021-09-14T08:46:00.000000,2021-09-14T08:47:00.000000,2021,2021-09,8,47,15419.0,15421.5,15414.0,2.5,5.0,target,1,0.8378378378378378,0.10810810810810811,0.05405405405405406,-138.5,-31.645490440960202,2
2021-09-17T08:38:00.000000,2021-09-17T08:39:00.000000,2021,2021-09,8,39,15360.75,15363.0,15356.25,2.25,4.5,target,1,0.8484848484848485,0.09090909090909091,0.06060606060606061,-172.0,-73.97931655089087,1
2021-09-17T08:48:00.000000,2021-09-17T08:49:00.000000,2021,2021-09,8,49,15351.25,15354.25,15345.25,3.0,6.0,target,2,0.8,0.075,0.125,-181.5,-77.49329003127059,1
2021-09-17T10:50:00.000000,2021-09-17T10:51:00.000000,2021,2021-09,10,51,15357.25,15359.5,15352.75,2.25,4.5,target,1,0.972972972972973,0.02702702702702703,0.0,-175.0,-30.844313453537325,1
2021-09-20T08:39:00.000000,2021-09-20T08:40:00.000000,2021,2021-09,8,40,15038.5,15041.5,15032.5,3.0,6.0,target,1,0.8333333333333334,0.05555555555555555,0.1111111111111111,-286.25,-82.8503624593759,1
2021-09-20T08:41:00.000000,2021-09-20T08:42:00.000000,2021,2021-09,8,42,15004.75,15026.25,14961.75,21.5,-21.5,stop,13,0.6707317073170732,0.04878048780487805,0.2804878048780488,-320.0,-115.01019620619809,1
2021-09-20T08:48:00.000000,2021-09-20T08:49:00.000000,2021,2021-09,8,49,15017.25,15025.75,15000.25,8.5,-8.5,stop,6,0.6629213483146067,0.06741573033707865,0.2696629213483146,-307.0,-97.31835208072516,1
2021-09-21T08:36:00.000000,2021-09-21T08:37:00.000000,2021,2021-09,8,37,15039.5,15042.75,15033.0,3.25,-3.25,stop,1,0.7777777777777778,0.08888888888888889,0.13333333333333333,-299.0,-33.144285515772935,1
2021-09-21T08:42:00.000000,2021-09-21T08:43:00.000000,2021,2021-09,8,43,15045.75,15049.5,15038.25,3.75,-3.75,stop,1,0.8043478260869565,0.10869565217391304,0.08695652173913043,-291.75,-24.62378405529489,1
2021-09-21T08:48:00.000000,2021-09-21T08:49:00.000000,2021,2021-09,8,49,14997.75,15018.0,14957.25,20.25,-20.25,stop,17,0.7777777777777778,0.07407407407407407,0.14814814814814814,-341.0,-71.85496761139075,1
2021-09-27T10:11:00.000000,2021-09-27T10:12:00.000000,2021,2021-09,10,12,15156.0,15159.0,15150.0,3.0,-3.0,stop,3,0.7647058823529411,0.058823529411764705,0.17647058823529413,-173.75,-35.874860884232476,1
2021-09-27T10:17:00.000000,2021-09-27T10:18:00.000000,2021,2021-09,10,18,15166.75,15169.75,15160.75,3.0,-3.0,stop,1,0.9117647058823529,0.0,0.08823529411764706,-163.0,-24.822668436730964,1
2021-09-27T10:27:00.000000,2021-09-27T10:28:00.000000,2021,2021-09,10,28,15161.25,15163.75,15156.25,2.5,-2.5,stop,2,0.9,0.0,0.1,-168.5,-29.9499221860533,1
2021-09-27T10:33:00.000000,2021-09-27T10:34:00.000000,2021,2021-09,10,34,15157.0,15160.25,15150.5,3.25,6.5,target,2,0.7391304347826086,0.043478260869565216,0.21739130434782608,-173.0,-34.16830941542503,1
2021-09-27T10:34:00.000000,2021-09-27T10:35:00.000000,2021,2021-09,10,35,15152.5,15160.25,15137.0,7.75,-7.75,stop,9,0.7916666666666666,0.0,0.20833333333333334,-177.75,-38.873819921649556,1
2021-09-27T10:43:00.000000,2021-09-27T10:44:00.000000,2021,2021-09,10,44,15160.5,15164.0,15153.5,3.5,7.0,target,2,0.8064516129032258,0.03225806451612903,0.16129032258064516,-169.25,-29.910325356107933,1
2021-09-28T10:13:00.000000,2021-09-28T10:14:00.000000,2021,2021-09,10,14,14835.25,14838.5,14828.75,3.25,-3.25,stop,1,0.9,0.0,0.1,-563.75,-83.81763951201538,1
2021-09-28T10:15:00.000000,2021-09-28T10:16:00.000000,2021,2021-09,10,16,14825.5,14835.25,14806.0,9.75,-9.75,stop,1,0.9090909090909091,0.09090909090909091,0.0,-573.5,-93.18462893303149,1
2021-09-28T10:18:00.000000,2021-09-28T10:19:00.000000,2021,2021-09,10,19,14841.25,14843.25,14837.25,2.0,4.0,target,1,0.9047619047619048,0.07142857142857142,0.023809523809523808,-558.25,-77.35402597895882,1
2021-09-28T10:20:00.000000,2021-09-28T10:21:00.000000,2021,2021-09,10,21,14823.0,14834.25,14800.5,11.25,22.5,target,11,0.725,0.05,0.225,-576.5,-95.12359529337118,1
2021-09-28T10:21:00.000000,2021-09-28T10:22:00.000000,2021,2021-09,10,22,14815.75,14825.0,14797.25,9.25,-9.25,stop,1,0.96875,0.03125,0.0,-584.0,-102.34307935467405,1
2021-09-28T10:29:00.000000,2021-09-28T10:30:00.000000,2021,2021-09,10,30,14816.0,14826.75,14794.5,10.75,21.5,target,3,0.7647058823529411,0.058823529411764705,0.17647058823529413,-582.5,-99.61850371375658,1
2021-09-28T10:30:00.000000,2021-09-28T10:31:00.000000,2021,2021-09,10,31,14805.0,14818.5,14778.0,13.5,27.0,target,12,0.8823529411764706,0.0784313725490196,0.0392156862745098,-594.5,-111.30478548558494,1
2021-09-28T10:35:00.000000,2021-09-28T10:36:00.000000,2021,2021-09,10,36,14794.0,14804.25,14773.5,10.25,20.5,target,7,0.9411764705882353,0.058823529411764705,0.0,-605.0,-120.85889438282356,1
2021-09-28T10:42:00.000000,2021-09-28T10:43:00.000000,2021,2021-09,10,43,14771.75,14784.0,14747.25,12.25,24.5,target,16,0.8095238095238095,0.023809523809523808,0.16666666666666666,-627.5,-142.1070142689332,1
2021-09-28T10:44:00.000000,2021-09-28T10:45:00.000000,2021,2021-09,10,45,14765.0,14773.25,14748.5,8.25,16.5,target,6,0.9230769230769231,0.07692307692307693,0.0,-634.0,-148.15042872911727,1
2021-09-29T08:39:00.000000,2021-09-29T08:40:00.000000,2021,2021-09,8,40,14827.25,14840.25,14801.25,13.0,-13.0,stop,1,0.9148936170212766,0.02127659574468085,0.06382978723404255,-365.5,-25.852645034512534,1
2021-09-29T10:10:00.000000,2021-09-29T10:11:00.000000,2021,2021-09,10,11,14772.5,14784.0,14749.5,11.5,23.0,target,13,0.8604651162790697,0.06976744186046512,0.06976744186046512,-420.25,-72.36961586281905,2
2021-09-29T10:25:00.000000,2021-09-29T10:26:00.000000,2021,2021-09,10,26,14726.25,14743.5,14691.75,17.25,-17.25,stop,3,0.8636363636363636,0.06060606060606061,0.07575757575757576,-466.25,-114.35351444849948,3
2021-09-29T10:29:00.000000,2021-09-29T10:30:00.000000,2021,2021-09,10,30,14736.5,14748.0,14713.5,11.5,-11.5,stop,1,0.9024390243902439,0.0975609756097561,0.0,-455.5,-102.38848151650745,3
2021-09-29T10:30:00.000000,2021-09-29T10:31:00.000000,2021,2021-09,10,31,14752.75,14755.75,14746.75,3.0,6.0,target,1,0.881578947368421,0.09210526315789473,0.02631578947368421,-439.0,-85.60693936409734,3
2021-09-29T10:34:00.000000,2021-09-29T10:35:00.000000,2021,2021-09,10,35,14749.0,14763.75,14719.5,14.75,-14.75,stop,16,0.7551020408163265,0.0,0.24489795918367346,-442.75,-88.70866085847592,3
2021-09-29T10:35:00.000000,2021-09-29T10:36:00.000000,2021,2021-09,10,36,14740.0,14754.25,14711.5,14.25,-14.25,stop,3,0.7450980392156863,0.0,0.2549019607843137,-452.75,-98.41506774627669,3
2021-09-29T10:37:00.000000,2021-09-29T10:38:00.000000,2021,2021-09,10,38,14752.5,14754.75,14748.0,2.25,4.5,target,1,0.8813559322033898,0.11864406779661017,0.0,-439.5,-84.75644709398694,3
2021-09-29T10:42:00.000000,2021-09-29T10:43:00.000000,2021,2021-09,10,43,14751.0,14763.25,14726.5,12.25,-12.25,stop,8,0.7333333333333333,0.022222222222222223,0.24444444444444444,-442.0,-86.43352207085081,2
2021-09-29T10:49:00.000000,2021-09-29T10:50:00.000000,2021,2021-09,10,50,14754.25,14760.5,14741.75,6.25,-6.25,stop,1,0.7307692307692307,0.0641025641025641,0.20512820512820512,-437.75,-80.92554944372932,1
2021-09-30T10:25:00.000000,2021-09-30T10:26:00.000000,2021,2021-09,10,26,14714.0,14721.25,14699.5,7.25,-7.25,stop,3,0.7551020408163265,0.030612244897959183,0.21428571428571427,-212.0,-93.29978574485904,1
2021-09-30T10:27:00.000000,2021-09-30T10:28:00.000000,2021,2021-09,10,28,14714.75,14720.0,14704.25,5.25,-5.25,stop,1,0.6666666666666666,0.0625,0.2708333333333333,-211.25,-92.16529303474817,1
2021-09-30T10:29:00.000000,2021-09-30T10:30:00.000000,2021,2021-09,10,30,14698.75,14715.5,14665.25,16.75,-16.75,stop,5,0.7377049180327869,0.0,0.26229508196721313,-227.75,-108.05411537646614,1
2021-09-30T10:34:00.000000,2021-09-30T10:35:00.000000,2021,2021-09,10,35,14715.25,14718.75,14708.25,3.5,-3.5,stop,1,0.946969696969697,0.0,0.05303030303030303,-211.0,-89.1525652374039,1
2021-09-30T10:46:00.000000,2021-09-30T10:47:00.000000,2021,2021-09,10,47,14717.75,14723.0,14707.25,5.25,-5.25,stop,2,0.7916666666666666,0.041666666666666664,0.16666666666666666,-208.0,-83.47910119817425,1
2021-10-01T08:32:00.000000,2021-10-01T08:33:00.000000,2021,2021-10,8,33,14544.75,14559.0,14516.25,14.25,-14.25,stop,3,0.7916666666666666,0.020833333333333332,0.1875,-338.25,-89.85209716843747,2
2021-10-01T08:33:00.000000,2021-10-01T08:34:00.000000,2021,2021-10,8,34,14555.75,14560.0,14547.25,4.25,8.5,target,1,0.8035714285714286,0.05357142857142857,0.14285714285714285,-327.5,-78.78905368736378,2
2021-10-01T08:36:00.000000,2021-10-01T08:37:00.000000,2021,2021-10,8,37,14555.75,14571.75,14523.75,16.0,-16.0,stop,4,0.8448275862068966,0.017241379310344827,0.13793103448275862,-328.0,-78.26102715112575,2
2021-10-01T08:39:00.000000,2021-10-01T08:40:00.000000,2021,2021-10,8,40,14540.25,14563.5,14493.75,23.25,-23.25,stop,1,0.6627906976744186,0.011627906976744186,0.32558139534883723,-343.25,-92.47404958047264,2
2021-10-01T08:40:00.000000,2021-10-01T08:41:00.000000,2021,2021-10,8,41,14575.5,14584.25,14558.0,8.75,17.5,target,2,0.7790055248618785,0.0718232044198895,0.14917127071823205,-308.0,-56.55573422229463,3
2021-10-01T08:44:00.000000,2021-10-01T08:45:00.000000,2021,2021-10,8,45,14546.5,14560.75,14518.0,14.25,-14.25,stop,3,0.6981132075471698,0.07547169811320754,0.22641509433962265,-337.0,-84.25696703824178,3
2021-10-01T08:48:00.000000,2021-10-01T08:49:00.000000,2021,2021-10,8,49,14583.0,14587.5,14574.0,4.5,-4.5,stop,1,0.8076923076923077,0.11538461538461539,0.07692307692307693,-300.5,-46.3983833751754,3
2021-10-08T10:10:00.000000,2021-10-08T10:11:00.000000,2021,2021-10,10,11,14832.25,14841.0,14814.75,8.75,-8.75,stop,4,0.7333333333333333,0.1,0.16666666666666666,-169.0,-50.20940665014314,1
2021-10-08T10:13:00.000000,2021-10-08T10:14:00.000000,2021,2021-10,10,14,14834.5,14837.25,14829.0,2.75,-2.75,stop,1,0.8387096774193549,0.0,0.16129032258064516,-167.25,-48.177288647802925,1
2021-10-08T10:21:00.000000,2021-10-08T10:22:00.000000,2021,2021-10,10,22,14830.5,14836.5,14818.5,6.0,-6.0,stop,3,0.8947368421052632,0.10526315789473684,0.0,-171.0,-51.29788590708267,1
2021-10-08T10:23:00.000000,2021-10-08T10:24:00.000000,2021,2021-10,10,24,14836.25,14838.0,14832.75,1.75,3.5,target,1,0.9705882352941176,0.0,0.029411764705882353,-165.5,-45.66513477148146,1
2021-10-08T10:24:00.000000,2021-10-08T10:25:00.000000,2021,2021-10,10,25,14831.75,14838.5,14818.25,6.75,13.5,target,5,0.85,0.1,0.05,-169.25,-49.36719691320832,1
2021-10-12T08:36:00.000000,2021-10-12T08:37:00.000000,2021,2021-10,8,37,14653.25,14677.25,14605.25,24.0,-24.0,stop,4,0.7303370786516854,0.011235955056179775,0.25842696629213485,-244.0,-41.37103050026781,2
2021-10-12T08:37:00.000000,2021-10-12T08:38:00.000000,2021,2021-10,8,38,14667.5,14673.25,14656.0,5.75,11.5,target,1,0.7564102564102564,0.07692307692307693,0.16666666666666666,-229.25,-26.42424460132679,2
2021-10-12T10:45:00.000000,2021-10-12T10:46:00.000000,2021,2021-10,10,46,14667.25,14678.0,14645.75,10.75,21.5,target,19,0.9444444444444444,0.0,0.05555555555555555,-230.25,-22.523485569072363,2
2021-10-12T10:48:00.000000,2021-10-12T10:49:00.000000,2021,2021-10,10,49,14665.5,14674.5,14647.5,9.0,18.0,target,15,0.6666666666666666,0.0,0.3333333333333333,-231.5,-23.673341027599236,2
2021-10-22T10:11:00.000000,2021-10-22T10:12:00.000000,2021,2021-10,10,12,15303.5,15318.0,15274.5,14.5,-14.5,stop,2,0.803921568627451,0.0196078431372549,0.17647058823529413,-180.25,-85.8391464021297,1
2021-10-22T10:12:00.000000,2021-10-22T10:13:00.000000,2021,2021-10,10,13,15315.25,15317.0,15311.75,1.75,-1.75,stop,1,0.8846153846153846,0.11538461538461539,0.0,-168.75,-74.1261365227947,1
2021-10-22T10:20:00.000000,2021-10-22T10:21:00.000000,2021,2021-10,10,21,15312.25,15324.0,15288.75,11.75,-11.75,stop,8,0.825,0.05,0.125,-171.25,-75.16544386490023,1
2021-10-22T10:24:00.000000,2021-10-22T10:25:00.000000,2021,2021-10,10,25,15305.25,15314.5,15286.75,9.25,-9.25,stop,3,0.6875,0.0625,0.25,-178.75,-82.06078808129132,1
2021-11-09T10:14:00.000000,2021-11-09T10:15:00.000000,2021,2021-11,10,15,16231.5,16236.25,16222.0,4.75,-4.75,stop,1,0.8876404494382022,0.0,0.11235955056179775,-162.25,-55.70672001453386,1
2021-11-09T10:17:00.000000,2021-11-09T10:18:00.000000,2021,2021-11,10,18,16243.5,16245.5,16239.5,2.0,-2.0,stop,1,0.873015873015873,0.09523809523809523,0.031746031746031744,-151.0,-43.836905117965216,1
2021-11-09T10:30:00.000000,2021-11-09T10:31:00.000000,2021,2021-11,10,31,16250.0,16256.75,16236.5,6.75,13.5,target,6,0.7125,0.075,0.2125,-143.5,-34.22216890274103,1
2021-11-09T10:43:00.000000,2021-11-09T10:44:00.000000,2021,2021-11,10,44,16256.5,16259.5,16250.5,3.0,-3.0,stop,1,0.9594594594594594,0.0,0.04054054054054054,-137.25,-26.290249171088362,1
2021-11-10T10:45:00.000000,2021-11-10T10:46:00.000000,2021,2021-11,10,46,16129.5,16132.5,16123.5,3.0,-3.0,stop,1,0.8688524590163934,0.08196721311475409,0.04918032786885246,-262.0,-20.665389255498667,2
2021-11-12T08:42:00.000000,2021-11-12T08:43:00.000000,2021,2021-11,8,43,16014.0,16028.0,15986.0,14.0,-14.0,stop,3,0.7708333333333334,0.0625,0.16666666666666666,-99.25,-39.57646155920338,2
2021-11-12T08:50:00.000000,2021-11-12T08:51:00.000000,2021,2021-11,8,51,16019.0,16021.75,16013.5,2.75,-2.75,stop,1,0.8333333333333334,0.08333333333333333,0.08333333333333333,-95.25,-30.364621640736004,2
2021-11-24T08:44:00.000000,2021-11-24T08:45:00.000000,2021,2021-11,8,45,16129.0,16134.25,16118.5,5.25,-5.25,stop,1,0.7258064516129032,0.11290322580645161,0.16129032258064516,-289.0,-97.61128454972459,2
2021-11-24T08:48:00.000000,2021-11-24T08:49:00.000000,2021,2021-11,8,49,16139.0,16145.25,16126.5,6.25,12.5,target,1,0.7962962962962963,0.046296296296296294,0.1574074074074074,-279.75,-80.84744265766494,2
2021-11-26T10:11:00.000000,2021-11-26T10:12:00.000000,2021,2021-11,10,12,16074.25,16093.25,16036.25,19.0,38.0,target,10,0.7534246575342466,0.0684931506849315,0.1780821917808219,-361.75,-131.2121142081669,1
2021-11-26T10:13:00.000000,2021-11-26T10:14:00.000000,2021,2021-11,10,14,16066.0,16087.0,16024.0,21.0,-21.0,stop,24,0.6626506024096386,0.04819277108433735,0.2891566265060241,-370.75,-139.13621741600764,1
2021-11-26T10:17:00.000000,2021-11-26T10:18:00.000000,2021,2021-11,10,18,16052.5,16066.0,16025.5,13.5,-13.5,stop,10,0.660377358490566,0.11320754716981132,0.22641509433962265,-383.75,-149.88797320807316,1
2021-11-26T10:21:00.000000,2021-11-26T10:22:00.000000,2021,2021-11,10,22,16035.25,16046.5,16012.75,11.25,-11.25,stop,4,0.7317073170731707,0.04878048780487805,0.21951219512195122,-401.25,-164.82380824669235,1
2021-11-30T10:11:00.000000,2021-11-30T10:12:00.000000,2021,2021-11,10,12,16186.25,16195.5,16167.75,9.25,-9.25,stop,1,0.7264957264957265,0.042735042735042736,0.23076923076923078,-251.0,-135.92902635149767,1
2021-12-01T08:47:00.000000,2021-12-01T08:48:00.000000,2021,2021-12,8,48,16306.5,16325.5,16268.5,19.0,-19.0,stop,10,0.6891891891891891,0.06756756756756757,0.24324324324324326,-150.0,-21.008216764548706,1
2021-12-03T08:47:00.000000,2021-12-03T08:48:00.000000,2021,2021-12,8,48,15967.75,15974.25,15954.75,6.5,13.0,target,1,0.8157894736842105,0.0,0.18421052631578946,-99.25,-25.865825979544752,4
2021-12-09T10:19:00.000000,2021-12-09T10:20:00.000000,2021,2021-12,10,20,16293.25,16296.0,16287.75,2.75,-2.75,stop,1,0.8717948717948718,0.07692307692307693,0.05128205128205128,-143.25,-44.62770492039999,1
2021-12-09T10:22:00.000000,2021-12-09T10:23:00.000000,2021,2021-12,10,23,16301.5,16304.75,16295.0,3.25,-3.25,stop,1,0.9183673469387755,0.02040816326530612,0.061224489795918366,-134.75,-35.6967152292782,1
2021-12-10T10:14:00.000000,2021-12-10T10:15:00.000000,2021,2021-12,10,15,16167.75,16175.0,16153.25,7.25,-7.25,stop,1,0.7543859649122807,0.05263157894736842,0.19298245614035087,-249.75,-61.03609355964181,4
2021-12-10T10:30:00.000000,2021-12-10T10:31:00.000000,2021,2021-12,10,31,16200.5,16219.75,16162.0,19.25,-19.25,stop,13,0.7162162162162162,0.05405405405405406,0.22972972972972974,-219.75,-28.502923168896814,4
2021-12-14T08:31:00.000000,2021-12-14T08:32:00.000000,2021,2021-12,8,32,15924.75,15930.25,15913.75,5.5,-5.5,stop,1,0.8842105263157894,0.042105263157894736,0.07368421052631578,-488.25,-63.70971316916621,1
2021-12-14T08:35:00.000000,2021-12-14T08:36:00.000000,2021,2021-12,8,36,15927.0,15932.5,15916.0,5.5,11.0,target,1,0.7636363636363637,0.1,0.13636363636363635,-486.25,-54.7194635903561,1
2021-12-14T08:37:00.000000,2021-12-14T08:38:00.000000,2021,2021-12,8,38,15944.75,15947.25,15939.75,2.5,-2.5,stop,1,0.9523809523809523,0.047619047619047616,0.0,-467.75,-34.545138593864976,1
2021-12-15T08:48:00.000000,2021-12-15T08:49:00.000000,2021,2021-12,8,49,15846.0,15862.75,15812.5,16.75,33.5,target,12,0.7681159420289855,0.11594202898550725,0.11594202898550725,-287.25,-60.31143490004615,2
2021-12-15T10:16:00.000000,2021-12-15T10:17:00.000000,2021,2021-12,10,17,15827.25,15831.25,15819.25,4.0,8.0,target,1,0.8301886792452831,0.05660377358490566,0.11320754716981132,-305.0,-54.42633315311468,1
2021-12-15T10:17:00.000000,2021-12-15T10:18:00.000000,2021,2021-12,10,18,15819.0,15832.0,15793.0,13.0,-13.0,stop,8,0.6739130434782609,0.08695652173913043,0.2391304347826087,-313.25,-62.4626818486704,1
2021-12-15T10:35:00.000000,2021-12-15T10:36:00.000000,2021,2021-12,10,36,15787.0,15792.0,15777.0,5.0,10.0,target,1,0.6666666666666666,0.05555555555555555,0.2777777777777778,-345.25,-89.12054778427773,1
2021-12-17T08:39:00.000000,2021-12-17T08:40:00.000000,2021,2021-12,8,40,15698.5,15706.75,15682.0,8.25,-8.25,stop,1,0.8136645962732919,0.018633540372670808,0.16770186335403728,-759.0,-58.0962410298107,3
2021-12-20T10:13:00.000000,2021-12-20T10:14:00.000000,2021,2021-12,10,14,15531.25,15541.75,15510.25,10.5,-10.5,stop,6,0.7380952380952381,0.09523809523809523,0.16666666666666666,-426.25,-59.98301115535833,4
2021-12-20T10:15:00.000000,2021-12-20T10:16:00.000000,2021,2021-12,10,16,15512.0,15530.5,15475.0,18.5,-18.5,stop,1,0.8028169014084507,0.08450704225352113,0.11267605633802817,-444.25,-77.49588552553723,3
2021-12-20T10:16:00.000000,2021-12-20T10:17:00.000000,2021,2021-12,10,17,15531.0,15534.0,15525.0,3.0,-3.0,stop,1,0.9176470588235294,0.058823529411764705,0.023529411764705882,-425.0,-58.01323204441542,3
2021-12-20T10:18:00.000000,2021-12-20T10:19:00.000000,2021,2021-12,10,19,15534.5,15536.75,15530.0,2.25,-2.25,stop,1,0.9152542372881356,0.05084745762711865,0.03389830508474576,-422.25,-54.94031431278199,2
2021-12-20T10:22:00.000000,2021-12-20T10:23:00.000000,2021,2021-12,10,23,15553.25,15556.5,15546.75,3.25,6.5,target,1,0.8901098901098901,0.08791208791208792,0.02197802197802198,-402.5,-34.51577298166012,2
2021-12-20T10:36:00.000000,2021-12-20T10:37:00.000000,2021,2021-12,10,37,15494.25,15510.0,15462.75,15.75,-15.75,stop,2,0.8833333333333333,0.1,0.016666666666666666,-462.0,-91.04939223856309,2
2021-12-20T10:41:00.000000,2021-12-20T10:42:00.000000,2021,2021-12,10,42,15510.25,15513.0,15504.75,2.75,-2.75,stop,1,0.8461538461538461,0.09615384615384616,0.057692307692307696,-446.25,-74.38959767501547,2
2021-12-20T10:45:00.000000,2021-12-20T10:46:00.000000,2021,2021-12,10,46,15515.25,15526.75,15492.25,11.5,-11.5,stop,5,0.7272727272727273,0.11363636363636363,0.1590909090909091,-441.5,-68.99215961946538,2
2021-12-20T10:50:00.000000,2021-12-20T10:51:00.000000,2021,2021-12,10,51,15540.25,15543.5,15533.75,3.25,-3.25,stop,1,0.9148936170212766,0.02127659574468085,0.06382978723404255,-416.5,-43.141351056210624,2
2021-12-21T08:49:00.000000,2021-12-21T08:50:00.000000,2021,2021-12,8,50,15684.5,15707.0,15639.5,22.5,-22.5,stop,2,0.9135802469135802,0.0,0.08641975308641975,-167.0,-73.51005314321083,3
2021-12-29T10:25:00.000000,2021-12-29T10:26:00.000000,2021,2021-12,10,26,16453.75,16464.0,16433.25,10.25,-10.25,stop,2,0.8857142857142857,0.08571428571428572,0.02857142857142857,-205.5,-32.80809676352874,2
2022-01-05T10:11:00.000000,2022-01-05T10:12:00.000000,2022,2022-01,10,12,16133.75,16147.25,16106.75,13.5,-13.5,stop,2,0.8723404255319149,0.0851063829787234,0.0425531914893617,-429.5,-51.1603170035778,4
2022-01-05T10:12:00.000000,2022-01-05T10:13:00.000000,2022,2022-01,10,13,16143.5,16147.75,16135.0,4.25,-4.25,stop,1,0.7916666666666666,0.0,0.20833333333333334,-420.75,-42.24131448067055,4
2022-01-07T10:26:00.000000,2022-01-07T10:27:00.000000,2022,2022-01,10,27,15606.0,15610.75,15596.5,4.75,9.5,target,1,0.8879310344827587,0.0,0.11206896551724138,-290.25,-90.51413937621328,1
2022-01-07T10:48:00.000000,2022-01-07T10:49:00.000000,2022,2022-01,10,49,15635.25,15639.5,15626.75,4.25,-4.25,stop,1,0.7974683544303798,0.08860759493670886,0.11392405063291139,-260.5,-55.428369655632196,2
2022-01-10T08:44:00.000000,2022-01-10T08:45:00.000000,2022,2022-01,8,45,15318.25,15329.0,15296.75,10.75,21.5,target,1,0.6712328767123288,0.0684931506849315,0.2602739726027397,-535.25,-147.24700328260042,2
2022-01-10T08:49:00.000000,2022-01-10T08:50:00.000000,2022,2022-01,8,50,15322.25,15325.5,15315.75,3.25,-3.25,stop,1,0.8838709677419355,0.07741935483870968,0.03870967741935484,-530.75,-131.49084911216596,2
2022-01-11T08:46:00.000000,2022-01-11T08:47:00.000000,2022,2022-01,8,47,15533.0,15538.5,15522.0,5.5,-5.5,stop,1,0.84375,0.0625,0.09375,-135.5,-64.78851949317323,3
2022-01-13T10:24:00.000000,2022-01-13T10:25:00.000000,2022,2022-01,10,25,15789.5,15795.0,15778.5,5.5,-5.5,stop,1,0.7534246575342466,0.0958904109589041,0.1506849315068493,-219.0,-72.95363550769252,1
2022-01-13T10:28:00.000000,2022-01-13T10:29:00.000000,2022,2022-01,10,29,15802.75,15806.75,15794.75,4.0,-4.0,stop,1,0.8289473684210527,0.09210526315789473,0.07894736842105263,-206.0,-59.14519661173654,1
2022-01-13T10:33:00.000000,2022-01-13T10:34:00.000000,2022,2022-01,10,34,15803.75,15806.75,15797.75,3.0,-3.0,stop,1,0.9090909090909091,0.06818181818181818,0.022727272727272728,-204.75,-56.81664198645194,1
2022-01-13T10:41:00.000000,2022-01-13T10:42:00.000000,2022,2022-01,10,42,15816.75,15830.0,15790.25,13.25,26.5,target,9,0.7924528301886793,0.11320754716981132,0.09433962264150944,-193.0,-44.15597835716471,2
2022-01-13T10:50:00.000000,2022-01-13T10:51:00.000000,2022,2022-01,10,51,15787.25,15804.0,15753.75,16.75,-16.75,stop,3,0.8571428571428571,0.06349206349206349,0.07936507936507936,-222.0,-71.89024528935806,2
2022-01-14T10:20:00.000000,2022-01-14T10:21:00.000000,2022,2022-01,10,21,15454.0,15457.75,15446.5,3.75,7.5,target,1,0.7974683544303798,0.0759493670886076,0.12658227848101267,-526.5,-24.874285996213075,2
2022-01-18T08:41:00.000000,2022-01-18T08:42:00.000000,2022,2022-01,8,42,15337.5,15344.0,15324.5,6.5,-6.5,stop,1,0.8548387096774194,0.06854838709677419,0.07661290322580645,-316.0,-36.45723553971766,1
2022-01-18T10:15:00.000000,2022-01-18T10:16:00.000000,2022,2022-01,10,16,15319.0,15323.25,15310.5,4.25,8.5,target,1,0.8255813953488372,0.06976744186046512,0.10465116279069768,-334.25,-44.79472413129042,1
2022-01-18T10:37:00.000000,2022-01-18T10:38:00.000000,2022,2022-01,10,38,15318.75,15324.5,15307.25,5.75,-5.75,stop,2,0.8983957219251337,0.026737967914438502,0.0748663101604278,-334.25,-39.867214507252356,1
2022-01-18T10:39:00.000000,2022-01-18T10:40:00.000000,2022,2022-01,10,40,15322.5,15329.25,15309.0,6.75,-6.75,stop,1,0.6885245901639344,0.03278688524590164,0.2786885245901639,-330.25,-35.611880381524315,2
2022-01-19T10:12:00.000000,2022-01-19T10:13:00.000000,2022,2022-01,10,13,15153.5,15174.5,15111.5,21.0,42.0,target,10,0.8674698795180723,0.07228915662650602,0.060240963855421686,-450.0,-85.93317139292776,1
2022-01-19T10:14:00.000000,2022-01-19T10:15:00.000000,2022,2022-01,10,15,15130.0,15148.25,15093.5,18.25,-18.25,stop,1,0.875,0.06944444444444445,0.05555555555555555,-473.75,-108.26264544957849,1
2022-01-19T10:15:00.000000,2022-01-19T10:16:00.000000,2022,2022-01,10,16,15151.5,15156.5,15141.5,5.0,10.0,target,1,0.819047619047619,0.06666666666666667,0.11428571428571428,-451.75,-85.78334427185837,1
2022-01-19T10:22:00.000000,2022-01-19T10:23:00.000000,2022,2022-01,10,23,15108.5,15128.25,15069.0,19.75,-19.75,stop,4,0.6625,0.1125,0.225,-494.75,-125.88391832949856,1
2022-01-21T08:45:00.000000,2022-01-21T08:46:00.000000,2022,2022-01,8,46,14694.25,14704.75,14673.25,10.5,-10.5,stop,1,0.6917293233082706,0.06766917293233082,0.24060150375939848,-645.5,-27.0078539302649,5
2022-01-21T10:49:00.000000,2022-01-21T10:50:00.000000,2022,2022-01,10,50,14689.75,14695.25,14678.75,5.5,-5.5,stop,1,0.7358490566037735,0.0,0.2641509433962264,-650.5,-24.502786596869555,5
2022-01-25T10:18:00.000000,2022-01-25T10:19:00.000000,2022,2022-01,10,19,14126.0,14136.25,14105.5,10.25,-10.25,stop,1,0.6830985915492958,0.09859154929577464,0.21830985915492956,-455.5,-82.46026830949995,4
2022-01-25T10:28:00.000000,2022-01-25T10:29:00.000000,2022,2022-01,10,29,14129.0,14134.75,14117.5,5.75,-5.75,stop,1,0.8305084745762712,0.05084745762711865,0.11864406779661017,-452.75,-77.89531465744949,2
2022-02-03T10:37:00.000000,2022-02-03T10:38:00.000000,2022,2022-02,10,38,14711.5,14725.5,14683.5,14.0,-14.0,stop,1,0.7,0.12,0.18,-547.5,-48.88276873922223,2
2022-02-04T08:38:00.000000,2022-02-04T08:39:00.000000,2022,2022-02,8,39,14469.75,14474.75,14459.75,5.0,10.0,target,1,0.7769784172661871,0.1079136690647482,0.11510791366906475,-401.25,-114.65201864844676,2
2022-02-04T08:40:00.000000,2022-02-04T08:41:00.000000,2022,2022-02,8,41,14521.0,14528.25,14506.5,7.25,-7.25,stop,1,0.8908450704225352,0.03873239436619718,0.07042253521126761,-348.75,-60.12111672256469,2
2022-02-04T10:21:00.000000,2022-02-04T10:22:00.000000,2022,2022-02,10,22,14473.5,14491.25,14438.0,17.75,-17.75,stop,2,0.7611940298507462,0.1044776119402985,0.13432835820895522,-395.75,-97.12202995600819,2
2022-02-04T10:23:00.000000,2022-02-04T10:24:00.000000,2022,2022-02,10,24,14498.25,14502.0,14490.75,3.75,7.5,target,1,0.8272727272727273,0.11818181818181818,0.05454545454545454,-371.5,-72.50451843397605,2
2022-02-04T10:25:00.000000,2022-02-04T10:26:00.000000,2022,2022-02,10,26,14522.25,14528.5,14509.75,6.25,-6.25,stop,1,0.85,0.02857142857142857,0.12142857142857143,-347.75,-48.27371215764833,2
2022-02-07T10:19:00.000000,2022-02-07T10:20:00.000000,2022,2022-02,10,20,14670.5,14674.5,14662.5,4.0,-4.0,stop,1,0.76,0.1,0.14,-155.0,-40.38877276493622,1
2022-02-07T10:25:00.000000,2022-02-07T10:26:00.000000,2022,2022-02,10,26,14675.5,14683.25,14660.0,7.75,-7.75,stop,1,0.7252747252747253,0.04395604395604396,0.23076923076923078,-149.75,-34.15835825328941,1
2022-02-07T10:49:00.000000,2022-02-07T10:50:00.000000,2022,2022-02,10,50,14592.25,14597.0,14582.75,4.75,-4.75,stop,1,0.75,0.0,0.25,-233.25,-109.452270447513,1
2022-02-10T08:39:00.000000,2022-02-10T08:40:00.000000,2022,2022-02,8,40,14826.5,14835.0,14809.5,8.5,-8.5,stop,1,0.7453416149068323,0.09937888198757763,0.15527950310559005,-241.25,-49.15228647619733,1
2022-02-10T08:49:00.000000,2022-02-10T08:50:00.000000,2022,2022-02,8,50,14837.0,14840.0,14831.0,3.0,-3.0,stop,1,0.8674698795180723,0.08433734939759036,0.04819277108433735,-231.0,-34.222126709844815,1
2022-02-11T10:14:00.000000,2022-02-11T10:15:00.000000,2022,2022-02,10,15,14585.5,14606.0,14544.5,20.5,41.0,target,22,0.6904761904761905,0.10714285714285714,0.20238095238095238,-477.0,-70.31495934770282,2
2022-02-11T10:23:00.000000,2022-02-11T10:24:00.000000,2022,2022-02,10,24,14591.5,14594.75,14585.0,3.25,-3.25,stop,1,0.8305084745762712,0.11864406779661017,0.05084745762711865,-470.25,-60.87424962253499,2
2022-02-11T10:26:00.000000,2022-02-11T10:27:00.000000,2022,2022-02,10,27,14570.25,14585.75,14539.25,15.5,-15.5,stop,2,0.8095238095238095,0.09523809523809523,0.09523809523809523,-492.75,-82.75004027218529,2
2022-02-11T10:48:00.000000,2022-02-11T10:49:00.000000,2022,2022-02,10,49,14554.5,14558.0,14547.5,3.5,-3.5,stop,1,0.84375,0.0,0.15625,-507.5,-90.5889348273522,2
2022-02-17T10:17:00.000000,2022-02-17T10:18:00.000000,2022,2022-02,10,18,14393.0,14395.75,14387.5,2.75,-2.75,stop,1,0.9166666666666666,0.05,0.03333333333333333,-275.25,-57.402700407203156,1
2022-02-17T10:25:00.000000,2022-02-17T10:26:00.000000,2022,2022-02,10,26,14393.5,14396.0,14388.5,2.5,-2.5,stop,1,0.8292682926829268,0.0975609756097561,0.07317073170731707,-275.25,-56.10159977239891,1
2022-02-17T10:40:00.000000,2022-02-17T10:41:00.000000,2022,2022-02,10,41,14369.5,14377.5,14353.5,8.0,-8.0,stop,3,0.7037037037037037,0.037037037037037035,0.25925925925925924,-299.5,-77.96919859315494,1
2022-02-18T08:39:00.000000,2022-02-18T08:40:00.000000,2022,2022-02,8,40,14132.5,14151.25,14095.0,18.75,37.5,target,2,0.8472222222222222,0.08333333333333333,0.06944444444444445,-486.75,-82.35852239920678,3
2022-02-18T08:50:00.000000,2022-02-18T08:51:00.000000,2022,2022-02,8,51,14155.5,14161.25,14144.0,5.75,-5.75,stop,1,0.7407407407407407,0.037037037037037035,0.2222222222222222,-464.75,-48.6388116812559,4
2022-02-21T10:11:00.000000,2022-02-21T10:12:00.000000,2022,2022-02,10,12,13813.75,13818.5,13804.25,4.75,-4.75,stop,1,0.8688524590163934,0.04918032786885246,0.08196721311475409,-483.75,-118.50042357968778,1
2022-02-21T10:20:00.000000,2022-02-21T10:21:00.000000,2022,2022-02,10,21,13805.0,13809.5,13796.0,4.5,-4.5,stop,1,0.868421052631579,0.02631578947368421,0.10526315789473684,-492.5,-126.07287630365317,1
2022-02-21T10:22:00.000000,2022-02-21T10:23:00.000000,2022,2022-02,10,23,13802.75,13808.0,13792.25,5.25,10.5,target,1,0.8421052631578947,0.10526315789473684,0.05263157894736842,-497.25,-130.59278427395293,1
2022-02-23T08:45:00.000000,2022-02-23T08:46:00.000000,2022,2022-02,8,46,13968.25,13975.5,13953.75,7.25,-7.25,stop,1,0.7209302325581395,0.05813953488372093,0.22093023255813954,-139.5,-20.945171528106584,2
2022-03-01T10:31:00.000000,2022-03-01T10:32:00.000000,2022,2022-03,10,32,14111.75,14132.25,14070.75,20.5,41.0,target,4,0.6621621621621622,0.05405405405405406,0.28378378378378377,-179.5,-76.18757926464059,2
2022-03-01T10:44:00.000000,2022-03-01T10:45:00.000000,2022,2022-03,10,45,14085.5,14089.0,14078.5,3.5,7.0,target,1,0.9666666666666667,0.0,0.03333333333333333,-206.0,-97.22996758114277,3
2022-03-04T10:14:00.000000,2022-03-04T10:15:00.000000,2022,2022-03,10,15,13750.0,13753.5,13743.0,3.5,-3.5,stop,1,0.8382352941176471,0.058823529411764705,0.10294117647058823,-641.25,-139.56147192250864,1
2022-03-04T10:19:00.000000,2022-03-04T10:20:00.000000,2022,2022-03,10,20,13770.5,13786.5,13738.5,16.0,-16.0,stop,8,0.6885245901639344,0.08196721311475409,0.22950819672131148,-620.5,-116.46133236346031,1
2022-03-04T10:20:00.000000,2022-03-04T10:21:00.000000,2022,2022-03,10,21,13754.5,13774.0,13715.5,19.5,-19.5,stop,3,0.8783783783783784,0.04054054054054054,0.08108108108108109,-636.75,-132.3112786217098,1
2022-03-04T10:26:00.000000,2022-03-04T10:27:00.000000,2022,2022-03,10,27,13779.0,13785.25,13766.5,6.25,-6.25,stop,1,0.7831325301204819,0.03614457831325301,0.18072289156626506,-611.5,-105.26357572945017,1
2022-03-04T10:33:00.000000,2022-03-04T10:34:00.000000,2022,2022-03,10,34,13765.75,13770.5,13756.25,4.75,-4.75,stop,1,0.8125,0.03125,0.15625,-625.0,-116.39107748499919,1
2022-03-04T10:38:00.000000,2022-03-04T10:39:00.000000,2022,2022-03,10,39,13773.25,13780.25,13759.25,7.0,-7.0,stop,1,0.7441860465116279,0.03488372093023256,0.22093023255813954,-617.5,-107.08087138595693,1
2022-03-04T10:50:00.000000,2022-03-04T10:51:00.000000,2022,2022-03,10,51,13807.75,13826.25,13770.75,18.5,37.0,target,11,0.6857142857142857,0.04285714285714286,0.2714285714285714,-583.5,-70.1967751270804,1
2022-03-07T10:11:00.000000,2022-03-07T10:12:00.000000,2022,2022-03,10,12,13607.25,13626.5,13568.75,19.25,-19.25,stop,6,0.9420289855072463,0.028985507246376812,0.028985507246376812,-478.75,-56.89550096541825,1
2022-03-07T10:16:00.000000,2022-03-07T10:17:00.000000,2022,2022-03,10,17,13622.25,13625.25,13616.25,3.0,-3.0,stop,1,0.95,0.025,0.025,-463.75,-40.98169622344358,1
2022-03-07T10:18:00.000000,2022-03-07T10:19:00.000000,2022,2022-03,10,19,13638.75,13645.5,13625.25,6.75,13.5,target,2,0.8076923076923077,0.04807692307692308,0.14423076923076922,-446.75,-23.67448113393766,1
2022-03-08T08:41:00.000000,2022-03-08T08:42:00.000000,2022,2022-03,8,42,13269.0,13283.0,13241.0,14.0,-14.0,stop,1,0.7344632768361582,0.0,0.2655367231638418,-610.5,-20.499057148113934,3
2022-03-08T10:27:00.000000,2022-03-08T10:28:00.000000,2022,2022-03,10,28,13209.0,13214.5,13198.0,5.5,11.0,target,1,0.8448275862068966,0.04310344827586207,0.11206896551724138,-670.5,-57.21669266536992,4
2022-03-08T10:43:00.000000,2022-03-08T10:44:00.000000,2022,2022-03,10,44,13145.5,13149.75,13137.0,4.25,-4.25,stop,1,0.86,0.0,0.14,-733.75,-115.15609222853345,2
2022-03-08T10:46:00.000000,2022-03-08T10:47:00.000000,2022,2022-03,10,47,13181.0,13191.0,13161.0,10.0,-10.0,stop,1,0.7450980392156863,0.032679738562091505,0.2222222222222222,-699.25,-79.96482444917638,2
2022-03-10T08:33:00.000000,2022-03-10T08:34:00.000000,2022,2022-03,8,34,13551.5,13566.0,13522.5,14.5,29.0,target,2,0.8007968127490039,0.0,0.199203187250996,-270.25,-61.46821210742928,2
2022-03-10T08:34:00.000000,2022-03-10T08:35:00.000000,2022,2022-03,8,35,13531.5,13556.5,13481.5,25.0,-25.0,stop,22,0.76,0.12,0.12,-289.25,-79.47006223785684,2
2022-03-10T08:40:00.000000,2022-03-10T08:41:00.000000,2022,2022-03,8,41,13524.0,13539.0,13494.0,15.0,-15.0,stop,2,0.6793478260869565,0.03260869565217391,0.28804347826086957,-298.0,-80.43942817057541,2
2022-03-17T08:49:00.000000,2022-03-17T08:50:00.000000,2022,2022-03,8,50,13888.0,13891.75,13880.5,3.75,-3.75,stop,1,0.8202247191011236,0.0449438202247191,0.1348314606741573,-139.0,-32.03520135546023,1
2022-03-21T08:50:00.000000,2022-03-21T08:51:00.000000,2022,2022-03,8,51,14316.0,14322.5,14303.0,6.5,-6.5,stop,2,0.6851851851851852,0.018518518518518517,0.2962962962962963,-118.5,-23.99769736993585,2
2022-03-21T10:39:00.000000,2022-03-21T10:40:00.000000,2022,2022-03,10,40,14311.25,14314.0,14305.75,2.75,-2.75,stop,1,0.9411764705882353,0.008403361344537815,0.05042016806722689,-124.5,-44.79448294918802,5
2022-03-30T10:11:00.000000,2022-03-30T10:12:00.000000,2022,2022-03,10,12,15140.25,15148.25,15124.25,8.0,-8.0,stop,4,0.8571428571428571,0.03571428571428571,0.10714285714285714,-129.25,-33.830045275308294,1
2022-04-01T08:30:00.000000,2022-04-01T08:31:00.000000,2022,2022-04,8,31,14854.25,14860.25,14842.25,6.0,12.0,target,3,0.7391304347826086,0.014492753623188406,0.2463768115942029,-326.75,-29.276776414766573,2
2022-04-01T08:42:00.000000,2022-04-01T08:43:00.000000,2022,2022-04,8,43,14856.25,14863.75,14841.25,7.5,-7.5,stop,1,0.8198198198198198,0.018018018018018018,0.16216216216216217,-323.5,-23.831269244756186,2
2022-04-07T10:21:00.000000,2022-04-07T10:22:00.000000,2022,2022-04,10,22,14408.25,14410.5,14403.75,2.25,-2.25,stop,1,0.890625,0.09375,0.015625,-439.75,-83.4144107503962,1
2022-04-07T10:28:00.000000,2022-04-07T10:29:00.000000,2022,2022-04,10,29,14373.25,14391.0,14337.75,17.75,35.5,target,17,0.7846153846153846,0.06153846153846154,0.15384615384615385,-474.25,-116.39391320943469,1
2022-04-07T10:34:00.000000,2022-04-07T10:35:00.000000,2022,2022-04,10,35,14367.5,14379.0,14344.5,11.5,23.0,target,10,0.9736842105263158,0.02631578947368421,0.0,-480.25,-121.14438952701312,1
2022-04-07T10:39:00.000000,2022-04-07T10:40:00.000000,2022,2022-04,10,40,14353.0,14364.25,14330.5,11.25,22.5,target,9,0.875,0.1,0.025,-494.75,-134.0395639165763,1
2022-04-07T10:44:00.000000,2022-04-07T10:45:00.000000,2022,2022-04,10,45,14342.75,14351.25,14325.75,8.5,-8.5,stop,2,0.7931034482758621,0.06896551724137931,0.13793103448275862,-505.5,-142.8795389760944,1
2022-04-07T10:47:00.000000,2022-04-07T10:48:00.000000,2022,2022-04,10,48,14337.25,14347.5,14316.75,10.25,-10.25,stop,4,0.6666666666666666,0.05555555555555555,0.2777777777777778,-511.0,-147.19110837240441,1
2022-04-07T10:49:00.000000,2022-04-07T10:50:00.000000,2022,2022-04,10,50,14321.25,14332.0,14299.75,10.75,-10.75,stop,1,0.7714285714285715,0.11428571428571428,0.11428571428571428,-525.75,-160.96802046111225,1
2022-04-11T08:36:00.000000,2022-04-11T08:37:00.000000,2022,2022-04,8,37,14086.75,14104.25,14051.75,17.5,35.0,target,6,0.9230769230769231,0.06153846153846154,0.015384615384615385,-295.0,-87.52100285062079,1
2022-04-11T08:40:00.000000,2022-04-11T08:41:00.000000,2022,2022-04,8,41,14061.0,14078.5,14026.0,17.5,-17.5,stop,52,0.8873239436619719,0.09859154929577464,0.014084507042253521,-321.5,-112.03220077606056,1
2022-04-11T08:43:00.000000,2022-04-11T08:44:00.000000,2022,2022-04,8,44,14043.0,14058.25,14012.5,15.25,-15.25,stop,11,0.7758620689655172,0.10344827586206896,0.1206896551724138,-338.75,-127.50214650017551,1
2022-04-11T10:13:00.000000,2022-04-11T10:14:00.000000,2022,2022-04,10,14,14053.0,14066.5,14026.0,13.5,-13.5,stop,4,0.92,0.08,0.0,-329.0,-94.90278565990775,1
2022-04-11T10:45:00.000000,2022-04-11T10:46:00.000000,2022,2022-04,10,46,14077.0,14079.75,14071.5,2.75,-2.75,stop,1,0.9411764705882353,0.0,0.058823529411764705,-305.0,-66.88946064367337,1
2022-04-12T10:42:00.000000,2022-04-12T10:43:00.000000,2022,2022-04,10,43,14077.75,14096.75,14039.75,19.0,-19.0,stop,8,0.9315068493150684,0.0684931506849315,0.0,-291.5,-54.20477555837533,1
2022-04-12T10:48:00.000000,2022-04-12T10:49:00.000000,2022,2022-04,10,49,14088.5,14095.0,14075.5,6.5,-6.5,stop,2,0.6705882352941176,0.09411764705882353,0.23529411764705882,-281.25,-43.29104963367536,1
2022-04-14T08:39:00.000000,2022-04-14T08:40:00.000000,2022,2022-04,8,40,14039.25,14046.25,14025.25,7.0,-7.0,stop,2,0.7954545454545454,0.0,0.20454545454545456,-226.75,-123.52829841235143,1
2022-04-14T08:48:00.000000,2022-04-14T08:49:00.000000,2022,2022-04,8,49,14050.25,14067.0,14016.75,16.75,33.5,target,4,0.8955223880597015,0.08955223880597014,0.014925373134328358,-216.75,-108.8716655829594,1
2022-04-14T08:49:00.000000,2022-04-14T08:50:00.000000,2022,2022-04,8,50,14036.25,14054.0,14000.75,17.75,-17.75,stop,8,0.7761194029850746,0.11940298507462686,0.1044776119402985,-229.25,-120.75085985213809,1
2022-04-18T10:26:00.000000,2022-04-18T10:27:00.000000,2022,2022-04,10,27,13789.75,13798.0,13773.25,8.25,-8.25,stop,1,0.9,0.1,0.0,-114.5,-88.04477184417738,3
2022-04-18T10:29:00.000000,2022-04-18T10:30:00.000000,2022,2022-04,10,30,13791.5,13801.0,13772.5,9.5,-9.5,stop,1,0.7,0.06666666666666667,0.23333333333333334,-111.75,-84.75455474173941,4
2022-04-18T10:48:00.000000,2022-04-18T10:49:00.000000,2022,2022-04,10,49,13802.25,13814.75,13777.25,12.5,-12.5,stop,2,0.9047619047619048,0.0,0.09523809523809523,-101.5,-71.03207502382247,2
2022-04-20T08:31:00.000000,2022-04-20T08:32:00.000000,2022,2022-04,8,32,14096.0,14100.0,14088.0,4.0,-4.0,stop,1,0.8405797101449275,0.0,0.15942028985507245,-146.75,-53.59178348338901,2
2022-04-20T08:42:00.000000,2022-04-20T08:43:00.000000,2022,2022-04,8,43,14123.5,14142.0,14086.5,18.5,-18.5,stop,10,0.75,0.0,0.25,-119.0,-24.22159343678868,2
2022-04-20T08:49:00.000000,2022-04-20T08:50:00.000000,2022,2022-04,8,50,14124.0,14126.75,14118.5,2.75,5.5,target,1,0.9,0.1,0.0,-117.25,-21.623686212016764,2
2022-04-20T10:11:00.000000,2022-04-20T10:12:00.000000,2022,2022-04,10,12,14004.25,14019.25,13974.25,15.0,-15.0,stop,21,0.8771929824561403,0.07017543859649122,0.05263157894736842,-238.0,-123.5358694958395,3
2022-04-20T10:12:00.000000,2022-04-20T10:13:00.000000,2022,2022-04,10,13,13997.25,14009.75,13972.25,12.5,-12.5,stop,6,0.6744186046511628,0.0,0.32558139534883723,-245.0,-129.95918038901436,3
2022-04-20T10:14:00.000000,2022-04-20T10:15:00.000000,2022,2022-04,10,15,13995.75,14006.5,13974.25,10.75,-10.75,stop,4,0.7894736842105263,0.05263157894736842,0.15789473684210525,-246.5,-130.76046048672652,2
2022-04-20T10:22:00.000000,2022-04-20T10:23:00.000000,2022,2022-04,10,23,13998.0,14002.25,13989.5,4.25,8.5,target,1,0.7837837837837838,0.10810810810810811,0.10810810810810811,-242.75,-124.8576172355024,2
2022-04-20T10:32:00.000000,2022-04-20T10:33:00.000000,2022,2022-04,10,33,14025.5,14031.0,14014.5,5.5,-5.5,stop,1,0.8313253012048193,0.0,0.1686746987951807,-216.5,-95.4383912972553,1
2022-04-20T10:45:00.000000,2022-04-20T10:46:00.000000,2022,2022-04,10,46,14052.5,14056.0,14045.5,3.5,7.0,target,1,0.9166666666666666,0.027777777777777776,0.05555555555555555,-189.0,-65.89860905034948,2
2022-04-21T08:45:00.000000,2022-04-21T08:46:00.000000,2022,2022-04,8,46,14125.25,14143.75,14088.25,18.5,37.0,target,4,0.8235294117647058,0.014705882352941176,0.16176470588235295,-173.0,-54.24606111193316,1
2022-04-21T10:11:00.000000,2022-04-21T10:12:00.000000,2022,2022-04,10,12,13970.5,13977.0,13957.5,6.5,13.0,target,2,0.6666666666666666,0.014492753623188406,0.3188405797101449,-328.5,-168.02147424879877,1
2022-04-21T10:19:00.000000,2022-04-21T10:20:00.000000,2022,2022-04,10,20,13970.5,13974.0,13963.5,3.5,-3.5,stop,1,0.8260869565217391,0.021739130434782608,0.15217391304347827,-327.75,-163.3098201734647,1
2022-04-21T10:29:00.000000,2022-04-21T10:30:00.000000,2022,2022-04,10,30,13939.75,13952.75,13913.75,13.0,-13.0,stop,4,0.7884615384615384,0.09615384615384616,0.11538461538461539,-359.0,-189.70241605817682,1
2022-04-21T10:31:00.000000,2022-04-21T10:32:00.000000,2022,2022-04,10,32,13934.25,13946.0,13910.75,11.75,-11.75,stop,1,0.8604651162790697,0.09302325581395349,0.046511627906976744,-363.75,-193.6965459817202,1
2022-04-22T08:36:00.000000,2022-04-22T08:37:00.000000,2022,2022-04,8,37,13660.75,13671.25,13639.75,10.5,21.0,target,1,0.81,0.04,0.15,-621.25,-29.087955993358264,4
2022-04-22T08:49:00.000000,2022-04-22T08:50:00.000000,2022,2022-04,8,50,13634.25,13658.25,13586.25,24.0,48.0,target,14,0.968421052631579,0.021052631578947368,0.010526315789473684,-650.0,-53.456472698970174,2
2022-04-26T08:42:00.000000,2022-04-26T08:43:00.000000,2022,2022-04,8,43,13165.0,13168.25,13158.5,3.25,-3.25,stop,1,0.896551724137931,0.05172413793103448,0.05172413793103448,-385.0,-177.49890072307971,1
2022-04-26T10:20:00.000000,2022-04-26T10:21:00.000000,2022,2022-04,10,21,13171.25,13175.75,13162.25,4.5,-4.5,stop,2,0.8,0.02,0.18,-378.25,-104.51725642402926,1
2022-04-26T10:37:00.000000,2022-04-26T10:38:00.000000,2022,2022-04,10,38,13174.75,13195.75,13132.75,21.0,-21.0,stop,5,0.9375,0.0625,0.0,-374.75,-95.90631663491877,2
2022-04-26T10:50:00.000000,2022-04-26T10:51:00.000000,2022,2022-04,10,51,13171.0,13175.75,13161.5,4.75,-4.75,stop,1,0.6976744186046512,0.06976744186046512,0.23255813953488372,-378.5,-96.64667665736488,2
2022-04-27T08:33:00.000000,2022-04-27T08:34:00.000000,2022,2022-04,8,34,12936.75,12956.0,12898.25,19.25,-19.25,stop,1,0.7887323943661971,0.0,0.2112676056338028,-647.5,-146.78981217,4
2022-04-27T08:34:00.000000,2022-04-27T08:35:00.000000,2022,2022-04,8,35,12983.0,12988.75,12971.5,5.75,-5.75,stop,1,0.9405940594059405,0.009900990099009901,0.04950495049504951,-599.5,-98.08654587123056,4
2022-04-28T10:11:00.000000,2022-04-28T10:12:00.000000,2022,2022-04,10,12,13140.0,13152.5,13115.0,12.5,-12.5,stop,1,0.6739130434782609,0.06521739130434782,0.2608695652173913,-115.5,-31.960373055158925,1
2022-04-29T08:36:00.000000,2022-04-29T08:37:00.000000,2022,2022-04,8,37,13195.75,13217.25,13152.75,21.5,-21.5,stop,2,0.8125,0.0,0.1875,-346.75,-119.48184054158446,2
2022-04-29T08:38:00.000000,2022-04-29T08:39:00.000000,2022,2022-04,8,39,13221.0,13231.75,13199.5,10.75,-10.75,stop,2,0.7313432835820896,0.007462686567164179,0.26119402985074625,-321.0,-92.46732323778451,3
2022-04-29T08:41:00.000000,2022-04-29T08:42:00.000000,2022,2022-04,8,42,13208.25,13228.0,13168.75,19.75,39.5,target,11,0.9444444444444444,0.041666666666666664,0.013888888888888888,-333.25,-103.53026665687867,3
2022-04-29T10:23:00.000000,2022-04-29T10:24:00.000000,2022,2022-04,10,24,13129.5,13133.75,13121.0,4.25,-4.25,stop,2,0.7297297297297297,0.02702702702702703,0.24324324324324326,-412.5,-147.63287396329906,1
2022-05-03T08:48:00.000000,2022-05-03T08:49:00.000000,2022,2022-05,8,49,13001.75,13007.75,12989.75,6.0,-6.0,stop,2,0.7560975609756098,0.012195121951219513,0.23170731707317074,-83.5,-60.139472631690296,3
2022-05-04T08:32:00.000000,2022-05-04T08:33:00.000000,2022,2022-05,8,33,12951.25,12972.0,12909.75,20.75,-20.75,stop,8,0.7341772151898734,0.08860759493670886,0.17721518987341772,-231.75,-107.87204546086105,1
2022-05-04T08:35:00.000000,2022-05-04T08:36:00.000000,2022,2022-05,8,36,12958.0,12962.0,12950.0,4.0,8.0,target,2,0.8505747126436781,0.022988505747126436,0.12643678160919541,-226.5,-99.45447337425139,2
2022-05-04T08:43:00.000000,2022-05-04T08:44:00.000000,2022,2022-05,8,44,12955.0,12976.25,12912.5,21.25,-21.25,stop,4,0.7560975609756098,0.06097560975609756,0.18292682926829268,-228.75,-97.30529774719616,2
2022-05-04T08:46:00.000000,2022-05-04T08:47:00.000000,2022,2022-05,8,47,12969.25,12972.25,12963.25,3.0,-3.0,stop,1,0.7297297297297297,0.05405405405405406,0.21621621621621623,-215.5,-82.69560349549647,2
2022-05-04T08:48:00.000000,2022-05-04T08:49:00.000000,2022,2022-05,8,49,12958.25,12975.5,12923.75,17.25,34.5,target,4,0.8852459016393442,0.03278688524590164,0.08196721311475409,-225.0,-91.19822970920359,2
2022-05-04T08:50:00.000000,2022-05-04T08:51:00.000000,2022,2022-05,8,51,12938.0,12958.75,12896.5,20.75,41.5,target,22,0.8181818181818182,0.05194805194805195,0.12987012987012986,-245.25,-110.05648244785334,2
2022-05-04T10:13:00.000000,2022-05-04T10:14:00.000000,2022,2022-05,10,14,12972.25,12975.0,12966.75,2.75,-2.75,stop,1,0.9387755102040817,0.02040816326530612,0.04081632653061224,-211.25,-43.63775052402525,2
2022-05-04T10:16:00.000000,2022-05-04T10:17:00.000000,2022,2022-05,10,17,12959.5,12971.75,12935.0,12.25,-12.25,stop,3,0.8085106382978723,0.10638297872340426,0.0851063829787234,-224.5,-56.238600562714055,2
2022-05-05T08:43:00.000000,2022-05-05T08:44:00.000000,2022,2022-05,8,44,12972.75,12983.0,12952.25,10.25,-10.25,stop,1,0.8090909090909091,0.045454545454545456,0.14545454545454545,-582.25,-261.19482115173923,1
2022-05-05T10:12:00.000000,2022-05-05T10:13:00.000000,2022,2022-05,10,13,12894.5,12898.75,12886.0,4.25,-4.25,stop,1,0.8579234972677595,0.07103825136612021,0.07103825136612021,-661.75,-223.22699943877706,1
2022-05-05T10:19:00.000000,2022-05-05T10:20:00.000000,2022,2022-05,10,20,12905.25,12913.75,12888.25,8.5,-8.5,stop,1,0.75,0.07236842105263158,0.17763157894736842,-650.25,-205.8500294273017,1
2022-05-05T10:25:00.000000,2022-05-05T10:26:00.000000,2022,2022-05,10,26,12903.75,12909.75,12891.75,6.0,-6.0,stop,1,0.8317757009345794,0.028037383177570093,0.14018691588785046,-651.25,-202.47448557785356,1
2022-05-05T10:40:00.000000,2022-05-05T10:41:00.000000,2022,2022-05,10,41,12853.75,12874.5,12812.25,20.75,-20.75,stop,11,0.7625,0.1,0.1375,-700.75,-242.7112428636301,1
2022-05-05T10:47:00.000000,2022-05-05T10:48:00.000000,2022,2022-05,10,48,12834.25,12858.25,12786.25,24.0,-24.0,stop,1,0.8947368421052632,0.10526315789473684,0.0,-720.25,-257.88515331209237,1
2022-05-06T08:34:00.000000,2022-05-06T08:35:00.000000,2022,2022-05,8,35,12685.0,12707.0,12641.0,22.0,44.0,target,3,0.6987951807228916,0.10843373493975904,0.1927710843373494,-861.5,-35.185471360298834,3
2022-05-09T08:31:00.000000,2022-05-09T08:32:00.000000,2022,2022-05,8,32,12333.0,12347.0,12305.0,14.0,28.0,target,8,0.8035714285714286,0.08928571428571429,0.10714285714285714,-305.0,-130.78193215988722,1
2022-05-09T08:32:00.000000,2022-05-09T08:33:00.000000,2022,2022-05,8,33,12315.75,12337.5,12272.25,21.75,-21.75,stop,2,0.8518518518518519,0.024691358024691357,0.12345679012345678,-321.5,-146.14193643025646,1
2022-05-09T10:10:00.000000,2022-05-09T10:11:00.000000,2022,2022-05,10,11,12383.75,12388.0,12375.25,4.25,-4.25,stop,1,0.9389312977099237,0.0,0.061068702290076333,-253.25,-29.895808249391848,2
2022-05-09T10:26:00.000000,2022-05-09T10:27:00.000000,2022,2022-05,10,27,12361.25,12382.0,12319.75,20.75,-20.75,stop,3,0.8947368421052632,0.02631578947368421,0.07894736842105263,-275.75,-51.45214104775732,2
2022-05-10T08:38:00.000000,2022-05-10T08:39:00.000000,2022,2022-05,8,39,12372.25,12390.75,12335.25,18.5,37.0,target,3,0.6666666666666666,0.057971014492753624,0.2753623188405797,-251.5,-30.188149637902825,1
2022-05-10T08:40:00.000000,2022-05-10T08:41:00.000000,2022,2022-05,8,41,12349.75,12373.5,12302.25,23.75,47.5,target,7,0.9444444444444444,0.0,0.05555555555555555,-275.0,-53.18192145618923,1
2022-05-10T10:11:00.000000,2022-05-10T10:12:00.000000,2022,2022-05,10,12,12263.75,12267.0,12257.25,3.25,-3.25,stop,1,0.8958333333333334,0.05555555555555555,0.04861111111111111,-360.75,-88.80002128829437,1
2022-05-10T10:25:00.000000,2022-05-10T10:26:00.000000,2022,2022-05,10,26,12264.5,12269.25,12255.0,4.75,9.5,target,1,0.8771929824561403,0.05263157894736842,0.07017543859649122,-358.75,-83.39371889574795,1
2022-05-16T10:46:00.000000,2022-05-16T10:47:00.000000,2022,2022-05,10,47,12254.75,12259.25,12245.75,4.5,-4.5,stop,1,0.7368421052631579,0.07017543859649122,0.19298245614035087,-234.0,-36.50814893993447,1
2022-05-17T08:38:00.000000,2022-05-17T08:39:00.000000,2022,2022-05,8,39,12369.0,12390.25,12326.5,21.25,-21.25,stop,28,0.7682926829268293,0.08536585365853659,0.14634146341463414,-129.25,-78.70756574983352,1
2022-05-17T08:45:00.000000,2022-05-17T08:46:00.000000,2022,2022-05,8,46,12336.75,12357.5,12295.25,20.75,-20.75,stop,2,0.872093023255814,0.10465116279069768,0.023255813953488372,-162.5,-107.71298193214898,2
2022-05-17T08:50:00.000000,2022-05-17T08:51:00.000000,2022,2022-05,8,51,12339.25,12355.25,12307.25,16.0,-16.0,stop,2,0.7962962962962963,0.018518518518518517,0.18518518518518517,-158.75,-101.7325812296549,2
2022-05-18T08:37:00.000000,2022-05-18T08:38:00.000000,2022,2022-05,8,38,12263.75,12278.0,12235.25,14.25,-14.25,stop,2,0.6862745098039216,0.0,0.3137254901960784,-330.75,-130.4025615304472,1
2022-05-18T08:48:00.000000,2022-05-18T08:49:00.000000,2022,2022-05,8,49,12310.5,12319.5,12292.5,9.0,18.0,target,2,0.696078431372549,0.0392156862745098,0.2647058823529412,-283.25,-76.62614100961218,1
2022-05-20T08:38:00.000000,2022-05-20T08:39:00.000000,2022,2022-05,8,39,11905.0,11924.25,11866.5,19.25,-19.25,stop,3,0.7051282051282052,0.08974358974358974,0.20512820512820512,-172.25,-86.92800655348219,1
2022-05-24T10:44:00.000000,2022-05-24T10:45:00.000000,2022,2022-05,10,45,11672.5,11682.5,11652.5,10.0,-10.0,stop,4,0.9714285714285714,0.02857142857142857,0.0,-403.5,-45.396542970447626,2
2022-06-01T08:35:00.000000,2022-06-01T08:36:00.000000,2022,2022-06,8,36,12571.0,12590.75,12531.5,19.75,-19.75,stop,4,0.8311688311688312,0.06493506493506493,0.1038961038961039,-255.0,-131.9773865782663,4
2022-06-01T10:13:00.000000,2022-06-01T10:14:00.000000,2022,2022-06,10,14,12480.5,12483.75,12474.0,3.25,-3.25,stop,1,0.9042553191489362,0.07446808510638298,0.02127659574468085,-344.5,-171.31875187921287,1
2022-06-01T10:19:00.000000,2022-06-01T10:20:00.000000,2022,2022-06,10,20,12504.75,12513.75,12486.75,9.0,-9.0,stop,1,0.7222222222222222,0.037037037037037035,0.24074074074074073,-320.5,-144.10532505661467,1
2022-06-01T10:29:00.000000,2022-06-01T10:30:00.000000,2022,2022-06,10,30,12481.0,12502.0,12439.0,21.0,-21.0,stop,1,0.8271604938271605,0.037037037037037035,0.13580246913580246,-345.25,-165.63956482439607,1
2022-06-01T10:32:00.000000,2022-06-01T10:33:00.000000,2022,2022-06,10,33,12520.25,12523.0,12514.75,2.75,-2.75,stop,1,0.9577464788732394,0.028169014084507043,0.014084507042253521,-305.0,-124.13416982274794,1
2022-06-01T10:33:00.000000,2022-06-01T10:34:00.000000,2022,2022-06,10,34,12506.25,12528.5,12461.75,22.25,44.5,target,15,0.6790123456790124,0.012345679012345678,0.30864197530864196,-319.25,-137.97186023342147,1
2022-06-01T10:42:00.000000,2022-06-01T10:43:00.000000,2022,2022-06,10,43,12490.75,12505.0,12462.25,14.25,28.5,target,6,0.9245283018867925,0.07547169811320754,0.0,-335.0,-151.20373966460647,1
2022-06-03T08:46:00.000000,2022-06-03T08:47:00.000000,2022,2022-06,8,47,12604.5,12612.5,12588.5,8.0,-8.0,stop,3,0.6896551724137931,0.022988505747126436,0.28735632183908044,-341.0,-110.06348114841785,1
2022-06-08T10:32:00.000000,2022-06-08T10:33:00.000000,2022,2022-06,10,33,12658.0,12677.75,12618.5,19.75,39.5,target,11,0.958904109589041,0.0410958904109589,0.0,-82.0,-49.69251887694736,3
2022-06-09T10:16:00.000000,2022-06-09T10:17:00.000000,2022,2022-06,10,17,12547.75,12550.25,12542.75,2.5,5.0,target,1,0.8723404255319149,0.0851063829787234,0.0425531914893617,-235.25,-48.57405490844212,3
2022-06-09T10:19:00.000000,2022-06-09T10:20:00.000000,2022,2022-06,10,20,12550.5,12553.5,12544.5,3.0,-3.0,stop,1,0.7297297297297297,0.10810810810810811,0.16216216216216217,-233.0,-46.063279732947194,2
2022-06-09T10:22:00.000000,2022-06-09T10:23:00.000000,2022,2022-06,10,23,12554.75,12558.75,12546.75,4.0,-4.0,stop,1,0.7222222222222222,0.05555555555555555,0.2222222222222222,-228.25,-41.04808425491683,2
2022-06-09T10:23:00.000000,2022-06-09T10:24:00.000000,2022,2022-06,10,24,12560.75,12564.5,12553.25,3.75,7.5,target,1,0.7741935483870968,0.0,0.22580645161290322,-222.25,-34.96899842148923,2
2022-06-09T10:26:00.000000,2022-06-09T10:27:00.000000,2022,2022-06,10,27,12565.25,12568.25,12559.25,3.0,6.0,target,1,0.7959183673469388,0.08163265306122448,0.12244897959183673,-218.25,-30.73468308048359,2
2022-06-09T10:32:00.000000,2022-06-09T10:33:00.000000,2022,2022-06,10,33,12556.25,12567.25,12534.25,11.0,-11.0,stop,1,0.7692307692307693,0.05128205128205128,0.1794871794871795,-227.0,-39.1393884229019,2
2022-06-09T10:33:00.000000,2022-06-09T10:34:00.000000,2022,2022-06,10,34,12572.25,12575.75,12565.25,3.5,-3.5,stop,1,0.7948717948717948,0.10256410256410256,0.10256410256410256,-211.25,-23.307904891484213,2
2022-06-10T10:10:00.000000,2022-06-10T10:11:00.000000,2022,2022-06,10,11,11863.0,11874.25,11840.5,11.25,22.5,target,6,0.8947368421052632,0.07894736842105263,0.02631578947368421,-862.5,-166.10121127896127,1
2022-06-10T10:12:00.000000,2022-06-10T10:13:00.000000,2022,2022-06,10,13,11847.5,11860.25,11822.0,12.75,-12.75,stop,11,0.8936170212765957,0.06382978723404255,0.0425531914893617,-878.75,-181.52894682555598,1
2022-06-10T10:14:00.000000,2022-06-10T10:15:00.000000,2022,2022-06,10,15,11844.75,11856.0,11822.25,11.25,-11.25,stop,6,0.75,0.075,0.175,-881.25,-183.50698919429124,1
2022-06-10T10:20:00.000000,2022-06-10T10:21:00.000000,2022,2022-06,10,21,11854.5,11859.25,11845.0,4.75,9.5,target,1,0.7037037037037037,0.09259259259259259,0.2037037037037037,-871.5,-172.15159587095695,1
2022-06-10T10:21:00.000000,2022-06-10T10:22:00.000000,2022,2022-06,10,22,11841.0,11859.75,11803.5,18.75,-18.75,stop,1,0.7878787878787878,0.015151515151515152,0.19696969696969696,-884.5,-184.64826613745572,1
2022-06-10T10:22:00.000000,2022-06-10T10:23:00.000000,2022,2022-06,10,23,11859.0,11862.0,11853.0,3.0,6.0,target,2,0.9230769230769231,0.02564102564102564,0.05128205128205128,-867.0,-166.782670533501,1
2022-06-10T10:29:00.000000,2022-06-10T10:30:00.000000,2022,2022-06,10,30,11859.0,11861.0,11855.0,2.0,-2.0,stop,1,0.8533333333333334,0.10666666666666667,0.04,-867.75,-165.59380849373701,1
2022-06-10T10:41:00.000000,2022-06-10T10:42:00.000000,2022,2022-06,10,42,11884.5,11888.5,11876.5,4.0,8.0,target,1,0.8518518518518519,0.08641975308641975,0.06172839506172839,-840.75,-134.6540850338679,1
2022-06-10T10:46:00.000000,2022-06-10T10:47:00.000000,2022,2022-06,10,47,11865.5,11879.75,11837.0,14.25,28.5,target,27,0.9056603773584906,0.09433962264150944,0.0,-860.25,-152.88702322715653,1
2022-06-13T08:33:00.000000,2022-06-13T08:34:00.000000,2022,2022-06,8,34,11438.25,11443.0,11428.75,4.75,-4.75,stop,1,0.7865168539325843,0.11235955056179775,0.10112359550561797,-333.75,-90.49493724024978,2
2022-06-13T08:40:00.000000,2022-06-13T08:41:00.000000,2022,2022-06,8,41,11419.0,11430.75,11395.5,11.75,23.5,target,2,0.8292682926829268,0.0975609756097561,0.07317073170731707,-353.0,-106.48171976793128,2
2022-06-13T08:43:00.000000,2022-06-13T08:44:00.000000,2022,2022-06,8,44,11379.75,11398.75,11341.75,19.0,-19.0,stop,9,0.8142857142857143,0.05714285714285714,0.12857142857142856,-392.25,-143.05957098330327,2
2022-06-13T08:45:00.000000,2022-06-13T08:46:00.000000,2022,2022-06,8,46,11394.0,11399.25,11383.5,5.25,10.5,target,2,0.75,0.0,0.25,-378.25,-127.65069576217502,2
2022-06-13T08:50:00.000000,2022-06-13T08:51:00.000000,2022,2022-06,8,51,11377.25,11387.0,11357.75,9.75,-9.75,stop,2,0.8,0.11428571428571428,0.08571428571428572,-395.25,-142.0624556764924,2
2022-06-13T10:25:00.000000,2022-06-13T10:26:00.000000,2022,2022-06,10,26,11470.0,11477.25,11455.5,7.25,-7.25,stop,1,0.6626506024096386,0.10843373493975904,0.2289156626506024,-302.0,-20.742395059740375,1
2022-06-14T08:31:00.000000,2022-06-14T08:32:00.000000,2022,2022-06,8,32,11324.75,11328.5,11317.25,3.75,-3.75,stop,1,0.8584070796460177,0.04424778761061947,0.09734513274336283,-375.25,-69.16071241677491,4
2022-06-14T08:33:00.000000,2022-06-14T08:34:00.000000,2022,2022-06,8,34,11297.25,11319.25,11253.25,22.0,-22.0,stop,3,0.6704545454545454,0.06818181818181818,0.26136363636363635,-402.25,-95.1968381823026,4
2022-06-14T08:44:00.000000,2022-06-14T08:45:00.000000,2022,2022-06,8,45,11292.25,11294.25,11288.25,2.0,-2.0,stop,1,0.8666666666666667,0.1,0.03333333333333333,-407.5,-95.35832625637886,3
2022-06-14T10:12:00.000000,2022-06-14T10:13:00.000000,2022,2022-06,10,13,11330.5,11344.0,11303.5,13.5,-13.5,stop,5,0.72,0.1,0.18,-368.25,-43.55453097722966,1
2022-06-14T10:24:00.000000,2022-06-14T10:25:00.000000,2022,2022-06,10,25,11346.75,11350.0,11340.25,3.25,6.5,target,1,0.8043478260869565,0.10869565217391304,0.08695652173913043,-352.0,-26.30686136112672,2
2022-06-14T10:25:00.000000,2022-06-14T10:26:00.000000,2022,2022-06,10,26,11337.75,11350.0,11313.25,12.25,24.5,target,10,0.8636363636363636,0.022727272727272728,0.11363636363636363,-361.75,-36.02092301982884,2
2022-06-14T10:28:00.000000,2022-06-14T10:29:00.000000,2022,2022-06,10,29,11337.25,11349.75,11312.25,12.5,25.0,target,7,0.7608695652173914,0.06521739130434782,0.17391304347826086,-362.0,-36.068506797937516,2
2022-06-14T10:35:00.000000,2022-06-14T10:36:00.000000,2022,2022-06,10,36,11312.0,11331.0,11274.0,19.0,-19.0,stop,2,0.8656716417910447,0.0,0.13432835820895522,-386.75,-60.2754496622656,2
2022-06-14T10:36:00.000000,2022-06-14T10:37:00.000000,2022,2022-06,10,37,11328.25,11331.5,11321.75,3.25,-3.25,stop,1,0.9178082191780822,0.0410958904109589,0.0410958904109589,-370.25,-43.690028388007704,2
2022-06-14T10:44:00.000000,2022-06-14T10:45:00.000000,2022,2022-06,10,45,11327.0,11338.0,11305.0,11.0,-11.0,stop,3,0.8529411764705882,0.0,0.14705882352941177,-371.5,-44.215078553441344,2
2022-06-16T08:37:00.000000,2022-06-16T08:38:00.000000,2022,2022-06,8,38,11213.5,11218.0,11204.5,4.5,9.0,target,1,0.7777777777777778,0.06944444444444445,0.1527777777777778,-581.0,-145.31947993791982,1
2022-06-16T08:40:00.000000,2022-06-16T08:41:00.000000,2022,2022-06,8,41,11178.75,11191.25,11153.75,12.5,25.0,target,5,0.9111111111111111,0.08888888888888889,0.0,-615.25,-176.81035657913708,1
2022-06-16T08:48:00.000000,2022-06-16T08:49:00.000000,2022,2022-06,8,49,11145.75,11158.25,11120.75,12.5,-12.5,stop,8,0.8541666666666666,0.08333333333333333,0.0625,-649.0,-202.38702143098635,1
2022-06-16T10:48:00.000000,2022-06-16T10:49:00.000000,2022,2022-06,10,49,11204.5,11206.5,11200.5,2.0,-2.0,stop,1,0.96875,0.03125,0.0,-589.75,-96.70636935809307,1
2022-06-17T08:35:00.000000,2022-06-17T08:36:00.000000,2022,2022-06,8,36,11135.0,11156.5,11092.0,21.5,-21.5,stop,2,0.8953488372093024,0.10465116279069768,0.0,-639.0,-117.64777106455404,2
2022-06-17T08:37:00.000000,2022-06-17T08:38:00.000000,2022,2022-06,8,38,11153.75,11159.0,11143.25,5.25,-5.25,stop,1,0.7924528301886793,0.09433962264150944,0.11320754716981132,-620.25,-96.5448702395206,1
2022-06-17T08:40:00.000000,2022-06-17T08:41:00.000000,2022,2022-06,8,41,11156.0,11169.5,11129.0,13.5,-13.5,stop,2,0.8936170212765957,0.06382978723404255,0.0425531914893617,-617.75,-92.57499710025331,3
2022-06-17T08:42:00.000000,2022-06-17T08:43:00.000000,2022,2022-06,8,43,11166.75,11172.0,11156.25,5.25,-5.25,stop,1,0.7951807228915663,0.08433734939759036,0.12048192771084337,-606.75,-80.77043709844293,3
2022-06-17T08:45:00.000000,2022-06-17T08:46:00.000000,2022,2022-06,8,46,11156.5,11179.0,11111.5,22.5,-22.5,stop,11,0.8478260869565217,0.10869565217391304,0.043478260869565216,-617.75,-90.77048129505965,3
2022-06-23T10:43:00.000000,2022-06-23T10:44:00.000000,2022,2022-06,10,44,11585.25,11595.5,11564.75,10.25,-10.25,stop,1,0.9117647058823529,0.08823529411764706,0.0,-160.0,-45.73848676979287,1
2022-06-23T10:47:00.000000,2022-06-23T10:48:00.000000,2022,2022-06,10,48,11585.5,11589.75,11577.0,4.25,-4.25,stop,1,0.7321428571428571,0.07142857142857142,0.19642857142857142,-160.75,-46.10730390221033,1
2022-06-27T08:36:00.000000,2022-06-27T08:37:00.000000,2022,2022-06,8,37,12064.5,12081.75,12030.0,17.25,-17.25,stop,3,0.9154929577464789,0.07042253521126761,0.014084507042253521,-101.25,-67.09863869913534,1
2022-06-27T08:37:00.000000,2022-06-27T08:38:00.000000,2022,2022-06,8,38,12075.75,12079.25,12068.75,3.5,-3.5,stop,1,0.7818181818181819,0.07272727272727272,0.14545454545454545,-89.25,-54.90279276239562,1
2022-06-27T08:42:00.000000,2022-06-27T08:43:00.000000,2022,2022-06,8,43,12077.5,12079.5,12073.5,2.0,-2.0,stop,1,0.9056603773584906,0.09433962264150944,0.0,-87.0,-51.66340395997577,1
2022-06-27T10:23:00.000000,2022-06-27T10:24:00.000000,2022,2022-06,10,24,12082.25,12091.25,12064.25,9.0,18.0,target,2,0.6774193548387096,0.06451612903225806,0.25806451612903225,-82.5,-42.94588639616268,1
2022-06-27T10:27:00.000000,2022-06-27T10:28:00.000000,2022,2022-06,10,28,12053.75,12068.0,12025.25,14.25,-14.25,stop,17,0.9215686274509803,0.058823529411764705,0.0196078431372549,-110.5,-70.15642972656678,1
2022-06-27T10:32:00.000000,2022-06-27T10:33:00.000000,2022,2022-06,10,33,12044.0,12056.5,12019.0,12.5,-12.5,stop,3,0.8409090909090909,0.09090909090909091,0.06818181818181818,-120.0,-78.8878603238918,1
2022-06-27T10:44:00.000000,2022-06-27T10:45:00.000000,2022,2022-06,10,45,12076.5,12078.25,12073.0,1.75,-1.75,stop,1,0.92,0.08,0.0,-88.25,-45.72051896559606,2
2022-06-28T08:31:00.000000,2022-06-28T08:32:00.000000,2022,2022-06,8,32,11976.75,11997.5,11935.25,20.75,41.5,target,22,0.7333333333333333,0.0,0.26666666666666666,-285.25,-105.30752937042234,1
2022-06-28T08:40:00.000000,2022-06-28T08:41:00.000000,2022,2022-06,8,41,11977.75,11991.5,11950.25,13.75,27.5,target,6,0.94,0.06,0.0,-284.25,-97.56806171433163,2
2022-06-28T08:45:00.000000,2022-06-28T08:46:00.000000,2022,2022-06,8,46,11974.0,11988.0,11946.0,14.0,28.0,target,1,0.84,0.04,0.12,-288.0,-98.86355917408582,2
2022-06-28T08:48:00.000000,2022-06-28T08:49:00.000000,2022,2022-06,8,49,11954.5,11956.5,11950.5,2.0,-2.0,stop,1,0.88,0.1,0.02,-307.75,-115.51962180613555,1
2022-06-29T10:22:00.000000,2022-06-29T10:23:00.000000,2022,2022-06,10,23,11642.75,11658.5,11611.25,15.75,31.5,target,4,0.7068965517241379,0.05172413793103448,0.2413793103448276,-531.5,-28.8333151465049,2
2022-07-01T08:47:00.000000,2022-07-01T08:48:00.000000,2022,2022-07,8,48,11461.75,11464.75,11455.75,3.0,-3.0,stop,1,0.9,0.09166666666666666,0.008333333333333333,-229.25,-21.45080496038281,1
2022-07-08T10:47:00.000000,2022-07-08T10:48:00.000000,2022,2022-07,10,48,12064.0,12067.5,12057.0,3.5,-3.5,stop,1,0.7058823529411765,0.029411764705882353,0.2647058823529412,-105.25,-24.860536203850643,4
2022-07-21T08:37:00.000000,2022-07-21T08:38:00.000000,2022,2022-07,8,38,12413.0,12420.25,12398.5,7.25,-7.25,stop,1,0.7192982456140351,0.11403508771929824,0.16666666666666666,-104.0,-48.79042406716508,2
2022-07-21T08:41:00.000000,2022-07-21T08:42:00.000000,2022,2022-07,8,42,12433.5,12439.0,12422.5,5.5,-5.5,stop,2,0.8023255813953488,0.046511627906976744,0.1511627906976744,-83.75,-27.79955939290994,2
2022-07-22T08:47:00.000000,2022-07-22T08:48:00.000000,2022,2022-07,8,48,12567.0,12583.25,12534.5,16.25,-16.25,stop,5,0.9655172413793104,0.034482758620689655,0.0,-88.0,-23.628440138601945,1
2022-07-26T08:45:00.000000,2022-07-26T08:46:00.000000,2022,2022-07,8,46,12180.75,12185.75,12170.75,5.0,-5.0,stop,2,0.7254901960784313,0.0784313725490196,0.19607843137254902,-317.25,-68.21583841332904,1
2022-07-28T08:33:00.000000,2022-07-28T08:34:00.000000,2022,2022-07,8,34,12464.5,12469.25,12455.0,4.75,-4.75,stop,1,0.8032786885245902,0.03278688524590164,0.16393442622950818,-225.25,-74.46783713447076,2
2022-08-04T08:35:00.000000,2022-08-04T08:36:00.000000,2022,2022-08,8,36,13190.5,13211.75,13148.0,21.25,-21.25,stop,6,0.7176470588235294,0.10588235294117647,0.17647058823529413,-119.5,-91.4784867874314,5
2022-08-04T08:47:00.000000,2022-08-04T08:48:00.000000,2022,2022-08,8,48,13218.75,13222.75,13210.75,4.0,-4.0,stop,1,0.8690476190476191,0.03571428571428571,0.09523809523809523,-91.5,-57.45703578307621,4
2022-08-05T10:14:00.000000,2022-08-05T10:15:00.000000,2022,2022-08,10,15,13154.0,13157.5,13147.0,3.5,-3.5,stop,1,0.7777777777777778,0.0,0.2222222222222222,-202.0,-48.17342911090236,2
2022-08-08T10:12:00.000000,2022-08-08T10:13:00.000000,2022,2022-08,10,13,13201.75,13217.0,13171.25,15.25,30.5,target,6,0.6842105263157895,0.10526315789473684,0.21052631578947367,-89.75,-107.01390099630771,2
2022-08-08T10:21:00.000000,2022-08-08T10:22:00.000000,2022,2022-08,10,22,13192.5,13194.75,13188.0,2.25,4.5,target,1,0.9125,0.0875,0.0,-99.25,-111.00499585815123,3
2022-08-08T10:25:00.000000,2022-08-08T10:26:00.000000,2022,2022-08,10,26,13197.5,13200.0,13192.5,2.5,-2.5,stop,1,0.8285714285714286,0.11428571428571428,0.05714285714285714,-94.5,-105.18722875214189,3
2022-08-08T10:27:00.000000,2022-08-08T10:28:00.000000,2022,2022-08,10,28,13177.5,13198.75,13135.0,21.25,-21.25,stop,16,0.9367088607594937,0.0379746835443038,0.02531645569620253,-114.25,-124.13866393618628,3
2022-08-08T10:28:00.000000,2022-08-08T10:29:00.000000,2022,2022-08,10,29,13166.75,13180.25,13139.75,13.5,-13.5,stop,2,0.8979591836734694,0.04081632653061224,0.061224489795918366,-125.5,-134.92089284010763,3
2022-08-08T10:38:00.000000,2022-08-08T10:39:00.000000,2022,2022-08,10,39,13176.5,13180.0,13169.5,3.5,-3.5,stop,1,0.9285714285714286,0.02857142857142857,0.04285714285714286,-114.75,-120.74458791084726,2
2022-08-08T10:41:00.000000,2022-08-08T10:42:00.000000,2022,2022-08,10,42,13188.0,13190.75,13182.5,2.75,-2.75,stop,1,0.875,0.10416666666666667,0.020833333333333332,-103.5,-108.61217675741318,2
2022-08-09T10:33:00.000000,2022-08-09T10:34:00.000000,2022,2022-08,10,34,12975.75,12979.5,12968.25,3.75,-3.75,stop,1,0.75,0.0625,0.1875,-443.25,-78.09101772329632,1
2022-08-09T10:45:00.000000,2022-08-09T10:46:00.000000,2022,2022-08,10,46,12975.25,12989.75,12946.25,14.5,-14.5,stop,15,0.66,0.04,0.3,-443.5,-75.93491167200227,1
2022-08-09T10:48:00.000000,2022-08-09T10:49:00.000000,2022,2022-08,10,49,12978.25,12987.25,12960.25,9.0,-9.0,stop,9,0.6666666666666666,0.03333333333333333,0.3,-441.25,-73.27987265984848,1
2022-08-16T08:48:00.000000,2022-08-16T08:49:00.000000,2022,2022-08,8,49,13562.5,13576.0,13535.5,13.5,-13.5,stop,3,0.88,0.04,0.08,-144.0,-50.06853225033046,1
2022-08-16T08:49:00.000000,2022-08-16T08:50:00.000000,2022,2022-08,8,50,13568.5,13572.25,13561.0,3.75,-3.75,stop,1,0.7575757575757576,0.06060606060606061,0.18181818181818182,-137.25,-43.1556606004433,1
2022-08-17T08:45:00.000000,2022-08-17T08:46:00.000000,2022,2022-08,8,46,13482.0,13485.25,13475.5,3.25,6.5,target,1,0.8666666666666667,0.1,0.03333333333333333,-258.0,-48.004508675549005,1
2022-08-17T08:47:00.000000,2022-08-17T08:48:00.000000,2022,2022-08,8,48,13472.5,13485.0,13447.5,12.5,25.0,target,6,0.813953488372093,0.023255813953488372,0.16279069767441862,-268.25,-57.73684210526335,1
2022-08-17T08:50:00.000000,2022-08-17T08:51:00.000000,2022,2022-08,8,51,13457.75,13470.5,13432.25,12.75,25.5,target,4,0.7872340425531915,0.10638297872340426,0.10638297872340426,-282.75,-71.26123528508106,1
2022-08-17T10:26:00.000000,2022-08-17T10:27:00.000000,2022,2022-08,10,27,13459.75,13471.25,13436.75,11.5,-11.5,stop,8,0.7380952380952381,0.07142857142857142,0.19047619047619047,-281.25,-42.78803924611384,1
2022-08-17T10:28:00.000000,2022-08-17T10:29:00.000000,2022,2022-08,10,29,13462.0,13465.0,13456.0,3.0,-3.0,stop,1,0.8709677419354839,0.0,0.12903225806451613,-278.75,-40.09972481858313,1
2022-08-17T10:33:00.000000,2022-08-17T10:34:00.000000,2022,2022-08,10,34,13468.0,13472.75,13458.5,4.75,-4.75,stop,1,0.6756756756756757,0.02702702702702703,0.2972972972972973,-272.75,-33.72401857852128,1
2022-08-19T08:50:00.000000,2022-08-19T08:51:00.000000,2022,2022-08,8,51,13290.75,13304.0,13264.25,13.25,26.5,target,8,0.7843137254901961,0.09803921568627451,0.11764705882352941,-285.0,-70.05698530768859,1
2022-08-19T10:10:00.000000,2022-08-19T10:11:00.000000,2022,2022-08,10,11,13267.5,13270.5,13261.5,3.0,-3.0,stop,1,0.8775510204081632,0.061224489795918366,0.061224489795918366,-307.75,-67.03263371401408,1
2022-08-19T10:15:00.000000,2022-08-19T10:16:00.000000,2022,2022-08,10,16,13280.5,13283.5,13274.5,3.0,-3.0,stop,2,0.84,0.0,0.16,-295.0,-53.61100416898444,1
2022-08-19T10:20:00.000000,2022-08-19T10:21:00.000000,2022,2022-08,10,21,13286.0,13288.75,13280.5,2.75,5.5,target,1,0.8571428571428571,0.03571428571428571,0.10714285714285714,-289.5,-47.67350815043392,1
2022-08-19T10:21:00.000000,2022-08-19T10:22:00.000000,2022,2022-08,10,22,13277.25,13289.25,13253.25,12.0,-12.0,stop,15,0.8333333333333334,0.047619047619047616,0.11904761904761904,-298.25,-56.30618366676026,1
2022-08-19T10:28:00.000000,2022-08-19T10:29:00.000000,2022,2022-08,10,29,13266.25,13273.75,13251.25,7.5,-7.5,stop,6,0.88,0.12,0.0,-309.25,-66.59394318269733,1
2022-08-19T10:29:00.000000,2022-08-19T10:30:00.000000,2022,2022-08,10,30,13270.75,13274.25,13263.75,3.5,-3.5,stop,5,0.7083333333333334,0.0,0.2916666666666667,-305.0,-62.235807444465536,1
2022-08-19T10:38:00.000000,2022-08-19T10:39:00.000000,2022,2022-08,10,39,13294.75,13297.25,13289.75,2.5,5.0,target,2,0.8260869565217391,0.10869565217391304,0.06521739130434782,-281.0,-37.11409381609337,1
2022-08-19T10:42:00.000000,2022-08-19T10:43:00.000000,2022,2022-08,10,43,13291.5,13294.0,13286.5,2.5,-2.5,stop,1,0.8461538461538461,0.038461538461538464,0.11538461538461539,-284.25,-40.00405260714615,1
2022-08-19T10:50:00.000000,2022-08-19T10:51:00.000000,2022,2022-08,10,51,13293.5,13296.5,13287.5,3.0,6.0,target,2,0.8571428571428571,0.05714285714285714,0.08571428571428572,-281.75,-36.8645718499356,1
2022-08-22T08:36:00.000000,2022-08-22T08:37:00.000000,2022,2022-08,8,37,12981.75,12989.0,12967.25,7.25,-7.25,stop,2,0.6610169491525424,0.0,0.3389830508474576,-244.5,-78.05026866804292,1
2022-08-22T08:43:00.000000,2022-08-22T08:44:00.000000,2022,2022-08,8,44,12993.75,13005.5,12970.25,11.75,23.5,target,11,0.6818181818181818,0.11363636363636363,0.20454545454545456,-232.75,-63.79500239740264,1
2022-08-22T08:44:00.000000,2022-08-22T08:45:00.000000,2022,2022-08,8,45,12986.5,12997.75,12964.0,11.25,-11.25,stop,1,0.7567567567567568,0.02702702702702703,0.21621621621621623,-239.75,-70.4378881016055,1
2022-08-22T08:45:00.000000,2022-08-22T08:46:00.000000,2022,2022-08,8,46,12997.5,12999.75,12993.0,2.25,4.5,target,1,0.9347826086956522,0.021739130434782608,0.043478260869565216,-229.25,-59.684662619685696,1
2022-08-22T08:47:00.000000,2022-08-22T08:48:00.000000,2022,2022-08,8,48,12999.5,13005.0,12988.5,5.5,11.0,target,3,0.6666666666666666,0.0,0.3333333333333333,-226.75,-56.73633157477707,1
2022-08-22T10:15:00.000000,2022-08-22T10:16:00.000000,2022,2022-08,10,16,12978.25,12981.0,12972.75,2.75,-2.75,stop,1,0.7586206896551724,0.10344827586206896,0.13793103448275862,-248.5,-56.533694986024784,1
2022-08-22T10:48:00.000000,2022-08-22T10:49:00.000000,2022,2022-08,10,49,12973.0,12976.5,12966.0,3.5,-3.5,stop,1,0.8529411764705882,0.0,0.14705882352941177,-253.25,-57.832320209043246,1
2022-08-26T08:32:00.000000,2022-08-26T08:33:00.000000,2022,2022-08,8,33,12951.0,12955.75,12941.5,4.75,9.5,target,1,0.8888888888888888,0.02564102564102564,0.08547008547008547,-217.5,-150.84536754778128,5
2022-08-26T08:40:00.000000,2022-08-26T08:41:00.000000,2022,2022-08,8,41,12900.5,12909.25,12883.0,8.75,-8.75,stop,1,0.7169811320754716,0.02830188679245283,0.25471698113207547,-268.25,-187.3435641953438,3
2022-08-26T08:43:00.000000,2022-08-26T08:44:00.000000,2022,2022-08,8,44,12890.25,12912.5,12845.75,22.25,-22.25,stop,4,0.7777777777777778,0.0,0.2222222222222222,-278.5,-194.22520993373837,2
2022-08-26T08:47:00.000000,2022-08-26T08:48:00.000000,2022,2022-08,8,48,12914.5,12920.25,12903.0,5.75,-5.75,stop,1,0.8387096774193549,0.0,0.16129032258064516,-253.0,-164.19518486672314,2
2022-08-30T08:34:00.000000,2022-08-30T08:35:00.000000,2022,2022-08,8,35,12332.75,12353.25,12291.75,20.5,41.0,target,12,0.9036144578313253,0.08433734939759036,0.012048192771084338,-278.0,-183.54372133638208,1
2022-08-30T08:35:00.000000,2022-08-30T08:36:00.000000,2022,2022-08,8,36,12323.0,12337.25,12294.5,14.25,28.5,target,10,0.7547169811320755,0.05660377358490566,0.18867924528301888,-287.5,-190.39443557534833,1
2022-08-30T08:42:00.000000,2022-08-30T08:43:00.000000,2022,2022-08,8,43,12312.5,12324.5,12288.5,12.0,24.0,target,4,0.7906976744186046,0.11627906976744186,0.09302325581395349,-297.25,-187.9652362690358,1
2022-08-30T10:20:00.000000,2022-08-30T10:21:00.000000,2022,2022-08,10,21,12352.75,12364.75,12328.75,12.0,24.0,target,12,0.6666666666666666,0.047619047619047616,0.2857142857142857,-257.5,-87.13126326072233,1
2022-08-30T10:25:00.000000,2022-08-30T10:26:00.000000,2022,2022-08,10,26,12338.25,12351.75,12311.25,13.5,27.0,target,13,0.8333333333333334,0.1111111111111111,0.05555555555555555,-272.5,-101.11424263559456,1
2022-08-30T10:30:00.000000,2022-08-30T10:31:00.000000,2022,2022-08,10,31,12334.5,12349.75,12304.0,15.25,30.5,target,14,0.7758620689655172,0.05172413793103448,0.1724137931034483,-276.25,-103.91220896329105,1
2022-08-30T10:34:00.000000,2022-08-30T10:35:00.000000,2022,2022-08,10,35,12315.25,12326.5,12292.75,11.25,-11.25,stop,5,0.8974358974358975,0.02564102564102564,0.07692307692307693,-295.25,-121.91315196945288,1
2022-08-30T10:41:00.000000,2022-08-30T10:42:00.000000,2022,2022-08,10,42,12318.75,12323.25,12309.75,4.5,9.0,target,3,0.8,0.02857142857142857,0.17142857142857143,-290.5,-114.96929910345534,1
2022-08-31T08:35:00.000000,2022-08-31T08:36:00.000000,2022,2022-08,8,36,12400.25,12404.5,12391.75,4.25,8.5,target,1,0.8888888888888888,0.020202020202020204,0.09090909090909091,-258.0,-35.457066588494854,2
2022-08-31T08:42:00.000000,2022-08-31T08:43:00.000000,2022,2022-08,8,43,12390.25,12397.75,12375.25,7.5,-7.5,stop,1,0.7606837606837606,0.06837606837606838,0.17094017094017094,-267.5,-42.701774508163,2
2022-08-31T10:13:00.000000,2022-08-31T10:14:00.000000,2022,2022-08,10,14,12388.75,12391.25,12383.75,2.5,5.0,target,1,0.953125,0.03125,0.015625,-269.25,-23.17190004650547,1
2022-08-31T10:16:00.000000,2022-08-31T10:17:00.000000,2022,2022-08,10,17,12392.0,12398.0,12380.0,6.0,-6.0,stop,1,0.6842105263157895,0.017543859649122806,0.2982456140350877,-266.5,-20.272940457271034,1
2022-08-31T10:18:00.000000,2022-08-31T10:19:00.000000,2022,2022-08,10,19,12377.25,12391.25,12349.25,14.0,28.0,target,22,0.8627450980392157,0.058823529411764705,0.0784313725490196,-281.0,-34.662351642318754,1
2022-08-31T10:22:00.000000,2022-08-31T10:23:00.000000,2022,2022-08,10,23,12361.25,12376.5,12330.75,15.25,-15.25,stop,10,0.7547169811320755,0.0,0.24528301886792453,-297.0,-50.38819395240898,1
2022-08-31T10:28:00.000000,2022-08-31T10:29:00.000000,2022,2022-08,10,29,12363.0,12367.0,12355.0,4.0,-4.0,stop,1,0.7878787878787878,0.030303030303030304,0.18181818181818182,-294.75,-47.59222259971102,2
2022-08-31T10:29:00.000000,2022-08-31T10:30:00.000000,2022,2022-08,10,30,12367.75,12371.0,12361.25,3.25,-3.25,stop,1,0.8333333333333334,0.0,0.16666666666666666,-290.25,-43.01831811534248,2
2022-08-31T10:43:00.000000,2022-08-31T10:44:00.000000,2022,2022-08,10,44,12350.75,12354.25,12343.75,3.5,-3.5,stop,1,0.8947368421052632,0.0,0.10526315789473684,-307.0,-58.41059533673251,3
2022-09-01T08:34:00.000000,2022-09-01T08:35:00.000000,2022,2022-09,8,35,12137.5,12150.0,12112.5,12.5,25.0,target,4,0.9111111111111111,0.06666666666666667,0.022222222222222223,-375.5,-24.43834585175682,2
2022-09-01T08:42:00.000000,2022-09-01T08:43:00.000000,2022,2022-09,8,43,12089.75,12103.0,12063.25,13.25,26.5,target,7,0.82,0.1,0.08,-423.25,-69.45426259928172,3
2022-09-02T10:47:00.000000,2022-09-02T10:48:00.000000,2022,2022-09,10,48,12232.25,12249.75,12197.25,17.5,35.0,target,14,0.9242424242424242,0.06060606060606061,0.015151515151515152,-88.25,-119.14944030709012,5
2022-09-06T08:50:00.000000,2022-09-06T08:51:00.000000,2022,2022-09,8,51,12062.5,12065.5,12056.5,3.0,-3.0,stop,1,0.8415841584158416,0.09900990099009901,0.0594059405940594,-120.5,-26.323752230202444,1
2022-09-06T10:41:00.000000,2022-09-06T10:42:00.000000,2022,2022-09,10,42,12046.5,12050.5,12038.5,4.0,-4.0,stop,1,0.8913043478260869,0.05434782608695652,0.05434782608695652,-135.25,-41.27975139267437,1
2022-09-06T10:43:00.000000,2022-09-06T10:44:00.000000,2022,2022-09,10,44,12059.25,12064.25,12049.25,5.0,-5.0,stop,1,0.7868852459016393,0.01639344262295082,0.19672131147540983,-123.25,-29.08733503246367,1
2022-09-08T10:15:00.000000,2022-09-08T10:16:00.000000,2022,2022-09,10,16,12152.75,12176.5,12105.25,23.75,-23.75,stop,1,0.8854166666666666,0.11458333333333333,0.0,-153.0,-96.85854693819601,6
2022-09-08T10:16:00.000000,2022-09-08T10:17:00.000000,2022,2022-09,10,17,12179.75,12184.0,12171.25,4.25,-4.25,stop,1,0.8888888888888888,0.0,0.1111111111111111,-127.5,-71.04245832754714,6
2022-09-08T10:18:00.000000,2022-09-08T10:19:00.000000,2022,2022-09,10,19,12186.25,12188.25,12182.25,2.0,4.0,target,1,0.8596491228070176,0.08771929824561403,0.05263157894736842,-120.75,-63.82799543208603,5
2022-09-08T10:19:00.000000,2022-09-08T10:20:00.000000,2022,2022-09,10,20,12167.0,12188.5,12124.0,21.5,-21.5,stop,12,0.926829268292683,0.06097560975609756,0.012195121951219513,-139.0,-81.88264658109074,5
2022-09-08T10:26:00.000000,2022-09-08T10:27:00.000000,2022,2022-09,10,27,12173.0,12178.5,12162.0,5.5,-5.5,stop,1,0.6833333333333333,0.08333333333333333,0.23333333333333334,-133.25,-73.70968947002257,5
2022-09-12T10:16:00.000000,2022-09-12T10:17:00.000000,2022,2022-09,10,17,12673.25,12676.75,12666.25,3.5,-3.5,stop,2,0.8481012658227848,0.0759493670886076,0.0759493670886076,-79.75,-64.05841227158817,1
2022-09-13T08:42:00.000000,2022-09-13T08:43:00.000000,2022,2022-09,8,43,12322.5,12334.0,12299.5,11.5,23.0,target,8,0.8536585365853658,0.04878048780487805,0.0975609756097561,-542.75,-213.94464726514525,1
2022-09-15T08:32:00.000000,2022-09-15T08:33:00.000000,2022,2022-09,8,33,12098.5,12119.75,12056.0,21.25,-21.25,stop,4,0.8837209302325582,0.10465116279069768,0.011627906976744186,-170.25,-82.2868704555458,2
2022-09-15T08:36:00.000000,2022-09-15T08:37:00.000000,2022,2022-09,8,37,12122.75,12126.5,12115.25,3.75,-3.75,stop,1,0.8387096774193549,0.06451612903225806,0.0967741935483871,-145.75,-55.79736352679174,2
2022-09-15T08:47:00.000000,2022-09-15T08:48:00.000000,2022,2022-09,8,48,12103.75,12122.25,12066.75,18.5,37.0,target,3,0.8450704225352113,0.11267605633802817,0.04225352112676056,-164.25,-70.55869196431922,2
2022-09-15T10:15:00.000000,2022-09-15T10:16:00.000000,2022,2022-09,10,16,12008.25,12013.25,11998.25,5.0,-5.0,stop,1,0.6808510638297872,0.0851063829787234,0.23404255319148937,-260.25,-116.38954172493322,1
2022-09-15T10:20:00.000000,2022-09-15T10:21:00.000000,2022,2022-09,10,21,12006.25,12022.0,11974.75,15.75,-15.75,stop,4,0.7894736842105263,0.05263157894736842,0.15789473684210525,-262.25,-116.63548024644842,1
2022-09-15T10:23:00.000000,2022-09-15T10:24:00.000000,2022,2022-09,10,24,12017.75,12020.25,12012.75,2.5,-2.5,stop,1,0.8461538461538461,0.02564102564102564,0.1282051282051282,-251.75,-105.45492054372517,1
2022-09-15T10:28:00.000000,2022-09-15T10:29:00.000000,2022,2022-09,10,29,12011.0,12030.0,11973.0,19.0,-19.0,stop,3,0.9142857142857143,0.02857142857142857,0.05714285714285714,-257.75,-110.25506636532009,1
2022-09-15T10:38:00.000000,2022-09-15T10:39:00.000000,2022,2022-09,10,39,12041.0,12043.5,12036.0,2.5,-2.5,stop,1,0.8947368421052632,0.02631578947368421,0.07894736842105263,-228.0,-78.54506399190541,1
2022-09-15T10:41:00.000000,2022-09-15T10:42:00.000000,2022,2022-09,10,42,12055.5,12058.0,12050.5,2.5,5.0,target,1,0.9310344827586207,0.034482758620689655,0.034482758620689655,-213.25,-63.40492643014295,1
2022-09-15T10:50:00.000000,2022-09-15T10:51:00.000000,2022,2022-09,10,51,12059.0,12062.0,12053.0,3.0,-3.0,stop,1,0.7619047619047619,0.047619047619047616,0.19047619047619047,-209.75,-58.8712036928373,1
2022-09-16T10:17:00.000000,2022-09-16T10:18:00.000000,2022,2022-09,10,18,11804.75,11818.5,11777.25,13.75,-13.75,stop,2,0.92,0.04,0.04,-456.0,-43.98463965200608,1
2022-09-16T10:22:00.000000,2022-09-16T10:23:00.000000,2022,2022-09,10,23,11797.75,11810.5,11772.25,12.75,-12.75,stop,18,0.8863636363636364,0.0,0.11363636363636363,-463.0,-50.549831617880045,1
2022-09-16T10:34:00.000000,2022-09-16T10:35:00.000000,2022,2022-09,10,35,11803.5,11806.75,11797.0,3.25,-3.25,stop,1,0.8108108108108109,0.08108108108108109,0.10810810810810811,-456.75,-42.637820882884625,2
2022-09-16T10:40:00.000000,2022-09-16T10:41:00.000000,2022,2022-09,10,41,11808.0,11813.25,11797.5,5.25,-5.25,stop,1,0.6666666666666666,0.0,0.3333333333333333,-452.25,-37.609818758553956,2
2022-09-20T08:39:00.000000,2022-09-20T08:40:00.000000,2022,2022-09,8,40,11910.5,11913.25,11905.0,2.75,-2.75,stop,1,0.8571428571428571,0.05714285714285714,0.08571428571428572,-155.75,-41.57002843395276,1
2022-09-22T08:38:00.000000,2022-09-22T08:39:00.000000,2022,2022-09,8,39,11599.25,11607.5,11582.75,8.25,-8.25,stop,1,0.6973684210526315,0.0,0.3026315789473684,-540.75,-47.72758358555075,2
2022-09-22T08:41:00.000000,2022-09-22T08:42:00.000000,2022,2022-09,8,42,11592.25,11614.5,11547.75,22.25,44.5,target,17,0.8333333333333334,0.05555555555555555,0.1111111111111111,-549.25,-55.67662406503041,2
2022-09-22T10:19:00.000000,2022-09-22T10:20:00.000000,2022,2022-09,10,20,11561.75,11568.0,11549.25,6.25,-6.25,stop,2,0.7439024390243902,0.06097560975609756,0.1951219512195122,-578.5,-60.31998882344851,2
2022-09-22T10:23:00.000000,2022-09-22T10:24:00.000000,2022,2022-09,10,24,11582.25,11584.75,11577.25,2.5,-2.5,stop,1,0.8444444444444444,0.1,0.05555555555555555,-559.0,-40.320393189822425,2
2022-09-22T10:27:00.000000,2022-09-22T10:28:00.000000,2022,2022-09,10,28,11580.25,11594.5,11551.75,14.25,-14.25,stop,14,0.75,0.09615384615384616,0.15384615384615385,-559.75,-40.66494224642338,3
2022-09-22T10:37:00.000000,2022-09-22T10:38:00.000000,2022,2022-09,10,38,11579.25,11581.75,11574.25,2.5,-2.5,stop,1,0.8979591836734694,0.04081632653061224,0.061224489795918366,-561.5,-41.469321365468204,3
2022-09-22T10:46:00.000000,2022-09-22T10:47:00.000000,2022,2022-09,10,47,11593.75,11597.0,11587.25,3.25,6.5,target,1,0.7543859649122807,0.10526315789473684,0.14035087719298245,-547.5,-27.027371563388442,3
2022-09-22T10:47:00.000000,2022-09-22T10:48:00.000000,2022,2022-09,10,48,11582.0,11596.5,11553.0,14.5,-14.5,stop,5,0.8392857142857143,0.10714285714285714,0.05357142857142857,-558.5,-37.97025803548422,3
2022-09-23T08:33:00.000000,2022-09-23T08:34:00.000000,2022,2022-09,8,34,11382.5,11404.5,11338.5,22.0,-22.0,stop,12,0.9058823529411765,0.047058823529411764,0.047058823529411764,-413.75,-49.346239125543434,1
2022-09-23T08:34:00.000000,2022-09-23T08:35:00.000000,2022,2022-09,8,35,11376.0,11386.0,11356.0,10.0,-10.0,stop,7,0.7297297297297297,0.10810810810810811,0.16216216216216217,-420.25,-55.5555346922265,1
2022-09-23T08:49:00.000000,2022-09-23T08:50:00.000000,2022,2022-09,8,50,11384.5,11399.75,11354.0,15.25,-15.25,stop,5,0.7213114754098361,0.11475409836065574,0.16393442622950818,-411.75,-44.24199612073062,1
2022-09-23T10:10:00.000000,2022-09-23T10:11:00.000000,2022,2022-09,10,11,11328.0,11339.5,11305.0,11.5,-11.5,stop,3,0.7368421052631579,0.0,0.2631578947368421,-468.0,-88.18414210964693,1
2022-09-23T10:15:00.000000,2022-09-23T10:16:00.000000,2022,2022-09,10,16,11327.5,11337.25,11308.0,9.75,-9.75,stop,3,0.7428571428571429,0.11428571428571428,0.14285714285714285,-468.5,-87.82264981311891,1
2022-09-26T10:38:00.000000,2022-09-26T10:39:00.000000,2022,2022-09,10,39,11317.0,11329.25,11292.5,12.25,-12.25,stop,8,0.7954545454545454,0.06818181818181818,0.13636363636363635,-80.0,-80.78542668125192,2
2022-09-27T10:11:00.000000,2022-09-27T10:12:00.000000,2022,2022-09,10,12,11297.5,11312.25,11268.0,14.75,29.5,target,2,0.7692307692307693,0.019230769230769232,0.21153846153846154,-240.25,-154.47410918357855,1
2022-09-27T10:14:00.000000,2022-09-27T10:15:00.000000,2022,2022-09,10,15,11283.5,11288.25,11274.0,4.75,9.5,target,1,0.8243243243243243,0.04054054054054054,0.13513513513513514,-254.0,-164.29195056148455,1
2022-09-27T10:18:00.000000,2022-09-27T10:19:00.000000,2022,2022-09,10,19,11244.5,11267.0,11199.5,22.5,-22.5,stop,8,0.8160919540229885,0.05747126436781609,0.12643678160919541,-293.25,-200.3616876010674,1
2022-09-27T10:20:00.000000,2022-09-27T10:21:00.000000,2022,2022-09,10,21,11258.5,11262.0,11251.5,3.5,-3.5,stop,1,0.83,0.11,0.06,-279.25,-184.01774627483428,2
2022-09-27T10:26:00.000000,2022-09-27T10:27:00.000000,2022,2022-09,10,27,11271.5,11277.5,11259.5,6.0,-6.0,stop,1,0.7534246575342466,0.0273972602739726,0.2191780821917808,-266.25,-167.1532634076775,2
2022-09-27T10:48:00.000000,2022-09-27T10:49:00.000000,2022,2022-09,10,49,11289.5,11293.5,11281.5,4.0,8.0,target,2,0.7796610169491526,0.06779661016949153,0.15254237288135594,-248.5,-141.05073915446337,1
2022-10-05T08:32:00.000000,2022-10-05T08:33:00.000000,2022,2022-10,8,33,11377.0,11394.0,11343.0,17.0,-17.0,stop,6,0.859375,0.03125,0.109375,-298.5,-128.23783496145916,1
2022-10-05T08:42:00.000000,2022-10-05T08:43:00.000000,2022,2022-10,8,43,11405.0,11410.0,11395.0,5.0,10.0,target,1,0.803030303030303,0.015151515151515152,0.18181818181818182,-270.0,-93.17069466031353,1
2022-10-05T08:44:00.000000,2022-10-05T08:45:00.000000,2022,2022-10,8,45,11403.5,11409.0,11392.5,5.5,-5.5,stop,2,0.7307692307692307,0.038461538461538464,0.23076923076923078,-271.0,-93.49381759267271,1
2022-10-05T08:46:00.000000,2022-10-05T08:47:00.000000,2022,2022-10,8,47,11412.5,11416.0,11405.5,3.5,7.0,target,1,0.7857142857142857,0.10714285714285714,0.10714285714285714,-262.5,-84.33648640519641,1
2022-10-06T08:37:00.000000,2022-10-06T08:38:00.000000,2022,2022-10,8,38,11562.75,11565.25,11557.75,2.5,-2.5,stop,1,0.9019607843137255,0.09803921568627451,0.0,-147.75,-55.31760723877596,1
2022-10-06T08:46:00.000000,2022-10-06T08:47:00.000000,2022,2022-10,8,47,11574.25,11581.75,11559.25,7.5,-7.5,stop,2,0.6666666666666666,0.015151515151515152,0.3181818181818182,-136.5,-42.27311867144999,1
2022-10-06T10:12:00.000000,2022-10-06T10:13:00.000000,2022,2022-10,10,13,11562.75,11576.5,11535.25,13.75,-13.75,stop,3,0.8723404255319149,0.02127659574468085,0.10638297872340426,-148.0,-53.887654668447794,1
2022-10-06T10:17:00.000000,2022-10-06T10:18:00.000000,2022,2022-10,10,18,11580.0,11583.0,11574.0,3.0,6.0,target,1,0.8125,0.09375,0.09375,-130.75,-36.14142092878683,1
2022-10-10T08:38:00.000000,2022-10-10T08:39:00.000000,2022,2022-10,8,39,10963.25,10980.25,10929.25,17.0,34.0,target,24,0.8676470588235294,0.11764705882352941,0.014705882352941176,-105.0,-81.52129896859151,3
2022-10-10T10:17:00.000000,2022-10-10T10:18:00.000000,2022,2022-10,10,18,10963.25,10972.0,10945.75,8.75,17.5,target,4,0.6666666666666666,0.037037037037037035,0.2962962962962963,-104.75,-56.289516756261946,4
2022-10-10T10:32:00.000000,2022-10-10T10:33:00.000000,2022,2022-10,10,33,10920.75,10932.0,10898.25,11.25,-11.25,stop,8,0.8055555555555556,0.0,0.19444444444444445,-147.25,-94.5847236568552,1
2022-10-12T08:46:00.000000,2022-10-12T08:47:00.000000,2022,2022-10,8,47,10828.0,10837.0,10810.0,9.0,-9.0,stop,2,0.7019230769230769,0.028846153846153848,0.2692307692307692,-211.5,-60.14862206574617,2
2022-10-12T10:38:00.000000,2022-10-12T10:39:00.000000,2022,2022-10,10,39,10846.0,10848.5,10841.0,2.5,-2.5,stop,3,0.8,0.06666666666666667,0.13333333333333333,-193.5,-39.552677604397104,1
2022-10-12T10:44:00.000000,2022-10-12T10:45:00.000000,2022,2022-10,10,45,10851.25,10853.75,10846.25,2.5,-2.5,stop,1,0.9444444444444444,0.05555555555555555,0.0,-187.75,-33.568728412752534,1
2022-10-14T08:34:00.000000,2022-10-14T08:35:00.000000,2022,2022-10,8,35,10909.25,10932.25,10863.25,23.0,-23.0,stop,2,0.8426966292134831,0.07865168539325842,0.07865168539325842,-233.0,-163.86015046867215,1
2022-10-14T08:36:00.000000,2022-10-14T08:37:00.000000,2022,2022-10,8,37,10929.25,10936.25,10915.25,7.0,-7.0,stop,1,0.7037037037037037,0.09876543209876543,0.19753086419753085,-212.5,-142.40543020014775,1
2022-10-14T08:46:00.000000,2022-10-14T08:47:00.000000,2022,2022-10,8,47,10874.5,10879.75,10864.0,5.25,-5.25,stop,1,0.8024691358024691,0.04938271604938271,0.14814814814814814,-268.0,-190.6922656218485,1
2022-10-14T10:21:00.000000,2022-10-14T10:22:00.000000,2022,2022-10,10,22,10818.25,10821.0,10812.75,2.75,-2.75,stop,1,0.8142857142857143,0.11428571428571428,0.07142857142857142,-325.0,-203.39771501561154,1
2022-10-14T10:29:00.000000,2022-10-14T10:30:00.000000,2022,2022-10,10,30,10834.0,10837.5,10827.0,3.5,-3.5,stop,1,0.8472222222222222,0.06944444444444445,0.08333333333333333,-308.75,-184.69723077419803,1
2022-10-14T10:46:00.000000,2022-10-14T10:47:00.000000,2022,2022-10,10,47,10843.25,10857.75,10814.25,14.5,29.0,target,5,0.7450980392156863,0.0392156862745098,0.21568627450980393,-299.25,-170.56748285305366,1
2022-10-14T10:49:00.000000,2022-10-14T10:50:00.000000,2022,2022-10,10,50,10828.25,10842.5,10799.75,14.25,-14.25,stop,12,0.7647058823529411,0.058823529411764705,0.17647058823529413,-314.25,-184.85053405122562,1
2022-10-14T10:50:00.000000,2022-10-14T10:51:00.000000,2022,2022-10,10,51,10817.25,10830.75,10790.25,13.5,-13.5,stop,10,0.88,0.08,0.04,-325.5,-195.75920068768573,1
2022-10-24T08:34:00.000000,2022-10-24T08:35:00.000000,2022,2022-10,8,35,11274.25,11277.5,11267.75,3.25,-3.25,stop,1,0.813953488372093,0.11627906976744186,0.06976744186046512,-255.5,-71.60385703881548,1
2022-10-24T08:35:00.000000,2022-10-24T08:36:00.000000,2022,2022-10,8,36,11306.25,11313.5,11291.75,7.25,14.5,target,2,0.8037974683544303,0.056962025316455694,0.13924050632911392,-224.25,-39.974281850401894,1
2022-10-24T08:47:00.000000,2022-10-24T08:48:00.000000,2022,2022-10,8,48,11299.5,11303.75,11291.0,4.25,-4.25,stop,1,0.810126582278481,0.11392405063291139,0.0759493670886076,-230.0,-43.45213675995001,1
2022-10-24T08:50:00.000000,2022-10-24T08:51:00.000000,2022,2022-10,8,51,11307.0,11312.5,11296.0,5.5,-5.5,stop,1,0.8962962962962963,0.022222222222222223,0.08148148148148149,-222.5,-35.386220484637306,1
2022-10-27T08:46:00.000000,2022-10-27T08:47:00.000000,2022,2022-10,8,47,11370.25,11374.5,11361.75,4.25,8.5,target,2,0.8356164383561644,0.0547945205479452,0.1095890410958904,-333.0,-33.992113144619,2
2022-10-27T08:50:00.000000,2022-10-27T08:51:00.000000,2022,2022-10,8,51,11366.0,11372.0,11354.0,6.0,-6.0,stop,1,0.72,0.04,0.24,-338.0,-38.43180961447979,2
2022-10-27T10:30:00.000000,2022-10-27T10:31:00.000000,2022,2022-10,10,31,11264.5,11268.5,11256.5,4.0,-4.0,stop,1,0.8157894736842105,0.10526315789473684,0.07894736842105263,-438.5,-118.16610028165996,1
2022-10-27T10:33:00.000000,2022-10-27T10:34:00.000000,2022,2022-10,10,34,11278.75,11281.25,11273.75,2.5,-2.5,stop,1,0.9428571428571428,0.02857142857142857,0.02857142857142857,-424.5,-103.49577302499893,1
2022-10-27T10:36:00.000000,2022-10-27T10:37:00.000000,2022,2022-10,10,37,11283.25,11286.25,11277.25,3.0,6.0,target,1,0.9111111111111111,0.022222222222222223,0.06666666666666667,-420.0,-98.42374375220788,1
2022-10-27T10:37:00.000000,2022-10-27T10:38:00.000000,2022,2022-10,10,38,11272.75,11286.25,11245.75,13.5,-13.5,stop,3,0.8431372549019608,0.0784313725490196,0.0784313725490196,-431.0,-109.2668425539905,1
2022-10-27T10:38:00.000000,2022-10-27T10:39:00.000000,2022,2022-10,10,39,11279.25,11281.5,11274.75,2.25,-2.25,stop,2,0.8275862068965517,0.06896551724137931,0.10344827586206896,-424.75,-102.9026639093754,1
2022-10-31T08:35:00.000000,2022-10-31T08:36:00.000000,2022,2022-10,8,36,11375.25,11391.5,11342.75,16.25,-16.25,stop,4,0.6896551724137931,0.034482758620689655,0.27586206896551724,-219.5,-100.24565097011873,1
2022-10-31T08:39:00.000000,2022-10-31T08:40:00.000000,2022,2022-10,8,40,11393.0,11395.25,11388.5,2.25,-2.25,stop,1,0.8947368421052632,0.07894736842105263,0.02631578947368421,-202.0,-80.5804605947178,1
2022-11-01T08:30:00.000000,2022-11-01T08:31:00.000000,2022,2022-11,8,31,11420.5,11442.5,11376.5,22.0,-22.0,stop,4,0.875,0.10227272727272728,0.022727272727272728,-166.75,-94.11744224909125,1
2022-11-01T10:16:00.000000,2022-11-01T10:17:00.000000,2022,2022-11,10,17,11351.0,11364.5,11324.0,13.5,-13.5,stop,7,0.7333333333333333,0.0,0.26666666666666666,-236.25,-112.59032965625738,2
2022-11-01T10:27:00.000000,2022-11-01T10:28:00.000000,2022,2022-11,10,28,11346.75,11361.0,11318.25,14.25,28.5,target,9,0.7454545454545455,0.07272727272727272,0.18181818181818182,-241.25,-114.48142467537764,2
2022-11-01T10:34:00.000000,2022-11-01T10:35:00.000000,2022,2022-11,10,35,11333.0,11343.75,11311.5,10.75,-10.75,stop,9,0.6904761904761905,0.11904761904761904,0.19047619047619047,-255.0,-126.4020893091365,2
2022-11-01T10:36:00.000000,2022-11-01T10:37:00.000000,2022,2022-11,10,37,11316.5,11334.0,11281.5,17.5,-17.5,stop,4,0.9672131147540983,0.01639344262295082,0.01639344262295082,-270.5,-140.94926365863648,1
2022-11-01T10:39:00.000000,2022-11-01T10:40:00.000000,2022,2022-11,10,40,11331.5,11334.25,11326.0,2.75,-2.75,stop,1,0.9090909090909091,0.01818181818181818,0.07272727272727272,-256.25,-125.8104517229931,1
2022-11-01T10:44:00.000000,2022-11-01T10:45:00.000000,2022,2022-11,10,45,11348.0,11350.5,11343.0,2.5,-2.5,stop,1,0.9069767441860465,0.06976744186046512,0.023255813953488372,-239.25,-107.4633408618065,1
2022-11-02T08:32:00.000000,2022-11-02T08:33:00.000000,2022,2022-11,8,33,11259.0,11270.0,11237.0,11.0,-11.0,stop,6,0.6666666666666666,0.08333333333333333,0.25,-359.25,-60.9579683476295,2
2022-11-02T08:33:00.000000,2022-11-02T08:34:00.000000,2022,2022-11,8,34,11265.25,11269.0,11257.75,3.75,7.5,target,2,0.7222222222222222,0.1111111111111111,0.16666666666666666,-353.5,-54.900442600555834,3
2022-11-02T08:35:00.000000,2022-11-02T08:36:00.000000,2022,2022-11,8,36,11254.75,11265.0,11234.25,10.25,-10.25,stop,1,0.8611111111111112,0.08333333333333333,0.05555555555555555,-364.25,-65.03100777128384,3
2022-11-02T08:36:00.000000,2022-11-02T08:37:00.000000,2022,2022-11,8,37,11263.5,11267.25,11256.0,3.75,-3.75,stop,1,0.8372093023255814,0.023255813953488372,0.13953488372093023,-355.25,-55.71344450234574,3
2022-11-02T08:43:00.000000,2022-11-02T08:44:00.000000,2022,2022-11,8,44,11274.5,11279.0,11265.5,4.5,-4.5,stop,1,0.7,0.08,0.22,-344.75,-43.75086289064711,1
2022-11-02T08:50:00.000000,2022-11-02T08:51:00.000000,2022,2022-11,8,51,11265.5,11275.25,11246.0,9.75,-9.75,stop,2,0.9090909090909091,0.030303030303030304,0.06060606060606061,-353.75,-51.48621027203262,1
2022-11-03T08:37:00.000000,2022-11-03T08:38:00.000000,2022,2022-11,8,38,10806.5,10809.0,10801.5,2.5,-2.5,stop,1,0.9777777777777777,0.0,0.022222222222222223,-653.5,-28.792441109690117,1
2022-11-03T10:35:00.000000,2022-11-03T10:36:00.000000,2022,2022-11,10,36,10794.25,10810.75,10761.25,16.5,-16.5,stop,7,0.8939393939393939,0.10606060606060606,0.0,-666.0,-34.198558521084124,1
2022-11-03T10:39:00.000000,2022-11-03T10:40:00.000000,2022,2022-11,10,40,10798.5,10810.0,10775.5,11.5,-11.5,stop,3,0.8333333333333334,0.047619047619047616,0.11904761904761904,-662.0,-29.96999416894141,1
2022-11-04T10:14:00.000000,2022-11-04T10:15:00.000000,2022,2022-11,10,15,10735.0,10739.25,10726.5,4.25,-4.25,stop,1,0.8541666666666666,0.052083333333333336,0.09375,-261.0,-90.13036719880802,3
2022-11-04T10:20:00.000000,2022-11-04T10:21:00.000000,2022,2022-11,10,21,10772.75,10782.0,10754.25,9.25,18.5,target,2,0.7741935483870968,0.06451612903225806,0.16129032258064516,-223.25,-51.24505911637607,4
2022-11-04T10:22:00.000000,2022-11-04T10:23:00.000000,2022,2022-11,10,23,10752.75,10765.5,10727.25,12.75,-12.75,stop,2,0.8936170212765957,0.0,0.10638297872340426,-244.25,-71.88066080300268,4
2022-11-04T10:27:00.000000,2022-11-04T10:28:00.000000,2022,2022-11,10,28,10781.0,10787.5,10768.0,6.5,-6.5,stop,2,0.7978723404255319,0.0,0.20212765957446807,-215.25,-42.35213876525813,4
2022-11-04T10:30:00.000000,2022-11-04T10:31:00.000000,2022,2022-11,10,31,10765.5,10782.25,10732.0,16.75,-16.75,stop,4,0.967741935483871,0.0,0.03225806451612903,-231.25,-58.060980472326264,4
2022-11-04T10:35:00.000000,2022-11-04T10:36:00.000000,2022,2022-11,10,36,10765.0,10788.5,10718.0,23.5,47.0,target,5,0.9775280898876404,0.02247191011235955,0.0,-231.25,-57.66371309537135,4
2022-11-04T10:40:00.000000,2022-11-04T10:41:00.000000,2022,2022-11,10,41,10710.25,10733.25,10664.25,23.0,-23.0,stop,2,0.896551724137931,0.034482758620689655,0.06896551724137931,-285.75,-111.06847902317713,2
2022-11-04T10:42:00.000000,2022-11-04T10:43:00.000000,2022,2022-11,10,43,10734.0,10740.5,10721.0,6.5,13.0,target,1,0.7228915662650602,0.060240963855421686,0.21686746987951808,-262.0,-86.8604236792944,2
2022-11-04T10:43:00.000000,2022-11-04T10:44:00.000000,2022,2022-11,10,44,10717.5,10741.5,10669.5,24.0,48.0,target,26,0.7303370786516854,0.02247191011235955,0.24719101123595505,-278.25,-102.90952874962386,2
2022-11-09T08:43:00.000000,2022-11-09T08:44:00.000000,2022,2022-11,8,44,11013.5,11019.25,11002.0,5.75,-5.75,stop,2,0.7575757575757576,0.045454545454545456,0.19696969696969696,-217.25,-47.77066465751159,2
2022-11-09T08:48:00.000000,2022-11-09T08:49:00.000000,2022,2022-11,8,49,10996.75,11021.5,10947.25,24.75,-24.75,stop,18,0.8910891089108911,0.07920792079207921,0.0297029702970297,-235.0,-63.19785645472075,2
2022-11-09T10:15:00.000000,2022-11-09T10:16:00.000000,2022,2022-11,10,16,11003.0,11005.0,10999.0,2.0,-2.0,stop,1,0.8888888888888888,0.1,0.011111111111111112,-228.5,-26.13032157334237,1
2022-11-09T10:23:00.000000,2022-11-09T10:24:00.000000,2022,2022-11,10,24,10964.5,10981.5,10930.5,17.0,-17.0,stop,2,0.8484848484848485,0.10606060606060606,0.045454545454545456,-266.5,-63.249590941459246,1
2022-11-09T10:24:00.000000,2022-11-09T10:25:00.000000,2022,2022-11,10,25,10977.0,10978.75,10973.5,1.75,-1.75,stop,1,0.9074074074074074,0.09259259259259259,0.0,-254.5,-51.14255685023636,1
2022-11-09T10:25:00.000000,2022-11-09T10:26:00.000000,2022,2022-11,10,26,10989.0,10991.75,10983.5,2.75,-2.75,stop,1,0.9056603773584906,0.03773584905660377,0.05660377358490566,-242.25,-38.740720227593556,1
2022-11-14T08:43:00.000000,2022-11-14T08:44:00.000000,2022,2022-11,8,44,11726.0,11746.5,11685.0,20.5,-20.5,stop,9,0.7012987012987013,0.025974025974025976,0.2727272727272727,-151.0,-49.291650046985524,3
2022-11-14T08:45:00.000000,2022-11-14T08:46:00.000000,2022,2022-11,8,46,11713.25,11728.5,11682.75,15.25,-15.25,stop,2,0.7166666666666667,0.11666666666666667,0.16666666666666666,-163.5,-59.90620751411916,3
2022-11-14T08:49:00.000000,2022-11-14T08:50:00.000000,2022,2022-11,8,50,11728.0,11730.75,11722.5,2.75,-2.75,stop,1,0.872093023255814,0.06976744186046512,0.05813953488372093,-149.25,-42.47466154859649,3
2022-11-14T10:11:00.000000,2022-11-14T10:12:00.000000,2022,2022-11,10,12,11753.25,11770.25,11719.25,17.0,-17.0,stop,22,0.8405797101449275,0.11594202898550725,0.043478260869565216,-123.75,-20.338590642173585,3
2022-11-14T10:16:00.000000,2022-11-14T10:17:00.000000,2022,2022-11,10,17,11738.25,11751.25,11712.25,13.0,-13.0,stop,6,0.8571428571428571,0.04081632653061224,0.10204081632653061,-139.25,-35.34185497711587,4
2022-11-14T10:21:00.000000,2022-11-14T10:22:00.000000,2022,2022-11,10,22,11743.25,11749.75,11730.25,6.5,-6.5,stop,1,0.6666666666666666,0.0,0.3333333333333333,-133.75,-29.152242888028923,4
2022-11-14T10:28:00.000000,2022-11-14T10:29:00.000000,2022,2022-11,10,29,11745.0,11755.75,11723.5,10.75,-10.75,stop,2,0.6666666666666666,0.05555555555555555,0.2777777777777778,-131.5,-26.441572178600836,3
2022-11-16T08:45:00.000000,2022-11-16T08:46:00.000000,2022,2022-11,8,46,11817.75,11823.5,11806.25,5.75,11.5,target,1,0.8255813953488372,0.023255813953488372,0.1511627906976744,-300.5,-49.56506840063594,1
2022-11-16T10:22:00.000000,2022-11-16T10:23:00.000000,2022,2022-11,10,23,11765.5,11768.0,11760.5,2.5,5.0,target,1,0.9333333333333333,0.02666666666666667,0.04,-353.5,-54.36908380913883,1
2022-11-16T10:29:00.000000,2022-11-16T10:30:00.000000,2022,2022-11,10,30,11766.25,11776.5,11745.75,10.25,-10.25,stop,3,0.7272727272727273,0.030303030303030304,0.24242424242424243,-352.25,-51.9938002680974,1
2022-11-16T10:31:00.000000,2022-11-16T10:32:00.000000,2022,2022-11,10,32,11773.0,11777.25,11764.5,4.25,-4.25,stop,1,0.7333333333333333,0.03333333333333333,0.23333333333333334,-345.25,-44.77555123590173,1
2022-11-16T10:38:00.000000,2022-11-16T10:39:00.000000,2022,2022-11,10,39,11755.75,11763.75,11739.75,8.0,-8.0,stop,1,0.9615384615384616,0.038461538461538464,0.0,-363.25,-61.784896736044175,1
2022-11-16T10:45:00.000000,2022-11-16T10:46:00.000000,2022,2022-11,10,46,11775.25,11779.5,11766.75,4.25,-4.25,stop,2,0.7083333333333334,0.08333333333333333,0.20833333333333334,-343.75,-41.65611696974338,1
2022-11-17T08:35:00.000000,2022-11-17T08:36:00.000000,2022,2022-11,8,36,11594.5,11599.5,11584.5,5.0,10.0,target,1,0.8181818181818182,0.030303030303030304,0.15151515151515152,-368.0,-65.43980929334793,1
2022-11-17T08:38:00.000000,2022-11-17T08:39:00.000000,2022,2022-11,8,39,11589.75,11595.25,11578.75,5.5,11.0,target,1,0.7831325301204819,0.0963855421686747,0.12048192771084337,-372.25,-66.93452195707505,1
2022-11-17T08:44:00.000000,2022-11-17T08:45:00.000000,2022,2022-11,8,45,11612.75,11616.0,11606.25,3.25,-3.25,stop,1,0.9436619718309859,0.0,0.056338028169014086,-350.0,-41.01297113999317,1
2022-11-17T10:14:00.000000,2022-11-17T10:15:00.000000,2022,2022-11,10,15,11618.5,11621.0,11613.5,2.5,5.0,target,1,0.8918918918918919,0.05405405405405406,0.05405405405405406,-344.5,-23.179432390117654,1
2022-11-17T10:20:00.000000,2022-11-17T10:21:00.000000,2022,2022-11,10,21,11617.5,11632.0,11588.5,14.5,-14.5,stop,4,0.7358490566037735,0.0,0.2641509433962264,-346.25,-24.610771202871547,1
2022-11-18T08:39:00.000000,2022-11-18T08:40:00.000000,2022,2022-11,8,40,11748.75,11761.25,11723.75,12.5,-12.5,stop,2,0.723404255319149,0.0851063829787234,0.19148936170212766,-79.0,-25.914998726848353,2
2022-11-18T10:11:00.000000,2022-11-18T10:12:00.000000,2022,2022-11,10,12,11670.5,11676.0,11659.5,5.5,-5.5,stop,2,0.7586206896551724,0.034482758620689655,0.20689655172413793,-156.5,-73.62678405458246,2
2022-11-18T10:14:00.000000,2022-11-18T10:15:00.000000,2022,2022-11,10,15,11680.5,11686.5,11668.5,6.0,-6.0,stop,1,0.6666666666666666,0.0,0.3333333333333333,-146.75,-63.12633612778154,2
2022-11-18T10:23:00.000000,2022-11-18T10:24:00.000000,2022,2022-11,10,24,11705.5,11709.25,11698.0,3.75,-3.75,stop,1,0.7419354838709677,0.06451612903225806,0.1935483870967742,-121.75,-36.571960947572734,2
2022-11-18T10:47:00.000000,2022-11-18T10:48:00.000000,2022,2022-11,10,48,11663.75,11678.75,11633.75,15.0,-15.0,stop,9,0.8983050847457628,0.1016949152542373,0.0,-164.0,-74.99710302596941,2
2022-11-18T10:50:00.000000,2022-11-18T10:51:00.000000,2022,2022-11,10,51,11669.25,11672.0,11663.75,2.75,5.5,target,1,0.8857142857142857,0.02857142857142857,0.08571428571428572,-158.25,-68.57187187187264,2
2022-11-21T10:21:00.000000,2022-11-21T10:22:00.000000,2022,2022-11,10,22,11616.25,11619.75,11609.25,3.5,-3.5,stop,2,0.7333333333333333,0.1,0.16666666666666666,-226.5,-22.479705339153952,3
2022-11-21T10:27:00.000000,2022-11-21T10:28:00.000000,2022,2022-11,10,28,11607.5,11618.5,11585.5,11.0,22.0,target,18,0.868421052631579,0.05263157894736842,0.07894736842105263,-235.5,-31.07213478196354,3
2022-11-21T10:31:00.000000,2022-11-21T10:32:00.000000,2022,2022-11,10,32,11598.0,11611.5,11571.0,13.5,-13.5,stop,22,0.8125,0.0,0.1875,-245.5,-40.6155484114679,3
2022-11-22T08:38:00.000000,2022-11-22T08:39:00.000000,2022,2022-11,8,39,11570.5,11585.25,11541.0,14.75,29.5,target,3,0.72,0.0,0.28,-185.25,-27.59076893546444,3
2022-11-22T08:42:00.000000,2022-11-22T08:43:00.000000,2022,2022-11,8,43,11535.25,11547.5,11510.75,12.25,-12.25,stop,4,0.7954545454545454,0.06818181818181818,0.13636363636363635,-220.75,-59.118777540492374,4
2022-11-25T08:36:00.000000,2022-11-25T08:37:00.000000,2022,2022-11,8,37,11794.75,11798.75,11786.75,4.0,-4.0,stop,1,0.7358490566037735,0.03773584905660377,0.22641509433962265,-139.25,-55.978012940015105,1
2022-11-25T08:40:00.000000,2022-11-25T08:41:00.000000,2022,2022-11,8,41,11793.25,11804.25,11771.25,11.0,-11.0,stop,17,0.8372093023255814,0.11627906976744186,0.046511627906976744,-140.25,-53.298423110009026,1
2022-11-25T08:50:00.000000,2022-11-25T08:51:00.000000,2022,2022-11,8,51,11785.25,11788.5,11778.75,3.25,-3.25,stop,1,0.7142857142857143,0.09523809523809523,0.19047619047619047,-148.5,-55.211211360514426,1
2022-11-29T08:36:00.000000,2022-11-29T08:37:00.000000,2022,2022-11,8,37,11597.5,11601.25,11590.0,3.75,-3.75,stop,1,0.7368421052631579,0.07894736842105263,0.18421052631578946,-191.0,-50.31111183102257,2
2022-11-29T08:40:00.000000,2022-11-29T08:41:00.000000,2022,2022-11,8,41,11602.0,11606.0,11594.0,4.0,-4.0,stop,1,0.8518518518518519,0.018518518518518517,0.12962962962962962,-186.25,-43.02780784178685,2
2022-11-29T08:41:00.000000,2022-11-29T08:42:00.000000,2022,2022-11,8,42,11610.5,11616.5,11598.5,6.0,12.0,target,2,0.6792452830188679,0.05660377358490566,0.2641509433962264,-177.5,-33.73511184274321,2
2022-11-29T10:11:00.000000,2022-11-29T10:12:00.000000,2022,2022-11,10,12,11513.25,11524.5,11490.75,11.25,22.5,target,6,0.7,0.075,0.225,-275.25,-100.89376718820313,2
2022-11-29T10:19:00.000000,2022-11-29T10:20:00.000000,2022,2022-11,10,20,11474.75,11489.0,11446.25,14.25,-14.25,stop,6,0.8545454545454545,0.07272727272727272,0.07272727272727272,-314.25,-133.25143589217623,1
2022-12-05T10:17:00.000000,2022-12-05T10:18:00.000000,2022,2022-12,10,18,11911.75,11922.25,11890.75,10.5,21.0,target,8,0.7142857142857143,0.08571428571428572,0.2,-155.5,-23.053788770303072,2
2022-12-05T10:33:00.000000,2022-12-05T10:34:00.000000,2022,2022-12,10,34,11866.0,11878.5,11841.0,12.5,-12.5,stop,18,0.7954545454545454,0.045454545454545456,0.1590909090909091,-201.75,-66.2174044956173,1
2022-12-05T10:35:00.000000,2022-12-05T10:36:00.000000,2022,2022-12,10,36,11852.5,11865.25,11827.0,12.75,-12.75,stop,3,0.9565217391304348,0.043478260869565216,0.0,-215.5,-78.76091962602914,1
2022-12-06T08:43:00.000000,2022-12-06T08:44:00.000000,2022,2022-12,8,44,11740.75,11754.75,11712.75,14.0,28.0,target,2,0.8301886792452831,0.05660377358490566,0.11320754716981132,-275.5,-63.0386403905668,4
2022-12-06T08:44:00.000000,2022-12-06T08:45:00.000000,2022,2022-12,8,45,11723.0,11744.0,11681.0,21.0,42.0,target,13,0.9230769230769231,0.01282051282051282,0.0641025641025641,-293.0,-78.23445971900037,4
2022-12-06T08:48:00.000000,2022-12-06T08:49:00.000000,2022,2022-12,8,49,11725.25,11729.75,11716.25,4.5,-4.5,stop,1,0.859375,0.0,0.140625,-290.25,-68.56951074391327,4
2022-12-07T10:21:00.000000,2022-12-07T10:22:00.000000,2022,2022-12,10,22,11485.25,11501.0,11453.75,15.75,-15.75,stop,26,0.875,0.07142857142857142,0.05357142857142857,-360.25,-30.24406148176604,2
2022-12-07T10:36:00.000000,2022-12-07T10:37:00.000000,2022,2022-12,10,37,11485.0,11491.25,11472.5,6.25,-6.25,stop,2,0.7058823529411765,0.0,0.29411764705882354,-360.75,-28.493422363580976,1
2022-12-07T10:40:00.000000,2022-12-07T10:41:00.000000,2022,2022-12,10,41,11491.75,11497.0,11481.25,5.25,-5.25,stop,1,0.6666666666666666,0.06666666666666667,0.26666666666666666,-354.25,-21.763630688739795,1
2022-12-07T10:44:00.000000,2022-12-07T10:45:00.000000,2022,2022-12,10,45,11492.75,11497.75,11482.75,5.0,-5.0,stop,2,0.72,0.04,0.24,-353.5,-20.83169028418888,1
2022-12-15T08:41:00.000000,2022-12-15T08:42:00.000000,2022,2022-12,8,42,11655.5,11660.25,11646.0,4.75,9.5,target,1,0.8611111111111112,0.05555555555555555,0.08333333333333333,-413.5,-55.81714409619053,1
2022-12-16T10:13:00.000000,2022-12-16T10:14:00.000000,2022,2022-12,10,14,11327.5,11331.5,11319.5,4.0,-4.0,stop,1,0.8947368421052632,0.0,0.10526315789473684,-570.5,-61.81839640876751,1
2022-12-16T10:25:00.000000,2022-12-16T10:26:00.000000,2022,2022-12,10,26,11320.25,11326.0,11308.75,5.75,-5.75,stop,1,0.7291666666666666,0.0,0.2708333333333333,-577.25,-65.785812514996,1
2022-12-16T10:27:00.000000,2022-12-16T10:28:00.000000,2022,2022-12,10,28,11315.0,11330.0,11285.0,15.0,-15.0,stop,3,0.7222222222222222,0.0,0.2777777777777778,-583.5,-71.55233446420971,1
2022-12-16T10:30:00.000000,2022-12-16T10:31:00.000000,2022,2022-12,10,31,11330.25,11334.75,11321.25,4.5,-4.5,stop,1,0.8208955223880597,0.014925373134328358,0.16417910447761194,-568.0,-55.39795363842313,1
2022-12-16T10:43:00.000000,2022-12-16T10:44:00.000000,2022,2022-12,10,44,11321.25,11331.75,11300.25,10.5,-10.5,stop,1,0.7222222222222222,0.027777777777777776,0.25,-577.0,-62.52472135211974,1
2022-12-19T08:33:00.000000,2022-12-19T08:34:00.000000,2022,2022-12,8,34,11307.0,11320.25,11280.5,13.25,-13.25,stop,5,0.9387755102040817,0.04081632653061224,0.02040816326530612,-185.0,-59.819703643706816,1
2022-12-19T08:42:00.000000,2022-12-19T08:43:00.000000,2022,2022-12,8,43,11300.75,11311.5,11279.25,10.75,-10.75,stop,1,0.6857142857142857,0.02857142857142857,0.2857142857142857,-190.5,-54.55677063348412,1
2022-12-19T08:45:00.000000,2022-12-19T08:46:00.000000,2022,2022-12,8,46,11303.0,11315.25,11278.5,12.25,24.5,target,2,0.8723404255319149,0.10638297872340426,0.02127659574468085,-188.75,-51.22175294824956,1
2022-12-20T08:44:00.000000,2022-12-20T08:45:00.000000,2022,2022-12,8,45,11084.0,11104.5,11043.0,20.5,-20.5,stop,7,0.974025974025974,0.025974025974025976,0.0,-327.25,-44.708066096220136,2
2022-12-20T10:18:00.000000,2022-12-20T10:19:00.000000,2022,2022-12,10,19,11117.5,11131.25,11090.0,13.75,-13.75,stop,2,0.8,0.08,0.12,-293.25,-32.65719044384787,4
2022-12-20T10:27:00.000000,2022-12-20T10:28:00.000000,2022,2022-12,10,28,11128.25,11132.25,11120.25,4.0,8.0,target,1,0.7666666666666667,0.03333333333333333,0.2,-282.25,-20.76149030549277,3
2022-12-23T08:39:00.000000,2022-12-23T08:40:00.000000,2022,2022-12,8,40,10933.5,10954.75,10891.0,21.25,-21.25,stop,2,0.7901234567901234,0.037037037037037035,0.1728395061728395,-451.5,-110.27676862224143,2
2022-12-23T08:41:00.000000,2022-12-23T08:42:00.000000,2022,2022-12,8,42,10974.75,10979.75,10964.75,5.0,-5.0,stop,1,0.9026548672566371,0.008849557522123894,0.08849557522123894,-409.5,-65.94643914478547,2
2022-12-23T08:44:00.000000,2022-12-23T08:45:00.000000,2022,2022-12,8,45,10983.75,10996.75,10957.75,13.0,26.0,target,2,0.6730769230769231,0.09615384615384616,0.23076923076923078,-401.75,-56.0029319518344,3
2022-12-23T08:45:00.000000,2022-12-23T08:46:00.000000,2022,2022-12,8,46,10967.25,10988.0,10925.75,20.75,41.5,target,10,0.8831168831168831,0.0,0.11688311688311688,-418.0,-71.26547308644149,3
2022-12-27T08:48:00.000000,2022-12-27T08:49:00.000000,2022,2022-12,8,49,10912.75,10930.75,10876.75,18.0,-18.0,stop,2,0.8904109589041096,0.0958904109589041,0.0136986301369863,-230.75,-153.46717133201128,1
2022-12-28T10:17:00.000000,2022-12-28T10:18:00.000000,2022,2022-12,10,18,10804.25,10815.25,10782.25,11.0,-11.0,stop,2,0.7837837837837838,0.05405405405405406,0.16216216216216217,-379.25,-112.14124854043621,2
2022-12-30T10:21:00.000000,2022-12-30T10:22:00.000000,2022,2022-12,10,22,10909.0,10912.0,10903.0,3.0,6.0,target,2,0.9210526315789473,0.02631578947368421,0.05263157894736842,-162.0,-23.937361443795453,3
2023-01-03T10:17:00.000000,2023-01-03T10:18:00.000000,2023,2023-01,10,18,10906.0,10908.5,10901.0,2.5,-2.5,stop,1,0.8235294117647058,0.08823529411764706,0.08823529411764706,-145.75,-138.50496146407932,1
2023-01-03T10:18:00.000000,2023-01-03T10:19:00.000000,2023,2023-01,10,19,10914.5,10917.5,10908.5,3.0,6.0,target,1,0.7906976744186046,0.11627906976744186,0.09302325581395349,-137.0,-129.06412148030176,1
2023-01-03T10:20:00.000000,2023-01-03T10:21:00.000000,2023,2023-01,10,21,10897.5,10915.0,10862.5,17.5,-17.5,stop,3,0.7878787878787878,0.015151515151515152,0.19696969696969696,-154.75,-145.93582925884402,1
2023-01-03T10:21:00.000000,2023-01-03T10:22:00.000000,2023,2023-01,10,22,10905.25,10910.0,10895.75,4.75,-4.75,stop,1,0.6818181818181818,0.045454545454545456,0.2727272727272727,-146.5,-137.32816237194857,1
2023-01-05T10:37:00.000000,2023-01-05T10:38:00.000000,2023,2023-01,10,38,10848.75,10862.25,10821.75,13.5,-13.5,stop,4,0.8333333333333334,0.020833333333333332,0.14583333333333334,-220.0,-47.46780910398411,1
2023-01-05T10:43:00.000000,2023-01-05T10:44:00.000000,2023,2023-01,10,44,10873.25,10876.25,10867.25,3.0,-3.0,stop,1,0.85,0.075,0.075,-195.0,-21.88113730965597,1
2023-01-12T08:48:00.000000,2023-01-12T08:49:00.000000,2023,2023-01,8,49,11355.75,11374.0,11319.25,18.25,36.5,target,5,0.7761194029850746,0.014925373134328358,0.208955223880597,-124.0,-106.36214609781746,3
2023-01-13T08:38:00.000000,2023-01-13T08:39:00.000000,2023,2023-01,8,39,11426.75,11447.0,11386.25,20.25,-20.25,stop,2,0.7922077922077922,0.07792207792207792,0.12987012987012986,-152.5,-33.04486911846834,1
2023-01-18T10:16:00.000000,2023-01-18T10:17:00.000000,2023,2023-01,10,17,11592.25,11596.75,11583.25,4.5,9.0,target,2,0.7659574468085106,0.02127659574468085,0.2127659574468085,-92.75,-77.18624297634233,2
2023-01-18T10:26:00.000000,2023-01-18T10:27:00.000000,2023,2023-01,10,27,11573.5,11577.5,11565.5,4.0,-4.0,stop,1,0.8243243243243243,0.02702702702702703,0.14864864864864866,-112.25,-91.312904632543,2
2023-01-18T10:30:00.000000,2023-01-18T10:31:00.000000,2023,2023-01,10,31,11552.5,11566.0,11525.5,13.5,27.0,target,8,0.92,0.08,0.0,-132.5,-110.04666550239926,1
2023-01-18T10:34:00.000000,2023-01-18T10:35:00.000000,2023,2023-01,10,35,11546.0,11550.0,11538.0,4.0,-4.0,stop,2,0.6666666666666666,0.03333333333333333,0.3,-139.25,-114.74279518165713,1
2023-01-19T08:44:00.000000,2023-01-19T08:45:00.000000,2023,2023-01,8,45,11387.0,11408.0,11345.0,21.0,-21.0,stop,14,0.8461538461538461,0.05128205128205128,0.10256410256410256,-372.0,-27.015629765610356,1
2023-01-19T08:48:00.000000,2023-01-19T08:49:00.000000,2023,2023-01,8,49,11358.25,11372.25,11330.25,14.0,-14.0,stop,5,0.8431372549019608,0.0784313725490196,0.0784313725490196,-401.0,-53.57949604796704,1
2023-01-19T08:50:00.000000,2023-01-19T08:51:00.000000,2023,2023-01,8,51,11367.75,11371.75,11359.75,4.0,8.0,target,2,0.7727272727272727,0.045454545454545456,0.18181818181818182,-391.75,-42.88384915604547,2
2023-01-19T10:27:00.000000,2023-01-19T10:28:00.000000,2023,2023-01,10,28,11334.25,11341.0,11320.75,6.75,13.5,target,7,0.6956521739130435,0.043478260869565216,0.2608695652173913,-426.0,-59.72250568452728,2
2023-01-25T08:38:00.000000,2023-01-25T08:39:00.000000,2023,2023-01,8,39,11702.25,11708.0,11690.75,5.75,-5.75,stop,2,0.6714285714285714,0.1,0.22857142857142856,-308.5,-56.860330466821324,1
2023-01-25T08:42:00.000000,2023-01-25T08:43:00.000000,2023,2023-01,8,43,11705.75,11718.5,11680.25,12.75,25.5,target,3,0.723404255319149,0.06382978723404255,0.2127659574468085,-305.0,-50.166711619016496,1
2023-01-25T08:43:00.000000,2023-01-25T08:44:00.000000,2023,2023-01,8,44,11690.75,11713.25,11645.75,22.5,45.0,target,13,0.6704545454545454,0.07954545454545454,0.25,-319.5,-63.62937971390602,1
2023-01-30T10:14:00.000000,2023-01-30T10:15:00.000000,2023,2023-01,10,15,12041.5,12054.75,12015.0,13.25,-13.25,stop,2,0.7446808510638298,0.0425531914893617,0.2127659574468085,-267.0,-39.622413798399066,2
2023-01-30T10:16:00.000000,2023-01-30T10:17:00.000000,2023,2023-01,10,17,12061.0,12065.0,12053.0,4.0,8.0,target,1,0.8732394366197183,0.0,0.1267605633802817,-247.75,-20.13276545021654,2
2023-01-30T10:18:00.000000,2023-01-30T10:19:00.000000,2023,2023-01,10,19,12056.25,12058.25,12052.25,2.0,-2.0,stop,1,0.9117647058823529,0.08823529411764706,0.0,-252.25,-24.42414246027147,2
2023-01-30T10:25:00.000000,2023-01-30T10:26:00.000000,2023,2023-01,10,26,12035.5,12051.75,12003.0,16.25,-16.25,stop,3,0.8333333333333334,0.08333333333333333,0.08333333333333333,-272.5,-43.875941384361795,2
2023-01-30T10:36:00.000000,2023-01-30T10:37:00.000000,2023,2023-01,10,37,12048.0,12063.0,12018.0,15.0,30.0,target,19,0.7678571428571429,0.05357142857142857,0.17857142857142858,-260.75,-31.21021107039269,3
2023-02-09T08:44:00.000000,2023-02-09T08:45:00.000000,2023,2023-02,8,45,12639.25,12655.75,12606.25,16.5,-16.5,stop,1,0.9310344827586207,0.017241379310344827,0.05172413793103448,-169.0,-24.39903665667771,2
2023-02-09T10:17:00.000000,2023-02-09T10:18:00.000000,2023,2023-02,10,18,12606.25,12618.5,12581.75,12.25,24.5,target,6,0.7333333333333333,0.06666666666666667,0.2,-202.5,-52.498244066213374,2
2023-02-09T10:20:00.000000,2023-02-09T10:21:00.000000,2023,2023-02,10,21,12598.25,12611.25,12572.25,13.0,26.0,target,4,0.7708333333333334,0.0,0.22916666666666666,-211.25,-60.78949590130469,2
2023-02-09T10:37:00.000000,2023-02-09T10:38:00.000000,2023,2023-02,10,38,12582.25,12586.0,12574.75,3.75,-3.75,stop,2,0.8625,0.0625,0.075,-226.0,-69.64772755988997,1
2023-02-09T10:41:00.000000,2023-02-09T10:42:00.000000,2023,2023-02,10,42,12577.75,12593.75,12545.75,16.0,-16.0,stop,3,0.896551724137931,0.0,0.10344827586206896,-231.25,-74.06133266145298,2
2023-02-10T08:44:00.000000,2023-02-10T08:45:00.000000,2023,2023-02,8,45,12332.5,12338.75,12320.0,6.25,-6.25,stop,1,0.6724137931034483,0.0,0.3275862068965517,-396.5,-22.67671284627795,3
2023-02-10T10:26:00.000000,2023-02-10T10:27:00.000000,2023,2023-02,10,27,12333.25,12350.75,12298.25,17.5,35.0,target,22,0.8714285714285714,0.1,0.02857142857142857,-395.5,-22.133614561040304,1
2023-02-10T10:42:00.000000,2023-02-10T10:43:00.000000,2023,2023-02,10,43,12319.75,12324.25,12310.75,4.5,9.0,target,2,0.7777777777777778,0.037037037037037035,0.18518518518518517,-408.75,-33.90383860712973,1
2023-02-10T10:46:00.000000,2023-02-10T10:47:00.000000,2023,2023-02,10,47,12304.25,12318.5,12275.75,14.25,28.5,target,14,0.7142857142857143,0.04081632653061224,0.24489795918367346,-423.75,-48.55834173457697,1
2023-02-14T08:34:00.000000,2023-02-14T08:35:00.000000,2023,2023-02,8,35,12446.75,12454.0,12432.25,7.25,-7.25,stop,1,0.8305084745762712,0.03954802259887006,0.12994350282485875,-120.75,-84.3748720586409,2
2023-02-14T10:43:00.000000,2023-02-14T10:44:00.000000,2023,2023-02,10,44,12418.25,12438.75,12377.25,20.5,-20.5,stop,3,0.6666666666666666,0.0,0.3333333333333333,-149.0,-112.79251107886012,2
2023-02-16T08:35:00.000000,2023-02-16T08:36:00.000000,2023,2023-02,8,36,12531.0,12549.25,12494.5,18.25,-18.25,stop,4,0.8939393939393939,0.030303030303030304,0.07575757575757576,-225.25,-117.09635098852777,1
2023-02-16T08:38:00.000000,2023-02-16T08:39:00.000000,2023,2023-02,8,39,12528.75,12534.25,12517.75,5.5,-5.5,stop,1,0.7925925925925926,0.1037037037037037,0.1037037037037037,-227.75,-110.85707087869014,2
2023-02-17T08:40:00.000000,2023-02-17T08:41:00.000000,2023,2023-02,8,41,12350.25,12368.5,12313.75,18.25,-18.25,stop,2,0.7205882352941176,0.029411764705882353,0.25,-442.75,-38.247070592935415,3
2023-02-17T08:48:00.000000,2023-02-17T08:49:00.000000,2023,2023-02,8,49,12316.75,12336.25,12277.75,19.5,-19.5,stop,12,0.8961038961038961,0.06493506493506493,0.03896103896103896,-476.5,-66.25710424137105,4
2023-02-17T10:10:00.000000,2023-02-17T10:11:00.000000,2023,2023-02,10,11,12328.75,12331.0,12324.25,2.25,-2.25,stop,1,0.8936170212765957,0.0851063829787234,0.02127659574468085,-464.0,-36.70099324129296,1
2023-02-24T10:36:00.000000,2023-02-24T10:37:00.000000,2023,2023-02,10,37,11958.25,11969.25,11936.25,11.0,-11.0,stop,5,0.9,0.1,0.0,-302.75,-49.77294095578873,1
2023-02-27T10:24:00.000000,2023-02-27T10:25:00.000000,2023,2023-02,10,25,12085.5,12097.5,12061.5,12.0,-12.0,stop,6,0.6923076923076923,0.0,0.3076923076923077,-128.75,-22.45313515879934,1
2023-03-01T10:10:00.000000,2023-03-01T10:11:00.000000,2023,2023-03,10,11,11932.75,11943.5,11911.25,10.75,-10.75,stop,13,0.9444444444444444,0.05555555555555555,0.0,-239.75,-96.70807826199052,3
2023-03-01T10:12:00.000000,2023-03-01T10:13:00.000000,2023,2023-03,10,13,11927.25,11935.25,11911.25,8.0,-8.0,stop,1,0.896551724137931,0.10344827586206896,0.0,-246.0,-101.56642832627767,3
2023-03-01T10:21:00.000000,2023-03-01T10:22:00.000000,2023,2023-03,10,22,11939.5,11943.5,11931.5,4.0,-4.0,stop,2,0.7894736842105263,0.08771929824561403,0.12280701754385964,-233.0,-84.51026228406772,1
2023-03-01T10:23:00.000000,2023-03-01T10:24:00.000000,2023,2023-03,10,24,11946.5,11951.0,11937.5,4.5,-4.5,stop,1,0.696969696969697,0.0,0.30303030303030304,-226.25,-77.05788980288162,1
2023-03-07T10:10:00.000000,2023-03-07T10:11:00.000000,2023,2023-03,10,11,12254.0,12260.5,12241.0,6.5,13.0,target,1,0.8024691358024691,0.012345679012345678,0.18518518518518517,-231.5,-32.755418134709544,1
2023-03-07T10:11:00.000000,2023-03-07T10:12:00.000000,2023,2023-03,10,12,12240.0,12260.75,12198.5,20.75,-20.75,stop,39,0.7,0.0625,0.2375,-246.25,-47.27916301404184,1
2023-03-07T10:14:00.000000,2023-03-07T10:15:00.000000,2023,2023-03,10,15,12223.25,12236.75,12196.25,13.5,-13.5,stop,13,0.875,0.041666666666666664,0.08333333333333333,-263.0,-63.35621000110041,1
2023-03-10T08:35:00.000000,2023-03-10T08:36:00.000000,2023,2023-03,8,36,11945.75,11969.75,11897.75,24.0,-24.0,stop,3,0.7142857142857143,0.054945054945054944,0.23076923076923078,-407.25,-67.23592077329522,1
2023-03-15T08:35:00.000000,2023-03-15T08:36:00.000000,2023,2023-03,8,36,12195.0,12199.0,12187.0,4.0,-4.0,stop,1,0.8018018018018018,0.10810810810810811,0.09009009009009009,-162.0,-28.988327702130846,1
2023-03-15T08:50:00.000000,2023-03-15T08:51:00.000000,2023,2023-03,8,51,12158.0,12178.0,12118.0,20.0,-20.0,stop,3,0.8,0.0625,0.1375,-199.25,-64.00109215136399,1
2023-03-17T08:37:00.000000,2023-03-17T08:38:00.000000,2023,2023-03,8,38,12655.0,12658.5,12648.0,3.5,-3.5,stop,1,0.8266666666666667,0.12,0.05333333333333334,-80.25,-64.00511238687614,4
2023-03-17T08:45:00.000000,2023-03-17T08:46:00.000000,2023,2023-03,8,46,12609.25,12624.5,12578.75,15.25,-15.25,stop,2,0.8363636363636363,0.05454545454545454,0.10909090909090909,-126.25,-105.58837470355138,5
2023-03-17T10:45:00.000000,2023-03-17T10:46:00.000000,2023,2023-03,10,46,12634.5,12651.75,12600.0,17.25,-17.25,stop,5,0.9384615384615385,0.046153846153846156,0.015384615384615385,-101.5,-49.86359475081372,2
2023-03-17T10:50:00.000000,2023-03-17T10:51:00.000000,2023,2023-03,10,51,12648.0,12653.75,12636.5,5.75,11.5,target,2,0.7540983606557377,0.01639344262295082,0.22950819672131148,-87.5,-35.506877414896735,2
2023-03-24T08:42:00.000000,2023-03-24T08:43:00.000000,2023,2023-03,8,43,12785.75,12798.5,12760.25,12.75,-12.75,stop,3,0.7884615384615384,0.11538461538461539,0.09615384615384616,-246.0,-24.342215727765506,1
2023-03-28T10:23:00.000000,2023-03-28T10:24:00.000000,2023,2023-03,10,24,12679.75,12687.75,12663.75,8.0,16.0,target,9,0.6923076923076923,0.038461538461538464,0.2692307692307692,-305.0,-40.616454089726176,1
2023-03-28T10:26:00.000000,2023-03-28T10:27:00.000000,2023,2023-03,10,27,12674.0,12684.25,12653.5,10.25,-10.25,stop,11,0.8125,0.03125,0.15625,-310.0,-45.40276449402336,1
2023-03-28T10:30:00.000000,2023-03-28T10:31:00.000000,2023,2023-03,10,31,12672.75,12680.0,12658.25,7.25,-7.25,stop,5,0.9166666666666666,0.08333333333333333,0.0,-312.0,-47.05189109047387,1
2023-03-28T10:43:00.000000,2023-03-28T10:44:00.000000,2023,2023-03,10,44,12685.0,12689.0,12677.0,4.0,-4.0,stop,1,0.7948717948717948,0.0,0.20512820512820512,-299.5,-33.31647300016448,1
2023-04-03T10:22:00.000000,2023-04-03T10:23:00.000000,2023,2023-04,10,23,13195.75,13204.0,13179.25,8.25,16.5,target,31,0.896551724137931,0.10344827586206896,0.0,-80.0,-20.072938446513945,3
2023-04-03T10:29:00.000000,2023-04-03T10:30:00.000000,2023,2023-04,10,30,13189.75,13197.25,13174.75,7.5,-7.5,stop,6,0.8846153846153846,0.11538461538461539,0.0,-86.0,-25.80657040103688,2
2023-04-03T10:40:00.000000,2023-04-03T10:41:00.000000,2023,2023-04,10,41,13191.0,13197.25,13178.5,6.25,12.5,target,13,0.8235294117647058,0.058823529411764705,0.11764705882352941,-84.25,-23.604527759824123,2
2023-04-04T10:16:00.000000,2023-04-04T10:17:00.000000,2023,2023-04,10,17,13196.25,13199.75,13189.25,3.5,7.0,target,2,0.7741935483870968,0.03225806451612903,0.1935483870967742,-82.5,-72.36910987090414,3
2023-04-04T10:21:00.000000,2023-04-04T10:22:00.000000,2023,2023-04,10,22,13198.75,13201.75,13192.75,3.0,-3.0,stop,1,0.8048780487804879,0.04878048780487805,0.14634146341463414,-80.5,-69.46838397157626,3
2023-04-05T08:31:00.000000,2023-04-05T08:32:00.000000,2023,2023-04,8,32,13100.75,13106.0,13090.25,5.25,10.5,target,1,0.6779661016949152,0.0847457627118644,0.23728813559322035,-248.25,-63.60868995613964,1
2023-04-05T08:32:00.000000,2023-04-05T08:33:00.000000,2023,2023-04,8,33,13087.75,13105.5,13052.25,17.75,35.5,target,12,0.796875,0.03125,0.171875,-260.75,-75.60131644561807,1
2023-04-05T08:49:00.000000,2023-04-05T08:50:00.000000,2023,2023-04,8,50,13052.0,13057.75,13040.5,5.75,11.5,target,2,0.8823529411764706,0.058823529411764705,0.058823529411764705,-297.0,-99.82907738266294,1
2023-04-11T08:46:00.000000,2023-04-11T08:47:00.000000,2023,2023-04,8,47,13063.0,13077.0,13035.0,14.0,-14.0,stop,3,0.9411764705882353,0.058823529411764705,0.0,-119.0,-63.05181308255305,1
2023-04-11T08:48:00.000000,2023-04-11T08:49:00.000000,2023,2023-04,8,49,13073.5,13076.75,13067.0,3.25,-3.25,stop,1,0.8333333333333334,0.041666666666666664,0.125,-108.75,-51.91788983666811,1
2023-04-11T10:16:00.000000,2023-04-11T10:17:00.000000,2023,2023-04,10,17,13087.75,13093.75,13075.75,6.0,12.0,target,9,0.9473684210526315,0.05263157894736842,0.0,-94.75,-24.40929950260579,1
2023-04-11T10:17:00.000000,2023-04-11T10:18:00.000000,2023,2023-04,10,18,13083.25,13090.0,13069.75,6.75,-6.75,stop,3,0.95,0.0,0.05,-99.0,-28.58330528143415,1
2023-04-11T10:20:00.000000,2023-04-11T10:21:00.000000,2023,2023-04,10,21,13089.25,13092.25,13083.25,3.0,-3.0,stop,2,0.8928571428571429,0.0,0.10714285714285714,-92.5,-21.786391527472006,1
2023-04-11T10:23:00.000000,2023-04-11T10:24:00.000000,2023,2023-04,10,24,13080.25,13090.0,13060.75,9.75,-9.75,stop,7,0.8571428571428571,0.11428571428571428,0.02857142857142857,-101.75,-30.812191920391342,1
2023-04-11T10:41:00.000000,2023-04-11T10:42:00.000000,2023,2023-04,10,42,13076.75,13079.5,13071.25,2.75,-2.75,stop,2,0.8333333333333334,0.0,0.16666666666666666,-105.25,-32.61876043997108,1
2023-04-11T10:42:00.000000,2023-04-11T10:43:00.000000,2023,2023-04,10,43,13071.5,13081.25,13052.0,9.75,-9.75,stop,3,0.6774193548387096,0.0,0.3225806451612903,-110.5,-37.79948317964772,1
2023-04-11T10:43:00.000000,2023-04-11T10:44:00.000000,2023,2023-04,10,44,13079.0,13081.75,13073.5,2.75,-2.75,stop,2,0.8529411764705882,0.029411764705882353,0.11764705882352941,-103.25,-30.50005347696242,1
2023-04-11T10:48:00.000000,2023-04-11T10:49:00.000000,2023,2023-04,10,49,13086.5,13088.75,13082.0,2.25,-2.25,stop,3,0.8235294117647058,0.058823529411764705,0.11764705882352941,-95.75,-22.78065797237832,1
2023-04-12T08:34:00.000000,2023-04-12T08:35:00.000000,2023,2023-04,8,35,13073.0,13091.0,13037.0,18.0,36.0,target,21,0.9692307692307692,0.03076923076923077,0.0,-135.5,-43.30203615041137,1
2023-04-12T10:17:00.000000,2023-04-12T10:18:00.000000,2023,2023-04,10,18,13066.75,13078.0,13044.25,11.25,-11.25,stop,5,0.9487179487179487,0.05128205128205128,0.0,-142.0,-23.36030209168166,2
2023-04-14T08:36:00.000000,2023-04-14T08:37:00.000000,2023,2023-04,8,37,13129.5,13142.75,13103.0,13.25,-13.25,stop,2,0.92,0.08,0.0,-98.75,-46.541573672344384,3
2023-04-14T08:39:00.000000,2023-04-14T08:40:00.000000,2023,2023-04,8,40,13143.75,13146.75,13137.75,3.0,-3.0,stop,1,0.9142857142857143,0.0,0.08571428571428572,-84.0,-31.27685122917137,1
2023-04-17T08:50:00.000000,2023-04-17T08:51:00.000000,2023,2023-04,8,51,13127.0,13136.0,13109.0,9.0,-9.0,stop,1,0.7241379310344828,0.06896551724137931,0.20689655172413793,-87.5,-39.48993595132379,2
2023-04-21T08:48:00.000000,2023-04-21T08:49:00.000000,2023,2023-04,8,49,13006.0,13015.0,12988.0,9.0,-9.0,stop,1,0.7333333333333333,0.1,0.16666666666666666,-193.75,-37.78700236903569,1
2023-04-25T08:32:00.000000,2023-04-25T08:33:00.000000,2023,2023-04,8,33,12943.0,12954.25,12920.5,11.25,-11.25,stop,15,0.875,0.1,0.025,-190.75,-44.124257090054016,2
2023-04-25T08:38:00.000000,2023-04-25T08:39:00.000000,2023,2023-04,8,39,12946.5,12950.25,12939.0,3.75,-3.75,stop,2,0.7241379310344828,0.034482758620689655,0.2413793103448276,-187.5,-38.501204539701575,3
2023-04-25T08:40:00.000000,2023-04-25T08:41:00.000000,2023,2023-04,8,41,12953.0,12955.25,12948.5,2.25,4.5,target,1,0.8461538461538461,0.10256410256410256,0.05128205128205128,-181.25,-31.88500405047671,1
2023-05-04T08:48:00.000000,2023-05-04T08:49:00.000000,2023,2023-05,8,49,13043.25,13056.0,13017.75,12.75,-12.75,stop,6,0.9555555555555556,0.022222222222222223,0.022222222222222223,-271.0,-28.23865684129305,2
2023-05-04T10:12:00.000000,2023-05-04T10:13:00.000000,2023,2023-05,10,13,13037.5,13040.5,13031.5,3.0,-3.0,stop,1,0.8,0.1,0.1,-276.25,-31.128185288891473,1
2023-05-09T10:42:00.000000,2023-05-09T10:43:00.000000,2023,2023-05,10,43,13265.25,13268.0,13259.75,2.75,-2.75,stop,1,0.7058823529411765,0.11764705882352941,0.17647058823529413,-102.75,-22.995994835211604,2
2023-05-12T10:24:00.000000,2023-05-12T10:25:00.000000,2023,2023-05,10,25,13354.75,13364.25,13335.75,9.5,-9.5,stop,11,0.6666666666666666,0.0,0.3333333333333333,-115.5,-72.78628477948041,1
2023-05-12T10:36:00.000000,2023-05-12T10:37:00.000000,2023,2023-05,10,37,13354.75,13363.5,13337.25,8.75,17.5,target,7,0.9310344827586207,0.034482758620689655,0.034482758620689655,-115.75,-70.37110101146209,1
2023-05-12T10:39:00.000000,2023-05-12T10:40:00.000000,2023,2023-05,10,40,13351.25,13353.75,13346.25,2.5,5.0,target,1,0.8666666666666667,0.03333333333333333,0.1,-119.25,-72.56552576693139,1
2023-05-12T10:40:00.000000,2023-05-12T10:41:00.000000,2023,2023-05,10,41,13345.0,13354.0,13327.0,9.0,18.0,target,5,0.8571428571428571,0.03571428571428571,0.10714285714285714,-125.0,-78.13529407711576,1
2023-05-12T10:43:00.000000,2023-05-12T10:44:00.000000,2023,2023-05,10,44,13336.5,13343.25,13323.0,6.75,13.5,target,5,0.75,0.1,0.15,-133.5,-85.69371404982485,1
2023-05-12T10:47:00.000000,2023-05-12T10:48:00.000000,2023,2023-05,10,48,13325.25,13331.0,13313.75,5.75,-5.75,stop,12,0.6875,0.0,0.3125,-145.25,-95.42342101055328,1
2023-05-12T10:50:00.000000,2023-05-12T10:51:00.000000,2023,2023-05,10,51,13319.25,13325.5,13306.75,6.25,-6.25,stop,1,0.7368421052631579,0.10526315789473684,0.15789473684210525,-151.0,-99.75129166896477,1
2023-05-19T08:45:00.000000,2023-05-19T08:46:00.000000,2023,2023-05,8,46,13876.5,13888.25,13853.0,11.75,-11.75,stop,18,0.8780487804878049,0.04878048780487805,0.07317073170731707,-83.75,-23.933535866020975,2
2023-05-19T08:46:00.000000,2023-05-19T08:47:00.000000,2023,2023-05,8,47,13879.5,13883.25,13872.0,3.75,7.5,target,1,0.6666666666666666,0.09523809523809523,0.23809523809523808,-80.25,-20.318060135059568,2
2023-05-19T08:47:00.000000,2023-05-19T08:48:00.000000,2023,2023-05,8,48,13870.75,13883.0,13846.25,12.25,-12.25,stop,12,0.7954545454545454,0.06818181818181818,0.13636363636363635,-89.5,-29.352625460296622,2
2023-05-19T10:10:00.000000,2023-05-19T10:11:00.000000,2023,2023-05,10,11,13845.5,13853.0,13830.5,7.5,-7.5,stop,3,0.8260869565217391,0.0,0.17391304347826086,-115.0,-40.89729181556686,1
2023-05-19T10:14:00.000000,2023-05-19T10:15:00.000000,2023,2023-05,10,15,13841.75,13851.75,13821.75,10.0,-10.0,stop,2,0.967741935483871,0.0,0.03225806451612903,-118.25,-43.7877567406249,1
2023-05-19T10:16:00.000000,2023-05-19T10:17:00.000000,2023,2023-05,10,17,13858.5,13862.5,13850.5,4.0,-4.0,stop,1,0.8888888888888888,0.03333333333333333,0.07777777777777778,-101.5,-26.669259966494792,1
2023-05-19T10:23:00.000000,2023-05-19T10:24:00.000000,2023,2023-05,10,24,13861.75,13870.25,13844.75,8.5,17.0,target,7,0.6785714285714286,0.10714285714285714,0.21428571428571427,-98.25,-23.069816049672227,1
2023-05-19T10:28:00.000000,2023-05-19T10:29:00.000000,2023,2023-05,10,29,13848.75,13860.25,13825.75,11.5,23.0,target,3,0.6666666666666666,0.10256410256410256,0.23076923076923078,-110.75,-35.28257687508449,1
2023-05-19T10:37:00.000000,2023-05-19T10:38:00.000000,2023,2023-05,10,38,13837.75,13840.75,13831.75,3.0,-3.0,stop,1,0.7,0.05,0.25,-122.75,-45.73367039240475,1
2023-05-19T10:43:00.000000,2023-05-19T10:44:00.000000,2023,2023-05,10,44,13850.0,13854.5,13841.0,4.5,-4.5,stop,2,0.6666666666666666,0.0,0.3333333333333333,-110.0,-32.506321810300506,1
2023-05-19T10:45:00.000000,2023-05-19T10:46:00.000000,2023,2023-05,10,46,13857.75,13860.5,13852.25,2.75,5.5,target,1,0.8055555555555556,0.1111111111111111,0.08333333333333333,-102.5,-24.899134449808116,1
2023-05-23T10:36:00.000000,2023-05-23T10:37:00.000000,2023,2023-05,10,37,13822.5,13826.5,13814.5,4.0,8.0,target,1,0.717391304347826,0.10869565217391304,0.17391304347826086,-124.25,-44.04549687365761,3
2023-05-24T08:41:00.000000,2023-05-24T08:42:00.000000,2023,2023-05,8,42,13598.5,13601.25,13593.0,2.75,-2.75,stop,1,0.9444444444444444,0.018518518518518517,0.037037037037037035,-380.5,-56.70218122343613,1
2023-05-24T08:46:00.000000,2023-05-24T08:47:00.000000,2023,2023-05,8,47,13603.25,13606.0,13597.75,2.75,-2.75,stop,1,0.8108108108108109,0.10810810810810811,0.08108108108108109,-376.0,-50.656618874209016,1
2023-05-24T10:37:00.000000,2023-05-24T10:38:00.000000,2023,2023-05,10,38,13584.75,13593.25,13567.75,8.5,-8.5,stop,2,0.7857142857142857,0.10714285714285714,0.10714285714285714,-394.25,-49.92904068273856,1
2023-05-24T10:39:00.000000,2023-05-24T10:40:00.000000,2023,2023-05,10,40,13594.0,13596.5,13589.0,2.5,-2.5,stop,1,0.9565217391304348,0.043478260869565216,0.0,-384.75,-40.301235854603874,1
2023-05-24T10:46:00.000000,2023-05-24T10:47:00.000000,2023,2023-05,10,47,13598.0,13600.5,13593.0,2.5,5.0,target,2,0.9032258064516129,0.03225806451612903,0.06451612903225806,-381.25,-36.30488855389194,1
2023-05-24T10:49:00.000000,2023-05-24T10:50:00.000000,2023,2023-05,10,50,13594.25,13597.0,13588.75,2.75,-2.75,stop,1,0.7272727272727273,0.0,0.2727272727272727,-385.0,-39.9472648680694,1
2023-05-31T10:16:00.000000,2023-05-31T10:17:00.000000,2023,2023-05,10,17,14291.75,14301.0,14273.25,9.25,18.5,target,12,0.6774193548387096,0.06451612903225806,0.25806451612903225,-278.25,-42.9355860865071,1
2023-05-31T10:33:00.000000,2023-05-31T10:34:00.000000,2023,2023-05,10,34,14279.5,14284.75,14269.0,5.25,-5.25,stop,3,0.7111111111111111,0.022222222222222223,0.26666666666666666,-290.25,-52.819762905946845,1
2023-05-31T10:37:00.000000,2023-05-31T10:38:00.000000,2023,2023-05,10,38,14281.75,14290.5,14264.25,8.75,-8.75,stop,11,0.7857142857142857,0.0,0.21428571428571427,-288.5,-50.646368001936935,1
2023-05-31T10:40:00.000000,2023-05-31T10:41:00.000000,2023,2023-05,10,41,14274.75,14277.5,14269.25,2.75,5.5,target,1,0.8846153846153846,0.0,0.11538461538461539,-295.25,-57.0344503590095,1
2023-05-31T10:42:00.000000,2023-05-31T10:43:00.000000,2023,2023-05,10,43,14275.0,14278.5,14268.0,3.5,-3.5,stop,3,0.7407407407407407,0.0,0.25925925925925924,-295.25,-56.87094849992536,1
2023-05-31T10:47:00.000000,2023-05-31T10:48:00.000000,2023,2023-05,10,48,14287.0,14290.75,14279.5,3.75,7.5,target,3,0.8181818181818182,0.06060606060606061,0.12121212121212122,-283.25,-44.39814873264004,1
2023-06-07T08:44:00.000000,2023-06-07T08:45:00.000000,2023,2023-06,8,45,14485.75,14500.25,14456.75,14.5,29.0,target,8,0.6909090909090909,0.10909090909090909,0.2,-137.75,-112.99994653943577,2
2023-06-07T08:49:00.000000,2023-06-07T08:50:00.000000,2023,2023-06,8,50,14478.75,14492.75,14450.75,14.0,-14.0,stop,2,0.88,0.04,0.08,-145.0,-116.04050162046951,2
2023-06-07T08:50:00.000000,2023-06-07T08:51:00.000000,2023,2023-06,8,51,14485.5,14489.75,14477.0,4.25,-4.25,stop,1,0.7027027027027027,0.02702702702702703,0.2702702702702703,-138.5,-108.9160650394515,2
2023-06-19T08:36:00.000000,2023-06-19T08:37:00.000000,2023,2023-06,8,37,15240.5,15242.5,15236.5,2.0,4.0,target,3,0.8888888888888888,0.1111111111111111,0.0,-82.0,-25.12088750230032,1
2023-06-19T08:40:00.000000,2023-06-19T08:41:00.000000,2023,2023-06,8,41,15240.0,15242.75,15234.5,2.75,-2.75,stop,7,0.75,0.0,0.25,-82.5,-25.474301701531658,1
2023-06-20T08:40:00.000000,2023-06-20T08:41:00.000000,2023,2023-06,8,41,15151.0,15155.0,15143.0,4.0,-4.0,stop,1,0.8266666666666667,0.05333333333333334,0.12,-169.0,-72.90028168852405,1
2023-06-20T10:10:00.000000,2023-06-20T10:11:00.000000,2023,2023-06,10,11,15186.75,15190.5,15179.25,3.75,-3.75,stop,1,0.7818181818181819,0.10909090909090909,0.10909090909090909,-132.75,-23.237385144719156,1
2023-06-21T08:43:00.000000,2023-06-21T08:44:00.000000,2023,2023-06,8,44,15078.5,15091.5,15052.5,13.0,26.0,target,6,0.8913043478260869,0.0,0.10869565217391304,-232.75,-89.33892039534658,1
2023-06-21T10:23:00.000000,2023-06-21T10:24:00.000000,2023,2023-06,10,24,15074.75,15087.5,15049.25,12.75,-12.75,stop,11,0.9361702127659575,0.0425531914893617,0.02127659574468085,-236.5,-49.065082583603726,1
2023-06-21T10:37:00.000000,2023-06-21T10:38:00.000000,2023,2023-06,10,38,15081.0,15083.75,15075.5,2.75,-2.75,stop,3,0.9090909090909091,0.0,0.09090909090909091,-229.75,-40.913362383076674,1
2023-06-21T10:43:00.000000,2023-06-21T10:44:00.000000,2023,2023-06,10,44,15072.25,15079.75,15057.25,7.5,15.0,target,2,0.8095238095238095,0.0,0.19047619047619047,-238.25,-49.07011889281057,1
2023-06-21T10:46:00.000000,2023-06-21T10:47:00.000000,2023,2023-06,10,47,15069.25,15071.25,15065.25,2.0,-2.0,stop,1,0.9411764705882353,0.058823529411764705,0.0,-241.5,-51.87987115929536,1
2023-06-21T10:49:00.000000,2023-06-21T10:50:00.000000,2023,2023-06,10,50,15058.75,15070.0,15036.25,11.25,-11.25,stop,3,0.8461538461538461,0.0,0.15384615384615385,-252.5,-62.62252582439942,1
2023-06-21T10:50:00.000000,2023-06-21T10:51:00.000000,2023,2023-06,10,51,15069.25,15071.5,15064.75,2.25,4.5,target,1,0.8958333333333334,0.10416666666666667,0.0,-241.25,-51.261780251705204,1
2023-06-26T10:18:00.000000,2023-06-26T10:19:00.000000,2023,2023-06,10,19,14933.0,14949.5,14900.0,16.5,33.0,target,21,0.75,0.016666666666666666,0.23333333333333334,-167.0,-118.36434356463178,1
2023-06-26T10:22:00.000000,2023-06-26T10:23:00.000000,2023,2023-06,10,23,14939.0,14941.0,14935.0,2.0,-2.0,stop,1,0.9473684210526315,0.02631578947368421,0.02631578947368421,-161.25,-110.04375239584988,1
2023-06-26T10:26:00.000000,2023-06-26T10:27:00.000000,2023,2023-06,10,27,14929.25,14932.25,14923.25,3.0,-3.0,stop,1,0.6785714285714286,0.10714285714285714,0.21428571428571427,-171.0,-118.50239672091993,1
2023-06-29T08:30:00.000000,2023-06-29T08:31:00.000000,2023,2023-06,8,31,15045.0,15069.0,14997.0,24.0,-24.0,stop,3,0.7666666666666667,0.011111111111111112,0.2222222222222222,-174.25,-72.49198305258324,1
2023-07-06T08:36:00.000000,2023-07-06T08:37:00.000000,2023,2023-07,8,37,15155.25,15167.0,15131.75,11.75,-11.75,stop,8,0.8409090909090909,0.09090909090909091,0.06818181818181818,-277.0,-52.00742455746695,1
2023-07-06T08:39:00.000000,2023-07-06T08:40:00.000000,2023,2023-07,8,40,15163.5,15167.5,15155.5,4.0,8.0,target,3,0.8333333333333334,0.037037037037037035,0.12962962962962962,-268.25,-42.48070043052576,1
2023-07-06T08:46:00.000000,2023-07-06T08:47:00.000000,2023,2023-07,8,47,15154.75,15164.5,15135.25,9.75,-9.75,stop,3,0.8529411764705882,0.058823529411764705,0.08823529411764706,-277.5,-50.76181105609248,1
2023-07-07T08:33:00.000000,2023-07-07T08:34:00.000000,2023,2023-07,8,34,15195.75,15213.25,15160.75,17.5,-17.5,stop,5,0.8285714285714286,0.1,0.07142857142857142,-170.5,-37.12761534445963,2
2023-07-07T08:36:00.000000,2023-07-07T08:37:00.000000,2023,2023-07,8,37,15199.75,15203.0,15193.25,3.25,-3.25,stop,1,0.9375,0.0,0.0625,-165.75,-31.18032230379322,3
2023-07-07T08:39:00.000000,2023-07-07T08:40:00.000000,2023,2023-07,8,40,15198.75,15213.75,15168.75,15.0,-15.0,stop,4,0.8333333333333334,0.05555555555555555,0.1111111111111111,-167.0,-31.90437565922366,3
2023-07-10T10:16:00.000000,2023-07-10T10:17:00.000000,2023,2023-07,10,17,15075.5,15079.5,15067.5,4.0,-4.0,stop,1,0.6666666666666666,0.0,0.3333333333333333,-122.75,-69.83057184117024,3
2023-07-10T10:18:00.000000,2023-07-10T10:19:00.000000,2023,2023-07,10,19,15082.5,15085.0,15077.5,2.5,-2.5,stop,1,0.8717948717948718,0.10256410256410256,0.02564102564102564,-115.75,-62.55033596977955,3
2023-07-10T10:20:00.000000,2023-07-10T10:21:00.000000,2023,2023-07,10,21,15090.0,15092.75,15084.5,2.75,-2.75,stop,1,0.8461538461538461,0.10256410256410256,0.05128205128205128,-108.25,-54.76493806567305,3
2023-07-10T10:37:00.000000,2023-07-10T10:38:00.000000,2023,2023-07,10,38,15116.0,15119.5,15109.0,3.5,-3.5,stop,1,0.7777777777777778,0.1111111111111111,0.1111111111111111,-82.5,-27.47165654746277,3
2023-07-20T08:30:00.000000,2023-07-20T08:31:00.000000,2023,2023-07,8,31,15741.5,15757.25,15710.0,15.75,31.5,target,8,0.864406779661017,0.0847457627118644,0.05084745762711865,-321.0,-99.5994875704746,2
2023-07-20T08:37:00.000000,2023-07-20T08:38:00.000000,2023,2023-07,8,38,15713.75,15723.75,15693.75,10.0,-10.0,stop,7,0.7567567567567568,0.10810810810810811,0.13513513513513514,-349.25,-119.77261935124443,1
2023-07-20T08:40:00.000000,2023-07-20T08:41:00.000000,2023,2023-07,8,41,15720.5,15723.0,15715.5,2.5,5.0,target,1,0.9512195121951219,0.036585365853658534,0.012195121951219513,-342.0,-108.89764518713491,1
2023-07-20T10:17:00.000000,2023-07-20T10:18:00.000000,2023,2023-07,10,18,15771.75,15783.0,15749.25,11.25,22.5,target,2,0.7837837837837838,0.02702702702702703,0.1891891891891892,-290.75,-32.35789920692878,1
2023-07-20T10:19:00.000000,2023-07-20T10:20:00.000000,2023,2023-07,10,20,15747.25,15760.5,15720.75,13.25,26.5,target,9,0.84,0.12,0.04,-315.25,-56.40255419199275,1
2023-07-20T10:29:00.000000,2023-07-20T10:30:00.000000,2023,2023-07,10,30,15713.0,15726.25,15686.5,13.25,26.5,target,6,0.8627450980392157,0.09803921568627451,0.0392156862745098,-350.0,-88.78054380892718,1
2023-07-21T08:35:00.000000,2023-07-21T08:36:00.000000,2023,2023-07,8,36,15587.25,15593.75,15574.25,6.5,13.0,target,1,0.7701149425287356,0.022988505747126436,0.20689655172413793,-317.0,-51.82510243436627,3
2023-07-21T08:36:00.000000,2023-07-21T08:37:00.000000,2023,2023-07,8,37,15574.0,15593.5,15535.0,19.5,-19.5,stop,10,0.6933333333333334,0.08,0.22666666666666666,-330.0,-64.4403237788083,3
2023-07-21T08:42:00.000000,2023-07-21T08:43:00.000000,2023,2023-07,8,43,15570.0,15584.5,15541.0,14.5,-14.5,stop,2,0.8235294117647058,0.0196078431372549,0.1568627450980392,-334.25,-66.02128821150836,3
2023-07-21T08:46:00.000000,2023-07-21T08:47:00.000000,2023,2023-07,8,47,15599.5,15602.0,15594.5,2.5,-2.5,stop,1,0.9629629629629629,0.012345679012345678,0.024691358024691357,-304.75,-35.42879280967827,4
2023-07-21T10:16:00.000000,2023-07-21T10:17:00.000000,2023,2023-07,10,17,15596.0,15601.0,15586.0,5.0,-5.0,stop,2,0.8088235294117647,0.04411764705882353,0.14705882352941177,-307.75,-29.952017232981234,2
2023-07-21T10:17:00.000000,2023-07-21T10:18:00.000000,2023,2023-07,10,18,15586.25,15599.5,15559.75,13.25,-13.25,stop,1,0.8444444444444444,0.022222222222222223,0.13333333333333333,-317.75,-39.883401081739066,2
2023-07-21T10:18:00.000000,2023-07-21T10:19:00.000000,2023,2023-07,10,19,15600.0,15604.0,15592.0,4.0,-4.0,stop,2,0.875,0.015625,0.109375,-304.0,-26.057066651699643,2
2023-07-21T10:24:00.000000,2023-07-21T10:25:00.000000,2023,2023-07,10,25,15591.75,15606.0,15563.25,14.25,28.5,target,18,0.8909090909090909,0.10909090909090909,0.0,-312.5,-34.262164325680715,2
2023-07-21T10:27:00.000000,2023-07-21T10:28:00.000000,2023,2023-07,10,28,15583.0,15595.0,15559.0,12.0,24.0,target,16,0.8372093023255814,0.11627906976744186,0.046511627906976744,-320.75,-42.29327125963573,2
2023-07-21T10:29:00.000000,2023-07-21T10:30:00.000000,2023,2023-07,10,30,15575.5,15590.0,15546.5,14.5,-14.5,stop,33,0.8833333333333333,0.11666666666666667,0.0,-329.5,-50.835739990057846,2
2023-07-21T10:34:00.000000,2023-07-21T10:35:00.000000,2023,2023-07,10,35,15585.5,15589.5,15577.5,4.0,8.0,target,2,0.8222222222222222,0.022222222222222223,0.15555555555555556,-318.5,-39.30138364301274,1
2023-07-21T10:38:00.000000,2023-07-21T10:39:00.000000,2023,2023-07,10,39,15585.75,15589.75,15577.75,4.0,8.0,target,3,0.8627450980392157,0.0,0.13725490196078433,-318.25,-38.770660091795435,1
2023-07-26T08:45:00.000000,2023-07-26T08:46:00.000000,2023,2023-07,8,46,15593.5,15606.75,15567.0,13.25,26.5,target,9,0.8723404255319149,0.02127659574468085,0.10638297872340426,-146.0,-24.481091011366516,1
2023-07-26T10:46:00.000000,2023-07-26T10:47:00.000000,2023,2023-07,10,47,15551.5,15559.5,15535.5,8.0,-8.0,stop,17,0.7857142857142857,0.10714285714285714,0.10714285714285714,-188.0,-45.683454764852286,1
2023-07-26T10:47:00.000000,2023-07-26T10:48:00.000000,2023,2023-07,10,48,15555.5,15558.75,15549.0,3.25,6.5,target,2,0.7619047619047619,0.0,0.23809523809523808,-183.75,-41.37122940358495,1
2023-08-02T08:34:00.000000,2023-08-02T08:35:00.000000,2023,2023-08,8,35,15550.75,15556.0,15540.25,5.25,10.5,target,2,0.6792452830188679,0.09433962264150944,0.22641509433962265,-338.25,-82.54893876600181,1
2023-08-03T08:31:00.000000,2023-08-03T08:32:00.000000,2023,2023-08,8,32,15376.75,15380.0,15370.25,3.25,-3.25,stop,1,0.8703703703703703,0.07407407407407407,0.05555555555555555,-412.5,-30.676086368857796,2
2023-08-08T10:20:00.000000,2023-08-08T10:21:00.000000,2023,2023-08,10,21,15269.0,15280.25,15246.5,11.25,-11.25,stop,12,0.85,0.075,0.075,-228.75,-44.47785038079746,1
2023-08-09T08:49:00.000000,2023-08-09T08:50:00.000000,2023,2023-08,8,50,15257.25,15270.5,15230.75,13.25,26.5,target,5,0.9565217391304348,0.043478260869565216,0.0,-234.25,-74.92789052952867,1
2023-08-10T10:11:00.000000,2023-08-10T10:12:00.000000,2023,2023-08,10,12,15221.25,15240.25,15183.25,19.0,-19.0,stop,2,0.8985507246376812,0.0,0.10144927536231885,-211.5,-100.74943468869242,3
2023-08-10T10:12:00.000000,2023-08-10T10:13:00.000000,2023,2023-08,10,13,15235.0,15237.0,15231.0,2.0,-2.0,stop,1,0.9473684210526315,0.03508771929824561,0.017543859649122806,-197.75,-86.79902871696868,3
2023-08-10T10:18:00.000000,2023-08-10T10:19:00.000000,2023,2023-08,10,19,15238.25,15242.0,15230.75,3.75,7.5,target,1,0.8269230769230769,0.057692307692307696,0.11538461538461539,-194.0,-81.93542787176193,2
2023-08-10T10:23:00.000000,2023-08-10T10:24:00.000000,2023,2023-08,10,24,15241.75,15246.75,15231.75,5.0,10.0,target,1,0.7678571428571429,0.0,0.23214285714285715,-191.0,-77.77950168380085,1
2023-08-10T10:26:00.000000,2023-08-10T10:27:00.000000,2023,2023-08,10,27,15198.5,15217.75,15160.0,19.25,-19.25,stop,3,0.8055555555555556,0.027777777777777776,0.16666666666666666,-234.25,-119.97297239258478,1
2023-08-10T10:37:00.000000,2023-08-10T10:38:00.000000,2023,2023-08,10,38,15254.5,15260.25,15243.0,5.75,-5.75,stop,1,0.8532110091743119,0.009174311926605505,0.13761467889908258,-178.0,-61.41548424291068,2
2023-08-10T10:39:00.000000,2023-08-10T10:40:00.000000,2023,2023-08,10,40,15260.5,15264.75,15252.0,4.25,8.5,target,1,0.7735849056603774,0.07547169811320754,0.1509433962264151,-171.75,-54.838947506450495,2
2023-08-11T10:30:00.000000,2023-08-11T10:31:00.000000,2023,2023-08,10,31,15089.0,15094.5,15078.0,5.5,-5.5,stop,4,0.6976744186046512,0.0,0.3023255813953488,-353.0,-29.45574097732424,1
2023-08-11T10:39:00.000000,2023-08-11T10:40:00.000000,2023,2023-08,10,40,15071.0,15083.0,15047.0,12.0,-12.0,stop,25,0.6666666666666666,0.02564102564102564,0.3076923076923077,-370.75,-46.64720662617037,1
2023-08-11T10:47:00.000000,2023-08-11T10:48:00.000000,2023,2023-08,10,48,15059.25,15068.5,15040.75,9.25,-9.25,stop,13,0.90625,0.0625,0.03125,-383.25,-58.42527731429436,1
2023-08-15T08:30:00.000000,2023-08-15T08:31:00.000000,2023,2023-08,8,31,15124.0,15141.5,15089.0,17.5,-17.5,stop,13,0.7424242424242424,0.09090909090909091,0.16666666666666666,-191.75,-80.9617667400762,1
2023-08-15T08:47:00.000000,2023-08-15T08:48:00.000000,2023,2023-08,8,48,15152.0,15156.25,15143.5,4.25,-4.25,stop,1,0.7906976744186046,0.023255813953488372,0.18604651162790697,-164.0,-46.70275968603892,2
2023-08-15T08:49:00.000000,2023-08-15T08:50:00.000000,2023,2023-08,8,50,15148.75,15161.0,15124.25,12.25,-12.25,stop,14,0.6808510638297872,0.10638297872340426,0.2127659574468085,-167.75,-50.04725732879524,2
2023-08-16T10:23:00.000000,2023-08-16T10:24:00.000000,2023,2023-08,10,24,15020.25,15023.5,15013.75,3.25,6.5,target,2,0.7142857142857143,0.047619047619047616,0.23809523809523808,-314.75,-75.78489181232908,1
2023-08-16T10:25:00.000000,2023-08-16T10:26:00.000000,2023,2023-08,10,26,15010.75,15023.5,14985.25,12.75,-12.75,stop,8,0.9318181818181818,0.06818181818181818,0.0,-323.75,-84.40014848338978,1
2023-08-17T08:34:00.000000,2023-08-17T08:35:00.000000,2023,2023-08,8,35,14863.0,14879.25,14830.5,16.25,-16.25,stop,11,0.9152542372881356,0.03389830508474576,0.05084745762711865,-303.0,-81.4808411178492,3
2023-08-17T08:38:00.000000,2023-08-17T08:39:00.000000,2023,2023-08,8,39,14869.5,14876.0,14856.5,6.5,-6.5,stop,1,0.6923076923076923,0.0,0.3076923076923077,-296.0,-71.7705645768965,3
2023-08-17T08:49:00.000000,2023-08-17T08:50:00.000000,2023,2023-08,8,50,14892.0,14896.25,14883.5,4.25,-4.25,stop,1,0.7090909090909091,0.10909090909090909,0.18181818181818182,-274.25,-46.45996011325042,2
2023-08-17T10:10:00.000000,2023-08-17T10:11:00.000000,2023,2023-08,10,11,14903.25,14906.5,14896.75,3.25,-3.25,stop,1,0.9210526315789473,0.0,0.07894736842105263,-263.0,-20.848455260706032,2
2023-08-17T10:20:00.000000,2023-08-17T10:21:00.000000,2023,2023-08,10,21,14903.75,14912.0,14887.25,8.25,-8.25,stop,1,0.9259259259259259,0.037037037037037035,0.037037037037037035,-262.5,-20.00239455754854,2
2023-08-24T08:36:00.000000,2023-08-24T08:37:00.000000,2023,2023-08,8,37,15071.25,15075.75,15062.25,4.5,-4.5,stop,1,0.8115942028985508,0.07246376811594203,0.11594202898550725,-285.0,-187.6751134360311,1
2023-08-24T08:44:00.000000,2023-08-24T08:45:00.000000,2023,2023-08,8,45,15045.25,15049.25,15037.25,4.0,8.0,target,1,0.7209302325581395,0.046511627906976744,0.23255813953488372,-312.0,-205.40457456038166,1
2023-08-24T08:50:00.000000,2023-08-24T08:51:00.000000,2023,2023-08,8,51,15059.75,15062.0,15055.25,2.25,-2.25,stop,1,0.927536231884058,0.043478260869565216,0.028985507246376812,-297.25,-184.77427445649482,1
2023-08-25T08:45:00.000000,2023-08-25T08:46:00.000000,2023,2023-08,8,46,14808.25,14831.25,14762.25,23.0,46.0,target,13,0.7526881720430108,0.10752688172043011,0.13978494623655913,-609.5,-97.09081201826302,3
2023-08-25T08:47:00.000000,2023-08-25T08:48:00.000000,2023,2023-08,8,48,14788.0,14811.0,14742.0,23.0,-23.0,stop,20,0.8131868131868132,0.07692307692307693,0.10989010989010989,-630.0,-115.66188424012216,3
2023-08-25T10:18:00.000000,2023-08-25T10:19:00.000000,2023,2023-08,10,19,14818.75,14838.25,14779.75,19.5,-19.5,stop,1,0.92,0.08,0.0,-599.0,-56.25102315181721,2
2023-09-01T08:46:00.000000,2023-09-01T08:47:00.000000,2023,2023-09,8,47,15520.0,15539.5,15481.0,19.5,39.0,target,59,0.8933333333333333,0.06666666666666667,0.04,-86.75,-50.341698422249465,2
2023-09-01T10:20:00.000000,2023-09-01T10:21:00.000000,2023,2023-09,10,21,15487.75,15490.75,15481.75,3.0,-3.0,stop,1,0.6842105263157895,0.10526315789473684,0.21052631578947367,-119.0,-62.830669917162595,1
2023-09-01T10:33:00.000000,2023-09-01T10:34:00.000000,2023,2023-09,10,34,15503.75,15510.25,15490.75,6.5,13.0,target,3,0.9,0.05,0.05,-103.25,-45.7576111661092,3
2023-09-01T10:34:00.000000,2023-09-01T10:35:00.000000,2023,2023-09,10,35,15500.25,15507.0,15486.75,6.75,13.5,target,5,0.6956521739130435,0.08695652173913043,0.21739130434782608,-107.0,-49.40226411995354,3
2023-09-01T10:47:00.000000,2023-09-01T10:48:00.000000,2023,2023-09,10,48,15489.75,15492.25,15484.75,2.5,-2.5,stop,1,0.875,0.1,0.025,-116.75,-57.74836650274665,2
2023-09-12T08:32:00.000000,2023-09-12T08:33:00.000000,2023,2023-09,8,33,15593.75,15597.5,15586.25,3.75,7.5,target,3,0.8208955223880597,0.08955223880597014,0.08955223880597014,-102.0,-32.231526970479536,1
2023-09-12T08:38:00.000000,2023-09-12T08:39:00.000000,2023,2023-09,8,39,15574.25,15590.25,15542.25,16.0,32.0,target,21,0.6949152542372882,0.06779661016949153,0.23728813559322035,-121.5,-49.99447438309471,1
2023-09-12T08:50:00.000000,2023-09-12T08:51:00.000000,2023,2023-09,8,51,15562.25,15577.0,15532.75,14.75,29.5,target,19,0.9215686274509803,0.0392156862745098,0.0392156862745098,-133.25,-57.98630258414778,1
2023-09-19T10:17:00.000000,2023-09-19T10:18:00.000000,2023,2023-09,10,18,15287.0,15290.5,15280.0,3.5,-3.5,stop,1,0.7272727272727273,0.045454545454545456,0.22727272727272727,-173.75,-37.53347408521404,1
2023-09-19T10:30:00.000000,2023-09-19T10:31:00.000000,2023,2023-09,10,31,15279.75,15287.75,15263.75,8.0,16.0,target,17,0.7037037037037037,0.037037037037037035,0.25925925925925924,-181.75,-44.789818573834054,1
2023-09-19T10:33:00.000000,2023-09-19T10:34:00.000000,2023,2023-09,10,34,15280.0,15287.25,15265.5,7.25,14.5,target,14,0.8181818181818182,0.09090909090909091,0.09090909090909091,-180.75,-43.608156374366445,1
2023-09-19T10:37:00.000000,2023-09-19T10:38:00.000000,2023,2023-09,10,38,15283.0,15286.75,15275.5,3.75,7.5,target,2,0.9512195121951219,0.0,0.04878048780487805,-176.75,-39.32442629789875,1
2023-09-19T10:39:00.000000,2023-09-19T10:40:00.000000,2023,2023-09,10,40,15271.0,15281.0,15251.0,10.0,-10.0,stop,3,0.8235294117647058,0.08823529411764706,0.08823529411764706,-189.75,-52.13269495845816,1
2023-09-19T10:42:00.000000,2023-09-19T10:43:00.000000,2023,2023-09,10,43,15281.75,15285.75,15273.75,4.0,8.0,target,2,0.847457627118644,0.01694915254237288,0.13559322033898305,-179.25,-41.31381209848587,1
2023-09-19T10:46:00.000000,2023-09-19T10:47:00.000000,2023,2023-09,10,47,15269.25,15278.75,15250.25,9.5,-9.5,stop,4,0.8484848484848485,0.09090909090909091,0.06060606060606061,-191.75,-53.48520060756891,1
2023-09-19T10:49:00.000000,2023-09-19T10:50:00.000000,2023,2023-09,10,50,15275.75,15278.0,15271.25,2.25,-2.25,stop,1,0.975609756097561,0.024390243902439025,0.0,-185.0,-46.28393418633641,1
2023-09-21T10:26:00.000000,2023-09-21T10:27:00.000000,2023,2023-09,10,27,14933.0,14943.75,14911.5,10.75,-10.75,stop,2,0.8648648648648649,0.02702702702702703,0.10810810810810811,-503.5,-57.64554119952663,1
2023-09-21T10:33:00.000000,2023-09-21T10:34:00.000000,2023,2023-09,10,34,14952.75,14955.5,14947.25,2.75,-2.75,stop,1,0.8235294117647058,0.08823529411764706,0.08823529411764706,-483.5,-36.96565213248141,1
2023-09-26T08:43:00.000000,2023-09-26T08:44:00.000000,2023,2023-09,8,44,14785.5,14791.0,14774.5,5.5,-5.5,stop,1,0.6808510638297872,0.0425531914893617,0.2765957446808511,-170.0,-29.56126694100749,1
2023-09-26T10:16:00.000000,2023-09-26T10:17:00.000000,2023,2023-09,10,17,14764.5,14767.0,14759.5,2.5,5.0,target,1,0.8888888888888888,0.08888888888888889,0.022222222222222223,-191.0,-32.68805486505698,1
2023-09-26T10:17:00.000000,2023-09-26T10:18:00.000000,2023,2023-09,10,18,14756.75,14768.75,14732.75,12.0,-12.0,stop,7,0.7142857142857143,0.07142857142857142,0.21428571428571427,-198.75,-40.36518920036542,1
2023-09-26T10:18:00.000000,2023-09-26T10:19:00.000000,2023,2023-09,10,19,14748.25,14759.25,14726.25,11.0,-11.0,stop,5,0.868421052631579,0.07894736842105263,0.05263157894736842,-207.25,-48.74950638506925,1
2023-09-26T10:23:00.000000,2023-09-26T10:24:00.000000,2023,2023-09,10,24,14758.5,14761.25,14753.0,2.75,-2.75,stop,1,0.95,0.025,0.025,-196.75,-37.93235281206944,1
2023-09-27T08:42:00.000000,2023-09-27T08:43:00.000000,2023,2023-09,8,43,14732.75,14747.0,14704.25,14.25,-14.25,stop,6,0.9591836734693877,0.02040816326530612,0.02040816326530612,-210.75,-24.415201771753345,3
2023-09-27T10:36:00.000000,2023-09-27T10:37:00.000000,2023,2023-09,10,37,14664.75,14674.75,14644.75,10.0,-10.0,stop,5,0.96875,0.03125,0.0,-278.75,-69.0388797096548,1
2023-09-27T10:38:00.000000,2023-09-27T10:39:00.000000,2023,2023-09,10,39,14665.5,14670.5,14655.5,5.0,-5.0,stop,3,0.7368421052631579,0.05263157894736842,0.21052631578947367,-277.25,-67.29248041983374,1
2023-09-27T10:41:00.000000,2023-09-27T10:42:00.000000,2023,2023-09,10,42,14673.75,14678.5,14664.25,4.75,9.5,target,2,0.8333333333333334,0.0,0.16666666666666666,-269.75,-59.33207938698433,1
2023-09-27T10:47:00.000000,2023-09-27T10:48:00.000000,2023,2023-09,10,48,14677.0,14686.25,14658.5,9.25,18.5,target,10,0.8055555555555556,0.1111111111111111,0.08333333333333333,-267.5,-56.31566855066376,1
2023-10-03T08:32:00.000000,2023-10-03T08:33:00.000000,2023,2023-10,8,33,14797.0,14801.25,14788.5,4.25,-4.25,stop,1,0.7866666666666666,0.10666666666666667,0.10666666666666667,-248.75,-101.07201689697104,3
2023-10-03T08:45:00.000000,2023-10-03T08:46:00.000000,2023,2023-10,8,46,14779.25,14795.0,14747.75,15.75,31.5,target,7,0.8070175438596491,0.0,0.19298245614035087,-267.25,-112.72379076708057,1
2023-10-03T08:46:00.000000,2023-10-03T08:47:00.000000,2023,2023-10,8,47,14759.75,14782.0,14715.25,22.25,44.5,target,51,0.898876404494382,0.06741573033707865,0.033707865168539325,-286.75,-131.12173782048558,1
2023-10-03T10:40:00.000000,2023-10-03T10:41:00.000000,2023,2023-10,10,41,14774.25,14776.25,14770.25,2.0,-2.0,stop,1,0.9148936170212766,0.0851063829787234,0.0,-271.75,-75.23210431689404,1
2023-10-03T10:42:00.000000,2023-10-03T10:43:00.000000,2023,2023-10,10,43,14762.25,14773.25,14740.25,11.0,-11.0,stop,15,0.8888888888888888,0.027777777777777776,0.08333333333333333,-283.5,-86.74859051542808,1
2023-10-03T10:44:00.000000,2023-10-03T10:45:00.000000,2023,2023-10,10,45,14752.75,14762.5,14733.25,9.75,-9.75,stop,2,0.9375,0.0625,0.0,-293.0,-95.98326355623612,1
2023-10-03T10:45:00.000000,2023-10-03T10:46:00.000000,2023,2023-10,10,46,14760.5,14763.25,14755.0,2.75,-2.75,stop,1,0.8285714285714286,0.02857142857142857,0.14285714285714285,-286.0,-88.85132300186524,1
2023-10-05T08:38:00.000000,2023-10-05T08:39:00.000000,2023,2023-10,8,39,14738.25,14757.25,14700.25,19.0,-19.0,stop,45,0.8783783783783784,0.10810810810810811,0.013513513513513514,-217.25,-122.33535313172433,1
2023-10-05T08:40:00.000000,2023-10-05T08:41:00.000000,2023,2023-10,8,41,14722.75,14736.5,14695.25,13.75,-13.75,stop,3,0.6851851851851852,0.09259259259259259,0.2222222222222222,-233.75,-136.2367172721224,1
2023-10-05T10:17:00.000000,2023-10-05T10:18:00.000000,2023,2023-10,10,18,14804.25,14808.5,14795.75,4.25,-4.25,stop,1,0.7560975609756098,0.024390243902439025,0.21951219512195122,-151.75,-25.211318421668693,1
2023-10-11T10:10:00.000000,2023-10-11T10:11:00.000000,2023,2023-10,10,11,15300.0,15308.75,15282.5,8.75,17.5,target,7,0.7142857142857143,0.07142857142857142,0.21428571428571427,-83.25,-27.493265480579794,2
2023-10-11T10:12:00.000000,2023-10-11T10:13:00.000000,2023,2023-10,10,13,15290.75,15302.75,15266.75,12.0,-12.0,stop,1,0.8809523809523809,0.023809523809523808,0.09523809523809523,-93.0,-37.07833196437059,2
2023-10-11T10:13:00.000000,2023-10-11T10:14:00.000000,2023,2023-10,10,14,15300.75,15304.75,15292.75,4.0,8.0,target,2,0.78,0.04,0.18,-83.0,-27.003035817477212,2
2023-10-11T10:14:00.000000,2023-10-11T10:15:00.000000,2023,2023-10,10,15,15294.0,15303.0,15276.0,9.0,-9.0,stop,17,0.9666666666666667,0.0,0.03333333333333333,-90.0,-33.940148037412655,2
2023-10-11T10:15:00.000000,2023-10-11T10:16:00.000000,2023,2023-10,10,16,15286.25,15296.5,15265.75,10.25,-10.25,stop,12,0.8648648648648649,0.08108108108108109,0.05405405405405406,-97.5,-41.267954822118554,2
2023-10-11T10:22:00.000000,2023-10-11T10:23:00.000000,2023,2023-10,10,23,15286.75,15289.75,15280.75,3.0,-3.0,stop,1,0.8529411764705882,0.029411764705882353,0.11764705882352941,-96.75,-39.685227349084016,3
2023-10-11T10:24:00.000000,2023-10-11T10:25:00.000000,2023,2023-10,10,25,15293.5,15295.75,15289.0,2.25,4.5,target,1,0.8666666666666667,0.03333333333333333,0.1,-90.5,-33.27629500012881,3
2023-10-11T10:29:00.000000,2023-10-11T10:30:00.000000,2023,2023-10,10,30,15296.5,15300.5,15288.5,4.0,-4.0,stop,2,0.7058823529411765,0.0,0.29411764705882354,-87.5,-29.966108188602448,3
2023-10-11T10:32:00.000000,2023-10-11T10:33:00.000000,2023,2023-10,10,33,15297.75,15307.0,15279.25,9.25,-9.25,stop,6,0.8787878787878788,0.09090909090909091,0.030303030303030304,-86.0,-28.261954415767832,3
2023-10-11T10:43:00.000000,2023-10-11T10:44:00.000000,2023,2023-10,10,44,15299.25,15310.25,15277.25,11.0,22.0,target,10,0.9210526315789473,0.05263157894736842,0.02631578947368421,-84.25,-26.014100286873145,3
2023-10-11T10:47:00.000000,2023-10-11T10:48:00.000000,2023,2023-10,10,48,15291.5,15299.75,15275.0,8.25,-8.25,stop,11,0.9166666666666666,0.0,0.08333333333333333,-91.75,-33.27275111283598,3
2023-10-13T08:30:00.000000,2023-10-13T08:31:00.000000,2023,2023-10,8,31,15266.0,15281.0,15236.0,15.0,-15.0,stop,1,0.8305084745762712,0.0847457627118644,0.0847457627118644,-203.25,-40.07571474929864,1
2023-10-13T08:36:00.000000,2023-10-13T08:37:00.000000,2023,2023-10,8,37,15276.25,15294.75,15239.25,18.5,37.0,target,14,0.8405797101449275,0.043478260869565216,0.11594202898550725,-192.5,-28.53932787065969,1
2023-10-13T08:39:00.000000,2023-10-13T08:40:00.000000,2023,2023-10,8,40,15272.0,15286.75,15242.5,14.75,29.5,target,11,0.7678571428571429,0.07142857142857142,0.16071428571428573,-197.0,-32.67909733135093,1
2023-10-13T08:43:00.000000,2023-10-13T08:44:00.000000,2023,2023-10,8,44,15277.5,15280.25,15272.0,2.75,-2.75,stop,1,0.9285714285714286,0.0,0.07142857142857142,-191.25,-26.183987189202526,1
2023-10-13T08:48:00.000000,2023-10-13T08:49:00.000000,2023,2023-10,8,49,15251.5,15269.5,15215.5,18.0,36.0,target,3,0.9090909090909091,0.0,0.09090909090909091,-217.75,-51.85359893290297,1
2023-10-18T08:30:00.000000,2023-10-18T08:31:00.000000,2023,2023-10,8,31,15145.5,15160.0,15116.5,14.5,29.0,target,6,0.8448275862068966,0.10344827586206896,0.05172413793103448,-164.25,-23.6243629231285,3
2023-10-18T08:49:00.000000,2023-10-18T08:50:00.000000,2023,2023-10,8,50,15120.25,15134.5,15091.75,14.25,-14.25,stop,29,0.8928571428571429,0.10714285714285714,0.0,-189.25,-43.48802594587505,4
2023-10-18T10:23:00.000000,2023-10-18T10:24:00.000000,2023,2023-10,10,24,15123.0,15124.75,15119.5,1.75,3.5,target,1,0.868421052631579,0.10526315789473684,0.02631578947368421,-186.75,-31.22561759645214,2
2023-10-18T10:34:00.000000,2023-10-18T10:35:00.000000,2023,2023-10,10,35,15109.0,15119.5,15088.0,10.5,-10.5,stop,2,0.9210526315789473,0.05263157894736842,0.02631578947368421,-200.75,-44.35452021418314,2
2023-10-18T10:37:00.000000,2023-10-18T10:38:00.000000,2023,2023-10,10,38,15104.0,15120.5,15071.0,16.5,33.0,target,23,0.8983050847457628,0.01694915254237288,0.0847457627118644,-205.25,-48.571248347710934,2
2023-10-19T08:34:00.000000,2023-10-19T08:35:00.000000,2023,2023-10,8,35,15016.5,15020.0,15009.5,3.5,-3.5,stop,1,0.8135593220338984,0.1016949152542373,0.0847457627118644,-216.0,-27.82651915171118,3
2023-10-19T10:31:00.000000,2023-10-19T10:32:00.000000,2023,2023-10,10,32,15020.75,15041.25,14979.75,20.5,41.0,target,3,0.7402597402597403,0.05194805194805195,0.2077922077922078,-211.75,-23.816707975945974,3
2023-10-20T08:31:00.000000,2023-10-20T08:32:00.000000,2023,2023-10,8,32,14740.0,14761.0,14698.0,21.0,-21.0,stop,3,0.8333333333333334,0.08333333333333333,0.08333333333333333,-398.5,-92.82073019940071,4
2023-10-20T08:32:00.000000,2023-10-20T08:33:00.000000,2023,2023-10,8,33,14750.5,14754.5,14742.5,4.0,-4.0,stop,1,0.7678571428571429,0.10714285714285714,0.125,-387.5,-81.27448163975896,3
2023-10-20T08:36:00.000000,2023-10-20T08:37:00.000000,2023,2023-10,8,37,14752.0,14773.0,14710.0,21.0,42.0,target,15,0.8292682926829268,0.08536585365853659,0.08536585365853659,-386.0,-77.88303582151093,4
2023-10-20T08:48:00.000000,2023-10-20T08:49:00.000000,2023,2023-10,8,49,14728.25,14730.5,14723.75,2.25,-2.25,stop,1,0.9387755102040817,0.04081632653061224,0.02040816326530612,-410.0,-95.69762972822718,2
2023-10-24T10:19:00.000000,2023-10-24T10:20:00.000000,2023,2023-10,10,20,14774.75,14788.25,14747.75,13.5,27.0,target,9,0.84,0.06,0.1,-79.25,-31.355270932250278,2
2023-10-24T10:23:00.000000,2023-10-24T10:24:00.000000,2023,2023-10,10,24,14763.5,14770.75,14749.0,7.25,14.5,target,5,0.8260869565217391,0.08695652173913043,0.08695652173913043,-90.25,-41.88813140183811,2
2023-10-24T10:35:00.000000,2023-10-24T10:36:00.000000,2023,2023-10,10,36,14728.75,14739.5,14707.25,10.75,-10.75,stop,3,0.9487179487179487,0.05128205128205128,0.0,-125.5,-74.22875021602704,3
2023-10-24T10:43:00.000000,2023-10-24T10:44:00.000000,2023,2023-10,10,44,14716.75,14725.0,14700.25,8.25,-8.25,stop,2,0.7407407407407407,0.1111111111111111,0.14814814814814814,-136.75,-83.68334838803094,4
2023-10-25T10:13:00.000000,2023-10-25T10:14:00.000000,2023,2023-10,10,14,14572.5,14576.0,14565.5,3.5,-3.5,stop,1,0.8043478260869565,0.08695652173913043,0.10869565217391304,-376.0,-96.3165536946999,1
2023-10-25T10:18:00.000000,2023-10-25T10:19:00.000000,2023,2023-10,10,19,14567.25,14577.25,14547.25,10.0,-10.0,stop,6,0.9393939393939394,0.030303030303030304,0.030303030303030304,-381.5,-100.72475519251566,1
2023-10-26T08:44:00.000000,2023-10-26T08:45:00.000000,2023,2023-10,8,45,14320.75,14325.25,14311.75,4.5,-4.5,stop,1,0.8170731707317073,0.08536585365853659,0.0975609756097561,-501.25,-25.365490785539805,2
2023-10-26T10:17:00.000000,2023-10-26T10:18:00.000000,2023,2023-10,10,18,14191.75,14201.5,14172.25,9.75,19.5,target,2,0.8378378378378378,0.10810810810810811,0.05405405405405406,-631.25,-137.05617888314373,2
2023-10-26T10:20:00.000000,2023-10-26T10:21:00.000000,2023,2023-10,10,21,14181.75,14185.0,14175.25,3.25,-3.25,stop,1,0.8977272727272727,0.056818181818181816,0.045454545454545456,-640.5,-143.29607496321114,2
2023-10-26T10:22:00.000000,2023-10-26T10:23:00.000000,2023,2023-10,10,23,14170.25,14182.0,14146.75,11.75,-11.75,stop,1,0.7948717948717948,0.0,0.20512820512820512,-652.25,-153.68548583546544,2
2023-10-26T10:23:00.000000,2023-10-26T10:24:00.000000,2023,2023-10,10,24,14183.0,14187.75,14173.5,4.75,9.5,target,1,0.8,0.046153846153846156,0.15384615384615385,-639.25,-140.31628727996394,2
2023-10-26T10:25:00.000000,2023-10-26T10:26:00.000000,2023,2023-10,10,26,14186.75,14190.5,14179.25,3.75,7.5,target,1,0.8421052631578947,0.017543859649122806,0.14035087719298245,-636.0,-136.34430351767696,2
2023-10-27T08:41:00.000000,2023-10-27T08:42:00.000000,2023,2023-10,8,42,14288.5,14305.5,14254.5,17.0,-17.0,stop,6,0.9032258064516129,0.04838709677419355,0.04838709677419355,-170.25,-29.128443757455898,2
2023-11-13T08:39:00.000000,2023-11-13T08:40:00.000000,2023,2023-11,8,40,15493.75,15507.25,15466.75,13.5,27.0,target,16,0.6875,0.020833333333333332,0.2916666666666667,-119.25,-42.81911616031175,2
2023-11-13T08:49:00.000000,2023-11-13T08:50:00.000000,2023,2023-11,8,50,15495.75,15498.75,15489.75,3.0,-3.0,stop,1,0.8913043478260869,0.021739130434782608,0.08695652173913043,-117.0,-34.58191037447796,2
2023-11-16T10:31:00.000000,2023-11-16T10:32:00.000000,2023,2023-11,10,32,15823.25,15825.5,15818.75,2.25,-2.25,stop,1,0.9464285714285714,0.05357142857142857,0.0,-226.0,-30.865808351834858,4
2023-11-16T10:34:00.000000,2023-11-16T10:35:00.000000,2023,2023-11,10,35,15822.75,15825.75,15816.75,3.0,6.0,target,1,0.90625,0.0,0.09375,-226.5,-31.052590443705412,4
2023-11-16T10:39:00.000000,2023-11-16T10:40:00.000000,2023,2023-11,10,40,15810.25,15812.75,15805.25,2.5,-2.5,stop,1,0.8571428571428571,0.08571428571428572,0.05714285714285714,-239.25,-42.208956999769725,4
2023-11-16T10:44:00.000000,2023-11-16T10:45:00.000000,2023,2023-11,10,45,15820.0,15822.25,15815.5,2.25,-2.25,stop,1,0.9574468085106383,0.0425531914893617,0.0,-229.25,-31.624377114127128,3
2023-11-21T08:34:00.000000,2023-11-21T08:35:00.000000,2023,2023-11,8,35,16006.75,16010.5,15999.25,3.75,-3.75,stop,1,0.8,0.044444444444444446,0.15555555555555556,-110.0,-46.99039894832276,1
2023-11-30T08:44:00.000000,2023-11-30T08:45:00.000000,2023,2023-11,8,45,15983.75,15985.75,15979.75,2.0,4.0,target,1,0.9454545454545454,0.05454545454545454,0.0,-224.75,-56.903908240818055,4
2023-12-01T08:36:00.000000,2023-12-01T08:37:00.000000,2023,2023-12,8,37,15903.5,15907.5,15895.5,4.0,-4.0,stop,1,0.8762886597938144,0.030927835051546393,0.09278350515463918,-195.25,-39.51296514531896,2
2023-12-01T08:39:00.000000,2023-12-01T08:40:00.000000,2023,2023-12,8,40,15915.5,15919.5,15907.5,4.0,-4.0,stop,1,0.8620689655172413,0.0,0.13793103448275862,-183.0,-25.380432775746158,2
2023-12-04T08:39:00.000000,2023-12-04T08:40:00.000000,2023,2023-12,8,40,15859.25,15873.25,15831.25,14.0,28.0,target,11,0.7755102040816326,0.04081632653061224,0.1836734693877551,-190.5,-62.49302293709479,2
2023-12-04T08:43:00.000000,2023-12-04T08:44:00.000000,2023,2023-12,8,44,15841.25,15863.75,15796.25,22.5,-22.5,stop,21,0.8977272727272727,0.07954545454545454,0.022727272727272728,-208.5,-76.13282436062218,2
2023-12-04T08:50:00.000000,2023-12-04T08:51:00.000000,2023,2023-12,8,51,15827.5,15843.25,15796.0,15.75,-15.75,stop,2,0.8852459016393442,0.04918032786885246,0.06557377049180328,-223.25,-82.80689287384303,2
2024-01-03T10:14:00.000000,2024-01-03T10:15:00.000000,2024,2024-01,10,15,16596.0,16604.0,16580.0,8.0,-8.0,stop,1,0.8461538461538461,0.07692307692307693,0.07692307692307693,-442.5,-22.8182277268279,2
2024-01-03T10:23:00.000000,2024-01-03T10:24:00.000000,2024,2024-01,10,24,16591.5,16597.0,16580.5,5.5,-5.5,stop,3,0.7027027027027027,0.0,0.2972972972972973,-446.25,-25.96127552859616,2
2024-01-03T10:40:00.000000,2024-01-03T10:41:00.000000,2024,2024-01,10,41,16562.75,16578.0,16532.25,15.25,-15.25,stop,4,0.6607142857142857,0.08928571428571429,0.25,-475.25,-53.44987468671752,2
2024-01-04T08:46:00.000000,2024-01-04T08:47:00.000000,2024,2024-01,8,47,16467.0,16487.25,16426.5,20.25,-20.25,stop,6,0.9736842105263158,0.02631578947368421,0.0,-270.5,-41.28226668602292,2
2024-01-09T08:43:00.000000,2024-01-09T08:44:00.000000,2024,2024-01,8,44,16676.0,16698.0,16632.0,22.0,-22.0,stop,15,0.975,0.0,0.025,-135.25,-37.848018560813216,1
2024-01-11T10:24:00.000000,2024-01-11T10:25:00.000000,2024,2024-01,10,25,16804.5,16808.75,16796.0,4.25,-4.25,stop,1,0.7608695652173914,0.043478260869565216,0.1956521739130435,-178.5,-121.4854338672194,1
2024-01-11T10:37:00.000000,2024-01-11T10:38:00.000000,2024,2024-01,10,38,16804.5,16808.25,16797.0,3.75,7.5,target,1,0.8627450980392157,0.0196078431372549,0.11764705882352941,-178.25,-117.19180912695083,1
2024-01-11T10:44:00.000000,2024-01-11T10:45:00.000000,2024,2024-01,10,45,16770.0,16782.5,16745.0,12.5,-12.5,stop,3,0.6666666666666666,0.044444444444444446,0.28888888888888886,-213.25,-148.83896056522644,1
2024-01-11T10:49:00.000000,2024-01-11T10:50:00.000000,2024,2024-01,10,50,16806.25,16810.25,16798.25,4.0,-4.0,stop,1,0.7972972972972973,0.0945945945945946,0.10810810810810811,-176.75,-108.257666721438,1
2024-01-17T08:34:00.000000,2024-01-17T08:35:00.000000,2024,2024-01,8,35,16761.5,16777.75,16729.0,16.25,-16.25,stop,6,0.8059701492537313,0.11940298507462686,0.07462686567164178,-272.75,-91.937758295604,2
2024-01-17T08:49:00.000000,2024-01-17T08:50:00.000000,2024,2024-01,8,50,16729.5,16732.25,16724.0,2.75,5.5,target,1,0.9215686274509803,0.0196078431372549,0.058823529411764705,-304.25,-104.10148252539148,2
2024-01-31T08:44:00.000000,2024-01-31T08:45:00.000000,2024,2024-01,8,45,17356.0,17374.75,17318.5,18.75,-18.75,stop,5,0.8857142857142857,0.08571428571428572,0.02857142857142857,-379.0,-48.6992345820654,2
2024-01-31T08:48:00.000000,2024-01-31T08:49:00.000000,2024,2024-01,8,49,17372.25,17374.5,17367.75,2.25,-2.25,stop,1,0.9342105263157895,0.039473684210526314,0.02631578947368421,-363.75,-30.95937555845012,2
2024-01-31T10:21:00.000000,2024-01-31T10:22:00.000000,2024,2024-01,10,22,17347.5,17350.0,17342.5,2.5,-2.5,stop,1,0.896551724137931,0.0,0.10344827586206896,-388.5,-26.3990522023596,1
2024-01-31T10:24:00.000000,2024-01-31T10:25:00.000000,2024,2024-01,10,25,17334.5,17344.0,17315.5,9.5,-9.5,stop,21,0.9428571428571428,0.05714285714285714,0.0,-402.0,-39.62095281812435,1
2024-01-31T10:32:00.000000,2024-01-31T10:33:00.000000,2024,2024-01,10,33,17323.75,17335.75,17299.75,12.0,-12.0,stop,5,0.8095238095238095,0.047619047619047616,0.14285714285714285,-412.0,-48.15949798799193,1
2024-02-13T08:40:00.000000,2024-02-13T08:41:00.000000,2024,2024-02,8,41,17649.75,17661.5,17626.25,11.75,-11.75,stop,3,0.6976744186046512,0.09302325581395349,0.20930232558139536,-612.5,-93.08185941535339,1
2024-02-13T08:44:00.000000,2024-02-13T08:45:00.000000,2024,2024-02,8,45,17643.0,17664.0,17601.0,21.0,-21.0,stop,5,0.8095238095238095,0.08333333333333333,0.10714285714285714,-619.5,-95.45505198294632,1
2024-02-20T08:47:00.000000,2024-02-20T08:48:00.000000,2024,2024-02,8,48,17596.25,17603.0,17582.75,6.75,13.5,target,1,0.69,0.11,0.2,-211.5,-64.61402853787513,2
2024-02-21T08:42:00.000000,2024-02-21T08:43:00.000000,2024,2024-02,8,43,17476.0,17491.5,17445.0,15.5,-15.5,stop,15,0.7931034482758621,0.06896551724137931,0.13793103448275862,-317.0,-43.65220504286117,2
2024-02-21T08:43:00.000000,2024-02-21T08:44:00.000000,2024,2024-02,8,44,17458.0,17479.0,17416.0,21.0,-21.0,stop,13,0.8372093023255814,0.11627906976744186,0.046511627906976744,-335.0,-60.12948784891341,2
2024-02-21T08:44:00.000000,2024-02-21T08:45:00.000000,2024,2024-02,8,45,17467.25,17474.25,17453.25,7.0,-7.0,stop,1,0.6610169491525424,0.03389830508474576,0.3050847457627119,-325.25,-49.55613466750947,2
2024-02-23T10:14:00.000000,2024-02-23T10:15:00.000000,2024,2024-02,10,15,17966.75,17974.25,17951.75,7.5,-7.5,stop,2,0.7333333333333333,0.05714285714285714,0.20952380952380953,-120.25,-94.10360604538073,3
2024-02-23T10:22:00.000000,2024-02-23T10:23:00.000000,2024,2024-02,10,23,17992.5,17996.75,17984.0,4.25,-4.25,stop,3,0.775,0.025,0.2,-94.25,-65.02904966656206,1
2024-02-27T10:42:00.000000,2024-02-27T10:43:00.000000,2024,2024-02,10,43,17970.0,17980.25,17949.5,10.25,-10.25,stop,3,0.9696969696969697,0.0,0.030303030303030304,-89.5,-23.915568105829152,1
2024-02-28T08:43:00.000000,2024-02-28T08:44:00.000000,2024,2024-02,8,44,17918.25,17936.0,17882.75,17.75,35.5,target,9,0.9154929577464789,0.08450704225352113,0.0,-122.5,-25.351771817862755,2
2024-02-28T08:50:00.000000,2024-02-28T08:51:00.000000,2024,2024-02,8,51,17887.5,17909.0,17844.5,21.5,-21.5,stop,18,0.8352941176470589,0.08235294117647059,0.08235294117647059,-152.75,-51.29490205298862,2
2024-02-29T10:44:00.000000,2024-02-29T10:45:00.000000,2024,2024-02,10,45,17936.75,17940.0,17930.25,3.25,6.5,target,1,0.8484848484848485,0.07575757575757576,0.07575757575757576,-83.0,-46.98325685122836,2
2024-03-05T08:38:00.000000,2024-03-05T08:39:00.000000,2024,2024-03,8,39,18075.25,18080.0,18065.75,4.75,-4.75,stop,1,0.7833333333333333,0.06666666666666667,0.15,-302.0,-66.43629117712044,2
2024-03-05T08:42:00.000000,2024-03-05T08:43:00.000000,2024,2024-03,8,43,18065.0,18076.25,18042.5,11.25,22.5,target,4,0.8571428571428571,0.11904761904761904,0.023809523809523808,-312.75,-73.23320395413612,2
2024-03-05T08:46:00.000000,2024-03-05T08:47:00.000000,2024,2024-03,8,47,18045.75,18065.75,18005.75,20.0,-20.0,stop,14,0.7647058823529411,0.11764705882352941,0.11764705882352941,-332.75,-88.64562080311953,2
2024-03-05T08:49:00.000000,2024-03-05T08:50:00.000000,2024,2024-03,8,50,18046.0,18048.5,18041.0,2.5,5.0,target,1,0.8985507246376812,0.07246376811594203,0.028985507246376812,-331.75,-82.11154345163959,2
2024-03-08T10:37:00.000000,2024-03-08T10:38:00.000000,2024,2024-03,10,38,18228.0,18231.0,18222.0,3.0,6.0,target,1,0.921875,0.0,0.078125,-132.25,-90.52464367953144,3
2024-03-08T10:39:00.000000,2024-03-08T10:40:00.000000,2024,2024-03,10,40,18224.0,18228.0,18216.0,4.0,-4.0,stop,1,0.8247422680412371,0.10309278350515463,0.07216494845360824,-135.75,-92.77346454962753,3
2024-03-08T10:47:00.000000,2024-03-08T10:48:00.000000,2024,2024-03,10,48,18170.25,18194.5,18121.75,24.25,-24.25,stop,3,0.7473684210526316,0.06315789473684211,0.18947368421052632,-189.75,-141.88897490015006,3
2024-03-15T10:32:00.000000,2024-03-15T10:33:00.000000,2024,2024-03,10,33,18067.5,18070.0,18062.5,2.5,5.0,target,1,0.8709677419354839,0.0967741935483871,0.03225806451612903,-360.75,-70.76420557791425,1
2024-03-15T10:37:00.000000,2024-03-15T10:38:00.000000,2024,2024-03,10,38,18056.5,18061.25,18047.0,4.75,-4.75,stop,1,0.7777777777777778,0.0,0.2222222222222222,-371.5,-80.41518990707482,1
2024-03-19T08:33:00.000000,2024-03-19T08:34:00.000000,2024,2024-03,8,34,18090.75,18094.25,18083.75,3.5,-3.5,stop,1,0.7866666666666666,0.09333333333333334,0.12,-291.0,-34.32392143857942,1
2024-03-22T08:35:00.000000,2024-03-22T08:36:00.000000,2024,2024-03,8,36,18512.75,18524.25,18489.75,11.5,-11.5,stop,27,0.6923076923076923,0.07692307692307693,0.23076923076923078,-195.75,-27.443609480793384,1
2024-03-22T08:50:00.000000,2024-03-22T08:51:00.000000,2024,2024-03,8,51,18508.0,18523.5,18477.0,15.5,-15.5,stop,12,0.9074074074074074,0.018518518518518517,0.07407407407407407,-200.75,-30.627120741835824,1
2024-03-27T08:41:00.000000,2024-03-27T08:42:00.000000,2024,2024-03,8,42,18442.75,18445.25,18437.75,2.5,5.0,target,1,0.9,0.05,0.05,-176.25,-33.04258650708289,1
2024-03-27T08:45:00.000000,2024-03-27T08:46:00.000000,2024,2024-03,8,46,18431.5,18435.0,18424.5,3.5,7.0,target,1,0.8431372549019608,0.0392156862745098,0.11764705882352941,-187.5,-43.01029862807263,1
2024-03-28T10:49:00.000000,2024-03-28T10:50:00.000000,2024,2024-03,10,50,18477.25,18485.0,18461.75,7.75,-7.75,stop,2,0.96,0.0,0.04,-95.0,-21.471140355311945,1
2024-04-01T08:38:00.000000,2024-04-01T08:39:00.000000,2024,2024-04,8,39,18506.0,18523.75,18470.5,17.75,35.5,target,14,0.7083333333333334,0.1111111111111111,0.18055555555555555,-80.5,-51.15222785485457,1
2024-04-01T08:42:00.000000,2024-04-01T08:43:00.000000,2024,2024-04,8,43,18503.0,18507.5,18494.0,4.5,-4.5,stop,2,0.7441860465116279,0.09302325581395349,0.16279069767441862,-82.5,-50.710545166792144,2
2024-04-01T08:50:00.000000,2024-04-01T08:51:00.000000,2024,2024-04,8,51,18486.25,18497.5,18463.75,11.25,22.5,target,12,0.9487179487179487,0.05128205128205128,0.0,-100.0,-65.52755583836552,1
2024-04-01T10:30:00.000000,2024-04-01T10:31:00.000000,2024,2024-04,10,31,18482.0,18486.0,18474.0,4.0,-4.0,stop,6,0.7297297297297297,0.02702702702702703,0.24324324324324326,-104.5,-41.41855810181005,2
2024-04-01T10:49:00.000000,2024-04-01T10:50:00.000000,2024,2024-04,10,50,18480.5,18483.0,18475.5,2.5,-2.5,stop,1,0.8333333333333334,0.05555555555555555,0.1111111111111111,-105.75,-41.502531624704716,2
2024-04-02T10:48:00.000000,2024-04-02T10:49:00.000000,2024,2024-04,10,49,18269.5,18273.25,18262.0,3.75,-3.75,stop,1,0.7096774193548387,0.03225806451612903,0.25806451612903225,-342.75,-27.6467731292978,1
2024-04-08T10:19:00.000000,2024-04-08T10:20:00.000000,2024,2024-04,10,20,18282.75,18292.0,18264.25,9.25,18.5,target,4,0.7419354838709677,0.03225806451612903,0.22580645161290322,-89.75,-28.200668146357202,1
2024-04-08T10:25:00.000000,2024-04-08T10:26:00.000000,2024,2024-04,10,26,18274.5,18277.5,18268.5,3.0,-3.0,stop,1,0.875,0.078125,0.046875,-97.5,-34.98697859238382,1
2024-04-08T10:27:00.000000,2024-04-08T10:28:00.000000,2024,2024-04,10,28,18283.75,18288.5,18274.25,4.75,-4.75,stop,2,0.6730769230769231,0.07692307692307693,0.25,-89.0,-26.285113855043164,1
2024-04-09T08:34:00.000000,2024-04-09T08:35:00.000000,2024,2024-04,8,35,18241.0,18264.0,18195.0,23.0,46.0,target,8,0.6875,0.09375,0.21875,-135.75,-92.31872972246492,3
2024-04-09T08:45:00.000000,2024-04-09T08:46:00.000000,2024,2024-04,8,46,18211.75,18214.75,18205.75,3.0,6.0,target,1,0.8828828828828829,0.08108108108108109,0.036036036036036036,-164.25,-102.78621809188917,3
2024-04-10T10:24:00.000000,2024-04-10T10:25:00.000000,2024,2024-04,10,25,18142.0,18145.25,18135.5,3.25,-3.25,stop,1,0.8809523809523809,0.023809523809523808,0.09523809523809523,-265.0,-34.01050281065909,1
2024-04-10T10:28:00.000000,2024-04-10T10:29:00.000000,2024,2024-04,10,29,18150.75,18159.0,18134.25,8.25,-8.25,stop,6,0.6785714285714286,0.10714285714285714,0.21428571428571427,-256.5,-25.366500518113753,1
2024-04-10T10:44:00.000000,2024-04-10T10:45:00.000000,2024,2024-04,10,45,18152.5,18165.0,18127.5,12.5,-12.5,stop,5,0.8048780487804879,0.024390243902439025,0.17073170731707318,-254.25,-22.812249399874418,1
2024-04-12T10:14:00.000000,2024-04-12T10:15:00.000000,2024,2024-04,10,15,18230.25,18238.25,18214.25,8.0,-8.0,stop,2,0.84,0.0,0.16,-288.75,-83.40940824729842,2
2024-04-12T10:20:00.000000,2024-04-12T10:21:00.000000,2024,2024-04,10,21,18213.75,18216.0,18209.25,2.25,-2.25,stop,1,0.9230769230769231,0.07692307692307693,0.0,-304.75,-97.21069895877372,1
2024-04-12T10:32:00.000000,2024-04-12T10:33:00.000000,2024,2024-04,10,33,18187.0,18199.5,18162.0,12.5,-12.5,stop,2,0.9347826086956522,0.06521739130434782,0.0,-332.0,-120.90640805238218,1
2024-04-16T08:42:00.000000,2024-04-16T08:43:00.000000,2024,2024-04,8,43,17845.25,17862.5,17810.75,17.25,-17.25,stop,2,0.7910447761194029,0.07462686567164178,0.13432835820895522,-505.75,-24.971083596934477,3
2024-04-17T08:36:00.000000,2024-04-17T08:37:00.000000,2024,2024-04,8,37,17825.75,17847.5,17782.25,21.75,-21.75,stop,12,0.7195121951219512,0.024390243902439025,0.25609756097560976,-162.5,-64.33965677020751,1
2024-04-17T08:50:00.000000,2024-04-17T08:51:00.000000,2024,2024-04,8,51,17842.5,17856.5,17814.5,14.0,28.0,target,1,0.98,0.0,0.02,-146.0,-44.59583832856515,1
2024-04-19T08:37:00.000000,2024-04-19T08:38:00.000000,2024,2024-04,8,38,17353.0,17376.25,17306.5,23.25,-23.25,stop,6,0.8924731182795699,0.07526881720430108,0.03225806451612903,-418.0,-55.06036939218393,1
2024-04-19T08:42:00.000000,2024-04-19T08:43:00.000000,2024,2024-04,8,43,17364.75,17372.5,17349.25,7.75,-7.75,stop,1,0.717948717948718,0.0,0.28205128205128205,-405.75,-41.8830870900274,1
2024-04-19T10:10:00.000000,2024-04-19T10:11:00.000000,2024,2024-04,10,11,17256.75,17276.25,17217.75,19.5,39.0,target,18,0.7272727272727273,0.09090909090909091,0.18181818181818182,-514.0,-135.91563985092216,1
2024-04-19T10:16:00.000000,2024-04-19T10:17:00.000000,2024,2024-04,10,17,17238.5,17240.75,17234.0,2.25,-2.25,stop,1,0.9111111111111111,0.044444444444444446,0.044444444444444446,-532.5,-150.60310078563634,1
2024-04-25T08:41:00.000000,2024-04-25T08:42:00.000000,2024,2024-04,8,42,17365.25,17384.25,17327.25,19.0,-19.0,stop,2,0.7534246575342466,0.0958904109589041,0.1506849315068493,-429.75,-32.69703497700539,2
2024-04-25T08:46:00.000000,2024-04-25T08:47:00.000000,2024,2024-04,8,47,17373.0,17390.5,17338.0,17.5,-17.5,stop,17,0.7727272727272727,0.07575757575757576,0.15151515151515152,-422.25,-24.800143452961493,2
2024-05-01T10:50:00.000000,2024-05-01T10:51:00.000000,2024,2024-05,10,51,17428.0,17440.0,17404.0,12.0,-12.0,stop,3,0.8780487804878049,0.04878048780487805,0.07317073170731707,-492.0,-40.41015882549982,1
2024-05-02T08:41:00.000000,2024-05-02T08:42:00.000000,2024,2024-05,8,42,17478.75,17497.5,17441.25,18.75,-18.75,stop,8,0.7285714285714285,0.02857142857142857,0.24285714285714285,-314.75,-45.274318914827745,1
2024-05-30T08:32:00.000000,2024-05-30T08:33:00.000000,2024,2024-05,8,33,18700.75,18715.25,18671.75,14.5,29.0,target,6,0.9019607843137255,0.0392156862745098,0.058823529411764705,-247.0,-26.301797166390315,2
2024-06-13T10:41:00.000000,2024-06-13T10:42:00.000000,2024,2024-06,10,42,19532.75,19546.0,19506.25,13.25,-13.25,stop,4,0.8723404255319149,0.0425531914893617,0.0851063829787234,-79.5,-68.72521443795995,1
2024-06-13T10:46:00.000000,2024-06-13T10:47:00.000000,2024,2024-06,10,47,19522.5,19536.25,19495.0,13.75,-13.75,stop,5,0.9215686274509803,0.0392156862745098,0.0392156862745098,-90.25,-78.63554590319836,1
2024-06-13T10:49:00.000000,2024-06-13T10:50:00.000000,2024,2024-06,10,50,19522.25,19525.75,19515.25,3.5,-3.5,stop,1,0.6976744186046512,0.11627906976744186,0.18604651162790697,-90.5,-78.28654568176717,1
2024-06-14T08:39:00.000000,2024-06-14T08:40:00.000000,2024,2024-06,8,40,19576.0,19590.5,19547.0,14.5,-14.5,stop,2,0.8823529411764706,0.0,0.11764705882352941,-319.25,-20.75339256535881,1
2024-06-18T08:49:00.000000,2024-06-18T08:50:00.000000,2024,2024-06,8,50,20168.75,20180.75,20144.75,12.0,24.0,target,16,0.975,0.0,0.025,-102.5,-27.59508787899904,1
2024-06-21T08:35:00.000000,2024-06-21T08:36:00.000000,2024,2024-06,8,36,19959.0,19963.75,19949.5,4.75,-4.75,stop,1,0.7361111111111112,0.08333333333333333,0.18055555555555555,-412.5,-34.98869247640687,2
2024-06-21T08:45:00.000000,2024-06-21T08:46:00.000000,2024,2024-06,8,46,19969.25,19974.0,19959.75,4.75,-4.75,stop,1,0.847457627118644,0.0,0.15254237288135594,-401.25,-22.290646907018527,2
2024-06-24T08:33:00.000000,2024-06-24T08:34:00.000000,2024,2024-06,8,34,19909.0,19923.0,19881.0,14.0,-14.0,stop,2,0.7843137254901961,0.0392156862745098,0.17647058823529413,-117.75,-36.52520040984746,2
2024-06-24T08:42:00.000000,2024-06-24T08:43:00.000000,2024,2024-06,8,43,19886.0,19906.5,19845.0,20.5,41.0,target,6,0.8809523809523809,0.09523809523809523,0.023809523809523808,-141.0,-57.77618543148492,2
2024-06-24T08:49:00.000000,2024-06-24T08:50:00.000000,2024,2024-06,8,50,19827.75,19849.0,19785.25,21.25,-21.25,stop,2,0.8588235294117647,0.11764705882352941,0.023529411764705882,-198.25,-108.68802994046564,3
2024-06-24T10:17:00.000000,2024-06-24T10:18:00.000000,2024,2024-06,10,18,19902.0,19906.25,19893.5,4.25,-4.25,stop,1,0.8571428571428571,0.0,0.14285714285714285,-124.5,-23.642304000670265,2
2024-06-24T10:34:00.000000,2024-06-24T10:35:00.000000,2024,2024-06,10,35,19903.0,19905.75,19897.5,2.75,-2.75,stop,1,0.78125,0.09375,0.125,-123.75,-22.28262228022504,1
2024-06-24T10:37:00.000000,2024-06-24T10:38:00.000000,2024,2024-06,10,38,19899.25,19908.75,19880.25,9.5,19.0,target,5,0.8666666666666667,0.06666666666666667,0.06666666666666667,-126.75,-25.17176215580548,1
2024-06-24T10:43:00.000000,2024-06-24T10:44:00.000000,2024,2024-06,10,44,19894.0,19900.25,19881.5,6.25,12.5,target,1,0.671875,0.0625,0.265625,-132.5,-30.45798097874649,1
2024-06-28T10:45:00.000000,2024-06-28T10:46:00.000000,2024,2024-06,10,46,20009.25,20022.25,19983.25,13.0,-13.0,stop,4,0.6888888888888889,0.044444444444444446,0.26666666666666666,-107.25,-116.97359523123669,2
2024-06-28T10:46:00.000000,2024-06-28T10:47:00.000000,2024,2024-06,10,47,19997.75,20013.5,19966.25,15.75,-15.75,stop,1,0.8148148148148148,0.018518518518518517,0.16666666666666666,-118.5,-127.77555751063846,2
2024-06-28T10:50:00.000000,2024-06-28T10:51:00.000000,2024,2024-06,10,51,20007.75,20023.75,19975.75,16.0,-16.0,stop,3,0.7368421052631579,0.03508771929824561,0.22807017543859648,-108.75,-117.00918403099786,2
2024-07-01T08:39:00.000000,2024-07-01T08:40:00.000000,2024,2024-07,8,40,19902.0,19920.5,19865.0,18.5,-18.5,stop,9,0.7205882352941176,0.014705882352941176,0.2647058823529412,-82.75,-25.803410265601997,2
2024-07-11T08:38:00.000000,2024-07-11T08:39:00.000000,2024,2024-07,8,39,20690.0,20696.0,20678.0,6.0,12.0,target,1,0.7352941176470589,0.04411764705882353,0.22058823529411764,-226.5,-144.82061829600934,1
2024-07-16T08:32:00.000000,2024-07-16T08:33:00.000000,2024,2024-07,8,33,20548.75,20551.75,20542.75,3.0,6.0,target,1,0.9393939393939394,0.015151515151515152,0.045454545454545456,-248.0,-40.6509676224814,2
2024-07-16T08:44:00.000000,2024-07-16T08:45:00.000000,2024,2024-07,8,45,20559.75,20576.0,20527.25,16.25,-16.25,stop,7,0.7121212121212122,0.10606060606060606,0.18181818181818182,-237.75,-27.148661725306738,2
2024-07-16T10:24:00.000000,2024-07-16T10:25:00.000000,2024,2024-07,10,25,20493.0,20507.5,20464.0,14.5,-14.5,stop,13,0.8333333333333334,0.018518518518518517,0.14814814814814814,-304.75,-81.7089715009497,2
2024-07-16T10:32:00.000000,2024-07-16T10:33:00.000000,2024,2024-07,10,33,20473.0,20488.0,20443.0,15.0,-15.0,stop,3,0.9433962264150944,0.05660377358490566,0.0,-323.5,-98.67995216451163,2
2024-07-16T10:35:00.000000,2024-07-16T10:36:00.000000,2024,2024-07,10,36,20488.25,20490.75,20483.25,2.5,-2.5,stop,1,0.9107142857142857,0.05357142857142857,0.03571428571428571,-308.75,-83.25313510903288,2
2024-07-16T10:37:00.000000,2024-07-16T10:38:00.000000,2024,2024-07,10,38,20508.5,20516.5,20492.5,8.0,-8.0,stop,1,0.7272727272727273,0.045454545454545456,0.22727272727272727,-288.75,-62.61611559251469,2
2024-07-16T10:40:00.000000,2024-07-16T10:41:00.000000,2024,2024-07,10,41,20494.0,20505.75,20470.5,11.75,-11.75,stop,1,0.8444444444444444,0.1111111111111111,0.044444444444444446,-303.25,-76.546991953197,2
2024-07-16T10:43:00.000000,2024-07-16T10:44:00.000000,2024,2024-07,10,44,20486.5,20501.25,20457.0,14.75,-14.75,stop,3,0.7222222222222222,0.037037037037037035,0.24074074074074073,-310.75,-83.44778106153535,2
2024-07-16T10:45:00.000000,2024-07-16T10:46:00.000000,2024,2024-07,10,46,20497.5,20500.0,20492.5,2.5,-2.5,stop,1,0.8761904761904762,0.09523809523809523,0.02857142857142857,-299.75,-71.68901227923197,2
2024-07-16T10:47:00.000000,2024-07-16T10:48:00.000000,2024,2024-07,10,48,20506.0,20509.25,20499.5,3.25,-3.25,stop,1,0.8823529411764706,0.0,0.11764705882352941,-291.25,-62.80359502664214,2
2024-07-18T08:30:00.000000,2024-07-18T08:31:00.000000,2024,2024-07,8,31,20026.5,20049.75,19980.0,23.25,46.5,target,2,0.9318181818181818,0.022727272727272728,0.045454545454545456,-564.0,-57.65056362204996,1
2024-07-18T08:37:00.000000,2024-07-18T08:38:00.000000,2024,2024-07,8,38,19960.25,19965.5,19949.75,5.25,-5.25,stop,1,0.8294573643410853,0.07751937984496124,0.09302325581395349,-629.75,-112.43321931971877,1
2024-07-18T08:41:00.000000,2024-07-18T08:42:00.000000,2024,2024-07,8,42,19909.25,19928.0,19871.75,18.75,-18.75,stop,4,0.881578947368421,0.09210526315789473,0.02631578947368421,-681.5,-157.13800853290377,1
2024-07-18T08:49:00.000000,2024-07-18T08:50:00.000000,2024,2024-07,8,50,19954.25,19957.25,19948.25,3.0,-3.0,stop,1,0.9097744360902256,0.05263157894736842,0.03759398496240601,-636.25,-102.22169071155804,1
2024-07-19T08:36:00.000000,2024-07-19T08:37:00.000000,2024,2024-07,8,37,19787.75,19812.5,19738.25,24.75,-24.75,stop,2,0.79,0.07,0.14,-375.25,-92.23097926510673,1
2024-07-19T08:37:00.000000,2024-07-19T08:38:00.000000,2024,2024-07,8,38,19804.5,19813.0,19787.5,8.5,-8.5,stop,1,0.6914893617021277,0.010638297872340425,0.2978723404255319,-358.5,-75.01415805869692,1
2024-07-19T08:38:00.000000,2024-07-19T08:39:00.000000,2024,2024-07,8,39,19823.0,19827.75,19813.5,4.75,9.5,target,1,0.7849462365591398,0.08602150537634409,0.12903225806451613,-339.75,-55.79213410073862,1
2024-07-19T08:45:00.000000,2024-07-19T08:46:00.000000,2024,2024-07,8,46,19798.0,19802.5,19789.0,4.5,-4.5,stop,1,0.8269230769230769,0.08653846153846154,0.08653846153846154,-364.25,-77.0851296230976,1
2024-07-19T10:14:00.000000,2024-07-19T10:15:00.000000,2024,2024-07,10,15,19801.5,19807.0,19790.5,5.5,-5.5,stop,1,0.6730769230769231,0.07692307692307693,0.25,-360.75,-46.98244903389423,3
2024-07-19T10:24:00.000000,2024-07-19T10:25:00.000000,2024,2024-07,10,25,19739.75,19762.0,19695.25,22.25,44.5,target,14,0.7126436781609196,0.06896551724137931,0.21839080459770116,-422.75,-106.90828334442631,3
2024-07-19T10:40:00.000000,2024-07-19T10:41:00.000000,2024,2024-07,10,41,19724.75,19731.0,19712.25,6.25,-6.25,stop,1,0.7448979591836735,0.07142857142857142,0.1836734693877551,-438.0,-116.10031010328021,3
2024-07-19T10:42:00.000000,2024-07-19T10:43:00.000000,2024,2024-07,10,43,19712.5,19731.5,19674.5,19.0,-19.0,stop,15,0.9305555555555556,0.041666666666666664,0.027777777777777776,-450.25,-127.53825258566212,3
2024-07-23T10:49:00.000000,2024-07-23T10:50:00.000000,2024,2024-07,10,50,19964.75,19977.5,19939.25,12.75,25.5,target,8,0.7777777777777778,0.08888888888888889,0.13333333333333333,-79.5,-23.776825601107703,2
2024-07-25T08:34:00.000000,2024-07-25T08:35:00.000000,2024,2024-07,8,35,19088.75,19093.0,19080.25,4.25,-4.25,stop,1,0.949238578680203,0.015228426395939087,0.03553299492385787,-749.0,-32.56058183655114,1
2024-07-26T08:42:00.000000,2024-07-26T08:43:00.000000,2024,2024-07,8,43,19094.0,19099.75,19082.5,5.75,-5.75,stop,1,0.7894736842105263,0.07368421052631578,0.1368421052631579,-296.0,-29.300831873904826,2
2024-07-30T08:36:00.000000,2024-07-30T08:37:00.000000,2024,2024-07,8,37,19116.25,19136.5,19075.75,20.25,-20.25,stop,3,0.6666666666666666,0.013333333333333334,0.32,-261.25,-103.70211493999886,3
2024-07-30T08:39:00.000000,2024-07-30T08:40:00.000000,2024,2024-07,8,40,19137.5,19140.75,19131.0,3.25,-3.25,stop,1,0.9320388349514563,0.0,0.06796116504854369,-240.25,-79.88468911075688,4
2024-07-30T08:44:00.000000,2024-07-30T08:45:00.000000,2024,2024-07,8,45,19137.75,19141.25,19130.75,3.5,-3.5,stop,1,0.95,0.0,0.05,-238.75,-75.39977448692662,4
2024-07-30T08:50:00.000000,2024-07-30T08:51:00.000000,2024,2024-07,8,51,19152.0,19155.75,19144.5,3.75,7.5,target,1,0.9285714285714286,0.0,0.07142857142857142,-225.25,-59.22772837782759,3
2024-08-01T08:34:00.000000,2024-08-01T08:35:00.000000,2024,2024-08,8,35,19463.25,19470.5,19448.75,7.25,14.5,target,1,0.7894736842105263,0.03508771929824561,0.17543859649122806,-184.5,-120.65534172827756,2
2024-08-01T08:38:00.000000,2024-08-01T08:39:00.000000,2024,2024-08,8,39,19446.5,19450.5,19438.5,4.0,-4.0,stop,1,0.8992805755395683,0.03597122302158273,0.06474820143884892,-201.75,-133.94185808575276,2
2024-08-01T08:42:00.000000,2024-08-01T08:43:00.000000,2024,2024-08,8,43,19409.25,19430.0,19367.75,20.75,41.5,target,5,0.7088607594936709,0.0379746835443038,0.25316455696202533,-239.0,-168.4005099933056,2
2024-08-01T08:50:00.000000,2024-08-01T08:51:00.000000,2024,2024-08,8,51,19381.75,19389.0,19367.25,7.25,14.5,target,1,0.8536585365853658,0.03414634146341464,0.11219512195121951,-266.75,-185.33191089183674,2
2024-08-02T08:42:00.000000,2024-08-02T08:43:00.000000,2024,2024-08,8,43,18471.25,18479.75,18454.25,8.5,17.0,target,1,0.8871595330739299,0.0038910505836575876,0.10894941634241245,-1246.25,-143.320061876846,1
2024-08-02T08:45:00.000000,2024-08-02T08:46:00.000000,2024,2024-08,8,46,18492.75,18497.75,18482.75,5.0,-5.0,stop,1,0.8489583333333334,0.109375,0.041666666666666664,-1223.25,-118.09975136416688,1
2024-08-14T08:47:00.000000,2024-08-14T08:48:00.000000,2024,2024-08,8,48,19020.0,19024.5,19011.0,4.5,9.0,target,1,0.8738738738738738,0.0,0.12612612612612611,-109.0,-46.71976531968539,2
2024-08-14T08:49:00.000000,2024-08-14T08:50:00.000000,2024,2024-08,8,50,19032.5,19036.5,19024.5,4.0,-4.0,stop,1,0.8928571428571429,0.023809523809523808,0.08333333333333333,-95.25,-32.3904500754943,2
2024-08-14T10:46:00.000000,2024-08-14T10:47:00.000000,2024,2024-08,10,47,19045.25,19048.5,19038.75,3.25,6.5,target,1,0.8717948717948718,0.02564102564102564,0.10256410256410256,-82.5,-33.77551807308919,2
2024-08-20T08:36:00.000000,2024-08-20T08:37:00.000000,2024,2024-08,8,37,19786.0,19808.0,19742.0,22.0,-22.0,stop,17,0.8620689655172413,0.09195402298850575,0.04597701149425287,-96.75,-75.989510550673,4
2024-08-20T08:38:00.000000,2024-08-20T08:39:00.000000,2024,2024-08,8,39,19765.0,19785.0,19725.0,20.0,-20.0,stop,2,0.7692307692307693,0.05128205128205128,0.1794871794871795,-118.5,-95.5036498752088,4
2024-08-20T08:40:00.000000,2024-08-20T08:41:00.000000,2024,2024-08,8,41,19785.0,19789.5,19776.0,4.5,9.0,target,1,0.9,0.01,0.09,-97.75,-72.88368711834846,4
2024-08-20T08:41:00.000000,2024-08-20T08:42:00.000000,2024,2024-08,8,42,19768.5,19788.5,19728.5,20.0,-20.0,stop,6,0.8620689655172413,0.06896551724137931,0.06896551724137931,-116.75,-91.07960553983139,3
2024-08-20T08:45:00.000000,2024-08-20T08:46:00.000000,2024,2024-08,8,46,19761.0,19766.0,19751.0,5.0,-5.0,stop,1,0.8088235294117647,0.014705882352941176,0.17647058823529413,-122.0,-92.64609843006474,3
2024-08-20T10:43:00.000000,2024-08-20T10:44:00.000000,2024,2024-08,10,44,19802.75,19806.25,19795.75,3.5,-3.5,stop,1,0.8095238095238095,0.0,0.19047619047619047,-79.75,-35.50867065962302,2
2024-08-20T10:46:00.000000,2024-08-20T10:47:00.000000,2024,2024-08,10,47,19801.75,19812.0,19781.25,10.25,-10.25,stop,3,0.7777777777777778,0.05555555555555555,0.16666666666666666,-81.5,-37.112954609572625,2
2024-08-21T10:31:00.000000,2024-08-21T10:32:00.000000,2024,2024-08,10,32,19837.5,19849.0,19814.5,11.5,-11.5,stop,2,0.9512195121951219,0.04878048780487805,0.0,-93.75,-21.906926859210216,3
2024-08-22T08:34:00.000000,2024-08-22T08:35:00.000000,2024,2024-08,8,35,19894.75,19897.75,19888.75,3.0,-3.0,stop,1,0.958904109589041,0.0136986301369863,0.0273972602739726,-86.5,-52.81773927811082,3
2024-08-22T08:40:00.000000,2024-08-22T08:41:00.000000,2024,2024-08,8,41,19895.5,19908.25,19870.0,12.75,-12.75,stop,1,0.7391304347826086,0.10869565217391304,0.15217391304347827,-85.75,-50.57636061762605,2
2024-08-22T08:46:00.000000,2024-08-22T08:47:00.000000,2024,2024-08,8,47,19881.0,19904.25,19834.5,23.25,-23.25,stop,16,0.8,0.09473684210526316,0.10526315789473684,-101.0,-64.43747583289951,2
2024-08-22T08:50:00.000000,2024-08-22T08:51:00.000000,2024,2024-08,8,51,19881.5,19885.25,19874.0,3.75,7.5,target,1,0.8604651162790697,0.11627906976744186,0.023255813953488372,-99.0,-60.35639904389609,3
2024-08-22T10:26:00.000000,2024-08-22T10:27:00.000000,2024,2024-08,10,27,19811.25,19815.25,19803.25,4.0,-4.0,stop,1,0.8842105263157894,0.05263157894736842,0.06315789473684211,-170.0,-66.19695734180277,1
2024-08-22T10:35:00.000000,2024-08-22T10:36:00.000000,2024,2024-08,10,36,19823.5,19826.0,19818.5,2.5,-2.5,stop,1,0.8837209302325582,0.023255813953488372,0.09302325581395349,-158.75,-53.14773015103856,1
2024-08-23T10:25:00.000000,2024-08-23T10:26:00.000000,2024,2024-08,10,26,19650.5,19667.75,19616.0,17.25,-17.25,stop,5,0.847457627118644,0.01694915254237288,0.13559322033898305,-374.0,-104.16654161691258,2
2024-08-23T10:29:00.000000,2024-08-23T10:30:00.000000,2024,2024-08,10,30,19661.75,19667.0,19651.25,5.25,-5.25,stop,1,0.7222222222222222,0.1111111111111111,0.16666666666666666,-363.25,-92.14304457106846,2
2024-08-23T10:34:00.000000,2024-08-23T10:35:00.000000,2024,2024-08,10,35,19681.5,19688.25,19668.0,6.75,-6.75,stop,1,0.7066666666666667,0.02666666666666667,0.26666666666666666,-344.0,-71.9639691308912,1
2024-08-23T10:50:00.000000,2024-08-23T10:51:00.000000,2024,2024-08,10,51,19642.0,19647.25,19631.5,5.25,-5.25,stop,1,0.8021978021978022,0.04395604395604396,0.15384615384615385,-383.5,-105.67027121568754,2
2024-08-26T08:37:00.000000,2024-08-26T08:38:00.000000,2024,2024-08,8,38,19537.25,19561.75,19488.25,24.5,-24.5,stop,10,0.8924731182795699,0.053763440860215055,0.053763440860215055,-294.75,-185.9996060528174,1
2024-08-26T10:28:00.000000,2024-08-26T10:29:00.000000,2024,2024-08,10,29,19616.5,19619.0,19611.5,2.5,-2.5,stop,1,0.8947368421052632,0.02631578947368421,0.07894736842105263,-216.25,-52.65029148448957,1
2024-08-26T10:30:00.000000,2024-08-26T10:31:00.000000,2024,2024-08,10,31,19628.5,19634.25,19617.0,5.75,11.5,target,2,0.7272727272727273,0.015151515151515152,0.25757575757575757,-204.5,-40.51595569010533,1
2024-08-26T10:41:00.000000,2024-08-26T10:42:00.000000,2024,2024-08,10,42,19626.0,19628.5,19621.0,2.5,-2.5,stop,2,0.782608695652174,0.043478260869565216,0.17391304347826086,-207.0,-41.97507259674603,1
2024-08-30T10:11:00.000000,2024-08-30T10:12:00.000000,2024,2024-08,10,12,19463.75,19478.25,19434.75,14.5,29.0,target,16,0.8518518518518519,0.1111111111111111,0.037037037037037035,-229.25,-56.46262606183154,2
2024-08-30T10:27:00.000000,2024-08-30T10:28:00.000000,2024,2024-08,10,28,19432.0,19447.25,19401.5,15.25,30.5,target,4,0.8596491228070176,0.07017543859649122,0.07017543859649122,-261.5,-86.69415727437081,2
2024-08-30T10:49:00.000000,2024-08-30T10:50:00.000000,2024,2024-08,10,50,19413.25,19418.5,19402.75,5.25,-5.25,stop,1,0.8405797101449275,0.0,0.15942028985507245,-279.75,-96.89680735427464,2
2024-09-05T10:40:00.000000,2024-09-05T10:41:00.000000,2024,2024-09,10,41,18946.0,18949.25,18939.5,3.25,-3.25,stop,1,0.8823529411764706,0.0,0.11764705882352941,-169.0,-24.969030227599433,2
2024-09-06T08:49:00.000000,2024-09-06T08:50:00.000000,2024,2024-09,8,50,18540.25,18562.75,18495.25,22.5,-22.5,stop,11,0.6813186813186813,0.06593406593406594,0.25274725274725274,-611.0,-247.56383159292454,1
2024-09-10T10:12:00.000000,2024-09-10T10:13:00.000000,2024,2024-09,10,13,18612.25,18631.75,18573.25,19.5,-19.5,stop,5,0.9240506329113924,0.0759493670886076,0.0,-129.5,-107.03362774995185,3
2024-09-10T10:31:00.000000,2024-09-10T10:32:00.000000,2024,2024-09,10,32,18654.75,18657.75,18648.75,3.0,6.0,target,1,0.8095238095238095,0.09523809523809523,0.09523809523809523,-86.75,-60.49698170845295,1
2024-09-10T10:34:00.000000,2024-09-10T10:35:00.000000,2024,2024-09,10,35,18655.0,18658.25,18648.5,3.25,-3.25,stop,1,0.9387755102040817,0.0,0.061224489795918366,-85.5,-58.931117455485946,1
2024-09-11T08:49:00.000000,2024-09-11T08:50:00.000000,2024,2024-09,8,50,18568.0,18585.0,18534.0,17.0,-17.0,stop,10,0.703125,0.109375,0.1875,-309.75,-202.434221897518,1
2024-09-16T08:48:00.000000,2024-09-16T08:49:00.000000,2024,2024-09,8,49,19550.25,19571.0,19508.75,20.75,-20.75,stop,1,0.8823529411764706,0.11764705882352941,0.0,-204.0,-44.926378195952566,1
2024-09-17T10:43:00.000000,2024-09-17T10:44:00.000000,2024,2024-09,10,44,19647.75,19670.0,19603.25,22.25,-22.25,stop,2,0.8690476190476191,0.011904761904761904,0.11904761904761904,-134.25,-110.86766276446724,2
2024-09-18T10:20:00.000000,2024-09-18T10:21:00.000000,2024,2024-09,10,21,19654.25,19658.75,19645.25,4.5,-4.5,stop,3,0.7346938775510204,0.02040816326530612,0.24489795918367346,-196.5,-27.147089235200838,1
2024-09-20T08:30:00.000000,2024-09-20T08:31:00.000000,2024,2024-09,8,31,19989.25,20005.5,19956.75,16.25,-16.25,stop,8,0.7419354838709677,0.08064516129032258,0.1774193548387097,-213.75,-40.53515406880615,2
2024-09-20T08:35:00.000000,2024-09-20T08:36:00.000000,2024,2024-09,8,36,19977.75,19994.25,19944.75,16.5,-16.5,stop,2,0.85,0.1,0.05,-224.25,-49.44181160218068,3
2024-09-20T08:37:00.000000,2024-09-20T08:38:00.000000,2024,2024-09,8,38,20002.75,20006.75,19994.75,4.0,-4.0,stop,1,0.8552631578947368,0.013157894736842105,0.13157894736842105,-200.75,-25.447185601129604,3
2024-09-20T08:40:00.000000,2024-09-20T08:41:00.000000,2024,2024-09,8,41,20001.25,20010.75,19982.25,9.5,19.0,target,2,0.9444444444444444,0.05555555555555555,0.0,-202.75,-27.03541835299984,2
2024-09-20T08:41:00.000000,2024-09-20T08:42:00.000000,2024,2024-09,8,42,19987.75,20003.5,19956.25,15.75,31.5,target,11,0.8833333333333333,0.1,0.016666666666666666,-215.0,-39.07877018916406,2
2024-09-24T08:31:00.000000,2024-09-24T08:32:00.000000,2024,2024-09,8,32,20005.75,20014.0,19989.25,8.25,16.5,target,4,0.7758620689655172,0.0,0.22413793103448276,-158.5,-73.27243165937398,1
2024-09-24T08:39:00.000000,2024-09-24T08:40:00.000000,2024,2024-09,8,40,19971.0,19993.5,19926.0,22.5,-22.5,stop,6,0.9058823529411765,0.07058823529411765,0.023529411764705882,-192.25,-102.49637953412093,1
2024-09-24T08:45:00.000000,2024-09-24T08:46:00.000000,2024,2024-09,8,46,20000.5,20006.5,19988.5,6.0,-6.0,stop,1,0.7313432835820896,0.014925373134328358,0.2537313432835821,-163.75,-69.49405068932901,3
2024-09-24T08:50:00.000000,2024-09-24T08:51:00.000000,2024,2024-09,8,51,20036.0,20039.5,20029.0,3.5,7.0,target,1,0.8961038961038961,0.0,0.1038961038961039,-128.5,-32.579073378277826,3
2024-09-27T10:24:00.000000,2024-09-27T10:25:00.000000,2024,2024-09,10,25,20233.0,20237.25,20224.5,4.25,-4.25,stop,1,0.7647058823529411,0.0,0.23529411764705882,-304.75,-73.94133169462293,1
2024-09-27T10:27:00.000000,2024-09-27T10:28:00.000000,2024,2024-09,10,28,20250.0,20252.25,20245.5,2.25,-2.25,stop,1,0.9,0.08333333333333333,0.016666666666666666,-288.0,-56.65599792642388,1
2024-09-27T10:41:00.000000,2024-09-27T10:42:00.000000,2024,2024-09,10,42,20248.75,20258.25,20229.75,9.5,-9.5,stop,2,0.8387096774193549,0.03225806451612903,0.12903225806451613,-289.25,-56.313868132416246,1
2024-09-27T10:45:00.000000,2024-09-27T10:46:00.000000,2024,2024-09,10,46,20252.0,20258.5,20239.0,6.5,-6.5,stop,1,0.782608695652174,0.08695652173913043,0.13043478260869565,-286.75,-53.5181534829062,1
2024-09-27T10:47:00.000000,2024-09-27T10:48:00.000000,2024,2024-09,10,48,20252.25,20260.5,20235.75,8.25,-8.25,stop,3,0.92,0.04,0.04,-285.5,-52.16065625596093,1
2024-10-01T08:35:00.000000,2024-10-01T08:36:00.000000,2024,2024-10,8,36,19888.0,19905.25,19853.5,17.25,-17.25,stop,1,0.7142857142857143,0.1,0.18571428571428572,-399.5,-213.94554698644788,1
2024-10-01T08:41:00.000000,2024-10-01T08:42:00.000000,2024,2024-10,8,42,19955.0,19960.25,19944.5,5.25,-5.25,stop,1,0.8773584905660378,0.03773584905660377,0.08490566037735849,-331.0,-137.49051458661415,1
2024-10-01T10:50:00.000000,2024-10-01T10:51:00.000000,2024,2024-10,10,51,19898.5,19908.75,19878.0,10.25,-10.25,stop,1,0.6692913385826772,0.06299212598425197,0.2677165354330709,-388.75,-121.81400708767615,1
2024-10-15T08:41:00.000000,2024-10-15T08:42:00.000000,2024,2024-10,8,42,20377.5,20380.25,20372.0,2.75,-2.75,stop,1,0.898936170212766,0.0851063829787234,0.015957446808510637,-302.5,-186.65003256991258,2
2024-10-15T08:46:00.000000,2024-10-15T08:47:00.000000,2024,2024-10,8,47,20402.0,20404.75,20396.5,2.75,-2.75,stop,1,0.9325842696629213,0.0449438202247191,0.02247191011235955,-277.75,-150.79062527425413,2
2024-10-16T08:45:00.000000,2024-10-16T08:46:00.000000,2024,2024-10,8,46,20267.75,20272.25,20258.75,4.5,-4.5,stop,1,0.7358490566037735,0.09433962264150944,0.16981132075471697,-391.25,-40.65781531775792,3
2024-10-21T08:44:00.000000,2024-10-21T08:45:00.000000,2024,2024-10,8,45,20435.0,20450.75,20403.5,15.75,31.5,target,1,0.9655172413793104,0.034482758620689655,0.0,-89.0,-30.507373109197943,5
2024-10-21T08:47:00.000000,2024-10-21T08:48:00.000000,2024,2024-10,8,48,20423.0,20429.25,20410.5,6.25,-6.25,stop,1,0.7045454545454546,0.06818181818181818,0.22727272727272727,-99.0,-37.38945876670914,6
2024-10-23T10:27:00.000000,2024-10-23T10:28:00.000000,2024,2024-10,10,28,20263.75,20281.0,20229.25,17.25,-17.25,stop,23,0.890625,0.046875,0.0625,-338.5,-137.30710640443067,1
2024-10-24T10:19:00.000000,2024-10-24T10:20:00.000000,2024,2024-10,10,20,20283.75,20285.5,20280.25,1.75,-1.75,stop,1,0.8809523809523809,0.07142857142857142,0.047619047619047616,-259.5,-56.89014638159642,3
2024-10-24T10:23:00.000000,2024-10-24T10:24:00.000000,2024,2024-10,10,24,20301.25,20305.25,20293.25,4.0,-4.0,stop,1,0.7222222222222222,0.05555555555555555,0.2222222222222222,-241.25,-38.027297790089506,3
2024-10-24T10:27:00.000000,2024-10-24T10:28:00.000000,2024,2024-10,10,28,20319.25,20323.0,20311.75,3.75,-3.75,stop,1,0.7446808510638298,0.06382978723404255,0.19148936170212766,-223.75,-20.22504760538868,3
2024-10-30T10:36:00.000000,2024-10-30T10:37:00.000000,2024,2024-10,10,37,20643.0,20656.25,20616.5,13.25,-13.25,stop,3,0.8863636363636364,0.0,0.11363636363636363,-119.75,-21.548928863503534,1
2024-10-31T08:46:00.000000,2024-10-31T08:47:00.000000,2024,2024-10,8,47,20108.25,20132.75,20059.25,24.5,49.0,target,18,0.8571428571428571,0.03296703296703297,0.10989010989010989,-679.75,-155.4073473091521,1
2024-10-31T08:47:00.000000,2024-10-31T08:48:00.000000,2024,2024-10,8,48,20092.0,20116.5,20043.0,24.5,-24.5,stop,20,0.7142857142857143,0.01098901098901099,0.27472527472527475,-696.5,-169.8587598016129,1
2024-11-04T08:33:00.000000,2024-11-04T08:34:00.000000,2024,2024-11,8,34,20074.5,20094.5,20034.5,20.0,40.0,target,3,0.8450704225352113,0.014084507042253521,0.14084507042253522,-213.0,-84.08812160777597,2
2024-11-04T08:38:00.000000,2024-11-04T08:39:00.000000,2024,2024-11,8,39,20028.25,20035.0,20014.75,6.75,-6.75,stop,1,0.75,0.029411764705882353,0.22058823529411764,-258.75,-114.94266240172146,3
2024-11-04T10:39:00.000000,2024-11-04T10:40:00.000000,2024,2024-11,10,40,20125.0,20135.5,20104.0,10.5,21.0,target,4,0.9722222222222222,0.027777777777777776,0.0,-163.25,-24.406359789347334,1
2024-11-04T10:44:00.000000,2024-11-04T10:45:00.000000,2024,2024-11,10,45,20108.0,20110.75,20102.5,2.75,5.5,target,1,0.8113207547169812,0.11320754716981132,0.07547169811320754,-180.25,-40.317784068527544,2
2024-11-12T10:12:00.000000,2024-11-12T10:13:00.000000,2024,2024-11,10,13,21175.5,21190.0,21146.5,14.5,-14.5,stop,7,0.7843137254901961,0.0784313725490196,0.13725490196078433,-164.5,-31.498718043007102,2
2024-11-12T10:23:00.000000,2024-11-12T10:24:00.000000,2024,2024-11,10,24,21176.25,21191.25,21146.25,15.0,30.0,target,25,0.8214285714285714,0.07142857142857142,0.10714285714285714,-164.5,-30.55733902684733,2
2024-11-12T10:26:00.000000,2024-11-12T10:27:00.000000,2024,2024-11,10,27,21184.25,21186.75,21179.25,2.5,-2.5,stop,1,0.9649122807017544,0.03508771929824561,0.0,-156.0,-21.709760496461968,2
2024-11-12T10:43:00.000000,2024-11-12T10:44:00.000000,2024,2024-11,10,44,21154.75,21167.75,21128.75,13.0,-13.0,stop,7,0.8297872340425532,0.06382978723404255,0.10638297872340426,-186.0,-49.92450600228767,2
2024-11-12T10:50:00.000000,2024-11-12T10:51:00.000000,2024,2024-11,10,51,21167.5,21171.0,21160.5,3.5,-3.5,stop,1,0.8811881188118812,0.06930693069306931,0.04950495049504951,-173.0,-35.560702866838255,2
2024-11-13T08:49:00.000000,2024-11-13T08:50:00.000000,2024,2024-11,8,50,21130.75,21149.0,21094.25,18.25,-18.25,stop,2,0.8157894736842105,0.11842105263157894,0.06578947368421052,-121.5,-32.55035498241705,2
2024-11-14T08:42:00.000000,2024-11-14T08:43:00.000000,2024,2024-11,8,43,21111.25,21114.25,21105.25,3.0,-3.0,stop,1,0.8095238095238095,0.1111111111111111,0.07936507936507936,-157.5,-33.365228791270056,1
2024-11-14T10:14:00.000000,2024-11-14T10:15:00.000000,2024,2024-11,10,15,21097.75,21110.5,21072.25,12.75,-12.75,stop,8,0.7777777777777778,0.044444444444444446,0.17777777777777778,-170.75,-21.231857314771332,2
2024-11-14T10:16:00.000000,2024-11-14T10:17:00.000000,2024,2024-11,10,17,21094.25,21109.0,21064.75,14.75,-14.75,stop,6,0.9038461538461539,0.0,0.09615384615384616,-174.5,-24.885120509341505,2
2024-11-14T10:18:00.000000,2024-11-14T10:19:00.000000,2024,2024-11,10,19,21093.25,21104.5,21070.75,11.25,-11.25,stop,3,0.7368421052631579,0.0,0.2631578947368421,-175.5,-25.806140956457966,2
2024-11-15T08:34:00.000000,2024-11-15T08:35:00.000000,2024,2024-11,8,35,20733.0,20754.0,20691.0,21.0,42.0,target,9,0.8933333333333333,0.0,0.10666666666666667,-457.0,-99.19461507325104,2
2024-11-15T08:35:00.000000,2024-11-15T08:36:00.000000,2024,2024-11,8,36,20715.75,20735.75,20675.75,20.0,-20.0,stop,14,0.8860759493670886,0.0759493670886076,0.0379746835443038,-474.75,-113.81512153485528,2
2024-11-15T08:39:00.000000,2024-11-15T08:40:00.000000,2024,2024-11,8,40,20699.5,20713.0,20672.5,13.5,-13.5,stop,1,0.851063829787234,0.02127659574468085,0.1276595744680851,-490.75,-122.1533998054474,2
2024-11-15T08:40:00.000000,2024-11-15T08:41:00.000000,2024,2024-11,8,41,20720.75,20724.5,20713.25,3.75,-3.75,stop,1,0.8958333333333334,0.041666666666666664,0.0625,-469.25,-99.01787115542902,2
2024-11-15T08:42:00.000000,2024-11-15T08:43:00.000000,2024,2024-11,8,43,20699.75,20719.0,20661.25,19.25,-19.25,stop,6,0.8450704225352113,0.0,0.15492957746478872,-491.0,-117.2497574300578,2
2024-11-15T08:47:00.000000,2024-11-15T08:48:00.000000,2024,2024-11,8,48,20708.25,20712.5,20699.75,4.25,-4.25,stop,1,0.7636363636363637,0.07272727272727272,0.16363636363636364,-482.0,-100.81950336549198,1
2024-11-20T08:35:00.000000,2024-11-20T08:36:00.000000,2024,2024-11,8,36,20705.0,20726.25,20662.5,21.25,42.5,target,4,0.9210526315789473,0.0,0.07894736842105263,-87.25,-82.70594433893348,3
2024-11-20T08:46:00.000000,2024-11-20T08:47:00.000000,2024,2024-11,8,47,20663.25,20667.5,20654.75,4.25,-4.25,stop,1,0.797752808988764,0.07865168539325842,0.12359550561797752,-129.75,-102.07087993839741,3
2024-11-22T10:25:00.000000,2024-11-22T10:26:00.000000,2024,2024-11,10,26,20761.0,20780.75,20721.5,19.75,-19.75,stop,4,0.8333333333333334,0.07692307692307693,0.08974358974358974,-145.0,-32.9158302076612,5
2024-11-22T10:27:00.000000,2024-11-22T10:28:00.000000,2024,2024-11,10,28,20761.75,20766.25,20752.75,4.5,-4.5,stop,1,0.7446808510638298,0.02127659574468085,0.23404255319148937,-144.25,-31.90335069644061,5
2024-11-22T10:33:00.000000,2024-11-22T10:34:00.000000,2024,2024-11,10,34,20751.25,20768.5,20716.75,17.25,-17.25,stop,2,0.8676470588235294,0.07352941176470588,0.058823529411764705,-155.0,-42.15522670025166,4
2024-11-22T10:34:00.000000,2024-11-22T10:35:00.000000,2024,2024-11,10,35,20761.5,20765.75,20753.0,4.25,-4.25,stop,1,0.7321428571428571,0.10714285714285714,0.16071428571428573,-144.25,-31.318195735373592,4
2024-11-22T10:35:00.000000,2024-11-22T10:36:00.000000,2024,2024-11,10,36,20770.5,20775.75,20760.0,5.25,-5.25,stop,2,0.6851851851851852,0.09259259259259259,0.2222222222222222,-135.0,-21.986110592337354,4
2024-11-22T10:43:00.000000,2024-11-22T10:44:00.000000,2024,2024-11,10,44,20763.75,20784.25,20722.75,20.5,-20.5,stop,5,0.7733333333333333,0.0,0.22666666666666666,-142.25,-29.027939759798755,2
2024-11-22T10:45:00.000000,2024-11-22T10:46:00.000000,2024,2024-11,10,46,20768.0,20771.5,20761.0,3.5,-3.5,stop,1,0.6875,0.10416666666666667,0.20833333333333334,-138.75,-25.344816591947165,2
2024-11-27T08:46:00.000000,2024-11-27T08:47:00.000000,2024,2024-11,8,47,20892.0,20897.0,20882.0,5.0,-5.0,stop,1,0.8148148148148148,0.04938271604938271,0.13580246913580246,-132.5,-38.2943031828363,1
2024-12-03T08:37:00.000000,2024-12-03T08:38:00.000000,2024,2024-12,8,38,21167.5,21189.25,21124.0,21.75,-21.75,stop,2,0.963855421686747,0.024096385542168676,0.012048192771084338,-92.75,-24.903214652651513,1
2024-12-10T10:12:00.000000,2024-12-10T10:13:00.000000,2024,2024-12,10,13,21496.5,21501.0,21487.5,4.5,-4.5,stop,6,0.828125,0.046875,0.125,-209.25,-34.95942133726567,4
2024-12-10T10:18:00.000000,2024-12-10T10:19:00.000000,2024,2024-12,10,19,21500.25,21505.5,21489.75,5.25,-5.25,stop,3,0.7021276595744681,0.0425531914893617,0.2553191489361702,-205.75,-30.69748130467633,4
2024-12-10T10:22:00.000000,2024-12-10T10:23:00.000000,2024,2024-12,10,23,21505.25,21513.0,21489.75,7.75,15.5,target,4,0.8333333333333334,0.08333333333333333,0.08333333333333333,-200.75,-25.3212976742725,2
2024-12-10T10:24:00.000000,2024-12-10T10:25:00.000000,2024,2024-12,10,25,21493.0,21509.5,21460.0,16.5,33.0,target,10,0.9122807017543859,0.017543859649122806,0.07017543859649122,-212.75,-37.096073852153495,2
2024-12-10T10:25:00.000000,2024-12-10T10:26:00.000000,2024,2024-12,10,26,21509.0,21511.0,21505.0,2.0,4.0,target,1,0.953125,0.0,0.046875,-198.0,-22.249237628839182,2
2024-12-10T10:31:00.000000,2024-12-10T10:32:00.000000,2024,2024-12,10,32,21468.0,21481.0,21442.0,13.0,-13.0,stop,25,0.8863636363636364,0.022727272727272728,0.09090909090909091,-238.0,-60.527253416963504,2
2024-12-10T10:50:00.000000,2024-12-10T10:51:00.000000,2024,2024-12,10,51,21474.25,21477.0,21468.75,2.75,-2.75,stop,1,0.8611111111111112,0.08333333333333333,0.05555555555555555,-231.75,-48.61727527360563,2
2024-12-12T08:34:00.000000,2024-12-12T08:35:00.000000,2024,2024-12,8,35,21677.25,21681.0,21669.75,3.75,-3.75,stop,1,0.7887323943661971,0.11267605633802817,0.09859154929577464,-142.75,-30.498697853283375,1
2024-12-12T08:50:00.000000,2024-12-12T08:51:00.000000,2024,2024-12,8,51,21660.75,21673.75,21634.75,13.0,-13.0,stop,1,0.7872340425531915,0.0851063829787234,0.1276595744680851,-159.0,-38.81915398016645,1
2024-12-13T10:15:00.000000,2024-12-13T10:16:00.000000,2024,2024-12,10,16,21694.0,21697.0,21688.0,3.0,-3.0,stop,1,0.8378378378378378,0.0945945945945946,0.06756756756756757,-78.75,-101.57908632560066,3
2024-12-13T10:26:00.000000,2024-12-13T10:27:00.000000,2024,2024-12,10,27,21689.75,21713.75,21641.75,24.0,-24.0,stop,4,0.9032258064516129,0.043010752688172046,0.053763440860215055,-83.0,-101.89011798495994,2
2024-12-17T08:40:00.000000,2024-12-17T08:41:00.000000,2024,2024-12,8,41,22298.25,22316.5,22261.75,18.25,-18.25,stop,1,0.8970588235294118,0.04411764705882353,0.058823529411764705,-151.75,-31.51553096978023,1
2024-12-18T10:17:00.000000,2024-12-18T10:18:00.000000,2024,2024-12,10,18,22273.75,22290.0,22241.25,16.25,-16.25,stop,11,0.8787878787878788,0.10606060606060606,0.015151515151515152,-152.5,-27.378933286130632,1
2024-12-18T10:21:00.000000,2024-12-18T10:22:00.000000,2024,2024-12,10,22,22253.0,22265.5,22228.0,12.5,-12.5,stop,2,0.6666666666666666,0.044444444444444446,0.28888888888888886,-173.0,-47.08764643905306,1
2024-12-18T10:25:00.000000,2024-12-18T10:26:00.000000,2024,2024-12,10,26,22277.75,22281.75,22269.75,4.0,-4.0,stop,1,0.7678571428571429,0.10714285714285714,0.125,-147.75,-21.145154436075245,1
2024-12-19T10:15:00.000000,2024-12-19T10:16:00.000000,2024,2024-12,10,16,21507.75,21516.75,21489.75,9.0,18.0,target,1,0.7876712328767124,0.00684931506849315,0.2054794520547945,-880.5,-65.12875863583031,1
2024-12-19T10:17:00.000000,2024-12-19T10:18:00.000000,2024,2024-12,10,18,21511.75,21518.5,21498.25,6.75,13.5,target,1,0.7301587301587301,0.0,0.2698412698412698,-875.5,-59.74639263993595,1
2024-12-19T10:20:00.000000,2024-12-19T10:21:00.000000,2024,2024-12,10,21,21533.0,21537.75,21523.5,4.75,-4.75,stop,1,0.8846153846153846,0.06153846153846154,0.05384615384615385,-853.75,-37.54918401307077,1
2024-12-23T08:47:00.000000,2024-12-23T08:48:00.000000,2024,2024-12,8,48,21612.5,21619.5,21598.5,7.0,14.0,target,1,0.7647058823529411,0.0392156862745098,0.19607843137254902,-199.75,-32.14103866228834,1
2024-12-27T08:44:00.000000,2024-12-27T08:45:00.000000,2024,2024-12,8,45,21681.75,21705.5,21634.25,23.75,-23.75,stop,1,0.9770114942528736,0.022988505747126436,0.0,-429.0,-169.4629517259964,2
2024-12-30T10:23:00.000000,2024-12-30T10:24:00.000000,2024,2024-12,10,24,21385.0,21399.25,21356.5,14.25,-14.25,stop,6,0.7547169811320755,0.09433962264150944,0.1509433962264151,-622.75,-27.099850324386352,1
2025-01-07T10:20:00.000000,2025-01-07T10:21:00.000000,2025,2025-01,10,21,21533.25,21537.75,21524.25,4.5,-4.5,stop,1,0.765625,0.09375,0.140625,-363.25,-96.38950362671312,1
2025-01-07T10:39:00.000000,2025-01-07T10:40:00.000000,2025,2025-01,10,40,21540.5,21547.25,21527.0,6.75,-6.75,stop,1,0.8,0.10857142857142857,0.09142857142857143,-355.5,-80.73822194593595,1
2025-01-07T10:43:00.000000,2025-01-07T10:44:00.000000,2025,2025-01,10,44,21516.5,21531.5,21486.5,15.0,30.0,target,7,0.6896551724137931,0.05172413793103448,0.25862068965517243,-381.0,-105.0233940813232,1
2025-01-07T10:48:00.000000,2025-01-07T10:49:00.000000,2025,2025-01,10,49,21506.75,21531.5,21457.25,24.75,49.5,target,4,0.8404255319148937,0.0425531914893617,0.11702127659574468,-389.75,-112.57270270200388,1
2025-01-13T08:43:00.000000,2025-01-13T08:44:00.000000,2025,2025-01,8,44,20773.5,20778.75,20763.0,5.25,-5.25,stop,1,0.9311740890688259,0.016194331983805668,0.05263157894736842,-599.0,-31.52242547001515,1
2025-01-13T10:22:00.000000,2025-01-13T10:23:00.000000,2025,2025-01,10,23,20774.0,20775.75,20770.5,1.75,-1.75,stop,1,0.8888888888888888,0.1111111111111111,0.0,-598.75,-25.673050275072455,1
2025-01-13T10:26:00.000000,2025-01-13T10:27:00.000000,2025,2025-01,10,27,20753.25,20774.5,20710.75,21.25,-21.25,stop,7,0.7974683544303798,0.0,0.20253164556962025,-619.75,-46.18474074160622,1
2025-01-13T10:37:00.000000,2025-01-13T10:38:00.000000,2025,2025-01,10,38,20769.25,20783.5,20740.75,14.25,-14.25,stop,3,0.9056603773584906,0.09433962264150944,0.0,-603.0,-28.688916876573785,1
2025-01-14T10:16:00.000000,2025-01-14T10:17:00.000000,2025,2025-01,10,17,20919.5,20922.25,20914.0,2.75,5.5,target,1,0.9223300970873787,0.02912621359223301,0.04854368932038835,-118.0,-113.55682502797208,3
2025-01-14T10:29:00.000000,2025-01-14T10:30:00.000000,2025,2025-01,10,30,20904.25,20924.5,20863.75,20.25,-20.25,stop,1,0.9493670886075949,0.02531645569620253,0.02531645569620253,-133.75,-124.10289065352117,2
2025-01-14T10:30:00.000000,2025-01-14T10:31:00.000000,2025,2025-01,10,31,20919.75,20927.0,20905.25,7.25,-7.25,stop,1,0.7252747252747253,0.08791208791208792,0.18681318681318682,-116.25,-106.12895453047167,2
2025-01-14T10:39:00.000000,2025-01-14T10:40:00.000000,2025,2025-01,10,40,20891.0,20895.5,20882.0,4.5,-4.5,stop,1,0.6666666666666666,0.09259259259259259,0.24074074074074073,-146.75,-133.67575061324897,2
2025-01-14T10:43:00.000000,2025-01-14T10:44:00.000000,2025,2025-01,10,44,20847.5,20867.5,20807.5,20.0,-20.0,stop,28,0.7160493827160493,0.07407407407407407,0.20987654320987653,-190.25,-174.15086477923614,2
2025-01-14T10:46:00.000000,2025-01-14T10:47:00.000000,2025,2025-01,10,47,20858.25,20862.0,20850.75,3.75,-3.75,stop,1,0.9142857142857143,0.014285714285714285,0.07142857142857142,-178.25,-160.33036863296002,2
2025-01-16T10:47:00.000000,2025-01-16T10:48:00.000000,2025,2025-01,10,48,21352.5,21375.75,21306.0,23.25,-23.25,stop,3,0.7319587628865979,0.10309278350515463,0.16494845360824742,-100.75,-72.32813781202276,3
2025-01-16T10:49:00.000000,2025-01-16T10:50:00.000000,2025,2025-01,10,50,21370.75,21372.5,21367.25,1.75,-1.75,stop,1,0.9318181818181818,0.06818181818181818,0.0,-82.25,-53.57463690806253,3
2025-01-28T08:45:00.000000,2025-01-28T08:46:00.000000,2025,2025-01,8,46,21212.25,21218.25,21200.25,6.0,12.0,target,1,0.875968992248062,0.0,0.12403100775193798,-558.75,-85.77456486486335,3
2025-01-28T08:47:00.000000,2025-01-28T08:48:00.000000,2025,2025-01,8,48,21165.25,21187.75,21120.25,22.5,-22.5,stop,2,0.7613636363636364,0.09090909090909091,0.14772727272727273,-605.25,-128.49588385717288,3
2025-01-30T08:36:00.000000,2025-01-30T08:37:00.000000,2025,2025-01,8,37,21616.5,21623.0,21603.5,6.5,-6.5,stop,1,0.725,0.0875,0.1875,-79.75,-22.96231744450779,1
2025-01-30T10:15:00.000000,2025-01-30T10:16:00.000000,2025,2025-01,10,16,21451.75,21454.25,21446.75,2.5,5.0,target,1,0.9716981132075472,0.0,0.02830188679245283,-245.5,-155.22051528102747,2
2025-01-30T10:23:00.000000,2025-01-30T10:24:00.000000,2025,2025-01,10,24,21513.25,21518.75,21502.25,5.5,-5.5,stop,1,0.8181818181818182,0.0,0.18181818181818182,-183.25,-88.9540857775828,1
2025-01-30T10:26:00.000000,2025-01-30T10:27:00.000000,2025,2025-01,10,27,21519.75,21541.75,21475.75,22.0,-22.0,stop,3,0.7752808988764045,0.10112359550561797,0.12359550561797752,-177.25,-81.61708393907611,1
2025-01-30T10:29:00.000000,2025-01-30T10:30:00.000000,2025,2025-01,10,30,21549.75,21552.75,21543.75,3.0,-3.0,stop,1,0.9411764705882353,0.029411764705882353,0.029411764705882353,-146.75,-50.56341881303524,1
2025-01-30T10:39:00.000000,2025-01-30T10:40:00.000000,2025,2025-01,10,40,21551.5,21556.5,21541.5,5.0,10.0,target,1,0.7764705882352941,0.058823529411764705,0.16470588235294117,-146.0,-47.74250882004708,1
2025-01-30T10:50:00.000000,2025-01-30T10:51:00.000000,2025,2025-01,10,51,21573.75,21577.5,21566.25,3.75,-3.75,stop,1,0.7551020408163265,0.10204081632653061,0.14285714285714285,-123.25,-24.05299928124805,1
2025-02-07T10:16:00.000000,2025-02-07T10:17:00.000000,2025,2025-02,10,17,21677.5,21688.0,21656.5,10.5,-10.5,stop,1,0.6846846846846847,0.036036036036036036,0.27927927927927926,-204.0,-123.42071356567612,2
2025-02-07T10:32:00.000000,2025-02-07T10:33:00.000000,2025,2025-02,10,33,21657.0,21680.75,21609.5,23.75,-23.75,stop,2,0.7142857142857143,0.06593406593406594,0.21978021978021978,-224.75,-136.5176229458557,1
2025-02-07T10:40:00.000000,2025-02-07T10:41:00.000000,2025,2025-02,10,41,21671.25,21677.5,21658.75,6.25,-6.25,stop,1,0.7894736842105263,0.06315789473684211,0.14736842105263157,-210.25,-118.88156723523934,1
2025-02-07T10:47:00.000000,2025-02-07T10:48:00.000000,2025,2025-02,10,48,21646.0,21654.0,21630.0,8.0,-8.0,stop,1,0.7327586206896551,0.07758620689655173,0.1896551724137931,-235.75,-140.47518173557546,1
2025-02-18T08:48:00.000000,2025-02-18T08:49:00.000000,2025,2025-02,8,49,22189.25,22195.75,22176.25,6.5,13.0,target,2,0.6891891891891891,0.05405405405405406,0.25675675675675674,-92.75,-71.70332035053434,6
2025-02-18T10:31:00.000000,2025-02-18T10:32:00.000000,2025,2025-02,10,32,22184.0,22200.25,22151.5,16.25,-16.25,stop,16,0.7796610169491526,0.01694915254237288,0.2033898305084746,-98.0,-35.564400906619994,2
2025-02-18T10:43:00.000000,2025-02-18T10:44:00.000000,2025,2025-02,10,44,22180.0,22189.25,22161.5,9.25,-9.25,stop,2,0.7142857142857143,0.0,0.2857142857142857,-101.5,-38.06446919449445,2
2025-02-26T08:31:00.000000,2025-02-26T08:32:00.000000,2025,2025-02,8,32,21238.5,21241.25,21233.0,2.75,5.5,target,1,0.9308510638297872,0.047872340425531915,0.02127659574468085,-436.75,-32.330952143322065,4
2025-02-27T08:45:00.000000,2025-02-27T08:46:00.000000,2025,2025-02,8,46,21226.25,21232.75,21213.25,6.5,13.0,target,1,0.9032258064516129,0.0064516129032258064,0.09032258064516129,-182.0,-59.82301135918169,2
2025-02-27T10:10:00.000000,2025-02-27T10:11:00.000000,2025,2025-02,10,11,21071.5,21080.5,21053.5,9.0,-9.0,stop,1,0.7916666666666666,0.0,0.20833333333333334,-337.0,-93.45158457688012,2
2025-02-27T10:24:00.000000,2025-02-27T10:25:00.000000,2025,2025-02,10,25,21128.75,21151.5,21083.25,22.75,45.5,target,3,0.7333333333333333,0.1,0.16666666666666666,-280.0,-34.76611625352234,2
2025-02-27T10:46:00.000000,2025-02-27T10:47:00.000000,2025,2025-02,10,47,21079.0,21082.0,21073.0,3.0,6.0,target,1,0.8448275862068966,0.08620689655172414,0.06896551724137931,-330.25,-80.49109582772144,1
2025-02-28T08:35:00.000000,2025-02-28T08:36:00.000000,2025,2025-02,8,36,20536.75,20548.25,20513.75,11.5,-11.5,stop,1,0.8654434250764526,0.009174311926605505,0.12538226299694188,-850.5,-64.6239977021578,2
2025-02-28T08:47:00.000000,2025-02-28T08:48:00.000000,2025,2025-02,8,48,20573.5,20596.75,20527.0,23.25,-23.25,stop,1,0.6666666666666666,0.05555555555555555,0.2777777777777778,-813.0,-24.328945961446152,4
2025-03-04T08:33:00.000000,2025-03-04T08:34:00.000000,2025,2025-03,8,34,20296.75,20304.75,20280.75,8.0,-8.0,stop,1,0.7132867132867133,0.1048951048951049,0.18181818181818182,-824.75,-124.2696110457764,3
2025-03-04T08:36:00.000000,2025-03-04T08:37:00.000000,2025,2025-03,8,37,20386.25,20410.75,20337.25,24.5,-24.5,stop,1,0.6690997566909975,0.09002433090024331,0.24087591240875914,-737.0,-31.430475988079706,4
2025-03-07T08:38:00.000000,2025-03-07T08:39:00.000000,2025,2025-03,8,39,20097.5,20102.5,20087.5,5.0,-5.0,stop,1,0.8565217391304348,0.10434782608695652,0.0391304347826087,-549.25,-40.730073089787766,2
2025-03-07T10:32:00.000000,2025-03-07T10:33:00.000000,2025,2025-03,10,33,19859.75,19876.0,19827.25,16.25,-16.25,stop,1,0.8225806451612904,0.11290322580645161,0.06451612903225806,-787.25,-224.85854023056163,1
2025-03-10T08:38:00.000000,2025-03-10T08:39:00.000000,2025,2025-03,8,39,19677.5,19689.75,19653.0,12.25,24.5,target,1,0.6687898089171974,0.10191082802547771,0.22929936305732485,-468.25,-202.43204787234208,1
2025-03-10T08:44:00.000000,2025-03-10T08:45:00.000000,2025,2025-03,8,45,19620.0,19638.75,19582.5,18.75,-18.75,stop,4,0.8507462686567164,0.0,0.14925373134328357,-527.0,-253.49926154719287,1
2025-03-10T08:48:00.000000,2025-03-10T08:49:00.000000,2025,2025-03,8,49,19641.75,19649.0,19627.25,7.25,14.5,target,1,0.7727272727272727,0.05303030303030303,0.17424242424242425,-505.75,-225.09850090106193,1
2025-03-11T08:43:00.000000,2025-03-11T08:44:00.000000,2025,2025-03,8,44,19325.0,19334.5,19306.0,9.5,-9.5,stop,1,0.8918918918918919,0.0,0.10810810810810811,-830.0,-120.60879278733046,3
2025-03-11T10:30:00.000000,2025-03-11T10:31:00.000000,2025,2025-03,10,31,19402.25,19409.5,19387.75,7.25,-7.25,stop,2,0.7078651685393258,0.056179775280898875,0.23595505617977527,-754.25,-37.122143736691214,1
2025-03-12T08:47:00.000000,2025-03-12T08:48:00.000000,2025,2025-03,8,48,19534.75,19545.25,19513.75,10.5,21.0,target,2,0.6846846846846847,0.04504504504504504,0.2702702702702703,-151.0,-84.86917939448176,1
2025-03-12T08:48:00.000000,2025-03-12T08:49:00.000000,2025,2025-03,8,49,19515.25,19537.5,19470.75,22.25,-22.25,stop,5,0.872093023255814,0.09302325581395349,0.03488372093023256,-170.75,-104.23388070473811,1
2025-03-13T10:14:00.000000,2025-03-13T10:15:00.000000,2025,2025-03,10,15,19308.0,19326.75,19270.5,18.75,-18.75,stop,16,0.8536585365853658,0.0975609756097561,0.04878048780487805,-482.5,-157.02365018624914,1
2025-03-13T10:34:00.000000,2025-03-13T10:35:00.000000,2025,2025-03,10,35,19358.0,19362.0,19350.0,4.0,8.0,target,1,0.8214285714285714,0.0,0.17857142857142858,-432.5,-101.87241604614974,1
2025-03-13T10:37:00.000000,2025-03-13T10:38:00.000000,2025,2025-03,10,38,19378.75,19387.75,19360.75,9.0,-9.0,stop,1,0.7068965517241379,0.07758620689655173,0.21551724137931033,-409.25,-78.02695042071718,1
2025-03-18T08:33:00.000000,2025-03-18T08:34:00.000000,2025,2025-03,8,34,19709.25,19711.75,19704.25,2.5,-2.5,stop,1,0.9385964912280702,0.05263157894736842,0.008771929824561403,-453.5,-105.98986259926824,1
2025-03-18T08:50:00.000000,2025-03-18T08:51:00.000000,2025,2025-03,8,51,19684.75,19690.75,19672.75,6.0,-6.0,stop,1,0.7777777777777778,0.05982905982905983,0.1623931623931624,-479.0,-121.7201120379541,2
2025-03-18T10:29:00.000000,2025-03-18T10:30:00.000000,2025,2025-03,10,30,19747.25,19751.75,19738.25,4.5,-4.5,stop,1,0.8791208791208791,0.02197802197802198,0.0989010989010989,-415.5,-21.501824842322094,2
2025-03-18T10:35:00.000000,2025-03-18T10:36:00.000000,2025,2025-03,10,36,19745.5,19750.5,19735.5,5.0,10.0,target,2,0.8153846153846154,0.0,0.18461538461538463,-417.5,-23.038098106135294,2
2025-03-18T10:39:00.000000,2025-03-18T10:40:00.000000,2025,2025-03,10,40,19740.0,19746.0,19728.0,6.0,12.0,target,2,0.7529411764705882,0.08235294117647059,0.16470588235294117,-422.5,-27.710217139068845,2
2025-03-18T10:42:00.000000,2025-03-18T10:43:00.000000,2025,2025-03,10,43,19705.75,19728.5,19660.25,22.75,45.5,target,9,0.9764705882352941,0.023529411764705882,0.0,-457.25,-62.14642403061953,2
2025-03-18T10:44:00.000000,2025-03-18T10:45:00.000000,2025,2025-03,10,45,19686.0,19706.25,19645.5,20.25,-20.25,stop,13,0.725,0.1125,0.1625,-476.5,-80.98700531939176,2
2025-03-27T10:48:00.000000,2025-03-27T10:49:00.000000,2025,2025-03,10,49,20055.0,20071.0,20023.0,16.0,32.0,target,8,0.8524590163934426,0.08196721311475409,0.06557377049180328,-481.75,-24.718088667475968,3
2025-03-28T08:38:00.000000,2025-03-28T08:39:00.000000,2025,2025-03,8,39,19625.25,19631.25,19613.25,6.0,-6.0,stop,1,0.7692307692307693,0.09401709401709402,0.13675213675213677,-574.25,-214.1764571129679,1
2025-03-31T08:45:00.000000,2025-03-31T08:46:00.000000,2025,2025-03,8,46,19118.75,19122.25,19111.75,3.5,-3.5,stop,1,0.859375,0.0625,0.078125,-246.0,-25.341208145175187,1
2025-04-04T10:13:00.000000,2025-04-04T10:14:00.000000,2025,2025-04,10,14,17935.25,17943.0,17919.75,7.75,-7.75,stop,1,0.8756476683937824,0.02072538860103627,0.10362694300518134,-1241.0,-187.3524292382499,1
2025-04-04T10:41:00.000000,2025-04-04T10:42:00.000000,2025,2025-04,10,42,17823.0,17827.25,17814.5,4.25,-4.25,stop,1,0.7971014492753623,0.08695652173913043,0.11594202898550725,-1353.75,-277.65551639559635,2
2025-04-10T08:30:00.000000,2025-04-10T08:31:00.000000,2025,2025-04,8,31,18692.5,18703.0,18671.5,10.5,-10.5,stop,1,0.8078602620087336,0.0,0.19213973799126638,-696.75,-175.15503422244728,1
2025-04-10T08:34:00.000000,2025-04-10T08:35:00.000000,2025,2025-04,8,35,18755.25,18765.0,18735.75,9.75,19.5,target,1,0.7111111111111111,0.08888888888888889,0.2,-630.5,-106.32464954314128,1
2025-04-10T08:36:00.000000,2025-04-10T08:37:00.000000,2025,2025-04,8,37,18773.25,18782.75,18754.25,9.5,19.0,target,1,0.7371428571428571,0.08,0.18285714285714286,-614.0,-88.78326492003907,1
2025-04-11T08:33:00.000000,2025-04-11T08:34:00.000000,2025,2025-04,8,34,18429.5,18437.75,18413.0,8.25,-8.25,stop,1,0.8567335243553008,0.08022922636103152,0.06303724928366762,-953.25,-61.3015873931181,2
2025-04-17T10:14:00.000000,2025-04-17T10:15:00.000000,2025,2025-04,10,15,18394.0,18400.75,18380.5,6.75,-6.75,stop,1,0.7534246575342466,0.10273972602739725,0.14383561643835616,-467.75,-42.89324281943482,1
2025-04-17T10:17:00.000000,2025-04-17T10:18:00.000000,2025,2025-04,10,18,18405.0,18429.5,18356.0,24.5,-24.5,stop,2,0.8217821782178217,0.1188118811881188,0.0594059405940594,-456.0,-30.883352422122698,1
2025-04-17T10:46:00.000000,2025-04-17T10:47:00.000000,2025,2025-04,10,47,18416.0,18420.75,18406.5,4.75,-4.75,stop,1,0.9137931034482759,0.0,0.08620689655172414,-446.25,-20.734601213516726,1
2025-05-07T10:43:00.000000,2025-05-07T10:44:00.000000,2025,2025-05,10,44,19862.75,19867.75,19852.75,5.0,-5.0,stop,1,0.66,0.12,0.22,-270.75,-47.10652961198866,1
2025-05-09T08:44:00.000000,2025-05-09T08:45:00.000000,2025,2025-05,8,45,20110.25,20114.0,20102.75,3.75,-3.75,stop,1,0.8055555555555556,0.1111111111111111,0.08333333333333333,-227.5,-83.72005554783391,3
2025-05-09T10:16:00.000000,2025-05-09T10:17:00.000000,2025,2025-05,10,17,20094.75,20117.5,20049.25,22.75,-22.75,stop,3,0.9761904761904762,0.0,0.023809523809523808,-242.75,-81.58432120066936,3
2025-05-09T10:17:00.000000,2025-05-09T10:18:00.000000,2025,2025-05,10,18,20106.75,20111.75,20096.75,5.0,-5.0,stop,1,0.8571428571428571,0.047619047619047616,0.09523809523809523,-229.0,-67.68585568160051,3
2025-05-09T10:31:00.000000,2025-05-09T10:32:00.000000,2025,2025-05,10,32,20098.75,20116.5,20063.25,17.75,-17.75,stop,5,0.7857142857142857,0.1,0.11428571428571428,-238.5,-75.23291755307582,2
2025-05-09T10:38:00.000000,2025-05-09T10:39:00.000000,2025,2025-05,10,39,20123.0,20134.0,20101.0,11.0,22.0,target,7,0.8157894736842105,0.07894736842105263,0.10526315789473684,-214.0,-49.882499233495764,2
2025-05-16T08:39:00.000000,2025-05-16T08:40:00.000000,2025,2025-05,8,40,21376.0,21390.0,21348.0,14.0,28.0,target,4,0.8367346938775511,0.061224489795918366,0.10204081632653061,-153.25,-52.75138024642001,2
2025-05-29T10:14:00.000000,2025-05-29T10:15:00.000000,2025,2025-05,10,15,21405.75,21411.25,21394.75,5.5,-5.5,stop,1,0.8403361344537815,0.058823529411764705,0.10084033613445378,-190.75,-174.00217711634468,2
2025-05-29T10:34:00.000000,2025-05-29T10:35:00.000000,2025,2025-05,10,35,21435.0,21441.75,21421.5,6.75,-6.75,stop,2,0.7288135593220338,0.03389830508474576,0.23728813559322035,-160.75,-137.7785740981708,1
2025-05-30T10:12:00.000000,2025-05-30T10:13:00.000000,2025,2025-05,10,13,21317.75,21339.0,21275.25,21.25,42.5,target,5,0.6625,0.075,0.2625,-540.25,-21.32301306528825,1
2025-05-30T10:17:00.000000,2025-05-30T10:18:00.000000,2025,2025-05,10,18,21275.0,21297.25,21230.5,22.25,44.5,target,10,0.8588235294117647,0.07058823529411765,0.07058823529411765,-583.25,-63.71268841208075,1
2025-06-19T08:45:00.000000,2025-06-19T08:46:00.000000,2025,2025-06,8,46,21699.0,21701.5,21694.0,2.5,-2.5,stop,1,0.9090909090909091,0.07792207792207792,0.012987012987012988,-398.5,-95.54823325126927,2
2025-06-19T08:49:00.000000,2025-06-19T08:50:00.000000,2025,2025-06,8,50,21697.0,21706.5,21678.0,9.5,-9.5,stop,1,0.7096774193548387,0.06451612903225806,0.22580645161290322,-400.5,-96.58959098615378,2
2025-06-19T10:24:00.000000,2025-06-19T10:25:00.000000,2025,2025-06,10,25,21731.25,21733.25,21727.25,2.0,-2.0,stop,1,0.8947368421052632,0.0,0.10526315789473684,-367.0,-47.55126527258835,2
2025-06-19T10:32:00.000000,2025-06-19T10:33:00.000000,2025,2025-06,10,33,21732.5,21737.0,21723.5,4.5,9.0,target,1,0.9230769230769231,0.07692307692307693,0.0,-365.75,-45.911969996875996,1
2025-06-19T10:34:00.000000,2025-06-19T10:35:00.000000,2025,2025-06,10,35,21740.25,21743.75,21733.25,3.5,7.0,target,2,0.8867924528301887,0.0,0.11320754716981132,-357.5,-37.46040352911223,1
2025-06-19T10:41:00.000000,2025-06-19T10:42:00.000000,2025,2025-06,10,42,21726.0,21734.5,21709.0,8.5,-8.5,stop,9,0.7931034482758621,0.0,0.20689655172413793,-372.5,-52.06733762045769,1
2025-06-19T10:45:00.000000,2025-06-19T10:46:00.000000,2025,2025-06,10,46,21722.0,21732.5,21701.0,10.5,-10.5,stop,3,0.775,0.1,0.125,-376.25,-55.59049522178975,1
2025-06-20T10:24:00.000000,2025-06-20T10:25:00.000000,2025,2025-06,10,25,21866.5,21871.25,21857.0,4.75,9.5,target,1,0.8314606741573034,0.056179775280898875,0.11235955056179775,-87.0,-72.64969785781068,2
2025-06-20T10:28:00.000000,2025-06-20T10:29:00.000000,2025,2025-06,10,29,21860.75,21876.0,21830.25,15.25,-15.25,stop,4,0.8103448275862069,0.06896551724137931,0.1206896551724138,-93.25,-78.37225937894618,2
2025-06-20T10:42:00.000000,2025-06-20T10:43:00.000000,2025,2025-06,10,43,21867.5,21884.25,21834.0,16.75,-16.75,stop,3,0.696969696969697,0.06060606060606061,0.24242424242424243,-87.0,-70.79511590741458,2
2025-06-20T10:47:00.000000,2025-06-20T10:48:00.000000,2025,2025-06,10,48,21872.5,21886.0,21845.5,13.5,-13.5,stop,6,0.9607843137254902,0.0392156862745098,0.0,-82.0,-65.19708144895048,2
2025-07-01T08:45:00.000000,2025-07-01T08:46:00.000000,2025,2025-07,8,46,22700.75,22714.25,22673.75,13.5,-13.5,stop,3,0.8823529411764706,0.11764705882352941,0.0,-233.75,-106.19896291270561,3
2025-07-01T08:47:00.000000,2025-07-01T08:48:00.000000,2025,2025-07,8,48,22707.0,22712.0,22697.0,5.0,-5.0,stop,1,0.7701149425287356,0.10344827586206896,0.12643678160919541,-227.5,-97.5380583796723,2
2025-07-04T10:14:00.000000,2025-07-04T10:15:00.000000,2025,2025-07,10,15,22930.0,22932.5,22925.0,2.5,5.0,target,5,0.75,0.0,0.25,-172.25,-21.26680442919678,1
2025-07-04T10:17:00.000000,2025-07-04T10:18:00.000000,2025,2025-07,10,18,22931.0,22933.75,22925.5,2.75,5.5,target,2,0.7142857142857143,0.0,0.2857142857142857,-171.25,-20.23263391466753,1
2025-07-04T10:33:00.000000,2025-07-04T10:34:00.000000,2025,2025-07,10,34,22922.5,22928.0,22911.5,5.5,11.0,target,4,0.7222222222222222,0.1111111111111111,0.16666666666666666,-180.5,-29.099376120913803,1
2025-07-07T08:34:00.000000,2025-07-07T08:35:00.000000,2025,2025-07,8,35,22919.25,22932.0,22893.75,12.75,-12.75,stop,2,0.8666666666666667,0.022222222222222223,0.1111111111111111,-109.5,-27.772187039416167,3
2025-07-07T08:43:00.000000,2025-07-07T08:44:00.000000,2025,2025-07,8,44,22921.5,22933.5,22897.5,12.0,-12.0,stop,7,0.9,0.025,0.075,-106.75,-24.18699492090309,3
2025-07-07T10:26:00.000000,2025-07-07T10:27:00.000000,2025,2025-07,10,27,22886.0,22889.0,22880.0,3.0,-3.0,stop,1,0.8611111111111112,0.1111111111111111,0.027777777777777776,-142.5,-44.50320375398951,4
2025-07-07T10:43:00.000000,2025-07-07T10:44:00.000000,2025,2025-07,10,44,22881.75,22905.5,22834.25,23.75,-23.75,stop,37,0.8913043478260869,0.06521739130434782,0.043478260869565216,-146.5,-46.51970557230379,3
2025-07-07T10:44:00.000000,2025-07-07T10:45:00.000000,2025,2025-07,10,45,22891.0,22895.25,22882.5,4.25,-4.25,stop,1,0.75,0.11538461538461539,0.1346153846153846,-137.0,-36.90871526138653,3
2025-07-07T10:46:00.000000,2025-07-07T10:47:00.000000,2025,2025-07,10,47,22871.75,22891.0,22833.25,19.25,-19.25,stop,24,0.8873239436619719,0.028169014084507043,0.08450704225352113,-156.75,-56.32234480206898,3
2025-07-18T08:37:00.000000,2025-07-18T08:38:00.000000,2025,2025-07,8,38,23196.0,23217.0,23154.0,21.0,-21.0,stop,5,0.810126582278481,0.0379746835443038,0.1518987341772152,-83.75,-65.5134544858629,1
2025-07-18T10:38:00.000000,2025-07-18T10:39:00.000000,2025,2025-07,10,39,23191.75,23196.25,23182.75,4.5,-4.5,stop,1,0.7678571428571429,0.08928571428571429,0.14285714285714285,-87.5,-51.63213069913036,1
2025-07-18T10:47:00.000000,2025-07-18T10:48:00.000000,2025,2025-07,10,48,23199.5,23209.5,23179.5,10.0,-10.0,stop,4,0.8787878787878788,0.0,0.12121212121212122,-80.5,-43.64472382550957,1
2025-07-18T10:49:00.000000,2025-07-18T10:50:00.000000,2025,2025-07,10,50,23199.5,23203.0,23192.5,3.5,-3.5,stop,1,0.8378378378378378,0.0,0.16216216216216217,-80.25,-43.14053581729968,1
2025-07-22T10:10:00.000000,2025-07-22T10:11:00.000000,2025,2025-07,10,11,23205.0,23215.75,23183.5,10.75,-10.75,stop,6,0.7777777777777778,0.027777777777777776,0.19444444444444445,-219.75,-25.240701183807687,1
2025-07-22T10:11:00.000000,2025-07-22T10:12:00.000000,2025,2025-07,10,12,23202.0,23207.75,23190.5,5.75,-5.75,stop,4,0.7647058823529411,0.058823529411764705,0.17647058823529413,-223.0,-28.440447828776087,1
2025-07-23T08:33:00.000000,2025-07-23T08:34:00.000000,2025,2025-07,8,34,23167.25,23179.5,23142.75,12.25,-12.25,stop,9,0.6739130434782609,0.10869565217391304,0.21739130434782608,-199.75,-46.50929621095929,1
2025-07-23T08:35:00.000000,2025-07-23T08:36:00.000000,2025,2025-07,8,36,23165.75,23169.25,23158.75,3.5,-3.5,stop,1,0.8805970149253731,0.04477611940298507,0.07462686567164178,-201.0,-46.848733504655684,1
2025-07-23T08:42:00.000000,2025-07-23T08:43:00.000000,2025,2025-07,8,43,23180.5,23184.0,23173.5,3.5,7.0,target,1,0.8269230769230769,0.038461538461538464,0.1346153846153846,-186.75,-31.102888531309873,1
2025-07-31T08:39:00.000000,2025-07-31T08:40:00.000000,2025,2025-07,8,40,23627.0,23630.25,23620.5,3.25,6.5,target,1,0.8157894736842105,0.10526315789473684,0.07894736842105263,-116.75,-82.76975888240486,1
2025-07-31T08:44:00.000000,2025-07-31T08:45:00.000000,2025,2025-07,8,45,23620.25,23627.0,23606.75,6.75,13.5,target,1,0.7272727272727273,0.0,0.2727272727272727,-123.75,-87.63800492580776,1
2025-07-31T10:38:00.000000,2025-07-31T10:39:00.000000,2025,2025-07,10,39,23588.75,23601.25,23563.75,12.5,-12.5,stop,4,0.7777777777777778,0.044444444444444446,0.17777777777777778,-155.75,-66.74675854174347,1
2025-07-31T10:43:00.000000,2025-07-31T10:44:00.000000,2025,2025-07,10,44,23595.5,23604.25,23578.0,8.75,17.5,target,3,0.7142857142857143,0.03571428571428571,0.25,-148.75,-59.246688012313825,1
2025-07-31T10:50:00.000000,2025-07-31T10:51:00.000000,2025,2025-07,10,51,23571.25,23584.0,23545.75,12.75,25.5,target,12,0.6956521739130435,0.021739130434782608,0.2826086956521739,-173.5,-82.57240145467222,1
2025-08-01T10:47:00.000000,2025-08-01T10:48:00.000000,2025,2025-08,10,48,22953.25,22976.0,22907.75,22.75,45.5,target,9,0.8809523809523809,0.011904761904761904,0.10714285714285714,-891.75,-65.25848223666253,1
2025-08-01T10:50:00.000000,2025-08-01T10:51:00.000000,2025,2025-08,10,51,22939.75,22957.25,22904.75,17.5,35.0,target,6,0.7536231884057971,0.10144927536231885,0.14492753623188406,-905.25,-78.32797841474894,1
2025-08-05T08:33:00.000000,2025-08-05T08:34:00.000000,2025,2025-08,8,34,23254.0,23272.75,23216.5,18.75,37.5,target,9,0.6712328767123288,0.0410958904109589,0.2876712328767123,-106.75,-87.6827872175636,3
2025-08-05T08:41:00.000000,2025-08-05T08:42:00.000000,2025,2025-08,8,42,23222.5,23242.75,23182.0,20.25,40.5,target,3,0.7922077922077922,0.025974025974025976,0.18181818181818182,-138.0,-113.04214457972921,3
2025-08-05T08:43:00.000000,2025-08-05T08:44:00.000000,2025,2025-08,8,44,23191.75,23214.75,23145.75,23.0,46.0,target,5,0.8735632183908046,0.0,0.12643678160919541,-169.0,-140.54457660462504,3
2025-08-14T10:10:00.000000,2025-08-14T10:11:00.000000,2025,2025-08,10,11,23892.75,23905.25,23867.75,12.5,25.0,target,4,0.7804878048780488,0.0,0.21951219512195122,-175.5,-20.169668042137346,2
2025-08-14T10:16:00.000000,2025-08-14T10:17:00.000000,2025,2025-08,10,17,23884.25,23888.75,23875.25,4.5,-4.5,stop,1,0.7254901960784313,0.09803921568627451,0.17647058823529413,-184.0,-27.73135626333533,1
2025-08-15T10:17:00.000000,2025-08-15T10:18:00.000000,2025,2025-08,10,18,23779.5,23794.5,23749.5,15.0,-15.0,stop,25,0.8135593220338984,0.11864406779661017,0.06779661016949153,-228.25,-61.37996520194065,2
2025-08-15T10:25:00.000000,2025-08-15T10:26:00.000000,2025,2025-08,10,26,23783.0,23786.25,23776.5,3.25,-3.25,stop,1,0.7567567567567568,0.10810810810810811,0.13513513513513514,-224.75,-56.92396192857268,2
2025-08-15T10:33:00.000000,2025-08-15T10:34:00.000000,2025,2025-08,10,34,23783.0,23786.0,23777.0,3.0,-3.0,stop,1,0.9636363636363636,0.0,0.03636363636363636,-224.25,-55.290682139722776,2
2025-08-15T10:46:00.000000,2025-08-15T10:47:00.000000,2025,2025-08,10,47,23784.0,23797.5,23757.0,13.5,-13.5,stop,2,0.9574468085106383,0.02127659574468085,0.02127659574468085,-223.75,-53.38316132631371,2
2025-08-18T08:44:00.000000,2025-08-18T08:45:00.000000,2025,2025-08,8,45,23751.75,23766.25,23722.75,14.5,29.0,target,3,0.9607843137254902,0.0392156862745098,0.0,-101.5,-34.71815703570974,1
2025-08-18T08:48:00.000000,2025-08-18T08:49:00.000000,2025,2025-08,8,49,23738.0,23742.75,23728.5,4.75,-4.75,stop,1,0.7971014492753623,0.028985507246376812,0.17391304347826086,-115.75,-46.31535466625428,2
2025-08-19T08:32:00.000000,2025-08-19T08:33:00.000000,2025,2025-08,8,33,23645.5,23654.75,23627.0,9.25,-9.25,stop,1,0.768595041322314,0.01652892561983471,0.21487603305785125,-235.5,-63.96792599408582,2
2025-08-19T08:34:00.000000,2025-08-19T08:35:00.000000,2025,2025-08,8,35,23642.25,23658.75,23609.25,16.5,33.0,target,2,0.9090909090909091,0.09090909090909091,0.0,-240.0,-67.42187422813004,2
2025-08-19T08:35:00.000000,2025-08-19T08:36:00.000000,2025,2025-08,8,36,23629.0,23647.25,23592.5,18.25,36.5,target,7,0.746268656716418,0.07462686567164178,0.1791044776119403,-252.0,-78.9174078655451,2
2025-08-19T08:36:00.000000,2025-08-19T08:37:00.000000,2025,2025-08,8,37,23610.5,23633.25,23565.0,22.75,45.5,target,8,0.8333333333333334,0.06666666666666667,0.1,-271.5,-97.26676821873116,2
2025-08-19T08:40:00.000000,2025-08-19T08:41:00.000000,2025,2025-08,8,41,23615.5,23620.75,23605.0,5.25,-5.25,stop,1,0.7843137254901961,0.0,0.21568627450980393,-265.75,-88.55489839033908,1
2025-08-20T08:45:00.000000,2025-08-20T08:46:00.000000,2025,2025-08,8,46,23083.5,23091.25,23068.0,7.75,15.5,target,1,0.6666666666666666,0.0967741935483871,0.23655913978494625,-740.75,-178.7351919484172,1
2025-08-20T08:47:00.000000,2025-08-20T08:48:00.000000,2025,2025-08,8,48,23081.0,23085.0,23073.0,4.0,-4.0,stop,1,0.9302325581395349,0.015503875968992248,0.05426356589147287,-743.25,-177.56128362873642,1
2025-08-21T10:16:00.000000,2025-08-21T10:17:00.000000,2025,2025-08,10,17,23208.75,23212.75,23200.75,4.0,-4.0,stop,1,0.8333333333333334,0.0,0.16666666666666666,-259.0,-55.60675491409347,1
2025-08-21T10:29:00.000000,2025-08-21T10:30:00.000000,2025,2025-08,10,30,23182.25,23186.0,23174.75,3.75,-3.75,stop,1,0.7941176470588235,0.058823529411764705,0.14705882352941177,-284.75,-79.29755771970304,1
2025-08-21T10:30:00.000000,2025-08-21T10:31:00.000000,2025,2025-08,10,31,23198.75,23203.5,23189.25,4.75,-4.75,stop,1,0.8072289156626506,0.07228915662650602,0.12048192771084337,-268.5,-62.78057467846156,1
2025-08-21T10:36:00.000000,2025-08-21T10:37:00.000000,2025,2025-08,10,37,23189.75,23196.25,23176.75,6.5,13.0,target,1,0.7424242424242424,0.0,0.25757575757575757,-277.5,-70.6538475628331,1
2025-08-21T10:38:00.000000,2025-08-21T10:39:00.000000,2025,2025-08,10,39,23192.25,23195.75,23185.25,3.5,-3.5,stop,1,0.8125,0.020833333333333332,0.16666666666666666,-275.75,-68.60102005078443,1
2025-08-21T10:41:00.000000,2025-08-21T10:42:00.000000,2025,2025-08,10,42,23201.25,23205.25,23193.25,4.0,8.0,target,1,0.8852459016393442,0.01639344262295082,0.09836065573770492,-265.75,-58.24453065359194,1
2025-08-21T10:49:00.000000,2025-08-21T10:50:00.000000,2025,2025-08,10,50,23185.0,23188.5,23178.0,3.5,-3.5,stop,1,0.7142857142857143,0.03571428571428571,0.25,-282.75,-74.27034535695566,1
2025-08-29T08:35:00.000000,2025-08-29T08:36:00.000000,2025,2025-08,8,36,23480.0,23494.5,23451.0,14.5,-14.5,stop,1,0.8301886792452831,0.03773584905660377,0.1320754716981132,-324.0,-95.41095630267955,1
2025-08-29T08:36:00.000000,2025-08-29T08:37:00.000000,2025,2025-08,8,37,23492.0,23500.0,23476.0,8.0,-8.0,stop,1,0.6944444444444444,0.0,0.3055555555555556,-311.25,-82.30139191556736,1
2025-08-29T08:37:00.000000,2025-08-29T08:38:00.000000,2025,2025-08,8,38,23507.0,23511.25,23498.5,4.25,-4.25,stop,2,0.8108108108108109,0.06756756756756757,0.12162162162162163,-296.75,-67.45780475465654,1
2025-08-29T08:41:00.000000,2025-08-29T08:42:00.000000,2025,2025-08,8,42,23487.75,23510.25,23442.75,22.5,45.0,target,8,0.7528089887640449,0.07865168539325842,0.16853932584269662,-316.0,-85.15521445841296,1
2025-08-29T10:12:00.000000,2025-08-29T10:13:00.000000,2025,2025-08,10,13,23468.5,23472.0,23461.5,3.5,-3.5,stop,1,0.7777777777777778,0.1111111111111111,0.1111111111111111,-334.5,-71.70162578221061,1
2025-08-29T10:13:00.000000,2025-08-29T10:14:00.000000,2025,2025-08,10,14,23474.5,23478.75,23466.0,4.25,8.5,target,1,0.6666666666666666,0.08333333333333333,0.25,-329.25,-66.28550776550401,1
2025-08-29T10:18:00.000000,2025-08-29T10:19:00.000000,2025,2025-08,10,19,23465.0,23479.75,23435.5,14.75,-14.75,stop,20,0.9074074074074074,0.0,0.09259259259259259,-339.5,-75.92690996305828,1
2025-08-29T10:28:00.000000,2025-08-29T10:29:00.000000,2025,2025-08,10,29,23455.0,23459.0,23447.0,4.0,-4.0,stop,2,0.696969696969697,0.0,0.30303030303030304,-349.25,-84.33611075135195,1
2025-09-02T10:10:00.000000,2025-09-02T10:11:00.000000,2025,2025-09,10,11,23056.75,23060.0,23050.25,3.25,6.5,target,1,0.9487179487179487,0.02564102564102564,0.02564102564102564,-495.0,-131.3681116593143,1
2025-09-02T10:12:00.000000,2025-09-02T10:13:00.000000,2025,2025-09,10,13,23059.25,23062.0,23053.75,2.75,-2.75,stop,1,0.926829268292683,0.04878048780487805,0.024390243902439025,-492.75,-128.64016390196048,1
2025-09-02T10:15:00.000000,2025-09-02T10:16:00.000000,2025,2025-09,10,16,23074.5,23078.75,23066.0,4.25,8.5,target,1,0.8571428571428571,0.0,0.14285714285714285,-478.0,-113.06537916894013,1
2025-09-02T10:19:00.000000,2025-09-02T10:20:00.000000,2025,2025-09,10,20,23081.25,23083.75,23076.25,2.5,5.0,target,1,0.8846153846153846,0.057692307692307696,0.057692307692307696,-471.5,-105.66057275383355,1
2025-09-02T10:22:00.000000,2025-09-02T10:23:00.000000,2025,2025-09,10,23,23074.5,23084.25,23055.0,9.75,-9.75,stop,15,0.8857142857142857,0.11428571428571428,0.0,-478.0,-111.52197638366124,1
2025-09-02T10:25:00.000000,2025-09-02T10:26:00.000000,2025,2025-09,10,26,23062.25,23076.0,23034.75,13.75,-13.75,stop,1,0.8367346938775511,0.08163265306122448,0.08163265306122448,-489.75,-122.64182178767078,1
2025-09-02T10:26:00.000000,2025-09-02T10:27:00.000000,2025,2025-09,10,27,23074.5,23079.75,23064.0,5.25,-5.25,stop,10,0.7878787878787878,0.06060606060606061,0.15151515151515152,-477.25,-109.89248167420737,1
2025-09-02T10:30:00.000000,2025-09-02T10:31:00.000000,2025,2025-09,10,31,23076.5,23079.0,23071.5,2.5,5.0,target,1,0.9512195121951219,0.024390243902439025,0.024390243902439025,-475.75,-107.772088396654,1
2025-09-02T10:32:00.000000,2025-09-02T10:33:00.000000,2025,2025-09,10,33,23068.75,23077.75,23050.75,9.0,-9.0,stop,3,0.8823529411764706,0.11764705882352941,0.0,-484.25,-115.9567208816261,1
2025-09-02T10:40:00.000000,2025-09-02T10:41:00.000000,2025,2025-09,10,41,23087.5,23091.5,23079.5,4.0,-4.0,stop,2,0.8507462686567164,0.029850746268656716,0.11940298507462686,-465.0,-95.32082241203534,1
2025-09-02T10:42:00.000000,2025-09-02T10:43:00.000000,2025,2025-09,10,43,23094.0,23097.75,23086.5,3.75,-3.75,stop,1,0.6666666666666666,0.07407407407407407,0.25925925925925924,-458.5,-88.53843932603559,1
2025-09-05T08:48:00.000000,2025-09-05T08:49:00.000000,2025,2025-09,8,49,23570.25,23588.25,23534.25,18.0,-18.0,stop,1,0.8356164383561644,0.0958904109589041,0.0684931506849315,-144.0,-201.0653893782037,4
2025-09-05T10:23:00.000000,2025-09-05T10:24:00.000000,2025,2025-09,10,24,23631.0,23635.25,23622.5,4.25,-4.25,stop,1,0.7790697674418605,0.11627906976744186,0.10465116279069768,-82.75,-85.01784350959133,1
2025-09-05T10:26:00.000000,2025-09-05T10:27:00.000000,2025,2025-09,10,27,23635.75,23640.75,23625.75,5.0,10.0,target,2,0.6976744186046512,0.0,0.3023255813953488,-78.25,-80.03079640444412,1
2025-09-05T10:28:00.000000,2025-09-05T10:29:00.000000,2025,2025-09,10,29,23622.75,23637.0,23594.25,14.25,-14.25,stop,13,0.8518518518518519,0.09259259259259259,0.05555555555555555,-91.0,-92.55890096696021,1
2025-09-05T10:38:00.000000,2025-09-05T10:39:00.000000,2025,2025-09,10,39,23620.0,23624.5,23611.0,4.5,9.0,target,1,0.7419354838709677,0.11290322580645161,0.14516129032258066,-93.5,-93.42887810567845,1
2025-09-05T10:49:00.000000,2025-09-05T10:50:00.000000,2025,2025-09,10,50,23612.5,23629.5,23578.5,17.0,-17.0,stop,7,0.85,0.0,0.15,-101.25,-99.54933794897443,1
2025-09-09T08:30:00.000000,2025-09-09T08:31:00.000000,2025,2025-09,8,31,23802.25,23814.25,23778.25,12.0,24.0,target,2,0.7954545454545454,0.022727272727272728,0.18181818181818182,-86.5,-25.70399098809139,3
2025-09-09T08:44:00.000000,2025-09-09T08:45:00.000000,2025,2025-09,8,45,23744.25,23747.25,23738.25,3.0,-3.0,stop,1,0.9107142857142857,0.017857142857142856,0.07142857142857142,-143.75,-72.07605483541192,1
2025-09-09T08:46:00.000000,2025-09-09T08:47:00.000000,2025,2025-09,8,47,23746.5,23764.25,23711.0,17.75,-17.75,stop,3,0.8888888888888888,0.1111111111111111,0.0,-141.75,-68.84400427687797,1
2025-09-17T08:34:00.000000,2025-09-17T08:35:00.000000,2025,2025-09,8,35,24448.5,24459.0,24427.5,10.5,21.0,target,9,0.825,0.075,0.1,-199.5,-45.143966359930346,1
2025-09-17T08:35:00.000000,2025-09-17T08:36:00.000000,2025,2025-09,8,36,24439.0,24452.25,24412.5,13.25,26.5,target,15,0.8260869565217391,0.021739130434782608,0.15217391304347827,-208.25,-53.54167810811123,1
2025-09-17T08:39:00.000000,2025-09-17T08:40:00.000000,2025,2025-09,8,40,24442.5,24447.0,24433.5,4.5,-4.5,stop,1,0.7843137254901961,0.0784313725490196,0.13725490196078433,-204.0,-47.96871015203578,1
2025-09-17T08:41:00.000000,2025-09-17T08:42:00.000000,2025,2025-09,8,42,24436.25,24451.0,24406.75,14.75,29.5,target,24,0.7037037037037037,0.07407407407407407,0.2222222222222222,-210.75,-54.21961976964667,1
2025-09-17T08:46:00.000000,2025-09-17T08:47:00.000000,2025,2025-09,8,47,24424.75,24427.5,24419.25,2.75,-2.75,stop,1,0.8484848484848485,0.030303030303030304,0.12121212121212122,-222.75,-63.85610034029378,1
2025-09-23T10:14:00.000000,2025-09-23T10:15:00.000000,2025,2025-09,10,15,24929.75,24932.75,24923.75,3.0,-3.0,stop,3,0.8285714285714286,0.05714285714285714,0.11428571428571428,-97.5,-34.52408198055491,1
2025-09-23T10:23:00.000000,2025-09-23T10:24:00.000000,2025,2025-09,10,24,24942.5,24950.0,24927.5,7.5,15.0,target,8,0.9090909090909091,0.045454545454545456,0.045454545454545456,-84.5,-20.80773457059695,1
2025-09-23T10:25:00.000000,2025-09-23T10:26:00.000000,2025,2025-09,10,26,24936.0,24945.75,24916.5,9.75,-9.75,stop,22,0.8,0.05714285714285714,0.14285714285714285,-91.75,-27.930187145226228,1
2025-09-23T10:37:00.000000,2025-09-23T10:38:00.000000,2025,2025-09,10,38,24935.25,24938.0,24929.75,2.75,-2.75,stop,1,0.9642857142857143,0.017857142857142856,0.017857142857142856,-91.5,-26.44869243280118,1
2025-09-23T10:41:00.000000,2025-09-23T10:42:00.000000,2025,2025-09,10,42,24938.75,24941.25,24933.75,2.5,5.0,target,1,0.7741935483870968,0.06451612903225806,0.16129032258064516,-89.25,-23.86700991005273,1
2025-09-24T08:33:00.000000,2025-09-24T08:34:00.000000,2025,2025-09,8,34,24794.25,24811.5,24759.75,17.25,-17.25,stop,2,0.746031746031746,0.047619047619047616,0.20634920634920634,-231.5,-48.5884025896994,1
2025-09-24T08:35:00.000000,2025-09-24T08:36:00.000000,2025,2025-09,8,36,24814.0,24821.5,24799.0,7.5,-7.5,stop,1,0.6883116883116883,0.0,0.3116883116883117,-212.5,-29.110907349760964,1
2025-09-24T08:44:00.000000,2025-09-24T08:45:00.000000,2025,2025-09,8,45,24812.0,24816.75,24802.5,4.75,-4.75,stop,2,0.8431372549019608,0.0,0.1568627450980392,-213.25,-28.578691410606552,1
2025-09-26T08:38:00.000000,2025-09-26T08:39:00.000000,2025,2025-09,8,39,24605.75,24607.75,24601.75,2.0,-2.0,stop,1,0.8951048951048951,0.09090909090909091,0.013986013986013986,-188.25,-32.23018623812095,2
2025-09-26T08:50:00.000000,2025-09-26T08:51:00.000000,2025,2025-09,8,51,24552.5,24569.0,24519.5,16.5,-16.5,stop,1,0.7647058823529411,0.10294117647058823,0.1323529411764706,-241.75,-83.18875084454339,3
2025-10-03T08:31:00.000000,2025-10-03T08:32:00.000000,2025,2025-10,8,32,25097.0,25101.75,25087.5,4.75,9.5,target,1,0.6739130434782609,0.08695652173913043,0.2391304347826087,-83.0,-28.375420661734097,1
2025-10-03T08:32:00.000000,2025-10-03T08:33:00.000000,2025,2025-10,8,33,25081.0,25100.75,25041.5,19.75,-19.75,stop,5,0.9027777777777778,0.0,0.09722222222222222,-99.25,-44.34169523316814,1
2025-10-03T08:34:00.000000,2025-10-03T08:35:00.000000,2025,2025-10,8,35,25094.0,25096.5,25089.0,2.5,-2.5,stop,1,0.8235294117647058,0.08823529411764706,0.08823529411764706,-86.25,-31.041154519400152,1
2025-10-07T10:21:00.000000,2025-10-07T10:22:00.000000,2025,2025-10,10,22,25026.0,25030.25,25017.5,4.25,8.5,target,1,0.8470588235294118,0.0,0.15294117647058825,-227.75,-120.0315698376653,1
2025-10-07T10:23:00.000000,2025-10-07T10:24:00.000000,2025,2025-10,10,24,25024.75,25028.0,25018.25,3.25,-3.25,stop,1,0.883495145631068,0.07766990291262135,0.038834951456310676,-227.75,-119.25909871713156,1
2025-10-07T10:25:00.000000,2025-10-07T10:26:00.000000,2025,2025-10,10,26,25038.5,25042.0,25031.5,3.5,-3.5,stop,1,0.7746478873239436,0.11267605633802817,0.11267605633802817,-214.75,-105.53818304802189,1
2025-10-07T10:30:00.000000,2025-10-07T10:31:00.000000,2025,2025-10,10,31,25051.75,25055.25,25044.75,3.5,-3.5,stop,1,0.8591549295774648,0.07042253521126761,0.07042253521126761,-200.75,-89.50667630501994,1
2025-10-07T10:32:00.000000,2025-10-07T10:33:00.000000,2025,2025-10,10,33,25057.75,25063.5,25046.25,5.75,-5.75,stop,1,0.6666666666666666,0.03508771929824561,0.2982456140350877,-195.5,-83.64469197797007,1
2025-10-07T10:33:00.000000,2025-10-07T10:34:00.000000,2025,2025-10,10,34,25067.0,25070.75,25059.5,3.75,-3.75,stop,1,0.7959183673469388,0.10204081632653061,0.10204081632653061,-185.25,-73.13659504529642,1
2025-10-07T10:37:00.000000,2025-10-07T10:38:00.000000,2025,2025-10,10,38,25086.5,25091.5,25076.5,5.0,-5.0,stop,1,0.8823529411764706,0.0,0.11764705882352941,-165.75,-52.85406951346158,1
2025-10-07T10:45:00.000000,2025-10-07T10:46:00.000000,2025,2025-10,10,46,25062.25,25077.0,25032.75,14.75,29.5,target,4,0.7592592592592593,0.09259259259259259,0.14814814814814814,-190.0,-75.84049388170388,1
2025-10-09T10:47:00.000000,2025-10-09T10:48:00.000000,2025,2025-10,10,48,25251.0,25256.0,25241.0,5.0,-5.0,stop,2,0.7346938775510204,0.04081632653061224,0.22448979591836735,-118.25,-21.14731747276528,1
2025-10-15T10:48:00.000000,2025-10-15T10:49:00.000000,2025,2025-10,10,49,24925.75,24932.0,24913.25,6.25,-6.25,stop,1,0.7121212121212122,0.015151515151515152,0.2727272727272727,-118.75,-56.37469321348544,1
2025-10-16T10:12:00.000000,2025-10-16T10:13:00.000000,2025,2025-10,10,13,24988.25,24996.75,24971.25,8.5,17.0,target,1,0.7475728155339806,0.0,0.2524271844660194,-126.75,-61.37769337294958,2
2025-10-16T10:33:00.000000,2025-10-16T10:34:00.000000,2025,2025-10,10,34,24795.5,24800.0,24786.5,4.5,9.0,target,1,0.8392857142857143,0.06547619047619048,0.09523809523809523,-321.0,-237.54309287653086,3
2025-10-16T10:41:00.000000,2025-10-16T10:42:00.000000,2025,2025-10,10,42,24820.75,24833.0,24796.25,12.25,24.5,target,1,0.819672131147541,0.012295081967213115,0.1680327868852459,-294.25,-201.30134718180125,2
2025-10-21T08:33:00.000000,2025-10-21T08:34:00.000000,2025,2025-10,8,34,25222.0,25228.0,25210.0,6.0,-6.0,stop,1,0.7804878048780488,0.06097560975609756,0.15853658536585366,-131.75,-46.254832270868064,3
2025-10-21T08:34:00.000000,2025-10-21T08:35:00.000000,2025,2025-10,8,35,25231.75,25235.25,25224.75,3.5,-3.5,stop,1,0.8367346938775511,0.08163265306122448,0.08163265306122448,-122.25,-36.55919735279167,3
2025-10-22T08:36:00.000000,2025-10-22T08:37:00.000000,2025,2025-10,8,37,25129.5,25133.25,25122.0,3.75,7.5,target,1,0.8421052631578947,0.1118421052631579,0.046052631578947366,-238.5,-97.98200355186782,4
2025-10-22T10:10:00.000000,2025-10-22T10:11:00.000000,2025,2025-10,10,11,25059.25,25077.0,25023.75,17.75,-17.75,stop,6,0.7246376811594203,0.08695652173913043,0.18840579710144928,-308.75,-113.84882706132339,1
2025-10-22T10:16:00.000000,2025-10-22T10:17:00.000000,2025,2025-10,10,17,25088.0,25091.0,25082.0,3.0,6.0,target,1,0.9347826086956522,0.021739130434782608,0.043478260869565216,-280.0,-83.54032085074141,1
2025-10-22T10:19:00.000000,2025-10-22T10:20:00.000000,2025,2025-10,10,20,25066.5,25078.0,25043.5,11.5,23.0,target,1,0.7,0.0,0.3,-302.0,-104.86587072480324,1
2025-10-22T10:23:00.000000,2025-10-22T10:24:00.000000,2025,2025-10,10,24,25020.5,25038.0,24985.5,17.5,-17.5,stop,2,0.796875,0.03125,0.171875,-347.5,-148.56112355062214,1
2025-10-30T08:40:00.000000,2025-10-30T08:41:00.000000,2025,2025-10,8,41,26062.0,26067.75,26050.5,5.75,-5.75,stop,1,0.8490566037735849,0.018867924528301886,0.1320754716981132,-317.5,-73.59124952397178,2
2025-10-30T08:44:00.000000,2025-10-30T08:45:00.000000,2025,2025-10,8,45,26082.0,26100.0,26046.0,18.0,36.0,target,3,0.746268656716418,0.0,0.2537313432835821,-298.5,-53.56536078752106,2
2025-10-30T10:33:00.000000,2025-10-30T10:34:00.000000,2025,2025-10,10,34,26063.25,26078.0,26033.75,14.75,-14.75,stop,23,0.8909090909090909,0.03636363636363636,0.07272727272727272,-317.0,-45.722258406454785,2
2025-10-30T10:44:00.000000,2025-10-30T10:45:00.000000,2025,2025-10,10,45,26062.0,26067.0,26052.0,5.0,-5.0,stop,1,0.7560975609756098,0.07317073170731707,0.17073170731707318,-318.25,-45.68005400923721,2
2025-10-30T10:49:00.000000,2025-10-30T10:50:00.000000,2025,2025-10,10,50,26070.5,26072.75,26066.0,2.25,-2.25,stop,1,0.7083333333333334,0.0625,0.22916666666666666,-311.75,-38.861443153851724,2
2025-10-31T08:34:00.000000,2025-10-31T08:35:00.000000,2025,2025-10,8,35,26123.25,26135.25,26099.25,12.0,-12.0,stop,2,0.7916666666666666,0.0625,0.14583333333333334,-277.0,-27.657820879692736,1
2025-10-31T10:19:00.000000,2025-10-31T10:20:00.000000,2025,2025-10,10,20,25962.5,25982.0,25923.5,19.5,-19.5,stop,2,0.9295774647887324,0.028169014084507043,0.04225352112676056,-436.25,-169.9297170031241,1
2025-10-31T10:23:00.000000,2025-10-31T10:24:00.000000,2025,2025-10,10,24,25985.25,25990.0,25975.75,4.75,-4.75,stop,1,0.8767123287671232,0.0136986301369863,0.1095890410958904,-413.0,-144.17490119483773,1
2025-11-04T08:36:00.000000,2025-11-04T08:37:00.000000,2025,2025-11,8,37,25717.0,25726.0,25699.0,9.0,18.0,target,1,0.8333333333333334,0.02702702702702703,0.13963963963963963,-549.75,-67.28683281634221,1
2025-11-04T10:28:00.000000,2025-11-04T10:29:00.000000,2025,2025-11,10,29,25771.5,25780.0,25754.5,8.5,-8.5,stop,3,0.7281553398058253,0.02912621359223301,0.24271844660194175,-494.25,-26.3963975202023,2
2025-11-04T10:32:00.000000,2025-11-04T10:33:00.000000,2025,2025-11,10,33,25763.5,25780.5,25729.5,17.0,-17.0,stop,4,0.7878787878787878,0.10606060606060606,0.10606060606060606,-502.25,-34.15041370587278,1
2025-11-04T10:34:00.000000,2025-11-04T10:35:00.000000,2025,2025-11,10,35,25766.75,25773.25,25753.75,6.5,-6.5,stop,2,0.7058823529411765,0.0392156862745098,0.2549019607843137,-498.0,-29.731346359963936,1
2025-11-06T08:38:00.000000,2025-11-06T08:39:00.000000,2025,2025-11,8,39,25660.25,25669.0,25642.75,8.75,17.5,target,2,0.7394957983193278,0.03361344537815126,0.226890756302521,-219.75,-42.18557352107382,1
2025-11-06T08:39:00.000000,2025-11-06T08:40:00.000000,2025,2025-11,8,40,25644.5,25666.5,25600.5,22.0,44.0,target,2,0.7710843373493976,0.024096385542168676,0.20481927710843373,-235.75,-57.45451195487476,1
2025-11-06T08:45:00.000000,2025-11-06T08:46:00.000000,2025,2025-11,8,46,25642.75,25646.5,25635.25,3.75,7.5,target,1,0.844311377245509,0.11377245508982035,0.041916167664670656,-237.25,-49.75843456075381,2
2025-11-06T08:47:00.000000,2025-11-06T08:48:00.000000,2025,2025-11,8,48,25655.0,25662.0,25641.0,7.0,-7.0,stop,1,0.7032967032967034,0.07692307692307693,0.21978021978021978,-225.0,-36.41868974868703,2
2025-11-06T10:29:00.000000,2025-11-06T10:30:00.000000,2025,2025-11,10,30,25332.75,25342.0,25314.25,9.25,18.5,target,1,0.7132867132867133,0.08391608391608392,0.20279720279720279,-547.25,-198.76680849197146,1
2025-11-06T10:36:00.000000,2025-11-06T10:37:00.000000,2025,2025-11,10,37,25271.25,25279.5,25254.75,8.25,-8.25,stop,1,0.6949152542372882,0.11016949152542373,0.19491525423728814,-608.25,-253.00740500174288,1
2025-11-06T10:44:00.000000,2025-11-06T10:45:00.000000,2025,2025-11,10,45,25258.0,25263.75,25246.5,5.75,11.5,target,1,0.7466666666666667,0.04,0.21333333333333335,-622.25,-258.96802436261714,1
2025-11-07T08:31:00.000000,2025-11-07T08:32:00.000000,2025,2025-11,8,32,25063.25,25072.75,25044.25,9.5,-9.5,stop,1,0.6868686868686869,0.0,0.31313131313131315,-759.25,-134.90758112058757,1
2025-11-07T08:43:00.000000,2025-11-07T08:44:00.000000,2025,2025-11,8,44,24987.75,24994.75,24973.75,7.0,-7.0,stop,1,0.8916256157635468,0.009852216748768473,0.09852216748768473,-834.5,-167.4805732036839,2
2025-11-11T08:43:00.000000,2025-11-11T08:44:00.000000,2025,2025-11,8,44,25604.0,25607.75,25596.5,3.75,-3.75,stop,1,0.8695652173913043,0.021739130434782608,0.10869565217391304,-156.0,-40.3629267128199,1
2025-11-11T10:26:00.000000,2025-11-11T10:27:00.000000,2025,2025-11,10,27,25549.25,25569.25,25509.25,20.0,40.0,target,3,0.6790123456790124,0.08641975308641975,0.2345679012345679,-211.75,-46.40818301152467,2
2025-11-11T10:28:00.000000,2025-11-11T10:29:00.000000,2025,2025-11,10,29,25517.0,25541.0,25469.0,24.0,-24.0,stop,37,0.6741573033707865,0.0,0.3258426966292135,-243.75,-77.53002194558212,2
2025-11-11T10:41:00.000000,2025-11-11T10:42:00.000000,2025,2025-11,10,42,25519.0,25524.0,25509.0,5.0,-5.0,stop,1,0.7916666666666666,0.027777777777777776,0.18055555555555555,-241.75,-70.2280634726776,2
2025-11-11T10:48:00.000000,2025-11-11T10:49:00.000000,2025,2025-11,10,49,25519.75,25537.0,25485.25,17.25,-17.25,stop,6,0.9538461538461539,0.046153846153846156,0.0,-241.0,-68.18266337754903,2
2025-11-11T10:49:00.000000,2025-11-11T10:50:00.000000,2025,2025-11,10,50,25530.5,25535.25,25521.0,4.75,-4.75,stop,1,0.7636363636363637,0.01818181818181818,0.21818181818181817,-230.25,-57.29789931155028,2
2025-11-13T08:50:00.000000,2025-11-13T08:51:00.000000,2025,2025-11,8,51,25339.75,25348.75,25321.75,9.0,-9.0,stop,1,0.7265625,0.0859375,0.1875,-489.25,-179.17789251938666,2
2025-11-14T08:35:00.000000,2025-11-14T08:36:00.000000,2025,2025-11,8,36,24713.25,24721.25,24697.25,8.0,-8.0,stop,1,0.9183006535947712,0.00980392156862745,0.0718954248366013,-1007.75,-145.25166187973082,2
2025-11-17T08:31:00.000000,2025-11-17T08:32:00.000000,2025,2025-11,8,32,25011.75,25018.25,24998.75,6.5,-6.5,stop,1,0.8,0.11627906976744186,0.08372093023255814,-281.5,-162.36352751545928,3
2025-11-17T08:34:00.000000,2025-11-17T08:35:00.000000,2025,2025-11,8,35,25094.75,25100.5,25083.25,5.75,-5.75,stop,1,0.8475609756097561,0.054878048780487805,0.0975609756097561,-198.75,-71.66355321089577,3
2025-11-17T10:17:00.000000,2025-11-17T10:18:00.000000,2025,2025-11,10,18,24969.5,24973.5,24961.5,4.0,-4.0,stop,1,0.7894736842105263,0.11578947368421053,0.09473684210526316,-324.0,-170.63018463270782,1
2025-11-17T10:26:00.000000,2025-11-17T10:27:00.000000,2025,2025-11,10,27,25019.25,25023.0,25011.75,3.75,-3.75,stop,1,0.9415584415584416,0.0,0.05844155844155844,-274.5,-115.16080828355189,1
2025-11-17T10:34:00.000000,2025-11-17T10:35:00.000000,2025,2025-11,10,35,25098.75,25103.75,25088.75,5.0,10.0,target,1,0.6792452830188679,0.07547169811320754,0.24528301886792453,-194.75,-33.33150813390603,3
2025-11-18T08:48:00.000000,2025-11-18T08:49:00.000000,2025,2025-11,8,49,24668.25,24676.25,24652.25,8.0,-8.0,stop,1,0.8877005347593583,0.0,0.11229946524064172,-692.25,-83.22329849348898,3
2025-11-19T10:42:00.000000,2025-11-19T10:43:00.000000,2025,2025-11,10,43,24694.0,24696.5,24689.0,2.5,-2.5,stop,1,0.9615384615384616,0.009615384615384616,0.028846153846153848,-265.75,-49.577207138696394,2
2025-11-19T10:46:00.000000,2025-11-19T10:47:00.000000,2025,2025-11,10,47,24701.5,24706.0,24692.5,4.5,-4.5,stop,1,0.8947368421052632,0.045112781954887216,0.06015037593984962,-257.5,-40.628996418581664,2
2025-11-20T10:39:00.000000,2025-11-20T10:40:00.000000,2025,2025-11,10,40,24813.75,24827.25,24786.75,13.5,27.0,target,1,0.6956521739130435,0.059782608695652176,0.24456521739130435,-174.0,-320.77803669363857,3
2025-11-20T10:43:00.000000,2025-11-20T10:44:00.000000,2025,2025-11,10,44,24790.25,24800.25,24770.25,10.0,20.0,target,1,0.8632478632478633,0.021367521367521368,0.11538461538461539,-196.5,-334.25876277529824,2
2025-11-21T10:20:00.000000,2025-11-21T10:21:00.000000,2025,2025-11,10,21,24064.0,24077.25,24037.5,13.25,-13.25,stop,1,0.7710843373493976,0.10240963855421686,0.12650602409638553,-1245.25,-64.16693282205597,2
2025-11-25T10:14:00.000000,2025-11-25T10:15:00.000000,2025,2025-11,10,15,24782.5,24806.25,24735.0,23.75,-23.75,stop,2,0.9772727272727273,0.022727272727272728,0.0,-210.75,-24.528296299838985,1
2025-12-02T10:33:00.000000,2025-12-02T10:34:00.000000,2025,2025-12,10,34,25451.5,25458.75,25437.0,7.25,14.5,target,1,0.8047337278106509,0.05917159763313609,0.13609467455621302,-95.0,-90.63143489547292,4
2025-12-04T08:44:00.000000,2025-12-04T08:45:00.000000,2025,2025-12,8,45,25590.75,25614.0,25544.25,23.25,46.5,target,14,0.6808510638297872,0.10638297872340426,0.2127659574468085,-94.25,-52.55096814044737,6
2025-12-10T08:37:00.000000,2025-12-10T08:38:00.000000,2025,2025-12,8,38,25623.25,25626.0,25617.75,2.75,-2.75,stop,1,0.9230769230769231,0.0650887573964497,0.011834319526627219,-112.25,-36.97819080943009,3
2025-12-11T08:48:00.000000,2025-12-11T08:49:00.000000,2025,2025-12,8,49,25511.0,25532.5,25468.0,21.5,43.0,target,2,0.9615384615384616,0.02564102564102564,0.01282051282051282,-359.25,-67.34075993819351,1
2025-12-11T10:15:00.000000,2025-12-11T10:16:00.000000,2025,2025-12,10,16,25497.0,25515.75,25459.5,18.75,-18.75,stop,9,0.8,0.12,0.08,-373.5,-48.249029364542366,2
2025-12-11T10:17:00.000000,2025-12-11T10:18:00.000000,2025,2025-12,10,18,25486.25,25505.25,25448.25,19.0,-19.0,stop,5,0.8571428571428571,0.04285714285714286,0.1,-384.25,-58.7190756880409,2
2025-12-11T10:21:00.000000,2025-12-11T10:22:00.000000,2025,2025-12,10,22,25502.5,25505.75,25496.0,3.25,-3.25,stop,1,0.9206349206349206,0.0,0.07936507936507936,-368.25,-41.989211750373215,2
2025-12-11T10:30:00.000000,2025-12-11T10:31:00.000000,2025,2025-12,10,31,25486.0,25493.75,25470.5,7.75,-7.75,stop,1,0.7117117117117117,0.10810810810810811,0.18018018018018017,-384.0,-55.95638561586384,2
2025-12-11T10:32:00.000000,2025-12-11T10:33:00.000000,2025,2025-12,10,33,25480.75,25486.75,25468.75,6.0,-6.0,stop,1,0.6875,0.109375,0.203125,-389.25,-60.82483413763475,2
2025-12-11T10:33:00.000000,2025-12-11T10:34:00.000000,2025,2025-12,10,34,25492.0,25497.5,25481.0,5.5,-5.5,stop,2,0.746031746031746,0.06349206349206349,0.19047619047619047,-378.25,-49.70999401157678,1
2025-12-12T08:47:00.000000,2025-12-12T08:48:00.000000,2025,2025-12,8,48,25530.75,25553.25,25485.75,22.5,-22.5,stop,5,0.9382716049382716,0.0,0.06172839506172839,-330.5,-68.36688495448107,2
2025-12-15T10:46:00.000000,2025-12-15T10:47:00.000000,2025,2025-12,10,47,25368.5,25392.0,25321.5,23.5,-23.5,stop,3,0.9444444444444444,0.011111111111111112,0.044444444444444446,-550.75,-53.71595906008588,2
2025-12-16T10:16:00.000000,2025-12-16T10:17:00.000000,2025,2025-12,10,17,25235.25,25254.0,25197.75,18.75,-18.75,stop,2,0.8656716417910447,0.04477611940298507,0.08955223880597014,-432.0,-31.600917305484472,1
2025-12-17T10:25:00.000000,2025-12-17T10:26:00.000000,2025,2025-12,10,26,25082.5,25089.75,25068.0,7.25,-7.25,stop,1,0.782608695652174,0.06956521739130435,0.14782608695652175,-360.5,-187.30676044573192,1
2025-12-17T10:28:00.000000,2025-12-17T10:29:00.000000,2025,2025-12,10,29,25076.25,25101.25,25026.25,25.0,50.0,target,4,0.8333333333333334,0.08823529411764706,0.0784313725490196,-368.0,-192.85364528745777,1
2025-12-17T10:29:00.000000,2025-12-17T10:30:00.000000,2025,2025-12,10,30,25068.0,25081.25,25041.5,13.25,26.5,target,1,0.6666666666666666,0.08333333333333333,0.25,-375.75,-200.03321107413285,1
2025-12-17T10:36:00.000000,2025-12-17T10:37:00.000000,2025,2025-12,10,37,25055.0,25057.0,25051.0,2.0,-2.0,stop,1,0.8764705882352941,0.11176470588235295,0.011764705882352941,-389.5,-205.78961088887445,1
2025-12-30T08:47:00.000000,2025-12-30T08:48:00.000000,2025,2025-12,8,48,25692.25,25707.25,25662.25,15.0,-15.0,stop,1,0.8148148148148148,0.0,0.18518518518518517,-202.0,-21.806285915085027,3
2025-12-31T10:15:00.000000,2025-12-31T10:16:00.000000,2025,2025-12,10,16,25568.25,25572.25,25560.25,4.0,-4.0,stop,1,0.7666666666666667,0.03333333333333333,0.2,-225.0,-43.737211278639734,1
2025-12-31T10:19:00.000000,2025-12-31T10:20:00.000000,2025,2025-12,10,20,25577.25,25579.5,25572.75,2.25,-2.25,stop,1,0.9512195121951219,0.024390243902439025,0.024390243902439025,-216.5,-34.734857674931845,1
2025-12-31T10:37:00.000000,2025-12-31T10:38:00.000000,2025,2025-12,10,38,25585.5,25588.0,25580.5,2.5,-2.5,stop,1,0.8974358974358975,0.07692307692307693,0.02564102564102564,-208.0,-24.70371855360645,1
2025-12-31T10:39:00.000000,2025-12-31T10:40:00.000000,2025,2025-12,10,40,25588.0,25592.0,25580.0,4.0,8.0,target,2,0.7142857142857143,0.0,0.2857142857142857,-205.25,-21.84814819399253,1
2025-12-31T10:40:00.000000,2025-12-31T10:41:00.000000,2025,2025-12,10,41,25583.0,25590.25,25568.5,7.25,-7.25,stop,11,0.9090909090909091,0.045454545454545456,0.045454545454545456,-210.75,-27.295777171024383,1
2025-12-31T10:41:00.000000,2025-12-31T10:42:00.000000,2025,2025-12,10,42,25575.0,25585.0,25555.0,10.0,-10.0,stop,10,0.96875,0.03125,0.0,-218.5,-34.92431592231151,1
2026-01-02T10:13:00.000000,2026-01-02T10:14:00.000000,2026,2026-01,10,14,25355.25,25357.5,25350.75,2.25,-2.25,stop,1,0.9166666666666666,0.06481481481481481,0.018518518518518517,-361.75,-242.30320094086346,1
2026-01-02T10:21:00.000000,2026-01-02T10:22:00.000000,2026,2026-01,10,22,25357.25,25363.25,25345.25,6.0,-6.0,stop,1,0.7741935483870968,0.10483870967741936,0.12096774193548387,-359.25,-229.89818540498163,1
2026-01-02T10:22:00.000000,2026-01-02T10:23:00.000000,2026,2026-01,10,23,25386.75,25390.5,25379.25,3.75,-3.75,stop,1,0.976,0.0,0.024,-329.0,-198.76157449488528,1
2026-01-08T10:11:00.000000,2026-01-08T10:12:00.000000,2026,2026-01,10,12,25649.25,25653.25,25641.25,4.0,-4.0,stop,1,0.8169014084507042,0.07042253521126761,0.11267605633802817,-347.0,-45.057403736020206,1
2026-01-08T10:20:00.000000,2026-01-08T10:21:00.000000,2026,2026-01,10,21,25659.5,25662.25,25654.0,2.75,-2.75,stop,1,0.9253731343283582,0.014925373134328358,0.05970149253731343,-337.0,-33.26004364965411,1
2026-01-08T10:27:00.000000,2026-01-08T10:28:00.000000,2026,2026-01,10,28,25628.0,25647.0,25590.0,19.0,38.0,target,9,0.9714285714285714,0.02857142857142857,0.0,-368.25,-63.4942132618271,1
2026-01-14T08:33:00.000000,2026-01-14T08:34:00.000000,2026,2026-01,8,34,25745.75,25749.0,25739.25,3.25,-3.25,stop,1,0.9327731092436975,0.04201680672268908,0.025210084033613446,-300.0,-39.29101491711481,2
2026-01-14T08:46:00.000000,2026-01-14T08:47:00.000000,2026,2026-01,8,47,25653.0,25654.5,25650.0,1.5,-1.5,stop,1,0.9210526315789473,0.06578947368421052,0.013157894736842105,-393.5,-104.76243958159466,2
2026-01-16T10:20:00.000000,2026-01-16T10:21:00.000000,2026,2026-01,10,21,25710.5,25712.5,25706.5,2.0,-2.0,stop,1,0.9230769230769231,0.07692307692307693,0.0,-242.25,-45.219724819991825,1
2026-01-16T10:27:00.000000,2026-01-16T10:28:00.000000,2026,2026-01,10,28,25708.0,25711.25,25701.5,3.25,-3.25,stop,1,0.8852459016393442,0.04918032786885246,0.06557377049180328,-244.5,-46.48864590871017,1
2026-01-16T10:32:00.000000,2026-01-16T10:33:00.000000,2026,2026-01,10,33,25722.25,25740.0,25686.75,17.75,-17.75,stop,10,0.8059701492537313,0.029850746268656716,0.16417910447761194,-231.0,-32.35086915847933,1
2026-01-16T10:33:00.000000,2026-01-16T10:34:00.000000,2026,2026-01,10,34,25731.0,25733.0,25727.0,2.0,4.0,target,1,0.9714285714285714,0.0,0.02857142857142857,-222.0,-23.306351204064413,1
2026-01-16T10:35:00.000000,2026-01-16T10:36:00.000000,2026,2026-01,10,36,25722.25,25727.0,25712.75,4.75,-4.75,stop,1,0.6818181818181818,0.045454545454545456,0.2727272727272727,-230.75,-31.79912657598834,1
2026-01-16T10:36:00.000000,2026-01-16T10:37:00.000000,2026,2026-01,10,37,25732.25,25735.25,25726.25,3.0,6.0,target,1,0.7551020408163265,0.10204081632653061,0.14285714285714285,-221.25,-22.24971952690612,1
2026-01-16T10:39:00.000000,2026-01-16T10:40:00.000000,2026,2026-01,10,40,25727.25,25735.5,25710.75,8.25,-8.25,stop,3,0.6666666666666666,0.06666666666666667,0.26666666666666666,-226.25,-27.110167994935182,1
2026-01-16T10:48:00.000000,2026-01-16T10:49:00.000000,2026,2026-01,10,49,25733.0,25743.25,25712.5,10.25,-10.25,stop,2,0.6764705882352942,0.0,0.3235294117647059,-220.0,-20.495906791355083,1
2026-01-19T08:46:00.000000,2026-01-19T08:47:00.000000,2026,2026-01,8,47,25244.75,25249.25,25235.75,4.5,-4.5,stop,1,0.7241379310344828,0.0,0.27586206896551724,-645.75,-100.66203181665696,1
2026-01-30T10:13:00.000000,2026-01-30T10:14:00.000000,2026,2026-01,10,14,25823.25,25848.25,25773.25,25.0,50.0,target,8,0.7422680412371134,0.07216494845360824,0.18556701030927836,-472.25,-21.11189079200267,2
2026-02-04T08:44:00.000000,2026-02-04T08:45:00.000000,2026,2026-02,8,45,25333.75,25352.25,25296.75,18.5,37.0,target,1,0.7721518987341772,0.0,0.22784810126582278,-697.25,-51.63362013155347,3
2026-02-05T10:22:00.000000,2026-02-05T10:23:00.000000,2026,2026-02,10,23,24730.5,24739.25,24713.0,8.75,-8.75,stop,1,0.8156424581005587,0.01675977653631285,0.16759776536312848,-784.5,-63.28976109491123,2
2026-02-05T10:24:00.000000,2026-02-05T10:25:00.000000,2026,2026-02,10,25,24731.25,24733.25,24727.25,2.0,-2.0,stop,1,0.95,0.035,0.015,-783.75,-61.788312392029184,2
2026-02-09T08:37:00.000000,2026-02-09T08:38:00.000000,2026,2026-02,8,38,25086.75,25090.75,25078.75,4.0,-4.0,stop,1,0.8596491228070176,0.11695906432748537,0.023391812865497075,-134.25,-31.35269200156472,2
2026-02-10T08:43:00.000000,2026-02-10T08:44:00.000000,2026,2026-02,8,44,25306.0,25315.5,25287.0,9.5,-9.5,stop,1,0.7909604519774012,0.022598870056497175,0.1864406779661017,-123.5,-38.152727307573514,5
2026-02-10T08:50:00.000000,2026-02-10T08:51:00.000000,2026,2026-02,8,51,25318.0,25322.0,25310.0,4.0,-4.0,stop,1,0.8709677419354839,0.10215053763440861,0.026881720430107527,-110.0,-20.000904982109205,5
2026-02-11T10:10:00.000000,2026-02-11T10:11:00.000000,2026,2026-02,10,11,25223.0,25238.25,25192.5,15.25,-15.25,stop,2,0.7122641509433962,0.05660377358490566,0.23113207547169812,-223.25,-44.91519114161201,4
2026-02-11T10:29:00.000000,2026-02-11T10:30:00.000000,2026,2026-02,10,30,25193.0,25210.0,25159.0,17.0,-17.0,stop,1,0.9672131147540983,0.01639344262295082,0.01639344262295082,-254.25,-74.32847875385778,3
2026-02-11T10:32:00.000000,2026-02-11T10:33:00.000000,2026,2026-02,10,33,25188.5,25208.5,25148.5,20.0,-20.0,stop,1,0.6829268292682927,0.07317073170731707,0.24390243902439024,-259.75,-79.04305400839803,3
2026-02-11T10:33:00.000000,2026-02-11T10:34:00.000000,2026,2026-02,10,34,25221.75,25230.75,25203.75,9.0,18.0,target,1,0.8072289156626506,0.030120481927710843,0.16265060240963855,-225.25,-44.39482850650529,3
2026-02-11T10:39:00.000000,2026-02-11T10:40:00.000000,2026,2026-02,10,40,25224.75,25228.25,25217.75,3.5,-3.5,stop,1,0.8761061946902655,0.09734513274336283,0.02654867256637168,-221.75,-39.97071670301739,3
2026-02-11T10:43:00.000000,2026-02-11T10:44:00.000000,2026,2026-02,10,44,25223.0,25238.0,25193.0,15.0,-15.0,stop,1,0.9107142857142857,0.08928571428571429,0.0,-224.0,-41.996836263602745,3
2026-02-11T10:47:00.000000,2026-02-11T10:48:00.000000,2026,2026-02,10,48,25226.5,25244.0,25191.5,17.5,35.0,target,9,0.6714285714285714,0.07142857142857142,0.2571428571428571,-221.5,-39.271985482697346,3
2026-02-11T10:48:00.000000,2026-02-11T10:49:00.000000,2026,2026-02,10,49,25207.0,25230.25,25160.5,23.25,46.5,target,13,0.891566265060241,0.024096385542168676,0.08433734939759036,-239.25,-56.86385537721071,3
2026-02-11T10:50:00.000000,2026-02-11T10:51:00.000000,2026,2026-02,10,51,25196.5,25209.5,25170.5,13.0,-13.0,stop,1,0.7111111111111111,0.06666666666666667,0.2222222222222222,-250.25,-67.60326510563755,3
2026-02-13T08:38:00.000000,2026-02-13T08:39:00.000000,2026,2026-02,8,39,24711.75,24718.5,24698.25,6.75,13.5,target,1,0.8269230769230769,0.0641025641025641,0.10897435897435898,-707.5,-31.054003557881515,2
2026-02-13T08:43:00.000000,2026-02-13T08:44:00.000000,2026,2026-02,8,44,24688.5,24700.25,24665.0,11.75,-11.75,stop,1,0.8921832884097035,0.0,0.1078167115902965,-731.5,-45.819671461613325,4
2026-02-16T08:39:00.000000,2026-02-16T08:40:00.000000,2026,2026-02,8,40,24732.5,24750.5,24696.5,18.0,36.0,target,7,0.7837837837837838,0.05405405405405406,0.16216216216216217,-264.5,-101.37164754953119,3
2026-02-16T08:50:00.000000,2026-02-16T08:51:00.000000,2026,2026-02,8,51,24736.75,24742.0,24726.25,5.25,-5.25,stop,1,0.8,0.022222222222222223,0.17777777777777778,-257.5,-82.44197667703702,2
2026-02-19T08:46:00.000000,2026-02-19T08:47:00.000000,2026,2026-02,8,47,24822.75,24825.0,24818.25,2.25,-2.25,stop,1,0.9508196721311475,0.04918032786885246,0.0,-305.25,-56.85228102973997,3
2026-02-19T08:50:00.000000,2026-02-19T08:51:00.000000,2026,2026-02,8,51,24848.5,24858.75,24828.0,10.25,-10.25,stop,2,0.7404580152671756,0.015267175572519083,0.24427480916030533,-279.5,-28.87812939377909,3
2026-02-19T10:46:00.000000,2026-02-19T10:47:00.000000,2026,2026-02,10,47,24834.25,24854.75,24793.25,20.5,-20.5,stop,8,0.9113924050632911,0.0759493670886076,0.012658227848101266,-293.75,-54.434616994843964,2
2026-02-23T10:10:00.000000,2026-02-23T10:11:00.000000,2026,2026-02,10,11,24701.25,24709.5,24684.75,8.25,16.5,target,1,0.6956521739130435,0.0,0.30434782608695654,-439.0,-183.28967521226514,2
2026-02-23T10:12:00.000000,2026-02-23T10:13:00.000000,2026,2026-02,10,13,24674.25,24690.0,24642.75,15.75,-15.75,stop,1,0.9032258064516129,0.0967741935483871,0.0,-465.5,-207.54580739518497,2
2026-02-23T10:17:00.000000,2026-02-23T10:18:00.000000,2026,2026-02,10,18,24700.25,24704.0,24692.75,3.75,-3.75,stop,1,0.9042553191489362,0.031914893617021274,0.06382978723404255,-439.0,-176.216888818195,2
2026-02-23T10:25:00.000000,2026-02-23T10:26:00.000000,2026,2026-02,10,26,24738.5,24747.0,24721.5,8.5,-8.5,stop,1,0.6741573033707865,0.033707865168539325,0.29213483146067415,-401.0,-132.70472489797248,1
2026-02-23T10:37:00.000000,2026-02-23T10:38:00.000000,2026,2026-02,10,38,24780.5,24782.5,24776.5,2.0,4.0,target,1,0.8791208791208791,0.10989010989010989,0.01098901098901099,-359.25,-86.56835826284077,1
2026-02-23T10:38:00.000000,2026-02-23T10:39:00.000000,2026,2026-02,10,39,24760.5,24784.0,24713.5,23.5,47.0,target,57,0.9111111111111111,0.022222222222222223,0.06666666666666667,-379.5,-106.59839937082143,1
2026-02-23T10:43:00.000000,2026-02-23T10:44:00.000000,2026,2026-02,10,44,24780.0,24784.0,24772.0,4.0,8.0,target,1,0.8115942028985508,0.08695652173913043,0.10144927536231885,-359.25,-85.28245739089107,1
2026-02-26T08:46:00.000000,2026-02-26T08:47:00.000000,2026,2026-02,8,47,25257.25,25266.25,25239.25,9.0,18.0,target,1,0.7642857142857142,0.02857142857142857,0.20714285714285716,-237.75,-58.4646367447931,2
2026-02-26T10:25:00.000000,2026-02-26T10:26:00.000000,2026,2026-02,10,26,25074.75,25078.0,25068.25,3.25,-3.25,stop,1,0.9428571428571428,0.02857142857142857,0.02857142857142857,-419.5,-74.18861901699347,1
2026-02-27T08:32:00.000000,2026-02-27T08:33:00.000000,2026,2026-02,8,33,24880.5,24885.0,24871.5,4.5,-4.5,stop,1,0.948936170212766,0.01276595744680851,0.03829787234042553,-537.5,-60.92571538541233,2
2026-02-27T08:44:00.000000,2026-02-27T08:45:00.000000,2026,2026-02,8,45,24845.25,24866.0,24803.75,20.75,-20.75,stop,1,0.6715867158671587,0.03690036900369004,0.2915129151291513,-574.0,-83.19922315518488,3
2026-02-27T08:46:00.000000,2026-02-27T08:47:00.000000,2026,2026-02,8,47,24899.0,24916.0,24865.0,17.0,34.0,target,1,0.7359307359307359,0.004329004329004329,0.2597402597402597,-519.25,-26.46645091661776,3
2026-03-05T10:10:00.000000,2026-03-05T10:11:00.000000,2026,2026-03,10,11,24980.5,25003.0,24935.5,22.5,-22.5,stop,3,0.8292682926829268,0.024390243902439025,0.14634146341463414,-236.75,-97.27724606668562,2
2026-03-05T10:30:00.000000,2026-03-05T10:31:00.000000,2026,2026-03,10,31,24985.0,24989.25,24976.5,4.25,-4.25,stop,1,0.8275862068965517,0.10344827586206896,0.06896551724137931,-232.0,-85.24754463635327,4
2026-03-05T10:37:00.000000,2026-03-05T10:38:00.000000,2026,2026-03,10,38,25025.0,25030.0,25015.0,5.0,10.0,target,1,0.71,0.09,0.2,-194.75,-46.938823241704085,2
2026-03-05T10:43:00.000000,2026-03-05T10:44:00.000000,2026,2026-03,10,44,25008.5,25014.75,24996.0,6.25,-6.25,stop,1,0.8157894736842105,0.0,0.18421052631578946,-208.5,-60.01427217745004,3
2026-03-05T10:45:00.000000,2026-03-05T10:46:00.000000,2026,2026-03,10,46,25041.5,25045.75,25033.0,4.25,-4.25,stop,1,0.9205298013245033,0.039735099337748346,0.039735099337748346,-175.5,-26.828801566833135,3
2026-03-06T08:38:00.000000,2026-03-06T08:39:00.000000,2026,2026-03,8,39,24686.75,24700.25,24659.75,13.5,-13.5,stop,1,0.7915194346289752,0.0636042402826855,0.14487632508833923,-562.0,-169.41062214810154,1
2026-03-06T08:41:00.000000,2026-03-06T08:42:00.000000,2026,2026-03,8,42,24703.75,24714.5,24682.25,10.75,-10.75,stop,1,0.7413793103448276,0.09770114942528736,0.16091954022988506,-544.5,-146.00327727957483,1
2026-03-11T08:33:00.000000,2026-03-11T08:34:00.000000,2026,2026-03,8,34,24973.0,24995.5,24928.0,22.5,-22.5,stop,2,0.9634146341463414,0.0,0.036585365853658534,-244.5,-69.25067192169445,2
2026-03-11T10:13:00.000000,2026-03-11T10:14:00.000000,2026,2026-03,10,14,24929.0,24930.75,24925.5,1.75,-1.75,stop,1,0.8309859154929577,0.09859154929577464,0.07042253521126761,-290.0,-92.08904066126706,2
2026-03-11T10:22:00.000000,2026-03-11T10:23:00.000000,2026,2026-03,10,23,24939.0,24942.25,24932.5,3.25,-3.25,stop,1,0.8555555555555555,0.06666666666666667,0.07777777777777778,-279.0,-79.23579461718327,1
2026-03-11T10:30:00.000000,2026-03-11T10:31:00.000000,2026,2026-03,10,31,24974.0,24977.5,24967.0,3.5,-3.5,stop,1,0.8761904761904762,0.06666666666666667,0.05714285714285714,-243.5,-42.39396987425789,2
2026-03-12T08:33:00.000000,2026-03-12T08:34:00.000000,2026,2026-03,8,34,24595.5,24613.75,24559.0,18.25,-18.25,stop,2,0.8591549295774648,0.09859154929577464,0.04225352112676056,-584.25,-167.6467616023292,2
2026-03-12T08:35:00.000000,2026-03-12T08:36:00.000000,2026,2026-03,8,36,24624.75,24627.75,24618.75,3.0,-3.0,stop,1,0.8571428571428571,0.07692307692307693,0.06593406593406594,-555.75,-136.91473301129008,2
2026-03-12T08:43:00.000000,2026-03-12T08:44:00.000000,2026,2026-03,8,44,24622.0,24627.25,24611.5,5.25,-5.25,stop,1,0.8769230769230769,0.0,0.12307692307692308,-558.75,-131.70472447025531,1
2026-03-12T08:46:00.000000,2026-03-12T08:47:00.000000,2026,2026-03,8,47,24703.25,24722.0,24665.75,18.75,37.5,target,1,0.7558139534883721,0.046511627906976744,0.19767441860465115,-477.0,-47.33156423393302,2
2026-03-12T08:48:00.000000,2026-03-12T08:49:00.000000,2026,2026-03,8,49,24641.0,24663.5,24596.0,22.5,45.0,target,14,0.8902439024390244,0.0,0.10975609756097561,-539.0,-107.73059173107322,2
2026-03-12T10:10:00.000000,2026-03-12T10:11:00.000000,2026,2026-03,10,11,24625.0,24629.25,24616.5,4.25,-4.25,stop,1,0.8222222222222222,0.1111111111111111,0.06666666666666667,-555.0,-91.34138209020966,2
2026-03-12T10:13:00.000000,2026-03-12T10:14:00.000000,2026,2026-03,10,14,24631.5,24638.75,24617.0,7.25,-7.25,stop,1,0.7739130434782608,0.05217391304347826,0.17391304347826086,-548.25,-83.90587408428473,2
2026-03-12T10:43:00.000000,2026-03-12T10:44:00.000000,2026,2026-03,10,44,24689.75,24710.25,24648.75,20.5,41.0,target,3,0.72,0.04,0.24,-489.75,-22.341177384914772,1
2026-03-12T10:49:00.000000,2026-03-12T10:50:00.000000,2026,2026-03,10,50,24661.0,24670.25,24642.5,9.25,-9.25,stop,1,0.7477477477477478,0.02702702702702703,0.22522522522522523,-518.0,-49.60832177382326,1
2026-03-13T08:43:00.000000,2026-03-13T08:44:00.000000,2026,2026-03,8,44,24608.5,24630.5,24564.5,22.0,44.0,target,3,0.686046511627907,0.05813953488372093,0.2558139534883721,-319.75,-31.69145574952927,2
2026-03-13T10:14:00.000000,2026-03-13T10:15:00.000000,2026,2026-03,10,15,24436.5,24443.75,24422.0,7.25,-7.25,stop,1,0.7317073170731707,0.04878048780487805,0.21951219512195122,-493.0,-154.35862525945413,1
2026-03-13T10:21:00.000000,2026-03-13T10:22:00.000000,2026,2026-03,10,22,24453.0,24456.0,24447.0,3.0,-3.0,stop,1,0.9102564102564102,0.08974358974358974,0.0,-474.0,-133.30505338247167,1
2026-03-18T10:36:00.000000,2026-03-18T10:37:00.000000,2026,2026-03,10,37,24848.75,24851.75,24842.75,3.0,-3.0,stop,1,0.9436619718309859,0.0,0.056338028169014086,-268.25,-113.5299710635627,1
2026-03-18T10:40:00.000000,2026-03-18T10:41:00.000000,2026,2026-03,10,41,24848.0,24861.0,24822.0,13.0,-13.0,stop,2,0.8958333333333334,0.0,0.10416666666666667,-270.0,-114.34903122223841,1
2026-03-18T10:47:00.000000,2026-03-18T10:48:00.000000,2026,2026-03,10,48,24845.75,24853.25,24830.75,7.5,-7.5,stop,1,0.9523809523809523,0.0,0.047619047619047616,-271.0,-114.37908839300508,1
2026-03-18T10:49:00.000000,2026-03-18T10:50:00.000000,2026,2026-03,10,50,24853.25,24857.25,24845.25,4.0,-4.0,stop,3,0.6666666666666666,0.1111111111111111,0.2222222222222222,-263.25,-106.42303626547437,1
2026-03-20T10:17:00.000000,2026-03-20T10:18:00.000000,2026,2026-03,10,18,24339.5,24342.75,24333.0,3.25,-3.25,stop,1,0.8901098901098901,0.07692307692307693,0.03296703296703297,-385.25,-46.228666749397235,2
2026-03-20T10:24:00.000000,2026-03-20T10:25:00.000000,2026,2026-03,10,25,24332.75,24343.5,24311.25,10.75,21.5,target,2,0.7027027027027027,0.05405405405405406,0.24324324324324326,-392.5,-52.852428556085215,2
2026-03-20T10:25:00.000000,2026-03-20T10:26:00.000000,2026,2026-03,10,26,24322.5,24336.25,24295.0,13.75,27.5,target,5,0.7843137254901961,0.09803921568627451,0.11764705882352941,-402.5,-62.71078769927044,2
2026-03-20T10:26:00.000000,2026-03-20T10:27:00.000000,2026,2026-03,10,27,24305.0,24326.5,24262.0,21.5,43.0,target,6,0.8,0.10588235294117647,0.09411764705882353,-419.75,-79.683012643658,2
2026-03-20T10:31:00.000000,2026-03-20T10:32:00.000000,2026,2026-03,10,32,24262.75,24286.5,24215.25,23.75,-23.75,stop,6,0.9090909090909091,0.06818181818181818,0.022727272727272728,-461.25,-119.97283532404253,2
2026-03-20T10:33:00.000000,2026-03-20T10:34:00.000000,2026,2026-03,10,34,24276.75,24283.0,24264.25,6.25,-6.25,stop,2,0.7586206896551724,0.034482758620689655,0.20689655172413793,-448.75,-106.76401541185624,2
2026-03-20T10:36:00.000000,2026-03-20T10:37:00.000000,2026,2026-03,10,37,24282.75,24286.25,24275.75,3.5,-3.5,stop,1,0.8666666666666667,0.08888888888888889,0.044444444444444446,-442.0,-99.24192291454528,2
2026-03-20T10:44:00.000000,2026-03-20T10:45:00.000000,2026,2026-03,10,45,24265.0,24277.0,24241.0,12.0,24.0,target,5,0.7333333333333333,0.08888888888888889,0.17777777777777778,-460.5,-116.44493611182406,2
2026-03-24T08:42:00.000000,2026-03-24T08:43:00.000000,2026,2026-03,8,43,24240.5,24247.25,24227.0,6.75,13.5,target,1,0.6741573033707865,0.11235955056179775,0.21348314606741572,-522.5,-44.06446619612325,2
2026-03-26T10:12:00.000000,2026-03-26T10:13:00.000000,2026,2026-03,10,13,24073.75,24076.5,24068.25,2.75,5.5,target,1,0.953125,0.0,0.046875,-466.0,-94.9573916176887,2
2026-03-26T10:14:00.000000,2026-03-26T10:15:00.000000,2026,2026-03,10,15,24082.0,24089.75,24066.5,7.75,15.5,target,2,0.7066666666666667,0.05333333333333334,0.24,-456.5,-85.08357310690917,2
2026-03-26T10:15:00.000000,2026-03-26T10:16:00.000000,2026,2026-03,10,16,24068.75,24084.0,24038.25,15.25,30.5,target,2,0.9272727272727272,0.07272727272727272,0.0,-470.5,-98.93831827537724,2
2026-03-26T10:18:00.000000,2026-03-26T10:19:00.000000,2026,2026-03,10,19,24062.5,24072.75,24042.0,10.25,20.5,target,3,0.738255033557047,0.040268456375838924,0.2214765100671141,-477.25,-103.0964896407495,2
2026-03-26T10:22:00.000000,2026-03-26T10:23:00.000000,2026,2026-03,10,23,24023.75,24047.25,23976.75,23.5,-23.5,stop,3,0.797752808988764,0.056179775280898875,0.14606741573033707,-515.5,-140.2040670775059,2
2026-03-26T10:25:00.000000,2026-03-26T10:26:00.000000,2026,2026-03,10,26,24026.75,24051.5,23977.25,24.75,49.5,target,24,0.6923076923076923,0.11538461538461539,0.19230769230769232,-513.25,-136.8706615497431,2
2026-03-26T10:38:00.000000,2026-03-26T10:39:00.000000,2026,2026-03,10,39,23997.75,24014.25,23964.75,16.5,-16.5,stop,22,0.9508196721311475,0.04918032786885246,0.0,-542.0,-158.45932239316608,2
2026-03-27T08:44:00.000000,2026-03-27T08:45:00.000000,2026,2026-03,8,45,23468.0,23470.0,23464.0,2.0,-2.0,stop,1,0.9454545454545454,0.05454545454545454,0.0,-953.25,-193.96296984759465,1
2026-03-27T08:47:00.000000,2026-03-27T08:48:00.000000,2026,2026-03,8,48,23487.25,23492.25,23477.25,5.0,-5.0,stop,1,0.8833333333333333,0.016666666666666666,0.1,-934.0,-171.42358609801158,1
2026-03-27T10:41:00.000000,2026-03-27T10:42:00.000000,2026,2026-03,10,42,23468.25,23473.5,23457.75,5.25,-5.25,stop,1,0.7777777777777778,0.012345679012345678,0.20987654320987653,-954.0,-152.2700669919941,1
2026-03-27T10:46:00.000000,2026-03-27T10:47:00.000000,2026,2026-03,10,47,23494.25,23501.5,23479.75,7.25,-7.25,stop,1,0.7272727272727273,0.011363636363636364,0.26136363636363635,-927.5,-124.052263688729,1
2026-04-07T08:33:00.000000,2026-04-07T08:34:00.000000,2026,2026-04,8,34,24136.5,24146.5,24116.5,10.0,20.0,target,1,0.8529411764705882,0.029411764705882353,0.11764705882352941,-314.75,-60.47679767889713,2
2026-04-07T08:50:00.000000,2026-04-07T08:51:00.000000,2026,2026-04,8,51,24065.0,24085.5,24024.0,20.5,41.0,target,8,0.7108433734939759,0.060240963855421686,0.2289156626506024,-388.25,-126.16889375551546,1
2026-04-09T08:37:00.000000,2026-04-09T08:38:00.000000,2026,2026-04,8,38,24980.5,24986.75,24968.0,6.25,-6.25,stop,2,0.7894736842105263,0.031578947368421054,0.17894736842105263,-276.5,-43.09425508893037,2
2026-04-09T08:38:00.000000,2026-04-09T08:39:00.000000,2026,2026-04,8,39,24969.5,24984.5,24939.5,15.0,-15.0,stop,1,0.8363636363636363,0.01818181818181818,0.14545454545454545,-288.0,-54.39899362951837,2
2026-04-09T08:39:00.000000,2026-04-09T08:40:00.000000,2026,2026-04,8,40,24983.5,24990.0,24970.5,6.5,-6.5,stop,1,0.7532467532467533,0.03896103896103896,0.2077922077922078,-273.0,-39.184103691637574,2
2026-04-21T10:17:00.000000,2026-04-21T10:18:00.000000,2026,2026-04,10,18,26744.25,26750.0,26732.75,5.75,-5.75,stop,1,0.6666666666666666,0.047619047619047616,0.2857142857142857,-84.25,-44.37084693481302,1
2026-04-21T10:30:00.000000,2026-04-21T10:31:00.000000,2026,2026-04,10,31,26719.25,26725.5,26706.75,6.25,-6.25,stop,1,0.7349397590361446,0.07228915662650602,0.1927710843373494,-108.25,-66.22800344447751,1
2026-04-21T10:41:00.000000,2026-04-21T10:42:00.000000,2026,2026-04,10,42,26698.25,26711.25,26672.25,13.0,26.0,target,3,0.9772727272727273,0.0,0.022727272727272728,-129.5,-85.9024806368252,1
2026-04-21T10:45:00.000000,2026-04-21T10:46:00.000000,2026,2026-04,10,46,26694.25,26698.75,26685.25,4.5,-4.5,stop,1,0.8,0.016666666666666666,0.18333333333333332,-133.75,-88.37936844139404,1
2026-04-27T08:33:00.000000,2026-04-27T08:34:00.000000,2026,2026-04,8,34,27342.75,27351.25,27325.75,8.5,-8.5,stop,1,0.7032967032967034,0.01098901098901099,0.2857142857142857,-79.0,-66.51187669096544,2
2026-04-28T08:44:00.000000,2026-04-28T08:45:00.000000,2026,2026-04,8,45,27102.75,27106.25,27095.75,3.5,-3.5,stop,1,0.8450704225352113,0.014084507042253521,0.14084507042253522,-440.75,-100.70435825573804,1
2026-04-28T08:49:00.000000,2026-04-28T08:50:00.000000,2026,2026-04,8,50,27060.0,27083.5,27013.0,23.5,47.0,target,2,0.7032967032967034,0.0989010989010989,0.1978021978021978,-481.5,-137.8895119335757,1
2026-04-28T10:15:00.000000,2026-04-28T10:16:00.000000,2026,2026-04,10,16,27060.0,27074.5,27031.0,14.5,-14.5,stop,3,0.8148148148148148,0.037037037037037035,0.14814814814814814,-483.0,-102.82424295922465,2
2026-04-28T10:31:00.000000,2026-04-28T10:32:00.000000,2026,2026-04,10,32,27061.75,27074.75,27035.75,13.0,26.0,target,4,0.88,0.06,0.06,-481.5,-98.90078540758259,1
2026-04-28T10:34:00.000000,2026-04-28T10:35:00.000000,2026,2026-04,10,35,27040.0,27059.0,27002.0,19.0,-19.0,stop,12,0.8805970149253731,0.0,0.11940298507462686,-502.25,-119.05083211525562,1
2026-04-28T10:44:00.000000,2026-04-28T10:45:00.000000,2026,2026-04,10,45,27039.5,27043.5,27031.5,4.0,-4.0,stop,1,0.8292682926829268,0.0,0.17073170731707318,-502.75,-117.69426882256448,2
2026-04-28T10:48:00.000000,2026-04-28T10:49:00.000000,2026,2026-04,10,49,27058.5,27062.0,27051.5,3.5,-3.5,stop,1,0.7777777777777778,0.1111111111111111,0.1111111111111111,-484.25,-98.51551520333305,2
2026-04-30T08:40:00.000000,2026-04-30T08:41:00.000000,2026,2026-04,8,41,27205.0,27214.0,27187.0,9.0,-9.0,stop,1,0.7702702702702703,0.033783783783783786,0.19594594594594594,-295.25,-142.0555128603919,2
2026-04-30T08:43:00.000000,2026-04-30T08:44:00.000000,2026,2026-04,8,44,27246.5,27254.25,27231.0,7.75,-7.75,stop,1,0.6666666666666666,0.0,0.3333333333333333,-254.5,-99.78560106355872,2
2026-05-04T10:11:00.000000,2026-05-04T10:12:00.000000,2026,2026-05,10,12,27677.75,27682.25,27668.75,4.5,-4.5,stop,1,0.8533333333333334,0.07333333333333333,0.07333333333333333,-248.5,-152.65541330360793,1
2026-05-04T10:14:00.000000,2026-05-04T10:15:00.000000,2026,2026-05,10,15,27656.75,27679.0,27612.25,22.25,-22.25,stop,3,0.9411764705882353,0.03529411764705882,0.023529411764705882,-269.5,-172.37176236883533,1
2026-05-04T10:32:00.000000,2026-05-04T10:33:00.000000,2026,2026-05,10,33,27714.0,27731.5,27679.0,17.5,-17.5,stop,1,0.7285714285714285,0.08571428571428572,0.18571428571428572,-212.5,-107.94019574119375,1
2026-05-04T10:35:00.000000,2026-05-04T10:36:00.000000,2026,2026-05,10,36,27720.0,27744.25,27671.5,24.25,-24.25,stop,30,0.776595744680851,0.02127659574468085,0.20212765957446807,-206.75,-101.61861992616105,1
2026-05-04T10:44:00.000000,2026-05-04T10:45:00.000000,2026,2026-05,10,45,27712.0,27732.5,27671.0,20.5,-20.5,stop,17,0.9466666666666667,0.0,0.05333333333333334,-214.25,-106.96910713318357,1
2026-05-07T10:11:00.000000,2026-05-07T10:12:00.000000,2026,2026-05,10,12,28714.75,28738.75,28666.75,24.0,48.0,target,4,0.8222222222222222,0.022222222222222223,0.15555555555555556,-85.25,-81.48272386636745,3
2026-05-07T10:13:00.000000,2026-05-07T10:14:00.000000,2026,2026-05,10,14,28706.5,28714.5,28690.5,8.0,16.0,target,2,0.6829268292682927,0.012195121951219513,0.3048780487804878,-93.75,-88.77440345774812,3
2026-05-07T10:22:00.000000,2026-05-07T10:23:00.000000,2026,2026-05,10,23,28678.0,28685.75,28662.5,7.75,-7.75,stop,1,0.7157894736842105,0.031578947368421054,0.25263157894736843,-122.25,-109.82734760401945,4
2026-05-07T10:23:00.000000,2026-05-07T10:24:00.000000,2026,2026-05,10,24,28702.0,28705.25,28695.5,3.25,-3.25,stop,1,0.9134615384615384,0.028846153846153848,0.057692307692307696,-98.25,-85.36947177454203,4
