signal_time,entry_time,year,month,hour,minute,entry,stop,target,risk,result_points,exit_reason,bars_held,stage1_lower_wick_pct,stage1_range_expansion,stage2_body_pct,stage2_lower_wick_pct,dist_pdh,dist_vwap
2018-02-02T03:46:00.000000,2018-02-02T03:47:00.000000,2018,2018-02,3,47,6877.25,6881.0,6869.75,3.75,7.5,target,8,0.68,1.9455252918287937,0.6,0.0,-110.25,-41.03018566483479
2018-02-02T15:30:00.000000,2018-02-02T15:31:00.000000,2018,2018-02,15,31,6761.5,6765.0,6754.5,3.5,7.0,target,13,0.40540540540540543,1.942257217847769,0.5217391304347826,0.08695652173913043,-227.0,-75.76815550853098
2018-02-05T15:11:00.000000,2018-02-05T15:12:00.000000,2018,2018-02,15,12,6458.0,6473.25,6427.5,15.25,30.5,target,3,0.3254437869822485,2.003556609365738,0.4961832061068702,0.09923664122137404,-505.5,-226.5069825486362
2018-02-05T17:01:00.000000,2018-02-05T17:02:00.000000,2018,2018-02,17,2,6488.0,6494.25,6475.5,6.25,12.5,target,2,0.5495495495495496,2.4503311258278146,0.5853658536585366,0.0,-325.5,-191.94178682041093
2018-02-07T17:39:00.000000,2018-02-07T17:40:00.000000,2018,2018-02,17,40,6500.5,6507.75,6486.0,7.25,-7.25,stop,2,0.6774193548387096,1.9076923076923078,0.5714285714285714,0.09523809523809523,-217.75,-141.0988821249066
2018-02-08T11:28:00.000000,2018-02-08T11:29:00.000000,2018,2018-02,11,29,6453.75,6460.5,6440.25,6.75,-6.75,stop,2,0.4107142857142857,1.7665615141955837,0.5681818181818182,0.06818181818181818,-263.25,-83.38861663075932
2018-02-08T11:42:00.000000,2018-02-08T11:43:00.000000,2018,2018-02,11,43,6461.75,6477.0,6431.25,15.25,30.5,target,4,0.3492063492063492,1.5422276621787026,0.7090909090909091,0.03636363636363636,-256.0,-71.7965652017865
2018-02-21T17:05:00.000000,2018-02-21T17:06:00.000000,2018,2018-02,17,6,6753.25,6755.75,6748.25,2.5,-2.5,stop,6,0.6086956521739131,1.8775510204081634,0.6923076923076923,0.07692307692307693,-133.25,-72.17703034756778
2018-02-28T14:26:00.000000,2018-02-28T14:27:00.000000,2018,2018-02,14,27,6901.5,6906.5,6891.5,5.0,-5.0,stop,2,0.30952380952380953,1.6184971098265897,0.6190476190476191,0.0,-107.5,-28.512555601972963
2018-03-01T09:01:00.000000,2018-03-01T09:02:00.000000,2018,2018-03,9,2,6815.5,6828.75,6789.0,13.25,-13.25,stop,2,0.4077669902912621,2.047713717693837,0.5348837209302325,0.11627906976744186,-155.0,-38.04641278051258
2018-03-02T08:36:00.000000,2018-03-02T08:37:00.000000,2018,2018-03,8,37,6683.0,6701.5,6646.0,18.5,37.0,target,9,0.5333333333333333,1.6453382084095063,0.696969696969697,0.015151515151515152,-215.5,-30.903547938703923
2018-03-02T08:39:00.000000,2018-03-02T08:40:00.000000,2018,2018-03,8,40,6668.25,6688.0,6628.75,19.75,-19.75,stop,3,0.36363636363636365,1.6176470588235294,0.5512820512820513,0.0641025641025641,-231.0,-44.395865733959
2018-03-06T17:47:00.000000,2018-03-06T17:48:00.000000,2018,2018-03,17,48,6828.0,6830.75,6822.5,2.75,-2.75,stop,7,0.36,1.976284584980237,0.6666666666666666,0.0,-111.25,-77.88587034230295
2018-03-19T08:45:00.000000,2018-03-19T08:46:00.000000,2018,2018-03,8,46,6928.5,6933.75,6918.0,5.25,10.5,target,8,0.3125,2.900302114803625,0.6956521739130435,0.043478260869565216,-114.5,-34.1424666372377
2018-03-22T01:41:00.000000,2018-03-22T01:42:00.000000,2018,2018-03,1,42,6837.0,6843.25,6824.5,6.25,12.5,target,12,0.30434782608695654,1.6312056737588654,0.5,0.05555555555555555,-114.0,-48.50575936237601
2018-03-27T23:08:00.000000,2018-03-27T23:09:00.000000,2018,2018-03,23,9,6529.5,6533.5,6521.5,4.0,8.0,target,10,0.8,1.762114537444934,0.7142857142857143,0.0,-320.75,-30.642727619774632
2018-04-02T09:38:00.000000,2018-04-02T09:39:00.000000,2018,2018-04,9,39,6390.0,6402.0,6366.0,12.0,-12.0,stop,10,0.4868421052631579,1.6084656084656084,0.5714285714285714,0.07142857142857142,-198.25,-93.86719174964765
2018-04-02T11:33:00.000000,2018-04-02T11:34:00.000000,2018,2018-04,11,34,6382.25,6389.25,6368.25,7.0,-7.0,stop,2,0.3673469387755102,1.51702786377709,0.4523809523809524,0.047619047619047616,-206.5,-71.39801934161824
2018-04-24T16:06:00.000000,2018-04-24T16:07:00.000000,2018,2018-04,16,7,6525.75,6531.25,6514.75,5.5,-5.5,stop,5,0.3333333333333333,1.8181818181818183,0.5,0.0,-203.0,-47.312191336875
2018-04-30T16:44:00.000000,2018-04-30T16:45:00.000000,2018,2018-04,16,45,6601.25,6604.5,6594.75,3.25,-3.25,stop,30,0.5,2.4806201550387597,0.6363636363636364,0.0,-91.75,-50.77987841313552
2018-05-03T08:31:00.000000,2018-05-03T08:32:00.000000,2018,2018-05,8,32,6588.75,6593.75,6578.75,5.0,10.0,target,2,0.37777777777777777,1.533219761499148,0.5333333333333333,0.0,-141.25,-25.11701274918596
2018-06-21T16:48:00.000000,2018-06-21T16:49:00.000000,2018,2018-06,16,49,7226.5,7229.75,7220.0,3.25,-3.25,stop,12,0.5,1.7647058823529411,0.75,0.0,-109.75,-47.60287154814341
2018-06-21T17:05:00.000000,2018-06-21T17:06:00.000000,2018,2018-06,17,6,7229.5,7232.0,7224.5,2.5,-2.5,stop,31,0.4444444444444444,2.25,0.5,0.0,-129.25,-45.063666072063825
2018-06-22T08:35:00.000000,2018-06-22T08:36:00.000000,2018,2018-06,8,36,7203.5,7215.5,7179.5,12.0,-12.0,stop,16,0.5555555555555556,1.744186046511628,0.6388888888888888,0.027777777777777776,-155.0,-32.382375951372524
2018-06-25T07:44:00.000000,2018-06-25T07:45:00.000000,2018,2018-06,7,45,7131.5,7135.25,7124.0,3.75,7.5,target,1,0.5121951219512195,1.5298507462686566,0.7037037037037037,0.07407407407407407,-91.0,-30.287545050401604
2018-06-27T17:43:00.000000,2018-06-27T17:44:00.000000,2018,2018-06,17,44,7008.25,7010.5,7003.75,2.25,-2.25,stop,7,0.625,1.6326530612244896,0.6666666666666666,0.0,-143.5,-66.30923628462187
2018-07-03T17:38:00.000000,2018-07-03T17:39:00.000000,2018,2018-07,17,39,7030.75,7034.0,7024.25,3.25,6.5,target,13,0.4166666666666667,1.951219512195122,0.5,0.0,-134.25,-70.06904757906068
2018-07-27T13:51:00.000000,2018-07-27T13:52:00.000000,2018,2018-07,13,52,7309.25,7314.75,7298.25,5.5,11.0,target,56,0.3695652173913043,2.5274725274725274,0.6666666666666666,0.06666666666666667,-140.75,-45.42274160702982
2018-09-06T11:03:00.000000,2018-09-06T11:04:00.000000,2018,2018-09,11,4,7410.75,7416.75,7398.75,6.0,-6.0,stop,3,0.6071428571428571,1.6666666666666665,0.5625,0.0,-232.5,-62.76369025568965
2018-10-05T09:54:00.000000,2018-10-05T09:55:00.000000,2018,2018-10,9,55,7392.25,7402.0,7372.75,9.75,-9.75,stop,10,0.6153846153846154,1.6199376947040498,0.5,0.1111111111111111,-255.75,-86.05784868370483
2018-10-10T16:02:00.000000,2018-10-10T16:03:00.000000,2018,2018-10,16,3,7019.0,7024.5,7008.0,5.5,-5.5,stop,3,0.4523809523809524,2.216358839050132,0.6764705882352942,0.08823529411764706,-437.0,-210.64680187694103
2018-10-17T09:40:00.000000,2018-10-17T09:41:00.000000,2018,2018-10,9,41,7256.5,7269.5,7230.5,13.0,-13.0,stop,2,0.34210526315789475,1.6101694915254237,0.64,0.04,-100.75,-26.44504257713743
2018-10-18T10:21:00.000000,2018-10-18T10:22:00.000000,2018,2018-10,10,22,7151.25,7156.5,7140.75,5.25,-5.25,stop,2,0.35185185185185186,1.5561959654178672,0.6590909090909091,0.06818181818181818,-217.0,-69.36279351897247
2018-10-18T11:14:00.000000,2018-10-18T11:15:00.000000,2018,2018-10,11,15,7128.25,7136.0,7112.75,7.75,15.5,target,7,0.30434782608695654,1.6819012797074953,0.5,0.08333333333333333,-240.25,-85.03056514852506
2018-10-18T11:42:00.000000,2018-10-18T11:43:00.000000,2018,2018-10,11,43,7097.0,7104.5,7082.0,7.5,-7.5,stop,3,0.375,1.530054644808743,0.75,0.08333333333333333,-271.5,-108.14070227448428
2018-10-24T16:05:00.000000,2018-10-24T16:06:00.000000,2018,2018-10,16,6,6854.0,6862.0,6838.0,8.0,-8.0,stop,21,0.4444444444444444,3.1395348837209305,0.6956521739130435,0.0,-309.75,-140.06490062739613
2018-10-24T17:31:00.000000,2018-10-24T17:32:00.000000,2018,2018-10,17,32,6846.0,6853.0,6832.0,7.0,14.0,target,13,0.40625,2.397003745318352,0.5263157894736842,0.10526315789473684,-328.25,-146.24966394986404
2018-10-25T16:01:00.000000,2018-10-25T16:02:00.000000,2018,2018-10,16,2,6870.0,6882.0,6846.0,12.0,24.0,target,3,0.32608695652173914,1.8969072164948453,0.5116279069767442,0.0,-305.75,-99.00477874068383
2018-10-25T16:05:00.000000,2018-10-25T16:06:00.000000,2018,2018-10,16,6,6843.25,6858.25,6813.25,15.0,-15.0,stop,2,0.328125,2.199312714776632,0.5609756097560976,0.07317073170731707,-331.5,-124.41603069926532
2018-10-26T03:46:00.000000,2018-10-26T03:47:00.000000,2018,2018-10,3,47,6749.5,6757.25,6734.0,7.75,-7.75,stop,31,0.49019607843137253,1.5269461077844313,0.45454545454545453,0.0,-326.5,-80.87253607172988
2018-10-29T13:46:00.000000,2018-10-29T13:47:00.000000,2018,2018-10,13,47,6624.25,6642.25,6588.25,18.0,-18.0,stop,2,0.3402777777777778,2.2535211267605635,0.6511627906976745,0.046511627906976744,-324.5,-219.0255873111346
2018-11-02T14:52:00.000000,2018-11-02T14:53:00.000000,2018,2018-11,14,53,6978.0,6980.75,6972.5,2.75,5.5,target,8,0.6363636363636364,1.746031746031746,0.5714285714285714,0.0,-102.75,-26.81923583499156
2018-11-05T10:32:00.000000,2018-11-05T10:33:00.000000,2018,2018-11,10,33,6891.25,6897.75,6878.25,6.5,-6.5,stop,8,0.6388888888888888,1.5062761506276152,0.6046511627906976,0.046511627906976744,-251.75,-29.853796950526885
2018-11-09T05:34:00.000000,2018-11-09T05:35:00.000000,2018,2018-11,5,35,7101.75,7107.75,7089.75,6.0,-6.0,stop,29,0.47058823529411764,1.6748768472906403,0.75,0.0,-129.25,-31.17193623167077
2018-11-09T05:36:00.000000,2018-11-09T05:37:00.000000,2018,2018-11,5,37,7096.0,7101.75,7084.5,5.75,-5.75,stop,11,0.3448275862068966,2.4892703862660945,0.5294117647058824,0.0,-135.5,-36.53783420060972
2018-11-12T07:05:00.000000,2018-11-12T07:06:00.000000,2018,2018-11,7,6,7007.25,7014.5,6992.75,7.25,14.5,target,8,0.4090909090909091,3.0136986301369864,0.5238095238095238,0.047619047619047616,-158.75,-50.14544534412926
2018-11-12T09:21:00.000000,2018-11-12T09:22:00.000000,2018,2018-11,9,22,6925.25,6937.75,6900.25,12.5,-12.5,stop,5,0.6326530612244898,1.821561338289963,0.6190476190476191,0.023809523809523808,-241.0,-59.95325372602292
2018-11-12T14:41:00.000000,2018-11-12T14:42:00.000000,2018,2018-11,14,42,6852.5,6862.25,6833.0,9.75,-9.75,stop,2,0.3541666666666667,1.7112299465240641,0.4857142857142857,0.11428571428571428,-313.25,-59.18922498527991
2018-11-14T12:01:00.000000,2018-11-14T12:02:00.000000,2018,2018-11,12,2,6791.0,6802.75,6767.5,11.75,-11.75,stop,4,0.32608695652173914,2.1345707656612527,0.5,0.05,-170.75,-50.712541863991646
2018-11-14T15:56:00.000000,2018-11-14T15:57:00.000000,2018,2018-11,15,57,6783.5,6787.0,6776.5,3.5,7.0,target,4,0.38461538461538464,1.9402985074626866,0.5333333333333333,0.06666666666666667,-178.5,-44.06256436913009
2018-11-16T07:36:00.000000,2018-11-16T07:37:00.000000,2018,2018-11,7,37,6812.25,6818.25,6800.25,6.0,-6.0,stop,5,0.5625,1.7066666666666668,0.6666666666666666,0.0,-108.0,-39.003514658949825
2018-11-20T02:10:00.000000,2018-11-20T02:11:00.000000,2018,2018-11,2,11,6614.5,6620.5,6602.5,6.0,-6.0,stop,2,0.3695652173913043,3.0976430976430978,0.5185185185185185,0.037037037037037035,-320.0,-27.682388299886043
2018-11-20T04:58:00.000000,2018-11-20T04:59:00.000000,2018,2018-11,4,59,6593.75,6598.75,6583.75,5.0,10.0,target,5,0.4074074074074074,1.9217081850533806,0.631578947368421,0.0,-341.5,-33.005242371224085
2018-11-20T06:54:00.000000,2018-11-20T06:55:00.000000,2018,2018-11,6,55,6565.0,6569.0,6557.0,4.0,8.0,target,2,0.5853658536585366,1.7787418655097613,0.6521739130434783,0.08695652173913043,-369.0,-47.307413232148974
2018-11-20T07:19:00.000000,2018-11-20T07:20:00.000000,2018,2018-11,7,20,6556.25,6563.5,6541.75,7.25,-7.25,stop,6,0.5,1.769041769041769,0.6666666666666666,0.0,-378.0,-51.452638057193326
2018-11-20T08:36:00.000000,2018-11-20T08:37:00.000000,2018,2018-11,8,37,6535.75,6545.25,6516.75,9.5,-9.5,stop,2,0.6705882352941176,1.9744483159117308,0.7014925373134329,0.014925373134328358,-399.25,-34.734927268154934
2018-11-22T03:31:00.000000,2018-11-22T03:32:00.000000,2018,2018-11,3,32,6537.0,6541.0,6529.0,4.0,-4.0,stop,8,0.5,1.5277777777777777,0.6666666666666666,0.0,-111.0,-32.723463516160336
2018-12-04T11:31:00.000000,2018-12-04T11:32:00.000000,2018,2018-12,11,32,6868.25,6886.75,6831.25,18.5,-18.5,stop,3,0.3130434782608696,2.564102564102564,0.5205479452054794,0.0958904109589041,-270.75,-135.08373720374766
2018-12-04T17:01:00.000000,2018-12-04T17:02:00.000000,2018,2018-12,17,2,6798.5,6802.5,6790.5,4.0,-4.0,stop,12,0.56,1.706484641638225,0.4666666666666667,0.0,-256.75,-132.05611597105053
2018-12-12T17:02:00.000000,2018-12-12T17:03:00.000000,2018,2018-12,17,3,6776.25,6778.75,6771.25,2.5,5.0,target,6,0.44,2.604166666666667,0.7142857142857143,0.0,-96.25,-36.43020563113441
2018-12-13T05:46:00.000000,2018-12-13T05:47:00.000000,2018,2018-12,5,47,6776.0,6781.0,6766.0,5.0,10.0,target,4,0.37037037037037035,2.5352112676056335,0.5833333333333334,0.0,-96.0,-25.441051398494892
2018-12-14T00:54:00.000000,2018-12-14T00:55:00.000000,2018,2018-12,0,55,6689.0,6692.25,6682.5,3.25,-3.25,stop,2,0.3076923076923077,2.1487603305785123,0.75,0.0,-150.0,-27.980567335007436
2018-12-14T02:36:00.000000,2018-12-14T02:37:00.000000,2018,2018-12,2,37,6674.0,6678.0,6666.0,4.0,8.0,target,2,0.42857142857142855,1.7573221757322177,0.75,0.0,-164.5,-37.58972392638043
2018-12-17T07:44:00.000000,2018-12-17T07:45:00.000000,2018,2018-12,7,45,6590.75,6596.0,6580.25,5.25,10.5,target,21,0.48,1.7921146953405018,0.5769230769230769,0.11538461538461539,-195.25,-35.61659268695621
2018-12-17T17:44:00.000000,2018-12-17T17:45:00.000000,2018,2018-12,17,45,6513.0,6515.5,6508.0,2.5,-2.5,stop,16,0.6153846153846154,1.6352201257861634,0.6923076923076923,0.07692307692307693,-143.25,-37.16282181145107
2018-12-24T06:59:00.000000,2018-12-24T07:00:00.000000,2018,2018-12,7,0,6003.0,6013.0,5983.0,10.0,-10.0,stop,3,0.3148148148148148,1.9285714285714286,0.5142857142857142,0.08571428571428572,-335.0,-75.27590755051187
2019-01-01T23:49:00.000000,2019-01-01T23:50:00.000000,2019,2019-01,23,50,6270.25,6274.25,6262.25,4.0,8.0,target,6,0.3157894736842105,1.8095238095238095,0.625,0.0625,-106.25,-48.77000936941022
2019-01-02T00:19:00.000000,2019-01-02T00:20:00.000000,2019,2019-01,0,20,6268.0,6271.75,6260.5,3.75,-3.75,stop,5,0.36363636363636365,1.5658362989323842,0.625,0.0,-109.75,-47.98936281839451
2019-01-02T02:14:00.000000,2019-01-02T02:15:00.000000,2019,2019-01,2,15,6229.0,6237.0,6213.0,8.0,16.0,target,5,0.5263157894736842,1.7351598173515983,0.4583333333333333,0.08333333333333333,-147.25,-69.47406896950542
2019-01-03T17:51:00.000000,2019-01-03T17:52:00.000000,2019,2019-01,17,52,6166.75,6171.0,6158.25,4.25,-4.25,stop,4,0.34146341463414637,3.9234449760765555,0.6666666666666666,0.0,-137.75,-53.514975530390075
2019-01-29T10:57:00.000000,2019-01-29T10:58:00.000000,2019,2019-01,10,58,6643.25,6647.0,6635.75,3.75,7.5,target,6,0.5263157894736842,1.6379310344827587,0.6818181818181818,0.0,-147.75,-28.117142061460072
2019-03-07T14:01:00.000000,2019-03-07T14:02:00.000000,2019,2019-03,14,2,7005.75,7015.0,6987.25,9.25,-9.25,stop,8,0.4375,1.5724815724815724,0.6666666666666666,0.05555555555555555,-165.5,-54.81584266152004
2019-03-07T19:29:00.000000,2019-03-07T19:30:00.000000,2019,2019-03,19,30,7042.25,7044.25,7038.25,2.0,4.0,target,2,0.7777777777777778,1.6216216216216217,0.6,0.1,-122.0,-28.481083605791355
2019-03-22T09:17:00.000000,2019-03-22T09:18:00.000000,2019,2019-03,9,18,7434.5,7443.75,7416.0,9.25,-9.25,stop,2,0.30434782608695654,1.7132216014897579,0.6363636363636364,0.0,-106.75,-47.64082744521147
2019-05-01T17:39:00.000000,2019-05-01T17:40:00.000000,2019,2019-05,17,40,7751.5,7753.75,7747.0,2.25,-2.25,stop,25,0.4,1.639344262295082,0.75,0.0,-115.75,-78.83315402433982
2019-05-13T10:37:00.000000,2019-05-13T10:38:00.000000,2019,2019-05,10,38,7355.0,7359.75,7345.5,4.75,9.5,target,3,0.46153846153846156,1.5853658536585364,0.75,0.11764705882352941,-196.0,-47.61083375731323
2019-05-24T09:10:00.000000,2019-05-24T09:11:00.000000,2019,2019-05,9,11,7312.75,7325.5,7287.25,12.75,-12.75,stop,13,0.5277777777777778,1.6363636363636365,0.7111111111111111,0.044444444444444446,-115.5,-36.738896879358435
2019-06-03T11:32:00.000000,2019-06-03T11:33:00.000000,2019,2019-06,11,33,6988.5,6995.25,6975.0,6.75,13.5,target,4,0.3132530120481928,1.680161943319838,0.6060606060606061,0.10606060606060606,-122.0,-74.4806470982976
2019-06-03T13:42:00.000000,2019-06-03T13:43:00.000000,2019,2019-06,13,43,6957.5,6963.5,6945.5,6.0,-6.0,stop,3,0.375,1.5861214374225525,0.5714285714285714,0.07142857142857142,-153.25,-84.0869338781722
2019-06-03T17:13:00.000000,2019-06-03T17:14:00.000000,2019,2019-06,17,14,7005.0,7007.75,6999.5,2.75,-2.75,stop,2,0.6,1.639344262295082,0.625,0.0,-127.5,-31.985582093832818
2019-06-12T20:11:00.000000,2019-06-12T20:12:00.000000,2019,2019-06,20,12,7435.0,7440.75,7423.5,5.75,-5.75,stop,13,0.6,2.857142857142857,0.6190476190476191,0.07142857142857142,-95.5,-37.06191489361663
2019-06-25T10:29:00.000000,2019-06-25T10:30:00.000000,2019,2019-06,10,30,7690.5,7694.5,7682.5,4.0,8.0,target,7,0.42105263157894735,2.0765027322404372,0.5714285714285714,0.07142857142857142,-103.75,-28.063014638609275
2019-06-25T12:34:00.000000,2019-06-25T12:35:00.000000,2019,2019-06,12,35,7630.5,7638.75,7614.0,8.25,16.5,target,3,0.45454545454545453,1.5770609318996416,0.7142857142857143,0.10714285714285714,-163.75,-71.59872964897386
2019-06-25T16:06:00.000000,2019-06-25T16:07:00.000000,2019,2019-06,16,7,7637.5,7640.25,7632.0,2.75,-2.75,stop,15,0.38461538461538464,1.8840579710144927,0.6666666666666666,0.0,-156.75,-47.40721434628995
2019-07-05T08:27:00.000000,2019-07-05T08:28:00.000000,2019,2019-07,8,28,7812.0,7816.0,7804.0,4.0,8.0,target,3,0.5428571428571428,1.8276762402088773,0.64,0.04,-97.75,-32.09804294096284
2019-08-02T02:16:00.000000,2019-08-02T02:17:00.000000,2019,2019-08,2,17,7746.25,7752.75,7733.25,6.5,-6.5,stop,15,0.46153846153846156,1.6,0.7,0.1,-268.25,-32.024269391342386
2019-08-04T21:06:00.000000,2019-08-04T21:07:00.000000,2019,2019-08,21,7,7597.0,7601.75,7587.5,4.75,9.5,target,2,0.5806451612903226,1.7174515235457064,0.5833333333333334,0.0,-104.5,-39.16057527089106
2019-08-04T21:31:00.000000,2019-08-04T21:32:00.000000,2019,2019-08,21,32,7580.25,7584.25,7572.25,4.0,-4.0,stop,19,0.36666666666666664,1.6713091922005572,0.5,0.0,-121.25,-50.178262290998646
2019-08-04T23:01:00.000000,2019-08-04T23:02:00.000000,2019,2019-08,23,2,7590.75,7596.0,7580.25,5.25,-5.25,stop,20,0.375,1.8934911242603552,0.7,0.1,-110.75,-33.86385282864194
2019-08-05T10:36:00.000000,2019-08-05T10:37:00.000000,2019,2019-08,10,37,7462.75,7467.0,7454.25,4.25,8.5,target,3,0.6666666666666666,1.5789473684210527,0.6923076923076923,0.038461538461538464,-238.5,-66.26799190443307
2019-08-14T06:10:00.000000,2019-08-14T06:11:00.000000,2019,2019-08,6,11,7614.0,7635.5,7571.0,21.5,-21.5,stop,48,0.47619047619047616,2.418426103646833,0.725,0.025,-175.5,-87.83031563586064
2019-08-14T10:01:00.000000,2019-08-14T10:02:00.000000,2019,2019-08,10,2,7514.25,7521.25,7500.25,7.0,-7.0,stop,11,0.36065573770491804,2.2222222222222223,0.5,0.0,-275.25,-104.52310580629637
2019-08-20T16:01:00.000000,2019-08-20T16:02:00.000000,2019,2019-08,16,2,7659.75,7662.0,7655.25,2.25,-2.25,stop,4,0.36666666666666664,4.026845637583892,0.7333333333333333,0.0,-91.0,-51.78119106178383
2019-09-20T12:58:00.000000,2019-09-20T12:59:00.000000,2019,2019-09,12,59,7858.25,7863.75,7847.25,5.5,-5.5,stop,3,0.5,1.5450643776824033,0.6470588235294118,0.11764705882352941,-115.75,-36.18652735457363
2019-09-24T14:59:00.000000,2019-09-24T16:00:00.000000,2019,2019-09,16,0,7738.25,7740.5,7733.75,2.25,4.5,target,1,0.5714285714285714,1.5909090909090908,0.6,0.0,-151.75,-51.10524214779798
2019-09-24T16:06:00.000000,2019-09-24T16:07:00.000000,2019,2019-09,16,7,7726.5,7731.75,7716.0,5.25,-5.25,stop,2,0.6842105263157895,1.8811881188118813,0.5,0.0,-163.0,-62.204385936401195
2019-09-25T03:46:00.000000,2019-09-25T03:47:00.000000,2019,2019-09,3,47,7698.0,7701.75,7690.5,3.75,-3.75,stop,6,0.47619047619047616,1.640625,0.7,0.0,-206.5,-28.424154650210767
2019-10-02T03:32:00.000000,2019-10-02T03:33:00.000000,2019,2019-10,3,33,7639.75,7644.5,7630.25,4.75,9.5,target,12,0.39285714285714285,2.2222222222222223,0.7222222222222222,0.1111111111111111,-201.5,-44.309814040395395
2019-10-02T10:48:00.000000,2019-10-02T10:49:00.000000,2019,2019-10,10,49,7533.75,7538.25,7524.75,4.5,-4.5,stop,14,0.5454545454545454,2.018348623853211,0.5,0.0,-307.75,-72.65740468275271
2019-10-02T17:53:00.000000,2019-10-02T17:54:00.000000,2019,2019-10,17,54,7562.5,7565.25,7557.0,2.75,5.5,target,7,0.3157894736842105,2.5503355704697985,0.7142857142857143,0.0,-167.75,-27.15661679634377
2019-10-08T16:30:00.000000,2019-10-08T16:31:00.000000,2019,2019-10,16,31,7625.0,7628.75,7617.5,3.75,7.5,target,29,0.5454545454545454,1.6058394160583942,0.6666666666666666,0.0,-174.75,-49.48927347498284
2019-10-08T17:01:00.000000,2019-10-08T17:02:00.000000,2019,2019-10,17,2,7611.0,7614.5,7604.0,3.5,-3.5,stop,6,0.34375,3.8323353293413174,0.7222222222222222,0.0,-173.5,-63.34218481082826
2019-10-18T10:01:00.000000,2019-10-18T10:02:00.000000,2019,2019-10,10,2,7873.25,7877.25,7865.25,4.0,-4.0,stop,4,0.5151515151515151,1.7886178861788617,0.6666666666666666,0.037037037037037035,-121.5,-52.428877519923844
2019-12-03T06:41:00.000000,2019-12-03T06:42:00.000000,2019,2019-12,6,42,8279.25,8281.5,8274.75,2.25,4.5,target,3,0.3333333333333333,1.6822429906542058,0.75,0.0,-178.0,-29.803538206955636
2019-12-03T07:34:00.000000,2019-12-03T07:35:00.000000,2019,2019-12,7,35,8227.75,8237.5,8208.25,9.75,19.5,target,44,0.5813953488372093,2.4293785310734464,0.7272727272727273,0.09090909090909091,-229.25,-66.97841776937639
2019-12-10T05:29:00.000000,2019-12-10T05:30:00.000000,2019,2019-12,5,30,8303.75,8306.75,8297.75,3.0,-3.0,stop,2,0.5652173913043478,2.3,0.7222222222222222,0.05555555555555555,-123.5,-39.89078548577163
2019-12-30T09:14:00.000000,2019-12-30T09:15:00.000000,2019,2019-12,9,15,8700.5,8711.25,8679.0,10.75,-10.75,stop,7,0.5,2.0553359683794468,0.7297297297297297,0.02702702702702703,-143.25,-55.89052390434699
2020-01-03T02:41:00.000000,2020-01-03T02:42:00.000000,2020,2020-01,2,42,8800.0,8803.0,8794.0,3.0,6.0,target,4,0.47619047619047616,1.8025751072961373,0.6666666666666666,0.0,-101.25,-31.056424684069498
2020-01-27T08:10:00.000000,2020-01-27T08:11:00.000000,2020,2020-01,8,11,8970.25,8974.25,8962.25,4.0,8.0,target,5,0.3333333333333333,2.3225806451612905,0.5789473684210527,0.0,-317.0,-33.24822305749876
2020-01-27T10:21:00.000000,2020-01-27T10:22:00.000000,2020,2020-01,10,22,8955.0,8958.5,8948.0,3.5,-3.5,stop,2,0.4444444444444444,1.572052401746725,0.55,0.1,-332.5,-30.251473455689847
2020-01-30T01:02:00.000000,2020-01-30T01:03:00.000000,2020,2020-01,1,3,9034.75,9040.75,9022.75,6.0,12.0,target,4,0.38461538461538464,2.0077220077220077,0.5882352941176471,0.0,-124.25,-39.09894817925306
2020-02-18T03:16:00.000000,2020-02-18T03:17:00.000000,2020,2020-02,3,17,9540.5,9544.75,9532.0,4.25,-4.25,stop,10,0.3103448275862069,2.3293172690763053,0.6,0.1,-147.0,-27.330204889864035
2020-02-20T17:01:00.000000,2020-02-20T17:02:00.000000,2020,2020-02,17,2,9610.75,9616.0,9600.25,5.25,-5.25,stop,2,0.3333333333333333,5.196850393700788,0.5,0.07142857142857142,-152.25,-36.224910349983475
2020-02-21T11:42:00.000000,2020-02-21T11:43:00.000000,2020,2020-02,11,43,9494.0,9502.0,9478.0,8.0,16.0,target,12,0.38461538461538464,1.897810218978102,0.6153846153846154,0.0,-269.5,-43.19260610298443
2020-02-23T21:01:00.000000,2020-02-23T21:02:00.000000,2020,2020-02,21,2,9259.25,9265.75,9246.25,6.5,-6.5,stop,9,0.35714285714285715,1.8300653594771243,0.6190476190476191,0.09523809523809523,-364.75,-35.981986339882496
2020-02-24T01:58:00.000000,2020-02-24T01:59:00.000000,2020,2020-02,1,59,9255.5,9262.0,9242.5,6.5,13.0,target,2,0.5625,1.7679558011049723,0.6666666666666666,0.06666666666666667,-368.25,-30.73882199977197
2020-02-24T08:08:00.000000,2020-02-24T08:09:00.000000,2020,2020-02,8,9,9137.75,9145.25,9122.75,7.5,15.0,target,18,0.3181818181818182,1.6176470588235294,0.5789473684210527,0.0,-486.0,-79.87904075992628
2020-02-25T13:12:00.000000,2020-02-25T13:13:00.000000,2020,2020-02,13,13,8882.25,8903.25,8840.25,21.0,42.0,target,17,0.5151515151515151,1.616326530612245,0.5454545454545454,0.11363636363636363,-483.0,-179.59969107579855
2020-02-26T15:53:00.000000,2020-02-26T15:54:00.000000,2020,2020-02,15,54,8816.5,8821.0,8807.5,4.5,-4.5,stop,6,0.34615384615384615,2.051282051282051,0.5,0.1,-407.25,-93.49516217975543
2020-02-26T17:44:00.000000,2020-02-26T17:45:00.000000,2020,2020-02,17,45,8844.25,8865.0,8802.75,20.75,41.5,target,9,0.4895833333333333,1.887905604719764,0.6470588235294118,0.11764705882352941,-193.5,-65.60754001291207
2020-02-26T22:35:00.000000,2020-02-26T22:36:00.000000,2020,2020-02,22,36,8724.0,8730.5,8711.0,6.5,13.0,target,6,0.7272727272727273,1.7983651226158037,0.6956521739130435,0.08695652173913043,-313.75,-56.220850797768435
2020-02-27T17:03:00.000000,2020-02-27T17:04:00.000000,2020,2020-02,17,4,8341.5,8360.0,8304.5,18.5,-18.5,stop,2,0.34545454545454546,1.8487394957983194,0.5517241379310345,0.0,-537.75,-332.65212977504416
2020-02-28T01:44:00.000000,2020-02-28T01:45:00.000000,2020,2020-02,1,45,8275.5,8288.25,8250.0,12.75,-12.75,stop,2,0.6851851851851852,1.6143497757847531,0.6271186440677966,0.00847457627118644,-603.0,-26.50392148903302
2020-02-28T07:59:00.000000,2020-02-28T08:00:00.000000,2020,2020-02,8,0,8205.0,8223.0,8169.0,18.0,-18.0,stop,2,0.3125,1.6295353278166773,0.7222222222222222,0.1111111111111111,-673.5,-84.37684039123997
2020-03-03T12:20:00.000000,2020-03-03T12:21:00.000000,2020,2020-03,12,21,8702.5,8714.0,8679.5,11.5,23.0,target,1,0.3082706766917293,1.9289340101522843,0.5232558139534884,0.0,-181.5,-139.17337515521285
2020-03-05T05:36:00.000000,2020-03-05T05:37:00.000000,2020,2020-03,5,37,8722.0,8727.5,8711.0,5.5,-5.5,stop,3,0.4583333333333333,1.5946843853820598,0.6829268292682927,0.0,-227.75,-81.49202173180129
2020-03-05T17:05:00.000000,2020-03-05T17:06:00.000000,2020,2020-03,17,6,8669.5,8677.0,8654.5,7.5,-7.5,stop,7,0.4594594594594595,1.5778251599147122,0.5714285714285714,0.047619047619047616,-229.75,-73.59620713515687
2020-03-05T17:42:00.000000,2020-03-05T17:43:00.000000,2020,2020-03,17,43,8684.75,8689.0,8676.25,4.25,-4.25,stop,2,0.45454545454545453,1.7391304347826086,0.7142857142857143,0.0,-215.25,-58.81233228365454
2020-03-06T06:49:00.000000,2020-03-06T06:50:00.000000,2020,2020-03,6,50,8366.75,8381.0,8338.25,14.25,28.5,target,4,0.3333333333333333,1.5561959654178672,0.6037735849056604,0.07547169811320754,-533.0,-160.34914945429955
2020-03-06T08:35:00.000000,2020-03-06T08:36:00.000000,2020,2020-03,8,36,8435.5,8456.25,8394.0,20.75,-20.75,stop,3,0.30851063829787234,2.5984796129923984,0.5274725274725275,0.10989010989010989,-465.25,-55.053585472318446
2020-03-12T17:42:00.000000,2020-03-12T17:43:00.000000,2020,2020-03,17,43,7141.0,7150.0,7123.0,9.0,18.0,target,2,0.36923076923076925,1.8786127167630058,0.6764705882352942,0.11764705882352941,-951.25,-368.90024114038624
2020-03-12T21:30:00.000000,2020-03-12T21:31:00.000000,2020,2020-03,21,31,6955.25,6971.0,6923.75,15.75,-15.75,stop,10,0.3333333333333333,1.7880794701986755,0.5892857142857143,0.0,-1136.25,-99.92829419439022
2020-03-19T05:39:00.000000,2020-03-19T05:40:00.000000,2020,2020-03,5,40,7083.5,7104.75,7041.0,21.25,-21.25,stop,8,0.4230769230769231,1.56,0.7411764705882353,0.03529411764705882,-294.75,-63.88158976199338
2020-03-25T16:01:00.000000,2020-03-25T16:02:00.000000,2020,2020-03,16,2,7512.25,7540.0,7456.75,27.75,-27.75,stop,3,0.37037037037037035,4.411764705882352,0.7219251336898396,0.09090909090909091,-123.0,-45.56867253477776
2020-03-25T16:06:00.000000,2020-03-25T16:07:00.000000,2020,2020-03,16,7,7522.25,7529.25,7508.25,7.0,14.0,target,1,0.37209302325581395,2.3118279569892475,0.6875,0.03125,-111.25,-33.74326230627048
2020-03-26T01:04:00.000000,2020-03-26T01:05:00.000000,2020,2020-03,1,5,7356.75,7380.75,7308.75,24.0,-24.0,stop,2,0.30357142857142855,3.27007299270073,0.6666666666666666,0.1,-404.25,-74.26144811679842
2020-03-26T02:01:00.000000,2020-03-26T02:02:00.000000,2020,2020-03,2,2,7351.5,7364.5,7325.5,13.0,-13.0,stop,2,0.45901639344262296,1.5701415701415702,0.6346153846153846,0.07692307692307693,-408.75,-70.03009653044228
2020-03-27T03:33:00.000000,2020-03-27T03:34:00.000000,2020,2020-03,3,34,7682.75,7690.75,7666.75,8.0,-8.0,stop,2,0.3103448275862069,1.5163398692810457,0.4878048780487805,0.0975609756097561,-209.75,-66.67633177195603
2020-03-27T10:49:00.000000,2020-03-27T10:50:00.000000,2020,2020-03,10,50,7625.5,7636.75,7603.0,11.25,-11.25,stop,3,0.4166666666666667,1.5737704918032787,0.6,0.0,-268.75,-35.762815262734875
2020-03-31T06:23:00.000000,2020-03-31T06:24:00.000000,2020,2020-03,6,24,7779.5,7788.0,7762.5,8.5,-8.5,stop,2,0.4567901234567901,1.919431279620853,0.6458333333333334,0.041666666666666664,-104.25,-102.98204628767053
2020-03-31T06:46:00.000000,2020-03-31T06:47:00.000000,2020,2020-03,6,47,7785.5,7800.75,7755.0,15.25,-15.25,stop,4,0.4126984126984127,1.5949367088607596,0.7,0.0,-100.0,-90.89232512953367
2020-04-09T04:35:00.000000,2020-04-09T04:36:00.000000,2020,2020-04,4,36,8144.25,8149.5,8133.75,5.25,-5.25,stop,4,0.5,1.7469879518072287,0.48717948717948717,0.10256410256410256,-98.5,-50.55094667753292
2020-04-09T06:19:00.000000,2020-04-09T06:20:00.000000,2020,2020-04,6,20,8123.0,8130.5,8108.0,7.5,-7.5,stop,2,0.416,3.28515111695138,0.6,0.05714285714285714,-120.25,-60.693883713844116
2020-04-15T04:38:00.000000,2020-04-15T04:39:00.000000,2020,2020-04,4,39,8570.75,8576.5,8559.25,5.75,-5.75,stop,8,0.5964912280701754,2.126865671641791,0.5909090909090909,0.0,-139.0,-52.563962403646656
2020-04-15T09:48:00.000000,2020-04-15T09:49:00.000000,2020,2020-04,9,49,8522.0,8534.5,8497.0,12.5,-12.5,stop,2,0.47368421052631576,1.5966386554621848,0.6956521739130435,0.08695652173913043,-188.0,-42.7596710997168
2020-04-21T06:26:00.000000,2020-04-21T06:27:00.000000,2020,2020-04,6,27,8619.75,8624.5,8610.25,4.75,-4.75,stop,2,0.3125,1.791044776119403,0.6071428571428571,0.07142857142857142,-225.75,-42.22932399271667
2020-04-21T07:46:00.000000,2020-04-21T07:47:00.000000,2020,2020-04,7,47,8571.75,8584.25,8546.75,12.5,25.0,target,6,0.39805825242718446,1.6118935837245696,0.6160714285714286,0.0,-274.5,-70.37349906754025
2020-04-21T10:11:00.000000,2020-04-21T10:12:00.000000,2020,2020-04,10,12,8409.75,8415.0,8399.25,5.25,10.5,target,5,0.44594594594594594,1.7269544924154026,0.5,0.0,-436.25,-136.63938095611775
2020-04-21T10:47:00.000000,2020-04-21T10:48:00.000000,2020,2020-04,10,48,8367.0,8376.25,8348.5,9.25,-9.25,stop,3,0.48333333333333334,1.6506189821182944,0.5396825396825397,0.031746031746031744,-478.5,-168.74261307477536
2020-04-23T16:39:00.000000,2020-04-23T16:40:00.000000,2020,2020-04,16,40,8543.75,8551.25,8528.75,7.5,-7.5,stop,8,0.627906976744186,1.89010989010989,0.4583333333333333,0.0,-156.75,-139.04600339601348
2020-04-23T17:04:00.000000,2020-04-23T17:05:00.000000,2020,2020-04,17,5,8553.5,8557.25,8546.0,3.75,7.5,target,2,0.3333333333333333,1.5976331360946747,0.5384615384615384,0.0,-234.5,-129.8311209816129
2020-04-28T14:03:00.000000,2020-04-28T14:04:00.000000,2020,2020-04,14,4,8689.25,8709.0,8649.75,19.75,-19.75,stop,3,0.49411764705882355,1.979045401629802,0.5306122448979592,0.0,-208.25,-87.66969006337968
2020-04-30T21:03:00.000000,2020-04-30T21:04:00.000000,2020,2020-04,21,4,8794.75,8802.75,8778.75,8.0,-8.0,stop,7,0.45714285714285713,4.117647058823529,0.64,0.0,-350.25,-35.685932577189305
2020-05-01T01:25:00.000000,2020-05-01T01:26:00.000000,2020,2020-05,1,26,8750.0,8754.0,8742.0,4.0,8.0,target,6,0.631578947368421,1.704035874439462,0.4666666666666667,0.06666666666666667,-394.5,-58.41652296182292
2020-05-12T17:40:00.000000,2020-05-12T17:41:00.000000,2020,2020-05,17,41,9027.0,9031.0,9019.0,4.0,8.0,target,3,0.40476190476190477,2.028985507246377,0.7142857142857143,0.0,-318.5,-224.9885915537743
2020-05-14T06:31:00.000000,2020-05-14T06:32:00.000000,2020,2020-05,6,32,8939.25,8945.5,8926.75,6.25,12.5,target,1,0.46153846153846156,2.066772655007949,0.6530612244897959,0.04081632653061224,-263.0,-42.95459744813343
2020-05-19T17:35:00.000000,2020-05-19T17:36:00.000000,2020,2020-05,17,36,9313.75,9316.5,9308.25,2.75,-2.75,stop,5,0.3888888888888889,1.6,0.65,0.05,-104.5,-44.99638809205135
2020-05-21T11:38:00.000000,2020-05-21T11:39:00.000000,2020,2020-05,11,39,9405.5,9410.75,9395.0,5.25,10.5,target,2,0.44,2.2761760242792106,0.6216216216216216,0.05405405405405406,-97.5,-26.560222888316275
2020-05-21T21:33:00.000000,2020-05-21T21:34:00.000000,2020,2020-05,21,34,9296.25,9302.75,9283.25,6.5,13.0,target,4,0.48,1.6447368421052633,0.47058823529411764,0.0,-214.25,-58.01676780581329
2020-05-26T16:02:00.000000,2020-05-26T16:03:00.000000,2020,2020-05,16,3,9400.5,9404.75,9392.0,4.25,-4.25,stop,3,0.5185185185185185,2.1176470588235294,0.5,0.0,-137.25,-95.83456979614311
2020-05-27T07:35:00.000000,2020-05-27T07:36:00.000000,2020,2020-05,7,36,9343.5,9372.75,9285.0,29.25,58.5,target,18,0.3108108108108108,1.8686868686868687,0.4954954954954955,0.0,-261.0,-93.32418715959648
2020-06-04T11:30:00.000000,2020-06-04T11:31:00.000000,2020,2020-06,11,31,9633.0,9640.75,9617.5,7.75,-7.75,stop,2,0.3125,1.6931216931216932,0.6428571428571429,0.07142857142857142,-95.0,-45.30685262111365
2020-06-04T17:49:00.000000,2020-06-04T17:50:00.000000,2020,2020-06,17,50,9622.25,9627.0,9612.75,4.75,9.5,target,14,0.35294117647058826,1.7708333333333335,0.75,0.0,-119.75,-40.6503870463348
2020-06-11T00:05:00.000000,2020-06-11T00:06:00.000000,2020,2020-06,0,6,10002.5,10007.0,9993.5,4.5,-4.5,stop,3,0.5333333333333333,1.8255578093306288,0.7169811320754716,0.07547169811320754,-153.25,-34.40295582403451
2020-06-11T02:26:00.000000,2020-06-11T02:27:00.000000,2020,2020-06,2,27,9969.0,9975.5,9956.0,6.5,-6.5,stop,9,0.45,1.6913319238900635,0.6666666666666666,0.047619047619047616,-187.0,-42.896756132600785
2020-06-11T05:35:00.000000,2020-06-11T05:36:00.000000,2020,2020-06,5,36,9942.75,9947.75,9932.75,5.0,-5.0,stop,12,0.5945945945945946,1.6157205240174672,0.7368421052631579,0.05263157894736842,-212.0,-48.6703518985305
2020-06-11T13:31:00.000000,2020-06-11T13:32:00.000000,2020,2020-06,13,32,9602.0,9632.0,9542.0,30.0,-30.0,stop,10,0.62,2.070393374741201,0.7435897435897436,0.05128205128205128,-553.25,-241.35908861268945
2020-06-15T00:58:00.000000,2020-06-15T00:59:00.000000,2020,2020-06,0,59,9417.75,9427.75,9397.75,10.0,-10.0,stop,2,0.4696969696969697,1.5154994259471872,0.7058823529411765,0.0196078431372549,-160.75,-82.6576004102335
2020-06-24T04:55:00.000000,2020-06-24T04:56:00.000000,2020,2020-06,4,56,10152.0,10155.5,10145.0,3.5,-3.5,stop,11,0.39285714285714285,1.8543046357615895,0.6470588235294118,0.058823529411764705,-144.25,-30.516887389134354
2020-06-24T16:02:00.000000,2020-06-24T16:03:00.000000,2020,2020-06,16,3,10016.75,10024.0,10002.25,7.25,14.5,target,8,0.4642857142857143,1.564245810055866,0.5675675675675675,0.0,-279.25,-39.95514263336372
2020-06-24T16:59:00.000000,2020-06-24T17:00:00.000000,2020,2020-06,17,0,9992.5,9997.75,9982.0,5.25,10.5,target,25,0.3448275862068966,1.7901234567901236,0.6153846153846154,0.0,-304.0,-64.45088166243659
2020-06-26T10:21:00.000000,2020-06-26T10:22:00.000000,2020,2020-06,10,22,9895.5,9901.5,9883.5,6.0,-6.0,stop,2,0.43548387096774194,1.6893732970027246,0.7,0.02,-211.0,-78.12857393309423
2020-07-03T09:08:00.000000,2020-07-03T09:09:00.000000,2020,2020-07,9,9,10328.75,10334.75,10316.75,6.0,-6.0,stop,3,0.5,1.9323671497584543,0.5,0.0,-94.0,-27.426632614857226
2020-07-07T14:51:00.000000,2020-07-07T14:52:00.000000,2020,2020-07,14,52,10527.75,10532.25,10518.75,4.5,-4.5,stop,10,0.4594594594594595,3.34841628959276,0.6363636363636364,0.09090909090909091,-95.75,-75.65707456430027
2020-07-09T23:34:00.000000,2020-07-09T23:35:00.000000,2020,2020-07,23,35,10664.5,10667.25,10659.0,2.75,5.5,target,1,0.7352941176470589,2.1316614420062696,0.5,0.1,-110.0,-38.19373021203137
2020-07-13T16:58:00.000000,2020-07-13T16:59:00.000000,2020,2020-07,16,59,10632.75,10636.25,10625.75,3.5,-3.5,stop,2,0.3103448275862069,2.4166666666666665,0.7142857142857143,0.0,-276.25,-234.24025252511274
2020-07-16T03:48:00.000000,2020-07-16T03:49:00.000000,2020,2020-07,3,49,10517.0,10523.75,10503.5,6.75,-6.75,stop,3,0.3488372093023256,2.485549132947977,0.5714285714285714,0.07142857142857142,-249.75,-64.29443127252671
2020-07-16T03:51:00.000000,2020-07-16T03:52:00.000000,2020,2020-07,3,52,10523.5,10529.0,10512.5,5.5,11.0,target,9,0.7857142857142857,1.5013404825737267,0.5925925925925926,0.0,-242.25,-56.41382520552543
2020-07-16T05:16:00.000000,2020-07-16T05:17:00.000000,2020,2020-07,5,17,10536.5,10546.0,10517.5,9.5,-9.5,stop,4,0.3275862068965517,2.2053231939163496,0.6896551724137931,0.034482758620689655,-231.0,-34.9170990796938
2020-07-21T09:13:00.000000,2020-07-21T09:14:00.000000,2020,2020-07,9,14,10874.0,10888.5,10845.0,14.5,-14.5,stop,2,0.6075949367088608,1.7400881057268722,0.62,0.02,-99.5,-82.0232911746316
2020-07-21T13:57:00.000000,2020-07-21T13:58:00.000000,2020,2020-07,13,58,10813.5,10819.0,10802.5,5.5,-5.5,stop,2,0.5631067961165048,2.033563672260612,0.5818181818181818,0.07272727272727272,-161.5,-101.14973817254395
2020-07-21T17:20:00.000000,2020-07-21T17:21:00.000000,2020,2020-07,17,21,10877.0,10880.0,10871.0,3.0,-3.0,stop,3,0.8928571428571429,2.568807339449541,0.75,0.0,-181.75,-34.48402826387246
2020-07-23T10:04:00.000000,2020-07-23T10:05:00.000000,2020,2020-07,10,5,10754.5,10762.5,10738.5,8.0,16.0,target,4,0.4461538461538462,1.8105849582172702,0.6538461538461539,0.0,-162.25,-79.69860478359988
2020-07-23T23:05:00.000000,2020-07-23T23:06:00.000000,2020,2020-07,23,6,10485.75,10492.5,10472.25,6.75,-6.75,stop,3,0.3103448275862069,1.8068535825545171,0.6274509803921569,0.058823529411764705,-453.0,-36.09713464262859
2020-07-28T10:19:00.000000,2020-07-28T10:20:00.000000,2020,2020-07,10,20,10604.0,10614.0,10584.0,10.0,-10.0,stop,3,0.375,1.605351170568562,0.5588235294117647,0.0,-101.5,-28.531382093106004
2020-07-31T07:34:00.000000,2020-07-31T07:35:00.000000,2020,2020-07,7,35,10835.75,10848.5,10810.25,12.75,25.5,target,2,0.7164179104477612,1.8741258741258742,0.6304347826086957,0.06521739130434782,-91.25,-55.778449310504584
2020-07-31T09:59:00.000000,2020-07-31T10:00:00.000000,2020,2020-07,10,0,10786.5,10795.0,10769.5,8.5,17.0,target,4,0.3283582089552239,1.5952380952380953,0.6170212765957447,0.02127659574468085,-140.75,-38.31102445043143
2020-08-07T11:19:00.000000,2020-08-07T11:20:00.000000,2020,2020-08,11,20,11086.0,11103.0,11052.0,17.0,-17.0,stop,8,0.3522727272727273,1.9172113289760349,0.5,0.03225806451612903,-185.75,-120.08402920461049
2020-08-11T06:32:00.000000,2020-08-11T06:33:00.000000,2020,2020-08,6,33,11043.0,11051.75,11025.5,8.75,-8.75,stop,4,0.30952380952380953,1.75,0.4838709677419355,0.0967741935483871,-104.0,-63.76848126006007
2020-08-11T06:49:00.000000,2020-08-11T06:50:00.000000,2020,2020-08,6,50,11009.25,11018.0,10991.75,8.75,-8.75,stop,2,0.6,1.9556714471968708,0.6756756756756757,0.10810810810810811,-137.5,-85.49829125785436
2020-08-11T17:20:00.000000,2020-08-11T17:21:00.000000,2020,2020-08,17,21,10923.0,10926.75,10915.5,3.75,-3.75,stop,11,0.7037037037037037,2.25,0.6875,0.0,-234.25,-82.08397229111688
2020-08-11T17:57:00.000000,2020-08-11T17:58:00.000000,2020,2020-08,17,58,10928.75,10931.75,10922.75,3.0,6.0,target,2,0.65,2.23463687150838,0.7272727272727273,0.0,-228.75,-76.41931069063867
2020-08-14T04:07:00.000000,2020-08-14T04:08:00.000000,2020,2020-08,4,8,11152.75,11160.75,11136.75,8.0,-8.0,stop,31,0.30303030303030304,2.4,0.6296296296296297,0.0,-114.0,-32.99880835823933
2020-08-14T04:30:00.000000,2020-08-14T04:31:00.000000,2020,2020-08,4,31,11150.75,11156.0,11140.25,5.25,-5.25,stop,3,0.36363636363636365,1.5017064846416381,0.5384615384615384,0.0,-115.0,-32.019532301068466
2020-08-19T14:59:00.000000,2020-08-19T16:00:00.000000,2020,2020-08,16,0,11327.0,11329.0,11323.0,2.0,4.0,target,1,0.5294117647058824,1.878453038674033,0.7272727272727273,0.0,-115.5,-56.97751400895322
2020-08-19T17:14:00.000000,2020-08-19T17:15:00.000000,2020,2020-08,17,15,11310.75,11314.0,11304.25,3.25,-3.25,stop,4,0.4375,3.3684210526315788,0.7222222222222222,0.0,-127.25,-67.30603764995794
2020-08-25T07:27:00.000000,2020-08-25T07:28:00.000000,2020,2020-08,7,28,11585.25,11597.0,11561.75,11.75,-11.75,stop,3,0.39473684210526316,1.6379310344827587,0.71875,0.03125,-137.25,-63.635145529678994
2020-08-28T11:14:00.000000,2020-08-28T11:15:00.000000,2020,2020-08,11,15,11937.25,11953.75,11904.25,16.5,-16.5,stop,2,0.5476190476190477,1.6342412451361867,0.5813953488372093,0.023255813953488372,-108.75,-40.87070884038076
2020-09-03T03:21:00.000000,2020-09-03T03:22:00.000000,2020,2020-09,3,22,12331.5,12339.0,12316.5,7.5,-7.5,stop,5,0.38235294117647056,1.5850815850815851,0.5,0.045454545454545456,-133.5,-52.56904650509932
2020-09-03T04:46:00.000000,2020-09-03T04:47:00.000000,2020,2020-09,4,47,12301.5,12305.75,12293.0,4.25,8.5,target,5,0.5151515151515151,1.5384615384615385,0.6153846153846154,0.0,-162.75,-65.87568298091355
2020-09-03T06:19:00.000000,2020-09-03T06:20:00.000000,2020,2020-09,6,20,12264.25,12273.5,12245.75,9.25,-9.25,stop,11,0.3617021276595745,1.6755793226381461,0.6551724137931034,0.10344827586206896,-201.25,-81.36592277339878
2020-09-03T16:55:00.000000,2020-09-03T16:56:00.000000,2020,2020-09,16,56,11639.75,11644.5,11630.25,4.75,-4.75,stop,2,0.4594594594594595,1.9812583668005355,0.5357142857142857,0.10714285714285714,-825.25,-317.5380838864203
2020-09-07T00:09:00.000000,2020-09-07T00:10:00.000000,2020,2020-09,0,10,11400.75,11412.0,11378.25,11.25,-11.25,stop,2,0.31840796019900497,4.547511312217194,0.75,0.0,-147.5,-33.97250070402697
2020-09-07T01:01:00.000000,2020-09-07T01:02:00.000000,2020,2020-09,1,2,11391.75,11396.0,11383.25,4.25,-4.25,stop,3,0.6,1.8651362984218076,0.7428571428571429,0.02857142857142857,-158.0,-36.49090091103426
2020-09-08T07:36:00.000000,2020-09-08T07:37:00.000000,2020,2020-09,7,37,11257.5,11272.0,11228.5,14.5,29.0,target,1,0.460431654676259,1.5149863760217983,0.6564102564102564,0.10256410256410256,-326.75,-52.55350570776318
2020-09-08T17:18:00.000000,2020-09-08T17:19:00.000000,2020,2020-09,17,19,11038.5,11042.25,11031.0,3.75,7.5,target,1,0.4482758620689655,1.6453900709219857,0.75,0.0,-544.5,-207.19119046414744
2020-09-10T14:01:00.000000,2020-09-10T14:02:00.000000,2020,2020-09,14,2,11160.25,11167.0,11146.75,6.75,-6.75,stop,4,0.32666666666666666,1.644736842105263,0.6530612244897959,0.08163265306122448,-320.25,-204.268084875157
2020-09-10T16:09:00.000000,2020-09-10T16:10:00.000000,2020,2020-09,16,10,11207.0,11212.25,11196.5,5.25,-5.25,stop,11,0.40625,1.56479217603912,0.625,0.0,-272.5,-153.94238456137464
2020-09-11T07:37:00.000000,2020-09-11T07:38:00.000000,2020,2020-09,7,38,11192.5,11220.25,11137.0,27.75,-27.75,stop,4,0.42105263157894735,1.892116182572614,0.6046511627906976,0.011627906976744186,-374.75,-68.65441891656701
2020-09-16T23:01:00.000000,2020-09-16T23:02:00.000000,2020,2020-09,23,2,11111.5,11115.75,11103.0,4.25,-4.25,stop,2,0.5675675675675675,1.8781725888324874,0.625,0.0,-427.75,-39.06060574081857
2020-09-17T04:57:00.000000,2020-09-17T04:58:00.000000,2020,2020-09,4,58,11074.0,11090.25,11041.5,16.25,-16.25,stop,13,0.4852941176470588,2.155309033280507,0.6666666666666666,0.1,-464.25,-40.05032721037969
2020-09-17T05:01:00.000000,2020-09-17T05:02:00.000000,2020,2020-09,5,2,11082.0,11087.0,11072.0,5.0,-5.0,stop,3,0.524390243902439,2.0838627700127064,0.5454545454545454,0.0,-456.5,-31.62428301678119
2020-09-17T05:25:00.000000,2020-09-17T05:26:00.000000,2020,2020-09,5,26,11072.25,11079.0,11058.75,6.75,-6.75,stop,3,0.509090909090909,1.7133956386292835,0.45714285714285713,0.08571428571428572,-466.0,-39.52912122796624
2020-09-17T11:55:00.000000,2020-09-17T11:56:00.000000,2020,2020-09,11,56,11010.5,11026.75,10978.0,16.25,-16.25,stop,7,0.5066666666666667,1.6008537886872998,0.576271186440678,0.0847457627118644,-527.75,-31.744600201265712
2020-09-23T08:26:00.000000,2020-09-23T08:27:00.000000,2020,2020-09,8,27,11070.25,11075.25,11060.25,5.0,-5.0,stop,2,0.4166666666666667,1.7307692307692308,0.7450980392156863,0.0196078431372549,-120.75,-48.870782361238525
2020-09-23T09:02:00.000000,2020-09-23T09:03:00.000000,2020,2020-09,9,3,11071.75,11078.5,11058.25,6.75,13.5,target,2,0.3287671232876712,1.5368421052631578,0.7215189873417721,0.08860759493670886,-119.5,-39.64315845833153
2020-09-23T10:22:00.000000,2020-09-23T10:23:00.000000,2020,2020-09,10,23,10972.0,10984.25,10947.5,12.25,-12.25,stop,2,0.3484848484848485,1.5420560747663552,0.5952380952380952,0.0,-219.25,-117.5112954963679
2020-09-23T13:03:00.000000,2020-09-23T13:04:00.000000,2020,2020-09,13,4,10817.75,10838.25,10776.75,20.5,-20.5,stop,8,0.3669724770642202,1.8257956448911221,0.7195121951219512,0.0975609756097561,-373.25,-220.75903110278705
2020-09-23T13:51:00.000000,2020-09-23T13:52:00.000000,2020,2020-09,13,52,10795.0,10811.5,10762.0,16.5,-16.5,stop,4,0.35964912280701755,1.613588110403397,0.6885245901639344,0.03278688524590164,-396.25,-214.2467796078945
2020-09-23T16:04:00.000000,2020-09-23T16:05:00.000000,2020,2020-09,16,5,10824.25,10831.5,10809.75,7.25,14.5,target,35,0.36363636363636365,2.0689655172413794,0.6666666666666666,0.0,-367.5,-174.52222235194313
2020-09-23T17:28:00.000000,2020-09-23T17:29:00.000000,2020,2020-09,17,29,10738.5,10748.0,10719.5,9.5,-9.5,stop,13,0.3287671232876712,2.2324159021406724,0.5,0.0,-484.5,-257.74418464435803
2020-09-25T01:09:00.000000,2020-09-25T01:10:00.000000,2020,2020-09,1,10,10888.5,10898.5,10868.5,10.0,-10.0,stop,4,0.5614035087719298,1.7065868263473054,0.5846153846153846,0.0,-122.0,-43.98543248155693
2020-09-29T16:35:00.000000,2020-09-29T16:36:00.000000,2020,2020-09,16,36,11320.5,11327.0,11307.5,6.5,-6.5,stop,4,0.5384615384615384,2.3214285714285716,0.5454545454545454,0.0,-94.25,-27.700461517875738
2020-09-29T22:42:00.000000,2020-09-29T22:43:00.000000,2020,2020-09,22,43,11268.0,11274.0,11256.0,6.0,-6.0,stop,4,0.6923076923076923,2.4761904761904763,0.734375,0.015625,-180.75,-63.098390065251806
2020-10-01T23:05:00.000000,2020-10-01T23:06:00.000000,2020,2020-10,23,6,11386.5,11414.0,11331.5,27.5,-27.5,stop,6,0.44654088050314467,2.5019669551534225,0.7238095238095238,0.047619047619047616,-217.75,-126.69933472813136
2020-10-02T01:59:00.000000,2020-10-02T02:00:00.000000,2020,2020-10,2,0,11384.25,11390.75,11371.25,6.5,13.0,target,2,0.4722222222222222,1.6802800466744456,0.5405405405405406,0.05405405405405406,-221.0,-50.093683138053166
2020-10-02T04:15:00.000000,2020-10-02T04:16:00.000000,2020,2020-10,4,16,11305.25,11312.5,11290.75,7.25,14.5,target,1,0.6721311475409836,1.7758369723435226,0.4583333333333333,0.08333333333333333,-299.75,-110.14842503844011
2020-10-02T05:31:00.000000,2020-10-02T05:32:00.000000,2020,2020-10,5,32,11326.0,11331.0,11316.0,5.0,10.0,target,6,0.5490196078431373,1.7114093959731542,0.6470588235294118,0.0,-278.75,-80.0592212659194
2020-10-02T13:33:00.000000,2020-10-02T13:34:00.000000,2020,2020-10,13,34,11298.25,11305.0,11284.75,6.75,-6.75,stop,2,0.6046511627906976,1.7338709677419355,0.5306122448979592,0.061224489795918366,-306.75,-54.80639525922379
2020-10-14T16:43:00.000000,2020-10-14T16:44:00.000000,2020,2020-10,16,44,11945.75,11950.5,11936.25,4.75,9.5,target,2,0.36363636363636365,2.1235521235521237,0.7142857142857143,0.0,-302.5,-87.28302390387034
2020-10-14T17:18:00.000000,2020-10-14T17:19:00.000000,2020,2020-10,17,19,11959.25,11966.75,11944.25,7.5,-7.5,stop,2,0.3611111111111111,1.81360201511335,0.5,0.0,-219.5,-74.49116110854266
2020-10-14T22:23:00.000000,2020-10-14T22:24:00.000000,2020,2020-10,22,24,11880.25,11886.0,11868.75,5.75,-5.75,stop,4,0.64,1.5772870662460567,0.6666666666666666,0.0,-297.75,-29.79745422063388
2020-10-15T00:09:00.000000,2020-10-15T00:10:00.000000,2020,2020-10,0,10,11881.5,11887.25,11870.0,5.75,-5.75,stop,2,0.4,1.6427104722792607,0.7142857142857143,0.0,-296.25,-26.140058549204696
2020-10-15T00:56:00.000000,2020-10-15T00:57:00.000000,2020,2020-10,0,57,11861.5,11865.75,11853.0,4.25,8.5,target,2,0.3333333333333333,3.1421446384039897,0.5882352941176471,0.11764705882352941,-316.75,-42.28740749476674
2020-10-15T21:24:00.000000,2020-10-15T21:25:00.000000,2020,2020-10,21,25,11867.5,11872.0,11858.5,4.5,9.0,target,2,0.55,1.9607843137254903,0.5555555555555556,0.0,-108.75,-40.29813056182684
2020-10-16T09:24:00.000000,2020-10-16T09:25:00.000000,2020,2020-10,9,25,11883.25,11896.5,11856.75,13.25,-13.25,stop,2,0.4777777777777778,1.8537590113285274,0.4897959183673469,0.08163265306122448,-93.5,-57.728507585106854
2020-10-19T13:03:00.000000,2020-10-19T13:04:00.000000,2020,2020-10,13,4,11630.25,11636.0,11618.75,5.75,11.5,target,3,0.4673913043478261,1.7507136060894388,0.7407407407407407,0.0,-259.25,-182.7045311744805
2020-10-21T01:46:00.000000,2020-10-21T01:47:00.000000,2020,2020-10,1,47,11652.75,11661.75,11634.75,9.0,-9.0,stop,4,0.5172413793103449,2.003454231433506,0.5862068965517241,0.0,-139.5,-63.17757740358502
2020-10-21T13:47:00.000000,2020-10-21T13:48:00.000000,2020,2020-10,13,48,11669.75,11675.5,11658.25,5.75,11.5,target,3,0.3194444444444444,1.5401069518716577,0.5555555555555556,0.037037037037037035,-121.75,-27.75462682379839
2020-10-23T07:41:00.000000,2020-10-23T07:42:00.000000,2020,2020-10,7,42,11607.75,11625.25,11572.75,17.5,-17.5,stop,6,0.4148936170212766,2.5753424657534247,0.515625,0.03125,-116.25,-43.67448466275346
2020-10-28T06:47:00.000000,2020-10-28T06:48:00.000000,2020,2020-10,6,48,11401.5,11406.5,11391.5,5.0,10.0,target,2,0.7222222222222222,1.5789473684210527,0.5925925925925926,0.0,-221.25,-84.53896214005363
2020-10-28T07:38:00.000000,2020-10-28T07:39:00.000000,2020,2020-10,7,39,11374.75,11381.75,11360.75,7.0,14.0,target,2,0.6075949367088608,1.6188524590163935,0.618421052631579,0.11842105263157894,-248.25,-77.94596537399957
2020-10-28T09:51:00.000000,2020-10-28T09:52:00.000000,2020,2020-10,9,52,11244.25,11251.75,11229.25,7.5,-7.5,stop,2,0.7878787878787878,1.5511163337250296,0.5862068965517241,0.08620689655172414,-378.0,-85.64922661246965
2020-10-28T17:22:00.000000,2020-10-28T17:23:00.000000,2020,2020-10,17,23,11177.75,11182.25,11168.75,4.5,9.0,target,5,0.675,2.888086642599278,0.6666666666666666,0.0,-388.25,-96.68091010402168
2020-10-29T23:41:00.000000,2020-10-29T23:42:00.000000,2020,2020-10,23,42,11109.75,11117.25,11094.75,7.5,15.0,target,3,0.375,1.6302765647743813,0.7021276595744681,0.0,-348.25,-67.92756696080505
2020-10-30T00:01:00.000000,2020-10-30T00:02:00.000000,2020,2020-10,0,2,11075.5,11084.75,11057.0,9.25,18.5,target,3,0.4805194805194805,1.7401129943502824,0.6774193548387096,0.0,-382.75,-89.01974581939794
2020-10-30T01:30:00.000000,2020-10-30T01:31:00.000000,2020,2020-10,1,31,11082.0,11087.0,11072.0,5.0,-5.0,stop,3,0.4,2.2727272727272725,0.5609756097560976,0.0975609756097561,-376.25,-56.60293655778878
2020-10-30T10:57:00.000000,2020-10-30T10:58:00.000000,2020,2020-10,10,58,11024.0,11029.5,11013.0,5.5,-5.5,stop,3,0.3148148148148148,1.518987341772152,0.5142857142857142,0.11428571428571428,-433.5,-78.74582650578486
2020-11-06T00:21:00.000000,2020-11-06T00:22:00.000000,2020,2020-11,0,22,11962.25,11970.5,11945.75,8.25,16.5,target,2,0.78125,1.5458937198067633,0.6956521739130435,0.0,-156.75,-25.079571746384318
2020-11-06T03:28:00.000000,2020-11-06T03:29:00.000000,2020,2020-11,3,29,11947.25,11954.75,11932.25,7.5,15.0,target,7,0.4,1.92,0.75,0.0,-172.0,-35.97866037921449
2020-11-10T06:22:00.000000,2020-11-10T06:23:00.000000,2020,2020-11,6,23,11619.0,11631.5,11594.0,12.5,-12.5,stop,3,0.7764705882352941,1.9630484988452657,0.5813953488372093,0.06976744186046512,-789.25,-120.31786358877434
2020-11-10T13:25:00.000000,2020-11-10T13:26:00.000000,2020,2020-11,13,26,11638.75,11649.75,11616.75,11.0,22.0,target,2,0.44954128440366975,3.0152143845089903,0.6067415730337079,0.0,-769.75,-26.59134518490282
2020-11-11T21:36:00.000000,2020-11-11T21:37:00.000000,2020,2020-11,21,37,11804.25,11811.0,11790.75,6.75,13.5,target,3,0.375,2.1052631578947367,0.7368421052631579,0.05263157894736842,-111.5,-46.52921778433665
2020-11-23T13:20:00.000000,2020-11-23T13:21:00.000000,2020,2020-11,13,21,11878.25,11883.25,11868.25,5.0,-5.0,stop,4,0.38596491228070173,1.9322033898305084,0.5384615384615384,0.0,-142.75,-28.346283039481932
2020-11-30T01:42:00.000000,2020-11-30T01:43:00.000000,2020,2020-11,1,43,12215.75,12222.0,12203.25,6.25,12.5,target,11,0.34615384615384615,1.9548872180451127,0.5294117647058824,0.0,-91.75,-38.46422331157373
2020-12-09T13:04:00.000000,2020-12-09T13:05:00.000000,2020,2020-12,13,5,12373.25,12382.5,12354.75,9.25,-9.25,stop,2,0.3181818181818182,1.537117903930131,0.625,0.020833333333333332,-279.5,-166.35487120160724
2020-12-09T17:05:00.000000,2020-12-09T17:06:00.000000,2020,2020-12,17,6,12359.0,12365.0,12347.0,6.0,-6.0,stop,8,0.391304347826087,1.602787456445993,0.5789473684210527,0.0,-315.75,-124.80851736407203
2020-12-10T00:11:00.000000,2020-12-10T00:12:00.000000,2020,2020-12,0,12,12316.5,12321.0,12307.5,4.5,-4.5,stop,3,0.4634146341463415,2.971014492753623,0.5882352941176471,0.0,-357.75,-26.147356905743436
2020-12-11T05:01:00.000000,2020-12-11T05:02:00.000000,2020,2020-12,5,2,12294.0,12301.0,12280.0,7.0,14.0,target,7,0.3492063492063492,2.6195426195426195,0.6842105263157895,0.05263157894736842,-155.75,-61.585772938236914
2020-12-11T06:58:00.000000,2020-12-11T06:59:00.000000,2020,2020-12,6,59,12315.25,12319.25,12307.25,4.0,-4.0,stop,3,0.4782608695652174,1.796875,0.5555555555555556,0.1111111111111111,-133.75,-26.417463491769013
2020-12-21T03:32:00.000000,2020-12-21T03:33:00.000000,2020,2020-12,3,33,12699.0,12703.5,12690.0,4.5,9.0,target,2,0.6595744680851063,2.2982885085574574,0.6666666666666666,0.0,-91.0,-35.25704469012999
2021-01-04T13:12:00.000000,2021-01-04T13:13:00.000000,2021,2021-01,13,13,12640.75,12649.25,12623.75,8.5,-8.5,stop,2,0.3783783783783784,2.276923076923077,0.7105263157894737,0.0,-214.0,-119.65251984157476
2021-01-04T17:30:00.000000,2021-01-04T17:31:00.000000,2021,2021-01,17,31,12674.0,12682.0,12658.0,8.0,-8.0,stop,2,0.44,1.5772870662460567,0.7241379310344828,0.0,-286.0,-68.68441239788262
2021-01-04T22:18:00.000000,2021-01-04T22:19:00.000000,2021,2021-01,22,19,12673.0,12678.0,12663.0,5.0,-5.0,stop,12,0.8780487804878049,2.0971867007672635,0.5833333333333334,0.08333333333333333,-286.75,-27.84667481413635
2021-01-05T22:04:00.000000,2021-01-05T22:05:00.000000,2021,2021-01,22,5,12615.25,12623.5,12598.75,8.25,-8.25,stop,2,0.9024390243902439,2.658022690437601,0.6222222222222222,0.06666666666666667,-193.25,-96.56069174204458
2021-01-05T22:21:00.000000,2021-01-05T22:22:00.000000,2021,2021-01,22,22,12632.25,12641.5,12613.75,9.25,-9.25,stop,5,0.6634615384615384,2.694300518134715,0.6982758620689655,0.11206896551724138,-175.0,-73.86904629285891
2021-01-06T03:48:00.000000,2021-01-06T03:49:00.000000,2021,2021-01,3,49,12574.0,12583.0,12556.0,9.0,-9.0,stop,2,0.34285714285714286,1.5151515151515151,0.4838709677419355,0.0967741935483871,-235.0,-75.09859300775315
2021-01-06T04:31:00.000000,2021-01-06T04:32:00.000000,2021,2021-01,4,32,12539.5,12552.75,12513.0,13.25,-13.25,stop,3,0.5057471264367817,3.146473779385172,0.6060606060606061,0.09090909090909091,-269.5,-105.04048622624032
2021-01-06T06:56:00.000000,2021-01-06T06:57:00.000000,2021,2021-01,6,57,12591.5,12597.0,12580.5,5.5,-5.5,stop,4,0.7,1.8115942028985506,0.5333333333333333,0.06666666666666667,-217.5,-40.968158124898764
2021-01-06T14:26:00.000000,2021-01-06T14:27:00.000000,2021,2021-01,14,27,12645.75,12658.0,12621.25,12.25,-12.25,stop,2,0.5114503816793893,2.1010425020048116,0.6727272727272727,0.05454545454545454,-162.25,-28.16335631268157
2021-01-07T05:01:00.000000,2021-01-07T05:02:00.000000,2021,2021-01,5,2,12671.25,12678.75,12656.25,7.5,-7.5,stop,8,0.6046511627906976,1.7165668662674651,0.55,0.05,-173.5,-33.50882488414936
2021-01-11T07:10:00.000000,2021-01-11T07:11:00.000000,2021,2021-01,7,11,13016.75,13022.5,13005.25,5.75,11.5,target,12,0.34,2.4752475247524752,0.6923076923076923,0.11538461538461539,-107.75,-27.454372354379302
2021-01-11T14:11:00.000000,2021-01-11T14:12:00.000000,2021,2021-01,14,12,12911.0,12921.25,12890.5,10.25,20.5,target,10,0.4716981132075472,1.545189504373178,0.4722222222222222,0.05555555555555555,-214.25,-62.40485707781227
2021-01-14T14:51:00.000000,2021-01-14T14:52:00.000000,2021,2021-01,14,52,12906.0,12914.75,12888.5,8.75,17.5,target,3,0.375,2.7874564459930316,0.5333333333333333,0.06666666666666667,-97.25,-65.8114596276555
2021-01-15T00:00:00.000000,2021-01-15T00:01:00.000000,2021,2021-01,0,1,12835.0,12841.0,12823.0,6.0,-6.0,stop,6,0.48148148148148145,1.607142857142857,0.47619047619047616,0.09523809523809523,-193.5,-48.6377231917686
2021-01-15T00:51:00.000000,2021-01-15T00:52:00.000000,2021,2021-01,0,52,12855.25,12861.25,12843.25,6.0,-6.0,stop,3,0.3333333333333333,1.778975741239892,0.6153846153846154,0.0,-174.0,-25.40602988417595
2021-01-25T22:37:00.000000,2021-01-25T22:38:00.000000,2021,2021-01,22,38,13389.0,13398.75,13369.5,9.75,-9.75,stop,33,0.4358974358974359,2.260869565217391,0.6666666666666666,0.09090909090909091,-165.25,-44.63673691315489
2021-01-27T13:00:00.000000,2021-01-27T13:01:00.000000,2021,2021-01,13,1,13284.25,13302.0,13248.75,17.75,-17.75,stop,3,0.638095238095238,2.402745995423341,0.5267175572519084,0.007633587786259542,-315.0,-45.41839822604925
2021-01-27T17:59:00.000000,2021-01-27T18:00:00.000000,2021,2021-01,18,0,12979.0,13000.25,12936.5,21.25,-21.25,stop,2,0.3173076923076923,2.352941176470588,0.62,0.02,-608.0,-282.79767544819333
2021-01-28T04:06:00.000000,2021-01-28T04:07:00.000000,2021,2021-01,4,7,12949.0,12957.5,12932.0,8.5,-8.5,stop,3,0.38596491228070173,1.7194570135746607,0.5116279069767442,0.023255813953488372,-637.25,-67.31061802023032
2021-01-28T21:05:00.000000,2021-01-28T21:06:00.000000,2021,2021-01,21,6,13064.25,13068.0,13056.75,3.75,7.5,target,2,0.43283582089552236,3.052391799544419,0.5789473684210527,0.05263157894736842,-329.75,-45.64463036963025
2021-02-10T09:26:00.000000,2021-02-10T09:27:00.000000,2021,2021-02,9,27,13618.25,13636.25,13582.25,18.0,-18.0,stop,2,0.3544973544973545,2.9009976976208747,0.6219512195121951,0.08536585365853659,-116.75,-90.86562601564765
2021-02-10T10:28:00.000000,2021-02-10T10:29:00.000000,2021,2021-02,10,29,13598.5,13619.25,13557.0,20.75,-20.75,stop,6,0.8441558441558441,1.7660550458715596,0.5584415584415584,0.03896103896103896,-136.5,-66.25478231702618
2021-02-16T17:49:00.000000,2021-02-16T17:50:00.000000,2021,2021-02,17,50,13736.5,13741.0,13727.5,4.5,9.0,target,2,0.4406779661016949,4.402985074626866,0.6666666666666666,0.0,-163.0,-71.41219558759076
2021-02-17T11:19:00.000000,2021-02-17T11:20:00.000000,2021,2021-02,11,20,13601.25,13611.5,13580.75,10.25,-10.25,stop,9,0.3191489361702128,1.585160202360877,0.5277777777777778,0.1111111111111111,-299.0,-46.52992198294669
2021-02-18T07:13:00.000000,2021-02-18T07:14:00.000000,2021,2021-02,7,14,13596.0,13600.5,13587.0,4.5,-4.5,stop,2,0.6785714285714286,1.9178082191780823,0.7333333333333333,0.06666666666666667,-189.0,-43.8140442235981
2021-02-19T14:44:00.000000,2021-02-19T14:45:00.000000,2021,2021-02,14,45,13580.75,13591.5,13559.25,10.75,-10.75,stop,3,0.3333333333333333,1.5300546448087433,0.7368421052631579,0.0,-143.25,-51.67840903900287
2021-02-19T14:55:00.000000,2021-02-19T14:56:00.000000,2021,2021-02,14,56,13566.25,13579.75,13539.25,13.5,-13.5,stop,2,0.34545454545454546,1.558073654390935,0.7,0.08,-157.0,-63.99233886253933
2021-02-21T20:46:00.000000,2021-02-21T20:47:00.000000,2021,2021-02,20,47,13534.75,13542.75,13518.75,8.0,-8.0,stop,2,0.5274725274725275,2.9885057471264367,0.7142857142857143,0.10714285714285714,-194.5,-57.649850065465216
2021-02-22T00:06:00.000000,2021-02-22T00:07:00.000000,2021,2021-02,0,7,13514.75,13518.5,13507.25,3.75,-3.75,stop,5,0.475,2.2408963585434174,0.7391304347826086,0.08695652173913043,-214.5,-53.63956869811227
2021-02-22T06:40:00.000000,2021-02-22T06:41:00.000000,2021,2021-02,6,41,13384.25,13389.0,13374.75,4.75,9.5,target,3,0.5555555555555556,1.6981132075471699,0.7333333333333333,0.0,-345.75,-86.73419603995899
2021-02-22T06:47:00.000000,2021-02-22T06:48:00.000000,2021,2021-02,6,48,13377.5,13384.75,13363.0,7.25,-7.25,stop,4,0.5588235294117647,1.507760532150776,0.75,0.0,-351.5,-90.7411737279399
2021-02-22T14:43:00.000000,2021-02-22T14:44:00.000000,2021,2021-02,14,44,13248.25,13254.5,13235.75,6.25,-6.25,stop,2,0.358695652173913,1.9008264462809918,0.5,0.07894736842105263,-480.5,-123.67814397929033
2021-02-22T17:03:00.000000,2021-02-22T17:04:00.000000,2021,2021-02,17,4,13240.75,13244.75,13232.75,4.0,-4.0,stop,5,0.4074074074074074,1.6822429906542056,0.5833333333333334,0.1111111111111111,-389.0,-120.27169415213211
2021-02-23T03:59:00.000000,2021-02-23T04:00:00.000000,2021,2021-02,4,0,13095.75,13098.75,13089.75,3.0,6.0,target,1,0.6338028169014085,1.5090329436769394,0.7142857142857143,0.047619047619047616,-533.5,-132.14965665813907
2021-02-23T07:41:00.000000,2021-02-23T07:42:00.000000,2021,2021-02,7,42,12979.75,12988.0,12963.25,8.25,-8.25,stop,2,0.30303030303030304,1.8965517241379313,0.6206896551724138,0.0,-649.5,-148.4579943789522
2021-02-25T04:31:00.000000,2021-02-25T04:32:00.000000,2021,2021-02,4,32,13222.25,13226.25,13214.25,4.0,-4.0,stop,5,0.5,1.52,0.7058823529411765,0.058823529411764705,-112.0,-59.65015995531394
2021-02-25T06:07:00.000000,2021-02-25T06:08:00.000000,2021,2021-02,6,8,13163.0,13175.25,13138.5,12.25,-12.25,stop,2,0.32786885245901637,1.5803108808290154,0.7446808510638298,0.06382978723404255,-171.75,-101.59784070205023
2021-02-25T22:51:00.000000,2021-02-25T22:52:00.000000,2021,2021-02,22,52,12745.0,12750.0,12735.0,5.0,10.0,target,2,0.8309859154929577,2.0579710144927534,0.5675675675675675,0.05405405405405406,-609.25,-35.96911375935997
2021-03-02T03:04:00.000000,2021-03-02T03:05:00.000000,2021,2021-03,3,5,13172.25,13183.75,13149.25,11.5,-11.5,stop,2,0.509090909090909,1.6467065868263473,0.5714285714285714,0.03571428571428571,-147.0,-74.97804097397602
2021-03-03T07:35:00.000000,2021-03-03T07:36:00.000000,2021,2021-03,7,36,13031.0,13036.25,13020.5,5.25,-5.25,stop,3,0.5797101449275363,1.6995073891625616,0.6458333333333334,0.10416666666666667,-297.5,-93.3729486059965
2021-03-03T17:17:00.000000,2021-03-03T17:18:00.000000,2021,2021-03,17,18,12660.0,12667.75,12644.5,7.75,15.5,target,3,0.3275862068965517,2.1206581352833638,0.5,0.0,-531.75,-223.39094903980185
2021-03-03T22:06:00.000000,2021-03-03T22:07:00.000000,2021,2021-03,22,7,12518.5,12534.25,12487.0,15.75,-15.75,stop,6,0.7777777777777778,2.013986013986014,0.7169811320754716,0.0,-673.0,-88.03842856820665
2021-03-03T22:49:00.000000,2021-03-03T22:50:00.000000,2021,2021-03,22,50,12554.5,12559.25,12545.0,4.75,-4.75,stop,6,0.5428571428571428,1.66270783847981,0.47368421052631576,0.0,-637.25,-43.07092875937997
2021-03-04T17:02:00.000000,2021-03-04T17:03:00.000000,2021,2021-03,17,3,12438.0,12441.75,12430.5,3.75,7.5,target,2,0.36538461538461536,2.3963133640553,0.7446808510638298,0.0,-360.5,-140.40374906425313
2021-03-04T17:46:00.000000,2021-03-04T17:47:00.000000,2021,2021-03,17,47,12420.25,12425.5,12409.75,5.25,10.5,target,1,0.30612244897959184,1.6838487972508591,0.7142857142857143,0.07142857142857142,-376.75,-155.9335123695564
2021-03-04T19:01:00.000000,2021-03-04T19:02:00.000000,2021,2021-03,19,2,12332.5,12338.75,12320.0,6.25,-6.25,stop,3,0.3150684931506849,2.1098265895953756,0.7272727272727273,0.0,-464.75,-36.84876276512114
2021-03-07T21:43:00.000000,2021-03-07T21:44:00.000000,2021,2021-03,21,44,12527.5,12538.75,12505.0,11.25,-11.25,stop,8,0.49206349206349204,1.7671809256661992,0.717948717948718,0.05128205128205128,-170.25,-81.42922284302949
2021-03-08T01:58:00.000000,2021-03-08T01:59:00.000000,2021,2021-03,1,59,12472.5,12483.75,12450.0,11.25,22.5,target,6,0.45161290322580644,1.8181818181818181,0.59375,0.0,-226.75,-99.97158981230132
2021-03-08T02:06:00.000000,2021-03-08T02:07:00.000000,2021,2021-03,2,7,12437.25,12444.0,12423.75,6.75,13.5,target,1,0.4690265486725664,2.3443983402489623,0.6521739130434783,0.0,-261.25,-129.26369799708664
2021-03-08T02:31:00.000000,2021-03-08T02:32:00.000000,2021,2021-03,2,32,12417.0,12426.5,12398.0,9.5,-9.5,stop,4,0.5604395604395604,1.7516843118383059,0.7222222222222222,0.0,-282.25,-140.47775393780285
2021-03-08T04:35:00.000000,2021-03-08T04:36:00.000000,2021,2021-03,4,36,12464.0,12468.5,12455.0,4.5,9.0,target,1,0.3275862068965517,1.669064748201439,0.6285714285714286,0.02857142857142857,-234.25,-64.11942519897275
2021-03-08T17:01:00.000000,2021-03-08T17:02:00.000000,2021,2021-03,17,2,12354.75,12359.0,12346.25,4.25,8.5,target,2,0.5733333333333334,3.4403669724770642,0.6842105263157895,0.0,-405.75,-175.17422911273752
2021-03-09T19:40:00.000000,2021-03-09T19:41:00.000000,2021,2021-03,19,41,12759.25,12765.0,12747.75,5.75,11.5,target,4,0.47540983606557374,1.9092331768388107,0.75,0.07142857142857142,-109.0,-26.402165580682777
2021-03-10T13:23:00.000000,2021-03-10T13:24:00.000000,2021,2021-03,13,24,12755.0,12767.25,12730.5,12.25,-12.25,stop,2,0.3563218390804598,1.6795366795366797,0.4634146341463415,0.0,-112.5,-73.36211465386077
2021-03-12T03:01:00.000000,2021-03-12T03:02:00.000000,2021,2021-03,3,2,12826.5,12844.5,12790.5,18.0,-18.0,stop,2,0.5945945945945946,1.6069489685124865,0.6808510638297872,0.02127659574468085,-291.75,-143.74117349818152
2021-03-17T05:55:00.000000,2021-03-17T05:56:00.000000,2021,2021-03,5,56,12997.25,13002.5,12986.75,5.25,10.5,target,2,0.6825396825396826,1.8155619596541785,0.7380952380952381,0.023809523809523808,-289.25,-91.39161741502357
2021-03-17T07:11:00.000000,2021-03-17T07:12:00.000000,2021,2021-03,7,12,13007.75,13012.0,12999.25,4.25,-4.25,stop,4,0.35714285714285715,1.643835616438356,0.64,0.04,-279.25,-56.28240577149518
2021-03-17T09:11:00.000000,2021-03-17T09:12:00.000000,2021,2021-03,9,12,13004.25,13010.75,12991.25,6.5,13.0,target,3,0.34615384615384615,1.8102697998259356,0.5526315789473685,0.10526315789473684,-283.0,-27.10491988758804
2021-03-18T03:12:00.000000,2021-03-18T03:13:00.000000,2021,2021-03,3,13,13019.5,13027.0,13004.5,7.5,-7.5,stop,2,0.4533333333333333,1.971090670170828,0.6153846153846154,0.0,-251.0,-116.33181933030937
2021-03-18T17:13:00.000000,2021-03-18T17:14:00.000000,2021,2021-03,17,14,12781.5,12785.75,12773.0,4.25,-4.25,stop,3,0.5789473684210527,2.1288515406162465,0.5263157894736842,0.0,-485.5,-171.26191199987989
2021-03-19T00:06:00.000000,2021-03-19T00:07:00.000000,2021,2021-03,0,7,12734.75,12740.0,12724.25,5.25,10.5,target,6,0.40789473684210525,2.356589147286822,0.6538461538461539,0.07692307692307693,-532.0,-48.430894210219776
2021-03-25T07:01:00.000000,2021-03-25T07:02:00.000000,2021,2021-03,7,2,12720.5,12732.5,12696.5,12.0,-12.0,stop,4,0.3793103448275862,1.5696887686062244,0.6136363636363636,0.06818181818181818,-425.0,-70.47248093552298
2021-03-25T08:56:00.000000,2021-03-25T08:57:00.000000,2021,2021-03,8,57,12648.0,12661.5,12621.0,13.5,-13.5,stop,2,0.38181818181818183,1.6454749439042635,0.5777777777777777,0.0,-497.0,-114.9516945048872
2021-03-26T06:02:00.000000,2021-03-26T06:03:00.000000,2021,2021-03,6,3,12718.75,12726.75,12702.75,8.0,16.0,target,3,0.42028985507246375,2.4381625441696113,0.6923076923076923,0.038461538461538464,-141.0,-83.68795464878349
2021-03-29T08:22:00.000000,2021-03-29T08:23:00.000000,2021,2021-03,8,23,12850.75,12877.75,12796.75,27.0,-27.0,stop,14,0.7578125,1.7308992562542258,0.509090909090909,0.09090909090909091,-125.0,-44.96079419084708
2021-04-09T07:37:00.000000,2021-04-09T07:38:00.000000,2021,2021-04,7,38,13673.5,13691.5,13637.5,18.0,-18.0,stop,6,0.5833333333333334,1.5213946117274169,0.6,0.08571428571428572,-116.75,-51.45227613643692
2021-04-14T11:32:00.000000,2021-04-14T11:33:00.000000,2021,2021-04,11,33,13876.5,13885.75,13858.0,9.25,18.5,target,26,0.6976744186046512,1.857451403887689,0.6666666666666666,0.03333333333333333,-117.5,-59.16119051618443
2021-04-20T05:21:00.000000,2021-04-20T05:22:00.000000,2021,2021-04,5,22,13838.0,13848.0,13818.0,10.0,-10.0,stop,9,0.38461538461538464,1.56,0.7096774193548387,0.0967741935483871,-213.25,-49.55090007013496
2021-04-20T08:42:00.000000,2021-04-20T08:43:00.000000,2021,2021-04,8,43,13828.75,13842.25,13801.75,13.5,27.0,target,10,0.35135135135135137,1.5368639667705088,0.723404255319149,0.0,-223.75,-56.149722557156565
2021-04-20T09:17:00.000000,2021-04-20T09:18:00.000000,2021,2021-04,9,18,13767.0,13780.0,13741.0,13.0,26.0,target,6,0.42342342342342343,2.198019801980198,0.5531914893617021,0.10638297872340426,-284.75,-100.8370181309383
2021-04-20T09:36:00.000000,2021-04-20T09:37:00.000000,2021,2021-04,9,37,13728.25,13740.75,13703.25,12.5,-12.5,stop,3,0.5686274509803921,1.8295964125560538,0.5454545454545454,0.0,-324.5,-128.0676654125109
2021-04-30T04:40:00.000000,2021-04-30T04:41:00.000000,2021,2021-04,4,41,13871.25,13878.25,13857.25,7.0,14.0,target,1,0.6666666666666666,1.7763157894736843,0.6190476190476191,0.09523809523809523,-192.5,-25.923335186689656
2021-04-30T05:33:00.000000,2021-04-30T05:34:00.000000,2021,2021-04,5,34,13860.5,13866.0,13849.5,5.5,-5.5,stop,2,0.3333333333333333,1.6314199395770392,0.5789473684210527,0.07894736842105263,-203.25,-26.921016205265914
2021-05-03T14:51:00.000000,2021-05-03T14:52:00.000000,2021,2021-05,14,52,13782.75,13787.0,13774.25,4.25,-4.25,stop,9,0.5454545454545454,3.308270676691729,0.7272727272727273,0.0,-106.5,-61.67473604402403
2021-05-03T14:56:00.000000,2021-05-03T14:57:00.000000,2021,2021-05,14,57,13783.75,13787.0,13777.25,3.25,-3.25,stop,4,0.7692307692307693,1.9259259259259258,0.75,0.0,-104.75,-59.89797945945975
2021-05-03T17:17:00.000000,2021-05-03T17:18:00.000000,2021,2021-05,17,18,13774.5,13778.5,13766.5,4.0,8.0,target,6,0.5333333333333333,4.972375690607734,0.5,0.05555555555555555,-173.0,-68.94514320359667
2021-05-04T11:06:00.000000,2021-05-04T11:07:00.000000,2021,2021-05,11,7,13436.25,13446.75,13415.25,10.5,-10.5,stop,7,0.44285714285714284,1.6990291262135921,0.7169811320754716,0.018867924528301886,-511.0,-110.67607250006404
2021-05-05T08:11:00.000000,2021-05-05T08:12:00.000000,2021,2021-05,8,12,13553.0,13571.0,13517.0,18.0,-18.0,stop,8,0.45528455284552843,1.7723342939481266,0.484375,0.015625,-233.5,-46.195893091638936
2021-05-05T13:51:00.000000,2021-05-05T13:52:00.000000,2021,2021-05,13,52,13480.5,13504.25,13433.0,23.75,-23.75,stop,2,0.3472222222222222,1.9354838709677418,0.6896551724137931,0.06896551724137931,-305.75,-98.92790329831769
2021-05-06T06:21:00.000000,2021-05-06T06:22:00.000000,2021,2021-05,6,22,13484.25,13488.25,13476.25,4.0,-4.0,stop,6,0.3333333333333333,1.8502202643171808,0.5172413793103449,0.10344827586206896,-182.5,-28.831229747445832
2021-05-10T12:04:00.000000,2021-05-10T12:05:00.000000,2021,2021-05,12,5,13452.5,13462.5,13432.5,10.0,20.0,target,8,0.8656716417910447,1.7842876165113184,0.45454545454545453,0.0,-289.75,-93.18729319785598
2021-05-10T18:49:00.000000,2021-05-10T18:50:00.000000,2021,2021-05,18,50,13288.0,13292.0,13280.0,4.0,8.0,target,4,0.5769230769230769,3.3050847457627115,0.55,0.1,-463.75,-25.958388963061225
2021-05-10T19:43:00.000000,2021-05-10T19:44:00.000000,2021,2021-05,19,44,13188.25,13203.75,13157.25,15.5,-15.5,stop,2,0.6346153846153846,1.531664212076583,0.5384615384615384,0.11538461538461539,-563.75,-57.17264558372881
2021-05-11T21:40:00.000000,2021-05-11T21:41:00.000000,2021,2021-05,21,41,13256.25,13261.5,13245.75,5.25,10.5,target,5,0.4,2.5437201907790143,0.5757575757575758,0.0,-119.75,-38.69507869437075
2021-05-12T17:42:00.000000,2021-05-12T17:43:00.000000,2021,2021-05,17,43,13012.75,13016.25,13005.75,3.5,-3.5,stop,3,0.5185185185185185,1.6363636363636365,0.75,0.0,-339.5,-88.22806849108747
2021-05-13T04:27:00.000000,2021-05-13T04:28:00.000000,2021,2021-05,4,28,12963.5,12969.75,12951.0,6.25,-6.25,stop,4,0.8035714285714286,1.9478260869565218,0.6818181818181818,0.0,-388.25,-40.14338533492082
2021-05-18T23:12:00.000000,2021-05-18T23:13:00.000000,2021,2021-05,23,13,13136.25,13144.5,13119.75,8.25,-8.25,stop,8,0.7,2.2641509433962264,0.6956521739130435,0.0,-295.5,-35.8105563023164
2021-05-18T23:15:00.000000,2021-05-18T23:16:00.000000,2021,2021-05,23,16,13133.75,13140.0,13121.25,6.25,-6.25,stop,2,0.4482758620689655,1.9863013698630136,0.6842105263157895,0.10526315789473684,-299.0,-38.864021187975595
2021-05-18T23:17:00.000000,2021-05-18T23:18:00.000000,2021,2021-05,23,18,13140.25,13144.75,13131.25,4.5,-4.5,stop,3,0.32,1.557632398753894,0.7391304347826086,0.0,-291.25,-30.898843973971452
2021-05-19T06:59:00.000000,2021-05-19T07:00:00.000000,2021,2021-05,7,0,12980.25,12985.5,12969.75,5.25,-5.25,stop,3,0.46835443037974683,2.188365650969529,0.6486486486486487,0.08108108108108109,-451.25,-104.48377382236686
2021-05-27T03:04:00.000000,2021-05-27T03:05:00.000000,2021,2021-05,3,5,13629.5,13634.25,13620.0,4.75,-4.75,stop,7,0.6129032258064516,2.019543973941368,0.6923076923076923,0.07692307692307693,-99.75,-33.99846190250901
2021-06-01T16:42:00.000000,2021-06-01T16:43:00.000000,2021,2021-06,16,43,13628.0,13632.75,13618.5,4.75,-4.75,stop,50,0.6428571428571429,2.731707317073171,0.7272727272727273,0.0,-91.5,-50.70758155709882
2021-06-03T04:09:00.000000,2021-06-03T04:10:00.000000,2021,2021-06,4,10,13621.5,13626.5,13611.5,5.0,-5.0,stop,8,0.625,1.6326530612244898,0.5454545454545454,0.09090909090909091,-90.75,-47.88921506866609
2021-06-03T04:37:00.000000,2021-06-03T04:38:00.000000,2021,2021-06,4,38,13610.0,13616.0,13598.0,6.0,12.0,target,2,0.5,1.5658362989323842,0.5555555555555556,0.1111111111111111,-102.75,-54.52294569107107
2021-06-03T17:14:00.000000,2021-06-03T17:15:00.000000,2021,2021-06,17,15,13517.25,13521.5,13508.75,4.25,8.5,target,18,0.7083333333333334,2.840236686390533,0.75,0.0,-191.0,-35.846020285229315
2021-06-09T16:01:00.000000,2021-06-09T16:02:00.000000,2021,2021-06,16,2,13820.25,13823.5,13813.75,3.25,-3.25,stop,24,0.36666666666666664,3.9735099337748347,0.5555555555555556,0.0,-96.75,-29.297851373754384
2021-06-15T17:31:00.000000,2021-06-15T17:32:00.000000,2021,2021-06,17,32,14036.75,14038.75,14032.75,2.0,4.0,target,2,0.5454545454545454,2.1153846153846154,0.6666666666666666,0.0,-127.25,-38.29348435759675
2021-06-16T17:01:00.000000,2021-06-16T17:02:00.000000,2021,2021-06,17,2,13917.0,13921.5,13908.0,4.5,9.0,target,5,0.5,1.8528610354223432,0.5555555555555556,0.0,-178.5,-69.3514720574367
2021-06-18T06:22:00.000000,2021-06-18T06:23:00.000000,2021,2021-06,6,23,14067.25,14078.25,14045.25,11.0,-11.0,stop,9,0.3917525773195876,2.0464135021097047,0.4883720930232558,0.09302325581395349,-132.5,-93.37545004195817
2021-07-08T05:06:00.000000,2021-07-08T05:07:00.000000,2021,2021-07,5,7,14618.25,14629.0,14596.75,10.75,21.5,target,26,0.38181818181818183,1.669195751138088,0.47058823529411764,0.058823529411764705,-266.0,-69.20753439615692
2021-07-13T17:36:00.000000,2021-07-13T17:37:00.000000,2021,2021-07,17,37,14866.0,14868.0,14862.0,2.0,4.0,target,6,0.5454545454545454,1.8803418803418805,0.6666666666666666,0.0,-129.75,-33.70831839243874
2021-07-13T17:51:00.000000,2021-07-13T17:52:00.000000,2021,2021-07,17,52,14854.0,14859.25,14843.5,5.25,10.5,target,3,0.42857142857142855,1.990521327014218,0.46153846153846156,0.0,-140.75,-44.61464114480623
2021-07-15T17:45:00.000000,2021-07-15T17:46:00.000000,2021,2021-07,17,46,14762.5,14765.5,14756.5,3.0,6.0,target,10,0.625,1.7204301075268815,0.6666666666666666,0.08333333333333333,-200.5,-48.796337810432306
2021-07-15T17:59:00.000000,2021-07-15T18:00:00.000000,2021,2021-07,18,0,14757.0,14762.0,14747.0,5.0,10.0,target,7,0.3888888888888889,1.8,0.5333333333333333,0.0,-206.5,-54.737176431119224
2021-07-27T11:06:00.000000,2021-07-27T11:07:00.000000,2021,2021-07,11,7,14825.75,14833.75,14809.75,8.0,16.0,target,6,0.43283582089552236,1.763157894736842,0.7384615384615385,0.046153846153846156,-308.0,-128.79229668112384
2021-07-27T22:58:00.000000,2021-07-27T22:59:00.000000,2021,2021-07,22,59,14904.0,14909.0,14894.0,5.0,10.0,target,5,0.5,1.6,0.5,0.1,-227.25,-29.845905211548597
2021-07-27T23:04:00.000000,2021-07-27T23:05:00.000000,2021,2021-07,23,5,14898.25,14908.25,14878.25,10.0,-10.0,stop,3,0.3157894736842105,1.5767634854771784,0.5454545454545454,0.09090909090909091,-233.75,-35.200928008998744
2021-07-29T16:36:00.000000,2021-07-29T16:37:00.000000,2021,2021-07,16,37,14927.0,14931.0,14919.0,4.0,8.0,target,19,0.5263157894736842,1.52,0.6,0.1,-147.0,-106.29142530228273
2021-07-29T17:07:00.000000,2021-07-29T17:08:00.000000,2021,2021-07,17,8,14908.5,14911.75,14902.0,3.25,6.5,target,1,0.3333333333333333,2.0,0.625,0.0,-175.25,-124.30362372950185
2021-07-29T17:43:00.000000,2021-07-29T17:44:00.000000,2021,2021-07,17,44,14894.25,14898.25,14886.25,4.0,8.0,target,1,0.5,1.7712177121771218,0.6666666666666666,0.0,-190.0,-137.88519539222216
2021-08-02T17:26:00.000000,2021-08-02T17:27:00.000000,2021,2021-08,17,27,14964.5,14967.5,14958.5,3.0,-3.0,stop,6,0.46153846153846156,2.7083333333333335,0.75,0.0,-91.75,-31.31286604077104
2021-08-03T08:31:00.000000,2021-08-03T08:32:00.000000,2021,2021-08,8,32,14921.5,14932.0,14900.5,10.5,21.0,target,3,0.38571428571428573,1.7114914425427874,0.5641025641025641,0.05128205128205128,-135.5,-27.02855358960187
2021-08-10T17:07:00.000000,2021-08-10T17:08:00.000000,2021,2021-08,17,8,15036.0,15038.75,15030.5,2.75,-2.75,stop,42,0.4,2.4096385542168672,0.6,0.0,-121.0,-37.182218294799895
2021-08-11T09:04:00.000000,2021-08-11T09:05:00.000000,2021,2021-08,9,5,14988.5,14998.0,14969.5,9.5,19.0,target,12,0.4153846153846154,1.728723404255319,0.6,0.05,-169.0,-63.53683562507467
2021-08-17T07:09:00.000000,2021-08-17T07:10:00.000000,2021,2021-08,7,10,15028.5,15035.5,15014.5,7.0,-7.0,stop,5,0.5,2.2564102564102564,0.5555555555555556,0.0,-110.0,-49.81357700772969
2021-08-17T07:36:00.000000,2021-08-17T07:37:00.000000,2021,2021-08,7,37,15023.5,15031.0,15008.5,7.5,15.0,target,4,0.47368421052631576,2.115812917594655,0.7266187050359713,0.11510791366906475,-115.5,-26.40626048235572
2021-08-18T14:21:00.000000,2021-08-18T14:22:00.000000,2021,2021-08,14,22,14828.0,14841.0,14802.0,13.0,-13.0,stop,39,0.3181818181818182,1.7425742574257426,0.7346938775510204,0.04081632653061224,-306.25,-146.61287467741568
2021-09-02T12:31:00.000000,2021-09-02T12:32:00.000000,2021,2021-09,12,32,15577.5,15580.5,15571.5,3.0,6.0,target,5,0.3055555555555556,1.5859030837004406,0.7272727272727273,0.09090909090909091,-121.5,-50.209944900232585
2021-09-03T07:23:00.000000,2021-09-03T07:24:00.000000,2021,2021-09,7,24,15573.0,15579.0,15561.0,6.0,-6.0,stop,2,0.5692307692307692,2.5793650793650795,0.5641025641025641,0.0,-109.25,-39.46308462183333
2021-09-09T12:43:00.000000,2021-09-09T12:44:00.000000,2021,2021-09,12,44,15571.25,15578.75,15556.25,7.5,-7.5,stop,3,0.6,1.5418502202643172,0.5833333333333334,0.041666666666666664,-120.0,-45.34819734566008
2021-09-10T09:52:00.000000,2021-09-10T09:53:00.000000,2021,2021-09,9,53,15538.5,15548.5,15518.5,10.0,-10.0,stop,6,0.49019607843137253,1.5088757396449706,0.5483870967741935,0.03225806451612903,-136.75,-61.983311635629434
2021-09-13T08:31:00.000000,2021-09-13T08:32:00.000000,2021,2021-09,8,32,15371.25,15385.25,15343.25,14.0,-14.0,stop,2,0.5217391304347826,1.7293233082706767,0.48148148148148145,0.09259259259259259,-111.75,-84.8947056092311
2021-09-14T14:46:00.000000,2021-09-14T14:47:00.000000,2021,2021-09,14,47,15391.5,15394.25,15386.0,2.75,-2.75,stop,6,0.3333333333333333,1.9047619047619049,0.6666666666666666,0.0,-166.0,-33.42778324400388
2021-09-20T03:26:00.000000,2021-09-20T03:27:00.000000,2021,2021-09,3,27,15162.75,15169.5,15149.25,6.75,13.5,target,16,0.8222222222222222,1.863354037267081,0.72,0.04,-161.0,-55.21793268461988
2021-09-20T06:31:00.000000,2021-09-20T06:32:00.000000,2021,2021-09,6,32,15055.75,15061.0,15045.25,5.25,-5.25,stop,2,0.3137254901960784,1.571648690292758,0.64,0.0,-268.75,-126.56835608956862
2021-09-20T13:55:00.000000,2021-09-20T13:56:00.000000,2021,2021-09,13,56,14981.0,14995.75,14951.5,14.75,-14.75,stop,2,0.44565217391304346,1.6283185840707965,0.7228915662650602,0.08433734939759036,-344.75,-31.364885189628694
2021-09-21T17:00:00.000000,2021-09-21T17:01:00.000000,2021,2021-09,17,1,14986.5,14992.75,14974.0,6.25,-6.25,stop,8,0.5294117647058824,1.8994413407821231,0.6666666666666666,0.0,-176.25,-71.83443477136097
2021-09-21T17:52:00.000000,2021-09-21T17:53:00.000000,2021,2021-09,17,53,14975.5,14979.75,14967.0,4.25,8.5,target,8,0.53125,2.6556016597510372,0.6923076923076923,0.07692307692307693,-188.5,-83.690091652501
2021-09-24T05:17:00.000000,2021-09-24T05:18:00.000000,2021,2021-09,5,18,15204.75,15208.0,15198.25,3.25,-3.25,stop,3,0.32432432432432434,1.6933638443935926,0.6470588235294118,0.11764705882352941,-142.5,-52.39246389955588
2021-09-27T06:37:00.000000,2021-09-27T06:38:00.000000,2021,2021-09,6,38,15171.0,15186.5,15140.0,15.5,-15.5,stop,3,0.5652173913043478,1.7424242424242424,0.4583333333333333,0.08333333333333333,-159.25,-121.44866158958212
2021-09-28T03:54:00.000000,2021-09-28T03:55:00.000000,2021,2021-09,3,55,14968.0,14975.25,14953.5,7.25,14.5,target,3,0.32727272727272727,1.8003273322422257,0.5454545454545454,0.09090909090909091,-431.0,-106.16427160763305
2021-09-29T08:32:00.000000,2021-09-29T08:33:00.000000,2021,2021-09,8,33,14823.5,14839.5,14791.5,16.0,-16.0,stop,3,0.4491525423728814,2.0432900432900434,0.6379310344827587,0.08620689655172414,-368.0,-29.013293167587108
2021-09-30T04:21:00.000000,2021-09-30T04:22:00.000000,2021,2021-09,4,22,14800.75,14811.0,14780.25,10.25,-10.25,stop,26,0.5714285714285714,1.8134715025906736,0.59375,0.03125,-124.75,-35.82254560346519
2021-10-03T21:57:00.000000,2021-10-03T21:58:00.000000,2021,2021-10,21,58,14700.5,14706.0,14689.5,5.5,-5.5,stop,6,0.32432432432432434,2.084507042253521,0.5,0.08333333333333333,-130.75,-48.06436949185809
2021-10-03T22:09:00.000000,2021-10-03T22:10:00.000000,2021,2021-10,22,10,14701.0,14705.25,14692.5,4.25,8.5,target,4,0.4883720930232558,2.087378640776699,0.56,0.08,-131.0,-45.85439714108179
2021-10-03T22:24:00.000000,2021-10-03T22:25:00.000000,2021,2021-10,22,25,14698.75,14708.75,14678.75,10.0,-10.0,stop,7,0.3225806451612903,1.508515815085158,0.7142857142857143,0.0,-131.75,-44.797183897748255
2021-10-04T00:01:00.000000,2021-10-04T00:02:00.000000,2021,2021-10,0,2,14700.75,14708.0,14686.25,7.25,14.5,target,3,0.42857142857142855,1.5934959349593496,0.5405405405405406,0.0,-130.25,-37.43549113678819
2021-10-04T07:34:00.000000,2021-10-04T07:35:00.000000,2021,2021-10,7,35,14672.5,14688.0,14641.5,15.5,31.0,target,6,0.5223880597014925,2.1303656597774245,0.7368421052631579,0.07017543859649122,-159.25,-32.26274424862277
2021-10-05T21:17:00.000000,2021-10-05T21:18:00.000000,2021,2021-10,21,18,14568.25,14573.0,14558.75,4.75,-4.75,stop,4,0.36666666666666664,1.5625,0.75,0.0,-187.25,-35.940621703790384
2021-10-05T22:43:00.000000,2021-10-05T22:44:00.000000,2021,2021-10,22,44,14560.25,14566.0,14548.75,5.75,-5.75,stop,2,0.6101694915254238,2.95,0.75,0.0,-194.75,-37.78380463344729
2021-10-11T05:01:00.000000,2021-10-11T05:02:00.000000,2021,2021-10,5,2,14701.25,14708.5,14686.75,7.25,-7.25,stop,3,0.40476190476190477,1.5969581749049429,0.6956521739130435,0.08695652173913043,-127.75,-45.39917021924521
2021-10-11T16:46:00.000000,2021-10-11T16:47:00.000000,2021,2021-10,16,47,14680.25,14683.75,14673.25,3.5,7.0,target,8,0.5,1.6071428571428572,0.5454545454545454,0.0,-148.5,-109.64738382855467
2021-10-11T17:14:00.000000,2021-10-11T17:15:00.000000,2021,2021-10,17,15,14679.5,14685.75,14667.0,6.25,-6.25,stop,42,0.3333333333333333,1.7241379310344829,0.75,0.05,-218.25,-110.54986766097136
2021-10-12T16:13:00.000000,2021-10-12T16:14:00.000000,2021,2021-10,16,14,14599.25,14602.0,14593.75,2.75,-2.75,stop,8,0.5833333333333334,1.6382252559726962,0.6666666666666666,0.0,-298.25,-81.30694282360491
2021-10-22T13:01:00.000000,2021-10-22T13:02:00.000000,2021,2021-10,13,2,15345.5,15353.5,15329.5,8.0,-8.0,stop,31,0.6176470588235294,1.6113744075829384,0.68,0.0,-138.5,-31.917271480902855
2021-11-01T08:05:00.000000,2021-11-01T08:06:00.000000,2021,2021-11,8,6,15783.5,15799.25,15752.0,15.75,-15.75,stop,3,0.3877551020408163,1.6198347107438016,0.47619047619047616,0.047619047619047616,-115.0,-60.28429238054923
2021-11-01T12:16:00.000000,2021-11-01T12:17:00.000000,2021,2021-11,12,17,15792.75,15805.5,15767.25,12.75,-12.75,stop,4,0.358974358974359,1.5384615384615383,0.48936170212765956,0.0425531914893617,-106.0,-43.01500778065747
2021-11-09T10:13:00.000000,2021-11-09T10:14:00.000000,2021,2021-11,10,14,16212.0,16240.5,16155.0,28.5,-28.5,stop,4,0.3333333333333333,1.8897637795275593,0.7232142857142857,0.044642857142857144,-182.25,-76.03425983984016
2021-11-15T11:21:00.000000,2021-11-15T11:22:00.000000,2021,2021-11,11,22,16102.25,16118.25,16070.25,16.0,-16.0,stop,10,0.5087719298245614,1.8066561014263074,0.6271186440677966,0.0847457627118644,-110.5,-85.97819130856988
2021-11-24T08:35:00.000000,2021-11-24T08:36:00.000000,2021,2021-11,8,36,16162.0,16186.75,16112.5,24.75,-24.75,stop,2,0.5975609756097561,1.759656652360515,0.55,0.05,-256.0,-79.74468074372089
2021-11-25T20:57:00.000000,2021-11-25T20:58:00.000000,2021,2021-11,20,58,16286.75,16292.25,16275.75,5.5,11.0,target,8,0.36,2.1459227467811157,0.5238095238095238,0.047619047619047616,-149.0,-28.18856255891842
2021-11-30T00:08:00.000000,2021-11-30T00:09:00.000000,2021,2021-11,0,9,16265.0,16275.5,16244.0,10.5,-10.5,stop,2,0.5531914893617021,1.7327188940092166,0.5106382978723404,0.0,-173.0,-95.57008345942813
2021-12-03T11:36:00.000000,2021-12-03T11:37:00.000000,2021,2021-12,11,37,15656.5,15682.25,15605.0,25.75,-25.75,stop,6,0.30578512396694213,1.7965850037119526,0.6592592592592592,0.05185185185185185,-409.75,-152.21948269494715
2021-12-09T05:50:00.000000,2021-12-09T05:51:00.000000,2021,2021-12,5,51,16309.25,16315.5,16296.75,6.25,-6.25,stop,5,0.6923076923076923,1.5430267062314538,0.5294117647058824,0.058823529411764705,-127.25,-55.705803804065
2021-12-13T14:51:00.000000,2021-12-13T14:52:00.000000,2021,2021-12,14,52,16119.25,16129.5,16098.75,10.25,20.5,target,3,0.3023255813953488,1.8675352877307276,0.6756756756756757,0.08108108108108109,-218.5,-113.06286978415847
2021-12-13T17:12:00.000000,2021-12-13T17:13:00.000000,2021,2021-12,17,13,16097.5,16101.75,16089.0,4.25,8.5,target,17,0.3333333333333333,1.6091954022988504,0.75,0.0,-315.25,-122.80323218826015
2021-12-14T11:42:00.000000,2021-12-14T11:43:00.000000,2021,2021-12,11,43,15747.25,15759.75,15722.25,12.5,-12.5,stop,12,0.5084745762711864,1.5051020408163265,0.5333333333333333,0.022222222222222223,-666.25,-148.6829546767749
2021-12-14T19:27:00.000000,2021-12-14T19:28:00.000000,2021,2021-12,19,28,15898.0,15910.5,15873.0,12.5,-12.5,stop,12,0.48,2.923976608187134,0.625,0.0,-234.25,-26.292189631651127
2021-12-15T05:31:00.000000,2021-12-15T05:32:00.000000,2021,2021-12,5,32,15866.75,15870.0,15860.25,3.25,6.5,target,1,0.3037974683544304,3.9205955334987594,0.7391304347826086,0.0,-266.25,-46.40216632860029
2021-12-15T09:01:00.000000,2021-12-15T09:02:00.000000,2021,2021-12,9,2,15844.25,15856.5,15819.75,12.25,-12.25,stop,2,0.4857142857142857,1.859229747675963,0.6183206106870229,0.07633587786259542,-288.25,-49.695958786151095
2021-12-16T23:06:00.000000,2021-12-16T23:07:00.000000,2021,2021-12,23,7,15809.0,15819.5,15788.0,10.5,-10.5,stop,13,0.375,1.9184652278177456,0.6071428571428571,0.03571428571428571,-648.25,-28.612383191131812
2021-12-17T05:01:00.000000,2021-12-17T05:02:00.000000,2021,2021-12,5,2,15739.75,15749.25,15720.75,9.5,19.0,target,14,0.36,1.9505851755526658,0.75,0.0,-717.75,-60.35559169166481
2021-12-19T17:49:00.000000,2021-12-19T17:50:00.000000,2021,2021-12,17,50,15753.25,15769.0,15721.75,15.75,31.5,target,6,0.3253012048192771,2.3579545454545454,0.5967741935483871,0.11290322580645161,-203.25,-54.48331946178405
2021-12-19T23:08:00.000000,2021-12-19T23:09:00.000000,2021,2021-12,23,9,15617.75,15624.0,15605.25,6.25,-6.25,stop,7,0.375,1.5748031496062993,0.5652173913043478,0.0,-340.0,-37.65525550190068
2021-12-20T01:29:00.000000,2021-12-20T01:30:00.000000,2021,2021-12,1,30,15548.75,15565.5,15515.25,16.75,-16.75,stop,2,0.3020833333333333,2.553191489361702,0.6590909090909091,0.11363636363636363,-408.75,-85.74708101062242
2021-12-21T08:41:00.000000,2021-12-21T08:42:00.000000,2021,2021-12,8,42,15736.5,15754.25,15701.0,17.75,35.5,target,5,0.46835443037974683,2.273381294964029,0.45454545454545453,0.06060606060606061,-115.0,-28.361409834840742
2021-12-28T13:47:00.000000,2021-12-28T13:48:00.000000,2021,2021-12,13,48,16487.5,16492.75,16477.0,5.25,10.5,target,4,0.42857142857142855,1.7177914110429449,0.7083333333333334,0.10416666666666667,-93.75,-54.116533458600315
2021-12-29T07:01:00.000000,2021-12-29T07:02:00.000000,2021,2021-12,7,2,16505.25,16507.75,16500.25,2.5,5.0,target,2,0.5217391304347826,1.660649819494585,0.7368421052631579,0.10526315789473684,-154.5,-29.382830492861103
2021-12-29T07:05:00.000000,2021-12-29T07:06:00.000000,2021,2021-12,7,6,16499.25,16506.25,16485.25,7.0,-7.0,stop,2,0.4,1.5290519877675839,0.5833333333333334,0.0,-160.0,-34.216395296247356
2022-01-04T12:26:00.000000,2022-01-04T12:27:00.000000,2022,2022-01,12,27,16210.75,16216.0,16200.25,5.25,10.5,target,2,0.36923076923076925,1.7759562841530054,0.7288135593220338,0.0847457627118644,-296.75,-130.01029760778147
2022-01-04T14:56:00.000000,2022-01-04T14:57:00.000000,2022,2022-01,14,57,16286.25,16296.75,16265.25,10.5,21.0,target,4,0.5714285714285714,1.5584415584415585,0.7,0.06666666666666667,-221.75,-27.60168139729285
2022-01-04T17:01:00.000000,2022-01-04T17:02:00.000000,2022,2022-01,17,2,16264.75,16269.25,16255.75,4.5,9.0,target,14,0.5925925925925926,2.918918918918919,0.6363636363636364,0.0,-300.25,-48.53861240174956
2022-01-04T17:59:00.000000,2022-01-04T18:00:00.000000,2022,2022-01,18,0,16232.5,16236.25,16225.0,3.75,-3.75,stop,2,0.5,1.6736401673640169,0.5555555555555556,0.1111111111111111,-331.75,-79.62504162240839
2022-01-05T23:31:00.000000,2022-01-05T23:32:00.000000,2022,2022-01,23,32,15678.75,15684.5,15667.25,5.75,-5.75,stop,5,0.3611111111111111,1.6143497757847534,0.625,0.0,-590.5,-52.82900003573923
2022-01-07T00:52:00.000000,2022-01-07T00:53:00.000000,2022,2022-01,0,53,15774.0,15777.0,15768.0,3.0,6.0,target,2,0.7666666666666667,1.5267175572519085,0.75,0.0,-121.75,-30.688626602459408
2022-01-07T01:08:00.000000,2022-01-07T01:09:00.000000,2022,2022-01,1,9,15756.0,15762.75,15742.5,6.75,-6.75,stop,9,0.5675675675675675,1.5913978494623655,0.6956521739130435,0.0,-140.75,-47.76648667101108
2022-01-07T12:02:00.000000,2022-01-07T12:03:00.000000,2022,2022-01,12,3,15641.5,15650.25,15624.0,8.75,17.5,target,1,0.47435897435897434,1.598360655737705,0.47058823529411764,0.11764705882352941,-254.5,-41.311197059625556
2022-01-07T14:47:00.000000,2022-01-07T14:48:00.000000,2022,2022-01,14,48,15616.0,15627.5,15593.0,11.5,-11.5,stop,2,0.6216216216216216,1.55299055613851,0.5757575757575758,0.030303030303030304,-279.75,-53.896762997319456
2022-01-16T20:43:00.000000,2022-01-16T20:44:00.000000,2022,2022-01,20,44,15519.0,15522.0,15513.0,3.0,6.0,target,1,0.3548387096774194,1.756373937677054,0.7368421052631579,0.10526315789473684,-102.0,-29.212784973333328
2022-01-17T21:36:00.000000,2022-01-17T21:37:00.000000,2022,2022-01,21,37,15519.0,15532.75,15491.5,13.75,27.5,target,6,0.6382978723404256,1.887550200803213,0.75,0.019230769230769232,-135.25,-56.413952108725425
2022-01-18T02:01:00.000000,2022-01-18T02:02:00.000000,2022,2022-01,2,2,15442.25,15450.0,15426.75,7.75,15.5,target,4,0.4819277108433735,2.881944444444444,0.5348837209302325,0.0,-210.25,-44.23411533909348
2022-01-19T00:41:00.000000,2022-01-19T00:42:00.000000,2022,2022-01,0,42,15107.0,15112.25,15096.5,5.25,10.5,target,17,0.43902439024390244,1.6302186878727636,0.6296296296296297,0.07407407407407407,-496.5,-25.7263662429923
2022-01-19T15:49:00.000000,2022-01-19T15:50:00.000000,2022,2022-01,15,50,15036.75,15041.0,15028.25,4.25,-4.25,stop,6,0.5,1.6623376623376624,0.7272727272727273,0.045454545454545456,-566.5,-175.23699152503468
2022-01-19T17:16:00.000000,2022-01-19T17:17:00.000000,2022,2022-01,17,17,15036.0,15043.25,15021.5,7.25,14.5,target,4,0.7708333333333334,1.9917012448132778,0.56,0.08,-336.5,-175.55570950906804
2022-01-20T14:51:00.000000,2022-01-20T14:52:00.000000,2022,2022-01,14,52,14872.25,14898.75,14819.25,26.5,53.0,target,4,0.39072847682119205,1.7247287264420332,0.5929203539823009,0.10619469026548672,-500.5,-293.088172638958
2022-01-20T21:13:00.000000,2022-01-20T21:14:00.000000,2022,2022-01,21,14,14627.5,14631.75,14619.0,4.25,8.5,target,1,0.47058823529411764,2.5481798715203423,0.7346938775510204,0.10204081632653061,-712.5,-65.20997196368626
2022-01-24T07:01:00.000000,2022-01-24T07:02:00.000000,2022,2022-01,7,2,14254.0,14273.75,14214.5,19.75,-19.75,stop,8,0.3128491620111732,3.173758865248227,0.6707317073170732,0.10975609756097561,-605.0,-197.38196017781775
2022-01-24T20:10:00.000000,2022-01-24T20:11:00.000000,2022,2022-01,20,11,14310.0,14324.0,14282.0,14.0,-14.0,stop,2,0.32894736842105265,1.54158215010142,0.7142857142857143,0.10714285714285714,-271.5,-59.676613188788906
2022-01-25T07:51:00.000000,2022-01-25T07:52:00.000000,2022,2022-01,7,52,14208.25,14218.0,14188.75,9.75,-9.75,stop,7,0.45384615384615384,2.3985239852398523,0.5230769230769231,0.07692307692307693,-372.75,-60.66844698167188
2022-01-25T19:14:00.000000,2022-01-25T19:15:00.000000,2022,2022-01,19,15,14123.75,14141.0,14089.25,17.25,-17.25,stop,2,0.3333333333333333,1.6666666666666665,0.45454545454545453,0.09090909090909091,-375.0,-31.242319986997245
2022-01-26T19:05:00.000000,2022-01-26T19:06:00.000000,2022,2022-01,19,6,14112.0,14130.0,14076.0,18.0,36.0,target,2,0.39285714285714285,1.5080789946140034,0.4782608695652174,0.0,-529.0,-86.72986261543701
2022-01-28T05:09:00.000000,2022-01-28T05:10:00.000000,2022,2022-01,5,10,14018.25,14021.5,14011.75,3.25,6.5,target,1,0.3698630136986301,1.5548455804046857,0.6666666666666666,0.08333333333333333,-391.75,-78.07995912049591
2022-02-02T13:15:00.000000,2022-02-02T13:16:00.000000,2022,2022-02,13,16,15040.25,15058.5,15003.75,18.25,-18.25,stop,4,0.3953488372093023,1.7426545086119554,0.6027397260273972,0.0821917808219178,-97.25,-54.978064322343926
2022-02-04T05:22:00.000000,2022-02-04T05:23:00.000000,2022,2022-02,5,23,14551.75,14563.25,14528.75,11.5,-11.5,stop,2,0.3979591836734694,2.0762711864406778,0.6444444444444445,0.044444444444444446,-319.5,-163.77310603341357
2022-02-07T02:36:00.000000,2022-02-07T02:37:00.000000,2022,2022-02,2,37,14641.25,14653.0,14617.75,11.75,-11.75,stop,2,0.34523809523809523,1.551246537396122,0.5384615384615384,0.11538461538461539,-184.5,-25.79280712921718
2022-02-10T23:05:00.000000,2022-02-10T23:06:00.000000,2022,2022-02,23,6,14580.5,14585.25,14571.0,4.75,-4.75,stop,3,0.5454545454545454,2.111324376199616,0.5384615384615384,0.038461538461538464,-482.5,-56.994545156872846
2022-02-10T23:44:00.000000,2022-02-10T23:45:00.000000,2022,2022-02,23,45,14548.75,14551.25,14543.75,2.5,5.0,target,1,0.46938775510204084,1.5806451612903225,0.7096774193548387,0.03225806451612903,-515.0,-77.96561203451529
2022-02-14T06:21:00.000000,2022-02-14T06:22:00.000000,2022,2022-02,6,22,14076.75,14086.5,14057.25,9.75,-9.75,stop,3,0.35,1.9801980198019802,0.7428571428571429,0.08571428571428572,-690.25,-90.4246504093444
2022-02-16T09:01:00.000000,2022-02-16T09:02:00.000000,2022,2022-02,9,2,14429.5,14436.75,14415.0,7.25,14.5,target,1,0.5432098765432098,1.9494584837545128,0.7205882352941176,0.04411764705882353,-184.0,-99.22201690305701
2022-02-17T17:59:00.000000,2022-02-17T18:00:00.000000,2022,2022-02,18,0,14173.25,14181.0,14157.75,7.75,-7.75,stop,3,0.46875,1.8604651162790697,0.631578947368421,0.0,-445.25,-190.38370819512784
2022-02-18T08:06:00.000000,2022-02-18T08:07:00.000000,2022,2022-02,8,7,14191.75,14202.0,14171.25,10.25,20.5,target,4,0.45588235294117646,1.782437745740498,0.5128205128205128,0.07692307692307693,-428.5,-38.432227593797506
2022-02-21T05:19:00.000000,2022-02-21T05:20:00.000000,2022,2022-02,5,20,13981.25,13988.5,13966.75,7.25,14.5,target,1,0.5616438356164384,2.041958041958042,0.4782608695652174,0.06521739130434782,-317.75,-39.53788023915877
2022-02-21T08:47:00.000000,2022-02-21T08:48:00.000000,2022,2022-02,8,48,13817.0,13829.75,13791.5,12.75,-12.75,stop,4,0.6025641025641025,1.583756345177665,0.4666666666666667,0.06666666666666667,-481.75,-133.07653049224973
2022-02-21T21:09:00.000000,2022-02-21T21:10:00.000000,2022,2022-02,21,10,13652.25,13655.75,13645.25,3.5,7.0,target,4,0.48148148148148145,1.5450643776824033,0.47058823529411764,0.0,-506.0,-37.6004430516532
2022-02-24T04:31:00.000000,2022-02-24T04:32:00.000000,2022,2022-02,4,32,13148.5,13160.0,13125.5,11.5,-11.5,stop,8,0.4174757281553398,1.5713196033562167,0.6888888888888889,0.06666666666666667,-921.25,-68.94071645850818
2022-02-24T07:16:00.000000,2022-02-24T07:17:00.000000,2022,2022-02,7,17,13041.5,13054.25,13016.0,12.75,-12.75,stop,2,0.6125,1.6210739614994933,0.6428571428571429,0.023809523809523808,-1026.75,-153.93534753858694
2022-02-27T21:52:00.000000,2022-02-27T21:53:00.000000,2022,2022-02,21,53,13782.25,13791.0,13764.75,8.75,17.5,target,6,0.3283582089552239,2.454212454212454,0.5319148936170213,0.0,-414.5,-59.5624113888407
2022-03-01T09:57:00.000000,2022-03-01T09:58:00.000000,2022,2022-03,9,58,14138.0,14162.75,14088.5,24.75,-24.75,stop,3,0.5539568345323741,1.6144018583042974,0.7142857142857143,0.07142857142857142,-154.5,-53.97683041616074
2022-03-03T03:07:00.000000,2022-03-03T03:08:00.000000,2022,2022-03,3,8,14182.25,14190.25,14166.25,8.0,16.0,target,3,0.391304347826087,1.5384615384615385,0.4827586206896552,0.034482758620689655,-108.75,-31.21338510186979
2022-03-03T14:51:00.000000,2022-03-03T14:52:00.000000,2022,2022-03,14,52,14004.5,14014.75,13984.0,10.25,-10.25,stop,2,0.5421686746987951,2.589703588143526,0.5394736842105263,0.10526315789473684,-285.25,-156.79910017679686
2022-03-07T13:29:00.000000,2022-03-07T13:30:00.000000,2022,2022-03,13,30,13482.25,13502.5,13441.75,20.25,40.5,target,13,0.42391304347826086,1.5646258503401362,0.6493506493506493,0.06493506493506493,-604.0,-138.74948670719277
2022-03-08T01:00:00.000000,2022-03-08T01:01:00.000000,2022,2022-03,1,1,13142.75,13161.0,13106.25,18.25,-18.25,stop,25,0.35,1.9851116625310175,0.6712328767123288,0.0958904109589041,-737.25,-128.47993594398758
2022-03-09T22:35:00.000000,2022-03-09T22:36:00.000000,2022,2022-03,22,36,13691.0,13700.0,13673.0,9.0,18.0,target,7,0.5,2.4615384615384617,0.6896551724137931,0.10344827586206896,-130.25,-41.252370868243815
2022-03-10T23:06:00.000000,2022-03-10T23:07:00.000000,2022,2022-03,23,7,13487.0,13491.5,13478.0,4.5,-4.5,stop,12,0.4117647058823529,1.9767441860465118,0.631578947368421,0.10526315789473684,-292.5,-38.001206962266224
2022-03-11T12:52:00.000000,2022-03-11T12:53:00.000000,2022,2022-03,12,53,13466.5,13482.75,13434.0,16.25,32.5,target,8,0.42452830188679247,2.309368191721133,0.49056603773584906,0.0,-310.5,-113.80178519906622
2022-03-14T07:02:00.000000,2022-03-14T07:03:00.000000,2022,2022-03,7,3,13289.5,13301.25,13266.0,11.75,23.5,target,22,0.4878048780487805,1.603128054740958,0.4883720930232558,0.09302325581395349,-114.0,-47.67131034045451
2022-03-23T06:33:00.000000,2022-03-23T06:34:00.000000,2022,2022-03,6,34,14541.75,14551.0,14523.25,9.25,18.5,target,19,0.3157894736842105,1.589958158995816,0.5357142857142857,0.10714285714285714,-148.0,-67.56696198453574
2022-03-23T12:38:00.000000,2022-03-23T12:39:00.000000,2022,2022-03,12,39,14506.5,14524.0,14471.5,17.5,-17.5,stop,2,0.38372093023255816,1.9260918253079509,0.6,0.016666666666666666,-184.75,-57.85878766148744
2022-03-23T13:21:00.000000,2022-03-23T13:22:00.000000,2022,2022-03,13,22,14480.0,14484.25,14471.5,4.25,-4.25,stop,2,0.3611111111111111,1.5254237288135593,0.4642857142857143,0.07142857142857142,-211.75,-81.06235300310618
2022-03-30T03:50:00.000000,2022-03-30T03:51:00.000000,2022,2022-03,3,51,15177.0,15180.75,15169.5,3.75,7.5,target,5,0.34782608695652173,1.602787456445993,0.5,0.0,-91.5,-26.34081752919701
2022-03-30T09:36:00.000000,2022-03-30T09:37:00.000000,2022,2022-03,9,37,15145.25,15157.75,15120.25,12.5,-12.5,stop,21,0.3150684931506849,1.6043956043956045,0.4791666666666667,0.08333333333333333,-124.0,-31.517223359740456
2022-03-30T13:51:00.000000,2022-03-30T13:52:00.000000,2022,2022-03,13,52,15031.5,15050.75,14993.0,19.25,-19.25,stop,4,0.33663366336633666,1.7368873602751504,0.7066666666666667,0.05333333333333334,-237.75,-117.16044559285547
2022-03-30T17:40:00.000000,2022-03-30T17:41:00.000000,2022,2022-03,17,41,15102.5,15106.25,15095.0,3.75,-3.75,stop,23,0.38461538461538464,1.9548872180451127,0.7272727272727273,0.0,-159.5,-40.17758931147364
2022-03-31T12:17:00.000000,2022-03-31T12:18:00.000000,2022,2022-03,12,18,14975.0,14980.75,14963.5,5.75,-5.75,stop,3,0.36923076923076925,1.6774193548387097,0.6037735849056604,0.09433962264150944,-287.5,-64.95942047015706
2022-03-31T14:00:00.000000,2022-03-31T14:01:00.000000,2022,2022-03,14,1,14899.0,14913.5,14870.0,14.5,-14.5,stop,13,0.35365853658536583,1.9248826291079812,0.6807228915662651,0.024096385542168676,-363.0,-118.48924077281481
2022-04-01T11:32:00.000000,2022-04-01T11:33:00.000000,2022,2022-04,11,33,14743.5,14758.5,14713.5,15.0,-15.0,stop,4,0.3076923076923077,1.5950920245398772,0.7457627118644068,0.1016949152542373,-437.5,-102.99038519323767
2022-04-01T13:43:00.000000,2022-04-01T13:44:00.000000,2022,2022-04,13,44,14752.75,14767.75,14722.75,15.0,-15.0,stop,5,0.4,1.6775396085740915,0.6470588235294118,0.0196078431372549,-427.5,-81.1987363063381
2022-04-06T11:16:00.000000,2022-04-06T11:17:00.000000,2022,2022-04,11,17,14461.75,14469.75,14445.75,8.0,-8.0,stop,5,0.36507936507936506,1.8584070796460177,0.6417910447761194,0.014925373134328358,-736.0,-86.40350549298819
2022-04-08T07:08:00.000000,2022-04-08T07:09:00.000000,2022,2022-04,7,9,14487.5,14492.25,14478.0,4.75,9.5,target,2,0.532258064516129,2.0945945945945943,0.5862068965517241,0.034482758620689655,-146.25,-77.35550601645264
2022-04-10T21:30:00.000000,2022-04-10T21:31:00.000000,2022,2022-04,21,31,14205.5,14212.75,14191.0,7.25,-7.25,stop,11,0.5454545454545454,2.0625,0.6818181818181818,0.09090909090909091,-176.25,-47.72827376083842
2022-04-11T07:36:00.000000,2022-04-11T07:37:00.000000,2022,2022-04,7,37,14155.75,14175.25,14116.75,19.5,39.0,target,2,0.4188034188034188,2.0508326029798423,0.4858757062146893,0.11864406779661017,-226.25,-47.70018080562477
2022-04-11T17:06:00.000000,2022-04-11T17:07:00.000000,2022,2022-04,17,7,14011.25,14014.5,14004.75,3.25,6.5,target,5,0.5555555555555556,1.5126050420168067,0.6,0.0,-358.0,-104.84640585612578
2022-04-17T17:45:00.000000,2022-04-17T17:46:00.000000,2022,2022-04,17,46,13761.0,13766.75,13749.5,5.75,11.5,target,1,0.325,1.7429193899782136,0.6111111111111112,0.1111111111111111,-143.0,-42.05899952934851
2022-04-17T17:48:00.000000,2022-04-17T17:49:00.000000,2022,2022-04,17,49,13736.25,13746.25,13716.25,10.0,-10.0,stop,27,0.5625,2.475822050290135,0.5483870967741935,0.06451612903225806,-166.75,-61.47129716245763
2022-04-19T03:31:00.000000,2022-04-19T03:32:00.000000,2022,2022-04,3,32,13842.0,13846.5,13833.0,4.5,-4.5,stop,2,0.40384615384615385,1.6300940438871474,0.6666666666666666,0.1111111111111111,-161.0,-104.11604402623561
2022-04-19T04:54:00.000000,2022-04-19T04:55:00.000000,2022,2022-04,4,55,13884.25,13887.75,13877.25,3.5,7.0,target,1,0.3055555555555556,1.5384615384615385,0.6190476190476191,0.09523809523809523,-118.25,-49.442812988112564
2022-04-20T11:09:00.000000,2022-04-20T11:10:00.000000,2022,2022-04,11,10,14053.75,14064.0,14033.25,10.25,-10.25,stop,2,0.4489795918367347,1.9310344827586208,0.6444444444444445,0.1111111111111111,-188.5,-62.401712984854385
2022-04-21T09:20:00.000000,2022-04-21T09:21:00.000000,2022,2022-04,9,21,14086.5,14112.0,14035.5,25.5,-25.5,stop,5,0.3047619047619048,1.5601783060921248,0.7311827956989247,0.010752688172043012,-211.0,-78.52926192204905
2022-04-26T17:14:00.000000,2022-04-26T17:15:00.000000,2022,2022-04,17,15,12975.25,12979.75,12966.25,4.5,-4.5,stop,2,0.35294117647058826,2.935251798561151,0.6086956521739131,0.08695652173913043,-607.75,-202.86488679572358
2022-04-27T05:51:00.000000,2022-04-27T05:52:00.000000,2022,2022-04,5,52,13035.5,13047.25,13012.0,11.75,-11.75,stop,6,0.36666666666666664,1.5915119363395225,0.7,0.1,-547.5,-41.930190289413076
2022-04-27T05:57:00.000000,2022-04-27T05:58:00.000000,2022,2022-04,5,58,13047.5,13056.5,13029.5,9.0,18.0,target,1,0.46153846153846156,1.7060367454068242,0.4915254237288136,0.0,-536.75,-30.69780556005753
2022-05-05T04:21:00.000000,2022-05-05T04:22:00.000000,2022,2022-05,4,22,13433.5,13444.0,13412.5,10.5,-10.5,stop,3,0.8108108108108109,1.5611814345991561,0.5789473684210527,0.0,-121.75,-28.496040081265164
2022-05-05T08:01:00.000000,2022-05-05T08:02:00.000000,2022,2022-05,8,2,13148.5,13167.25,13111.0,18.75,37.5,target,3,0.4153846153846154,1.5757575757575757,0.4782608695652174,0.043478260869565216,-406.5,-201.6871973964062
2022-05-06T14:48:00.000000,2022-05-06T14:49:00.000000,2022,2022-05,14,49,12659.5,12668.5,12641.5,9.0,-9.0,stop,6,0.48148148148148145,1.6167664670658684,0.6842105263157895,0.05263157894736842,-889.25,-72.70490368038918
2022-05-09T02:17:00.000000,2022-05-09T02:18:00.000000,2022,2022-05,2,18,12526.75,12538.25,12503.75,11.5,23.0,target,6,0.34146341463414637,1.8742857142857143,0.6666666666666666,0.07692307692307693,-110.0,-37.37922139618604
2022-05-09T18:17:00.000000,2022-05-09T18:18:00.000000,2022,2022-05,18,18,12113.5,12129.75,12081.0,16.25,-16.25,stop,9,0.5588235294117647,2.857142857142857,0.5272727272727272,0.0,-510.0,-47.694908512330585
2022-05-10T11:01:00.000000,2022-05-10T11:02:00.000000,2022,2022-05,11,2,12255.5,12279.0,12208.5,23.5,-23.5,stop,2,0.3732394366197183,1.6108905275099261,0.4609375,0.03125,-368.5,-83.73459665032351
2022-05-11T18:19:00.000000,2022-05-11T18:20:00.000000,2022,2022-05,18,20,11944.75,11955.5,11923.25,10.75,21.5,target,1,0.5294117647058824,1.9744483159117308,0.5151515151515151,0.0,-608.0,-31.642303354947217
2022-05-12T12:29:00.000000,2022-05-12T12:30:00.000000,2022,2022-05,12,30,11757.25,11765.5,11740.75,8.25,16.5,target,2,0.3969465648854962,1.6182828906732551,0.6440677966101694,0.03389830508474576,-794.5,-130.42611668336212
2022-05-16T00:14:00.000000,2022-05-16T00:15:00.000000,2022,2022-05,0,15,12283.75,12287.75,12275.75,4.0,8.0,target,2,0.676056338028169,1.868421052631579,0.675,0.05,-205.5,-61.77266361945658
2022-05-18T13:23:00.000000,2022-05-18T13:24:00.000000,2022,2022-05,13,24,11914.0,11927.75,11886.5,13.75,-13.75,stop,7,0.30578512396694213,1.9025157232704402,0.574468085106383,0.0425531914893617,-679.5,-293.9459689517007
2022-05-26T18:47:00.000000,2022-05-26T18:48:00.000000,2022,2022-05,18,48,12234.5,12241.75,12220.0,7.25,-7.25,stop,7,0.40384615384615385,2.3059866962305984,0.68,0.04,-108.5,-33.6788603271616
2022-05-31T01:01:00.000000,2022-05-31T01:02:00.000000,2022,2022-05,1,2,12690.0,12707.5,12655.0,17.5,35.0,target,16,0.609375,1.5403128760529483,0.6190476190476191,0.0,-193.25,-43.7229095944258
2022-05-31T23:31:00.000000,2022-05-31T23:32:00.000000,2022,2022-05,23,32,12650.25,12658.5,12633.75,8.25,16.5,target,2,0.40540540540540543,1.5416666666666667,0.75,0.08333333333333333,-174.75,-36.83476492895352
2022-06-01T17:09:00.000000,2022-06-01T17:10:00.000000,2022,2022-06,17,10,12521.5,12526.5,12511.5,5.0,-5.0,stop,4,0.44,1.5432098765432098,0.75,0.0,-301.0,-96.30250811576661
2022-06-03T03:35:00.000000,2022-06-03T03:36:00.000000,2022,2022-06,3,36,12820.75,12825.0,12812.25,4.25,8.5,target,1,0.6428571428571429,2.5396825396825395,0.4838709677419355,0.06451612903225806,-125.75,-48.501234857032614
2022-06-03T04:44:00.000000,2022-06-03T04:45:00.000000,2022,2022-06,4,45,12771.75,12781.5,12752.25,9.75,-9.75,stop,3,0.30434782608695654,1.6487455197132617,0.6774193548387096,0.0,-173.5,-84.57304027717691
2022-06-03T06:28:00.000000,2022-06-03T06:29:00.000000,2022,2022-06,6,29,12744.0,12768.0,12696.0,24.0,-24.0,stop,2,0.86,1.8315018315018314,0.5,0.09259259259259259,-200.75,-83.07642126032806
2022-06-08T17:28:00.000000,2022-06-08T17:29:00.000000,2022,2022-06,17,29,12623.5,12627.0,12616.5,3.5,-3.5,stop,2,0.6666666666666666,1.7518248175182483,0.75,0.0,-160.25,-50.48088105617717
2022-06-14T23:02:00.000000,2022-06-14T23:03:00.000000,2022,2022-06,23,3,11387.0,11394.0,11373.0,7.0,14.0,target,11,0.8148148148148148,1.5743440233236152,0.47619047619047616,0.0,-147.5,-32.31575738295942
2022-06-16T06:36:00.000000,2022-06-16T06:37:00.000000,2022,2022-06,6,37,11408.5,11422.75,11380.0,14.25,-14.25,stop,2,0.30833333333333335,1.9246190858059342,0.5652173913043478,0.021739130434782608,-385.75,-32.767356189506245
2022-06-16T07:47:00.000000,2022-06-16T07:48:00.000000,2022,2022-06,7,48,11323.0,11350.0,11269.0,27.0,54.0,target,6,0.4303030303030303,1.5580736543909348,0.4672897196261682,0.018691588785046728,-472.5,-84.24033968496587
2022-06-17T07:05:00.000000,2022-06-17T07:06:00.000000,2022,2022-06,7,6,11214.0,11228.25,11185.5,14.25,28.5,target,6,0.37037037037037035,1.534090909090909,0.74,0.06,-559.75,-43.42138505811636
2022-06-21T22:33:00.000000,2022-06-21T22:34:00.000000,2022,2022-06,22,34,11462.75,11469.75,11448.75,7.0,-7.0,stop,10,0.43478260869565216,1.7358490566037736,0.6666666666666666,0.0,-214.75,-39.853852170512255
2022-06-21T23:54:00.000000,2022-06-21T23:55:00.000000,2022,2022-06,23,55,11429.5,11438.5,11411.5,9.0,-9.0,stop,8,0.38823529411764707,3.6717062634989204,0.5714285714285714,0.10714285714285714,-248.0,-64.73484543738596
2022-06-27T17:48:00.000000,2022-06-27T17:49:00.000000,2022,2022-06,17,49,12068.75,12073.0,12060.25,4.25,8.5,target,4,0.38461538461538464,1.7687074829931975,0.7083333333333334,0.0,-193.75,-30.772059038929
2022-06-27T21:21:00.000000,2022-06-27T21:22:00.000000,2022,2022-06,21,22,12003.0,12010.0,11989.0,7.0,-7.0,stop,4,0.5806451612903226,1.5816326530612244,0.625,0.041666666666666664,-259.75,-27.36476756547745
2022-06-28T08:43:00.000000,2022-06-28T08:44:00.000000,2022,2022-06,8,44,11978.25,11991.25,11952.25,13.0,26.0,target,3,0.6105263157894737,1.5297906602254427,0.4603174603174603,0.09523809523809523,-283.75,-95.29909097812197
2022-06-28T11:01:00.000000,2022-06-28T11:02:00.000000,2022,2022-06,11,2,11810.5,11815.25,11801.0,4.75,9.5,target,1,0.475,1.8979833926453145,0.6153846153846154,0.038461538461538464,-451.0,-170.68681910898886
2022-06-28T11:14:00.000000,2022-06-28T11:15:00.000000,2022,2022-06,11,15,11754.5,11770.75,11722.0,16.25,-16.25,stop,15,0.3333333333333333,1.5245009074410163,0.6785714285714286,0.017857142857142856,-507.0,-219.42580002639443
2022-06-28T16:44:00.000000,2022-06-28T16:45:00.000000,2022,2022-06,16,45,11693.0,11696.0,11687.0,3.0,-3.0,stop,9,0.7,1.5686274509803921,0.5,0.0,-570.25,-207.8694041844774
2022-06-29T23:27:00.000000,2022-06-29T23:28:00.000000,2022,2022-06,23,28,11597.75,11610.5,11572.25,12.75,25.5,target,40,0.8181818181818182,3.33965844402277,0.6956521739130435,0.0,-152.0,-54.74541567813321
2022-06-30T01:09:00.000000,2022-06-30T01:10:00.000000,2022,2022-06,1,10,11519.25,11535.25,11487.25,16.0,-16.0,stop,2,0.3488372093023256,2.3306233062330626,0.5384615384615384,0.10256410256410256,-229.75,-76.73055092812865
2022-07-05T04:06:00.000000,2022-07-05T04:07:00.000000,2022,2022-07,4,7,11545.0,11553.0,11529.0,8.0,-8.0,stop,2,0.3939393939393939,1.5068493150684932,0.5517241379310345,0.034482758620689655,-113.75,-76.8479141995158
2022-07-11T17:39:00.000000,2022-07-11T17:40:00.000000,2022,2022-07,17,40,11901.25,11905.5,11892.75,4.25,-4.25,stop,20,0.4117647058823529,1.5044247787610618,0.6923076923076923,0.07692307692307693,-227.0,-46.53604543552683
2022-07-12T00:02:00.000000,2022-07-12T00:03:00.000000,2022,2022-07,0,3,11792.0,11795.75,11784.5,3.75,7.5,target,2,0.525,2.439024390243903,0.6666666666666666,0.06666666666666667,-335.75,-31.466517788623605
2022-07-12T16:03:00.000000,2022-07-12T16:04:00.000000,2022,2022-07,16,4,11781.75,11787.75,11769.75,6.0,-6.0,stop,3,0.36363636363636365,1.7120622568093387,0.5555555555555556,0.1111111111111111,-345.75,-79.34080168571745
2022-07-14T01:07:00.000000,2022-07-14T01:08:00.000000,2022,2022-07,1,8,11678.25,11694.0,11646.75,15.75,-15.75,stop,9,0.78,1.5337423312883436,0.6,0.05454545454545454,-291.0,-41.10155510568984
2022-07-18T14:57:00.000000,2022-07-18T14:58:00.000000,2022,2022-07,14,58,11911.5,11916.75,11901.0,5.25,-5.25,stop,3,0.36363636363636365,1.5942028985507246,0.7,0.0,-166.5,-159.6382791498072
2022-07-18T16:59:00.000000,2022-07-18T17:00:00.000000,2022,2022-07,17,0,11923.75,11927.0,11917.25,3.25,6.5,target,3,0.3333333333333333,1.5463917525773196,0.5714285714285714,0.0,-154.5,-146.65677161613348
2022-07-22T11:36:00.000000,2022-07-22T11:37:00.000000,2022,2022-07,11,37,12359.75,12372.25,12334.75,12.5,-12.5,stop,2,0.3870967741935484,1.6337285902503293,0.6153846153846154,0.038461538461538464,-295.25,-173.83176457727313
2022-07-25T12:01:00.000000,2022-07-25T12:02:00.000000,2022,2022-07,12,2,12314.25,12325.25,12292.25,11.0,-11.0,stop,5,0.42857142857142855,1.5819209039548021,0.6153846153846154,0.0,-141.75,-66.85235869381358
2022-07-25T13:16:00.000000,2022-07-25T13:17:00.000000,2022,2022-07,13,17,12280.75,12284.25,12273.75,3.5,7.0,target,1,0.38028169014084506,1.806615776081425,0.6521739130434783,0.043478260869565216,-175.25,-91.25117691439846
2022-07-25T13:51:00.000000,2022-07-25T13:52:00.000000,2022,2022-07,13,52,12330.0,12337.5,12315.0,7.5,-7.5,stop,3,0.3063063063063063,2.7007299270072993,0.6382978723404256,0.02127659574468085,-126.25,-37.36243039596229
2022-07-29T06:35:00.000000,2022-07-29T06:36:00.000000,2022,2022-07,6,36,12821.25,12834.25,12795.25,13.0,-13.0,stop,16,0.4576271186440678,1.5089514066496164,0.5897435897435898,0.10256410256410256,-126.0,-64.31724842273252
2022-08-02T04:36:00.000000,2022-08-02T04:37:00.000000,2022,2022-08,4,37,12834.5,12837.5,12828.5,3.0,-3.0,stop,5,0.45652173913043476,1.9491525423728813,0.6363636363636364,0.045454545454545456,-275.25,-48.89897530885173
2022-08-02T17:41:00.000000,2022-08-02T17:42:00.000000,2022,2022-08,17,42,12914.25,12918.0,12906.75,3.75,7.5,target,12,0.6666666666666666,1.794871794871795,0.5,0.0,-182.0,-27.178652960375985
2022-08-05T07:24:00.000000,2022-08-05T07:25:00.000000,2022,2022-08,7,25,13124.0,13133.75,13104.5,9.75,-9.75,stop,6,0.4939759036144578,1.590038314176245,0.6428571428571429,0.0,-232.0,-115.37400975141281
2022-08-10T00:03:00.000000,2022-08-10T00:04:00.000000,2022,2022-08,0,4,12985.5,12994.5,12967.5,9.0,-9.0,stop,17,0.6538461538461539,1.8118466898954704,0.45161290322580644,0.06451612903225806,-248.5,-35.267046404100256
2022-08-11T17:53:00.000000,2022-08-11T17:54:00.000000,2022,2022-08,17,54,13331.0,13334.25,13324.5,3.25,-3.25,stop,6,0.38461538461538464,1.7105263157894737,0.75,0.0,-243.75,-96.19269931137023
2022-08-17T04:32:00.000000,2022-08-17T04:33:00.000000,2022,2022-08,4,33,13547.75,13553.5,13536.25,5.75,-5.75,stop,2,0.5714285714285714,1.7902813299232736,0.48148148148148145,0.037037037037037035,-192.75,-65.63848181339017
2022-08-17T05:19:00.000000,2022-08-17T05:20:00.000000,2022,2022-08,5,20,13532.75,13538.5,13521.25,5.75,-5.75,stop,3,0.6078431372549019,1.9502868068833652,0.5454545454545454,0.0,-208.0,-69.00890734265704
2022-08-17T17:06:00.000000,2022-08-17T17:07:00.000000,2022,2022-08,17,7,13466.0,13469.5,13459.0,3.5,7.0,target,12,0.35294117647058826,1.8579234972677594,0.5,0.0,-206.0,-42.87867803820336
2022-08-18T00:32:00.000000,2022-08-18T00:33:00.000000,2022,2022-08,0,33,13431.0,13439.5,13414.0,8.5,-8.5,stop,13,0.5625,1.9047619047619047,0.5652173913043478,0.043478260869565216,-240.0,-29.97780104712001
2022-08-19T00:16:00.000000,2022-08-19T00:17:00.000000,2022,2022-08,0,17,13469.25,13475.0,13457.75,5.75,11.5,target,15,0.6785714285714286,2.2222222222222223,0.5294117647058824,0.11764705882352941,-106.25,-28.661643096835178
2022-08-22T13:55:00.000000,2022-08-22T13:56:00.000000,2022,2022-08,13,56,12908.0,12914.25,12895.5,6.25,-6.25,stop,4,0.3283582089552239,1.7539267015706805,0.5777777777777777,0.022222222222222223,-318.75,-88.0278174246996
2022-08-23T20:11:00.000000,2022-08-23T20:12:00.000000,2022,2022-08,20,12,12846.0,12851.0,12836.0,5.0,-5.0,stop,4,0.34146341463414637,2.11340206185567,0.5833333333333334,0.0,-170.75,-25.491782796732878
2022-08-29T17:09:00.000000,2022-08-29T17:10:00.000000,2022,2022-08,17,10,12494.0,12497.0,12488.0,3.0,-3.0,stop,3,0.5384615384615384,1.7567567567567566,0.7142857142857143,0.0,-117.0,-31.250437572929513
2022-08-30T08:01:00.000000,2022-08-30T08:02:00.000000,2022,2022-08,8,2,12481.75,12498.75,12447.75,17.0,34.0,target,4,0.6388888888888888,1.6216216216216217,0.5846153846153846,0.09230769230769231,-128.25,-74.74758800233576
2022-08-31T17:02:00.000000,2022-08-31T17:03:00.000000,2022,2022-08,17,3,12218.0,12224.0,12206.0,6.0,12.0,target,4,0.34615384615384615,1.7869415807560136,0.7333333333333333,0.06666666666666667,-294.5,-157.2783707488561
2022-09-02T12:18:00.000000,2022-09-02T12:19:00.000000,2022,2022-09,12,19,12111.25,12119.25,12095.25,8.0,-8.0,stop,7,0.6105263157894737,1.5846538782318598,0.4782608695652174,0.06521739130434782,-208.5,-194.3148335274891
2022-09-02T14:49:00.000000,2022-09-02T14:50:00.000000,2022,2022-09,14,50,12132.75,12136.75,12124.75,4.0,8.0,target,11,0.36363636363636365,1.7322834645669292,0.6666666666666666,0.08333333333333333,-188.5,-134.35695510496953
2022-09-06T12:13:00.000000,2022-09-06T12:14:00.000000,2022,2022-09,12,14,12051.25,12060.25,12033.25,9.0,-9.0,stop,3,0.4166666666666667,1.551246537396122,0.6470588235294118,0.0392156862745098,-131.5,-25.05403921232937
2022-09-06T12:32:00.000000,2022-09-06T12:33:00.000000,2022,2022-09,12,33,12038.5,12045.25,12025.0,6.75,13.5,target,2,0.35714285714285715,2.244488977955912,0.7407407407407407,0.0,-144.5,-37.076337598557075
2022-09-08T10:08:00.000000,2022-09-08T10:09:00.000000,2022,2022-09,10,9,12201.5,12210.75,12183.0,9.25,18.5,target,2,0.3089430894308943,2.208258527827648,0.6989247311827957,0.0,-104.5,-51.56334981532018
2022-09-11T22:13:00.000000,2022-09-11T22:14:00.000000,2022,2022-09,22,14,12584.0,12587.25,12577.5,3.25,-3.25,stop,6,0.3076923076923077,1.6455696202531644,0.6,0.0,-169.25,-25.556616081850734
2022-09-13T10:07:00.000000,2022-09-13T10:08:00.000000,2022,2022-09,10,8,12301.75,12308.5,12288.25,6.75,-6.75,stop,5,0.44285714285714284,1.7135862913096696,0.5777777777777777,0.1111111111111111,-563.25,-178.63128952984334
2022-09-13T13:24:00.000000,2022-09-13T13:25:00.000000,2022,2022-09,13,25,12177.75,12185.0,12163.25,7.25,14.5,target,4,0.5866666666666667,2.0408163265306123,0.52,0.08,-687.75,-239.9941945935625
2022-09-15T07:34:00.000000,2022-09-15T07:35:00.000000,2022,2022-09,7,35,12144.0,12152.0,12128.0,8.0,16.0,target,1,0.4090909090909091,1.9469026548672566,0.6,0.075,-125.25,-44.14104326436063
2022-09-15T12:04:00.000000,2022-09-15T12:05:00.000000,2022,2022-09,12,5,12041.0,12054.5,12014.0,13.5,-13.5,stop,8,0.3582089552238806,1.652281134401973,0.4857142857142857,0.11428571428571428,-228.0,-75.13443688031657
2022-09-19T05:33:00.000000,2022-09-19T05:34:00.000000,2022,2022-09,5,34,11816.75,11821.75,11806.75,5.0,-5.0,stop,2,0.5806451612903226,1.508515815085158,0.6818181818181818,0.045454545454545456,-110.75,-34.566580699334736
2022-09-20T04:03:00.000000,2022-09-20T04:04:00.000000,2022,2022-09,4,4,11954.25,11958.75,11945.25,4.5,9.0,target,16,0.5952380952380952,1.791044776119403,0.6956521739130435,0.0,-112.25,-71.93173343241324
2022-09-20T08:03:00.000000,2022-09-20T08:04:00.000000,2022,2022-09,8,4,11931.25,11938.0,11917.75,6.75,13.5,target,2,0.36082474226804123,1.5619967793880838,0.7258064516129032,0.0,-135.0,-30.046128031261105
2022-09-20T12:44:00.000000,2022-09-20T12:45:00.000000,2022,2022-09,12,45,11867.25,11893.0,11815.75,25.75,-25.75,stop,2,0.53125,1.8686131386861313,0.52,0.06,-198.75,-72.08743574639448
2022-09-21T17:32:00.000000,2022-09-21T17:33:00.000000,2022,2022-09,17,33,11618.75,11623.0,11610.25,4.25,8.5,target,1,0.6333333333333333,1.6901408450704225,0.6363636363636364,0.045454545454545456,-521.25,-296.6234219848393
2022-09-21T17:42:00.000000,2022-09-21T17:43:00.000000,2022,2022-09,17,43,11614.0,11618.0,11606.0,4.0,-4.0,stop,12,0.5333333333333333,1.566579634464752,0.7,0.0,-526.0,-300.83135734927964
2022-09-22T12:28:00.000000,2022-09-22T12:29:00.000000,2022,2022-09,12,29,11541.75,11550.5,11524.25,8.75,-8.75,stop,5,0.32142857142857145,1.5512465373961217,0.47692307692307695,0.09230769230769231,-599.0,-70.4641529702003
2022-09-22T20:34:00.000000,2022-09-22T20:35:00.000000,2022,2022-09,20,35,11535.25,11540.25,11525.25,5.0,-5.0,stop,3,0.425,3.4115138592750536,0.6363636363636364,0.06060606060606061,-261.5,-36.877215697717475
2022-09-27T13:07:00.000000,2022-09-27T13:08:00.000000,2022,2022-09,13,8,11324.75,11335.0,11304.25,10.25,-10.25,stop,2,0.34782608695652173,1.5753424657534247,0.5,0.09259259259259259,-213.0,-72.59778543926222
2022-09-29T06:32:00.000000,2022-09-29T06:33:00.000000,2022,2022-09,6,33,11400.25,11424.25,11352.25,24.0,48.0,target,3,0.38095238095238093,2.491103202846975,0.59375,0.0625,-213.75,-43.40138041901264
2022-09-29T22:08:00.000000,2022-09-29T22:09:00.000000,2022,2022-09,22,9,11185.75,11198.25,11160.75,12.5,-12.5,stop,2,0.30612244897959184,2.094017094017094,0.5789473684210527,0.05263157894736842,-380.25,-41.91992048842803
2022-09-29T22:30:00.000000,2022-09-29T22:31:00.000000,2022,2022-09,22,31,11195.75,11199.0,11189.25,3.25,-3.25,stop,3,0.6153846153846154,1.5116279069767442,0.5882352941176471,0.058823529411764705,-371.75,-31.61177628778205
2022-09-30T11:03:00.000000,2022-09-30T11:04:00.000000,2022,2022-09,11,4,11212.5,11228.25,11181.0,15.75,-15.75,stop,3,0.46153846153846156,1.6290726817042607,0.509090909090909,0.0,-354.75,-41.90462225835472
2022-10-05T03:52:00.000000,2022-10-05T03:53:00.000000,2022,2022-10,3,53,11524.75,11535.25,11503.75,10.5,-10.5,stop,10,0.45714285714285713,1.580135440180587,0.5,0.1,-150.75,-44.48655701080315
2022-10-07T07:36:00.000000,2022-10-07T07:37:00.000000,2022,2022-10,7,37,11340.0,11352.0,11316.0,12.0,24.0,target,1,0.6608695652173913,1.7719568567026192,0.46808510638297873,0.07446808510638298,-390.5,-83.1959726596524
2022-10-10T21:57:00.000000,2022-10-10T21:58:00.000000,2022,2022-10,21,58,10935.0,10941.0,10923.0,6.0,-6.0,stop,12,0.5,1.6300940438871474,0.5,0.09090909090909091,-202.5,-34.76839800616108
2022-10-11T01:01:00.000000,2022-10-11T01:02:00.000000,2022,2022-10,1,2,10863.0,10878.75,10831.5,15.75,-15.75,stop,2,0.37267080745341613,3.980222496909765,0.6451612903225806,0.06451612903225806,-274.25,-85.95219514070413
2022-10-11T07:34:00.000000,2022-10-11T07:35:00.000000,2022,2022-10,7,35,10895.75,10917.75,10851.75,22.0,44.0,target,14,0.3805309734513274,2.5565610859728505,0.5180722891566265,0.012048192771084338,-241.25,-32.03166984012205
2022-10-14T14:52:00.000000,2022-10-14T14:53:00.000000,2022,2022-10,14,53,10745.75,10751.0,10735.25,5.25,-5.25,stop,5,0.7857142857142857,1.5384615384615385,0.5714285714285714,0.07142857142857142,-397.0,-208.70463719856707
2022-10-19T05:15:00.000000,2022-10-19T05:16:00.000000,2022,2022-10,5,16,11176.5,11182.0,11165.5,5.5,11.0,target,1,0.34328358208955223,1.843191196698762,0.6862745098039216,0.0392156862745098,-255.25,-86.81302706455062
2022-10-19T18:44:00.000000,2022-10-19T18:45:00.000000,2022,2022-10,18,45,11050.25,11056.0,11038.75,5.75,-5.75,stop,2,0.4358974358974359,2.635135135135135,0.5384615384615384,0.11538461538461539,-332.75,-30.647333956969305
2022-10-26T16:56:00.000000,2022-10-26T16:57:00.000000,2022,2022-10,16,57,11461.0,11464.0,11455.0,3.0,-3.0,stop,3,0.3333333333333333,2.34375,0.7407407407407407,0.1111111111111111,-273.0,-73.35459562350843
2022-10-27T06:18:00.000000,2022-10-27T06:19:00.000000,2022,2022-10,6,19,11373.75,11391.25,11338.75,17.5,-17.5,stop,5,0.5847457627118644,2.895705521472393,0.5735294117647058,0.0,-331.25,-71.77757733768703
2022-10-27T10:01:00.000000,2022-10-27T10:02:00.000000,2022,2022-10,10,2,11307.0,11313.5,11294.0,6.5,-6.5,stop,3,0.5128205128205128,1.6,0.5,0.043478260869565216,-397.25,-83.2562442188264
2022-10-28T01:03:00.000000,2022-10-28T01:04:00.000000,2022,2022-10,1,4,11103.25,11114.25,11081.25,11.0,-11.0,stop,2,0.3541666666666667,1.5118110236220472,0.6842105263157895,0.03508771929824561,-435.75,-36.188862240174785
2022-11-01T10:25:00.000000,2022-11-01T10:26:00.000000,2022,2022-11,10,26,11359.0,11368.25,11340.5,9.25,18.5,target,4,0.39166666666666666,2.129547471162378,0.6290322580645161,0.06451612903225806,-228.0,-101.64905604936394
2022-11-01T16:50:00.000000,2022-11-01T16:51:00.000000,2022,2022-11,16,51,11341.0,11344.5,11334.0,3.5,-3.5,stop,10,0.42105263157894735,1.9791666666666667,0.7222222222222222,0.0,-246.25,-82.4005531746916
2022-11-02T06:17:00.000000,2022-11-02T06:18:00.000000,2022,2022-11,6,18,11311.25,11326.75,11280.25,15.5,-15.5,stop,4,0.36538461538461536,3.4782608695652177,0.4666666666666667,0.06666666666666667,-308.25,-44.26655099326672
2022-11-02T07:34:00.000000,2022-11-02T07:35:00.000000,2022,2022-11,7,35,11287.75,11303.25,11256.75,15.5,-15.5,stop,2,0.5070422535211268,2.088235294117647,0.62,0.0,-331.25,-53.53343166391096
2022-11-02T16:50:00.000000,2022-11-02T16:51:00.000000,2022,2022-11,16,51,10928.5,10934.0,10917.5,5.5,11.0,target,11,0.5714285714285714,1.5671641791044775,0.5555555555555556,0.0,-690.0,-304.6210050991922
2022-11-03T05:12:00.000000,2022-11-03T05:13:00.000000,2022,2022-11,5,13,10854.0,10859.0,10844.0,5.0,10.0,target,2,0.45454545454545453,2.2448979591836733,0.7333333333333333,0.06666666666666667,-605.25,-75.84898969116875
2022-11-03T06:02:00.000000,2022-11-03T06:03:00.000000,2022,2022-11,6,3,10841.25,10846.25,10831.25,5.0,10.0,target,1,0.3541666666666667,1.7744916820702403,0.7419354838709677,0.08064516129032258,-618.5,-76.46199189660729
2022-11-09T09:36:00.000000,2022-11-09T09:37:00.000000,2022,2022-11,9,37,10966.25,10980.25,10938.25,14.0,-14.0,stop,2,0.34951456310679613,1.5442278860569714,0.49056603773584906,0.05660377358490566,-265.5,-72.97770916979425
2022-11-09T12:04:00.000000,2022-11-09T12:05:00.000000,2022,2022-11,12,5,10945.5,10961.0,10914.5,15.5,31.0,target,24,0.5178571428571429,2.4972129319955405,0.7,0.06666666666666667,-286.25,-72.62523897407846
2022-11-13T23:58:00.000000,2022-11-13T23:59:00.000000,2022,2022-11,23,59,11761.75,11767.25,11750.75,5.5,-5.5,stop,2,0.37037037037037035,2.109375,0.5625,0.0,-115.5,-32.9861233311658
2022-11-14T08:38:00.000000,2022-11-14T08:39:00.000000,2022,2022-11,8,39,11744.25,11773.5,11685.75,29.25,-29.25,stop,2,0.3879310344827586,2.3269809428284853,0.53125,0.03125,-132.25,-32.930372529608576
2022-11-14T15:52:00.000000,2022-11-14T15:53:00.000000,2022,2022-11,15,53,11762.5,11766.25,11755.0,3.75,-3.75,stop,5,0.5555555555555556,1.6363636363636365,0.5,0.07142857142857142,-114.75,-32.88432256656961
2022-11-15T17:02:00.000000,2022-11-15T17:03:00.000000,2022,2022-11,17,3,11861.75,11874.0,11837.25,12.25,-12.25,stop,8,0.5882352941176471,1.784776902887139,0.5714285714285714,0.023809523809523808,-257.0,-84.30472273056148
2022-11-16T08:34:00.000000,2022-11-16T08:35:00.000000,2022,2022-11,8,35,11831.75,11838.25,11818.75,6.5,13.0,target,1,0.6153846153846154,1.7449664429530203,0.59375,0.09375,-287.5,-47.40999623421885
2022-11-16T09:46:00.000000,2022-11-16T09:47:00.000000,2022,2022-11,9,47,11740.75,11758.0,11706.25,17.25,-17.25,stop,34,0.6770833333333334,1.8130311614730876,0.5538461538461539,0.09230769230769231,-377.5,-89.15874461308522
2022-11-17T05:24:00.000000,2022-11-17T05:25:00.000000,2022,2022-11,5,25,11666.75,11670.5,11659.25,3.75,7.5,target,4,0.38461538461538464,1.6016427104722792,0.7241379310344828,0.0,-297.0,-87.31427854152571
2022-11-18T11:54:00.000000,2022-11-18T11:55:00.000000,2022,2022-11,11,55,11621.75,11627.0,11611.25,5.25,-5.25,stop,2,0.3142857142857143,2.1505376344086025,0.6756756756756757,0.0,-205.5,-100.49450999545115
2022-11-21T01:47:00.000000,2022-11-21T01:48:00.000000,2022,2022-11,1,48,11650.25,11658.75,11633.25,8.5,-8.5,stop,17,0.3611111111111111,2.857142857142857,0.6153846153846154,0.11538461538461539,-192.0,-25.61458333333394
2022-11-21T04:30:00.000000,2022-11-21T04:31:00.000000,2022,2022-11,4,31,11618.0,11622.75,11608.5,4.75,-4.75,stop,17,0.43333333333333335,1.6806722689075628,0.4666666666666667,0.0,-224.75,-43.970951490598964
2022-11-25T07:32:00.000000,2022-11-25T07:33:00.000000,2022,2022-11,7,33,11833.0,11836.25,11826.5,3.25,6.5,target,3,0.5609756097560976,2.0603015075376887,0.5833333333333334,0.08333333333333333,-100.0,-43.10819814293791
2022-11-25T10:26:00.000000,2022-11-25T10:27:00.000000,2022,2022-11,10,27,11794.75,11803.25,11777.75,8.5,17.0,target,6,0.5142857142857142,1.6129032258064517,0.5517241379310345,0.034482758620689655,-138.75,-33.41623137463648
2022-11-28T17:01:00.000000,2022-11-28T17:02:00.000000,2022,2022-11,17,2,11623.0,11627.25,11614.5,4.25,8.5,target,59,0.5,4.822695035460993,0.6666666666666666,0.1111111111111111,-164.25,-55.58603720560495
2022-11-29T17:01:00.000000,2022-11-29T17:02:00.000000,2022,2022-11,17,2,11517.75,11522.5,11508.25,4.75,9.5,target,16,0.96,4.032258064516129,0.6923076923076923,0.0,-187.25,-42.92498877397156
2022-12-05T10:22:00.000000,2022-12-05T10:23:00.000000,2022,2022-12,10,23,11894.0,11906.25,11869.5,12.25,24.5,target,10,0.373134328358209,1.9088319088319088,0.525,0.0,-173.5,-40.244060170680314
2022-12-05T17:58:00.000000,2022-12-05T17:59:00.000000,2022,2022-12,17,59,11822.0,11824.75,11816.5,2.75,-2.75,stop,2,0.46153846153846156,1.7808219178082192,0.6666666666666666,0.0,-194.0,-48.7817321559196
2022-12-06T10:57:00.000000,2022-12-06T10:58:00.000000,2022,2022-12,10,58,11632.0,11637.75,11620.5,5.75,11.5,target,2,0.6956521739130435,1.751269035532995,0.6666666666666666,0.10526315789473684,-383.75,-69.72323179177874
2022-12-07T05:46:00.000000,2022-12-07T05:47:00.000000,2022,2022-12,5,47,11486.75,11498.5,11463.25,11.75,-11.75,stop,14,0.5869565217391305,2.0399113082039912,0.75,0.09090909090909091,-359.75,-70.37625672670947
2022-12-11T21:27:00.000000,2022-12-11T21:28:00.000000,2022,2022-12,21,28,11545.25,11549.0,11537.75,3.75,-3.75,stop,3,0.6363636363636364,1.5827338129496402,0.6,0.0,-271.25,-64.13206781279769
2022-12-15T06:20:00.000000,2022-12-15T06:21:00.000000,2022,2022-12,6,21,11723.5,11730.25,11710.0,6.75,-6.75,stop,8,0.3939393939393939,1.6097560975609757,0.7368421052631579,0.0,-346.0,-45.984582317651075
2022-12-19T08:41:00.000000,2022-12-19T08:42:00.000000,2022,2022-12,8,42,11307.0,11330.25,11260.5,23.25,46.5,target,10,0.41333333333333333,1.5212981744421907,0.5058823529411764,0.011764705882352941,-184.25,-49.04431100575857
2022-12-19T09:51:00.000000,2022-12-19T09:52:00.000000,2022,2022-12,9,52,11259.25,11270.25,11237.25,11.0,22.0,target,8,0.8070175438596491,1.5384615384615385,0.5405405405405406,0.05405405405405406,-232.0,-52.697129776963266
2022-12-22T07:14:00.000000,2022-12-22T07:15:00.000000,2022,2022-12,7,15,11285.5,11293.5,11269.5,8.0,-8.0,stop,4,0.3333333333333333,1.7647058823529411,0.7,0.1,-104.0,-53.41883720930309
2022-12-22T08:34:00.000000,2022-12-22T08:35:00.000000,2022,2022-12,8,35,11142.5,11159.25,11109.0,16.75,33.5,target,6,0.5753424657534246,2.0946915351506457,0.6885245901639344,0.03278688524590164,-247.25,-123.12341173403729
2022-12-22T10:12:00.000000,2022-12-22T10:13:00.000000,2022,2022-12,10,13,11002.0,11009.0,10988.0,7.0,-7.0,stop,4,0.35802469135802467,1.992619926199262,0.5,0.0,-387.5,-134.46666760180415
2023-01-05T11:59:00.000000,2023-01-05T12:00:00.000000,2023,2023-01,12,0,10835.75,10844.25,10818.75,8.5,-8.5,stop,7,0.3333333333333333,1.6363636363636365,0.5714285714285714,0.03571428571428571,-233.0,-54.10289396699227
2023-01-09T17:46:00.000000,2023-01-09T17:47:00.000000,2023,2023-01,17,47,11177.5,11179.75,11173.0,2.25,4.5,target,7,0.4666666666666667,2.3076923076923075,0.5,0.0,-208.5,-90.68718147895925
2023-01-13T05:34:00.000000,2023-01-13T05:35:00.000000,2023,2023-01,5,35,11478.5,11486.0,11463.5,7.5,-7.5,stop,12,0.696969696969697,1.7886178861788617,0.6296296296296297,0.037037037037037035,-102.25,-28.635043090209365
2023-01-13T05:49:00.000000,2023-01-13T05:50:00.000000,2023,2023-01,5,50,11469.5,11476.75,11455.0,7.25,-7.25,stop,2,0.5,1.5862068965517242,0.5652173913043478,0.043478260869565216,-110.5,-34.82075971731501
2023-01-13T07:31:00.000000,2023-01-13T07:32:00.000000,2023,2023-01,7,32,11395.75,11408.0,11371.25,12.25,-12.25,stop,4,0.48,1.7605633802816902,0.7297297297297297,0.0,-184.5,-84.21319756253979
2023-01-19T06:23:00.000000,2023-01-19T06:24:00.000000,2023,2023-01,6,24,11376.75,11385.0,11360.25,8.25,-8.25,stop,4,0.4117647058823529,1.6585365853658536,0.7,0.06666666666666667,-383.5,-58.32190171637376
2023-01-24T06:13:00.000000,2023-01-24T06:14:00.000000,2023,2023-01,6,14,11881.75,11886.0,11873.25,4.25,-4.25,stop,3,0.375,1.696113074204947,0.7333333333333333,0.06666666666666667,-101.75,-30.603227821740802
2023-01-24T07:31:00.000000,2023-01-24T07:32:00.000000,2023,2023-01,7,32,11879.25,11887.5,11862.75,8.25,16.5,target,8,0.4666666666666667,1.7595307917888563,0.56,0.0,-103.75,-27.4978264258134
2023-01-24T08:26:00.000000,2023-01-24T08:27:00.000000,2023,2023-01,8,27,11853.25,11862.0,11835.75,8.75,-8.75,stop,3,0.4838709677419355,1.5656565656565655,0.7333333333333333,0.06666666666666667,-130.25,-37.26028287835106
2023-01-30T06:30:00.000000,2023-01-30T06:31:00.000000,2023,2023-01,6,31,12079.0,12083.5,12070.0,4.5,9.0,target,3,0.42857142857142855,1.6867469879518073,0.5454545454545454,0.09090909090909091,-229.0,-38.92554251850015
2023-01-30T13:38:00.000000,2023-01-30T13:39:00.000000,2023,2023-01,13,39,12009.25,12017.0,11993.75,7.75,15.5,target,2,0.3469387755102041,1.5654952076677315,0.5106382978723404,0.0425531914893617,-298.75,-54.71284410089538
2023-01-30T14:51:00.000000,2023-01-30T14:52:00.000000,2023,2023-01,14,52,11987.0,12003.75,11953.5,16.75,-5.75,time,90,0.44329896907216493,2.8362573099415203,0.578125,0.109375,-321.0,-66.27599970047777
2023-01-31T00:01:00.000000,2023-01-31T00:02:00.000000,2023,2023-01,0,2,11933.0,11936.5,11926.0,3.5,7.0,target,7,0.5,1.5126050420168067,0.7222222222222222,0.05555555555555555,-318.5,-27.864635577847366
2023-01-31T04:00:00.000000,2023-01-31T04:01:00.000000,2023,2023-01,4,1,11912.25,11920.25,11896.25,8.0,16.0,target,27,0.4444444444444444,1.607142857142857,0.6296296296296297,0.1111111111111111,-339.75,-36.68888843009336
2023-01-31T04:14:00.000000,2023-01-31T04:15:00.000000,2023,2023-01,4,15,11908.0,11914.75,11894.5,6.75,-6.75,stop,4,0.3793103448275862,1.6022099447513811,0.75,0.0625,-344.25,-39.89533760260565
2023-02-03T13:57:00.000000,2023-02-03T13:58:00.000000,2023,2023-02,13,58,12612.5,12628.0,12581.5,15.5,31.0,target,6,0.48936170212765956,1.6921692169216922,0.5081967213114754,0.09836065573770492,-337.5,-96.2487775452446
2023-02-08T09:01:00.000000,2023-02-08T09:02:00.000000,2023,2023-02,9,2,12668.25,12686.0,12632.75,17.75,-17.75,stop,2,0.3581081081081081,1.944809461235217,0.5571428571428572,0.08571428571428572,-150.5,-65.55288254696643
2023-02-10T07:31:00.000000,2023-02-10T07:32:00.000000,2023,2023-02,7,32,12325.25,12334.0,12307.75,8.75,-8.75,stop,2,0.8235294117647058,1.5632183908045978,0.68,0.0,-402.75,-31.791222743238905
2023-02-14T10:54:00.000000,2023-02-14T10:55:00.000000,2023,2023-02,10,55,12446.25,12455.0,12428.75,8.75,-8.75,stop,2,0.3904761904761905,1.6867469879518073,0.6526315789473685,0.09473684210526316,-120.0,-81.36274385170145
2023-02-16T07:18:00.000000,2023-02-16T07:19:00.000000,2023,2023-02,7,19,12664.75,12670.5,12653.25,5.75,-5.75,stop,11,0.36363636363636365,1.76,0.47058823529411764,0.058823529411764705,-92.0,-76.4218931590076
2023-02-16T23:21:00.000000,2023-02-16T23:22:00.000000,2023,2023-02,23,22,12397.5,12403.0,12386.5,5.5,-5.5,stop,35,0.37037037037037035,2.7835051546391756,0.5714285714285714,0.0,-395.25,-25.822511602757004
2023-02-21T10:15:00.000000,2023-02-21T10:16:00.000000,2023,2023-02,10,16,12172.0,12189.5,12137.0,17.5,18.5,time,90,0.30357142857142855,1.763779527559055,0.6307692307692307,0.046153846153846156,-245.75,-73.37688186045852
2023-02-21T14:51:00.000000,2023-02-21T14:52:00.000000,2023,2023-02,14,52,12105.25,12116.0,12083.75,10.75,-10.75,stop,13,0.3364485981308411,3.018335684062059,0.4722222222222222,0.027777777777777776,-312.5,-97.27031513083602
2023-02-21T17:03:00.000000,2023-02-21T17:04:00.000000,2023,2023-02,17,4,12111.5,12115.25,12104.0,3.75,7.5,target,10,0.6666666666666666,2.1538461538461537,0.6538461538461539,0.11538461538461539,-268.75,-84.58373385273626
2023-02-24T03:46:00.000000,2023-02-24T03:47:00.000000,2023,2023-02,3,47,12125.25,12132.5,12110.75,7.25,-7.25,stop,22,0.7619047619047619,1.6342412451361867,0.7142857142857143,0.09523809523809523,-135.25,-41.830684676659075
2023-02-24T05:50:00.000000,2023-02-24T05:51:00.000000,2023,2023-02,5,51,12088.5,12092.0,12081.5,3.5,-3.5,stop,4,0.6785714285714286,1.5094339622641508,0.5384615384615384,0.0,-172.5,-62.86092381911112
2023-02-24T06:23:00.000000,2023-02-24T06:24:00.000000,2023,2023-02,6,24,12100.0,12104.5,12091.0,4.5,-4.5,stop,4,0.30303030303030304,1.9819819819819822,0.6363636363636364,0.045454545454545456,-160.25,-45.62346699738191
2023-03-01T14:01:00.000000,2023-03-01T14:02:00.000000,2023,2023-03,14,2,11961.0,11966.0,11951.0,5.0,10.0,target,1,0.34210526315789475,1.532258064516129,0.625,0.03125,-211.5,-46.89995239534619
2023-03-01T23:51:00.000000,2023-03-01T23:52:00.000000,2023,2023-03,23,52,11882.5,11885.75,11876.0,3.25,-3.25,stop,4,0.3333333333333333,1.5228426395939088,0.7142857142857143,0.0,-259.75,-28.14479183503863
2023-03-02T01:58:00.000000,2023-03-02T01:59:00.000000,2023,2023-03,1,59,11863.25,11870.0,11849.75,6.75,13.5,target,4,0.3125,1.6040100250626568,0.7272727272727273,0.0,-278.0,-37.55409844613678
2023-03-07T12:31:00.000000,2023-03-07T12:32:00.000000,2023,2023-03,12,32,12240.5,12246.25,12229.0,5.75,11.5,target,3,0.6086956521739131,1.5206611570247934,0.5,0.0,-245.75,-33.74672027210181
2023-03-10T00:53:00.000000,2023-03-10T00:54:00.000000,2023,2023-03,0,54,11929.75,11942.0,11905.25,12.25,-12.25,stop,2,0.5517241379310345,1.7901234567901236,0.7142857142857143,0.0,-423.75,-34.05503441592373
2023-03-13T03:40:00.000000,2023-03-13T03:41:00.000000,2023,2023-03,3,41,11906.0,11925.5,11867.0,19.5,-19.5,stop,4,0.328125,1.8443804034582132,0.6987951807228916,0.07228915662650602,-240.75,-99.98817264171339
2023-03-15T03:46:00.000000,2023-03-15T03:47:00.000000,2023,2023-03,3,47,12254.25,12270.0,12222.75,15.75,-15.75,stop,2,0.4642857142857143,1.5491009681881052,0.6935483870967742,0.11290322580645161,-102.25,-76.4551982349949
2023-03-15T05:00:00.000000,2023-03-15T05:01:00.000000,2023,2023-03,5,1,12146.5,12161.5,12116.5,15.0,-15.0,stop,2,0.4846153846153846,1.7173051519154556,0.5,0.10465116279069768,-210.25,-130.6668522343698
2023-03-17T13:51:00.000000,2023-03-17T13:52:00.000000,2023,2023-03,13,52,12639.75,12653.5,12612.25,13.75,-13.75,stop,3,0.379746835443038,1.6916488222698072,0.7058823529411765,0.11764705882352941,-95.75,-32.30308986584896
2023-03-20T00:51:00.000000,2023-03-20T00:52:00.000000,2023,2023-03,0,52,12536.5,12547.5,12514.5,11.0,-11.0,stop,2,0.5416666666666666,1.565217391304348,0.5625,0.0,-213.5,-118.32058440633773
2023-03-24T06:33:00.000000,2023-03-24T06:34:00.000000,2023,2023-03,6,34,12775.75,12784.0,12759.25,8.25,-8.25,stop,3,0.5,1.7006802721088436,0.5384615384615384,0.07692307692307693,-255.0,-55.17210444466218
2023-03-27T11:03:00.000000,2023-03-27T11:04:00.000000,2023,2023-03,11,4,12798.0,12805.5,12783.0,7.5,-7.5,stop,5,0.5694444444444444,2.315112540192926,0.6875,0.0625,-144.75,-82.50325828984933
2023-03-28T08:32:00.000000,2023-03-28T08:33:00.000000,2023,2023-03,8,33,12676.0,12689.25,12649.5,13.25,-13.25,stop,34,0.5606060606060606,1.7391304347826086,0.6938775510204082,0.08163265306122448,-308.5,-64.21708726474026
2023-04-18T17:16:00.000000,2023-04-18T17:17:00.000000,2023,2023-04,17,17,13179.5,13182.0,13174.5,2.5,5.0,target,10,0.625,1.7582417582417582,0.75,0.0,-119.75,-25.361234753250756
2023-04-18T17:33:00.000000,2023-04-18T17:34:00.000000,2023,2023-04,17,34,13174.5,13177.5,13168.5,3.0,-3.0,stop,7,0.5,1.5384615384615383,0.6,0.0,-124.5,-30.087752813144107
2023-04-18T17:36:00.000000,2023-04-18T17:37:00.000000,2023,2023-04,17,37,13176.0,13179.0,13170.0,3.0,-3.0,stop,26,0.4,1.7094017094017095,0.6,0.0,-123.0,-28.582392564921975
2023-04-19T01:43:00.000000,2023-04-19T01:44:00.000000,2023,2023-04,1,44,13113.0,13120.75,13097.5,7.75,-7.75,stop,5,0.8695652173913043,1.9008264462809918,0.5909090909090909,0.0,-185.5,-36.115795935798815
2023-04-19T03:05:00.000000,2023-04-19T03:06:00.000000,2023,2023-04,3,6,13105.75,13109.5,13098.25,3.75,7.5,target,1,0.3888888888888889,3.375,0.5454545454545454,0.09090909090909091,-192.75,-32.413891878961294
2023-04-19T07:08:00.000000,2023-04-19T07:09:00.000000,2023,2023-04,7,9,13085.5,13091.5,13073.5,6.0,-6.0,stop,22,0.5714285714285714,2.2801302931596092,0.625,0.0625,-213.25,-25.977331134998167
2023-04-20T06:02:00.000000,2023-04-20T06:03:00.000000,2023,2023-04,6,3,13046.5,13049.75,13040.0,3.25,6.5,target,7,0.6451612903225806,2.5306122448979593,0.7368421052631579,0.05263157894736842,-180.0,-36.83179698269669
2023-04-21T04:37:00.000000,2023-04-21T04:38:00.000000,2023,2023-04,4,38,13030.0,13037.0,13016.0,7.0,14.0,target,13,0.3448275862068966,1.5718157181571817,0.5,0.1,-169.5,-42.0822242531558
2023-04-25T13:56:00.000000,2023-04-25T13:57:00.000000,2023,2023-04,13,57,12817.5,12824.5,12803.5,7.0,14.0,target,4,0.3559322033898305,1.586021505376344,0.75,0.0,-316.5,-110.82585499406014
2023-05-02T09:34:00.000000,2023-05-02T09:35:00.000000,2023,2023-05,9,35,13132.0,13142.0,13112.0,10.0,-10.0,stop,2,0.7228915662650602,1.8693693693693694,0.75,0.09375,-238.75,-94.6492116769914
2023-05-02T17:42:00.000000,2023-05-02T17:43:00.000000,2023,2023-05,17,43,13176.0,13179.25,13169.5,3.25,-3.25,stop,7,0.375,1.5841584158415842,0.5555555555555556,0.0,-158.5,-27.354902350012708
2023-05-04T08:18:00.000000,2023-05-04T08:19:00.000000,2023,2023-05,8,19,13036.5,13053.0,13003.5,16.5,33.0,target,12,0.46,1.966568338249754,0.5206611570247934,0.04132231404958678,-277.25,-43.8674213361719
2023-05-10T01:40:00.000000,2023-05-10T01:41:00.000000,2023,2023-05,1,41,13242.5,13251.5,13224.5,9.0,18.0,target,18,0.46511627906976744,2.6219512195121952,0.7096774193548387,0.06451612903225806,-104.75,-30.18916143882234
2023-05-23T07:14:00.000000,2023-05-23T07:15:00.000000,2023,2023-05,7,15,13840.25,13844.75,13831.25,4.5,9.0,target,7,0.4791666666666667,2.1238938053097343,0.5714285714285714,0.047619047619047616,-106.0,-57.28357932820836
2023-05-23T12:13:00.000000,2023-05-23T12:14:00.000000,2023,2023-05,12,14,13770.25,13778.25,13754.25,8.0,16.0,target,5,0.32075471698113206,1.8894830659536541,0.4583333333333333,0.0,-176.5,-77.1828300151119
2023-05-23T17:14:00.000000,2023-05-23T17:15:00.000000,2023,2023-05,17,15,13745.0,13748.0,13739.0,3.0,-3.0,stop,38,0.8,1.9607843137254903,0.6,0.0,-234.5,-72.25509077908282
2023-05-23T17:47:00.000000,2023-05-23T17:48:00.000000,2023,2023-05,17,48,13745.75,13749.5,13738.25,3.75,-3.75,stop,12,0.3333333333333333,1.6513761467889907,0.6666666666666666,0.0,-233.25,-70.88859092066014
2023-05-24T04:19:00.000000,2023-05-24T04:20:00.000000,2023,2023-05,4,20,13692.0,13697.25,13681.5,5.25,10.5,target,16,0.8,1.580135440180587,0.4666666666666667,0.06666666666666667,-287.5,-29.05496387389212
2023-05-30T23:32:00.000000,2023-05-30T23:33:00.000000,2023,2023-05,23,33,14349.5,14355.25,14338.0,5.75,-5.75,stop,9,0.5909090909090909,1.647940074906367,0.75,0.08333333333333333,-221.0,-38.8552279399064
2023-05-31T10:29:00.000000,2023-05-31T10:30:00.000000,2023,2023-05,10,30,14265.0,14275.25,14244.5,10.25,-10.25,stop,4,0.3088235294117647,2.2780569514237854,0.6666666666666666,0.05555555555555555,-305.25,-68.47636167580822
2023-05-31T14:41:00.000000,2023-05-31T14:42:00.000000,2023,2023-05,14,42,14296.25,14299.0,14290.75,2.75,5.5,target,4,0.375,1.6080402010050252,0.6666666666666666,0.0,-273.75,-30.68619593281619
2023-05-31T17:28:00.000000,2023-05-31T17:29:00.000000,2023,2023-05,17,29,14297.5,14300.0,14292.5,2.5,-2.5,stop,10,0.7692307692307693,1.9696969696969697,0.5,0.0,-131.5,-29.146642287785653
2023-06-07T09:19:00.000000,2023-06-07T09:20:00.000000,2023,2023-06,9,20,14472.5,14484.5,14448.5,12.0,-12.0,stop,2,0.589041095890411,1.6609783845278725,0.6610169491525424,0.1016949152542373,-151.5,-102.44628636552079
2023-06-11T19:56:00.000000,2023-06-11T19:57:00.000000,2023,2023-06,19,57,14591.0,14596.0,14581.0,5.0,-5.0,stop,4,0.3333333333333333,2.4324324324324325,0.6,0.0,-186.25,-70.6012510310702
2023-06-11T20:21:00.000000,2023-06-11T20:22:00.000000,2023,2023-06,20,22,14598.25,14601.25,14592.25,3.0,-3.0,stop,2,0.5,1.9277108433734937,0.625,0.0,-178.5,-60.107791225416804
2023-06-16T14:00:00.000000,2023-06-16T14:01:00.000000,2023,2023-06,14,1,15291.25,15298.75,15276.25,7.5,-7.5,stop,2,0.7402597402597403,1.726457399103139,0.7411764705882353,0.011764705882352941,-150.25,-75.92692101473949
2023-06-26T13:46:00.000000,2023-06-26T13:47:00.000000,2023,2023-06,13,47,14888.0,14900.5,14863.0,12.5,25.0,target,11,0.48936170212765956,1.504,0.7142857142857143,0.0,-211.75,-116.77758915541017
2023-07-06T00:42:00.000000,2023-07-06T00:43:00.000000,2023,2023-07,0,43,15283.75,15289.5,15272.25,5.75,-5.75,stop,3,0.8888888888888888,1.7307692307692306,0.6666666666666666,0.0,-148.25,-29.310052948963857
2023-07-19T16:01:00.000000,2023-07-19T16:02:00.000000,2023,2023-07,16,2,15925.0,15927.75,15919.5,2.75,5.5,target,1,0.8611111111111112,3.333333333333333,0.55,0.1,-105.75,-64.89126588404724
2023-07-26T13:11:00.000000,2023-07-26T13:12:00.000000,2023,2023-07,13,12,15565.75,15573.75,15549.75,8.0,16.0,target,2,0.43609022556390975,1.720569210866753,0.5714285714285714,0.07936507936507936,-173.0,-32.525043765805094
2023-07-30T21:05:00.000000,2023-07-30T21:06:00.000000,2023,2023-07,21,6,15808.5,15813.75,15798.0,5.25,-5.25,stop,5,0.5161290322580645,1.9745222929936306,0.6944444444444444,0.0,-108.0,-32.3147813583073
2023-07-30T22:28:00.000000,2023-07-30T22:29:00.000000,2023,2023-07,22,29,15805.0,15810.5,15794.0,5.5,-5.5,stop,45,0.5714285714285714,1.8750000000000002,0.6875,0.0,-112.5,-30.28598059473552
2023-07-30T22:31:00.000000,2023-07-30T22:32:00.000000,2023,2023-07,22,32,15801.0,15805.25,15792.5,4.25,-4.25,stop,16,0.3157894736842105,1.6033755274261603,0.625,0.0,-115.75,-33.35167927112525
2023-08-01T07:33:00.000000,2023-08-01T07:34:00.000000,2023,2023-08,7,34,15767.5,15796.25,15710.0,28.75,-28.75,stop,4,0.6333333333333333,2.0654044750430294,0.4794520547945205,0.0,-138.0,-41.09871949139779
2023-08-08T07:33:00.000000,2023-08-08T07:34:00.000000,2023,2023-08,7,34,15356.75,15370.25,15329.75,13.5,-13.5,stop,2,0.576271186440678,1.9865319865319866,0.45652173913043476,0.021739130434782608,-140.75,-39.33888235336235
2023-08-08T07:36:00.000000,2023-08-08T07:37:00.000000,2023,2023-08,7,37,15359.25,15375.75,15326.25,16.5,33.0,target,8,0.3333333333333333,1.8565400843881859,0.5079365079365079,0.09523809523809523,-138.25,-35.08144961477046
2023-08-10T09:43:00.000000,2023-08-10T09:44:00.000000,2023,2023-08,9,44,15284.5,15305.5,15242.5,21.0,42.0,target,5,0.5232558139534884,1.6059757236227825,0.6419753086419753,0.037037037037037035,-148.5,-47.017655438592556
2023-08-10T17:05:00.000000,2023-08-10T17:06:00.000000,2023,2023-08,17,6,15231.5,15234.0,15226.5,2.5,5.0,target,4,1.0,2.173913043478261,0.6666666666666666,0.0,-211.0,-50.41116078304549
2023-08-10T21:43:00.000000,2023-08-10T21:44:00.000000,2023,2023-08,21,44,15206.75,15212.0,15196.25,5.25,-5.25,stop,10,0.4583333333333333,1.5946843853820598,0.6363636363636364,0.09090909090909091,-235.5,-34.80635529656138
2023-08-11T02:12:00.000000,2023-08-11T02:13:00.000000,2023,2023-08,2,13,15193.5,15202.0,15176.5,8.5,17.0,target,18,0.42424242424242425,1.5492957746478873,0.5357142857142857,0.03571428571428571,-249.0,-34.13479535662918
2023-08-11T03:36:00.000000,2023-08-11T03:37:00.000000,2023,2023-08,3,37,15185.25,15188.5,15178.75,3.25,-3.25,stop,3,0.7619047619047619,1.5053763440860215,0.7058823529411765,0.0,-257.0,-29.70759885876214
2023-08-11T04:41:00.000000,2023-08-11T04:42:00.000000,2023,2023-08,4,42,15179.25,15186.0,15165.75,6.75,13.5,target,11,0.3055555555555556,2.0809248554913293,0.7142857142857143,0.09523809523809523,-263.0,-28.143954228367875
2023-08-11T06:32:00.000000,2023-08-11T06:33:00.000000,2023,2023-08,6,33,15133.0,15150.0,15099.0,17.0,34.0,target,16,0.6111111111111112,3.2481203007518795,0.5517241379310345,0.017241379310344827,-308.5,-64.07316711965905
2023-08-16T17:40:00.000000,2023-08-16T17:41:00.000000,2023,2023-08,17,41,14929.75,14934.5,14920.25,4.75,9.5,target,23,0.875,1.807909604519774,0.7,0.0,-236.0,-123.33224911837533
2023-08-17T16:06:00.000000,2023-08-17T16:07:00.000000,2023,2023-08,16,7,14749.5,14758.0,14732.5,8.5,17.0,target,5,0.34210526315789475,2.065217391304348,0.5,0.07142857142857142,-416.5,-139.10338052016414
2023-08-17T17:35:00.000000,2023-08-17T17:36:00.000000,2023,2023-08,17,36,14763.0,14765.5,14758.0,2.5,5.0,target,12,0.38461538461538464,1.5294117647058822,0.45454545454545453,0.09090909090909091,-256.0,-124.84359608640261
2023-08-18T06:02:00.000000,2023-08-18T06:03:00.000000,2023,2023-08,6,3,14664.5,14669.5,14654.5,5.0,-5.0,stop,2,0.3783783783783784,1.716937354988399,0.7105263157894737,0.0,-353.5,-67.05020190337018
2023-08-18T07:06:00.000000,2023-08-18T07:07:00.000000,2023,2023-08,7,7,14652.75,14662.75,14632.75,10.0,20.0,target,21,0.37209302325581395,1.7551020408163265,0.5609756097560976,0.024390243902439025,-365.5,-59.174802947423814
2023-08-23T05:02:00.000000,2023-08-23T05:03:00.000000,2023,2023-08,5,3,15008.25,15016.25,14992.25,8.0,16.0,target,3,0.41304347826086957,2.3,0.5833333333333334,0.08333333333333333,-109.5,-25.295758069292788
2023-08-24T12:56:00.000000,2023-08-24T12:57:00.000000,2023,2023-08,12,57,14954.0,14966.0,14930.0,12.0,-12.0,stop,2,0.5555555555555556,1.6492146596858637,0.6818181818181818,0.09090909090909091,-402.75,-183.4900972617179
2023-08-24T13:11:00.000000,2023-08-24T13:12:00.000000,2023,2023-08,13,12,14947.0,14952.0,14937.0,5.0,10.0,target,3,0.6507936507936508,1.519903498190591,0.6885245901639344,0.09836065573770492,-410.0,-186.89669408756163
2023-09-01T00:36:00.000000,2023-09-01T00:37:00.000000,2023,2023-09,0,37,15515.75,15519.75,15507.75,4.0,8.0,target,10,0.42105263157894735,1.5447154471544715,0.5555555555555556,0.0,-91.25,-27.262250014244273
2023-09-01T12:23:00.000000,2023-09-01T12:24:00.000000,2023,2023-09,12,24,15484.0,15490.75,15470.5,6.75,13.5,target,3,0.47058823529411764,1.5349887133182845,0.47619047619047616,0.09523809523809523,-122.75,-58.54802680565808
2023-09-01T12:33:00.000000,2023-09-01T12:34:00.000000,2023,2023-09,12,34,15469.0,15472.5,15462.0,3.5,7.0,target,4,0.5714285714285714,1.5469613259668509,0.65,0.1,-137.5,-72.06183263230196
2023-09-07T00:01:00.000000,2023-09-07T00:02:00.000000,2023,2023-09,0,2,15342.75,15346.75,15334.75,4.0,8.0,target,2,0.375,1.6,0.5,0.0,-190.25,-29.084893339137125
2023-09-07T01:02:00.000000,2023-09-07T01:03:00.000000,2023,2023-09,1,3,15327.5,15336.25,15310.0,8.75,-8.75,stop,2,0.5666666666666667,2.1201413427561837,0.45454545454545453,0.045454545454545456,-205.5,-36.33639429001778
2023-09-11T04:31:00.000000,2023-09-11T04:32:00.000000,2023,2023-09,4,32,15579.5,15581.5,15575.5,2.0,4.0,target,3,0.5714285714285714,1.6091954022988504,0.6666666666666666,0.06666666666666667,-134.0,-118.1711680967237
2023-09-12T09:58:00.000000,2023-09-12T09:59:00.000000,2023,2023-09,9,59,15558.0,15564.75,15544.5,6.75,-6.75,stop,3,0.38181818181818183,2.1194605009633913,0.631578947368421,0.05263157894736842,-137.75,-44.68836207447566
2023-09-12T12:31:00.000000,2023-09-12T12:32:00.000000,2023,2023-09,12,32,15541.5,15545.75,15533.0,4.25,8.5,target,5,0.8181818181818182,1.6666666666666667,0.6756756756756757,0.08108108108108109,-154.5,-49.29871793152415
2023-09-15T11:43:00.000000,2023-09-15T11:44:00.000000,2023,2023-09,11,44,15400.0,15407.0,15386.0,7.0,14.0,target,18,0.34615384615384615,1.622464898595944,0.6346153846153846,0.0,-314.25,-114.98179110546153
2023-09-20T14:57:00.000000,2023-09-20T14:58:00.000000,2023,2023-09,14,58,15131.25,15137.0,15119.75,5.75,-5.75,stop,3,0.4117647058823529,1.6915422885572138,0.5833333333333334,0.08333333333333333,-311.5,-196.1978373362108
2023-09-20T16:16:00.000000,2023-09-20T16:17:00.000000,2023,2023-09,16,17,15129.5,15133.0,15122.5,3.5,7.0,target,11,0.7105263157894737,1.9338422391857508,0.7142857142857143,0.0,-312.5,-196.17349921407367
2023-09-21T04:11:00.000000,2023-09-21T04:12:00.000000,2023,2023-09,4,12,15033.0,15038.0,15023.0,5.0,-5.0,stop,2,0.3225806451612903,1.5270935960591132,0.7333333333333333,0.0,-403.5,-52.133085587414826
2023-09-21T13:55:00.000000,2023-09-21T13:56:00.000000,2023,2023-09,13,56,14877.75,14889.0,14855.25,11.25,22.5,target,7,0.31746031746031744,1.695827725437416,0.7222222222222222,0.05555555555555555,-557.75,-97.0776181295987
2023-09-21T17:01:00.000000,2023-09-21T17:02:00.000000,2023,2023-09,17,2,14866.25,14869.25,14860.25,3.0,6.0,target,3,0.46153846153846156,2.2222222222222223,0.6,0.0,-268.0,-101.68831359592878
2023-09-26T11:38:00.000000,2023-09-26T11:39:00.000000,2023,2023-09,11,39,14711.75,14725.75,14683.75,14.0,-14.0,stop,13,0.4807692307692308,1.7049180327868851,0.75,0.09615384615384616,-243.75,-79.5569248728516
2023-10-05T03:43:00.000000,2023-10-05T03:44:00.000000,2023,2023-10,3,44,14862.5,14866.5,14854.5,4.0,-4.0,stop,2,0.5294117647058824,1.7754569190600524,0.75,0.0,-93.25,-36.705272460141714
2023-10-17T05:07:00.000000,2023-10-17T05:08:00.000000,2023,2023-10,5,8,15238.25,15243.75,15227.25,5.5,11.0,target,3,0.375,1.743869209809264,0.6111111111111112,0.05555555555555555,-99.25,-33.13425316570647
2023-10-18T16:53:00.000000,2023-10-18T16:54:00.000000,2023,2023-10,16,54,15034.75,15041.5,15021.25,6.75,-6.75,stop,67,0.3157894736842105,1.7272727272727273,0.7368421052631579,0.0,-274.5,-86.04554928026664
2023-10-18T23:52:00.000000,2023-10-18T23:53:00.000000,2023,2023-10,23,53,14985.25,14990.0,14975.75,4.75,-4.75,stop,5,0.3684210526315789,1.507936507936508,0.5,0.0,-247.75,-33.539144824721006
2023-11-09T14:56:00.000000,2023-11-09T14:57:00.000000,2023,2023-11,14,57,15247.25,15262.0,15217.75,14.75,-14.75,stop,4,0.3235294117647059,1.7458279845956353,0.7317073170731707,0.0975609756097561,-170.25,-110.35136278504251
2023-11-21T09:02:00.000000,2023-11-21T09:03:00.000000,2023,2023-11,9,3,15992.0,15998.25,15979.5,6.25,-6.25,stop,4,0.38961038961038963,1.8311533888228302,0.7391304347826086,0.0,-124.75,-45.37105419815089
2023-11-30T10:27:00.000000,2023-11-30T10:28:00.000000,2023,2023-11,10,28,15893.25,15903.5,15872.75,10.25,20.5,target,20,0.390625,1.7250673854447438,0.5263157894736842,0.05263157894736842,-316.0,-93.07079870091366
2023-12-04T08:10:00.000000,2023-12-04T08:11:00.000000,2023,2023-12,8,11,15888.75,15895.5,15875.25,6.75,13.5,target,5,0.7352941176470589,1.596244131455399,0.5454545454545454,0.045454545454545456,-161.75,-67.83181259912635
2023-12-06T13:21:00.000000,2023-12-06T13:22:00.000000,2023,2023-12,13,22,15862.25,15870.0,15846.75,7.75,-7.75,stop,2,0.6111111111111112,1.8,0.48,0.04,-99.0,-69.22949884959053
2023-12-14T17:01:00.000000,2023-12-14T17:02:00.000000,2023,2023-12,17,2,16737.5,16746.25,16720.0,8.75,-8.75,stop,19,0.45161290322580644,4.0,0.5806451612903226,0.06451612903225806,-148.0,-47.19644959115976
2023-12-29T09:39:00.000000,2023-12-29T09:40:00.000000,2023,2023-12,9,40,17060.75,17070.5,17041.25,9.75,19.5,target,3,0.34146341463414637,1.5241635687732342,0.6060606060606061,0.030303030303030304,-104.75,-34.19200210660347
2023-12-29T09:43:00.000000,2023-12-29T09:44:00.000000,2023,2023-12,9,44,17032.75,17048.25,17001.75,15.5,31.0,target,5,0.4166666666666667,1.536,0.7142857142857143,0.1111111111111111,-133.0,-59.15459037950495
2024-01-03T06:51:00.000000,2024-01-03T06:52:00.000000,2024,2024-01,6,52,16615.75,16620.25,16606.75,4.5,9.0,target,4,0.44,1.5625,0.5,0.05,-422.5,-57.78248531774079
2024-01-03T08:34:00.000000,2024-01-03T08:35:00.000000,2024,2024-01,8,35,16611.5,16633.5,16567.5,22.0,-22.0,stop,7,0.5897435897435898,1.6,0.46464646464646464,0.04040404040404041,-427.0,-33.177284786943346
2024-01-04T07:07:00.000000,2024-01-04T07:08:00.000000,2024,2024-01,7,8,16507.0,16510.5,16500.0,3.5,7.0,target,4,0.5882352941176471,1.8732782369146006,0.6666666666666666,0.1111111111111111,-230.75,-43.81953336287552
2024-01-04T17:33:00.000000,2024-01-04T17:34:00.000000,2024,2024-01,17,34,16465.5,16468.75,16459.0,3.25,6.5,target,20,0.3076923076923077,1.8571428571428572,0.45454545454545453,0.09090909090909091,-121.75,-40.07064701410127
2024-01-09T05:44:00.000000,2024-01-09T05:45:00.000000,2024,2024-01,5,45,16704.5,16708.0,16697.5,3.5,7.0,target,6,0.5238095238095238,1.5555555555555556,0.5454545454545454,0.09090909090909091,-106.75,-51.191654561167525
2024-01-09T05:56:00.000000,2024-01-09T05:57:00.000000,2024,2024-01,5,57,16690.0,16694.0,16682.0,4.0,-4.0,stop,2,0.35714285714285715,2.6923076923076925,0.5263157894736842,0.05263157894736842,-121.25,-62.925193982162455
2024-01-09T07:57:00.000000,2024-01-09T07:58:00.000000,2024,2024-01,7,58,16662.0,16669.0,16648.0,7.0,-7.0,stop,3,0.7,1.6359918200408998,0.7,0.1,-148.75,-67.74562313264323
2024-01-11T11:21:00.000000,2024-01-11T11:22:00.000000,2024,2024-01,11,22,16796.0,16811.25,16765.5,15.25,-15.25,stop,19,0.4918032786885246,1.5384615384615385,0.660377358490566,0.0,-187.0,-109.39392825138202
2024-01-12T05:41:00.000000,2024-01-12T05:42:00.000000,2024,2024-01,5,42,16906.0,16911.25,16895.5,5.25,10.5,target,4,0.6896551724137931,1.643059490084986,0.6153846153846154,0.0,-151.0,-35.725410578681476
2024-01-15T05:33:00.000000,2024-01-15T05:34:00.000000,2024,2024-01,5,34,16950.0,16954.75,16940.5,4.75,-4.75,stop,3,0.7692307692307693,1.8571428571428572,0.5,0.0,-92.25,-30.079402072584344
2024-01-17T00:12:00.000000,2024-01-17T00:13:00.000000,2024,2024-01,0,13,16846.5,16855.75,16828.0,9.25,-9.25,stop,6,0.45454545454545453,1.6097560975609757,0.46875,0.03125,-187.75,-75.6867729496771
2024-01-25T11:48:00.000000,2024-01-25T11:49:00.000000,2024,2024-01,11,49,17640.25,17658.0,17604.75,17.75,-17.75,stop,11,0.36065573770491804,1.5661103979460846,0.6470588235294118,0.058823529411764705,-153.5,-44.54048514745955
2024-01-25T12:18:00.000000,2024-01-25T12:19:00.000000,2024,2024-01,12,19,17621.25,17632.75,17598.25,11.5,-11.5,stop,2,0.3287671232876712,1.5336134453781511,0.7045454545454546,0.11363636363636363,-172.5,-60.97587497203858
2024-01-30T13:12:00.000000,2024-01-30T13:13:00.000000,2024,2024-01,13,13,17558.75,17571.0,17534.25,12.25,-12.25,stop,2,0.5581395348837209,1.6226415094339623,0.6428571428571429,0.0,-157.5,-83.96286971666996
2024-01-31T03:52:00.000000,2024-01-31T03:53:00.000000,2024,2024-01,3,53,17381.25,17386.75,17370.25,5.5,-5.5,stop,3,0.35,1.6736401673640169,0.7241379310344828,0.10344827586206896,-354.5,-41.6697672224509
2024-02-02T08:34:00.000000,2024-02-02T08:35:00.000000,2024,2024-02,8,35,17514.25,17532.5,17477.75,18.25,-18.25,stop,2,0.3308270676691729,2.504708097928437,0.6057692307692307,0.11538461538461539,-132.75,-45.952655274588324
2024-02-12T17:15:00.000000,2024-02-12T17:16:00.000000,2024,2024-02,17,16,17922.5,17927.25,17913.0,4.75,-4.75,stop,6,0.47368421052631576,1.507936507936508,0.5,0.0,-339.75,-107.17628521412917
2024-02-12T17:49:00.000000,2024-02-12T17:50:00.000000,2024,2024-02,17,50,17938.5,17942.5,17930.5,4.0,8.0,target,15,0.4444444444444444,1.7142857142857142,0.6,0.0,-324.0,-91.11994011050774
2024-02-13T11:56:00.000000,2024-02-13T11:57:00.000000,2024,2024-02,11,57,17667.5,17683.5,17635.5,16.0,-16.0,stop,14,0.6229508196721312,1.662125340599455,0.6140350877192983,0.03508771929824561,-594.5,-58.495862641499116
2024-02-19T20:25:00.000000,2024-02-19T20:26:00.000000,2024,2024-02,20,26,17684.75,17689.0,17676.25,4.25,-4.25,stop,6,0.3333333333333333,1.5107913669064748,0.7,0.06666666666666667,-122.25,-29.969885809776315
2024-02-20T03:26:00.000000,2024-02-20T03:27:00.000000,2024,2024-02,3,27,17666.5,17678.75,17642.0,12.25,24.5,target,39,0.3111111111111111,1.7013232514177694,0.5555555555555556,0.08888888888888889,-141.0,-28.554278536888887
2024-02-21T06:37:00.000000,2024-02-21T06:38:00.000000,2024,2024-02,6,38,17509.25,17517.25,17493.25,8.0,16.0,target,11,0.36363636363636365,2.0276497695852536,0.56,0.0,-284.0,-33.46347300388152
2024-02-21T11:45:00.000000,2024-02-21T11:46:00.000000,2024,2024-02,11,46,17450.75,17466.25,17419.75,15.5,-15.5,stop,5,0.5967741935483871,1.949685534591195,0.6666666666666666,0.030303030303030304,-342.75,-44.06983174278139
2024-02-26T17:52:00.000000,2024-02-26T17:53:00.000000,2024,2024-02,17,53,17964.5,17967.25,17959.0,2.75,5.5,target,9,0.75,2.1333333333333333,0.6666666666666666,0.0,-94.5,-42.15277233778761
2024-02-28T03:31:00.000000,2024-02-28T03:32:00.000000,2024,2024-02,3,32,17928.25,17932.75,17919.25,4.5,9.0,target,1,0.45454545454545453,1.5242494226327945,0.6956521739130435,0.043478260869565216,-112.25,-52.12924501088128
2024-02-29T02:13:00.000000,2024-02-29T02:14:00.000000,2024,2024-02,2,14,17839.0,17851.0,17815.0,12.0,-12.0,stop,2,0.4807692307692308,1.6300940438871474,0.7333333333333333,0.06666666666666667,-181.0,-58.24097145232736
2024-03-05T04:41:00.000000,2024-03-05T04:42:00.000000,2024,2024-03,4,42,18136.5,18140.75,18128.0,4.25,-4.25,stop,20,0.5,1.5444015444015444,0.6666666666666666,0.06666666666666667,-241.25,-37.99115197779247
2024-03-05T08:26:00.000000,2024-03-05T08:27:00.000000,2024,2024-03,8,27,18127.25,18135.5,18110.75,8.25,-8.25,stop,3,0.4186046511627907,1.8818380743982492,0.47619047619047616,0.0,-250.75,-36.84618386172224
2024-03-05T14:56:00.000000,2024-03-05T14:57:00.000000,2024,2024-03,14,57,17926.0,17934.0,17910.0,8.0,-8.0,stop,2,0.4326923076923077,2.1964097148891235,0.5238095238095238,0.047619047619047616,-451.5,-62.16768167524424
2024-03-08T12:31:00.000000,2024-03-08T12:32:00.000000,2024,2024-03,12,32,18054.0,18073.5,18015.0,19.5,39.0,target,6,0.5643564356435643,1.7046413502109705,0.7027027027027027,0.05405405405405406,-306.0,-208.0003020701879
2024-03-08T13:39:00.000000,2024-03-08T13:40:00.000000,2024,2024-03,13,40,18141.75,18152.0,18121.25,10.25,-10.25,stop,2,0.4642857142857143,1.7160367722165475,0.7037037037037037,0.0,-218.25,-99.6668522040527
2024-03-08T14:11:00.000000,2024-03-08T14:12:00.000000,2024,2024-03,14,12,18107.25,18122.5,18076.75,15.25,30.5,target,17,0.34959349593495936,2.12618841832325,0.5614035087719298,0.0,-253.25,-129.83825043272373
2024-03-10T18:43:00.000000,2024-03-10T18:44:00.000000,2024,2024-03,18,44,18015.25,18019.75,18006.25,4.5,-4.5,stop,4,0.36,1.6501650165016502,0.5,0.0,-259.5,-172.2930661577593
2024-03-10T18:57:00.000000,2024-03-10T18:58:00.000000,2024,2024-03,18,58,18017.25,18021.0,18009.75,3.75,-3.75,stop,2,0.3448275862068966,1.8471337579617835,0.6666666666666666,0.0,-257.0,-156.98195350734022
2024-03-15T12:52:00.000000,2024-03-15T12:53:00.000000,2024,2024-03,12,53,18080.0,18089.5,18061.0,9.5,-9.5,stop,4,0.30357142857142855,1.5708274894810659,0.5333333333333333,0.0,-348.25,-40.28120423101063
2024-03-19T05:02:00.000000,2024-03-19T05:03:00.000000,2024,2024-03,5,3,18159.75,18169.0,18141.25,9.25,18.5,target,9,0.5352112676056338,2.7680311890838207,0.47058823529411764,0.11764705882352941,-221.5,-28.582789291052904
2024-03-21T17:15:00.000000,2024-03-21T17:16:00.000000,2024,2024-03,17,16,18585.5,18589.25,18578.0,3.75,-3.75,stop,19,0.5714285714285714,1.707317073170732,0.6666666666666666,0.0,-124.0,-51.9377955160453
2024-03-25T06:01:00.000000,2024-03-25T06:02:00.000000,2024,2024-03,6,2,18468.25,18476.5,18451.75,8.25,-8.25,stop,2,0.3125,1.9277108433734937,0.6111111111111112,0.05555555555555555,-116.5,-66.72326515588065
2024-03-26T13:51:00.000000,2024-03-26T13:52:00.000000,2024,2024-03,13,52,18470.5,18482.5,18446.5,12.0,24.0,target,5,0.6818181818181818,1.5456674473067915,0.6086956521739131,0.08695652173913043,-131.25,-88.34342531851507
2024-04-02T07:02:00.000000,2024-04-02T07:03:00.000000,2024,2024-04,7,3,18320.5,18332.25,18297.0,11.75,23.5,target,9,0.34615384615384615,1.9259259259259258,0.6428571428571429,0.09523809523809523,-291.25,-112.05838220628357
2024-04-03T07:25:00.000000,2024-04-03T07:26:00.000000,2024,2024-04,7,26,18236.5,18245.25,18219.0,8.75,-8.75,stop,5,0.4523809523809524,1.7248459958932236,0.6666666666666666,0.06666666666666667,-274.75,-47.86052013948938
2024-04-09T09:32:00.000000,2024-04-09T09:33:00.000000,2024,2024-04,9,33,18222.0,18232.25,18201.5,10.25,-10.25,stop,4,0.425,1.76017601760176,0.5,0.08333333333333333,-154.0,-70.15223579352823
2024-04-11T06:16:00.000000,2024-04-11T06:17:00.000000,2024,2024-04,6,17,18132.75,18146.25,18105.75,13.5,-13.5,stop,14,0.3902439024390244,2.760942760942761,0.5714285714285714,0.04081632653061224,-341.75,-37.4329378795519
2024-04-12T07:33:00.000000,2024-04-12T07:34:00.000000,2024,2024-04,7,34,18313.0,18329.0,18281.0,16.0,-16.0,stop,13,0.43373493975903615,1.8778280542986425,0.5087719298245614,0.03508771929824561,-205.5,-71.47132355073336
2024-04-12T11:10:00.000000,2024-04-12T11:11:00.000000,2024,2024-04,11,11,18166.0,18177.5,18143.0,11.5,-11.5,stop,5,0.7096774193548387,1.5796178343949046,0.6,0.05333333333333334,-352.0,-125.71181666843768
2024-04-12T14:43:00.000000,2024-04-12T14:44:00.000000,2024,2024-04,14,44,18189.0,18193.0,18181.0,4.0,8.0,target,6,0.6428571428571429,2.1374045801526718,0.5,0.0,-329.75,-62.61013642477337
2024-04-17T16:04:00.000000,2024-04-17T16:05:00.000000,2024,2024-04,16,5,17679.0,17682.25,17672.5,3.25,-3.25,stop,4,0.782608695652174,1.8548387096774193,0.6,0.06666666666666667,-309.0,-100.07107796353012
2024-04-18T03:28:00.000000,2024-04-18T03:29:00.000000,2024,2024-04,3,29,17685.75,17693.75,17669.75,8.0,-8.0,stop,9,0.3333333333333333,1.761006289308176,0.7037037037037037,0.1111111111111111,-282.75,-43.702894496756926
2024-04-19T09:37:00.000000,2024-04-19T09:38:00.000000,2024,2024-04,9,38,17333.75,17341.25,17318.75,7.5,-7.5,stop,3,0.4380952380952381,2.077151335311573,0.6753246753246753,0.025974025974025976,-437.25,-66.79481849704462
2024-04-26T03:13:00.000000,2024-04-26T03:14:00.000000,2024,2024-04,3,14,17726.5,17730.75,17718.0,4.25,8.5,target,4,0.35135135135135137,1.9270833333333335,0.6829268292682927,0.024390243902439025,-101.75,-33.92771132927737
2024-04-26T04:59:00.000000,2024-04-26T05:00:00.000000,2024,2024-04,5,0,17727.5,17739.5,17703.5,12.0,-12.0,stop,2,0.7037037037037037,1.565217391304348,0.6071428571428571,0.10714285714285714,-100.0,-26.109509734800668
2024-04-30T09:33:00.000000,2024-04-30T09:34:00.000000,2024,2024-04,9,34,17758.0,17764.5,17745.0,6.5,-6.5,stop,2,0.5070422535211268,1.6608187134502923,0.5,0.1111111111111111,-191.0,-83.00386558868195
2024-04-30T10:02:00.000000,2024-04-30T10:03:00.000000,2024,2024-04,10,3,17757.25,17763.0,17745.75,5.75,11.5,target,3,0.3561643835616438,1.8693982074263766,0.75,0.025,-191.5,-74.86250738785384
2024-04-30T12:52:00.000000,2024-04-30T12:53:00.000000,2024,2024-04,12,53,17671.75,17692.5,17630.25,20.75,-20.75,stop,8,0.36923076923076925,1.6149068322981366,0.5679012345679012,0.07407407407407407,-277.25,-123.67307314040954
2024-05-01T00:56:00.000000,2024-05-01T00:57:00.000000,2024,2024-05,0,57,17476.25,17484.25,17460.25,8.0,-8.0,stop,2,0.7692307692307693,1.7275747508305648,0.7037037037037037,0.037037037037037035,-444.5,-31.293664996421285
2024-05-01T03:10:00.000000,2024-05-01T03:11:00.000000,2024,2024-05,3,11,17428.0,17436.5,17411.0,8.5,-8.5,stop,4,0.33962264150943394,2.241014799154334,0.5357142857142857,0.03571428571428571,-492.5,-63.36812194459708
2024-05-01T14:39:00.000000,2024-05-01T14:40:00.000000,2024,2024-05,14,40,17450.25,17458.75,17433.25,8.5,-8.5,stop,5,0.3333333333333333,1.7475728155339805,0.5625,0.0,-469.5,-81.72028290848903
2024-05-01T17:02:00.000000,2024-05-01T17:03:00.000000,2024,2024-05,17,3,17502.75,17506.5,17495.25,3.75,7.5,target,8,0.4,2.2727272727272725,0.6470588235294118,0.0,-290.25,-28.992260417166108
2024-05-09T01:55:00.000000,2024-05-09T01:56:00.000000,2024,2024-05,1,56,18126.0,18132.0,18114.0,6.0,-6.0,stop,5,0.45454545454545453,1.5384615384615383,0.4666666666666667,0.0,-116.0,-25.706995606622513
2024-05-16T17:09:00.000000,2024-05-16T17:10:00.000000,2024,2024-05,17,10,18648.5,18650.75,18644.0,2.25,-2.25,stop,4,0.4,1.8181818181818181,0.5714285714285714,0.0,-113.0,-55.1047721394134
2024-05-17T12:25:00.000000,2024-05-17T12:26:00.000000,2024,2024-05,12,26,18572.25,18577.25,18562.25,5.0,-5.0,stop,5,0.34328358208955223,1.6729088639201,0.6304347826086957,0.043478260869565216,-189.25,-68.55691018305151
2024-05-23T16:02:00.000000,2024-05-23T16:03:00.000000,2024,2024-05,16,3,18690.5,18694.5,18682.5,4.0,8.0,target,8,0.5,1.787709497206704,0.6153846153846154,0.038461538461538464,-200.75,-133.92616204205478
2024-05-29T14:41:00.000000,2024-05-29T14:42:00.000000,2024,2024-05,14,42,18773.5,18779.5,18761.5,6.0,12.0,target,5,0.45714285714285713,1.6826923076923077,0.6,0.05,-207.75,-60.5852802081281
2024-05-30T17:45:00.000000,2024-05-30T17:46:00.000000,2024,2024-05,17,46,18561.5,18568.0,18548.5,6.5,-6.5,stop,16,0.4375,1.509433962264151,0.65,0.0,-226.0,-120.05561562997173
2024-05-31T04:54:00.000000,2024-05-31T04:55:00.000000,2024,2024-05,4,55,18492.75,18501.5,18475.25,8.75,-8.75,stop,2,0.475,1.7391304347826086,0.4782608695652174,0.08695652173913043,-294.5,-45.880747846862505
2024-05-31T09:35:00.000000,2024-05-31T09:36:00.000000,2024,2024-05,9,36,18331.0,18339.25,18314.5,8.25,-8.25,stop,2,0.42857142857142855,1.553829078801332,0.53125,0.078125,-456.0,-163.91164706369818
2024-06-07T06:33:00.000000,2024-06-07T06:34:00.000000,2024,2024-06,6,34,19013.5,19041.25,18958.0,27.75,55.5,target,9,0.49504950495049505,1.621187800963082,0.6306306306306306,0.11711711711711711,-109.75,-54.39004970194219
2024-06-20T12:37:00.000000,2024-06-20T12:38:00.000000,2024,2024-06,12,38,20044.5,20053.5,20026.5,9.0,-9.0,stop,4,0.43037974683544306,1.9386503067484662,0.4838709677419355,0.06451612903225806,-208.0,-109.19036697247793
2024-06-20T16:04:00.000000,2024-06-20T16:05:00.000000,2024,2024-06,16,5,20053.75,20056.0,20049.25,2.25,-2.25,stop,3,0.45,1.7857142857142858,0.7058823529411765,0.11764705882352941,-200.0,-77.12757143752242
2024-06-24T13:51:00.000000,2024-06-24T13:52:00.000000,2024,2024-06,13,52,19779.25,19792.75,19752.25,13.5,27.0,target,6,0.35106382978723405,2.3011015911872703,0.7115384615384616,0.09615384615384616,-247.5,-111.85991272926549
2024-06-24T16:59:00.000000,2024-06-24T17:00:00.000000,2024,2024-06,17,0,19759.25,19763.0,19751.75,3.75,-3.75,stop,9,0.4,1.6260162601626016,0.7142857142857143,0.0,-267.25,-120.62752507804544
2024-06-25T02:03:00.000000,2024-06-25T02:04:00.000000,2024,2024-06,2,4,19742.0,19749.25,19727.5,7.25,-7.25,stop,3,0.5686274509803921,1.8819188191881917,0.7037037037037037,0.0,-287.75,-29.556396340951324
2024-06-28T14:00:00.000000,2024-06-28T14:01:00.000000,2024,2024-06,14,1,19945.0,19957.0,19921.0,12.0,-12.0,stop,9,0.4,1.7952127659574468,0.5368421052631579,0.05263157894736842,-171.5,-139.17556585314014
2024-07-02T05:54:00.000000,2024-07-02T05:55:00.000000,2024,2024-07,5,55,19918.5,19931.25,19893.0,12.75,-12.75,stop,5,0.3333333333333333,1.8352941176470587,0.5681818181818182,0.022727272727272728,-155.5,-47.471448295909795
2024-07-11T16:38:00.000000,2024-07-11T16:39:00.000000,2024,2024-07,16,39,20445.25,20448.75,20438.25,3.5,7.0,target,3,0.39285714285714285,1.7891373801916932,0.47058823529411764,0.058823529411764705,-472.0,-182.57969104215954
2024-07-16T02:01:00.000000,2024-07-16T02:02:00.000000,2024,2024-07,2,2,20583.5,20588.75,20573.0,5.25,10.5,target,2,0.4375,1.5763546798029555,0.5172413793103449,0.0,-213.75,-37.4503028318868
2024-07-16T09:30:00.000000,2024-07-16T09:31:00.000000,2024,2024-07,9,31,20545.75,20567.0,20503.25,21.25,-21.25,stop,22,0.3563218390804598,1.8393234672304442,0.5432098765432098,0.07407407407407407,-250.75,-36.28715784049564
2024-07-17T00:09:00.000000,2024-07-17T00:10:00.000000,2024,2024-07,0,10,20488.0,20495.25,20473.5,7.25,14.5,target,7,0.5,1.5135135135135136,0.6666666666666666,0.0,-196.5,-48.45394062147534
2024-07-17T01:04:00.000000,2024-07-17T01:05:00.000000,2024,2024-07,1,5,20423.0,20438.75,20391.5,15.75,31.5,target,37,0.4626865671641791,2.6019417475728157,0.6140350877192983,0.07017543859649122,-261.0,-75.56994065370236
2024-07-17T05:47:00.000000,2024-07-17T05:48:00.000000,2024,2024-07,5,48,20287.75,20293.25,20276.75,5.5,11.0,target,2,0.35555555555555557,1.6100178890876566,0.5641025641025641,0.07692307692307693,-396.75,-99.35466412527603
2024-07-17T17:25:00.000000,2024-07-17T17:26:00.000000,2024,2024-07,17,26,20057.5,20061.75,20049.0,4.25,-4.25,stop,5,0.3181818181818182,2.0276497695852536,0.7,0.1,-532.75,-88.46854114029702
2024-07-17T21:35:00.000000,2024-07-17T21:36:00.000000,2024,2024-07,21,36,20034.5,20039.25,20025.0,4.75,-4.75,stop,9,0.5238095238095238,2.7450980392156863,0.6206896551724138,0.0,-555.75,-27.89241372405013
2024-07-18T04:03:00.000000,2024-07-18T04:04:00.000000,2024,2024-07,4,4,20033.5,20047.0,20006.5,13.5,-13.5,stop,13,0.4246575342465753,2.2884012539184955,0.5555555555555556,0.1111111111111111,-557.25,-53.754715395421954
2024-07-23T10:58:00.000000,2024-07-23T10:59:00.000000,2024,2024-07,10,59,19945.5,19956.75,19923.0,11.25,-11.25,stop,2,0.32710280373831774,2.0245979186376535,0.6612903225806451,0.0967741935483871,-99.25,-42.67594032968191
2024-07-25T00:03:00.000000,2024-07-25T00:04:00.000000,2024,2024-07,0,4,19208.0,19212.25,19199.5,4.25,8.5,target,1,0.7923076923076923,4.01854714064915,0.6216216216216216,0.10810810810810811,-630.75,-53.09559263160918
2024-07-25T00:09:00.000000,2024-07-25T00:10:00.000000,2024,2024-07,0,10,19173.5,19185.0,19150.5,11.5,-11.5,stop,7,0.5849056603773585,2.4622531939605112,0.5813953488372093,0.0,-666.0,-83.18765109050946
2024-07-25T02:26:00.000000,2024-07-25T02:27:00.000000,2024,2024-07,2,27,19125.75,19139.5,19098.25,13.75,-13.75,stop,3,0.3050847457627119,1.9047619047619047,0.6703296703296703,0.0989010989010989,-714.0,-88.86526075704023
2024-07-25T07:37:00.000000,2024-07-25T07:38:00.000000,2024,2024-07,7,38,19153.25,19168.5,19122.75,15.25,30.5,target,1,0.3064516129032258,1.7538896746817538,0.6708860759493671,0.012658227848101266,-684.25,-34.29972461456782
2024-07-25T17:01:00.000000,2024-07-25T17:02:00.000000,2024,2024-07,17,2,19002.5,19009.0,18989.5,6.5,-6.5,stop,3,0.5185185185185185,1.9424460431654675,0.6470588235294118,0.11764705882352941,-387.25,-157.63853339860725
2024-07-25T17:20:00.000000,2024-07-25T17:21:00.000000,2024,2024-07,17,21,19011.5,19017.0,19000.5,5.5,-5.5,stop,2,0.5454545454545454,1.8435754189944136,0.6206896551724138,0.10344827586206896,-379.5,-149.6196676943473
2024-07-29T20:36:00.000000,2024-07-29T20:37:00.000000,2024,2024-07,20,37,19089.25,19099.25,19069.25,10.0,-10.0,stop,4,0.40476190476190477,3.9529411764705884,0.7,0.05,-289.0,-32.88327945402125
2024-07-30T16:07:00.000000,2024-07-30T16:08:00.000000,2024,2024-07,16,8,18970.0,18987.0,18936.0,17.0,-17.0,stop,2,0.389937106918239,2.045016077170418,0.6111111111111112,0.0,-405.0,-59.112694408955576
2024-08-02T04:35:00.000000,2024-08-02T04:36:00.000000,2024,2024-08,4,36,18681.75,18686.5,18672.25,4.75,-4.75,stop,2,0.3333333333333333,1.8222722159730032,0.6744186046511628,0.0,-1036.0,-65.88099886431155
2024-08-04T22:09:00.000000,2024-08-04T22:10:00.000000,2024,2024-08,22,10,18012.75,18024.5,17989.25,11.75,-11.75,stop,4,0.4489795918367347,1.8047882136279927,0.5567010309278351,0.0,-378.25,-122.17448151056306
2024-08-04T23:04:00.000000,2024-08-04T23:05:00.000000,2024,2024-08,23,5,17863.5,17880.0,17830.5,16.5,-16.5,stop,2,0.6020408163265306,2.4778761061946906,0.710691823899371,0.0880503144654088,-529.25,-232.61276669583822
2024-08-05T23:08:00.000000,2024-08-05T23:09:00.000000,2024,2024-08,23,9,18264.75,18277.25,18239.75,12.5,25.0,target,3,0.45535714285714285,1.9327006039689387,0.45263157894736844,0.08421052631578947,-94.0,-70.5315722276282
2024-08-07T10:15:00.000000,2024-08-07T10:16:00.000000,2024,2024-08,10,16,18348.25,18368.0,18308.75,19.75,-19.75,stop,5,0.381294964028777,1.5706214689265536,0.47368421052631576,0.10526315789473684,-134.25,-82.21118326062788
2024-08-07T14:56:00.000000,2024-08-07T14:57:00.000000,2024,2024-08,14,57,17854.25,17866.5,17829.75,12.25,-12.25,stop,4,0.5,1.8686868686868687,0.6888888888888889,0.08888888888888889,-629.0,-441.38238583828934
2024-08-09T05:41:00.000000,2024-08-09T05:42:00.000000,2024,2024-08,5,42,18498.0,18511.25,18471.5,13.25,-13.25,stop,7,0.3333333333333333,1.6096207215541167,0.52,0.0,-96.25,-56.22601028224017
2024-08-09T06:31:00.000000,2024-08-09T06:32:00.000000,2024,2024-08,6,32,18421.75,18445.75,18373.75,24.0,-24.0,stop,38,0.3238095238095238,2.27765726681128,0.6736842105263158,0.07368421052631578,-171.75,-120.66880136411783
2024-08-19T00:08:00.000000,2024-08-19T00:09:00.000000,2024,2024-08,0,9,19571.0,19578.0,19557.0,7.0,-7.0,stop,4,0.3064516129032258,2.572614107883817,0.47368421052631576,0.0,-102.5,-60.55185951443127
2024-08-19T00:23:00.000000,2024-08-19T00:24:00.000000,2024,2024-08,0,24,19575.0,19578.5,19568.0,3.5,-3.5,stop,2,0.7317073170731707,1.5891472868217054,0.625,0.0,-99.5,-54.14957034184772
2024-08-20T10:55:00.000000,2024-08-20T10:56:00.000000,2024,2024-08,10,56,19786.5,19794.5,19770.5,8.0,16.0,target,5,0.390625,1.7534246575342465,0.5,0.03571428571428571,-97.25,-52.29312184954688
2024-08-20T17:24:00.000000,2024-08-20T17:25:00.000000,2024,2024-08,17,25,19795.0,19798.25,19788.5,3.25,-3.25,stop,7,0.375,1.5311004784688995,0.5,0.0,-136.25,-37.699382913408044
2024-08-20T17:55:00.000000,2024-08-20T17:57:00.000000,2024,2024-08,17,57,19789.25,19794.25,19779.25,5.0,-5.0,stop,4,0.8076923076923077,2.047244094488189,0.7,0.0,-141.25,-42.605483372099116
2024-08-26T09:48:00.000000,2024-08-26T09:49:00.000000,2024,2024-08,9,49,19596.5,19603.25,19583.0,6.75,13.5,target,3,0.7093023255813954,1.778697001034126,0.7471264367816092,0.06896551724137931,-236.75,-84.88815145929038
2024-08-26T17:21:00.000000,2024-08-26T17:22:00.000000,2024,2024-08,17,22,19563.5,19569.5,19551.5,6.0,-6.0,stop,2,0.68,1.9230769230769231,0.4666666666666667,0.0,-283.25,-74.02463443202214
2024-08-28T08:46:00.000000,2024-08-28T08:47:00.000000,2024,2024-08,8,47,19487.5,19504.25,19454.0,16.75,33.5,target,14,0.62,1.5974440894568689,0.6,0.03076923076923077,-207.75,-106.09755503923952
2024-08-28T16:01:00.000000,2024-08-28T16:02:00.000000,2024,2024-08,16,2,19229.0,19250.0,19187.0,21.0,-21.0,stop,3,0.6666666666666666,1.6286243059839607,0.688,0.016,-464.75,-229.86833015619413
2024-08-28T16:47:00.000000,2024-08-28T16:48:00.000000,2024,2024-08,16,48,19166.75,19176.0,19148.25,9.25,-9.25,stop,2,0.6292134831460674,1.63003663003663,0.5925925925925926,0.018518518518518517,-525.5,-285.95961009970415
2024-08-29T14:47:00.000000,2024-08-29T14:48:00.000000,2024,2024-08,14,48,19445.25,19448.75,19438.25,3.5,-3.5,stop,6,0.7142857142857143,1.8181818181818181,0.5,0.0,-245.5,-70.13195989617452
2024-08-29T17:43:00.000000,2024-08-29T17:44:00.000000,2024,2024-08,17,44,19430.5,19434.75,19422.0,4.25,-4.25,stop,2,0.38095238095238093,1.5671641791044775,0.6666666666666666,0.0,-263.0,-84.43959227302184
2024-08-30T11:20:00.000000,2024-08-30T11:21:00.000000,2024,2024-08,11,21,19468.5,19474.25,19457.0,5.75,11.5,target,2,0.39705882352941174,1.741357234314981,0.6410256410256411,0.0,-224.75,-38.68794576091386
2024-09-02T21:02:00.000000,2024-09-02T21:03:00.000000,2024,2024-09,21,3,19545.0,19549.0,19537.0,4.0,8.0,target,3,0.6142857142857143,3.1963470319634704,0.5,0.0,-138.5,-39.11004162330937
2024-09-03T03:01:00.000000,2024-09-03T03:02:00.000000,2024,2024-09,3,2,19508.0,19513.5,19497.0,5.5,-5.5,stop,3,0.5945945945945946,1.8070818070818069,0.4722222222222222,0.05555555555555555,-175.75,-65.33756456694755
2024-09-03T04:37:00.000000,2024-09-03T04:38:00.000000,2024,2024-09,4,38,19476.5,19486.5,19456.5,10.0,-10.0,stop,3,0.64,1.5220700152207,0.6774193548387096,0.06451612903225806,-206.25,-68.15457164518739
2024-09-03T06:01:00.000000,2024-09-03T06:02:00.000000,2024,2024-09,6,2,19498.5,19503.0,19489.5,4.5,9.0,target,3,0.32653061224489793,1.7468805704099821,0.6862745098039216,0.11764705882352941,-185.5,-38.968177434908284
2024-09-03T16:04:00.000000,2024-09-03T16:05:00.000000,2024,2024-09,16,5,18982.0,18987.0,18972.0,5.0,10.0,target,1,0.37037037037037035,1.8,0.6551724137931034,0.10344827586206896,-699.75,-250.23126015757225
2024-09-04T01:02:00.000000,2024-09-04T01:03:00.000000,2024,2024-09,1,3,18847.75,18852.0,18839.25,4.25,8.5,target,1,0.3939393939393939,1.7232375979112273,0.6923076923076923,0.09230769230769231,-798.25,-40.486572194840846
2024-09-04T14:17:00.000000,2024-09-04T14:18:00.000000,2024,2024-09,14,18,18937.5,18943.0,18926.5,5.5,11.0,target,6,0.6527777777777778,1.7560975609756098,0.7368421052631579,0.10526315789473684,-707.75,-28.5418143600873
2024-09-05T01:01:00.000000,2024-09-05T01:02:00.000000,2024,2024-09,1,2,18903.75,18924.25,18862.75,20.5,-20.5,stop,5,0.35294117647058826,1.6531604538087519,0.676056338028169,0.0,-210.5,-39.30148936824844
2024-09-05T06:17:00.000000,2024-09-05T06:18:00.000000,2024,2024-09,6,18,18871.75,18887.5,18840.25,15.75,31.5,target,3,0.42857142857142855,1.5783540022547913,0.6984126984126984,0.1111111111111111,-243.25,-71.66147810598704
2024-09-05T17:55:00.000000,2024-09-05T17:56:00.000000,2024,2024-09,17,56,18908.0,18912.75,18898.5,4.75,-4.75,stop,4,0.631578947368421,1.589958158995816,0.6666666666666666,0.0,-242.0,-58.98206603584549
2024-09-09T21:41:00.000000,2024-09-09T21:42:00.000000,2024,2024-09,21,42,18642.0,18645.75,18634.5,3.75,-3.75,stop,4,0.34375,1.6326530612244896,0.5333333333333333,0.06666666666666667,-99.5,-25.71958634308612
2024-09-09T22:33:00.000000,2024-09-09T22:34:00.000000,2024,2024-09,22,34,18633.75,18640.25,18620.75,6.5,13.0,target,4,0.5416666666666666,1.7582417582417582,0.7272727272727273,0.0,-106.5,-31.158352862403262
2024-09-09T23:38:00.000000,2024-09-09T23:39:00.000000,2024,2024-09,23,39,18626.5,18629.25,18621.0,2.75,-2.75,stop,3,0.34375,1.6537467700258397,0.7407407407407407,0.0,-116.25,-35.47365900383011
2024-09-10T23:35:00.000000,2024-09-10T23:36:00.000000,2024,2024-09,23,36,18726.0,18735.0,18708.0,9.0,-9.0,stop,10,0.3611111111111111,1.5964523281596452,0.5185185185185185,0.07407407407407407,-151.75,-51.21003698376808
2024-09-16T22:48:00.000000,2024-09-16T22:49:00.000000,2024,2024-09,22,49,19657.5,19663.75,19645.0,6.25,12.5,target,2,0.42857142857142855,1.78343949044586,0.7142857142857143,0.0,-356.0,-185.71535520866382
2024-09-17T10:25:00.000000,2024-09-17T10:26:00.000000,2024,2024-09,10,26,19674.5,19688.25,19647.0,13.75,-13.75,stop,3,0.34615384615384615,1.800865800865801,0.45054945054945056,0.07692307692307693,-106.0,-87.89556717150117
2024-09-25T00:17:00.000000,2024-09-25T00:18:00.000000,2024,2024-09,0,18,20081.5,20086.75,20071.0,5.25,-5.25,stop,2,0.36363636363636365,2.869565217391304,0.6190476190476191,0.0,-132.0,-46.67840292781693
2024-09-30T13:01:00.000000,2024-09-30T13:02:00.000000,2024,2024-09,13,2,20138.0,20150.75,20112.5,12.75,-12.75,stop,2,0.8067226890756303,2.5454545454545454,0.5208333333333334,0.0,-108.5,-48.644259216398495
2024-10-01T10:34:00.000000,2024-10-01T10:35:00.000000,2024,2024-10,10,35,19942.0,19957.5,19911.0,15.5,-15.5,stop,2,0.38311688311688313,2.2318840579710146,0.5763888888888888,0.0763888888888889,-344.0,-83.77057582152702
2024-10-01T23:53:00.000000,2024-10-01T23:54:00.000000,2024,2024-10,23,54,19894.0,19900.25,19881.5,6.25,12.5,target,1,0.7910447761194029,2.012012012012012,0.5833333333333334,0.08333333333333333,-439.0,-60.58831185188319
2024-10-02T03:09:00.000000,2024-10-02T03:10:00.000000,2024,2024-10,3,10,19914.0,19925.0,19892.0,11.0,-11.0,stop,2,0.30612244897959184,1.7223198594024605,0.5882352941176471,0.0,-417.25,-30.273811143615603
2024-10-02T07:40:00.000000,2024-10-02T07:41:00.000000,2024,2024-10,7,41,19889.25,19908.0,19851.75,18.75,37.5,target,3,0.6153846153846154,1.5105301379811185,0.5492957746478874,0.028169014084507043,-443.0,-52.316145950306236
2024-10-03T01:15:00.000000,2024-10-03T01:16:00.000000,2024,2024-10,1,16,19918.5,19928.25,19899.0,9.75,19.5,target,2,0.34545454545454546,1.8363939899833055,0.6,0.0,-171.5,-49.571176308709255
2024-10-07T17:00:00.000000,2024-10-07T17:01:00.000000,2024,2024-10,17,1,19960.0,19969.0,19942.0,9.0,-9.0,stop,2,0.4358974358974359,1.9974391805377723,0.5,0.0,-304.5,-143.20398278445646
2024-10-11T05:31:00.000000,2024-10-11T05:32:00.000000,2024,2024-10,5,32,20367.0,20372.75,20355.5,5.75,-5.75,stop,5,0.6363636363636364,1.6793893129770994,0.6666666666666666,0.0,-141.25,-38.2610374993601
2024-10-15T08:35:00.000000,2024-10-15T08:36:00.000000,2024,2024-10,8,36,20423.5,20450.25,20370.0,26.75,53.5,target,3,0.5976331360946746,1.8788215675375208,0.6796116504854369,0.06796116504854369,-255.75,-163.51554434342324
2024-10-15T11:07:00.000000,2024-10-15T11:08:00.000000,2024,2024-10,11,8,20376.75,20391.25,20347.75,14.5,29.0,target,11,0.463768115942029,1.6891064871481027,0.6226415094339622,0.05660377358490566,-303.25,-116.1751445505106
2024-10-15T13:03:00.000000,2024-10-15T13:04:00.000000,2024,2024-10,13,4,20314.5,20334.5,20274.5,20.0,40.0,target,3,0.5555555555555556,2.509505703422053,0.7402597402597403,0.07792207792207792,-365.25,-155.7102204928342
2024-10-15T16:05:00.000000,2024-10-15T16:06:00.000000,2024,2024-10,16,6,20319.0,20322.25,20312.5,3.25,-3.25,stop,5,0.6349206349206349,3.6734693877551026,0.6842105263157895,0.10526315789473684,-361.25,-125.51655132960877
2024-10-21T05:51:00.000000,2024-10-21T05:52:00.000000,2024,2024-10,5,52,20351.75,20360.75,20333.75,9.0,-9.0,stop,4,0.42105263157894735,1.5291750503018107,0.6,0.0,-171.25,-85.00057550644487
2024-10-21T08:47:00.000000,2024-10-21T08:48:00.000000,2024,2024-10,8,48,20423.0,20432.5,20404.0,9.5,-9.5,stop,3,0.42657342657342656,2.0140845070422535,0.7045454545454546,0.06818181818181818,-99.0,-37.38945876670914
2024-10-22T00:47:00.000000,2024-10-22T00:48:00.000000,2024,2024-10,0,48,20441.5,20446.5,20431.5,5.0,-5.0,stop,4,0.6666666666666666,2.1686746987951806,0.6470588235294118,0.0,-113.75,-30.10705154639072
2024-10-22T03:47:00.000000,2024-10-22T03:48:00.000000,2024,2024-10,3,48,20386.5,20396.5,20366.5,10.0,-10.0,stop,21,0.4358974358974359,1.52046783625731,0.6571428571428571,0.05714285714285714,-168.25,-68.13737602414767
2024-10-23T05:40:00.000000,2024-10-23T05:41:00.000000,2024,2024-10,5,41,20471.75,20478.25,20458.75,6.5,-6.5,stop,8,0.46875,1.5023474178403755,0.5882352941176471,0.0,-130.25,-25.925836185007938
2024-10-23T13:34:00.000000,2024-10-23T13:35:00.000000,2024,2024-10,13,35,20184.5,20195.75,20162.0,11.25,-11.25,stop,2,0.5873015873015873,1.529126213592233,0.7419354838709677,0.06451612903225806,-418.0,-134.10336350727812
2024-10-28T17:02:00.000000,2024-10-28T17:03:00.000000,2024,2024-10,17,3,20499.5,20503.5,20491.5,4.0,-4.0,stop,3,0.8125,1.8934911242603552,0.7,0.0,-177.5,-69.08207250518535
2024-10-28T21:59:00.000000,2024-10-28T22:00:00.000000,2024,2024-10,22,0,20461.25,20464.75,20454.25,3.5,7.0,target,1,0.7058823529411765,1.7346938775510203,0.5,0.08333333333333333,-215.0,-38.80700757575687
2024-10-29T06:12:00.000000,2024-10-29T06:13:00.000000,2024,2024-10,6,13,20478.0,20482.75,20468.5,4.75,-4.75,stop,2,0.7358490566037735,2.0948616600790513,0.6,0.0,-199.25,-29.226922394809662
2024-10-30T11:29:00.000000,2024-10-30T11:30:00.000000,2024,2024-10,11,30,20619.75,20632.75,20593.75,13.0,26.0,target,6,0.7547169811320755,1.6719242902208202,0.4897959183673469,0.02040816326530612,-144.25,-44.470244383916
2024-10-30T12:43:00.000000,2024-10-30T12:44:00.000000,2024,2024-10,12,44,20611.5,20624.25,20586.0,12.75,25.5,target,19,0.36,1.6260162601626016,0.7391304347826086,0.06521739130434782,-151.5,-42.721987318971514
2024-11-12T12:02:00.000000,2024-11-12T12:03:00.000000,2024,2024-11,12,3,21084.25,21093.25,21066.25,9.0,18.0,target,4,0.46153846153846156,1.5522388059701493,0.723404255319149,0.05319148936170213,-257.0,-105.61096494726735
2024-11-13T00:17:00.000000,2024-11-13T00:18:00.000000,2024,2024-11,0,18,21108.75,21115.75,21094.75,7.0,-7.0,stop,4,0.52,1.7857142857142858,0.5217391304347826,0.043478260869565216,-143.75,-31.94527469020977
2024-11-15T01:27:00.000000,2024-11-15T01:28:00.000000,2024,2024-11,1,28,20863.75,20868.5,20854.25,4.75,9.5,target,9,0.34210526315789475,1.6033755274261603,0.7272727272727273,0.022727272727272728,-326.5,-31.662199450562184
2024-11-15T07:31:00.000000,2024-11-15T07:32:00.000000,2024,2024-11,7,32,20820.25,20842.0,20776.75,21.75,43.5,target,48,0.512,7.374631268436579,0.7307692307692307,0.0641025641025641,-368.5,-40.10864388391565
2024-11-15T13:14:00.000000,2024-11-15T13:15:00.000000,2024,2024-11,13,15,20435.75,20446.25,20414.75,10.5,-10.5,stop,3,0.6857142857142857,1.6147635524798154,0.6176470588235294,0.029411764705882353,-754.25,-198.34466243300267
2024-11-18T05:30:00.000000,2024-11-18T05:31:00.000000,2024,2024-11,5,31,20577.0,20582.5,20566.0,5.5,11.0,target,5,0.3333333333333333,1.8181818181818181,0.7,0.1,-405.75,-29.41644003347028
2024-11-18T06:01:00.000000,2024-11-18T06:02:00.000000,2024,2024-11,6,2,20573.0,20580.75,20557.5,7.75,-7.75,stop,4,0.3157894736842105,2.037533512064343,0.5384615384615384,0.11538461538461539,-408.5,-30.405283694184618
2024-11-19T08:02:00.000000,2024-11-19T08:03:00.000000,2024,2024-11,8,3,20409.75,20425.5,20378.25,15.75,-15.75,stop,4,0.780952380952381,1.55902004454343,0.7272727272727273,0.030303030303030304,-314.25,-163.28280658917356
2024-11-21T01:30:00.000000,2024-11-21T01:31:00.000000,2024,2024-11,1,31,20635.5,20656.75,20593.0,21.25,-21.25,stop,3,0.3472222222222222,1.6744186046511629,0.47058823529411764,0.08235294117647059,-207.5,-33.628598390103434
2024-11-22T03:28:00.000000,2024-11-22T03:29:00.000000,2024,2024-11,3,29,20727.75,20737.75,20707.75,10.0,20.0,target,3,0.3673469387755102,2.808022922636103,0.46774193548387094,0.0,-178.25,-67.06771102593848
2024-11-27T05:24:00.000000,2024-11-27T05:25:00.000000,2024,2024-11,5,25,20911.75,20917.75,20899.75,6.0,-6.0,stop,9,0.6551724137931034,1.7417417417417418,0.46153846153846156,0.0,-113.25,-44.017171679362946
2024-11-27T14:42:00.000000,2024-11-27T14:43:00.000000,2024,2024-11,14,43,20776.75,20787.25,20755.75,10.5,-10.5,stop,2,0.5079365079365079,2.0521172638436482,0.6111111111111112,0.08333333333333333,-248.0,-36.68291581903031
2024-12-09T17:22:00.000000,2024-12-09T17:23:00.000000,2024,2024-12,17,23,21465.25,21469.75,21456.25,4.5,-4.5,stop,4,0.391304347826087,1.9166666666666667,0.5,0.0,-241.25,-76.49292404997686
2024-12-15T19:39:00.000000,2024-12-15T19:40:00.000000,2024,2024-12,19,40,21790.0,21795.75,21778.5,5.75,-5.75,stop,3,0.782608695652174,3.5384615384615383,0.75,0.0,-182.75,-27.542287234042305
2024-12-15T22:59:00.000000,2024-12-15T23:00:00.000000,2024,2024-12,23,0,21800.5,21803.25,21795.0,2.75,-2.75,stop,11,0.4166666666666667,1.6326530612244898,0.5,0.0,-172.75,-26.931747696798993
2024-12-18T14:46:00.000000,2024-12-18T14:47:00.000000,2024,2024-12,14,47,21530.5,21555.75,21480.0,25.25,-25.25,stop,2,0.38461538461538464,1.6521048451151708,0.5376884422110553,0.0,-895.0,-577.9481415010814
2024-12-18T21:10:00.000000,2024-12-18T21:11:00.000000,2024,2024-12,21,11,21446.25,21456.5,21425.75,10.25,-10.25,stop,2,0.6774193548387096,1.6577540106951871,0.6875,0.0625,-942.0,-49.05299959464901
2024-12-30T01:04:00.000000,2024-12-30T01:05:00.000000,2024,2024-12,1,5,21643.75,21651.5,21628.25,7.75,-7.75,stop,7,0.7727272727272727,1.8526315789473684,0.72,0.0,-362.25,-37.90945268489304
2024-12-30T01:36:00.000000,2024-12-30T01:37:00.000000,2024,2024-12,1,37,21619.0,21627.25,21602.5,8.25,-8.25,stop,3,0.44680851063829785,1.7407407407407407,0.5555555555555556,0.0,-390.0,-58.50764153054479
2024-12-30T06:46:00.000000,2024-12-30T06:47:00.000000,2024,2024-12,6,47,21514.0,21526.25,21489.5,12.25,24.5,target,2,0.40217391304347827,1.6757741347905282,0.6739130434782609,0.10869565217391304,-494.0,-127.48253053821827
2025-01-02T14:56:00.000000,2025-01-02T14:57:00.000000,2025,2025-01,14,57,21159.75,21178.5,21122.25,18.75,-18.75,stop,3,0.4305555555555556,1.9407008086253368,0.6388888888888888,0.0,-366.25,-76.28064817736959
2025-01-08T01:12:00.000000,2025-01-08T01:13:00.000000,2025,2025-01,1,13,21382.25,21386.0,21374.75,3.75,-3.75,stop,4,0.7,2.6607538802660753,0.5909090909090909,0.09090909090909091,-423.75,-26.48214415395705
2025-01-08T06:21:00.000000,2025-01-08T06:22:00.000000,2025,2025-01,6,22,21271.75,21282.75,21249.75,11.0,22.0,target,4,0.3229166666666667,1.5686274509803921,0.4864864864864865,0.04054054054054054,-534.0,-106.89283570442421
2025-01-08T11:32:00.000000,2025-01-08T11:33:00.000000,2025,2025-01,11,33,21208.5,21220.0,21185.5,11.5,-11.5,stop,3,0.4838709677419355,1.5766052129688493,0.5353535353535354,0.06060606060606061,-598.0,-127.169942431854
2025-01-12T23:31:00.000000,2025-01-12T23:32:00.000000,2025,2025-01,23,32,20880.0,20883.75,20872.5,3.75,7.5,target,2,0.6785714285714286,1.6766467065868265,0.5909090909090909,0.045454545454545456,-492.75,-49.977957476035954
2025-01-12T23:57:00.000000,2025-01-12T23:58:00.000000,2025,2025-01,23,58,20885.75,20892.5,20872.25,6.75,-6.75,stop,4,0.4473684210526316,2.037533512064343,0.47619047619047616,0.047619047619047616,-487.0,-42.37291710451245
2025-01-16T14:51:00.000000,2025-01-16T14:52:00.000000,2025,2025-01,14,52,21316.25,21336.25,21276.25,20.0,40.0,target,4,0.47126436781609193,1.875,0.7368421052631579,0.07894736842105263,-136.0,-82.27039015842092
2025-01-16T17:29:00.000000,2025-01-16T17:30:00.000000,2025,2025-01,17,30,21231.0,21235.75,21221.5,4.75,-4.75,stop,2,0.3076923076923077,1.9647355163727958,0.5833333333333334,0.0,-336.75,-155.20702701964183
2025-01-23T05:01:00.000000,2025-01-23T05:02:00.000000,2025,2025-01,5,2,21887.0,21897.0,21867.0,10.0,-10.0,stop,43,0.46875,1.7777777777777777,0.6923076923076923,0.07692307692307693,-206.75,-34.15850681459415
2025-01-23T05:15:00.000000,2025-01-23T05:16:00.000000,2025,2025-01,5,16,21883.5,21887.25,21876.0,3.75,-3.75,stop,5,0.78125,1.6623376623376624,0.7272727272727273,0.0,-209.75,-36.250242738085944
2025-01-24T12:41:00.000000,2025-01-24T12:42:00.000000,2025,2025-01,12,42,21911.5,21922.5,21889.5,11.0,22.0,target,15,0.30357142857142855,1.671641791044776,0.5,0.1,-139.0,-93.01364630536773
2025-01-26T23:33:00.000000,2025-01-26T23:34:00.000000,2025,2025-01,23,34,21436.0,21452.5,21403.0,16.5,33.0,target,60,0.6949152542372882,1.5754339118825098,0.7076923076923077,0.09230769230769231,-642.5,-110.00901746875752
2025-01-27T00:39:00.000000,2025-01-27T00:40:00.000000,2025,2025-01,0,40,21384.0,21392.5,21367.0,8.5,17.0,target,9,0.5694444444444444,1.9251336898395723,0.5660377358490566,0.05660377358490566,-695.75,-140.67607642103758
2025-01-27T01:20:00.000000,2025-01-27T01:21:00.000000,2025,2025-01,1,21,21342.0,21350.25,21325.5,8.25,16.5,target,1,0.6842105263157895,1.5338042381432897,0.5428571428571428,0.1,-736.25,-161.437827205551
2025-01-30T11:18:00.000000,2025-01-30T11:19:00.000000,2025,2025-01,11,19,21554.0,21557.75,21546.5,3.75,7.5,target,1,0.9425287356321839,1.6524216524216524,0.7209302325581395,0.11627906976744186,-143.0,-42.83621518150903
2025-02-03T21:18:00.000000,2025-02-03T21:19:00.000000,2025,2025-02,21,19,21458.25,21463.25,21448.25,5.0,-5.0,stop,3,0.55,2.088772845953003,0.6470588235294118,0.0,-121.75,-52.59865556601653
2025-02-04T23:27:00.000000,2025-02-04T23:28:00.000000,2025,2025-02,23,28,21548.5,21555.5,21534.5,7.0,14.0,target,29,0.4,2.1126760563380285,0.7272727272727273,0.0,-145.75,-28.094123803828552
2025-02-05T03:11:00.000000,2025-02-05T03:12:00.000000,2025,2025-02,3,12,21499.0,21506.25,21484.5,7.25,14.5,target,7,0.359375,1.7066666666666668,0.5862068965517241,0.0,-194.5,-37.10013367751526
2025-02-10T21:12:00.000000,2025-02-10T21:13:00.000000,2025,2025-02,21,13,21759.75,21762.25,21754.75,2.5,-2.5,stop,6,0.391304347826087,1.8110236220472442,0.6153846153846154,0.11538461538461539,-135.5,-26.545214124169433
2025-02-11T06:29:00.000000,2025-02-11T06:30:00.000000,2025,2025-02,6,30,21735.75,21741.75,21723.75,6.0,-6.0,stop,2,0.5434782608695652,2.15962441314554,0.5789473684210527,0.10526315789473684,-158.5,-30.56913467571576
2025-02-12T04:01:00.000000,2025-02-12T04:02:00.000000,2025,2025-02,4,2,21761.75,21772.0,21741.25,10.25,-10.25,stop,20,0.7333333333333333,2.0408163265306123,0.696969696969697,0.06060606060606061,-109.25,-32.433770398634806
2025-02-12T09:08:00.000000,2025-02-12T09:09:00.000000,2025,2025-02,9,9,21614.0,21636.0,21570.0,22.0,-22.0,stop,8,0.6791044776119403,1.7890520694259011,0.5543478260869565,0.11956521739130435,-257.75,-41.10229210164107
2025-02-19T07:01:00.000000,2025-02-19T07:02:00.000000,2025,2025-02,7,2,22227.75,22233.25,22216.75,5.5,-5.5,stop,2,0.38571428571428573,2.959830866807611,0.5,0.0625,-93.5,-26.25356631698014
2025-02-20T00:52:00.000000,2025-02-20T00:53:00.000000,2025,2025-02,0,53,22155.0,22159.0,22147.0,4.0,-4.0,stop,3,0.625,1.5533980582524272,0.5,0.0,-144.5,-27.377081649152387
2025-02-21T14:01:00.000000,2025-02-21T14:02:00.000000,2025,2025-02,14,2,21684.5,21713.5,21626.5,29.0,-29.0,stop,23,0.375,1.6924328722538649,0.5826086956521739,0.06086956521739131,-551.0,-272.07205270128907
2025-02-24T02:12:00.000000,2025-02-24T02:13:00.000000,2025,2025-02,2,13,21724.75,21729.25,21715.75,4.5,9.0,target,3,0.8958333333333334,1.6161616161616161,0.6944444444444444,0.08333333333333333,-520.25,-43.23202779287385
2025-02-24T14:56:00.000000,2025-02-24T14:57:00.000000,2025,2025-02,14,57,21432.5,21451.75,21394.0,19.25,-19.25,stop,64,0.6826923076923077,1.6468725257323833,0.4594594594594595,0.02702702702702703,-813.75,-175.07412445432783
2025-02-26T14:48:00.000000,2025-02-26T14:49:00.000000,2025,2025-02,14,49,21220.0,21226.5,21207.0,6.5,13.0,target,1,0.6041666666666666,1.520190023752969,0.7352941176470589,0.029411764705882353,-455.0,-38.4485079720107
2025-02-28T01:31:00.000000,2025-02-28T01:32:00.000000,2025,2025-02,1,32,20577.5,20587.5,20557.5,10.0,20.0,target,3,0.47692307692307695,1.6029593094944514,0.4838709677419355,0.06451612903225806,-808.25,-31.039987543961615
2025-03-04T10:30:00.000000,2025-03-04T10:31:00.000000,2025,2025-03,10,31,20174.0,20200.0,20122.0,26.0,-26.0,stop,2,0.5879120879120879,1.5819209039548023,0.5617021276595745,0.05531914893617021,-945.5,-130.71398564731135
2025-03-06T01:46:00.000000,2025-03-06T01:47:00.000000,2025,2025-03,1,47,20584.0,20587.75,20576.5,3.75,7.5,target,1,0.8035714285714286,1.7364341085271318,0.6521739130434783,0.0,-141.25,-31.342935145978117
2025-03-06T02:14:00.000000,2025-03-06T02:15:00.000000,2025,2025-03,2,15,20500.75,20514.25,20473.75,13.5,-13.5,stop,2,0.6306306306306306,1.8301731244847486,0.6555555555555556,0.07777777777777778,-224.75,-91.97675202156461
2025-03-06T04:54:00.000000,2025-03-06T04:55:00.000000,2025,2025-03,4,55,20373.0,20387.25,20344.5,14.25,-14.25,stop,2,0.5487804878048781,1.8850574712643677,0.5185185185185185,0.0,-353.25,-145.45247803187522
2025-03-07T07:19:00.000000,2025-03-07T07:20:00.000000,2025,2025-03,7,20,20108.0,20115.75,20092.5,7.75,-7.75,stop,7,0.6129032258064516,2.1040723981900453,0.625,0.109375,-539.75,-57.050063318129105
2025-03-10T02:55:00.000000,2025-03-10T02:56:00.000000,2025,2025-03,2,56,19950.75,19975.5,19901.25,24.75,-24.75,stop,7,0.30434782608695654,1.7692307692307692,0.5591397849462365,0.053763440860215055,-195.5,-128.4427335866858
2025-03-10T04:50:00.000000,2025-03-10T04:51:00.000000,2025,2025-03,4,51,19962.5,19971.0,19945.5,8.5,-8.5,stop,2,0.9117647058823529,1.784776902887139,0.6451612903225806,0.06451612903225806,-184.25,-90.96443518222804
2025-03-10T07:35:00.000000,2025-03-10T07:36:00.000000,2025,2025-03,7,36,19849.25,19860.75,19826.25,11.5,23.0,target,1,0.3949579831932773,1.5678524374176548,0.7078651685393258,0.08426966292134831,-297.5,-136.96101472794908
2025-03-10T16:09:00.000000,2025-03-10T16:10:00.000000,2025,2025-03,16,10,19389.25,19407.75,19352.25,18.5,-18.5,stop,7,0.4068965517241379,3.3218785796105386,0.5466666666666666,0.10666666666666667,-758.0,-250.7037460697502
2025-03-12T01:01:00.000000,2025-03-12T01:02:00.000000,2025,2025-03,1,2,19418.0,19428.25,19397.5,10.25,-10.25,stop,5,0.8285714285714286,2.13089802130898,0.5,0.09523809523809523,-268.5,-41.899671751303686
2025-03-14T02:01:00.000000,2025-03-14T02:02:00.000000,2025,2025-03,2,2,19380.75,19396.5,19349.25,15.75,-15.75,stop,2,0.7352941176470589,2.079510703363914,0.603448275862069,0.05172413793103448,-314.0,-29.865047233466612
2025-03-18T08:10:00.000000,2025-03-18T08:11:00.000000,2025,2025-03,8,11,19697.75,19720.25,19652.75,22.5,45.0,target,4,0.40414507772020725,1.6595012897678418,0.6521739130434783,0.08695652173913043,-465.75,-141.33938343831687
2025-03-18T20:51:00.000000,2025-03-18T20:52:00.000000,2025,2025-03,20,52,19563.25,19565.5,19558.75,2.25,4.5,target,2,0.3888888888888889,1.9618528610354222,0.6666666666666666,0.0,-499.0,-121.71366033230515
2025-03-20T07:04:00.000000,2025-03-20T07:05:00.000000,2025,2025-03,7,5,19810.25,19815.0,19800.75,4.75,9.5,target,2,0.4266666666666667,1.8679950186799503,0.75,0.10714285714285714,-333.25,-104.51039497672537
2025-03-20T16:01:00.000000,2025-03-20T16:02:00.000000,2025,2025-03,16,2,19897.5,19904.0,19884.5,6.5,13.0,target,8,0.7307692307692307,3.7142857142857144,0.64,0.0,-243.25,-28.013667118571902
2025-03-21T00:14:00.000000,2025-03-21T00:15:00.000000,2025,2025-03,0,15,19853.5,19857.5,19845.5,4.0,-4.0,stop,12,0.36666666666666664,1.829268292682927,0.5769230769230769,0.07692307692307693,-251.75,-37.56947080134705
2025-03-21T02:54:00.000000,2025-03-21T02:55:00.000000,2025,2025-03,2,55,19791.75,19797.5,19780.25,5.75,-5.75,stop,4,0.48148148148148145,1.654749744637385,0.6451612903225806,0.0,-313.5,-69.83482683735201
2025-03-25T03:01:00.000000,2025-03-25T03:02:00.000000,2025,2025-03,3,2,20304.75,20310.75,20292.75,6.0,-6.0,stop,2,0.6774193548387096,1.5384615384615385,0.5882352941176471,0.058823529411764705,-105.5,-35.432141948615026
2025-03-26T12:45:00.000000,2025-03-26T12:46:00.000000,2025,2025-03,12,46,20089.25,20093.0,20081.75,3.75,7.5,target,1,0.463768115942029,1.5628539071347678,0.7,0.03333333333333333,-442.5,-187.543348257248
2025-03-28T08:32:00.000000,2025-03-28T08:33:00.000000,2025,2025-03,8,33,19617.0,19646.0,19559.0,29.0,-29.0,stop,10,0.3106060606060606,1.5189873417721518,0.6782608695652174,0.06956521739130435,-582.25,-235.50725807401977
2025-03-30T17:25:00.000000,2025-03-30T17:26:00.000000,2025,2025-03,17,26,19262.0,19282.0,19222.0,20.0,40.0,target,4,0.36363636363636365,3.6555891238670695,0.7304347826086957,0.06956521739130435,-102.75,-31.31663459225456
2025-03-31T19:09:00.000000,2025-03-31T19:10:00.000000,2025,2025-03,19,10,19295.25,19303.75,19278.25,8.5,-8.5,stop,2,0.3283582089552239,1.7842876165113184,0.5277777777777778,0.1111111111111111,-195.25,-33.73638112069966
2025-04-02T03:54:00.000000,2025-04-02T03:55:00.000000,2025,2025-04,3,55,19516.75,19525.75,19498.75,9.0,18.0,target,8,0.3888888888888889,1.5686274509803921,0.5,0.1,-180.25,-43.25905981371761
2025-04-02T17:06:00.000000,2025-04-02T17:07:00.000000,2025,2025-04,17,7,18877.0,18888.75,18853.5,11.75,-11.75,stop,2,0.5359477124183006,1.549367088607595,0.6607142857142857,0.0,-1167.0,-721.1747271063541
2025-04-04T03:03:00.000000,2025-04-04T03:04:00.000000,2025,2025-04,3,4,18575.75,18584.0,18559.25,8.25,16.5,target,3,0.4666666666666667,1.5151515151515151,0.6571428571428571,0.0,-601.0,-33.307835696690745
2025-04-10T13:56:00.000000,2025-04-10T13:57:00.000000,2025,2025-04,13,57,18539.5,18557.5,18503.5,18.0,36.0,target,2,0.6319018404907976,2.1077586206896552,0.7342857142857143,0.09428571428571429,-847.0,-25.881830492584413
2025-04-13T17:01:00.000000,2025-04-13T17:02:00.000000,2025,2025-04,17,2,18970.0,18981.75,18946.5,11.75,-11.75,stop,2,0.7889908256880734,1.6292974588938713,0.5569620253164557,0.0,-282.25,-53.31851984818786
2025-04-14T09:42:00.000000,2025-04-14T09:43:00.000000,2025,2025-04,9,43,18888.25,18906.75,18851.25,18.5,-18.5,stop,2,0.5,1.5082956259426847,0.4864864864864865,0.10810810810810811,-361.75,-204.01922383082638
2025-04-14T17:05:00.000000,2025-04-14T17:06:00.000000,2025,2025-04,17,6,18836.75,18848.5,18813.25,11.75,-11.75,stop,6,0.5714285714285714,1.8621523579201935,0.65625,0.09375,-418.0,-170.09766857672366
2025-04-15T22:17:00.000000,2025-04-15T22:18:00.000000,2025,2025-04,22,18,18665.0,18670.0,18655.0,5.0,-5.0,stop,6,0.38461538461538464,1.839622641509434,0.6111111111111112,0.05555555555555555,-481.0,-29.115283965569688
2025-04-16T01:59:00.000000,2025-04-16T02:00:00.000000,2025,2025-04,2,0,18522.5,18546.5,18474.5,24.0,-24.0,stop,2,0.8387096774193549,1.887366818873668,0.6,0.02857142857142857,-625.25,-105.80978370822777
2025-04-16T13:56:00.000000,2025-04-16T13:57:00.000000,2025,2025-04,13,57,18391.0,18400.25,18372.5,9.25,18.5,target,3,0.7794117647058824,2.2713987473903967,0.6185567010309279,0.061855670103092786,-754.25,-119.61268527301581
2025-04-20T22:32:00.000000,2025-04-20T22:33:00.000000,2025,2025-04,22,33,18239.5,18243.5,18231.5,4.0,8.0,target,10,0.4375,1.8991097922848663,0.6666666666666666,0.0,-143.5,-36.04384049858345
2025-04-20T23:31:00.000000,2025-04-20T23:32:00.000000,2025,2025-04,23,32,18230.5,18236.0,18219.5,5.5,11.0,target,5,0.3448275862068966,1.5803814713896456,0.5294117647058824,0.058823529411764705,-153.5,-42.35293509001713
2025-04-21T02:56:00.000000,2025-04-21T02:57:00.000000,2025,2025-04,2,57,18171.0,18176.5,18160.0,5.5,-5.5,stop,2,0.5652173913043478,1.9532908704883227,0.5555555555555556,0.07407407407407407,-211.5,-72.69221700736307
2025-04-21T03:11:00.000000,2025-04-21T03:12:00.000000,2025,2025-04,3,12,18148.0,18160.5,18123.0,12.5,-12.5,stop,14,0.5,2.1206581352833638,0.575,0.0,-235.0,-94.36607433974496
2025-04-23T23:04:00.000000,2025-04-23T23:05:00.000000,2025,2025-04,23,5,18766.0,18775.0,18748.0,9.0,-9.0,stop,2,0.3225806451612903,1.9076923076923078,0.5263157894736842,0.0,-400.0,-26.021269112585287
2025-04-29T07:38:00.000000,2025-04-29T07:39:00.000000,2025,2025-04,7,39,19411.0,19438.25,19356.5,27.25,-27.25,stop,2,0.3700787401574803,1.6418875242404656,0.4608695652173913,0.11304347826086956,-212.25,-94.63033752805495
2025-05-01T16:01:00.000000,2025-05-01T16:02:00.000000,2025,2025-05,16,2,19783.75,19799.0,19753.25,15.25,30.5,target,6,0.4375,1.864801864801865,0.49056603773584906,0.05660377358490566,-151.5,-187.91180193317632
2025-05-01T17:46:00.000000,2025-05-01T17:47:00.000000,2025,2025-05,17,47,19792.25,19801.0,19774.75,8.75,-8.75,stop,9,0.75,1.839080459770115,0.7307692307692307,0.07692307692307693,-332.75,-176.68182887974763
2025-05-02T02:04:00.000000,2025-05-02T02:05:00.000000,2025,2025-05,2,5,19895.0,19918.5,19848.0,23.5,-23.5,stop,5,0.4925373134328358,1.9881305637982194,0.5111111111111111,0.06666666666666667,-231.5,-30.507764456619043
2025-05-05T17:21:00.000000,2025-05-05T17:22:00.000000,2025,2025-05,17,22,20031.0,20037.25,20018.5,6.25,12.5,target,9,0.5454545454545454,1.7813765182186236,0.75,0.0625,-161.5,-46.70889932357022
2025-05-05T23:59:00.000000,2025-05-06T00:00:00.000000,2025,2025-05,0,0,19922.5,19930.75,19906.0,8.25,-8.25,stop,2,0.345679012345679,4.039900249376559,0.75,0.1,-268.5,-44.94032391557994
2025-05-06T20:45:00.000000,2025-05-06T20:46:00.000000,2025,2025-05,20,46,19987.25,19998.25,19965.25,11.0,-11.0,stop,12,0.4098360655737705,1.5404040404040404,0.5757575757575758,0.0,-147.0,-62.19891411648496
2025-05-06T23:42:00.000000,2025-05-06T23:43:00.000000,2025,2025-05,23,43,19976.0,19986.5,19955.0,10.5,-10.5,stop,21,0.64,2.0242914979757085,0.6666666666666666,0.0,-156.75,-56.38025069298601
2025-05-07T03:33:00.000000,2025-05-07T03:34:00.000000,2025,2025-05,3,34,19978.0,19988.5,19957.0,10.5,-10.5,stop,6,0.4146341463414634,1.9339622641509435,0.6904761904761905,0.11904761904761904,-156.5,-38.80665391902221
2025-05-07T07:16:00.000000,2025-05-07T07:17:00.000000,2025,2025-05,7,17,19904.0,19909.0,19894.0,5.0,10.0,target,4,0.4146341463414634,1.7634408602150538,0.6774193548387096,0.06451612903225806,-230.25,-87.8900677734564
2025-05-15T18:51:00.000000,2025-05-15T18:52:00.000000,2025,2025-05,18,52,21372.75,21377.25,21363.75,4.5,9.0,target,5,0.40540540540540543,1.510204081632653,0.64,0.08,-156.25,-30.62240174672479
2025-05-18T20:08:00.000000,2025-05-18T20:09:00.000000,2025,2025-05,20,9,21276.75,21282.0,21266.25,5.25,10.5,target,4,0.4576271186440678,2.4789915966386555,0.6346153846153846,0.07692307692307693,-98.5,-25.134691376551928
2025-05-19T19:47:00.000000,2025-05-19T19:48:00.000000,2025,2025-05,19,48,21455.0,21459.75,21445.5,4.75,-4.75,stop,10,0.3488372093023256,1.6506717850287906,0.6666666666666666,0.037037037037037035,-90.75,-45.17162706091767
2025-05-20T00:32:00.000000,2025-05-20T00:33:00.000000,2025,2025-05,0,33,21409.0,21418.75,21389.5,9.75,-9.75,stop,3,0.41304347826086957,1.6283185840707965,0.5833333333333334,0.041666666666666664,-135.5,-54.01864710092923
2025-05-20T08:29:00.000000,2025-05-20T08:30:00.000000,2025,2025-05,8,30,21393.25,21402.75,21374.25,9.5,-9.5,stop,2,0.39344262295081966,1.9426751592356688,0.5,0.025,-149.5,-32.923278884954925
2025-05-21T03:47:00.000000,2025-05-21T03:48:00.000000,2025,2025-05,3,48,21279.5,21283.5,21271.5,4.0,-4.0,stop,4,0.49122807017543857,1.8269230769230769,0.6785714285714286,0.0,-283.0,-70.66888705494057
2025-05-21T16:06:00.000000,2025-05-21T16:07:00.000000,2025,2025-05,16,7,21149.75,21155.75,21137.75,6.0,12.0,target,1,0.3069306930693069,3.400673400673401,0.47368421052631576,0.07894736842105263,-412.75,-172.34174218338376
2025-05-23T07:21:00.000000,2025-05-23T07:22:00.000000,2025,2025-05,7,22,20777.75,20802.5,20728.25,24.75,-24.75,stop,4,0.9339622641509434,1.613394216133942,0.6989247311827957,0.0967741935483871,-558.0,-206.45395380122864
2025-05-26T19:19:00.000000,2025-05-26T19:20:00.000000,2025,2025-05,19,20,21187.0,21198.75,21163.5,11.75,-11.75,stop,12,0.35,1.520912547528517,0.5641025641025641,0.0,-120.75,-27.907169009093195
2025-05-29T12:14:00.000000,2025-05-29T12:15:00.000000,2025,2025-05,12,15,21395.0,21406.25,21372.5,11.25,22.5,target,3,0.42045454545454547,1.7813765182186236,0.6097560975609756,0.04878048780487805,-202.5,-157.86970236150228
2025-05-30T07:46:00.000000,2025-05-30T07:47:00.000000,2025,2025-05,7,47,21304.25,21330.0,21252.75,25.75,51.5,target,5,0.35714285714285715,1.5013404825737264,0.7352941176470589,0.058823529411764705,-554.75,-40.18022334741545
2025-06-01T21:51:00.000000,2025-06-01T21:52:00.000000,2025,2025-06,21,52,21233.75,21237.75,21225.75,4.0,-4.0,stop,16,0.3191489361702128,2.8834355828220857,0.7307692307692307,0.038461538461538464,-114.25,-42.70540740319484
2025-06-01T22:38:00.000000,2025-06-01T22:39:00.000000,2025,2025-06,22,39,21243.5,21247.0,21236.5,3.5,7.0,target,9,0.6666666666666666,2.2988505747126435,0.7058823529411765,0.11764705882352941,-104.25,-28.67848993458756
2025-06-08T16:43:00.000000,2025-06-08T16:44:00.000000,2025,2025-06,16,44,21744.0,21750.0,21732.0,6.0,12.0,target,4,0.32,1.6207455429497568,0.5853658536585366,0.024390243902439025,-129.5,-28.497246814942628
2025-06-11T16:42:00.000000,2025-06-11T16:43:00.000000,2025,2025-06,16,43,21878.5,21885.25,21865.0,6.75,13.5,target,10,0.7037037037037037,1.542857142857143,0.6923076923076923,0.0,-112.75,-68.69020737258325
2025-06-12T20:26:00.000000,2025-06-12T20:27:00.000000,2025,2025-06,20,27,21558.25,21565.75,21543.25,7.5,15.0,target,4,0.55,1.8018018018018018,0.4897959183673469,0.0,-421.25,-44.91028993262444
2025-06-12T22:19:00.000000,2025-06-12T22:20:00.000000,2025,2025-06,22,20,21537.5,21547.75,21517.0,10.25,-10.25,stop,14,0.6190476190476191,3.0973451327433628,0.7272727272727273,0.0,-442.25,-49.338372367681586
2025-06-12T23:24:00.000000,2025-06-12T23:25:00.000000,2025,2025-06,23,25,21551.25,21558.5,21536.75,7.25,-7.25,stop,2,0.5849056603773585,1.8928571428571428,0.46153846153846156,0.0,-425.25,-29.82807845084244
2025-06-13T12:41:00.000000,2025-06-13T12:42:00.000000,2025,2025-06,12,42,21618.75,21646.25,21563.75,27.5,-27.5,stop,4,0.583941605839416,1.7943680419122463,0.5523809523809524,0.02857142857142857,-358.5,-86.11544760036486
2025-06-17T16:49:00.000000,2025-06-17T16:50:00.000000,2025,2025-06,16,50,21885.75,21891.0,21875.25,5.25,10.5,target,8,0.7954545454545454,1.5547703180212014,0.6521739130434783,0.08695652173913043,-335.25,-154.1487624564652
2025-06-17T17:52:00.000000,2025-06-17T17:53:00.000000,2025,2025-06,17,53,21920.5,21928.0,21905.5,7.5,15.0,target,2,0.4,1.8242122719734661,0.66,0.0,-215.0,-119.19705290005732
2025-06-18T14:48:00.000000,2025-06-18T14:49:00.000000,2025,2025-06,14,49,21965.0,21972.5,21950.0,7.5,-7.5,stop,4,0.4318181818181818,2.105263157894737,0.7142857142857143,0.09523809523809523,-169.25,-39.5212126109509
2025-06-18T16:06:00.000000,2025-06-18T16:07:00.000000,2025,2025-06,16,7,21943.0,21951.25,21926.5,8.25,-8.25,stop,2,0.3728813559322034,2.309197651663405,0.5,0.0,-192.25,-62.405896082032996
2025-06-19T07:44:00.000000,2025-06-19T07:45:00.000000,2025,2025-06,7,45,21722.75,21731.75,21704.75,9.0,18.0,target,2,0.6197183098591549,1.7861635220125787,0.5185185185185185,0.037037037037037035,-374.5,-105.0390098868047
2025-07-01T00:31:00.000000,2025-07-01T00:32:00.000000,2025,2025-07,0,32,22838.0,22842.75,22828.5,4.75,-4.75,stop,10,0.75,2.0817843866171004,0.5384615384615384,0.11538461538461539,-96.25,-38.73299684830636
2025-07-01T06:33:00.000000,2025-07-01T06:34:00.000000,2025,2025-07,6,34,22792.0,22798.75,22778.5,6.75,13.5,target,4,0.4117647058823529,1.5407854984894258,0.5,0.08333333333333333,-142.25,-51.56469047823339
2025-07-01T14:00:00.000000,2025-07-01T14:01:00.000000,2025,2025-07,14,1,22681.0,22700.25,22642.5,19.25,-19.25,stop,61,0.3333333333333333,1.6263310745401742,0.6388888888888888,0.041666666666666664,-253.75,-54.94001224152453
2025-07-04T07:25:00.000000,2025-07-04T07:26:00.000000,2025,2025-07,7,26,22909.75,22918.5,22892.25,8.75,-8.75,stop,4,0.851063829787234,2.6330532212885154,0.7407407407407407,0.037037037037037035,-192.5,-51.990198188115755
2025-07-07T03:01:00.000000,2025-07-07T03:02:00.000000,2025,2025-07,3,2,22912.25,22917.5,22901.75,5.25,-5.25,stop,4,0.4482758620689655,1.5718157181571817,0.65,0.0,-118.0,-36.520051484425494
2025-07-07T16:26:00.000000,2025-07-07T16:27:00.000000,2025,2025-07,16,27,22823.5,22829.25,22812.0,5.75,-5.75,stop,5,0.34285714285714286,1.5981735159817352,0.56,0.0,-204.0,-76.50882950504456
2025-07-08T08:54:00.000000,2025-07-08T08:55:00.000000,2025,2025-07,8,55,22861.75,22869.25,22846.75,7.5,15.0,target,1,0.3723404255319149,1.5372035977105478,0.4791666666666667,0.10416666666666667,-143.5,-47.30309597180167
2025-07-08T09:30:00.000000,2025-07-08T09:31:00.000000,2025,2025-07,9,31,22876.75,22886.25,22857.75,9.5,-9.5,stop,3,0.40298507462686567,1.6164053075995173,0.675,0.05,-129.75,-29.579843447856547
2025-07-11T03:31:00.000000,2025-07-11T03:32:00.000000,2025,2025-07,3,32,22894.5,22900.75,22882.0,6.25,-6.25,stop,3,0.375,2.8959276018099547,0.5555555555555556,0.1111111111111111,-195.5,-26.71731704063859
2025-07-16T01:01:00.000000,2025-07-16T01:02:00.000000,2025,2025-07,1,2,22977.5,22983.5,22965.5,6.0,12.0,target,4,0.5319148936170213,2.4607329842931933,0.56,0.0,-245.5,-30.546906738891266
2025-07-29T13:12:00.000000,2025-07-29T13:13:00.000000,2025,2025-07,13,13,23479.0,23484.25,23468.5,5.25,10.5,target,10,0.47058823529411764,1.507760532150776,0.7307692307692307,0.038461538461538464,-106.5,-53.77073128390475
2025-08-11T16:01:00.000000,2025-08-11T16:02:00.000000,2025,2025-08,16,2,23647.5,23652.0,23638.5,4.5,9.0,target,3,0.5079365079365079,5.206611570247934,0.7441860465116279,0.046511627906976744,-123.0,-65.79545855973629
2025-08-15T03:36:00.000000,2025-08-15T03:37:00.000000,2025,2025-08,3,37,23886.25,23890.75,23877.25,4.5,-4.5,stop,10,0.5517241379310345,1.5466666666666666,0.47368421052631576,0.05263157894736842,-121.25,-32.11500576338585
2025-08-15T13:04:00.000000,2025-08-15T13:05:00.000000,2025,2025-08,13,5,23789.25,23798.25,23771.25,9.0,-9.0,stop,5,0.3723404255319149,2.4639580602883355,0.4594594594594595,0.08108108108108109,-218.25,-42.264900844089425
2025-08-19T13:51:00.000000,2025-08-19T13:52:00.000000,2025,2025-08,13,52,23453.5,23463.25,23434.0,9.75,-9.75,stop,6,0.7794117647058824,2.4727272727272727,0.6111111111111112,0.08333333333333333,-428.75,-139.31726788530432
2025-08-19T13:55:00.000000,2025-08-19T13:56:00.000000,2025,2025-08,13,56,23451.25,23459.0,23435.75,7.75,-7.75,stop,2,0.46551724137931033,1.880064829821718,0.7380952380952381,0.0,-430.75,-139.2227007196525
2025-08-19T16:01:00.000000,2025-08-19T16:02:00.000000,2025,2025-08,16,2,23471.25,23480.0,23453.75,8.75,-8.75,stop,2,0.34375,8.590604026845638,0.7317073170731707,0.07317073170731707,-413.25,-114.90399342688397
2025-08-19T16:03:00.000000,2025-08-19T16:04:00.000000,2025,2025-08,16,4,23480.0,23487.25,23465.5,7.25,14.5,target,9,0.7446808510638298,2.5474254742547426,0.6964285714285714,0.0,-402.75,-104.32739233767279
2025-08-19T17:06:00.000000,2025-08-19T17:07:00.000000,2025,2025-08,17,7,23462.25,23466.75,23453.25,4.5,-4.5,stop,2,0.5,1.5615615615615617,0.5909090909090909,0.045454545454545456,-363.0,-121.01564345231964
2025-08-19T17:52:00.000000,2025-08-19T17:53:00.000000,2025,2025-08,17,53,23417.0,23424.25,23402.5,7.25,-7.25,stop,2,0.30303030303030304,1.8282548476454292,0.5,0.1,-407.25,-164.05195099530465
2025-08-20T07:57:00.000000,2025-08-20T07:58:00.000000,2025,2025-08,7,58,23192.5,23208.0,23161.5,15.5,31.0,target,2,0.6894736842105263,1.690391459074733,0.45528455284552843,0.08943089430894309,-632.5,-156.2058552177623
2025-08-21T05:38:00.000000,2025-08-21T05:39:00.000000,2025,2025-08,5,39,23288.75,23292.75,23280.75,4.0,-4.0,stop,2,0.34146341463414637,1.9854721549636805,0.7083333333333334,0.041666666666666664,-178.25,-32.84966649787748
2025-08-21T06:19:00.000000,2025-08-21T06:20:00.000000,2025,2025-08,6,20,23231.5,23236.0,23222.5,4.5,-4.5,stop,4,0.36,1.5082956259426847,0.6176470588235294,0.08823529411764706,-236.0,-82.43222969085764
2025-08-21T12:07:00.000000,2025-08-21T12:08:00.000000,2025,2025-08,12,8,23199.75,23216.25,23166.75,16.5,-16.5,stop,10,0.515625,1.514792899408284,0.7142857142857143,0.06349206349206349,-268.0,-45.782319371253834
2025-08-25T03:05:00.000000,2025-08-25T03:06:00.000000,2025,2025-08,3,6,23511.25,23514.25,23505.25,3.0,6.0,target,1,0.46153846153846156,1.6149068322981366,0.5555555555555556,0.0,-96.25,-31.44875559483262
2025-08-25T17:16:00.000000,2025-08-25T17:17:00.000000,2025,2025-08,17,17,23509.5,23513.75,23501.0,4.25,8.5,target,10,0.47058823529411764,2.0238095238095237,0.5555555555555556,0.0,-107.0,-30.757725502186076
2025-08-29T04:04:00.000000,2025-08-29T04:05:00.000000,2025,2025-08,4,5,23645.0,23648.0,23639.0,3.0,-3.0,stop,2,0.3333333333333333,1.7553191489361701,0.6666666666666666,0.0,-159.25,-48.834736223940126
2025-08-29T06:02:00.000000,2025-08-29T06:03:00.000000,2025,2025-08,6,3,23639.5,23646.25,23626.0,6.75,13.5,target,3,0.9259259259259259,1.602373887240356,0.5555555555555556,0.0,-164.0,-43.461114355231985
2025-08-31T22:37:00.000000,2025-08-31T22:38:00.000000,2025,2025-08,22,38,23413.25,23422.0,23395.75,8.75,-8.75,stop,8,0.6341463414634146,2.1298701298701297,0.6363636363636364,0.06060606060606061,-124.75,-74.30891727614289
2025-09-15T03:21:00.000000,2025-09-15T03:22:00.000000,2025,2025-09,3,22,24082.0,24088.0,24070.0,6.0,-6.0,stop,2,0.46153846153846156,1.6560509554140128,0.5,0.0,-280.5,-97.39300060469759
2025-09-15T05:32:00.000000,2025-09-15T05:33:00.000000,2025,2025-09,5,33,24378.5,24381.5,24372.5,3.0,6.0,target,4,0.35714285714285715,1.9047619047619049,0.6666666666666666,0.0,-225.25,-45.71796418377198
2025-09-22T06:13:00.000000,2025-09-22T06:14:00.000000,2025,2025-09,6,14,24770.0,24773.5,24763.0,3.5,-3.5,stop,4,0.4166666666666667,1.5189873417721518,0.7,0.1,-97.75,-42.14902620184512
2025-09-23T17:44:00.000000,2025-09-23T17:45:00.000000,2025,2025-09,17,45,24845.75,24850.5,24836.25,4.75,9.5,target,16,0.4375,1.8497109826589595,0.75,0.0,-180.75,-56.88890037714009
2025-09-25T01:13:00.000000,2025-09-25T01:14:00.000000,2025,2025-09,1,14,24698.75,24709.75,24676.75,11.0,-11.0,stop,8,0.8064516129032258,1.5346534653465347,0.5714285714285714,0.0,-214.5,-60.88895057159243
2025-09-25T04:24:00.000000,2025-09-25T04:25:00.000000,2025,2025-09,4,25,24699.0,24704.0,24689.0,5.0,10.0,target,2,0.40540540540540543,1.85,0.5,0.08333333333333333,-214.0,-44.96674789543613
2025-09-25T06:32:00.000000,2025-09-25T06:33:00.000000,2025,2025-09,6,33,24595.25,24611.75,24562.25,16.5,33.0,target,16,0.8448275862068966,1.5696887686062244,0.6785714285714286,0.017857142857142856,-317.5,-102.20340496037534
2025-09-25T07:37:00.000000,2025-09-25T07:38:00.000000,2025,2025-09,7,38,24479.75,24497.0,24445.25,17.25,34.5,target,4,0.4090909090909091,2.0168067226890756,0.5344827586206896,0.05172413793103448,-433.75,-150.4558997715685
2025-10-01T01:01:00.000000,2025-10-01T01:02:00.000000,2025,2025-10,1,2,24650.5,24668.5,24614.5,18.0,-18.0,stop,2,0.691358024691358,1.5355450236966826,0.7352941176470589,0.058823529411764705,-262.75,-104.90659332181167
2025-10-07T09:41:00.000000,2025-10-07T09:42:00.000000,2025,2025-10,9,42,25042.5,25060.0,25007.5,17.5,-17.5,stop,2,0.6120689655172413,1.521311475409836,0.48717948717948717,0.02564102564102564,-210.5,-127.96388812426449
2025-10-07T16:01:00.000000,2025-10-07T16:02:00.000000,2025,2025-10,16,2,25062.5,25071.0,25045.5,8.5,-8.5,stop,2,0.3392857142857143,4.48,0.5833333333333334,0.0,-189.75,-47.40002803673997
2025-10-07T16:03:00.000000,2025-10-07T16:04:00.000000,2025,2025-10,16,4,25070.25,25074.5,25061.75,4.25,8.5,target,6,0.4583333333333333,1.6608996539792389,0.6666666666666666,0.0,-182.5,-40.13440984244153
2025-10-09T12:01:00.000000,2025-10-09T12:02:00.000000,2025,2025-10,12,2,25202.75,25218.25,25171.75,15.5,-15.5,stop,15,0.6507936507936508,1.6279069767441858,0.6724137931034483,0.10344827586206896,-166.25,-55.98260045047209
2025-10-10T13:51:00.000000,2025-10-10T13:52:00.000000,2025,2025-10,13,52,24493.25,24517.75,24444.25,24.5,49.0,target,3,0.34210526315789475,1.5833333333333333,0.5714285714285714,0.061224489795918366,-901.25,-418.0049389631895
2025-10-14T04:31:00.000000,2025-10-14T04:32:00.000000,2025,2025-10,4,32,24555.5,24577.5,24511.5,22.0,-22.0,stop,5,0.6120689655172413,2.290227048371175,0.5465116279069767,0.11627906976744186,-408.5,-205.69658172874915
2025-10-14T06:22:00.000000,2025-10-14T06:23:00.000000,2025,2025-10,6,23,24644.5,24650.5,24632.5,6.0,-6.0,stop,4,0.42857142857142855,1.5184381778741864,0.46153846153846156,0.07692307692307693,-321.25,-84.14711377201093
2025-10-22T07:38:00.000000,2025-10-22T07:39:00.000000,2025,2025-10,7,39,25202.0,25228.5,25149.0,26.5,-26.5,stop,2,0.3917525773195876,1.8198874296435272,0.7017543859649122,0.07017543859649122,-166.25,-49.1697754017041
2025-10-22T14:44:00.000000,2025-10-22T14:45:00.000000,2025,2025-10,14,45,25044.5,25048.0,25037.5,3.5,7.0,target,5,0.3076923076923077,1.6182572614107882,0.71875,0.03125,-324.0,-31.05641105361792
2025-10-23T06:33:00.000000,2025-10-23T06:34:00.000000,2025,2025-10,6,34,24957.75,24964.0,24945.25,6.25,12.5,target,2,0.3516483516483517,2.0681818181818183,0.47058823529411764,0.08823529411764706,-380.0,-86.146720566976
2025-10-29T22:16:00.000000,2025-10-29T22:17:00.000000,2025,2025-10,22,17,26213.0,26235.25,26168.5,22.25,-22.25,stop,2,0.4090909090909091,1.6438356164383563,0.6560509554140127,0.0,-165.75,-94.6759174704639
2025-11-03T23:03:00.000000,2025-11-03T23:04:00.000000,2025,2025-11,23,4,25922.0,25925.0,25916.0,3.0,6.0,target,1,0.6842105263157895,1.6888888888888889,0.75,0.0,-344.5,-54.669781980894186
2025-11-03T23:43:00.000000,2025-11-03T23:44:00.000000,2025,2025-11,23,44,25830.25,25846.0,25798.75,15.75,-15.75,stop,2,0.39622641509433965,1.50354609929078,0.7368421052631579,0.05263157894736842,-435.5,-128.20431575355178
2025-11-04T00:04:00.000000,2025-11-04T00:05:00.000000,2025,2025-11,0,5,25810.25,25821.0,25788.75,10.75,21.5,target,4,0.3855421686746988,1.5427509293680297,0.5535714285714286,0.10714285714285714,-455.0,-130.85540711735666
2025-11-04T03:24:00.000000,2025-11-04T03:25:00.000000,2025,2025-11,3,25,25726.25,25743.5,25691.75,17.25,-17.25,stop,7,0.7272727272727273,1.7620137299771166,0.68,0.0,-537.0,-128.20382725550735
2025-11-04T14:47:00.000000,2025-11-04T14:48:00.000000,2025,2025-11,14,48,25619.75,25633.5,25592.25,13.75,27.5,target,2,0.4606741573033708,1.6036036036036037,0.5098039215686274,0.11764705882352941,-645.75,-124.16630310990513
2025-11-04T15:16:00.000000,2025-11-04T15:17:00.000000,2025,2025-11,15,17,25561.0,25583.25,25516.5,22.25,-22.25,stop,39,0.7920792079207921,3.7686567164179103,0.6086956521739131,0.11956521739130435,-706.0,-172.1149143688126
2025-11-06T19:09:00.000000,2025-11-06T19:10:00.000000,2025,2025-11,19,10,25278.25,25296.25,25242.25,18.0,-18.0,stop,2,0.42718446601941745,2.261251372118551,0.6710526315789473,0.09210526315789473,-545.25,-41.02427406606148
2025-11-06T21:35:00.000000,2025-11-06T21:36:00.000000,2025,2025-11,21,36,25233.5,25237.75,25225.0,4.25,8.5,target,1,0.35,1.5151515151515151,0.47368421052631576,0.05263157894736842,-588.75,-40.56717431084326
2025-11-07T06:01:00.000000,2025-11-07T06:02:00.000000,2025,2025-11,6,2,25164.0,25176.0,25140.0,12.0,-12.0,stop,4,0.3942307692307692,1.9696969696969697,0.5217391304347826,0.043478260869565216,-659.25,-87.69522823913576
2025-11-07T08:26:00.000000,2025-11-07T08:27:00.000000,2025,2025-11,8,27,25108.0,25122.0,25080.0,14.0,28.0,target,4,0.3333333333333333,2.0431328036322363,0.5573770491803278,0.02459016393442623,-715.0,-101.14947392423346
2025-11-07T08:28:00.000000,2025-11-07T08:29:00.000000,2025,2025-11,8,29,25102.0,25117.25,25071.5,15.25,30.5,target,2,0.4,1.6881827209533267,0.5428571428571428,0.0,-720.5,-105.5783437189566
2025-11-07T11:21:00.000000,2025-11-07T11:22:00.000000,2025,2025-11,11,22,24825.75,24836.75,24803.75,11.0,-11.0,stop,2,0.43902439024390244,1.6644113667117726,0.616822429906542,0.08411214953271028,-996.75,-178.41219122975235
2025-11-11T03:32:00.000000,2025-11-11T03:33:00.000000,2025,2025-11,3,33,25629.75,25643.5,25602.25,13.75,27.5,target,21,0.4791666666666667,1.791044776119403,0.5384615384615384,0.11538461538461539,-130.5,-65.48461945242525
2025-11-12T17:33:00.000000,2025-11-12T17:34:00.000000,2025,2025-11,17,34,25552.75,25556.75,25544.75,4.0,8.0,target,1,0.3023255813953488,3.1891223733003704,0.75,0.019230769230769232,-278.25,-66.20654561441188
2025-11-12T17:52:00.000000,2025-11-12T17:53:00.000000,2025,2025-11,17,53,25507.75,25519.5,25484.25,11.75,-11.75,stop,3,0.620253164556962,1.6492693110647183,0.5454545454545454,0.06818181818181818,-322.75,-110.08025216590613
2025-11-13T08:01:00.000000,2025-11-13T08:02:00.000000,2025,2025-11,8,2,25497.75,25511.5,25470.25,13.75,27.5,target,6,0.62,2.109704641350211,0.5,0.10344827586206896,-333.5,-119.98251559946584
2025-11-13T13:56:00.000000,2025-11-13T13:57:00.000000,2025,2025-11,13,57,25035.5,25052.25,25002.0,16.75,-16.75,stop,2,0.4968152866242038,1.710239651416122,0.6444444444444445,0.0,-792.75,-267.31675583562173
2025-11-14T02:02:00.000000,2025-11-14T02:03:00.000000,2025,2025-11,2,3,24992.25,25014.0,24948.75,21.75,43.5,target,13,0.3305084745762712,2.0921985815602837,0.6794871794871795,0.0,-729.0,-65.78085583842767
2025-11-14T07:31:00.000000,2025-11-14T07:32:00.000000,2025,2025-11,7,32,24716.25,24729.25,24690.25,13.0,26.0,target,3,0.6090909090909091,1.5725518227305217,0.5086206896551724,0.04310344827586207,-1007.25,-209.5957381158405
2025-11-17T07:51:00.000000,2025-11-17T07:52:00.000000,2025,2025-11,7,52,25030.5,25042.0,25007.5,11.5,-11.5,stop,2,0.5882352941176471,1.6666666666666667,0.7045454545454546,0.11363636363636363,-262.75,-183.6950134445833
2025-11-18T01:56:00.000000,2025-11-18T01:57:00.000000,2025,2025-11,1,57,24701.75,24711.25,24682.75,9.5,-9.5,stop,4,0.7428571428571429,1.5625,0.5853658536585366,0.0,-660.25,-69.99833687021601
2025-11-18T06:40:00.000000,2025-11-18T06:41:00.000000,2025,2025-11,6,41,24737.0,24755.5,24700.0,18.5,37.0,target,5,0.4069767441860465,1.699604743083004,0.7162162162162162,0.02702702702702703,-625.75,-40.523254312571225
2025-11-18T17:01:00.000000,2025-11-18T17:02:00.000000,2025,2025-11,17,2,24570.25,24583.0,24544.75,12.75,-12.75,stop,3,0.3504273504273504,3.0,0.6283185840707964,0.05309734513274336,-391.25,-86.6922694630266
2025-11-18T21:49:00.000000,2025-11-18T21:50:00.000000,2025,2025-11,21,50,24539.75,24553.5,24512.25,13.75,27.5,target,22,0.44339622641509435,2.5059101654846336,0.5,0.021739130434782608,-419.25,-37.002920042581536
2025-11-21T01:47:00.000000,2025-11-21T01:48:00.000000,2025,2025-11,1,48,24106.0,24124.25,24069.5,18.25,36.5,target,7,0.32673267326732675,1.738382099827883,0.6891891891891891,0.0945945945945946,-1204.5,-70.8401692396219
2025-11-24T04:56:00.000000,2025-11-24T04:57:00.000000,2025,2025-11,4,57,24411.75,24425.25,24384.75,13.5,-13.5,stop,2,0.40425531914893614,1.952232606438214,0.46296296296296297,0.1111111111111111,-185.0,-51.47490232828204
2025-11-25T04:31:00.000000,2025-11-25T04:32:00.000000,2025,2025-11,4,32,24849.0,24861.75,24823.5,12.75,-12.75,stop,3,0.45614035087719296,1.915966386554622,0.6,0.0,-143.5,-59.00766821522484
2025-11-30T18:26:00.000000,2025-11-30T18:27:00.000000,2025,2025-11,18,27,25377.75,25386.25,25360.75,8.5,-8.5,stop,2,0.46601941747572817,2.128099173553719,0.7288135593220338,0.0,-119.5,-28.773267973854672
2025-12-02T02:11:00.000000,2025-12-02T02:12:00.000000,2025,2025-12,2,12,25343.75,25350.0,25331.25,6.25,-6.25,stop,2,0.6481481481481481,1.8685121107266436,0.5526315789473685,0.0,-202.25,-44.52441445633667
2025-12-04T13:22:00.000000,2025-12-04T13:23:00.000000,2025,2025-12,13,23,25500.75,25521.25,25459.75,20.5,-20.5,stop,3,0.5365853658536586,2.5518672199170123,0.7,0.0,-186.0,-104.23866823429853
2025-12-08T11:27:00.000000,2025-12-08T11:28:00.000000,2025,2025-12,11,28,25610.0,25620.0,25590.0,10.0,-10.0,stop,3,0.4823529411764706,2.0631067961165046,0.5641025641025641,0.05128205128205128,-258.75,-117.70181042785771
2025-12-08T23:10:00.000000,2025-12-08T23:11:00.000000,2025,2025-12,23,11,25672.75,25680.0,25658.25,7.25,14.5,target,51,0.5384615384615384,2.0,0.75,0.0,-187.75,-28.490113081628806
2025-12-09T05:01:00.000000,2025-12-09T05:02:00.000000,2025,2025-12,5,2,25649.25,25664.0,25619.75,14.75,-14.75,stop,2,0.35526315789473684,1.8225419664268583,0.5964912280701754,0.08771929824561403,-211.75,-32.57476711574054
2025-12-09T07:26:00.000000,2025-12-09T07:27:00.000000,2025,2025-12,7,27,25650.0,25655.5,25639.0,5.5,11.0,target,6,0.3076923076923077,1.725663716814159,0.5555555555555556,0.0,-211.75,-27.319355589159386
2025-12-10T20:00:00.000000,2025-12-10T20:01:00.000000,2025,2025-12,20,1,25656.5,25663.25,25643.0,6.75,13.5,target,3,0.5757575757575758,1.5207373271889402,0.6363636363636364,0.0,-215.0,-31.21609023282872
2025-12-10T21:03:00.000000,2025-12-10T21:04:00.000000,2025,2025-12,21,4,25478.5,25494.5,25446.5,16.0,32.0,target,4,0.3392857142857143,4.080145719489982,0.5737704918032787,0.04918032786885246,-392.75,-141.446554825754
2025-12-12T08:23:00.000000,2025-12-12T08:24:00.000000,2025,2025-12,8,24,25596.5,25605.75,25578.0,9.25,18.5,target,4,0.30357142857142855,1.7283950617283952,0.4838709677419355,0.0967741935483871,-264.75,-26.806419923148496
2025-12-12T10:01:00.000000,2025-12-12T10:02:00.000000,2025,2025-12,10,2,25247.25,25276.5,25188.75,29.25,58.5,target,3,0.3148148148148148,1.8422174840085288,0.584,0.096,-615.25,-230.81522445029623
2025-12-15T13:42:00.000000,2025-12-15T13:43:00.000000,2025,2025-12,13,43,25368.0,25385.75,25332.5,17.75,-17.75,stop,13,0.34444444444444444,1.8556701030927836,0.640625,0.0625,-549.75,-40.164814586278226
2025-12-16T11:59:00.000000,2025-12-16T12:00:00.000000,2025,2025-12,12,0,25200.5,25217.0,25167.5,16.5,-16.5,stop,5,0.41605839416058393,2.1937550040032026,0.48333333333333334,0.03333333333333333,-467.5,-68.66492571241179
2025-12-18T15:43:00.000000,2025-12-18T15:44:00.000000,2025,2025-12,15,44,25205.0,25209.25,25196.5,4.25,8.5,target,1,0.52,1.7301038062283738,0.5,0.08333333333333333,-304.0,-55.19692823547666
2025-12-22T22:51:00.000000,2025-12-22T22:52:00.000000,2025,2025-12,22,52,25687.5,25690.75,25681.0,3.25,-3.25,stop,9,0.4444444444444444,1.5126050420168067,0.5555555555555556,0.1111111111111111,-106.75,-28.538549920762307
2025-12-23T00:01:00.000000,2025-12-23T00:02:00.000000,2025,2025-12,0,2,25679.75,25683.25,25672.75,3.5,7.0,target,9,0.6470588235294118,1.7,0.6666666666666666,0.08333333333333333,-114.25,-31.637003283522063
2025-12-23T00:31:00.000000,2025-12-23T00:32:00.000000,2025,2025-12,0,32,25667.25,25672.5,25656.75,5.25,-5.25,stop,33,0.4418604651162791,2.4022346368715084,0.6111111111111112,0.027777777777777776,-127.5,-40.48158704306843
2025-12-29T06:06:00.000000,2025-12-29T06:07:00.000000,2025,2025-12,6,7,25763.5,25769.5,25751.5,6.0,-6.0,stop,8,0.6818181818181818,2.2278481012658227,0.6875,0.0,-171.75,-42.26422863268817
2025-12-29T07:02:00.000000,2025-12-29T07:03:00.000000,2025,2025-12,7,3,25753.25,25763.25,25733.25,10.0,20.0,target,37,0.6140350877192983,2.4203821656050954,0.6,0.0,-183.0,-49.01319201276419
2025-12-29T11:29:00.000000,2025-12-29T11:30:00.000000,2025,2025-12,11,30,25658.75,25663.75,25648.75,5.0,-5.0,stop,2,0.33962264150943394,1.8466898954703834,0.6216216216216216,0.0,-277.0,-75.80591438404736
2026-01-07T21:43:00.000000,2026-01-07T21:44:00.000000,2026,2026-01,21,44,25779.75,25786.0,25767.25,6.25,-6.25,stop,32,0.36,1.5527950310559004,0.5,0.05555555555555555,-216.5,-34.25223964165707
2026-01-09T08:33:00.000000,2026-01-09T08:34:00.000000,2026,2026-01,8,34,25685.5,25696.75,25663.0,11.25,22.5,target,1,0.648,1.745810055865922,0.56,0.04,-165.0,-31.370600982663746
2026-01-13T11:59:00.000000,2026-01-13T12:00:00.000000,2026,2026-01,12,0,25876.5,25886.25,25857.0,9.75,19.5,target,2,0.34408602150537637,1.663685152057245,0.5609756097560976,0.0975609756097561,-143.25,-52.872306161658344
2026-01-13T14:28:00.000000,2026-01-13T14:29:00.000000,2026,2026-01,14,29,25834.25,25838.25,25826.25,4.0,8.0,target,2,0.4117647058823529,1.5596330275229355,0.6666666666666666,0.041666666666666664,-186.0,-81.10648880567169
2026-01-14T00:08:00.000000,2026-01-14T00:09:00.000000,2026,2026-01,0,9,25847.75,25856.25,25830.75,8.5,-8.5,stop,4,0.43333333333333335,2.013422818791946,0.5,0.10714285714285714,-199.5,-49.518451845186064
2026-01-18T21:25:00.000000,2026-01-18T21:26:00.000000,2026,2026-01,21,26,25372.25,25387.25,25342.25,15.0,-15.0,stop,5,0.9636363636363636,2.156862745098039,0.6470588235294118,0.0196078431372549,-518.25,-42.090412054942135
2026-01-19T01:09:00.000000,2026-01-19T01:10:00.000000,2026,2026-01,1,10,25362.25,25371.0,25344.75,8.75,-8.75,stop,3,0.625,1.7454545454545454,0.6153846153846154,0.038461538461538464,-528.25,-43.26033338144043
2026-01-20T03:38:00.000000,2026-01-20T03:39:00.000000,2026,2026-01,3,39,25116.0,25135.0,25078.0,19.0,-19.0,stop,18,0.3391304347826087,1.676384839650146,0.5507246376811594,0.014492753623188406,-356.0,-180.57095288787605
2026-01-20T04:06:00.000000,2026-01-20T04:07:00.000000,2026,2026-01,4,7,25125.0,25142.75,25089.5,17.75,-17.75,stop,4,0.4482758620689655,1.948488241881299,0.5094339622641509,0.018867924528301886,-349.0,-161.78635776036026
2026-01-20T06:01:00.000000,2026-01-20T06:02:00.000000,2026,2026-01,6,2,25205.0,25219.5,25176.0,14.5,-14.5,stop,5,0.45217391304347826,2.7845036319612593,0.5806451612903226,0.03225806451612903,-268.5,-64.84080373528195
2026-01-20T06:06:00.000000,2026-01-20T06:07:00.000000,2026,2026-01,6,7,25216.75,25224.25,25201.75,7.5,-7.5,stop,2,0.35384615384615387,1.5098722415795587,0.5714285714285714,0.02857142857142857,-255.75,-51.559163250429265
2026-01-23T03:01:00.000000,2026-01-23T03:02:00.000000,2026,2026-01,3,2,25621.5,25626.5,25611.5,5.0,10.0,target,1,0.32857142857142857,1.7478152309612984,0.7272727272727273,0.045454545454545456,-117.75,-47.738919686318695
2026-01-23T06:01:00.000000,2026-01-23T06:02:00.000000,2026,2026-01,6,2,25613.25,25616.75,25606.25,3.5,7.0,target,1,0.56,1.658374792703151,0.59375,0.0,-128.25,-28.01391391391371
2026-01-29T08:15:00.000000,2026-01-29T08:16:00.000000,2026,2026-01,8,16,26151.75,26159.25,26136.75,7.5,-7.5,stop,3,0.5873015873015873,1.6688741721854305,0.6666666666666666,0.0,-196.0,-37.20352113474655
2026-01-29T19:12:00.000000,2026-01-29T19:13:00.000000,2026,2026-01,19,13,25897.25,25919.0,25853.75,21.75,43.5,target,25,0.4166666666666667,1.775585696670777,0.6941176470588235,0.011764705882352941,-400.0,-41.5237568571938
2026-01-30T00:08:00.000000,2026-01-30T00:09:00.000000,2026,2026-01,0,9,25820.5,25829.0,25803.5,8.5,17.0,target,4,0.3125,1.5584415584415585,0.625,0.041666666666666664,-475.25,-41.671637487128464
2026-01-30T10:26:00.000000,2026-01-30T10:27:00.000000,2026,2026-01,10,27,25770.0,25798.5,25713.0,28.5,-28.5,stop,2,0.3262411347517731,1.5136876006441222,0.5689655172413793,0.0603448275862069,-526.75,-72.7462877639191
2026-01-30T11:22:00.000000,2026-01-30T11:23:00.000000,2026,2026-01,11,23,25758.0,25774.0,25726.0,16.0,-16.0,stop,4,0.30434782608695654,1.776061776061776,0.7297297297297297,0.05405405405405406,-537.75,-71.29926393282949
2026-02-01T20:51:00.000000,2026-02-01T20:52:00.000000,2026,2026-02,20,52,25382.25,25394.0,25358.75,11.75,23.5,target,2,0.39090909090909093,1.9031141868512111,0.6428571428571429,0.07142857142857142,-637.75,-108.67727848523282
2026-02-01T21:15:00.000000,2026-02-01T21:16:00.000000,2026,2026-02,21,16,25341.0,25353.0,25317.0,12.0,-12.0,stop,2,0.5434782608695652,3.3854645814167434,0.48484848484848486,0.06060606060606061,-676.5,-132.1496851410011
2026-02-04T03:45:00.000000,2026-02-04T03:46:00.000000,2026,2026-02,3,46,25389.0,25394.25,25378.5,5.25,10.5,target,3,0.6506024096385542,1.5630885122410545,0.6805555555555556,0.0,-641.25,-49.2939563065047
2026-02-04T07:25:00.000000,2026-02-04T07:26:00.000000,2026,2026-02,7,26,25392.5,25403.25,25371.0,10.75,-10.75,stop,9,0.726027397260274,1.655328798185941,0.58,0.04,-635.0,-41.39356216761371
2026-02-04T21:55:00.000000,2026-02-04T21:56:00.000000,2026,2026-02,21,56,24953.25,24967.75,24924.25,14.5,-14.5,stop,5,0.5185185185185185,1.8636755823986193,0.5,0.0,-563.0,-102.05481557377061
2026-02-09T06:45:00.000000,2026-02-09T06:46:00.000000,2026,2026-02,6,46,25082.75,25092.25,25063.75,9.5,-9.5,stop,2,0.40816326530612246,1.5146831530139102,0.5714285714285714,0.0,-140.0,-76.36956675904003
2026-02-12T17:06:00.000000,2026-02-12T17:07:00.000000,2026,2026-02,17,7,24837.5,24845.75,24821.0,8.25,-8.25,stop,4,0.6363636363636364,3.361111111111111,0.5217391304347826,0.014492753623188406,-584.0,-174.35727940328434
2026-02-13T06:59:00.000000,2026-02-13T07:00:00.000000,2026,2026-02,7,0,24694.0,24702.0,24678.0,8.0,-8.0,stop,2,0.37104072398190047,4.229665071770335,0.6491228070175439,0.03508771929824561,-724.25,-50.37638946154766
2026-02-16T08:16:00.000000,2026-02-16T08:17:00.000000,2026,2026-02,8,17,24786.25,24794.0,24770.75,7.75,15.5,target,1,0.3829787234042553,1.5562913907284768,0.5,0.08928571428571429,-209.25,-63.89086608632351
2026-02-16T11:09:00.000000,2026-02-16T11:10:00.000000,2026,2026-02,11,10,24720.0,24732.75,24694.5,12.75,-12.75,stop,18,0.35,1.574803149606299,0.7352941176470589,0.0,-275.5,-59.487674024669104
2026-02-16T19:50:00.000000,2026-02-16T19:51:00.000000,2026,2026-02,19,51,24754.25,24763.0,24736.75,8.75,17.5,target,1,0.3194444444444444,2.1524663677130045,0.48,0.0,-167.5,-47.37690023753021
2026-02-16T19:59:00.000000,2026-02-16T20:00:00.000000,2026,2026-02,20,0,24666.5,24682.25,24635.0,15.75,31.5,target,4,0.425531914893617,1.6711111111111112,0.6166666666666667,0.0,-253.25,-99.0729155193294
2026-02-16T21:06:00.000000,2026-02-16T21:07:00.000000,2026,2026-02,21,7,24623.5,24632.5,24605.5,9.0,-9.0,stop,3,0.30275229357798167,2.314225053078556,0.6703296703296703,0.0989010989010989,-297.0,-98.18324371263589
2026-02-16T22:34:00.000000,2026-02-16T22:35:00.000000,2026,2026-02,22,35,24601.5,24613.75,24577.0,12.25,-12.25,stop,13,0.3409090909090909,1.6666666666666667,0.6363636363636364,0.0,-321.5,-93.89897693405874
2026-02-19T07:02:00.000000,2026-02-19T07:03:00.000000,2026,2026-02,7,3,24864.25,24880.0,24832.75,15.75,31.5,target,15,0.6938775510204082,1.75,0.46153846153846156,0.09230769230769231,-265.0,-68.83572549652308
2026-02-22T19:34:00.000000,2026-02-22T19:35:00.000000,2026,2026-02,19,35,24859.5,24868.75,24841.0,9.25,-9.25,stop,4,0.4065934065934066,2.0871559633027523,0.5,0.0,-280.25,-28.752836583327735
2026-02-22T22:42:00.000000,2026-02-22T22:43:00.000000,2026,2026-02,22,43,24820.0,24829.25,24801.5,9.25,-9.25,stop,8,0.525,2.1108179419525066,0.6896551724137931,0.0,-318.75,-43.05824646687324
2026-02-23T13:30:00.000000,2026-02-23T13:31:00.000000,2026,2026-02,13,31,24723.25,24728.5,24712.75,5.25,10.5,target,1,0.3076923076923077,1.7607223476297968,0.7058823529411765,0.0392156862745098,-416.25,-111.64319558001807
2026-02-24T02:10:00.000000,2026-02-24T02:11:00.000000,2026,2026-02,2,11,24792.0,24812.5,24751.0,20.5,-20.5,stop,13,0.36065573770491804,1.5661103979460846,0.6216216216216216,0.0,-267.75,-44.7598252043972
2026-03-01T22:24:00.000000,2026-03-01T22:25:00.000000,2026,2026-03,22,25,24777.5,24785.5,24761.5,8.0,-8.0,stop,2,0.46938775510204084,2.028985507246377,0.5714285714285714,0.0,-323.5,-33.4838015380119
2026-03-02T22:53:00.000000,2026-03-02T22:54:00.000000,2026,2026-03,22,54,24802.25,24814.5,24777.75,12.25,-12.25,stop,7,0.4126984126984127,1.5949367088607596,0.4838709677419355,0.0,-296.25,-68.93215985799907
2026-03-02T23:02:00.000000,2026-03-02T23:03:00.000000,2026,2026-03,23,3,24817.25,24823.5,24804.75,6.25,12.5,target,2,0.31343283582089554,1.758530183727034,0.68,0.0,-283.75,-54.347617683069984
2026-03-03T01:29:00.000000,2026-03-03T01:30:00.000000,2026,2026-03,1,30,24703.75,24715.5,24680.25,11.75,23.5,target,8,0.4,1.5518913676042678,0.7428571428571429,0.05714285714285714,-397.25,-128.96167105895438
2026-03-03T20:37:00.000000,2026-03-03T20:38:00.000000,2026,2026-03,20,38,24600.75,24616.0,24570.25,15.25,-15.25,stop,3,0.43956043956043955,1.7025257249766135,0.5517241379310345,0.08620689655172414,-410.25,-94.35830538252776
2026-03-04T21:40:00.000000,2026-03-04T21:41:00.000000,2026,2026-03,21,41,25055.5,25064.0,25038.5,8.5,17.0,target,3,0.4605263157894737,1.5510204081632653,0.7021276595744681,0.0,-161.25,-73.02459403675311
2026-03-05T02:35:00.000000,2026-03-05T02:36:00.000000,2026,2026-03,2,36,25008.5,25025.25,24975.0,16.75,-16.75,stop,11,0.3387096774193548,1.7588652482269505,0.4805194805194805,0.09090909090909091,-208.0,-76.33963080651301
2026-03-05T07:06:00.000000,2026-03-05T07:07:00.000000,2026,2026-03,7,7,25047.75,25055.0,25033.25,7.25,14.5,target,3,0.3644859813084112,1.8228279386712094,0.7241379310344828,0.0,-170.75,-49.7456468200653
2026-03-06T06:02:00.000000,2026-03-06T06:03:00.000000,2026,2026-03,6,3,24853.25,24872.0,24815.75,18.75,-18.75,stop,12,0.3018867924528302,1.5373459028281362,0.7037037037037037,0.018518518518518517,-393.25,-161.53055355287506
2026-03-10T05:45:00.000000,2026-03-10T05:46:00.000000,2026,2026-03,5,46,24967.75,24982.25,24938.75,14.5,-14.5,stop,6,0.3561643835616438,1.5665236051502145,0.47540983606557374,0.09836065573770492,-91.5,-42.992787346898695
2026-03-10T23:47:00.000000,2026-03-10T23:48:00.000000,2026,2026-03,23,48,25034.75,25040.0,25024.25,5.25,-5.25,stop,2,0.38461538461538464,1.7647058823529411,0.5757575757575758,0.0,-183.0,-42.48824544110539
2026-03-11T20:34:00.000000,2026-03-11T20:35:00.000000,2026,2026-03,20,35,24740.75,24748.0,24726.25,7.25,14.5,target,1,0.32727272727272727,1.746031746031746,0.55,0.0,-439.0,-42.883691984290635
2026-03-16T21:00:00.000000,2026-03-16T21:01:00.000000,2026,2026-03,21,1,24794.75,24801.5,24781.25,6.75,-6.75,stop,15,0.32786885245901637,2.6872246696035242,0.6060606060606061,0.030303030303030304,-238.5,-31.32374167283342
2026-03-18T10:34:00.000000,2026-03-18T10:35:00.000000,2026,2026-03,10,35,24853.0,24877.75,24803.5,24.75,49.5,target,37,0.3089430894308943,2.597676874340021,0.7419354838709677,0.03225806451612903,-263.75,-109.92362128273453
2026-03-18T23:35:00.000000,2026-03-18T23:36:00.000000,2026,2026-03,23,36,24613.5,24619.0,24602.5,5.5,11.0,target,3,0.3333333333333333,1.5328467153284673,0.7222222222222222,0.027777777777777776,-595.75,-34.777744493894716
2026-03-20T14:38:00.000000,2026-03-20T14:39:00.000000,2026,2026-03,14,39,24168.5,24177.25,24151.0,8.75,-8.75,stop,4,0.36585365853658536,1.5270018621973929,0.5362318840579711,0.11594202898550725,-556.0,-118.14974449576766
2026-03-23T04:04:00.000000,2026-03-23T04:05:00.000000,2026,2026-03,4,5,23899.25,23906.0,23885.75,6.75,-6.75,stop,5,0.4318181818181818,1.7221135029354206,0.559322033898305,0.03389830508474576,-197.0,-46.206065352340374
2026-03-24T08:14:00.000000,2026-03-24T08:15:00.000000,2026,2026-03,8,15,24222.25,24231.25,24204.25,9.0,18.0,target,2,0.38974358974358975,1.6016427104722792,0.7354838709677419,0.11612903225806452,-540.5,-71.36416812902098
2026-03-24T20:50:00.000000,2026-03-24T20:51:00.000000,2026,2026-03,20,51,24363.5,24367.75,24355.0,4.25,8.5,target,1,0.39622641509433965,1.65625,0.6551724137931034,0.0,-186.75,-57.762243539724295
2026-03-24T23:56:00.000000,2026-03-24T23:57:00.000000,2026,2026-03,23,57,24375.75,24387.0,24353.25,11.25,22.5,target,28,0.4807692307692308,1.6377952755905512,0.6136363636363636,0.09090909090909091,-175.0,-32.22877177443297
2026-03-25T01:01:00.000000,2026-03-25T01:02:00.000000,2026,2026-03,1,2,24360.0,24375.0,24330.0,15.0,-15.0,stop,9,0.4411764705882353,1.752577319587629,0.5217391304347826,0.0,-188.5,-37.919998013607255
2026-03-26T00:07:00.000000,2026-03-26T00:08:00.000000,2026,2026-03,0,8,24255.75,24264.0,24239.25,8.25,16.5,target,6,0.5294117647058824,1.8279569892473118,0.6521739130434783,0.021739130434782608,-281.5,-76.29141285629885
2026-03-26T05:32:00.000000,2026-03-26T05:33:00.000000,2026,2026-03,5,33,24143.25,24147.0,24135.75,3.75,-3.75,stop,2,0.30666666666666664,1.820388349514563,0.717391304347826,0.0,-398.0,-116.51268775872086
2026-03-26T10:18:00.000000,2026-03-26T10:19:00.000000,2026,2026-03,10,19,24062.5,24072.75,24042.0,10.25,20.5,target,3,0.5592105263157895,2.4476650563607083,0.738255033557047,0.040268456375838924,-477.25,-103.0964896407495
2026-03-26T16:31:00.000000,2026-03-26T16:32:00.000000,2026,2026-03,16,32,23853.75,23868.0,23825.25,14.25,-14.25,stop,2,0.4044943820224719,1.9078242229367632,0.6181818181818182,0.05454545454545454,-686.75,-197.09102668092964
2026-03-27T05:09:00.000000,2026-03-27T05:10:00.000000,2026,2026-03,5,10,23630.75,23644.5,23603.25,13.75,-13.75,stop,6,0.5384615384615384,1.598360655737705,0.46511627906976744,0.06976744186046512,-790.5,-187.22861744196052
2026-03-29T17:33:00.000000,2026-03-29T17:34:00.000000,2026,2026-03,17,34,23149.0,23158.5,23130.0,9.5,-9.5,stop,7,0.4383561643835616,3.6775818639798485,0.48214285714285715,0.0,-93.0,-39.3532849559233
2026-03-30T16:03:00.000000,2026-03-30T16:04:00.000000,2026,2026-03,16,4,23140.0,23147.0,23126.0,7.0,-7.0,stop,2,0.35294117647058826,2.2222222222222223,0.6727272727272727,0.07272727272727272,-101.0,-150.13465531541806
2026-03-30T16:58:00.000000,2026-03-30T16:59:00.000000,2026,2026-03,16,59,23106.0,23117.0,23084.0,11.0,22.0,target,2,0.5454545454545454,2.2044088176352705,0.6097560975609756,0.0,-137.5,-184.98618174676085
2026-04-01T20:15:00.000000,2026-04-01T20:16:00.000000,2026,2026-04,20,16,23897.25,23906.25,23879.25,9.0,18.0,target,8,0.4016393442622951,1.7146872803935347,0.728,0.064,-450.5,-149.45793602143385
2026-04-02T06:11:00.000000,2026-04-02T06:12:00.000000,2026,2026-04,6,12,23671.0,23684.0,23645.0,13.0,-13.0,stop,2,0.40789473684210525,1.6170212765957446,0.5757575757575758,0.0,-677.0,-221.19986505108318
2026-04-02T21:41:00.000000,2026-04-02T21:42:00.000000,2026,2026-04,21,42,24166.0,24170.75,24156.5,4.75,-4.75,stop,12,0.3142857142857143,2.064896755162242,0.7142857142857143,0.0,-101.0,-37.02787521456776
2026-04-03T03:04:00.000000,2026-04-03T03:05:00.000000,2026,2026-04,3,5,24146.5,24151.0,24137.5,4.5,9.0,target,9,0.48,2.2831050228310503,0.6923076923076923,0.0,-121.0,-39.96018493581141
2026-04-03T04:23:00.000000,2026-04-03T04:24:00.000000,2026,2026-04,4,24,24143.25,24146.25,24137.25,3.0,6.0,target,2,0.391304347826087,1.5131578947368423,0.6428571428571429,0.0,-123.75,-39.68748427936589
2026-04-07T06:09:00.000000,2026-04-07T06:10:00.000000,2026,2026-04,6,10,24179.5,24189.0,24160.5,9.5,-9.5,stop,3,0.5371900826446281,1.8445121951219514,0.7014925373134329,0.05970149253731343,-272.25,-89.19483689409753
2026-04-16T21:15:00.000000,2026-04-16T21:16:00.000000,2026,2026-04,21,16,26452.75,26460.0,26438.25,7.25,-7.25,stop,4,0.5909090909090909,1.9642857142857144,0.48148148148148145,0.1111111111111111,-112.0,-27.288077081615484
2026-04-21T23:01:00.000000,2026-04-21T23:02:00.000000,2026,2026-04,23,2,26781.25,26786.0,26771.75,4.75,-4.75,stop,7,0.8703703703703703,2.9916897506925206,0.6785714285714286,0.0,-120.0,-26.89841966637323
2026-04-22T20:16:00.000000,2026-04-22T20:17:00.000000,2026,2026-04,20,17,26971.5,26979.75,26955.0,8.25,-8.25,stop,5,0.36619718309859156,2.903885480572597,0.5161290322580645,0.0,-163.75,-25.90962714600755
2026-04-22T21:32:00.000000,2026-04-22T21:33:00.000000,2026,2026-04,21,33,26897.25,26902.75,26886.25,5.5,11.0,target,3,0.55,1.775147928994083,0.4594594594594595,0.02702702702702703,-240.0,-86.42834453128671
2026-04-23T04:01:00.000000,2026-04-23T04:02:00.000000,2026,2026-04,4,2,26933.5,26944.25,26912.0,10.75,-10.75,stop,23,0.631578947368421,2.4622030237580996,0.6857142857142857,0.08571428571428572,-203.25,-35.316670502306806
2026-04-23T12:44:00.000000,2026-04-23T12:45:00.000000,2026,2026-04,12,45,26947.5,26955.0,26932.5,7.5,15.0,target,2,0.5617977528089888,1.5600350569675723,0.6470588235294118,0.029411764705882353,-188.5,-35.40480246455991
2026-04-27T21:47:00.000000,2026-04-27T21:48:00.000000,2026,2026-04,21,48,27414.0,27420.25,27401.5,6.25,-6.25,stop,23,0.7037037037037037,1.7419354838709677,0.47058823529411764,0.0,-128.5,-32.53360125769541
2026-04-27T23:39:00.000000,2026-04-27T23:40:00.000000,2026,2026-04,23,40,27367.5,27379.75,27343.0,12.25,24.5,target,64,0.3114754098360656,2.2761194029850746,0.6666666666666666,0.0,-174.5,-66.89135420821549
2026-04-28T01:56:00.000000,2026-04-28T01:57:00.000000,2026,2026-04,1,57,27336.75,27345.75,27318.75,9.0,18.0,target,5,0.46511627906976744,1.6014897579143388,0.6923076923076923,0.0,-208.0,-71.28658673366226
2026-04-28T03:01:00.000000,2026-04-28T03:02:00.000000,2026,2026-04,3,2,27346.25,27357.25,27324.25,11.0,22.0,target,22,0.7608695652173914,2.0399113082039912,0.6666666666666666,0.1111111111111111,-195.25,-46.240056844657374
2026-04-28T19:07:00.000000,2026-04-28T19:08:00.000000,2026,2026-04,19,8,27209.25,27238.75,27150.25,29.5,-29.5,stop,24,0.32558139534883723,1.6135084427767354,0.7410714285714286,0.026785714285714284,-302.5,-54.710456176318985
2026-04-29T22:07:00.000000,2026-04-29T22:08:00.000000,2026,2026-04,22,8,27355.0,27364.25,27336.5,9.25,-9.25,stop,2,0.4083333333333333,3.018867924528302,0.6052631578947368,0.0,-144.5,-147.52683273870207
2026-05-04T05:05:00.000000,2026-05-04T05:06:00.000000,2026,2026-05,5,6,27813.75,27826.25,27788.75,12.5,-12.5,stop,4,0.38461538461538464,2.4655172413793105,0.723404255319149,0.10638297872340426,-110.75,-33.426019966529566
2026-05-07T13:53:00.000000,2026-05-07T13:54:00.000000,2026,2026-05,13,54,28667.5,28683.0,28636.5,15.5,-15.5,stop,4,0.5089285714285714,3.558379666401906,0.6129032258064516,0.0967741935483871,-133.0,-69.99212242244903
