signal_time,entry_time,year,month,hour,minute,side,entry,stop,target,risk,result_points,exit_reason,bars_held,body_pct,lower_wick_pct,upper_wick_pct,dist_pdh,dist_vwap,sweep_count
2018-02-02T10:24:00.000000,2018-02-02T10:25:00.000000,2018,2018-02,10,25,long,6840.75,6838.5,6845.25,2.25,-2.25,stop,1,0.896551724137931,0.06896551724137931,0.034482758620689655,-146.75,-23.33517994390968,2
2018-02-02T10:43:00.000000,2018-02-02T10:44:00.000000,2018,2018-02,10,44,long,6838.75,6836.75,6842.75,2.0,-2.0,stop,2,0.8064516129032258,0.0,0.1935483870967742,-149.0,-24.229734047225065,1
2018-02-08T08:47:00.000000,2018-02-08T08:48:00.000000,2018,2018-02,8,48,long,6553.5,6551.0,6558.5,2.5,-2.5,stop,1,0.8235294117647058,0.0,0.17647058823529413,-164.75,-20.93705709454025,1
2018-02-08T10:10:00.000000,2018-02-08T10:11:00.000000,2018,2018-02,10,11,long,6494.0,6492.0,6498.0,2.0,-2.0,stop,1,0.9148936170212766,0.0425531914893617,0.0425531914893617,-223.25,-63.888626520889375,1
2018-02-08T10:17:00.000000,2018-02-08T10:18:00.000000,2018,2018-02,10,18,long,6483.25,6473.0,6503.75,10.25,-10.25,stop,2,0.7058823529411765,0.0,0.29411764705882354,-233.75,-71.4393824729832,1
2018-02-08T10:28:00.000000,2018-02-08T10:29:00.000000,2018,2018-02,10,29,long,6475.5,6459.5,6507.5,16.0,-16.0,stop,4,0.8225806451612904,0.03225806451612903,0.14516129032258066,-243.0,-76.46989070498694,1
2018-02-08T10:29:00.000000,2018-02-08T10:30:00.000000,2018,2018-02,10,30,long,6467.0,6465.0,6471.0,2.0,-2.0,stop,1,0.8717948717948718,0.0,0.1282051282051282,-250.75,-83.88222623154161,1
2018-02-08T10:36:00.000000,2018-02-08T10:37:00.000000,2018,2018-02,10,37,long,6482.75,6480.25,6487.75,2.5,-2.5,stop,1,0.85,0.075,0.075,-234.75,-65.47896297190437,1
2018-02-08T10:40:00.000000,2018-02-08T10:41:00.000000,2018,2018-02,10,41,long,6487.5,6485.25,6492.0,2.25,-2.25,stop,1,0.7948717948717948,0.0,0.20512820512820512,-230.5,-60.251722439174955,1
2018-02-08T10:50:00.000000,2018-02-08T10:51:00.000000,2018,2018-02,10,51,long,6493.25,6478.5,6522.75,14.75,-14.75,stop,23,0.7681159420289855,0.0,0.2318840579710145,-224.0,-51.522271496511166,1
2018-02-09T10:16:00.000000,2018-02-09T10:17:00.000000,2018,2018-02,10,17,long,6316.25,6314.5,6319.75,1.75,-1.75,stop,1,0.9629629629629629,0.018518518518518517,0.018518518518518517,-301.75,-41.43912801325223,5
2018-02-09T10:19:00.000000,2018-02-09T10:20:00.000000,2018,2018-02,10,20,long,6325.5,6304.5,6367.5,21.0,-21.0,stop,5,0.7128712871287128,0.0,0.2871287128712871,-294.0,-33.18771630094034,4
2018-02-09T10:41:00.000000,2018-02-09T10:42:00.000000,2018,2018-02,10,42,long,6329.0,6325.25,6336.5,3.75,-3.75,stop,1,0.8214285714285714,0.10714285714285714,0.07142857142857142,-290.5,-27.712273787596132,2
2018-03-01T08:45:00.000000,2018-03-01T08:46:00.000000,2018,2018-03,8,46,long,6831.25,6816.5,6860.75,14.75,-14.75,stop,8,0.8703703703703703,0.09259259259259259,0.037037037037037035,-139.0,-29.97463127553874,5
2018-03-01T08:48:00.000000,2018-03-01T08:49:00.000000,2018,2018-03,8,49,long,6835.5,6822.5,6861.5,13.0,-13.0,stop,4,0.7916666666666666,0.10416666666666667,0.10416666666666667,-135.25,-25.0363742407917,5
2018-03-02T08:41:00.000000,2018-03-02T08:42:00.000000,2018,2018-03,8,42,long,6685.75,6670.5,6716.25,15.25,-15.25,stop,2,0.9615384615384616,0.038461538461538464,0.0,-213.25,-25.79087487117613,3
2018-03-02T08:44:00.000000,2018-03-02T08:45:00.000000,2018,2018-03,8,45,long,6649.0,6646.75,6653.5,2.25,-2.25,stop,1,0.8070175438596491,0.03508771929824561,0.15789473684210525,-249.5,-59.92116257618818,3
2018-03-19T08:45:00.000000,2018-03-19T08:46:00.000000,2018,2018-03,8,46,long,6928.5,6922.25,6941.0,6.25,-6.25,stop,5,0.6956521739130435,0.043478260869565216,0.2608695652173913,-114.5,-34.1424666372377,2
2018-03-19T08:47:00.000000,2018-03-19T08:48:00.000000,2018,2018-03,8,48,long,6928.5,6926.25,6933.0,2.25,-2.25,stop,3,0.7142857142857143,0.07142857142857142,0.21428571428571427,-114.5,-33.749868604976655,2
2018-03-19T08:50:00.000000,2018-03-19T08:51:00.000000,2018,2018-03,8,51,long,6922.25,6920.0,6926.75,2.25,-2.25,stop,1,0.8695652173913043,0.0,0.13043478260869565,-121.0,-39.750897757674466,2
2018-03-23T10:43:00.000000,2018-03-23T10:44:00.000000,2018,2018-03,10,44,long,6635.25,6631.0,6643.75,4.25,-4.25,stop,1,0.6666666666666666,0.0,0.3333333333333333,-279.5,-31.780784691128247,2
2018-03-28T08:40:00.000000,2018-03-28T08:41:00.000000,2018,2018-03,8,41,long,6466.5,6462.75,6474.0,3.75,-3.75,stop,1,0.8392857142857143,0.10714285714285714,0.05357142857142857,-383.0,-48.50176110499888,3
2018-03-28T08:44:00.000000,2018-03-28T08:45:00.000000,2018,2018-03,8,45,long,6463.0,6448.25,6492.5,14.75,-14.75,stop,2,0.684931506849315,0.0,0.3150684931506849,-386.5,-50.37014198073666,3
2018-03-28T08:45:00.000000,2018-03-28T08:46:00.000000,2018,2018-03,8,46,long,6450.25,6447.0,6456.75,3.25,-3.25,stop,1,0.9107142857142857,0.08928571428571429,0.0,-399.0,-62.47452219676143,3
2018-04-02T08:44:00.000000,2018-04-02T08:45:00.000000,2018,2018-04,8,45,long,6470.25,6467.5,6475.75,2.75,-2.75,stop,1,0.9411764705882353,0.058823529411764705,0.0,-118.5,-43.35377185688321,1
2018-04-02T08:50:00.000000,2018-04-02T08:51:00.000000,2018,2018-04,8,51,long,6466.5,6463.0,6473.5,3.5,-3.5,stop,2,0.7333333333333333,0.1111111111111111,0.15555555555555556,-122.25,-44.979589436159586,1
2018-04-03T08:37:00.000000,2018-04-03T08:38:00.000000,2018,2018-04,8,38,long,6390.5,6388.0,6395.5,2.5,-2.5,stop,1,0.9512195121951219,0.024390243902439025,0.024390243902439025,-186.25,-24.499913073713287,2
2018-04-03T10:26:00.000000,2018-04-03T10:27:00.000000,2018,2018-04,10,27,long,6380.25,6378.25,6384.25,2.0,-2.0,stop,1,0.782608695652174,0.043478260869565216,0.17391304347826086,-196.0,-40.24903642167192,2
2018-04-03T10:33:00.000000,2018-04-03T10:34:00.000000,2018,2018-04,10,34,long,6396.5,6386.25,6417.0,10.25,-10.25,stop,22,0.8333333333333334,0.08333333333333333,0.08333333333333333,-180.0,-23.785064906919615,1
2018-04-03T10:36:00.000000,2018-04-03T10:37:00.000000,2018,2018-04,10,37,long,6397.5,6394.75,6403.0,2.75,-2.75,stop,1,0.85,0.0,0.15,-179.75,-23.3747854738931,1
2018-04-03T10:39:00.000000,2018-04-03T10:40:00.000000,2018,2018-04,10,40,long,6398.5,6388.25,6419.0,10.25,-10.25,stop,15,0.9142857142857143,0.02857142857142857,0.05714285714285714,-178.0,-21.42290330540709,1
2018-04-06T10:19:00.000000,2018-04-06T10:20:00.000000,2018,2018-04,10,20,long,6523.75,6521.75,6527.75,2.0,-2.0,stop,1,0.9230769230769231,0.05128205128205128,0.02564102564102564,-130.25,-21.832023476437826,1
2018-04-24T08:44:00.000000,2018-04-24T08:45:00.000000,2018,2018-04,8,45,long,6618.0,6612.75,6628.5,5.25,-5.25,stop,1,0.7058823529411765,0.058823529411764705,0.23529411764705882,-110.0,-44.45692447061447,2
2018-04-27T10:14:00.000000,2018-04-27T10:15:00.000000,2018,2018-04,10,15,long,6669.0,6661.25,6684.5,7.75,-7.75,stop,8,0.9230769230769231,0.0,0.07692307692307693,-83.75,-21.684526018519136,1
2018-04-27T10:19:00.000000,2018-04-27T10:20:00.000000,2018,2018-04,10,20,long,6667.5,6661.75,6679.0,5.75,-5.75,stop,2,0.7619047619047619,0.0,0.23809523809523808,-85.25,-23.04859771156589,1
2018-04-27T10:21:00.000000,2018-04-27T10:22:00.000000,2018,2018-04,10,22,long,6662.75,6659.75,6668.75,3.0,-3.0,stop,1,0.9090909090909091,0.09090909090909091,0.0,-90.75,-28.484453162654972,1
2018-04-27T10:27:00.000000,2018-04-27T10:28:00.000000,2018,2018-04,10,28,long,6656.75,6654.75,6660.75,2.0,-2.0,stop,3,0.85,0.0,0.15,-96.25,-33.7442293754566,1
2018-05-03T08:35:00.000000,2018-05-03T08:36:00.000000,2018,2018-05,8,36,long,6571.75,6569.5,6576.25,2.25,-2.25,stop,1,0.9166666666666666,0.041666666666666664,0.041666666666666664,-157.75,-39.944668684323005,4
2018-05-03T08:42:00.000000,2018-05-03T08:43:00.000000,2018,2018-05,8,43,long,6565.0,6558.25,6578.5,6.75,-6.75,stop,8,0.8571428571428571,0.047619047619047616,0.09523809523809523,-164.5,-42.519121797385196,2
2018-05-03T08:46:00.000000,2018-05-03T08:47:00.000000,2018,2018-05,8,47,long,6564.75,6558.75,6576.75,6.0,-6.0,stop,4,0.7142857142857143,0.09523809523809523,0.19047619047619047,-164.5,-41.18778724793083,2
2018-05-03T10:24:00.000000,2018-05-03T10:25:00.000000,2018,2018-05,10,25,long,6566.75,6564.25,6571.75,2.5,-2.5,stop,1,0.8,0.03333333333333333,0.16666666666666666,-163.0,-23.410422500000095,1
2018-05-29T10:28:00.000000,2018-05-29T10:29:00.000000,2018,2018-05,10,29,long,6909.75,6907.5,6914.25,2.25,-2.25,stop,1,0.9230769230769231,0.07692307692307693,0.0,-113.75,-27.013568250349635,1
2018-06-19T08:37:00.000000,2018-06-19T08:38:00.000000,2018,2018-06,8,38,long,7171.5,7165.0,7184.5,6.5,-6.5,stop,3,0.8636363636363636,0.0,0.13636363636363635,-116.25,-20.35975095510821,2
2018-06-19T08:39:00.000000,2018-06-19T08:40:00.000000,2018,2018-06,8,40,long,7165.75,7163.5,7170.25,2.25,-2.25,stop,1,0.7777777777777778,0.037037037037037035,0.18518518518518517,-122.25,-26.196141684466056,2
2018-07-30T10:16:00.000000,2018-07-30T10:17:00.000000,2018,2018-07,10,17,long,7205.5,7199.75,7217.0,5.75,-5.75,stop,2,0.7777777777777778,0.0,0.2222222222222222,-94.5,-37.47772929476105,1
2018-08-15T08:44:00.000000,2018-08-15T08:45:00.000000,2018,2018-08,8,45,long,7336.75,7334.25,7341.75,2.5,-2.5,stop,1,0.7142857142857143,0.07142857142857142,0.21428571428571427,-146.75,-42.45552878608669,1
2018-08-15T08:50:00.000000,2018-08-15T08:51:00.000000,2018,2018-08,8,51,long,7328.25,7326.5,7331.75,1.75,-1.75,stop,1,0.975,0.0,0.025,-155.0,-49.479295136359724,1
2018-08-17T08:30:00.000000,2018-08-17T08:31:00.000000,2018,2018-08,8,31,long,7334.0,7325.5,7351.0,8.5,-8.5,stop,15,0.8064516129032258,0.0,0.1935483870967742,-100.75,-27.003936773433452,1
2018-09-05T08:37:00.000000,2018-09-05T08:38:00.000000,2018,2018-09,8,38,long,7509.5,7507.5,7513.5,2.0,-2.0,stop,1,0.7857142857142857,0.0,0.21428571428571427,-184.25,-63.76170803884088,1
2018-09-06T08:30:00.000000,2018-09-06T08:31:00.000000,2018,2018-09,8,31,long,7472.5,7470.25,7477.0,2.25,-2.25,stop,1,0.9736842105263158,0.0,0.02631578947368421,-171.0,-35.9001692497186,1
2018-09-12T08:48:00.000000,2018-09-12T08:49:00.000000,2018,2018-09,8,49,long,7436.75,7434.0,7442.25,2.75,-2.75,stop,1,0.8709677419354839,0.0967741935483871,0.03225806451612903,-88.0,-44.13962161547988,1
2018-10-04T08:50:00.000000,2018-10-04T08:51:00.000000,2018,2018-10,8,51,long,7555.75,7546.75,7573.75,9.0,-9.0,stop,7,0.8709677419354839,0.0,0.12903225806451613,-148.25,-33.34214259530836,1
2018-10-10T10:19:00.000000,2018-10-10T10:20:00.000000,2018,2018-10,10,20,long,7253.25,7245.25,7269.25,8.0,-8.0,stop,4,0.7931034482758621,0.034482758620689655,0.1724137931034483,-202.5,-30.085340978789645,1
2018-10-10T10:38:00.000000,2018-10-10T10:39:00.000000,2018,2018-10,10,39,long,7226.25,7219.25,7240.25,7.0,-7.0,stop,5,0.7916666666666666,0.08333333333333333,0.125,-229.25,-54.77410510979007,1
2018-10-10T10:41:00.000000,2018-10-10T10:42:00.000000,2018,2018-10,10,42,long,7228.75,7220.75,7244.75,8.0,-8.0,stop,2,0.6774193548387096,0.0967741935483871,0.22580645161290322,-227.0,-52.201913152925954,1
2018-10-10T10:47:00.000000,2018-10-10T10:48:00.000000,2018,2018-10,10,48,long,7227.75,7225.25,7232.75,2.5,-2.5,stop,1,0.8235294117647058,0.058823529411764705,0.11764705882352941,-228.25,-52.90985863109472,1
2018-10-10T10:50:00.000000,2018-10-10T10:51:00.000000,2018,2018-10,10,51,long,7236.25,7226.75,7255.25,9.5,-9.5,stop,8,0.90625,0.03125,0.0625,-219.5,-43.84498589521081,1
2018-10-12T10:44:00.000000,2018-10-12T10:45:00.000000,2018,2018-10,10,45,long,7044.5,7041.25,7051.0,3.25,-3.25,stop,1,0.7441860465116279,0.11627906976744186,0.13953488372093023,-93.5,-83.9850950696391,1
2018-10-19T10:14:00.000000,2018-10-19T10:15:00.000000,2018,2018-10,10,15,long,7157.25,7155.0,7161.75,2.25,-2.25,stop,1,0.7692307692307693,0.11538461538461539,0.11538461538461539,-147.25,-38.15623603620497,1
2018-10-19T10:16:00.000000,2018-10-19T10:17:00.000000,2018,2018-10,10,17,long,7157.75,7148.75,7175.75,9.0,-9.0,stop,2,0.9032258064516129,0.03225806451612903,0.06451612903225806,-147.0,-37.62544807029735,1
2018-10-19T10:24:00.000000,2018-10-19T10:25:00.000000,2018,2018-10,10,25,long,7128.0,7126.0,7132.0,2.0,-2.0,stop,1,0.96875,0.0,0.03125,-177.0,-65.65274240404324,2
2018-10-19T10:35:00.000000,2018-10-19T10:36:00.000000,2018,2018-10,10,36,long,7112.5,7103.0,7131.5,9.5,-9.5,stop,3,0.7368421052631579,0.05263157894736842,0.21052631578947367,-192.5,-78.18751104984221,2
2018-10-19T10:39:00.000000,2018-10-19T10:40:00.000000,2018,2018-10,10,40,long,7112.25,7102.25,7132.25,10.0,-10.0,stop,1,0.7567567567567568,0.10810810810810811,0.13513513513513514,-192.75,-77.12452697144181,1
2018-10-19T10:45:00.000000,2018-10-19T10:46:00.000000,2018,2018-10,10,46,long,7123.75,7116.25,7138.75,7.5,-7.5,stop,5,0.75,0.0,0.25,-181.5,-64.58704403416323,1
2018-10-19T10:49:00.000000,2018-10-19T10:50:00.000000,2018,2018-10,10,50,long,7125.25,7116.75,7142.25,8.5,-8.5,stop,1,0.7027027027027027,0.02702702702702703,0.2702702702702703,-179.5,-61.87518555650968,1
2018-10-24T08:31:00.000000,2018-10-24T08:32:00.000000,2018,2018-10,8,32,long,7076.0,7058.5,7111.0,17.5,-17.5,stop,27,0.7654320987654321,0.024691358024691357,0.20987654320987653,-87.5,-26.777968526735094,2
2018-10-24T08:35:00.000000,2018-10-24T08:36:00.000000,2018,2018-10,8,36,long,7082.25,7070.75,7105.25,11.5,-11.5,stop,3,0.813953488372093,0.06976744186046512,0.11627906976744186,-81.75,-20.557121710950923,2
2018-10-24T08:44:00.000000,2018-10-24T08:45:00.000000,2018,2018-10,8,45,long,7069.25,7066.5,7074.75,2.75,-2.75,stop,1,0.96,0.0,0.04,-95.5,-33.218344155844534,1
2018-10-24T10:18:00.000000,2018-10-24T10:19:00.000000,2018,2018-10,10,19,long,7029.25,7026.5,7034.75,2.75,-2.75,stop,1,0.8333333333333334,0.041666666666666664,0.125,-135.0,-46.61188572809715,1
2018-10-26T08:47:00.000000,2018-10-26T08:48:00.000000,2018,2018-10,8,48,long,6780.75,6763.0,6816.25,17.75,-17.75,stop,9,0.8513513513513513,0.02702702702702703,0.12162162162162163,-294.5,-38.03077291118916,3
2018-10-29T10:10:00.000000,2018-10-29T10:11:00.000000,2018,2018-10,10,11,long,6823.0,6820.75,6827.5,2.25,-2.25,stop,1,0.7674418604651163,0.046511627906976744,0.18604651162790697,-126.0,-103.04936878798435,2
2018-10-29T10:24:00.000000,2018-10-29T10:25:00.000000,2018,2018-10,10,25,long,6807.25,6794.5,6832.75,12.75,-12.75,stop,4,0.78,0.06,0.16,-142.25,-111.80965916868172,1
2018-10-30T08:40:00.000000,2018-10-30T08:41:00.000000,2018,2018-10,8,41,long,6713.0,6711.0,6717.0,2.0,-2.0,stop,1,0.9473684210526315,0.017543859649122806,0.03508771929824561,-278.25,-31.383069465994595,1
2018-11-02T08:32:00.000000,2018-11-02T08:33:00.000000,2018,2018-11,8,33,long,6989.25,6979.75,7008.25,9.5,-9.5,stop,1,0.7435897435897436,0.0,0.2564102564102564,-90.75,-69.78099844708231,3
2018-11-02T08:47:00.000000,2018-11-02T08:48:00.000000,2018,2018-11,8,48,long,6976.75,6974.25,6981.75,2.5,-2.5,stop,1,0.6888888888888889,0.0,0.3111111111111111,-103.5,-75.12928848996853,3
2018-11-02T08:50:00.000000,2018-11-02T08:51:00.000000,2018,2018-11,8,51,long,6983.25,6972.25,7005.25,11.0,-11.0,stop,14,0.7450980392156863,0.0,0.2549019607843137,-96.0,-66.7220579372688,2
2018-11-02T10:11:00.000000,2018-11-02T10:12:00.000000,2018,2018-11,10,12,long,6971.75,6960.75,6993.75,11.0,-11.0,stop,21,0.75,0.06818181818181818,0.18181818181818182,-108.0,-60.31177810601639,1
2018-11-05T08:43:00.000000,2018-11-05T08:44:00.000000,2018,2018-11,8,44,long,6912.75,6910.25,6917.75,2.5,-2.5,stop,1,0.75,0.09375,0.15625,-230.25,-45.19405759285746,1
2018-11-05T08:47:00.000000,2018-11-05T08:48:00.000000,2018,2018-11,8,48,long,6915.0,6905.0,6935.0,10.0,-10.0,stop,2,0.8823529411764706,0.029411764705882353,0.08823529411764706,-228.5,-39.464328413364456,2
2018-11-05T08:50:00.000000,2018-11-05T08:51:00.000000,2018,2018-11,8,51,long,6917.25,6903.0,6945.75,14.25,-14.25,stop,9,0.8793103448275862,0.0,0.1206896551724138,-225.5,-34.94596477869709,2
2018-11-09T08:37:00.000000,2018-11-09T08:38:00.000000,2018,2018-11,8,38,long,7083.0,7080.25,7088.5,2.75,-2.75,stop,1,0.8108108108108109,0.08108108108108109,0.10810810810810811,-148.0,-33.97970557842473,1
2018-11-12T08:40:00.000000,2018-11-12T08:41:00.000000,2018,2018-11,8,41,long,6932.75,6930.25,6937.75,2.5,-2.5,stop,1,0.6666666666666666,0.06666666666666667,0.26666666666666666,-233.5,-85.24590278164851,1
2018-11-14T10:20:00.000000,2018-11-14T10:21:00.000000,2018,2018-11,10,21,long,6815.0,6808.0,6829.0,7.0,-7.0,stop,2,0.7692307692307693,0.038461538461538464,0.19230769230769232,-146.75,-43.48067166505098,1
2018-11-14T10:31:00.000000,2018-11-14T10:32:00.000000,2018,2018-11,10,32,long,6801.25,6798.5,6806.75,2.75,-2.75,stop,1,0.9361702127659575,0.0425531914893617,0.02127659574468085,-161.0,-55.471827742910136,1
2018-11-16T10:49:00.000000,2018-11-16T10:50:00.000000,2018,2018-11,10,50,long,6835.5,6833.0,6840.5,2.5,-2.5,stop,1,0.8181818181818182,0.0,0.18181818181818182,-85.5,-20.677146627264847,2
2018-11-16T10:50:00.000000,2018-11-16T10:51:00.000000,2018,2018-11,10,51,long,6830.75,6828.25,6835.75,2.5,-2.5,stop,1,0.6666666666666666,0.1111111111111111,0.2222222222222222,-89.5,-24.601981950283516,2
2018-11-19T08:43:00.000000,2018-11-19T08:44:00.000000,2018,2018-11,8,44,long,6824.25,6821.5,6829.75,2.75,-2.75,stop,1,0.7272727272727273,0.06060606060606061,0.21212121212121213,-91.0,-43.33368502106441,1
2018-11-19T08:44:00.000000,2018-11-19T08:45:00.000000,2018,2018-11,8,45,long,6819.25,6817.25,6823.25,2.0,-2.0,stop,1,0.8260869565217391,0.043478260869565216,0.13043478260869565,-95.5,-47.1956183477123,1
2018-11-19T08:47:00.000000,2018-11-19T08:48:00.000000,2018,2018-11,8,48,long,6830.0,6818.0,6854.0,12.0,-12.0,stop,2,0.7346938775510204,0.08163265306122448,0.1836734693877551,-85.0,-34.455754145773426,1
2018-11-19T08:49:00.000000,2018-11-19T08:50:00.000000,2018,2018-11,8,50,long,6813.25,6810.5,6818.75,2.75,-2.75,stop,1,0.9629629629629629,0.037037037037037035,0.0,-102.0,-50.27178042465766,1
2018-11-20T08:36:00.000000,2018-11-20T08:37:00.000000,2018,2018-11,8,37,long,6535.75,6521.25,6564.75,14.5,-14.5,stop,14,0.7014925373134329,0.014925373134328358,0.2835820895522388,-399.25,-34.734927268154934,1
2018-11-20T08:47:00.000000,2018-11-20T08:48:00.000000,2018,2018-11,8,48,long,6535.25,6532.25,6541.25,3.0,-3.0,stop,1,0.9024390243902439,0.036585365853658534,0.06097560975609756,-399.5,-31.74376492806732,2
2018-11-20T08:50:00.000000,2018-11-20T08:51:00.000000,2018,2018-11,8,51,long,6512.0,6510.0,6516.0,2.0,-2.0,stop,1,0.961038961038961,0.0,0.03896103896103896,-422.5,-53.02365912117148,2
2018-12-04T10:28:00.000000,2018-12-04T10:29:00.000000,2018,2018-12,10,29,long,7005.0,7002.5,7010.0,2.5,-2.5,stop,6,0.7,0.1,0.2,-134.0,-20.911610612609365,2
2018-12-04T10:31:00.000000,2018-12-04T10:32:00.000000,2018,2018-12,10,32,long,7004.75,7002.75,7008.75,2.0,-2.0,stop,2,0.8461538461538461,0.0,0.15384615384615385,-134.25,-20.995298257165814,2
2018-12-04T10:35:00.000000,2018-12-04T10:36:00.000000,2018,2018-12,10,36,long,6998.75,6997.0,7002.25,1.75,-1.75,stop,1,0.8823529411764706,0.0,0.11764705882352941,-140.0,-26.285704441247617,2
2018-12-10T10:14:00.000000,2018-12-10T10:15:00.000000,2018,2018-12,10,15,long,6565.0,6546.0,6603.0,19.0,-19.0,stop,4,0.8481012658227848,0.02531645569620253,0.12658227848101267,-291.25,-42.86812064814421,4
2018-12-10T10:17:00.000000,2018-12-10T10:18:00.000000,2018,2018-12,10,18,long,6547.75,6544.5,6554.25,3.25,-3.25,stop,2,0.8928571428571429,0.07142857142857142,0.03571428571428571,-309.0,-59.833029902902126,3
2018-12-10T10:23:00.000000,2018-12-10T10:24:00.000000,2018,2018-12,10,24,long,6545.25,6542.5,6550.75,2.75,-2.75,stop,1,0.8,0.08571428571428572,0.11428571428571428,-311.25,-60.476717969017045,1
2018-12-13T10:22:00.000000,2018-12-13T10:23:00.000000,2018,2018-12,10,23,long,6755.25,6753.25,6759.25,2.0,-2.0,stop,1,0.8648648648648649,0.02702702702702703,0.10810810810810811,-116.5,-39.439378186377326,2
2018-12-13T10:38:00.000000,2018-12-13T10:39:00.000000,2018,2018-12,10,39,long,6772.5,6764.25,6789.0,8.25,-8.25,stop,3,0.7575757575757576,0.030303030303030304,0.21212121212121213,-99.25,-20.52817777819382,2
2018-12-17T08:42:00.000000,2018-12-17T08:43:00.000000,2018,2018-12,8,43,long,6544.75,6542.25,6549.75,2.5,-2.5,stop,1,0.9411764705882353,0.0196078431372549,0.0392156862745098,-241.5,-59.76944046524568,4
2018-12-17T08:47:00.000000,2018-12-17T08:48:00.000000,2018,2018-12,8,48,long,6539.5,6536.5,6545.5,3.0,-3.0,stop,1,0.7333333333333333,0.08888888888888889,0.17777777777777778,-246.5,-59.35864533795939,4
2018-12-18T10:25:00.000000,2018-12-18T10:26:00.000000,2018,2018-12,10,26,long,6502.0,6500.0,6506.0,2.0,-2.0,stop,1,0.8846153846153846,0.038461538461538464,0.07692307692307693,-153.75,-22.281289728883166,2
2018-12-20T10:16:00.000000,2018-12-20T10:17:00.000000,2018,2018-12,10,17,long,6315.25,6312.5,6320.75,2.75,-2.75,stop,1,0.6666666666666666,0.06060606060606061,0.2727272727272727,-295.0,-34.89528188828717,1
2018-12-20T10:20:00.000000,2018-12-20T10:21:00.000000,2018,2018-12,10,21,long,6294.0,6291.75,6298.5,2.25,-2.25,stop,1,0.8545454545454545,0.05454545454545454,0.09090909090909091,-315.5,-54.56353077251788,1
2018-12-20T10:29:00.000000,2018-12-20T10:30:00.000000,2018,2018-12,10,30,long,6284.25,6271.25,6310.25,13.0,-13.0,stop,13,0.8823529411764706,0.0,0.11764705882352941,-325.5,-61.370216939035345,2
2018-12-20T10:40:00.000000,2018-12-20T10:41:00.000000,2018,2018-12,10,41,long,6286.5,6274.0,6311.5,12.5,-12.5,stop,2,0.7916666666666666,0.08333333333333333,0.125,-323.5,-56.35111353858338,2
2018-12-20T10:48:00.000000,2018-12-20T10:49:00.000000,2018,2018-12,10,49,long,6243.0,6241.0,6247.0,2.0,-2.0,stop,1,0.9387755102040817,0.04081632653061224,0.02040816326530612,-366.5,-95.57136609414738,1
2018-12-21T10:10:00.000000,2018-12-21T10:11:00.000000,2018,2018-12,10,11,long,6220.25,6196.75,6267.25,23.5,-23.5,stop,37,0.8229166666666666,0.08333333333333333,0.09375,-184.0,-64.31759078579125,2
2018-12-21T10:15:00.000000,2018-12-21T10:16:00.000000,2018,2018-12,10,16,long,6217.75,6200.75,6251.75,17.0,-17.0,stop,25,0.8307692307692308,0.09230769230769231,0.07692307692307693,-186.75,-65.65211244834245,2
2018-12-24T08:39:00.000000,2018-12-24T08:40:00.000000,2018,2018-12,8,40,long,6031.5,6014.25,6066.0,17.25,-17.25,stop,3,0.8888888888888888,0.09523809523809523,0.015873015873015872,-306.25,-26.862086047977755,3
2018-12-24T08:47:00.000000,2018-12-24T08:48:00.000000,2018,2018-12,8,48,long,5961.5,5958.5,5967.5,3.0,-3.0,stop,1,0.9313725490196079,0.0392156862745098,0.029411764705882353,-376.5,-89.02514019861701,5
2018-12-24T10:46:00.000000,2018-12-24T10:47:00.000000,2018,2018-12,10,47,long,5983.5,5980.75,5989.0,2.75,-2.75,stop,1,0.7627118644067796,0.1016949152542373,0.13559322033898305,-353.75,-45.510729504718256,1
2018-12-27T10:40:00.000000,2018-12-27T10:41:00.000000,2018,2018-12,10,41,long,6157.0,6154.0,6163.0,3.0,-3.0,stop,1,0.8292682926829268,0.0975609756097561,0.07317073170731707,-153.0,-23.176283780927406,2
2018-12-31T10:16:00.000000,2018-12-31T10:17:00.000000,2018,2018-12,10,17,long,6308.25,6296.25,6332.25,12.0,-12.0,stop,4,0.7307692307692307,0.038461538461538464,0.23076923076923078,-94.25,-30.498247172251467,1
2018-12-31T10:25:00.000000,2018-12-31T10:26:00.000000,2018,2018-12,10,26,long,6299.25,6287.0,6323.75,12.25,-12.25,stop,8,0.7872340425531915,0.10638297872340426,0.10638297872340426,-103.0,-37.478221470065364,1
2018-12-31T10:34:00.000000,2018-12-31T10:35:00.000000,2018,2018-12,10,35,long,6291.5,6283.5,6307.5,8.0,-8.0,stop,1,0.7666666666666667,0.03333333333333333,0.2,-111.0,-43.42415222391082,1
2019-01-10T08:47:00.000000,2019-01-10T08:48:00.000000,2019,2019-01,8,48,long,6540.25,6537.75,6545.25,2.5,-2.5,stop,1,0.696969696969697,0.030303030303030304,0.2727272727272727,-105.0,-22.635619430168845,3
2019-01-23T10:37:00.000000,2019-01-23T10:38:00.000000,2019,2019-01,10,38,long,6642.5,6640.25,6647.0,2.25,-2.25,stop,1,0.7142857142857143,0.09523809523809523,0.19047619047619047,-135.5,-38.558389614928274,2
2019-01-28T08:49:00.000000,2019-01-28T08:50:00.000000,2019,2019-01,8,50,long,6663.0,6660.75,6667.5,2.25,-2.25,stop,1,0.975,0.025,0.0,-147.5,-59.81625596520098,2
2019-01-28T10:46:00.000000,2019-01-28T10:47:00.000000,2019,2019-01,10,47,long,6665.25,6663.0,6669.75,2.25,-2.25,stop,1,0.8333333333333334,0.0,0.16666666666666666,-145.5,-34.05852775141102,1
2019-01-29T10:10:00.000000,2019-01-29T10:11:00.000000,2019,2019-01,10,11,long,6636.75,6631.0,6648.25,5.75,-5.75,stop,15,0.7777777777777778,0.05555555555555555,0.16666666666666666,-154.25,-39.71591213611646,1
2019-02-07T08:48:00.000000,2019-02-07T08:49:00.000000,2019,2019-02,8,49,long,6919.5,6916.75,6925.0,2.75,-2.75,stop,1,0.7058823529411765,0.08823529411764706,0.20588235294117646,-119.25,-27.535321787387147,1
2019-03-22T08:43:00.000000,2019-03-22T08:44:00.000000,2019,2019-03,8,44,long,7458.75,7452.75,7470.75,6.0,-6.0,stop,2,0.7391304347826086,0.0,0.2608695652173913,-82.0,-31.496080922109286,1
2019-03-22T08:46:00.000000,2019-03-22T08:47:00.000000,2019,2019-03,8,47,long,7449.75,7447.0,7455.25,2.75,-2.75,stop,2,0.8421052631578947,0.10526315789473684,0.05263157894736842,-91.5,-40.3711983987705,1
2019-03-22T08:49:00.000000,2019-03-22T08:50:00.000000,2019,2019-03,8,50,long,7442.5,7440.25,7447.0,2.25,-2.25,stop,2,0.9142857142857143,0.02857142857142857,0.05714285714285714,-98.5,-46.357278408923776,1
2019-05-07T08:31:00.000000,2019-05-07T08:32:00.000000,2019,2019-05,8,32,long,7699.0,7697.0,7703.0,2.0,-2.0,stop,1,0.9375,0.0,0.0625,-118.5,-28.81975568109374,1
2019-05-07T08:41:00.000000,2019-05-07T08:42:00.000000,2019,2019-05,8,42,long,7671.0,7668.5,7676.0,2.5,-2.5,stop,1,0.8571428571428571,0.047619047619047616,0.09523809523809523,-146.5,-54.01432881906294,2
2019-05-07T10:24:00.000000,2019-05-07T10:25:00.000000,2019,2019-05,10,25,long,7677.5,7670.5,7691.5,7.0,-7.0,stop,18,0.8181818181818182,0.09090909090909091,0.09090909090909091,-140.0,-26.92434244623655,1
2019-05-07T10:33:00.000000,2019-05-07T10:34:00.000000,2019,2019-05,10,34,long,7682.5,7680.0,7687.5,2.5,-2.5,stop,1,0.6666666666666666,0.0,0.3333333333333333,-135.5,-22.06628676389846,2
2019-05-07T10:43:00.000000,2019-05-07T10:44:00.000000,2019,2019-05,10,44,long,7671.0,7668.5,7676.0,2.5,-2.5,stop,1,0.7222222222222222,0.1111111111111111,0.16666666666666666,-146.5,-32.650634443519266,2
2019-05-07T10:47:00.000000,2019-05-07T10:48:00.000000,2019,2019-05,10,48,long,7676.75,7669.25,7691.75,7.5,-7.5,stop,9,0.76,0.12,0.12,-140.75,-26.70982622811971,1
2019-05-07T10:50:00.000000,2019-05-07T10:51:00.000000,2019,2019-05,10,51,long,7680.0,7672.0,7696.0,8.0,-8.0,stop,6,0.7692307692307693,0.11538461538461539,0.11538461538461539,-137.75,-23.569601247350874,1
2019-05-10T08:42:00.000000,2019-05-10T08:43:00.000000,2019,2019-05,8,43,long,7462.75,7449.0,7490.25,13.75,-13.75,stop,20,0.9787234042553191,0.02127659574468085,0.0,-181.75,-96.65595996755656,1
2019-05-10T10:23:00.000000,2019-05-10T10:24:00.000000,2019,2019-05,10,24,long,7504.25,7496.5,7519.75,7.75,-7.75,stop,2,0.7692307692307693,0.07692307692307693,0.15384615384615385,-140.5,-23.191572875606653,2
2019-05-13T10:23:00.000000,2019-05-13T10:24:00.000000,2019,2019-05,10,24,long,7348.75,7346.5,7353.25,2.25,-2.25,stop,1,0.8695652173913043,0.043478260869565216,0.08695652173913043,-202.75,-56.28153940453831,1
2019-05-13T10:24:00.000000,2019-05-13T10:25:00.000000,2019,2019-05,10,25,long,7345.5,7343.0,7350.5,2.5,-2.5,stop,1,0.875,0.0625,0.0625,-206.25,-59.68146081784289,1
2019-05-13T10:35:00.000000,2019-05-13T10:36:00.000000,2019,2019-05,10,36,long,7347.0,7333.25,7374.5,13.75,-13.75,stop,25,0.9,0.04,0.06,-204.5,-56.50487513978442,1
2019-05-13T10:37:00.000000,2019-05-13T10:38:00.000000,2019,2019-05,10,38,long,7355.0,7338.75,7387.5,16.25,-16.25,stop,18,0.75,0.11764705882352941,0.1323529411764706,-196.0,-47.61083375731323,1
2019-05-13T10:46:00.000000,2019-05-13T10:47:00.000000,2019,2019-05,10,47,long,7351.0,7341.75,7369.5,9.25,-9.25,stop,9,0.8181818181818182,0.06060606060606061,0.12121212121212122,-200.5,-51.42697792298077,1
2019-05-13T10:49:00.000000,2019-05-13T10:50:00.000000,2019,2019-05,10,50,long,7354.75,7352.5,7359.25,2.25,-2.25,stop,1,0.95,0.0,0.05,-197.0,-47.69431359184364,1
2019-05-13T10:50:00.000000,2019-05-13T10:51:00.000000,2019,2019-05,10,51,long,7350.0,7347.5,7355.0,2.5,-2.5,stop,1,0.7916666666666666,0.08333333333333333,0.125,-201.5,-52.11517811479371,1
2019-05-23T10:16:00.000000,2019-05-23T10:17:00.000000,2019,2019-05,10,17,long,7282.5,7280.0,7287.5,2.5,-2.5,stop,2,0.8333333333333334,0.041666666666666664,0.125,-192.25,-49.7893851957615,1
2019-05-24T08:47:00.000000,2019-05-24T08:48:00.000000,2019,2019-05,8,48,long,7330.0,7328.0,7334.0,2.0,-2.0,stop,2,0.8387096774193549,0.0,0.16129032258064516,-98.25,-23.125043895008275,3
2019-05-24T08:49:00.000000,2019-05-24T08:50:00.000000,2019,2019-05,8,50,long,7324.5,7322.25,7329.0,2.25,-2.25,stop,4,0.8076923076923077,0.11538461538461539,0.07692307692307693,-103.25,-27.69641710527594,3
2019-05-24T10:17:00.000000,2019-05-24T10:18:00.000000,2019,2019-05,10,18,long,7323.5,7321.0,7328.5,2.5,-2.5,stop,1,0.7894736842105263,0.10526315789473684,0.10526315789473684,-104.75,-22.150862318892905,1
2019-06-03T10:11:00.000000,2019-06-03T10:12:00.000000,2019,2019-06,10,12,long,7031.0,7029.25,7034.5,1.75,-1.75,stop,1,0.9047619047619048,0.0,0.09523809523809523,-79.25,-49.949767781506125,3
2019-06-03T10:14:00.000000,2019-06-03T10:15:00.000000,2019,2019-06,10,15,long,7031.25,7022.25,7049.25,9.0,-9.0,stop,2,0.6829268292682927,0.0,0.3170731707317073,-79.25,-49.19940126293113,2
2019-06-25T08:40:00.000000,2019-06-25T08:41:00.000000,2019,2019-06,8,41,long,7697.25,7690.25,7711.25,7.0,-7.0,stop,8,0.72,0.04,0.24,-97.25,-32.04923552593846,1
2019-07-05T08:31:00.000000,2019-07-05T08:32:00.000000,2019,2019-07,8,32,long,7806.75,7801.75,7816.75,5.0,-5.0,stop,3,0.6666666666666666,0.06666666666666667,0.26666666666666666,-103.25,-36.66913395135089,2
2019-07-05T08:47:00.000000,2019-07-05T08:48:00.000000,2019,2019-07,8,48,long,7806.5,7799.0,7821.5,7.5,-7.5,stop,10,0.92,0.0,0.08,-103.0,-33.21376374218562,1
2019-07-05T08:50:00.000000,2019-07-05T08:51:00.000000,2019,2019-07,8,51,long,7810.75,7803.75,7824.75,7.0,-7.0,stop,6,0.95,0.05,0.0,-99.0,-28.714202148295044,1
2019-07-25T10:48:00.000000,2019-07-25T10:49:00.000000,2019,2019-07,10,49,long,7946.75,7939.5,7961.25,7.25,-7.25,stop,5,0.76,0.08,0.16,-105.0,-30.854292082243774,1
2019-08-02T10:49:00.000000,2019-08-02T10:50:00.000000,2019,2019-08,10,50,long,7682.25,7680.0,7686.75,2.25,-2.25,stop,1,0.6666666666666666,0.05555555555555555,0.2777777777777778,-332.25,-38.562319096577085,1
2019-08-05T08:37:00.000000,2019-08-05T08:38:00.000000,2019,2019-08,8,38,long,7479.25,7477.0,7483.75,2.25,-2.25,stop,1,0.9487179487179487,0.02564102564102564,0.02564102564102564,-222.5,-72.74827874992661,1
2019-08-09T08:35:00.000000,2019-08-09T08:36:00.000000,2019,2019-08,8,36,long,7637.25,7625.25,7661.25,12.0,-12.0,stop,9,0.7777777777777778,0.06666666666666667,0.15555555555555556,-101.75,-42.77376150219152,1
2019-08-09T08:50:00.000000,2019-08-09T08:51:00.000000,2019,2019-08,8,51,long,7650.5,7640.5,7670.5,10.0,-10.0,stop,17,0.6666666666666666,0.09523809523809523,0.23809523809523808,-88.0,-25.797361490702315,1
2019-08-14T08:45:00.000000,2019-08-14T08:46:00.000000,2019,2019-08,8,46,long,7578.5,7576.25,7583.0,2.25,-2.25,stop,1,0.9024390243902439,0.024390243902439025,0.07317073170731707,-211.0,-67.66779410675281,2
2019-08-14T10:12:00.000000,2019-08-14T10:13:00.000000,2019,2019-08,10,13,long,7521.25,7503.25,7557.25,18.0,-18.0,stop,38,0.9076923076923077,0.09230769230769231,0.0,-268.0,-92.52798009728303,1
2019-08-14T10:30:00.000000,2019-08-14T10:31:00.000000,2019,2019-08,10,31,long,7523.25,7513.25,7543.25,10.0,-10.0,stop,12,0.717948717948718,0.10256410256410256,0.1794871794871795,-266.25,-86.12449276475854,1
2019-08-14T10:33:00.000000,2019-08-14T10:34:00.000000,2019,2019-08,10,34,long,7528.75,7525.75,7534.75,3.0,-3.0,stop,3,0.75,0.08333333333333333,0.16666666666666666,-261.25,-80.38107746508467,1
2019-08-14T10:37:00.000000,2019-08-14T10:38:00.000000,2019,2019-08,10,38,long,7530.75,7524.5,7543.25,6.25,-6.25,stop,1,0.8823529411764706,0.058823529411764705,0.058823529411764705,-259.0,-77.67720083325366,1
2019-08-14T10:44:00.000000,2019-08-14T10:45:00.000000,2019,2019-08,10,45,long,7517.25,7515.25,7521.25,2.0,-2.0,stop,1,0.6842105263157895,0.0,0.3157894736842105,-272.25,-89.61640661488491,1
2019-08-14T10:49:00.000000,2019-08-14T10:50:00.000000,2019,2019-08,10,50,long,7506.75,7504.25,7511.75,2.5,-2.5,stop,1,0.7631578947368421,0.02631578947368421,0.21052631578947367,-283.0,-99.36126377626351,1
2019-08-22T08:37:00.000000,2019-08-22T08:38:00.000000,2019,2019-08,8,38,long,7674.0,7665.0,7692.0,9.0,-9.0,stop,7,0.7647058823529411,0.029411764705882353,0.20588235294117646,-108.5,-64.81491843583808,3
2019-08-22T08:41:00.000000,2019-08-22T08:42:00.000000,2019,2019-08,8,42,long,7678.5,7672.75,7690.0,5.75,-5.75,stop,2,0.7777777777777778,0.1111111111111111,0.1111111111111111,-103.5,-58.1591488168533,3
2019-08-22T08:49:00.000000,2019-08-22T08:50:00.000000,2019,2019-08,8,50,long,7675.5,7666.0,7694.5,9.5,-9.5,stop,3,0.8857142857142857,0.02857142857142857,0.08571428571428572,-106.25,-57.17761227237679,3
2019-09-26T10:10:00.000000,2019-09-26T10:11:00.000000,2019,2019-09,10,11,long,7762.0,7759.5,7767.0,2.5,-2.5,stop,1,0.6666666666666666,0.1111111111111111,0.2222222222222222,-82.25,-21.613286982977115,1
2019-09-27T08:32:00.000000,2019-09-27T08:33:00.000000,2019,2019-09,8,33,long,7758.75,7756.5,7763.25,2.25,-2.25,stop,1,0.9583333333333334,0.041666666666666664,0.0,-84.0,-20.817594071139865,1
2019-09-27T10:32:00.000000,2019-09-27T10:33:00.000000,2019,2019-09,10,33,long,7734.5,7727.75,7748.0,6.75,-6.75,stop,12,0.8636363636363636,0.045454545454545456,0.09090909090909091,-108.0,-34.18919465385261,3
2019-10-02T08:42:00.000000,2019-10-02T08:43:00.000000,2019,2019-10,8,43,long,7581.75,7570.25,7604.75,11.5,-11.5,stop,4,0.9285714285714286,0.047619047619047616,0.023809523809523808,-259.0,-48.01407956841467,1
2019-10-18T08:34:00.000000,2019-10-18T08:35:00.000000,2019,2019-10,8,35,long,7913.75,7911.25,7918.75,2.5,-2.5,stop,1,0.7,0.1,0.2,-81.0,-27.683758217410286,2
2019-10-18T08:42:00.000000,2019-10-18T08:43:00.000000,2019,2019-10,8,43,long,7906.0,7903.5,7911.0,2.5,-2.5,stop,1,0.8846153846153846,0.038461538461538464,0.07692307692307693,-89.0,-33.932869505083545,2
2019-10-18T08:50:00.000000,2019-10-18T08:51:00.000000,2019,2019-10,8,51,long,7909.5,7902.0,7924.5,7.5,-7.5,stop,20,0.782608695652174,0.08695652173913043,0.13043478260869565,-85.75,-28.281101210422094,2
2019-12-03T08:37:00.000000,2019-12-03T08:38:00.000000,2019,2019-12,8,38,long,8206.5,8204.5,8210.5,2.0,-2.0,stop,1,0.8888888888888888,0.044444444444444446,0.06666666666666667,-250.25,-59.44577984595708,1
2019-12-03T08:46:00.000000,2019-12-03T08:47:00.000000,2019,2019-12,8,47,long,8205.75,8193.0,8231.25,12.75,-12.75,stop,1,0.9555555555555556,0.0,0.044444444444444446,-251.5,-52.50215121117981,1
2019-12-03T10:21:00.000000,2019-12-03T10:22:00.000000,2019,2019-12,10,22,long,8207.0,8200.75,8219.5,6.25,-6.25,stop,3,0.75,0.1,0.15,-250.25,-25.291794445418418,1
2019-12-30T08:41:00.000000,2019-12-30T08:42:00.000000,2019,2019-12,8,42,long,8738.75,8736.0,8744.25,2.75,-2.75,stop,1,0.8571428571428571,0.09523809523809523,0.047619047619047616,-105.0,-42.94685693568863,2
2019-12-30T08:49:00.000000,2019-12-30T08:50:00.000000,2019,2019-12,8,50,long,8708.5,8706.0,8713.5,2.5,-2.5,stop,1,0.9117647058823529,0.058823529411764705,0.029411764705882353,-135.0,-63.72301714671812,2
2020-01-27T10:31:00.000000,2020-01-27T10:32:00.000000,2020,2020-01,10,32,long,8961.25,8959.0,8965.75,2.25,-2.25,stop,1,0.8,0.05,0.15,-326.0,-22.90273819032882,1
2020-02-20T10:15:00.000000,2020-02-20T10:16:00.000000,2020,2020-02,10,16,long,9655.0,9652.5,9660.0,2.5,-2.5,stop,1,0.8666666666666667,0.1,0.03333333333333333,-93.5,-55.74302034644279,3
2020-02-20T10:39:00.000000,2020-02-20T10:40:00.000000,2020,2020-02,10,40,long,9583.0,9563.75,9621.5,19.25,-19.25,stop,9,0.8641975308641975,0.0,0.13580246913580246,-165.5,-100.15322615975674,1
2020-02-21T08:41:00.000000,2020-02-21T08:42:00.000000,2020,2020-02,8,42,long,9536.5,9534.5,9540.5,2.0,-2.0,stop,1,0.98,0.02,0.0,-226.25,-40.50733977365417,1
2020-02-21T08:50:00.000000,2020-02-21T08:51:00.000000,2020,2020-02,8,51,long,9503.25,9480.5,9548.75,22.75,-22.75,stop,50,0.826530612244898,0.030612244897959183,0.14285714285714285,-259.5,-63.30763026211753,2
2020-02-24T08:40:00.000000,2020-02-24T08:41:00.000000,2020,2020-02,8,41,long,9146.5,9142.25,9155.0,4.25,-4.25,stop,2,0.8352941176470589,0.10588235294117647,0.058823529411764705,-477.25,-52.79680618069324,2
2020-02-24T10:16:00.000000,2020-02-24T10:17:00.000000,2020,2020-02,10,17,long,9138.25,9127.25,9160.25,11.0,-11.0,stop,14,0.9230769230769231,0.0,0.07692307692307693,-485.5,-47.863678845858885,1
2020-02-24T10:48:00.000000,2020-02-24T10:49:00.000000,2020,2020-02,10,49,long,9100.5,9091.25,9119.0,9.25,-9.25,stop,7,0.9333333333333333,0.0,0.06666666666666667,-523.5,-81.150771387036,2
2020-02-27T08:42:00.000000,2020-02-27T08:43:00.000000,2020,2020-02,8,43,long,8680.0,8677.5,8685.0,2.5,-2.5,stop,1,0.9047619047619048,0.02857142857142857,0.06666666666666667,-357.25,-64.41134823184439,4
2020-02-27T08:45:00.000000,2020-02-27T08:46:00.000000,2020,2020-02,8,46,long,8646.5,8643.0,8653.5,3.5,-3.5,stop,1,0.9310344827586207,0.05747126436781609,0.011494252873563218,-391.25,-96.67628501829131,4
2020-02-27T08:47:00.000000,2020-02-27T08:48:00.000000,2020,2020-02,8,48,long,8612.0,8608.75,8618.5,3.25,-3.25,stop,1,0.9090909090909091,0.06818181818181818,0.022727272727272728,-425.25,-128.2272228544971,4
2020-02-27T10:28:00.000000,2020-02-27T10:29:00.000000,2020,2020-02,10,29,long,8664.5,8662.5,8668.5,2.0,-2.0,stop,1,0.8181818181818182,0.01818181818181818,0.16363636363636364,-372.75,-37.44741411724681,5
2020-02-27T10:32:00.000000,2020-02-27T10:33:00.000000,2020,2020-02,10,33,long,8670.0,8650.25,8709.5,19.75,-19.75,stop,2,0.9178082191780822,0.0547945205479452,0.0273972602739726,-367.5,-31.63055003348927,5
2020-02-27T10:36:00.000000,2020-02-27T10:37:00.000000,2020,2020-02,10,37,long,8639.75,8637.25,8644.75,2.5,-2.5,stop,1,0.8472222222222222,0.05555555555555555,0.09722222222222222,-397.25,-60.70667690553819,5
2020-03-03T10:12:00.000000,2020-03-03T10:13:00.000000,2020,2020-03,10,13,long,8801.25,8795.75,8812.25,5.5,-5.5,stop,1,0.872,0.104,0.024,-82.25,-59.46458318556324,4
2020-03-03T10:29:00.000000,2020-03-03T10:30:00.000000,2020,2020-03,10,30,long,8718.75,8713.25,8729.75,5.5,-5.5,stop,1,0.8863636363636364,0.07386363636363637,0.03977272727272727,-164.75,-135.93403982129348,7
2020-03-03T10:41:00.000000,2020-03-03T10:42:00.000000,2020,2020-03,10,42,long,8785.5,8782.0,8792.5,3.5,-3.5,stop,1,0.8229166666666666,0.10416666666666667,0.07291666666666667,-96.75,-64.96292264436124,3
2020-03-05T08:49:00.000000,2020-03-05T08:50:00.000000,2020,2020-03,8,50,long,8740.25,8735.0,8750.75,5.25,-5.25,stop,1,0.8478260869565217,0.11956521739130435,0.03260869565217391,-210.25,-33.37540194342364,2
2020-03-06T08:43:00.000000,2020-03-06T08:44:00.000000,2020,2020-03,8,44,long,8437.25,8417.0,8477.75,20.25,-20.25,stop,3,0.6804123711340206,0.10309278350515463,0.21649484536082475,-461.75,-48.74241747827,1
2020-03-06T08:50:00.000000,2020-03-06T08:51:00.000000,2020,2020-03,8,51,long,8386.0,8382.75,8392.5,3.25,-3.25,stop,1,0.717391304347826,0.08695652173913043,0.1956521739130435,-514.0,-97.90242923744154,2
2020-03-11T10:31:00.000000,2020-03-11T10:32:00.000000,2020,2020-03,10,32,long,8119.5,8108.25,8142.0,11.25,-11.25,stop,1,0.75,0.0,0.25,-259.5,-23.530353880621988,1
2020-03-11T10:41:00.000000,2020-03-11T10:42:00.000000,2020,2020-03,10,42,long,8061.75,8058.25,8068.75,3.5,-3.5,stop,1,0.8705882352941177,0.10588235294117647,0.023529411764705882,-316.25,-79.00057339349132,1
2020-03-12T10:27:00.000000,2020-03-12T10:28:00.000000,2020,2020-03,10,28,long,7443.25,7422.5,7484.75,20.75,-20.75,stop,2,0.8636363636363636,0.011363636363636364,0.125,-816.25,-127.82470619948526,1
2020-03-12T10:33:00.000000,2020-03-12T10:34:00.000000,2020,2020-03,10,34,long,7391.75,7390.0,7395.25,1.75,-1.75,stop,1,0.8604651162790697,0.0,0.13953488372093023,-868.0,-176.927989808838,1
2020-03-20T10:12:00.000000,2020-03-20T10:13:00.000000,2020,2020-03,10,13,long,7234.25,7216.5,7269.75,17.75,-17.75,stop,5,0.7272727272727273,0.0,0.2727272727272727,-266.0,-163.11265405929225,1
2020-03-20T10:28:00.000000,2020-03-20T10:29:00.000000,2020,2020-03,10,29,long,7140.0,7135.0,7150.0,5.0,-5.0,stop,1,0.7904761904761904,0.08571428571428572,0.12380952380952381,-363.25,-251.23686913166785,1
2020-03-25T08:32:00.000000,2020-03-25T08:33:00.000000,2020,2020-03,8,33,long,7447.75,7445.0,7453.25,2.75,-2.75,stop,1,0.7073170731707317,0.08536585365853659,0.2073170731707317,-185.25,-69.33191009179882,2
2020-03-25T08:40:00.000000,2020-03-25T08:41:00.000000,2020,2020-03,8,41,long,7486.0,7473.75,7510.5,12.25,-12.25,stop,3,0.6792452830188679,0.11320754716981132,0.20754716981132076,-147.75,-29.845737346622627,2
2020-03-27T08:31:00.000000,2020-03-27T08:32:00.000000,2020,2020-03,8,32,long,7606.75,7595.0,7630.25,11.75,-11.75,stop,3,0.7872340425531915,0.02127659574468085,0.19148936170212766,-287.0,-74.23733642822481,1
2020-03-27T08:42:00.000000,2020-03-27T08:43:00.000000,2020,2020-03,8,43,long,7619.25,7604.0,7649.75,15.25,-15.25,stop,2,0.7297297297297297,0.0,0.2702702702702703,-274.0,-57.82822197560836,1
2020-03-27T08:48:00.000000,2020-03-27T08:49:00.000000,2020,2020-03,8,49,long,7606.0,7590.25,7637.5,15.75,-15.75,stop,2,0.7727272727272727,0.030303030303030304,0.19696969696969696,-288.0,-69.53765186337023,1
2020-03-27T10:47:00.000000,2020-03-27T10:48:00.000000,2020,2020-03,10,48,long,7638.25,7634.75,7645.25,3.5,-3.5,stop,1,0.8571428571428571,0.07142857142857142,0.07142857142857142,-256.25,-23.42664313604837,1
2020-04-01T10:10:00.000000,2020-04-01T10:11:00.000000,2020,2020-04,10,11,long,7575.5,7565.75,7595.0,9.75,-9.75,stop,2,0.7142857142857143,0.07142857142857142,0.21428571428571427,-419.0,-34.367201818509784,1
2020-04-01T10:13:00.000000,2020-04-01T10:14:00.000000,2020,2020-04,10,14,long,7572.25,7561.25,7594.25,11.0,-11.0,stop,14,0.85,0.025,0.125,-423.0,-38.03191907471137,1
2020-04-01T10:24:00.000000,2020-04-01T10:25:00.000000,2020,2020-04,10,25,long,7569.25,7566.25,7575.25,3.0,-3.0,stop,1,0.75,0.1,0.15,-425.75,-39.96387204538769,1
2020-04-01T10:26:00.000000,2020-04-01T10:27:00.000000,2020,2020-04,10,27,long,7564.5,7560.25,7573.0,4.25,-4.25,stop,1,0.9056603773584906,0.09433962264150944,0.0,-431.5,-45.51091075263139,1
2020-04-01T10:30:00.000000,2020-04-01T10:31:00.000000,2020,2020-04,10,31,long,7562.0,7550.0,7586.0,12.0,-12.0,stop,3,0.723404255319149,0.0851063829787234,0.19148936170212766,-433.5,-47.06346044393831,2
2020-04-01T10:37:00.000000,2020-04-01T10:38:00.000000,2020,2020-04,10,38,long,7539.25,7537.0,7543.75,2.25,-2.25,stop,1,0.9,0.06666666666666667,0.03333333333333333,-455.5,-68.31928766711371,2
2020-04-01T10:38:00.000000,2020-04-01T10:39:00.000000,2020,2020-04,10,39,long,7527.5,7524.75,7533.0,2.75,-2.75,stop,1,0.8846153846153846,0.07692307692307693,0.038461538461538464,-467.25,-79.75153987720387,2
2020-04-01T10:41:00.000000,2020-04-01T10:42:00.000000,2020,2020-04,10,42,long,7517.0,7514.5,7522.0,2.5,-2.5,stop,1,0.8222222222222222,0.022222222222222223,0.15555555555555556,-478.25,-90.10075521199906,3
2020-04-01T10:46:00.000000,2020-04-01T10:47:00.000000,2020,2020-04,10,47,long,7513.5,7511.75,7517.0,1.75,-1.75,stop,1,0.8378378378378378,0.0,0.16216216216216217,-481.25,-92.13288074807133,3
2020-04-03T10:12:00.000000,2020-04-03T10:13:00.000000,2020,2020-04,10,13,long,7483.75,7480.25,7490.75,3.5,-3.5,stop,1,0.8076923076923077,0.11538461538461539,0.07692307692307693,-172.5,-86.39129294355735,2
2020-04-15T08:31:00.000000,2020-04-15T08:32:00.000000,2020,2020-04,8,32,long,8542.0,8529.75,8566.5,12.25,-12.25,stop,3,0.72,0.12,0.16,-167.75,-27.679547544945308,1
2020-04-17T08:37:00.000000,2020-04-17T08:38:00.000000,2020,2020-04,8,38,long,8776.75,8769.5,8791.25,7.25,-7.25,stop,1,0.7,0.03333333333333333,0.26666666666666666,-160.0,-79.33825461229753,1
2020-04-21T08:39:00.000000,2020-04-21T08:40:00.000000,2020,2020-04,8,40,long,8493.0,8490.75,8497.5,2.25,-2.25,stop,1,0.7021276595744681,0.02127659574468085,0.2765957446808511,-353.0,-123.74112088595757,1
2020-04-21T08:47:00.000000,2020-04-21T08:48:00.000000,2020,2020-04,8,48,long,8469.0,8465.75,8475.5,3.25,-3.25,stop,1,0.8688524590163934,0.11475409836065574,0.01639344262295082,-376.5,-142.66594451071614,1
2020-04-28T08:35:00.000000,2020-04-28T08:36:00.000000,2020,2020-04,8,36,long,8789.75,8779.5,8810.25,10.25,-10.25,stop,4,0.7142857142857143,0.0,0.2857142857142857,-109.0,-61.238428693890455,2
2020-04-28T08:39:00.000000,2020-04-28T08:40:00.000000,2020,2020-04,8,40,long,8780.25,8777.5,8785.75,2.75,-2.75,stop,1,0.88,0.0,0.12,-118.5,-69.31738014750226,2
2020-04-28T08:40:00.000000,2020-04-28T08:41:00.000000,2020,2020-04,8,41,long,8773.75,8771.0,8779.25,2.75,-2.75,stop,1,0.7297297297297297,0.05405405405405406,0.21621621621621623,-124.5,-74.8032478863679,2
2020-04-28T10:16:00.000000,2020-04-28T10:17:00.000000,2020,2020-04,10,17,long,8702.0,8690.75,8724.5,11.25,-11.25,stop,1,0.8717948717948718,0.02564102564102564,0.10256410256410256,-196.5,-106.65798981389707,1
2020-04-30T10:23:00.000000,2020-04-30T10:24:00.000000,2020,2020-04,10,24,long,8925.25,8914.0,8947.75,11.25,-11.25,stop,6,0.8571428571428571,0.09523809523809523,0.047619047619047616,-192.75,-84.61799927905668,1
2020-05-01T10:17:00.000000,2020-05-01T10:18:00.000000,2020,2020-05,10,18,long,8727.5,8716.25,8750.0,11.25,-11.25,stop,9,0.972972972972973,0.0,0.02702702702702703,-417.5,-70.22494209327488,1
2020-05-01T10:20:00.000000,2020-05-01T10:21:00.000000,2020,2020-05,10,21,long,8728.5,8720.75,8744.0,7.75,-7.75,stop,4,0.6774193548387096,0.0967741935483871,0.22580645161290322,-416.0,-68.19562597557706,1
2020-05-01T10:22:00.000000,2020-05-01T10:23:00.000000,2020,2020-05,10,23,long,8725.5,8723.0,8730.5,2.5,-2.5,stop,1,0.7586206896551724,0.06896551724137931,0.1724137931034483,-419.25,-71.10821173926706,1
2020-05-01T10:29:00.000000,2020-05-01T10:30:00.000000,2020,2020-05,10,30,long,8706.5,8704.25,8711.0,2.25,-2.25,stop,1,0.9361702127659575,0.06382978723404255,0.0,-437.75,-88.31523953430042,1
2020-05-01T10:33:00.000000,2020-05-01T10:34:00.000000,2020,2020-05,10,34,long,8715.0,8698.5,8748.0,16.5,-16.5,stop,4,0.835820895522388,0.0,0.16417910447761194,-430.25,-79.82502527506222,1
2020-05-01T10:39:00.000000,2020-05-01T10:40:00.000000,2020,2020-05,10,40,long,8696.5,8694.25,8701.0,2.25,-2.25,stop,1,0.7878787878787878,0.030303030303030304,0.18181818181818182,-448.25,-96.63100000730628,1
2020-05-01T10:45:00.000000,2020-05-01T10:46:00.000000,2020,2020-05,10,46,long,8695.0,8682.25,8720.5,12.75,-12.75,stop,30,0.9111111111111111,0.044444444444444446,0.044444444444444446,-449.75,-95.98018647392746,1
2020-05-14T08:38:00.000000,2020-05-14T08:39:00.000000,2020,2020-05,8,39,long,8900.25,8878.25,8944.25,22.0,-22.0,stop,8,0.845360824742268,0.010309278350515464,0.14432989690721648,-301.75,-37.42025834294145,3
2020-05-21T08:47:00.000000,2020-05-21T08:48:00.000000,2020,2020-05,8,48,long,9418.0,9407.0,9440.0,11.0,-11.0,stop,13,0.8461538461538461,0.05128205128205128,0.10256410256410256,-85.5,-33.38086795399977,2
2020-05-21T10:40:00.000000,2020-05-21T10:41:00.000000,2020,2020-05,10,41,long,9403.75,9395.0,9421.25,8.75,-8.75,stop,19,0.6857142857142857,0.05714285714285714,0.2571428571428571,-99.75,-31.69638916081567,3
2020-05-21T10:41:00.000000,2020-05-21T10:42:00.000000,2020,2020-05,10,42,long,9412.0,9400.75,9434.5,11.25,-11.25,stop,12,0.6956521739130435,0.08695652173913043,0.21739130434782608,-91.5,-23.38763347904751,3
2020-05-27T10:11:00.000000,2020-05-27T10:12:00.000000,2020,2020-05,10,12,long,9295.75,9292.25,9302.75,3.5,-3.5,stop,1,0.8333333333333334,0.1111111111111111,0.05555555555555555,-308.75,-41.75296098619765,1
2020-05-29T08:48:00.000000,2020-05-29T08:49:00.000000,2020,2020-05,8,49,long,9392.5,9390.25,9397.0,2.25,-2.25,stop,1,0.8723404255319149,0.02127659574468085,0.10638297872340426,-173.0,-40.22926339866535,2
2020-06-04T10:33:00.000000,2020-06-04T10:34:00.000000,2020,2020-06,10,34,long,9642.75,9635.25,9657.75,7.5,-7.5,stop,11,0.7,0.03333333333333333,0.26666666666666666,-85.5,-40.843378412431775,2
2020-06-04T10:50:00.000000,2020-06-04T10:51:00.000000,2020,2020-06,10,51,long,9641.75,9634.5,9656.25,7.25,-7.25,stop,6,0.7307692307692307,0.038461538461538464,0.23076923076923078,-86.75,-40.54073469229115,3
2020-06-12T10:32:00.000000,2020-06-12T10:33:00.000000,2020,2020-06,10,33,long,9655.5,9650.75,9665.0,4.75,-4.75,stop,1,0.6808510638297872,0.0851063829787234,0.23404255319148937,-440.75,-61.34845303848488,1
2020-06-24T08:30:00.000000,2020-06-24T08:31:00.000000,2020,2020-06,8,31,long,10115.75,10113.0,10121.25,2.75,-2.75,stop,1,0.825,0.05,0.125,-180.75,-41.82063843941978,1
2020-06-24T08:43:00.000000,2020-06-24T08:44:00.000000,2020,2020-06,8,44,long,10079.5,10069.75,10099.0,9.75,-9.75,stop,8,0.6976744186046512,0.0,0.3023255813953488,-217.0,-70.88584245650054,1
2020-06-24T08:45:00.000000,2020-06-24T08:46:00.000000,2020,2020-06,8,46,long,10078.0,10075.5,10083.0,2.5,-2.5,stop,1,0.8181818181818182,0.0,0.18181818181818182,-218.75,-72.06011799091539,1
2020-06-24T10:23:00.000000,2020-06-24T10:24:00.000000,2020,2020-06,10,24,long,9992.5,9989.0,9999.5,3.5,-3.5,stop,1,0.8529411764705882,0.11764705882352941,0.029411764705882353,-304.25,-101.56063243687095,1
2020-06-24T10:28:00.000000,2020-06-24T10:29:00.000000,2020,2020-06,10,29,long,9988.0,9977.25,10009.5,10.75,-10.75,stop,6,0.9722222222222222,0.0,0.027777777777777776,-308.25,-104.03679207543973,1
2020-06-24T10:36:00.000000,2020-06-24T10:37:00.000000,2020,2020-06,10,37,long,9984.5,9976.25,10001.0,8.25,-8.25,stop,2,0.8275862068965517,0.0,0.1724137931034483,-312.0,-105.92136676728114,1
2020-06-26T10:23:00.000000,2020-06-26T10:24:00.000000,2020,2020-06,10,24,long,9909.75,9896.0,9937.25,13.75,-13.75,stop,11,0.7962962962962963,0.05555555555555555,0.14814814814814814,-197.5,-64.09423896218686,2
2020-06-26T10:33:00.000000,2020-06-26T10:34:00.000000,2020,2020-06,10,34,long,9898.75,9896.0,9904.25,2.75,-2.75,stop,1,0.6730769230769231,0.0,0.3269230769230769,-209.0,-73.67986666056458,2
2020-06-26T10:39:00.000000,2020-06-26T10:40:00.000000,2020,2020-06,10,40,long,9911.5,9899.5,9935.5,12.0,-12.0,stop,2,0.9523809523809523,0.0,0.047619047619047616,-195.5,-59.055810802063206,2
2020-06-26T10:40:00.000000,2020-06-26T10:41:00.000000,2020,2020-06,10,41,long,9901.0,9898.75,9905.5,2.25,-2.25,stop,1,0.9130434782608695,0.021739130434782608,0.06521739130434782,-206.0,-69.39390776358232,2
2020-07-14T08:32:00.000000,2020-07-14T08:33:00.000000,2020,2020-07,8,33,long,10514.0,10489.75,10562.5,24.25,-24.25,stop,5,0.898989898989899,0.0,0.10101010101010101,-544.5,-20.50566259174593,1
2020-07-14T08:36:00.000000,2020-07-14T08:37:00.000000,2020,2020-07,8,37,long,10506.75,10503.5,10513.25,3.25,-3.25,stop,1,0.6938775510204082,0.05102040816326531,0.25510204081632654,-551.75,-27.16895847216074,1
2020-07-14T08:37:00.000000,2020-07-14T08:38:00.000000,2020,2020-07,8,38,long,10484.5,10482.25,10489.0,2.25,-2.25,stop,1,0.7787610619469026,0.017699115044247787,0.20353982300884957,-573.75,-48.724879680647064,1
2020-07-17T08:40:00.000000,2020-07-17T08:41:00.000000,2020,2020-07,8,41,long,10566.75,10556.5,10587.25,10.25,-10.25,stop,5,0.7073170731707317,0.04878048780487805,0.24390243902439024,-88.0,-31.854071685165763,3
2020-07-17T08:44:00.000000,2020-07-17T08:45:00.000000,2020,2020-07,8,45,long,10562.75,10560.75,10566.75,2.0,-2.0,stop,1,0.8541666666666666,0.0,0.14583333333333334,-91.5,-34.96895561711972,3
2020-07-21T08:46:00.000000,2020-07-21T08:47:00.000000,2020,2020-07,8,47,long,10881.5,10870.0,10904.5,11.5,-11.5,stop,2,0.6727272727272727,0.0,0.32727272727272727,-92.5,-82.69465132335245,2
2020-07-22T08:47:00.000000,2020-07-22T08:48:00.000000,2020,2020-07,8,48,long,10818.0,10815.5,10823.0,2.5,-2.5,stop,1,0.8909090909090909,0.03636363636363636,0.07272727272727272,-240.0,-36.31921998055623,2
2020-07-22T08:48:00.000000,2020-07-22T08:49:00.000000,2020,2020-07,8,49,long,10808.5,10805.75,10814.0,2.75,-2.75,stop,1,0.6785714285714286,0.05357142857142857,0.26785714285714285,-249.5,-45.46883270049511,2
2020-07-23T10:13:00.000000,2020-07-23T10:14:00.000000,2020,2020-07,10,14,long,10747.25,10736.0,10769.75,11.25,-11.25,stop,4,0.8809523809523809,0.047619047619047616,0.07142857142857142,-168.5,-82.021503605416,1
2020-07-28T08:41:00.000000,2020-07-28T08:42:00.000000,2020,2020-07,8,42,long,10614.5,10604.5,10634.5,10.0,-10.0,stop,3,0.725,0.025,0.25,-91.0,-23.069077930906133,1
2020-07-28T08:44:00.000000,2020-07-28T08:45:00.000000,2020,2020-07,8,45,long,10601.5,10599.75,10605.0,1.75,-1.75,stop,1,0.9310344827586207,0.0,0.06896551724137931,-103.25,-35.01326506154328,1
2020-07-28T08:46:00.000000,2020-07-28T08:47:00.000000,2020,2020-07,8,47,long,10608.75,10600.25,10625.75,8.5,-8.5,stop,7,0.6944444444444444,0.05555555555555555,0.25,-96.0,-27.480494752484447,1
2020-07-28T10:30:00.000000,2020-07-28T10:31:00.000000,2020,2020-07,10,31,long,10612.25,10609.25,10618.25,3.0,-3.0,stop,2,0.696969696969697,0.06060606060606061,0.24242424242424243,-93.25,-20.008101171886665,1
2020-07-31T10:40:00.000000,2020-07-31T10:41:00.000000,2020,2020-07,10,41,long,10722.0,10704.25,10757.5,17.75,-17.75,stop,14,0.8382352941176471,0.08823529411764706,0.07352941176470588,-205.0,-93.1865146220207,1
2020-08-07T10:14:00.000000,2020-08-07T10:15:00.000000,2020,2020-08,10,15,long,11189.0,11179.75,11207.5,9.25,-9.25,stop,33,0.6857142857142857,0.11428571428571428,0.2,-83.0,-34.43973278066187,2
2020-08-07T10:17:00.000000,2020-08-07T10:18:00.000000,2020,2020-08,10,18,long,11192.25,11183.5,11209.75,8.75,-8.75,stop,3,0.7575757575757576,0.09090909090909091,0.15151515151515152,-79.25,-30.41664365327415,3
2020-08-07T10:21:00.000000,2020-08-07T10:22:00.000000,2020,2020-08,10,22,long,11191.75,11181.0,11213.25,10.75,-10.75,stop,26,0.9142857142857143,0.02857142857142857,0.05714285714285714,-80.5,-31.39064503519876,2
2020-08-07T10:30:00.000000,2020-08-07T10:31:00.000000,2020,2020-08,10,31,long,11190.0,11187.5,11195.0,2.5,-2.5,stop,1,0.9230769230769231,0.0,0.07692307692307693,-82.25,-32.56684877293446,2
2020-08-07T10:33:00.000000,2020-08-07T10:34:00.000000,2020,2020-08,10,34,long,11191.75,11184.0,11207.25,7.75,-7.75,stop,12,0.8260869565217391,0.0,0.17391304347826086,-81.0,-31.087220542838622,2
2020-08-07T10:40:00.000000,2020-08-07T10:41:00.000000,2020,2020-08,10,41,long,11190.0,11188.0,11194.0,2.0,-2.0,stop,1,0.8181818181818182,0.0,0.18181818181818182,-81.75,-31.46854126020662,2
2020-08-10T08:30:00.000000,2020-08-10T08:31:00.000000,2020,2020-08,8,31,long,11052.75,11050.75,11056.75,2.0,-2.0,stop,1,0.8181818181818182,0.0,0.18181818181818182,-103.75,-51.7789675576023,1
2020-08-10T08:31:00.000000,2020-08-10T08:32:00.000000,2020,2020-08,8,32,long,11044.0,11040.5,11051.0,3.5,-3.5,stop,1,0.6923076923076923,0.09615384615384616,0.21153846153846154,-112.75,-60.05382773622114,1
2020-08-10T08:33:00.000000,2020-08-10T08:34:00.000000,2020,2020-08,8,34,long,11050.25,11039.25,11072.25,11.0,-11.0,stop,5,0.8378378378378378,0.10810810810810811,0.05405405405405406,-106.5,-52.63558994553205,2
2020-08-10T08:37:00.000000,2020-08-10T08:38:00.000000,2020,2020-08,8,38,long,11049.0,11046.0,11055.0,3.0,-3.0,stop,1,0.9310344827586207,0.06896551724137931,0.0,-108.0,-52.98049986226397,2
2020-08-11T08:30:00.000000,2020-08-11T08:31:00.000000,2020,2020-08,8,31,long,10987.25,10984.75,10992.25,2.5,-2.5,stop,1,0.9038461538461539,0.038461538461538464,0.057692307692307696,-159.5,-46.33371392524168,1
2020-08-14T08:34:00.000000,2020-08-14T08:35:00.000000,2020,2020-08,8,35,long,11126.25,11115.25,11148.25,11.0,-11.0,stop,4,0.775,0.075,0.15,-140.25,-41.96510495689472,1
2020-08-14T08:44:00.000000,2020-08-14T08:45:00.000000,2020,2020-08,8,45,long,11140.25,11131.75,11157.25,8.5,-8.5,stop,11,0.75,0.03125,0.21875,-126.0,-25.972909247988355,2
2020-08-27T10:41:00.000000,2020-08-27T10:42:00.000000,2020,2020-08,10,42,long,11917.0,11913.5,11924.0,3.5,-3.5,stop,1,0.8846153846153846,0.08974358974358974,0.02564102564102564,-84.25,-56.09680904987363,4
2020-08-27T10:46:00.000000,2020-08-27T10:47:00.000000,2020,2020-08,10,47,long,11916.0,11902.0,11944.0,14.0,-14.0,stop,1,0.7230769230769231,0.046153846153846156,0.23076923076923078,-85.0,-55.52618709945091,4
2020-09-03T08:40:00.000000,2020-09-03T08:41:00.000000,2020,2020-09,8,41,long,12007.25,11990.0,12041.75,17.25,-17.25,stop,2,0.7894736842105263,0.02631578947368421,0.18421052631578946,-457.75,-196.42464218266286,1
2020-09-03T08:42:00.000000,2020-09-03T08:43:00.000000,2020,2020-09,8,43,long,11989.0,11986.5,11994.0,2.5,-2.5,stop,1,0.9120879120879121,0.01098901098901099,0.07692307692307693,-476.5,-212.67764613422696,1
2020-09-04T08:32:00.000000,2020-09-04T08:33:00.000000,2020,2020-09,8,33,long,11346.0,11343.25,11351.5,2.75,-2.75,stop,1,0.9712230215827338,0.02877697841726619,0.0,-1092.5,-280.94540468167725,2
2020-09-04T10:11:00.000000,2020-09-04T10:12:00.000000,2020,2020-09,10,12,long,11448.25,11444.75,11455.25,3.5,-3.5,stop,1,0.9193548387096774,0.056451612903225805,0.024193548387096774,-990.25,-74.27083406366182,1
2020-09-04T10:14:00.000000,2020-09-04T10:15:00.000000,2020,2020-09,10,15,long,11451.75,11431.0,11493.25,20.75,-20.75,stop,4,0.6851851851851852,0.0,0.3148148148148148,-987.25,-70.58253664085169,1
2020-09-08T08:49:00.000000,2020-09-08T08:50:00.000000,2020,2020-09,8,50,long,11263.25,11260.0,11269.75,3.25,-3.25,stop,1,0.8125,0.08928571428571429,0.09821428571428571,-320.5,-34.18669927760675,2
2020-09-10T10:21:00.000000,2020-09-10T10:22:00.000000,2020,2020-09,10,22,long,11381.5,11377.25,11390.0,4.25,-4.25,stop,1,0.8901098901098901,0.08791208791208792,0.02197802197802198,-97.5,-71.37147030391498,2
2020-09-10T10:42:00.000000,2020-09-10T10:43:00.000000,2020,2020-09,10,43,long,11355.75,11335.25,11396.75,20.5,-20.5,stop,2,0.7872340425531915,0.0,0.2127659574468085,-123.0,-91.5980089048935,1
2020-09-10T10:44:00.000000,2020-09-10T10:45:00.000000,2020,2020-09,10,45,long,11332.75,11329.25,11339.75,3.5,-3.5,stop,1,0.9615384615384616,0.038461538461538464,0.0,-146.75,-114.84244634735296,1
2020-09-16T10:19:00.000000,2020-09-16T10:20:00.000000,2020,2020-09,10,20,long,11369.0,11363.0,11381.0,6.0,-6.0,stop,8,0.8095238095238095,0.0,0.19047619047619047,-112.5,-60.53365604421924,2
2020-09-16T10:23:00.000000,2020-09-16T10:24:00.000000,2020,2020-09,10,24,long,11373.0,11366.25,11386.5,6.75,-6.75,stop,2,0.84,0.0,0.16,-108.25,-55.914825589279644,2
2020-09-16T10:26:00.000000,2020-09-16T10:27:00.000000,2020,2020-09,10,27,long,11370.0,11362.25,11385.5,7.75,-7.75,stop,1,0.7407407407407407,0.1111111111111111,0.14814814814814814,-111.75,-59.135128156663995,2
2020-09-16T10:27:00.000000,2020-09-16T10:28:00.000000,2020,2020-09,10,28,long,11363.0,11359.75,11369.5,3.25,-3.25,stop,1,0.7692307692307693,0.07692307692307693,0.15384615384615385,-119.25,-66.50695302999156,2
2020-09-16T10:30:00.000000,2020-09-16T10:31:00.000000,2020,2020-09,10,31,long,11369.0,11366.25,11374.5,2.75,-2.75,stop,1,0.8108108108108109,0.08108108108108109,0.10810810810810811,-112.75,-59.64136796209459,1
2020-09-16T10:33:00.000000,2020-09-16T10:34:00.000000,2020,2020-09,10,34,long,11365.25,11359.0,11377.75,6.25,-6.25,stop,1,0.8947368421052632,0.0,0.10526315789473684,-116.5,-63.079159035663906,1
2020-09-18T10:12:00.000000,2020-09-18T10:13:00.000000,2020,2020-09,10,13,long,10950.5,10947.5,10956.5,3.0,-3.0,stop,1,0.9344262295081968,0.06557377049180328,0.0,-334.5,-89.1509571252027,1
2020-09-18T10:26:00.000000,2020-09-18T10:27:00.000000,2020,2020-09,10,27,long,10910.75,10900.5,10931.25,10.25,-10.25,stop,1,0.7441860465116279,0.0,0.2558139534883721,-374.5,-121.6603853182969,1
2020-09-18T10:37:00.000000,2020-09-18T10:38:00.000000,2020,2020-09,10,38,long,10853.75,10851.5,10858.25,2.25,-2.25,stop,1,0.74,0.0,0.26,-431.5,-171.478180951146,1
2020-09-18T10:44:00.000000,2020-09-18T10:45:00.000000,2020,2020-09,10,45,long,10848.0,10831.5,10881.0,16.5,-16.5,stop,6,0.9032258064516129,0.03225806451612903,0.06451612903225806,-437.0,-171.6812795719634,1
2020-09-21T08:43:00.000000,2020-09-21T08:44:00.000000,2020,2020-09,8,44,long,10679.25,10675.5,10686.75,3.75,-3.75,stop,1,0.8117647058823529,0.11764705882352941,0.07058823529411765,-259.5,-104.73791867606451,2
2020-09-23T08:40:00.000000,2020-09-23T08:41:00.000000,2020,2020-09,8,41,long,11072.75,11053.0,11112.25,19.75,-19.75,stop,18,0.881578947368421,0.05263157894736842,0.06578947368421052,-118.25,-41.8738290543497,1
2020-09-23T10:49:00.000000,2020-09-23T10:50:00.000000,2020,2020-09,10,50,long,11034.0,11026.5,11049.0,7.5,-7.5,stop,4,0.6666666666666666,0.0,0.3333333333333333,-157.5,-50.27887914918392,1
2020-09-29T10:17:00.000000,2020-09-29T10:18:00.000000,2020,2020-09,10,18,long,11329.75,11314.25,11360.75,15.5,-15.5,stop,4,0.8392857142857143,0.07142857142857142,0.08928571428571429,-84.75,-25.8789074014403,2
2020-10-02T10:21:00.000000,2020-10-02T10:22:00.000000,2020,2020-10,10,22,long,11333.0,11330.5,11338.0,2.5,-2.5,stop,1,0.926829268292683,0.07317073170731707,0.0,-271.5,-39.35633865355521,3
2020-10-02T10:24:00.000000,2020-10-02T10:25:00.000000,2020,2020-10,10,25,long,11336.25,11322.75,11363.25,13.5,-13.5,stop,5,0.7241379310344828,0.06896551724137931,0.20689655172413793,-268.5,-35.994068246991446,3
2020-10-02T10:41:00.000000,2020-10-02T10:42:00.000000,2020,2020-10,10,42,long,11335.0,11331.75,11341.5,3.25,-3.25,stop,1,0.7441860465116279,0.09302325581395349,0.16279069767441862,-270.0,-35.3075827849043,3
2020-10-19T08:36:00.000000,2020-10-19T08:37:00.000000,2020,2020-10,8,37,long,11794.25,11792.0,11798.75,2.25,-2.25,stop,1,0.7391304347826086,0.021739130434782608,0.2391304347826087,-94.75,-94.12156283673175,2
2020-10-20T08:44:00.000000,2020-10-20T08:45:00.000000,2020,2020-10,8,45,long,11670.0,11657.0,11696.0,13.0,-13.0,stop,3,0.8571428571428571,0.04081632653061224,0.10204081632653061,-280.5,-21.95209534714195,1
2020-10-21T10:32:00.000000,2020-10-21T10:33:00.000000,2020,2020-10,10,33,long,11676.5,11674.25,11681.0,2.25,-2.25,stop,1,0.9047619047619048,0.0,0.09523809523809523,-115.75,-21.3294080316864,2
2020-10-21T10:48:00.000000,2020-10-21T10:49:00.000000,2020,2020-10,10,49,long,11637.75,11634.5,11644.25,3.25,-3.25,stop,1,0.9210526315789473,0.07894736842105263,0.0,-154.0,-57.4977096276325,2
2020-10-22T10:15:00.000000,2020-10-22T10:16:00.000000,2020,2020-10,10,16,long,11592.25,11577.0,11622.75,15.25,-15.25,stop,9,0.6842105263157895,0.013157894736842105,0.3026315789473684,-187.0,-23.929655084974,4
2020-10-22T10:42:00.000000,2020-10-22T10:43:00.000000,2020,2020-10,10,43,long,11549.5,11546.75,11555.0,2.75,-2.75,stop,1,0.6976744186046512,0.046511627906976744,0.2558139534883721,-230.0,-64.74426561359178,3
2020-10-28T10:49:00.000000,2020-10-28T10:50:00.000000,2020,2020-10,10,50,long,11200.25,11197.0,11206.75,3.25,-3.25,stop,2,0.74,0.12,0.14,-422.5,-115.68364764824946,1
2020-10-30T10:31:00.000000,2020-10-30T10:32:00.000000,2020,2020-10,10,32,long,11075.0,11072.5,11080.0,2.5,-2.5,stop,1,0.75,0.019230769230769232,0.23076923076923078,-383.0,-32.307704530769115,3
2020-10-30T10:40:00.000000,2020-10-30T10:41:00.000000,2020,2020-10,10,41,long,11052.0,11045.75,11064.5,6.25,-6.25,stop,1,0.6785714285714286,0.03571428571428571,0.2857142857142857,-405.0,-53.07966381743972,3
2020-11-02T10:16:00.000000,2020-11-02T10:17:00.000000,2020,2020-11,10,17,long,11083.5,11080.5,11089.5,3.0,-3.0,stop,1,0.9047619047619048,0.047619047619047616,0.047619047619047616,-198.25,-46.71398835960645,2
2020-11-02T10:26:00.000000,2020-11-02T10:27:00.000000,2020,2020-11,10,27,long,11083.0,11073.75,11101.5,9.25,-9.25,stop,3,0.717948717948718,0.05128205128205128,0.23076923076923078,-198.0,-44.66433846370637,2
2020-11-02T10:31:00.000000,2020-11-02T10:32:00.000000,2020,2020-11,10,32,long,11082.25,11069.75,11107.25,12.5,-12.5,stop,3,0.8333333333333334,0.0,0.16666666666666666,-198.25,-44.1099137387846,2
2020-11-02T10:49:00.000000,2020-11-02T10:50:00.000000,2020,2020-11,10,50,long,11094.75,11092.75,11098.75,2.0,-2.0,stop,1,0.8518518518518519,0.07407407407407407,0.07407407407407407,-186.0,-29.162062072609842,1
2020-11-06T08:39:00.000000,2020-11-06T08:40:00.000000,2020,2020-11,8,40,long,11922.75,11919.0,11930.25,3.75,-3.75,stop,1,0.7121212121212122,0.07575757575757576,0.21212121212121213,-197.25,-58.247058663770076,1
2020-11-10T08:45:00.000000,2020-11-10T08:46:00.000000,2020,2020-11,8,46,long,11629.5,11625.75,11637.0,3.75,-3.75,stop,1,0.8627450980392157,0.08823529411764706,0.049019607843137254,-778.75,-80.0949590977325,2
2020-11-10T10:12:00.000000,2020-11-10T10:13:00.000000,2020,2020-11,10,13,long,11622.5,11608.25,11651.0,14.25,-14.25,stop,2,0.6901408450704225,0.028169014084507043,0.28169014084507044,-785.75,-45.30832412474956,2
2020-11-10T10:35:00.000000,2020-11-10T10:36:00.000000,2020,2020-11,10,36,long,11636.0,11634.25,11639.5,1.75,-1.75,stop,1,0.7358490566037735,0.018867924528301886,0.24528301886792453,-772.25,-27.846354834819067,1
2020-11-13T10:11:00.000000,2020-11-13T10:12:00.000000,2020,2020-11,10,12,long,11845.75,11836.25,11864.75,9.5,-9.5,stop,2,0.725,0.05,0.225,-129.75,-27.599317477270233,2
2020-11-13T10:31:00.000000,2020-11-13T10:32:00.000000,2020,2020-11,10,32,long,11836.75,11834.0,11842.25,2.75,-2.75,stop,1,0.9038461538461539,0.038461538461538464,0.057692307692307696,-139.25,-35.80654341436457,1
2020-11-17T08:50:00.000000,2020-11-17T08:51:00.000000,2020,2020-11,8,51,long,11979.0,11976.25,11984.5,2.75,-2.75,stop,1,0.782608695652174,0.028985507246376812,0.18840579710144928,-86.25,-43.128043688020625,4
2020-11-23T10:12:00.000000,2020-11-23T10:13:00.000000,2020,2020-11,10,13,long,11827.25,11824.0,11833.75,3.25,-3.25,stop,1,0.7906976744186046,0.06976744186046512,0.13953488372093023,-194.25,-105.78977205285446,2
2020-11-23T10:21:00.000000,2020-11-23T10:22:00.000000,2020,2020-11,10,22,long,11833.5,11825.25,11850.0,8.25,-8.25,stop,2,0.7272727272727273,0.06060606060606061,0.21212121212121213,-187.25,-92.91683664300399,2
2020-11-30T10:11:00.000000,2020-11-30T10:12:00.000000,2020,2020-11,10,12,long,12176.75,12169.5,12191.25,7.25,-7.25,stop,3,0.68,0.12,0.2,-131.0,-50.3446449925832,1
2020-11-30T10:17:00.000000,2020-11-30T10:18:00.000000,2020,2020-11,10,18,long,12176.5,12173.5,12182.5,3.0,-3.0,stop,1,0.9166666666666666,0.027777777777777776,0.05555555555555555,-131.75,-49.99848260260478,1
2020-11-30T10:18:00.000000,2020-11-30T10:19:00.000000,2020,2020-11,10,19,long,12169.0,12166.25,12174.5,2.75,-2.75,stop,1,0.9090909090909091,0.09090909090909091,0.0,-138.5,-56.57323937693218,1
2020-11-30T10:48:00.000000,2020-11-30T10:49:00.000000,2020,2020-11,10,49,long,12194.25,12186.75,12209.25,7.5,-7.5,stop,13,0.7037037037037037,0.037037037037037035,0.25925925925925924,-113.75,-25.807092089255093,2
2020-12-02T08:37:00.000000,2020-12-02T08:38:00.000000,2020,2020-12,8,38,long,12365.0,12353.75,12387.5,11.25,-11.25,stop,2,0.7555555555555555,0.044444444444444446,0.2,-147.5,-42.10831040830635,1
2020-12-02T08:39:00.000000,2020-12-02T08:40:00.000000,2020,2020-12,8,40,long,12353.0,12349.25,12360.5,3.75,-3.75,stop,1,0.8823529411764706,0.11764705882352941,0.0,-159.5,-52.24946806923981,1
2020-12-02T08:43:00.000000,2020-12-02T08:44:00.000000,2020,2020-12,8,44,long,12328.75,12326.0,12334.25,2.75,-2.75,stop,1,0.8533333333333334,0.013333333333333334,0.13333333333333333,-184.0,-69.37987888432144,1
2020-12-11T10:39:00.000000,2020-12-11T10:40:00.000000,2020,2020-12,10,40,long,12269.0,12267.25,12272.5,1.75,-1.75,stop,1,0.8076923076923077,0.07692307692307693,0.11538461538461539,-179.25,-55.87734795687538,1
2020-12-11T10:43:00.000000,2020-12-11T10:44:00.000000,2020,2020-12,10,44,long,12272.25,12269.25,12278.25,3.0,-3.0,stop,1,0.8823529411764706,0.029411764705882353,0.08823529411764706,-177.5,-53.41591139247612,1
2020-12-11T10:48:00.000000,2020-12-11T10:49:00.000000,2020,2020-12,10,49,long,12273.5,12267.0,12286.5,6.5,-6.5,stop,10,0.7142857142857143,0.047619047619047616,0.23809523809523808,-176.0,-50.532397324635895,1
2020-12-21T08:48:00.000000,2020-12-21T08:49:00.000000,2020,2020-12,8,49,long,12583.5,12581.5,12587.5,2.0,-2.0,stop,1,0.9722222222222222,0.0,0.027777777777777776,-206.25,-40.48440195708463,2
2020-12-21T10:13:00.000000,2020-12-21T10:14:00.000000,2020,2020-12,10,14,long,12518.25,12507.25,12540.25,11.0,-11.0,stop,4,0.8888888888888888,0.1111111111111111,0.0,-271.5,-63.05924864808185,1
2020-12-22T10:34:00.000000,2020-12-22T10:35:00.000000,2020,2020-12,10,35,long,12639.75,12637.0,12645.25,2.75,-2.75,stop,1,0.7692307692307693,0.10256410256410256,0.1282051282051282,-142.5,-65.33366083856163,1
2020-12-22T10:39:00.000000,2020-12-22T10:40:00.000000,2020,2020-12,10,40,long,12631.0,12616.5,12660.0,14.5,-14.5,stop,4,0.9215686274509803,0.058823529411764705,0.0196078431372549,-151.5,-71.04856339508478,1
2020-12-22T10:45:00.000000,2020-12-22T10:46:00.000000,2020,2020-12,10,46,long,12601.5,12599.5,12605.5,2.0,-2.0,stop,1,0.8484848484848485,0.030303030303030304,0.12121212121212122,-180.75,-96.8238716393098,1
2021-01-04T10:11:00.000000,2021-01-04T10:12:00.000000,2021,2021-01,10,12,long,12722.25,12698.0,12770.75,24.25,-24.25,stop,21,0.83,0.05,0.12,-133.0,-136.52559193387788,1
2021-01-06T08:34:00.000000,2021-01-06T08:35:00.000000,2021,2021-01,8,35,long,12557.25,12554.0,12563.75,3.25,-3.25,stop,1,0.9134615384615384,0.0,0.08653846153846154,-253.0,-67.56068523860085,3
2021-01-11T08:43:00.000000,2021-01-11T08:44:00.000000,2021,2021-01,8,44,long,12921.25,12918.0,12927.75,3.25,-3.25,stop,1,0.8840579710144928,0.057971014492753624,0.057971014492753624,-204.0,-73.94654458906007,2
2021-01-11T08:47:00.000000,2021-01-11T08:48:00.000000,2021,2021-01,8,48,long,12940.75,12921.25,12979.75,19.5,-19.5,stop,1,0.84,0.10666666666666667,0.05333333333333334,-184.0,-49.63256201555487,2
2021-01-11T10:14:00.000000,2021-01-11T10:15:00.000000,2021,2021-01,10,15,long,12937.75,12935.25,12942.75,2.5,-2.5,stop,1,0.9,0.05,0.05,-187.25,-41.143565996999314,1
2021-01-12T10:46:00.000000,2021-01-12T10:47:00.000000,2021,2021-01,10,47,long,12880.25,12878.0,12884.75,2.25,-2.25,stop,1,0.6666666666666666,0.041666666666666664,0.2916666666666667,-225.0,-26.053544991766103,2
2021-01-12T10:47:00.000000,2021-01-12T10:48:00.000000,2021,2021-01,10,48,long,12873.0,12869.5,12880.0,3.5,-3.5,stop,3,0.7380952380952381,0.09523809523809523,0.16666666666666666,-232.75,-33.620287912252024,3
2021-01-29T10:31:00.000000,2021-01-29T10:32:00.000000,2021,2021-01,10,32,long,13004.5,12981.75,13050.0,22.75,-22.75,stop,3,0.84375,0.041666666666666664,0.11458333333333333,-389.0,-53.272484804692795,2
2021-02-16T10:29:00.000000,2021-02-16T10:30:00.000000,2021,2021-02,10,30,long,13784.0,13773.5,13805.0,10.5,-10.5,stop,1,0.825,0.025,0.15,-94.25,-62.241459859737006,2
2021-02-16T10:34:00.000000,2021-02-16T10:35:00.000000,2021,2021-02,10,35,long,13793.25,13772.25,13835.25,21.0,-21.0,stop,13,0.9620253164556962,0.012658227848101266,0.02531645569620253,-84.75,-50.25952738532578,1
2021-02-16T10:44:00.000000,2021-02-16T10:45:00.000000,2021,2021-02,10,45,long,13791.5,13788.5,13797.5,3.0,-3.0,stop,1,0.8620689655172413,0.06896551724137931,0.06896551724137931,-87.25,-51.11070124141952,1
2021-02-16T10:49:00.000000,2021-02-16T10:50:00.000000,2021,2021-02,10,50,long,13763.25,13760.75,13768.25,2.5,-2.5,stop,1,0.9230769230769231,0.05128205128205128,0.02564102564102564,-115.0,-77.32185903950631,1
2021-02-17T08:39:00.000000,2021-02-17T08:40:00.000000,2021,2021-02,8,40,long,13644.75,13619.75,13694.75,25.0,-25.0,stop,36,0.7833333333333333,0.0,0.21666666666666667,-255.25,-53.51916060081203,1
2021-02-17T08:41:00.000000,2021-02-17T08:42:00.000000,2021,2021-02,8,42,long,13660.0,13641.25,13697.5,18.75,-18.75,stop,4,0.868421052631579,0.02631578947368421,0.10526315789473684,-240.25,-37.24548724009219,1
2021-02-17T10:13:00.000000,2021-02-17T10:14:00.000000,2021,2021-02,10,14,long,13589.25,13585.75,13596.25,3.5,-3.5,stop,2,0.7142857142857143,0.1111111111111111,0.1746031746031746,-311.0,-74.6971936364207,1
2021-02-17T10:19:00.000000,2021-02-17T10:20:00.000000,2021,2021-02,10,20,long,13557.5,13554.75,13563.0,2.75,-2.75,stop,1,0.7931034482758621,0.05172413793103448,0.15517241379310345,-343.0,-103.49035836324038,1
2021-02-17T10:26:00.000000,2021-02-17T10:27:00.000000,2021,2021-02,10,27,long,13574.75,13550.5,13623.25,24.25,-24.25,stop,7,0.925531914893617,0.031914893617021274,0.0425531914893617,-325.5,-82.79339369291301,1
2021-02-17T10:32:00.000000,2021-02-17T10:33:00.000000,2021,2021-02,10,33,long,13574.75,13572.25,13579.75,2.5,-2.5,stop,1,0.9791666666666666,0.020833333333333332,0.0,-326.0,-81.52341933482603,1
2021-02-18T08:39:00.000000,2021-02-18T08:40:00.000000,2021,2021-02,8,40,long,13544.0,13540.5,13551.0,3.5,-3.5,stop,1,0.8793103448275862,0.10344827586206896,0.017241379310344827,-241.0,-60.78865436034539,2
2021-02-18T08:43:00.000000,2021-02-18T08:44:00.000000,2021,2021-02,8,44,long,13565.25,13546.5,13602.75,18.75,-18.75,stop,12,0.7777777777777778,0.04938271604938271,0.1728395061728395,-219.75,-36.15589431878652,2
2021-02-18T10:40:00.000000,2021-02-18T10:41:00.000000,2021,2021-02,10,41,long,13535.0,13526.75,13551.5,8.25,-8.25,stop,1,0.8076923076923077,0.11538461538461539,0.07692307692307693,-250.25,-28.37073124158269,2
2021-02-18T10:41:00.000000,2021-02-18T10:42:00.000000,2021,2021-02,10,42,long,13527.0,13524.5,13532.0,2.5,-2.5,stop,1,0.8421052631578947,0.05263157894736842,0.10526315789473684,-258.0,-36.04486518238264,2
2021-02-22T08:41:00.000000,2021-02-22T08:42:00.000000,2021,2021-02,8,42,long,13378.0,13375.25,13383.5,2.75,-2.75,stop,1,0.8625,0.025,0.1125,-351.25,-66.24911850650096,2
2021-02-23T08:37:00.000000,2021-02-23T08:38:00.000000,2021,2021-02,8,38,long,12924.5,12921.75,12930.0,2.75,-2.75,stop,1,0.9047619047619048,0.047619047619047616,0.047619047619047616,-704.25,-168.4557628557559,1
2021-02-23T08:49:00.000000,2021-02-23T08:50:00.000000,2021,2021-02,8,50,long,12772.75,12768.75,12780.75,4.0,-4.0,stop,1,0.8012422360248447,0.049689440993788817,0.14906832298136646,-856.25,-268.6478479131529,1
2021-02-23T10:49:00.000000,2021-02-23T10:50:00.000000,2021,2021-02,10,50,long,12974.25,12971.75,12979.25,2.5,-2.5,stop,1,0.94,0.04,0.02,-654.75,-43.587595666580455,1
2021-02-25T10:18:00.000000,2021-02-25T10:19:00.000000,2021,2021-02,10,19,long,13153.75,13141.0,13179.25,12.75,-12.75,stop,4,0.8301886792452831,0.0,0.16981132075471697,-180.0,-47.37317808975058,2
2021-02-25T10:36:00.000000,2021-02-25T10:37:00.000000,2021,2021-02,10,37,long,13066.5,13063.0,13073.5,3.5,-3.5,stop,1,0.7926829268292683,0.06097560975609756,0.14634146341463414,-267.75,-129.72702701093294,2
2021-02-25T10:40:00.000000,2021-02-25T10:41:00.000000,2021,2021-02,10,41,long,13048.75,13046.25,13053.75,2.5,-2.5,stop,1,0.8902439024390244,0.036585365853658534,0.07317073170731707,-285.0,-145.00057967613247,2
2021-02-25T10:47:00.000000,2021-02-25T10:48:00.000000,2021,2021-02,10,48,long,13022.25,13019.25,13028.25,3.0,-3.0,stop,1,0.9245283018867925,0.05660377358490566,0.018867924528301886,-312.0,-168.01678084462765,2
2021-02-25T10:49:00.000000,2021-02-25T10:50:00.000000,2021,2021-02,10,50,long,13009.25,13005.75,13016.25,3.5,-3.5,stop,1,0.9425287356321839,0.05747126436781609,0.0,-325.0,-179.30386427332814,2
2021-03-02T08:46:00.000000,2021-03-02T08:47:00.000000,2021,2021-03,8,47,long,13214.5,13212.0,13219.5,2.5,-2.5,stop,1,0.9310344827586207,0.022988505747126436,0.04597701149425287,-103.5,-28.73513202306458,3
2021-03-02T10:27:00.000000,2021-03-02T10:28:00.000000,2021,2021-03,10,28,long,13141.5,13118.75,13187.0,22.75,-22.75,stop,7,0.8705882352941177,0.11764705882352941,0.011764705882352941,-176.25,-73.55010789404332,1
2021-03-02T10:33:00.000000,2021-03-02T10:34:00.000000,2021,2021-03,10,34,long,13121.0,13117.25,13128.5,3.75,-3.75,stop,1,0.9322033898305084,0.05084745762711865,0.01694915254237288,-198.0,-93.48736620000454,1
2021-03-03T08:42:00.000000,2021-03-03T08:43:00.000000,2021,2021-03,8,43,long,12956.0,12952.0,12964.0,4.0,-4.0,stop,1,0.8586956521739131,0.11956521739130435,0.021739130434782608,-371.5,-119.31626803877225,1
2021-03-03T08:43:00.000000,2021-03-03T08:44:00.000000,2021,2021-03,8,44,long,12933.75,12931.25,12938.75,2.5,-2.5,stop,1,0.967032967032967,0.03296703296703297,0.0,-394.25,-139.3377768422397,1
2021-03-05T10:24:00.000000,2021-03-05T10:25:00.000000,2021,2021-03,10,25,long,12235.5,12231.75,12243.0,3.75,-3.75,stop,1,0.6692307692307692,0.046153846153846156,0.2846153846153846,-561.75,-178.68051150899555,4
2021-03-05T10:32:00.000000,2021-03-05T10:33:00.000000,2021,2021-03,10,33,long,12256.75,12254.5,12261.25,2.25,-2.25,stop,1,0.8253968253968254,0.007936507936507936,0.16666666666666666,-540.25,-150.94273597489882,3
2021-03-05T10:41:00.000000,2021-03-05T10:42:00.000000,2021,2021-03,10,42,long,12295.75,12291.75,12303.75,4.0,-4.0,stop,1,0.7272727272727273,0.07272727272727272,0.2,-501.25,-108.05325634662222,2
2021-03-08T10:44:00.000000,2021-03-08T10:45:00.000000,2021,2021-03,10,45,long,12537.25,12535.0,12541.75,2.25,-2.25,stop,1,0.9166666666666666,0.020833333333333332,0.0625,-160.5,-44.43240259581762,2
2021-03-08T10:48:00.000000,2021-03-08T10:49:00.000000,2021,2021-03,10,49,long,12553.0,12535.5,12588.0,17.5,-17.5,stop,2,0.796875,0.109375,0.09375,-145.75,-29.291886966449965,2
2021-03-12T10:29:00.000000,2021-03-12T10:30:00.000000,2021,2021-03,10,30,long,12836.0,12829.0,12850.0,7.0,-7.0,stop,6,0.7083333333333334,0.08333333333333333,0.20833333333333334,-283.5,-36.821253944930504,2
2021-03-12T10:30:00.000000,2021-03-12T10:31:00.000000,2021,2021-03,10,31,long,12844.75,12834.0,12866.25,10.75,-10.75,stop,2,0.6956521739130435,0.0,0.30434782608695654,-275.25,-28.47099380763575,2
2021-03-17T08:49:00.000000,2021-03-17T08:50:00.000000,2021,2021-03,8,50,long,12999.25,12997.25,13003.25,2.0,-2.0,stop,1,0.7391304347826086,0.043478260869565216,0.21739130434782608,-287.75,-35.48021867940588,2
2021-03-17T10:37:00.000000,2021-03-17T10:38:00.000000,2021,2021-03,10,38,long,12988.0,12979.25,13005.5,8.75,-8.75,stop,4,0.8333333333333334,0.06666666666666667,0.1,-299.25,-32.566143988849944,1
2021-03-17T10:50:00.000000,2021-03-17T10:51:00.000000,2021,2021-03,10,51,long,12993.25,12983.5,13012.75,9.75,-9.75,stop,7,0.7368421052631579,0.10526315789473684,0.15789473684210525,-293.75,-26.06654585054821,1
2021-03-24T08:49:00.000000,2021-03-24T08:50:00.000000,2021,2021-03,8,50,long,12972.75,12970.75,12976.75,2.0,-2.0,stop,1,0.8780487804878049,0.07317073170731707,0.04878048780487805,-198.5,-43.75978510303139,1
2021-03-24T10:13:00.000000,2021-03-24T10:14:00.000000,2021,2021-03,10,14,long,12977.5,12970.0,12992.5,7.5,-7.5,stop,3,0.8461538461538461,0.0,0.15384615384615385,-194.5,-34.756487137343356,1
2021-03-24T10:15:00.000000,2021-03-24T10:16:00.000000,2021,2021-03,10,16,long,12975.0,12972.25,12980.5,2.75,-2.75,stop,1,0.9032258064516129,0.0967741935483871,0.0,-197.0,-37.09983696346535,1
2021-03-24T10:17:00.000000,2021-03-24T10:18:00.000000,2021,2021-03,10,18,long,12976.5,12964.0,13001.5,12.5,-12.5,stop,8,0.9302325581395349,0.023255813953488372,0.046511627906976744,-195.75,-35.68309051731376,1
2021-03-25T08:38:00.000000,2021-03-25T08:39:00.000000,2021,2021-03,8,39,long,12733.75,12711.5,12778.25,22.25,-22.25,stop,4,0.8350515463917526,0.0,0.16494845360824742,-411.5,-41.10774325838793,2
2021-03-25T08:44:00.000000,2021-03-25T08:45:00.000000,2021,2021-03,8,45,long,12716.0,12703.75,12740.5,12.25,-12.25,stop,2,0.9347826086956522,0.0,0.06521739130434782,-428.75,-56.063930448986866,2
2021-03-25T08:46:00.000000,2021-03-25T08:47:00.000000,2021,2021-03,8,47,long,12698.25,12694.25,12706.25,4.0,-4.0,stop,1,0.8068181818181818,0.07954545454545454,0.11363636363636363,-447.25,-73.57383719542668,2
2021-04-14T10:43:00.000000,2021-04-14T10:44:00.000000,2021,2021-04,10,44,long,13914.5,13912.0,13919.5,2.5,-2.5,stop,1,0.8333333333333334,0.08333333333333333,0.08333333333333333,-79.75,-24.56429419970118,1
2021-04-19T10:22:00.000000,2021-04-19T10:23:00.000000,2021,2021-04,10,23,long,13889.0,13885.75,13895.5,3.25,-3.25,stop,1,0.8529411764705882,0.11764705882352941,0.029411764705882353,-109.25,-53.608007801987696,1
2021-04-19T10:39:00.000000,2021-04-19T10:40:00.000000,2021,2021-04,10,40,long,13838.0,13835.25,13843.5,2.75,-2.75,stop,1,0.7837837837837838,0.08108108108108109,0.13513513513513514,-160.0,-99.2887599521564,1
2021-04-19T10:43:00.000000,2021-04-19T10:44:00.000000,2021,2021-04,10,44,long,13836.5,13826.5,13856.5,10.0,-10.0,stop,2,0.725,0.075,0.2,-161.5,-99.02066519684558,1
2021-04-20T08:49:00.000000,2021-04-20T08:50:00.000000,2021,2021-04,8,50,long,13819.75,13817.25,13824.75,2.5,-2.5,stop,1,0.8571428571428571,0.08571428571428572,0.05714285714285714,-232.25,-61.118791764492926,2
2021-04-29T08:35:00.000000,2021-04-29T08:36:00.000000,2021,2021-04,8,36,long,13902.75,13899.75,13908.75,3.0,-3.0,stop,1,0.8888888888888888,0.07936507936507936,0.031746031746031744,-90.5,-89.88868891458515,1
2021-04-29T08:36:00.000000,2021-04-29T08:37:00.000000,2021,2021-04,8,37,long,13891.75,13889.75,13895.75,2.0,-2.0,stop,1,0.671875,0.015625,0.3125,-101.5,-99.62276496130471,1
2021-05-10T08:39:00.000000,2021-05-10T08:40:00.000000,2021,2021-05,8,40,long,13524.25,13505.75,13561.25,18.5,-18.5,stop,5,0.9104477611940298,0.07462686567164178,0.014925373134328358,-217.75,-68.17254083135049,1
2021-05-10T10:10:00.000000,2021-05-10T10:11:00.000000,2021,2021-05,10,11,long,13531.75,13519.5,13556.25,12.25,-12.25,stop,19,0.9302325581395349,0.0,0.06976744186046512,-210.5,-27.616442969647323,1
2021-05-10T10:12:00.000000,2021-05-10T10:13:00.000000,2021,2021-05,10,13,long,13536.75,13527.25,13555.75,9.5,-9.5,stop,10,0.7941176470588235,0.11764705882352941,0.08823529411764706,-205.0,-21.99387094388294,1
2021-05-10T10:18:00.000000,2021-05-10T10:19:00.000000,2021,2021-05,10,19,long,13535.0,13528.0,13549.0,7.0,-7.0,stop,3,0.84,0.0,0.16,-206.75,-23.426392609277173,1
2021-05-12T08:40:00.000000,2021-05-12T08:41:00.000000,2021,2021-05,8,41,long,13084.25,13081.5,13089.75,2.75,-2.75,stop,1,0.6862745098039216,0.029411764705882353,0.28431372549019607,-291.5,-110.79670370324675,2
2021-05-17T10:14:00.000000,2021-05-17T10:15:00.000000,2021,2021-05,10,15,long,13225.75,13223.75,13229.75,2.0,-2.0,stop,1,0.9285714285714286,0.0,0.07142857142857142,-222.75,-75.1320001355216,1
2021-06-03T08:36:00.000000,2021-06-03T08:37:00.000000,2021,2021-06,8,37,long,13517.25,13514.5,13522.75,2.75,-2.75,stop,1,0.7428571428571429,0.05714285714285714,0.2,-195.75,-35.760836538149306,1
2021-06-03T08:38:00.000000,2021-06-03T08:39:00.000000,2021,2021-06,8,39,long,13501.5,13499.5,13505.5,2.0,-2.0,stop,1,0.9714285714285714,0.0,0.02857142857142857,-211.25,-50.66586955389721,1
2021-06-16T10:20:00.000000,2021-06-16T10:21:00.000000,2021,2021-06,10,21,long,13996.0,13993.75,14000.5,2.25,-2.25,stop,1,0.8421052631578947,0.10526315789473684,0.05263157894736842,-159.5,-55.58418157878077,2
2021-06-16T10:22:00.000000,2021-06-16T10:23:00.000000,2021,2021-06,10,23,long,13994.75,13989.25,14005.75,5.5,-5.5,stop,2,0.7058823529411765,0.11764705882352941,0.17647058823529413,-161.0,-56.50382692946005,2
2021-06-18T10:14:00.000000,2021-06-18T10:15:00.000000,2021,2021-06,10,15,long,14069.25,14066.75,14074.25,2.5,-2.5,stop,1,0.8888888888888888,0.0,0.1111111111111111,-130.25,-25.89492107254773,2
2021-06-18T10:19:00.000000,2021-06-18T10:20:00.000000,2021,2021-06,10,20,long,14071.75,14061.75,14091.75,10.0,-10.0,stop,26,0.9393939393939394,0.0,0.06060606060606061,-127.5,-22.968448048182836,2
2021-06-25T10:40:00.000000,2021-06-25T10:41:00.000000,2021,2021-06,10,41,long,14337.0,14331.75,14347.5,5.25,-5.25,stop,9,0.8571428571428571,0.07142857142857142,0.07142857142857142,-85.0,-20.343568901784238,2
2021-06-25T10:48:00.000000,2021-06-25T10:49:00.000000,2021,2021-06,10,49,long,14335.5,14333.25,14340.0,2.25,-2.25,stop,1,0.8181818181818182,0.09090909090909091,0.09090909090909091,-86.5,-21.619058988599136,1
2021-07-01T10:22:00.000000,2021-07-01T10:23:00.000000,2021,2021-07,10,23,long,14510.0,14503.75,14522.5,6.25,-6.25,stop,13,0.75,0.1,0.15,-88.5,-23.015779567154823,2
2021-07-01T10:31:00.000000,2021-07-01T10:32:00.000000,2021,2021-07,10,32,long,14512.25,14510.0,14516.75,2.25,-2.25,stop,1,0.75,0.0625,0.1875,-86.25,-20.455373412480185,2
2021-07-01T10:41:00.000000,2021-07-01T10:42:00.000000,2021,2021-07,10,42,long,14501.0,14494.75,14513.5,6.25,-6.25,stop,10,0.8333333333333334,0.05555555555555555,0.1111111111111111,-97.75,-31.181782680854667,3
2021-07-01T10:46:00.000000,2021-07-01T10:47:00.000000,2021,2021-07,10,47,long,14499.75,14497.5,14504.25,2.25,-2.25,stop,1,0.7368421052631579,0.05263157894736842,0.21052631578947367,-98.75,-31.948933433559432,3
2021-07-15T08:39:00.000000,2021-07-15T08:40:00.000000,2021,2021-07,8,40,long,14839.5,14829.5,14859.5,10.0,-10.0,stop,1,0.6808510638297872,0.0,0.3191489361702128,-156.5,-30.54553586507791,2
2021-07-15T08:43:00.000000,2021-07-15T08:44:00.000000,2021,2021-07,8,44,long,14791.5,14788.0,14798.5,3.5,-3.5,stop,1,0.7802197802197802,0.06593406593406594,0.15384615384615385,-204.5,-76.55592317992705,2
2021-07-15T10:15:00.000000,2021-07-15T10:16:00.000000,2021,2021-07,10,16,long,14739.25,14736.75,14744.25,2.5,-2.5,stop,1,0.8857142857142857,0.08571428571428572,0.02857142857142857,-256.5,-102.16692678385698,1
2021-07-16T08:42:00.000000,2021-07-16T08:43:00.000000,2021,2021-07,8,43,long,14772.0,14769.5,14777.0,2.5,-2.5,stop,1,0.7073170731707317,0.07317073170731707,0.21951219512195122,-190.5,-29.964589018980405,3
2021-07-16T08:44:00.000000,2021-07-16T08:45:00.000000,2021,2021-07,8,45,long,14769.75,14766.75,14775.75,3.0,-3.0,stop,1,0.7884615384615384,0.057692307692307696,0.15384615384615385,-193.25,-32.386043768838135,3
2021-07-16T08:49:00.000000,2021-07-16T08:50:00.000000,2021,2021-07,8,50,long,14773.0,14762.25,14794.5,10.75,-10.75,stop,9,0.868421052631579,0.07894736842105263,0.05263157894736842,-189.5,-27.67646902481829,2
2021-07-16T10:29:00.000000,2021-07-16T10:30:00.000000,2021,2021-07,10,30,long,14758.75,14754.0,14768.25,4.75,-4.75,stop,8,0.8181818181818182,0.09090909090909091,0.09090909090909091,-204.25,-21.82383322783062,3
2021-07-19T08:35:00.000000,2021-07-19T08:36:00.000000,2021,2021-07,8,36,long,14455.0,14452.5,14460.0,2.5,-2.5,stop,1,0.79,0.03,0.18,-227.25,-89.19813600220732,1
2021-07-19T08:41:00.000000,2021-07-19T08:42:00.000000,2021,2021-07,8,42,long,14494.25,14479.25,14524.25,15.0,-15.0,stop,15,0.864406779661017,0.03389830508474576,0.1016949152542373,-188.0,-47.00563962416891,2
2021-07-19T10:27:00.000000,2021-07-19T10:28:00.000000,2021,2021-07,10,28,long,14509.0,14506.75,14513.5,2.25,-2.25,stop,1,0.9591836734693877,0.04081632653061224,0.0,-173.25,-28.97023982695282,1
2021-07-19T10:38:00.000000,2021-07-19T10:39:00.000000,2021,2021-07,10,39,long,14482.25,14479.75,14487.25,2.5,-2.5,stop,1,0.7368421052631579,0.10526315789473684,0.15789473684210525,-200.25,-54.87714609811155,1
2021-07-27T08:30:00.000000,2021-07-27T08:31:00.000000,2021,2021-07,8,31,long,14973.5,14969.5,14981.5,4.0,-4.0,stop,1,0.859375,0.109375,0.03125,-160.75,-79.2943183797197,2
2021-07-27T08:31:00.000000,2021-07-27T08:32:00.000000,2021,2021-07,8,32,long,14956.0,14954.25,14959.5,1.75,-1.75,stop,1,0.971830985915493,0.0,0.028169014084507043,-177.75,-94.89494874530283,1
2021-08-03T08:33:00.000000,2021-08-03T08:34:00.000000,2021,2021-08,8,34,long,14908.25,14905.25,14914.25,3.0,-3.0,stop,1,0.8627450980392157,0.0784313725490196,0.058823529411764705,-148.0,-39.02921952070392,1
2021-08-06T10:13:00.000000,2021-08-06T10:14:00.000000,2021,2021-08,10,14,long,15083.25,15081.25,15087.25,2.0,-2.0,stop,1,0.84,0.04,0.12,-89.0,-25.678159992990913,2
2021-08-11T08:37:00.000000,2021-08-11T08:38:00.000000,2021,2021-08,8,38,long,15033.75,15021.0,15059.25,12.75,-12.75,stop,18,0.9130434782608695,0.0,0.08695652173913043,-123.75,-24.08357638598136,2
2021-08-11T08:39:00.000000,2021-08-11T08:40:00.000000,2021,2021-08,8,40,long,15025.25,15023.0,15029.75,2.25,-2.25,stop,1,0.8181818181818182,0.09090909090909091,0.09090909090909091,-131.5,-31.519103417827864,2
2021-08-11T10:26:00.000000,2021-08-11T10:27:00.000000,2021,2021-08,10,27,long,14997.5,14995.25,15002.0,2.25,-2.25,stop,1,0.8,0.0,0.2,-160.0,-38.03228185122316,1
2021-08-11T10:31:00.000000,2021-08-11T10:32:00.000000,2021,2021-08,10,32,long,15004.0,14995.75,15020.5,8.25,-8.25,stop,25,0.88,0.12,0.0,-153.25,-31.05224459773308,1
2021-08-11T10:45:00.000000,2021-08-11T10:46:00.000000,2021,2021-08,10,46,long,15008.0,14999.75,15024.5,8.25,-8.25,stop,7,0.9230769230769231,0.0,0.07692307692307693,-149.5,-26.76329779675143,1
2021-08-11T10:47:00.000000,2021-08-11T10:48:00.000000,2021,2021-08,10,48,long,15008.25,15002.0,15020.75,6.25,-6.25,stop,5,0.85,0.05,0.1,-148.75,-25.93527772030393,1
2021-08-16T08:36:00.000000,2021-08-16T08:37:00.000000,2021,2021-08,8,37,long,14959.0,14956.5,14964.0,2.5,-2.5,stop,1,0.8181818181818182,0.06060606060606061,0.12121212121212122,-164.0,-81.0521593400299,1
2021-08-16T08:50:00.000000,2021-08-16T08:51:00.000000,2021,2021-08,8,51,long,14947.5,14944.0,14954.5,3.5,-3.5,stop,1,0.8518518518518519,0.09259259259259259,0.05555555555555555,-175.75,-85.41210563290406,1
2021-08-17T10:10:00.000000,2021-08-17T10:11:00.000000,2021,2021-08,10,11,long,14936.0,14934.0,14940.0,2.0,-2.0,stop,1,0.7619047619047619,0.047619047619047616,0.19047619047619047,-202.5,-74.69397782555461,1
2021-08-17T10:12:00.000000,2021-08-17T10:13:00.000000,2021,2021-08,10,13,long,14950.5,14935.75,14980.0,14.75,-14.75,stop,6,0.9090909090909091,0.0,0.09090909090909091,-188.75,-60.52502616484344,1
2021-08-17T10:28:00.000000,2021-08-17T10:29:00.000000,2021,2021-08,10,29,long,14968.75,14951.25,15003.75,17.5,-17.5,stop,5,0.9230769230769231,0.015384615384615385,0.06153846153846154,-170.5,-39.17203554668595,1
2021-08-17T10:30:00.000000,2021-08-17T10:31:00.000000,2021,2021-08,10,31,long,14967.5,14965.5,14971.5,2.0,-2.0,stop,1,0.9629629629629629,0.0,0.037037037037037035,-171.5,-39.91471832620664,1
2021-08-17T10:38:00.000000,2021-08-17T10:39:00.000000,2021,2021-08,10,39,long,14934.75,14931.0,14942.25,3.75,-3.75,stop,2,0.864406779661017,0.0847457627118644,0.05084745762711865,-204.75,-71.68248288809264,1
2021-09-02T10:29:00.000000,2021-09-02T10:30:00.000000,2021,2021-09,10,30,long,15615.0,15612.5,15620.0,2.5,-2.5,stop,1,0.75,0.08333333333333333,0.16666666666666666,-84.25,-27.01495390620221,3
2021-09-10T08:34:00.000000,2021-09-10T08:35:00.000000,2021,2021-09,8,35,long,15578.0,15575.25,15583.5,2.75,-2.75,stop,1,0.7837837837837838,0.05405405405405406,0.16216216216216217,-90.75,-35.47351391853226,2
2021-09-13T10:41:00.000000,2021-09-13T10:42:00.000000,2021,2021-09,10,42,long,15403.25,15400.5,15408.75,2.75,-2.75,stop,1,0.8461538461538461,0.05128205128205128,0.10256410256410256,-79.75,-27.977538565459326,1
2021-09-14T08:41:00.000000,2021-09-14T08:42:00.000000,2021,2021-09,8,42,long,15406.5,15399.25,15421.0,7.25,-7.25,stop,8,0.8,0.12,0.08,-150.5,-44.564662578181014,2
2021-09-14T08:46:00.000000,2021-09-14T08:47:00.000000,2021,2021-09,8,47,long,15419.0,15408.25,15440.5,10.75,-10.75,stop,2,0.8378378378378378,0.10810810810810811,0.05405405405405406,-138.5,-31.645490440960202,2
2021-09-17T08:38:00.000000,2021-09-17T08:39:00.000000,2021,2021-09,8,39,long,15360.75,15350.75,15380.75,10.0,-10.0,stop,2,0.8484848484848485,0.09090909090909091,0.06060606060606061,-172.0,-73.97931655089087,1
2021-09-17T08:48:00.000000,2021-09-17T08:49:00.000000,2021,2021-09,8,49,long,15351.25,15340.25,15373.25,11.0,-11.0,stop,2,0.8,0.075,0.125,-181.5,-77.49329003127059,1
2021-09-17T10:50:00.000000,2021-09-17T10:51:00.000000,2021,2021-09,10,51,long,15357.25,15346.25,15379.25,11.0,-11.0,stop,7,0.972972972972973,0.02702702702702703,0.0,-175.0,-30.844313453537325,1
2021-09-20T08:39:00.000000,2021-09-20T08:40:00.000000,2021,2021-09,8,40,long,15038.5,15028.5,15058.5,10.0,-10.0,stop,1,0.8333333333333334,0.05555555555555555,0.1111111111111111,-286.25,-82.8503624593759,1
2021-09-20T08:48:00.000000,2021-09-20T08:49:00.000000,2021,2021-09,8,49,long,15017.25,14999.5,15052.75,17.75,-17.75,stop,8,0.6629213483146067,0.06741573033707865,0.2696629213483146,-307.0,-97.31835208072516,1
2021-09-21T08:36:00.000000,2021-09-21T08:37:00.000000,2021,2021-09,8,37,long,15039.5,15027.5,15063.5,12.0,-12.0,stop,1,0.7777777777777778,0.08888888888888889,0.13333333333333333,-299.0,-33.144285515772935,1
2021-09-21T08:42:00.000000,2021-09-21T08:43:00.000000,2021,2021-09,8,43,long,15045.75,15034.0,15069.25,11.75,-11.75,stop,3,0.8043478260869565,0.10869565217391304,0.08695652173913043,-291.75,-24.62378405529489,1
2021-09-21T08:48:00.000000,2021-09-21T08:49:00.000000,2021,2021-09,8,49,long,14997.75,14993.75,15005.75,4.0,-4.0,stop,1,0.7777777777777778,0.07407407407407407,0.14814814814814814,-341.0,-71.85496761139075,1
2021-09-27T10:17:00.000000,2021-09-27T10:18:00.000000,2021,2021-09,10,18,long,15166.75,15157.25,15185.75,9.5,-9.5,stop,14,0.9117647058823529,0.0,0.08823529411764706,-163.0,-24.822668436730964,1
2021-09-27T10:27:00.000000,2021-09-27T10:28:00.000000,2021,2021-09,10,28,long,15161.25,15157.25,15169.25,4.0,-4.0,stop,4,0.9,0.0,0.1,-168.5,-29.9499221860533,1
2021-09-27T10:33:00.000000,2021-09-27T10:34:00.000000,2021,2021-09,10,34,long,15157.0,15150.5,15170.0,6.5,-6.5,stop,2,0.7391304347826086,0.043478260869565216,0.21739130434782608,-173.0,-34.16830941542503,1
2021-09-27T10:34:00.000000,2021-09-27T10:35:00.000000,2021,2021-09,10,35,long,15152.5,15150.25,15157.0,2.25,-2.25,stop,1,0.7916666666666666,0.0,0.20833333333333334,-177.75,-38.873819921649556,1
2021-09-27T10:43:00.000000,2021-09-27T10:44:00.000000,2021,2021-09,10,44,long,15160.5,15152.25,15177.0,8.25,-8.25,stop,2,0.8064516129032258,0.03225806451612903,0.16129032258064516,-169.25,-29.910325356107933,1
2021-09-28T10:13:00.000000,2021-09-28T10:14:00.000000,2021,2021-09,10,14,long,14835.25,14824.5,14856.75,10.75,-10.75,stop,7,0.9,0.0,0.1,-563.75,-83.81763951201538,1
2021-09-28T10:18:00.000000,2021-09-28T10:19:00.000000,2021,2021-09,10,19,long,14841.25,14828.75,14866.25,12.5,-12.5,stop,1,0.9047619047619048,0.07142857142857142,0.023809523809523808,-558.25,-77.35402597895882,1
2021-09-28T10:20:00.000000,2021-09-28T10:21:00.000000,2021,2021-09,10,21,long,14823.0,14820.25,14828.5,2.75,-2.75,stop,1,0.725,0.05,0.225,-576.5,-95.12359529337118,1
2021-09-28T10:29:00.000000,2021-09-28T10:30:00.000000,2021,2021-09,10,30,long,14816.0,14814.25,14819.5,1.75,-1.75,stop,1,0.7647058823529411,0.058823529411764705,0.17647058823529413,-582.5,-99.61850371375658,1
2021-09-28T10:30:00.000000,2021-09-28T10:31:00.000000,2021,2021-09,10,31,long,14805.0,14801.75,14811.5,3.25,-3.25,stop,1,0.8823529411764706,0.0784313725490196,0.0392156862745098,-594.5,-111.30478548558494,1
2021-09-28T10:35:00.000000,2021-09-28T10:36:00.000000,2021,2021-09,10,36,long,14794.0,14791.75,14798.5,2.25,-2.25,stop,1,0.9411764705882353,0.058823529411764705,0.0,-605.0,-120.85889438282356,1
2021-09-28T10:44:00.000000,2021-09-28T10:45:00.000000,2021,2021-09,10,45,long,14765.0,14762.75,14769.5,2.25,-2.25,stop,1,0.9230769230769231,0.07692307692307693,0.0,-634.0,-148.15042872911727,1
2021-09-29T10:10:00.000000,2021-09-29T10:11:00.000000,2021,2021-09,10,11,long,14772.5,14769.25,14779.0,3.25,-3.25,stop,1,0.8604651162790697,0.06976744186046512,0.06976744186046512,-420.25,-72.36961586281905,2
2021-09-29T10:30:00.000000,2021-09-29T10:31:00.000000,2021,2021-09,10,31,long,14752.75,14732.75,14792.75,20.0,-20.0,stop,15,0.881578947368421,0.09210526315789473,0.02631578947368421,-439.0,-85.60693936409734,3
2021-09-29T10:34:00.000000,2021-09-29T10:35:00.000000,2021,2021-09,10,35,long,14749.0,14747.5,14752.0,1.5,-1.5,stop,1,0.7551020408163265,0.0,0.24489795918367346,-442.75,-88.70866085847592,3
2021-09-29T10:35:00.000000,2021-09-29T10:36:00.000000,2021,2021-09,10,36,long,14740.0,14737.5,14745.0,2.5,-2.5,stop,1,0.7450980392156863,0.0,0.2549019607843137,-452.75,-98.41506774627669,3
2021-09-29T10:37:00.000000,2021-09-29T10:38:00.000000,2021,2021-09,10,38,long,14752.5,14736.0,14785.5,16.5,-16.5,stop,7,0.8813559322033898,0.11864406779661017,0.0,-439.5,-84.75644709398694,3
2021-09-29T10:42:00.000000,2021-09-29T10:43:00.000000,2021,2021-09,10,43,long,14751.0,14748.0,14757.0,3.0,-3.0,stop,1,0.7333333333333333,0.022222222222222223,0.24444444444444444,-442.0,-86.43352207085081,2
2021-09-29T10:49:00.000000,2021-09-29T10:50:00.000000,2021,2021-09,10,50,long,14754.25,14737.0,14788.75,17.25,-17.25,stop,39,0.7307692307692307,0.0641025641025641,0.20512820512820512,-437.75,-80.92554944372932,1
2021-09-30T10:25:00.000000,2021-09-30T10:26:00.000000,2021,2021-09,10,26,long,14714.0,14692.75,14756.5,21.25,-21.25,stop,5,0.7551020408163265,0.030612244897959183,0.21428571428571427,-212.0,-93.29978574485904,1
2021-09-30T10:27:00.000000,2021-09-30T10:28:00.000000,2021,2021-09,10,28,long,14714.75,14704.0,14736.25,10.75,-10.75,stop,2,0.6666666666666666,0.0625,0.2708333333333333,-211.25,-92.16529303474817,1
2021-09-30T10:29:00.000000,2021-09-30T10:30:00.000000,2021,2021-09,10,30,long,14698.75,14696.25,14703.75,2.5,-2.5,stop,1,0.7377049180327869,0.0,0.26229508196721313,-227.75,-108.05411537646614,1
2021-10-01T08:33:00.000000,2021-10-01T08:34:00.000000,2021,2021-10,8,34,long,14555.75,14542.0,14583.25,13.75,-13.75,stop,6,0.8035714285714286,0.05357142857142857,0.14285714285714285,-327.5,-78.78905368736378,2
2021-10-01T08:36:00.000000,2021-10-01T08:37:00.000000,2021,2021-10,8,37,long,14555.75,14553.25,14560.75,2.5,-2.5,stop,1,0.8448275862068966,0.017241379310344827,0.13793103448275862,-328.0,-78.26102715112575,2
2021-10-01T08:39:00.000000,2021-10-01T08:40:00.000000,2021,2021-10,8,40,long,14540.25,14538.0,14544.75,2.25,-2.25,stop,1,0.6627906976744186,0.011627906976744186,0.32558139534883723,-343.25,-92.47404958047264,2
2021-10-01T08:44:00.000000,2021-10-01T08:45:00.000000,2021,2021-10,8,45,long,14546.5,14543.5,14552.5,3.0,-3.0,stop,1,0.6981132075471698,0.07547169811320754,0.22641509433962265,-337.0,-84.25696703824178,3
2021-10-08T10:10:00.000000,2021-10-08T10:11:00.000000,2021,2021-10,10,11,long,14832.25,14829.5,14837.75,2.75,-2.75,stop,1,0.7333333333333333,0.1,0.16666666666666666,-169.0,-50.20940665014314,1
2021-10-08T10:13:00.000000,2021-10-08T10:14:00.000000,2021,2021-10,10,14,long,14834.5,14825.5,14852.5,9.0,-9.0,stop,12,0.8387096774193549,0.0,0.16129032258064516,-167.25,-48.177288647802925,1
2021-10-08T10:21:00.000000,2021-10-08T10:22:00.000000,2021,2021-10,10,22,long,14830.5,14827.75,14836.0,2.75,-2.75,stop,1,0.8947368421052632,0.10526315789473684,0.0,-171.0,-51.29788590708267,1
2021-10-08T10:23:00.000000,2021-10-08T10:24:00.000000,2021,2021-10,10,24,long,14836.25,14825.5,14857.75,10.75,-10.75,stop,2,0.9705882352941176,0.0,0.029411764705882353,-165.5,-45.66513477148146,1
2021-10-08T10:24:00.000000,2021-10-08T10:25:00.000000,2021,2021-10,10,25,long,14831.75,14829.5,14836.25,2.25,-2.25,stop,1,0.85,0.1,0.05,-169.25,-49.36719691320832,1
2021-10-12T08:37:00.000000,2021-10-12T08:38:00.000000,2021,2021-10,8,38,long,14667.5,14649.75,14703.0,17.75,-17.75,stop,1,0.7564102564102564,0.07692307692307693,0.16666666666666666,-229.25,-26.42424460132679,2
2021-10-12T10:45:00.000000,2021-10-12T10:46:00.000000,2021,2021-10,10,46,long,14667.25,14665.0,14671.75,2.25,-2.25,stop,1,0.9444444444444444,0.0,0.05555555555555555,-230.25,-22.523485569072363,2
2021-10-12T10:48:00.000000,2021-10-12T10:49:00.000000,2021,2021-10,10,49,long,14665.5,14663.75,14669.0,1.75,-1.75,stop,1,0.6666666666666666,0.0,0.3333333333333333,-231.5,-23.673341027599236,2
2021-11-09T10:17:00.000000,2021-11-09T10:18:00.000000,2021,2021-11,10,18,long,16243.5,16225.75,16279.0,17.75,-17.75,stop,43,0.873015873015873,0.09523809523809523,0.031746031746031744,-151.0,-43.836905117965216,1
2021-11-09T10:30:00.000000,2021-11-09T10:31:00.000000,2021,2021-11,10,31,long,16250.0,16232.75,16284.5,17.25,-17.25,stop,6,0.7125,0.075,0.2125,-143.5,-34.22216890274103,1
2021-11-09T10:43:00.000000,2021-11-09T10:44:00.000000,2021,2021-11,10,44,long,16256.5,16237.0,16295.5,19.5,-19.5,stop,9,0.9594594594594594,0.0,0.04054054054054054,-137.25,-26.290249171088362,1
2021-11-12T08:42:00.000000,2021-11-12T08:43:00.000000,2021,2021-11,8,43,long,16014.0,16012.0,16018.0,2.0,-2.0,stop,1,0.7708333333333334,0.0625,0.16666666666666666,-99.25,-39.57646155920338,2
2021-11-24T08:44:00.000000,2021-11-24T08:45:00.000000,2021,2021-11,8,45,long,16129.0,16114.75,16157.5,14.25,-14.25,stop,2,0.7258064516129032,0.11290322580645161,0.16129032258064516,-289.0,-97.61128454972459,2
2021-11-26T10:13:00.000000,2021-11-26T10:14:00.000000,2021,2021-11,10,14,long,16066.0,16062.25,16073.5,3.75,-3.75,stop,2,0.6626506024096386,0.04819277108433735,0.2891566265060241,-370.75,-139.13621741600764,1
2021-11-26T10:17:00.000000,2021-11-26T10:18:00.000000,2021,2021-11,10,18,long,16052.5,16048.75,16060.0,3.75,-3.75,stop,1,0.660377358490566,0.11320754716981132,0.22641509433962265,-383.75,-149.88797320807316,1
2021-11-26T10:21:00.000000,2021-11-26T10:22:00.000000,2021,2021-11,10,22,long,16035.25,16032.25,16041.25,3.0,-3.0,stop,1,0.7317073170731707,0.04878048780487805,0.21951219512195122,-401.25,-164.82380824669235,1
2021-11-30T10:11:00.000000,2021-11-30T10:12:00.000000,2021,2021-11,10,12,long,16186.25,16162.25,16234.25,24.0,-24.0,stop,13,0.7264957264957265,0.042735042735042736,0.23076923076923078,-251.0,-135.92902635149767,1
2021-12-01T08:47:00.000000,2021-12-01T08:48:00.000000,2021,2021-12,8,48,long,16306.5,16303.0,16313.5,3.5,-3.5,stop,1,0.6891891891891891,0.06756756756756757,0.24324324324324326,-150.0,-21.008216764548706,1
2021-12-03T08:49:00.000000,2021-12-03T08:50:00.000000,2021,2021-12,8,50,long,15917.5,15913.0,15926.5,4.5,-4.5,stop,1,0.8141025641025641,0.04487179487179487,0.14102564102564102,-149.5,-74.63589553202473,4
2021-12-10T10:30:00.000000,2021-12-10T10:31:00.000000,2021,2021-12,10,31,long,16200.5,16197.25,16207.0,3.25,-3.25,stop,1,0.7162162162162162,0.05405405405405406,0.22972972972972974,-219.75,-28.502923168896814,4
2021-12-14T08:47:00.000000,2021-12-14T08:48:00.000000,2021,2021-12,8,48,long,15946.0,15941.0,15956.0,5.0,-5.0,stop,1,0.7169811320754716,0.08490566037735849,0.19811320754716982,-467.75,-32.70690126168665,2
2021-12-14T08:50:00.000000,2021-12-14T08:51:00.000000,2021,2021-12,8,51,long,15941.75,15938.25,15948.75,3.5,-3.5,stop,1,0.7272727272727273,0.06363636363636363,0.20909090909090908,-471.0,-34.83564446249693,2
2021-12-15T08:48:00.000000,2021-12-15T08:49:00.000000,2021,2021-12,8,49,long,15846.0,15841.5,15855.0,4.5,-4.5,stop,1,0.7681159420289855,0.11594202898550725,0.11594202898550725,-287.25,-60.31143490004615,2
2021-12-15T10:16:00.000000,2021-12-15T10:17:00.000000,2021,2021-12,10,17,long,15827.25,15814.0,15853.75,13.25,-13.25,stop,3,0.8301886792452831,0.05660377358490566,0.11320754716981132,-305.0,-54.42633315311468,1
2021-12-15T10:17:00.000000,2021-12-15T10:18:00.000000,2021,2021-12,10,18,long,15819.0,15816.5,15824.0,2.5,-2.5,stop,1,0.6739130434782609,0.08695652173913043,0.2391304347826087,-313.25,-62.4626818486704,1
2021-12-15T10:35:00.000000,2021-12-15T10:36:00.000000,2021,2021-12,10,36,long,15787.0,15779.0,15803.0,8.0,-8.0,stop,1,0.6666666666666666,0.05555555555555555,0.2777777777777778,-345.25,-89.12054778427773,1
2021-12-20T10:13:00.000000,2021-12-20T10:14:00.000000,2021,2021-12,10,14,long,15531.25,15527.25,15539.25,4.0,-4.0,stop,1,0.7380952380952381,0.09523809523809523,0.16666666666666666,-426.25,-59.98301115535833,4
2021-12-20T10:16:00.000000,2021-12-20T10:17:00.000000,2021,2021-12,10,17,long,15531.0,15508.75,15575.5,22.25,-22.25,stop,17,0.9176470588235294,0.058823529411764705,0.023529411764705882,-425.0,-58.01323204441542,3
2021-12-20T10:18:00.000000,2021-12-20T10:19:00.000000,2021,2021-12,10,19,long,15534.5,15518.0,15567.5,16.5,-16.5,stop,11,0.9152542372881356,0.05084745762711865,0.03389830508474576,-422.25,-54.94031431278199,2
2021-12-20T10:22:00.000000,2021-12-20T10:23:00.000000,2021,2021-12,10,23,long,15553.25,15529.75,15600.25,23.5,-23.5,stop,4,0.8901098901098901,0.08791208791208792,0.02197802197802198,-402.5,-34.51577298166012,2
2021-12-20T10:45:00.000000,2021-12-20T10:46:00.000000,2021,2021-12,10,46,long,15515.25,15511.75,15522.25,3.5,-3.5,stop,1,0.7272727272727273,0.11363636363636363,0.1590909090909091,-441.5,-68.99215961946538,2
2021-12-21T08:49:00.000000,2021-12-21T08:50:00.000000,2021,2021-12,8,50,long,15684.5,15682.75,15688.0,1.75,-1.75,stop,1,0.9135802469135802,0.0,0.08641975308641975,-167.0,-73.51005314321083,3
2022-01-07T10:48:00.000000,2022-01-07T10:49:00.000000,2022,2022-01,10,49,long,15635.25,15615.75,15674.25,19.5,-19.5,stop,32,0.7974683544303798,0.08860759493670886,0.11392405063291139,-260.5,-55.428369655632196,2
2022-01-11T08:48:00.000000,2022-01-11T08:49:00.000000,2022,2022-01,8,49,long,15500.25,15497.0,15506.75,3.25,-3.25,stop,1,0.9375,0.01875,0.04375,-169.25,-95.4724115412555,3
2022-01-13T10:28:00.000000,2022-01-13T10:29:00.000000,2022,2022-01,10,29,long,15802.75,15783.75,15840.75,19.0,-19.0,stop,32,0.8289473684210527,0.09210526315789473,0.07894736842105263,-206.0,-59.14519661173654,1
2022-01-13T10:41:00.000000,2022-01-13T10:42:00.000000,2022,2022-01,10,42,long,15816.75,15812.75,15824.75,4.0,-4.0,stop,1,0.7924528301886793,0.11320754716981132,0.09433962264150944,-193.0,-44.15597835716471,2
2022-01-13T10:50:00.000000,2022-01-13T10:51:00.000000,2022,2022-01,10,51,long,15787.25,15784.25,15793.25,3.0,-3.0,stop,1,0.8571428571428571,0.06349206349206349,0.07936507936507936,-222.0,-71.89024528935806,2
2022-01-18T10:15:00.000000,2022-01-18T10:16:00.000000,2022,2022-01,10,16,long,15319.0,15297.75,15361.5,21.25,-21.25,stop,5,0.8255813953488372,0.06976744186046512,0.10465116279069768,-334.25,-44.79472413129042,1
2022-01-19T10:12:00.000000,2022-01-19T10:13:00.000000,2022,2022-01,10,13,long,15153.5,15149.75,15161.0,3.75,-3.75,stop,1,0.8674698795180723,0.07228915662650602,0.060240963855421686,-450.0,-85.93317139292776,1
2022-01-21T10:49:00.000000,2022-01-21T10:50:00.000000,2022,2022-01,10,50,long,14689.75,14678.0,14713.25,11.75,-11.75,stop,4,0.7358490566037735,0.0,0.2641509433962264,-650.5,-24.502786596869555,5
2022-01-24T08:43:00.000000,2022-01-24T08:44:00.000000,2022,2022-01,8,44,long,14128.5,14124.0,14137.5,4.5,-4.5,stop,1,0.882051282051282,0.020512820512820513,0.09743589743589744,-731.5,-210.6444268918658,1
2022-01-24T08:50:00.000000,2022-01-24T08:51:00.000000,2022,2022-01,8,51,long,14108.5,14104.5,14116.5,4.0,-4.0,stop,1,0.8444444444444444,0.05925925925925926,0.0962962962962963,-750.0,-215.03929152133423,2
2022-02-04T10:21:00.000000,2022-02-04T10:22:00.000000,2022,2022-02,10,22,long,14473.5,14470.5,14479.5,3.0,-3.0,stop,1,0.7611940298507462,0.1044776119402985,0.13432835820895522,-395.75,-97.12202995600819,2
2022-02-07T10:19:00.000000,2022-02-07T10:20:00.000000,2022,2022-02,10,20,long,14670.5,14658.0,14695.5,12.5,-12.5,stop,2,0.76,0.1,0.14,-155.0,-40.38877276493622,1
2022-02-07T10:25:00.000000,2022-02-07T10:26:00.000000,2022,2022-02,10,26,long,14675.5,14656.5,14713.5,19.0,-19.0,stop,6,0.7252747252747253,0.04395604395604396,0.23076923076923078,-149.75,-34.15835825328941,1
2022-02-07T10:49:00.000000,2022-02-07T10:50:00.000000,2022,2022-02,10,50,long,14592.25,14583.0,14610.75,9.25,-9.25,stop,3,0.75,0.0,0.25,-233.25,-109.452270447513,1
2022-02-11T10:14:00.000000,2022-02-11T10:15:00.000000,2022,2022-02,10,15,long,14585.5,14581.0,14594.5,4.5,-4.5,stop,1,0.6904761904761905,0.10714285714285714,0.20238095238095238,-477.0,-70.31495934770282,2
2022-02-11T10:23:00.000000,2022-02-11T10:24:00.000000,2022,2022-02,10,24,long,14591.5,14576.0,14622.5,15.5,-15.5,stop,2,0.8305084745762712,0.11864406779661017,0.05084745762711865,-470.25,-60.87424962253499,2
2022-02-11T10:26:00.000000,2022-02-11T10:27:00.000000,2022,2022-02,10,27,long,14570.25,14566.0,14578.75,4.25,-4.25,stop,1,0.8095238095238095,0.09523809523809523,0.09523809523809523,-492.75,-82.75004027218529,2
2022-02-11T10:48:00.000000,2022-02-11T10:49:00.000000,2022,2022-02,10,49,long,14554.5,14546.0,14571.5,8.5,-8.5,stop,2,0.84375,0.0,0.15625,-507.5,-90.5889348273522,2
2022-02-17T08:45:00.000000,2022-02-17T08:46:00.000000,2022,2022-02,8,46,long,14456.0,14452.0,14464.0,4.0,-4.0,stop,1,0.7222222222222222,0.08333333333333333,0.19444444444444445,-212.25,-47.237325925465484,1
2022-02-17T10:17:00.000000,2022-02-17T10:18:00.000000,2022,2022-02,10,18,long,14393.0,14376.75,14425.5,16.25,-16.25,stop,20,0.9166666666666666,0.05,0.03333333333333333,-275.25,-57.402700407203156,1
2022-02-17T10:25:00.000000,2022-02-17T10:26:00.000000,2022,2022-02,10,26,long,14393.5,14381.75,14417.0,11.75,-11.75,stop,8,0.8292682926829268,0.0975609756097561,0.07317073170731707,-275.25,-56.10159977239891,1
2022-02-17T10:40:00.000000,2022-02-17T10:41:00.000000,2022,2022-02,10,41,long,14369.5,14366.75,14375.0,2.75,-2.75,stop,1,0.7037037037037037,0.037037037037037035,0.25925925925925924,-299.5,-77.96919859315494,1
2022-02-18T08:39:00.000000,2022-02-18T08:40:00.000000,2022,2022-02,8,40,long,14132.5,14129.25,14139.0,3.25,-3.25,stop,1,0.8472222222222222,0.08333333333333333,0.06944444444444445,-486.75,-82.35852239920678,3
2022-02-18T08:40:00.000000,2022-02-18T08:41:00.000000,2022,2022-02,8,41,long,14114.5,14110.75,14122.0,3.75,-3.75,stop,1,0.7142857142857143,0.0380952380952381,0.24761904761904763,-505.75,-99.63166294369694,3
2022-02-21T10:11:00.000000,2022-02-21T10:12:00.000000,2022,2022-02,10,12,long,13813.75,13799.25,13842.75,14.5,-14.5,stop,5,0.8688524590163934,0.04918032786885246,0.08196721311475409,-483.75,-118.50042357968778,1
2022-02-21T10:20:00.000000,2022-02-21T10:21:00.000000,2022,2022-02,10,21,long,13805.0,13796.0,13823.0,9.0,-9.0,stop,3,0.868421052631579,0.02631578947368421,0.10526315789473684,-492.5,-126.07287630365317,1
2022-02-21T10:22:00.000000,2022-02-21T10:23:00.000000,2022,2022-02,10,23,long,13802.75,13799.25,13809.75,3.5,-3.5,stop,1,0.8421052631578947,0.10526315789473684,0.05263157894736842,-497.25,-130.59278427395293,1
2022-02-23T08:45:00.000000,2022-02-23T08:46:00.000000,2022,2022-02,8,46,long,13968.25,13950.0,14004.75,18.25,-18.25,stop,2,0.7209302325581395,0.05813953488372093,0.22093023255813954,-139.5,-20.945171528106584,2
2022-03-01T10:31:00.000000,2022-03-01T10:32:00.000000,2022,2022-03,10,32,long,14111.75,14109.75,14115.75,2.0,-2.0,stop,1,0.6621621621621622,0.05405405405405406,0.28378378378378377,-179.5,-76.18757926464059,2
2022-03-01T10:44:00.000000,2022-03-01T10:45:00.000000,2022,2022-03,10,45,long,14085.5,14062.5,14131.5,23.0,-23.0,stop,1,0.9666666666666667,0.0,0.03333333333333333,-206.0,-97.22996758114277,3
2022-03-04T10:19:00.000000,2022-03-04T10:20:00.000000,2022,2022-03,10,20,long,13770.5,13767.25,13777.0,3.25,-3.25,stop,1,0.6885245901639344,0.08196721311475409,0.22950819672131148,-620.5,-116.46133236346031,1
2022-03-04T10:20:00.000000,2022-03-04T10:21:00.000000,2022,2022-03,10,21,long,13754.5,13751.5,13760.5,3.0,-3.0,stop,1,0.8783783783783784,0.04054054054054054,0.08108108108108109,-636.75,-132.3112786217098,1
2022-03-04T10:26:00.000000,2022-03-04T10:27:00.000000,2022,2022-03,10,27,long,13779.0,13760.5,13816.0,18.5,-18.5,stop,5,0.7831325301204819,0.03614457831325301,0.18072289156626506,-611.5,-105.26357572945017,1
2022-03-04T10:33:00.000000,2022-03-04T10:34:00.000000,2022,2022-03,10,34,long,13765.75,13750.5,13796.25,15.25,-15.25,stop,2,0.8125,0.03125,0.15625,-625.0,-116.39107748499919,1
2022-03-04T10:50:00.000000,2022-03-04T10:51:00.000000,2022,2022-03,10,51,long,13807.75,13804.75,13813.75,3.0,-3.0,stop,1,0.6857142857142857,0.04285714285714286,0.2714285714285714,-583.5,-70.1967751270804,1
2022-03-07T10:11:00.000000,2022-03-07T10:12:00.000000,2022,2022-03,10,12,long,13607.25,13605.25,13611.25,2.0,-2.0,stop,1,0.9420289855072463,0.028985507246376812,0.028985507246376812,-478.75,-56.89550096541825,1
2022-03-07T10:16:00.000000,2022-03-07T10:17:00.000000,2022,2022-03,10,17,long,13622.25,13601.25,13664.25,21.0,-21.0,stop,14,0.95,0.025,0.025,-463.75,-40.98169622344358,1
2022-03-07T10:18:00.000000,2022-03-07T10:19:00.000000,2022,2022-03,10,19,long,13638.75,13615.5,13685.25,23.25,-23.25,stop,3,0.8076923076923077,0.04807692307692308,0.14423076923076922,-446.75,-23.67448113393766,1
2022-03-08T10:12:00.000000,2022-03-08T10:13:00.000000,2022,2022-03,10,13,long,13241.5,13239.0,13246.5,2.5,-2.5,stop,1,0.8103448275862069,0.07758620689655173,0.11206896551724138,-636.5,-24.701746367516535,4
2022-03-08T10:43:00.000000,2022-03-08T10:44:00.000000,2022,2022-03,10,44,long,13145.5,13133.25,13170.0,12.25,-12.25,stop,1,0.86,0.0,0.14,-733.75,-115.15609222853345,2
2022-03-10T08:34:00.000000,2022-03-10T08:35:00.000000,2022,2022-03,8,35,long,13531.5,13527.5,13539.5,4.0,-4.0,stop,1,0.76,0.12,0.12,-289.25,-79.47006223785684,2
2022-03-17T08:49:00.000000,2022-03-17T08:50:00.000000,2022,2022-03,8,50,long,13888.0,13865.5,13933.0,22.5,-22.5,stop,3,0.8202247191011236,0.0449438202247191,0.1348314606741573,-139.0,-32.03520135546023,1
2022-03-21T10:33:00.000000,2022-03-21T10:34:00.000000,2022,2022-03,10,34,long,14321.5,14319.25,14326.0,2.25,-2.25,stop,1,0.8526315789473684,0.021052631578947368,0.12631578947368421,-113.25,-35.3214846206738,4
2022-03-30T10:11:00.000000,2022-03-30T10:12:00.000000,2022,2022-03,10,12,long,15140.25,15137.25,15146.25,3.0,-3.0,stop,1,0.8571428571428571,0.03571428571428571,0.10714285714285714,-129.25,-33.830045275308294,1
2022-04-01T08:30:00.000000,2022-04-01T08:31:00.000000,2022,2022-04,8,31,long,14854.25,14839.0,14884.75,15.25,-15.25,stop,11,0.7391304347826086,0.014492753623188406,0.2463768115942029,-326.75,-29.276776414766573,2
2022-04-01T08:42:00.000000,2022-04-01T08:43:00.000000,2022,2022-04,8,43,long,14856.25,14832.0,14904.75,24.25,-24.25,stop,44,0.8198198198198198,0.018018018018018018,0.16216216216216217,-323.5,-23.831269244756186,2
2022-04-07T10:21:00.000000,2022-04-07T10:22:00.000000,2022,2022-04,10,22,long,14408.25,14390.5,14443.75,17.75,-17.75,stop,2,0.890625,0.09375,0.015625,-439.75,-83.4144107503962,1
2022-04-07T10:28:00.000000,2022-04-07T10:29:00.000000,2022,2022-04,10,29,long,14373.25,14370.75,14378.25,2.5,-2.5,stop,1,0.7846153846153846,0.06153846153846154,0.15384615384615385,-474.25,-116.39391320943469,1
2022-04-07T10:34:00.000000,2022-04-07T10:35:00.000000,2022,2022-04,10,35,long,14367.5,14365.5,14371.5,2.0,-2.0,stop,1,0.9736842105263158,0.02631578947368421,0.0,-480.25,-121.14438952701312,1
2022-04-07T10:39:00.000000,2022-04-07T10:40:00.000000,2022,2022-04,10,40,long,14353.0,14350.25,14358.5,2.75,-2.75,stop,1,0.875,0.1,0.025,-494.75,-134.0395639165763,1
2022-04-07T10:44:00.000000,2022-04-07T10:45:00.000000,2022,2022-04,10,45,long,14342.75,14340.0,14348.25,2.75,-2.75,stop,1,0.7931034482758621,0.06896551724137931,0.13793103448275862,-505.5,-142.8795389760944,1
2022-04-07T10:47:00.000000,2022-04-07T10:48:00.000000,2022,2022-04,10,48,long,14337.25,14334.5,14342.75,2.75,-2.75,stop,1,0.6666666666666666,0.05555555555555555,0.2777777777777778,-511.0,-147.19110837240441,1
2022-04-07T10:49:00.000000,2022-04-07T10:50:00.000000,2022,2022-04,10,50,long,14321.25,14319.25,14325.25,2.0,-2.0,stop,1,0.7714285714285715,0.11428571428571428,0.11428571428571428,-525.75,-160.96802046111225,1
2022-04-11T08:36:00.000000,2022-04-11T08:37:00.000000,2022,2022-04,8,37,long,14086.75,14084.0,14092.25,2.75,-2.75,stop,1,0.9230769230769231,0.06153846153846154,0.015384615384615385,-295.0,-87.52100285062079,1
2022-04-11T08:40:00.000000,2022-04-11T08:41:00.000000,2022,2022-04,8,41,long,14061.0,14056.75,14069.5,4.25,-4.25,stop,1,0.8873239436619719,0.09859154929577464,0.014084507042253521,-321.5,-112.03220077606056,1
2022-04-12T10:42:00.000000,2022-04-12T10:43:00.000000,2022,2022-04,10,43,long,14077.75,14074.5,14084.25,3.25,-3.25,stop,1,0.9315068493150684,0.0684931506849315,0.0,-291.5,-54.20477555837533,1
2022-04-12T10:48:00.000000,2022-04-12T10:49:00.000000,2022,2022-04,10,49,long,14088.5,14069.75,14126.0,18.75,-18.75,stop,14,0.6705882352941176,0.09411764705882353,0.23529411764705882,-281.25,-43.29104963367536,1
2022-04-14T08:39:00.000000,2022-04-14T08:40:00.000000,2022,2022-04,8,40,long,14039.25,14020.25,14077.25,19.0,-19.0,stop,13,0.7954545454545454,0.0,0.20454545454545456,-226.75,-123.52829841235143,1
2022-04-14T08:48:00.000000,2022-04-14T08:49:00.000000,2022,2022-04,8,49,long,14050.25,14046.25,14058.25,4.0,-4.0,stop,1,0.8955223880597015,0.08955223880597014,0.014925373134328358,-216.75,-108.8716655829594,1
2022-04-14T08:49:00.000000,2022-04-14T08:50:00.000000,2022,2022-04,8,50,long,14036.25,14033.25,14042.25,3.0,-3.0,stop,1,0.7761194029850746,0.11940298507462686,0.1044776119402985,-229.25,-120.75085985213809,1
2022-04-18T10:29:00.000000,2022-04-18T10:30:00.000000,2022,2022-04,10,30,long,13791.5,13789.5,13795.5,2.0,-2.0,stop,1,0.7,0.06666666666666667,0.23333333333333334,-111.75,-84.75455474173941,4
2022-04-20T08:42:00.000000,2022-04-20T08:43:00.000000,2022,2022-04,8,43,long,14123.5,14121.0,14128.5,2.5,-2.5,stop,1,0.75,0.0,0.25,-119.0,-24.22159343678868,2
2022-04-20T08:49:00.000000,2022-04-20T08:50:00.000000,2022,2022-04,8,50,long,14124.0,14115.25,14141.5,8.75,-8.75,stop,1,0.9,0.1,0.0,-117.25,-21.623686212016764,2
2022-04-20T10:11:00.000000,2022-04-20T10:12:00.000000,2022,2022-04,10,12,long,14004.25,14001.0,14010.75,3.25,-3.25,stop,1,0.8771929824561403,0.07017543859649122,0.05263157894736842,-238.0,-123.5358694958395,3
2022-04-20T10:12:00.000000,2022-04-20T10:13:00.000000,2022,2022-04,10,13,long,13997.25,13995.0,14001.75,2.25,-2.25,stop,1,0.6744186046511628,0.0,0.32558139534883723,-245.0,-129.95918038901436,3
2022-04-20T10:14:00.000000,2022-04-20T10:15:00.000000,2022,2022-04,10,15,long,13995.75,13993.0,14001.25,2.75,-2.75,stop,1,0.7894736842105263,0.05263157894736842,0.15789473684210525,-246.5,-130.76046048672652,2
2022-04-20T10:22:00.000000,2022-04-20T10:23:00.000000,2022,2022-04,10,23,long,13998.0,13989.0,14016.0,9.0,-9.0,stop,1,0.7837837837837838,0.10810810810810811,0.10810810810810811,-242.75,-124.8576172355024,2
2022-04-21T08:40:00.000000,2022-04-21T08:41:00.000000,2022,2022-04,8,41,long,14133.75,14131.5,14138.25,2.25,-2.25,stop,1,0.9484536082474226,0.0,0.05154639175257732,-164.5,-46.661250836554245,1
2022-04-21T08:45:00.000000,2022-04-21T08:46:00.000000,2022,2022-04,8,46,long,14125.25,14122.75,14130.25,2.5,-2.5,stop,1,0.8235294117647058,0.014705882352941176,0.16176470588235295,-173.0,-54.24606111193316,1
2022-04-21T10:11:00.000000,2022-04-21T10:12:00.000000,2022,2022-04,10,12,long,13970.5,13955.75,14000.0,14.75,-14.75,stop,2,0.6666666666666666,0.014492753623188406,0.3188405797101449,-328.5,-168.02147424879877,1
2022-04-21T10:19:00.000000,2022-04-21T10:20:00.000000,2022,2022-04,10,20,long,13970.5,13958.5,13994.5,12.0,-12.0,stop,1,0.8260869565217391,0.021739130434782608,0.15217391304347827,-327.75,-163.3098201734647,1
2022-04-21T10:31:00.000000,2022-04-21T10:32:00.000000,2022,2022-04,10,32,long,13934.25,13931.25,13940.25,3.0,-3.0,stop,1,0.8604651162790697,0.09302325581395349,0.046511627906976744,-363.75,-193.6965459817202,1
2022-04-22T08:49:00.000000,2022-04-22T08:50:00.000000,2022,2022-04,8,50,long,13634.25,13630.5,13641.75,3.75,-3.75,stop,1,0.968421052631579,0.021052631578947368,0.010526315789473684,-650.0,-53.456472698970174,2
2022-04-26T10:37:00.000000,2022-04-26T10:38:00.000000,2022,2022-04,10,38,long,13174.75,13171.75,13180.75,3.0,-3.0,stop,1,0.9375,0.0625,0.0,-374.75,-95.90631663491877,2
2022-04-28T10:11:00.000000,2022-04-28T10:12:00.000000,2022,2022-04,10,12,long,13140.0,13137.0,13146.0,3.0,-3.0,stop,1,0.6739130434782609,0.06521739130434782,0.2608695652173913,-115.5,-31.960373055158925,1
2022-04-29T08:36:00.000000,2022-04-29T08:37:00.000000,2022,2022-04,8,37,long,13195.75,13193.25,13200.75,2.5,-2.5,stop,1,0.8125,0.0,0.1875,-346.75,-119.48184054158446,2
2022-04-29T08:41:00.000000,2022-04-29T08:42:00.000000,2022,2022-04,8,42,long,13208.25,13206.0,13212.75,2.25,-2.25,stop,1,0.9444444444444444,0.041666666666666664,0.013888888888888888,-333.25,-103.53026665687867,3
2022-04-29T10:23:00.000000,2022-04-29T10:24:00.000000,2022,2022-04,10,24,long,13129.5,13120.5,13147.5,9.0,-9.0,stop,3,0.7297297297297297,0.02702702702702703,0.24324324324324326,-412.5,-147.63287396329906,1
2022-05-04T08:32:00.000000,2022-05-04T08:33:00.000000,2022,2022-05,8,33,long,12951.25,12948.25,12957.25,3.0,-3.0,stop,1,0.7341772151898734,0.08860759493670886,0.17721518987341772,-231.75,-107.87204546086105,1
2022-05-04T08:35:00.000000,2022-05-04T08:36:00.000000,2022,2022-05,8,36,long,12958.0,12936.25,13001.5,21.75,-21.75,stop,16,0.8505747126436781,0.022988505747126436,0.12643678160919541,-226.5,-99.45447337425139,2
2022-05-04T08:46:00.000000,2022-05-04T08:47:00.000000,2022,2022-05,8,47,long,12969.25,12959.0,12989.75,10.25,-10.25,stop,2,0.7297297297297297,0.05405405405405406,0.21621621621621623,-215.5,-82.69560349549647,2
2022-05-04T08:48:00.000000,2022-05-04T08:49:00.000000,2022,2022-05,8,49,long,12958.25,12956.25,12962.25,2.0,-2.0,stop,1,0.8852459016393442,0.03278688524590164,0.08196721311475409,-225.0,-91.19822970920359,2
2022-05-04T08:50:00.000000,2022-05-04T08:51:00.000000,2022,2022-05,8,51,long,12938.0,12935.5,12943.0,2.5,-2.5,stop,1,0.8181818181818182,0.05194805194805195,0.12987012987012986,-245.25,-110.05648244785334,2
2022-05-04T10:13:00.000000,2022-05-04T10:14:00.000000,2022,2022-05,10,14,long,12972.25,12958.75,12999.25,13.5,-13.5,stop,3,0.9387755102040817,0.02040816326530612,0.04081632653061224,-211.25,-43.63775052402525,2
2022-05-04T10:16:00.000000,2022-05-04T10:17:00.000000,2022,2022-05,10,17,long,12959.5,12956.0,12966.5,3.5,-3.5,stop,1,0.8085106382978723,0.10638297872340426,0.0851063829787234,-224.5,-56.238600562714055,2
2022-05-05T08:48:00.000000,2022-05-05T08:49:00.000000,2022,2022-05,8,49,long,12949.25,12945.25,12957.25,4.0,-4.0,stop,1,0.7747747747747747,0.06306306306306306,0.16216216216216217,-606.25,-275.73564562119464,1
2022-05-05T10:25:00.000000,2022-05-05T10:26:00.000000,2022,2022-05,10,26,long,12903.75,12879.0,12953.25,24.75,-24.75,stop,10,0.8317757009345794,0.028037383177570093,0.14018691588785046,-651.25,-202.47448557785356,1
2022-05-05T10:40:00.000000,2022-05-05T10:41:00.000000,2022,2022-05,10,41,long,12853.75,12850.5,12860.25,3.25,-3.25,stop,1,0.7625,0.1,0.1375,-700.75,-242.7112428636301,1
2022-05-05T10:47:00.000000,2022-05-05T10:48:00.000000,2022,2022-05,10,48,long,12834.25,12830.5,12841.75,3.75,-3.75,stop,1,0.8947368421052632,0.10526315789473684,0.0,-720.25,-257.88515331209237,1
2022-05-06T08:34:00.000000,2022-05-06T08:35:00.000000,2022,2022-05,8,35,long,12685.0,12682.25,12690.5,2.75,-2.75,stop,1,0.6987951807228916,0.10843373493975904,0.1927710843373494,-861.5,-35.185471360298834,3
2022-05-06T08:36:00.000000,2022-05-06T08:37:00.000000,2022,2022-05,8,37,long,12654.0,12651.25,12659.5,2.75,-2.75,stop,1,0.73,0.005,0.265,-894.5,-67.48268076420754,3
2022-05-09T08:31:00.000000,2022-05-09T08:32:00.000000,2022,2022-05,8,32,long,12333.0,12329.0,12341.0,4.0,-4.0,stop,1,0.8035714285714286,0.08928571428571429,0.10714285714285714,-305.0,-130.78193215988722,1
2022-05-09T08:32:00.000000,2022-05-09T08:33:00.000000,2022,2022-05,8,33,long,12315.75,12313.25,12320.75,2.5,-2.5,stop,1,0.8518518518518519,0.024691358024691357,0.12345679012345678,-321.5,-146.14193643025646,1
2022-05-09T10:26:00.000000,2022-05-09T10:27:00.000000,2022,2022-05,10,27,long,12361.25,12359.0,12365.75,2.25,-2.25,stop,1,0.8947368421052632,0.02631578947368421,0.07894736842105263,-275.75,-51.45214104775732,2
2022-05-10T08:38:00.000000,2022-05-10T08:39:00.000000,2022,2022-05,8,39,long,12372.25,12369.5,12377.75,2.75,-2.75,stop,1,0.6666666666666666,0.057971014492753624,0.2753623188405797,-251.5,-30.188149637902825,1
2022-05-10T08:40:00.000000,2022-05-10T08:41:00.000000,2022,2022-05,8,41,long,12349.75,12347.0,12355.25,2.75,-2.75,stop,1,0.9444444444444444,0.0,0.05555555555555555,-275.0,-53.18192145618923,1
2022-05-10T08:48:00.000000,2022-05-10T08:49:00.000000,2022,2022-05,8,49,long,12281.75,12277.25,12290.75,4.5,-4.5,stop,1,0.7815126050420168,0.07563025210084033,0.14285714285714285,-342.5,-116.4759298238896,2
2022-05-16T10:46:00.000000,2022-05-16T10:47:00.000000,2022,2022-05,10,47,long,12254.75,12241.0,12282.25,13.75,-13.75,stop,8,0.7368421052631579,0.07017543859649122,0.19298245614035087,-234.0,-36.50814893993447,1
2022-05-17T08:35:00.000000,2022-05-17T08:36:00.000000,2022,2022-05,8,36,long,12388.25,12385.0,12394.75,3.25,-3.25,stop,1,0.801980198019802,0.04950495049504951,0.1485148514851485,-110.5,-61.38321934256783,1
2022-05-17T08:38:00.000000,2022-05-17T08:39:00.000000,2022,2022-05,8,39,long,12369.0,12365.75,12375.5,3.25,-3.25,stop,1,0.7682926829268293,0.08536585365853659,0.14634146341463414,-129.25,-78.70756574983352,1
2022-05-17T08:45:00.000000,2022-05-17T08:46:00.000000,2022,2022-05,8,46,long,12336.75,12332.0,12346.25,4.75,-4.75,stop,1,0.872093023255814,0.10465116279069768,0.023255813953488372,-162.5,-107.71298193214898,2
2022-05-17T08:50:00.000000,2022-05-17T08:51:00.000000,2022,2022-05,8,51,long,12339.25,12337.75,12342.25,1.5,-1.5,stop,1,0.7962962962962963,0.018518518518518517,0.18518518518518517,-158.75,-101.7325812296549,2
2022-05-18T08:37:00.000000,2022-05-18T08:38:00.000000,2022,2022-05,8,38,long,12263.75,12261.25,12268.75,2.5,-2.5,stop,1,0.6862745098039216,0.0,0.3137254901960784,-330.75,-130.4025615304472,1
2022-05-18T08:48:00.000000,2022-05-18T08:49:00.000000,2022,2022-05,8,49,long,12310.5,12290.0,12351.5,20.5,-20.5,stop,3,0.696078431372549,0.0392156862745098,0.2647058823529412,-283.25,-76.62614100961218,1
2022-05-20T08:38:00.000000,2022-05-20T08:39:00.000000,2022,2022-05,8,39,long,11905.0,11900.75,11913.5,4.25,-4.25,stop,1,0.7051282051282052,0.08974358974358974,0.20512820512820512,-172.25,-86.92800655348219,1
2022-05-20T08:50:00.000000,2022-05-20T08:51:00.000000,2022,2022-05,8,51,long,11873.75,11870.75,11879.75,3.0,-3.0,stop,1,0.6666666666666666,0.058823529411764705,0.27450980392156865,-202.5,-112.66263002132655,1
2022-05-24T10:44:00.000000,2022-05-24T10:45:00.000000,2022,2022-05,10,45,long,11672.5,11669.75,11678.0,2.75,-2.75,stop,1,0.9714285714285714,0.02857142857142857,0.0,-403.5,-45.396542970447626,2
2022-06-01T08:32:00.000000,2022-06-01T08:33:00.000000,2022,2022-06,8,33,long,12602.25,12597.75,12611.25,4.5,-4.5,stop,1,0.8672566371681416,0.07079646017699115,0.061946902654867256,-224.0,-104.28924149566046,3
2022-06-01T08:34:00.000000,2022-06-01T08:35:00.000000,2022,2022-06,8,35,long,12586.75,12584.25,12591.75,2.5,-2.5,stop,1,0.8461538461538461,0.009615384615384616,0.14423076923076922,-239.25,-117.641581823038,4
2022-06-01T08:35:00.000000,2022-06-01T08:36:00.000000,2022,2022-06,8,36,long,12571.0,12567.5,12578.0,3.5,-3.5,stop,1,0.8311688311688312,0.06493506493506493,0.1038961038961039,-255.0,-131.9773865782663,4
2022-06-01T10:13:00.000000,2022-06-01T10:14:00.000000,2022,2022-06,10,14,long,12480.5,12456.25,12529.0,24.25,-24.25,stop,35,0.9042553191489362,0.07446808510638298,0.02127659574468085,-344.5,-171.31875187921287,1
2022-06-01T10:19:00.000000,2022-06-01T10:20:00.000000,2022,2022-06,10,20,long,12504.75,12482.75,12548.75,22.0,-22.0,stop,10,0.7222222222222222,0.037037037037037035,0.24074074074074073,-320.5,-144.10532505661467,1
2022-06-01T10:29:00.000000,2022-06-01T10:30:00.000000,2022,2022-06,10,30,long,12481.0,12477.75,12487.5,3.25,-3.25,stop,1,0.8271604938271605,0.037037037037037035,0.13580246913580246,-345.25,-165.63956482439607,1
2022-06-01T10:32:00.000000,2022-06-01T10:33:00.000000,2022,2022-06,10,33,long,12520.25,12501.25,12558.25,19.0,-19.0,stop,2,0.9577464788732394,0.028169014084507043,0.014084507042253521,-305.0,-124.13416982274794,1
2022-06-01T10:33:00.000000,2022-06-01T10:34:00.000000,2022,2022-06,10,34,long,12506.25,12504.25,12510.25,2.0,-2.0,stop,1,0.6790123456790124,0.012345679012345678,0.30864197530864196,-319.25,-137.97186023342147,1
2022-06-01T10:42:00.000000,2022-06-01T10:43:00.000000,2022,2022-06,10,43,long,12490.75,12487.75,12496.75,3.0,-3.0,stop,1,0.9245283018867925,0.07547169811320754,0.0,-335.0,-151.20373966460647,1
2022-06-03T08:46:00.000000,2022-06-03T08:47:00.000000,2022,2022-06,8,47,long,12604.5,12586.75,12640.0,17.75,-17.75,stop,5,0.6896551724137931,0.022988505747126436,0.28735632183908044,-341.0,-110.06348114841785,1
2022-06-08T10:32:00.000000,2022-06-08T10:33:00.000000,2022,2022-06,10,33,long,12658.0,12655.5,12663.0,2.5,-2.5,stop,1,0.958904109589041,0.0410958904109589,0.0,-82.0,-49.69251887694736,3
2022-06-09T10:23:00.000000,2022-06-09T10:24:00.000000,2022,2022-06,10,24,long,12560.75,12552.75,12576.75,8.0,-8.0,stop,1,0.7741935483870968,0.0,0.22580645161290322,-222.25,-34.96899842148923,2
2022-06-09T10:26:00.000000,2022-06-09T10:27:00.000000,2022,2022-06,10,27,long,12565.25,12552.0,12591.75,13.25,-13.25,stop,29,0.7959183673469388,0.08163265306122448,0.12244897959183673,-218.25,-30.73468308048359,2
2022-06-09T10:33:00.000000,2022-06-09T10:34:00.000000,2022,2022-06,10,34,long,12572.25,12552.25,12612.25,20.0,-20.0,stop,22,0.7948717948717948,0.10256410256410256,0.10256410256410256,-211.25,-23.307904891484213,2
2022-06-10T10:10:00.000000,2022-06-10T10:11:00.000000,2022,2022-06,10,11,long,11863.0,11860.75,11867.5,2.25,-2.25,stop,1,0.8947368421052632,0.07894736842105263,0.02631578947368421,-862.5,-166.10121127896127,1
2022-06-10T10:12:00.000000,2022-06-10T10:13:00.000000,2022,2022-06,10,13,long,11847.5,11844.5,11853.5,3.0,-3.0,stop,1,0.8936170212765957,0.06382978723404255,0.0425531914893617,-878.75,-181.52894682555598,1
2022-06-10T10:14:00.000000,2022-06-10T10:15:00.000000,2022,2022-06,10,15,long,11844.75,11842.0,11850.25,2.75,-2.75,stop,1,0.75,0.075,0.175,-881.25,-183.50698919429124,1
2022-06-10T10:20:00.000000,2022-06-10T10:21:00.000000,2022,2022-06,10,21,long,11854.5,11841.75,11880.0,12.75,-12.75,stop,1,0.7037037037037037,0.09259259259259259,0.2037037037037037,-871.5,-172.15159587095695,1
2022-06-10T10:22:00.000000,2022-06-10T10:23:00.000000,2022,2022-06,10,23,long,11859.0,11838.5,11900.0,20.5,-20.5,stop,6,0.9230769230769231,0.02564102564102564,0.05128205128205128,-867.0,-166.782670533501,1
2022-06-10T10:29:00.000000,2022-06-10T10:30:00.000000,2022,2022-06,10,30,long,11859.0,11838.25,11900.5,20.75,-20.75,stop,44,0.8533333333333334,0.10666666666666667,0.04,-867.75,-165.59380849373701,1
2022-06-10T10:41:00.000000,2022-06-10T10:42:00.000000,2022,2022-06,10,42,long,11884.5,11864.25,11925.0,20.25,-20.25,stop,6,0.8518518518518519,0.08641975308641975,0.06172839506172839,-840.75,-134.6540850338679,1
2022-06-10T10:46:00.000000,2022-06-10T10:47:00.000000,2022,2022-06,10,47,long,11865.5,11862.5,11871.5,3.0,-3.0,stop,1,0.9056603773584906,0.09433962264150944,0.0,-860.25,-152.88702322715653,1
2022-06-13T08:33:00.000000,2022-06-13T08:34:00.000000,2022,2022-06,8,34,long,11438.25,11416.75,11481.25,21.5,-21.5,stop,8,0.7865168539325843,0.11235955056179775,0.10112359550561797,-333.75,-90.49493724024978,2
2022-06-13T08:40:00.000000,2022-06-13T08:41:00.000000,2022,2022-06,8,41,long,11419.0,11416.5,11424.0,2.5,-2.5,stop,1,0.8292682926829268,0.0975609756097561,0.07317073170731707,-353.0,-106.48171976793128,2
2022-06-13T08:45:00.000000,2022-06-13T08:46:00.000000,2022,2022-06,8,46,long,11394.0,11383.25,11415.5,10.75,-10.75,stop,2,0.75,0.0,0.25,-378.25,-127.65069576217502,2
2022-06-13T08:50:00.000000,2022-06-13T08:51:00.000000,2022,2022-06,8,51,long,11377.25,11374.25,11383.25,3.0,-3.0,stop,1,0.8,0.11428571428571428,0.08571428571428572,-395.25,-142.0624556764924,2
2022-06-13T10:13:00.000000,2022-06-13T10:14:00.000000,2022,2022-06,10,14,long,11457.5,11452.75,11467.0,4.75,-4.75,stop,1,0.660377358490566,0.10377358490566038,0.2358490566037736,-315.0,-34.60121492689541,1
2022-06-13T10:16:00.000000,2022-06-13T10:17:00.000000,2022,2022-06,10,17,long,11447.75,11445.0,11453.25,2.75,-2.75,stop,1,0.8041237113402062,0.07216494845360824,0.12371134020618557,-323.75,-43.164855991812146,1
2022-06-14T10:24:00.000000,2022-06-14T10:25:00.000000,2022,2022-06,10,25,long,11346.75,11334.5,11371.25,12.25,-12.25,stop,2,0.8043478260869565,0.10869565217391304,0.08695652173913043,-352.0,-26.30686136112672,2
2022-06-14T10:25:00.000000,2022-06-14T10:26:00.000000,2022,2022-06,10,26,long,11337.75,11335.0,11343.25,2.75,-2.75,stop,1,0.8636363636363636,0.022727272727272728,0.11363636363636363,-361.75,-36.02092301982884,2
2022-06-14T10:28:00.000000,2022-06-14T10:29:00.000000,2022,2022-06,10,29,long,11337.25,11334.25,11343.25,3.0,-3.0,stop,1,0.7608695652173914,0.06521739130434782,0.17391304347826086,-362.0,-36.068506797937516,2
2022-06-14T10:36:00.000000,2022-06-14T10:37:00.000000,2022,2022-06,10,37,long,11328.25,11309.25,11366.25,19.0,-19.0,stop,2,0.9178082191780822,0.0410958904109589,0.0410958904109589,-370.25,-43.690028388007704,2
2022-06-14T10:44:00.000000,2022-06-14T10:45:00.000000,2022,2022-06,10,45,long,11327.0,11325.5,11330.0,1.5,-1.5,stop,1,0.8529411764705882,0.0,0.14705882352941177,-371.5,-44.215078553441344,2
2022-06-16T08:37:00.000000,2022-06-16T08:38:00.000000,2022,2022-06,8,38,long,11213.5,11196.0,11248.5,17.5,-17.5,stop,1,0.7777777777777778,0.06944444444444445,0.1527777777777778,-581.0,-145.31947993791982,1
2022-06-16T08:40:00.000000,2022-06-16T08:41:00.000000,2022,2022-06,8,41,long,11178.75,11176.0,11184.25,2.75,-2.75,stop,1,0.9111111111111111,0.08888888888888889,0.0,-615.25,-176.81035657913708,1
2022-06-16T08:48:00.000000,2022-06-16T08:49:00.000000,2022,2022-06,8,49,long,11145.75,11142.25,11152.75,3.5,-3.5,stop,1,0.8541666666666666,0.08333333333333333,0.0625,-649.0,-202.38702143098635,1
2022-06-16T10:48:00.000000,2022-06-16T10:49:00.000000,2022,2022-06,10,49,long,11204.5,11186.5,11240.5,18.0,-18.0,stop,7,0.96875,0.03125,0.0,-589.75,-96.70636935809307,1
2022-06-17T08:35:00.000000,2022-06-17T08:36:00.000000,2022,2022-06,8,36,long,11135.0,11131.0,11143.0,4.0,-4.0,stop,1,0.8953488372093024,0.10465116279069768,0.0,-639.0,-117.64777106455404,2
2022-06-17T08:40:00.000000,2022-06-17T08:41:00.000000,2022,2022-06,8,41,long,11156.0,11153.75,11160.5,2.25,-2.25,stop,1,0.8936170212765957,0.06382978723404255,0.0425531914893617,-617.75,-92.57499710025331,3
2022-06-17T08:42:00.000000,2022-06-17T08:43:00.000000,2022,2022-06,8,43,long,11166.75,11147.25,11205.75,19.5,-19.5,stop,5,0.7951807228915663,0.08433734939759036,0.12048192771084337,-606.75,-80.77043709844293,3
2022-06-17T08:45:00.000000,2022-06-17T08:46:00.000000,2022,2022-06,8,46,long,11156.5,11152.0,11165.5,4.5,-4.5,stop,1,0.8478260869565217,0.10869565217391304,0.043478260869565216,-617.75,-90.77048129505965,3
2022-06-23T10:43:00.000000,2022-06-23T10:44:00.000000,2022,2022-06,10,44,long,11585.25,11583.0,11589.75,2.25,-2.25,stop,1,0.9117647058823529,0.08823529411764706,0.0,-160.0,-45.73848676979287,1
2022-06-23T10:47:00.000000,2022-06-23T10:48:00.000000,2022,2022-06,10,48,long,11585.5,11571.75,11613.0,13.75,-13.75,stop,6,0.7321428571428571,0.07142857142857142,0.19642857142857142,-160.75,-46.10730390221033,1
2022-06-27T08:37:00.000000,2022-06-27T08:38:00.000000,2022,2022-06,8,38,long,12075.75,12061.5,12104.25,14.25,-14.25,stop,4,0.7818181818181819,0.07272727272727272,0.14545454545454545,-89.25,-54.90279276239562,1
2022-06-27T10:23:00.000000,2022-06-27T10:24:00.000000,2022,2022-06,10,24,long,12082.25,12079.5,12087.75,2.75,-2.75,stop,1,0.6774193548387096,0.06451612903225806,0.25806451612903225,-82.5,-42.94588639616268,1
2022-06-27T10:32:00.000000,2022-06-27T10:33:00.000000,2022,2022-06,10,33,long,12044.0,12041.5,12049.0,2.5,-2.5,stop,1,0.8409090909090909,0.09090909090909091,0.06818181818181818,-120.0,-78.8878603238918,1
2022-06-27T10:44:00.000000,2022-06-27T10:45:00.000000,2022,2022-06,10,45,long,12076.5,12061.75,12106.0,14.75,-14.75,stop,21,0.92,0.08,0.0,-88.25,-45.72051896559606,2
2022-06-28T08:31:00.000000,2022-06-28T08:32:00.000000,2022,2022-06,8,32,long,11976.75,11974.75,11980.75,2.0,-2.0,stop,1,0.7333333333333333,0.0,0.26666666666666666,-285.25,-105.30752937042234,1
2022-06-28T08:45:00.000000,2022-06-28T08:46:00.000000,2022,2022-06,8,46,long,11974.0,11971.5,11979.0,2.5,-2.5,stop,1,0.84,0.04,0.12,-288.0,-98.86355917408582,2
2022-06-28T08:48:00.000000,2022-06-28T08:49:00.000000,2022,2022-06,8,49,long,11954.5,11940.0,11983.5,14.5,-14.5,stop,4,0.88,0.1,0.02,-307.75,-115.51962180613555,1
2022-06-29T10:22:00.000000,2022-06-29T10:23:00.000000,2022,2022-06,10,23,long,11642.75,11640.0,11648.25,2.75,-2.75,stop,1,0.7068965517241379,0.05172413793103448,0.2413793103448276,-531.5,-28.8333151465049,2
2022-07-01T08:50:00.000000,2022-07-01T08:51:00.000000,2022,2022-07,8,51,long,11434.0,11430.0,11442.0,4.0,-4.0,stop,1,0.8571428571428571,0.08928571428571429,0.05357142857142857,-257.25,-49.02554109349512,1
2022-07-08T10:47:00.000000,2022-07-08T10:48:00.000000,2022,2022-07,10,48,long,12064.0,12055.0,12082.0,9.0,-9.0,stop,7,0.7058823529411765,0.029411764705882353,0.2647058823529412,-105.25,-24.860536203850643,4
2022-07-22T08:47:00.000000,2022-07-22T08:48:00.000000,2022,2022-07,8,48,long,12567.0,12564.75,12571.5,2.25,-2.25,stop,1,0.9655172413793104,0.034482758620689655,0.0,-88.0,-23.628440138601945,1
2022-07-26T08:45:00.000000,2022-07-26T08:46:00.000000,2022,2022-07,8,46,long,12180.75,12169.0,12204.25,11.75,-11.75,stop,20,0.7254901960784313,0.0784313725490196,0.19607843137254902,-317.25,-68.21583841332904,1
2022-08-04T08:34:00.000000,2022-08-04T08:35:00.000000,2022,2022-08,8,35,long,13206.0,13203.0,13212.0,3.0,-3.0,stop,1,0.8504672897196262,0.028037383177570093,0.12149532710280374,-104.5,-77.62230188383182,5
2022-08-04T08:35:00.000000,2022-08-04T08:36:00.000000,2022,2022-08,8,36,long,13190.5,13186.5,13198.5,4.0,-4.0,stop,1,0.7176470588235294,0.10588235294117647,0.17647058823529413,-119.5,-91.4784867874314,5
2022-08-08T10:12:00.000000,2022-08-08T10:13:00.000000,2022,2022-08,10,13,long,13201.75,13198.75,13207.75,3.0,-3.0,stop,1,0.6842105263157895,0.10526315789473684,0.21052631578947367,-89.75,-107.01390099630771,2
2022-08-08T10:21:00.000000,2022-08-08T10:22:00.000000,2022,2022-08,10,22,long,13192.5,13170.75,13236.0,21.75,-21.75,stop,7,0.9125,0.0875,0.0,-99.25,-111.00499585815123,3
2022-08-08T10:25:00.000000,2022-08-08T10:26:00.000000,2022,2022-08,10,26,long,13197.5,13187.25,13218.0,10.25,-10.25,stop,2,0.8285714285714286,0.11428571428571428,0.05714285714285714,-94.5,-105.18722875214189,3
2022-08-08T10:27:00.000000,2022-08-08T10:28:00.000000,2022,2022-08,10,28,long,13177.5,13175.0,13182.5,2.5,-2.5,stop,1,0.9367088607594937,0.0379746835443038,0.02531645569620253,-114.25,-124.13866393618628,3
2022-08-09T10:33:00.000000,2022-08-09T10:34:00.000000,2022,2022-08,10,34,long,12975.75,12967.5,12992.25,8.25,-8.25,stop,19,0.75,0.0625,0.1875,-443.25,-78.09101772329632,1
2022-08-09T10:45:00.000000,2022-08-09T10:46:00.000000,2022,2022-08,10,46,long,12975.25,12973.25,12979.25,2.0,-2.0,stop,1,0.66,0.04,0.3,-443.5,-75.93491167200227,1
2022-08-16T08:49:00.000000,2022-08-16T08:50:00.000000,2022,2022-08,8,50,long,13568.5,13560.0,13585.5,8.5,-8.5,stop,9,0.7575757575757576,0.06060606060606061,0.18181818181818182,-137.25,-43.1556606004433,1
2022-08-17T08:45:00.000000,2022-08-17T08:46:00.000000,2022,2022-08,8,46,long,13482.0,13466.25,13513.5,15.75,-15.75,stop,4,0.8666666666666667,0.1,0.03333333333333333,-258.0,-48.004508675549005,1
2022-08-17T08:47:00.000000,2022-08-17T08:48:00.000000,2022,2022-08,8,48,long,13472.5,13470.25,13477.0,2.25,-2.25,stop,1,0.813953488372093,0.023255813953488372,0.16279069767441862,-268.25,-57.73684210526335,1
2022-08-17T08:50:00.000000,2022-08-17T08:51:00.000000,2022,2022-08,8,51,long,13457.75,13454.75,13463.75,3.0,-3.0,stop,1,0.7872340425531915,0.10638297872340426,0.10638297872340426,-282.75,-71.26123528508106,1
2022-08-17T10:26:00.000000,2022-08-17T10:27:00.000000,2022,2022-08,10,27,long,13459.75,13456.75,13465.75,3.0,-3.0,stop,1,0.7380952380952381,0.07142857142857142,0.19047619047619047,-281.25,-42.78803924611384,1
2022-08-19T08:50:00.000000,2022-08-19T08:51:00.000000,2022,2022-08,8,51,long,13290.75,13287.25,13297.75,3.5,-3.5,stop,1,0.7843137254901961,0.09803921568627451,0.11764705882352941,-285.0,-70.05698530768859,1
2022-08-19T10:15:00.000000,2022-08-19T10:16:00.000000,2022,2022-08,10,16,long,13280.5,13273.25,13295.0,7.25,-7.25,stop,10,0.84,0.0,0.16,-295.0,-53.61100416898444,1
2022-08-19T10:20:00.000000,2022-08-19T10:21:00.000000,2022,2022-08,10,21,long,13286.0,13277.75,13302.5,8.25,-8.25,stop,1,0.8571428571428571,0.03571428571428571,0.10714285714285714,-289.5,-47.67350815043392,1
2022-08-19T10:29:00.000000,2022-08-19T10:30:00.000000,2022,2022-08,10,30,long,13270.75,13264.25,13283.75,6.5,-6.5,stop,2,0.7083333333333334,0.0,0.2916666666666667,-305.0,-62.235807444465536,1
2022-08-19T10:38:00.000000,2022-08-19T10:39:00.000000,2022,2022-08,10,39,long,13294.75,13281.75,13320.75,13.0,-13.0,stop,36,0.8260869565217391,0.10869565217391304,0.06521739130434782,-281.0,-37.11409381609337,1
2022-08-19T10:50:00.000000,2022-08-19T10:51:00.000000,2022,2022-08,10,51,long,13293.5,13283.75,13313.0,9.75,-9.75,stop,23,0.8571428571428571,0.05714285714285714,0.08571428571428572,-281.75,-36.8645718499356,1
2022-08-22T08:43:00.000000,2022-08-22T08:44:00.000000,2022,2022-08,8,44,long,12993.75,12990.5,13000.25,3.25,-3.25,stop,1,0.6818181818181818,0.11363636363636363,0.20454545454545456,-232.75,-63.79500239740264,1
2022-08-22T08:45:00.000000,2022-08-22T08:46:00.000000,2022,2022-08,8,46,long,12997.5,12984.25,13024.0,13.25,-13.25,stop,6,0.9347826086956522,0.021739130434782608,0.043478260869565216,-229.25,-59.684662619685696,1
2022-08-22T08:47:00.000000,2022-08-22T08:48:00.000000,2022,2022-08,8,48,long,12999.5,12991.25,13016.0,8.25,-8.25,stop,3,0.6666666666666666,0.0,0.3333333333333333,-226.75,-56.73633157477707,1
2022-08-22T10:48:00.000000,2022-08-22T10:49:00.000000,2022,2022-08,10,49,long,12973.0,12964.0,12991.0,9.0,-9.0,stop,15,0.8529411764705882,0.0,0.14705882352941177,-253.25,-57.832320209043246,1
2022-08-26T08:40:00.000000,2022-08-26T08:41:00.000000,2022,2022-08,8,41,long,12900.5,12878.75,12944.0,21.75,-21.75,stop,16,0.7169811320754716,0.02830188679245283,0.25471698113207547,-268.25,-187.3435641953438,3
2022-08-26T08:43:00.000000,2022-08-26T08:44:00.000000,2022,2022-08,8,44,long,12890.25,12888.25,12894.25,2.0,-2.0,stop,1,0.7777777777777778,0.0,0.2222222222222222,-278.5,-194.22520993373837,2
2022-08-26T08:47:00.000000,2022-08-26T08:48:00.000000,2022,2022-08,8,48,long,12914.5,12900.75,12942.0,13.75,-13.75,stop,3,0.8387096774193549,0.0,0.16129032258064516,-253.0,-164.19518486672314,2
2022-08-30T08:34:00.000000,2022-08-30T08:35:00.000000,2022,2022-08,8,35,long,12332.75,12328.5,12341.25,4.25,-4.25,stop,1,0.9036144578313253,0.08433734939759036,0.012048192771084338,-278.0,-183.54372133638208,1
2022-08-30T08:35:00.000000,2022-08-30T08:36:00.000000,2022,2022-08,8,36,long,12323.0,12320.0,12329.0,3.0,-3.0,stop,1,0.7547169811320755,0.05660377358490566,0.18867924528301888,-287.5,-190.39443557534833,1
2022-08-30T08:42:00.000000,2022-08-30T08:43:00.000000,2022,2022-08,8,43,long,12312.5,12309.75,12318.0,2.75,-2.75,stop,1,0.7906976744186046,0.11627906976744186,0.09302325581395349,-297.25,-187.9652362690358,1
2022-08-30T10:25:00.000000,2022-08-30T10:26:00.000000,2022,2022-08,10,26,long,12338.25,12334.25,12346.25,4.0,-4.0,stop,2,0.8333333333333334,0.1111111111111111,0.05555555555555555,-272.5,-101.11424263559456,1
2022-08-30T10:30:00.000000,2022-08-30T10:31:00.000000,2022,2022-08,10,31,long,12334.5,12331.25,12341.0,3.25,-3.25,stop,1,0.7758620689655172,0.05172413793103448,0.1724137931034483,-276.25,-103.91220896329105,1
2022-08-30T10:41:00.000000,2022-08-30T10:42:00.000000,2022,2022-08,10,42,long,12318.75,12310.5,12335.25,8.25,-8.25,stop,3,0.8,0.02857142857142857,0.17142857142857143,-290.5,-114.96929910345534,1
2022-08-31T08:35:00.000000,2022-08-31T08:36:00.000000,2022,2022-08,8,36,long,12400.25,12375.75,12449.25,24.5,-24.5,stop,3,0.8888888888888888,0.020202020202020204,0.09090909090909091,-258.0,-35.457066588494854,2
2022-08-31T10:13:00.000000,2022-08-31T10:14:00.000000,2022,2022-08,10,14,long,12388.75,12371.25,12423.75,17.5,-17.5,stop,6,0.953125,0.03125,0.015625,-269.25,-23.17190004650547,1
2022-08-31T10:16:00.000000,2022-08-31T10:17:00.000000,2022,2022-08,10,17,long,12392.0,12379.75,12416.5,12.25,-12.25,stop,2,0.6842105263157895,0.017543859649122806,0.2982456140350877,-266.5,-20.272940457271034,1
2022-08-31T10:18:00.000000,2022-08-31T10:19:00.000000,2022,2022-08,10,19,long,12377.25,12374.5,12382.75,2.75,-2.75,stop,1,0.8627450980392157,0.058823529411764705,0.0784313725490196,-281.0,-34.662351642318754,1
2022-08-31T10:22:00.000000,2022-08-31T10:23:00.000000,2022,2022-08,10,23,long,12361.25,12359.25,12365.25,2.0,-2.0,stop,1,0.7547169811320755,0.0,0.24528301886792453,-297.0,-50.38819395240898,1
2022-08-31T10:43:00.000000,2022-08-31T10:44:00.000000,2022,2022-08,10,44,long,12350.75,12340.75,12370.75,10.0,-10.0,stop,9,0.8947368421052632,0.0,0.10526315789473684,-307.0,-58.41059533673251,3
2022-09-01T08:34:00.000000,2022-09-01T08:35:00.000000,2022,2022-09,8,35,long,12137.5,12134.75,12143.0,2.75,-2.75,stop,1,0.9111111111111111,0.06666666666666667,0.022222222222222223,-375.5,-24.43834585175682,2
2022-09-01T08:42:00.000000,2022-09-01T08:43:00.000000,2022,2022-09,8,43,long,12089.75,12086.5,12096.25,3.25,-3.25,stop,1,0.82,0.1,0.08,-423.25,-69.45426259928172,3
2022-09-02T10:47:00.000000,2022-09-02T10:48:00.000000,2022,2022-09,10,48,long,12232.25,12229.25,12238.25,3.0,-3.0,stop,1,0.9242424242424242,0.06060606060606061,0.015151515151515152,-88.25,-119.14944030709012,5
2022-09-06T10:41:00.000000,2022-09-06T10:42:00.000000,2022,2022-09,10,42,long,12046.5,12023.5,12092.5,23.0,-23.0,stop,24,0.8913043478260869,0.05434782608695652,0.05434782608695652,-135.25,-41.27975139267437,1
2022-09-06T10:43:00.000000,2022-09-06T10:44:00.000000,2022,2022-09,10,44,long,12059.25,12045.0,12087.75,14.25,-14.25,stop,9,0.7868852459016393,0.01639344262295082,0.19672131147540983,-123.25,-29.08733503246367,1
2022-09-08T10:18:00.000000,2022-09-08T10:19:00.000000,2022,2022-09,10,19,long,12186.25,12170.0,12218.75,16.25,-16.25,stop,1,0.8596491228070176,0.08771929824561403,0.05263157894736842,-120.75,-63.82799543208603,5
2022-09-08T10:19:00.000000,2022-09-08T10:20:00.000000,2022,2022-09,10,20,long,12167.0,12164.0,12173.0,3.0,-3.0,stop,1,0.926829268292683,0.06097560975609756,0.012195121951219513,-139.0,-81.88264658109074,5
2022-09-13T08:42:00.000000,2022-09-13T08:43:00.000000,2022,2022-09,8,43,long,12322.5,12319.75,12328.0,2.75,-2.75,stop,1,0.8536585365853658,0.04878048780487805,0.0975609756097561,-542.75,-213.94464726514525,1
2022-09-15T08:32:00.000000,2022-09-15T08:33:00.000000,2022,2022-09,8,33,long,12098.5,12094.25,12107.0,4.25,-4.25,stop,1,0.8837209302325582,0.10465116279069768,0.011627906976744186,-170.25,-82.2868704555458,2
2022-09-15T08:36:00.000000,2022-09-15T08:37:00.000000,2022,2022-09,8,37,long,12122.75,12107.0,12154.25,15.75,-15.75,stop,11,0.8387096774193549,0.06451612903225806,0.0967741935483871,-145.75,-55.79736352679174,2
2022-09-15T08:47:00.000000,2022-09-15T08:48:00.000000,2022,2022-09,8,48,long,12103.75,12100.5,12110.25,3.25,-3.25,stop,1,0.8450704225352113,0.11267605633802817,0.04225352112676056,-164.25,-70.55869196431922,2
2022-09-15T10:20:00.000000,2022-09-15T10:21:00.000000,2022,2022-09,10,21,long,12006.25,12003.75,12011.25,2.5,-2.5,stop,1,0.7894736842105263,0.05263157894736842,0.15789473684210525,-262.25,-116.63548024644842,1
2022-09-15T10:28:00.000000,2022-09-15T10:29:00.000000,2022,2022-09,10,29,long,12011.0,12008.5,12016.0,2.5,-2.5,stop,1,0.9142857142857143,0.02857142857142857,0.05714285714285714,-257.75,-110.25506636532009,1
2022-09-15T10:50:00.000000,2022-09-15T10:51:00.000000,2022,2022-09,10,51,long,12059.0,12052.75,12071.5,6.25,-6.25,stop,5,0.7619047619047619,0.047619047619047616,0.19047619047619047,-209.75,-58.8712036928373,1
2022-09-16T10:17:00.000000,2022-09-16T10:18:00.000000,2022,2022-09,10,18,long,11804.75,11802.0,11810.25,2.75,-2.75,stop,1,0.92,0.04,0.04,-456.0,-43.98463965200608,1
2022-09-16T10:22:00.000000,2022-09-16T10:23:00.000000,2022,2022-09,10,23,long,11797.75,11795.5,11802.25,2.25,-2.25,stop,1,0.8863636363636364,0.0,0.11363636363636363,-463.0,-50.549831617880045,1
2022-09-16T10:34:00.000000,2022-09-16T10:35:00.000000,2022,2022-09,10,35,long,11803.5,11793.5,11823.5,10.0,-10.0,stop,5,0.8108108108108109,0.08108108108108109,0.10810810810810811,-456.75,-42.637820882884625,2
2022-09-22T08:38:00.000000,2022-09-22T08:39:00.000000,2022,2022-09,8,39,long,11599.25,11584.5,11628.75,14.75,-14.75,stop,4,0.6973684210526315,0.0,0.3026315789473684,-540.75,-47.72758358555075,2
2022-09-22T08:41:00.000000,2022-09-22T08:42:00.000000,2022,2022-09,8,42,long,11592.25,11588.0,11600.75,4.25,-4.25,stop,1,0.8333333333333334,0.05555555555555555,0.1111111111111111,-549.25,-55.67662406503041,2
2022-09-22T10:23:00.000000,2022-09-22T10:24:00.000000,2022,2022-09,10,24,long,11582.25,11558.25,11630.25,24.0,-24.0,stop,40,0.8444444444444444,0.1,0.05555555555555555,-559.0,-40.320393189822425,2
2022-09-22T10:27:00.000000,2022-09-22T10:28:00.000000,2022,2022-09,10,28,long,11580.25,11577.5,11585.75,2.75,-2.75,stop,1,0.75,0.09615384615384616,0.15384615384615385,-559.75,-40.66494224642338,3
2022-09-22T10:46:00.000000,2022-09-22T10:47:00.000000,2022,2022-09,10,47,long,11593.75,11578.75,11623.75,15.0,-15.0,stop,2,0.7543859649122807,0.10526315789473684,0.14035087719298245,-547.5,-27.027371563388442,3
2022-09-22T10:47:00.000000,2022-09-22T10:48:00.000000,2022,2022-09,10,48,long,11582.0,11578.5,11589.0,3.5,-3.5,stop,1,0.8392857142857143,0.10714285714285714,0.05357142857142857,-558.5,-37.97025803548422,3
2022-09-23T08:33:00.000000,2022-09-23T08:34:00.000000,2022,2022-09,8,34,long,11382.5,11379.25,11389.0,3.25,-3.25,stop,1,0.9058823529411765,0.047058823529411764,0.047058823529411764,-413.75,-49.346239125543434,1
2022-09-23T08:34:00.000000,2022-09-23T08:35:00.000000,2022,2022-09,8,35,long,11376.0,11372.75,11382.5,3.25,-3.25,stop,1,0.7297297297297297,0.10810810810810811,0.16216216216216217,-420.25,-55.5555346922265,1
2022-09-23T08:49:00.000000,2022-09-23T08:50:00.000000,2022,2022-09,8,50,long,11384.5,11380.5,11392.5,4.0,-4.0,stop,1,0.7213114754098361,0.11475409836065574,0.16393442622950818,-411.75,-44.24199612073062,1
2022-09-27T10:11:00.000000,2022-09-27T10:12:00.000000,2022,2022-09,10,12,long,11297.5,11295.25,11302.0,2.25,-2.25,stop,1,0.7692307692307693,0.019230769230769232,0.21153846153846154,-240.25,-154.47410918357855,1
2022-09-27T10:14:00.000000,2022-09-27T10:15:00.000000,2022,2022-09,10,15,long,11283.5,11265.75,11319.0,17.75,-17.75,stop,2,0.8243243243243243,0.04054054054054054,0.13513513513513514,-254.0,-164.29195056148455,1
2022-09-27T10:18:00.000000,2022-09-27T10:19:00.000000,2022,2022-09,10,19,long,11244.5,11241.25,11251.0,3.25,-3.25,stop,1,0.8160919540229885,0.05747126436781609,0.12643678160919541,-293.25,-200.3616876010674,1
2022-09-27T10:48:00.000000,2022-09-27T10:49:00.000000,2022,2022-09,10,49,long,11289.5,11274.75,11319.0,14.75,-14.75,stop,4,0.7796610169491526,0.06779661016949153,0.15254237288135594,-248.5,-141.05073915446337,1
2022-10-05T08:32:00.000000,2022-10-05T08:33:00.000000,2022,2022-10,8,33,long,11377.0,11374.0,11383.0,3.0,-3.0,stop,1,0.859375,0.03125,0.109375,-298.5,-128.23783496145916,1
2022-10-05T08:42:00.000000,2022-10-05T08:43:00.000000,2022,2022-10,8,43,long,11405.0,11389.5,11436.0,15.5,-15.5,stop,8,0.803030303030303,0.015151515151515152,0.18181818181818182,-270.0,-93.17069466031353,1
2022-10-05T08:44:00.000000,2022-10-05T08:45:00.000000,2022,2022-10,8,45,long,11403.5,11392.0,11426.5,11.5,-11.5,stop,6,0.7307692307692307,0.038461538461538464,0.23076923076923078,-271.0,-93.49381759267271,1
2022-10-05T08:46:00.000000,2022-10-05T08:47:00.000000,2022,2022-10,8,47,long,11412.5,11398.0,11441.5,14.5,-14.5,stop,3,0.7857142857142857,0.10714285714285714,0.10714285714285714,-262.5,-84.33648640519641,1
2022-10-06T10:17:00.000000,2022-10-06T10:18:00.000000,2022,2022-10,10,18,long,11580.0,11571.0,11598.0,9.0,-9.0,stop,2,0.8125,0.09375,0.09375,-130.75,-36.14142092878683,1
2022-10-10T08:38:00.000000,2022-10-10T08:39:00.000000,2022,2022-10,8,39,long,10963.25,10959.25,10971.25,4.0,-4.0,stop,1,0.8676470588235294,0.11764705882352941,0.014705882352941176,-105.0,-81.52129896859151,3
2022-10-10T10:17:00.000000,2022-10-10T10:18:00.000000,2022,2022-10,10,18,long,10963.25,10961.25,10967.25,2.0,-2.0,stop,1,0.6666666666666666,0.037037037037037035,0.2962962962962963,-104.75,-56.289516756261946,4
2022-10-10T10:32:00.000000,2022-10-10T10:33:00.000000,2022,2022-10,10,33,long,10920.75,10919.0,10924.25,1.75,-1.75,stop,1,0.8055555555555556,0.0,0.19444444444444445,-147.25,-94.5847236568552,1
2022-10-14T08:36:00.000000,2022-10-14T08:37:00.000000,2022,2022-10,8,37,long,10929.25,10912.0,10963.75,17.25,-17.25,stop,3,0.7037037037037037,0.09876543209876543,0.19753086419753085,-212.5,-142.40543020014775,1
2022-10-14T08:46:00.000000,2022-10-14T08:47:00.000000,2022,2022-10,8,47,long,10874.5,10855.5,10912.5,19.0,-19.0,stop,4,0.8024691358024691,0.04938271604938271,0.14814814814814814,-268.0,-190.6922656218485,1
2022-10-14T10:29:00.000000,2022-10-14T10:30:00.000000,2022,2022-10,10,30,long,10834.0,10815.5,10871.0,18.5,-18.5,stop,6,0.8472222222222222,0.06944444444444445,0.08333333333333333,-308.75,-184.69723077419803,1
2022-10-14T10:46:00.000000,2022-10-14T10:47:00.000000,2022,2022-10,10,47,long,10843.25,10841.0,10847.75,2.25,-2.25,stop,1,0.7450980392156863,0.0392156862745098,0.21568627450980393,-299.25,-170.56748285305366,1
2022-10-14T10:49:00.000000,2022-10-14T10:50:00.000000,2022,2022-10,10,50,long,10828.25,10825.75,10833.25,2.5,-2.5,stop,1,0.7647058823529411,0.058823529411764705,0.17647058823529413,-314.25,-184.85053405122562,1
2022-10-14T10:50:00.000000,2022-10-14T10:51:00.000000,2022,2022-10,10,51,long,10817.25,10814.25,10823.25,3.0,-3.0,stop,1,0.88,0.08,0.04,-325.5,-195.75920068768573,1
2022-10-24T08:47:00.000000,2022-10-24T08:48:00.000000,2022,2022-10,8,48,long,11299.5,11280.0,11338.5,19.5,-19.5,stop,2,0.810126582278481,0.11392405063291139,0.0759493670886076,-230.0,-43.45213675995001,1
2022-10-27T08:46:00.000000,2022-10-27T08:47:00.000000,2022,2022-10,8,47,long,11370.25,11352.25,11406.25,18.0,-18.0,stop,3,0.8356164383561644,0.0547945205479452,0.1095890410958904,-333.0,-33.992113144619,2
2022-10-27T08:50:00.000000,2022-10-27T08:51:00.000000,2022,2022-10,8,51,long,11366.0,11349.25,11399.5,16.75,-16.75,stop,8,0.72,0.04,0.24,-338.0,-38.43180961447979,2
2022-10-27T10:33:00.000000,2022-10-27T10:34:00.000000,2022,2022-10,10,34,long,11278.75,11268.5,11299.25,10.25,-10.25,stop,12,0.9428571428571428,0.02857142857142857,0.02857142857142857,-424.5,-103.49577302499893,1
2022-10-27T10:36:00.000000,2022-10-27T10:37:00.000000,2022,2022-10,10,37,long,11283.25,11271.0,11307.75,12.25,-12.25,stop,9,0.9111111111111111,0.022222222222222223,0.06666666666666667,-420.0,-98.42374375220788,1
2022-10-27T10:38:00.000000,2022-10-27T10:39:00.000000,2022,2022-10,10,39,long,11279.25,11270.25,11297.25,9.0,-9.0,stop,7,0.8275862068965517,0.06896551724137931,0.10344827586206896,-424.75,-102.9026639093754,1
2022-10-31T08:35:00.000000,2022-10-31T08:36:00.000000,2022,2022-10,8,36,long,11375.25,11373.0,11379.75,2.25,-2.25,stop,1,0.6896551724137931,0.034482758620689655,0.27586206896551724,-219.5,-100.24565097011873,1
2022-11-01T08:30:00.000000,2022-11-01T08:31:00.000000,2022,2022-11,8,31,long,11420.5,11416.5,11428.5,4.0,-4.0,stop,1,0.875,0.10227272727272728,0.022727272727272728,-166.75,-94.11744224909125,1
2022-11-01T10:27:00.000000,2022-11-01T10:28:00.000000,2022,2022-11,10,28,long,11346.75,11343.25,11353.75,3.5,-3.5,stop,2,0.7454545454545455,0.07272727272727272,0.18181818181818182,-241.25,-114.48142467537764,2
2022-11-01T10:34:00.000000,2022-11-01T10:35:00.000000,2022,2022-11,10,35,long,11333.0,11329.25,11340.5,3.75,-3.75,stop,2,0.6904761904761905,0.11904761904761904,0.19047619047619047,-255.0,-126.4020893091365,2
2022-11-01T10:44:00.000000,2022-11-01T10:45:00.000000,2022,2022-11,10,45,long,11348.0,11335.75,11372.5,12.25,-12.25,stop,7,0.9069767441860465,0.06976744186046512,0.023255813953488372,-239.25,-107.4633408618065,1
2022-11-02T08:33:00.000000,2022-11-02T08:34:00.000000,2022,2022-11,8,34,long,11265.25,11256.0,11283.75,9.25,-9.25,stop,2,0.7222222222222222,0.1111111111111111,0.16666666666666666,-353.5,-54.900442600555834,3
2022-11-02T08:43:00.000000,2022-11-02T08:44:00.000000,2022,2022-11,8,44,long,11274.5,11262.5,11298.5,12.0,-12.0,stop,21,0.7,0.08,0.22,-344.75,-43.75086289064711,1
2022-11-03T10:35:00.000000,2022-11-03T10:36:00.000000,2022,2022-11,10,36,long,10794.25,10790.25,10802.25,4.0,-4.0,stop,1,0.8939393939393939,0.10606060606060606,0.0,-666.0,-34.198558521084124,1
2022-11-04T10:20:00.000000,2022-11-04T10:21:00.000000,2022,2022-11,10,21,long,10772.75,10770.25,10777.75,2.5,-2.5,stop,1,0.7741935483870968,0.06451612903225806,0.16129032258064516,-223.25,-51.24505911637607,4
2022-11-04T10:27:00.000000,2022-11-04T10:28:00.000000,2022,2022-11,10,28,long,10781.0,10760.0,10823.0,21.0,-21.0,stop,9,0.7978723404255319,0.0,0.20212765957446807,-215.25,-42.35213876525813,4
2022-11-04T10:35:00.000000,2022-11-04T10:36:00.000000,2022,2022-11,10,36,long,10765.0,10762.25,10770.5,2.75,-2.75,stop,1,0.9775280898876404,0.02247191011235955,0.0,-231.25,-57.66371309537135,4
2022-11-04T10:42:00.000000,2022-11-04T10:43:00.000000,2022,2022-11,10,43,long,10734.0,10715.75,10770.5,18.25,-18.25,stop,2,0.7228915662650602,0.060240963855421686,0.21686746987951808,-262.0,-86.8604236792944,2
2022-11-04T10:43:00.000000,2022-11-04T10:44:00.000000,2022,2022-11,10,44,long,10717.5,10715.25,10722.0,2.25,-2.25,stop,1,0.7303370786516854,0.02247191011235955,0.24719101123595505,-278.25,-102.90952874962386,2
2022-11-07T08:47:00.000000,2022-11-07T08:48:00.000000,2022,2022-11,8,48,long,10867.5,10864.5,10873.5,3.0,-3.0,stop,1,0.8686868686868687,0.030303030303030304,0.10101010101010101,-107.0,-33.58254451615721,3
2022-11-09T08:43:00.000000,2022-11-09T08:44:00.000000,2022,2022-11,8,44,long,11013.5,10998.75,11043.0,14.75,-14.75,stop,5,0.7575757575757576,0.045454545454545456,0.19696969696969696,-217.25,-47.77066465751159,2
2022-11-09T10:15:00.000000,2022-11-09T10:16:00.000000,2022,2022-11,10,16,long,11003.0,10978.5,11052.0,24.5,-24.5,stop,5,0.8888888888888888,0.1,0.011111111111111112,-228.5,-26.13032157334237,1
2022-11-09T10:24:00.000000,2022-11-09T10:25:00.000000,2022,2022-11,10,25,long,10977.0,10961.25,11008.5,15.75,-15.75,stop,9,0.9074074074074074,0.09259259259259259,0.0,-254.5,-51.14255685023636,1
2022-11-09T10:25:00.000000,2022-11-09T10:26:00.000000,2022,2022-11,10,26,long,10989.0,10974.5,11018.0,14.5,-14.5,stop,5,0.9056603773584906,0.03773584905660377,0.05660377358490566,-242.25,-38.740720227593556,1
2022-11-14T08:43:00.000000,2022-11-14T08:44:00.000000,2022,2022-11,8,44,long,11726.0,11723.25,11731.5,2.75,-2.75,stop,1,0.7012987012987013,0.025974025974025976,0.2727272727272727,-151.0,-49.291650046985524,3
2022-11-14T08:45:00.000000,2022-11-14T08:46:00.000000,2022,2022-11,8,46,long,11713.25,11709.5,11720.75,3.75,-3.75,stop,1,0.7166666666666667,0.11666666666666667,0.16666666666666666,-163.5,-59.90620751411916,3
2022-11-14T10:11:00.000000,2022-11-14T10:12:00.000000,2022,2022-11,10,12,long,11753.25,11749.0,11761.75,4.25,-4.25,stop,1,0.8405797101449275,0.11594202898550725,0.043478260869565216,-123.75,-20.338590642173585,3
2022-11-14T10:28:00.000000,2022-11-14T10:29:00.000000,2022,2022-11,10,29,long,11745.0,11742.75,11749.5,2.25,-2.25,stop,1,0.6666666666666666,0.05555555555555555,0.2777777777777778,-131.5,-26.441572178600836,3
2022-11-16T08:45:00.000000,2022-11-16T08:46:00.000000,2022,2022-11,8,46,long,11817.75,11798.0,11857.25,19.75,-19.75,stop,1,0.8255813953488372,0.023255813953488372,0.1511627906976744,-300.5,-49.56506840063594,1
2022-11-16T10:31:00.000000,2022-11-16T10:32:00.000000,2022,2022-11,10,32,long,11773.0,11765.75,11787.5,7.25,-7.25,stop,4,0.7333333333333333,0.03333333333333333,0.23333333333333334,-345.25,-44.77555123590173,1
2022-11-16T10:45:00.000000,2022-11-16T10:46:00.000000,2022,2022-11,10,46,long,11775.25,11763.5,11798.75,11.75,-11.75,stop,7,0.7083333333333334,0.08333333333333333,0.20833333333333334,-343.75,-41.65611696974338,1
2022-11-17T08:35:00.000000,2022-11-17T08:36:00.000000,2022,2022-11,8,36,long,11594.5,11579.0,11625.5,15.5,-15.5,stop,2,0.8181818181818182,0.030303030303030304,0.15151515151515152,-368.0,-65.43980929334793,1
2022-11-17T08:44:00.000000,2022-11-17T08:45:00.000000,2022,2022-11,8,45,long,11612.75,11594.25,11649.75,18.5,-18.5,stop,12,0.9436619718309859,0.0,0.056338028169014086,-350.0,-41.01297113999317,1
2022-11-17T10:20:00.000000,2022-11-17T10:21:00.000000,2022,2022-11,10,21,long,11617.5,11614.75,11623.0,2.75,-2.75,stop,1,0.7358490566037735,0.0,0.2641509433962264,-346.25,-24.610771202871547,1
2022-11-18T10:23:00.000000,2022-11-18T10:24:00.000000,2022,2022-11,10,24,long,11705.5,11697.5,11721.5,8.0,-8.0,stop,2,0.7419354838709677,0.06451612903225806,0.1935483870967742,-121.75,-36.571960947572734,2
2022-11-18T10:50:00.000000,2022-11-18T10:51:00.000000,2022,2022-11,10,51,long,11669.25,11659.25,11689.25,10.0,-10.0,stop,1,0.8857142857142857,0.02857142857142857,0.08571428571428572,-158.25,-68.57187187187264,2
2022-11-21T10:21:00.000000,2022-11-21T10:22:00.000000,2022,2022-11,10,22,long,11616.25,11608.25,11632.25,8.0,-8.0,stop,6,0.7333333333333333,0.1,0.16666666666666666,-226.5,-22.479705339153952,3
2022-11-21T10:31:00.000000,2022-11-21T10:32:00.000000,2022,2022-11,10,32,long,11598.0,11595.5,11603.0,2.5,-2.5,stop,1,0.8125,0.0,0.1875,-245.5,-40.6155484114679,3
2022-11-22T08:38:00.000000,2022-11-22T08:39:00.000000,2022,2022-11,8,39,long,11570.5,11568.75,11574.0,1.75,-1.75,stop,1,0.72,0.0,0.28,-185.25,-27.59076893546444,3
2022-11-22T08:42:00.000000,2022-11-22T08:43:00.000000,2022,2022-11,8,43,long,11535.25,11532.5,11540.75,2.75,-2.75,stop,1,0.7954545454545454,0.06818181818181818,0.13636363636363635,-220.75,-59.118777540492374,4
2022-11-25T08:36:00.000000,2022-11-25T08:37:00.000000,2022,2022-11,8,37,long,11794.75,11781.5,11821.25,13.25,-13.25,stop,9,0.7358490566037735,0.03773584905660377,0.22641509433962265,-139.25,-55.978012940015105,1
2022-11-25T08:40:00.000000,2022-11-25T08:41:00.000000,2022,2022-11,8,41,long,11793.25,11789.5,11800.75,3.75,-3.75,stop,1,0.8372093023255814,0.11627906976744186,0.046511627906976744,-140.25,-53.298423110009026,1
2022-11-29T08:36:00.000000,2022-11-29T08:37:00.000000,2022,2022-11,8,37,long,11597.5,11587.75,11617.0,9.75,-9.75,stop,8,0.7368421052631579,0.07894736842105263,0.18421052631578946,-191.0,-50.31111183102257,2
2022-11-29T08:40:00.000000,2022-11-29T08:41:00.000000,2022,2022-11,8,41,long,11602.0,11588.5,11629.0,13.5,-13.5,stop,4,0.8518518518518519,0.018518518518518517,0.12962962962962962,-186.25,-43.02780784178685,2
2022-11-29T08:41:00.000000,2022-11-29T08:42:00.000000,2022,2022-11,8,42,long,11610.5,11599.25,11633.0,11.25,-11.25,stop,2,0.6792452830188679,0.05660377358490566,0.2641509433962264,-177.5,-33.73511184274321,2
2022-11-29T10:11:00.000000,2022-11-29T10:12:00.000000,2022,2022-11,10,12,long,11513.25,11510.5,11518.75,2.75,-2.75,stop,1,0.7,0.075,0.225,-275.25,-100.89376718820313,2
2022-11-29T10:19:00.000000,2022-11-29T10:20:00.000000,2022,2022-11,10,20,long,11474.75,11471.25,11481.75,3.5,-3.5,stop,1,0.8545454545454545,0.07272727272727272,0.07272727272727272,-314.25,-133.25143589217623,1
2022-12-05T10:17:00.000000,2022-12-05T10:18:00.000000,2022,2022-12,10,18,long,11911.75,11909.5,11916.25,2.25,-2.25,stop,1,0.7142857142857143,0.08571428571428572,0.2,-155.5,-23.053788770303072,2
2022-12-05T10:33:00.000000,2022-12-05T10:34:00.000000,2022,2022-12,10,34,long,11866.0,11863.5,11871.0,2.5,-2.5,stop,1,0.7954545454545454,0.045454545454545456,0.1590909090909091,-201.75,-66.2174044956173,1
2022-12-06T08:43:00.000000,2022-12-06T08:44:00.000000,2022,2022-12,8,44,long,11740.75,11737.5,11747.25,3.25,-3.25,stop,1,0.8301886792452831,0.05660377358490566,0.11320754716981132,-275.5,-63.0386403905668,4
2022-12-06T08:44:00.000000,2022-12-06T08:45:00.000000,2022,2022-12,8,45,long,11723.0,11720.5,11728.0,2.5,-2.5,stop,1,0.9230769230769231,0.01282051282051282,0.0641025641025641,-293.0,-78.23445971900037,4
2022-12-06T08:48:00.000000,2022-12-06T08:49:00.000000,2022,2022-12,8,49,long,11725.25,11709.75,11756.25,15.5,-15.5,stop,6,0.859375,0.0,0.140625,-290.25,-68.56951074391327,4
2022-12-07T10:21:00.000000,2022-12-07T10:22:00.000000,2022,2022-12,10,22,long,11485.25,11483.0,11489.75,2.25,-2.25,stop,1,0.875,0.07142857142857142,0.05357142857142857,-360.25,-30.24406148176604,2
2022-12-09T08:50:00.000000,2022-12-09T08:51:00.000000,2022,2022-12,8,51,long,11601.25,11599.0,11605.75,2.25,-2.25,stop,1,0.9285714285714286,0.02040816326530612,0.05102040816326531,-84.25,-32.67895388424586,1
2022-12-16T10:13:00.000000,2022-12-16T10:14:00.000000,2022,2022-12,10,14,long,11327.5,11308.5,11365.5,19.0,-19.0,stop,35,0.8947368421052632,0.0,0.10526315789473684,-570.5,-61.81839640876751,1
2022-12-16T10:27:00.000000,2022-12-16T10:28:00.000000,2022,2022-12,10,28,long,11315.0,11312.5,11320.0,2.5,-2.5,stop,1,0.7222222222222222,0.0,0.2777777777777778,-583.5,-71.55233446420971,1
2022-12-16T10:30:00.000000,2022-12-16T10:31:00.000000,2022,2022-12,10,31,long,11330.25,11314.0,11362.75,16.25,-16.25,stop,16,0.8208955223880597,0.014925373134328358,0.16417910447761194,-568.0,-55.39795363842313,1
2022-12-16T10:43:00.000000,2022-12-16T10:44:00.000000,2022,2022-12,10,44,long,11321.25,11318.75,11326.25,2.5,-2.5,stop,1,0.7222222222222222,0.027777777777777776,0.25,-577.0,-62.52472135211974,1
2022-12-19T08:33:00.000000,2022-12-19T08:34:00.000000,2022,2022-12,8,34,long,11307.0,11304.0,11313.0,3.0,-3.0,stop,1,0.9387755102040817,0.04081632653061224,0.02040816326530612,-185.0,-59.819703643706816,1
2022-12-19T08:45:00.000000,2022-12-19T08:46:00.000000,2022,2022-12,8,46,long,11303.0,11299.5,11310.0,3.5,-3.5,stop,1,0.8723404255319149,0.10638297872340426,0.02127659574468085,-188.75,-51.22175294824956,1
2022-12-20T08:44:00.000000,2022-12-20T08:45:00.000000,2022,2022-12,8,45,long,11084.0,11081.25,11089.5,2.75,-2.75,stop,1,0.974025974025974,0.025974025974025976,0.0,-327.25,-44.708066096220136,2
2022-12-20T10:27:00.000000,2022-12-20T10:28:00.000000,2022,2022-12,10,28,long,11128.25,11120.75,11143.25,7.5,-7.5,stop,1,0.7666666666666667,0.03333333333333333,0.2,-282.25,-20.76149030549277,3
2022-12-23T08:39:00.000000,2022-12-23T08:40:00.000000,2022,2022-12,8,40,long,10933.5,10930.5,10939.5,3.0,-3.0,stop,1,0.7901234567901234,0.037037037037037035,0.1728395061728395,-451.5,-110.27676862224143,2
2022-12-23T08:44:00.000000,2022-12-23T08:45:00.000000,2022,2022-12,8,45,long,10983.75,10979.75,10991.75,4.0,-4.0,stop,1,0.6730769230769231,0.09615384615384616,0.23076923076923078,-401.75,-56.0029319518344,3
2022-12-23T08:45:00.000000,2022-12-23T08:46:00.000000,2022,2022-12,8,46,long,10967.25,10964.75,10972.25,2.5,-2.5,stop,1,0.8831168831168831,0.0,0.11688311688311688,-418.0,-71.26547308644149,3
2022-12-27T08:48:00.000000,2022-12-27T08:49:00.000000,2022,2022-12,8,49,long,10912.75,10908.5,10921.25,4.25,-4.25,stop,1,0.8904109589041096,0.0958904109589041,0.0136986301369863,-230.75,-153.46717133201128,1
2022-12-30T08:48:00.000000,2022-12-30T08:49:00.000000,2022,2022-12,8,49,long,10863.75,10861.5,10868.25,2.25,-2.25,stop,1,0.8455284552845529,0.008130081300813009,0.14634146341463414,-207.75,-81.78144337753474,3
2023-01-03T10:18:00.000000,2023-01-03T10:19:00.000000,2023,2023-01,10,19,long,10914.5,10902.75,10938.0,11.75,-11.75,stop,2,0.7906976744186046,0.11627906976744186,0.09302325581395349,-137.0,-129.06412148030176,1
2023-01-05T10:43:00.000000,2023-01-05T10:44:00.000000,2023,2023-01,10,44,long,10873.25,10862.25,10895.25,11.0,-11.0,stop,11,0.85,0.075,0.075,-195.0,-21.88113730965597,1
2023-01-12T08:42:00.000000,2023-01-12T08:43:00.000000,2023,2023-01,8,43,long,11391.75,11386.5,11402.25,5.25,-5.25,stop,1,0.7338709677419355,0.10483870967741936,0.16129032258064516,-87.75,-77.84708566782865,3
2023-01-12T08:48:00.000000,2023-01-12T08:49:00.000000,2023,2023-01,8,49,long,11355.75,11353.25,11360.75,2.5,-2.5,stop,1,0.7761194029850746,0.014925373134328358,0.208955223880597,-124.0,-106.36214609781746,3
2023-01-12T08:49:00.000000,2023-01-12T08:50:00.000000,2023,2023-01,8,50,long,11331.5,11328.75,11337.0,2.75,-2.75,stop,1,0.6993006993006993,0.0,0.3006993006993007,-148.75,-129.5446863944926,3
2023-01-13T08:38:00.000000,2023-01-13T08:39:00.000000,2023,2023-01,8,39,long,11426.75,11423.75,11432.75,3.0,-3.0,stop,1,0.7922077922077922,0.07792207792207792,0.12987012987012986,-152.5,-33.04486911846834,1
2023-01-18T10:16:00.000000,2023-01-18T10:17:00.000000,2023,2023-01,10,17,long,11592.25,11581.0,11614.75,11.25,-11.25,stop,3,0.7659574468085106,0.02127659574468085,0.2127659574468085,-92.75,-77.18624297634233,2
2023-01-18T10:26:00.000000,2023-01-18T10:27:00.000000,2023,2023-01,10,27,long,11573.5,11555.0,11610.5,18.5,-18.5,stop,4,0.8243243243243243,0.02702702702702703,0.14864864864864866,-112.25,-91.312904632543,2
2023-01-18T10:34:00.000000,2023-01-18T10:35:00.000000,2023,2023-01,10,35,long,11546.0,11538.5,11561.0,7.5,-7.5,stop,3,0.6666666666666666,0.03333333333333333,0.3,-139.25,-114.74279518165713,1
2023-01-19T08:44:00.000000,2023-01-19T08:45:00.000000,2023,2023-01,8,45,long,11387.0,11384.5,11392.0,2.5,-2.5,stop,1,0.8461538461538461,0.05128205128205128,0.10256410256410256,-372.0,-27.015629765610356,1
2023-01-19T08:48:00.000000,2023-01-19T08:49:00.000000,2023,2023-01,8,49,long,11358.25,11355.5,11363.75,2.75,-2.75,stop,1,0.8431372549019608,0.0784313725490196,0.0784313725490196,-401.0,-53.57949604796704,1
2023-01-19T10:27:00.000000,2023-01-19T10:28:00.000000,2023,2023-01,10,28,long,11334.25,11331.25,11340.25,3.0,-3.0,stop,1,0.6956521739130435,0.043478260869565216,0.2608695652173913,-426.0,-59.72250568452728,2
2023-01-25T08:38:00.000000,2023-01-25T08:39:00.000000,2023,2023-01,8,39,long,11702.25,11686.5,11733.75,15.75,-15.75,stop,6,0.6714285714285714,0.1,0.22857142857142856,-308.5,-56.860330466821324,1
2023-01-25T08:42:00.000000,2023-01-25T08:43:00.000000,2023,2023-01,8,43,long,11705.75,11702.75,11711.75,3.0,-3.0,stop,1,0.723404255319149,0.06382978723404255,0.2127659574468085,-305.0,-50.166711619016496,1
2023-01-25T08:43:00.000000,2023-01-25T08:44:00.000000,2023,2023-01,8,44,long,11690.75,11687.25,11697.75,3.5,-3.5,stop,1,0.6704545454545454,0.07954545454545454,0.25,-319.5,-63.62937971390602,1
2023-01-30T10:14:00.000000,2023-01-30T10:15:00.000000,2023,2023-01,10,15,long,12041.5,12039.0,12046.5,2.5,-2.5,stop,1,0.7446808510638298,0.0425531914893617,0.2127659574468085,-267.0,-39.622413798399066,2
2023-01-30T10:16:00.000000,2023-01-30T10:17:00.000000,2023,2023-01,10,17,long,12061.0,12043.25,12096.5,17.75,-17.75,stop,8,0.8732394366197183,0.0,0.1267605633802817,-247.75,-20.13276545021654,2
2023-01-30T10:18:00.000000,2023-01-30T10:19:00.000000,2023,2023-01,10,19,long,12056.25,12045.75,12077.25,10.5,-10.5,stop,5,0.9117647058823529,0.08823529411764706,0.0,-252.25,-24.42414246027147,2
2023-01-30T10:25:00.000000,2023-01-30T10:26:00.000000,2023,2023-01,10,26,long,12035.5,12032.75,12041.0,2.75,-2.75,stop,1,0.8333333333333334,0.08333333333333333,0.08333333333333333,-272.5,-43.875941384361795,2
2023-01-30T10:36:00.000000,2023-01-30T10:37:00.000000,2023,2023-01,10,37,long,12048.0,12045.0,12054.0,3.0,-3.0,stop,1,0.7678571428571429,0.05357142857142857,0.17857142857142858,-260.75,-31.21021107039269,3
2023-02-09T08:44:00.000000,2023-02-09T08:45:00.000000,2023,2023-02,8,45,long,12639.25,12637.25,12643.25,2.0,-2.0,stop,1,0.9310344827586207,0.017241379310344827,0.05172413793103448,-169.0,-24.39903665667771,2
2023-02-09T10:17:00.000000,2023-02-09T10:18:00.000000,2023,2023-02,10,18,long,12606.25,12603.25,12612.25,3.0,-3.0,stop,1,0.7333333333333333,0.06666666666666667,0.2,-202.5,-52.498244066213374,2
2023-02-09T10:20:00.000000,2023-02-09T10:21:00.000000,2023,2023-02,10,21,long,12598.25,12595.25,12604.25,3.0,-3.0,stop,1,0.7708333333333334,0.0,0.22916666666666666,-211.25,-60.78949590130469,2
2023-02-09T10:37:00.000000,2023-02-09T10:38:00.000000,2023,2023-02,10,38,long,12582.25,12562.0,12622.75,20.25,-20.25,stop,13,0.8625,0.0625,0.075,-226.0,-69.64772755988997,1
2023-02-09T10:41:00.000000,2023-02-09T10:42:00.000000,2023,2023-02,10,42,long,12577.75,12575.25,12582.75,2.5,-2.5,stop,1,0.896551724137931,0.0,0.10344827586206896,-231.25,-74.06133266145298,2
2023-02-10T10:42:00.000000,2023-02-10T10:43:00.000000,2023,2023-02,10,43,long,12319.75,12306.75,12345.75,13.0,-13.0,stop,4,0.7777777777777778,0.037037037037037035,0.18518518518518517,-408.75,-33.90383860712973,1
2023-02-10T10:46:00.000000,2023-02-10T10:47:00.000000,2023,2023-02,10,47,long,12304.25,12302.25,12308.25,2.0,-2.0,stop,1,0.7142857142857143,0.04081632653061224,0.24489795918367346,-423.75,-48.55834173457697,1
2023-02-16T08:35:00.000000,2023-02-16T08:36:00.000000,2023,2023-02,8,36,long,12531.0,12528.75,12535.5,2.25,-2.25,stop,1,0.8939393939393939,0.030303030303030304,0.07575757575757576,-225.25,-117.09635098852777,1
2023-02-17T08:40:00.000000,2023-02-17T08:41:00.000000,2023,2023-02,8,41,long,12350.25,12347.5,12355.75,2.75,-2.75,stop,1,0.7205882352941176,0.029411764705882353,0.25,-442.75,-38.247070592935415,3
2023-02-17T08:48:00.000000,2023-02-17T08:49:00.000000,2023,2023-02,8,49,long,12316.75,12313.0,12324.25,3.75,-3.75,stop,1,0.8961038961038961,0.06493506493506493,0.03896103896103896,-476.5,-66.25710424137105,4
2023-02-17T10:10:00.000000,2023-02-17T10:11:00.000000,2023,2023-02,10,11,long,12328.75,12315.25,12355.75,13.5,-13.5,stop,7,0.8936170212765957,0.0851063829787234,0.02127659574468085,-464.0,-36.70099324129296,1
2023-02-24T10:36:00.000000,2023-02-24T10:37:00.000000,2023,2023-02,10,37,long,11958.25,11955.25,11964.25,3.0,-3.0,stop,1,0.9,0.1,0.0,-302.75,-49.77294095578873,1
2023-02-27T10:24:00.000000,2023-02-27T10:25:00.000000,2023,2023-02,10,25,long,12085.5,12083.75,12089.0,1.75,-1.75,stop,1,0.6923076923076923,0.0,0.3076923076923077,-128.75,-22.45313515879934,1
2023-03-01T10:10:00.000000,2023-03-01T10:11:00.000000,2023,2023-03,10,11,long,11932.75,11930.5,11937.25,2.25,-2.25,stop,1,0.9444444444444444,0.05555555555555555,0.0,-239.75,-96.70807826199052,3
2023-03-07T10:10:00.000000,2023-03-07T10:11:00.000000,2023,2023-03,10,11,long,12254.0,12236.25,12289.5,17.75,-17.75,stop,2,0.8024691358024691,0.012345679012345678,0.18518518518518517,-231.5,-32.755418134709544,1
2023-03-07T10:11:00.000000,2023-03-07T10:12:00.000000,2023,2023-03,10,12,long,12240.0,12236.75,12246.5,3.25,-3.25,stop,1,0.7,0.0625,0.2375,-246.25,-47.27916301404184,1
2023-03-07T10:14:00.000000,2023-03-07T10:15:00.000000,2023,2023-03,10,15,long,12223.25,12220.75,12228.25,2.5,-2.5,stop,1,0.875,0.041666666666666664,0.08333333333333333,-263.0,-63.35621000110041,1
2023-03-10T08:35:00.000000,2023-03-10T08:36:00.000000,2023,2023-03,8,36,long,11945.75,11943.0,11951.25,2.75,-2.75,stop,1,0.7142857142857143,0.054945054945054944,0.23076923076923078,-407.25,-67.23592077329522,1
2023-03-15T08:32:00.000000,2023-03-15T08:33:00.000000,2023,2023-03,8,33,long,12197.0,12191.25,12208.5,5.75,-5.75,stop,2,0.6715328467153284,0.10218978102189781,0.22627737226277372,-159.75,-27.385738187091192,1
2023-03-15T08:34:00.000000,2023-03-15T08:35:00.000000,2023,2023-03,8,35,long,12172.25,12170.0,12176.75,2.25,-2.25,stop,1,0.9692307692307692,0.023076923076923078,0.007692307692307693,-183.75,-51.04254964877873,1
2023-03-15T08:50:00.000000,2023-03-15T08:51:00.000000,2023,2023-03,8,51,long,12158.0,12154.0,12166.0,4.0,-4.0,stop,1,0.8,0.0625,0.1375,-199.25,-64.00109215136399,1
2023-03-17T08:37:00.000000,2023-03-17T08:38:00.000000,2023,2023-03,8,38,long,12655.0,12635.75,12693.5,19.25,-19.25,stop,3,0.8266666666666667,0.12,0.05333333333333334,-80.25,-64.00511238687614,4
2023-03-17T08:45:00.000000,2023-03-17T08:46:00.000000,2023,2023-03,8,46,long,12609.25,12606.75,12614.25,2.5,-2.5,stop,1,0.8363636363636363,0.05454545454545454,0.10909090909090909,-126.25,-105.58837470355138,5
2023-03-17T10:50:00.000000,2023-03-17T10:51:00.000000,2023,2023-03,10,51,long,12648.0,12634.5,12675.0,13.5,-13.5,stop,2,0.7540983606557377,0.01639344262295082,0.22950819672131148,-87.5,-35.506877414896735,2
2023-03-24T08:42:00.000000,2023-03-24T08:43:00.000000,2023,2023-03,8,43,long,12785.75,12781.5,12794.25,4.25,-4.25,stop,2,0.7884615384615384,0.11538461538461539,0.09615384615384616,-246.0,-24.342215727765506,1
2023-03-28T10:30:00.000000,2023-03-28T10:31:00.000000,2023,2023-03,10,31,long,12672.75,12670.0,12678.25,2.75,-2.75,stop,1,0.9166666666666666,0.08333333333333333,0.0,-312.0,-47.05189109047387,1
2023-03-28T10:43:00.000000,2023-03-28T10:44:00.000000,2023,2023-03,10,44,long,12685.0,12675.25,12704.5,9.75,-9.75,stop,11,0.7948717948717948,0.0,0.20512820512820512,-299.5,-33.31647300016448,1
2023-04-03T10:22:00.000000,2023-04-03T10:23:00.000000,2023,2023-04,10,23,long,13195.75,13192.75,13201.75,3.0,-3.0,stop,1,0.896551724137931,0.10344827586206896,0.0,-80.0,-20.072938446513945,3
2023-04-03T10:29:00.000000,2023-04-03T10:30:00.000000,2023,2023-04,10,30,long,13189.75,13186.75,13195.75,3.0,-3.0,stop,1,0.8846153846153846,0.11538461538461539,0.0,-86.0,-25.80657040103688,2
2023-04-04T10:16:00.000000,2023-04-04T10:17:00.000000,2023,2023-04,10,17,long,13196.25,13188.0,13212.75,8.25,-8.25,stop,4,0.7741935483870968,0.03225806451612903,0.1935483870967742,-82.5,-72.36910987090414,3
2023-04-05T08:31:00.000000,2023-04-05T08:32:00.000000,2023,2023-04,8,32,long,13100.75,13087.25,13127.75,13.5,-13.5,stop,2,0.6779661016949152,0.0847457627118644,0.23728813559322035,-248.25,-63.60868995613964,1
2023-04-05T08:32:00.000000,2023-04-05T08:33:00.000000,2023,2023-04,8,33,long,13087.75,13085.5,13092.25,2.25,-2.25,stop,1,0.796875,0.03125,0.171875,-260.75,-75.60131644561807,1
2023-04-05T08:49:00.000000,2023-04-05T08:50:00.000000,2023,2023-04,8,50,long,13052.0,13049.5,13057.0,2.5,-2.5,stop,1,0.8823529411764706,0.058823529411764705,0.058823529411764705,-297.0,-99.82907738266294,1
2023-04-11T08:46:00.000000,2023-04-11T08:47:00.000000,2023,2023-04,8,47,long,13063.0,13060.25,13068.5,2.75,-2.75,stop,1,0.9411764705882353,0.058823529411764705,0.0,-119.0,-63.05181308255305,1
2023-04-11T08:48:00.000000,2023-04-11T08:49:00.000000,2023,2023-04,8,49,long,13073.5,13060.75,13099.0,12.75,-12.75,stop,10,0.8333333333333334,0.041666666666666664,0.125,-108.75,-51.91788983666811,1
2023-04-11T10:16:00.000000,2023-04-11T10:17:00.000000,2023,2023-04,10,17,long,13087.75,13085.0,13093.25,2.75,-2.75,stop,1,0.9473684210526315,0.05263157894736842,0.0,-94.75,-24.40929950260579,1
2023-04-11T10:17:00.000000,2023-04-11T10:18:00.000000,2023,2023-04,10,18,long,13083.25,13081.0,13087.75,2.25,-2.25,stop,1,0.95,0.0,0.05,-99.0,-28.58330528143415,1
2023-04-11T10:20:00.000000,2023-04-11T10:21:00.000000,2023,2023-04,10,21,long,13089.25,13081.25,13105.25,8.0,-8.0,stop,3,0.8928571428571429,0.0,0.10714285714285714,-92.5,-21.786391527472006,1
2023-04-11T10:23:00.000000,2023-04-11T10:24:00.000000,2023,2023-04,10,24,long,13080.25,13077.25,13086.25,3.0,-3.0,stop,2,0.8571428571428571,0.11428571428571428,0.02857142857142857,-101.75,-30.812191920391342,1
2023-04-12T08:34:00.000000,2023-04-12T08:35:00.000000,2023,2023-04,8,35,long,13073.0,13070.75,13077.5,2.25,-2.25,stop,1,0.9692307692307692,0.03076923076923077,0.0,-135.5,-43.30203615041137,1
2023-04-12T10:17:00.000000,2023-04-12T10:18:00.000000,2023,2023-04,10,18,long,13066.75,13064.25,13071.75,2.5,-2.5,stop,1,0.9487179487179487,0.05128205128205128,0.0,-142.0,-23.36030209168166,2
2023-04-14T08:39:00.000000,2023-04-14T08:40:00.000000,2023,2023-04,8,40,long,13143.75,13134.0,13163.25,9.75,-9.75,stop,1,0.9142857142857143,0.0,0.08571428571428572,-84.0,-31.27685122917137,1
2023-04-25T08:32:00.000000,2023-04-25T08:33:00.000000,2023,2023-04,8,33,long,12943.0,12940.25,12948.5,2.75,-2.75,stop,1,0.875,0.1,0.025,-190.75,-44.124257090054016,2
2023-04-25T08:38:00.000000,2023-04-25T08:39:00.000000,2023,2023-04,8,39,long,12946.5,12939.0,12961.5,7.5,-7.5,stop,6,0.7241379310344828,0.034482758620689655,0.2413793103448276,-187.5,-38.501204539701575,3
2023-04-25T08:40:00.000000,2023-04-25T08:41:00.000000,2023,2023-04,8,41,long,12953.0,12941.5,12976.0,11.5,-11.5,stop,3,0.8461538461538461,0.10256410256410256,0.05128205128205128,-181.25,-31.88500405047671,1
2023-05-04T08:48:00.000000,2023-05-04T08:49:00.000000,2023,2023-05,8,49,long,13043.25,13040.75,13048.25,2.5,-2.5,stop,1,0.9555555555555556,0.022222222222222223,0.022222222222222223,-271.0,-28.23865684129305,2
2023-05-12T10:36:00.000000,2023-05-12T10:37:00.000000,2023,2023-05,10,37,long,13354.75,13352.25,13359.75,2.5,-2.5,stop,1,0.9310344827586207,0.034482758620689655,0.034482758620689655,-115.75,-70.37110101146209,1
2023-05-12T10:39:00.000000,2023-05-12T10:40:00.000000,2023,2023-05,10,40,long,13351.25,13342.25,13369.25,9.0,-9.0,stop,3,0.8666666666666667,0.03333333333333333,0.1,-119.25,-72.56552576693139,1
2023-05-12T10:40:00.000000,2023-05-12T10:41:00.000000,2023,2023-05,10,41,long,13345.0,13343.0,13349.0,2.0,-2.0,stop,1,0.8571428571428571,0.03571428571428571,0.10714285714285714,-125.0,-78.13529407711576,1
2023-05-12T10:43:00.000000,2023-05-12T10:44:00.000000,2023,2023-05,10,44,long,13336.5,13334.25,13341.0,2.25,-2.25,stop,2,0.75,0.1,0.15,-133.5,-85.69371404982485,1
2023-05-12T10:47:00.000000,2023-05-12T10:48:00.000000,2023,2023-05,10,48,long,13325.25,13323.0,13329.75,2.25,-2.25,stop,1,0.6875,0.0,0.3125,-145.25,-95.42342101055328,1
2023-05-19T08:45:00.000000,2023-05-19T08:46:00.000000,2023,2023-05,8,46,long,13876.5,13874.0,13881.5,2.5,-2.5,stop,2,0.8780487804878049,0.04878048780487805,0.07317073170731707,-83.75,-23.933535866020975,2
2023-05-19T08:46:00.000000,2023-05-19T08:47:00.000000,2023,2023-05,8,47,long,13879.5,13874.0,13890.5,5.5,-5.5,stop,1,0.6666666666666666,0.09523809523809523,0.23809523809523808,-80.25,-20.318060135059568,2
2023-05-19T08:47:00.000000,2023-05-19T08:48:00.000000,2023,2023-05,8,48,long,13870.75,13868.0,13876.25,2.75,-2.75,stop,1,0.7954545454545454,0.06818181818181818,0.13636363636363635,-89.5,-29.352625460296622,2
2023-05-19T10:14:00.000000,2023-05-19T10:15:00.000000,2023,2023-05,10,15,long,13841.75,13840.0,13845.25,1.75,-1.75,stop,1,0.967741935483871,0.0,0.03225806451612903,-118.25,-43.7877567406249,1
2023-05-19T10:16:00.000000,2023-05-19T10:17:00.000000,2023,2023-05,10,17,long,13858.5,13836.0,13903.5,22.5,-22.5,stop,14,0.8888888888888888,0.03333333333333333,0.07777777777777778,-101.5,-26.669259966494792,1
2023-05-19T10:28:00.000000,2023-05-19T10:29:00.000000,2023,2023-05,10,29,long,13848.75,13846.5,13853.25,2.25,-2.25,stop,2,0.6666666666666666,0.10256410256410256,0.23076923076923078,-110.75,-35.28257687508449,1
2023-05-19T10:45:00.000000,2023-05-19T10:46:00.000000,2023,2023-05,10,46,long,13857.75,13847.5,13878.25,10.25,-10.25,stop,1,0.8055555555555556,0.1111111111111111,0.08333333333333333,-102.5,-24.899134449808116,1
2023-05-23T10:36:00.000000,2023-05-23T10:37:00.000000,2023,2023-05,10,37,long,13822.5,13811.0,13845.5,11.5,-11.5,stop,2,0.717391304347826,0.10869565217391304,0.17391304347826086,-124.25,-44.04549687365761,3
2023-05-24T08:41:00.000000,2023-05-24T08:42:00.000000,2023,2023-05,8,42,long,13598.5,13583.75,13628.0,14.75,-14.75,stop,8,0.9444444444444444,0.018518518518518517,0.037037037037037035,-380.5,-56.70218122343613,1
2023-05-24T08:46:00.000000,2023-05-24T08:47:00.000000,2023,2023-05,8,47,long,13603.25,13592.75,13624.25,10.5,-10.5,stop,2,0.8108108108108109,0.10810810810810811,0.08108108108108109,-376.0,-50.656618874209016,1
2023-05-24T10:39:00.000000,2023-05-24T10:40:00.000000,2023,2023-05,10,40,long,13594.0,13586.75,13608.5,7.25,-7.25,stop,33,0.9565217391304348,0.043478260869565216,0.0,-384.75,-40.301235854603874,1
2023-05-24T10:46:00.000000,2023-05-24T10:47:00.000000,2023,2023-05,10,47,long,13598.0,13588.75,13616.5,9.25,-9.25,stop,22,0.9032258064516129,0.03225806451612903,0.06451612903225806,-381.25,-36.30488855389194,1
2023-05-31T10:16:00.000000,2023-05-31T10:17:00.000000,2023,2023-05,10,17,long,14291.75,14289.25,14296.75,2.5,-2.5,stop,1,0.6774193548387096,0.06451612903225806,0.25806451612903225,-278.25,-42.9355860865071,1
2023-05-31T10:33:00.000000,2023-05-31T10:34:00.000000,2023,2023-05,10,34,long,14279.5,14269.5,14299.5,10.0,-10.0,stop,6,0.7111111111111111,0.022222222222222223,0.26666666666666666,-290.25,-52.819762905946845,1
2023-05-31T10:37:00.000000,2023-05-31T10:38:00.000000,2023,2023-05,10,38,long,14281.75,14279.5,14286.25,2.25,-2.25,stop,1,0.7857142857142857,0.0,0.21428571428571427,-288.5,-50.646368001936935,1
2023-05-31T10:47:00.000000,2023-05-31T10:48:00.000000,2023,2023-05,10,48,long,14287.0,14270.25,14320.5,16.75,-16.75,stop,4,0.8181818181818182,0.06060606060606061,0.12121212121212122,-283.25,-44.39814873264004,1
2023-06-07T08:44:00.000000,2023-06-07T08:45:00.000000,2023,2023-06,8,45,long,14485.75,14482.5,14492.25,3.25,-3.25,stop,1,0.6909090909090909,0.10909090909090909,0.2,-137.75,-112.99994653943577,2
2023-06-07T08:50:00.000000,2023-06-07T08:51:00.000000,2023,2023-06,8,51,long,14485.5,14476.5,14503.5,9.0,-9.0,stop,1,0.7027027027027027,0.02702702702702703,0.2702702702702703,-138.5,-108.9160650394515,2
2023-06-21T08:43:00.000000,2023-06-21T08:44:00.000000,2023,2023-06,8,44,long,15078.5,15076.0,15083.5,2.5,-2.5,stop,1,0.8913043478260869,0.0,0.10869565217391304,-232.75,-89.33892039534658,1
2023-06-21T10:23:00.000000,2023-06-21T10:24:00.000000,2023,2023-06,10,24,long,15074.75,15071.75,15080.75,3.0,-3.0,stop,1,0.9361702127659575,0.0425531914893617,0.02127659574468085,-236.5,-49.065082583603726,1
2023-06-21T10:37:00.000000,2023-06-21T10:38:00.000000,2023,2023-06,10,38,long,15081.0,15071.5,15100.0,9.5,-9.5,stop,5,0.9090909090909091,0.0,0.09090909090909091,-229.75,-40.913362383076674,1
2023-06-21T10:43:00.000000,2023-06-21T10:44:00.000000,2023,2023-06,10,44,long,15072.25,15070.5,15075.75,1.75,-1.75,stop,1,0.8095238095238095,0.0,0.19047619047619047,-238.25,-49.07011889281057,1
2023-06-21T10:46:00.000000,2023-06-21T10:47:00.000000,2023,2023-06,10,47,long,15069.25,15054.5,15098.75,14.75,-14.75,stop,10,0.9411764705882353,0.058823529411764705,0.0,-241.5,-51.87987115929536,1
2023-06-21T10:50:00.000000,2023-06-21T10:51:00.000000,2023,2023-06,10,51,long,15069.25,15055.5,15096.75,13.75,-13.75,stop,6,0.8958333333333334,0.10416666666666667,0.0,-241.25,-51.261780251705204,1
2023-06-26T10:18:00.000000,2023-06-26T10:19:00.000000,2023,2023-06,10,19,long,14933.0,14930.5,14938.0,2.5,-2.5,stop,1,0.75,0.016666666666666666,0.23333333333333334,-167.0,-118.36434356463178,1
2023-06-26T10:22:00.000000,2023-06-26T10:23:00.000000,2023,2023-06,10,23,long,14939.0,14918.0,14981.0,21.0,-21.0,stop,6,0.9473684210526315,0.02631578947368421,0.02631578947368421,-161.25,-110.04375239584988,1
2023-06-26T10:26:00.000000,2023-06-26T10:27:00.000000,2023,2023-06,10,27,long,14929.25,14921.25,14945.25,8.0,-8.0,stop,2,0.6785714285714286,0.10714285714285714,0.21428571428571427,-171.0,-118.50239672091993,1
2023-06-29T08:30:00.000000,2023-06-29T08:31:00.000000,2023,2023-06,8,31,long,15045.0,15042.5,15050.0,2.5,-2.5,stop,1,0.7666666666666667,0.011111111111111112,0.2222222222222222,-174.25,-72.49198305258324,1
2023-07-06T08:36:00.000000,2023-07-06T08:37:00.000000,2023,2023-07,8,37,long,15155.25,15152.0,15161.75,3.25,-3.25,stop,1,0.8409090909090909,0.09090909090909091,0.06818181818181818,-277.0,-52.00742455746695,1
2023-07-06T08:39:00.000000,2023-07-06T08:40:00.000000,2023,2023-07,8,40,long,15163.5,15150.0,15190.5,13.5,-13.5,stop,12,0.8333333333333334,0.037037037037037035,0.12962962962962962,-268.25,-42.48070043052576,1
2023-07-07T08:33:00.000000,2023-07-07T08:34:00.000000,2023,2023-07,8,34,long,15195.75,15191.75,15203.75,4.0,-4.0,stop,1,0.8285714285714286,0.1,0.07142857142857142,-170.5,-37.12761534445963,2
2023-07-07T08:39:00.000000,2023-07-07T08:40:00.000000,2023,2023-07,8,40,long,15198.75,15196.25,15203.75,2.5,-2.5,stop,1,0.8333333333333334,0.05555555555555555,0.1111111111111111,-167.0,-31.90437565922366,3
2023-07-10T10:16:00.000000,2023-07-10T10:17:00.000000,2023,2023-07,10,17,long,15075.5,15070.25,15086.0,5.25,-5.25,stop,1,0.6666666666666666,0.0,0.3333333333333333,-122.75,-69.83057184117024,3
2023-07-20T08:30:00.000000,2023-07-20T08:31:00.000000,2023,2023-07,8,31,long,15741.5,15738.5,15747.5,3.0,-3.0,stop,1,0.864406779661017,0.0847457627118644,0.05084745762711865,-321.0,-99.5994875704746,2
2023-07-20T08:37:00.000000,2023-07-20T08:38:00.000000,2023,2023-07,8,38,long,15713.75,15710.5,15720.25,3.25,-3.25,stop,1,0.7567567567567568,0.10810810810810811,0.13513513513513514,-349.25,-119.77261935124443,1
2023-07-20T10:17:00.000000,2023-07-20T10:18:00.000000,2023,2023-07,10,18,long,15771.75,15769.75,15775.75,2.0,-2.0,stop,1,0.7837837837837838,0.02702702702702703,0.1891891891891892,-290.75,-32.35789920692878,1
2023-07-20T10:19:00.000000,2023-07-20T10:20:00.000000,2023,2023-07,10,20,long,15747.25,15744.0,15753.75,3.25,-3.25,stop,1,0.84,0.12,0.04,-315.25,-56.40255419199275,1
2023-07-20T10:29:00.000000,2023-07-20T10:30:00.000000,2023,2023-07,10,30,long,15713.0,15709.5,15720.0,3.5,-3.5,stop,3,0.8627450980392157,0.09803921568627451,0.0392156862745098,-350.0,-88.78054380892718,1
2023-07-21T08:35:00.000000,2023-07-21T08:36:00.000000,2023,2023-07,8,36,long,15587.25,15568.0,15625.75,19.25,-19.25,stop,3,0.7701149425287356,0.022988505747126436,0.20689655172413793,-317.0,-51.82510243436627,3
2023-07-21T08:42:00.000000,2023-07-21T08:43:00.000000,2023,2023-07,8,43,long,15570.0,15567.75,15574.5,2.25,-2.25,stop,1,0.8235294117647058,0.0196078431372549,0.1568627450980392,-334.25,-66.02128821150836,3
2023-07-21T08:46:00.000000,2023-07-21T08:47:00.000000,2023,2023-07,8,47,long,15599.5,15577.75,15643.0,21.75,-21.75,stop,9,0.9629629629629629,0.012345679012345678,0.024691358024691357,-304.75,-35.42879280967827,4
2023-07-21T10:16:00.000000,2023-07-21T10:17:00.000000,2023,2023-07,10,17,long,15596.0,15580.0,15628.0,16.0,-16.0,stop,13,0.8088235294117647,0.04411764705882353,0.14705882352941177,-307.75,-29.952017232981234,2
2023-07-21T10:18:00.000000,2023-07-21T10:19:00.000000,2023,2023-07,10,19,long,15600.0,15584.0,15632.0,16.0,-16.0,stop,9,0.875,0.015625,0.109375,-304.0,-26.057066651699643,2
2023-07-21T10:24:00.000000,2023-07-21T10:25:00.000000,2023,2023-07,10,25,long,15591.75,15588.25,15598.75,3.5,-3.5,stop,1,0.8909090909090909,0.10909090909090909,0.0,-312.5,-34.262164325680715,2
2023-07-21T10:34:00.000000,2023-07-21T10:35:00.000000,2023,2023-07,10,35,long,15585.5,15574.25,15608.0,11.25,-11.25,stop,8,0.8222222222222222,0.022222222222222223,0.15555555555555556,-318.5,-39.30138364301274,1
2023-07-21T10:38:00.000000,2023-07-21T10:39:00.000000,2023,2023-07,10,39,long,15585.75,15573.0,15611.25,12.75,-12.75,stop,4,0.8627450980392157,0.0,0.13725490196078433,-318.25,-38.770660091795435,1
2023-07-26T10:46:00.000000,2023-07-26T10:47:00.000000,2023,2023-07,10,47,long,15551.5,15548.5,15557.5,3.0,-3.0,stop,6,0.7857142857142857,0.10714285714285714,0.10714285714285714,-188.0,-45.683454764852286,1
2023-07-26T10:47:00.000000,2023-07-26T10:48:00.000000,2023,2023-07,10,48,long,15555.5,15549.5,15567.5,6.0,-6.0,stop,2,0.7619047619047619,0.0,0.23809523809523808,-183.75,-41.37122940358495,1
2023-08-02T08:34:00.000000,2023-08-02T08:35:00.000000,2023,2023-08,8,35,long,15550.75,15538.75,15574.75,12.0,-12.0,stop,8,0.6792452830188679,0.09433962264150944,0.22641509433962265,-338.25,-82.54893876600181,1
2023-08-08T10:20:00.000000,2023-08-08T10:21:00.000000,2023,2023-08,10,21,long,15269.0,15266.25,15274.5,2.75,-2.75,stop,1,0.85,0.075,0.075,-228.75,-44.47785038079746,1
2023-08-09T08:49:00.000000,2023-08-09T08:50:00.000000,2023,2023-08,8,50,long,15257.25,15255.0,15261.75,2.25,-2.25,stop,1,0.9565217391304348,0.043478260869565216,0.0,-234.25,-74.92789052952867,1
2023-08-10T10:12:00.000000,2023-08-10T10:13:00.000000,2023,2023-08,10,13,long,15235.0,15218.75,15267.5,16.25,-16.25,stop,8,0.9473684210526315,0.03508771929824561,0.017543859649122806,-197.75,-86.79902871696868,3
2023-08-10T10:18:00.000000,2023-08-10T10:19:00.000000,2023,2023-08,10,19,long,15238.25,15225.0,15264.75,13.25,-13.25,stop,2,0.8269230769230769,0.057692307692307696,0.11538461538461539,-194.0,-81.93542787176193,2
2023-08-10T10:23:00.000000,2023-08-10T10:24:00.000000,2023,2023-08,10,24,long,15241.75,15228.75,15267.75,13.0,-13.0,stop,1,0.7678571428571429,0.0,0.23214285714285715,-191.0,-77.77950168380085,1
2023-08-10T10:39:00.000000,2023-08-10T10:40:00.000000,2023,2023-08,10,40,long,15260.5,15247.5,15286.5,13.0,-13.0,stop,3,0.7735849056603774,0.07547169811320754,0.1509433962264151,-171.75,-54.838947506450495,2
2023-08-11T10:30:00.000000,2023-08-11T10:31:00.000000,2023,2023-08,10,31,long,15089.0,15079.75,15107.5,9.25,-9.25,stop,5,0.6976744186046512,0.0,0.3023255813953488,-353.0,-29.45574097732424,1
2023-08-11T10:39:00.000000,2023-08-11T10:40:00.000000,2023,2023-08,10,40,long,15071.0,15069.25,15074.5,1.75,-1.75,stop,1,0.6666666666666666,0.02564102564102564,0.3076923076923077,-370.75,-46.64720662617037,1
2023-08-11T10:47:00.000000,2023-08-11T10:48:00.000000,2023,2023-08,10,48,long,15059.25,15056.5,15064.75,2.75,-2.75,stop,2,0.90625,0.0625,0.03125,-383.25,-58.42527731429436,1
2023-08-15T08:30:00.000000,2023-08-15T08:31:00.000000,2023,2023-08,8,31,long,15124.0,15121.0,15130.0,3.0,-3.0,stop,1,0.7424242424242424,0.09090909090909091,0.16666666666666666,-191.75,-80.9617667400762,1
2023-08-15T08:47:00.000000,2023-08-15T08:48:00.000000,2023,2023-08,8,48,long,15152.0,15141.5,15173.0,10.5,-10.5,stop,5,0.7906976744186046,0.023255813953488372,0.18604651162790697,-164.0,-46.70275968603892,2
2023-08-16T10:23:00.000000,2023-08-16T10:24:00.000000,2023,2023-08,10,24,long,15020.25,15014.25,15032.25,6.0,-6.0,stop,2,0.7142857142857143,0.047619047619047616,0.23809523809523808,-314.75,-75.78489181232908,1
2023-08-17T10:20:00.000000,2023-08-17T10:21:00.000000,2023,2023-08,10,21,long,14903.75,14901.25,14908.75,2.5,-2.5,stop,1,0.9259259259259259,0.037037037037037035,0.037037037037037035,-262.5,-20.00239455754854,2
2023-08-24T08:36:00.000000,2023-08-24T08:37:00.000000,2023,2023-08,8,37,long,15071.25,15054.5,15104.75,16.75,-16.75,stop,6,0.8115942028985508,0.07246376811594203,0.11594202898550725,-285.0,-187.6751134360311,1
2023-08-24T08:44:00.000000,2023-08-24T08:45:00.000000,2023,2023-08,8,45,long,15045.25,15034.5,15066.75,10.75,-10.75,stop,1,0.7209302325581395,0.046511627906976744,0.23255813953488372,-312.0,-205.40457456038166,1
2023-08-24T08:50:00.000000,2023-08-24T08:51:00.000000,2023,2023-08,8,51,long,15059.75,15040.75,15097.75,19.0,-19.0,stop,9,0.927536231884058,0.043478260869565216,0.028985507246376812,-297.25,-184.77427445649482,1
2023-08-25T08:36:00.000000,2023-08-25T08:37:00.000000,2023,2023-08,8,37,long,14850.25,14844.75,14861.25,5.5,-5.5,stop,1,0.7007299270072993,0.10218978102189781,0.19708029197080293,-567.75,-60.13134197266845,3
2023-08-25T08:42:00.000000,2023-08-25T08:43:00.000000,2023,2023-08,8,43,long,14847.5,14845.25,14852.0,2.25,-2.25,stop,1,0.79,0.03,0.18,-570.0,-60.165131872710845,3
2023-08-25T08:45:00.000000,2023-08-25T08:46:00.000000,2023,2023-08,8,46,long,14808.25,14804.0,14816.75,4.25,-4.25,stop,1,0.7526881720430108,0.10752688172043011,0.13978494623655913,-609.5,-97.09081201826302,3
2023-08-25T10:18:00.000000,2023-08-25T10:19:00.000000,2023,2023-08,10,19,long,14818.75,14815.5,14825.25,3.25,-3.25,stop,1,0.92,0.08,0.0,-599.0,-56.25102315181721,2
2023-09-01T08:46:00.000000,2023-09-01T08:47:00.000000,2023,2023-09,8,47,long,15520.0,15516.75,15526.5,3.25,-3.25,stop,1,0.8933333333333333,0.06666666666666667,0.04,-86.75,-50.341698422249465,2
2023-09-01T10:33:00.000000,2023-09-01T10:34:00.000000,2023,2023-09,10,34,long,15503.75,15501.25,15508.75,2.5,-2.5,stop,1,0.9,0.05,0.05,-103.25,-45.7576111661092,3
2023-09-01T10:34:00.000000,2023-09-01T10:35:00.000000,2023,2023-09,10,35,long,15500.25,15497.25,15506.25,3.0,-3.0,stop,2,0.6956521739130435,0.08695652173913043,0.21739130434782608,-107.0,-49.40226411995354,3
2023-09-12T08:32:00.000000,2023-09-12T08:33:00.000000,2023,2023-09,8,33,long,15593.75,15576.75,15627.75,17.0,-17.0,stop,6,0.8208955223880597,0.08955223880597014,0.08955223880597014,-102.0,-32.231526970479536,1
2023-09-12T08:38:00.000000,2023-09-12T08:39:00.000000,2023,2023-09,8,39,long,15574.25,15571.5,15579.75,2.75,-2.75,stop,1,0.6949152542372882,0.06779661016949153,0.23728813559322035,-121.5,-49.99447438309471,1
2023-09-19T10:17:00.000000,2023-09-19T10:18:00.000000,2023,2023-09,10,18,long,15287.0,15281.0,15299.0,6.0,-6.0,stop,4,0.7272727272727273,0.045454545454545456,0.22727272727272727,-173.75,-37.53347408521404,1
2023-09-19T10:33:00.000000,2023-09-19T10:34:00.000000,2023,2023-09,10,34,long,15280.0,15277.75,15284.5,2.25,-2.25,stop,2,0.8181818181818182,0.09090909090909091,0.09090909090909091,-180.75,-43.608156374366445,1
2023-09-19T10:37:00.000000,2023-09-19T10:38:00.000000,2023,2023-09,10,38,long,15283.0,15272.5,15304.0,10.5,-10.5,stop,2,0.9512195121951219,0.0,0.04878048780487805,-176.75,-39.32442629789875,1
2023-09-19T10:42:00.000000,2023-09-19T10:43:00.000000,2023,2023-09,10,43,long,15281.75,15267.0,15311.25,14.75,-14.75,stop,5,0.847457627118644,0.01694915254237288,0.13559322033898305,-179.25,-41.31381209848587,1
2023-09-19T10:46:00.000000,2023-09-19T10:47:00.000000,2023,2023-09,10,47,long,15269.25,15266.5,15274.75,2.75,-2.75,stop,1,0.8484848484848485,0.09090909090909091,0.06060606060606061,-191.75,-53.48520060756891,1
2023-09-21T10:33:00.000000,2023-09-21T10:34:00.000000,2023,2023-09,10,34,long,14952.75,14943.0,14972.25,9.75,-9.75,stop,4,0.8235294117647058,0.08823529411764706,0.08823529411764706,-483.5,-36.96565213248141,1
2023-09-26T08:43:00.000000,2023-09-26T08:44:00.000000,2023,2023-09,8,44,long,14785.5,14775.25,14806.0,10.25,-10.25,stop,5,0.6808510638297872,0.0425531914893617,0.2765957446808511,-170.0,-29.56126694100749,1
2023-09-26T10:16:00.000000,2023-09-26T10:17:00.000000,2023,2023-09,10,17,long,14764.5,14751.75,14790.0,12.75,-12.75,stop,2,0.8888888888888888,0.08888888888888889,0.022222222222222223,-191.0,-32.68805486505698,1
2023-09-26T10:17:00.000000,2023-09-26T10:18:00.000000,2023,2023-09,10,18,long,14756.75,14754.25,14761.75,2.5,-2.5,stop,1,0.7142857142857143,0.07142857142857142,0.21428571428571427,-198.75,-40.36518920036542,1
2023-09-27T10:36:00.000000,2023-09-27T10:37:00.000000,2023,2023-09,10,37,long,14664.75,14662.75,14668.75,2.0,-2.0,stop,1,0.96875,0.03125,0.0,-278.75,-69.0388797096548,1
2023-09-27T10:38:00.000000,2023-09-27T10:39:00.000000,2023,2023-09,10,39,long,14665.5,14657.0,14682.5,8.5,-8.5,stop,2,0.7368421052631579,0.05263157894736842,0.21052631578947367,-277.25,-67.29248041983374,1
2023-09-27T10:41:00.000000,2023-09-27T10:42:00.000000,2023,2023-09,10,42,long,14673.75,14659.5,14702.25,14.25,-14.25,stop,15,0.8333333333333334,0.0,0.16666666666666666,-269.75,-59.33207938698433,1
2023-09-27T10:47:00.000000,2023-09-27T10:48:00.000000,2023,2023-09,10,48,long,14677.0,14673.25,14684.5,3.75,-3.75,stop,2,0.8055555555555556,0.1111111111111111,0.08333333333333333,-267.5,-56.31566855066376,1
2023-10-03T08:32:00.000000,2023-10-03T08:33:00.000000,2023,2023-10,8,33,long,14797.0,14778.5,14834.0,18.5,-18.5,stop,6,0.7866666666666666,0.10666666666666667,0.10666666666666667,-248.75,-101.07201689697104,3
2023-10-03T08:45:00.000000,2023-10-03T08:46:00.000000,2023,2023-10,8,46,long,14779.25,14776.75,14784.25,2.5,-2.5,stop,1,0.8070175438596491,0.0,0.19298245614035087,-267.25,-112.72379076708057,1
2023-10-03T08:46:00.000000,2023-10-03T08:47:00.000000,2023,2023-10,8,47,long,14759.75,14755.75,14767.75,4.0,-4.0,stop,1,0.898876404494382,0.06741573033707865,0.033707865168539325,-286.75,-131.12173782048558,1
2023-10-03T10:40:00.000000,2023-10-03T10:41:00.000000,2023,2023-10,10,41,long,14774.25,14760.5,14801.75,13.75,-13.75,stop,3,0.9148936170212766,0.0851063829787234,0.0,-271.75,-75.23210431689404,1
2023-10-03T10:42:00.000000,2023-10-03T10:43:00.000000,2023,2023-10,10,43,long,14762.25,14760.25,14766.25,2.0,-2.0,stop,1,0.8888888888888888,0.027777777777777776,0.08333333333333333,-283.5,-86.74859051542808,1
2023-10-03T10:45:00.000000,2023-10-03T10:46:00.000000,2023,2023-10,10,46,long,14760.5,14750.5,14780.5,10.0,-10.0,stop,10,0.8285714285714286,0.02857142857142857,0.14285714285714285,-286.0,-88.85132300186524,1
2023-10-05T08:38:00.000000,2023-10-05T08:39:00.000000,2023,2023-10,8,39,long,14738.25,14734.75,14745.25,3.5,-3.5,stop,1,0.8783783783783784,0.10810810810810811,0.013513513513513514,-217.25,-122.33535313172433,1
2023-10-05T08:40:00.000000,2023-10-05T08:41:00.000000,2023,2023-10,8,41,long,14722.75,14719.0,14730.25,3.75,-3.75,stop,1,0.6851851851851852,0.09259259259259259,0.2222222222222222,-233.75,-136.2367172721224,1
2023-10-11T10:10:00.000000,2023-10-11T10:11:00.000000,2023,2023-10,10,11,long,15300.0,15297.75,15304.5,2.25,-2.25,stop,1,0.7142857142857143,0.07142857142857142,0.21428571428571427,-83.25,-27.493265480579794,2
2023-10-11T10:13:00.000000,2023-10-11T10:14:00.000000,2023,2023-10,10,14,long,15300.75,15288.25,15325.75,12.5,-12.5,stop,2,0.78,0.04,0.18,-83.0,-27.003035817477212,2
2023-10-11T10:14:00.000000,2023-10-11T10:15:00.000000,2023,2023-10,10,15,long,15294.0,15291.5,15299.0,2.5,-2.5,stop,1,0.9666666666666667,0.0,0.03333333333333333,-90.0,-33.940148037412655,2
2023-10-11T10:24:00.000000,2023-10-11T10:25:00.000000,2023,2023-10,10,25,long,15293.5,15284.25,15312.0,9.25,-9.25,stop,28,0.8666666666666667,0.03333333333333333,0.1,-90.5,-33.27629500012881,3
2023-10-11T10:29:00.000000,2023-10-11T10:30:00.000000,2023,2023-10,10,30,long,15296.5,15288.0,15313.5,8.5,-8.5,stop,22,0.7058823529411765,0.0,0.29411764705882354,-87.5,-29.966108188602448,3
2023-10-11T10:43:00.000000,2023-10-11T10:44:00.000000,2023,2023-10,10,44,long,15299.25,15296.75,15304.25,2.5,-2.5,stop,2,0.9210526315789473,0.05263157894736842,0.02631578947368421,-84.25,-26.014100286873145,3
2023-10-13T08:39:00.000000,2023-10-13T08:40:00.000000,2023,2023-10,8,40,long,15272.0,15268.75,15278.5,3.25,-3.25,stop,1,0.7678571428571429,0.07142857142857142,0.16071428571428573,-197.0,-32.67909733135093,1
2023-10-13T08:43:00.000000,2023-10-13T08:44:00.000000,2023,2023-10,8,44,long,15277.5,15265.75,15301.0,11.75,-11.75,stop,3,0.9285714285714286,0.0,0.07142857142857142,-191.25,-26.183987189202526,1
2023-10-13T08:48:00.000000,2023-10-13T08:49:00.000000,2023,2023-10,8,49,long,15251.5,15249.0,15256.5,2.5,-2.5,stop,2,0.9090909090909091,0.0,0.09090909090909091,-217.75,-51.85359893290297,1
2023-10-18T08:49:00.000000,2023-10-18T08:50:00.000000,2023,2023-10,8,50,long,15120.25,15116.5,15127.75,3.75,-3.75,stop,1,0.8928571428571429,0.10714285714285714,0.0,-189.25,-43.48802594587505,4
2023-10-18T10:23:00.000000,2023-10-18T10:24:00.000000,2023,2023-10,10,24,long,15123.0,15111.25,15146.5,11.75,-11.75,stop,2,0.868421052631579,0.10526315789473684,0.02631578947368421,-186.75,-31.22561759645214,2
2023-10-18T10:34:00.000000,2023-10-18T10:35:00.000000,2023,2023-10,10,35,long,15109.0,15106.0,15115.0,3.0,-3.0,stop,1,0.9210526315789473,0.05263157894736842,0.02631578947368421,-200.75,-44.35452021418314,2
2023-10-18T10:37:00.000000,2023-10-18T10:38:00.000000,2023,2023-10,10,38,long,15104.0,15101.75,15108.5,2.25,-2.25,stop,1,0.8983050847457628,0.01694915254237288,0.0847457627118644,-205.25,-48.571248347710934,2
2023-10-19T10:31:00.000000,2023-10-19T10:32:00.000000,2023,2023-10,10,32,long,15020.75,15018.0,15026.25,2.75,-2.75,stop,1,0.7402597402597403,0.05194805194805195,0.2077922077922078,-211.75,-23.816707975945974,3
2023-10-20T08:32:00.000000,2023-10-20T08:33:00.000000,2023,2023-10,8,33,long,14750.5,14736.5,14778.5,14.0,-14.0,stop,9,0.7678571428571429,0.10714285714285714,0.125,-387.5,-81.27448163975896,3
2023-10-20T08:36:00.000000,2023-10-20T08:37:00.000000,2023,2023-10,8,37,long,14752.0,14748.5,14759.0,3.5,-3.5,stop,1,0.8292682926829268,0.08536585365853659,0.08536585365853659,-386.0,-77.88303582151093,4
2023-10-20T08:48:00.000000,2023-10-20T08:49:00.000000,2023,2023-10,8,49,long,14728.25,14714.25,14756.25,14.0,-14.0,stop,3,0.9387755102040817,0.04081632653061224,0.02040816326530612,-410.0,-95.69762972822718,2
2023-10-24T10:19:00.000000,2023-10-24T10:20:00.000000,2023,2023-10,10,20,long,14774.75,14771.75,14780.75,3.0,-3.0,stop,1,0.84,0.06,0.1,-79.25,-31.355270932250278,2
2023-10-24T10:23:00.000000,2023-10-24T10:24:00.000000,2023,2023-10,10,24,long,14763.5,14761.0,14768.5,2.5,-2.5,stop,1,0.8260869565217391,0.08695652173913043,0.08695652173913043,-90.25,-41.88813140183811,2
2023-10-25T10:13:00.000000,2023-10-25T10:14:00.000000,2023,2023-10,10,14,long,14572.5,14560.5,14596.5,12.0,-12.0,stop,28,0.8043478260869565,0.08695652173913043,0.10869565217391304,-376.0,-96.3165536946999,1
2023-10-26T10:17:00.000000,2023-10-26T10:18:00.000000,2023,2023-10,10,18,long,14191.75,14188.25,14198.75,3.5,-3.5,stop,1,0.8378378378378378,0.10810810810810811,0.05405405405405406,-631.25,-137.05617888314373,2
2023-10-26T10:20:00.000000,2023-10-26T10:21:00.000000,2023,2023-10,10,21,long,14181.75,14159.0,14227.25,22.75,-22.75,stop,19,0.8977272727272727,0.056818181818181816,0.045454545454545456,-640.5,-143.29607496321114,2
2023-10-26T10:23:00.000000,2023-10-26T10:24:00.000000,2023,2023-10,10,24,long,14183.0,14167.5,14214.0,15.5,-15.5,stop,16,0.8,0.046153846153846156,0.15384615384615385,-639.25,-140.31628727996394,2
2023-10-26T10:25:00.000000,2023-10-26T10:26:00.000000,2023,2023-10,10,26,long,14186.75,14172.25,14215.75,14.5,-14.5,stop,12,0.8421052631578947,0.017543859649122806,0.14035087719298245,-636.0,-136.34430351767696,2
2023-10-27T08:41:00.000000,2023-10-27T08:42:00.000000,2023,2023-10,8,42,long,14288.5,14286.0,14293.5,2.5,-2.5,stop,1,0.9032258064516129,0.04838709677419355,0.04838709677419355,-170.25,-29.128443757455898,2
2023-11-13T08:49:00.000000,2023-11-13T08:50:00.000000,2023,2023-11,8,50,long,15495.75,15483.25,15520.75,12.5,-12.5,stop,3,0.8913043478260869,0.021739130434782608,0.08695652173913043,-117.0,-34.58191037447796,2
2023-11-16T10:31:00.000000,2023-11-16T10:32:00.000000,2023,2023-11,10,32,long,15823.25,15807.5,15854.75,15.75,-15.75,stop,4,0.9464285714285714,0.05357142857142857,0.0,-226.0,-30.865808351834858,4
2023-11-16T10:34:00.000000,2023-11-16T10:35:00.000000,2023,2023-11,10,35,long,15822.75,15813.75,15840.75,9.0,-9.0,stop,1,0.90625,0.0,0.09375,-226.5,-31.052590443705412,4
2023-11-21T08:34:00.000000,2023-11-21T08:35:00.000000,2023,2023-11,8,35,long,16006.75,15995.25,16029.75,11.5,-11.5,stop,4,0.8,0.044444444444444446,0.15555555555555556,-110.0,-46.99039894832276,1
2023-11-30T08:44:00.000000,2023-11-30T08:45:00.000000,2023,2023-11,8,45,long,15983.75,15968.0,16015.25,15.75,-15.75,stop,1,0.9454545454545454,0.05454545454545454,0.0,-224.75,-56.903908240818055,4
2023-12-04T08:39:00.000000,2023-12-04T08:40:00.000000,2023,2023-12,8,40,long,15859.25,15857.0,15863.75,2.25,-2.25,stop,1,0.7755102040816326,0.04081632653061224,0.1836734693877551,-190.5,-62.49302293709479,2
2023-12-04T08:43:00.000000,2023-12-04T08:44:00.000000,2023,2023-12,8,44,long,15841.25,15837.75,15848.25,3.5,-3.5,stop,1,0.8977272727272727,0.07954545454545454,0.022727272727272728,-208.5,-76.13282436062218,2
2023-12-04T08:50:00.000000,2023-12-04T08:51:00.000000,2023,2023-12,8,51,long,15827.5,15824.0,15834.5,3.5,-3.5,stop,1,0.8852459016393442,0.04918032786885246,0.06557377049180328,-223.25,-82.80689287384303,2
2024-01-03T10:14:00.000000,2024-01-03T10:15:00.000000,2024,2024-01,10,15,long,16596.0,16593.5,16601.0,2.5,-2.5,stop,1,0.8461538461538461,0.07692307692307693,0.07692307692307693,-442.5,-22.8182277268279,2
2024-01-03T10:23:00.000000,2024-01-03T10:24:00.000000,2024,2024-01,10,24,long,16591.5,16583.75,16607.0,7.75,-7.75,stop,2,0.7027027027027027,0.0,0.2972972972972973,-446.25,-25.96127552859616,2
2024-01-03T10:40:00.000000,2024-01-03T10:41:00.000000,2024,2024-01,10,41,long,16562.75,16560.0,16568.25,2.75,-2.75,stop,1,0.6607142857142857,0.08928571428571429,0.25,-475.25,-53.44987468671752,2
2024-01-04T08:46:00.000000,2024-01-04T08:47:00.000000,2024,2024-01,8,47,long,16467.0,16464.25,16472.5,2.75,-2.75,stop,1,0.9736842105263158,0.02631578947368421,0.0,-270.5,-41.28226668602292,2
2024-01-09T08:43:00.000000,2024-01-09T08:44:00.000000,2024,2024-01,8,44,long,16676.0,16674.0,16680.0,2.0,-2.0,stop,1,0.975,0.0,0.025,-135.25,-37.848018560813216,1
2024-01-11T10:24:00.000000,2024-01-11T10:25:00.000000,2024,2024-01,10,25,long,16804.5,16793.25,16827.0,11.25,-11.25,stop,2,0.7608695652173914,0.043478260869565216,0.1956521739130435,-178.5,-121.4854338672194,1
2024-01-11T10:37:00.000000,2024-01-11T10:38:00.000000,2024,2024-01,10,38,long,16804.5,16791.5,16830.5,13.0,-13.0,stop,1,0.8627450980392157,0.0196078431372549,0.11764705882352941,-178.25,-117.19180912695083,1
2024-01-11T10:44:00.000000,2024-01-11T10:45:00.000000,2024,2024-01,10,45,long,16770.0,16767.25,16775.5,2.75,-2.75,stop,1,0.6666666666666666,0.044444444444444446,0.28888888888888886,-213.25,-148.83896056522644,1
2024-01-11T10:49:00.000000,2024-01-11T10:50:00.000000,2024,2024-01,10,50,long,16806.25,16787.75,16843.25,18.5,-18.5,stop,2,0.7972972972972973,0.0945945945945946,0.10810810810810811,-176.75,-108.257666721438,1
2024-01-17T08:49:00.000000,2024-01-17T08:50:00.000000,2024,2024-01,8,50,long,16729.5,16715.5,16757.5,14.0,-14.0,stop,2,0.9215686274509803,0.0196078431372549,0.058823529411764705,-304.25,-104.10148252539148,2
2024-01-31T08:44:00.000000,2024-01-31T08:45:00.000000,2024,2024-01,8,45,long,17356.0,17353.25,17361.5,2.75,-2.75,stop,1,0.8857142857142857,0.08571428571428572,0.02857142857142857,-379.0,-48.6992345820654,2
2024-01-31T08:48:00.000000,2024-01-31T08:49:00.000000,2024,2024-01,8,49,long,17372.25,17351.5,17413.75,20.75,-20.75,stop,24,0.9342105263157895,0.039473684210526314,0.02631578947368421,-363.75,-30.95937555845012,2
2024-01-31T10:21:00.000000,2024-01-31T10:22:00.000000,2024,2024-01,10,22,long,17347.5,17338.75,17365.0,8.75,-8.75,stop,3,0.896551724137931,0.0,0.10344827586206896,-388.5,-26.3990522023596,1
2024-01-31T10:24:00.000000,2024-01-31T10:25:00.000000,2024,2024-01,10,25,long,17334.5,17331.25,17341.0,3.25,-3.25,stop,1,0.9428571428571428,0.05714285714285714,0.0,-402.0,-39.62095281812435,1
2024-02-13T08:40:00.000000,2024-02-13T08:41:00.000000,2024,2024-02,8,41,long,17649.75,17646.75,17655.75,3.0,-3.0,stop,1,0.6976744186046512,0.09302325581395349,0.20930232558139536,-612.5,-93.08185941535339,1
2024-02-13T08:44:00.000000,2024-02-13T08:45:00.000000,2024,2024-02,8,45,long,17643.0,17639.0,17651.0,4.0,-4.0,stop,1,0.8095238095238095,0.08333333333333333,0.10714285714285714,-619.5,-95.45505198294632,1
2024-02-20T08:47:00.000000,2024-02-20T08:48:00.000000,2024,2024-02,8,48,long,17596.25,17574.0,17640.75,22.25,-22.25,stop,3,0.69,0.11,0.2,-211.5,-64.61402853787513,2
2024-02-21T08:42:00.000000,2024-02-21T08:43:00.000000,2024,2024-02,8,43,long,17476.0,17473.0,17482.0,3.0,-3.0,stop,1,0.7931034482758621,0.06896551724137931,0.13793103448275862,-317.0,-43.65220504286117,2
2024-02-21T08:44:00.000000,2024-02-21T08:45:00.000000,2024,2024-02,8,45,long,17467.25,17455.5,17490.75,11.75,-11.75,stop,3,0.6610169491525424,0.03389830508474576,0.3050847457627119,-325.25,-49.55613466750947,2
2024-02-27T10:42:00.000000,2024-02-27T10:43:00.000000,2024,2024-02,10,43,long,17970.0,17968.0,17974.0,2.0,-2.0,stop,1,0.9696969696969697,0.0,0.030303030303030304,-89.5,-23.915568105829152,1
2024-02-28T08:43:00.000000,2024-02-28T08:44:00.000000,2024,2024-02,8,44,long,17918.25,17914.25,17926.25,4.0,-4.0,stop,2,0.9154929577464789,0.08450704225352113,0.0,-122.5,-25.351771817862755,2
2024-02-28T08:50:00.000000,2024-02-28T08:51:00.000000,2024,2024-02,8,51,long,17887.5,17883.75,17895.0,3.75,-3.75,stop,2,0.8352941176470589,0.08235294117647059,0.08235294117647059,-152.75,-51.29490205298862,2
2024-03-05T08:38:00.000000,2024-03-05T08:39:00.000000,2024,2024-03,8,39,long,18075.25,18061.0,18103.75,14.25,-14.25,stop,5,0.7833333333333333,0.06666666666666667,0.15,-302.0,-66.43629117712044,2
2024-03-05T08:42:00.000000,2024-03-05T08:43:00.000000,2024,2024-03,8,43,long,18065.0,18061.75,18071.5,3.25,-3.25,stop,1,0.8571428571428571,0.11904761904761904,0.023809523809523808,-312.75,-73.23320395413612,2
2024-03-05T08:46:00.000000,2024-03-05T08:47:00.000000,2024,2024-03,8,47,long,18045.75,18040.5,18056.25,5.25,-5.25,stop,1,0.7647058823529411,0.11764705882352941,0.11764705882352941,-332.75,-88.64562080311953,2
2024-03-08T10:15:00.000000,2024-03-08T10:16:00.000000,2024,2024-03,10,16,long,18266.5,18264.25,18271.0,2.25,-2.25,stop,1,0.9587628865979382,0.0,0.041237113402061855,-93.75,-73.63417958117134,2
2024-03-08T10:37:00.000000,2024-03-08T10:38:00.000000,2024,2024-03,10,38,long,18228.0,18211.0,18262.0,17.0,-17.0,stop,1,0.921875,0.0,0.078125,-132.25,-90.52464367953144,3
2024-03-08T10:39:00.000000,2024-03-08T10:40:00.000000,2024,2024-03,10,40,long,18224.0,18199.75,18272.5,24.25,-24.25,stop,7,0.8247422680412371,0.10309278350515463,0.07216494845360824,-135.75,-92.77346454962753,3
2024-03-08T10:47:00.000000,2024-03-08T10:48:00.000000,2024,2024-03,10,48,long,18170.25,18166.75,18177.25,3.5,-3.5,stop,1,0.7473684210526316,0.06315789473684211,0.18947368421052632,-189.75,-141.88897490015006,3
2024-03-15T10:32:00.000000,2024-03-15T10:33:00.000000,2024,2024-03,10,33,long,18067.5,18050.5,18101.5,17.0,-17.0,stop,2,0.8709677419354839,0.0967741935483871,0.03225806451612903,-360.75,-70.76420557791425,1
2024-03-15T10:37:00.000000,2024-03-15T10:38:00.000000,2024,2024-03,10,38,long,18056.5,18046.0,18077.5,10.5,-10.5,stop,6,0.7777777777777778,0.0,0.2222222222222222,-371.5,-80.41518990707482,1
2024-03-22T08:50:00.000000,2024-03-22T08:51:00.000000,2024,2024-03,8,51,long,18508.0,18506.0,18512.0,2.0,-2.0,stop,1,0.9074074074074074,0.018518518518518517,0.07407407407407407,-200.75,-30.627120741835824,1
2024-03-27T08:41:00.000000,2024-03-27T08:42:00.000000,2024,2024-03,8,42,long,18442.75,18431.25,18465.75,11.5,-11.5,stop,1,0.9,0.05,0.05,-176.25,-33.04258650708289,1
2024-03-27T08:45:00.000000,2024-03-27T08:46:00.000000,2024,2024-03,8,46,long,18431.5,18418.25,18458.0,13.25,-13.25,stop,4,0.8431372549019608,0.0392156862745098,0.11764705882352941,-187.5,-43.01029862807263,1
2024-04-01T08:38:00.000000,2024-04-01T08:39:00.000000,2024,2024-04,8,39,long,18506.0,18501.75,18514.5,4.25,-4.25,stop,1,0.7083333333333334,0.1111111111111111,0.18055555555555555,-80.5,-51.15222785485457,1
2024-04-01T08:42:00.000000,2024-04-01T08:43:00.000000,2024,2024-04,8,43,long,18503.0,18492.75,18523.5,10.25,-10.25,stop,6,0.7441860465116279,0.09302325581395349,0.16279069767441862,-82.5,-50.710545166792144,2
2024-04-01T08:50:00.000000,2024-04-01T08:51:00.000000,2024,2024-04,8,51,long,18486.25,18483.75,18491.25,2.5,-2.5,stop,1,0.9487179487179487,0.05128205128205128,0.0,-100.0,-65.52755583836552,1
2024-04-01T10:30:00.000000,2024-04-01T10:31:00.000000,2024,2024-04,10,31,long,18482.0,18472.75,18500.5,9.25,-9.25,stop,7,0.7297297297297297,0.02702702702702703,0.24324324324324326,-104.5,-41.41855810181005,2
2024-04-01T10:49:00.000000,2024-04-01T10:50:00.000000,2024,2024-04,10,50,long,18480.5,18474.5,18492.5,6.0,-6.0,stop,6,0.8333333333333334,0.05555555555555555,0.1111111111111111,-105.75,-41.502531624704716,2
2024-04-08T10:19:00.000000,2024-04-08T10:20:00.000000,2024,2024-04,10,20,long,18282.75,18280.25,18287.75,2.5,-2.5,stop,1,0.7419354838709677,0.03225806451612903,0.22580645161290322,-89.75,-28.200668146357202,1
2024-04-09T08:34:00.000000,2024-04-09T08:35:00.000000,2024,2024-04,8,35,long,18241.0,18236.0,18251.0,5.0,-5.0,stop,2,0.6875,0.09375,0.21875,-135.75,-92.31872972246492,3
2024-04-10T10:28:00.000000,2024-04-10T10:29:00.000000,2024,2024-04,10,29,long,18150.75,18148.0,18156.25,2.75,-2.75,stop,2,0.6785714285714286,0.10714285714285714,0.21428571428571427,-256.5,-25.366500518113753,1
2024-04-12T10:20:00.000000,2024-04-12T10:21:00.000000,2024,2024-04,10,21,long,18213.75,18199.0,18243.25,14.75,-14.75,stop,11,0.9230769230769231,0.07692307692307693,0.0,-304.75,-97.21069895877372,1
2024-04-12T10:32:00.000000,2024-04-12T10:33:00.000000,2024,2024-04,10,33,long,18187.0,18184.0,18193.0,3.0,-3.0,stop,1,0.9347826086956522,0.06521739130434782,0.0,-332.0,-120.90640805238218,1
2024-04-17T08:36:00.000000,2024-04-17T08:37:00.000000,2024,2024-04,8,37,long,17825.75,17823.0,17831.25,2.75,-2.75,stop,1,0.7195121951219512,0.024390243902439025,0.25609756097560976,-162.5,-64.33965677020751,1
2024-04-17T08:50:00.000000,2024-04-17T08:51:00.000000,2024,2024-04,8,51,long,17842.5,17840.0,17847.5,2.5,-2.5,stop,1,0.98,0.0,0.02,-146.0,-44.59583832856515,1
2024-04-19T08:37:00.000000,2024-04-19T08:38:00.000000,2024,2024-04,8,38,long,17353.0,17349.0,17361.0,4.0,-4.0,stop,1,0.8924731182795699,0.07526881720430108,0.03225806451612903,-418.0,-55.06036939218393,1
2024-04-19T10:10:00.000000,2024-04-19T10:11:00.000000,2024,2024-04,10,11,long,17256.75,17253.0,17264.25,3.75,-3.75,stop,1,0.7272727272727273,0.09090909090909091,0.18181818181818182,-514.0,-135.91563985092216,1
2024-04-19T10:16:00.000000,2024-04-19T10:17:00.000000,2024,2024-04,10,17,long,17238.5,17225.5,17264.5,13.0,-13.0,stop,2,0.9111111111111111,0.044444444444444446,0.044444444444444446,-532.5,-150.60310078563634,1
2024-04-25T08:41:00.000000,2024-04-25T08:42:00.000000,2024,2024-04,8,42,long,17365.25,17362.0,17371.75,3.25,-3.25,stop,1,0.7534246575342466,0.0958904109589041,0.1506849315068493,-429.75,-32.69703497700539,2
2024-05-01T10:50:00.000000,2024-05-01T10:51:00.000000,2024,2024-05,10,51,long,17428.0,17425.75,17432.5,2.25,-2.25,stop,1,0.8780487804878049,0.04878048780487805,0.07317073170731707,-492.0,-40.41015882549982,1
2024-05-02T08:41:00.000000,2024-05-02T08:42:00.000000,2024,2024-05,8,42,long,17478.75,17476.0,17484.25,2.75,-2.75,stop,1,0.7285714285714285,0.02857142857142857,0.24285714285714285,-314.75,-45.274318914827745,1
2024-05-30T08:32:00.000000,2024-05-30T08:33:00.000000,2024,2024-05,8,33,long,18700.75,18698.5,18705.25,2.25,-2.25,stop,1,0.9019607843137255,0.0392156862745098,0.058823529411764705,-247.0,-26.301797166390315,2
2024-06-13T10:41:00.000000,2024-06-13T10:42:00.000000,2024,2024-06,10,42,long,19532.75,19530.25,19537.75,2.5,-2.5,stop,1,0.8723404255319149,0.0425531914893617,0.0851063829787234,-79.5,-68.72521443795995,1
2024-06-13T10:46:00.000000,2024-06-13T10:47:00.000000,2024,2024-06,10,47,long,19522.5,19519.5,19528.5,3.0,-3.0,stop,1,0.9215686274509803,0.0392156862745098,0.0392156862745098,-90.25,-78.63554590319836,1
2024-06-18T08:49:00.000000,2024-06-18T08:50:00.000000,2024,2024-06,8,50,long,20168.75,20166.75,20172.75,2.0,-2.0,stop,1,0.975,0.0,0.025,-102.5,-27.59508787899904,1
2024-06-24T08:33:00.000000,2024-06-24T08:34:00.000000,2024,2024-06,8,34,long,19909.0,19906.25,19914.5,2.75,-2.75,stop,1,0.7843137254901961,0.0392156862745098,0.17647058823529413,-117.75,-36.52520040984746,2
2024-06-24T08:42:00.000000,2024-06-24T08:43:00.000000,2024,2024-06,8,43,long,19886.0,19881.5,19895.0,4.5,-4.5,stop,1,0.8809523809523809,0.09523809523809523,0.023809523809523808,-141.0,-57.77618543148492,2
2024-06-24T08:49:00.000000,2024-06-24T08:50:00.000000,2024,2024-06,8,50,long,19827.75,19823.75,19835.75,4.0,-4.0,stop,1,0.8588235294117647,0.11764705882352941,0.023529411764705882,-198.25,-108.68802994046564,3
2024-06-24T10:17:00.000000,2024-06-24T10:18:00.000000,2024,2024-06,10,18,long,19902.0,19886.5,19933.0,15.5,-15.5,stop,24,0.8571428571428571,0.0,0.14285714285714285,-124.5,-23.642304000670265,2
2024-06-24T10:34:00.000000,2024-06-24T10:35:00.000000,2024,2024-06,10,35,long,19903.0,19893.75,19921.5,9.25,-9.25,stop,7,0.78125,0.09375,0.125,-123.75,-22.28262228022504,1
2024-06-24T10:37:00.000000,2024-06-24T10:38:00.000000,2024,2024-06,10,38,long,19899.25,19897.25,19903.25,2.0,-2.0,stop,1,0.8666666666666667,0.06666666666666667,0.06666666666666667,-126.75,-25.17176215580548,1
2024-06-24T10:43:00.000000,2024-06-24T10:44:00.000000,2024,2024-06,10,44,long,19894.0,19880.25,19921.5,13.75,-13.75,stop,1,0.671875,0.0625,0.265625,-132.5,-30.45798097874649,1
2024-06-28T10:45:00.000000,2024-06-28T10:46:00.000000,2024,2024-06,10,46,long,20009.25,20007.0,20013.75,2.25,-2.25,stop,1,0.6888888888888889,0.044444444444444446,0.26666666666666666,-107.25,-116.97359523123669,2
2024-06-28T10:46:00.000000,2024-06-28T10:47:00.000000,2024,2024-06,10,47,long,19997.75,19996.0,20001.25,1.75,-1.75,stop,1,0.8148148148148148,0.018518518518518517,0.16666666666666666,-118.5,-127.77555751063846,2
2024-07-01T08:39:00.000000,2024-07-01T08:40:00.000000,2024,2024-07,8,40,long,19902.0,19899.5,19907.0,2.5,-2.5,stop,1,0.7205882352941176,0.014705882352941176,0.2647058823529412,-82.75,-25.803410265601997,2
2024-07-11T08:33:00.000000,2024-07-11T08:34:00.000000,2024,2024-07,8,34,long,20691.5,20686.75,20701.0,4.75,-4.75,stop,1,0.8018018018018018,0.0990990990990991,0.0990990990990991,-225.25,-148.97497610466598,2
2024-07-11T08:38:00.000000,2024-07-11T08:39:00.000000,2024,2024-07,8,39,long,20690.0,20675.0,20720.0,15.0,-15.0,stop,2,0.7352941176470589,0.04411764705882353,0.22058823529411764,-226.5,-144.82061829600934,1
2024-07-16T08:32:00.000000,2024-07-16T08:33:00.000000,2024,2024-07,8,33,long,20548.75,20531.25,20583.75,17.5,-17.5,stop,1,0.9393939393939394,0.015151515151515152,0.045454545454545456,-248.0,-40.6509676224814,2
2024-07-16T08:44:00.000000,2024-07-16T08:45:00.000000,2024,2024-07,8,45,long,20559.75,20555.5,20568.25,4.25,-4.25,stop,1,0.7121212121212122,0.10606060606060606,0.18181818181818182,-237.75,-27.148661725306738,2
2024-07-16T10:24:00.000000,2024-07-16T10:25:00.000000,2024,2024-07,10,25,long,20493.0,20490.0,20499.0,3.0,-3.0,stop,1,0.8333333333333334,0.018518518518518517,0.14814814814814814,-304.75,-81.7089715009497,2
2024-07-16T10:32:00.000000,2024-07-16T10:33:00.000000,2024,2024-07,10,33,long,20473.0,20470.75,20477.5,2.25,-2.25,stop,1,0.9433962264150944,0.05660377358490566,0.0,-323.5,-98.67995216451163,2
2024-07-16T10:35:00.000000,2024-07-16T10:36:00.000000,2024,2024-07,10,36,long,20488.25,20472.75,20519.25,15.5,-15.5,stop,9,0.9107142857142857,0.05357142857142857,0.03571428571428571,-308.75,-83.25313510903288,2
2024-07-16T10:37:00.000000,2024-07-16T10:38:00.000000,2024,2024-07,10,38,long,20508.5,20485.0,20555.5,23.5,-23.5,stop,7,0.7272727272727273,0.045454545454545456,0.22727272727272727,-288.75,-62.61611559251469,2
2024-07-16T10:43:00.000000,2024-07-16T10:44:00.000000,2024,2024-07,10,44,long,20486.5,20483.75,20492.0,2.75,-2.75,stop,1,0.7222222222222222,0.037037037037037035,0.24074074074074073,-310.75,-83.44778106153535,2
2024-07-18T08:30:00.000000,2024-07-18T08:31:00.000000,2024,2024-07,8,31,long,20026.5,20023.75,20032.0,2.75,-2.75,stop,1,0.9318181818181818,0.022727272727272728,0.045454545454545456,-564.0,-57.65056362204996,1
2024-07-18T08:40:00.000000,2024-07-18T08:41:00.000000,2024,2024-07,8,41,long,19925.5,19920.75,19935.0,4.75,-4.75,stop,1,0.8771929824561403,0.10526315789473684,0.017543859649122806,-664.5,-142.65070756321074,1
2024-07-18T08:41:00.000000,2024-07-18T08:42:00.000000,2024,2024-07,8,42,long,19909.25,19905.0,19917.75,4.25,-4.25,stop,1,0.881578947368421,0.09210526315789473,0.02631578947368421,-681.5,-157.13800853290377,1
2024-07-19T08:37:00.000000,2024-07-19T08:38:00.000000,2024,2024-07,8,38,long,19804.5,19785.5,19842.5,19.0,-19.0,stop,5,0.6914893617021277,0.010638297872340425,0.2978723404255319,-358.5,-75.01415805869692,1
2024-07-19T08:38:00.000000,2024-07-19T08:39:00.000000,2024,2024-07,8,39,long,19823.0,19800.5,19868.0,22.5,-22.5,stop,2,0.7849462365591398,0.08602150537634409,0.12903225806451613,-339.75,-55.79213410073862,1
2024-07-19T08:41:00.000000,2024-07-19T08:42:00.000000,2024,2024-07,8,42,long,19787.25,19784.0,19793.75,3.25,-3.25,stop,1,0.8532110091743119,0.03669724770642202,0.11009174311926606,-375.5,-90.34734180937085,1
2024-07-19T10:14:00.000000,2024-07-19T10:15:00.000000,2024,2024-07,10,15,long,19801.5,19790.0,19824.5,11.5,-11.5,stop,3,0.6730769230769231,0.07692307692307693,0.25,-360.75,-46.98244903389423,3
2024-07-19T10:40:00.000000,2024-07-19T10:41:00.000000,2024,2024-07,10,41,long,19724.75,19702.5,19769.25,22.25,-22.25,stop,6,0.7448979591836735,0.07142857142857142,0.1836734693877551,-438.0,-116.10031010328021,3
2024-07-23T10:49:00.000000,2024-07-23T10:50:00.000000,2024,2024-07,10,50,long,19964.75,19962.25,19969.75,2.5,-2.5,stop,1,0.7777777777777778,0.08888888888888889,0.13333333333333333,-79.5,-23.776825601107703,2
2024-07-25T08:37:00.000000,2024-07-25T08:38:00.000000,2024,2024-07,8,38,long,19083.0,19080.75,19087.5,2.25,-2.25,stop,1,0.6617647058823529,0.03676470588235294,0.3014705882352941,-754.25,-37.30077030085158,1
2024-07-26T08:31:00.000000,2024-07-26T08:32:00.000000,2024,2024-07,8,32,long,19076.25,19073.5,19081.75,2.75,-2.75,stop,1,0.7583333333333333,0.016666666666666666,0.225,-314.5,-50.945010784766055,2
2024-07-26T08:42:00.000000,2024-07-26T08:43:00.000000,2024,2024-07,8,43,long,19094.0,19072.0,19138.0,22.0,-22.0,stop,2,0.7894736842105263,0.07368421052631578,0.1368421052631579,-296.0,-29.300831873904826,2
2024-07-26T08:44:00.000000,2024-07-26T08:45:00.000000,2024,2024-07,8,45,long,19070.0,19067.5,19075.0,2.5,-2.5,stop,1,0.9746835443037974,0.0,0.02531645569620253,-321.0,-53.8929424594935,2
2024-07-30T08:35:00.000000,2024-07-30T08:36:00.000000,2024,2024-07,8,36,long,19128.5,19126.25,19133.0,2.25,-2.25,stop,1,0.7456140350877193,0.02631578947368421,0.22807017543859648,-248.25,-91.8845633921992,3
2024-07-30T08:36:00.000000,2024-07-30T08:37:00.000000,2024,2024-07,8,37,long,19116.25,19113.75,19121.25,2.5,-2.5,stop,1,0.6666666666666666,0.013333333333333334,0.32,-261.25,-103.70211493999886,3
2024-07-30T08:44:00.000000,2024-07-30T08:45:00.000000,2024,2024-07,8,45,long,19137.75,19122.25,19168.75,15.5,-15.5,stop,8,0.95,0.0,0.05,-238.75,-75.39977448692662,4
2024-07-30T08:50:00.000000,2024-07-30T08:51:00.000000,2024,2024-07,8,51,long,19152.0,19127.25,19201.5,24.75,-24.75,stop,2,0.9285714285714286,0.0,0.07142857142857142,-225.25,-59.22772837782759,3
2024-08-01T08:35:00.000000,2024-08-01T08:36:00.000000,2024,2024-08,8,36,long,19437.5,19431.75,19449.0,5.75,-5.75,stop,1,0.832,0.112,0.056,-210.75,-146.1438066335504,2
2024-08-01T08:36:00.000000,2024-08-01T08:37:00.000000,2024,2024-08,8,37,long,19412.5,19407.0,19423.5,5.5,-5.5,stop,1,0.7890625,0.1015625,0.109375,-235.75,-169.9326875847437,2
2024-08-01T08:42:00.000000,2024-08-01T08:43:00.000000,2024,2024-08,8,43,long,19409.25,19406.25,19415.25,3.0,-3.0,stop,1,0.7088607594936709,0.0379746835443038,0.25316455696202533,-239.0,-168.4005099933056,2
2024-08-14T10:46:00.000000,2024-08-14T10:47:00.000000,2024,2024-08,10,47,long,19045.25,19034.75,19066.25,10.5,-10.5,stop,1,0.8717948717948718,0.02564102564102564,0.10256410256410256,-82.5,-33.77551807308919,2
2024-08-20T08:36:00.000000,2024-08-20T08:37:00.000000,2024,2024-08,8,37,long,19786.0,19782.25,19793.5,3.75,-3.75,stop,1,0.8620689655172413,0.09195402298850575,0.04597701149425287,-96.75,-75.989510550673,4
2024-08-20T08:38:00.000000,2024-08-20T08:39:00.000000,2024,2024-08,8,39,long,19765.0,19761.5,19772.0,3.5,-3.5,stop,1,0.7692307692307693,0.05128205128205128,0.1794871794871795,-118.5,-95.5036498752088,4
2024-08-20T08:40:00.000000,2024-08-20T08:41:00.000000,2024,2024-08,8,41,long,19785.0,19760.5,19834.0,24.5,-24.5,stop,2,0.9,0.01,0.09,-97.75,-72.88368711834846,4
2024-08-20T08:41:00.000000,2024-08-20T08:42:00.000000,2024,2024-08,8,42,long,19768.5,19762.75,19780.0,5.75,-5.75,stop,1,0.8620689655172413,0.06896551724137931,0.06896551724137931,-116.75,-91.07960553983139,3
2024-08-22T08:34:00.000000,2024-08-22T08:35:00.000000,2024,2024-08,8,35,long,19894.75,19875.5,19933.25,19.25,-19.25,stop,13,0.958904109589041,0.0136986301369863,0.0273972602739726,-86.5,-52.81773927811082,3
2024-08-22T08:46:00.000000,2024-08-22T08:47:00.000000,2024,2024-08,8,47,long,19881.0,19876.5,19890.0,4.5,-4.5,stop,1,0.8,0.09473684210526316,0.10526315789473684,-101.0,-64.43747583289951,2
2024-08-22T08:50:00.000000,2024-08-22T08:51:00.000000,2024,2024-08,8,51,long,19881.5,19859.75,19925.0,21.75,-21.75,stop,20,0.8604651162790697,0.11627906976744186,0.023255813953488372,-99.0,-60.35639904389609,3
2024-08-22T10:26:00.000000,2024-08-22T10:27:00.000000,2024,2024-08,10,27,long,19811.25,19787.5,19858.75,23.75,-23.75,stop,23,0.8842105263157894,0.05263157894736842,0.06315789473684211,-170.0,-66.19695734180277,1
2024-08-22T10:35:00.000000,2024-08-22T10:36:00.000000,2024,2024-08,10,36,long,19823.5,19811.25,19848.0,12.25,-12.25,stop,5,0.8837209302325582,0.023255813953488372,0.09302325581395349,-158.75,-53.14773015103856,1
2024-08-23T10:25:00.000000,2024-08-23T10:26:00.000000,2024,2024-08,10,26,long,19650.5,19649.0,19653.5,1.5,-1.5,stop,1,0.847457627118644,0.01694915254237288,0.13559322033898305,-374.0,-104.16654161691258,2
2024-08-23T10:34:00.000000,2024-08-23T10:35:00.000000,2024,2024-08,10,35,long,19681.5,19665.5,19713.5,16.0,-16.0,stop,7,0.7066666666666667,0.02666666666666667,0.26666666666666666,-344.0,-71.9639691308912,1
2024-08-26T08:37:00.000000,2024-08-26T08:38:00.000000,2024,2024-08,8,38,long,19537.25,19534.5,19542.75,2.75,-2.75,stop,1,0.8924731182795699,0.053763440860215055,0.053763440860215055,-294.75,-185.9996060528174,1
2024-08-26T10:30:00.000000,2024-08-26T10:31:00.000000,2024,2024-08,10,31,long,19628.5,19613.75,19658.0,14.75,-14.75,stop,23,0.7272727272727273,0.015151515151515152,0.25757575757575757,-204.5,-40.51595569010533,1
2024-08-30T10:11:00.000000,2024-08-30T10:12:00.000000,2024,2024-08,10,12,long,19463.75,19460.75,19469.75,3.0,-3.0,stop,1,0.8518518518518519,0.1111111111111111,0.037037037037037035,-229.25,-56.46262606183154,2
2024-08-30T10:27:00.000000,2024-08-30T10:28:00.000000,2024,2024-08,10,28,long,19432.0,19429.0,19438.0,3.0,-3.0,stop,1,0.8596491228070176,0.07017543859649122,0.07017543859649122,-261.5,-86.69415727437081,2
2024-09-05T10:40:00.000000,2024-09-05T10:41:00.000000,2024,2024-09,10,41,long,18946.0,18932.5,18973.0,13.5,-13.5,stop,7,0.8823529411764706,0.0,0.11764705882352941,-169.0,-24.969030227599433,2
2024-09-06T08:40:00.000000,2024-09-06T08:41:00.000000,2024,2024-09,8,41,long,18587.25,18583.25,18595.25,4.0,-4.0,stop,2,0.9328358208955224,0.04477611940298507,0.022388059701492536,-563.75,-212.78213353959654,1
2024-09-06T08:42:00.000000,2024-09-06T08:43:00.000000,2024,2024-09,8,43,long,18562.75,18559.25,18569.75,3.5,-3.5,stop,1,0.7983193277310925,0.05042016806722689,0.15126050420168066,-587.75,-233.37631768761275,1
2024-09-06T08:49:00.000000,2024-09-06T08:50:00.000000,2024,2024-09,8,50,long,18540.25,18536.0,18548.75,4.25,-4.25,stop,1,0.6813186813186813,0.06593406593406594,0.25274725274725274,-611.0,-247.56383159292454,1
2024-09-11T08:49:00.000000,2024-09-11T08:50:00.000000,2024,2024-09,8,50,long,18568.0,18565.0,18574.0,3.0,-3.0,stop,1,0.703125,0.109375,0.1875,-309.75,-202.434221897518,1
2024-09-20T08:30:00.000000,2024-09-20T08:31:00.000000,2024,2024-09,8,31,long,19989.25,19986.0,19995.75,3.25,-3.25,stop,1,0.7419354838709677,0.08064516129032258,0.1774193548387097,-213.75,-40.53515406880615,2
2024-09-20T08:35:00.000000,2024-09-20T08:36:00.000000,2024,2024-09,8,36,long,19977.75,19975.25,19982.75,2.5,-2.5,stop,1,0.85,0.1,0.05,-224.25,-49.44181160218068,3
2024-09-20T08:37:00.000000,2024-09-20T08:38:00.000000,2024,2024-09,8,38,long,20002.75,19983.75,20040.75,19.0,-19.0,stop,5,0.8552631578947368,0.013157894736842105,0.13157894736842105,-200.75,-25.447185601129604,3
2024-09-20T08:40:00.000000,2024-09-20T08:41:00.000000,2024,2024-09,8,41,long,20001.25,19997.75,20008.25,3.5,-3.5,stop,1,0.9444444444444444,0.05555555555555555,0.0,-202.75,-27.03541835299984,2
2024-09-20T08:41:00.000000,2024-09-20T08:42:00.000000,2024,2024-09,8,42,long,19987.75,19984.5,19994.25,3.25,-3.25,stop,1,0.8833333333333333,0.1,0.016666666666666666,-215.0,-39.07877018916406,2
2024-09-24T08:31:00.000000,2024-09-24T08:32:00.000000,2024,2024-09,8,32,long,20005.75,19981.0,20055.25,24.75,-24.75,stop,5,0.7758620689655172,0.0,0.22413793103448276,-158.5,-73.27243165937398,1
2024-09-24T08:39:00.000000,2024-09-24T08:40:00.000000,2024,2024-09,8,40,long,19971.0,19968.25,19976.5,2.75,-2.75,stop,1,0.9058823529411765,0.07058823529411765,0.023529411764705882,-192.25,-102.49637953412093,1
2024-10-01T08:35:00.000000,2024-10-01T08:36:00.000000,2024,2024-10,8,36,long,19888.0,19883.75,19896.5,4.25,-4.25,stop,1,0.7142857142857143,0.1,0.18571428571428572,-399.5,-213.94554698644788,1
2024-10-15T08:35:00.000000,2024-10-15T08:36:00.000000,2024,2024-10,8,36,long,20423.5,20420.5,20429.5,3.0,-3.0,stop,1,0.6796116504854369,0.06796116504854369,0.2524271844660194,-255.75,-163.51554434342324,2
2024-10-15T08:37:00.000000,2024-10-15T08:38:00.000000,2024,2024-10,8,38,long,20376.75,20372.5,20385.25,4.25,-4.25,stop,1,0.723404255319149,0.07801418439716312,0.19858156028368795,-302.75,-202.16194027470556,1
2024-10-15T08:39:00.000000,2024-10-15T08:40:00.000000,2024,2024-10,8,40,long,20371.75,20369.25,20376.75,2.5,-2.5,stop,1,0.95,0.05,0.0,-307.5,-201.1702182804729,2
2024-10-15T08:40:00.000000,2024-10-15T08:41:00.000000,2024,2024-10,8,41,long,20335.25,20331.5,20342.75,3.75,-3.75,stop,1,0.8834355828220859,0.05521472392638037,0.06134969325153374,-344.25,-231.89437805717898,2
2024-10-21T08:44:00.000000,2024-10-21T08:45:00.000000,2024,2024-10,8,45,long,20435.0,20432.25,20440.5,2.75,-2.75,stop,1,0.9655172413793104,0.034482758620689655,0.0,-89.0,-30.507373109197943,5
2024-10-21T08:47:00.000000,2024-10-21T08:48:00.000000,2024,2024-10,8,48,long,20423.0,20414.25,20440.5,8.75,-8.75,stop,3,0.7045454545454546,0.06818181818181818,0.22727272727272727,-99.0,-37.38945876670914,6
2024-10-23T10:27:00.000000,2024-10-23T10:28:00.000000,2024,2024-10,10,28,long,20263.75,20261.0,20269.25,2.75,-2.75,stop,2,0.890625,0.046875,0.0625,-338.5,-137.30710640443067,1
2024-10-30T10:36:00.000000,2024-10-30T10:37:00.000000,2024,2024-10,10,37,long,20643.0,20641.25,20646.5,1.75,-1.75,stop,1,0.8863636363636364,0.0,0.11363636363636363,-119.75,-21.548928863503534,1
2024-10-31T08:46:00.000000,2024-10-31T08:47:00.000000,2024,2024-10,8,47,long,20108.25,20106.0,20112.75,2.25,-2.25,stop,1,0.8571428571428571,0.03296703296703297,0.10989010989010989,-679.75,-155.4073473091521,1
2024-11-04T08:33:00.000000,2024-11-04T08:34:00.000000,2024,2024-11,8,34,long,20074.5,20072.75,20078.0,1.75,-1.75,stop,1,0.8450704225352113,0.014084507042253521,0.14084507042253522,-213.0,-84.08812160777597,2
2024-11-04T10:39:00.000000,2024-11-04T10:40:00.000000,2024,2024-11,10,40,long,20125.0,20122.5,20130.0,2.5,-2.5,stop,1,0.9722222222222222,0.027777777777777776,0.0,-163.25,-24.406359789347334,1
2024-11-04T10:44:00.000000,2024-11-04T10:45:00.000000,2024,2024-11,10,45,long,20108.0,20093.5,20137.0,14.5,-14.5,stop,2,0.8113207547169812,0.11320754716981132,0.07547169811320754,-180.25,-40.317784068527544,2
2024-11-12T10:12:00.000000,2024-11-12T10:13:00.000000,2024,2024-11,10,13,long,21175.5,21173.25,21180.0,2.25,-2.25,stop,1,0.7843137254901961,0.0784313725490196,0.13725490196078433,-164.5,-31.498718043007102,2
2024-11-12T10:23:00.000000,2024-11-12T10:24:00.000000,2024,2024-11,10,24,long,21176.25,21173.25,21182.25,3.0,-3.0,stop,1,0.8214285714285714,0.07142857142857142,0.10714285714285714,-164.5,-30.55733902684733,2
2024-11-12T10:26:00.000000,2024-11-12T10:27:00.000000,2024,2024-11,10,27,long,21184.25,21168.5,21215.75,15.75,-15.75,stop,11,0.9649122807017544,0.03508771929824561,0.0,-156.0,-21.709760496461968,2
2024-11-13T08:49:00.000000,2024-11-13T08:50:00.000000,2024,2024-11,8,50,long,21130.75,21126.0,21140.25,4.75,-4.75,stop,1,0.8157894736842105,0.11842105263157894,0.06578947368421052,-121.5,-32.55035498241705,2
2024-11-14T08:42:00.000000,2024-11-14T08:43:00.000000,2024,2024-11,8,43,long,21111.25,21094.5,21144.75,16.75,-16.75,stop,1,0.8095238095238095,0.1111111111111111,0.07936507936507936,-157.5,-33.365228791270056,1
2024-11-14T10:14:00.000000,2024-11-14T10:15:00.000000,2024,2024-11,10,15,long,21097.75,21095.25,21102.75,2.5,-2.5,stop,1,0.7777777777777778,0.044444444444444446,0.17777777777777778,-170.75,-21.231857314771332,2
2024-11-14T10:18:00.000000,2024-11-14T10:19:00.000000,2024,2024-11,10,19,long,21093.25,21091.0,21097.75,2.25,-2.25,stop,1,0.7368421052631579,0.0,0.2631578947368421,-175.5,-25.806140956457966,2
2024-11-15T08:34:00.000000,2024-11-15T08:35:00.000000,2024,2024-11,8,35,long,20733.0,20731.25,20736.5,1.75,-1.75,stop,1,0.8933333333333333,0.0,0.10666666666666667,-457.0,-99.19461507325104,2
2024-11-15T08:35:00.000000,2024-11-15T08:36:00.000000,2024,2024-11,8,36,long,20715.75,20712.0,20723.25,3.75,-3.75,stop,1,0.8860759493670886,0.0759493670886076,0.0379746835443038,-474.75,-113.81512153485528,2
2024-11-15T08:40:00.000000,2024-11-15T08:41:00.000000,2024,2024-11,8,41,long,20720.75,20696.5,20769.25,24.25,-24.25,stop,3,0.8958333333333334,0.041666666666666664,0.0625,-469.25,-99.01787115542902,2
2024-11-15T08:42:00.000000,2024-11-15T08:43:00.000000,2024,2024-11,8,43,long,20699.75,20697.25,20704.75,2.5,-2.5,stop,1,0.8450704225352113,0.0,0.15492957746478872,-491.0,-117.2497574300578,2
2024-11-20T08:35:00.000000,2024-11-20T08:36:00.000000,2024,2024-11,8,36,long,20705.0,20703.25,20708.5,1.75,-1.75,stop,1,0.9210526315789473,0.0,0.07894736842105263,-87.25,-82.70594433893348,3
2024-11-20T08:46:00.000000,2024-11-20T08:47:00.000000,2024,2024-11,8,47,long,20663.25,20641.25,20707.25,22.0,-22.0,stop,4,0.797752808988764,0.07865168539325842,0.12359550561797752,-129.75,-102.07087993839741,3
2024-11-22T10:25:00.000000,2024-11-22T10:26:00.000000,2024,2024-11,10,26,long,20761.0,20757.25,20768.5,3.75,-3.75,stop,1,0.8333333333333334,0.07692307692307693,0.08974358974358974,-145.0,-32.9158302076612,5
2024-11-22T10:27:00.000000,2024-11-22T10:28:00.000000,2024,2024-11,10,28,long,20761.75,20750.5,20784.25,11.25,-11.25,stop,6,0.7446808510638298,0.02127659574468085,0.23404255319148937,-144.25,-31.90335069644061,5
2024-11-22T10:43:00.000000,2024-11-22T10:44:00.000000,2024,2024-11,10,44,long,20763.75,20761.5,20768.25,2.25,-2.25,stop,1,0.7733333333333333,0.0,0.22666666666666666,-142.25,-29.027939759798755,2
2024-11-22T10:45:00.000000,2024-11-22T10:46:00.000000,2024,2024-11,10,46,long,20768.0,20755.5,20793.0,12.5,-12.5,stop,1,0.6875,0.10416666666666667,0.20833333333333334,-138.75,-25.344816591947165,2
2024-11-27T08:46:00.000000,2024-11-27T08:47:00.000000,2024,2024-11,8,47,long,20892.0,20872.75,20930.5,19.25,-19.25,stop,5,0.8148148148148148,0.04938271604938271,0.13580246913580246,-132.5,-38.2943031828363,1
2024-12-10T10:12:00.000000,2024-12-10T10:13:00.000000,2024,2024-12,10,13,long,21496.5,21481.0,21527.5,15.5,-15.5,stop,16,0.828125,0.046875,0.125,-209.25,-34.95942133726567,4
2024-12-10T10:18:00.000000,2024-12-10T10:19:00.000000,2024,2024-12,10,19,long,21500.25,21489.75,21521.25,10.5,-10.5,stop,8,0.7021276595744681,0.0425531914893617,0.2553191489361702,-205.75,-30.69748130467633,4
2024-12-10T10:22:00.000000,2024-12-10T10:23:00.000000,2024,2024-12,10,23,long,21505.25,21503.0,21509.75,2.25,-2.25,stop,2,0.8333333333333334,0.08333333333333333,0.08333333333333333,-200.75,-25.3212976742725,2
2024-12-10T10:25:00.000000,2024-12-10T10:26:00.000000,2024,2024-12,10,26,long,21509.0,21491.0,21545.0,18.0,-18.0,stop,1,0.953125,0.0,0.046875,-198.0,-22.249237628839182,2
2024-12-10T10:31:00.000000,2024-12-10T10:32:00.000000,2024,2024-12,10,32,long,21468.0,21466.0,21472.0,2.0,-2.0,stop,1,0.8863636363636364,0.022727272727272728,0.09090909090909091,-238.0,-60.527253416963504,2
2024-12-10T10:50:00.000000,2024-12-10T10:51:00.000000,2024,2024-12,10,51,long,21474.25,21464.0,21494.75,10.25,-10.25,stop,4,0.8611111111111112,0.08333333333333333,0.05555555555555555,-231.75,-48.61727527360563,2
2024-12-12T08:34:00.000000,2024-12-12T08:35:00.000000,2024,2024-12,8,35,long,21677.25,21659.25,21713.25,18.0,-18.0,stop,2,0.7887323943661971,0.11267605633802817,0.09859154929577464,-142.75,-30.498697853283375,1
2024-12-13T10:26:00.000000,2024-12-13T10:27:00.000000,2024,2024-12,10,27,long,21689.75,21686.5,21696.25,3.25,-3.25,stop,1,0.9032258064516129,0.043010752688172046,0.053763440860215055,-83.0,-101.89011798495994,2
2024-12-18T10:17:00.000000,2024-12-18T10:18:00.000000,2024,2024-12,10,18,long,22273.75,22269.5,22282.25,4.25,-4.25,stop,1,0.8787878787878788,0.10606060606060606,0.015151515151515152,-152.5,-27.378933286130632,1
2024-12-18T10:21:00.000000,2024-12-18T10:22:00.000000,2024,2024-12,10,22,long,22253.0,22250.25,22258.5,2.75,-2.75,stop,1,0.6666666666666666,0.044444444444444446,0.28888888888888886,-173.0,-47.08764643905306,1
2024-12-19T10:17:00.000000,2024-12-19T10:18:00.000000,2024,2024-12,10,18,long,21511.75,21498.75,21537.75,13.0,-13.0,stop,1,0.7301587301587301,0.0,0.2698412698412698,-875.5,-59.74639263993595,1
2024-12-23T08:47:00.000000,2024-12-23T08:48:00.000000,2024,2024-12,8,48,long,21612.5,21590.0,21657.5,22.5,-22.5,stop,1,0.7647058823529411,0.0392156862745098,0.19607843137254902,-199.75,-32.14103866228834,1
2024-12-27T08:44:00.000000,2024-12-27T08:45:00.000000,2024,2024-12,8,45,long,21681.75,21679.75,21685.75,2.0,-2.0,stop,1,0.9770114942528736,0.022988505747126436,0.0,-429.0,-169.4629517259964,2
2024-12-30T10:23:00.000000,2024-12-30T10:24:00.000000,2024,2024-12,10,24,long,21385.0,21382.0,21391.0,3.0,-3.0,stop,1,0.7547169811320755,0.09433962264150944,0.1509433962264151,-622.75,-27.099850324386352,1
2025-01-07T10:20:00.000000,2025-01-07T10:21:00.000000,2025,2025-01,10,21,long,21533.25,21517.75,21564.25,15.5,-15.5,stop,2,0.765625,0.09375,0.140625,-363.25,-96.38950362671312,1
2025-01-07T10:41:00.000000,2025-01-07T10:42:00.000000,2025,2025-01,10,42,long,21516.75,21513.0,21524.25,3.75,-3.75,stop,1,0.8125,0.05625,0.13125,-379.5,-103.99648179841824,1
2025-01-07T10:43:00.000000,2025-01-07T10:44:00.000000,2025,2025-01,10,44,long,21516.5,21513.0,21523.5,3.5,-3.5,stop,1,0.6896551724137931,0.05172413793103448,0.25862068965517243,-381.0,-105.0233940813232,1
2025-01-07T10:48:00.000000,2025-01-07T10:49:00.000000,2025,2025-01,10,49,long,21506.75,21504.0,21512.25,2.75,-2.75,stop,1,0.8404255319148937,0.0425531914893617,0.11702127659574468,-389.75,-112.57270270200388,1
2025-01-10T08:47:00.000000,2025-01-10T08:48:00.000000,2025,2025-01,8,48,long,21037.25,21032.0,21047.75,5.25,-5.25,stop,1,0.7272727272727273,0.09848484848484848,0.17424242424242425,-310.0,-154.34820407434017,1
2025-01-13T08:45:00.000000,2025-01-13T08:46:00.000000,2025,2025-01,8,46,long,20748.75,20746.25,20753.75,2.5,-2.5,stop,1,0.9618320610687023,0.030534351145038167,0.007633587786259542,-623.25,-54.78534971740373,1
2025-01-13T10:22:00.000000,2025-01-13T10:23:00.000000,2025,2025-01,10,23,long,20774.0,20753.75,20814.5,20.25,-20.25,stop,2,0.8888888888888888,0.1111111111111111,0.0,-598.75,-25.673050275072455,1
2025-01-13T10:37:00.000000,2025-01-13T10:38:00.000000,2025,2025-01,10,38,long,20769.25,20766.25,20775.25,3.0,-3.0,stop,1,0.9056603773584906,0.09433962264150944,0.0,-603.0,-28.688916876573785,1
2025-01-14T10:30:00.000000,2025-01-14T10:31:00.000000,2025,2025-01,10,31,long,20919.75,20900.25,20958.75,19.5,-19.5,stop,6,0.7252747252747253,0.08791208791208792,0.18681318681318682,-116.25,-106.12895453047167,2
2025-01-14T10:39:00.000000,2025-01-14T10:40:00.000000,2025,2025-01,10,40,long,20891.0,20878.0,20917.0,13.0,-13.0,stop,2,0.6666666666666666,0.09259259259259259,0.24074074074074073,-146.75,-133.67575061324897,2
2025-01-14T10:43:00.000000,2025-01-14T10:44:00.000000,2025,2025-01,10,44,long,20847.5,20843.25,20856.0,4.25,-4.25,stop,1,0.7160493827160493,0.07407407407407407,0.20987654320987653,-190.25,-174.15086477923614,2
2025-01-14T10:46:00.000000,2025-01-14T10:47:00.000000,2025,2025-01,10,47,long,20858.25,20840.5,20893.75,17.75,-17.75,stop,8,0.9142857142857143,0.014285714285714285,0.07142857142857142,-178.25,-160.33036863296002,2
2025-01-16T10:49:00.000000,2025-01-16T10:50:00.000000,2025,2025-01,10,50,long,21370.75,21357.5,21397.25,13.25,-13.25,stop,2,0.9318181818181818,0.06818181818181818,0.0,-82.25,-53.57463690806253,3
2025-01-28T08:47:00.000000,2025-01-28T08:48:00.000000,2025,2025-01,8,48,long,21165.25,21161.75,21172.25,3.5,-3.5,stop,1,0.7613636363636364,0.09090909090909091,0.14772727272727273,-605.25,-128.49588385717288,3
2025-01-30T10:29:00.000000,2025-01-30T10:30:00.000000,2025,2025-01,10,30,long,21549.75,21531.75,21585.75,18.0,-18.0,stop,5,0.9411764705882353,0.029411764705882353,0.029411764705882353,-146.75,-50.56341881303524,1
2025-02-07T10:32:00.000000,2025-02-07T10:33:00.000000,2025,2025-02,10,33,long,21657.0,21654.0,21663.0,3.0,-3.0,stop,1,0.7142857142857143,0.06593406593406594,0.21978021978021978,-224.75,-136.5176229458557,1
2025-02-07T10:40:00.000000,2025-02-07T10:41:00.000000,2025,2025-02,10,41,long,21671.25,21649.75,21714.25,21.5,-21.5,stop,3,0.7894736842105263,0.06315789473684211,0.14736842105263157,-210.25,-118.88156723523934,1
2025-02-07T10:47:00.000000,2025-02-07T10:48:00.000000,2025,2025-02,10,48,long,21646.0,21621.0,21696.0,25.0,-25.0,stop,4,0.7327586206896551,0.07758620689655173,0.1896551724137931,-235.75,-140.47518173557546,1
2025-02-18T08:48:00.000000,2025-02-18T08:49:00.000000,2025,2025-02,8,49,long,22189.25,22173.25,22221.25,16.0,-16.0,stop,2,0.6891891891891891,0.05405405405405406,0.25675675675675674,-92.75,-71.70332035053434,6
2025-02-18T10:31:00.000000,2025-02-18T10:32:00.000000,2025,2025-02,10,32,long,22184.0,22181.5,22189.0,2.5,-2.5,stop,1,0.7796610169491526,0.01694915254237288,0.2033898305084746,-98.0,-35.564400906619994,2
2025-02-27T10:24:00.000000,2025-02-27T10:25:00.000000,2025,2025-02,10,25,long,21128.75,21125.0,21136.25,3.75,-3.75,stop,1,0.7333333333333333,0.1,0.16666666666666666,-280.0,-34.76611625352234,2
2025-02-27T10:46:00.000000,2025-02-27T10:47:00.000000,2025,2025-02,10,47,long,21079.0,21063.5,21110.0,15.5,-15.5,stop,2,0.8448275862068966,0.08620689655172414,0.06896551724137931,-330.25,-80.49109582772144,1
2025-03-04T08:42:00.000000,2025-03-04T08:43:00.000000,2025,2025-03,8,43,long,20277.5,20275.25,20282.0,2.25,-2.25,stop,1,0.9192307692307692,0.023076923076923078,0.057692307692307696,-842.25,-132.219096440258,4
2025-03-04T08:49:00.000000,2025-03-04T08:50:00.000000,2025,2025-03,8,50,long,20327.0,20319.25,20342.5,7.75,-7.75,stop,1,0.8326530612244898,0.08571428571428572,0.08163265306122448,-794.5,-79.32056893200934,4
2025-03-05T08:49:00.000000,2025-03-05T08:50:00.000000,2025,2025-03,8,50,long,20349.25,20346.25,20355.25,3.0,-3.0,stop,1,0.743421052631579,0.039473684210526314,0.21710526315789475,-382.75,-128.95019884397698,3
2025-03-05T10:10:00.000000,2025-03-05T10:11:00.000000,2025,2025-03,10,11,long,20308.0,20301.5,20321.0,6.5,-6.5,stop,1,0.6875,0.11607142857142858,0.19642857142857142,-425.75,-130.11632530136922,2
2025-03-06T08:43:00.000000,2025-03-06T08:44:00.000000,2025,2025-03,8,44,long,20259.0,20253.25,20270.5,5.75,-5.75,stop,1,0.8238341968911918,0.07253886010362694,0.10362694300518134,-466.25,-147.01295743498486,2
2025-03-07T10:15:00.000000,2025-03-07T10:16:00.000000,2025,2025-03,10,16,long,19961.75,19955.5,19974.25,6.25,-6.25,stop,1,0.676056338028169,0.1056338028169014,0.21830985915492956,-686.25,-137.74089482371346,2
2025-03-07T10:24:00.000000,2025-03-07T10:25:00.000000,2025,2025-03,10,25,long,19909.75,19906.0,19917.25,3.75,-3.75,stop,1,0.76,0.12,0.12,-736.5,-182.89270037250026,2
2025-03-07T10:25:00.000000,2025-03-07T10:26:00.000000,2025,2025-03,10,26,long,19883.5,19878.75,19893.0,4.75,-4.75,stop,1,0.7299270072992701,0.11678832116788321,0.15328467153284672,-762.75,-207.55587068893146,1
2025-03-07T10:28:00.000000,2025-03-07T10:29:00.000000,2025,2025-03,10,29,long,19863.75,19859.25,19872.75,4.5,-4.5,stop,1,0.7266187050359713,0.07913669064748201,0.19424460431654678,-783.5,-224.8908028550759,1
2025-03-10T08:44:00.000000,2025-03-10T08:45:00.000000,2025,2025-03,8,45,long,19620.0,19618.0,19624.0,2.0,-2.0,stop,1,0.8507462686567164,0.0,0.14925373134328357,-527.0,-253.49926154719287,1
2025-03-11T10:30:00.000000,2025-03-11T10:31:00.000000,2025,2025-03,10,31,long,19402.25,19383.25,19440.25,19.0,-19.0,stop,2,0.7078651685393258,0.056179775280898875,0.23595505617977527,-754.25,-37.122143736691214,1
2025-03-11T10:37:00.000000,2025-03-11T10:38:00.000000,2025,2025-03,10,38,long,19381.5,19376.5,19391.5,5.0,-5.0,stop,1,0.8174603174603174,0.1111111111111111,0.07142857142857142,-774.5,-57.00830134165153,1
2025-03-12T08:47:00.000000,2025-03-12T08:48:00.000000,2025,2025-03,8,48,long,19534.75,19513.5,19577.25,21.25,-21.25,stop,2,0.6846846846846847,0.04504504504504504,0.2702702702702703,-151.0,-84.86917939448176,1
2025-03-12T08:48:00.000000,2025-03-12T08:49:00.000000,2025,2025-03,8,49,long,19515.25,19512.0,19521.75,3.25,-3.25,stop,1,0.872093023255814,0.09302325581395349,0.03488372093023256,-170.75,-104.23388070473811,1
2025-03-13T08:36:00.000000,2025-03-13T08:37:00.000000,2025,2025-03,8,37,long,19440.5,19437.0,19447.5,3.5,-3.5,stop,1,0.976,0.024,0.0,-349.0,-60.89514398476604,2
2025-03-13T10:10:00.000000,2025-03-13T10:11:00.000000,2025,2025-03,10,11,long,19321.25,19318.25,19327.25,3.0,-3.0,stop,1,0.8333333333333334,0.0392156862745098,0.12745098039215685,-467.5,-142.99457319595967,1
2025-03-13T10:14:00.000000,2025-03-13T10:15:00.000000,2025,2025-03,10,15,long,19308.0,19302.25,19319.5,5.75,-5.75,stop,1,0.8536585365853658,0.0975609756097561,0.04878048780487805,-482.5,-157.02365018624914,1
2025-03-13T10:34:00.000000,2025-03-13T10:35:00.000000,2025,2025-03,10,35,long,19358.0,19337.0,19400.0,21.0,-21.0,stop,1,0.8214285714285714,0.0,0.17857142857142858,-432.5,-101.87241604614974,1
2025-03-13T10:37:00.000000,2025-03-13T10:38:00.000000,2025,2025-03,10,38,long,19378.75,19354.75,19426.75,24.0,-24.0,stop,5,0.7068965517241379,0.07758620689655173,0.21551724137931033,-409.25,-78.02695042071718,1
2025-03-18T10:29:00.000000,2025-03-18T10:30:00.000000,2025,2025-03,10,30,long,19747.25,19725.0,19791.75,22.25,-22.25,stop,8,0.8791208791208791,0.02197802197802198,0.0989010989010989,-415.5,-21.501824842322094,2
2025-03-18T10:35:00.000000,2025-03-18T10:36:00.000000,2025,2025-03,10,36,long,19745.5,19730.25,19776.0,15.25,-15.25,stop,2,0.8153846153846154,0.0,0.18461538461538463,-417.5,-23.038098106135294,2
2025-03-18T10:39:00.000000,2025-03-18T10:40:00.000000,2025,2025-03,10,40,long,19740.0,19720.75,19778.5,19.25,-19.25,stop,3,0.7529411764705882,0.08235294117647059,0.16470588235294117,-422.5,-27.710217139068845,2
2025-03-18T10:42:00.000000,2025-03-18T10:43:00.000000,2025,2025-03,10,43,long,19705.75,19703.25,19710.75,2.5,-2.5,stop,1,0.9764705882352941,0.023529411764705882,0.0,-457.25,-62.14642403061953,2
2025-03-21T08:39:00.000000,2025-03-21T08:40:00.000000,2025,2025-03,8,40,long,19714.0,19711.0,19720.0,3.0,-3.0,stop,1,0.9339622641509434,0.009433962264150943,0.05660377358490566,-391.75,-23.89699785203993,1
2025-03-21T08:41:00.000000,2025-03-21T08:42:00.000000,2025,2025-03,8,42,long,19710.25,19706.75,19717.25,3.5,-3.5,stop,1,0.7238095238095238,0.0761904761904762,0.2,-394.25,-26.221834363128437,1
2025-03-27T10:48:00.000000,2025-03-27T10:49:00.000000,2025,2025-03,10,49,long,20055.0,20051.75,20061.5,3.25,-3.25,stop,1,0.8524590163934426,0.08196721311475409,0.06557377049180328,-481.75,-24.718088667475968,3
2025-03-28T08:32:00.000000,2025-03-28T08:33:00.000000,2025,2025-03,8,33,long,19617.0,19613.25,19624.5,3.75,-3.75,stop,1,0.6782608695652174,0.06956521739130435,0.25217391304347825,-582.25,-235.50725807401977,1
2025-03-28T08:36:00.000000,2025-03-28T08:37:00.000000,2025,2025-03,8,37,long,19594.25,19588.5,19605.75,5.75,-5.75,stop,1,0.7777777777777778,0.11965811965811966,0.10256410256410256,-605.5,-249.6488958012851,1
2025-03-31T08:37:00.000000,2025-03-31T08:38:00.000000,2025,2025-03,8,38,long,19115.0,19112.25,19120.5,2.75,-2.75,stop,1,0.8582677165354331,0.015748031496062992,0.12598425196850394,-250.25,-30.563768625015655,2
2025-04-03T08:45:00.000000,2025-04-03T08:46:00.000000,2025,2025-04,8,46,long,18820.0,18812.75,18834.5,7.25,-7.25,stop,1,0.7758620689655172,0.10919540229885058,0.11494252873563218,-1224.75,-161.07164701152578,2
2025-04-04T08:34:00.000000,2025-04-04T08:35:00.000000,2025,2025-04,8,35,long,17878.0,17874.5,17885.0,3.5,-3.5,stop,1,0.6698113207547169,0.04716981132075472,0.2830188679245283,-1299.25,-347.1736937449932,1
2025-04-04T08:40:00.000000,2025-04-04T08:41:00.000000,2025,2025-04,8,41,long,17862.0,17853.25,17879.5,8.75,-8.75,stop,1,0.71,0.12,0.17,-1315.75,-352.7527378195846,1
2025-04-04T08:45:00.000000,2025-04-04T08:46:00.000000,2025,2025-04,8,46,long,17819.75,17814.75,17829.75,5.0,-5.0,stop,1,0.7404580152671756,0.0916030534351145,0.16793893129770993,-1357.25,-385.6899067374179,1
2025-04-04T08:46:00.000000,2025-04-04T08:47:00.000000,2025,2025-04,8,47,long,17780.0,17774.75,17790.5,5.25,-5.25,stop,1,0.8306878306878307,0.07936507936507936,0.08994708994708994,-1396.5,-421.1646175356873,1
2025-04-04T10:17:00.000000,2025-04-04T10:18:00.000000,2025,2025-04,10,18,long,17814.5,17810.75,17822.0,3.75,-3.75,stop,1,0.9444444444444444,0.05555555555555555,0.0,-1361.75,-305.0368584135322,1
2025-04-04T10:26:00.000000,2025-04-04T10:27:00.000000,2025,2025-04,10,27,long,17740.25,17736.0,17748.75,4.25,-4.25,stop,1,0.7539267015706806,0.04712041884816754,0.19895287958115182,-1436.75,-372.3124967945623,1
2025-04-04T10:41:00.000000,2025-04-04T10:42:00.000000,2025,2025-04,10,42,long,17823.0,17806.0,17857.0,17.0,-17.0,stop,1,0.7971014492753623,0.08695652173913043,0.11594202898550725,-1353.75,-277.65551639559635,2
2025-04-08T10:22:00.000000,2025-04-08T10:23:00.000000,2025,2025-04,10,23,long,17860.5,17857.0,17867.5,3.5,-3.5,stop,1,0.9401197604790419,0.059880239520958084,0.0,-500.0,-192.84224728486151,2
2025-04-08T10:34:00.000000,2025-04-08T10:35:00.000000,2025,2025-04,10,35,long,17830.0,17828.0,17834.0,2.0,-2.0,stop,1,0.7267080745341615,0.018633540372670808,0.2546583850931677,-530.75,-215.5533271316017,1
2025-04-10T08:37:00.000000,2025-04-10T08:38:00.000000,2025,2025-04,8,38,long,18731.0,18725.75,18741.5,5.25,-5.25,stop,1,0.7813953488372093,0.06511627906976744,0.15348837209302327,-655.5,-129.70993431301395,1
2025-04-17T10:10:00.000000,2025-04-17T10:11:00.000000,2025,2025-04,10,11,long,18385.5,18383.0,18390.5,2.5,-2.5,stop,1,0.782258064516129,0.024193548387096774,0.1935483870967742,-475.5,-52.322763523072354,1
2025-04-17T10:17:00.000000,2025-04-17T10:18:00.000000,2025,2025-04,10,18,long,18405.0,18400.25,18414.5,4.75,-4.75,stop,1,0.8217821782178217,0.1188118811881188,0.0594059405940594,-456.0,-30.883352422122698,1
2025-04-17T10:48:00.000000,2025-04-17T10:49:00.000000,2025,2025-04,10,49,long,18396.75,18394.0,18402.25,2.75,-2.75,stop,1,0.7383177570093458,0.0,0.2616822429906542,-465.25,-39.62291026973617,1
2025-05-09T10:17:00.000000,2025-05-09T10:18:00.000000,2025,2025-05,10,18,long,20106.75,20092.0,20136.25,14.75,-14.75,stop,16,0.8571428571428571,0.047619047619047616,0.09523809523809523,-229.0,-67.68585568160051,3
2025-05-09T10:31:00.000000,2025-05-09T10:32:00.000000,2025,2025-05,10,32,long,20098.75,20095.0,20106.25,3.75,-3.75,stop,1,0.7857142857142857,0.1,0.11428571428571428,-238.5,-75.23291755307582,2
2025-05-09T10:38:00.000000,2025-05-09T10:39:00.000000,2025,2025-05,10,39,long,20123.0,20120.5,20128.0,2.5,-2.5,stop,1,0.8157894736842105,0.07894736842105263,0.10526315789473684,-214.0,-49.882499233495764,2
2025-05-16T08:39:00.000000,2025-05-16T08:40:00.000000,2025,2025-05,8,40,long,21376.0,21373.75,21380.5,2.25,-2.25,stop,1,0.8367346938775511,0.061224489795918366,0.10204081632653061,-153.25,-52.75138024642001,2
2025-05-30T10:12:00.000000,2025-05-30T10:13:00.000000,2025,2025-05,10,13,long,21317.75,21315.0,21323.25,2.75,-2.75,stop,1,0.6625,0.075,0.2625,-540.25,-21.32301306528825,1
2025-05-30T10:17:00.000000,2025-05-30T10:18:00.000000,2025,2025-05,10,18,long,21275.0,21272.0,21281.0,3.0,-3.0,stop,1,0.8588235294117647,0.07058823529411765,0.07058823529411765,-583.25,-63.71268841208075,1
2025-06-19T10:24:00.000000,2025-06-19T10:25:00.000000,2025,2025-06,10,25,long,21731.25,21724.5,21744.75,6.75,-6.75,stop,9,0.8947368421052632,0.0,0.10526315789473684,-367.0,-47.55126527258835,2
2025-06-19T10:32:00.000000,2025-06-19T10:33:00.000000,2025,2025-06,10,33,long,21732.5,21729.75,21738.0,2.75,-2.75,stop,1,0.9230769230769231,0.07692307692307693,0.0,-365.75,-45.911969996875996,1
2025-06-19T10:34:00.000000,2025-06-19T10:35:00.000000,2025,2025-06,10,35,long,21740.25,21726.5,21767.75,13.75,-13.75,stop,2,0.8867924528301887,0.0,0.11320754716981132,-357.5,-37.46040352911223,1
2025-06-19T10:45:00.000000,2025-06-19T10:46:00.000000,2025,2025-06,10,46,long,21722.0,21718.5,21729.0,3.5,-3.5,stop,1,0.775,0.1,0.125,-376.25,-55.59049522178975,1
2025-06-20T08:45:00.000000,2025-06-20T08:46:00.000000,2025,2025-06,8,46,long,21852.25,21847.5,21861.75,4.75,-4.75,stop,1,0.8790322580645161,0.11290322580645161,0.008064516129032258,-100.75,-128.73601637564934,3
2025-06-20T08:50:00.000000,2025-06-20T08:51:00.000000,2025,2025-06,8,51,long,21821.0,21819.25,21824.5,1.75,-1.75,stop,1,0.9682539682539683,0.015873015873015872,0.015873015873015872,-132.0,-154.37853171426832,5
2025-06-20T10:28:00.000000,2025-06-20T10:29:00.000000,2025,2025-06,10,29,long,21860.75,21857.5,21867.25,3.25,-3.25,stop,1,0.8103448275862069,0.06896551724137931,0.1206896551724138,-93.25,-78.37225937894618,2
2025-06-20T10:42:00.000000,2025-06-20T10:43:00.000000,2025,2025-06,10,43,long,21867.5,21863.75,21875.0,3.75,-3.75,stop,1,0.696969696969697,0.06060606060606061,0.24242424242424243,-87.0,-70.79511590741458,2
2025-06-20T10:47:00.000000,2025-06-20T10:48:00.000000,2025,2025-06,10,48,long,21872.5,21869.25,21879.0,3.25,-3.25,stop,1,0.9607843137254902,0.0392156862745098,0.0,-82.0,-65.19708144895048,2
2025-07-01T08:45:00.000000,2025-07-01T08:46:00.000000,2025,2025-07,8,46,long,22700.75,22697.5,22707.25,3.25,-3.25,stop,1,0.8823529411764706,0.11764705882352941,0.0,-233.75,-106.19896291270561,3
2025-07-01T08:47:00.000000,2025-07-01T08:48:00.000000,2025,2025-07,8,48,long,22707.0,22686.25,22748.5,20.75,-20.75,stop,10,0.7701149425287356,0.10344827586206896,0.12643678160919541,-227.5,-97.5380583796723,2
2025-07-04T10:14:00.000000,2025-07-04T10:15:00.000000,2025,2025-07,10,15,long,22930.0,22927.5,22935.0,2.5,-2.5,stop,4,0.75,0.0,0.25,-172.25,-21.26680442919678,1
2025-07-04T10:17:00.000000,2025-07-04T10:18:00.000000,2025,2025-07,10,18,long,22931.0,22928.0,22937.0,3.0,-3.0,stop,1,0.7142857142857143,0.0,0.2857142857142857,-171.25,-20.23263391466753,1
2025-07-04T10:33:00.000000,2025-07-04T10:34:00.000000,2025,2025-07,10,34,long,22922.5,22919.5,22928.5,3.0,-3.0,stop,4,0.7222222222222222,0.1111111111111111,0.16666666666666666,-180.5,-29.099376120913803,1
2025-07-07T08:34:00.000000,2025-07-07T08:35:00.000000,2025,2025-07,8,35,long,22919.25,22916.75,22924.25,2.5,-2.5,stop,1,0.8666666666666667,0.022222222222222223,0.1111111111111111,-109.5,-27.772187039416167,3
2025-07-07T08:43:00.000000,2025-07-07T08:44:00.000000,2025,2025-07,8,44,long,22921.5,22919.5,22925.5,2.0,-2.0,stop,1,0.9,0.025,0.075,-106.75,-24.18699492090309,3
2025-07-07T10:44:00.000000,2025-07-07T10:45:00.000000,2025,2025-07,10,45,long,22891.0,22878.25,22916.5,12.75,-12.75,stop,2,0.75,0.11538461538461539,0.1346153846153846,-137.0,-36.90871526138653,3
2025-07-07T10:46:00.000000,2025-07-07T10:47:00.000000,2025,2025-07,10,47,long,22871.75,22869.25,22876.75,2.5,-2.5,stop,1,0.8873239436619719,0.028169014084507043,0.08450704225352113,-156.75,-56.32234480206898,3
2025-07-18T10:38:00.000000,2025-07-18T10:39:00.000000,2025,2025-07,10,39,long,23191.75,23178.25,23218.75,13.5,-13.5,stop,23,0.7678571428571429,0.08928571428571429,0.14285714285714285,-87.5,-51.63213069913036,1
2025-07-18T10:47:00.000000,2025-07-18T10:48:00.000000,2025,2025-07,10,48,long,23199.5,23197.25,23204.0,2.25,-2.25,stop,1,0.8787878787878788,0.0,0.12121212121212122,-80.5,-43.64472382550957,1
2025-07-18T10:49:00.000000,2025-07-18T10:50:00.000000,2025,2025-07,10,50,long,23199.5,23189.75,23219.0,9.75,-9.75,stop,8,0.8378378378378378,0.0,0.16216216216216217,-80.25,-43.14053581729968,1
2025-07-22T10:10:00.000000,2025-07-22T10:11:00.000000,2025,2025-07,10,11,long,23205.0,23202.75,23209.5,2.25,-2.25,stop,1,0.7777777777777778,0.027777777777777776,0.19444444444444445,-219.75,-25.240701183807687,1
2025-07-22T10:11:00.000000,2025-07-22T10:12:00.000000,2025,2025-07,10,12,long,23202.0,23199.5,23207.0,2.5,-2.5,stop,1,0.7647058823529411,0.058823529411764705,0.17647058823529413,-223.0,-28.440447828776087,1
2025-07-23T08:33:00.000000,2025-07-23T08:34:00.000000,2025,2025-07,8,34,long,23167.25,23164.0,23173.75,3.25,-3.25,stop,1,0.6739130434782609,0.10869565217391304,0.21739130434782608,-199.75,-46.50929621095929,1
2025-07-31T08:39:00.000000,2025-07-31T08:40:00.000000,2025,2025-07,8,40,long,23627.0,23616.75,23647.5,10.25,-10.25,stop,2,0.8157894736842105,0.10526315789473684,0.07894736842105263,-116.75,-82.76975888240486,1
2025-07-31T08:44:00.000000,2025-07-31T08:45:00.000000,2025,2025-07,8,45,long,23620.25,23606.5,23647.75,13.75,-13.75,stop,1,0.7272727272727273,0.0,0.2727272727272727,-123.75,-87.63800492580776,1
2025-07-31T10:38:00.000000,2025-07-31T10:39:00.000000,2025,2025-07,10,39,long,23588.75,23586.0,23594.25,2.75,-2.75,stop,1,0.7777777777777778,0.044444444444444446,0.17777777777777778,-155.75,-66.74675854174347,1
2025-07-31T10:43:00.000000,2025-07-31T10:44:00.000000,2025,2025-07,10,44,long,23595.5,23593.25,23600.0,2.25,-2.25,stop,2,0.7142857142857143,0.03571428571428571,0.25,-148.75,-59.246688012313825,1
2025-07-31T10:50:00.000000,2025-07-31T10:51:00.000000,2025,2025-07,10,51,long,23571.25,23568.5,23576.75,2.75,-2.75,stop,1,0.6956521739130435,0.021739130434782608,0.2826086956521739,-173.5,-82.57240145467222,1
2025-08-01T10:50:00.000000,2025-08-01T10:51:00.000000,2025,2025-08,10,51,long,22939.75,22936.0,22947.25,3.75,-3.75,stop,3,0.7536231884057971,0.10144927536231885,0.14492753623188406,-905.25,-78.32797841474894,1
2025-08-05T08:33:00.000000,2025-08-05T08:34:00.000000,2025,2025-08,8,34,long,23254.0,23250.5,23261.0,3.5,-3.5,stop,1,0.6712328767123288,0.0410958904109589,0.2876712328767123,-106.75,-87.6827872175636,3
2025-08-05T08:41:00.000000,2025-08-05T08:42:00.000000,2025,2025-08,8,42,long,23222.5,23219.5,23228.5,3.0,-3.0,stop,1,0.7922077922077922,0.025974025974025976,0.18181818181818182,-138.0,-113.04214457972921,3
2025-08-05T08:43:00.000000,2025-08-05T08:44:00.000000,2025,2025-08,8,44,long,23191.75,23189.0,23197.25,2.75,-2.75,stop,1,0.8735632183908046,0.0,0.12643678160919541,-169.0,-140.54457660462504,3
2025-08-14T10:10:00.000000,2025-08-14T10:11:00.000000,2025,2025-08,10,11,long,23892.75,23891.0,23896.25,1.75,-1.75,stop,1,0.7804878048780488,0.0,0.21951219512195122,-175.5,-20.169668042137346,2
2025-08-15T10:25:00.000000,2025-08-15T10:26:00.000000,2025,2025-08,10,26,long,23783.0,23773.0,23803.0,10.0,-10.0,stop,2,0.7567567567567568,0.10810810810810811,0.13513513513513514,-224.75,-56.92396192857268,2
2025-08-18T08:44:00.000000,2025-08-18T08:45:00.000000,2025,2025-08,8,45,long,23751.75,23749.5,23756.25,2.25,-2.25,stop,1,0.9607843137254902,0.0392156862745098,0.0,-101.5,-34.71815703570974,1
2025-08-19T08:32:00.000000,2025-08-19T08:33:00.000000,2025,2025-08,8,33,long,23645.5,23620.5,23695.5,25.0,-25.0,stop,4,0.768595041322314,0.01652892561983471,0.21487603305785125,-235.5,-63.96792599408582,2
2025-08-19T08:34:00.000000,2025-08-19T08:35:00.000000,2025,2025-08,8,35,long,23642.25,23638.25,23650.25,4.0,-4.0,stop,1,0.9090909090909091,0.09090909090909091,0.0,-240.0,-67.42187422813004,2
2025-08-19T08:35:00.000000,2025-08-19T08:36:00.000000,2025,2025-08,8,36,long,23629.0,23626.5,23634.0,2.5,-2.5,stop,1,0.746268656716418,0.07462686567164178,0.1791044776119403,-252.0,-78.9174078655451,2
2025-08-19T08:36:00.000000,2025-08-19T08:37:00.000000,2025,2025-08,8,37,long,23610.5,23606.75,23618.0,3.75,-3.75,stop,1,0.8333333333333334,0.06666666666666667,0.1,-271.5,-97.26676821873116,2
2025-08-19T08:40:00.000000,2025-08-19T08:41:00.000000,2025,2025-08,8,41,long,23615.5,23604.0,23638.5,11.5,-11.5,stop,1,0.7843137254901961,0.0,0.21568627450980393,-265.75,-88.55489839033908,1
2025-08-19T08:41:00.000000,2025-08-19T08:42:00.000000,2025,2025-08,8,42,long,23598.25,23595.25,23604.25,3.0,-3.0,stop,1,0.711340206185567,0.041237113402061855,0.24742268041237114,-283.5,-105.53718906925133,1
2025-08-20T08:45:00.000000,2025-08-20T08:46:00.000000,2025,2025-08,8,46,long,23083.5,23064.0,23122.5,19.5,-19.5,stop,1,0.6666666666666666,0.0967741935483871,0.23655913978494625,-740.75,-178.7351919484172,1
2025-08-21T10:16:00.000000,2025-08-21T10:17:00.000000,2025,2025-08,10,17,long,23208.75,23195.25,23235.75,13.5,-13.5,stop,10,0.8333333333333334,0.0,0.16666666666666666,-259.0,-55.60675491409347,1
2025-08-21T10:30:00.000000,2025-08-21T10:31:00.000000,2025,2025-08,10,31,long,23198.75,23178.75,23238.75,20.0,-20.0,stop,3,0.8072289156626506,0.07228915662650602,0.12048192771084337,-268.5,-62.78057467846156,1
2025-08-21T10:36:00.000000,2025-08-21T10:37:00.000000,2025,2025-08,10,37,long,23189.75,23175.75,23217.75,14.0,-14.0,stop,12,0.7424242424242424,0.0,0.25757575757575757,-277.5,-70.6538475628331,1
2025-08-21T10:38:00.000000,2025-08-21T10:39:00.000000,2025,2025-08,10,39,long,23192.25,23179.75,23217.25,12.5,-12.5,stop,10,0.8125,0.020833333333333332,0.16666666666666666,-275.75,-68.60102005078443,1
2025-08-21T10:41:00.000000,2025-08-21T10:42:00.000000,2025,2025-08,10,42,long,23201.25,23186.0,23231.75,15.25,-15.25,stop,2,0.8852459016393442,0.01639344262295082,0.09836065573770492,-265.75,-58.24453065359194,1
2025-08-29T08:36:00.000000,2025-08-29T08:37:00.000000,2025,2025-08,8,37,long,23492.0,23478.0,23520.0,14.0,-14.0,stop,8,0.6944444444444444,0.0,0.3055555555555556,-311.25,-82.30139191556736,1
2025-08-29T08:37:00.000000,2025-08-29T08:38:00.000000,2025,2025-08,8,38,long,23507.0,23488.75,23543.5,18.25,-18.25,stop,4,0.8108108108108109,0.06756756756756757,0.12162162162162163,-296.75,-67.45780475465654,1
2025-08-29T08:44:00.000000,2025-08-29T08:45:00.000000,2025,2025-08,8,45,long,23471.25,23468.0,23477.75,3.25,-3.25,stop,1,0.719626168224299,0.06542056074766354,0.21495327102803738,-332.0,-99.65886745361058,1
2025-08-29T10:12:00.000000,2025-08-29T10:13:00.000000,2025,2025-08,10,13,long,23468.5,23461.25,23483.0,7.25,-7.25,stop,14,0.7777777777777778,0.1111111111111111,0.1111111111111111,-334.5,-71.70162578221061,1
2025-08-29T10:13:00.000000,2025-08-29T10:14:00.000000,2025,2025-08,10,14,long,23474.5,23465.75,23492.0,8.75,-8.75,stop,1,0.6666666666666666,0.08333333333333333,0.25,-329.25,-66.28550776550401,1
2025-09-02T10:19:00.000000,2025-09-02T10:20:00.000000,2025,2025-09,10,20,long,23081.25,23066.75,23110.25,14.5,-14.5,stop,6,0.8846153846153846,0.057692307692307696,0.057692307692307696,-471.5,-105.66057275383355,1
2025-09-02T10:22:00.000000,2025-09-02T10:23:00.000000,2025,2025-09,10,23,long,23074.5,23071.5,23080.5,3.0,-3.0,stop,2,0.8857142857142857,0.11428571428571428,0.0,-478.0,-111.52197638366124,1
2025-09-02T10:42:00.000000,2025-09-02T10:43:00.000000,2025,2025-09,10,43,long,23094.0,23087.0,23108.0,7.0,-7.0,stop,2,0.6666666666666666,0.07407407407407407,0.25925925925925924,-458.5,-88.53843932603559,1
2025-09-05T08:45:00.000000,2025-09-05T08:46:00.000000,2025,2025-09,8,46,long,23579.75,23576.25,23586.75,3.5,-3.5,stop,1,0.9508196721311475,0.04918032786885246,0.0,-134.0,-195.22276061782395,4
2025-09-05T10:23:00.000000,2025-09-05T10:24:00.000000,2025,2025-09,10,24,long,23631.0,23609.75,23673.5,21.25,-21.25,stop,10,0.7790697674418605,0.11627906976744186,0.10465116279069768,-82.75,-85.01784350959133,1
2025-09-05T10:26:00.000000,2025-09-05T10:27:00.000000,2025,2025-09,10,27,long,23635.75,23626.0,23655.25,9.75,-9.75,stop,2,0.6976744186046512,0.0,0.3023255813953488,-78.25,-80.03079640444412,1
2025-09-05T10:28:00.000000,2025-09-05T10:29:00.000000,2025,2025-09,10,29,long,23622.75,23619.5,23629.25,3.25,-3.25,stop,1,0.8518518518518519,0.09259259259259259,0.05555555555555555,-91.0,-92.55890096696021,1
2025-09-05T10:49:00.000000,2025-09-05T10:50:00.000000,2025,2025-09,10,50,long,23612.5,23610.5,23616.5,2.0,-2.0,stop,1,0.85,0.0,0.15,-101.25,-99.54933794897443,1
2025-09-09T08:30:00.000000,2025-09-09T08:31:00.000000,2025,2025-09,8,31,long,23802.25,23799.25,23808.25,3.0,-3.0,stop,1,0.7954545454545454,0.022727272727272728,0.18181818181818182,-86.5,-25.70399098809139,3
2025-09-17T08:34:00.000000,2025-09-17T08:35:00.000000,2025,2025-09,8,35,long,24448.5,24445.0,24455.5,3.5,-3.5,stop,1,0.825,0.075,0.1,-199.5,-45.143966359930346,1
2025-09-17T08:35:00.000000,2025-09-17T08:36:00.000000,2025,2025-09,8,36,long,24439.0,24436.75,24443.5,2.25,-2.25,stop,1,0.8260869565217391,0.021739130434782608,0.15217391304347827,-208.25,-53.54167810811123,1
2025-09-17T08:39:00.000000,2025-09-17T08:40:00.000000,2025,2025-09,8,40,long,24442.5,24430.25,24467.0,12.25,-12.25,stop,3,0.7843137254901961,0.0784313725490196,0.13725490196078433,-204.0,-47.96871015203578,1
2025-09-17T08:41:00.000000,2025-09-17T08:42:00.000000,2025,2025-09,8,42,long,24436.25,24433.5,24441.75,2.75,-2.75,stop,1,0.7037037037037037,0.07407407407407407,0.2222222222222222,-210.75,-54.21961976964667,1
2025-09-17T08:46:00.000000,2025-09-17T08:47:00.000000,2025,2025-09,8,47,long,24424.75,24415.25,24443.75,9.5,-9.5,stop,4,0.8484848484848485,0.030303030303030304,0.12121212121212122,-222.75,-63.85610034029378,1
2025-09-23T10:23:00.000000,2025-09-23T10:24:00.000000,2025,2025-09,10,24,long,24942.5,24940.5,24946.5,2.0,-2.0,stop,2,0.9090909090909091,0.045454545454545456,0.045454545454545456,-84.5,-20.80773457059695,1
2025-09-23T10:25:00.000000,2025-09-23T10:26:00.000000,2025,2025-09,10,26,long,24936.0,24933.0,24942.0,3.0,-3.0,stop,1,0.8,0.05714285714285714,0.14285714285714285,-91.75,-27.930187145226228,1
2025-09-23T10:37:00.000000,2025-09-23T10:38:00.000000,2025,2025-09,10,38,long,24935.25,24920.0,24965.75,15.25,-15.25,stop,19,0.9642857142857143,0.017857142857142856,0.017857142857142856,-91.5,-26.44869243280118,1
2025-09-23T10:41:00.000000,2025-09-23T10:42:00.000000,2025,2025-09,10,42,long,24938.75,24929.5,24957.25,9.25,-9.25,stop,14,0.7741935483870968,0.06451612903225806,0.16129032258064516,-89.25,-23.86700991005273,1
2025-09-24T08:35:00.000000,2025-09-24T08:36:00.000000,2025,2025-09,8,36,long,24814.0,24798.25,24845.5,15.75,-15.75,stop,6,0.6883116883116883,0.0,0.3116883116883117,-212.5,-29.110907349760964,1
2025-09-24T08:44:00.000000,2025-09-24T08:45:00.000000,2025,2025-09,8,45,long,24812.0,24800.0,24836.0,12.0,-12.0,stop,10,0.8431372549019608,0.0,0.1568627450980392,-213.25,-28.578691410606552,1
2025-09-26T08:49:00.000000,2025-09-26T08:50:00.000000,2025,2025-09,8,50,long,24564.75,24562.5,24569.25,2.25,-2.25,stop,1,0.911504424778761,0.008849557522123894,0.07964601769911504,-228.75,-70.8092734057027,3
2025-10-03T08:31:00.000000,2025-10-03T08:32:00.000000,2025,2025-10,8,32,long,25097.0,25086.25,25118.5,10.75,-10.75,stop,1,0.6739130434782609,0.08695652173913043,0.2391304347826087,-83.0,-28.375420661734097,1
2025-10-03T08:32:00.000000,2025-10-03T08:33:00.000000,2025,2025-10,8,33,long,25081.0,25078.75,25085.5,2.25,-2.25,stop,1,0.9027777777777778,0.0,0.09722222222222222,-99.25,-44.34169523316814,1
2025-10-07T10:21:00.000000,2025-10-07T10:22:00.000000,2025,2025-10,10,22,long,25026.0,25005.0,25068.0,21.0,-21.0,stop,1,0.8470588235294118,0.0,0.15294117647058825,-227.75,-120.0315698376653,1
2025-10-07T10:37:00.000000,2025-10-07T10:38:00.000000,2025,2025-10,10,38,long,25086.5,25066.25,25127.0,20.25,-20.25,stop,5,0.8823529411764706,0.0,0.11764705882352941,-165.75,-52.85406951346158,1
2025-10-07T10:45:00.000000,2025-10-07T10:46:00.000000,2025,2025-10,10,46,long,25062.25,25059.5,25067.75,2.75,-2.75,stop,1,0.7592592592592593,0.09259259259259259,0.14814814814814814,-190.0,-75.84049388170388,1
2025-10-09T10:47:00.000000,2025-10-09T10:48:00.000000,2025,2025-10,10,48,long,25251.0,25239.75,25273.5,11.25,-11.25,stop,6,0.7346938775510204,0.04081632653061224,0.22448979591836735,-118.25,-21.14731747276528,1
2025-10-15T10:48:00.000000,2025-10-15T10:49:00.000000,2025,2025-10,10,49,long,24925.75,24911.5,24954.25,14.25,-14.25,stop,2,0.7121212121212122,0.015151515151515152,0.2727272727272727,-118.75,-56.37469321348544,1
2025-10-16T10:12:00.000000,2025-10-16T10:13:00.000000,2025,2025-10,10,13,long,24988.25,24967.0,25030.75,21.25,-21.25,stop,1,0.7475728155339806,0.0,0.2524271844660194,-126.75,-61.37769337294958,2
2025-10-16T10:16:00.000000,2025-10-16T10:17:00.000000,2025,2025-10,10,17,long,24960.0,24957.5,24965.0,2.5,-2.5,stop,1,0.84375,0.041666666666666664,0.11458333333333333,-154.5,-87.94693761619419,2
2025-10-16T10:45:00.000000,2025-10-16T10:46:00.000000,2025,2025-10,10,46,long,24759.75,24755.5,24768.25,4.25,-4.25,stop,1,0.936046511627907,0.040697674418604654,0.023255813953488372,-355.75,-259.2989059093379,2
2025-10-22T10:10:00.000000,2025-10-22T10:11:00.000000,2025,2025-10,10,11,long,25059.25,25055.75,25066.25,3.5,-3.5,stop,1,0.7246376811594203,0.08695652173913043,0.18840579710144928,-308.75,-113.84882706132339,1
2025-10-22T10:16:00.000000,2025-10-22T10:17:00.000000,2025,2025-10,10,17,long,25088.0,25064.0,25136.0,24.0,-24.0,stop,2,0.9347826086956522,0.021739130434782608,0.043478260869565216,-280.0,-83.54032085074141,1
2025-10-22T10:19:00.000000,2025-10-22T10:20:00.000000,2025,2025-10,10,20,long,25066.5,25064.0,25071.5,2.5,-2.5,stop,1,0.7,0.0,0.3,-302.0,-104.86587072480324,1
2025-10-22T10:23:00.000000,2025-10-22T10:24:00.000000,2025,2025-10,10,24,long,25020.5,25018.0,25025.5,2.5,-2.5,stop,1,0.796875,0.03125,0.171875,-347.5,-148.56112355062214,1
2025-10-30T08:40:00.000000,2025-10-30T08:41:00.000000,2025,2025-10,8,41,long,26062.0,26037.25,26111.5,24.75,-24.75,stop,10,0.8490566037735849,0.018867924528301886,0.1320754716981132,-317.5,-73.59124952397178,2
2025-10-30T08:44:00.000000,2025-10-30T08:45:00.000000,2025,2025-10,8,45,long,26082.0,26079.25,26087.5,2.75,-2.75,stop,1,0.746268656716418,0.0,0.2537313432835821,-298.5,-53.56536078752106,2
2025-10-30T10:33:00.000000,2025-10-30T10:34:00.000000,2025,2025-10,10,34,long,26063.25,26060.25,26069.25,3.0,-3.0,stop,1,0.8909090909090909,0.03636363636363636,0.07272727272727272,-317.0,-45.722258406454785,2
2025-10-30T10:44:00.000000,2025-10-30T10:45:00.000000,2025,2025-10,10,45,long,26062.0,26042.5,26101.0,19.5,-19.5,stop,18,0.7560975609756098,0.07317073170731707,0.17073170731707318,-318.25,-45.68005400923721,2
2025-10-30T10:49:00.000000,2025-10-30T10:50:00.000000,2025,2025-10,10,50,long,26070.5,26056.75,26098.0,13.75,-13.75,stop,3,0.7083333333333334,0.0625,0.22916666666666666,-311.75,-38.861443153851724,2
2025-10-31T10:19:00.000000,2025-10-31T10:20:00.000000,2025,2025-10,10,20,long,25962.5,25960.25,25967.0,2.25,-2.25,stop,1,0.9295774647887324,0.028169014084507043,0.04225352112676056,-436.25,-169.9297170031241,1
2025-11-04T08:37:00.000000,2025-11-04T08:38:00.000000,2025,2025-11,8,38,long,25695.0,25689.75,25705.5,5.25,-5.25,stop,1,0.71900826446281,0.11570247933884298,0.1652892561983471,-570.75,-86.94256626867718,1
2025-11-04T10:28:00.000000,2025-11-04T10:29:00.000000,2025,2025-11,10,29,long,25771.5,25750.25,25814.0,21.25,-21.25,stop,19,0.7281553398058253,0.02912621359223301,0.24271844660194175,-494.25,-26.3963975202023,2
2025-11-04T10:32:00.000000,2025-11-04T10:33:00.000000,2025,2025-11,10,33,long,25763.5,25760.0,25770.5,3.5,-3.5,stop,1,0.7878787878787878,0.10606060606060606,0.10606060606060606,-502.25,-34.15041370587278,1
2025-11-06T08:38:00.000000,2025-11-06T08:39:00.000000,2025,2025-11,8,39,long,25660.25,25635.25,25710.25,25.0,-25.0,stop,2,0.7394957983193278,0.03361344537815126,0.226890756302521,-219.75,-42.18557352107382,1
2025-11-06T08:39:00.000000,2025-11-06T08:40:00.000000,2025,2025-11,8,40,long,25644.5,25641.75,25650.0,2.75,-2.75,stop,1,0.7710843373493976,0.024096385542168676,0.20481927710843373,-235.75,-57.45451195487476,1
2025-11-06T08:40:00.000000,2025-11-06T08:41:00.000000,2025,2025-11,8,41,long,25622.75,25620.5,25627.25,2.25,-2.25,stop,1,0.7521367521367521,0.0,0.24786324786324787,-257.5,-77.5019450261425,1
2025-11-06T08:47:00.000000,2025-11-06T08:48:00.000000,2025,2025-11,8,48,long,25655.0,25635.25,25694.5,19.75,-19.75,stop,2,0.7032967032967034,0.07692307692307693,0.21978021978021978,-225.0,-36.41868974868703,2
2025-11-06T08:49:00.000000,2025-11-06T08:50:00.000000,2025,2025-11,8,50,long,25628.5,25626.5,25632.5,2.0,-2.0,stop,1,0.9457831325301205,0.012048192771084338,0.04216867469879518,-251.0,-61.17444901008639,3
2025-11-06T10:44:00.000000,2025-11-06T10:45:00.000000,2025,2025-11,10,45,long,25258.0,25241.0,25292.0,17.0,-17.0,stop,1,0.7466666666666667,0.04,0.21333333333333335,-622.25,-258.96802436261714,1
2025-11-07T08:31:00.000000,2025-11-07T08:32:00.000000,2025,2025-11,8,32,long,25063.25,25044.0,25101.75,19.25,-19.25,stop,4,0.6868686868686869,0.0,0.31313131313131315,-759.25,-134.90758112058757,1
2025-11-11T08:43:00.000000,2025-11-11T08:44:00.000000,2025,2025-11,8,44,long,25604.0,25592.25,25627.5,11.75,-11.75,stop,6,0.8695652173913043,0.021739130434782608,0.10869565217391304,-156.0,-40.3629267128199,1
2025-11-11T10:26:00.000000,2025-11-11T10:27:00.000000,2025,2025-11,10,27,long,25549.25,25545.0,25557.75,4.25,-4.25,stop,1,0.6790123456790124,0.08641975308641975,0.2345679012345679,-211.75,-46.40818301152467,2
2025-11-11T10:28:00.000000,2025-11-11T10:29:00.000000,2025,2025-11,10,29,long,25517.0,25514.75,25521.5,2.25,-2.25,stop,1,0.6741573033707865,0.0,0.3258426966292135,-243.75,-77.53002194558212,2
2025-11-11T10:49:00.000000,2025-11-11T10:50:00.000000,2025,2025-11,10,50,long,25530.5,25517.5,25556.5,13.0,-13.0,stop,1,0.7636363636363637,0.01818181818181818,0.21818181818181817,-230.25,-57.29789931155028,2
2025-11-17T10:15:00.000000,2025-11-17T10:16:00.000000,2025,2025-11,10,16,long,24961.5,24956.5,24971.5,5.0,-5.0,stop,1,0.9008264462809917,0.09917355371900827,0.0,-331.75,-180.45526394580156,1
2025-11-17T10:17:00.000000,2025-11-17T10:18:00.000000,2025,2025-11,10,18,long,24969.5,24945.75,25017.0,23.75,-23.75,stop,3,0.7894736842105263,0.11578947368421053,0.09473684210526316,-324.0,-170.63018463270782,1
2025-11-17T10:34:00.000000,2025-11-17T10:35:00.000000,2025,2025-11,10,35,long,25098.75,25086.5,25123.25,12.25,-12.25,stop,1,0.6792452830188679,0.07547169811320754,0.24528301886792453,-194.75,-33.33150813390603,3
2025-11-18T08:46:00.000000,2025-11-18T08:47:00.000000,2025,2025-11,8,47,long,24669.75,24665.25,24678.75,4.5,-4.5,stop,1,0.7283464566929134,0.051181102362204724,0.2204724409448819,-690.75,-84.59159132828063,3
2025-11-18T08:49:00.000000,2025-11-18T08:50:00.000000,2025,2025-11,8,50,long,24624.5,24613.75,24646.0,10.75,-10.75,stop,1,0.70703125,0.11328125,0.1796875,-738.25,-127.54374925633601,3
2025-11-19T10:48:00.000000,2025-11-19T10:49:00.000000,2025,2025-11,10,49,long,24661.5,24657.25,24670.0,4.25,-4.25,stop,1,0.9411764705882353,0.058823529411764705,0.0,-298.5,-81.18985068494294,2
2025-11-25T10:14:00.000000,2025-11-25T10:15:00.000000,2025,2025-11,10,15,long,24782.5,24780.25,24787.0,2.25,-2.25,stop,1,0.9772727272727273,0.022727272727272728,0.0,-210.75,-24.528296299838985,1
2025-12-02T10:31:00.000000,2025-12-02T10:32:00.000000,2025,2025-12,10,32,long,25422.25,25418.25,25430.25,4.0,-4.0,stop,1,0.7441860465116279,0.09302325581395349,0.16279069767441862,-122.75,-119.97077466580959,4
2025-12-04T08:44:00.000000,2025-12-04T08:45:00.000000,2025,2025-12,8,45,long,25590.75,25586.5,25599.25,4.25,-4.25,stop,1,0.6808510638297872,0.10638297872340426,0.2127659574468085,-94.25,-52.55096814044737,6
2025-12-10T08:49:00.000000,2025-12-10T08:50:00.000000,2025,2025-12,8,50,long,25635.25,25631.75,25642.25,3.5,-3.5,stop,1,0.944954128440367,0.05504587155963303,0.0,-100.5,-21.455879898450803,3
2025-12-11T08:48:00.000000,2025-12-11T08:49:00.000000,2025,2025-12,8,49,long,25511.0,25509.0,25515.0,2.0,-2.0,stop,1,0.9615384615384616,0.02564102564102564,0.01282051282051282,-359.25,-67.34075993819351,1
2025-12-11T10:17:00.000000,2025-12-11T10:18:00.000000,2025,2025-12,10,18,long,25486.25,25483.75,25491.25,2.5,-2.5,stop,1,0.8571428571428571,0.04285714285714286,0.1,-384.25,-58.7190756880409,2
2025-12-11T10:21:00.000000,2025-12-11T10:22:00.000000,2025,2025-12,10,22,long,25502.5,25486.0,25535.5,16.5,-16.5,stop,2,0.9206349206349206,0.0,0.07936507936507936,-368.25,-41.989211750373215,2
2025-12-12T08:43:00.000000,2025-12-12T08:44:00.000000,2025,2025-12,8,44,long,25557.0,25553.75,25563.5,3.25,-3.25,stop,1,0.6831683168316832,0.0297029702970297,0.2871287128712871,-305.0,-47.296158454588294,2
2025-12-12T08:47:00.000000,2025-12-12T08:48:00.000000,2025,2025-12,8,48,long,25530.75,25529.0,25534.25,1.75,-1.75,stop,1,0.9382716049382716,0.0,0.06172839506172839,-330.5,-68.36688495448107,2
2025-12-15T10:41:00.000000,2025-12-15T10:42:00.000000,2025,2025-12,10,42,long,25391.75,25390.5,25394.25,1.25,-1.25,stop,1,0.8888888888888888,0.0,0.1111111111111111,-526.0,-30.417781214659044,1
2025-12-16T10:16:00.000000,2025-12-16T10:17:00.000000,2025,2025-12,10,17,long,25235.25,25233.25,25239.25,2.0,-2.0,stop,1,0.8656716417910447,0.04477611940298507,0.08955223880597014,-432.0,-31.600917305484472,1
2025-12-16T10:32:00.000000,2025-12-16T10:33:00.000000,2025,2025-12,10,33,long,25232.75,25231.0,25236.25,1.75,-1.75,stop,1,0.7244897959183674,0.0,0.2755102040816326,-435.0,-32.80608749832027,2
2025-12-16T10:40:00.000000,2025-12-16T10:41:00.000000,2025,2025-12,10,41,long,25227.0,25223.5,25234.0,3.5,-3.5,stop,1,0.8017241379310345,0.034482758620689655,0.16379310344827586,-441.5,-38.69633365021582,1
2025-12-17T10:12:00.000000,2025-12-17T10:13:00.000000,2025,2025-12,10,13,long,25045.5,25042.0,25052.5,3.5,-3.5,stop,1,0.8161764705882353,0.04411764705882353,0.13970588235294118,-398.5,-241.80781031841616,1
2025-12-17T10:28:00.000000,2025-12-17T10:29:00.000000,2025,2025-12,10,29,long,25076.25,25071.75,25085.25,4.5,-4.5,stop,1,0.8333333333333334,0.08823529411764706,0.0784313725490196,-368.0,-192.85364528745777,1
2025-12-17T10:29:00.000000,2025-12-17T10:30:00.000000,2025,2025-12,10,30,long,25068.0,25065.25,25073.5,2.75,-2.75,stop,1,0.6666666666666666,0.08333333333333333,0.25,-375.75,-200.03321107413285,1
2025-12-17T10:46:00.000000,2025-12-17T10:47:00.000000,2025,2025-12,10,47,long,25030.5,25028.5,25034.5,2.0,-2.0,stop,1,0.8969072164948454,0.030927835051546393,0.07216494845360824,-412.75,-221.18616427326924,1
2025-12-31T10:37:00.000000,2025-12-31T10:38:00.000000,2025,2025-12,10,38,long,25585.5,25574.25,25608.0,11.25,-11.25,stop,5,0.8974358974358975,0.07692307692307693,0.02564102564102564,-208.0,-24.70371855360645,1
2025-12-31T10:39:00.000000,2025-12-31T10:40:00.000000,2025,2025-12,10,40,long,25588.0,25582.75,25598.5,5.25,-5.25,stop,1,0.7142857142857143,0.0,0.2857142857142857,-205.25,-21.84814819399253,1
2025-12-31T10:40:00.000000,2025-12-31T10:41:00.000000,2025,2025-12,10,41,long,25583.0,25580.75,25587.5,2.25,-2.25,stop,1,0.9090909090909091,0.045454545454545456,0.045454545454545456,-210.75,-27.295777171024383,1
2025-12-31T10:41:00.000000,2025-12-31T10:42:00.000000,2025,2025-12,10,42,long,25575.0,25573.0,25579.0,2.0,-2.0,stop,1,0.96875,0.03125,0.0,-218.5,-34.92431592231151,1
2026-01-02T10:18:00.000000,2026-01-02T10:19:00.000000,2026,2026-01,10,19,long,25335.25,25334.0,25337.75,1.25,-1.25,stop,1,0.9411764705882353,0.0,0.058823529411764705,-380.75,-254.88330461357327,1
2026-01-08T10:11:00.000000,2026-01-08T10:12:00.000000,2026,2026-01,10,12,long,25649.25,25631.5,25684.75,17.75,-17.75,stop,4,0.8169014084507042,0.07042253521126761,0.11267605633802817,-347.0,-45.057403736020206,1
2026-01-08T10:20:00.000000,2026-01-08T10:21:00.000000,2026,2026-01,10,21,long,25659.5,25641.5,25695.5,18.0,-18.0,stop,4,0.9253731343283582,0.014925373134328358,0.05970149253731343,-337.0,-33.26004364965411,1
2026-01-08T10:27:00.000000,2026-01-08T10:28:00.000000,2026,2026-01,10,28,long,25628.0,25625.5,25633.0,2.5,-2.5,stop,1,0.9714285714285714,0.02857142857142857,0.0,-368.25,-63.4942132618271,1
2026-01-14T08:50:00.000000,2026-01-14T08:51:00.000000,2026,2026-01,8,51,long,25635.25,25633.0,25639.75,2.25,-2.25,stop,1,0.8992805755395683,0.007194244604316547,0.09352517985611511,-410.25,-115.34492019497338,2
2026-01-16T10:20:00.000000,2026-01-16T10:21:00.000000,2026,2026-01,10,21,long,25710.5,25695.5,25740.5,15.0,-15.0,stop,5,0.9230769230769231,0.07692307692307693,0.0,-242.25,-45.219724819991825,1
2026-01-16T10:33:00.000000,2026-01-16T10:34:00.000000,2026,2026-01,10,34,long,25731.0,25720.25,25752.5,10.75,-10.75,stop,1,0.9714285714285714,0.0,0.02857142857142857,-222.0,-23.306351204064413,1
2026-01-16T10:36:00.000000,2026-01-16T10:37:00.000000,2026,2026-01,10,37,long,25732.25,25719.0,25758.75,13.25,-13.25,stop,19,0.7551020408163265,0.10204081632653061,0.14285714285714285,-221.25,-22.24971952690612,1
2026-01-23T08:46:00.000000,2026-01-23T08:47:00.000000,2026,2026-01,8,47,long,25598.5,25595.0,25605.5,3.5,-3.5,stop,1,0.7371794871794872,0.03205128205128205,0.23076923076923078,-141.5,-21.742526932637702,2
2026-02-03T08:50:00.000000,2026-02-03T08:51:00.000000,2026,2026-02,8,51,long,25769.75,25765.5,25778.25,4.25,-4.25,stop,1,0.90625,0.0703125,0.0234375,-179.75,-133.1718578499749,4
2026-02-04T08:44:00.000000,2026-02-04T08:45:00.000000,2026,2026-02,8,45,long,25333.75,25328.5,25344.25,5.25,-5.25,stop,1,0.7721518987341772,0.0,0.22784810126582278,-697.25,-51.63362013155347,3
2026-02-04T08:50:00.000000,2026-02-04T08:51:00.000000,2026,2026-02,8,51,long,25294.0,25288.75,25304.5,5.25,-5.25,stop,1,0.7649253731343284,0.022388059701492536,0.2126865671641791,-735.5,-84.83721283814157,3
2026-02-05T10:45:00.000000,2026-02-05T10:46:00.000000,2026,2026-02,10,46,long,24755.0,24752.5,24760.0,2.5,-2.5,stop,1,0.957983193277311,0.03361344537815126,0.008403361344537815,-758.75,-35.79107428914722,3
2026-02-11T10:29:00.000000,2026-02-11T10:30:00.000000,2026,2026-02,10,30,long,25193.0,25190.75,25197.5,2.25,-2.25,stop,1,0.9672131147540983,0.01639344262295082,0.01639344262295082,-254.25,-74.32847875385778,3
2026-02-11T10:43:00.000000,2026-02-11T10:44:00.000000,2026,2026-02,10,44,long,25223.0,25220.0,25229.0,3.0,-3.0,stop,1,0.9107142857142857,0.08928571428571429,0.0,-224.0,-41.996836263602745,3
2026-02-11T10:47:00.000000,2026-02-11T10:48:00.000000,2026,2026-02,10,48,long,25226.5,25222.5,25234.5,4.0,-4.0,stop,1,0.6714285714285714,0.07142857142857142,0.2571428571428571,-221.5,-39.271985482697346,3
2026-02-11T10:48:00.000000,2026-02-11T10:49:00.000000,2026,2026-02,10,49,long,25207.0,25205.5,25210.0,1.5,-1.5,stop,1,0.891566265060241,0.024096385542168676,0.08433734939759036,-239.25,-56.86385537721071,3
2026-02-11T10:50:00.000000,2026-02-11T10:51:00.000000,2026,2026-02,10,51,long,25196.5,25194.25,25201.0,2.25,-2.25,stop,1,0.7111111111111111,0.06666666666666667,0.2222222222222222,-250.25,-67.60326510563755,3
2026-02-13T08:39:00.000000,2026-02-13T08:40:00.000000,2026,2026-02,8,40,long,24672.75,24666.5,24685.25,6.25,-6.25,stop,1,0.8648648648648649,0.07027027027027027,0.06486486486486487,-748.0,-70.65947875227721,2
2026-02-19T08:34:00.000000,2026-02-19T08:35:00.000000,2026,2026-02,8,35,long,24834.25,24831.75,24839.25,2.5,-2.5,stop,1,0.797979797979798,0.0,0.20202020202020202,-294.5,-68.25668514287827,1
2026-02-19T10:46:00.000000,2026-02-19T10:47:00.000000,2026,2026-02,10,47,long,24834.25,24831.0,24840.75,3.25,-3.25,stop,1,0.9113924050632911,0.0759493670886076,0.012658227848101266,-293.75,-54.434616994843964,2
2026-02-23T08:44:00.000000,2026-02-23T08:45:00.000000,2026,2026-02,8,45,long,24881.0,24877.0,24889.0,4.0,-4.0,stop,1,0.6845637583892618,0.0738255033557047,0.24161073825503357,-257.75,-42.80707721744329,3
2026-02-23T10:10:00.000000,2026-02-23T10:11:00.000000,2026,2026-02,10,11,long,24701.25,24682.5,24738.75,18.75,-18.75,stop,1,0.6956521739130435,0.0,0.30434782608695654,-439.0,-183.28967521226514,2
2026-02-23T10:12:00.000000,2026-02-23T10:13:00.000000,2026,2026-02,10,13,long,24674.25,24670.5,24681.75,3.75,-3.75,stop,1,0.9032258064516129,0.0967741935483871,0.0,-465.5,-207.54580739518497,2
2026-02-23T10:37:00.000000,2026-02-23T10:38:00.000000,2026,2026-02,10,38,long,24780.5,24755.75,24830.0,24.75,-24.75,stop,3,0.8791208791208791,0.10989010989010989,0.01098901098901099,-359.25,-86.56835826284077,1
2026-02-23T10:38:00.000000,2026-02-23T10:39:00.000000,2026,2026-02,10,39,long,24760.5,24757.5,24766.5,3.0,-3.0,stop,1,0.9111111111111111,0.022222222222222223,0.06666666666666667,-379.5,-106.59839937082143,1
2026-02-23T10:43:00.000000,2026-02-23T10:44:00.000000,2026,2026-02,10,44,long,24780.0,24762.75,24814.5,17.25,-17.25,stop,1,0.8115942028985508,0.08695652173913043,0.10144927536231885,-359.25,-85.28245739089107,1
2026-02-27T08:42:00.000000,2026-02-27T08:43:00.000000,2026,2026-02,8,43,long,24825.0,24818.0,24839.0,7.0,-7.0,stop,1,0.8985507246376812,0.07971014492753623,0.021739130434782608,-595.5,-109.0066255458878,2
2026-03-03T08:41:00.000000,2026-03-03T08:42:00.000000,2026,2026-03,8,42,long,24560.5,24556.0,24569.5,4.5,-4.5,stop,1,0.8715083798882681,0.0446927374301676,0.08379888268156424,-541.0,-48.88533692384226,2
2026-03-03T08:48:00.000000,2026-03-03T08:49:00.000000,2026,2026-03,8,49,long,24523.75,24518.0,24535.25,5.75,-5.75,stop,1,0.8363636363636363,0.07878787878787878,0.08484848484848485,-577.75,-82.35175096276362,1
2026-03-05T10:10:00.000000,2026-03-05T10:11:00.000000,2026,2026-03,10,11,long,24980.5,24978.5,24984.5,2.0,-2.0,stop,1,0.8292682926829268,0.024390243902439025,0.14634146341463414,-236.75,-97.27724606668562,2
2026-03-05T10:37:00.000000,2026-03-05T10:38:00.000000,2026,2026-03,10,38,long,25025.0,25001.0,25073.0,24.0,-24.0,stop,4,0.71,0.09,0.2,-194.75,-46.938823241704085,2
2026-03-11T08:33:00.000000,2026-03-11T08:34:00.000000,2026,2026-03,8,34,long,24973.0,24971.0,24977.0,2.0,-2.0,stop,1,0.9634146341463414,0.0,0.036585365853658534,-244.5,-69.25067192169445,2
2026-03-11T10:13:00.000000,2026-03-11T10:14:00.000000,2026,2026-03,10,14,long,24929.0,24909.0,24969.0,20.0,-20.0,stop,6,0.8309859154929577,0.09859154929577464,0.07042253521126761,-290.0,-92.08904066126706,2
2026-03-12T08:33:00.000000,2026-03-12T08:34:00.000000,2026,2026-03,8,34,long,24595.5,24592.0,24602.5,3.5,-3.5,stop,1,0.8591549295774648,0.09859154929577464,0.04225352112676056,-584.25,-167.6467616023292,2
2026-03-12T08:35:00.000000,2026-03-12T08:36:00.000000,2026,2026-03,8,36,long,24624.75,24601.0,24672.25,23.75,-23.75,stop,2,0.8571428571428571,0.07692307692307693,0.06593406593406594,-555.75,-136.91473301129008,2
2026-03-12T08:37:00.000000,2026-03-12T08:38:00.000000,2026,2026-03,8,38,long,24590.0,24586.75,24596.5,3.25,-3.25,stop,1,0.7350427350427351,0.02564102564102564,0.23931623931623933,-590.5,-168.9177807058477,1
2026-03-12T08:48:00.000000,2026-03-12T08:49:00.000000,2026,2026-03,8,49,long,24641.0,24639.0,24645.0,2.0,-2.0,stop,1,0.8902439024390244,0.0,0.10975609756097561,-539.0,-107.73059173107322,2
2026-03-12T10:24:00.000000,2026-03-12T10:25:00.000000,2026,2026-03,10,25,long,24682.25,24678.25,24690.25,4.0,-4.0,stop,1,0.9090909090909091,0.022727272727272728,0.06818181818181818,-499.0,-33.72185464695576,2
2026-03-12T10:43:00.000000,2026-03-12T10:44:00.000000,2026,2026-03,10,44,long,24689.75,24687.5,24694.25,2.25,-2.25,stop,1,0.72,0.04,0.24,-489.75,-22.341177384914772,1
2026-03-12T10:49:00.000000,2026-03-12T10:50:00.000000,2026,2026-03,10,50,long,24661.0,24638.5,24706.0,22.5,-22.5,stop,4,0.7477477477477478,0.02702702702702703,0.22522522522522523,-518.0,-49.60832177382326,1
2026-03-13T08:43:00.000000,2026-03-13T08:44:00.000000,2026,2026-03,8,44,long,24608.5,24605.0,24615.5,3.5,-3.5,stop,1,0.686046511627907,0.05813953488372093,0.2558139534883721,-319.75,-31.69145574952927,2
2026-03-13T10:21:00.000000,2026-03-13T10:22:00.000000,2026,2026-03,10,22,long,24453.0,24432.5,24494.0,20.5,-20.5,stop,5,0.9102564102564102,0.08974358974358974,0.0,-474.0,-133.30505338247167,1
2026-03-18T10:36:00.000000,2026-03-18T10:37:00.000000,2026,2026-03,10,37,long,24848.75,24830.0,24886.25,18.75,-18.75,stop,25,0.9436619718309859,0.0,0.056338028169014086,-268.25,-113.5299710635627,1
2026-03-18T10:49:00.000000,2026-03-18T10:50:00.000000,2026,2026-03,10,50,long,24853.25,24846.5,24866.75,6.75,-6.75,stop,1,0.6666666666666666,0.1111111111111111,0.2222222222222222,-263.25,-106.42303626547437,1
2026-03-19T10:13:00.000000,2026-03-19T10:14:00.000000,2026,2026-03,10,14,long,24471.0,24466.0,24481.0,5.0,-5.0,stop,1,0.8532110091743119,0.08256880733944955,0.06422018348623854,-740.25,-36.204183684229065,1
2026-03-20T10:17:00.000000,2026-03-20T10:18:00.000000,2026,2026-03,10,18,long,24339.5,24316.0,24386.5,23.5,-23.5,stop,9,0.8901098901098901,0.07692307692307693,0.03296703296703297,-385.25,-46.228666749397235,2
2026-03-20T10:24:00.000000,2026-03-20T10:25:00.000000,2026,2026-03,10,25,long,24332.75,24330.25,24337.75,2.5,-2.5,stop,1,0.7027027027027027,0.05405405405405406,0.24324324324324326,-392.5,-52.852428556085215,2
2026-03-20T10:25:00.000000,2026-03-20T10:26:00.000000,2026,2026-03,10,26,long,24322.5,24319.5,24328.5,3.0,-3.0,stop,1,0.7843137254901961,0.09803921568627451,0.11764705882352941,-402.5,-62.71078769927044,2
2026-03-20T10:31:00.000000,2026-03-20T10:32:00.000000,2026,2026-03,10,32,long,24262.75,24260.5,24267.25,2.25,-2.25,stop,1,0.9090909090909091,0.06818181818181818,0.022727272727272728,-461.25,-119.97283532404253,2
2026-03-20T10:33:00.000000,2026-03-20T10:34:00.000000,2026,2026-03,10,34,long,24276.75,24257.25,24315.75,19.5,-19.5,stop,14,0.7586206896551724,0.034482758620689655,0.20689655172413793,-448.75,-106.76401541185624,2
2026-03-20T10:36:00.000000,2026-03-20T10:37:00.000000,2026,2026-03,10,37,long,24282.75,24259.75,24328.75,23.0,-23.0,stop,3,0.8666666666666667,0.08888888888888889,0.044444444444444446,-442.0,-99.24192291454528,2
2026-03-20T10:44:00.000000,2026-03-20T10:45:00.000000,2026,2026-03,10,45,long,24265.0,24261.75,24271.5,3.25,-3.25,stop,1,0.7333333333333333,0.08888888888888889,0.17777777777777778,-460.5,-116.44493611182406,2
2026-03-24T08:42:00.000000,2026-03-24T08:43:00.000000,2026,2026-03,8,43,long,24240.5,24221.0,24279.5,19.5,-19.5,stop,3,0.6741573033707865,0.11235955056179775,0.21348314606741572,-522.5,-44.06446619612325,2
2026-03-24T08:49:00.000000,2026-03-24T08:50:00.000000,2026,2026-03,8,50,long,24220.0,24217.0,24226.0,3.0,-3.0,stop,1,0.935251798561151,0.03597122302158273,0.02877697841726619,-542.75,-62.989438074360805,2
2026-03-26T10:12:00.000000,2026-03-26T10:13:00.000000,2026,2026-03,10,13,long,24073.75,24056.5,24108.25,17.25,-17.25,stop,4,0.953125,0.0,0.046875,-466.0,-94.9573916176887,2
2026-03-26T10:14:00.000000,2026-03-26T10:15:00.000000,2026,2026-03,10,15,long,24082.0,24067.0,24112.0,15.0,-15.0,stop,2,0.7066666666666667,0.05333333333333334,0.24,-456.5,-85.08357310690917,2
2026-03-26T10:15:00.000000,2026-03-26T10:16:00.000000,2026,2026-03,10,16,long,24068.75,24066.25,24073.75,2.5,-2.5,stop,1,0.9272727272727272,0.07272727272727272,0.0,-470.5,-98.93831827537724,2
2026-03-26T10:25:00.000000,2026-03-26T10:26:00.000000,2026,2026-03,10,26,long,24026.75,24021.5,24037.25,5.25,-5.25,stop,1,0.6923076923076923,0.11538461538461539,0.19230769230769232,-513.25,-136.8706615497431,2
2026-03-26T10:38:00.000000,2026-03-26T10:39:00.000000,2026,2026-03,10,39,long,23997.75,23995.0,24003.25,2.75,-2.75,stop,1,0.9508196721311475,0.04918032786885246,0.0,-542.0,-158.45932239316608,2
2026-03-27T08:44:00.000000,2026-03-27T08:45:00.000000,2026,2026-03,8,45,long,23468.0,23452.25,23499.5,15.75,-15.75,stop,2,0.9454545454545454,0.05454545454545454,0.0,-953.25,-193.96296984759465,1
2026-03-27T10:46:00.000000,2026-03-27T10:47:00.000000,2026,2026-03,10,47,long,23494.25,23475.5,23531.75,18.75,-18.75,stop,7,0.7272727272727273,0.011363636363636364,0.26136363636363635,-927.5,-124.052263688729,1
2026-04-07T08:50:00.000000,2026-04-07T08:51:00.000000,2026,2026-04,8,51,long,24065.0,24060.75,24073.5,4.25,-4.25,stop,1,0.7108433734939759,0.060240963855421686,0.2289156626506024,-388.25,-126.16889375551546,1
2026-04-21T10:17:00.000000,2026-04-21T10:18:00.000000,2026,2026-04,10,18,long,26744.25,26730.25,26772.25,14.0,-14.0,stop,3,0.6666666666666666,0.047619047619047616,0.2857142857142857,-84.25,-44.37084693481302,1
2026-04-21T10:30:00.000000,2026-04-21T10:31:00.000000,2026,2026-04,10,31,long,26719.25,26700.75,26756.25,18.5,-18.5,stop,11,0.7349397590361446,0.07228915662650602,0.1927710843373494,-108.25,-66.22800344447751,1
2026-04-21T10:41:00.000000,2026-04-21T10:42:00.000000,2026,2026-04,10,42,long,26698.25,26696.25,26702.25,2.0,-2.0,stop,1,0.9772727272727273,0.0,0.022727272727272728,-129.5,-85.9024806368252,1
2026-04-21T10:45:00.000000,2026-04-21T10:46:00.000000,2026,2026-04,10,46,long,26694.25,26679.75,26723.25,14.5,-14.5,stop,11,0.8,0.016666666666666666,0.18333333333333332,-133.75,-88.37936844139404,1
2026-04-28T08:44:00.000000,2026-04-28T08:45:00.000000,2026,2026-04,8,45,long,27102.75,27084.5,27139.25,18.25,-18.25,stop,1,0.8450704225352113,0.014084507042253521,0.14084507042253522,-440.75,-100.70435825573804,1
2026-04-28T08:49:00.000000,2026-04-28T08:50:00.000000,2026,2026-04,8,50,long,27060.0,27056.75,27066.5,3.25,-3.25,stop,1,0.7032967032967034,0.0989010989010989,0.1978021978021978,-481.5,-137.8895119335757,1
2026-04-28T08:50:00.000000,2026-04-28T08:51:00.000000,2026,2026-04,8,51,long,27026.5,27022.0,27035.5,4.5,-4.5,stop,1,0.8618421052631579,0.08552631578947369,0.05263157894736842,-515.25,-170.19526854640935,1
2026-04-28T10:15:00.000000,2026-04-28T10:16:00.000000,2026,2026-04,10,16,long,27060.0,27057.0,27066.0,3.0,-3.0,stop,1,0.8148148148148148,0.037037037037037035,0.14814814814814814,-483.0,-102.82424295922465,2
2026-04-28T10:31:00.000000,2026-04-28T10:32:00.000000,2026,2026-04,10,32,long,27061.75,27058.25,27068.75,3.5,-3.5,stop,1,0.88,0.06,0.06,-481.5,-98.90078540758259,1
2026-04-28T10:34:00.000000,2026-04-28T10:35:00.000000,2026,2026-04,10,35,long,27040.0,27038.25,27043.5,1.75,-1.75,stop,1,0.8805970149253731,0.0,0.11940298507462686,-502.25,-119.05083211525562,1
2026-04-28T10:48:00.000000,2026-04-28T10:49:00.000000,2026,2026-04,10,49,long,27058.5,27042.25,27091.0,16.25,-16.25,stop,3,0.7777777777777778,0.1111111111111111,0.1111111111111111,-484.25,-98.51551520333305,2
2026-05-04T10:14:00.000000,2026-05-04T10:15:00.000000,2026,2026-05,10,15,long,27656.75,27653.75,27662.75,3.0,-3.0,stop,1,0.9411764705882353,0.03529411764705882,0.023529411764705882,-269.5,-172.37176236883533,1
2026-05-04T10:32:00.000000,2026-05-04T10:33:00.000000,2026,2026-05,10,33,long,27714.0,27710.0,27722.0,4.0,-4.0,stop,1,0.7285714285714285,0.08571428571428572,0.18571428571428572,-212.5,-107.94019574119375,1
2026-05-04T10:44:00.000000,2026-05-04T10:45:00.000000,2026,2026-05,10,45,long,27712.0,27709.75,27716.5,2.25,-2.25,stop,1,0.9466666666666667,0.0,0.05333333333333334,-214.25,-106.96910713318357,1
2026-05-07T10:11:00.000000,2026-05-07T10:12:00.000000,2026,2026-05,10,12,long,28714.75,28712.25,28719.75,2.5,-2.5,stop,1,0.8222222222222222,0.022222222222222223,0.15555555555555556,-85.25,-81.48272386636745,3
2026-05-07T10:13:00.000000,2026-05-07T10:14:00.000000,2026,2026-05,10,14,long,28706.5,28690.0,28739.5,16.5,-16.5,stop,2,0.6829268292682927,0.012195121951219513,0.3048780487804878,-93.75,-88.77440345774812,3
2026-05-07T10:18:00.000000,2026-05-07T10:19:00.000000,2026,2026-05,10,19,long,28668.25,28666.0,28672.75,2.25,-2.25,stop,1,0.8348623853211009,0.009174311926605505,0.1559633027522936,-131.75,-121.93423883847208,4
